# Object Export From Tinkercad Server 2015

mtllib obj.mtl

o obj_0
v -1.1643 		-2.2116 		0.8314
v 0 		-2.2308 		0.8314
v -4.5 		0 		1.125
v -4.4613 		-0.5874 		1.125
v -4.3467 		-1.1649 		1.125
v -4.1575 		-1.7223 		1.125
v -4.4232 		-0.5824 		0.8314
v -4.4613 		0 		0.8314
v -4.3096 		-1.1548 		0.8314
v -4.1218 		-1.7076 		0.8314
v -3.9821 		-1.9909 		0.8314
v -3.9978 		-1.9987 		0.9655
v -4.0007 		-2.0001 		0.9902
v -3.9347 		-1.9671 		0.6977
v -2.2494 		-2.0992 		0.5428
v -1.1343 		-2.1547 		0.5428
v 0 		-2.1734 		0.5428
v -2.1516 		-2.0079 		0.2642
v -1.0851 		-2.061 		0.2642
v 0 		-2.0787 		0.2642
v -2.0916 		-1.952 		0.1467
v -2.2403 		-1.9408 		0.1495
v -2.2304 		-1.9415 		0.1494
v -2.2832 		-1.9378 		0.1507
v -1.631 		-1.9695 		0.1361
v -1.5988 		-1.9708 		0.1356
v -1.068 		-1.9933 		0.1277
v -1.0499 		-1.9941 		0.1276
v -1.5127 		-1.9745 		0.1343
v -0.5002 		-2.0004 		0.1219
v -0.324 		-2.003 		0.1215
v 0 		-2.008 		0.1208
v -0.8919 		-1.9959 		0.1259
v -0.5265 		-2 		0.122
v -1.1646 		-0.0766 		0.0097
v -1.1745 		0 		0.0097
v -1.1346 		-0.1521 		0.0097
v -1.0851 		-0.2248 		0.0097
v -1.0173 		-0.2937 		0.0097
v 0 		0 		0
v -0.9319 		-0.3576 		0.0097
v -0.8305 		-0.4153 		0.0097
v -0.715 		-0.466 		0.0097
v -0.5872 		-0.5088 		0.0097
v -0.4496 		-0.5427 		0.0097
v -0.3041 		-0.5674 		0.0097
v -0.1533 		-0.5824 		0.0097
v 0 		-0.5874 		0.0097
v -2.3292 		0 		0.0383
v -2.3091 		-0.1521 		0.0383
v -2.2497 		-0.3015 		0.0383
v -2.1519 		-0.4458 		0.0383
v -2.017 		-0.5824 		0.0383
v -1.1646 		-1.0087 		0.0383
v -0.8914 		-1.0762 		0.0383
v -0.6028 		-1.1251 		0.0383
v -0.3041 		-1.1548 		0.0383
v 0 		-1.1649 		0.0383
v -2.4351 		-1.2178 		0.0856
v -1.8478 		-0.7092 		0.0383
v -1.6469 		-0.8236 		0.0383
v -1.418 		-0.9241 		0.0383
v -2.0964 		-1.3665 		0.0856
v -1.7218 		-1.4916 		0.0856
v -1.3178 		-1.5912 		0.0856
v -0.8914 		-1.6636 		0.0856
v -0.4496 		-1.7076 		0.0856
v 0 		-1.7223 		0.0856
v -3.8797 		-1.9396 		0.5428
v -3.3258 		-2.0079 		0.5428
v -3.8796 		-1.9396 		0.5427
v -3.7865 		-1.893 		0.3889
v -3.711 		-1.8552 		0.2642
v -3.8007 		-1.9001 		0.4124
v -3.1813 		-1.9204 		0.2642
v -3.711 		-1.8551 		0.2641
v -3.1208 		-1.884 		0.1842
v -3.6609 		-1.8301 		0.2073
v -3.6596 		-1.8303 		0.2072
v -3.3243 		-1.8637 		0.1929
v -2.9101 		-1.8967 		0.1742
v -2.7592 		-1.9066 		0.1685
v -4.3467 		0 		0.5427
v -4.3096 		-0.5674 		0.5427
v -4.1986 		-1.1251 		0.5427
v -4 		-0.2634 		0.122
v -4.0101 		-0.1014 		0.1213
v -3.4143 		-0.2248 		0.0856
v -4.0163 		0 		0.1209
v -3.4437 		0 		0.0856
v -3.3264 		-0.4458 		0.0856
v -3.9867 		-0.5343 		0.1278
v -3.9884 		-0.5252 		0.1276
v -3.9959 		-0.3561 		0.124
v -3.9996 		-0.2733 		0.1223
v -3.9744 		-0.6069 		0.1299
v -4.1575 		0 		0.2641
v -4.1218 		-0.5427 		0.2641
v -3.876 		-1.1408 		0.1507
v -3.1816 		-0.6591 		0.0856
v -3.9391 		-0.816 		0.1362
v -3.9468 		-0.7709 		0.1348
v -3.8817 		-1.1208 		0.1496
v -3.904 		-1.0463 		0.1468
v -3.9322 		-0.8611 		0.1382
v -2.9824 		-0.8611 		0.0856
v -2.7323 		-1.0485 		0.0856
v -3.8807 		-1.1241 		0.1498
v -4.0156 		-1.0762 		0.2641
v -4.0156 		-1.6636 		0.5427
v -3.8494 		-1.2426 		0.1583
v -3.8161 		-1.3699 		0.1679
v -3.5696 		-1.3699 		0.1507
v -3.7937 		-1.4559 		0.1743
v -3.7416 		-1.6281 		0.1901
v -3.7684 		-1.5611 		0.1843
v -3.1816 		-1.5912 		0.1507
v -3.7189 		-1.685 		0.1949
v -2.7392 		-1.7853 		0.1507
v -3.8411 		-1.5912 		0.2641
v 3.3691 		1.8592 		2.0552
v 3.711 		1.8551 		1.9859
v 3.711 		1.8552 		1.9858
v 3.1813 		1.9205 		1.9858
v 3.6595 		1.8302 		2.0428
v 3.661 		1.8301 		2.0427
v 3.2552 		1.8706 		2.06
v 3.1208 		1.8841 		2.0658
v 2.4848 		1.9246 		2.0917
v 2.7392 		1.9079 		2.0822
v 2.9102 		1.8967 		2.0758
v 3.7862 		1.8928 		1.8617
v 3.5696 		1.37 		2.0993
v 3.1816 		1.5912 		2.0993
v 2.7392 		1.7853 		2.0993
v 3.8133 		1.3807 		2.0813
v 3.7937 		1.4559 		2.0757
v 3.7273 		1.6641 		2.0569
v 3.7684 		1.5611 		2.0657
v 3.8411 		1.5912 		1.9859
v 3.1816 		0.6591 		2.1644
v 2.9824 		0.8612 		2.1644
v 2.7323 		1.0485 		2.1644
v 3.939 		0.816 		2.1138
v 3.949 		0.7571 		2.1156
v 3.9417 		0.8003 		2.1143
v 3.904 		1.0463 		2.1032
v 3.883 		1.1161 		2.1005
v 3.8817 		1.1208 		2.1004
v 3.876 		1.1407 		2.0993
v 4.0156 		1.0763 		1.9859
v 3.4143 		0.2249 		2.1644
v 3.4437 		0 		2.1644
v 3.3264 		0.4458 		2.1644
v 4.0163 		0 		2.1291
v 4.0063 		0.1624 		2.1284
v 4.0001 		0.2634 		2.1279
v 4.0009 		0.2506 		2.128
v 3.9919 		0.4465 		2.124
v 3.9884 		0.5252 		2.1224
v 3.9867 		0.5343 		2.1222
v 4.1218 		0.5427 		1.9859
v 4.1575 		0 		1.9859
v 2.1516 		2.0079 		1.9858
v 2.0916 		1.952 		2.1033
v 2.2403 		1.9408 		2.1004
v 2.2474 		1.9403 		2.1003
v 2.2831 		1.9378 		2.0993
v 1.0499 		1.9941 		2.1224
v 1.0851 		2.061 		1.9858
v 1.2137 		1.9872 		2.1201
v 1.5419 		1.9733 		2.1152
v 1.068 		1.9933 		2.1223
v 1.6311 		1.9695 		2.1139
v 1.7218 		1.9661 		2.1118
v 0 		2.0787 		1.9858
v 0.5472 		1.9997 		2.1278
v 0.7122 		1.9979 		2.126
v 0 		2.008 		2.1292
v 0.2034 		2.0049 		2.1287
v 0.5264 		1.9999 		2.128
v 2.0964 		1.3665 		2.1644
v 1.7218 		1.4916 		2.1644
v 1.3178 		1.5912 		2.1644
v 4.1218 		-0.5427 		1.9859
v 3.9884 		-0.5252 		2.1224
v 3.9996 		-0.2733 		2.1277
v 3.9959 		-0.3561 		2.126
v 4.0101 		-0.1014 		2.1287
v 4 		-0.2634 		2.128
v 2.7323 		-1.0485 		2.1644
v 2.9824 		-0.8611 		2.1644
v 3.1816 		-0.6591 		2.1644
v 3.8807 		-1.1241 		2.1002
v 3.8817 		-1.1208 		2.1004
v 3.876 		-1.1408 		2.0993
v 3.9391 		-0.816 		2.1138
v 3.9322 		-0.8611 		2.1118
v 3.904 		-1.0463 		2.1032
v 3.9468 		-0.7709 		2.1152
v 4.0156 		-1.0762 		1.9859
v 2.7392 		-1.7853 		2.0993
v 3.1816 		-1.5912 		2.0993
v 3.5696 		-1.3699 		2.0993
v 3.6596 		-1.8303 		2.0428
v 3.6609 		-1.8301 		2.0427
v 3.7189 		-1.685 		2.0551
v 3.7416 		-1.6281 		2.0599
v 3.7937 		-1.4559 		2.0757
v 3.7684 		-1.5611 		2.0657
v 3.8161 		-1.3699 		2.0821
v 3.8494 		-1.2426 		2.0917
v 3.8411 		-1.5912 		1.9859
v 2.9101 		-1.8967 		2.0758
v 2.7592 		-1.9066 		2.0815
v 3.3243 		-1.8637 		2.0571
v 3.1208 		-1.884 		2.0658
v 3.711 		-1.8551 		1.9859
v 3.711 		-1.8552 		1.9858
v 3.7865 		-1.893 		1.8611
v 1.0499 		-1.9941 		2.1224
v 1.0851 		-2.061 		1.9858
v 0.8919 		-1.9959 		2.1241
v 0.5265 		-2 		2.128
v 0.5002 		-2.0004 		2.1281
v 0.324 		-2.003 		2.1285
v 0 		-2.008 		2.1292
v 0 		-2.0787 		1.9858
v 1.5988 		-1.9708 		2.1144
v 1.5127 		-1.9745 		2.1157
v 1.068 		-1.9933 		2.1223
v 2.1516 		-2.0079 		1.9858
v 2.0916 		-1.952 		2.1033
v 1.631 		-1.9695 		2.1139
v 2.2304 		-1.9415 		2.1006
v 2.2832 		-1.9378 		2.0993
v 2.2403 		-1.9408 		2.1005
v 2.017 		-0.5824 		2.2117
v 2.1519 		-0.4458 		2.2117
v 2.2497 		-0.3015 		2.2117
v 2.3091 		-0.1521 		2.2117
v 2.3292 		0 		2.2117
v 0 		0 		2.25
v 1.0173 		-0.2937 		2.2403
v 1.0851 		-0.2248 		2.2403
v 1.1346 		-0.1521 		2.2403
v 1.1646 		-0.0766 		2.2403
v 1.1745 		0 		2.2403
v -1.0851 		-2.061 		1.9858
v -0.5472 		-1.9997 		2.1278
v -0.7122 		-1.9979 		2.126
v -1.0499 		-1.9941 		2.1224
v -0.2034 		-2.0049 		2.1287
v -0.5264 		-1.9999 		2.128
v -2.1516 		-2.0079 		1.9858
v -1.1745 		0 		2.2403
v -1.1646 		-0.0766 		2.2403
v -1.1346 		-0.1521 		2.2403
v -1.0851 		-0.2248 		2.2403
v -1.0173 		-0.2937 		2.2403
v -0.9319 		-0.3576 		2.2403
v -0.8305 		-0.4153 		2.2403
v -0.715 		-0.466 		2.2403
v -0.5872 		-0.5088 		2.2403
v -0.4496 		-0.5427 		2.2403
v -0.3041 		-0.5674 		2.2403
v -0.1533 		-0.5824 		2.2403
v 0 		-0.5874 		2.2403
v -2.3292 		0 		2.2117
v -2.3091 		-0.1521 		2.2117
v -2.2497 		-0.3015 		2.2117
v -2.1519 		-0.4458 		2.2117
v -2.017 		-0.5824 		2.2117
v -0.8919 		1.9959 		2.1241
v -0.5002 		2.0004 		2.1281
v -1.0851 		2.061 		1.9858
v -0.324 		2.003 		2.1285
v -2.1516 		2.0079 		1.9858
v -1.5988 		1.9708 		2.1144
v -1.5127 		1.9745 		2.1157
v -1.068 		1.9933 		2.1223
v -1.0499 		1.9941 		2.1224
v -1.1646 		-1.0087 		2.2117
v -2.0916 		1.952 		2.1033
v -0.8914 		-1.0762 		2.2117
v -1.631 		1.9695 		2.1139
v -2.2304 		1.9415 		2.1006
v -2.2832 		1.9378 		2.0993
v -2.2403 		1.9408 		2.1005
v -0.6028 		-1.1251 		2.2117
v -0.3041 		-1.1548 		2.2117
v 0 		-1.1649 		2.2117
v -0.5265 		2 		2.128
v -1.8478 		-0.7092 		2.2117
v -0.4496 		1.7076 		2.1644
v -1.6469 		-0.8236 		2.2117
v 0 		1.7223 		2.1644
v -0.8914 		1.6637 		2.1644
v -1.418 		-0.9241 		2.2117
v -1.3178 		1.5912 		2.1644
v -1.7218 		1.4916 		2.1644
v -2.4351 		-1.2178 		2.1644
v -2.0964 		1.3665 		2.1644
v -2.0964 		-1.3665 		2.1644
v -1.7218 		-1.4916 		2.1644
v -1.3178 		-1.5912 		2.1644
v 0 		1.1649 		2.2117
v -0.3041 		1.1549 		2.2117
v -0.8914 		-1.6636 		2.1644
v -0.6028 		1.1252 		2.2117
v -0.4496 		-1.7076 		2.1644
v -0.8914 		1.0763 		2.2117
v 0 		-1.7223 		2.1644
v -4.1575 		1.7223 		1.125
v -1.1646 		1.0088 		2.2117
v -4.3467 		1.1649 		1.125
v -4.4613 		0.5874 		1.125
v 2.3289 		-2.1733 		1.125
v 3.4434 		-2.0787 		1.125
v 4.0167 		-2.008 		1.125
v 0 		-2.25 		1.125
v 1.1643 		-2.2116 		0.8314
v 2.3088 		-2.1547 		0.8314
v 3.4137 		-2.061 		0.8314
v 3.9821 		-1.9909 		0.8314
v 3.9979 		-1.9986 		0.9649
v 4.0008 		-2.0001 		0.9896
v 3.9257 		-1.9628 		0.6728
v 3.9343 		-1.9671 		0.6971
v 4.1575 		-1.7223 		1.125
v 4.3467 		-1.1649 		1.125
v 4.4613 		-0.5874 		1.125
v 4.5 		0 		1.125
v 4.1218 		-1.7076 		0.8314
v 4.3096 		-1.1548 		0.8314
v 4.4232 		-0.5824 		0.8314
v 4.4613 		0 		0.8314
v 3.3258 		-2.0079 		0.5428
v 3.8797 		-1.9396 		0.5428
v 3.1813 		-1.9204 		0.2642
v 3.8796 		-1.9396 		0.5427
v 3.7862 		-1.8928 		0.3883
v 3.8004 		-1.8999 		0.4118
v 3.711 		-1.8552 		0.2642
v 3.1208 		-1.8841 		0.1842
v 2.4848 		-1.9246 		0.1583
v 2.7392 		-1.9079 		0.1678
v 2.9102 		-1.8967 		0.1742
v 3.2552 		-1.8706 		0.19
v 3.3691 		-1.8592 		0.1948
v 3.6595 		-1.8302 		0.2072
v 3.661 		-1.8301 		0.2073
v 3.711 		-1.8551 		0.2641
v 4.1986 		-1.1251 		0.5427
v 4.3096 		-0.5674 		0.5427
v 4.3467 		0 		0.5427
v 3.9867 		-0.5343 		0.1278
v 3.3264 		-0.4458 		0.0856
v 3.9919 		-0.4465 		0.126
v 3.9884 		-0.5252 		0.1276
v 3.4143 		-0.2248 		0.0856
v 4.0001 		-0.2634 		0.1221
v 4.0063 		-0.1624 		0.1216
v 4.0009 		-0.2506 		0.122
v 3.4437 		0 		0.0856
v 4.0163 		0 		0.1209
v 4.1218 		-0.5427 		0.2641
v 4.1575 		0 		0.2641
v 3.876 		-1.1407 		0.1507
v 2.7323 		-1.0485 		0.0856
v 2.9824 		-0.8611 		0.0856
v 3.8817 		-1.1208 		0.1496
v 3.883 		-1.1161 		0.1495
v 3.1816 		-0.6591 		0.0856
v 3.939 		-0.816 		0.1362
v 3.904 		-1.0463 		0.1468
v 3.949 		-0.7571 		0.1344
v 3.9417 		-0.8003 		0.1357
v -4.0008 		2.0001 		0.9896
v -4.1218 		1.7076 		0.8314
v 4.4613 		0.5874 		1.125
v -3.9979 		1.9986 		0.9649
v 4.3467 		1.1649 		1.125
v -4.3096 		1.1549 		0.8314
v 4.1575 		1.7223 		1.125
v -4.4232 		0.5825 		0.8314
v 4.4232 		0.5825 		0.8314
v 4.3096 		1.1549 		0.8314
v -3.9343 		1.9671 		0.6971
v -3.9257 		1.9628 		0.6728
v 4.1218 		1.7076 		0.8314
v 3.9821 		1.9909 		0.8314
v 3.9978 		1.9987 		0.9655
v -1.1343 		2.1548 		0.5428
v 0 		2.1734 		0.5428
v 4.0007 		2.0001 		0.9902
v -2.2494 		2.0993 		0.5428
v -1.0851 		2.061 		0.2642
v 0 		2.0787 		0.2642
v -2.1516 		2.0079 		0.2642
v 3.9347 		1.9671 		0.6977
v 3.8797 		1.9396 		0.5428
v 3.3258 		2.0079 		0.5428
v 3.8796 		1.9396 		0.5427
v 0 		2.008 		0.1208
v -0.2034 		2.0049 		0.1213
v -0.5264 		1.9999 		0.122
v -0.5472 		1.9997 		0.1222
v 3.7865 		1.893 		0.3889
v 3.711 		1.8552 		0.2642
v 3.8007 		1.9001 		0.4124
v 3.1813 		1.9205 		0.2642
v 3.711 		1.8551 		0.2641
v -0.7122 		1.9979 		0.124
v -1.0499 		1.9941 		0.1276
v -1.5419 		1.9733 		0.1348
v -1.6311 		1.9695 		0.1361
v -1.7218 		1.9661 		0.1382
v -2.0916 		1.952 		0.1467
v -1.068 		1.9933 		0.1277
v -1.2137 		1.9872 		0.1299
v -2.2403 		1.9408 		0.1496
v -2.2474 		1.9403 		0.1497
v -2.2831 		1.9378 		0.1507
v 3.1208 		1.884 		0.1842
v 3.6609 		1.8301 		0.2073
v 3.6596 		1.8303 		0.2072
v 3.3243 		1.8637 		0.1929
v 2.9101 		1.8967 		0.1742
v 2.7592 		1.9066 		0.1685
v 4.0156 		1.6637 		0.5427
v -0.4496 		1.7076 		0.0856
v 0 		1.7223 		0.0856
v -0.8914 		1.6637 		0.0856
v -1.3178 		1.5912 		0.0856
v 3.8494 		1.2426 		0.1583
v 3.8161 		1.37 		0.1679
v 3.5696 		1.37 		0.1507
v -1.7218 		1.4916 		0.0856
v -2.0964 		1.3665 		0.0856
v 3.7937 		1.4559 		0.1743
v 3.7416 		1.6281 		0.1901
v 3.7684 		1.5611 		0.1843
v 3.1816 		1.5912 		0.1507
v 3.7189 		1.685 		0.1949
v 2.7392 		1.7853 		0.1507
v 0 		1.1649 		0.0383
v -0.3041 		1.1549 		0.0383
v -0.6028 		1.1252 		0.0383
v 3.8411 		1.5912 		0.2641
v -0.8914 		1.0763 		0.0383
v -1.1646 		1.0088 		0.0383
v 4.3096 		0.5675 		0.5427
v 4.1986 		1.1252 		0.5427
v -2.4351 		1.2179 		0.0856
v -1.418 		0.9242 		0.0383
v -1.6469 		0.8237 		0.0383
v 3.876 		1.1408 		0.1507
v -1.8478 		0.7092 		0.0383
v 3.1816 		0.6591 		0.0856
v 3.9391 		0.816 		0.1362
v 3.9468 		0.7709 		0.1348
v 3.8817 		1.1208 		0.1496
v 3.904 		1.0463 		0.1468
v 3.9322 		0.8612 		0.1382
v 2.9824 		0.8612 		0.0856
v 2.7323 		1.0485 		0.0856
v 3.8807 		1.1241 		0.1498
v -0.1533 		0.5825 		0.0097
v 0 		0.5874 		0.0097
v -0.3041 		0.5675 		0.0097
v -0.4496 		0.5427 		0.0097
v -0.5872 		0.5088 		0.0097
v 4.0156 		1.0763 		0.2641
v -0.715 		0.4661 		0.0097
v -0.8305 		0.4154 		0.0097
v 0.8914 		1.6637 		2.1644
v 0.4496 		1.7076 		2.1644
v 1.8478 		0.7092 		2.2117
v 1.6469 		0.8237 		2.2117
v 1.418 		0.9242 		2.2117
v 2.4351 		1.2179 		2.1644
v 1.1646 		1.0088 		2.2117
v 0.8914 		1.0763 		2.2117
v 0.6028 		1.1252 		2.2117
v 0.3041 		1.1549 		2.2117
v 2.3091 		0.1521 		2.2117
v 2.2497 		0.3015 		2.2117
v 2.1519 		0.4458 		2.2117
v 2.017 		0.5825 		2.2117
v 0.9319 		0.3576 		2.2403
v 0.8305 		0.4154 		2.2403
v 0.715 		0.4661 		2.2403
v 0.5872 		0.5088 		2.2403
v 0.4496 		0.5427 		2.2403
v 0.3041 		0.5675 		2.2403
v 0.1533 		0.5825 		2.2403
v 0 		0.5874 		2.2403
v 1.1646 		0.0767 		2.2403
v 1.1346 		0.1521 		2.2403
v 1.0851 		0.2249 		2.2403
v 1.0173 		0.2937 		2.2403
v 3.3258 		2.0079 		1.7072
v -1.418 		0.9242 		2.2117
v 3.8004 		1.8999 		1.8382
v 3.8796 		1.9396 		1.7073
v 3.8797 		1.9396 		1.7072
v 2.2494 		2.0993 		1.7072
v -1.6469 		0.8237 		2.2117
v -1.8478 		0.7092 		2.2117
v 1.1343 		2.1548 		1.7072
v 0 		2.1734 		1.7072
v -2.4351 		1.2179 		2.1644
v 3.4137 		2.061 		1.4186
v 3.9257 		1.9628 		1.5772
v 3.9343 		1.9671 		1.5529
v 3.9821 		1.9909 		1.4186
v 2.3088 		2.1548 		1.4186
v 0.1533 		-0.5824 		2.2403
v 0.3041 		-0.5674 		2.2403
v 0.4496 		-0.5427 		2.2403
v 0.5872 		-0.5088 		2.2403
v 0.715 		-0.466 		2.2403
v 0.8305 		-0.4153 		2.2403
v 0.9319 		-0.3576 		2.2403
v -0.1533 		0.5825 		2.2403
v -0.3041 		0.5675 		2.2403
v -0.4496 		0.5427 		2.2403
v -0.5872 		0.5088 		2.2403
v -0.715 		0.4661 		2.2403
v -0.8305 		0.4154 		2.2403
v -0.9319 		0.3576 		2.2403
v 4 		0.2634 		0.122
v 4.0101 		0.1014 		0.1213
v 3.4143 		0.2249 		0.0856
v 3.3264 		0.4458 		0.0856
v 3.9867 		0.5343 		0.1278
v 1.418 		-0.9241 		2.2117
v 3.9884 		0.5252 		0.1276
v 3.9959 		0.3561 		0.124
v 3.9996 		0.2733 		0.1223
v 1.6469 		-0.8236 		2.2117
v 3.9744 		0.6069 		0.1299
v 1.8478 		-0.7092 		2.2117
v 2.4351 		-1.2178 		2.1644
v 4.1218 		0.5427 		0.2641
v 0.3041 		-1.1548 		2.2117
v 0.6028 		-1.1251 		2.2117
v 0.8914 		-1.0762 		2.2117
v 2.2494 		2.0993 		0.5428
v 1.1646 		-1.0087 		2.2117
v 1.1343 		2.1548 		0.5428
v 2.1516 		2.0079 		0.2642
v 1.0851 		2.061 		0.2642
v 2.0916 		1.952 		0.1467
v 0.4496 		-1.7076 		2.1644
v 2.2403 		1.9408 		0.1495
v 2.2304 		1.9415 		0.1494
v 2.2832 		1.9378 		0.1507
v 1.631 		1.9695 		0.1361
v 1.5988 		1.9708 		0.1356
v 0.8914 		-1.6636 		2.1644
v 1.068 		1.9933 		0.1277
v 1.0499 		1.9941 		0.1276
v 1.5127 		1.9745 		0.1343
v 0.5002 		2.0004 		0.1219
v 0.324 		2.003 		0.1215
v 1.3178 		-1.5912 		2.1644
v 0.8919 		1.9959 		0.1259
v 0.5265 		2 		0.122
v 1.7218 		-1.4916 		2.1644
v 2.0964 		-1.3665 		2.1644
v 2.0964 		1.3665 		0.0856
v 1.7218 		1.4916 		0.0856
v 1.3178 		1.5912 		0.0856
v 0.8914 		1.6637 		0.0856
v 0.4496 		1.7076 		0.0856
v 0 		-2.1733 		1.7072
v 1.1343 		-2.1547 		1.7072
v 2.2494 		-2.0992 		1.7072
v 3.3258 		-2.0079 		1.7072
v 3.8797 		-1.9396 		1.7072
v 3.8796 		-1.9396 		1.7073
v 3.8007 		-1.9001 		1.8376
v 0 		-2.2308 		1.4186
v 1.1643 		-2.2116 		1.4186
v 2.3088 		-2.1547 		1.4186
v 3.4137 		-2.061 		1.4186
v 2.4351 		1.2179 		0.0856
v 3.9821 		-1.9909 		1.4186
v 3.9347 		-1.9671 		1.5523
v 1.8478 		0.7092 		0.0383
v 3.9261 		-1.9628 		1.5767
v 4.0007 		-2.0001 		1.2598
v 3.9978 		-1.9987 		1.2845
v 4.0156 		-1.6636 		1.7073
v -2.2474 		-1.9403 		2.1003
v -2.2403 		-1.9408 		2.1004
v 4.1986 		-1.1251 		1.7073
v -2.2831 		-1.9378 		2.0993
v -1.0173 		0.2937 		2.2403
v -1.0851 		0.2249 		2.2403
v -1.1346 		0.1521 		2.2403
v -1.1646 		0.0767 		2.2403
v -2.017 		0.5825 		2.2117
v -2.1519 		0.4458 		2.2117
v -2.2497 		0.3015 		2.2117
v -2.3091 		0.1521 		2.2117
v -3.1813 		1.9205 		1.9858
v -2.7592 		1.9066 		2.0815
v -3.1208 		1.884 		2.0658
v -2.9101 		1.8967 		2.0758
v -3.711 		1.8552 		1.9858
v -3.711 		1.8551 		1.9859
v -3.3243 		1.8637 		2.0571
v -3.6609 		1.8301 		2.0427
v -3.6596 		1.8303 		2.0428
v -3.7865 		1.893 		1.8611
v -2.7392 		1.7853 		2.0993
v -3.1816 		1.5912 		2.0993
v -3.5696 		1.37 		2.0993
v -3.7189 		1.685 		2.0551
v -3.7416 		1.6281 		2.0599
v -3.7937 		1.4559 		2.0757
v -3.7684 		1.5611 		2.0657
v -3.8161 		1.37 		2.0821
v -3.8494 		1.2426 		2.0917
v -3.8411 		1.5912 		1.9859
v -2.7323 		1.0485 		2.1644
v -2.9824 		0.8612 		2.1644
v -3.1816 		0.6591 		2.1644
v -3.8807 		1.1241 		2.1002
v -3.8817 		1.1208 		2.1004
v -3.876 		1.1408 		2.0993
v -3.9391 		0.816 		2.1138
v -3.9322 		0.8612 		2.1118
v -3.904 		1.0463 		2.1032
v -3.9468 		0.7709 		2.1152
v -4.0156 		1.0763 		1.9859
v -3.3264 		0.4458 		2.1644
v -3.4143 		0.2249 		2.1644
v -3.4437 		0 		2.1644
v -3.9744 		0.6069 		2.1201
v -3.9867 		0.5343 		2.1222
v -3.9959 		0.3561 		2.126
v -3.9996 		0.2733 		2.1277
v -4 		0.2634 		2.128
v -3.9884 		0.5252 		2.1224
v -4.0101 		0.1014 		2.1287
v -4.0163 		0 		2.1291
v -4.1218 		0.5427 		1.9859
v -4.1575 		0 		1.9859
v -1.1343 		2.1548 		1.7072
v -2.2494 		2.0993 		1.7072
v -3.3258 		2.0079 		1.7072
v -3.8797 		1.9396 		1.7072
v -3.8796 		1.9396 		1.7073
v -3.8007 		1.9001 		1.8376
v 0 		2.2308 		1.4186
v -1.1643 		2.2116 		1.4186
v -2.3088 		2.1548 		1.4186
v -3.4137 		2.061 		1.4186
v -3.9821 		1.9909 		1.4186
v -3.9347 		1.9671 		1.5523
v -3.9261 		1.9628 		1.5767
v -4.0007 		2.0001 		1.2598
v -3.9978 		1.9987 		1.2845
v -4.0156 		1.6637 		1.7073
v -4.1986 		1.1252 		1.7073
v -4.3096 		0.5675 		1.7073
v -4.3467 		0 		1.7073
v -4.1218 		1.7076 		1.4186
v -4.3096 		1.1549 		1.4186
v -4.4232 		0.5825 		1.4186
v -4.4613 		0 		1.4186
v -2.0916 		-1.952 		2.1033
v -1.2137 		-1.9872 		2.1201
v -1.5419 		-1.9733 		2.1152
v -1.068 		-1.9933 		2.1223
v -1.6311 		-1.9695 		2.1139
v -1.7218 		-1.9661 		2.1118
v -3.6595 		-1.8302 		2.0428
v -3.661 		-1.8301 		2.0427
v -3.3691 		-1.8592 		2.0552
v -3.711 		-1.8551 		1.9859
v -3.711 		-1.8552 		1.9858
v -3.1813 		-1.9204 		1.9858
v -3.2552 		-1.8706 		2.06
v -3.1208 		-1.8841 		2.0658
v -2.4848 		-1.9246 		2.0917
v -2.7392 		-1.9079 		2.0822
v -2.9102 		-1.8967 		2.0758
v -3.7862 		-1.8928 		1.8617
v -3.4143 		-0.2248 		2.1644
v -3.3264 		-0.4458 		2.1644
v -4.0063 		-0.1624 		2.1284
v -4.0001 		-0.2634 		2.1279
v -4.0009 		-0.2506 		2.128
v -3.9919 		-0.4465 		2.124
v -3.9884 		-0.5252 		2.1224
v -3.9867 		-0.5343 		2.1222
v -4.1218 		-0.5427 		1.9859
v -3.1816 		-0.6591 		2.1644
v -2.9824 		-0.8611 		2.1644
v -2.7323 		-1.0485 		2.1644
v -3.939 		-0.816 		2.1138
v -3.949 		-0.7571 		2.1156
v -3.9417 		-0.8003 		2.1143
v -3.904 		-1.0463 		2.1032
v -3.883 		-1.1161 		2.1005
v -3.8817 		-1.1208 		2.1004
v -3.876 		-1.1407 		2.0993
v -4.0156 		-1.0762 		1.9859
v 4.0156 		-1.0762 		0.2641
v 4.0156 		-1.6636 		0.5427
v 2.7392 		-1.7853 		0.1507
v 3.1816 		-1.5912 		0.1507
v 3.7937 		-1.4559 		0.1743
v 3.7684 		-1.5611 		0.1843
v 3.7273 		-1.6641 		0.1931
v 3.5696 		-1.3699 		0.1507
v 3.8133 		-1.3807 		0.1687
v 3.8411 		-1.5912 		0.2641
v 1.1343 		-2.1547 		0.5428
v 2.2494 		-2.0992 		0.5428
v 1.0851 		-2.061 		0.2642
v 2.1516 		-2.0079 		0.2642
v 0.2034 		-2.0049 		0.1213
v 0.5264 		-1.9999 		0.122
v 0.5472 		-1.9997 		0.1222
v 0.7122 		-1.9979 		0.124
v 1.0499 		-1.9941 		0.1276
v 1.5419 		-1.9733 		0.1348
v 1.6311 		-1.9695 		0.1361
v 1.7218 		-1.9661 		0.1382
v 2.0916 		-1.952 		0.1467
v 1.068 		-1.9933 		0.1277
v 1.2137 		-1.9872 		0.1299
v 2.2403 		-1.9408 		0.1496
v 2.2474 		-1.9403 		0.1497
v 2.2831 		-1.9378 		0.1507
v 2.017 		-0.5824 		0.0383
v 2.1519 		-0.4458 		0.0383
v 2.2497 		-0.3015 		0.0383
v 2.3091 		-0.1521 		0.0383
v 2.3292 		0 		0.0383
v 1.0173 		-0.2937 		0.0097
v 1.0851 		-0.2248 		0.0097
v 1.1346 		-0.1521 		0.0097
v 1.1646 		-0.0766 		0.0097
v 1.1745 		0 		0.0097
v 0.1533 		-0.5824 		0.0097
v 0.3041 		-0.5674 		0.0097
v 0.4496 		-0.5427 		0.0097
v 0.5872 		-0.5088 		0.0097
v 0.715 		-0.466 		0.0097
v -0.9319 		0.3576 		0.0097
v -1.0173 		0.2937 		0.0097
v -1.0851 		0.2249 		0.0097
v -1.1346 		0.1521 		0.0097
v -1.1646 		0.0767 		0.0097
v -2.017 		0.5825 		0.0383
v -2.1519 		0.4458 		0.0383
v -2.2497 		0.3015 		0.0383
v -2.3091 		0.1521 		0.0383
v -3.3258 		2.0079 		0.5428
v -3.8797 		1.9396 		0.5428
v -3.1813 		1.9205 		0.2642
v -3.8796 		1.9396 		0.5427
v -3.7862 		1.8928 		0.3883
v -3.8004 		1.8999 		0.4118
v -3.711 		1.8552 		0.2642
v -3.1208 		1.8841 		0.1842
v -2.4848 		1.9246 		0.1583
v -2.7392 		1.9079 		0.1678
v -2.9102 		1.8967 		0.1742
v -3.2552 		1.8706 		0.19
v -3.3691 		1.8592 		0.1948
v -3.6595 		1.8302 		0.2072
v -3.661 		1.8301 		0.2073
v -3.711 		1.8551 		0.2641
v -4.0156 		1.6637 		0.5427
v -2.7392 		1.7853 		0.1507
v -3.1816 		1.5912 		0.1507
v -3.7937 		1.4559 		0.1743
v -3.7684 		1.5611 		0.1843
v -3.7273 		1.6641 		0.1931
v -3.5696 		1.37 		0.1507
v -3.8133 		1.3807 		0.1687
v -3.8411 		1.5912 		0.2641
v -4.1986 		1.1252 		0.5427
v -4.3096 		0.5675 		0.5427
v -3.876 		1.1407 		0.1507
v -2.7323 		1.0485 		0.0856
v -2.9824 		0.8612 		0.0856
v -3.8817 		1.1208 		0.1496
v -3.1816 		0.6591 		0.0856
v -3.883 		1.1161 		0.1495
v 1.1643 		2.2116 		1.4186
v 3.9979 		1.9986 		1.2851
v 4.0008 		2.0001 		1.2604
v 4.3096 		0.5675 		1.7073
v 4.3467 		0 		1.7073
v 4.1986 		1.1252 		1.7073
v 4.0156 		1.6637 		1.7073
v 4.4232 		0.5825 		1.4186
v 4.4613 		0 		1.4186
v 4.3096 		1.1549 		1.4186
v 4.1218 		1.7076 		1.4186
v 3.1813 		-1.9204 		1.9858
v 3.3264 		-0.4458 		2.1644
v 3.4143 		-0.2248 		2.1644
v 3.9744 		-0.6069 		2.1201
v 3.9867 		-0.5343 		2.1222
v 4.3096 		-0.5674 		1.7073
v 4.1218 		-1.7076 		1.4186
v 4.3096 		-1.1548 		1.4186
v 4.4232 		-0.5824 		1.4186
v 4.0167 		2.008 		1.125
v 3.4434 		2.0787 		1.125
v 2.3289 		2.1734 		1.125
v 1.1745 		2.2308 		1.125
v 0 		2.25 		1.125
v 3.4137 		2.061 		0.8314
v 2.3088 		2.1548 		0.8314
v 1.1643 		2.2116 		0.8314
v 0 		2.2308 		0.8314
v 3.9261 		1.9628 		0.6733
v 0.8305 		-0.4153 		0.0097
v 0.9319 		-0.3576 		0.0097
v 2.4351 		-1.2178 		0.0856
v 1.418 		-0.9241 		0.0383
v 1.6469 		-0.8236 		0.0383
v 1.8478 		-0.7092 		0.0383
v 0.3041 		-1.1548 		0.0383
v 0.6028 		-1.1251 		0.0383
v 0.8914 		-1.0762 		0.0383
v 1.1646 		-1.0087 		0.0383
v 0.4496 		-1.7076 		0.0856
v 0.8914 		-1.6636 		0.0856
v 1.3178 		-1.5912 		0.0856
v 1.7218 		-1.4916 		0.0856
v 2.0964 		-1.3665 		0.0856
v -3.939 		0.816 		0.1362
v -3.904 		1.0463 		0.1468
v -3.949 		0.7571 		0.1344
v -3.9417 		0.8003 		0.1357
v -4.0156 		1.0763 		0.2641
v -3.9867 		0.5343 		0.1278
v -3.3264 		0.4458 		0.0856
v -3.4143 		0.2249 		0.0856
v -3.9919 		0.4465 		0.126
v -3.9884 		0.5252 		0.1276
v -4.0001 		0.2634 		0.1221
v -4.0063 		0.1624 		0.1216
v -4.0009 		0.2506 		0.122
v -4.1218 		0.5427 		0.2641
v -4.0167 		-2.008 		1.125
v -3.4434 		-2.0787 		1.125
v -2.3289 		-2.1733 		1.125
v -1.1745 		-2.2308 		1.125
v -3.4137 		-2.061 		0.8314
v -2.3088 		-2.1547 		0.8314
v -3.9261 		-1.9628 		0.6733
v -3.5696 		-1.3699 		2.0993
v -3.1816 		-1.5912 		2.0993
v -2.7392 		-1.7853 		2.0993
v -3.8133 		-1.3807 		2.0813
v -3.7937 		-1.4559 		2.0757
v -3.7273 		-1.6641 		2.0569
v -3.7684 		-1.5611 		2.0657
v -3.8411 		-1.5912 		1.9859
v -3.3258 		-2.0079 		1.7072
v -3.8004 		-1.8999 		1.8382
v -3.8796 		-1.9396 		1.7073
v -3.8797 		-1.9396 		1.7072
v -2.2494 		-2.0992 		1.7072
v -1.1343 		-2.1547 		1.7072
v 1.6469 		0.8237 		0.0383
v 1.418 		0.9242 		0.0383
v 1.1646 		1.0088 		0.0383
v 0.8914 		1.0763 		0.0383
v 0.6028 		1.1252 		0.0383
v -3.4137 		-2.061 		1.4186
v -3.9257 		-1.9628 		1.5772
v -3.9343 		-1.9671 		1.5529
v -3.9821 		-1.9909 		1.4186
v 0.3041 		1.1549 		0.0383
v -2.3088 		-2.1547 		1.4186
v -1.1643 		-2.2116 		1.4186
v -3.9979 		-1.9986 		1.2851
v -4.0008 		-2.0001 		1.2604
v 2.3091 		0.1521 		0.0383
v 2.2497 		0.3015 		0.0383
v -4.3096 		-0.5674 		1.7073
v -4.1986 		-1.1251 		1.7073
v -4.0156 		-1.6636 		1.7073
v -4.4232 		-0.5824 		1.4186
v -4.3096 		-1.1548 		1.4186
v -4.1218 		-1.7076 		1.4186
v -1.1745 		2.2308 		1.125
v -2.3289 		2.1734 		1.125
v -3.4434 		2.0787 		1.125
v -4.0167 		2.008 		1.125
v -1.1643 		2.2116 		0.8314
v -2.3088 		2.1548 		0.8314
v -3.4137 		2.061 		0.8314
v -3.9821 		1.9909 		0.8314
v 2.1519 		0.4458 		0.0383
v 2.017 		0.5825 		0.0383
v 0.9319 		0.3576 		0.0097
v 0.8305 		0.4154 		0.0097
v 0.715 		0.4661 		0.0097
v 0.5872 		0.5088 		0.0097
v 0.4496 		0.5427 		0.0097
v 0.3041 		0.5675 		0.0097
v 0.1533 		0.5825 		0.0097
v 1.1646 		0.0767 		0.0097
v 1.1346 		0.1521 		0.0097
v 1.0851 		0.2249 		0.0097
v 1.0173 		0.2937 		0.0097
v 1.1745 		-2.2308 		1.125
# 922 vertices

g group_0_11593967

usemtl color_11593967
s 0

f 4 	5 	898
f 3 	7 	4
f 7 	3 	8
f 7 	9 	4
f 4 	9 	5
f 9 	10 	5
f 5 	10 	6
f 10 	11 	12
f 10 	12 	6
f 6 	12 	13
f 85 	9 	7
f 9 	85 	110
f 9 	110 	10
f 10 	14 	11
f 1 	16 	17
f 16 	19 	20
f 16 	20 	17
f 1 	17 	2
f 15 	19 	16
f 19 	15 	18
f 19 	30 	20
f 28 	33 	19
f 23 	18 	22
f 22 	18 	24
f 21 	18 	23
f 18 	21 	25
f 18 	25 	26
f 28 	19 	27
f 29 	19 	26
f 27 	19 	29
f 18 	26 	19
f 31 	20 	30
f 32 	20 	31
f 33 	34 	19
f 30 	19 	34
f 35 	36 	40
f 40 	37 	35
f 40 	38 	37
f 40 	39 	38
f 40 	41 	39
f 40 	43 	42
f 57 	47 	48
f 40 	48 	47
f 42 	41 	40
f 40 	44 	43
f 44 	40 	45
f 46 	45 	40
f 47 	46 	40
f 50 	49 	35
f 49 	36 	35
f 35 	37 	50
f 51 	50 	37
f 37 	38 	51
f 52 	51 	38
f 53 	52 	39
f 38 	39 	52
f 39 	41 	53
f 55 	46 	56
f 54 	44 	45
f 45 	55 	54
f 46 	55 	45
f 56 	47 	57
f 56 	46 	47
f 48 	58 	57
f 61 	62 	59
f 62 	44 	54
f 43 	44 	62
f 53 	41 	60
f 60 	42 	61
f 41 	42 	60
f 42 	43 	61
f 61 	43 	62
f 65 	23 	64
f 64 	55 	65
f 66 	57 	67
f 62 	63 	59
f 62 	54 	63
f 63 	54 	64
f 55 	64 	54
f 65 	55 	56
f 56 	66 	65
f 57 	66 	56
f 68 	67 	58
f 67 	57 	58
f 64 	22 	24
f 119 	64 	24
f 22 	64 	23
f 25 	21 	65
f 23 	65 	21
f 29 	66 	27
f 66 	29 	65
f 29 	26 	65
f 25 	65 	26
f 67 	33 	66
f 33 	28 	66
f 27 	66 	28
f 33 	67 	34
f 68 	31 	67
f 31 	30 	67
f 34 	67 	30
f 31 	68 	32
f 69 	71 	70
f 864 	110 	69
f 73 	75 	72
f 74 	72 	75
f 73 	76 	75
f 73 	72 	120
f 75 	70 	74
f 71 	74 	70
f 70 	18 	15
f 70 	75 	18
f 76 	78 	79
f 76 	79 	80
f 77 	75 	80
f 76 	80 	75
f 75 	77 	81
f 75 	81 	82
f 24 	18 	82
f 75 	82 	18
f 84 	8 	83
f 8 	84 	7
f 84 	85 	7
f 84 	83 	98
f 109 	84 	98
f 84 	109 	85
f 86 	87 	88
f 87 	89 	90
f 87 	90 	88
f 94 	91 	93
f 92 	93 	91
f 88 	91 	94
f 88 	94 	95
f 88 	95 	86
f 91 	96 	92
f 96 	98 	92
f 90 	49 	50
f 90 	50 	88
f 88 	51 	91
f 50 	51 	88
f 100 	91 	52
f 52 	91 	51
f 52 	53 	100
f 97 	98 	83
f 94 	98 	95
f 87 	86 	97
f 95 	97 	86
f 89 	87 	97
f 93 	98 	94
f 97 	95 	98
f 93 	92 	98
f 91 	100 	96
f 101 	102 	100
f 102 	96 	100
f 105 	106 	104
f 103 	104 	106
f 105 	101 	106
f 100 	106 	101
f 108 	107 	99
f 108 	103 	107
f 106 	107 	103
f 107 	61 	59
f 106 	100 	53
f 107 	106 	60
f 53 	60 	106
f 60 	61 	107
f 101 	105 	98
f 102 	101 	98
f 109 	98 	105
f 104 	109 	105
f 102 	98 	96
f 104 	103 	109
f 103 	108 	109
f 99 	109 	108
f 111 	112 	109
f 71 	69 	110
f 864 	10 	110
f 120 	110 	85
f 110 	120 	72
f 110 	72 	74
f 110 	74 	71
f 99 	113 	111
f 112 	111 	113
f 109 	99 	111
f 114 	112 	113
f 115 	116 	117
f 116 	114 	117
f 113 	117 	114
f 115 	117 	118
f 117 	79 	118
f 78 	118 	79
f 81 	77 	119
f 80 	119 	77
f 117 	119 	80
f 117 	80 	79
f 24 	82 	119
f 119 	82 	81
f 113 	99 	107
f 107 	59 	113
f 113 	59 	117
f 119 	117 	63
f 59 	63 	117
f 63 	64 	119
f 120 	85 	109
f 73 	120 	76
f 118 	78 	76
f 120 	118 	76
f 109 	112 	120
f 112 	114 	120
f 116 	120 	114
f 116 	115 	120
f 118 	120 	115
f 124 	121 	122
f 123 	124 	122
f 125 	122 	121
f 126 	122 	125
f 126 	125 	138
f 127 	121 	124
f 128 	127 	124
f 129 	130 	164
f 131 	124 	130
f 164 	130 	124
f 124 	131 	128
f 132 	124 	123
f 127 	134 	121
f 127 	128 	134
f 131 	134 	128
f 129 	135 	130
f 123 	140 	132
f 122 	140 	123
f 133 	138 	134
f 137 	133 	136
f 125 	134 	138
f 138 	133 	139
f 137 	139 	133
f 121 	134 	125
f 135 	134 	131
f 131 	130 	135
f 139 	137 	140
f 136 	140 	137
f 126 	138 	122
f 140 	122 	138
f 139 	140 	138
f 146 	141 	145
f 144 	141 	146
f 148 	141 	147
f 144 	147 	141
f 144 	151 	147
f 147 	151 	148
f 149 	142 	148
f 141 	148 	142
f 133 	142 	150
f 149 	150 	142
f 149 	151 	150
f 133 	143 	142
f 133 	134 	143
f 150 	136 	133
f 145 	162 	146
f 146 	151 	144
f 140 	136 	151
f 136 	150 	151
f 151 	149 	148
f 151 	804 	805
f 151 	805 	140
f 152 	157 	159
f 152 	159 	154
f 159 	160 	154
f 153 	155 	156
f 157 	152 	158
f 158 	152 	156
f 153 	156 	152
f 161 	154 	160
f 154 	145 	141
f 161 	145 	154
f 159 	162 	160
f 159 	157 	162
f 158 	162 	157
f 162 	158 	163
f 156 	163 	158
f 155 	163 	156
f 161 	162 	145
f 151 	146 	162
f 160 	162 	161
f 804 	151 	162
f 163 	802 	162
f 165 	166 	164
f 166 	167 	164
f 167 	168 	164
f 129 	164 	168
f 171 	170 	173
f 172 	170 	171
f 169 	173 	170
f 175 	170 	174
f 172 	174 	170
f 164 	170 	175
f 164 	175 	165
f 170 	176 	177
f 170 	177 	178
f 170 	178 	169
f 177 	176 	181
f 180 	181 	176
f 179 	180 	176
f 511 	170 	164
f 167 	182 	168
f 171 	184 	172
f 178 	177 	478
f 181 	478 	177
f 178 	477 	169
f 478 	181 	180
f 135 	129 	168
f 175 	174 	183
f 163 	187 	185
f 187 	188 	185
f 186 	185 	188
f 155 	189 	163
f 189 	190 	163
f 187 	163 	190
f 544 	191 	192
f 198 	197 	192
f 195 	199 	192
f 191 	194 	195
f 191 	195 	192
f 204 	196 	191
f 196 	194 	191
f 193 	192 	197
f 198 	192 	199
f 193 	197 	200
f 198 	185 	197
f 199 	195 	201
f 194 	201 	195
f 196 	201 	194
f 185 	198 	201
f 200 	197 	185
f 199 	201 	198
f 202 	216 	203
f 214 	217 	202
f 206 	207 	205
f 203 	205 	207
f 203 	207 	208
f 204 	203 	209
f 210 	209 	203
f 208 	210 	203
f 204 	209 	211
f 212 	204 	211
f 196 	204 	212
f 206 	218 	207
f 210 	208 	213
f 207 	213 	208
f 201 	211 	213
f 212 	211 	201
f 211 	209 	213
f 210 	213 	209
f 212 	201 	196
f 214 	202 	215
f 205 	203 	216
f 202 	217 	216
f 213 	207 	218
f 218 	219 	213
f 220 	213 	219
f 225 	222 	224
f 223 	224 	222
f 221 	223 	222
f 227 	228 	226
f 225 	226 	228
f 228 	222 	225
f 221 	222 	231
f 230 	231 	222
f 229 	230 	222
f 229 	222 	232
f 229 	232 	234
f 233 	234 	232
f 237 	232 	236
f 235 	232 	237
f 233 	232 	235
f 215 	236 	232
f 239 	811 	240
f 240 	811 	812
f 240 	812 	241
f 241 	812 	153
f 241 	153 	242
f 523 	243 	522
f 244 	245 	243
f 245 	246 	243
f 246 	247 	243
f 247 	248 	243
f 245 	244 	239
f 245 	239 	240
f 245 	240 	246
f 246 	240 	241
f 246 	241 	247
f 250 	228 	254
f 253 	254 	228
f 227 	253 	228
f 256 	257 	243
f 257 	258 	243
f 258 	259 	243
f 259 	260 	243
f 260 	261 	243
f 261 	262 	243
f 263 	243 	262
f 264 	243 	263
f 265 	243 	264
f 266 	243 	265
f 267 	243 	266
f 243 	267 	268
f 285 	265 	264
f 266 	291 	267
f 267 	292 	268
f 267 	291 	292
f 270 	256 	269
f 256 	270 	257
f 257 	271 	258
f 270 	271 	257
f 258 	272 	259
f 271 	272 	258
f 272 	273 	259
f 259 	273 	260
f 704 	273 	272
f 274 	293 	276
f 704 	705 	273
f 179 	176 	277
f 275 	277 	176
f 275 	176 	276
f 276 	278 	279
f 276 	279 	280
f 276 	280 	281
f 276 	281 	282
f 283 	264 	263
f 279 	278 	286
f 284 	286 	278
f 285 	264 	283
f 609 	610 	278
f 278 	288 	289
f 278 	289 	287
f 278 	287 	284
f 265 	285 	290
f 287 	300 	284
f 265 	290 	266
f 266 	290 	291
f 176 	653 	276
f 309 	290 	285
f 280 	279 	300
f 286 	300 	279
f 286 	284 	300
f 294 	261 	260
f 273 	294 	260
f 261 	294 	296
f 297 	277 	295
f 261 	296 	262
f 277 	275 	295
f 262 	299 	263
f 293 	274 	295
f 281 	298 	282
f 282 	298 	274
f 262 	296 	299
f 299 	283 	263
f 295 	274 	298
f 705 	294 	273
f 294 	302 	296
f 705 	302 	294
f 296 	302 	304
f 301 	619 	303
f 297 	179 	277
f 299 	305 	283
f 293 	295 	275
f 280 	300 	298
f 281 	280 	298
f 304 	299 	296
f 300 	287 	301
f 289 	301 	287
f 619 	301 	288
f 289 	288 	301
f 299 	304 	305
f 283 	305 	306
f 598 	676 	305
f 306 	285 	283
f 307 	295 	308
f 306 	309 	285
f 311 	291 	290
f 308 	310 	526
f 290 	309 	311
f 291 	311 	313
f 310 	312 	527
f 300 	301 	312
f 295 	307 	297
f 295 	298 	308
f 308 	298 	310
f 298 	300 	310
f 310 	300 	312
f 321 	2 	322
f 318 	324 	319
f 318 	323 	324
f 325 	326 	324
f 319 	324 	326
f 319 	326 	327
f 319 	327 	320
f 2 	724 	322
f 323 	725 	338
f 323 	338 	324
f 324 	328 	329
f 324 	329 	325
f 324 	338 	328
f 320 	327 	330
f 330 	334 	335
f 335 	331 	330
f 334 	330 	327
f 327 	326 	334
f 325 	334 	326
f 336 	332 	331
f 331 	335 	336
f 332 	336 	337
f 332 	337 	333
f 329 	328 	715
f 715 	334 	329
f 334 	325 	329
f 334 	354 	335
f 339 	328 	338
f 338 	341 	339
f 338 	342 	343
f 343 	341 	338
f 338 	340 	342
f 344 	342 	340
f 345 	340 	348
f 347 	348 	340
f 340 	345 	349
f 340 	349 	350
f 351 	353 	350
f 352 	353 	351
f 340 	350 	353
f 340 	353 	344
f 355 	336 	335
f 335 	354 	355
f 336 	356 	337
f 355 	356 	336
f 357 	358 	360
f 359 	360 	358
f 359 	358 	361
f 362 	359 	361
f 362 	361 	364
f 363 	364 	361
f 363 	361 	365
f 364 	367 	362
f 366 	363 	365
f 354 	367 	355
f 355 	368 	356
f 368 	355 	367
f 360 	367 	357
f 367 	364 	368
f 363 	368 	364
f 366 	368 	363
f 367 	360 	359
f 367 	359 	362
f 372 	369 	371
f 373 	372 	371
f 373 	371 	374
f 371 	370 	742
f 373 	714 	372
f 373 	374 	376
f 375 	376 	374
f 357 	377 	358
f 375 	374 	378
f 377 	378 	374
f 377 	374 	358
f 380 	314 	379
f 379 	382 	380
f 314 	384 	316
f 380 	384 	314
f 386 	317 	316
f 384 	386 	316
f 386 	8 	317
f 381 	387 	388
f 317 	8 	3
f 389 	390 	782
f 387 	454 	388
f 782 	380 	389
f 381 	388 	383
f 383 	388 	391
f 384 	792 	386
f 383 	391 	385
f 392 	393 	391
f 385 	391 	393
f 385 	393 	396
f 385 	396 	819
f 387 	453 	454
f 398 	394 	395
f 395 	399 	398
f 398 	400 	394
f 399 	408 	398
f 398 	418 	400
f 391 	401 	392
f 394 	400 	397
f 402 	404 	403
f 400 	768 	397
f 397 	768 	766
f 399 	405 	406
f 399 	406 	407
f 399 	407 	408
f 410 	412 	409
f 411 	409 	412
f 410 	413 	412
f 414 	398 	408
f 415 	398 	414
f 431 	450 	409
f 398 	416 	417
f 398 	417 	418
f 419 	400 	418
f 421 	398 	420
f 416 	398 	421
f 415 	420 	398
f 774 	775 	400
f 423 	424 	400
f 774 	400 	424
f 422 	423 	400
f 419 	422 	400
f 412 	403 	411
f 404 	411 	403
f 407 	406 	432
f 432 	406 	433
f 405 	433 	406
f 432 	414 	408
f 432 	408 	407
f 421 	435 	416
f 413 	426 	427
f 413 	427 	428
f 425 	412 	428
f 413 	428 	412
f 430 	412 	429
f 425 	429 	412
f 418 	439 	419
f 418 	417 	439
f 388 	431 	391
f 404 	402 	431
f 402 	828 	431
f 415 	434 	420
f 414 	434 	415
f 432 	434 	414
f 420 	434 	421
f 435 	421 	434
f 431 	409 	411
f 431 	411 	404
f 417 	416 	435
f 437 	436 	438
f 422 	419 	439
f 417 	435 	439
f 441 	437 	438
f 439 	440 	422
f 423 	422 	440
f 438 	444 	441
f 443 	441 	444
f 442 	443 	444
f 440 	457 	455
f 448 	432 	433
f 442 	450 	443
f 449 	434 	432
f 448 	449 	432
f 442 	444 	445
f 444 	427 	445
f 426 	445 	427
f 435 	434 	451
f 429 	425 	446
f 428 	446 	425
f 446 	428 	444
f 427 	444 	428
f 446 	430 	429
f 456 	440 	439
f 448 	433 	447
f 434 	449 	451
f 435 	451 	452
f 413 	410 	450
f 410 	409 	450
f 450 	445 	413
f 450 	441 	443
f 470 	469 	447
f 449 	448 	471
f 437 	450 	474
f 441 	450 	437
f 450 	442 	445
f 426 	413 	445
f 453 	337 	356
f 452 	451 	473
f 337 	453 	387
f 431 	388 	454
f 452 	439 	435
f 452 	456 	439
f 440 	456 	457
f 454 	450 	431
f 436 	458 	438
f 461 	462 	460
f 457 	459 	455
f 465 	466 	464
f 463 	464 	466
f 460 	466 	461
f 465 	461 	466
f 438 	458 	467
f 468 	467 	458
f 452 	475 	456
f 468 	463 	467
f 466 	467 	463
f 469 	448 	447
f 469 	471 	448
f 449 	471 	472
f 451 	449 	472
f 451 	472 	473
f 453 	474 	454
f 473 	475 	452
f 454 	474 	450
f 476 	457 	456
f 461 	465 	546
f 462 	461 	546
f 474 	546 	465
f 464 	474 	465
f 456 	475 	476
f 478 	297 	486
f 183 	182 	166
f 167 	166 	182
f 135 	168 	182
f 184 	183 	174
f 175 	183 	165
f 166 	165 	183
f 174 	172 	184
f 173 	477 	171
f 184 	171 	477
f 178 	478 	477
f 173 	169 	477
f 478 	180 	297
f 179 	297 	180
f 479 	482 	480
f 143 	482 	479
f 482 	182 	480
f 480 	182 	481
f 481 	183 	483
f 182 	183 	481
f 482 	143 	134
f 482 	134 	135
f 482 	135 	182
f 492 	480 	481
f 481 	483 	493
f 484 	477 	485
f 184 	477 	484
f 485 	486 	496
f 486 	307 	497
f 183 	184 	483
f 483 	184 	484
f 478 	486 	485
f 478 	485 	477
f 486 	297 	307
f 248 	242 	487
f 500 	488 	489
f 489 	142 	490
f 502 	479 	491
f 490 	479 	502
f 479 	480 	491
f 491 	480 	492
f 242 	152 	487
f 242 	153 	152
f 487 	152 	154
f 487 	154 	488
f 488 	154 	141
f 488 	141 	489
f 489 	141 	142
f 142 	143 	490
f 490 	143 	479
f 492 	481 	493
f 493 	483 	494
f 494 	484 	495
f 483 	484 	494
f 484 	485 	495
f 495 	485 	496
f 496 	486 	497
f 497 	307 	498
f 248 	499 	243
f 499 	500 	243
f 500 	501 	243
f 501 	502 	243
f 491 	243 	502
f 492 	243 	491
f 493 	243 	492
f 494 	243 	493
f 495 	243 	494
f 496 	243 	495
f 497 	243 	496
f 498 	243 	497
f 487 	499 	248
f 499 	488 	500
f 499 	487 	488
f 489 	501 	500
f 501 	489 	490
f 501 	490 	502
f 132 	503 	124
f 507 	503 	506
f 505 	506 	503
f 132 	505 	503
f 503 	508 	124
f 507 	515 	503
f 164 	124 	508
f 508 	511 	164
f 312 	301 	315
f 301 	303 	315
f 170 	512 	176
f 504 	315 	303
f 511 	512 	170
f 514 	503 	515
f 504 	513 	509
f 504 	303 	513
f 513 	629 	509
f 517 	514 	516
f 514 	515 	516
f 514 	518 	503
f 247 	242 	248
f 247 	241 	242
f 519 	243 	268
f 519 	520 	243
f 510 	630 	605
f 520 	521 	243
f 521 	522 	243
f 523 	524 	243
f 524 	525 	243
f 525 	244 	243
f 513 	621 	629
f 519 	548 	520
f 498 	307 	308
f 498 	308 	526
f 474 	464 	463
f 474 	463 	468
f 474 	468 	458
f 474 	458 	436
f 436 	437 	474
f 524 	544 	525
f 533 	534 	535
f 365 	534 	366
f 525 	238 	244
f 534 	365 	535
f 238 	239 	244
f 537 	539 	536
f 540 	536 	539
f 533 	535 	541
f 540 	541 	535
f 536 	540 	535
f 538 	545 	542
f 460 	543 	536
f 537 	536 	543
f 544 	524 	542
f 544 	238 	525
f 543 	546 	537
f 462 	543 	460
f 365 	893 	535
f 535 	894 	536
f 542 	545 	191
f 545 	204 	191
f 542 	191 	544
f 546 	356 	368
f 544 	192 	238
f 192 	193 	238
f 356 	546 	453
f 474 	453 	546
f 204 	545 	203
f 368 	541 	546
f 547 	268 	292
f 268 	547 	519
f 368 	366 	534
f 368 	534 	533
f 533 	541 	368
f 548 	519 	547
f 539 	546 	540
f 541 	540 	546
f 549 	521 	520
f 537 	546 	539
f 462 	546 	543
f 520 	548 	549
f 521 	549 	551
f 551 	522 	521
f 523 	522 	538
f 551 	538 	522
f 523 	538 	542
f 524 	523 	542
f 550 	403 	553
f 292 	556 	547
f 412 	553 	403
f 550 	554 	552
f 553 	554 	550
f 568 	549 	548
f 554 	399 	552
f 553 	561 	554
f 552 	399 	395
f 551 	572 	538
f 557 	553 	559
f 558 	553 	557
f 555 	553 	558
f 412 	430 	553
f 559 	553 	430
f 561 	553 	560
f 555 	560 	553
f 292 	313 	556
f 547 	556 	562
f 565 	554 	561
f 563 	554 	565
f 564 	554 	563
f 562 	548 	547
f 567 	399 	566
f 405 	399 	567
f 554 	566 	399
f 548 	562 	568
f 229 	568 	230
f 566 	554 	570
f 569 	570 	554
f 564 	569 	554
f 430 	446 	559
f 571 	551 	549
f 446 	574 	559
f 549 	568 	571
f 571 	572 	551
f 574 	558 	557
f 560 	555 	575
f 558 	575 	555
f 572 	545 	538
f 575 	565 	561
f 575 	561 	560
f 569 	564 	576
f 563 	576 	564
f 313 	226 	556
f 226 	225 	556
f 569 	577 	570
f 556 	224 	223
f 567 	566 	577
f 570 	577 	566
f 556 	223 	562
f 567 	433 	405
f 562 	230 	568
f 562 	231 	230
f 444 	573 	446
f 237 	236 	571
f 573 	574 	446
f 571 	202 	572
f 880 	881 	573
f 572 	203 	545
f 572 	202 	203
f 226 	313 	227
f 557 	559 	574
f 224 	556 	225
f 574 	575 	558
f 223 	221 	562
f 231 	562 	221
f 568 	229 	234
f 565 	576 	563
f 568 	234 	233
f 568 	233 	235
f 565 	575 	576
f 568 	235 	571
f 237 	571 	235
f 577 	569 	576
f 202 	571 	236
f 236 	215 	202
f 579 	228 	578
f 576 	888 	577
f 228 	579 	222
f 222 	580 	232
f 433 	567 	577
f 222 	579 	580
f 232 	580 	581
f 584 	581 	583
f 582 	583 	581
f 581 	588 	591
f 591 	593 	581
f 883 	576 	575
f 586 	578 	585
f 578 	586 	579
f 577 	447 	433
f 579 	587 	580
f 579 	586 	587
f 438 	467 	589
f 580 	588 	581
f 589 	444 	438
f 587 	588 	580
f 589 	573 	444
f 590 	591 	588
f 466 	592 	467
f 582 	581 	593
f 291 	313 	292
f 305 	304 	598
f 587 	319 	588
f 306 	305 	680
f 588 	594 	595
f 588 	595 	590
f 306 	677 	309
f 320 	594 	319
f 588 	319 	594
f 583 	596 	584
f 220 	584 	596
f 583 	582 	596
f 220 	596 	213
f 304 	597 	598
f 597 	304 	600
f 310 	527 	526
f 312 	528 	527
f 312 	315 	528
f 528 	315 	529
f 529 	504 	530
f 315 	504 	529
f 504 	509 	530
f 531 	530 	509
f 510 	532 	531
f 509 	510 	531
f 526 	243 	498
f 527 	243 	526
f 528 	243 	527
f 529 	243 	528
f 530 	243 	529
f 531 	243 	530
f 532 	243 	531
f 601 	243 	532
f 601 	602 	243
f 602 	603 	243
f 603 	604 	243
f 604 	256 	243
f 605 	532 	510
f 605 	601 	532
f 606 	602 	601
f 601 	605 	606
f 602 	606 	607
f 602 	607 	603
f 607 	608 	603
f 603 	608 	604
f 604 	269 	256
f 608 	269 	604
f 640 	607 	606
f 642 	269 	608
f 288 	278 	610
f 610 	609 	612
f 611 	612 	609
f 613 	614 	609
f 609 	615 	611
f 615 	614 	617
f 616 	617 	614
f 609 	614 	615
f 655 	609 	278
f 609 	618 	613
f 612 	619 	610
f 615 	619 	611
f 618 	628 	613
f 288 	610 	619
f 620 	513 	303
f 303 	619 	620
f 617 	620 	615
f 615 	620 	619
f 612 	611 	619
f 623 	620 	622
f 617 	622 	620
f 616 	622 	617
f 622 	616 	614
f 622 	628 	623
f 621 	620 	624
f 625 	624 	620
f 623 	625 	620
f 624 	626 	621
f 621 	626 	627
f 634 	621 	627
f 628 	622 	614
f 623 	628 	625
f 628 	639 	626
f 626 	624 	628
f 628 	624 	625
f 614 	613 	628
f 629 	510 	509
f 629 	630 	510
f 636 	635 	630
f 633 	637 	630
f 513 	620 	621
f 629 	632 	633
f 630 	629 	633
f 629 	621 	634
f 629 	634 	632
f 631 	630 	635
f 636 	630 	637
f 643 	631 	638
f 635 	638 	631
f 627 	626 	639
f 637 	633 	639
f 633 	632 	639
f 632 	634 	639
f 627 	639 	634
f 638 	635 	651
f 635 	636 	651
f 639 	636 	637
f 605 	630 	631
f 605 	631 	606
f 631 	640 	606
f 641 	608 	607
f 640 	641 	607
f 641 	642 	608
f 641 	649 	642
f 638 	651 	643
f 643 	644 	640
f 643 	640 	631
f 646 	641 	645
f 647 	641 	646
f 640 	645 	641
f 645 	640 	648
f 644 	648 	640
f 650 	642 	649
f 647 	649 	641
f 651 	648 	644
f 651 	644 	643
f 651 	636 	639
f 651 	652 	646
f 651 	646 	645
f 651 	645 	648
f 651 	671 	652
f 650 	649 	652
f 649 	647 	652
f 646 	652 	647
f 176 	512 	653
f 276 	654 	278
f 653 	654 	276
f 655 	278 	654
f 658 	655 	657
f 656 	657 	655
f 655 	658 	609
f 662 	655 	654
f 662 	664 	655
f 664 	665 	655
f 658 	618 	609
f 659 	660 	512
f 512 	660 	653
f 653 	661 	654
f 660 	661 	653
f 661 	662 	654
f 662 	663 	664
f 656 	655 	665
f 661 	903 	662
f 662 	666 	667
f 662 	667 	663
f 662 	903 	666
f 618 	658 	668
f 657 	668 	658
f 657 	656 	668
f 618 	668 	628
f 628 	669 	639
f 668 	669 	628
f 669 	670 	639
f 669 	674 	670
f 670 	651 	639
f 670 	671 	651
f 670 	675 	671
f 665 	672 	668
f 665 	668 	656
f 665 	664 	672
f 663 	672 	664
f 672 	673 	668
f 668 	673 	669
f 673 	674 	669
f 674 	675 	670
f 673 	317 	674
f 674 	3 	675
f 317 	3 	674
f 904 	314 	666
f 667 	672 	663
f 672 	316 	673
f 316 	317 	673
f 690 	255 	600
f 597 	600 	255
f 598 	597 	255
f 676 	598 	255
f 677 	249 	679
f 678 	249 	677
f 252 	679 	249
f 255 	249 	681
f 676 	255 	681
f 680 	681 	249
f 678 	680 	249
f 252 	249 	251
f 250 	251 	249
f 250 	249 	228
f 878 	249 	255
f 680 	305 	681
f 681 	305 	676
f 680 	678 	306
f 306 	678 	677
f 679 	309 	677
f 309 	251 	311
f 251 	250 	311
f 254 	311 	250
f 309 	679 	252
f 309 	252 	251
f 311 	253 	313
f 227 	313 	253
f 311 	254 	253
f 682 	683 	685
f 684 	682 	685
f 686 	687 	685
f 684 	685 	687
f 683 	682 	870
f 684 	687 	688
f 689 	688 	687
f 689 	687 	692
f 692 	687 	691
f 255 	691 	687
f 255 	690 	691
f 686 	693 	687
f 269 	694 	270
f 642 	694 	269
f 694 	695 	270
f 701 	695 	700
f 695 	271 	270
f 694 	699 	695
f 642 	650 	696
f 698 	694 	696
f 697 	694 	698
f 642 	696 	694
f 697 	699 	694
f 700 	695 	699
f 700 	699 	702
f 699 	697 	702
f 698 	702 	697
f 702 	698 	652
f 698 	696 	652
f 650 	652 	696
f 702 	701 	700
f 695 	703 	271
f 271 	703 	272
f 704 	272 	703
f 711 	712 	704
f 704 	865 	705
f 708 	703 	707
f 706 	703 	708
f 695 	707 	703
f 701 	707 	695
f 710 	703 	709
f 706 	709 	703
f 703 	710 	704
f 711 	704 	710
f 865 	704 	712
f 711 	713 	712
f 702 	713 	708
f 702 	708 	707
f 702 	707 	701
f 709 	706 	713
f 708 	713 	706
f 712 	713 	868
f 872 	868 	713
f 713 	711 	710
f 713 	710 	709
f 702 	896 	713
f 371 	743 	374
f 367 	354 	714
f 372 	714 	369
f 376 	714 	373
f 714 	376 	375
f 714 	375 	378
f 714 	378 	367
f 378 	377 	367
f 357 	367 	377
f 715 	328 	339
f 341 	715 	339
f 343 	715 	341
f 354 	334 	715
f 715 	714 	354
f 346 	716 	347
f 347 	716 	348
f 348 	716 	717
f 349 	345 	717
f 348 	717 	345
f 351 	350 	717
f 349 	717 	350
f 720 	721 	719
f 718 	719 	721
f 721 	720 	717
f 351 	717 	720
f 351 	720 	352
f 718 	721 	722
f 721 	369 	722
f 721 	717 	370
f 721 	370 	371
f 721 	371 	369
f 723 	715 	343
f 343 	342 	723
f 344 	723 	342
f 353 	723 	344
f 715 	723 	714
f 352 	720 	353
f 723 	353 	720
f 719 	723 	720
f 723 	722 	714
f 369 	714 	722
f 723 	719 	718
f 723 	718 	722
f 2 	17 	724
f 322 	724 	725
f 724 	727 	725
f 322 	725 	323
f 17 	726 	724
f 726 	17 	20
f 727 	724 	726
f 735 	727 	726
f 725 	727 	340
f 346 	347 	727
f 340 	727 	347
f 725 	340 	338
f 20 	32 	728
f 20 	728 	729
f 20 	729 	730
f 731 	726 	730
f 732 	726 	731
f 20 	730 	726
f 726 	733 	734
f 726 	734 	735
f 736 	727 	735
f 738 	726 	737
f 726 	732 	737
f 726 	738 	733
f 736 	739 	727
f 739 	740 	727
f 740 	741 	727
f 346 	727 	741
f 743 	371 	742
f 744 	374 	743
f 742 	748 	743
f 374 	744 	358
f 744 	745 	358
f 361 	358 	745
f 361 	746 	365
f 361 	745 	746
f 745 	750 	751
f 745 	751 	746
f 748 	742 	747
f 743 	749 	744
f 743 	748 	749
f 744 	750 	745
f 744 	749 	750
f 40 	830 	829
f 40 	747 	830
f 40 	748 	747
f 40 	749 	748
f 40 	750 	749
f 40 	751 	750
f 835 	752 	753
f 752 	40 	753
f 476 	757 	457
f 758 	459 	757
f 470 	40 	469
f 40 	471 	469
f 40 	472 	471
f 40 	473 	472
f 40 	475 	473
f 40 	476 	475
f 40 	757 	476
f 40 	758 	757
f 40 	759 	758
f 40 	760 	759
f 40 	761 	760
f 40 	36 	761
f 763 	795 	762
f 757 	459 	457
f 459 	758 	762
f 758 	759 	762
f 762 	759 	763
f 764 	763 	760
f 759 	760 	763
f 764 	761 	765
f 761 	764 	760
f 761 	36 	765
f 765 	36 	49
f 767 	766 	769
f 766 	770 	771
f 771 	769 	766
f 768 	770 	766
f 770 	768 	772
f 773 	768 	776
f 776 	768 	775
f 400 	775 	768
f 778 	768 	777
f 773 	777 	768
f 784 	777 	773
f 773 	776 	784
f 777 	784 	778
f 779 	781 	778
f 780 	781 	779
f 768 	778 	781
f 768 	781 	772
f 390 	767 	782
f 769 	782 	767
f 771 	782 	769
f 424 	783 	774
f 775 	774 	783
f 775 	783 	776
f 783 	784 	776
f 779 	778 	784
f 787 	788 	786
f 785 	786 	788
f 784 	788 	787
f 780 	779 	787
f 784 	787 	779
f 788 	793 	789
f 788 	789 	785
f 783 	424 	440
f 423 	440 	424
f 440 	455 	783
f 783 	455 	784
f 794 	788 	784
f 790 	782 	771
f 771 	770 	790
f 772 	790 	770
f 781 	790 	772
f 790 	848 	782
f 780 	787 	781
f 790 	781 	787
f 786 	790 	787
f 786 	785 	790
f 789 	790 	785
f 791 	384 	380
f 782 	791 	380
f 791 	792 	384
f 386 	83 	8
f 792 	83 	386
f 782 	848 	791
f 794 	784 	455
f 795 	788 	794
f 762 	795 	794
f 796 	793 	795
f 788 	795 	793
f 795 	797 	798
f 795 	798 	796
f 508 	503 	518
f 518 	799 	508
f 518 	822 	799
f 508 	799 	511
f 511 	659 	512
f 799 	659 	511
f 819 	820 	801
f 385 	819 	801
f 800 	514 	517
f 518 	821 	822
f 163 	803 	802
f 804 	162 	802
f 140 	505 	132
f 506 	505 	805
f 140 	805 	505
f 803 	806 	802
f 803 	807 	806
f 802 	808 	804
f 802 	806 	808
f 804 	809 	805
f 804 	808 	809
f 517 	516 	809
f 805 	809 	516
f 800 	517 	809
f 805 	516 	515
f 805 	515 	507
f 805 	507 	506
f 807 	333 	381
f 806 	807 	381
f 806 	383 	808
f 806 	381 	383
f 808 	385 	809
f 808 	383 	385
f 809 	801 	800
f 385 	801 	809
f 215 	232 	810
f 215 	810 	214
f 217 	214 	810
f 810 	218 	216
f 206 	205 	218
f 205 	216 	218
f 217 	810 	216
f 219 	218 	810
f 581 	810 	232
f 810 	581 	584
f 810 	584 	220
f 810 	220 	219
f 193 	239 	238
f 193 	811 	239
f 193 	200 	813
f 200 	185 	813
f 814 	811 	813
f 813 	811 	193
f 190 	812 	187
f 811 	188 	812
f 187 	812 	188
f 188 	811 	186
f 814 	186 	811
f 155 	153 	189
f 812 	189 	153
f 812 	190 	189
f 814 	185 	186
f 185 	814 	813
f 213 	599 	201
f 599 	213 	596
f 201 	599 	815
f 599 	818 	815
f 185 	201 	815
f 185 	815 	803
f 815 	807 	803
f 185 	803 	163
f 593 	816 	596
f 593 	596 	582
f 593 	591 	816
f 590 	816 	591
f 596 	816 	817
f 599 	596 	817
f 818 	599 	817
f 817 	332 	818
f 807 	815 	818
f 595 	594 	330
f 320 	330 	594
f 330 	816 	595
f 595 	816 	590
f 816 	330 	331
f 817 	816 	331
f 332 	817 	331
f 818 	333 	807
f 818 	332 	333
f 800 	801 	820
f 819 	396 	820
f 800 	820 	514
f 518 	514 	821
f 820 	821 	514
f 822 	823 	799
f 826 	822 	821
f 822 	827 	823
f 826 	827 	822
f 799 	823 	659
f 824 	820 	396
f 392 	824 	393
f 396 	393 	824
f 824 	825 	820
f 820 	825 	821
f 825 	826 	821
f 825 	552 	826
f 402 	403 	828
f 401 	828 	403
f 391 	828 	401
f 391 	431 	828
f 403 	824 	401
f 401 	824 	392
f 824 	550 	825
f 403 	550 	824
f 550 	552 	825
f 552 	395 	826
f 826 	395 	827
f 333 	387 	381
f 333 	337 	387
f 752 	48 	40
f 754 	753 	40
f 40 	755 	754
f 40 	756 	755
f 756 	40 	829
f 831 	370 	717
f 370 	831 	834
f 834 	831 	833
f 370 	834 	742
f 834 	747 	742
f 832 	829 	833
f 833 	829 	830
f 830 	834 	833
f 830 	747 	834
f 838 	832 	842
f 835 	58 	752
f 752 	58 	48
f 753 	836 	835
f 836 	753 	754
f 836 	754 	837
f 838 	837 	755
f 755 	837 	754
f 838 	755 	756
f 838 	756 	832
f 832 	756 	829
f 731 	839 	840
f 738 	840 	841
f 836 	837 	840
f 716 	741 	843
f 740 	843 	741
f 740 	739 	843
f 842 	843 	739
f 716 	843 	831
f 843 	832 	833
f 843 	833 	831
f 716 	831 	717
f 68 	58 	835
f 68 	835 	839
f 839 	836 	840
f 839 	835 	836
f 841 	840 	837
f 841 	837 	838
f 841 	838 	842
f 843 	842 	832
f 741 	716 	346
f 729 	728 	839
f 839 	728 	68
f 32 	68 	728
f 737 	732 	840
f 731 	840 	732
f 839 	731 	730
f 729 	839 	730
f 840 	738 	737
f 841 	733 	738
f 734 	733 	841
f 739 	736 	842
f 735 	842 	736
f 735 	734 	842
f 841 	842 	734
f 282 	274 	276
f 275 	276 	293
f 798 	797 	845
f 844 	845 	797
f 797 	846 	847
f 797 	847 	844
f 459 	794 	455
f 459 	762 	794
f 848 	857 	791
f 789 	793 	848
f 790 	789 	848
f 796 	848 	793
f 798 	848 	796
f 845 	848 	798
f 845 	844 	848
f 847 	848 	844
f 848 	847 	857
f 846 	857 	847
f 849 	846 	850
f 797 	850 	846
f 850 	851 	852
f 850 	852 	853
f 850 	853 	849
f 852 	851 	854
f 851 	90 	855
f 851 	855 	856
f 851 	856 	854
f 855 	97 	856
f 856 	857 	854
f 90 	89 	855
f 795 	763 	797
f 797 	763 	764
f 764 	850 	797
f 764 	765 	850
f 851 	850 	765
f 851 	49 	90
f 765 	49 	851
f 857 	792 	791
f 792 	97 	83
f 857 	97 	792
f 846 	849 	857
f 853 	857 	849
f 857 	856 	97
f 89 	97 	855
f 853 	852 	857
f 852 	854 	857
f 858 	13 	859
f 858 	6 	13
f 861 	2 	321
f 862 	859 	13
f 11 	862 	12
f 12 	862 	13
f 859 	862 	863
f 862 	70 	15
f 859 	863 	860
f 860 	863 	1
f 862 	15 	863
f 863 	16 	1
f 15 	16 	863
f 860 	1 	861
f 2 	861 	1
f 69 	70 	864
f 14 	864 	70
f 10 	864 	14
f 11 	14 	862
f 70 	862 	14
f 705 	866 	302
f 865 	866 	705
f 302 	866 	867
f 682 	866 	870
f 302 	867 	304
f 600 	304 	867
f 869 	865 	868
f 868 	865 	712
f 866 	865 	870
f 870 	865 	871
f 869 	871 	865
f 682 	684 	866
f 688 	689 	866
f 692 	867 	866
f 871 	869 	872
f 868 	872 	869
f 872 	685 	870
f 872 	870 	871
f 713 	897 	872
f 688 	866 	684
f 692 	866 	689
f 692 	691 	867
f 690 	600 	867
f 690 	867 	691
f 683 	870 	685
f 686 	872 	693
f 685 	872 	686
f 693 	873 	687
f 875 	873 	874
f 876 	873 	875
f 693 	874 	873
f 687 	873 	877
f 255 	687 	877
f 878 	255 	877
f 249 	578 	228
f 249 	878 	578
f 910 	592 	466
f 592 	879 	467
f 589 	467 	879
f 589 	880 	573
f 589 	879 	880
f 574 	573 	881
f 913 	880 	879
f 882 	575 	574
f 881 	882 	574
f 882 	883 	575
f 876 	885 	873
f 884 	873 	885
f 887 	884 	886
f 885 	886 	884
f 883 	888 	576
f 873 	884 	889
f 873 	889 	877
f 877 	889 	890
f 889 	861 	890
f 877 	890 	878
f 878 	585 	578
f 878 	890 	585
f 858 	859 	892
f 891 	892 	859
f 900 	6 	892
f 447 	577 	888
f 912 	913 	879
f 880 	914 	881
f 914 	915 	881
f 881 	915 	882
f 883 	882 	916
f 916 	917 	883
f 917 	470 	888
f 888 	470 	447
f 365 	746 	893
f 535 	893 	894
f 859 	884 	891
f 887 	891 	884
f 884 	860 	889
f 884 	859 	860
f 861 	889 	860
f 890 	861 	321
f 890 	321 	585
f 652 	895 	702
f 895 	652 	671
f 895 	896 	702
f 897 	713 	896
f 899 	896 	895
f 872 	874 	693
f 897 	875 	874
f 897 	874 	872
f 671 	898 	895
f 671 	675 	898
f 898 	899 	895
f 896 	900 	897
f 899 	900 	896
f 900 	887 	886
f 900 	886 	897
f 897 	886 	885
f 897 	885 	876
f 897 	876 	875
f 675 	3 	4
f 4 	898 	675
f 898 	5 	899
f 6 	900 	899
f 5 	6 	899
f 900 	892 	891
f 900 	891 	887
f 858 	892 	6
f 659 	901 	660
f 901 	659 	823
f 901 	902 	660
f 660 	902 	661
f 902 	903 	661
f 902 	907 	903
f 904 	666 	903
f 823 	827 	905
f 905 	901 	823
f 901 	906 	902
f 905 	906 	901
f 906 	907 	902
f 907 	908 	382
f 907 	382 	903
f 908 	907 	389
f 908 	380 	382
f 389 	380 	908
f 903 	382 	379
f 903 	379 	904
f 827 	394 	905
f 395 	394 	827
f 394 	397 	905
f 909 	460 	536
f 536 	894 	909
f 910 	460 	909
f 910 	466 	460
f 918 	893 	746
f 919 	894 	893
f 909 	894 	920
f 879 	592 	912
f 592 	911 	912
f 911 	592 	910
f 914 	880 	913
f 882 	915 	916
f 888 	883 	917
f 918 	746 	751
f 893 	918 	919
f 919 	920 	894
f 909 	921 	910
f 909 	920 	921
f 921 	911 	910
f 751 	40 	918
f 40 	919 	918
f 40 	920 	919
f 40 	921 	920
f 921 	40 	911
f 40 	912 	911
f 40 	913 	912
f 914 	913 	40
f 40 	915 	914
f 40 	916 	915
f 40 	917 	916
f 40 	470 	917
f 585 	922 	586
f 585 	321 	922
f 318 	586 	922
f 322 	922 	321
f 922 	323 	318
f 922 	322 	323
f 318 	587 	586
f 319 	587 	318
f 905 	397 	906
f 766 	906 	397
f 906 	766 	907
f 390 	389 	907
f 907 	766 	390
f 767 	390 	766
f 667 	666 	314
f 314 	904 	379
f 667 	314 	672
f 316 	672 	314
# 1840 faces

 #end of obj_0

o obj_1
v -2.5795 		0.0922 		1.75
v -2.6119 		0.0915 		1.75
v -2.6462 		0.092 		1.75
v -2.5178 		0.0977 		1.75
v -2.5481 		0.0943 		1.75
v -2.4605 		0.1089 		1.75
v -2.4886 		0.1026 		1.75
v -2.4079 		0.1254 		1.75
v -2.4334 		0.1165 		1.75
v -2.3604 		0.1466 		1.75
v -2.3835 		0.1354 		1.75
v -2.3177 		0.1724 		1.75
v -2.3384 		0.1589 		1.75
v -2.2799 		0.2026 		1.75
v -2.2981 		0.187 		1.75
v -2.2481 		0.237 		1.75
v -2.2632 		0.2193 		1.75
v -2.2223 		0.2754 		1.75
v -2.2344 		0.2557 		1.75
v -2.2023 		0.3177 		1.75
v -2.2117 		0.2961 		1.75
v -2.1887 		0.3629 		1.75
v -2.1947 		0.34 		1.75
v -2.1819 		0.4109 		1.75
v -2.1844 		0.3866 		1.75
v -2.1815 		0.455 		1.75
v -2.181 		0.436 		1.75
v -2.1853 		0.4914 		1.75
v -2.1829 		0.4735 		1.75
v -2.1929 		0.5255 		1.75
v -2.1886 		0.5087 		1.75
v -2.2043 		0.557 		1.75
v -2.1981 		0.5417 		1.75
v -2.2199 		0.5866 		1.75
v -2.2116 		0.572 		1.75
v -2.2399 		0.6147 		1.75
v -2.2294 		0.6008 		1.75
v -2.2642 		0.6412 		1.75
v -2.2515 		0.6281 		1.75
v -2.293 		0.6668 		1.75
v -2.278 		0.6541 		1.75
v -2.3263 		0.6913 		1.75
v -2.3091 		0.6791 		1.75
v -2.3647 		0.7145 		1.75
v -2.3447 		0.7031 		1.75
v -2.4084 		0.737 		1.75
v -2.3859 		0.7258 		1.75
v -2.4572 		0.7592 		1.75
v -2.4321 		0.7481 		1.75
v -2.5095 		0.7811 		1.75
v -2.4834 		0.7702 		1.75
v -2.4049 		0.9354 		1.75
v -2.4209 		0.9351 		1.75
v -2.4211 		0.9462 		1.75
v -2.3751 		0.9376 		1.75
v -2.3897 		0.9362 		1.75
v -2.3481 		0.9422 		1.75
v -2.3613 		0.9396 		1.75
v -2.3238 		0.9486 		1.75
v -2.3356 		0.9453 		1.75
v -2.3021 		0.9567 		1.75
v -2.3126 		0.9524 		1.75
v -2.2829 		0.9668 		1.75
v -2.2922 		0.9615 		1.75
v -2.2666 		0.9788 		1.75
v -2.2742 		0.9726 		1.75
v -2.2532 		0.9922 		1.75
v -2.2596 		0.9854 		1.75
v -2.2423 		1.0069 		1.75
v -2.2475 		0.9994 		1.75
v -2.2344 		1.0227 		1.75
v -2.2379 		1.0147 		1.75
v -2.2293 		1.0394 		1.75
v -2.2315 		1.031 		1.75
v -2.2268 		1.0568 		1.75
v -2.2277 		1.048 		1.75
v -2.2271 		1.0785 		1.75
v -2.2265 		1.0658 		1.75
v -2.2316 		1.1031 		1.75
v -2.2288 		1.091 		1.75
v -2.2407 		1.1263 		1.75
v -2.2356 		1.1148 		1.75
v -2.254 		1.1486 		1.75
v -2.2469 		1.1374 		1.75
v -2.2717 		1.1693 		1.75
v -2.2622 		1.1592 		1.75
v -2.2942 		1.188 		1.75
v -2.2823 		1.1789 		1.75
v -2.3218 		1.2043 		1.75
v -2.3072 		1.1966 		1.75
v -2.3544 		1.2182 		1.75
v -2.3375 		1.2115 		1.75
v -2.3915 		1.23 		1.75
v -2.3724 		1.2244 		1.75
v -2.4337 		1.2397 		1.75
v -2.4118 		1.2352 		1.75
v -2.4814 		1.2463 		1.75
v -2.4569 		1.2434 		1.75
v -2.5345 		1.2496 		1.75
v -2.5073 		1.2484 		1.75
v -2.5904 		1.2494 		1.75
v -2.563 		1.25 		1.75
v -2.6432 		1.2443 		1.75
v -2.6171 		1.2475 		1.75
v -2.6934 		1.2342 		1.75
v -2.6686 		1.2399 		1.75
v -2.7406 		1.2192 		1.75
v -2.7176 		1.2273 		1.75
v -2.7833 		1.2 		1.75
v -2.7625 		1.2101 		1.75
v -2.8217 		1.1767 		1.75
v -2.803 		1.1889 		1.75
v -2.8561 		1.1491 		1.75
v -2.8393 		1.1636 		1.75
v -2.8859 		1.1173 		1.75
v -2.8716 		1.1337 		1.75
v -2.9107 		1.0816 		1.75
v -2.8989 		1.0999 		1.75
v -2.9298 		1.0427 		1.75
v -2.9211 		1.0624 		1.75
v -2.9425 		1.0007 		1.75
v -2.9369 		1.0221 		1.75
v -2.9488 		0.9555 		1.75
v -2.9464 		0.9785 		1.75
v -2.9492 		0.9126 		1.75
v -2.9496 		0.9317 		1.75
v -2.9459 		0.8762 		1.75
v -2.9479 		0.8941 		1.75
v -2.9393 		0.8421 		1.75
v -2.943 		0.8589 		1.75
v -2.9293 		0.8098 		1.75
v -2.9348 		0.8259 		1.75
v -2.9149 		0.7787 		1.75
v -2.9227 		0.7941 		1.75
v -2.8959 		0.7492 		1.75
v -2.906 		0.7638 		1.75
v -2.8728 		0.7215 		1.75
v -2.8848 		0.735 		1.75
v -2.845 		0.6952 		1.75
v -2.8595 		0.7082 		1.75
v -2.8121 		0.6699 		1.75
v -2.8292 		0.6824 		1.75
v -2.7742 		0.646 		1.75
v -2.7938 		0.6577 		1.75
v -2.7307 		0.6227 		1.75
v -2.7531 		0.6343 		1.75
v -2.6817 		0.5997 		1.75
v -2.7069 		0.6112 		1.75
v -2.6332 		0.5793 		1.75
v -2.6551 		0.5883 		1.75
v -2.8146 		0.4585 		1.75
v -2.8029 		0.4587 		1.75
v -2.8025 		0.4364 		1.75
v -2.8373 		0.4567 		1.75
v -2.826 		0.4578 		1.75
v -2.8593 		0.4532 		1.75
v -2.8484 		0.4552 		1.75
v -2.8804 		0.4478 		1.75
v -2.87 		0.4507 		1.75
v -2.9001 		0.4405 		1.75
v -2.8904 		0.4444 		1.75
v -2.9183 		0.4312 		1.75
v -2.9094 		0.4361 		1.75
v -2.9349 		0.4194 		1.75
v -2.9268 		0.4257 		1.75
v -2.9493 		0.4053 		1.75
v -2.9424 		0.4126 		1.75
v -2.9614 		0.3891 		1.75
v -2.9556 		0.3974 		1.75
v -2.9711 		0.3704 		1.75
v -2.9666 		0.3803 		1.75
v -2.9777 		0.3487 		1.75
v -2.9748 		0.3599 		1.75
v -2.981 		0.3242 		1.75
v -2.9798 		0.3368 		1.75
v -2.9809 		0.2983 		1.75
v -2.9814 		0.3109 		1.75
v -2.9771 		0.2728 		1.75
v -2.9795 		0.2856 		1.75
v -2.9696 		0.2468 		1.75
v -2.9738 		0.2599 		1.75
v -2.9576 		0.2206 		1.75
v -2.9643 		0.2336 		1.75
v -2.9399 		0.1961 		1.75
v -2.9494 		0.2081 		1.75
v -2.9167 		0.1736 		1.75
v -2.929 		0.1846 		1.75
v -2.8878 		0.1528 		1.75
v -2.9029 		0.1631 		1.75
v -2.8529 		0.1341 		1.75
v -2.8711 		0.1431 		1.75
v -2.812 		0.1179 		1.75
v -2.8332 		0.1257 		1.75
v -2.7644 		0.1049 		1.75
v -2.7893 		0.1108 		1.75
v -2.7091 		0.0963 		1.75
v -2.7377 		0.1001 		1.75
v -2.6786 		0.0936 		1.75
v -2.4219 		0.9576 		1.75
v -2.8011 		0.4151 		1.75
v -2.4232 		0.9692 		1.75
v -2.7989 		0.3948 		1.75
v -2.4249 		0.9811 		1.75
v -2.7958 		0.3753 		1.75
v -2.4272 		0.9932 		1.75
v -2.7918 		0.3569 		1.75
v -2.5338 		0.7917 		1.75
v -2.43 		1.0056 		1.75
v -2.6123 		0.5704 		1.75
v -2.5565 		0.8021 		1.75
v -2.4333 		1.0183 		1.75
v -2.5923 		0.5616 		1.75
v -2.787 		0.3393 		1.75
v -2.5774 		0.8122 		1.75
v -2.4372 		1.0307 		1.75
v -2.5732 		0.5529 		1.75
v -2.781 		0.3228 		1.75
v -2.5966 		0.822 		1.75
v -2.5551 		0.5444 		1.75
v -2.7744 		0.3071 		1.75
v -2.6142 		0.8316 		1.75
v -2.4416 		1.0428 		1.75
v -2.538 		0.536 		1.75
v -2.7671 		0.2924 		1.75
v -2.6306 		0.8407 		1.75
v -2.4467 		1.0546 		1.75
v -2.5221 		0.528 		1.75
v -2.7592 		0.2787 		1.75
v -2.6458 		0.8499 		1.75
v -2.4523 		1.066 		1.75
v -2.5072 		0.5197 		1.75
v -2.7507 		0.2659 		1.75
v -2.6596 		0.8592 		1.75
v -2.4584 		1.0772 		1.75
v -2.4931 		0.5113 		1.75
v -2.7415 		0.2541 		1.75
v -2.6723 		0.8685 		1.75
v -2.4656 		1.0879 		1.75
v -2.4799 		0.5027 		1.75
v -2.7317 		0.2432 		1.75
v -2.6837 		0.8779 		1.75
v -2.4733 		1.0979 		1.75
v -2.4676 		0.4939 		1.75
v -2.7213 		0.2332 		1.75
v -2.6938 		0.8873 		1.75
v -2.4817 		1.1073 		1.75
v -2.4561 		0.4849 		1.75
v -2.7102 		0.2242 		1.75
v -2.7028 		0.8968 		1.75
v -2.4908 		1.1161 		1.75
v -2.4456 		0.476 		1.75
v -2.6986 		0.2162 		1.75
v -2.5004 		1.1242 		1.75
v -2.4361 		0.4669 		1.75
v -2.6862 		0.2091 		1.75
v -2.5107 		1.1318 		1.75
v -2.4274 		0.4576 		1.75
v -2.6733 		0.2029 		1.75
v -2.5217 		1.1384 		1.75
v -2.4198 		0.448 		1.75
v -2.6598 		0.1977 		1.75
v -2.5335 		1.1438 		1.75
v -2.646 		0.1934 		1.75
v -2.546 		1.148 		1.75
v -2.6318 		0.1901 		1.75
v -2.5592 		1.151 		1.75
v -2.6172 		0.1877 		1.75
v -2.5732 		1.1528 		1.75
v -2.6022 		0.1863 		1.75
v -2.588 		1.1534 		1.75
v -2.5869 		0.1858 		1.75
v -2.5985 		1.1531 		1.75
v -2.5716 		0.1862 		1.75
v -2.6089 		1.1522 		1.75
v -2.5569 		0.1872 		1.75
v -2.619 		1.1508 		1.75
v -2.5428 		0.189 		1.75
v -2.629 		1.1488 		1.75
v -2.5293 		0.1914 		1.75
v -2.6387 		1.1463 		1.75
v -2.5163 		0.1945 		1.75
v -2.6483 		1.1431 		1.75
v -2.5039 		0.1984 		1.75
v -2.6576 		1.1398 		1.75
v -2.4921 		0.2032 		1.75
v -2.6665 		1.1361 		1.75
v -2.4809 		0.2085 		1.75
v -2.675 		1.1318 		1.75
v -2.4704 		0.2143 		1.75
v -2.6831 		1.127 		1.75
v -2.4604 		0.2206 		1.75
v -2.6909 		1.1217 		1.75
v -2.4512 		0.2274 		1.75
v -2.6983 		1.1158 		1.75
v -2.4425 		0.2347 		1.75
v -2.7053 		1.1095 		1.75
v -2.4345 		0.2426 		1.75
v -2.7117 		1.1027 		1.75
v -2.4271 		0.2509 		1.75
v -2.4203 		0.2597 		1.75
v -2.7176 		1.0954 		1.75
v -2.4142 		0.2691 		1.75
v -2.7231 		1.0875 		1.75
v -2.728 		1.0792 		1.75
v -2.4087 		0.2789 		1.75
v -2.7324 		1.0704 		1.75
v -2.4038 		0.2893 		1.75
v -2.7359 		1.061 		1.75
v -2.3997 		0.2997 		1.75
v -2.7387 		1.0512 		1.75
v -2.3963 		0.3104 		1.75
v -2.7409 		1.0408 		1.75
v -2.3936 		0.3214 		1.75
v -2.7425 		1.0299 		1.75
v -2.3917 		0.3328 		1.75
v -2.7435 		1.0186 		1.75
v -2.3906 		0.3444 		1.75
v -2.7438 		1.0067 		1.75
v -2.3902 		0.3564 		1.75
v -2.7435 		0.9958 		1.75
v -2.3907 		0.3694 		1.75
v -2.7426 		0.9852 		1.75
v -2.3921 		0.382 		1.75
v -2.7412 		0.9749 		1.75
v -2.3945 		0.3942 		1.75
v -2.7392 		0.9648 		1.75
v -2.3978 		0.4059 		1.75
v -2.7367 		0.9549 		1.75
v -2.402 		0.4172 		1.75
v -2.7335 		0.9453 		1.75
v -2.4073 		0.428 		1.75
v -2.7293 		0.9355 		1.75
v -2.413 		0.4381 		1.75
v -2.7241 		0.9257 		1.75
v -2.7179 		0.916 		1.75
v -2.7108 		0.9064 		1.75
v -2.6462 		0.092 		2.3185
v -2.6119 		0.0915 		2.3185
v -2.5795 		0.0922 		2.3185
v -2.5481 		0.0943 		2.3185
v -2.5178 		0.0977 		2.3185
v -2.4886 		0.1026 		2.3185
v -2.4605 		0.1089 		2.3185
v -2.4334 		0.1165 		2.3185
v -2.4079 		0.1254 		2.3185
v -2.3835 		0.1354 		2.3185
v -2.3604 		0.1466 		2.3185
v -2.3384 		0.1589 		2.3185
v -2.3177 		0.1724 		2.3185
v -2.2981 		0.187 		2.3185
v -2.2799 		0.2026 		2.3185
v -2.2632 		0.2193 		2.3185
v -2.2481 		0.237 		2.3185
v -2.2344 		0.2557 		2.3185
v -2.2223 		0.2754 		2.3185
v -2.2117 		0.2961 		2.3185
v -2.2023 		0.3177 		2.3185
v -2.1947 		0.34 		2.3185
v -2.1887 		0.3629 		2.3185
v -2.1844 		0.3866 		2.3185
v -2.1819 		0.4109 		2.3185
v -2.181 		0.436 		2.3185
v -2.1815 		0.455 		2.3185
v -2.1829 		0.4735 		2.3185
v -2.1853 		0.4914 		2.3185
v -2.1886 		0.5087 		2.3185
v -2.1929 		0.5255 		2.3185
v -2.1981 		0.5417 		2.3185
v -2.2043 		0.557 		2.3185
v -2.2116 		0.572 		2.3185
v -2.2199 		0.5866 		2.3185
v -2.2294 		0.6008 		2.3185
v -2.2399 		0.6147 		2.3185
v -2.2515 		0.6281 		2.3185
v -2.2642 		0.6412 		2.3185
v -2.278 		0.6541 		2.3185
v -2.293 		0.6668 		2.3185
v -2.3091 		0.6791 		2.3185
v -2.3263 		0.6913 		2.3185
v -2.3447 		0.7031 		2.3185
v -2.3647 		0.7145 		2.3185
v -2.3859 		0.7258 		2.3185
v -2.4084 		0.737 		2.3185
v -2.4321 		0.7481 		2.3185
v -2.4572 		0.7592 		2.3185
v -2.4834 		0.7702 		2.3185
v -2.5095 		0.7811 		2.3185
v -2.4211 		0.9462 		2.3185
v -2.4209 		0.9351 		2.3185
v -2.4049 		0.9354 		2.3185
v -2.3897 		0.9362 		2.3185
v -2.3751 		0.9376 		2.3185
v -2.3613 		0.9396 		2.3185
v -2.3481 		0.9422 		2.3185
v -2.3356 		0.9453 		2.3185
v -2.3238 		0.9486 		2.3185
v -2.3126 		0.9524 		2.3185
v -2.3021 		0.9567 		2.3185
v -2.2922 		0.9615 		2.3185
v -2.2829 		0.9668 		2.3185
v -2.2742 		0.9726 		2.3185
v -2.2666 		0.9788 		2.3185
v -2.2596 		0.9854 		2.3185
v -2.2532 		0.9922 		2.3185
v -2.2475 		0.9994 		2.3185
v -2.2423 		1.0069 		2.3185
v -2.2379 		1.0147 		2.3185
v -2.2344 		1.0227 		2.3185
v -2.2315 		1.031 		2.3185
v -2.2293 		1.0394 		2.3185
v -2.2277 		1.048 		2.3185
v -2.2268 		1.0568 		2.3185
v -2.2265 		1.0658 		2.3185
v -2.2271 		1.0785 		2.3185
v -2.2288 		1.091 		2.3185
v -2.2316 		1.1031 		2.3185
v -2.2356 		1.1148 		2.3185
v -2.2407 		1.1263 		2.3185
v -2.2469 		1.1374 		2.3185
v -2.254 		1.1486 		2.3185
v -2.2622 		1.1592 		2.3185
v -2.2717 		1.1693 		2.3185
v -2.2823 		1.1789 		2.3185
v -2.2942 		1.188 		2.3185
v -2.3072 		1.1966 		2.3185
v -2.3218 		1.2043 		2.3185
v -2.3375 		1.2115 		2.3185
v -2.3544 		1.2182 		2.3185
v -2.3724 		1.2244 		2.3185
v -2.3915 		1.23 		2.3185
v -2.4118 		1.2352 		2.3185
v -2.4337 		1.2397 		2.3185
v -2.4569 		1.2434 		2.3185
v -2.4814 		1.2463 		2.3185
v -2.5073 		1.2484 		2.3185
v -2.5345 		1.2496 		2.3185
v -2.563 		1.25 		2.3185
v -2.5904 		1.2494 		2.3185
v -2.6171 		1.2475 		2.3185
v -2.6432 		1.2443 		2.3185
v -2.6686 		1.2399 		2.3185
v -2.6934 		1.2342 		2.3185
v -2.7176 		1.2273 		2.3185
v -2.7406 		1.2192 		2.3185
v -2.7625 		1.2101 		2.3185
v -2.7833 		1.2 		2.3185
v -2.803 		1.1889 		2.3185
v -2.8217 		1.1767 		2.3185
v -2.8393 		1.1636 		2.3185
v -2.8561 		1.1491 		2.3185
v -2.8716 		1.1337 		2.3185
v -2.8859 		1.1173 		2.3185
v -2.8989 		1.0999 		2.3185
v -2.9107 		1.0816 		2.3185
v -2.9211 		1.0624 		2.3185
v -2.9298 		1.0427 		2.3185
v -2.9369 		1.0221 		2.3185
v -2.9425 		1.0007 		2.3185
v -2.9464 		0.9785 		2.3185
v -2.9488 		0.9555 		2.3185
v -2.9496 		0.9317 		2.3185
v -2.9492 		0.9126 		2.3185
v -2.9479 		0.8941 		2.3185
v -2.9459 		0.8762 		2.3185
v -2.943 		0.8589 		2.3185
v -2.9393 		0.8421 		2.3185
v -2.9348 		0.8259 		2.3185
v -2.9293 		0.8098 		2.3185
v -2.9227 		0.7941 		2.3185
v -2.9149 		0.7787 		2.3185
v -2.906 		0.7638 		2.3185
v -2.8959 		0.7492 		2.3185
v -2.8848 		0.735 		2.3185
v -2.8728 		0.7215 		2.3185
v -2.8595 		0.7082 		2.3185
v -2.845 		0.6952 		2.3185
v -2.8292 		0.6824 		2.3185
v -2.8121 		0.6699 		2.3185
v -2.7938 		0.6577 		2.3185
v -2.7742 		0.646 		2.3185
v -2.7531 		0.6343 		2.3185
v -2.7307 		0.6227 		2.3185
v -2.7069 		0.6112 		2.3185
v -2.6817 		0.5997 		2.3185
v -2.6551 		0.5883 		2.3185
v -2.6332 		0.5793 		2.3185
v -2.8025 		0.4364 		2.3185
v -2.8029 		0.4587 		2.3185
v -2.8146 		0.4585 		2.3185
v -2.826 		0.4578 		2.3185
v -2.8373 		0.4567 		2.3185
v -2.8484 		0.4552 		2.3185
v -2.8593 		0.4532 		2.3185
v -2.87 		0.4507 		2.3185
v -2.8804 		0.4478 		2.3185
v -2.8904 		0.4444 		2.3185
v -2.9001 		0.4405 		2.3185
v -2.9094 		0.4361 		2.3185
v -2.9183 		0.4312 		2.3185
v -2.9268 		0.4257 		2.3185
v -2.9349 		0.4194 		2.3185
v -2.9424 		0.4126 		2.3185
v -2.9493 		0.4053 		2.3185
v -2.9556 		0.3974 		2.3185
v -2.9614 		0.3891 		2.3185
v -2.9666 		0.3803 		2.3185
v -2.9711 		0.3704 		2.3185
v -2.9748 		0.3599 		2.3185
v -2.9777 		0.3487 		2.3185
v -2.9798 		0.3368 		2.3185
v -2.981 		0.3242 		2.3185
v -2.9814 		0.3109 		2.3185
v -2.9809 		0.2983 		2.3185
v -2.9795 		0.2856 		2.3185
v -2.9771 		0.2728 		2.3185
v -2.9738 		0.2599 		2.3185
v -2.9696 		0.2468 		2.3185
v -2.9643 		0.2336 		2.3185
v -2.9576 		0.2206 		2.3185
v -2.9494 		0.2081 		2.3185
v -2.9399 		0.1961 		2.3185
v -2.929 		0.1846 		2.3185
v -2.9167 		0.1736 		2.3185
v -2.9029 		0.1631 		2.3185
v -2.8878 		0.1528 		2.3185
v -2.8711 		0.1431 		2.3185
v -2.8529 		0.1341 		2.3185
v -2.8332 		0.1257 		2.3185
v -2.812 		0.1179 		2.3185
v -2.7893 		0.1108 		2.3185
v -2.7644 		0.1049 		2.3185
v -2.7377 		0.1001 		2.3185
v -2.7091 		0.0963 		2.3185
v -2.6786 		0.0936 		2.3185
v -2.4219 		0.9576 		2.3185
v -2.8011 		0.4151 		2.3185
v -2.4232 		0.9692 		2.3185
v -2.7989 		0.3948 		2.3185
v -2.4249 		0.9811 		2.3185
v -2.7958 		0.3753 		2.3185
v -2.4272 		0.9932 		2.3185
v -2.7918 		0.3569 		2.3185
v -2.5338 		0.7917 		2.3185
v -2.43 		1.0056 		2.3185
v -2.6123 		0.5704 		2.3185
v -2.5565 		0.8021 		2.3185
v -2.4333 		1.0183 		2.3185
v -2.5923 		0.5616 		2.3185
v -2.787 		0.3393 		2.3185
v -2.5774 		0.8122 		2.3185
v -2.4372 		1.0307 		2.3185
v -2.5732 		0.5529 		2.3185
v -2.781 		0.3228 		2.3185
v -2.5966 		0.822 		2.3185
v -2.5551 		0.5444 		2.3185
v -2.7744 		0.3071 		2.3185
v -2.6142 		0.8316 		2.3185
v -2.4416 		1.0428 		2.3185
v -2.538 		0.536 		2.3185
v -2.7671 		0.2924 		2.3185
v -2.6306 		0.8407 		2.3185
v -2.4467 		1.0546 		2.3185
v -2.5221 		0.528 		2.3185
v -2.7592 		0.2787 		2.3185
v -2.6458 		0.8499 		2.3185
v -2.4523 		1.066 		2.3185
v -2.5072 		0.5197 		2.3185
v -2.7507 		0.2659 		2.3185
v -2.6596 		0.8592 		2.3185
v -2.4584 		1.0772 		2.3185
v -2.4931 		0.5113 		2.3185
v -2.7415 		0.2541 		2.3185
v -2.6723 		0.8685 		2.3185
v -2.4656 		1.0879 		2.3185
v -2.4799 		0.5027 		2.3185
v -2.7317 		0.2432 		2.3185
v -2.6837 		0.8779 		2.3185
v -2.4733 		1.0979 		2.3185
v -2.4676 		0.4939 		2.3185
v -2.7213 		0.2332 		2.3185
v -2.6938 		0.8873 		2.3185
v -2.4817 		1.1073 		2.3185
v -2.4561 		0.4849 		2.3185
v -2.7102 		0.2242 		2.3185
v -2.7028 		0.8968 		2.3185
v -2.4908 		1.1161 		2.3185
v -2.4456 		0.476 		2.3185
v -2.6986 		0.2162 		2.3185
v -2.5004 		1.1242 		2.3185
v -2.4361 		0.4669 		2.3185
v -2.6862 		0.2091 		2.3185
v -2.5107 		1.1318 		2.3185
v -2.4274 		0.4576 		2.3185
v -2.6733 		0.2029 		2.3185
v -2.5217 		1.1384 		2.3185
v -2.4198 		0.448 		2.3185
v -2.6598 		0.1977 		2.3185
v -2.5335 		1.1438 		2.3185
v -2.646 		0.1934 		2.3185
v -2.546 		1.148 		2.3185
v -2.6318 		0.1901 		2.3185
v -2.5592 		1.151 		2.3185
v -2.6172 		0.1877 		2.3185
v -2.5732 		1.1528 		2.3185
v -2.6022 		0.1863 		2.3185
v -2.588 		1.1534 		2.3185
v -2.5869 		0.1858 		2.3185
v -2.5985 		1.1531 		2.3185
v -2.5716 		0.1862 		2.3185
v -2.6089 		1.1522 		2.3185
v -2.5569 		0.1872 		2.3185
v -2.619 		1.1508 		2.3185
v -2.5428 		0.189 		2.3185
v -2.629 		1.1488 		2.3185
v -2.5293 		0.1914 		2.3185
v -2.6387 		1.1463 		2.3185
v -2.5163 		0.1945 		2.3185
v -2.6483 		1.1431 		2.3185
v -2.5039 		0.1984 		2.3185
v -2.6576 		1.1398 		2.3185
v -2.4921 		0.2032 		2.3185
v -2.6665 		1.1361 		2.3185
v -2.4809 		0.2085 		2.3185
v -2.675 		1.1318 		2.3185
v -2.4704 		0.2143 		2.3185
v -2.6831 		1.127 		2.3185
v -2.4604 		0.2206 		2.3185
v -2.6909 		1.1217 		2.3185
v -2.4512 		0.2274 		2.3185
v -2.6983 		1.1158 		2.3185
v -2.4425 		0.2347 		2.3185
v -2.7053 		1.1095 		2.3185
v -2.4345 		0.2426 		2.3185
v -2.7117 		1.1027 		2.3185
v -2.4271 		0.2509 		2.3185
v -2.4203 		0.2597 		2.3185
v -2.7176 		1.0954 		2.3185
v -2.4142 		0.2691 		2.3185
v -2.7231 		1.0875 		2.3185
v -2.728 		1.0792 		2.3185
v -2.4087 		0.2789 		2.3185
v -2.7324 		1.0704 		2.3185
v -2.4038 		0.2893 		2.3185
v -2.7359 		1.061 		2.3185
v -2.3997 		0.2997 		2.3185
v -2.7387 		1.0512 		2.3185
v -2.3963 		0.3104 		2.3185
v -2.7409 		1.0408 		2.3185
v -2.3936 		0.3214 		2.3185
v -2.7425 		1.0299 		2.3185
v -2.3917 		0.3328 		2.3185
v -2.7435 		1.0186 		2.3185
v -2.3906 		0.3444 		2.3185
v -2.7438 		1.0067 		2.3185
v -2.3902 		0.3564 		2.3185
v -2.7435 		0.9958 		2.3185
v -2.3907 		0.3694 		2.3185
v -2.7426 		0.9852 		2.3185
v -2.3921 		0.382 		2.3185
v -2.7412 		0.9749 		2.3185
v -2.3945 		0.3942 		2.3185
v -2.7392 		0.9648 		2.3185
v -2.3978 		0.4059 		2.3185
v -2.7367 		0.9549 		2.3185
v -2.402 		0.4172 		2.3185
v -2.7335 		0.9453 		2.3185
v -2.4073 		0.428 		2.3185
v -2.7293 		0.9355 		2.3185
v -2.413 		0.4381 		2.3185
v -2.7241 		0.9257 		2.3185
v -2.7179 		0.916 		2.3185
v -2.7108 		0.9064 		2.3185
v -1.1449 		0.9491 		1.75
v -1.1426 		0.9244 		1.75
v -1.1419 		0.8987 		1.75
v -1.154 		0.9957 		1.75
v -1.1487 		0.9729 		1.75
v -1.1692 		1.0385 		1.75
v -1.1608 		1.0176 		1.75
v -1.1896 		1.0776 		1.75
v -1.1786 		1.0585 		1.75
v -1.2161 		1.1128 		1.75
v -1.2021 		1.0957 		1.75
v -1.2487 		1.1443 		1.75
v -1.2317 		1.129 		1.75
v -1.2874 		1.1708 		1.75
v -1.2673 		1.1581 		1.75
v -1.3321 		1.1928 		1.75
v -1.309 		1.1824 		1.75
v -1.3829 		1.2102 		1.75
v -1.3567 		1.2021 		1.75
v -1.44 		1.2235 		1.75
v -1.4106 		1.2175 		1.75
v -1.5037 		1.2314 		1.75
v -1.471 		1.2281 		1.75
v -1.5739 		1.2341 		1.75
v -1.538 		1.2334 		1.75
v -2.0582 		1.15 		1.75
v -2.0582 		1.2341 		1.75
v -1.6614 		0.6304 		1.75
v -1.9104 		0.2939 		1.75
v -1.9104 		1.0545 		1.75
v -1.6239 		0.6304 		1.75
v -2.0582 		0.1074 		1.75
v -2.0582 		0.1915 		1.75
v -1.9923 		0.1915 		1.75
v -1.4818 		0.1915 		1.75
v -1.4818 		0.1074 		1.75
v -1.5663 		0.5391 		1.75
v -1.608 		0.5383 		1.75
v -1.6614 		0.5383 		1.75
v -1.4898 		0.5457 		1.75
v -1.5269 		0.5416 		1.75
v -1.4223 		0.5588 		1.75
v -1.4549 		0.5514 		1.75
v -1.3633 		0.5783 		1.75
v -1.392 		0.5679 		1.75
v -1.3116 		0.6025 		1.75
v -1.3365 		0.5898 		1.75
v -1.2671 		0.6313 		1.75
v -1.2884 		0.6164 		1.75
v -1.2299 		0.6645 		1.75
v -1.2476 		0.6474 		1.75
v -1.1996 		0.7012 		1.75
v -1.2139 		0.6824 		1.75
v -1.1761 		0.7411 		1.75
v -1.187 		0.7207 		1.75
v -1.1592 		0.7844 		1.75
v -1.1669 		0.7623 		1.75
v -1.1481 		0.8293 		1.75
v -1.153 		0.8067 		1.75
v -1.1426 		0.8753 		1.75
v -1.1446 		0.8522 		1.75
v -1.9106 		1.0644 		1.75
v -1.6047 		0.6308 		1.75
v -1.9863 		0.1916 		1.75
v -1.5784 		0.1915 		1.75
v -1.9923 		1.15 		1.75
v -1.9112 		1.0737 		1.75
v -1.5865 		0.6319 		1.75
v -1.9805 		0.1919 		1.75
v -1.5837 		0.1916 		1.75
v -1.9121 		1.0823 		1.75
v -1.5693 		0.6338 		1.75
v -1.9749 		0.1924 		1.75
v -1.5891 		0.1918 		1.75
v -1.9867 		1.1499 		1.75
v -1.9135 		1.0903 		1.75
v -1.9106 		0.2829 		1.75
v -1.9695 		0.193 		1.75
v -1.5944 		0.1921 		1.75
v -1.9812 		1.1496 		1.75
v -1.9152 		1.0977 		1.75
v -1.9643 		0.1939 		1.75
v -1.5997 		0.1925 		1.75
v -1.9758 		1.1491 		1.75
v -1.9172 		1.1045 		1.75
v -1.9593 		0.1949 		1.75
v -1.605 		0.1931 		1.75
v -1.9706 		1.1484 		1.75
v -1.9193 		1.1106 		1.75
v -1.9545 		0.1963 		1.75
v -1.6103 		0.1938 		1.75
v -1.9654 		1.1476 		1.75
v -1.9217 		1.1162 		1.75
v -1.95 		0.198 		1.75
v -1.6151 		0.1951 		1.75
v -1.9604 		1.1465 		1.75
v -1.9243 		1.1212 		1.75
v -1.9457 		0.2001 		1.75
v -1.6198 		0.1967 		1.75
v -1.9556 		1.1452 		1.75
v -1.6614 		1.1409 		1.75
v -1.9416 		0.2025 		1.75
v -1.6242 		0.1986 		1.75
v -1.951 		1.1435 		1.75
v -1.9273 		1.1257 		1.75
v -1.9378 		0.2054 		1.75
v -1.6285 		0.2009 		1.75
v -1.9465 		1.1414 		1.75
v -1.9307 		1.1296 		1.75
v -1.9423 		1.139 		1.75
v -1.9343 		1.1329 		1.75
v -1.9343 		0.2086 		1.75
v -1.9382 		1.1361 		1.75
v -1.9307 		0.2126 		1.75
v -1.9273 		0.217 		1.75
v -1.6 		1.1409 		1.75
v -1.9243 		0.2219 		1.75
v -1.5827 		1.1404 		1.75
v -1.9217 		0.2273 		1.75
v -1.5663 		1.1391 		1.75
v -1.9193 		0.2331 		1.75
v -1.5509 		1.1369 		1.75
v -1.9172 		0.2393 		1.75
v -1.5364 		1.1338 		1.75
v -1.9152 		0.2465 		1.75
v -1.5228 		1.1298 		1.75
v -1.9135 		0.2544 		1.75
v -1.5102 		1.1249 		1.75
v -1.9121 		0.2632 		1.75
v -1.4985 		1.1196 		1.75
v -1.9112 		0.2726 		1.75
v -1.4875 		1.1133 		1.75
v -1.4773 		1.1062 		1.75
v -1.6325 		0.2034 		1.75
v -1.4678 		1.0982 		1.75
v -1.6364 		0.2063 		1.75
v -1.4591 		1.0893 		1.75
v -1.6401 		0.2099 		1.75
v -1.4511 		1.0795 		1.75
v -1.6435 		0.214 		1.75
v -1.4439 		1.0691 		1.75
v -1.6467 		0.2185 		1.75
v -1.6496 		0.2235 		1.75
v -1.4373 		1.0579 		1.75
v -1.6522 		0.2289 		1.75
v -1.4315 		1.0456 		1.75
v -1.6546 		0.2347 		1.75
v -1.4263 		1.0325 		1.75
v -1.6567 		0.2415 		1.75
v -1.4219 		1.0184 		1.75
v -1.6584 		0.2489 		1.75
v -1.4181 		1.0033 		1.75
v -1.6597 		0.2569 		1.75
v -1.4147 		0.9873 		1.75
v -1.6607 		0.2656 		1.75
v -1.4118 		0.9703 		1.75
v -1.6612 		0.2748 		1.75
v -1.4096 		0.9524 		1.75
v -1.6614 		0.2848 		1.75
v -1.408 		0.9336 		1.75
v -1.4071 		0.9138 		1.75
v -1.4068 		0.893 		1.75
v -1.5532 		0.6364 		1.75
v -1.4071 		0.8701 		1.75
v -1.538 		0.6399 		1.75
v -1.4082 		0.8483 		1.75
v -1.5239 		0.644 		1.75
v -1.4099 		0.8276 		1.75
v -1.5106 		0.6494 		1.75
v -1.4123 		0.8081 		1.75
v -1.4982 		0.6558 		1.75
v -1.4155 		0.7897 		1.75
v -1.4866 		0.6631 		1.75
v -1.4193 		0.7725 		1.75
v -1.4238 		0.7563 		1.75
v -1.4759 		0.6713 		1.75
v -1.429 		0.7412 		1.75
v -1.4659 		0.6805 		1.75
v -1.4349 		0.727 		1.75
v -1.4568 		0.6906 		1.75
v -1.4415 		0.7139 		1.75
v -1.4488 		0.7018 		1.75
v -1.1419 		0.8987 		2.3185
v -1.1426 		0.9244 		2.3185
v -1.1449 		0.9491 		2.3185
v -1.1487 		0.9729 		2.3185
v -1.154 		0.9957 		2.3185
v -1.1608 		1.0176 		2.3185
v -1.1692 		1.0385 		2.3185
v -1.1786 		1.0585 		2.3185
v -1.1896 		1.0776 		2.3185
v -1.2021 		1.0957 		2.3185
v -1.2161 		1.1128 		2.3185
v -1.2317 		1.129 		2.3185
v -1.2487 		1.1443 		2.3185
v -1.2673 		1.1581 		2.3185
v -1.2874 		1.1708 		2.3185
v -1.309 		1.1824 		2.3185
v -1.3321 		1.1928 		2.3185
v -1.3567 		1.2021 		2.3185
v -1.3829 		1.2102 		2.3185
v -1.4106 		1.2175 		2.3185
v -1.44 		1.2235 		2.3185
v -1.471 		1.2281 		2.3185
v -1.5037 		1.2314 		2.3185
v -1.538 		1.2334 		2.3185
v -1.5739 		1.2341 		2.3185
v -2.0582 		1.2341 		2.3185
v -2.0582 		1.15 		2.3185
v -1.9104 		1.0545 		2.3185
v -1.9104 		0.2939 		2.3185
v -1.6614 		0.6304 		2.3185
v -1.6239 		0.6304 		2.3185
v -1.9923 		0.1915 		2.3185
v -2.0582 		0.1915 		2.3185
v -2.0582 		0.1074 		2.3185
v -1.4818 		0.1074 		2.3185
v -1.4818 		0.1915 		2.3185
v -1.6614 		0.5383 		2.3185
v -1.608 		0.5383 		2.3185
v -1.5663 		0.5391 		2.3185
v -1.5269 		0.5416 		2.3185
v -1.4898 		0.5457 		2.3185
v -1.4549 		0.5514 		2.3185
v -1.4223 		0.5588 		2.3185
v -1.392 		0.5679 		2.3185
v -1.3633 		0.5783 		2.3185
v -1.3365 		0.5898 		2.3185
v -1.3116 		0.6025 		2.3185
v -1.2884 		0.6164 		2.3185
v -1.2671 		0.6313 		2.3185
v -1.2476 		0.6474 		2.3185
v -1.2299 		0.6645 		2.3185
v -1.2139 		0.6824 		2.3185
v -1.1996 		0.7012 		2.3185
v -1.187 		0.7207 		2.3185
v -1.1761 		0.7411 		2.3185
v -1.1669 		0.7623 		2.3185
v -1.1592 		0.7844 		2.3185
v -1.153 		0.8067 		2.3185
v -1.1481 		0.8293 		2.3185
v -1.1446 		0.8522 		2.3185
v -1.1426 		0.8753 		2.3185
v -1.9106 		1.0644 		2.3185
v -1.6047 		0.6308 		2.3185
v -1.9863 		0.1916 		2.3185
v -1.5784 		0.1915 		2.3185
v -1.9923 		1.15 		2.3185
v -1.9112 		1.0737 		2.3185
v -1.5865 		0.6319 		2.3185
v -1.9805 		0.1919 		2.3185
v -1.5837 		0.1916 		2.3185
v -1.9121 		1.0823 		2.3185
v -1.5693 		0.6338 		2.3185
v -1.9749 		0.1924 		2.3185
v -1.5891 		0.1918 		2.3185
v -1.9867 		1.1499 		2.3185
v -1.9135 		1.0903 		2.3185
v -1.9106 		0.2829 		2.3185
v -1.9695 		0.193 		2.3185
v -1.5944 		0.1921 		2.3185
v -1.9812 		1.1496 		2.3185
v -1.9152 		1.0977 		2.3185
v -1.9643 		0.1939 		2.3185
v -1.5997 		0.1925 		2.3185
v -1.9758 		1.1491 		2.3185
v -1.9172 		1.1045 		2.3185
v -1.9593 		0.1949 		2.3185
v -1.605 		0.1931 		2.3185
v -1.9706 		1.1484 		2.3185
v -1.9193 		1.1106 		2.3185
v -1.9545 		0.1963 		2.3185
v -1.6103 		0.1938 		2.3185
v -1.9654 		1.1476 		2.3185
v -1.9217 		1.1162 		2.3185
v -1.95 		0.198 		2.3185
v -1.6151 		0.1951 		2.3185
v -1.9604 		1.1465 		2.3185
v -1.9243 		1.1212 		2.3185
v -1.9457 		0.2001 		2.3185
v -1.6198 		0.1967 		2.3185
v -1.9556 		1.1452 		2.3185
v -1.6614 		1.1409 		2.3185
v -1.9416 		0.2025 		2.3185
v -1.6242 		0.1986 		2.3185
v -1.951 		1.1435 		2.3185
v -1.9273 		1.1257 		2.3185
v -1.9378 		0.2054 		2.3185
v -1.6285 		0.2009 		2.3185
v -1.9465 		1.1414 		2.3185
v -1.9307 		1.1296 		2.3185
v -1.9423 		1.139 		2.3185
v -1.9343 		1.1329 		2.3185
v -1.9343 		0.2086 		2.3185
v -1.9382 		1.1361 		2.3185
v -1.9307 		0.2126 		2.3185
v -1.9273 		0.217 		2.3185
v -1.6 		1.1409 		2.3185
v -1.9243 		0.2219 		2.3185
v -1.5827 		1.1404 		2.3185
v -1.9217 		0.2273 		2.3185
v -1.5663 		1.1391 		2.3185
v -1.9193 		0.2331 		2.3185
v -1.5509 		1.1369 		2.3185
v -1.9172 		0.2393 		2.3185
v -1.5364 		1.1338 		2.3185
v -1.9152 		0.2465 		2.3185
v -1.5228 		1.1298 		2.3185
v -1.9135 		0.2544 		2.3185
v -1.5102 		1.1249 		2.3185
v -1.9121 		0.2632 		2.3185
v -1.4985 		1.1196 		2.3185
v -1.9112 		0.2726 		2.3185
v -1.4875 		1.1133 		2.3185
v -1.4773 		1.1062 		2.3185
v -1.6325 		0.2034 		2.3185
v -1.4678 		1.0982 		2.3185
v -1.6364 		0.2063 		2.3185
v -1.4591 		1.0893 		2.3185
v -1.6401 		0.2099 		2.3185
v -1.4511 		1.0795 		2.3185
v -1.6435 		0.214 		2.3185
v -1.4439 		1.0691 		2.3185
v -1.6467 		0.2185 		2.3185
v -1.6496 		0.2235 		2.3185
v -1.4373 		1.0579 		2.3185
v -1.6522 		0.2289 		2.3185
v -1.4315 		1.0456 		2.3185
v -1.6546 		0.2347 		2.3185
v -1.4263 		1.0325 		2.3185
v -1.6567 		0.2415 		2.3185
v -1.4219 		1.0184 		2.3185
v -1.6584 		0.2489 		2.3185
v -1.4181 		1.0033 		2.3185
v -1.6597 		0.2569 		2.3185
v -1.4147 		0.9873 		2.3185
v -1.6607 		0.2656 		2.3185
v -1.4118 		0.9703 		2.3185
v -1.6612 		0.2748 		2.3185
v -1.4096 		0.9524 		2.3185
v -1.6614 		0.2848 		2.3185
v -1.408 		0.9336 		2.3185
v -1.4071 		0.9138 		2.3185
v -1.4068 		0.893 		2.3185
v -1.5532 		0.6364 		2.3185
v -1.4071 		0.8701 		2.3185
v -1.538 		0.6399 		2.3185
v -1.4082 		0.8483 		2.3185
v -1.5239 		0.644 		2.3185
v -1.4099 		0.8276 		2.3185
v -1.5106 		0.6494 		2.3185
v -1.4123 		0.8081 		2.3185
v -1.4982 		0.6558 		2.3185
v -1.4155 		0.7897 		2.3185
v -1.4866 		0.6631 		2.3185
v -1.4193 		0.7725 		2.3185
v -1.4238 		0.7563 		2.3185
v -1.4759 		0.6713 		2.3185
v -1.429 		0.7412 		2.3185
v -1.4659 		0.6805 		2.3185
v -1.4349 		0.727 		2.3185
v -1.4568 		0.6906 		2.3185
v -1.4415 		0.7139 		2.3185
v -1.4488 		0.7018 		2.3185
v -0.1198 		0.1074 		1.75
v -1.0498 		0.1074 		1.75
v -1.0498 		0.1915 		1.75
v -0.2016 		0.4598 		1.75
v -0.1198 		0.4598 		1.75
v -0.5041 		1.2341 		1.75
v -0.5041 		1.1511 		1.75
v -0.5711 		1.1511 		1.75
v -1.0498 		1.1511 		1.75
v -1.0498 		1.2341 		1.75
v -0.9461 		1.1452 		1.75
v -0.9509 		1.1465 		1.75
v -0.9559 		1.1479 		1.75
v -0.9838 		0.1915 		1.75
v -0.2278 		0.3405 		1.75
v -0.5764 		1.151 		1.75
v -0.9838 		1.1511 		1.75
v -0.9779 		0.1916 		1.75
v -0.2328 		0.319 		1.75
v -0.5817 		1.1506 		1.75
v -0.9779 		1.151 		1.75
v -0.9721 		0.1919 		1.75
v -0.2388 		0.2993 		1.75
v -0.5871 		1.15 		1.75
v -0.9721 		1.1506 		1.75
v -0.9665 		0.1924 		1.75
v -0.2457 		0.2813 		1.75
v -0.5924 		1.1491 		1.75
v -0.9665 		1.15 		1.75
v -0.9611 		0.193 		1.75
v -0.2536 		0.2652 		1.75
v -0.5977 		1.1479 		1.75
v -0.9611 		1.1491 		1.75
v -0.9559 		0.1939 		1.75
v -0.2624 		0.2508 		1.75
v -0.603 		1.1465 		1.75
v -0.9509 		0.1949 		1.75
v -0.2721 		0.2381 		1.75
v -0.6078 		1.1452 		1.75
v -0.9461 		0.1963 		1.75
v -0.2831 		0.2277 		1.75
v -0.6123 		1.1436 		1.75
v -0.9415 		1.1435 		1.75
v -0.9415 		0.198 		1.75
v -0.2954 		0.2192 		1.75
v -0.6166 		1.1417 		1.75
v -0.9372 		1.1414 		1.75
v -0.9372 		0.2001 		1.75
v -0.3091 		0.2126 		1.75
v -0.6207 		1.1395 		1.75
v -0.9332 		1.139 		1.75
v -0.9332 		0.2025 		1.75
v -0.3242 		0.2078 		1.75
v -0.6244 		1.1369 		1.75
v -0.9294 		1.1361 		1.75
v -0.9294 		0.2054 		1.75
v -0.3407 		0.205 		1.75
v -0.9259 		0.2086 		1.75
v -0.3585 		0.204 		1.75
v -0.628 		1.134 		1.75
v -0.9222 		0.2126 		1.75
v -0.6519 		0.204 		1.75
v -0.6316 		1.1304 		1.75
v -0.9189 		0.217 		1.75
v -0.6351 		1.1262 		1.75
v -0.9159 		0.2219 		1.75
v -0.6382 		1.1215 		1.75
v -0.9132 		0.2273 		1.75
v -0.6411 		1.1163 		1.75
v -0.9109 		0.2331 		1.75
v -0.6438 		1.1107 		1.75
v -0.9088 		0.2393 		1.75
v -0.6462 		1.1045 		1.75
v -0.9067 		0.2465 		1.75
v -0.6479 		1.098 		1.75
v -0.6493 		1.0908 		1.75
v -0.905 		0.2544 		1.75
v -0.6504 		1.0829 		1.75
v -0.9037 		0.2632 		1.75
v -0.6512 		1.0742 		1.75
v -0.9027 		0.2726 		1.75
v -0.6517 		1.0647 		1.75
v -0.9022 		0.2829 		1.75
v -0.6519 		1.0545 		1.75
v -0.902 		0.2939 		1.75
v -0.9259 		1.1329 		1.75
v -0.902 		1.0476 		1.75
v -0.9222 		1.1289 		1.75
v -0.9022 		1.0586 		1.75
v -0.9189 		1.1244 		1.75
v -0.9027 		1.0689 		1.75
v -0.9159 		1.1195 		1.75
v -0.9037 		1.0783 		1.75
v -0.9132 		1.1142 		1.75
v -0.905 		1.087 		1.75
v -0.9109 		1.1084 		1.75
v -0.9067 		1.095 		1.75
v -0.9088 		1.1022 		1.75
v -1.0498 		0.1915 		2.3185
v -1.0498 		0.1074 		2.3185
v -0.1198 		0.1074 		2.3185
v -0.1198 		0.4598 		2.3185
v -0.2016 		0.4598 		2.3185
v -0.5711 		1.1511 		2.3185
v -0.5041 		1.1511 		2.3185
v -0.5041 		1.2341 		2.3185
v -1.0498 		1.2341 		2.3185
v -1.0498 		1.1511 		2.3185
v -0.9559 		1.1479 		2.3185
v -0.9509 		1.1465 		2.3185
v -0.9461 		1.1452 		2.3185
v -0.9838 		0.1915 		2.3185
v -0.2278 		0.3405 		2.3185
v -0.5764 		1.151 		2.3185
v -0.9838 		1.1511 		2.3185
v -0.9779 		0.1916 		2.3185
v -0.2328 		0.319 		2.3185
v -0.5817 		1.1506 		2.3185
v -0.9779 		1.151 		2.3185
v -0.9721 		0.1919 		2.3185
v -0.2388 		0.2993 		2.3185
v -0.5871 		1.15 		2.3185
v -0.9721 		1.1506 		2.3185
v -0.9665 		0.1924 		2.3185
v -0.2457 		0.2813 		2.3185
v -0.5924 		1.1491 		2.3185
v -0.9665 		1.15 		2.3185
v -0.9611 		0.193 		2.3185
v -0.2536 		0.2652 		2.3185
v -0.5977 		1.1479 		2.3185
v -0.9611 		1.1491 		2.3185
v -0.9559 		0.1939 		2.3185
v -0.2624 		0.2508 		2.3185
v -0.603 		1.1465 		2.3185
v -0.9509 		0.1949 		2.3185
v -0.2721 		0.2381 		2.3185
v -0.6078 		1.1452 		2.3185
v -0.9461 		0.1963 		2.3185
v -0.2831 		0.2277 		2.3185
v -0.6123 		1.1436 		2.3185
v -0.9415 		1.1435 		2.3185
v -0.9415 		0.198 		2.3185
v -0.2954 		0.2192 		2.3185
v -0.6166 		1.1417 		2.3185
v -0.9372 		1.1414 		2.3185
v -0.9372 		0.2001 		2.3185
v -0.3091 		0.2126 		2.3185
v -0.6207 		1.1395 		2.3185
v -0.9332 		1.139 		2.3185
v -0.9332 		0.2025 		2.3185
v -0.3242 		0.2078 		2.3185
v -0.6244 		1.1369 		2.3185
v -0.9294 		1.1361 		2.3185
v -0.9294 		0.2054 		2.3185
v -0.3407 		0.205 		2.3185
v -0.9259 		0.2086 		2.3185
v -0.3585 		0.204 		2.3185
v -0.628 		1.134 		2.3185
v -0.9222 		0.2126 		2.3185
v -0.6519 		0.204 		2.3185
v -0.6316 		1.1304 		2.3185
v -0.9189 		0.217 		2.3185
v -0.6351 		1.1262 		2.3185
v -0.9159 		0.2219 		2.3185
v -0.6382 		1.1215 		2.3185
v -0.9132 		0.2273 		2.3185
v -0.6411 		1.1163 		2.3185
v -0.9109 		0.2331 		2.3185
v -0.6438 		1.1107 		2.3185
v -0.9088 		0.2393 		2.3185
v -0.6462 		1.1045 		2.3185
v -0.9067 		0.2465 		2.3185
v -0.6479 		1.098 		2.3185
v -0.6493 		1.0908 		2.3185
v -0.905 		0.2544 		2.3185
v -0.6504 		1.0829 		2.3185
v -0.9037 		0.2632 		2.3185
v -0.6512 		1.0742 		2.3185
v -0.9027 		0.2726 		2.3185
v -0.6517 		1.0647 		2.3185
v -0.9022 		0.2829 		2.3185
v -0.6519 		1.0545 		2.3185
v -0.902 		0.2939 		2.3185
v -0.9259 		1.1329 		2.3185
v -0.902 		1.0476 		2.3185
v -0.9222 		1.1289 		2.3185
v -0.9022 		1.0586 		2.3185
v -0.9189 		1.1244 		2.3185
v -0.9027 		1.0689 		2.3185
v -0.9159 		1.1195 		2.3185
v -0.9037 		1.0783 		2.3185
v -0.9132 		1.1142 		2.3185
v -0.905 		1.087 		2.3185
v -0.9109 		1.1084 		2.3185
v -0.9067 		1.095 		2.3185
v -0.9088 		1.1022 		2.3185
v 0.5283 		0.1074 		1.75
v -0.0175 		0.1074 		1.75
v -0.0175 		0.1915 		1.75
v 0.4612 		0.1915 		1.75
v 0.5283 		0.1915 		1.75
v 0.4343 		1.1468 		1.75
v 0.4294 		1.1454 		1.75
v 0.4242 		1.1441 		1.75
v 0.5283 		1.2341 		1.75
v 0.5283 		1.15 		1.75
v 0.4612 		1.15 		1.75
v -0.0175 		1.15 		1.75
v -0.0175 		1.2341 		1.75
v 0.0863 		1.1441 		1.75
v 0.0815 		1.1454 		1.75
v 0.0764 		1.1468 		1.75
v 0.0485 		0.1915 		1.75
v 0.4556 		0.1916 		1.75
v 0.4556 		1.1498 		1.75
v 0.0485 		1.15 		1.75
v 0.0545 		0.1916 		1.75
v 0.4501 		0.1919 		1.75
v 0.4501 		1.1494 		1.75
v 0.0545 		1.1498 		1.75
v 0.0602 		0.1919 		1.75
v 0.4447 		0.1924 		1.75
v 0.4447 		1.1488 		1.75
v 0.0602 		1.1494 		1.75
v 0.0658 		0.1924 		1.75
v 0.4395 		0.193 		1.75
v 0.4395 		1.1479 		1.75
v 0.0658 		1.1488 		1.75
v 0.0712 		0.193 		1.75
v 0.4343 		0.1939 		1.75
v 0.0712 		1.1479 		1.75
v 0.0764 		0.1939 		1.75
v 0.4294 		0.1949 		1.75
v 0.0815 		0.1949 		1.75
v 0.4242 		0.1963 		1.75
v 0.4194 		1.1424 		1.75
v 0.0863 		0.1963 		1.75
v 0.4194 		0.198 		1.75
v 0.4149 		1.1403 		1.75
v 0.0908 		1.1424 		1.75
v 0.0908 		0.198 		1.75
v 0.4149 		0.2001 		1.75
v 0.4107 		1.1378 		1.75
v 0.0951 		1.1403 		1.75
v 0.0951 		0.2001 		1.75
v 0.4107 		0.2025 		1.75
v 0.4068 		1.135 		1.75
v 0.0991 		1.1378 		1.75
v 0.0991 		0.2025 		1.75
v 0.4068 		0.2054 		1.75
v 0.1029 		0.2054 		1.75
v 0.4032 		1.1318 		1.75
v 0.1065 		0.2086 		1.75
v 0.3996 		1.1277 		1.75
v 0.1101 		0.2126 		1.75
v 0.3963 		1.1233 		1.75
v 0.1134 		0.217 		1.75
v 0.3933 		1.1184 		1.75
v 0.1164 		0.2219 		1.75
v 0.3906 		1.1131 		1.75
v 0.1191 		0.2273 		1.75
v 0.3882 		1.1073 		1.75
v 0.1215 		0.2331 		1.75
v 0.3861 		1.1011 		1.75
v 0.1235 		0.2393 		1.75
v 0.3844 		1.0939 		1.75
v 0.1256 		0.2465 		1.75
v 0.383 		1.0859 		1.75
v 0.1273 		0.2544 		1.75
v 0.3819 		1.0772 		1.75
v 0.1286 		0.2632 		1.75
v 0.3811 		1.0677 		1.75
v 0.1296 		0.2726 		1.75
v 0.3806 		1.0575 		1.75
v 0.1302 		0.2829 		1.75
v 0.3805 		1.0465 		1.75
v 0.1303 		0.2939 		1.75
v 0.1029 		1.135 		1.75
v 0.1065 		1.1318 		1.75
v 0.4032 		0.2086 		1.75
v 0.1101 		1.1277 		1.75
v 0.3996 		0.2126 		1.75
v 0.1134 		1.1233 		1.75
v 0.3963 		0.217 		1.75
v 0.1164 		1.1184 		1.75
v 0.3933 		0.2219 		1.75
v 0.1191 		1.1131 		1.75
v 0.3906 		0.2273 		1.75
v 0.1215 		1.1073 		1.75
v 0.3882 		0.2331 		1.75
v 0.1235 		1.1011 		1.75
v 0.3861 		0.2393 		1.75
v 0.3805 		0.2939 		1.75
v 0.1303 		1.0465 		1.75
v 0.3806 		0.2829 		1.75
v 0.1302 		1.0575 		1.75
v 0.3811 		0.2726 		1.75
v 0.1296 		1.0677 		1.75
v 0.3819 		0.2632 		1.75
v 0.1286 		1.0772 		1.75
v 0.383 		0.2544 		1.75
v 0.1273 		1.0859 		1.75
v 0.3844 		0.2465 		1.75
v 0.1256 		1.0939 		1.75
v -0.0175 		0.1915 		2.3185
v -0.0175 		0.1074 		2.3185
v 0.5283 		0.1074 		2.3185
v 0.5283 		0.1915 		2.3185
v 0.4612 		0.1915 		2.3185
v 0.4242 		1.1441 		2.3185
v 0.4294 		1.1454 		2.3185
v 0.4343 		1.1468 		2.3185
v 0.4612 		1.15 		2.3185
v 0.5283 		1.15 		2.3185
v 0.5283 		1.2341 		2.3185
v -0.0175 		1.2341 		2.3185
v -0.0175 		1.15 		2.3185
v 0.0764 		1.1468 		2.3185
v 0.0815 		1.1454 		2.3185
v 0.0863 		1.1441 		2.3185
v 0.0485 		0.1915 		2.3185
v 0.4556 		0.1916 		2.3185
v 0.4556 		1.1498 		2.3185
v 0.0485 		1.15 		2.3185
v 0.0545 		0.1916 		2.3185
v 0.4501 		0.1919 		2.3185
v 0.4501 		1.1494 		2.3185
v 0.0545 		1.1498 		2.3185
v 0.0602 		0.1919 		2.3185
v 0.4447 		0.1924 		2.3185
v 0.4447 		1.1488 		2.3185
v 0.0602 		1.1494 		2.3185
v 0.0658 		0.1924 		2.3185
v 0.4395 		0.193 		2.3185
v 0.4395 		1.1479 		2.3185
v 0.0658 		1.1488 		2.3185
v 0.0712 		0.193 		2.3185
v 0.4343 		0.1939 		2.3185
v 0.0712 		1.1479 		2.3185
v 0.0764 		0.1939 		2.3185
v 0.4294 		0.1949 		2.3185
v 0.0815 		0.1949 		2.3185
v 0.4242 		0.1963 		2.3185
v 0.4194 		1.1424 		2.3185
v 0.0863 		0.1963 		2.3185
v 0.4194 		0.198 		2.3185
v 0.4149 		1.1403 		2.3185
v 0.0908 		1.1424 		2.3185
v 0.0908 		0.198 		2.3185
v 0.4149 		0.2001 		2.3185
v 0.4107 		1.1378 		2.3185
v 0.0951 		1.1403 		2.3185
v 0.0951 		0.2001 		2.3185
v 0.4107 		0.2025 		2.3185
v 0.4068 		1.135 		2.3185
v 0.0991 		1.1378 		2.3185
v 0.0991 		0.2025 		2.3185
v 0.4068 		0.2054 		2.3185
v 0.1029 		0.2054 		2.3185
v 0.4032 		1.1318 		2.3185
v 0.1065 		0.2086 		2.3185
v 0.3996 		1.1277 		2.3185
v 0.1101 		0.2126 		2.3185
v 0.3963 		1.1233 		2.3185
v 0.1134 		0.217 		2.3185
v 0.3933 		1.1184 		2.3185
v 0.1164 		0.2219 		2.3185
v 0.3906 		1.1131 		2.3185
v 0.1191 		0.2273 		2.3185
v 0.3882 		1.1073 		2.3185
v 0.1215 		0.2331 		2.3185
v 0.3861 		1.1011 		2.3185
v 0.1235 		0.2393 		2.3185
v 0.3844 		1.0939 		2.3185
v 0.1256 		0.2465 		2.3185
v 0.383 		1.0859 		2.3185
v 0.1273 		0.2544 		2.3185
v 0.3819 		1.0772 		2.3185
v 0.1286 		0.2632 		2.3185
v 0.3811 		1.0677 		2.3185
v 0.1296 		0.2726 		2.3185
v 0.3806 		1.0575 		2.3185
v 0.1302 		0.2829 		2.3185
v 0.3805 		1.0465 		2.3185
v 0.1303 		0.2939 		2.3185
v 0.1029 		1.135 		2.3185
v 0.1065 		1.1318 		2.3185
v 0.4032 		0.2086 		2.3185
v 0.1101 		1.1277 		2.3185
v 0.3996 		0.2126 		2.3185
v 0.1134 		1.1233 		2.3185
v 0.3963 		0.217 		2.3185
v 0.1164 		1.1184 		2.3185
v 0.3933 		0.2219 		2.3185
v 0.1191 		1.1131 		2.3185
v 0.3906 		0.2273 		2.3185
v 0.1215 		1.1073 		2.3185
v 0.3882 		0.2331 		2.3185
v 0.1235 		1.1011 		2.3185
v 0.3861 		0.2393 		2.3185
v 0.3805 		0.2939 		2.3185
v 0.1303 		1.0465 		2.3185
v 0.3806 		0.2829 		2.3185
v 0.1302 		1.0575 		2.3185
v 0.3811 		0.2726 		2.3185
v 0.1296 		1.0677 		2.3185
v 0.3819 		0.2632 		2.3185
v 0.1286 		1.0772 		2.3185
v 0.383 		0.2544 		2.3185
v 0.1273 		1.0859 		2.3185
v 0.3844 		0.2465 		2.3185
v 0.1256 		1.0939 		2.3185
v 1.6436 		0.1074 		1.75
v 1.4981 		0.1074 		1.75
v 0.8818 		0.976 		1.75
v 1.6974 		1.1479 		1.75
v 1.6925 		1.1465 		1.75
v 1.6876 		1.1452 		1.75
v 1.7902 		1.2341 		1.75
v 1.7902 		1.1511 		1.75
v 1.7232 		1.1511 		1.75
v 1.3775 		1.1511 		1.75
v 1.3775 		1.2341 		1.75
v 1.479 		1.1452 		1.75
v 1.4742 		1.1465 		1.75
v 1.4692 		1.1479 		1.75
v 0.6169 		1.1511 		1.75
v 0.6169 		1.2341 		1.75
v 0.9671 		1.2341 		1.75
v 0.6169 		0.1074 		1.75
v 0.6169 		0.1915 		1.75
v 0.6829 		0.1915 		1.75
v 1.0296 		0.1915 		1.75
v 1.0296 		0.1074 		1.75
v 1.7179 		1.151 		1.75
v 1.4435 		1.1511 		1.75
v 0.6829 		1.1511 		1.75
v 0.6882 		0.1916 		1.75
v 0.9626 		0.1915 		1.75
v 1.7127 		1.1506 		1.75
v 1.4488 		1.151 		1.75
v 0.6882 		1.151 		1.75
v 0.6934 		0.1919 		1.75
v 0.9573 		0.1916 		1.75
v 1.7075 		1.15 		1.75
v 1.454 		1.1506 		1.75
v 0.6934 		1.1506 		1.75
v 0.6985 		0.1924 		1.75
v 0.952 		0.1919 		1.75
v 1.7024 		1.1491 		1.75
v 1.4591 		1.15 		1.75
v 0.6985 		1.15 		1.75
v 0.7036 		0.193 		1.75
v 0.9466 		0.1924 		1.75
v 1.4642 		1.1491 		1.75
v 0.7036 		1.1491 		1.75
v 0.7086 		0.1939 		1.75
v 0.9413 		0.193 		1.75
v 0.7086 		1.1479 		1.75
v 0.7136 		0.1949 		1.75
v 0.936 		0.1939 		1.75
v 1.683 		1.1435 		1.75
v 0.7136 		1.1465 		1.75
v 0.7184 		0.1963 		1.75
v 0.9307 		0.1949 		1.75
v 1.6785 		1.1414 		1.75
v 1.4837 		1.1436 		1.75
v 0.7181 		1.1452 		1.75
v 0.7231 		0.198 		1.75
v 0.9259 		0.1963 		1.75
v 1.6743 		1.139 		1.75
v 1.4881 		1.1417 		1.75
v 0.7224 		1.1436 		1.75
v 0.7275 		0.2001 		1.75
v 0.9214 		0.198 		1.75
v 1.6702 		1.1361 		1.75
v 1.4924 		1.1395 		1.75
v 0.7267 		1.1417 		1.75
v 0.7318 		0.2025 		1.75
v 0.9171 		0.2001 		1.75
v 0.7308 		1.1395 		1.75
v 0.7358 		0.2054 		1.75
v 0.913 		0.2025 		1.75
v 1.6663 		1.1329 		1.75
v 0.7347 		1.1369 		1.75
v 1.6627 		1.1289 		1.75
v 0.7386 		1.134 		1.75
v 0.7397 		0.2086 		1.75
v 1.6594 		1.1244 		1.75
v 1.5253 		0.4462 		1.75
v 0.7434 		0.2126 		1.75
v 1.6564 		1.1195 		1.75
v 0.7423 		1.1304 		1.75
v 0.7467 		0.217 		1.75
v 1.6537 		1.1142 		1.75
v 0.7457 		1.1262 		1.75
v 0.7497 		0.2219 		1.75
v 1.6513 		1.1084 		1.75
v 0.7488 		1.1215 		1.75
v 0.7524 		0.2273 		1.75
v 1.6493 		1.1022 		1.75
v 0.7517 		1.1163 		1.75
v 0.7547 		0.2331 		1.75
v 1.6475 		1.095 		1.75
v 0.7544 		1.1107 		1.75
v 0.7568 		0.2393 		1.75
v 1.6461 		1.087 		1.75
v 0.7568 		1.1045 		1.75
v 0.7589 		0.2465 		1.75
v 1.645 		1.0783 		1.75
v 0.7589 		1.098 		1.75
v 0.7606 		0.2544 		1.75
v 1.6442 		1.0689 		1.75
v 0.7606 		1.0908 		1.75
v 0.7619 		0.2632 		1.75
v 1.6437 		1.0586 		1.75
v 0.7619 		1.0829 		1.75
v 0.7628 		0.2726 		1.75
v 1.6436 		1.0476 		1.75
v 0.7628 		1.0742 		1.75
v 0.7634 		0.2829 		1.75
v 1.4964 		1.1369 		1.75
v 0.7636 		0.2939 		1.75
v 1.5003 		1.134 		1.75
v 0.9093 		0.2054 		1.75
v 1.504 		1.1304 		1.75
v 0.9057 		0.2086 		1.75
v 1.5074 		1.1262 		1.75
v 0.9021 		0.2126 		1.75
v 1.5106 		1.1215 		1.75
v 0.8986 		0.217 		1.75
v 1.5135 		1.1163 		1.75
v 0.8955 		0.2219 		1.75
v 1.5161 		1.1107 		1.75
v 0.8926 		0.2273 		1.75
v 1.5185 		1.1045 		1.75
v 0.8899 		0.2331 		1.75
v 1.5206 		1.098 		1.75
v 0.8875 		0.2393 		1.75
v 1.5223 		1.0908 		1.75
v 0.8858 		0.2465 		1.75
v 1.5236 		1.0829 		1.75
v 0.8844 		0.2544 		1.75
v 0.7636 		1.0545 		1.75
v 1.5246 		1.0742 		1.75
v 0.7634 		1.0647 		1.75
v 1.5251 		1.0647 		1.75
v 1.5253 		1.0545 		1.75
v 0.8833 		0.2632 		1.75
v 0.8825 		0.2726 		1.75
v 0.882 		0.2829 		1.75
v 0.8818 		0.2939 		1.75
v 0.8818 		0.976 		2.3185
v 1.4981 		0.1074 		2.3185
v 1.6436 		0.1074 		2.3185
v 1.6876 		1.1452 		2.3185
v 1.6925 		1.1465 		2.3185
v 1.6974 		1.1479 		2.3185
v 1.7232 		1.1511 		2.3185
v 1.7902 		1.1511 		2.3185
v 1.7902 		1.2341 		2.3185
v 1.3775 		1.2341 		2.3185
v 1.3775 		1.1511 		2.3185
v 1.4692 		1.1479 		2.3185
v 1.4742 		1.1465 		2.3185
v 1.479 		1.1452 		2.3185
v 0.9671 		1.2341 		2.3185
v 0.6169 		1.2341 		2.3185
v 0.6169 		1.1511 		2.3185
v 0.6829 		0.1915 		2.3185
v 0.6169 		0.1915 		2.3185
v 0.6169 		0.1074 		2.3185
v 1.0296 		0.1074 		2.3185
v 1.0296 		0.1915 		2.3185
v 1.7179 		1.151 		2.3185
v 1.4435 		1.1511 		2.3185
v 0.6829 		1.1511 		2.3185
v 0.6882 		0.1916 		2.3185
v 0.9626 		0.1915 		2.3185
v 1.7127 		1.1506 		2.3185
v 1.4488 		1.151 		2.3185
v 0.6882 		1.151 		2.3185
v 0.6934 		0.1919 		2.3185
v 0.9573 		0.1916 		2.3185
v 1.7075 		1.15 		2.3185
v 1.454 		1.1506 		2.3185
v 0.6934 		1.1506 		2.3185
v 0.6985 		0.1924 		2.3185
v 0.952 		0.1919 		2.3185
v 1.7024 		1.1491 		2.3185
v 1.4591 		1.15 		2.3185
v 0.6985 		1.15 		2.3185
v 0.7036 		0.193 		2.3185
v 0.9466 		0.1924 		2.3185
v 1.4642 		1.1491 		2.3185
v 0.7036 		1.1491 		2.3185
v 0.7086 		0.1939 		2.3185
v 0.9413 		0.193 		2.3185
v 0.7086 		1.1479 		2.3185
v 0.7136 		0.1949 		2.3185
v 0.936 		0.1939 		2.3185
v 1.683 		1.1435 		2.3185
v 0.7136 		1.1465 		2.3185
v 0.7184 		0.1963 		2.3185
v 0.9307 		0.1949 		2.3185
v 1.6785 		1.1414 		2.3185
v 1.4837 		1.1436 		2.3185
v 0.7181 		1.1452 		2.3185
v 0.7231 		0.198 		2.3185
v 0.9259 		0.1963 		2.3185
v 1.6743 		1.139 		2.3185
v 1.4881 		1.1417 		2.3185
v 0.7224 		1.1436 		2.3185
v 0.7275 		0.2001 		2.3185
v 0.9214 		0.198 		2.3185
v 1.6702 		1.1361 		2.3185
v 1.4924 		1.1395 		2.3185
v 0.7267 		1.1417 		2.3185
v 0.7318 		0.2025 		2.3185
v 0.9171 		0.2001 		2.3185
v 0.7308 		1.1395 		2.3185
v 0.7358 		0.2054 		2.3185
v 0.913 		0.2025 		2.3185
v 1.6663 		1.1329 		2.3185
v 0.7347 		1.1369 		2.3185
v 1.6627 		1.1289 		2.3185
v 0.7386 		1.134 		2.3185
v 0.7397 		0.2086 		2.3185
v 1.6594 		1.1244 		2.3185
v 1.5253 		0.4462 		2.3185
v 0.7434 		0.2126 		2.3185
v 1.6564 		1.1195 		2.3185
v 0.7423 		1.1304 		2.3185
v 0.7467 		0.217 		2.3185
v 1.6537 		1.1142 		2.3185
v 0.7457 		1.1262 		2.3185
v 0.7497 		0.2219 		2.3185
v 1.6513 		1.1084 		2.3185
v 0.7488 		1.1215 		2.3185
v 0.7524 		0.2273 		2.3185
v 1.6493 		1.1022 		2.3185
v 0.7517 		1.1163 		2.3185
v 0.7547 		0.2331 		2.3185
v 1.6475 		1.095 		2.3185
v 0.7544 		1.1107 		2.3185
v 0.7568 		0.2393 		2.3185
v 1.6461 		1.087 		2.3185
v 0.7568 		1.1045 		2.3185
v 0.7589 		0.2465 		2.3185
v 1.645 		1.0783 		2.3185
v 0.7589 		1.098 		2.3185
v 0.7606 		0.2544 		2.3185
v 1.6442 		1.0689 		2.3185
v 0.7606 		1.0908 		2.3185
v 0.7619 		0.2632 		2.3185
v 1.6437 		1.0586 		2.3185
v 0.7619 		1.0829 		2.3185
v 0.7628 		0.2726 		2.3185
v 1.6436 		1.0476 		2.3185
v 0.7628 		1.0742 		2.3185
v 0.7634 		0.2829 		2.3185
v 1.4964 		1.1369 		2.3185
v 0.7636 		0.2939 		2.3185
v 1.5003 		1.134 		2.3185
v 0.9093 		0.2054 		2.3185
v 1.504 		1.1304 		2.3185
v 0.9057 		0.2086 		2.3185
v 1.5074 		1.1262 		2.3185
v 0.9021 		0.2126 		2.3185
v 1.5106 		1.1215 		2.3185
v 0.8986 		0.217 		2.3185
v 1.5135 		1.1163 		2.3185
v 0.8955 		0.2219 		2.3185
v 1.5161 		1.1107 		2.3185
v 0.8926 		0.2273 		2.3185
v 1.5185 		1.1045 		2.3185
v 0.8899 		0.2331 		2.3185
v 1.5206 		1.098 		2.3185
v 0.8875 		0.2393 		2.3185
v 1.5223 		1.0908 		2.3185
v 0.8858 		0.2465 		2.3185
v 1.5236 		1.0829 		2.3185
v 0.8844 		0.2544 		2.3185
v 0.7636 		1.0545 		2.3185
v 1.5246 		1.0742 		2.3185
v 0.7634 		1.0647 		2.3185
v 1.5251 		1.0647 		2.3185
v 1.5253 		1.0545 		2.3185
v 0.8833 		0.2632 		2.3185
v 0.8825 		0.2726 		2.3185
v 0.882 		0.2829 		2.3185
v 0.8818 		0.2939 		2.3185
v 2.8282 		0.9271 		1.75
v 2.7259 		0.9271 		1.75
v 2.7146 		1.0249 		1.75
v 1.938 		0.9271 		1.75
v 1.8357 		0.9271 		1.75
v 1.8357 		1.2341 		1.75
v 1.9503 		1.0335 		1.75
v 1.9494 		1.0249 		1.75
v 2.0597 		0.1074 		1.75
v 2.0597 		0.1915 		1.75
v 2.1256 		0.1915 		1.75
v 2.6054 		0.1915 		1.75
v 2.6054 		0.1074 		1.75
v 2.7133 		1.0335 		1.75
v 2.1316 		0.1916 		1.75
v 2.5383 		0.1915 		1.75
v 2.7119 		1.0418 		1.75
v 1.9516 		1.0418 		1.75
v 2.1374 		0.1919 		1.75
v 2.5327 		0.1916 		1.75
v 2.7103 		1.0499 		1.75
v 1.9531 		1.0499 		1.75
v 2.143 		0.1924 		1.75
v 2.5272 		0.1919 		1.75
v 2.7085 		1.0577 		1.75
v 1.955 		1.0577 		1.75
v 2.1484 		0.193 		1.75
v 2.5218 		0.1924 		1.75
v 2.7065 		1.0653 		1.75
v 1.9571 		1.0653 		1.75
v 2.1536 		0.1939 		1.75
v 2.5166 		0.193 		1.75
v 2.7043 		1.0726 		1.75
v 1.9596 		1.0726 		1.75
v 2.1586 		0.1949 		1.75
v 2.5115 		0.1939 		1.75
v 2.7018 		1.0793 		1.75
v 1.9622 		1.0793 		1.75
v 2.1634 		0.1963 		1.75
v 2.5065 		0.1949 		1.75
v 2.6988 		1.0855 		1.75
v 1.9652 		1.0855 		1.75
v 2.1679 		0.198 		1.75
v 2.5017 		0.1963 		1.75
v 2.6952 		1.0914 		1.75
v 1.9687 		1.0914 		1.75
v 2.1722 		0.2001 		1.75
v 2.497 		0.198 		1.75
v 2.6912 		1.0969 		1.75
v 1.9728 		1.0969 		1.75
v 2.1763 		0.2025 		1.75
v 2.4926 		0.2001 		1.75
v 2.8282 		1.2341 		1.75
v 1.9773 		1.102 		1.75
v 2.1801 		0.2054 		1.75
v 2.4883 		0.2025 		1.75
v 2.6866 		1.102 		1.75
v 1.9824 		1.1067 		1.75
v 2.6816 		1.1067 		1.75
v 1.9876 		1.1115 		1.75
v 2.1836 		0.2086 		1.75
v 2.6764 		1.1115 		1.75
v 1.9932 		1.1158 		1.75
v 2.1872 		0.2126 		1.75
v 2.6707 		1.1158 		1.75
v 1.9994 		1.1198 		1.75
v 2.1906 		0.217 		1.75
v 2.6645 		1.1198 		1.75
v 2.0061 		1.1234 		1.75
v 2.1936 		0.2219 		1.75
v 2.6578 		1.1234 		1.75
v 2.0133 		1.1266 		1.75
v 2.1962 		0.2273 		1.75
v 2.6506 		1.1266 		1.75
v 2.021 		1.1295 		1.75
v 2.1986 		0.2331 		1.75
v 2.6429 		1.1295 		1.75
v 2.0293 		1.1319 		1.75
v 2.2007 		0.2393 		1.75
v 2.6347 		1.1319 		1.75
v 2.0382 		1.1339 		1.75
v 2.2028 		0.2465 		1.75
v 2.6257 		1.1339 		1.75
v 2.0478 		1.1355 		1.75
v 2.2045 		0.2544 		1.75
v 2.6162 		1.1355 		1.75
v 2.2058 		0.2632 		1.75
v 2.606 		1.1366 		1.75
v 2.0579 		1.1366 		1.75
v 2.2067 		0.2726 		1.75
v 2.5952 		1.1372 		1.75
v 2.0687 		1.1372 		1.75
v 2.2073 		0.2829 		1.75
v 2.5838 		1.1374 		1.75
v 2.0802 		1.1374 		1.75
v 2.2075 		0.2939 		1.75
v 2.4576 		1.1374 		1.75
v 2.2075 		1.1374 		1.75
v 2.4842 		0.2054 		1.75
v 2.4803 		0.2086 		1.75
v 2.4576 		0.2939 		1.75
v 2.4767 		0.2126 		1.75
v 2.4578 		0.2829 		1.75
v 2.4734 		0.217 		1.75
v 2.4582 		0.2726 		1.75
v 2.4704 		0.2219 		1.75
v 2.459 		0.2632 		1.75
v 2.4677 		0.2273 		1.75
v 2.4601 		0.2544 		1.75
v 2.4653 		0.2331 		1.75
v 2.4616 		0.2465 		1.75
v 2.4633 		0.2393 		1.75
v 2.7146 		1.0249 		2.3185
v 2.7259 		0.9271 		2.3185
v 2.8282 		0.9271 		2.3185
v 1.8357 		1.2341 		2.3185
v 1.8357 		0.9271 		2.3185
v 1.938 		0.9271 		2.3185
v 1.9494 		1.0249 		2.3185
v 1.9503 		1.0335 		2.3185
v 2.1256 		0.1915 		2.3185
v 2.0597 		0.1915 		2.3185
v 2.0597 		0.1074 		2.3185
v 2.6054 		0.1074 		2.3185
v 2.6054 		0.1915 		2.3185
v 2.7133 		1.0335 		2.3185
v 2.1316 		0.1916 		2.3185
v 2.5383 		0.1915 		2.3185
v 2.7119 		1.0418 		2.3185
v 1.9516 		1.0418 		2.3185
v 2.1374 		0.1919 		2.3185
v 2.5327 		0.1916 		2.3185
v 2.7103 		1.0499 		2.3185
v 1.9531 		1.0499 		2.3185
v 2.143 		0.1924 		2.3185
v 2.5272 		0.1919 		2.3185
v 2.7085 		1.0577 		2.3185
v 1.955 		1.0577 		2.3185
v 2.1484 		0.193 		2.3185
v 2.5218 		0.1924 		2.3185
v 2.7065 		1.0653 		2.3185
v 1.9571 		1.0653 		2.3185
v 2.1536 		0.1939 		2.3185
v 2.5166 		0.193 		2.3185
v 2.7043 		1.0726 		2.3185
v 1.9596 		1.0726 		2.3185
v 2.1586 		0.1949 		2.3185
v 2.5115 		0.1939 		2.3185
v 2.7018 		1.0793 		2.3185
v 1.9622 		1.0793 		2.3185
v 2.1634 		0.1963 		2.3185
v 2.5065 		0.1949 		2.3185
v 2.6988 		1.0855 		2.3185
v 1.9652 		1.0855 		2.3185
v 2.1679 		0.198 		2.3185
v 2.5017 		0.1963 		2.3185
v 2.6952 		1.0914 		2.3185
v 1.9687 		1.0914 		2.3185
v 2.1722 		0.2001 		2.3185
v 2.497 		0.198 		2.3185
v 2.6912 		1.0969 		2.3185
v 1.9728 		1.0969 		2.3185
v 2.1763 		0.2025 		2.3185
v 2.4926 		0.2001 		2.3185
v 2.8282 		1.2341 		2.3185
v 1.9773 		1.102 		2.3185
v 2.1801 		0.2054 		2.3185
v 2.4883 		0.2025 		2.3185
v 2.6866 		1.102 		2.3185
v 1.9824 		1.1067 		2.3185
v 2.6816 		1.1067 		2.3185
v 1.9876 		1.1115 		2.3185
v 2.1836 		0.2086 		2.3185
v 2.6764 		1.1115 		2.3185
v 1.9932 		1.1158 		2.3185
v 2.1872 		0.2126 		2.3185
v 2.6707 		1.1158 		2.3185
v 1.9994 		1.1198 		2.3185
v 2.1906 		0.217 		2.3185
v 2.6645 		1.1198 		2.3185
v 2.0061 		1.1234 		2.3185
v 2.1936 		0.2219 		2.3185
v 2.6578 		1.1234 		2.3185
v 2.0133 		1.1266 		2.3185
v 2.1962 		0.2273 		2.3185
v 2.6506 		1.1266 		2.3185
v 2.021 		1.1295 		2.3185
v 2.1986 		0.2331 		2.3185
v 2.6429 		1.1295 		2.3185
v 2.0293 		1.1319 		2.3185
v 2.2007 		0.2393 		2.3185
v 2.6347 		1.1319 		2.3185
v 2.0382 		1.1339 		2.3185
v 2.2028 		0.2465 		2.3185
v 2.6257 		1.1339 		2.3185
v 2.0478 		1.1355 		2.3185
v 2.2045 		0.2544 		2.3185
v 2.6162 		1.1355 		2.3185
v 2.2058 		0.2632 		2.3185
v 2.606 		1.1366 		2.3185
v 2.0579 		1.1366 		2.3185
v 2.2067 		0.2726 		2.3185
v 2.5952 		1.1372 		2.3185
v 2.0687 		1.1372 		2.3185
v 2.2073 		0.2829 		2.3185
v 2.5838 		1.1374 		2.3185
v 2.0802 		1.1374 		2.3185
v 2.2075 		0.2939 		2.3185
v 2.4576 		1.1374 		2.3185
v 2.2075 		1.1374 		2.3185
v 2.4842 		0.2054 		2.3185
v 2.4803 		0.2086 		2.3185
v 2.4576 		0.2939 		2.3185
v 2.4767 		0.2126 		2.3185
v 2.4578 		0.2829 		2.3185
v 2.4734 		0.217 		2.3185
v 2.4582 		0.2726 		2.3185
v 2.4704 		0.2219 		2.3185
v 2.459 		0.2632 		2.3185
v 2.4677 		0.2273 		2.3185
v 2.4601 		0.2544 		2.3185
v 2.4653 		0.2331 		2.3185
v 2.4616 		0.2465 		2.3185
v 2.4633 		0.2393 		2.3185
# 1952 vertices

g group_1_40919

usemtl color_40919
s 0

f 923 	924 	925
f 926 	927 	923
f 928 	929 	926
f 930 	931 	928
f 932 	933 	930
f 934 	935 	932
f 936 	937 	934
f 938 	939 	936
f 940 	941 	938
f 942 	943 	940
f 944 	945 	942
f 946 	947 	944
f 948 	949 	946
f 950 	951 	948
f 952 	953 	950
f 954 	955 	952
f 956 	957 	954
f 958 	959 	956
f 960 	961 	958
f 962 	963 	960
f 964 	965 	962
f 966 	967 	964
f 968 	969 	966
f 970 	971 	968
f 972 	973 	970
f 974 	975 	976
f 977 	978 	974
f 979 	980 	977
f 981 	982 	979
f 983 	984 	981
f 985 	986 	983
f 987 	988 	985
f 989 	990 	987
f 991 	992 	989
f 993 	994 	991
f 995 	996 	993
f 997 	998 	995
f 999 	1000 	997
f 1001 	1002 	999
f 1003 	1004 	1001
f 1005 	1006 	1003
f 1007 	1008 	1005
f 1009 	1010 	1007
f 1011 	1012 	1009
f 1013 	1014 	1011
f 1015 	1016 	1013
f 1017 	1018 	1015
f 1019 	1020 	1017
f 1021 	1022 	1019
f 1023 	1024 	1021
f 1025 	1026 	1023
f 1027 	1028 	1025
f 1029 	1030 	1027
f 1031 	1032 	1029
f 1033 	1034 	1031
f 1035 	1036 	1033
f 1037 	1038 	1035
f 1039 	1040 	1037
f 1041 	1042 	1039
f 1043 	1044 	1041
f 1045 	1046 	1043
f 1047 	1048 	1045
f 1049 	1050 	1047
f 1051 	1052 	1049
f 1053 	1054 	1051
f 1055 	1056 	1053
f 1057 	1058 	1055
f 1059 	1060 	1057
f 1061 	1062 	1059
f 1063 	1064 	1061
f 1065 	1066 	1063
f 1067 	1068 	1065
f 1069 	1070 	1067
f 1071 	1072 	1069
f 1073 	1074 	1075
f 1076 	1077 	1073
f 1078 	1079 	1076
f 1080 	1081 	1078
f 1082 	1083 	1080
f 1084 	1085 	1082
f 1086 	1087 	1084
f 1088 	1089 	1086
f 1090 	1091 	1088
f 1092 	1093 	1090
f 1094 	1095 	1092
f 1096 	1097 	1094
f 1098 	1099 	1096
f 1100 	1101 	1098
f 1102 	1103 	1100
f 1104 	1105 	1102
f 1106 	1107 	1104
f 1108 	1109 	1106
f 1110 	1111 	1108
f 1112 	1113 	1110
f 1114 	1115 	1112
f 1116 	1117 	1114
f 1118 	1119 	1116
f 925 	1120 	1118
f 926 	923 	925
f 930 	928 	926
f 934 	932 	930
f 938 	936 	934
f 942 	940 	938
f 946 	944 	942
f 950 	948 	946
f 954 	952 	950
f 958 	956 	954
f 962 	960 	958
f 966 	964 	962
f 970 	968 	966
f 974 	976 	1121
f 979 	977 	974
f 983 	981 	979
f 987 	985 	983
f 991 	989 	987
f 995 	993 	991
f 999 	997 	995
f 1003 	1001 	999
f 1007 	1005 	1003
f 1011 	1009 	1007
f 1015 	1013 	1011
f 1019 	1017 	1015
f 1023 	1021 	1019
f 1027 	1025 	1023
f 1031 	1029 	1027
f 1035 	1033 	1031
f 1039 	1037 	1035
f 1043 	1041 	1039
f 1047 	1045 	1043
f 1051 	1049 	1047
f 1055 	1053 	1051
f 1059 	1057 	1055
f 1063 	1061 	1059
f 1067 	1065 	1063
f 1071 	1069 	1067
f 1073 	1075 	1122
f 1078 	1076 	1073
f 1082 	1080 	1078
f 1086 	1084 	1082
f 1090 	1088 	1086
f 1094 	1092 	1090
f 1098 	1096 	1094
f 1102 	1100 	1098
f 1106 	1104 	1102
f 1110 	1108 	1106
f 1114 	1112 	1110
f 1118 	1116 	1114
f 926 	925 	1118
f 934 	930 	926
f 942 	938 	934
f 950 	946 	942
f 958 	954 	950
f 966 	962 	958
f 972 	970 	966
f 974 	1121 	1123
f 983 	979 	974
f 991 	987 	983
f 999 	995 	991
f 1007 	1003 	999
f 1015 	1011 	1007
f 1023 	1019 	1015
f 1031 	1027 	1023
f 1039 	1035 	1031
f 1047 	1043 	1039
f 1055 	1051 	1047
f 1063 	1059 	1055
f 1071 	1067 	1063
f 1073 	1122 	1124
f 1082 	1078 	1073
f 1090 	1086 	1082
f 1098 	1094 	1090
f 1106 	1102 	1098
f 1114 	1110 	1106
f 926 	1118 	1114
f 942 	934 	926
f 958 	950 	942
f 972 	966 	958
f 974 	1123 	1125
f 991 	983 	974
f 1007 	999 	991
f 1023 	1015 	1007
f 1039 	1031 	1023
f 1055 	1047 	1039
f 1071 	1063 	1055
f 1073 	1124 	1126
f 1090 	1082 	1073
f 1106 	1098 	1090
f 926 	1114 	1106
f 972 	958 	942
f 974 	1125 	1127
f 1007 	991 	974
f 1071 	1055 	1039
f 1073 	1126 	1128
f 1106 	1090 	1073
f 1129 	972 	942
f 974 	1127 	1130
f 1131 	1071 	1039
f 1106 	1073 	1128
f 1132 	1129 	942
f 974 	1130 	1133
f 1134 	1131 	1039
f 1106 	1128 	1135
f 1136 	1132 	942
f 974 	1133 	1137
f 1138 	1134 	1039
f 1106 	1135 	1139
f 1140 	1136 	942
f 1007 	974 	1137
f 1141 	1138 	1039
f 1106 	1139 	1142
f 1143 	1140 	942
f 1007 	1137 	1144
f 1145 	1141 	1039
f 1106 	1142 	1146
f 1147 	1143 	942
f 1007 	1144 	1148
f 1149 	1145 	1039
f 1106 	1146 	1150
f 1151 	1147 	942
f 1007 	1148 	1152
f 1153 	1149 	1039
f 1106 	1150 	1154
f 1155 	1151 	942
f 1007 	1152 	1156
f 1157 	1153 	1039
f 1106 	1154 	1158
f 1159 	1155 	942
f 1007 	1156 	1160
f 1161 	1157 	1039
f 1106 	1158 	1162
f 1163 	1159 	942
f 1007 	1160 	1164
f 1165 	1161 	1039
f 1106 	1162 	1166
f 1167 	1163 	942
f 1007 	1164 	1168
f 1169 	1165 	1039
f 1106 	1166 	1170
f 1171 	1167 	942
f 1007 	1168 	1172
f 1173 	1169 	1039
f 1106 	1170 	1174
f 1007 	1172 	1175
f 1176 	1173 	1039
f 1106 	1174 	1177
f 1007 	1175 	1178
f 1179 	1176 	1039
f 1106 	1177 	1180
f 1007 	1178 	1181
f 1182 	1179 	1039
f 1106 	1180 	1183
f 1007 	1181 	1184
f 1106 	1183 	1185
f 1007 	1184 	1186
f 1106 	1185 	1187
f 1007 	1186 	1188
f 1106 	1187 	1189
f 1007 	1188 	1190
f 1106 	1189 	1191
f 1007 	1190 	1192
f 1106 	1191 	1193
f 1007 	1192 	1194
f 926 	1106 	1193
f 1023 	1007 	1194
f 926 	1193 	1195
f 1023 	1194 	1196
f 926 	1195 	1197
f 1023 	1196 	1198
f 926 	1197 	1199
f 1023 	1198 	1200
f 926 	1199 	1201
f 1023 	1200 	1202
f 926 	1201 	1203
f 1023 	1202 	1204
f 926 	1203 	1205
f 1023 	1204 	1206
f 926 	1205 	1207
f 1023 	1206 	1208
f 926 	1207 	1209
f 1023 	1208 	1210
f 926 	1209 	1211
f 1023 	1210 	1212
f 926 	1211 	1213
f 1023 	1212 	1214
f 926 	1213 	1215
f 1023 	1214 	1216
f 926 	1215 	1217
f 1023 	1216 	1218
f 926 	1217 	1219
f 1023 	1218 	1220
f 926 	1219 	1221
f 1039 	1023 	1220
f 926 	1221 	1222
f 1039 	1220 	1223
f 926 	1222 	1224
f 1039 	1223 	1225
f 942 	926 	1224
f 1039 	1225 	1226
f 942 	1224 	1227
f 1039 	1226 	1228
f 942 	1227 	1229
f 1039 	1228 	1230
f 942 	1229 	1231
f 1039 	1230 	1232
f 942 	1231 	1233
f 1039 	1232 	1234
f 942 	1233 	1235
f 1039 	1234 	1236
f 942 	1235 	1237
f 1039 	1236 	1238
f 942 	1237 	1239
f 1039 	1238 	1240
f 942 	1239 	1241
f 1039 	1240 	1242
f 942 	1241 	1243
f 1039 	1242 	1244
f 942 	1243 	1245
f 1039 	1244 	1246
f 942 	1245 	1247
f 1039 	1246 	1248
f 942 	1247 	1249
f 1039 	1248 	1250
f 942 	1249 	1251
f 1039 	1250 	1252
f 942 	1251 	1253
f 1039 	1252 	1254
f 942 	1253 	1255
f 1039 	1254 	1256
f 942 	1255 	1182
f 1039 	1256 	1257
f 942 	1182 	1039
f 1039 	1257 	1258
f 1171 	942 	1039
f 1039 	1258 	1171
f 1259 	1260 	1261
f 1261 	1262 	1263
f 1263 	1264 	1265
f 1265 	1266 	1267
f 1267 	1268 	1269
f 1269 	1270 	1271
f 1271 	1272 	1273
f 1273 	1274 	1275
f 1275 	1276 	1277
f 1277 	1278 	1279
f 1279 	1280 	1281
f 1281 	1282 	1283
f 1283 	1284 	1285
f 1285 	1286 	1287
f 1287 	1288 	1289
f 1289 	1290 	1291
f 1291 	1292 	1293
f 1293 	1294 	1295
f 1295 	1296 	1297
f 1297 	1298 	1299
f 1299 	1300 	1301
f 1301 	1302 	1303
f 1303 	1304 	1305
f 1305 	1306 	1307
f 1307 	1308 	1309
f 1310 	1311 	1312
f 1312 	1313 	1314
f 1314 	1315 	1316
f 1316 	1317 	1318
f 1318 	1319 	1320
f 1320 	1321 	1322
f 1322 	1323 	1324
f 1324 	1325 	1326
f 1326 	1327 	1328
f 1328 	1329 	1330
f 1330 	1331 	1332
f 1332 	1333 	1334
f 1334 	1335 	1336
f 1336 	1337 	1338
f 1338 	1339 	1340
f 1340 	1341 	1342
f 1342 	1343 	1344
f 1344 	1345 	1346
f 1346 	1347 	1348
f 1348 	1349 	1350
f 1350 	1351 	1352
f 1352 	1353 	1354
f 1354 	1355 	1356
f 1356 	1357 	1358
f 1358 	1359 	1360
f 1360 	1361 	1362
f 1362 	1363 	1364
f 1364 	1365 	1366
f 1366 	1367 	1368
f 1368 	1369 	1370
f 1370 	1371 	1372
f 1372 	1373 	1374
f 1374 	1375 	1376
f 1376 	1377 	1378
f 1378 	1379 	1380
f 1380 	1381 	1382
f 1382 	1383 	1384
f 1384 	1385 	1386
f 1386 	1387 	1388
f 1388 	1389 	1390
f 1390 	1391 	1392
f 1392 	1393 	1394
f 1394 	1395 	1396
f 1396 	1397 	1398
f 1398 	1399 	1400
f 1400 	1401 	1402
f 1402 	1403 	1404
f 1404 	1405 	1406
f 1406 	1407 	1408
f 1409 	1410 	1411
f 1411 	1412 	1413
f 1413 	1414 	1415
f 1415 	1416 	1417
f 1417 	1418 	1419
f 1419 	1420 	1421
f 1421 	1422 	1423
f 1423 	1424 	1425
f 1425 	1426 	1427
f 1427 	1428 	1429
f 1429 	1430 	1431
f 1431 	1432 	1433
f 1433 	1434 	1435
f 1435 	1436 	1437
f 1437 	1438 	1439
f 1439 	1440 	1441
f 1441 	1442 	1443
f 1443 	1444 	1445
f 1445 	1446 	1447
f 1447 	1448 	1449
f 1449 	1450 	1451
f 1451 	1452 	1453
f 1453 	1454 	1455
f 1455 	1456 	1259
f 1259 	1261 	1263
f 1263 	1265 	1267
f 1267 	1269 	1271
f 1271 	1273 	1275
f 1275 	1277 	1279
f 1279 	1281 	1283
f 1283 	1285 	1287
f 1287 	1289 	1291
f 1291 	1293 	1295
f 1295 	1297 	1299
f 1299 	1301 	1303
f 1303 	1305 	1307
f 1457 	1310 	1312
f 1312 	1314 	1316
f 1316 	1318 	1320
f 1320 	1322 	1324
f 1324 	1326 	1328
f 1328 	1330 	1332
f 1332 	1334 	1336
f 1336 	1338 	1340
f 1340 	1342 	1344
f 1344 	1346 	1348
f 1348 	1350 	1352
f 1352 	1354 	1356
f 1356 	1358 	1360
f 1360 	1362 	1364
f 1364 	1366 	1368
f 1368 	1370 	1372
f 1372 	1374 	1376
f 1376 	1378 	1380
f 1380 	1382 	1384
f 1384 	1386 	1388
f 1388 	1390 	1392
f 1392 	1394 	1396
f 1396 	1398 	1400
f 1400 	1402 	1404
f 1404 	1406 	1408
f 1458 	1409 	1411
f 1411 	1413 	1415
f 1415 	1417 	1419
f 1419 	1421 	1423
f 1423 	1425 	1427
f 1427 	1429 	1431
f 1431 	1433 	1435
f 1435 	1437 	1439
f 1439 	1441 	1443
f 1443 	1445 	1447
f 1447 	1449 	1451
f 1451 	1453 	1455
f 1455 	1259 	1263
f 1263 	1267 	1271
f 1271 	1275 	1279
f 1279 	1283 	1287
f 1287 	1291 	1295
f 1295 	1299 	1303
f 1303 	1307 	1309
f 1459 	1457 	1312
f 1312 	1316 	1320
f 1320 	1324 	1328
f 1328 	1332 	1336
f 1336 	1340 	1344
f 1344 	1348 	1352
f 1352 	1356 	1360
f 1360 	1364 	1368
f 1368 	1372 	1376
f 1376 	1380 	1384
f 1384 	1388 	1392
f 1392 	1396 	1400
f 1400 	1404 	1408
f 1460 	1458 	1411
f 1411 	1415 	1419
f 1419 	1423 	1427
f 1427 	1431 	1435
f 1435 	1439 	1443
f 1443 	1447 	1451
f 1451 	1455 	1263
f 1263 	1271 	1279
f 1279 	1287 	1295
f 1295 	1303 	1309
f 1461 	1459 	1312
f 1312 	1320 	1328
f 1328 	1336 	1344
f 1344 	1352 	1360
f 1360 	1368 	1376
f 1376 	1384 	1392
f 1392 	1400 	1408
f 1462 	1460 	1411
f 1411 	1419 	1427
f 1427 	1435 	1443
f 1443 	1451 	1263
f 1279 	1295 	1309
f 1463 	1461 	1312
f 1312 	1328 	1344
f 1376 	1392 	1408
f 1464 	1462 	1411
f 1411 	1427 	1443
f 1279 	1309 	1465
f 1466 	1463 	1312
f 1376 	1408 	1467
f 1464 	1411 	1443
f 1279 	1465 	1468
f 1469 	1466 	1312
f 1376 	1467 	1470
f 1471 	1464 	1443
f 1279 	1468 	1472
f 1473 	1469 	1312
f 1376 	1470 	1474
f 1475 	1471 	1443
f 1279 	1472 	1476
f 1473 	1312 	1344
f 1376 	1474 	1477
f 1478 	1475 	1443
f 1279 	1476 	1479
f 1480 	1473 	1344
f 1376 	1477 	1481
f 1482 	1478 	1443
f 1279 	1479 	1483
f 1484 	1480 	1344
f 1376 	1481 	1485
f 1486 	1482 	1443
f 1279 	1483 	1487
f 1488 	1484 	1344
f 1376 	1485 	1489
f 1490 	1486 	1443
f 1279 	1487 	1491
f 1492 	1488 	1344
f 1376 	1489 	1493
f 1494 	1490 	1443
f 1279 	1491 	1495
f 1496 	1492 	1344
f 1376 	1493 	1497
f 1498 	1494 	1443
f 1279 	1495 	1499
f 1500 	1496 	1344
f 1376 	1497 	1501
f 1502 	1498 	1443
f 1279 	1499 	1503
f 1504 	1500 	1344
f 1376 	1501 	1505
f 1506 	1502 	1443
f 1279 	1503 	1507
f 1508 	1504 	1344
f 1376 	1505 	1509
f 1510 	1506 	1443
f 1511 	1508 	1344
f 1376 	1509 	1512
f 1513 	1510 	1443
f 1514 	1511 	1344
f 1376 	1512 	1515
f 1516 	1513 	1443
f 1517 	1514 	1344
f 1376 	1515 	1518
f 1519 	1516 	1443
f 1520 	1517 	1344
f 1521 	1519 	1443
f 1522 	1520 	1344
f 1523 	1521 	1443
f 1524 	1522 	1344
f 1525 	1523 	1443
f 1526 	1524 	1344
f 1527 	1525 	1443
f 1528 	1526 	1344
f 1529 	1527 	1443
f 1530 	1528 	1344
f 1529 	1443 	1263
f 1530 	1344 	1360
f 1531 	1529 	1263
f 1532 	1530 	1360
f 1533 	1531 	1263
f 1534 	1532 	1360
f 1535 	1533 	1263
f 1536 	1534 	1360
f 1537 	1535 	1263
f 1538 	1536 	1360
f 1539 	1537 	1263
f 1540 	1538 	1360
f 1541 	1539 	1263
f 1542 	1540 	1360
f 1543 	1541 	1263
f 1544 	1542 	1360
f 1545 	1543 	1263
f 1546 	1544 	1360
f 1547 	1545 	1263
f 1548 	1546 	1360
f 1549 	1547 	1263
f 1550 	1548 	1360
f 1551 	1549 	1263
f 1552 	1550 	1360
f 1553 	1551 	1263
f 1554 	1552 	1360
f 1555 	1553 	1263
f 1556 	1554 	1360
f 1557 	1555 	1263
f 1556 	1360 	1376
f 1558 	1557 	1263
f 1559 	1556 	1376
f 1560 	1558 	1263
f 1561 	1559 	1376
f 1560 	1263 	1279
f 1562 	1561 	1376
f 1563 	1560 	1279
f 1564 	1562 	1376
f 1565 	1563 	1279
f 1566 	1564 	1376
f 1567 	1565 	1279
f 1568 	1566 	1376
f 1569 	1567 	1279
f 1570 	1568 	1376
f 1571 	1569 	1279
f 1572 	1570 	1376
f 1573 	1571 	1279
f 1574 	1572 	1376
f 1575 	1573 	1279
f 1576 	1574 	1376
f 1577 	1575 	1279
f 1578 	1576 	1376
f 1579 	1577 	1279
f 1580 	1578 	1376
f 1581 	1579 	1279
f 1582 	1580 	1376
f 1583 	1581 	1279
f 1584 	1582 	1376
f 1585 	1583 	1279
f 1586 	1584 	1376
f 1587 	1585 	1279
f 1588 	1586 	1376
f 1589 	1587 	1279
f 1590 	1588 	1376
f 1591 	1589 	1279
f 1592 	1590 	1376
f 1518 	1591 	1279
f 1593 	1592 	1376
f 1376 	1518 	1279
f 1594 	1593 	1376
f 1376 	1279 	1507
f 1507 	1594 	1376
f 923 	927 	1261
f 927 	1262 	1261
f 927 	926 	1262
f 926 	1263 	1262
f 926 	929 	1263
f 929 	1264 	1263
f 929 	928 	1264
f 928 	1265 	1264
f 928 	931 	1265
f 931 	1266 	1265
f 931 	930 	1266
f 930 	1267 	1266
f 930 	933 	1267
f 933 	1268 	1267
f 933 	932 	1268
f 932 	1269 	1268
f 932 	935 	1269
f 935 	1270 	1269
f 935 	934 	1270
f 934 	1271 	1270
f 934 	937 	1271
f 937 	1272 	1271
f 937 	936 	1272
f 936 	1273 	1272
f 936 	939 	1273
f 939 	1274 	1273
f 939 	938 	1274
f 938 	1275 	1274
f 938 	941 	1275
f 941 	1276 	1275
f 941 	940 	1276
f 940 	1277 	1276
f 940 	943 	1277
f 943 	1278 	1277
f 943 	942 	1278
f 942 	1279 	1278
f 942 	945 	1279
f 945 	1280 	1279
f 945 	944 	1280
f 944 	1281 	1280
f 944 	947 	1281
f 947 	1282 	1281
f 947 	946 	1282
f 946 	1283 	1282
f 946 	949 	1283
f 949 	1284 	1283
f 949 	948 	1284
f 948 	1285 	1284
f 948 	951 	1285
f 951 	1286 	1285
f 951 	950 	1286
f 950 	1287 	1286
f 950 	953 	1287
f 953 	1288 	1287
f 953 	952 	1288
f 952 	1289 	1288
f 952 	955 	1289
f 955 	1290 	1289
f 955 	954 	1290
f 954 	1291 	1290
f 954 	957 	1291
f 957 	1292 	1291
f 957 	956 	1292
f 956 	1293 	1292
f 956 	959 	1293
f 959 	1294 	1293
f 959 	958 	1294
f 958 	1295 	1294
f 958 	961 	1295
f 961 	1296 	1295
f 961 	960 	1296
f 960 	1297 	1296
f 960 	963 	1297
f 963 	1298 	1297
f 963 	962 	1298
f 962 	1299 	1298
f 962 	965 	1299
f 965 	1300 	1299
f 965 	964 	1300
f 964 	1301 	1300
f 964 	967 	1301
f 967 	1302 	1301
f 967 	966 	1302
f 966 	1303 	1302
f 966 	969 	1303
f 969 	1304 	1303
f 969 	968 	1304
f 968 	1305 	1304
f 968 	971 	1305
f 971 	1306 	1305
f 971 	970 	1306
f 970 	1307 	1306
f 970 	973 	1307
f 973 	1308 	1307
f 973 	972 	1308
f 972 	1309 	1308
f 972 	1129 	1309
f 1129 	1465 	1309
f 1129 	1132 	1465
f 1132 	1468 	1465
f 1132 	1136 	1468
f 1136 	1472 	1468
f 1136 	1140 	1472
f 1140 	1476 	1472
f 1140 	1143 	1476
f 1143 	1479 	1476
f 1143 	1147 	1479
f 1147 	1483 	1479
f 1147 	1151 	1483
f 1151 	1487 	1483
f 1151 	1155 	1487
f 1155 	1491 	1487
f 1155 	1159 	1491
f 1159 	1495 	1491
f 1159 	1163 	1495
f 1163 	1499 	1495
f 1163 	1167 	1499
f 1167 	1503 	1499
f 1167 	1171 	1503
f 1171 	1507 	1503
f 1171 	1258 	1507
f 1258 	1594 	1507
f 1258 	1257 	1594
f 1257 	1593 	1594
f 1257 	1256 	1593
f 1256 	1592 	1593
f 1256 	1254 	1592
f 1254 	1590 	1592
f 1254 	1252 	1590
f 1252 	1588 	1590
f 1252 	1250 	1588
f 1250 	1586 	1588
f 1250 	1248 	1586
f 1248 	1584 	1586
f 1248 	1246 	1584
f 1246 	1582 	1584
f 1246 	1244 	1582
f 1244 	1580 	1582
f 1244 	1242 	1580
f 1242 	1578 	1580
f 1242 	1240 	1578
f 1240 	1576 	1578
f 1240 	1238 	1576
f 1238 	1574 	1576
f 1238 	1236 	1574
f 1236 	1572 	1574
f 1236 	1234 	1572
f 1234 	1570 	1572
f 1234 	1232 	1570
f 1232 	1568 	1570
f 1232 	1230 	1568
f 1230 	1566 	1568
f 1230 	1228 	1566
f 1228 	1564 	1566
f 1228 	1226 	1564
f 1226 	1562 	1564
f 1226 	1225 	1562
f 1225 	1561 	1562
f 1225 	1223 	1561
f 1223 	1559 	1561
f 1223 	1220 	1559
f 1220 	1556 	1559
f 1220 	1218 	1556
f 1218 	1554 	1556
f 1218 	1216 	1554
f 1216 	1552 	1554
f 1216 	1214 	1552
f 1214 	1550 	1552
f 1214 	1212 	1550
f 1212 	1548 	1550
f 1212 	1210 	1548
f 1210 	1546 	1548
f 1210 	1208 	1546
f 1208 	1544 	1546
f 1208 	1206 	1544
f 1206 	1542 	1544
f 1206 	1204 	1542
f 1204 	1540 	1542
f 1204 	1202 	1540
f 1202 	1538 	1540
f 1202 	1200 	1538
f 1200 	1536 	1538
f 1200 	1198 	1536
f 1198 	1534 	1536
f 1198 	1196 	1534
f 1196 	1532 	1534
f 1196 	1194 	1532
f 1194 	1530 	1532
f 1194 	1192 	1530
f 1192 	1528 	1530
f 1192 	1190 	1528
f 1190 	1526 	1528
f 1190 	1188 	1526
f 1188 	1524 	1526
f 1188 	1186 	1524
f 1186 	1522 	1524
f 1186 	1184 	1522
f 1184 	1520 	1522
f 1184 	1181 	1520
f 1181 	1517 	1520
f 1181 	1178 	1517
f 1178 	1514 	1517
f 1178 	1175 	1514
f 1175 	1511 	1514
f 1175 	1172 	1511
f 1172 	1508 	1511
f 1172 	1168 	1508
f 1168 	1504 	1508
f 1168 	1164 	1504
f 1164 	1500 	1504
f 1164 	1160 	1500
f 1160 	1496 	1500
f 1160 	1156 	1496
f 1156 	1492 	1496
f 1156 	1152 	1492
f 1152 	1488 	1492
f 1152 	1148 	1488
f 1148 	1484 	1488
f 1148 	1144 	1484
f 1144 	1480 	1484
f 1144 	1137 	1480
f 1137 	1473 	1480
f 1137 	1133 	1473
f 1133 	1469 	1473
f 1133 	1130 	1469
f 1130 	1466 	1469
f 1130 	1127 	1466
f 1127 	1463 	1466
f 1127 	1125 	1463
f 1125 	1461 	1463
f 1125 	1123 	1461
f 1123 	1459 	1461
f 1123 	1121 	1459
f 1121 	1457 	1459
f 1121 	976 	1457
f 976 	1310 	1457
f 976 	975 	1310
f 975 	1311 	1310
f 975 	974 	1311
f 974 	1312 	1311
f 974 	978 	1312
f 978 	1313 	1312
f 978 	977 	1313
f 977 	1314 	1313
f 977 	980 	1314
f 980 	1315 	1314
f 980 	979 	1315
f 979 	1316 	1315
f 979 	982 	1316
f 982 	1317 	1316
f 982 	981 	1317
f 981 	1318 	1317
f 981 	984 	1318
f 984 	1319 	1318
f 984 	983 	1319
f 983 	1320 	1319
f 983 	986 	1320
f 986 	1321 	1320
f 986 	985 	1321
f 985 	1322 	1321
f 985 	988 	1322
f 988 	1323 	1322
f 988 	987 	1323
f 987 	1324 	1323
f 987 	990 	1324
f 990 	1325 	1324
f 990 	989 	1325
f 989 	1326 	1325
f 989 	992 	1326
f 992 	1327 	1326
f 992 	991 	1327
f 991 	1328 	1327
f 991 	994 	1328
f 994 	1329 	1328
f 994 	993 	1329
f 993 	1330 	1329
f 993 	996 	1330
f 996 	1331 	1330
f 996 	995 	1331
f 995 	1332 	1331
f 995 	998 	1332
f 998 	1333 	1332
f 998 	997 	1333
f 997 	1334 	1333
f 997 	1000 	1334
f 1000 	1335 	1334
f 1000 	999 	1335
f 999 	1336 	1335
f 999 	1002 	1336
f 1002 	1337 	1336
f 1002 	1001 	1337
f 1001 	1338 	1337
f 1001 	1004 	1338
f 1004 	1339 	1338
f 1004 	1003 	1339
f 1003 	1340 	1339
f 1003 	1006 	1340
f 1006 	1341 	1340
f 1006 	1005 	1341
f 1005 	1342 	1341
f 1005 	1008 	1342
f 1008 	1343 	1342
f 1008 	1007 	1343
f 1007 	1344 	1343
f 1007 	1010 	1344
f 1010 	1345 	1344
f 1010 	1009 	1345
f 1009 	1346 	1345
f 1009 	1012 	1346
f 1012 	1347 	1346
f 1012 	1011 	1347
f 1011 	1348 	1347
f 1011 	1014 	1348
f 1014 	1349 	1348
f 1014 	1013 	1349
f 1013 	1350 	1349
f 1013 	1016 	1350
f 1016 	1351 	1350
f 1016 	1015 	1351
f 1015 	1352 	1351
f 1015 	1018 	1352
f 1018 	1353 	1352
f 1018 	1017 	1353
f 1017 	1354 	1353
f 1017 	1020 	1354
f 1020 	1355 	1354
f 1020 	1019 	1355
f 1019 	1356 	1355
f 1019 	1022 	1356
f 1022 	1357 	1356
f 1022 	1021 	1357
f 1021 	1358 	1357
f 1021 	1024 	1358
f 1024 	1359 	1358
f 1024 	1023 	1359
f 1023 	1360 	1359
f 1023 	1026 	1360
f 1026 	1361 	1360
f 1026 	1025 	1361
f 1025 	1362 	1361
f 1025 	1028 	1362
f 1028 	1363 	1362
f 1028 	1027 	1363
f 1027 	1364 	1363
f 1027 	1030 	1364
f 1030 	1365 	1364
f 1030 	1029 	1365
f 1029 	1366 	1365
f 1029 	1032 	1366
f 1032 	1367 	1366
f 1032 	1031 	1367
f 1031 	1368 	1367
f 1031 	1034 	1368
f 1034 	1369 	1368
f 1034 	1033 	1369
f 1033 	1370 	1369
f 1033 	1036 	1370
f 1036 	1371 	1370
f 1036 	1035 	1371
f 1035 	1372 	1371
f 1035 	1038 	1372
f 1038 	1373 	1372
f 1038 	1037 	1373
f 1037 	1374 	1373
f 1037 	1040 	1374
f 1040 	1375 	1374
f 1040 	1039 	1375
f 1039 	1376 	1375
f 1039 	1042 	1376
f 1042 	1377 	1376
f 1042 	1041 	1377
f 1041 	1378 	1377
f 1041 	1044 	1378
f 1044 	1379 	1378
f 1044 	1043 	1379
f 1043 	1380 	1379
f 1043 	1046 	1380
f 1046 	1381 	1380
f 1046 	1045 	1381
f 1045 	1382 	1381
f 1045 	1048 	1382
f 1048 	1383 	1382
f 1048 	1047 	1383
f 1047 	1384 	1383
f 1047 	1050 	1384
f 1050 	1385 	1384
f 1050 	1049 	1385
f 1049 	1386 	1385
f 1049 	1052 	1386
f 1052 	1387 	1386
f 1052 	1051 	1387
f 1051 	1388 	1387
f 1051 	1054 	1388
f 1054 	1389 	1388
f 1054 	1053 	1389
f 1053 	1390 	1389
f 1053 	1056 	1390
f 1056 	1391 	1390
f 1056 	1055 	1391
f 1055 	1392 	1391
f 1055 	1058 	1392
f 1058 	1393 	1392
f 1058 	1057 	1393
f 1057 	1394 	1393
f 1057 	1060 	1394
f 1060 	1395 	1394
f 1060 	1059 	1395
f 1059 	1396 	1395
f 1059 	1062 	1396
f 1062 	1397 	1396
f 1062 	1061 	1397
f 1061 	1398 	1397
f 1061 	1064 	1398
f 1064 	1399 	1398
f 1064 	1063 	1399
f 1063 	1400 	1399
f 1063 	1066 	1400
f 1066 	1401 	1400
f 1066 	1065 	1401
f 1065 	1402 	1401
f 1065 	1068 	1402
f 1068 	1403 	1402
f 1068 	1067 	1403
f 1067 	1404 	1403
f 1067 	1070 	1404
f 1070 	1405 	1404
f 1070 	1069 	1405
f 1069 	1406 	1405
f 1069 	1072 	1406
f 1072 	1407 	1406
f 1072 	1071 	1407
f 1071 	1408 	1407
f 1071 	1131 	1408
f 1131 	1467 	1408
f 1131 	1134 	1467
f 1134 	1470 	1467
f 1134 	1138 	1470
f 1138 	1474 	1470
f 1138 	1141 	1474
f 1141 	1477 	1474
f 1141 	1145 	1477
f 1145 	1481 	1477
f 1145 	1149 	1481
f 1149 	1485 	1481
f 1149 	1153 	1485
f 1153 	1489 	1485
f 1153 	1157 	1489
f 1157 	1493 	1489
f 1157 	1161 	1493
f 1161 	1497 	1493
f 1161 	1165 	1497
f 1165 	1501 	1497
f 1165 	1169 	1501
f 1169 	1505 	1501
f 1169 	1173 	1505
f 1173 	1509 	1505
f 1173 	1176 	1509
f 1176 	1512 	1509
f 1176 	1179 	1512
f 1179 	1515 	1512
f 1179 	1182 	1515
f 1182 	1518 	1515
f 1182 	1255 	1518
f 1255 	1591 	1518
f 1255 	1253 	1591
f 1253 	1589 	1591
f 1253 	1251 	1589
f 1251 	1587 	1589
f 1251 	1249 	1587
f 1249 	1585 	1587
f 1249 	1247 	1585
f 1247 	1583 	1585
f 1247 	1245 	1583
f 1245 	1581 	1583
f 1245 	1243 	1581
f 1243 	1579 	1581
f 1243 	1241 	1579
f 1241 	1577 	1579
f 1241 	1239 	1577
f 1239 	1575 	1577
f 1239 	1237 	1575
f 1237 	1573 	1575
f 1237 	1235 	1573
f 1235 	1571 	1573
f 1235 	1233 	1571
f 1233 	1569 	1571
f 1233 	1231 	1569
f 1231 	1567 	1569
f 1231 	1229 	1567
f 1229 	1565 	1567
f 1229 	1227 	1565
f 1227 	1563 	1565
f 1227 	1224 	1563
f 1224 	1560 	1563
f 1224 	1222 	1560
f 1222 	1558 	1560
f 1222 	1221 	1558
f 1221 	1557 	1558
f 1221 	1219 	1557
f 1219 	1555 	1557
f 1219 	1217 	1555
f 1217 	1553 	1555
f 1217 	1215 	1553
f 1215 	1551 	1553
f 1215 	1213 	1551
f 1213 	1549 	1551
f 1213 	1211 	1549
f 1211 	1547 	1549
f 1211 	1209 	1547
f 1209 	1545 	1547
f 1209 	1207 	1545
f 1207 	1543 	1545
f 1207 	1205 	1543
f 1205 	1541 	1543
f 1205 	1203 	1541
f 1203 	1539 	1541
f 1203 	1201 	1539
f 1201 	1537 	1539
f 1201 	1199 	1537
f 1199 	1535 	1537
f 1199 	1197 	1535
f 1197 	1533 	1535
f 1197 	1195 	1533
f 1195 	1531 	1533
f 1195 	1193 	1531
f 1193 	1529 	1531
f 1193 	1191 	1529
f 1191 	1527 	1529
f 1191 	1189 	1527
f 1189 	1525 	1527
f 1189 	1187 	1525
f 1187 	1523 	1525
f 1187 	1185 	1523
f 1185 	1521 	1523
f 1185 	1183 	1521
f 1183 	1519 	1521
f 1183 	1180 	1519
f 1180 	1516 	1519
f 1180 	1177 	1516
f 1177 	1513 	1516
f 1177 	1174 	1513
f 1174 	1510 	1513
f 1174 	1170 	1510
f 1170 	1506 	1510
f 1170 	1166 	1506
f 1166 	1502 	1506
f 1166 	1162 	1502
f 1162 	1498 	1502
f 1162 	1158 	1498
f 1158 	1494 	1498
f 1158 	1154 	1494
f 1154 	1490 	1494
f 1154 	1150 	1490
f 1150 	1486 	1490
f 1150 	1146 	1486
f 1146 	1482 	1486
f 1146 	1142 	1482
f 1142 	1478 	1482
f 1142 	1139 	1478
f 1139 	1475 	1478
f 1139 	1135 	1475
f 1135 	1471 	1475
f 1135 	1128 	1471
f 1128 	1464 	1471
f 1128 	1126 	1464
f 1126 	1462 	1464
f 1126 	1124 	1462
f 1124 	1460 	1462
f 1124 	1122 	1460
f 1122 	1458 	1460
f 1122 	1075 	1458
f 1075 	1409 	1458
f 1075 	1074 	1409
f 1074 	1410 	1409
f 1074 	1073 	1410
f 1073 	1411 	1410
f 1073 	1077 	1411
f 1077 	1412 	1411
f 1077 	1076 	1412
f 1076 	1413 	1412
f 1076 	1079 	1413
f 1079 	1414 	1413
f 1079 	1078 	1414
f 1078 	1415 	1414
f 1078 	1081 	1415
f 1081 	1416 	1415
f 1081 	1080 	1416
f 1080 	1417 	1416
f 1080 	1083 	1417
f 1083 	1418 	1417
f 1083 	1082 	1418
f 1082 	1419 	1418
f 1082 	1085 	1419
f 1085 	1420 	1419
f 1085 	1084 	1420
f 1084 	1421 	1420
f 1084 	1087 	1421
f 1087 	1422 	1421
f 1087 	1086 	1422
f 1086 	1423 	1422
f 1086 	1089 	1423
f 1089 	1424 	1423
f 1089 	1088 	1424
f 1088 	1425 	1424
f 1088 	1091 	1425
f 1091 	1426 	1425
f 1091 	1090 	1426
f 1090 	1427 	1426
f 1090 	1093 	1427
f 1093 	1428 	1427
f 1093 	1092 	1428
f 1092 	1429 	1428
f 1092 	1095 	1429
f 1095 	1430 	1429
f 1095 	1094 	1430
f 1094 	1431 	1430
f 1094 	1097 	1431
f 1097 	1432 	1431
f 1097 	1096 	1432
f 1096 	1433 	1432
f 1096 	1099 	1433
f 1099 	1434 	1433
f 1099 	1098 	1434
f 1098 	1435 	1434
f 1098 	1101 	1435
f 1101 	1436 	1435
f 1101 	1100 	1436
f 1100 	1437 	1436
f 1100 	1103 	1437
f 1103 	1438 	1437
f 1103 	1102 	1438
f 1102 	1439 	1438
f 1102 	1105 	1439
f 1105 	1440 	1439
f 1105 	1104 	1440
f 1104 	1441 	1440
f 1104 	1107 	1441
f 1107 	1442 	1441
f 1107 	1106 	1442
f 1106 	1443 	1442
f 1106 	1109 	1443
f 1109 	1444 	1443
f 1109 	1108 	1444
f 1108 	1445 	1444
f 1108 	1111 	1445
f 1111 	1446 	1445
f 1111 	1110 	1446
f 1110 	1447 	1446
f 1110 	1113 	1447
f 1113 	1448 	1447
f 1113 	1112 	1448
f 1112 	1449 	1448
f 1112 	1115 	1449
f 1115 	1450 	1449
f 1115 	1114 	1450
f 1114 	1451 	1450
f 1114 	1117 	1451
f 1117 	1452 	1451
f 1117 	1116 	1452
f 1116 	1453 	1452
f 1116 	1119 	1453
f 1119 	1454 	1453
f 1119 	1118 	1454
f 1118 	1455 	1454
f 1118 	1120 	1455
f 1120 	1456 	1455
f 1120 	925 	1456
f 925 	1259 	1456
f 925 	924 	1259
f 924 	1260 	1259
f 924 	923 	1260
f 923 	1261 	1260
f 1595 	1596 	1597
f 1598 	1599 	1595
f 1600 	1601 	1598
f 1602 	1603 	1600
f 1604 	1605 	1602
f 1606 	1607 	1604
f 1608 	1609 	1606
f 1610 	1611 	1608
f 1612 	1613 	1610
f 1614 	1615 	1612
f 1616 	1617 	1614
f 1618 	1619 	1616
f 1620 	1621 	1618
f 1622 	1623 	1624
f 1623 	1622 	1625
f 1626 	1627 	1628
f 1629 	1630 	1626
f 1631 	1632 	1633
f 1634 	1635 	1631
f 1636 	1637 	1634
f 1638 	1639 	1636
f 1640 	1641 	1638
f 1642 	1643 	1640
f 1644 	1645 	1642
f 1646 	1647 	1644
f 1648 	1649 	1646
f 1650 	1651 	1648
f 1652 	1653 	1650
f 1654 	1655 	1652
f 1595 	1597 	1654
f 1600 	1598 	1595
f 1604 	1602 	1600
f 1608 	1606 	1604
f 1612 	1610 	1608
f 1616 	1614 	1612
f 1620 	1618 	1616
f 1622 	1624 	1656
f 1623 	1625 	1657
f 1626 	1628 	1658
f 1659 	1629 	1626
f 1634 	1631 	1633
f 1638 	1636 	1634
f 1642 	1640 	1638
f 1646 	1644 	1642
f 1650 	1648 	1646
f 1654 	1652 	1650
f 1600 	1595 	1654
f 1608 	1604 	1600
f 1616 	1612 	1608
f 1660 	1620 	1616
f 1622 	1656 	1661
f 1623 	1657 	1662
f 1626 	1658 	1663
f 1664 	1659 	1626
f 1638 	1634 	1633
f 1646 	1642 	1638
f 1654 	1650 	1646
f 1608 	1600 	1654
f 1660 	1616 	1608
f 1622 	1661 	1665
f 1623 	1662 	1666
f 1626 	1663 	1667
f 1668 	1664 	1626
f 1646 	1638 	1633
f 1608 	1654 	1646
f 1669 	1660 	1608
f 1622 	1665 	1670
f 1671 	1623 	1666
f 1626 	1667 	1672
f 1673 	1668 	1626
f 1674 	1669 	1608
f 1622 	1670 	1675
f 1626 	1672 	1676
f 1677 	1673 	1626
f 1678 	1674 	1608
f 1622 	1675 	1679
f 1626 	1676 	1680
f 1681 	1677 	1626
f 1682 	1678 	1608
f 1622 	1679 	1683
f 1626 	1680 	1684
f 1685 	1681 	1626
f 1686 	1682 	1608
f 1622 	1683 	1687
f 1626 	1684 	1688
f 1689 	1685 	1626
f 1690 	1686 	1608
f 1622 	1687 	1691
f 1626 	1688 	1692
f 1693 	1689 	1626
f 1694 	1690 	1608
f 1695 	1622 	1691
f 1626 	1692 	1696
f 1697 	1693 	1626
f 1698 	1694 	1608
f 1695 	1691 	1699
f 1626 	1696 	1700
f 1701 	1697 	1626
f 1702 	1698 	1608
f 1695 	1699 	1703
f 1701 	1626 	1700
f 1704 	1702 	1608
f 1695 	1703 	1705
f 1701 	1700 	1706
f 1707 	1704 	1608
f 1695 	1705 	1707
f 1701 	1706 	1708
f 1695 	1707 	1608
f 1701 	1708 	1709
f 1710 	1695 	1608
f 1701 	1709 	1711
f 1712 	1710 	1608
f 1701 	1711 	1713
f 1714 	1712 	1608
f 1701 	1713 	1715
f 1716 	1714 	1608
f 1701 	1715 	1717
f 1718 	1716 	1608
f 1701 	1717 	1719
f 1720 	1718 	1608
f 1701 	1719 	1721
f 1722 	1720 	1608
f 1701 	1721 	1723
f 1724 	1722 	1608
f 1701 	1723 	1725
f 1726 	1724 	1608
f 1701 	1725 	1671
f 1727 	1726 	1608
f 1728 	1701 	1671
f 1729 	1727 	1608
f 1730 	1728 	1671
f 1731 	1729 	1608
f 1732 	1730 	1671
f 1733 	1731 	1608
f 1734 	1732 	1671
f 1735 	1733 	1608
f 1736 	1734 	1671
f 1735 	1608 	1646
f 1737 	1736 	1671
f 1738 	1735 	1646
f 1739 	1737 	1671
f 1740 	1738 	1646
f 1741 	1739 	1671
f 1742 	1740 	1646
f 1743 	1741 	1671
f 1744 	1742 	1646
f 1745 	1743 	1671
f 1746 	1744 	1646
f 1747 	1745 	1671
f 1748 	1746 	1646
f 1749 	1747 	1671
f 1750 	1748 	1646
f 1751 	1749 	1671
f 1752 	1750 	1646
f 1753 	1751 	1671
f 1754 	1752 	1646
f 1633 	1753 	1671
f 1755 	1754 	1646
f 1633 	1671 	1666
f 1756 	1755 	1646
f 1633 	1666 	1757
f 1758 	1756 	1646
f 1633 	1757 	1759
f 1760 	1758 	1646
f 1633 	1759 	1761
f 1762 	1760 	1646
f 1633 	1761 	1763
f 1764 	1762 	1646
f 1633 	1763 	1765
f 1766 	1764 	1646
f 1633 	1765 	1767
f 1768 	1766 	1646
f 1646 	1633 	1767
f 1769 	1768 	1646
f 1646 	1767 	1770
f 1771 	1769 	1646
f 1646 	1770 	1772
f 1773 	1771 	1646
f 1646 	1772 	1774
f 1775 	1773 	1646
f 1646 	1774 	1776
f 1776 	1775 	1646
f 1777 	1778 	1779
f 1779 	1780 	1781
f 1781 	1782 	1783
f 1783 	1784 	1785
f 1785 	1786 	1787
f 1787 	1788 	1789
f 1789 	1790 	1791
f 1791 	1792 	1793
f 1793 	1794 	1795
f 1795 	1796 	1797
f 1797 	1798 	1799
f 1799 	1800 	1801
f 1801 	1802 	1803
f 1804 	1805 	1806
f 1807 	1806 	1805
f 1808 	1809 	1810
f 1810 	1811 	1812
f 1813 	1814 	1815
f 1815 	1816 	1817
f 1817 	1818 	1819
f 1819 	1820 	1821
f 1821 	1822 	1823
f 1823 	1824 	1825
f 1825 	1826 	1827
f 1827 	1828 	1829
f 1829 	1830 	1831
f 1831 	1832 	1833
f 1833 	1834 	1835
f 1835 	1836 	1837
f 1837 	1777 	1779
f 1779 	1781 	1783
f 1783 	1785 	1787
f 1787 	1789 	1791
f 1791 	1793 	1795
f 1795 	1797 	1799
f 1799 	1801 	1803
f 1838 	1804 	1806
f 1839 	1807 	1805
f 1840 	1808 	1810
f 1810 	1812 	1841
f 1813 	1815 	1817
f 1817 	1819 	1821
f 1821 	1823 	1825
f 1825 	1827 	1829
f 1829 	1831 	1833
f 1833 	1835 	1837
f 1837 	1779 	1783
f 1783 	1787 	1791
f 1791 	1795 	1799
f 1799 	1803 	1842
f 1843 	1838 	1806
f 1844 	1839 	1805
f 1845 	1840 	1810
f 1810 	1841 	1846
f 1813 	1817 	1821
f 1821 	1825 	1829
f 1829 	1833 	1837
f 1837 	1783 	1791
f 1791 	1799 	1842
f 1847 	1843 	1806
f 1848 	1844 	1805
f 1849 	1845 	1810
f 1810 	1846 	1850
f 1813 	1821 	1829
f 1829 	1837 	1791
f 1791 	1842 	1851
f 1852 	1847 	1806
f 1848 	1805 	1853
f 1854 	1849 	1810
f 1810 	1850 	1855
f 1791 	1851 	1856
f 1857 	1852 	1806
f 1858 	1854 	1810
f 1810 	1855 	1859
f 1791 	1856 	1860
f 1861 	1857 	1806
f 1862 	1858 	1810
f 1810 	1859 	1863
f 1791 	1860 	1864
f 1865 	1861 	1806
f 1866 	1862 	1810
f 1810 	1863 	1867
f 1791 	1864 	1868
f 1869 	1865 	1806
f 1870 	1866 	1810
f 1810 	1867 	1871
f 1791 	1868 	1872
f 1873 	1869 	1806
f 1874 	1870 	1810
f 1810 	1871 	1875
f 1791 	1872 	1876
f 1873 	1806 	1877
f 1878 	1874 	1810
f 1810 	1875 	1879
f 1791 	1876 	1880
f 1881 	1873 	1877
f 1882 	1878 	1810
f 1810 	1879 	1883
f 1791 	1880 	1884
f 1885 	1881 	1877
f 1882 	1810 	1883
f 1791 	1884 	1886
f 1887 	1885 	1877
f 1888 	1882 	1883
f 1791 	1886 	1889
f 1889 	1887 	1877
f 1890 	1888 	1883
f 1791 	1889 	1877
f 1891 	1890 	1883
f 1791 	1877 	1892
f 1893 	1891 	1883
f 1791 	1892 	1894
f 1895 	1893 	1883
f 1791 	1894 	1896
f 1897 	1895 	1883
f 1791 	1896 	1898
f 1899 	1897 	1883
f 1791 	1898 	1900
f 1901 	1899 	1883
f 1791 	1900 	1902
f 1903 	1901 	1883
f 1791 	1902 	1904
f 1905 	1903 	1883
f 1791 	1904 	1906
f 1907 	1905 	1883
f 1791 	1906 	1908
f 1853 	1907 	1883
f 1791 	1908 	1909
f 1853 	1883 	1910
f 1791 	1909 	1911
f 1853 	1910 	1912
f 1791 	1911 	1913
f 1853 	1912 	1914
f 1791 	1913 	1915
f 1853 	1914 	1916
f 1791 	1915 	1917
f 1853 	1916 	1918
f 1829 	1791 	1917
f 1853 	1918 	1919
f 1829 	1917 	1920
f 1853 	1919 	1921
f 1829 	1920 	1922
f 1853 	1921 	1923
f 1829 	1922 	1924
f 1853 	1923 	1925
f 1829 	1924 	1926
f 1853 	1925 	1927
f 1829 	1926 	1928
f 1853 	1927 	1929
f 1829 	1928 	1930
f 1853 	1929 	1931
f 1829 	1930 	1932
f 1853 	1931 	1933
f 1829 	1932 	1934
f 1853 	1933 	1935
f 1829 	1934 	1936
f 1853 	1935 	1813
f 1829 	1936 	1937
f 1848 	1853 	1813
f 1829 	1937 	1938
f 1939 	1848 	1813
f 1829 	1938 	1940
f 1941 	1939 	1813
f 1829 	1940 	1942
f 1943 	1941 	1813
f 1829 	1942 	1944
f 1945 	1943 	1813
f 1829 	1944 	1946
f 1947 	1945 	1813
f 1829 	1946 	1948
f 1949 	1947 	1813
f 1829 	1948 	1950
f 1949 	1813 	1829
f 1829 	1950 	1951
f 1952 	1949 	1829
f 1829 	1951 	1953
f 1954 	1952 	1829
f 1829 	1953 	1955
f 1956 	1954 	1829
f 1829 	1955 	1957
f 1958 	1956 	1829
f 1829 	1957 	1958
f 1596 	1595 	1778
f 1595 	1779 	1778
f 1595 	1599 	1779
f 1599 	1780 	1779
f 1599 	1598 	1780
f 1598 	1781 	1780
f 1598 	1601 	1781
f 1601 	1782 	1781
f 1601 	1600 	1782
f 1600 	1783 	1782
f 1600 	1603 	1783
f 1603 	1784 	1783
f 1603 	1602 	1784
f 1602 	1785 	1784
f 1602 	1605 	1785
f 1605 	1786 	1785
f 1605 	1604 	1786
f 1604 	1787 	1786
f 1604 	1607 	1787
f 1607 	1788 	1787
f 1607 	1606 	1788
f 1606 	1789 	1788
f 1606 	1609 	1789
f 1609 	1790 	1789
f 1609 	1608 	1790
f 1608 	1791 	1790
f 1608 	1611 	1791
f 1611 	1792 	1791
f 1611 	1610 	1792
f 1610 	1793 	1792
f 1610 	1613 	1793
f 1613 	1794 	1793
f 1613 	1612 	1794
f 1612 	1795 	1794
f 1612 	1615 	1795
f 1615 	1796 	1795
f 1615 	1614 	1796
f 1614 	1797 	1796
f 1614 	1617 	1797
f 1617 	1798 	1797
f 1617 	1616 	1798
f 1616 	1799 	1798
f 1616 	1619 	1799
f 1619 	1800 	1799
f 1619 	1618 	1800
f 1618 	1801 	1800
f 1618 	1621 	1801
f 1621 	1802 	1801
f 1621 	1620 	1802
f 1620 	1803 	1802
f 1620 	1660 	1803
f 1660 	1842 	1803
f 1660 	1669 	1842
f 1669 	1851 	1842
f 1669 	1674 	1851
f 1674 	1856 	1851
f 1674 	1678 	1856
f 1678 	1860 	1856
f 1678 	1682 	1860
f 1682 	1864 	1860
f 1682 	1686 	1864
f 1686 	1868 	1864
f 1686 	1690 	1868
f 1690 	1872 	1868
f 1690 	1694 	1872
f 1694 	1876 	1872
f 1694 	1698 	1876
f 1698 	1880 	1876
f 1698 	1702 	1880
f 1702 	1884 	1880
f 1702 	1704 	1884
f 1704 	1886 	1884
f 1704 	1707 	1886
f 1707 	1889 	1886
f 1707 	1705 	1889
f 1705 	1887 	1889
f 1705 	1703 	1887
f 1703 	1885 	1887
f 1703 	1699 	1885
f 1699 	1881 	1885
f 1699 	1691 	1881
f 1691 	1873 	1881
f 1691 	1687 	1873
f 1687 	1869 	1873
f 1687 	1683 	1869
f 1683 	1865 	1869
f 1683 	1679 	1865
f 1679 	1861 	1865
f 1679 	1675 	1861
f 1675 	1857 	1861
f 1675 	1670 	1857
f 1670 	1852 	1857
f 1670 	1665 	1852
f 1665 	1847 	1852
f 1665 	1661 	1847
f 1661 	1843 	1847
f 1661 	1656 	1843
f 1656 	1838 	1843
f 1656 	1624 	1838
f 1624 	1804 	1838
f 1624 	1623 	1804
f 1623 	1805 	1804
f 1623 	1671 	1805
f 1671 	1853 	1805
f 1671 	1725 	1853
f 1725 	1907 	1853
f 1725 	1723 	1907
f 1723 	1905 	1907
f 1723 	1721 	1905
f 1721 	1903 	1905
f 1721 	1719 	1903
f 1719 	1901 	1903
f 1719 	1717 	1901
f 1717 	1899 	1901
f 1717 	1715 	1899
f 1715 	1897 	1899
f 1715 	1713 	1897
f 1713 	1895 	1897
f 1713 	1711 	1895
f 1711 	1893 	1895
f 1711 	1709 	1893
f 1709 	1891 	1893
f 1709 	1708 	1891
f 1708 	1890 	1891
f 1708 	1706 	1890
f 1706 	1888 	1890
f 1706 	1700 	1888
f 1700 	1882 	1888
f 1700 	1696 	1882
f 1696 	1878 	1882
f 1696 	1692 	1878
f 1692 	1874 	1878
f 1692 	1688 	1874
f 1688 	1870 	1874
f 1688 	1684 	1870
f 1684 	1866 	1870
f 1684 	1680 	1866
f 1680 	1862 	1866
f 1680 	1676 	1862
f 1676 	1858 	1862
f 1676 	1672 	1858
f 1672 	1854 	1858
f 1672 	1667 	1854
f 1667 	1849 	1854
f 1667 	1663 	1849
f 1663 	1845 	1849
f 1663 	1658 	1845
f 1658 	1840 	1845
f 1658 	1628 	1840
f 1628 	1808 	1840
f 1628 	1627 	1808
f 1627 	1809 	1808
f 1627 	1626 	1809
f 1626 	1810 	1809
f 1626 	1630 	1810
f 1630 	1811 	1810
f 1630 	1629 	1811
f 1629 	1812 	1811
f 1629 	1659 	1812
f 1659 	1841 	1812
f 1659 	1664 	1841
f 1664 	1846 	1841
f 1664 	1668 	1846
f 1668 	1850 	1846
f 1668 	1673 	1850
f 1673 	1855 	1850
f 1673 	1677 	1855
f 1677 	1859 	1855
f 1677 	1681 	1859
f 1681 	1863 	1859
f 1681 	1685 	1863
f 1685 	1867 	1863
f 1685 	1689 	1867
f 1689 	1871 	1867
f 1689 	1693 	1871
f 1693 	1875 	1871
f 1693 	1697 	1875
f 1697 	1879 	1875
f 1697 	1701 	1879
f 1701 	1883 	1879
f 1701 	1728 	1883
f 1728 	1910 	1883
f 1728 	1730 	1910
f 1730 	1912 	1910
f 1730 	1732 	1912
f 1732 	1914 	1912
f 1732 	1734 	1914
f 1734 	1916 	1914
f 1734 	1736 	1916
f 1736 	1918 	1916
f 1736 	1737 	1918
f 1737 	1919 	1918
f 1737 	1739 	1919
f 1739 	1921 	1919
f 1739 	1741 	1921
f 1741 	1923 	1921
f 1741 	1743 	1923
f 1743 	1925 	1923
f 1743 	1745 	1925
f 1745 	1927 	1925
f 1745 	1747 	1927
f 1747 	1929 	1927
f 1747 	1749 	1929
f 1749 	1931 	1929
f 1749 	1751 	1931
f 1751 	1933 	1931
f 1751 	1753 	1933
f 1753 	1935 	1933
f 1753 	1633 	1935
f 1633 	1813 	1935
f 1633 	1632 	1813
f 1632 	1814 	1813
f 1632 	1631 	1814
f 1631 	1815 	1814
f 1631 	1635 	1815
f 1635 	1816 	1815
f 1635 	1634 	1816
f 1634 	1817 	1816
f 1634 	1637 	1817
f 1637 	1818 	1817
f 1637 	1636 	1818
f 1636 	1819 	1818
f 1636 	1639 	1819
f 1639 	1820 	1819
f 1639 	1638 	1820
f 1638 	1821 	1820
f 1638 	1641 	1821
f 1641 	1822 	1821
f 1641 	1640 	1822
f 1640 	1823 	1822
f 1640 	1643 	1823
f 1643 	1824 	1823
f 1643 	1642 	1824
f 1642 	1825 	1824
f 1642 	1645 	1825
f 1645 	1826 	1825
f 1645 	1644 	1826
f 1644 	1827 	1826
f 1644 	1647 	1827
f 1647 	1828 	1827
f 1647 	1646 	1828
f 1646 	1829 	1828
f 1646 	1649 	1829
f 1649 	1830 	1829
f 1649 	1648 	1830
f 1648 	1831 	1830
f 1648 	1651 	1831
f 1651 	1832 	1831
f 1651 	1650 	1832
f 1650 	1833 	1832
f 1650 	1653 	1833
f 1653 	1834 	1833
f 1653 	1652 	1834
f 1652 	1835 	1834
f 1652 	1655 	1835
f 1655 	1836 	1835
f 1655 	1654 	1836
f 1654 	1837 	1836
f 1654 	1597 	1837
f 1597 	1777 	1837
f 1597 	1596 	1777
f 1596 	1778 	1777
f 1695 	1710 	1877
f 1710 	1892 	1877
f 1710 	1712 	1892
f 1712 	1894 	1892
f 1712 	1714 	1894
f 1714 	1896 	1894
f 1714 	1716 	1896
f 1716 	1898 	1896
f 1716 	1718 	1898
f 1718 	1900 	1898
f 1718 	1720 	1900
f 1720 	1902 	1900
f 1720 	1722 	1902
f 1722 	1904 	1902
f 1722 	1724 	1904
f 1724 	1906 	1904
f 1724 	1726 	1906
f 1726 	1908 	1906
f 1726 	1727 	1908
f 1727 	1909 	1908
f 1727 	1729 	1909
f 1729 	1911 	1909
f 1729 	1731 	1911
f 1731 	1913 	1911
f 1731 	1733 	1913
f 1733 	1915 	1913
f 1733 	1735 	1915
f 1735 	1917 	1915
f 1735 	1738 	1917
f 1738 	1920 	1917
f 1738 	1740 	1920
f 1740 	1922 	1920
f 1740 	1742 	1922
f 1742 	1924 	1922
f 1742 	1744 	1924
f 1744 	1926 	1924
f 1744 	1746 	1926
f 1746 	1928 	1926
f 1746 	1748 	1928
f 1748 	1930 	1928
f 1748 	1750 	1930
f 1750 	1932 	1930
f 1750 	1752 	1932
f 1752 	1934 	1932
f 1752 	1754 	1934
f 1754 	1936 	1934
f 1754 	1755 	1936
f 1755 	1937 	1936
f 1755 	1756 	1937
f 1756 	1938 	1937
f 1756 	1758 	1938
f 1758 	1940 	1938
f 1758 	1760 	1940
f 1760 	1942 	1940
f 1760 	1762 	1942
f 1762 	1944 	1942
f 1762 	1764 	1944
f 1764 	1946 	1944
f 1764 	1766 	1946
f 1766 	1948 	1946
f 1766 	1768 	1948
f 1768 	1950 	1948
f 1768 	1769 	1950
f 1769 	1951 	1950
f 1769 	1771 	1951
f 1771 	1953 	1951
f 1771 	1773 	1953
f 1773 	1955 	1953
f 1773 	1775 	1955
f 1775 	1957 	1955
f 1775 	1776 	1957
f 1776 	1958 	1957
f 1776 	1774 	1958
f 1774 	1956 	1958
f 1774 	1772 	1956
f 1772 	1954 	1956
f 1772 	1770 	1954
f 1770 	1952 	1954
f 1770 	1767 	1952
f 1767 	1949 	1952
f 1767 	1765 	1949
f 1765 	1947 	1949
f 1765 	1763 	1947
f 1763 	1945 	1947
f 1763 	1761 	1945
f 1761 	1943 	1945
f 1761 	1759 	1943
f 1759 	1941 	1943
f 1759 	1757 	1941
f 1757 	1939 	1941
f 1757 	1666 	1939
f 1666 	1848 	1939
f 1666 	1662 	1848
f 1662 	1844 	1848
f 1662 	1657 	1844
f 1657 	1839 	1844
f 1657 	1625 	1839
f 1625 	1807 	1839
f 1625 	1622 	1807
f 1622 	1806 	1807
f 1622 	1695 	1806
f 1695 	1877 	1806
f 1959 	1960 	1961
f 1962 	1963 	1959
f 1964 	1965 	1966
f 1967 	1968 	1964
f 1969 	1970 	1971
f 1959 	1961 	1972
f 1973 	1962 	1959
f 1964 	1966 	1974
f 1975 	1967 	1964
f 1959 	1972 	1976
f 1977 	1973 	1959
f 1964 	1974 	1978
f 1979 	1975 	1964
f 1959 	1976 	1980
f 1981 	1977 	1959
f 1964 	1978 	1982
f 1983 	1979 	1964
f 1959 	1980 	1984
f 1985 	1981 	1959
f 1964 	1982 	1986
f 1987 	1983 	1964
f 1959 	1984 	1988
f 1989 	1985 	1959
f 1964 	1986 	1990
f 1991 	1987 	1964
f 1959 	1988 	1992
f 1993 	1989 	1959
f 1964 	1990 	1994
f 1971 	1991 	1964
f 1959 	1992 	1995
f 1996 	1993 	1959
f 1964 	1994 	1997
f 1969 	1971 	1964
f 1959 	1995 	1998
f 1999 	1996 	1959
f 1964 	1997 	2000
f 2001 	1969 	1964
f 1959 	1998 	2002
f 2003 	1999 	1959
f 1964 	2000 	2004
f 2005 	2001 	1964
f 1959 	2002 	2006
f 2007 	2003 	1959
f 1964 	2004 	2008
f 2009 	2005 	1964
f 1959 	2006 	2010
f 2011 	2007 	1959
f 1964 	2008 	2012
f 2013 	2009 	1964
f 1959 	2010 	2014
f 2015 	2011 	1959
f 2013 	1964 	2012
f 1959 	2014 	2016
f 2017 	2015 	1959
f 2013 	2012 	2018
f 1959 	2016 	2019
f 2020 	2017 	1959
f 2013 	2018 	2021
f 1959 	2019 	2022
f 2013 	2021 	2023
f 1959 	2022 	2024
f 2013 	2023 	2025
f 1959 	2024 	2026
f 2013 	2025 	2027
f 1959 	2026 	2028
f 2013 	2027 	2029
f 1959 	2028 	2030
f 2013 	2029 	2031
f 1959 	2030 	2032
f 2013 	2031 	2033
f 2020 	1959 	2032
f 2013 	2033 	2034
f 2020 	2032 	2035
f 2013 	2034 	2036
f 2020 	2035 	2037
f 2013 	2036 	2038
f 2020 	2037 	2039
f 2013 	2038 	2040
f 2020 	2039 	2041
f 2013 	2040 	2042
f 2020 	2041 	2043
f 2044 	2013 	2042
f 2020 	2043 	2045
f 2046 	2044 	2042
f 2020 	2045 	2047
f 2048 	2046 	2042
f 2020 	2047 	2049
f 2050 	2048 	2042
f 2020 	2049 	2051
f 2052 	2050 	2042
f 2020 	2051 	2053
f 2054 	2052 	2042
f 2020 	2053 	2055
f 2056 	2054 	2042
f 2042 	2020 	2055
f 2055 	2056 	2042
f 2057 	2058 	2059
f 2059 	2060 	2061
f 2062 	2063 	2064
f 2064 	2065 	2066
f 2067 	2068 	2069
f 2070 	2057 	2059
f 2059 	2061 	2071
f 2072 	2062 	2064
f 2064 	2066 	2073
f 2074 	2070 	2059
f 2059 	2071 	2075
f 2076 	2072 	2064
f 2064 	2073 	2077
f 2078 	2074 	2059
f 2059 	2075 	2079
f 2080 	2076 	2064
f 2064 	2077 	2081
f 2082 	2078 	2059
f 2059 	2079 	2083
f 2084 	2080 	2064
f 2064 	2081 	2085
f 2086 	2082 	2059
f 2059 	2083 	2087
f 2088 	2084 	2064
f 2064 	2085 	2089
f 2090 	2086 	2059
f 2059 	2087 	2091
f 2092 	2088 	2064
f 2064 	2089 	2067
f 2093 	2090 	2059
f 2059 	2091 	2094
f 2095 	2092 	2064
f 2064 	2067 	2069
f 2096 	2093 	2059
f 2059 	2094 	2097
f 2098 	2095 	2064
f 2064 	2069 	2099
f 2100 	2096 	2059
f 2059 	2097 	2101
f 2102 	2098 	2064
f 2064 	2099 	2103
f 2104 	2100 	2059
f 2059 	2101 	2105
f 2106 	2102 	2064
f 2064 	2103 	2107
f 2108 	2104 	2059
f 2059 	2105 	2109
f 2110 	2106 	2064
f 2064 	2107 	2111
f 2112 	2108 	2059
f 2059 	2109 	2113
f 2110 	2064 	2111
f 2114 	2112 	2059
f 2059 	2113 	2115
f 2116 	2110 	2111
f 2117 	2114 	2059
f 2059 	2115 	2118
f 2119 	2116 	2111
f 2120 	2117 	2059
f 2121 	2119 	2111
f 2122 	2120 	2059
f 2123 	2121 	2111
f 2124 	2122 	2059
f 2125 	2123 	2111
f 2126 	2124 	2059
f 2127 	2125 	2111
f 2128 	2126 	2059
f 2129 	2127 	2111
f 2130 	2128 	2059
f 2131 	2129 	2111
f 2130 	2059 	2118
f 2132 	2131 	2111
f 2133 	2130 	2118
f 2134 	2132 	2111
f 2135 	2133 	2118
f 2136 	2134 	2111
f 2137 	2135 	2118
f 2138 	2136 	2111
f 2139 	2137 	2118
f 2140 	2138 	2111
f 2141 	2139 	2118
f 2140 	2111 	2142
f 2143 	2141 	2118
f 2140 	2142 	2144
f 2145 	2143 	2118
f 2140 	2144 	2146
f 2147 	2145 	2118
f 2140 	2146 	2148
f 2149 	2147 	2118
f 2140 	2148 	2150
f 2151 	2149 	2118
f 2140 	2150 	2152
f 2153 	2151 	2118
f 2140 	2152 	2154
f 2153 	2118 	2140
f 2140 	2154 	2153
f 1959 	1963 	2059
f 1963 	2060 	2059
f 1963 	1962 	2060
f 1962 	2061 	2060
f 1962 	1973 	2061
f 1973 	2071 	2061
f 1973 	1977 	2071
f 1977 	2075 	2071
f 1977 	1981 	2075
f 1981 	2079 	2075
f 1981 	1985 	2079
f 1985 	2083 	2079
f 1985 	1989 	2083
f 1989 	2087 	2083
f 1989 	1993 	2087
f 1993 	2091 	2087
f 1993 	1996 	2091
f 1996 	2094 	2091
f 1996 	1999 	2094
f 1999 	2097 	2094
f 1999 	2003 	2097
f 2003 	2101 	2097
f 2003 	2007 	2101
f 2007 	2105 	2101
f 2007 	2011 	2105
f 2011 	2109 	2105
f 2011 	2015 	2109
f 2015 	2113 	2109
f 2015 	2017 	2113
f 2017 	2115 	2113
f 2017 	2020 	2115
f 2020 	2118 	2115
f 2020 	2042 	2118
f 2042 	2140 	2118
f 2042 	2040 	2140
f 2040 	2138 	2140
f 2040 	2038 	2138
f 2038 	2136 	2138
f 2038 	2036 	2136
f 2036 	2134 	2136
f 2036 	2034 	2134
f 2034 	2132 	2134
f 2034 	2033 	2132
f 2033 	2131 	2132
f 2033 	2031 	2131
f 2031 	2129 	2131
f 2031 	2029 	2129
f 2029 	2127 	2129
f 2029 	2027 	2127
f 2027 	2125 	2127
f 2027 	2025 	2125
f 2025 	2123 	2125
f 2025 	2023 	2123
f 2023 	2121 	2123
f 2023 	2021 	2121
f 2021 	2119 	2121
f 2021 	2018 	2119
f 2018 	2116 	2119
f 2018 	2012 	2116
f 2012 	2110 	2116
f 2012 	2008 	2110
f 2008 	2106 	2110
f 2008 	2004 	2106
f 2004 	2102 	2106
f 2004 	2000 	2102
f 2000 	2098 	2102
f 2000 	1997 	2098
f 1997 	2095 	2098
f 1997 	1994 	2095
f 1994 	2092 	2095
f 1994 	1990 	2092
f 1990 	2088 	2092
f 1990 	1986 	2088
f 1986 	2084 	2088
f 1986 	1982 	2084
f 1982 	2080 	2084
f 1982 	1978 	2080
f 1978 	2076 	2080
f 1978 	1974 	2076
f 1974 	2072 	2076
f 1974 	1966 	2072
f 1966 	2062 	2072
f 1966 	1965 	2062
f 1965 	2063 	2062
f 1965 	1964 	2063
f 1964 	2064 	2063
f 1964 	1968 	2064
f 1968 	2065 	2064
f 1968 	1967 	2065
f 1967 	2066 	2065
f 1967 	1975 	2066
f 1975 	2073 	2066
f 1975 	1979 	2073
f 1979 	2077 	2073
f 1979 	1983 	2077
f 1983 	2081 	2077
f 1983 	1987 	2081
f 1987 	2085 	2081
f 1987 	1991 	2085
f 1991 	2089 	2085
f 1991 	1971 	2089
f 1971 	2067 	2089
f 1971 	1970 	2067
f 1970 	2068 	2067
f 1970 	1969 	2068
f 1969 	2069 	2068
f 1969 	2001 	2069
f 2001 	2099 	2069
f 2001 	2005 	2099
f 2005 	2103 	2099
f 2005 	2009 	2103
f 2009 	2107 	2103
f 2009 	2013 	2107
f 2013 	2111 	2107
f 2013 	2044 	2111
f 2044 	2142 	2111
f 2044 	2046 	2142
f 2046 	2144 	2142
f 2046 	2048 	2144
f 2048 	2146 	2144
f 2048 	2050 	2146
f 2050 	2148 	2146
f 2050 	2052 	2148
f 2052 	2150 	2148
f 2052 	2054 	2150
f 2054 	2152 	2150
f 2054 	2056 	2152
f 2056 	2154 	2152
f 2056 	2055 	2154
f 2055 	2153 	2154
f 2055 	2053 	2153
f 2053 	2151 	2153
f 2053 	2051 	2151
f 2051 	2149 	2151
f 2051 	2049 	2149
f 2049 	2147 	2149
f 2049 	2047 	2147
f 2047 	2145 	2147
f 2047 	2045 	2145
f 2045 	2143 	2145
f 2045 	2043 	2143
f 2043 	2141 	2143
f 2043 	2041 	2141
f 2041 	2139 	2141
f 2041 	2039 	2139
f 2039 	2137 	2139
f 2039 	2037 	2137
f 2037 	2135 	2137
f 2037 	2035 	2135
f 2035 	2133 	2135
f 2035 	2032 	2133
f 2032 	2130 	2133
f 2032 	2030 	2130
f 2030 	2128 	2130
f 2030 	2028 	2128
f 2028 	2126 	2128
f 2028 	2026 	2126
f 2026 	2124 	2126
f 2026 	2024 	2124
f 2024 	2122 	2124
f 2024 	2022 	2122
f 2022 	2120 	2122
f 2022 	2019 	2120
f 2019 	2117 	2120
f 2019 	2016 	2117
f 2016 	2114 	2117
f 2016 	2014 	2114
f 2014 	2112 	2114
f 2014 	2010 	2112
f 2010 	2108 	2112
f 2010 	2006 	2108
f 2006 	2104 	2108
f 2006 	2002 	2104
f 2002 	2100 	2104
f 2002 	1998 	2100
f 1998 	2096 	2100
f 1998 	1995 	2096
f 1995 	2093 	2096
f 1995 	1992 	2093
f 1992 	2090 	2093
f 1992 	1988 	2090
f 1988 	2086 	2090
f 1988 	1984 	2086
f 1984 	2082 	2086
f 1984 	1980 	2082
f 1980 	2078 	2082
f 1980 	1976 	2078
f 1976 	2074 	2078
f 1976 	1972 	2074
f 1972 	2070 	2074
f 1972 	1961 	2070
f 1961 	2057 	2070
f 1961 	1960 	2057
f 1960 	2058 	2057
f 1960 	1959 	2058
f 1959 	2059 	2058
f 2155 	2156 	2157
f 2158 	2159 	2155
f 2160 	2161 	2162
f 2163 	2164 	2165
f 2166 	2167 	2163
f 2168 	2169 	2170
f 2155 	2157 	2171
f 2172 	2158 	2155
f 2163 	2165 	2173
f 2174 	2166 	2163
f 2155 	2171 	2175
f 2176 	2172 	2155
f 2163 	2173 	2177
f 2178 	2174 	2163
f 2155 	2175 	2179
f 2180 	2176 	2155
f 2163 	2177 	2181
f 2182 	2178 	2163
f 2155 	2179 	2183
f 2184 	2180 	2155
f 2163 	2181 	2185
f 2186 	2182 	2163
f 2155 	2183 	2187
f 2188 	2184 	2155
f 2163 	2185 	2160
f 2189 	2186 	2163
f 2155 	2187 	2190
f 2191 	2188 	2155
f 2163 	2160 	2162
f 2170 	2189 	2163
f 2155 	2190 	2192
f 2193 	2191 	2155
f 2163 	2162 	2194
f 2168 	2170 	2163
f 2155 	2192 	2195
f 2196 	2193 	2155
f 2163 	2194 	2197
f 2198 	2168 	2163
f 2155 	2195 	2199
f 2200 	2196 	2155
f 2163 	2197 	2201
f 2202 	2198 	2163
f 2155 	2199 	2203
f 2204 	2200 	2155
f 2163 	2201 	2205
f 2206 	2202 	2163
f 2155 	2203 	2207
f 2208 	2204 	2155
f 2206 	2163 	2205
f 2155 	2207 	2209
f 2206 	2205 	2210
f 2155 	2209 	2211
f 2206 	2210 	2212
f 2155 	2211 	2213
f 2206 	2212 	2214
f 2155 	2213 	2215
f 2206 	2214 	2216
f 2155 	2215 	2217
f 2206 	2216 	2218
f 2155 	2217 	2219
f 2206 	2218 	2220
f 2155 	2219 	2221
f 2206 	2220 	2222
f 2155 	2221 	2223
f 2206 	2222 	2224
f 2155 	2223 	2225
f 2206 	2224 	2226
f 2155 	2225 	2227
f 2206 	2226 	2228
f 2155 	2227 	2229
f 2206 	2228 	2230
f 2155 	2229 	2231
f 2206 	2230 	2232
f 2155 	2231 	2233
f 2206 	2232 	2234
f 2155 	2233 	2235
f 2236 	2206 	2234
f 2208 	2155 	2235
f 2237 	2236 	2234
f 2238 	2208 	2235
f 2239 	2237 	2234
f 2240 	2238 	2235
f 2241 	2239 	2234
f 2242 	2240 	2235
f 2243 	2241 	2234
f 2244 	2242 	2235
f 2245 	2243 	2234
f 2246 	2244 	2235
f 2247 	2245 	2234
f 2248 	2246 	2235
f 2249 	2247 	2234
f 2250 	2248 	2235
f 2249 	2234 	2251
f 2250 	2235 	2252
f 2249 	2251 	2253
f 2250 	2252 	2254
f 2249 	2253 	2255
f 2250 	2254 	2256
f 2249 	2255 	2257
f 2250 	2256 	2258
f 2249 	2257 	2259
f 2250 	2258 	2260
f 2249 	2259 	2261
f 2250 	2260 	2262
f 2249 	2261 	2250
f 2250 	2262 	2249
f 2263 	2264 	2265
f 2265 	2266 	2267
f 2268 	2269 	2270
f 2271 	2272 	2273
f 2273 	2274 	2275
f 2276 	2277 	2278
f 2279 	2263 	2265
f 2265 	2267 	2280
f 2281 	2271 	2273
f 2273 	2275 	2282
f 2283 	2279 	2265
f 2265 	2280 	2284
f 2285 	2281 	2273
f 2273 	2282 	2286
f 2287 	2283 	2265
f 2265 	2284 	2288
f 2289 	2285 	2273
f 2273 	2286 	2290
f 2291 	2287 	2265
f 2265 	2288 	2292
f 2293 	2289 	2273
f 2273 	2290 	2294
f 2295 	2291 	2265
f 2265 	2292 	2296
f 2270 	2293 	2273
f 2273 	2294 	2297
f 2298 	2295 	2265
f 2265 	2296 	2299
f 2268 	2270 	2273
f 2273 	2297 	2276
f 2300 	2298 	2265
f 2265 	2299 	2301
f 2302 	2268 	2273
f 2273 	2276 	2278
f 2303 	2300 	2265
f 2265 	2301 	2304
f 2305 	2302 	2273
f 2273 	2278 	2306
f 2307 	2303 	2265
f 2265 	2304 	2308
f 2309 	2305 	2273
f 2273 	2306 	2310
f 2311 	2307 	2265
f 2265 	2308 	2312
f 2313 	2309 	2273
f 2273 	2310 	2314
f 2315 	2311 	2265
f 2265 	2312 	2316
f 2313 	2273 	2314
f 2317 	2315 	2265
f 2318 	2313 	2314
f 2319 	2317 	2265
f 2320 	2318 	2314
f 2321 	2319 	2265
f 2322 	2320 	2314
f 2323 	2321 	2265
f 2324 	2322 	2314
f 2325 	2323 	2265
f 2326 	2324 	2314
f 2327 	2325 	2265
f 2328 	2326 	2314
f 2329 	2327 	2265
f 2330 	2328 	2314
f 2331 	2329 	2265
f 2332 	2330 	2314
f 2333 	2331 	2265
f 2334 	2332 	2314
f 2335 	2333 	2265
f 2336 	2334 	2314
f 2337 	2335 	2265
f 2338 	2336 	2314
f 2339 	2337 	2265
f 2340 	2338 	2314
f 2341 	2339 	2265
f 2342 	2340 	2314
f 2343 	2341 	2265
f 2342 	2314 	2344
f 2343 	2265 	2316
f 2342 	2344 	2345
f 2343 	2316 	2346
f 2342 	2345 	2347
f 2343 	2346 	2348
f 2342 	2347 	2349
f 2343 	2348 	2350
f 2342 	2349 	2351
f 2343 	2350 	2352
f 2342 	2351 	2353
f 2343 	2352 	2354
f 2342 	2353 	2355
f 2343 	2354 	2356
f 2342 	2355 	2357
f 2343 	2356 	2358
f 2359 	2342 	2357
f 2360 	2343 	2358
f 2361 	2359 	2357
f 2362 	2360 	2358
f 2363 	2361 	2357
f 2364 	2362 	2358
f 2365 	2363 	2357
f 2366 	2364 	2358
f 2367 	2365 	2357
f 2368 	2366 	2358
f 2369 	2367 	2357
f 2370 	2368 	2358
f 2358 	2369 	2357
f 2357 	2370 	2358
f 2155 	2159 	2265
f 2159 	2266 	2265
f 2159 	2158 	2266
f 2158 	2267 	2266
f 2158 	2172 	2267
f 2172 	2280 	2267
f 2172 	2176 	2280
f 2176 	2284 	2280
f 2176 	2180 	2284
f 2180 	2288 	2284
f 2180 	2184 	2288
f 2184 	2292 	2288
f 2184 	2188 	2292
f 2188 	2296 	2292
f 2188 	2191 	2296
f 2191 	2299 	2296
f 2191 	2193 	2299
f 2193 	2301 	2299
f 2193 	2196 	2301
f 2196 	2304 	2301
f 2196 	2200 	2304
f 2200 	2308 	2304
f 2200 	2204 	2308
f 2204 	2312 	2308
f 2204 	2208 	2312
f 2208 	2316 	2312
f 2208 	2238 	2316
f 2238 	2346 	2316
f 2238 	2240 	2346
f 2240 	2348 	2346
f 2240 	2242 	2348
f 2242 	2350 	2348
f 2242 	2244 	2350
f 2244 	2352 	2350
f 2244 	2246 	2352
f 2246 	2354 	2352
f 2246 	2248 	2354
f 2248 	2356 	2354
f 2248 	2250 	2356
f 2250 	2358 	2356
f 2250 	2261 	2358
f 2261 	2369 	2358
f 2261 	2259 	2369
f 2259 	2367 	2369
f 2259 	2257 	2367
f 2257 	2365 	2367
f 2257 	2255 	2365
f 2255 	2363 	2365
f 2255 	2253 	2363
f 2253 	2361 	2363
f 2253 	2251 	2361
f 2251 	2359 	2361
f 2251 	2234 	2359
f 2234 	2342 	2359
f 2234 	2232 	2342
f 2232 	2340 	2342
f 2232 	2230 	2340
f 2230 	2338 	2340
f 2230 	2228 	2338
f 2228 	2336 	2338
f 2228 	2226 	2336
f 2226 	2334 	2336
f 2226 	2224 	2334
f 2224 	2332 	2334
f 2224 	2222 	2332
f 2222 	2330 	2332
f 2222 	2220 	2330
f 2220 	2328 	2330
f 2220 	2218 	2328
f 2218 	2326 	2328
f 2218 	2216 	2326
f 2216 	2324 	2326
f 2216 	2214 	2324
f 2214 	2322 	2324
f 2214 	2212 	2322
f 2212 	2320 	2322
f 2212 	2210 	2320
f 2210 	2318 	2320
f 2210 	2205 	2318
f 2205 	2313 	2318
f 2205 	2201 	2313
f 2201 	2309 	2313
f 2201 	2197 	2309
f 2197 	2305 	2309
f 2197 	2194 	2305
f 2194 	2302 	2305
f 2194 	2162 	2302
f 2162 	2268 	2302
f 2162 	2161 	2268
f 2161 	2269 	2268
f 2161 	2160 	2269
f 2160 	2270 	2269
f 2160 	2185 	2270
f 2185 	2293 	2270
f 2185 	2181 	2293
f 2181 	2289 	2293
f 2181 	2177 	2289
f 2177 	2285 	2289
f 2177 	2173 	2285
f 2173 	2281 	2285
f 2173 	2165 	2281
f 2165 	2271 	2281
f 2165 	2164 	2271
f 2164 	2272 	2271
f 2164 	2163 	2272
f 2163 	2273 	2272
f 2163 	2167 	2273
f 2167 	2274 	2273
f 2167 	2166 	2274
f 2166 	2275 	2274
f 2166 	2174 	2275
f 2174 	2282 	2275
f 2174 	2178 	2282
f 2178 	2286 	2282
f 2178 	2182 	2286
f 2182 	2290 	2286
f 2182 	2186 	2290
f 2186 	2294 	2290
f 2186 	2189 	2294
f 2189 	2297 	2294
f 2189 	2170 	2297
f 2170 	2276 	2297
f 2170 	2169 	2276
f 2169 	2277 	2276
f 2169 	2168 	2277
f 2168 	2278 	2277
f 2168 	2198 	2278
f 2198 	2306 	2278
f 2198 	2202 	2306
f 2202 	2310 	2306
f 2202 	2206 	2310
f 2206 	2314 	2310
f 2206 	2236 	2314
f 2236 	2344 	2314
f 2236 	2237 	2344
f 2237 	2345 	2344
f 2237 	2239 	2345
f 2239 	2347 	2345
f 2239 	2241 	2347
f 2241 	2349 	2347
f 2241 	2243 	2349
f 2243 	2351 	2349
f 2243 	2245 	2351
f 2245 	2353 	2351
f 2245 	2247 	2353
f 2247 	2355 	2353
f 2247 	2249 	2355
f 2249 	2357 	2355
f 2249 	2262 	2357
f 2262 	2370 	2357
f 2262 	2260 	2370
f 2260 	2368 	2370
f 2260 	2258 	2368
f 2258 	2366 	2368
f 2258 	2256 	2366
f 2256 	2364 	2366
f 2256 	2254 	2364
f 2254 	2362 	2364
f 2254 	2252 	2362
f 2252 	2360 	2362
f 2252 	2235 	2360
f 2235 	2343 	2360
f 2235 	2233 	2343
f 2233 	2341 	2343
f 2233 	2231 	2341
f 2231 	2339 	2341
f 2231 	2229 	2339
f 2229 	2337 	2339
f 2229 	2227 	2337
f 2227 	2335 	2337
f 2227 	2225 	2335
f 2225 	2333 	2335
f 2225 	2223 	2333
f 2223 	2331 	2333
f 2223 	2221 	2331
f 2221 	2329 	2331
f 2221 	2219 	2329
f 2219 	2327 	2329
f 2219 	2217 	2327
f 2217 	2325 	2327
f 2217 	2215 	2325
f 2215 	2323 	2325
f 2215 	2213 	2323
f 2213 	2321 	2323
f 2213 	2211 	2321
f 2211 	2319 	2321
f 2211 	2209 	2319
f 2209 	2317 	2319
f 2209 	2207 	2317
f 2207 	2315 	2317
f 2207 	2203 	2315
f 2203 	2311 	2315
f 2203 	2199 	2311
f 2199 	2307 	2311
f 2199 	2195 	2307
f 2195 	2303 	2307
f 2195 	2192 	2303
f 2192 	2300 	2303
f 2192 	2190 	2300
f 2190 	2298 	2300
f 2190 	2187 	2298
f 2187 	2295 	2298
f 2187 	2183 	2295
f 2183 	2291 	2295
f 2183 	2179 	2291
f 2179 	2287 	2291
f 2179 	2175 	2287
f 2175 	2283 	2287
f 2175 	2171 	2283
f 2171 	2279 	2283
f 2171 	2157 	2279
f 2157 	2263 	2279
f 2157 	2156 	2263
f 2156 	2264 	2263
f 2156 	2155 	2264
f 2155 	2265 	2264
f 2371 	2372 	2373
f 2374 	2375 	2376
f 2377 	2378 	2379
f 2380 	2381 	2377
f 2382 	2383 	2384
f 2385 	2386 	2387
f 2388 	2389 	2390
f 2391 	2392 	2388
f 2377 	2379 	2393
f 2394 	2380 	2377
f 2395 	2385 	2387
f 2388 	2390 	2396
f 2397 	2391 	2388
f 2377 	2393 	2398
f 2399 	2394 	2377
f 2400 	2395 	2387
f 2388 	2396 	2401
f 2402 	2397 	2388
f 2377 	2398 	2403
f 2404 	2399 	2377
f 2405 	2400 	2387
f 2388 	2401 	2406
f 2407 	2402 	2388
f 2377 	2403 	2408
f 2409 	2404 	2377
f 2410 	2405 	2387
f 2388 	2406 	2411
f 2412 	2407 	2388
f 2377 	2408 	2374
f 2413 	2409 	2377
f 2414 	2410 	2387
f 2388 	2411 	2415
f 2416 	2412 	2388
f 2377 	2374 	2376
f 2384 	2413 	2377
f 2417 	2414 	2387
f 2388 	2415 	2418
f 2419 	2416 	2388
f 2377 	2376 	2420
f 2382 	2384 	2377
f 2421 	2417 	2387
f 2388 	2418 	2422
f 2423 	2419 	2388
f 2377 	2420 	2424
f 2425 	2382 	2377
f 2426 	2421 	2387
f 2388 	2422 	2427
f 2428 	2423 	2388
f 2377 	2424 	2429
f 2430 	2425 	2377
f 2431 	2426 	2387
f 2388 	2427 	2432
f 2433 	2428 	2388
f 2377 	2429 	2434
f 2435 	2430 	2377
f 2436 	2431 	2387
f 2388 	2432 	2437
f 2438 	2433 	2388
f 2435 	2377 	2434
f 2439 	2436 	2387
f 2388 	2437 	2440
f 2441 	2438 	2388
f 2435 	2434 	2442
f 2443 	2439 	2387
f 2441 	2388 	2440
f 2435 	2442 	2444
f 2445 	2443 	2387
f 2441 	2440 	2446
f 2435 	2444 	2447
f 2445 	2387 	2448
f 2441 	2446 	2449
f 2435 	2447 	2450
f 2451 	2445 	2448
f 2441 	2449 	2452
f 2435 	2450 	2453
f 2454 	2451 	2448
f 2441 	2452 	2455
f 2435 	2453 	2456
f 2457 	2454 	2448
f 2441 	2455 	2458
f 2435 	2456 	2459
f 2460 	2457 	2448
f 2441 	2458 	2461
f 2435 	2459 	2462
f 2463 	2460 	2448
f 2441 	2461 	2464
f 2435 	2462 	2465
f 2466 	2463 	2448
f 2441 	2464 	2467
f 2435 	2465 	2468
f 2469 	2466 	2448
f 2441 	2467 	2470
f 2435 	2468 	2471
f 2472 	2469 	2448
f 2441 	2470 	2473
f 2435 	2471 	2474
f 2475 	2472 	2448
f 2441 	2473 	2476
f 2435 	2474 	2477
f 2478 	2475 	2448
f 2441 	2476 	2479
f 2480 	2435 	2477
f 2441 	2479 	2481
f 2482 	2480 	2477
f 2483 	2441 	2481
f 2484 	2482 	2477
f 2485 	2483 	2481
f 2486 	2484 	2477
f 2487 	2485 	2481
f 2488 	2486 	2477
f 2489 	2487 	2481
f 2490 	2488 	2477
f 2491 	2489 	2481
f 2492 	2490 	2477
f 2493 	2491 	2481
f 2494 	2492 	2477
f 2495 	2493 	2481
f 2496 	2494 	2477
f 2497 	2495 	2481
f 2498 	2496 	2477
f 2499 	2497 	2481
f 2500 	2498 	2477
f 2501 	2499 	2481
f 2500 	2477 	2371
f 2501 	2481 	2502
f 2503 	2500 	2371
f 2501 	2502 	2504
f 2505 	2503 	2371
f 2501 	2504 	2478
f 2506 	2505 	2371
f 2507 	2501 	2478
f 2448 	2506 	2371
f 2508 	2507 	2478
f 2448 	2371 	2373
f 2509 	2508 	2478
f 2478 	2448 	2373
f 2510 	2509 	2478
f 2478 	2373 	2510
f 2511 	2512 	2513
f 2514 	2515 	2516
f 2517 	2518 	2519
f 2519 	2520 	2521
f 2522 	2523 	2524
f 2525 	2526 	2527
f 2528 	2529 	2530
f 2530 	2531 	2532
f 2533 	2517 	2519
f 2519 	2521 	2534
f 2525 	2527 	2535
f 2536 	2528 	2530
f 2530 	2532 	2537
f 2538 	2533 	2519
f 2519 	2534 	2539
f 2525 	2535 	2540
f 2541 	2536 	2530
f 2530 	2537 	2542
f 2543 	2538 	2519
f 2519 	2539 	2544
f 2525 	2540 	2545
f 2546 	2541 	2530
f 2530 	2542 	2547
f 2548 	2543 	2519
f 2519 	2544 	2549
f 2525 	2545 	2550
f 2551 	2546 	2530
f 2530 	2547 	2552
f 2516 	2548 	2519
f 2519 	2549 	2553
f 2525 	2550 	2554
f 2555 	2551 	2530
f 2530 	2552 	2556
f 2514 	2516 	2519
f 2519 	2553 	2522
f 2525 	2554 	2557
f 2558 	2555 	2530
f 2530 	2556 	2559
f 2560 	2514 	2519
f 2519 	2522 	2524
f 2525 	2557 	2561
f 2562 	2558 	2530
f 2530 	2559 	2563
f 2564 	2560 	2519
f 2519 	2524 	2565
f 2525 	2561 	2566
f 2567 	2562 	2530
f 2530 	2563 	2568
f 2569 	2564 	2519
f 2519 	2565 	2570
f 2525 	2566 	2571
f 2572 	2567 	2530
f 2530 	2568 	2573
f 2574 	2569 	2519
f 2519 	2570 	2575
f 2525 	2571 	2576
f 2577 	2572 	2530
f 2530 	2573 	2578
f 2574 	2519 	2575
f 2525 	2576 	2579
f 2580 	2577 	2530
f 2530 	2578 	2581
f 2582 	2574 	2575
f 2525 	2579 	2583
f 2580 	2530 	2581
f 2584 	2582 	2575
f 2525 	2583 	2585
f 2586 	2580 	2581
f 2587 	2584 	2575
f 2588 	2525 	2585
f 2589 	2586 	2581
f 2590 	2587 	2575
f 2588 	2585 	2591
f 2592 	2589 	2581
f 2593 	2590 	2575
f 2588 	2591 	2594
f 2595 	2592 	2581
f 2596 	2593 	2575
f 2588 	2594 	2597
f 2598 	2595 	2581
f 2599 	2596 	2575
f 2588 	2597 	2600
f 2601 	2598 	2581
f 2602 	2599 	2575
f 2588 	2600 	2603
f 2604 	2601 	2581
f 2605 	2602 	2575
f 2588 	2603 	2606
f 2607 	2604 	2581
f 2608 	2605 	2575
f 2588 	2606 	2609
f 2610 	2607 	2581
f 2611 	2608 	2575
f 2588 	2609 	2612
f 2613 	2610 	2581
f 2614 	2611 	2575
f 2588 	2612 	2615
f 2616 	2613 	2581
f 2617 	2614 	2575
f 2588 	2615 	2618
f 2619 	2616 	2581
f 2617 	2575 	2620
f 2621 	2619 	2581
f 2617 	2620 	2622
f 2621 	2581 	2623
f 2617 	2622 	2624
f 2621 	2623 	2625
f 2617 	2624 	2626
f 2621 	2625 	2627
f 2617 	2626 	2628
f 2621 	2627 	2629
f 2617 	2628 	2630
f 2621 	2629 	2631
f 2617 	2630 	2632
f 2621 	2631 	2633
f 2617 	2632 	2634
f 2621 	2633 	2635
f 2617 	2634 	2636
f 2621 	2635 	2637
f 2617 	2636 	2638
f 2621 	2637 	2639
f 2617 	2638 	2640
f 2621 	2639 	2641
f 2513 	2617 	2640
f 2642 	2621 	2641
f 2513 	2640 	2643
f 2644 	2642 	2641
f 2513 	2643 	2645
f 2618 	2644 	2641
f 2513 	2645 	2646
f 2618 	2641 	2647
f 2513 	2646 	2588
f 2618 	2647 	2648
f 2511 	2513 	2588
f 2618 	2648 	2649
f 2511 	2588 	2618
f 2618 	2649 	2650
f 2650 	2511 	2618
f 2371 	2477 	2513
f 2477 	2617 	2513
f 2477 	2474 	2617
f 2474 	2614 	2617
f 2474 	2471 	2614
f 2471 	2611 	2614
f 2471 	2468 	2611
f 2468 	2608 	2611
f 2468 	2465 	2608
f 2465 	2605 	2608
f 2465 	2462 	2605
f 2462 	2602 	2605
f 2462 	2459 	2602
f 2459 	2599 	2602
f 2459 	2456 	2599
f 2456 	2596 	2599
f 2456 	2453 	2596
f 2453 	2593 	2596
f 2453 	2450 	2593
f 2450 	2590 	2593
f 2450 	2447 	2590
f 2447 	2587 	2590
f 2447 	2444 	2587
f 2444 	2584 	2587
f 2444 	2442 	2584
f 2442 	2582 	2584
f 2442 	2434 	2582
f 2434 	2574 	2582
f 2434 	2429 	2574
f 2429 	2569 	2574
f 2429 	2424 	2569
f 2424 	2564 	2569
f 2424 	2420 	2564
f 2420 	2560 	2564
f 2420 	2376 	2560
f 2376 	2514 	2560
f 2376 	2375 	2514
f 2375 	2515 	2514
f 2375 	2374 	2515
f 2374 	2516 	2515
f 2374 	2408 	2516
f 2408 	2548 	2516
f 2408 	2403 	2548
f 2403 	2543 	2548
f 2403 	2398 	2543
f 2398 	2538 	2543
f 2398 	2393 	2538
f 2393 	2533 	2538
f 2393 	2379 	2533
f 2379 	2517 	2533
f 2379 	2378 	2517
f 2378 	2518 	2517
f 2378 	2377 	2518
f 2377 	2519 	2518
f 2377 	2381 	2519
f 2381 	2520 	2519
f 2381 	2380 	2520
f 2380 	2521 	2520
f 2380 	2394 	2521
f 2394 	2534 	2521
f 2394 	2399 	2534
f 2399 	2539 	2534
f 2399 	2404 	2539
f 2404 	2544 	2539
f 2404 	2409 	2544
f 2409 	2549 	2544
f 2409 	2413 	2549
f 2413 	2553 	2549
f 2413 	2384 	2553
f 2384 	2522 	2553
f 2384 	2383 	2522
f 2383 	2523 	2522
f 2383 	2382 	2523
f 2382 	2524 	2523
f 2382 	2425 	2524
f 2425 	2565 	2524
f 2425 	2430 	2565
f 2430 	2570 	2565
f 2430 	2435 	2570
f 2435 	2575 	2570
f 2435 	2480 	2575
f 2480 	2620 	2575
f 2480 	2482 	2620
f 2482 	2622 	2620
f 2482 	2484 	2622
f 2484 	2624 	2622
f 2484 	2486 	2624
f 2486 	2626 	2624
f 2486 	2488 	2626
f 2488 	2628 	2626
f 2488 	2490 	2628
f 2490 	2630 	2628
f 2490 	2492 	2630
f 2492 	2632 	2630
f 2492 	2494 	2632
f 2494 	2634 	2632
f 2494 	2496 	2634
f 2496 	2636 	2634
f 2496 	2498 	2636
f 2498 	2638 	2636
f 2498 	2500 	2638
f 2500 	2640 	2638
f 2500 	2503 	2640
f 2503 	2643 	2640
f 2503 	2505 	2643
f 2505 	2645 	2643
f 2505 	2506 	2645
f 2506 	2646 	2645
f 2506 	2448 	2646
f 2448 	2588 	2646
f 2448 	2387 	2588
f 2387 	2525 	2588
f 2387 	2386 	2525
f 2386 	2526 	2525
f 2386 	2385 	2526
f 2385 	2527 	2526
f 2385 	2395 	2527
f 2395 	2535 	2527
f 2395 	2400 	2535
f 2400 	2540 	2535
f 2400 	2405 	2540
f 2405 	2545 	2540
f 2405 	2410 	2545
f 2410 	2550 	2545
f 2410 	2414 	2550
f 2414 	2554 	2550
f 2414 	2417 	2554
f 2417 	2557 	2554
f 2417 	2421 	2557
f 2421 	2561 	2557
f 2421 	2426 	2561
f 2426 	2566 	2561
f 2426 	2431 	2566
f 2431 	2571 	2566
f 2431 	2436 	2571
f 2436 	2576 	2571
f 2436 	2439 	2576
f 2439 	2579 	2576
f 2439 	2443 	2579
f 2443 	2583 	2579
f 2443 	2445 	2583
f 2445 	2585 	2583
f 2445 	2451 	2585
f 2451 	2591 	2585
f 2451 	2454 	2591
f 2454 	2594 	2591
f 2454 	2457 	2594
f 2457 	2597 	2594
f 2457 	2460 	2597
f 2460 	2600 	2597
f 2460 	2463 	2600
f 2463 	2603 	2600
f 2463 	2466 	2603
f 2466 	2606 	2603
f 2466 	2469 	2606
f 2469 	2609 	2606
f 2469 	2472 	2609
f 2472 	2612 	2609
f 2472 	2475 	2612
f 2475 	2615 	2612
f 2475 	2478 	2615
f 2478 	2618 	2615
f 2478 	2504 	2618
f 2504 	2644 	2618
f 2504 	2502 	2644
f 2502 	2642 	2644
f 2502 	2481 	2642
f 2481 	2621 	2642
f 2481 	2479 	2621
f 2479 	2619 	2621
f 2479 	2476 	2619
f 2476 	2616 	2619
f 2476 	2473 	2616
f 2473 	2613 	2616
f 2473 	2470 	2613
f 2470 	2610 	2613
f 2470 	2467 	2610
f 2467 	2607 	2610
f 2467 	2464 	2607
f 2464 	2604 	2607
f 2464 	2461 	2604
f 2461 	2601 	2604
f 2461 	2458 	2601
f 2458 	2598 	2601
f 2458 	2455 	2598
f 2455 	2595 	2598
f 2455 	2452 	2595
f 2452 	2592 	2595
f 2452 	2449 	2592
f 2449 	2589 	2592
f 2449 	2446 	2589
f 2446 	2586 	2589
f 2446 	2440 	2586
f 2440 	2580 	2586
f 2440 	2437 	2580
f 2437 	2577 	2580
f 2437 	2432 	2577
f 2432 	2572 	2577
f 2432 	2427 	2572
f 2427 	2567 	2572
f 2427 	2422 	2567
f 2422 	2562 	2567
f 2422 	2418 	2562
f 2418 	2558 	2562
f 2418 	2415 	2558
f 2415 	2555 	2558
f 2415 	2411 	2555
f 2411 	2551 	2555
f 2411 	2406 	2551
f 2406 	2546 	2551
f 2406 	2401 	2546
f 2401 	2541 	2546
f 2401 	2396 	2541
f 2396 	2536 	2541
f 2396 	2390 	2536
f 2390 	2528 	2536
f 2390 	2389 	2528
f 2389 	2529 	2528
f 2389 	2388 	2529
f 2388 	2530 	2529
f 2388 	2392 	2530
f 2392 	2531 	2530
f 2392 	2391 	2531
f 2391 	2532 	2531
f 2391 	2397 	2532
f 2397 	2537 	2532
f 2397 	2402 	2537
f 2402 	2542 	2537
f 2402 	2407 	2542
f 2407 	2547 	2542
f 2407 	2412 	2547
f 2412 	2552 	2547
f 2412 	2416 	2552
f 2416 	2556 	2552
f 2416 	2419 	2556
f 2419 	2559 	2556
f 2419 	2423 	2559
f 2423 	2563 	2559
f 2423 	2428 	2563
f 2428 	2568 	2563
f 2428 	2433 	2568
f 2433 	2573 	2568
f 2433 	2438 	2573
f 2438 	2578 	2573
f 2438 	2441 	2578
f 2441 	2581 	2578
f 2441 	2483 	2581
f 2483 	2623 	2581
f 2483 	2485 	2623
f 2485 	2625 	2623
f 2485 	2487 	2625
f 2487 	2627 	2625
f 2487 	2489 	2627
f 2489 	2629 	2627
f 2489 	2491 	2629
f 2491 	2631 	2629
f 2491 	2493 	2631
f 2493 	2633 	2631
f 2493 	2495 	2633
f 2495 	2635 	2633
f 2495 	2497 	2635
f 2497 	2637 	2635
f 2497 	2499 	2637
f 2499 	2639 	2637
f 2499 	2501 	2639
f 2501 	2641 	2639
f 2501 	2507 	2641
f 2507 	2647 	2641
f 2507 	2508 	2647
f 2508 	2648 	2647
f 2508 	2509 	2648
f 2509 	2649 	2648
f 2509 	2510 	2649
f 2510 	2650 	2649
f 2510 	2373 	2650
f 2373 	2511 	2650
f 2373 	2372 	2511
f 2372 	2512 	2511
f 2372 	2371 	2512
f 2371 	2513 	2512
f 2651 	2652 	2653
f 2654 	2655 	2656
f 2657 	2658 	2654
f 2659 	2660 	2661
f 2662 	2663 	2659
f 2651 	2653 	2664
f 2657 	2654 	2656
f 2659 	2661 	2665
f 2666 	2662 	2659
f 2651 	2664 	2667
f 2668 	2657 	2656
f 2659 	2665 	2669
f 2670 	2666 	2659
f 2651 	2667 	2671
f 2672 	2668 	2656
f 2659 	2669 	2673
f 2674 	2670 	2659
f 2651 	2671 	2675
f 2676 	2672 	2656
f 2659 	2673 	2677
f 2678 	2674 	2659
f 2651 	2675 	2679
f 2680 	2676 	2656
f 2659 	2677 	2681
f 2682 	2678 	2659
f 2651 	2679 	2683
f 2684 	2680 	2656
f 2659 	2681 	2685
f 2686 	2682 	2659
f 2651 	2683 	2687
f 2688 	2684 	2656
f 2659 	2685 	2689
f 2690 	2686 	2659
f 2651 	2687 	2691
f 2692 	2688 	2656
f 2659 	2689 	2693
f 2694 	2690 	2659
f 2651 	2691 	2695
f 2696 	2692 	2656
f 2659 	2693 	2697
f 2698 	2694 	2659
f 2651 	2695 	2699
f 2700 	2696 	2656
f 2659 	2697 	2701
f 2702 	2698 	2659
f 2703 	2651 	2699
f 2704 	2700 	2656
f 2659 	2701 	2705
f 2706 	2702 	2659
f 2703 	2699 	2707
f 2708 	2704 	2656
f 2706 	2659 	2705
f 2703 	2707 	2709
f 2710 	2708 	2656
f 2706 	2705 	2711
f 2703 	2709 	2712
f 2713 	2710 	2656
f 2706 	2711 	2714
f 2703 	2712 	2715
f 2716 	2713 	2656
f 2706 	2714 	2717
f 2703 	2715 	2718
f 2719 	2716 	2656
f 2706 	2717 	2720
f 2703 	2718 	2721
f 2722 	2719 	2656
f 2706 	2720 	2723
f 2703 	2721 	2724
f 2725 	2722 	2656
f 2706 	2723 	2726
f 2703 	2724 	2727
f 2728 	2725 	2656
f 2706 	2726 	2729
f 2703 	2727 	2730
f 2731 	2728 	2656
f 2706 	2729 	2732
f 2703 	2730 	2733
f 2734 	2731 	2656
f 2706 	2732 	2735
f 2703 	2733 	2736
f 2734 	2656 	2703
f 2706 	2735 	2737
f 2703 	2736 	2738
f 2739 	2734 	2703
f 2706 	2737 	2740
f 2703 	2738 	2741
f 2742 	2739 	2703
f 2706 	2740 	2743
f 2703 	2741 	2744
f 2745 	2742 	2703
f 2706 	2743 	2746
f 2703 	2744 	2747
f 2748 	2745 	2703
f 2749 	2706 	2746
f 2748 	2703 	2747
f 2750 	2749 	2746
f 2748 	2747 	2751
f 2752 	2750 	2746
f 2748 	2751 	2753
f 2754 	2752 	2746
f 2748 	2753 	2755
f 2756 	2754 	2746
f 2748 	2755 	2757
f 2758 	2756 	2746
f 2748 	2757 	2759
f 2760 	2758 	2746
f 2748 	2759 	2761
f 2762 	2760 	2746
f 2748 	2761 	2762
f 2762 	2746 	2748
f 2763 	2764 	2765
f 2766 	2767 	2768
f 2768 	2769 	2770
f 2771 	2772 	2773
f 2773 	2774 	2775
f 2776 	2763 	2765
f 2766 	2768 	2770
f 2777 	2771 	2773
f 2773 	2775 	2778
f 2779 	2776 	2765
f 2766 	2770 	2780
f 2781 	2777 	2773
f 2773 	2778 	2782
f 2783 	2779 	2765
f 2766 	2780 	2784
f 2785 	2781 	2773
f 2773 	2782 	2786
f 2787 	2783 	2765
f 2766 	2784 	2788
f 2789 	2785 	2773
f 2773 	2786 	2790
f 2791 	2787 	2765
f 2766 	2788 	2792
f 2793 	2789 	2773
f 2773 	2790 	2794
f 2795 	2791 	2765
f 2766 	2792 	2796
f 2797 	2793 	2773
f 2773 	2794 	2798
f 2799 	2795 	2765
f 2766 	2796 	2800
f 2801 	2797 	2773
f 2773 	2798 	2802
f 2803 	2799 	2765
f 2766 	2800 	2804
f 2805 	2801 	2773
f 2773 	2802 	2806
f 2807 	2803 	2765
f 2766 	2804 	2808
f 2809 	2805 	2773
f 2773 	2806 	2810
f 2811 	2807 	2765
f 2766 	2808 	2812
f 2813 	2809 	2773
f 2773 	2810 	2814
f 2811 	2765 	2815
f 2766 	2812 	2816
f 2817 	2813 	2773
f 2773 	2814 	2818
f 2819 	2811 	2815
f 2766 	2816 	2820
f 2817 	2773 	2818
f 2821 	2819 	2815
f 2766 	2820 	2822
f 2823 	2817 	2818
f 2824 	2821 	2815
f 2766 	2822 	2825
f 2826 	2823 	2818
f 2827 	2824 	2815
f 2766 	2825 	2828
f 2829 	2826 	2818
f 2830 	2827 	2815
f 2766 	2828 	2831
f 2832 	2829 	2818
f 2833 	2830 	2815
f 2766 	2831 	2834
f 2835 	2832 	2818
f 2836 	2833 	2815
f 2766 	2834 	2837
f 2838 	2835 	2818
f 2839 	2836 	2815
f 2766 	2837 	2840
f 2841 	2838 	2818
f 2842 	2839 	2815
f 2766 	2840 	2843
f 2844 	2841 	2818
f 2845 	2842 	2815
f 2766 	2843 	2846
f 2847 	2844 	2818
f 2848 	2845 	2815
f 2815 	2766 	2846
f 2849 	2847 	2818
f 2850 	2848 	2815
f 2815 	2846 	2851
f 2852 	2849 	2818
f 2853 	2850 	2815
f 2815 	2851 	2854
f 2855 	2852 	2818
f 2856 	2853 	2815
f 2815 	2854 	2857
f 2858 	2855 	2818
f 2859 	2856 	2815
f 2815 	2857 	2860
f 2858 	2818 	2861
f 2859 	2815 	2860
f 2858 	2861 	2862
f 2863 	2859 	2860
f 2858 	2862 	2864
f 2865 	2863 	2860
f 2858 	2864 	2866
f 2867 	2865 	2860
f 2858 	2866 	2868
f 2869 	2867 	2860
f 2858 	2868 	2870
f 2871 	2869 	2860
f 2858 	2870 	2872
f 2873 	2871 	2860
f 2858 	2872 	2874
f 2874 	2873 	2860
f 2860 	2858 	2874
f 2747 	2744 	2859
f 2744 	2856 	2859
f 2744 	2741 	2856
f 2741 	2853 	2856
f 2741 	2738 	2853
f 2738 	2850 	2853
f 2738 	2736 	2850
f 2736 	2848 	2850
f 2736 	2733 	2848
f 2733 	2845 	2848
f 2733 	2730 	2845
f 2730 	2842 	2845
f 2730 	2727 	2842
f 2727 	2839 	2842
f 2727 	2724 	2839
f 2724 	2836 	2839
f 2724 	2721 	2836
f 2721 	2833 	2836
f 2721 	2718 	2833
f 2718 	2830 	2833
f 2718 	2715 	2830
f 2715 	2827 	2830
f 2715 	2712 	2827
f 2712 	2824 	2827
f 2712 	2709 	2824
f 2709 	2821 	2824
f 2709 	2707 	2821
f 2707 	2819 	2821
f 2707 	2699 	2819
f 2699 	2811 	2819
f 2699 	2695 	2811
f 2695 	2807 	2811
f 2695 	2691 	2807
f 2691 	2803 	2807
f 2691 	2687 	2803
f 2687 	2799 	2803
f 2687 	2683 	2799
f 2683 	2795 	2799
f 2683 	2679 	2795
f 2679 	2791 	2795
f 2679 	2675 	2791
f 2675 	2787 	2791
f 2675 	2671 	2787
f 2671 	2783 	2787
f 2671 	2667 	2783
f 2667 	2779 	2783
f 2667 	2664 	2779
f 2664 	2776 	2779
f 2664 	2653 	2776
f 2653 	2763 	2776
f 2653 	2652 	2763
f 2652 	2764 	2763
f 2652 	2651 	2764
f 2651 	2765 	2764
f 2651 	2703 	2765
f 2703 	2815 	2765
f 2703 	2656 	2815
f 2656 	2766 	2815
f 2656 	2655 	2766
f 2655 	2767 	2766
f 2655 	2654 	2767
f 2654 	2768 	2767
f 2654 	2658 	2768
f 2658 	2769 	2768
f 2658 	2657 	2769
f 2657 	2770 	2769
f 2657 	2668 	2770
f 2668 	2780 	2770
f 2668 	2672 	2780
f 2672 	2784 	2780
f 2672 	2676 	2784
f 2676 	2788 	2784
f 2676 	2680 	2788
f 2680 	2792 	2788
f 2680 	2684 	2792
f 2684 	2796 	2792
f 2684 	2688 	2796
f 2688 	2800 	2796
f 2688 	2692 	2800
f 2692 	2804 	2800
f 2692 	2696 	2804
f 2696 	2808 	2804
f 2696 	2700 	2808
f 2700 	2812 	2808
f 2700 	2704 	2812
f 2704 	2816 	2812
f 2704 	2708 	2816
f 2708 	2820 	2816
f 2708 	2710 	2820
f 2710 	2822 	2820
f 2710 	2713 	2822
f 2713 	2825 	2822
f 2713 	2716 	2825
f 2716 	2828 	2825
f 2716 	2719 	2828
f 2719 	2831 	2828
f 2719 	2722 	2831
f 2722 	2834 	2831
f 2722 	2725 	2834
f 2725 	2837 	2834
f 2725 	2728 	2837
f 2728 	2840 	2837
f 2728 	2731 	2840
f 2731 	2843 	2840
f 2731 	2734 	2843
f 2734 	2846 	2843
f 2734 	2739 	2846
f 2739 	2851 	2846
f 2739 	2742 	2851
f 2742 	2854 	2851
f 2742 	2745 	2854
f 2745 	2857 	2854
f 2745 	2748 	2857
f 2748 	2860 	2857
f 2748 	2746 	2860
f 2746 	2858 	2860
f 2746 	2743 	2858
f 2743 	2855 	2858
f 2743 	2740 	2855
f 2740 	2852 	2855
f 2740 	2737 	2852
f 2737 	2849 	2852
f 2737 	2735 	2849
f 2735 	2847 	2849
f 2735 	2732 	2847
f 2732 	2844 	2847
f 2732 	2729 	2844
f 2729 	2841 	2844
f 2729 	2726 	2841
f 2726 	2838 	2841
f 2726 	2723 	2838
f 2723 	2835 	2838
f 2723 	2720 	2835
f 2720 	2832 	2835
f 2720 	2717 	2832
f 2717 	2829 	2832
f 2717 	2714 	2829
f 2714 	2826 	2829
f 2714 	2711 	2826
f 2711 	2823 	2826
f 2711 	2705 	2823
f 2705 	2817 	2823
f 2705 	2701 	2817
f 2701 	2813 	2817
f 2701 	2697 	2813
f 2697 	2809 	2813
f 2697 	2693 	2809
f 2693 	2805 	2809
f 2693 	2689 	2805
f 2689 	2801 	2805
f 2689 	2685 	2801
f 2685 	2797 	2801
f 2685 	2681 	2797
f 2681 	2793 	2797
f 2681 	2677 	2793
f 2677 	2789 	2793
f 2677 	2673 	2789
f 2673 	2785 	2789
f 2673 	2669 	2785
f 2669 	2781 	2785
f 2669 	2665 	2781
f 2665 	2777 	2781
f 2665 	2661 	2777
f 2661 	2771 	2777
f 2661 	2660 	2771
f 2660 	2772 	2771
f 2660 	2659 	2772
f 2659 	2773 	2772
f 2659 	2663 	2773
f 2663 	2774 	2773
f 2663 	2662 	2774
f 2662 	2775 	2774
f 2662 	2666 	2775
f 2666 	2778 	2775
f 2666 	2670 	2778
f 2670 	2782 	2778
f 2670 	2674 	2782
f 2674 	2786 	2782
f 2674 	2678 	2786
f 2678 	2790 	2786
f 2678 	2682 	2790
f 2682 	2794 	2790
f 2682 	2686 	2794
f 2686 	2798 	2794
f 2686 	2690 	2798
f 2690 	2802 	2798
f 2690 	2694 	2802
f 2694 	2806 	2802
f 2694 	2698 	2806
f 2698 	2810 	2806
f 2698 	2702 	2810
f 2702 	2814 	2810
f 2702 	2706 	2814
f 2706 	2818 	2814
f 2706 	2749 	2818
f 2749 	2861 	2818
f 2749 	2750 	2861
f 2750 	2862 	2861
f 2750 	2752 	2862
f 2752 	2864 	2862
f 2752 	2754 	2864
f 2754 	2866 	2864
f 2754 	2756 	2866
f 2756 	2868 	2866
f 2756 	2758 	2868
f 2758 	2870 	2868
f 2758 	2760 	2870
f 2760 	2872 	2870
f 2760 	2762 	2872
f 2762 	2874 	2872
f 2762 	2761 	2874
f 2761 	2873 	2874
f 2761 	2759 	2873
f 2759 	2871 	2873
f 2759 	2757 	2871
f 2757 	2869 	2871
f 2757 	2755 	2869
f 2755 	2867 	2869
f 2755 	2753 	2867
f 2753 	2865 	2867
f 2753 	2751 	2865
f 2751 	2863 	2865
f 2751 	2747 	2863
f 2747 	2859 	2863
# 3884 faces

 #end of obj_1

o obj_2
v -0.8524 		-0.3362 		1.75
v -0.8574 		-0.3375 		1.75
v -0.8626 		-0.3389 		1.75
v -0.7585 		-0.25 		1.75
v -0.7585 		-0.333 		1.75
v -0.8256 		-0.333 		1.75
v -1.3042 		-0.333 		1.75
v -1.3042 		-0.25 		1.75
v -1.2016 		-0.3388 		1.75
v -1.2065 		-0.3375 		1.75
v -1.2115 		-0.3362 		1.75
v -1.3042 		-1.3767 		1.75
v -1.3042 		-1.2926 		1.75
v -1.2383 		-1.2926 		1.75
v -0.7585 		-1.2926 		1.75
v -0.7585 		-1.3767 		1.75
v -0.6206 		-1.2405 		1.75
v -0.6255 		-1.2323 		1.75
v -0.8381 		-0.8696 		1.75
v -0.6107 		-1.2562 		1.75
v -0.6157 		-1.2485 		1.75
v -0.6009 		-1.2708 		1.75
v -0.6058 		-1.2636 		1.75
v -0.5906 		-1.2845 		1.75
v -0.5959 		-1.2778 		1.75
v -0.5795 		-1.2971 		1.75
v -0.5851 		-1.2909 		1.75
v -0.5678 		-1.3087 		1.75
v -0.5737 		-1.303 		1.75
v -0.5556 		-1.3194 		1.75
v -0.5618 		-1.3142 		1.75
v -0.5419 		-1.3292 		1.75
v -0.549 		-1.3244 		1.75
v -0.5268 		-1.3383 		1.75
v -0.5346 		-1.3339 		1.75
v -0.5104 		-1.3463 		1.75
v -0.5186 		-1.3426 		1.75
v -0.4919 		-1.3531 		1.75
v -0.5015 		-1.3498 		1.75
v -0.471 		-1.3592 		1.75
v -0.4818 		-1.3562 		1.75
v -0.4478 		-1.3644 		1.75
v -0.4595 		-1.3619 		1.75
v -0.4226 		-1.3687 		1.75
v -0.4355 		-1.3667 		1.75
v -0.3948 		-1.372 		1.75
v -0.409 		-1.3705 		1.75
v -0.3644 		-1.3743 		1.75
v -0.3799 		-1.3733 		1.75
v -0.3308 		-1.3758 		1.75
v -0.348 		-1.3752 		1.75
v -0.2939 		-1.3766 		1.75
v -0.3127 		-1.3763 		1.75
v -0.1901 		-1.3767 		1.75
v -0.2742 		-1.3767 		1.75
v -0.1958 		-1.2926 		1.75
v -0.1901 		-1.2926 		1.75
v -0.4516 		-0.4605 		1.75
v -0.4607 		-0.4706 		1.75
v -0.6687 		-0.7002 		1.75
v -0.2333 		-0.25 		1.75
v -0.2333 		-0.3319 		1.75
v -0.2441 		-0.3321 		1.75
v -0.6608 		-0.3319 		1.75
v -0.6608 		-0.25 		1.75
v -0.8312 		-0.3331 		1.75
v -1.2383 		-0.333 		1.75
v -1.2327 		-1.2925 		1.75
v -0.8256 		-1.2926 		1.75
v -0.2547 		-0.333 		1.75
v -0.6456 		-0.3321 		1.75
v -0.8367 		-0.3335 		1.75
v -1.2327 		-0.3331 		1.75
v -1.2272 		-1.2923 		1.75
v -0.8312 		-1.2925 		1.75
v -0.2651 		-0.3344 		1.75
v -0.632 		-0.333 		1.75
v -0.8421 		-0.3341 		1.75
v -1.2272 		-0.3335 		1.75
v -1.2218 		-1.292 		1.75
v -0.8367 		-1.2922 		1.75
v -0.2044 		-1.2924 		1.75
v -0.2752 		-0.3364 		1.75
v -0.6198 		-0.3344 		1.75
v -0.8473 		-0.335 		1.75
v -1.2218 		-0.3341 		1.75
v -1.2166 		-1.2915 		1.75
v -0.8421 		-1.2917 		1.75
v -0.2128 		-1.2919 		1.75
v -0.2851 		-0.339 		1.75
v -0.6092 		-0.3364 		1.75
v -1.2166 		-0.335 		1.75
v -1.2115 		-1.291 		1.75
v -0.8473 		-1.291 		1.75
v -0.221 		-1.2911 		1.75
v -0.2947 		-0.3421 		1.75
v -0.6001 		-0.339 		1.75
v -1.2065 		-1.2903 		1.75
v -0.8524 		-1.2902 		1.75
v -0.2291 		-1.29 		1.75
v -0.3045 		-0.3457 		1.75
v -0.5925 		-0.3421 		1.75
v -0.8674 		-0.3406 		1.75
v -1.2016 		-1.289 		1.75
v -0.8574 		-1.2891 		1.75
v -0.237 		-1.2886 		1.75
v -0.3141 		-0.3498 		1.75
v -0.5866 		-0.3459 		1.75
v -0.8719 		-0.3427 		1.75
v -1.197 		-0.3404 		1.75
v -1.197 		-1.2874 		1.75
v -0.8626 		-1.2878 		1.75
v -0.2446 		-1.2869 		1.75
v -0.3237 		-0.3543 		1.75
v -0.5818 		-0.3507 		1.75
v -0.8761 		-0.3451 		1.75
v -1.1925 		-0.3424 		1.75
v -1.1925 		-1.2854 		1.75
v -0.8674 		-1.2861 		1.75
v -0.2522 		-1.2847 		1.75
v -0.3331 		-0.3593 		1.75
v -0.578 		-0.3563 		1.75
v -0.88 		-0.348 		1.75
v -1.1883 		-0.3446 		1.75
v -1.1883 		-1.2832 		1.75
v -0.8719 		-1.284 		1.75
v -0.2597 		-1.2821 		1.75
v -0.3424 		-0.3647 		1.75
v -0.5754 		-0.3628 		1.75
v -1.1842 		-1.2806 		1.75
v -0.8761 		-1.2816 		1.75
v -0.2671 		-1.2789 		1.75
v -0.3515 		-0.3705 		1.75
v -0.5737 		-0.3702 		1.75
v -0.8836 		-0.3512 		1.75
v -1.1803 		-1.2778 		1.75
v -0.88 		-1.2787 		1.75
v -0.2745 		-1.2752 		1.75
v -0.3609 		-0.3771 		1.75
v -0.5732 		-0.3785 		1.75
v -0.8873 		-0.3552 		1.75
v -0.2817 		-1.2711 		1.75
v -0.3702 		-0.384 		1.75
v -0.5733 		-0.3838 		1.75
v -0.8907 		-0.3596 		1.75
v -1.1767 		-1.2741 		1.75
v -0.289 		-1.2664 		1.75
v -0.3794 		-0.3913 		1.75
v -0.5737 		-0.3892 		1.75
v -0.8938 		-0.3645 		1.75
v -1.1734 		-1.2701 		1.75
v -0.2961 		-1.2612 		1.75
v -0.3884 		-0.3988 		1.75
v -0.5743 		-0.3947 		1.75
v -0.8967 		-0.3699 		1.75
v -1.1704 		-1.2656 		1.75
v -0.3973 		-0.4067 		1.75
v -0.5752 		-0.4002 		1.75
v -0.8994 		-0.3757 		1.75
v -1.1677 		-1.2606 		1.75
v -0.3033 		-1.2555 		1.75
v -0.4061 		-0.4149 		1.75
v -0.5764 		-0.4058 		1.75
v -0.9018 		-0.3819 		1.75
v -1.1653 		-1.2552 		1.75
v -0.3103 		-1.2493 		1.75
v -0.4152 		-0.4233 		1.75
v -0.5778 		-0.4114 		1.75
v -0.9035 		-0.3891 		1.75
v -1.1633 		-1.2493 		1.75
v -0.3173 		-1.2427 		1.75
v -0.9049 		-0.397 		1.75
v -1.1612 		-1.2426 		1.75
v -0.3242 		-1.2355 		1.75
v -0.4243 		-0.4322 		1.75
v -0.906 		-0.4058 		1.75
v -1.1595 		-1.2352 		1.75
v -0.331 		-1.2277 		1.75
v -0.4334 		-0.4413 		1.75
v -0.9068 		-0.4152 		1.75
v -1.1582 		-1.2272 		1.75
v -0.3383 		-1.2191 		1.75
v -0.4425 		-0.4507 		1.75
v -0.9073 		-0.4255 		1.75
v -1.1572 		-1.2185 		1.75
v -0.3456 		-1.2098 		1.75
v -0.9075 		-0.4365 		1.75
v -1.1566 		-1.2092 		1.75
v -0.3529 		-1.1999 		1.75
v -0.5794 		-0.4172 		1.75
v -1.1842 		-0.3472 		1.75
v -1.1564 		-1.1993 		1.75
v -0.3604 		-1.1893 		1.75
v -1.1803 		-0.35 		1.75
v -0.8836 		-1.2755 		1.75
v -0.3678 		-1.1782 		1.75
v -0.5814 		-0.4231 		1.75
v -1.1767 		-0.3537 		1.75
v -0.8873 		-1.2715 		1.75
v -0.3754 		-1.1664 		1.75
v -0.5837 		-0.4291 		1.75
v -1.1734 		-0.3579 		1.75
v -0.8907 		-1.267 		1.75
v -0.5863 		-0.4352 		1.75
v -1.1704 		-0.3626 		1.75
v -0.8938 		-1.2621 		1.75
v -0.9075 		-0.9242 		1.75
v -0.5893 		-0.4414 		1.75
v -0.9075 		-0.8048 		1.75
v -0.8967 		-1.2568 		1.75
v -0.5925 		-0.4478 		1.75
v -1.1677 		-0.3677 		1.75
v -0.8994 		-1.251 		1.75
v -0.5961 		-0.454 		1.75
v -1.1653 		-0.3734 		1.75
v -0.9018 		-1.2448 		1.75
v -0.6001 		-0.4605 		1.75
v -1.1633 		-0.3796 		1.75
v -1.1564 		-0.4296 		1.75
v -0.6045 		-0.4672 		1.75
v -1.1612 		-0.3861 		1.75
v -1.1566 		-0.4194 		1.75
v -1.1595 		-0.3933 		1.75
v -1.1572 		-0.4099 		1.75
v -0.6092 		-0.4741 		1.75
v -1.1582 		-0.4012 		1.75
v -0.6143 		-0.4813 		1.75
v -0.9035 		-1.2376 		1.75
v -0.6198 		-0.4888 		1.75
v -0.9049 		-1.2296 		1.75
v -0.6261 		-0.4961 		1.75
v -0.906 		-1.2209 		1.75
v -0.6327 		-0.5038 		1.75
v -0.9068 		-1.2115 		1.75
v -0.6397 		-0.5118 		1.75
v -0.9073 		-1.2012 		1.75
v -0.6471 		-0.5201 		1.75
v -0.9075 		-1.1902 		1.75
v -0.6549 		-0.5287 		1.75
v -0.663 		-0.5376 		1.75
v -0.8626 		-0.3389 		2.3185
v -0.8574 		-0.3375 		2.3185
v -0.8524 		-0.3362 		2.3185
v -0.8256 		-0.333 		2.3185
v -0.7585 		-0.333 		2.3185
v -0.7585 		-0.25 		2.3185
v -1.3042 		-0.25 		2.3185
v -1.3042 		-0.333 		2.3185
v -1.2115 		-0.3362 		2.3185
v -1.2065 		-0.3375 		2.3185
v -1.2016 		-0.3388 		2.3185
v -1.2383 		-1.2926 		2.3185
v -1.3042 		-1.2926 		2.3185
v -1.3042 		-1.3767 		2.3185
v -0.7585 		-1.3767 		2.3185
v -0.7585 		-1.2926 		2.3185
v -0.8381 		-0.8696 		2.3185
v -0.6255 		-1.2323 		2.3185
v -0.6206 		-1.2405 		2.3185
v -0.6157 		-1.2485 		2.3185
v -0.6107 		-1.2562 		2.3185
v -0.6058 		-1.2636 		2.3185
v -0.6009 		-1.2708 		2.3185
v -0.5959 		-1.2778 		2.3185
v -0.5906 		-1.2845 		2.3185
v -0.5851 		-1.2909 		2.3185
v -0.5795 		-1.2971 		2.3185
v -0.5737 		-1.303 		2.3185
v -0.5678 		-1.3087 		2.3185
v -0.5618 		-1.3142 		2.3185
v -0.5556 		-1.3194 		2.3185
v -0.549 		-1.3244 		2.3185
v -0.5419 		-1.3292 		2.3185
v -0.5346 		-1.3339 		2.3185
v -0.5268 		-1.3383 		2.3185
v -0.5186 		-1.3426 		2.3185
v -0.5104 		-1.3463 		2.3185
v -0.5015 		-1.3498 		2.3185
v -0.4919 		-1.3531 		2.3185
v -0.4818 		-1.3562 		2.3185
v -0.471 		-1.3592 		2.3185
v -0.4595 		-1.3619 		2.3185
v -0.4478 		-1.3644 		2.3185
v -0.4355 		-1.3667 		2.3185
v -0.4226 		-1.3687 		2.3185
v -0.409 		-1.3705 		2.3185
v -0.3948 		-1.372 		2.3185
v -0.3799 		-1.3733 		2.3185
v -0.3644 		-1.3743 		2.3185
v -0.348 		-1.3752 		2.3185
v -0.3308 		-1.3758 		2.3185
v -0.3127 		-1.3763 		2.3185
v -0.2939 		-1.3766 		2.3185
v -0.2742 		-1.3767 		2.3185
v -0.1901 		-1.3767 		2.3185
v -0.1901 		-1.2926 		2.3185
v -0.1958 		-1.2926 		2.3185
v -0.6687 		-0.7002 		2.3185
v -0.4607 		-0.4706 		2.3185
v -0.4516 		-0.4605 		2.3185
v -0.2441 		-0.3321 		2.3185
v -0.2333 		-0.3319 		2.3185
v -0.2333 		-0.25 		2.3185
v -0.6608 		-0.25 		2.3185
v -0.6608 		-0.3319 		2.3185
v -0.8312 		-0.3331 		2.3185
v -1.2383 		-0.333 		2.3185
v -1.2327 		-1.2925 		2.3185
v -0.8256 		-1.2926 		2.3185
v -0.2547 		-0.333 		2.3185
v -0.6456 		-0.3321 		2.3185
v -0.8367 		-0.3335 		2.3185
v -1.2327 		-0.3331 		2.3185
v -1.2272 		-1.2923 		2.3185
v -0.8312 		-1.2925 		2.3185
v -0.2651 		-0.3344 		2.3185
v -0.632 		-0.333 		2.3185
v -0.8421 		-0.3341 		2.3185
v -1.2272 		-0.3335 		2.3185
v -1.2218 		-1.292 		2.3185
v -0.8367 		-1.2922 		2.3185
v -0.2044 		-1.2924 		2.3185
v -0.2752 		-0.3364 		2.3185
v -0.6198 		-0.3344 		2.3185
v -0.8473 		-0.335 		2.3185
v -1.2218 		-0.3341 		2.3185
v -1.2166 		-1.2915 		2.3185
v -0.8421 		-1.2917 		2.3185
v -0.2128 		-1.2919 		2.3185
v -0.2851 		-0.339 		2.3185
v -0.6092 		-0.3364 		2.3185
v -1.2166 		-0.335 		2.3185
v -1.2115 		-1.291 		2.3185
v -0.8473 		-1.291 		2.3185
v -0.221 		-1.2911 		2.3185
v -0.2947 		-0.3421 		2.3185
v -0.6001 		-0.339 		2.3185
v -1.2065 		-1.2903 		2.3185
v -0.8524 		-1.2902 		2.3185
v -0.2291 		-1.29 		2.3185
v -0.3045 		-0.3457 		2.3185
v -0.5925 		-0.3421 		2.3185
v -0.8674 		-0.3406 		2.3185
v -1.2016 		-1.289 		2.3185
v -0.8574 		-1.2891 		2.3185
v -0.237 		-1.2886 		2.3185
v -0.3141 		-0.3498 		2.3185
v -0.5866 		-0.3459 		2.3185
v -0.8719 		-0.3427 		2.3185
v -1.197 		-0.3404 		2.3185
v -1.197 		-1.2874 		2.3185
v -0.8626 		-1.2878 		2.3185
v -0.2446 		-1.2869 		2.3185
v -0.3237 		-0.3543 		2.3185
v -0.5818 		-0.3507 		2.3185
v -0.8761 		-0.3451 		2.3185
v -1.1925 		-0.3424 		2.3185
v -1.1925 		-1.2854 		2.3185
v -0.8674 		-1.2861 		2.3185
v -0.2522 		-1.2847 		2.3185
v -0.3331 		-0.3593 		2.3185
v -0.578 		-0.3563 		2.3185
v -0.88 		-0.348 		2.3185
v -1.1883 		-0.3446 		2.3185
v -1.1883 		-1.2832 		2.3185
v -0.8719 		-1.284 		2.3185
v -0.2597 		-1.2821 		2.3185
v -0.3424 		-0.3647 		2.3185
v -0.5754 		-0.3628 		2.3185
v -1.1842 		-1.2806 		2.3185
v -0.8761 		-1.2816 		2.3185
v -0.2671 		-1.2789 		2.3185
v -0.3515 		-0.3705 		2.3185
v -0.5737 		-0.3702 		2.3185
v -0.8836 		-0.3512 		2.3185
v -1.1803 		-1.2778 		2.3185
v -0.88 		-1.2787 		2.3185
v -0.2745 		-1.2752 		2.3185
v -0.3609 		-0.3771 		2.3185
v -0.5732 		-0.3785 		2.3185
v -0.8873 		-0.3552 		2.3185
v -0.2817 		-1.2711 		2.3185
v -0.3702 		-0.384 		2.3185
v -0.5733 		-0.3838 		2.3185
v -0.8907 		-0.3596 		2.3185
v -1.1767 		-1.2741 		2.3185
v -0.289 		-1.2664 		2.3185
v -0.3794 		-0.3913 		2.3185
v -0.5737 		-0.3892 		2.3185
v -0.8938 		-0.3645 		2.3185
v -1.1734 		-1.2701 		2.3185
v -0.2961 		-1.2612 		2.3185
v -0.3884 		-0.3988 		2.3185
v -0.5743 		-0.3947 		2.3185
v -0.8967 		-0.3699 		2.3185
v -1.1704 		-1.2656 		2.3185
v -0.3973 		-0.4067 		2.3185
v -0.5752 		-0.4002 		2.3185
v -0.8994 		-0.3757 		2.3185
v -1.1677 		-1.2606 		2.3185
v -0.3033 		-1.2555 		2.3185
v -0.4061 		-0.4149 		2.3185
v -0.5764 		-0.4058 		2.3185
v -0.9018 		-0.3819 		2.3185
v -1.1653 		-1.2552 		2.3185
v -0.3103 		-1.2493 		2.3185
v -0.4152 		-0.4233 		2.3185
v -0.5778 		-0.4114 		2.3185
v -0.9035 		-0.3891 		2.3185
v -1.1633 		-1.2493 		2.3185
v -0.3173 		-1.2427 		2.3185
v -0.9049 		-0.397 		2.3185
v -1.1612 		-1.2426 		2.3185
v -0.3242 		-1.2355 		2.3185
v -0.4243 		-0.4322 		2.3185
v -0.906 		-0.4058 		2.3185
v -1.1595 		-1.2352 		2.3185
v -0.331 		-1.2277 		2.3185
v -0.4334 		-0.4413 		2.3185
v -0.9068 		-0.4152 		2.3185
v -1.1582 		-1.2272 		2.3185
v -0.3383 		-1.2191 		2.3185
v -0.4425 		-0.4507 		2.3185
v -0.9073 		-0.4255 		2.3185
v -1.1572 		-1.2185 		2.3185
v -0.3456 		-1.2098 		2.3185
v -0.9075 		-0.4365 		2.3185
v -1.1566 		-1.2092 		2.3185
v -0.3529 		-1.1999 		2.3185
v -0.5794 		-0.4172 		2.3185
v -1.1842 		-0.3472 		2.3185
v -1.1564 		-1.1993 		2.3185
v -0.3604 		-1.1893 		2.3185
v -1.1803 		-0.35 		2.3185
v -0.8836 		-1.2755 		2.3185
v -0.3678 		-1.1782 		2.3185
v -0.5814 		-0.4231 		2.3185
v -1.1767 		-0.3537 		2.3185
v -0.8873 		-1.2715 		2.3185
v -0.3754 		-1.1664 		2.3185
v -0.5837 		-0.4291 		2.3185
v -1.1734 		-0.3579 		2.3185
v -0.8907 		-1.267 		2.3185
v -0.5863 		-0.4352 		2.3185
v -1.1704 		-0.3626 		2.3185
v -0.8938 		-1.2621 		2.3185
v -0.9075 		-0.9242 		2.3185
v -0.5893 		-0.4414 		2.3185
v -0.9075 		-0.8048 		2.3185
v -0.8967 		-1.2568 		2.3185
v -0.5925 		-0.4478 		2.3185
v -1.1677 		-0.3677 		2.3185
v -0.8994 		-1.251 		2.3185
v -0.5961 		-0.454 		2.3185
v -1.1653 		-0.3734 		2.3185
v -0.9018 		-1.2448 		2.3185
v -0.6001 		-0.4605 		2.3185
v -1.1633 		-0.3796 		2.3185
v -1.1564 		-0.4296 		2.3185
v -0.6045 		-0.4672 		2.3185
v -1.1612 		-0.3861 		2.3185
v -1.1566 		-0.4194 		2.3185
v -1.1595 		-0.3933 		2.3185
v -1.1572 		-0.4099 		2.3185
v -0.6092 		-0.4741 		2.3185
v -1.1582 		-0.4012 		2.3185
v -0.6143 		-0.4813 		2.3185
v -0.9035 		-1.2376 		2.3185
v -0.6198 		-0.4888 		2.3185
v -0.9049 		-1.2296 		2.3185
v -0.6261 		-0.4961 		2.3185
v -0.906 		-1.2209 		2.3185
v -0.6327 		-0.5038 		2.3185
v -0.9068 		-1.2115 		2.3185
v -0.6397 		-0.5118 		2.3185
v -0.9073 		-1.2012 		2.3185
v -0.6471 		-0.5201 		2.3185
v -0.9075 		-1.1902 		2.3185
v -0.6549 		-0.5287 		2.3185
v -0.663 		-0.5376 		2.3185
v 0.4011 		-1.3767 		1.75
v -0.1446 		-1.3767 		1.75
v -0.1446 		-1.2926 		1.75
v 0.334 		-1.2926 		1.75
v 0.4011 		-1.2926 		1.75
v 0.3072 		-0.3373 		1.75
v 0.3022 		-0.3387 		1.75
v 0.2971 		-0.34 		1.75
v 0.4011 		-0.25 		1.75
v 0.4011 		-0.3341 		1.75
v 0.334 		-0.3341 		1.75
v -0.1446 		-0.3341 		1.75
v -0.1446 		-0.25 		1.75
v -0.0409 		-0.34 		1.75
v -0.0457 		-0.3387 		1.75
v -0.0507 		-0.3373 		1.75
v -0.0787 		-1.2926 		1.75
v 0.3284 		-1.2925 		1.75
v 0.3284 		-0.3343 		1.75
v -0.0787 		-0.3341 		1.75
v -0.0727 		-1.2925 		1.75
v 0.3229 		-1.2922 		1.75
v 0.3229 		-0.3346 		1.75
v -0.0727 		-0.3343 		1.75
v -0.0669 		-1.2922 		1.75
v 0.3176 		-1.2917 		1.75
v 0.3176 		-0.3353 		1.75
v -0.0669 		-0.3346 		1.75
v -0.0613 		-1.2917 		1.75
v 0.3123 		-1.291 		1.75
v 0.3123 		-0.3362 		1.75
v -0.0613 		-0.3353 		1.75
v -0.0559 		-1.291 		1.75
v 0.3072 		-1.2902 		1.75
v -0.0559 		-0.3362 		1.75
v -0.0507 		-1.2902 		1.75
v 0.3022 		-1.2891 		1.75
v -0.0457 		-1.2891 		1.75
v 0.2971 		-1.2878 		1.75
v 0.2922 		-0.3417 		1.75
v -0.0409 		-1.2878 		1.75
v 0.2922 		-1.2861 		1.75
v 0.2877 		-0.3438 		1.75
v -0.0363 		-0.3417 		1.75
v -0.0363 		-1.2861 		1.75
v 0.2877 		-1.284 		1.75
v 0.2835 		-0.3463 		1.75
v -0.032 		-0.3438 		1.75
v -0.032 		-1.284 		1.75
v 0.2835 		-1.2816 		1.75
v 0.2796 		-0.3491 		1.75
v -0.028 		-0.3463 		1.75
v -0.028 		-1.2816 		1.75
v 0.2796 		-1.2787 		1.75
v -0.0242 		-1.2787 		1.75
v 0.2761 		-0.3523 		1.75
v -0.0207 		-1.2755 		1.75
v 0.2724 		-0.3563 		1.75
v -0.017 		-1.2715 		1.75
v 0.2691 		-0.3608 		1.75
v -0.0137 		-1.267 		1.75
v 0.2661 		-0.3657 		1.75
v -0.0107 		-1.2621 		1.75
v 0.2634 		-0.371 		1.75
v -0.008 		-1.2568 		1.75
v 0.2611 		-0.3768 		1.75
v -0.0057 		-1.251 		1.75
v 0.259 		-0.383 		1.75
v -0.0036 		-1.2448 		1.75
v 0.2573 		-0.3902 		1.75
v -0.0015 		-1.2376 		1.75
v 0.2559 		-0.3982 		1.75
v 0.0002 		-1.2296 		1.75
v 0.2547 		-0.4069 		1.75
v 0.0015 		-1.2209 		1.75
v 0.254 		-0.4164 		1.75
v 0.0024 		-1.2115 		1.75
v 0.2535 		-0.4266 		1.75
v 0.003 		-1.2012 		1.75
v 0.2533 		-0.4376 		1.75
v 0.0032 		-1.1902 		1.75
v -0.0242 		-0.3491 		1.75
v -0.0207 		-0.3523 		1.75
v 0.2761 		-1.2755 		1.75
v -0.017 		-0.3563 		1.75
v 0.2724 		-1.2715 		1.75
v -0.0137 		-0.3608 		1.75
v 0.2691 		-1.267 		1.75
v -0.0107 		-0.3657 		1.75
v 0.2661 		-1.2621 		1.75
v -0.008 		-0.371 		1.75
v 0.2634 		-1.2568 		1.75
v -0.0057 		-0.3768 		1.75
v 0.2611 		-1.251 		1.75
v -0.0036 		-0.383 		1.75
v 0.259 		-1.2448 		1.75
v 0.2533 		-1.1902 		1.75
v 0.0032 		-0.4376 		1.75
v 0.2535 		-1.2012 		1.75
v 0.003 		-0.4266 		1.75
v 0.254 		-1.2115 		1.75
v 0.0024 		-0.4164 		1.75
v 0.2547 		-1.2209 		1.75
v 0.0015 		-0.4069 		1.75
v 0.2559 		-1.2296 		1.75
v 0.0002 		-0.3982 		1.75
v 0.2573 		-1.2376 		1.75
v -0.0015 		-0.3902 		1.75
v -0.1446 		-1.2926 		2.3185
v -0.1446 		-1.3767 		2.3185
v 0.4011 		-1.3767 		2.3185
v 0.4011 		-1.2926 		2.3185
v 0.334 		-1.2926 		2.3185
v 0.2971 		-0.34 		2.3185
v 0.3022 		-0.3387 		2.3185
v 0.3072 		-0.3373 		2.3185
v 0.334 		-0.3341 		2.3185
v 0.4011 		-0.3341 		2.3185
v 0.4011 		-0.25 		2.3185
v -0.1446 		-0.25 		2.3185
v -0.1446 		-0.3341 		2.3185
v -0.0507 		-0.3373 		2.3185
v -0.0457 		-0.3387 		2.3185
v -0.0409 		-0.34 		2.3185
v -0.0787 		-1.2926 		2.3185
v 0.3284 		-1.2925 		2.3185
v 0.3284 		-0.3343 		2.3185
v -0.0787 		-0.3341 		2.3185
v -0.0727 		-1.2925 		2.3185
v 0.3229 		-1.2922 		2.3185
v 0.3229 		-0.3346 		2.3185
v -0.0727 		-0.3343 		2.3185
v -0.0669 		-1.2922 		2.3185
v 0.3176 		-1.2917 		2.3185
v 0.3176 		-0.3353 		2.3185
v -0.0669 		-0.3346 		2.3185
v -0.0613 		-1.2917 		2.3185
v 0.3123 		-1.291 		2.3185
v 0.3123 		-0.3362 		2.3185
v -0.0613 		-0.3353 		2.3185
v -0.0559 		-1.291 		2.3185
v 0.3072 		-1.2902 		2.3185
v -0.0559 		-0.3362 		2.3185
v -0.0507 		-1.2902 		2.3185
v 0.3022 		-1.2891 		2.3185
v -0.0457 		-1.2891 		2.3185
v 0.2971 		-1.2878 		2.3185
v 0.2922 		-0.3417 		2.3185
v -0.0409 		-1.2878 		2.3185
v 0.2922 		-1.2861 		2.3185
v 0.2877 		-0.3438 		2.3185
v -0.0363 		-0.3417 		2.3185
v -0.0363 		-1.2861 		2.3185
v 0.2877 		-1.284 		2.3185
v 0.2835 		-0.3463 		2.3185
v -0.032 		-0.3438 		2.3185
v -0.032 		-1.284 		2.3185
v 0.2835 		-1.2816 		2.3185
v 0.2796 		-0.3491 		2.3185
v -0.028 		-0.3463 		2.3185
v -0.028 		-1.2816 		2.3185
v 0.2796 		-1.2787 		2.3185
v -0.0242 		-1.2787 		2.3185
v 0.2761 		-0.3523 		2.3185
v -0.0207 		-1.2755 		2.3185
v 0.2724 		-0.3563 		2.3185
v -0.017 		-1.2715 		2.3185
v 0.2691 		-0.3608 		2.3185
v -0.0137 		-1.267 		2.3185
v 0.2661 		-0.3657 		2.3185
v -0.0107 		-1.2621 		2.3185
v 0.2634 		-0.371 		2.3185
v -0.008 		-1.2568 		2.3185
v 0.2611 		-0.3768 		2.3185
v -0.0057 		-1.251 		2.3185
v 0.259 		-0.383 		2.3185
v -0.0036 		-1.2448 		2.3185
v 0.2573 		-0.3902 		2.3185
v -0.0015 		-1.2376 		2.3185
v 0.2559 		-0.3982 		2.3185
v 0.0002 		-1.2296 		2.3185
v 0.2547 		-0.4069 		2.3185
v 0.0015 		-1.2209 		2.3185
v 0.254 		-0.4164 		2.3185
v 0.0024 		-1.2115 		2.3185
v 0.2535 		-0.4266 		2.3185
v 0.003 		-1.2012 		2.3185
v 0.2533 		-0.4376 		2.3185
v 0.0032 		-1.1902 		2.3185
v -0.0242 		-0.3491 		2.3185
v -0.0207 		-0.3523 		2.3185
v 0.2761 		-1.2755 		2.3185
v -0.017 		-0.3563 		2.3185
v 0.2724 		-1.2715 		2.3185
v -0.0137 		-0.3608 		2.3185
v 0.2691 		-1.267 		2.3185
v -0.0107 		-0.3657 		2.3185
v 0.2661 		-1.2621 		2.3185
v -0.008 		-0.371 		2.3185
v 0.2634 		-1.2568 		2.3185
v -0.0057 		-0.3768 		2.3185
v 0.2611 		-1.251 		2.3185
v -0.0036 		-0.383 		2.3185
v 0.259 		-1.2448 		2.3185
v 0.2533 		-1.1902 		2.3185
v 0.0032 		-0.4376 		2.3185
v 0.2535 		-1.2012 		2.3185
v 0.003 		-0.4266 		2.3185
v 0.254 		-1.2115 		2.3185
v 0.0024 		-0.4164 		2.3185
v 0.2547 		-1.2209 		2.3185
v 0.0015 		-0.4069 		2.3185
v 0.2559 		-1.2296 		2.3185
v 0.0002 		-0.3982 		2.3185
v 0.2573 		-1.2376 		2.3185
v -0.0015 		-0.3902 		2.3185
v 1.4562 		-0.557 		1.75
v 1.3539 		-0.557 		1.75
v 1.3425 		-0.4592 		1.75
v 0.566 		-0.557 		1.75
v 0.4637 		-0.557 		1.75
v 0.4637 		-0.25 		1.75
v 0.5783 		-0.4506 		1.75
v 0.5773 		-0.4592 		1.75
v 0.6876 		-1.3767 		1.75
v 0.6876 		-1.2926 		1.75
v 0.7536 		-1.2926 		1.75
v 1.2333 		-1.2926 		1.75
v 1.2333 		-1.3767 		1.75
v 1.3413 		-0.4506 		1.75
v 0.7595 		-1.2925 		1.75
v 1.1663 		-1.2926 		1.75
v 1.3398 		-0.4423 		1.75
v 0.5795 		-0.4423 		1.75
v 0.7653 		-1.2922 		1.75
v 1.1607 		-1.2925 		1.75
v 1.3382 		-0.4342 		1.75
v 0.581 		-0.4342 		1.75
v 0.7709 		-1.2917 		1.75
v 1.1552 		-1.2922 		1.75
v 1.3364 		-0.4263 		1.75
v 0.5829 		-0.4263 		1.75
v 0.7763 		-1.291 		1.75
v 1.1498 		-1.2917 		1.75
v 1.3344 		-0.4188 		1.75
v 0.5851 		-0.4188 		1.75
v 0.7815 		-1.2902 		1.75
v 1.1445 		-1.291 		1.75
v 1.3323 		-0.4114 		1.75
v 0.5876 		-0.4114 		1.75
v 0.7865 		-1.2891 		1.75
v 1.1394 		-1.2902 		1.75
v 1.3297 		-0.4048 		1.75
v 0.5901 		-0.4048 		1.75
v 0.7913 		-1.2878 		1.75
v 1.1344 		-1.2891 		1.75
v 1.3267 		-0.3986 		1.75
v 0.5931 		-0.3986 		1.75
v 0.7959 		-1.2861 		1.75
v 1.1296 		-1.2878 		1.75
v 1.3232 		-0.3927 		1.75
v 0.5967 		-0.3927 		1.75
v 0.8002 		-1.284 		1.75
v 1.125 		-1.2861 		1.75
v 1.3191 		-0.3872 		1.75
v 0.6007 		-0.3872 		1.75
v 0.8042 		-1.2816 		1.75
v 1.1205 		-1.284 		1.75
v 1.4562 		-0.25 		1.75
v 0.6053 		-0.3821 		1.75
v 0.808 		-1.2787 		1.75
v 1.1162 		-1.2816 		1.75
v 1.3146 		-0.3821 		1.75
v 0.6103 		-0.3773 		1.75
v 1.3095 		-0.3773 		1.75
v 0.6155 		-0.3726 		1.75
v 0.8116 		-1.2755 		1.75
v 1.3043 		-0.3726 		1.75
v 0.6212 		-0.3682 		1.75
v 0.8152 		-1.2715 		1.75
v 1.2987 		-0.3682 		1.75
v 0.6274 		-0.3643 		1.75
v 0.8185 		-1.267 		1.75
v 1.2925 		-0.3643 		1.75
v 0.6341 		-0.3607 		1.75
v 0.8215 		-1.2621 		1.75
v 1.2858 		-0.3607 		1.75
v 0.6413 		-0.3574 		1.75
v 0.8242 		-1.2568 		1.75
v 1.2786 		-0.3574 		1.75
v 0.649 		-0.3546 		1.75
v 0.8266 		-1.251 		1.75
v 1.2709 		-0.3546 		1.75
v 0.6572 		-0.3522 		1.75
v 0.8286 		-1.2448 		1.75
v 1.2626 		-0.3522 		1.75
v 0.6662 		-0.3502 		1.75
v 0.8307 		-1.2376 		1.75
v 1.2537 		-0.3502 		1.75
v 0.6757 		-0.3486 		1.75
v 0.8324 		-1.2296 		1.75
v 1.2442 		-0.3486 		1.75
v 0.8337 		-1.2209 		1.75
v 1.234 		-0.3475 		1.75
v 0.6859 		-0.3475 		1.75
v 0.8347 		-1.2115 		1.75
v 1.2232 		-0.3469 		1.75
v 0.6967 		-0.3469 		1.75
v 0.8352 		-1.2012 		1.75
v 1.2117 		-0.3466 		1.75
v 0.7081 		-0.3466 		1.75
v 0.8354 		-1.1902 		1.75
v 1.0856 		-0.3466 		1.75
v 0.8354 		-0.3466 		1.75
v 1.1122 		-1.2787 		1.75
v 1.1083 		-1.2755 		1.75
v 1.0856 		-1.1902 		1.75
v 1.1047 		-1.2715 		1.75
v 1.0857 		-1.2012 		1.75
v 1.1013 		-1.267 		1.75
v 1.0862 		-1.2115 		1.75
v 1.0983 		-1.2621 		1.75
v 1.087 		-1.2209 		1.75
v 1.0957 		-1.2568 		1.75
v 1.0881 		-1.2296 		1.75
v 1.0933 		-1.251 		1.75
v 1.0895 		-1.2376 		1.75
v 1.0912 		-1.2448 		1.75
v 1.3425 		-0.4592 		2.3185
v 1.3539 		-0.557 		2.3185
v 1.4562 		-0.557 		2.3185
v 0.4637 		-0.25 		2.3185
v 0.4637 		-0.557 		2.3185
v 0.566 		-0.557 		2.3185
v 0.5773 		-0.4592 		2.3185
v 0.5783 		-0.4506 		2.3185
v 0.7536 		-1.2926 		2.3185
v 0.6876 		-1.2926 		2.3185
v 0.6876 		-1.3767 		2.3185
v 1.2333 		-1.3767 		2.3185
v 1.2333 		-1.2926 		2.3185
v 1.3413 		-0.4506 		2.3185
v 0.7595 		-1.2925 		2.3185
v 1.1663 		-1.2926 		2.3185
v 1.3398 		-0.4423 		2.3185
v 0.5795 		-0.4423 		2.3185
v 0.7653 		-1.2922 		2.3185
v 1.1607 		-1.2925 		2.3185
v 1.3382 		-0.4342 		2.3185
v 0.581 		-0.4342 		2.3185
v 0.7709 		-1.2917 		2.3185
v 1.1552 		-1.2922 		2.3185
v 1.3364 		-0.4263 		2.3185
v 0.5829 		-0.4263 		2.3185
v 0.7763 		-1.291 		2.3185
v 1.1498 		-1.2917 		2.3185
v 1.3344 		-0.4188 		2.3185
v 0.5851 		-0.4188 		2.3185
v 0.7815 		-1.2902 		2.3185
v 1.1445 		-1.291 		2.3185
v 1.3323 		-0.4114 		2.3185
v 0.5876 		-0.4114 		2.3185
v 0.7865 		-1.2891 		2.3185
v 1.1394 		-1.2902 		2.3185
v 1.3297 		-0.4048 		2.3185
v 0.5901 		-0.4048 		2.3185
v 0.7913 		-1.2878 		2.3185
v 1.1344 		-1.2891 		2.3185
v 1.3267 		-0.3986 		2.3185
v 0.5931 		-0.3986 		2.3185
v 0.7959 		-1.2861 		2.3185
v 1.1296 		-1.2878 		2.3185
v 1.3232 		-0.3927 		2.3185
v 0.5967 		-0.3927 		2.3185
v 0.8002 		-1.284 		2.3185
v 1.125 		-1.2861 		2.3185
v 1.3191 		-0.3872 		2.3185
v 0.6007 		-0.3872 		2.3185
v 0.8042 		-1.2816 		2.3185
v 1.1205 		-1.284 		2.3185
v 1.4562 		-0.25 		2.3185
v 0.6053 		-0.3821 		2.3185
v 0.808 		-1.2787 		2.3185
v 1.1162 		-1.2816 		2.3185
v 1.3146 		-0.3821 		2.3185
v 0.6103 		-0.3773 		2.3185
v 1.3095 		-0.3773 		2.3185
v 0.6155 		-0.3726 		2.3185
v 0.8116 		-1.2755 		2.3185
v 1.3043 		-0.3726 		2.3185
v 0.6212 		-0.3682 		2.3185
v 0.8152 		-1.2715 		2.3185
v 1.2987 		-0.3682 		2.3185
v 0.6274 		-0.3643 		2.3185
v 0.8185 		-1.267 		2.3185
v 1.2925 		-0.3643 		2.3185
v 0.6341 		-0.3607 		2.3185
v 0.8215 		-1.2621 		2.3185
v 1.2858 		-0.3607 		2.3185
v 0.6413 		-0.3574 		2.3185
v 0.8242 		-1.2568 		2.3185
v 1.2786 		-0.3574 		2.3185
v 0.649 		-0.3546 		2.3185
v 0.8266 		-1.251 		2.3185
v 1.2709 		-0.3546 		2.3185
v 0.6572 		-0.3522 		2.3185
v 0.8286 		-1.2448 		2.3185
v 1.2626 		-0.3522 		2.3185
v 0.6662 		-0.3502 		2.3185
v 0.8307 		-1.2376 		2.3185
v 1.2537 		-0.3502 		2.3185
v 0.6757 		-0.3486 		2.3185
v 0.8324 		-1.2296 		2.3185
v 1.2442 		-0.3486 		2.3185
v 0.8337 		-1.2209 		2.3185
v 1.234 		-0.3475 		2.3185
v 0.6859 		-0.3475 		2.3185
v 0.8347 		-1.2115 		2.3185
v 1.2232 		-0.3469 		2.3185
v 0.6967 		-0.3469 		2.3185
v 0.8352 		-1.2012 		2.3185
v 1.2117 		-0.3466 		2.3185
v 0.7081 		-0.3466 		2.3185
v 0.8354 		-1.1902 		2.3185
v 1.0856 		-0.3466 		2.3185
v 0.8354 		-0.3466 		2.3185
v 1.1122 		-1.2787 		2.3185
v 1.1083 		-1.2755 		2.3185
v 1.0856 		-1.1902 		2.3185
v 1.1047 		-1.2715 		2.3185
v 1.0857 		-1.2012 		2.3185
v 1.1013 		-1.267 		2.3185
v 1.0862 		-1.2115 		2.3185
v 1.0983 		-1.2621 		2.3185
v 1.087 		-1.2209 		2.3185
v 1.0957 		-1.2568 		2.3185
v 1.0881 		-1.2296 		2.3185
v 1.0933 		-1.251 		2.3185
v 1.0895 		-1.2376 		2.3185
v 1.0912 		-1.2448 		2.3185
# 920 vertices

g group_2_40919

usemtl color_40919
s 0

f 2875 	2876 	2877
f 2878 	2879 	2880
f 2881 	2882 	2878
f 2883 	2884 	2885
f 2886 	2887 	2888
f 2889 	2890 	2886
f 2891 	2892 	2893
f 2894 	2895 	2891
f 2896 	2897 	2894
f 2898 	2899 	2896
f 2900 	2901 	2898
f 2902 	2903 	2900
f 2904 	2905 	2902
f 2906 	2907 	2904
f 2908 	2909 	2906
f 2910 	2911 	2908
f 2912 	2913 	2910
f 2914 	2915 	2912
f 2916 	2917 	2914
f 2918 	2919 	2916
f 2920 	2921 	2918
f 2922 	2923 	2920
f 2924 	2925 	2922
f 2926 	2927 	2924
f 2928 	2929 	2926
f 2930 	2931 	2928
f 2932 	2933 	2934
f 2935 	2936 	2937
f 2938 	2939 	2935
f 2878 	2880 	2940
f 2941 	2881 	2878
f 2886 	2888 	2942
f 2943 	2889 	2886
f 2894 	2891 	2893
f 2898 	2896 	2894
f 2902 	2900 	2898
f 2906 	2904 	2902
f 2910 	2908 	2906
f 2914 	2912 	2910
f 2918 	2916 	2914
f 2922 	2920 	2918
f 2926 	2924 	2922
f 2930 	2928 	2926
f 2935 	2937 	2944
f 2945 	2938 	2935
f 2878 	2940 	2946
f 2947 	2941 	2878
f 2886 	2942 	2948
f 2949 	2943 	2886
f 2898 	2894 	2893
f 2906 	2902 	2898
f 2914 	2910 	2906
f 2922 	2918 	2914
f 2930 	2926 	2922
f 2935 	2944 	2950
f 2951 	2945 	2935
f 2878 	2946 	2952
f 2953 	2947 	2878
f 2886 	2948 	2954
f 2955 	2949 	2886
f 2906 	2898 	2893
f 2922 	2914 	2906
f 2956 	2930 	2922
f 2935 	2950 	2957
f 2958 	2951 	2935
f 2878 	2952 	2959
f 2960 	2953 	2878
f 2886 	2954 	2961
f 2962 	2955 	2886
f 2922 	2906 	2893
f 2963 	2956 	2922
f 2935 	2957 	2964
f 2965 	2958 	2935
f 2878 	2959 	2875
f 2966 	2960 	2878
f 2886 	2961 	2967
f 2968 	2962 	2886
f 2969 	2963 	2922
f 2935 	2964 	2970
f 2971 	2965 	2935
f 2878 	2875 	2877
f 2885 	2966 	2878
f 2886 	2967 	2972
f 2973 	2968 	2886
f 2974 	2969 	2922
f 2935 	2970 	2975
f 2976 	2971 	2935
f 2878 	2877 	2977
f 2883 	2885 	2878
f 2886 	2972 	2978
f 2979 	2973 	2886
f 2980 	2974 	2922
f 2935 	2975 	2981
f 2982 	2976 	2935
f 2878 	2977 	2983
f 2984 	2883 	2878
f 2886 	2978 	2985
f 2986 	2979 	2886
f 2987 	2980 	2922
f 2935 	2981 	2988
f 2989 	2982 	2935
f 2878 	2983 	2990
f 2991 	2984 	2878
f 2886 	2985 	2992
f 2993 	2986 	2886
f 2994 	2987 	2922
f 2935 	2988 	2995
f 2996 	2989 	2935
f 2878 	2990 	2997
f 2998 	2991 	2878
f 2886 	2992 	2999
f 3000 	2993 	2886
f 3001 	2994 	2922
f 2935 	2995 	3002
f 3003 	2996 	2935
f 2998 	2878 	2997
f 2886 	2999 	3004
f 3005 	3000 	2886
f 3006 	3001 	2922
f 2935 	3002 	3007
f 3008 	3003 	2935
f 2998 	2997 	3009
f 2886 	3004 	3010
f 3011 	3005 	2886
f 3012 	3006 	2922
f 2935 	3007 	3013
f 3014 	3008 	2935
f 2998 	3009 	3015
f 3011 	2886 	3010
f 3016 	3012 	2922
f 2935 	3013 	3017
f 3018 	3014 	2935
f 2998 	3015 	3019
f 3011 	3010 	3020
f 3021 	3016 	2922
f 2935 	3017 	3022
f 3023 	3018 	2935
f 2998 	3019 	3024
f 3011 	3020 	3025
f 3026 	3021 	2922
f 2935 	3022 	3027
f 3028 	3023 	2935
f 2998 	3024 	3029
f 3011 	3025 	3030
f 3026 	2922 	2893
f 2935 	3027 	3031
f 3032 	3028 	2935
f 2998 	3029 	3033
f 3011 	3030 	3034
f 3035 	3026 	2893
f 2935 	3031 	3036
f 3037 	3032 	2935
f 2998 	3033 	3038
f 3011 	3034 	3039
f 3040 	3035 	2893
f 2935 	3036 	3041
f 3042 	3037 	2935
f 2998 	3038 	3043
f 3011 	3039 	3044
f 3045 	3040 	2893
f 3042 	2935 	3041
f 2998 	3043 	3046
f 3011 	3044 	3047
f 3048 	3045 	2893
f 3042 	3041 	3049
f 2998 	3046 	3050
f 3011 	3047 	3051
f 3052 	3048 	2893
f 3042 	3049 	3053
f 2998 	3050 	3054
f 3011 	3051 	3055
f 3056 	3052 	2893
f 3042 	3053 	3057
f 2998 	3054 	3058
f 3011 	3055 	3059
f 3060 	3056 	2893
f 3042 	3057 	2932
f 2998 	3058 	3061
f 3011 	3059 	3062
f 3063 	3060 	2893
f 3064 	3042 	2932
f 3065 	2998 	3061
f 3011 	3062 	3066
f 3067 	3063 	2893
f 3064 	2932 	2934
f 3068 	3065 	3061
f 3069 	3011 	3066
f 3070 	3067 	2893
f 3071 	3064 	2934
f 3072 	3068 	3061
f 3073 	3069 	3066
f 3074 	3070 	2893
f 3075 	3071 	2934
f 3076 	3072 	3061
f 3077 	3073 	3066
f 2934 	3074 	2893
f 3078 	3075 	2934
f 3079 	3076 	3061
f 3080 	3077 	3066
f 2934 	2893 	3081
f 3082 	3078 	2934
f 3079 	3061 	3083
f 3084 	3080 	3066
f 3085 	3082 	2934
f 3086 	3079 	3083
f 3087 	3084 	3066
f 3088 	3085 	2934
f 3089 	3086 	3083
f 3090 	3087 	3066
f 3091 	3088 	2934
f 3092 	3089 	3083
f 3090 	3066 	3093
f 3094 	3091 	2934
f 3095 	3092 	3083
f 3090 	3093 	3096
f 3094 	2934 	3081
f 3097 	3095 	3083
f 3090 	3096 	3098
f 3099 	3094 	3081
f 3100 	3097 	3083
f 3090 	3098 	3100
f 3101 	3099 	3081
f 3102 	3090 	3100
f 3103 	3101 	3081
f 3104 	3102 	3100
f 3105 	3103 	3081
f 3106 	3104 	3100
f 3107 	3105 	3081
f 3108 	3106 	3100
f 3109 	3107 	3081
f 3110 	3108 	3100
f 3111 	3109 	3081
f 3112 	3110 	3100
f 3113 	3111 	3081
f 3081 	3112 	3100
f 3114 	3113 	3081
f 3081 	3100 	3083
f 3083 	3114 	3081
f 3115 	3116 	3117
f 3118 	3119 	3120
f 3120 	3121 	3122
f 3123 	3124 	3125
f 3126 	3127 	3128
f 3128 	3129 	3130
f 3131 	3132 	3133
f 3133 	3134 	3135
f 3135 	3136 	3137
f 3137 	3138 	3139
f 3139 	3140 	3141
f 3141 	3142 	3143
f 3143 	3144 	3145
f 3145 	3146 	3147
f 3147 	3148 	3149
f 3149 	3150 	3151
f 3151 	3152 	3153
f 3153 	3154 	3155
f 3155 	3156 	3157
f 3157 	3158 	3159
f 3159 	3160 	3161
f 3161 	3162 	3163
f 3163 	3164 	3165
f 3165 	3166 	3167
f 3167 	3168 	3169
f 3169 	3170 	3171
f 3172 	3173 	3174
f 3175 	3176 	3177
f 3177 	3178 	3179
f 3180 	3118 	3120
f 3120 	3122 	3181
f 3182 	3126 	3128
f 3128 	3130 	3183
f 3131 	3133 	3135
f 3135 	3137 	3139
f 3139 	3141 	3143
f 3143 	3145 	3147
f 3147 	3149 	3151
f 3151 	3153 	3155
f 3155 	3157 	3159
f 3159 	3161 	3163
f 3163 	3165 	3167
f 3167 	3169 	3171
f 3184 	3175 	3177
f 3177 	3179 	3185
f 3186 	3180 	3120
f 3120 	3181 	3187
f 3188 	3182 	3128
f 3128 	3183 	3189
f 3131 	3135 	3139
f 3139 	3143 	3147
f 3147 	3151 	3155
f 3155 	3159 	3163
f 3163 	3167 	3171
f 3190 	3184 	3177
f 3177 	3185 	3191
f 3192 	3186 	3120
f 3120 	3187 	3193
f 3194 	3188 	3128
f 3128 	3189 	3195
f 3131 	3139 	3147
f 3147 	3155 	3163
f 3163 	3171 	3196
f 3197 	3190 	3177
f 3177 	3191 	3198
f 3199 	3192 	3120
f 3120 	3193 	3200
f 3201 	3194 	3128
f 3128 	3195 	3202
f 3131 	3147 	3163
f 3163 	3196 	3203
f 3204 	3197 	3177
f 3177 	3198 	3205
f 3117 	3199 	3120
f 3120 	3200 	3206
f 3207 	3201 	3128
f 3128 	3202 	3208
f 3163 	3203 	3209
f 3210 	3204 	3177
f 3177 	3205 	3211
f 3115 	3117 	3120
f 3120 	3206 	3123
f 3212 	3207 	3128
f 3128 	3208 	3213
f 3163 	3209 	3214
f 3215 	3210 	3177
f 3177 	3211 	3216
f 3217 	3115 	3120
f 3120 	3123 	3125
f 3218 	3212 	3128
f 3128 	3213 	3219
f 3163 	3214 	3220
f 3221 	3215 	3177
f 3177 	3216 	3222
f 3223 	3217 	3120
f 3120 	3125 	3224
f 3225 	3218 	3128
f 3128 	3219 	3226
f 3163 	3220 	3227
f 3228 	3221 	3177
f 3177 	3222 	3229
f 3230 	3223 	3120
f 3120 	3224 	3231
f 3232 	3225 	3128
f 3128 	3226 	3233
f 3163 	3227 	3234
f 3235 	3228 	3177
f 3177 	3229 	3236
f 3237 	3230 	3120
f 3120 	3231 	3238
f 3239 	3232 	3128
f 3128 	3233 	3240
f 3163 	3234 	3241
f 3242 	3235 	3177
f 3177 	3236 	3243
f 3237 	3120 	3238
f 3244 	3239 	3128
f 3128 	3240 	3245
f 3163 	3241 	3246
f 3247 	3242 	3177
f 3177 	3243 	3248
f 3249 	3237 	3238
f 3250 	3244 	3128
f 3128 	3245 	3251
f 3163 	3246 	3252
f 3253 	3247 	3177
f 3177 	3248 	3254
f 3255 	3249 	3238
f 3250 	3128 	3251
f 3163 	3252 	3256
f 3257 	3253 	3177
f 3177 	3254 	3258
f 3259 	3255 	3238
f 3260 	3250 	3251
f 3163 	3256 	3261
f 3262 	3257 	3177
f 3177 	3258 	3263
f 3264 	3259 	3238
f 3265 	3260 	3251
f 3163 	3261 	3266
f 3267 	3262 	3177
f 3177 	3263 	3268
f 3269 	3264 	3238
f 3270 	3265 	3251
f 3131 	3163 	3266
f 3271 	3267 	3177
f 3177 	3268 	3272
f 3273 	3269 	3238
f 3274 	3270 	3251
f 3131 	3266 	3275
f 3276 	3271 	3177
f 3177 	3272 	3277
f 3278 	3273 	3238
f 3279 	3274 	3251
f 3131 	3275 	3280
f 3281 	3276 	3177
f 3177 	3277 	3282
f 3283 	3278 	3238
f 3284 	3279 	3251
f 3131 	3280 	3285
f 3281 	3177 	3282
f 3286 	3283 	3238
f 3287 	3284 	3251
f 3131 	3285 	3288
f 3289 	3281 	3282
f 3290 	3286 	3238
f 3291 	3287 	3251
f 3131 	3288 	3292
f 3293 	3289 	3282
f 3294 	3290 	3238
f 3295 	3291 	3251
f 3131 	3292 	3296
f 3297 	3293 	3282
f 3298 	3294 	3238
f 3299 	3295 	3251
f 3131 	3296 	3300
f 3174 	3297 	3282
f 3301 	3298 	3238
f 3302 	3299 	3251
f 3131 	3300 	3303
f 3174 	3282 	3304
f 3301 	3238 	3305
f 3306 	3302 	3251
f 3131 	3303 	3307
f 3172 	3174 	3304
f 3301 	3305 	3308
f 3306 	3251 	3309
f 3131 	3307 	3310
f 3172 	3304 	3311
f 3301 	3308 	3312
f 3306 	3309 	3313
f 3131 	3310 	3314
f 3172 	3311 	3315
f 3301 	3312 	3316
f 3306 	3313 	3317
f 3131 	3314 	3172
f 3172 	3315 	3318
f 3301 	3316 	3319
f 3306 	3317 	3320
f 3321 	3131 	3172
f 3172 	3318 	3322
f 3323 	3301 	3319
f 3306 	3320 	3324
f 3172 	3322 	3325
f 3323 	3319 	3326
f 3306 	3324 	3327
f 3172 	3325 	3328
f 3323 	3326 	3329
f 3306 	3327 	3330
f 3172 	3328 	3331
f 3323 	3329 	3332
f 3333 	3306 	3330
f 3172 	3331 	3334
f 3323 	3332 	3335
f 3336 	3333 	3330
f 3321 	3172 	3334
f 3323 	3335 	3337
f 3338 	3336 	3330
f 3321 	3334 	3339
f 3323 	3337 	3340
f 3340 	3338 	3330
f 3321 	3339 	3341
f 3340 	3330 	3342
f 3321 	3341 	3343
f 3340 	3342 	3344
f 3321 	3343 	3345
f 3340 	3344 	3346
f 3321 	3345 	3347
f 3340 	3346 	3348
f 3321 	3347 	3349
f 3340 	3348 	3350
f 3321 	3349 	3351
f 3340 	3350 	3352
f 3321 	3351 	3353
f 3340 	3352 	3321
f 3321 	3353 	3354
f 3323 	3340 	3321
f 3321 	3354 	3323
f 3083 	3061 	3323
f 3061 	3301 	3323
f 3061 	3058 	3301
f 3058 	3298 	3301
f 3058 	3054 	3298
f 3054 	3294 	3298
f 3054 	3050 	3294
f 3050 	3290 	3294
f 3050 	3046 	3290
f 3046 	3286 	3290
f 3046 	3043 	3286
f 3043 	3283 	3286
f 3043 	3038 	3283
f 3038 	3278 	3283
f 3038 	3033 	3278
f 3033 	3273 	3278
f 3033 	3029 	3273
f 3029 	3269 	3273
f 3029 	3024 	3269
f 3024 	3264 	3269
f 3024 	3019 	3264
f 3019 	3259 	3264
f 3019 	3015 	3259
f 3015 	3255 	3259
f 3015 	3009 	3255
f 3009 	3249 	3255
f 3009 	2997 	3249
f 2997 	3237 	3249
f 2997 	2990 	3237
f 2990 	3230 	3237
f 2990 	2983 	3230
f 2983 	3223 	3230
f 2983 	2977 	3223
f 2977 	3217 	3223
f 2977 	2877 	3217
f 2877 	3115 	3217
f 2877 	2876 	3115
f 2876 	3116 	3115
f 2876 	2875 	3116
f 2875 	3117 	3116
f 2875 	2959 	3117
f 2959 	3199 	3117
f 2959 	2952 	3199
f 2952 	3192 	3199
f 2952 	2946 	3192
f 2946 	3186 	3192
f 2946 	2940 	3186
f 2940 	3180 	3186
f 2940 	2880 	3180
f 2880 	3118 	3180
f 2880 	2879 	3118
f 2879 	3119 	3118
f 2879 	2878 	3119
f 2878 	3120 	3119
f 2878 	2882 	3120
f 2882 	3121 	3120
f 2882 	2881 	3121
f 2881 	3122 	3121
f 2881 	2941 	3122
f 2941 	3181 	3122
f 2941 	2947 	3181
f 2947 	3187 	3181
f 2947 	2953 	3187
f 2953 	3193 	3187
f 2953 	2960 	3193
f 2960 	3200 	3193
f 2960 	2966 	3200
f 2966 	3206 	3200
f 2966 	2885 	3206
f 2885 	3123 	3206
f 2885 	2884 	3123
f 2884 	3124 	3123
f 2884 	2883 	3124
f 2883 	3125 	3124
f 2883 	2984 	3125
f 2984 	3224 	3125
f 2984 	2991 	3224
f 2991 	3231 	3224
f 2991 	2998 	3231
f 2998 	3238 	3231
f 2998 	3065 	3238
f 3065 	3305 	3238
f 3065 	3068 	3305
f 3068 	3308 	3305
f 3068 	3072 	3308
f 3072 	3312 	3308
f 3072 	3076 	3312
f 3076 	3316 	3312
f 3076 	3079 	3316
f 3079 	3319 	3316
f 3079 	3086 	3319
f 3086 	3326 	3319
f 3086 	3089 	3326
f 3089 	3329 	3326
f 3089 	3092 	3329
f 3092 	3332 	3329
f 3092 	3095 	3332
f 3095 	3335 	3332
f 3095 	3097 	3335
f 3097 	3337 	3335
f 3097 	3100 	3337
f 3100 	3340 	3337
f 3100 	3098 	3340
f 3098 	3338 	3340
f 3098 	3096 	3338
f 3096 	3336 	3338
f 3096 	3093 	3336
f 3093 	3333 	3336
f 3093 	3066 	3333
f 3066 	3306 	3333
f 3066 	3062 	3306
f 3062 	3302 	3306
f 3062 	3059 	3302
f 3059 	3299 	3302
f 3059 	3055 	3299
f 3055 	3295 	3299
f 3055 	3051 	3295
f 3051 	3291 	3295
f 3051 	3047 	3291
f 3047 	3287 	3291
f 3047 	3044 	3287
f 3044 	3284 	3287
f 3044 	3039 	3284
f 3039 	3279 	3284
f 3039 	3034 	3279
f 3034 	3274 	3279
f 3034 	3030 	3274
f 3030 	3270 	3274
f 3030 	3025 	3270
f 3025 	3265 	3270
f 3025 	3020 	3265
f 3020 	3260 	3265
f 3020 	3010 	3260
f 3010 	3250 	3260
f 3010 	3004 	3250
f 3004 	3244 	3250
f 3004 	2999 	3244
f 2999 	3239 	3244
f 2999 	2992 	3239
f 2992 	3232 	3239
f 2992 	2985 	3232
f 2985 	3225 	3232
f 2985 	2978 	3225
f 2978 	3218 	3225
f 2978 	2972 	3218
f 2972 	3212 	3218
f 2972 	2967 	3212
f 2967 	3207 	3212
f 2967 	2961 	3207
f 2961 	3201 	3207
f 2961 	2954 	3201
f 2954 	3194 	3201
f 2954 	2948 	3194
f 2948 	3188 	3194
f 2948 	2942 	3188
f 2942 	3182 	3188
f 2942 	2888 	3182
f 2888 	3126 	3182
f 2888 	2887 	3126
f 2887 	3127 	3126
f 2887 	2886 	3127
f 2886 	3128 	3127
f 2886 	2890 	3128
f 2890 	3129 	3128
f 2890 	2889 	3129
f 2889 	3130 	3129
f 2889 	2943 	3130
f 2943 	3183 	3130
f 2943 	2949 	3183
f 2949 	3189 	3183
f 2949 	2955 	3189
f 2955 	3195 	3189
f 2955 	2962 	3195
f 2962 	3202 	3195
f 2962 	2968 	3202
f 2968 	3208 	3202
f 2968 	2973 	3208
f 2973 	3213 	3208
f 2973 	2979 	3213
f 2979 	3219 	3213
f 2979 	2986 	3219
f 2986 	3226 	3219
f 2986 	2993 	3226
f 2993 	3233 	3226
f 2993 	3000 	3233
f 3000 	3240 	3233
f 3000 	3005 	3240
f 3005 	3245 	3240
f 3005 	3011 	3245
f 3011 	3251 	3245
f 3011 	3069 	3251
f 3069 	3309 	3251
f 3069 	3073 	3309
f 3073 	3313 	3309
f 3073 	3077 	3313
f 3077 	3317 	3313
f 3077 	3080 	3317
f 3080 	3320 	3317
f 3080 	3084 	3320
f 3084 	3324 	3320
f 3084 	3087 	3324
f 3087 	3327 	3324
f 3087 	3090 	3327
f 3090 	3330 	3327
f 3090 	3102 	3330
f 3102 	3342 	3330
f 3102 	3104 	3342
f 3104 	3344 	3342
f 3104 	3106 	3344
f 3106 	3346 	3344
f 3106 	3108 	3346
f 3108 	3348 	3346
f 3108 	3110 	3348
f 3110 	3350 	3348
f 3110 	3112 	3350
f 3112 	3352 	3350
f 3112 	3081 	3352
f 3081 	3321 	3352
f 3081 	2893 	3321
f 2893 	3131 	3321
f 2893 	2892 	3131
f 2892 	3132 	3131
f 2892 	2891 	3132
f 2891 	3133 	3132
f 2891 	2895 	3133
f 2895 	3134 	3133
f 2895 	2894 	3134
f 2894 	3135 	3134
f 2894 	2897 	3135
f 2897 	3136 	3135
f 2897 	2896 	3136
f 2896 	3137 	3136
f 2896 	2899 	3137
f 2899 	3138 	3137
f 2899 	2898 	3138
f 2898 	3139 	3138
f 2898 	2901 	3139
f 2901 	3140 	3139
f 2901 	2900 	3140
f 2900 	3141 	3140
f 2900 	2903 	3141
f 2903 	3142 	3141
f 2903 	2902 	3142
f 2902 	3143 	3142
f 2902 	2905 	3143
f 2905 	3144 	3143
f 2905 	2904 	3144
f 2904 	3145 	3144
f 2904 	2907 	3145
f 2907 	3146 	3145
f 2907 	2906 	3146
f 2906 	3147 	3146
f 2906 	2909 	3147
f 2909 	3148 	3147
f 2909 	2908 	3148
f 2908 	3149 	3148
f 2908 	2911 	3149
f 2911 	3150 	3149
f 2911 	2910 	3150
f 2910 	3151 	3150
f 2910 	2913 	3151
f 2913 	3152 	3151
f 2913 	2912 	3152
f 2912 	3153 	3152
f 2912 	2915 	3153
f 2915 	3154 	3153
f 2915 	2914 	3154
f 2914 	3155 	3154
f 2914 	2917 	3155
f 2917 	3156 	3155
f 2917 	2916 	3156
f 2916 	3157 	3156
f 2916 	2919 	3157
f 2919 	3158 	3157
f 2919 	2918 	3158
f 2918 	3159 	3158
f 2918 	2921 	3159
f 2921 	3160 	3159
f 2921 	2920 	3160
f 2920 	3161 	3160
f 2920 	2923 	3161
f 2923 	3162 	3161
f 2923 	2922 	3162
f 2922 	3163 	3162
f 2922 	2925 	3163
f 2925 	3164 	3163
f 2925 	2924 	3164
f 2924 	3165 	3164
f 2924 	2927 	3165
f 2927 	3166 	3165
f 2927 	2926 	3166
f 2926 	3167 	3166
f 2926 	2929 	3167
f 2929 	3168 	3167
f 2929 	2928 	3168
f 2928 	3169 	3168
f 2928 	2931 	3169
f 2931 	3170 	3169
f 2931 	2930 	3170
f 2930 	3171 	3170
f 2930 	2956 	3171
f 2956 	3196 	3171
f 2956 	2963 	3196
f 2963 	3203 	3196
f 2963 	2969 	3203
f 2969 	3209 	3203
f 2969 	2974 	3209
f 2974 	3214 	3209
f 2974 	2980 	3214
f 2980 	3220 	3214
f 2980 	2987 	3220
f 2987 	3227 	3220
f 2987 	2994 	3227
f 2994 	3234 	3227
f 2994 	3001 	3234
f 3001 	3241 	3234
f 3001 	3006 	3241
f 3006 	3246 	3241
f 3006 	3012 	3246
f 3012 	3252 	3246
f 3012 	3016 	3252
f 3016 	3256 	3252
f 3016 	3021 	3256
f 3021 	3261 	3256
f 3021 	3026 	3261
f 3026 	3266 	3261
f 3026 	3035 	3266
f 3035 	3275 	3266
f 3035 	3040 	3275
f 3040 	3280 	3275
f 3040 	3045 	3280
f 3045 	3285 	3280
f 3045 	3048 	3285
f 3048 	3288 	3285
f 3048 	3052 	3288
f 3052 	3292 	3288
f 3052 	3056 	3292
f 3056 	3296 	3292
f 3056 	3060 	3296
f 3060 	3300 	3296
f 3060 	3063 	3300
f 3063 	3303 	3300
f 3063 	3067 	3303
f 3067 	3307 	3303
f 3067 	3070 	3307
f 3070 	3310 	3307
f 3070 	3074 	3310
f 3074 	3314 	3310
f 3074 	2934 	3314
f 2934 	3172 	3314
f 2934 	2933 	3172
f 2933 	3173 	3172
f 2933 	2932 	3173
f 2932 	3174 	3173
f 2932 	3057 	3174
f 3057 	3297 	3174
f 3057 	3053 	3297
f 3053 	3293 	3297
f 3053 	3049 	3293
f 3049 	3289 	3293
f 3049 	3041 	3289
f 3041 	3281 	3289
f 3041 	3036 	3281
f 3036 	3276 	3281
f 3036 	3031 	3276
f 3031 	3271 	3276
f 3031 	3027 	3271
f 3027 	3267 	3271
f 3027 	3022 	3267
f 3022 	3262 	3267
f 3022 	3017 	3262
f 3017 	3257 	3262
f 3017 	3013 	3257
f 3013 	3253 	3257
f 3013 	3007 	3253
f 3007 	3247 	3253
f 3007 	3002 	3247
f 3002 	3242 	3247
f 3002 	2995 	3242
f 2995 	3235 	3242
f 2995 	2988 	3235
f 2988 	3228 	3235
f 2988 	2981 	3228
f 2981 	3221 	3228
f 2981 	2975 	3221
f 2975 	3215 	3221
f 2975 	2970 	3215
f 2970 	3210 	3215
f 2970 	2964 	3210
f 2964 	3204 	3210
f 2964 	2957 	3204
f 2957 	3197 	3204
f 2957 	2950 	3197
f 2950 	3190 	3197
f 2950 	2944 	3190
f 2944 	3184 	3190
f 2944 	2937 	3184
f 2937 	3175 	3184
f 2937 	2936 	3175
f 2936 	3176 	3175
f 2936 	2935 	3176
f 2935 	3177 	3176
f 2935 	2939 	3177
f 2939 	3178 	3177
f 2939 	2938 	3178
f 2938 	3179 	3178
f 2938 	2945 	3179
f 2945 	3185 	3179
f 2945 	2951 	3185
f 2951 	3191 	3185
f 2951 	2958 	3191
f 2958 	3198 	3191
f 2958 	2965 	3198
f 2965 	3205 	3198
f 2965 	2971 	3205
f 2971 	3211 	3205
f 2971 	2976 	3211
f 2976 	3216 	3211
f 2976 	2982 	3216
f 2982 	3222 	3216
f 2982 	2989 	3222
f 2989 	3229 	3222
f 2989 	2996 	3229
f 2996 	3236 	3229
f 2996 	3003 	3236
f 3003 	3243 	3236
f 3003 	3008 	3243
f 3008 	3248 	3243
f 3008 	3014 	3248
f 3014 	3254 	3248
f 3014 	3018 	3254
f 3018 	3258 	3254
f 3018 	3023 	3258
f 3023 	3263 	3258
f 3023 	3028 	3263
f 3028 	3268 	3263
f 3028 	3032 	3268
f 3032 	3272 	3268
f 3032 	3037 	3272
f 3037 	3277 	3272
f 3037 	3042 	3277
f 3042 	3282 	3277
f 3042 	3064 	3282
f 3064 	3304 	3282
f 3064 	3071 	3304
f 3071 	3311 	3304
f 3071 	3075 	3311
f 3075 	3315 	3311
f 3075 	3078 	3315
f 3078 	3318 	3315
f 3078 	3082 	3318
f 3082 	3322 	3318
f 3082 	3085 	3322
f 3085 	3325 	3322
f 3085 	3088 	3325
f 3088 	3328 	3325
f 3088 	3091 	3328
f 3091 	3331 	3328
f 3091 	3094 	3331
f 3094 	3334 	3331
f 3094 	3099 	3334
f 3099 	3339 	3334
f 3099 	3101 	3339
f 3101 	3341 	3339
f 3101 	3103 	3341
f 3103 	3343 	3341
f 3103 	3105 	3343
f 3105 	3345 	3343
f 3105 	3107 	3345
f 3107 	3347 	3345
f 3107 	3109 	3347
f 3109 	3349 	3347
f 3109 	3111 	3349
f 3111 	3351 	3349
f 3111 	3113 	3351
f 3113 	3353 	3351
f 3113 	3114 	3353
f 3114 	3354 	3353
f 3114 	3083 	3354
f 3083 	3323 	3354
f 3355 	3356 	3357
f 3358 	3359 	3355
f 3360 	3361 	3362
f 3363 	3364 	3365
f 3366 	3367 	3363
f 3368 	3369 	3370
f 3355 	3357 	3371
f 3372 	3358 	3355
f 3363 	3365 	3373
f 3374 	3366 	3363
f 3355 	3371 	3375
f 3376 	3372 	3355
f 3363 	3373 	3377
f 3378 	3374 	3363
f 3355 	3375 	3379
f 3380 	3376 	3355
f 3363 	3377 	3381
f 3382 	3378 	3363
f 3355 	3379 	3383
f 3384 	3380 	3355
f 3363 	3381 	3385
f 3386 	3382 	3363
f 3355 	3383 	3387
f 3388 	3384 	3355
f 3363 	3385 	3360
f 3389 	3386 	3363
f 3355 	3387 	3390
f 3391 	3388 	3355
f 3363 	3360 	3362
f 3370 	3389 	3363
f 3355 	3390 	3392
f 3393 	3391 	3355
f 3363 	3362 	3394
f 3368 	3370 	3363
f 3355 	3392 	3395
f 3396 	3393 	3355
f 3363 	3394 	3397
f 3398 	3368 	3363
f 3355 	3395 	3399
f 3400 	3396 	3355
f 3363 	3397 	3401
f 3402 	3398 	3363
f 3355 	3399 	3403
f 3404 	3400 	3355
f 3363 	3401 	3405
f 3406 	3402 	3363
f 3355 	3403 	3407
f 3408 	3404 	3355
f 3406 	3363 	3405
f 3355 	3407 	3409
f 3406 	3405 	3410
f 3355 	3409 	3411
f 3406 	3410 	3412
f 3355 	3411 	3413
f 3406 	3412 	3414
f 3355 	3413 	3415
f 3406 	3414 	3416
f 3355 	3415 	3417
f 3406 	3416 	3418
f 3355 	3417 	3419
f 3406 	3418 	3420
f 3355 	3419 	3421
f 3406 	3420 	3422
f 3355 	3421 	3423
f 3406 	3422 	3424
f 3355 	3423 	3425
f 3406 	3424 	3426
f 3355 	3425 	3427
f 3406 	3426 	3428
f 3355 	3427 	3429
f 3406 	3428 	3430
f 3355 	3429 	3431
f 3406 	3430 	3432
f 3355 	3431 	3433
f 3406 	3432 	3434
f 3355 	3433 	3435
f 3436 	3406 	3434
f 3408 	3355 	3435
f 3437 	3436 	3434
f 3438 	3408 	3435
f 3439 	3437 	3434
f 3440 	3438 	3435
f 3441 	3439 	3434
f 3442 	3440 	3435
f 3443 	3441 	3434
f 3444 	3442 	3435
f 3445 	3443 	3434
f 3446 	3444 	3435
f 3447 	3445 	3434
f 3448 	3446 	3435
f 3449 	3447 	3434
f 3450 	3448 	3435
f 3449 	3434 	3451
f 3450 	3435 	3452
f 3449 	3451 	3453
f 3450 	3452 	3454
f 3449 	3453 	3455
f 3450 	3454 	3456
f 3449 	3455 	3457
f 3450 	3456 	3458
f 3449 	3457 	3459
f 3450 	3458 	3460
f 3449 	3459 	3461
f 3450 	3460 	3462
f 3449 	3461 	3450
f 3450 	3462 	3449
f 3463 	3464 	3465
f 3465 	3466 	3467
f 3468 	3469 	3470
f 3471 	3472 	3473
f 3473 	3474 	3475
f 3476 	3477 	3478
f 3479 	3463 	3465
f 3465 	3467 	3480
f 3481 	3471 	3473
f 3473 	3475 	3482
f 3483 	3479 	3465
f 3465 	3480 	3484
f 3485 	3481 	3473
f 3473 	3482 	3486
f 3487 	3483 	3465
f 3465 	3484 	3488
f 3489 	3485 	3473
f 3473 	3486 	3490
f 3491 	3487 	3465
f 3465 	3488 	3492
f 3493 	3489 	3473
f 3473 	3490 	3494
f 3495 	3491 	3465
f 3465 	3492 	3496
f 3470 	3493 	3473
f 3473 	3494 	3497
f 3498 	3495 	3465
f 3465 	3496 	3499
f 3468 	3470 	3473
f 3473 	3497 	3476
f 3500 	3498 	3465
f 3465 	3499 	3501
f 3502 	3468 	3473
f 3473 	3476 	3478
f 3503 	3500 	3465
f 3465 	3501 	3504
f 3505 	3502 	3473
f 3473 	3478 	3506
f 3507 	3503 	3465
f 3465 	3504 	3508
f 3509 	3505 	3473
f 3473 	3506 	3510
f 3511 	3507 	3465
f 3465 	3508 	3512
f 3513 	3509 	3473
f 3473 	3510 	3514
f 3515 	3511 	3465
f 3465 	3512 	3516
f 3513 	3473 	3514
f 3517 	3515 	3465
f 3518 	3513 	3514
f 3519 	3517 	3465
f 3520 	3518 	3514
f 3521 	3519 	3465
f 3522 	3520 	3514
f 3523 	3521 	3465
f 3524 	3522 	3514
f 3525 	3523 	3465
f 3526 	3524 	3514
f 3527 	3525 	3465
f 3528 	3526 	3514
f 3529 	3527 	3465
f 3530 	3528 	3514
f 3531 	3529 	3465
f 3532 	3530 	3514
f 3533 	3531 	3465
f 3534 	3532 	3514
f 3535 	3533 	3465
f 3536 	3534 	3514
f 3537 	3535 	3465
f 3538 	3536 	3514
f 3539 	3537 	3465
f 3540 	3538 	3514
f 3541 	3539 	3465
f 3542 	3540 	3514
f 3543 	3541 	3465
f 3542 	3514 	3544
f 3543 	3465 	3516
f 3542 	3544 	3545
f 3543 	3516 	3546
f 3542 	3545 	3547
f 3543 	3546 	3548
f 3542 	3547 	3549
f 3543 	3548 	3550
f 3542 	3549 	3551
f 3543 	3550 	3552
f 3542 	3551 	3553
f 3543 	3552 	3554
f 3542 	3553 	3555
f 3543 	3554 	3556
f 3542 	3555 	3557
f 3543 	3556 	3558
f 3559 	3542 	3557
f 3560 	3543 	3558
f 3561 	3559 	3557
f 3562 	3560 	3558
f 3563 	3561 	3557
f 3564 	3562 	3558
f 3565 	3563 	3557
f 3566 	3564 	3558
f 3567 	3565 	3557
f 3568 	3566 	3558
f 3569 	3567 	3557
f 3570 	3568 	3558
f 3558 	3569 	3557
f 3557 	3570 	3558
f 3355 	3359 	3465
f 3359 	3466 	3465
f 3359 	3358 	3466
f 3358 	3467 	3466
f 3358 	3372 	3467
f 3372 	3480 	3467
f 3372 	3376 	3480
f 3376 	3484 	3480
f 3376 	3380 	3484
f 3380 	3488 	3484
f 3380 	3384 	3488
f 3384 	3492 	3488
f 3384 	3388 	3492
f 3388 	3496 	3492
f 3388 	3391 	3496
f 3391 	3499 	3496
f 3391 	3393 	3499
f 3393 	3501 	3499
f 3393 	3396 	3501
f 3396 	3504 	3501
f 3396 	3400 	3504
f 3400 	3508 	3504
f 3400 	3404 	3508
f 3404 	3512 	3508
f 3404 	3408 	3512
f 3408 	3516 	3512
f 3408 	3438 	3516
f 3438 	3546 	3516
f 3438 	3440 	3546
f 3440 	3548 	3546
f 3440 	3442 	3548
f 3442 	3550 	3548
f 3442 	3444 	3550
f 3444 	3552 	3550
f 3444 	3446 	3552
f 3446 	3554 	3552
f 3446 	3448 	3554
f 3448 	3556 	3554
f 3448 	3450 	3556
f 3450 	3558 	3556
f 3450 	3461 	3558
f 3461 	3569 	3558
f 3461 	3459 	3569
f 3459 	3567 	3569
f 3459 	3457 	3567
f 3457 	3565 	3567
f 3457 	3455 	3565
f 3455 	3563 	3565
f 3455 	3453 	3563
f 3453 	3561 	3563
f 3453 	3451 	3561
f 3451 	3559 	3561
f 3451 	3434 	3559
f 3434 	3542 	3559
f 3434 	3432 	3542
f 3432 	3540 	3542
f 3432 	3430 	3540
f 3430 	3538 	3540
f 3430 	3428 	3538
f 3428 	3536 	3538
f 3428 	3426 	3536
f 3426 	3534 	3536
f 3426 	3424 	3534
f 3424 	3532 	3534
f 3424 	3422 	3532
f 3422 	3530 	3532
f 3422 	3420 	3530
f 3420 	3528 	3530
f 3420 	3418 	3528
f 3418 	3526 	3528
f 3418 	3416 	3526
f 3416 	3524 	3526
f 3416 	3414 	3524
f 3414 	3522 	3524
f 3414 	3412 	3522
f 3412 	3520 	3522
f 3412 	3410 	3520
f 3410 	3518 	3520
f 3410 	3405 	3518
f 3405 	3513 	3518
f 3405 	3401 	3513
f 3401 	3509 	3513
f 3401 	3397 	3509
f 3397 	3505 	3509
f 3397 	3394 	3505
f 3394 	3502 	3505
f 3394 	3362 	3502
f 3362 	3468 	3502
f 3362 	3361 	3468
f 3361 	3469 	3468
f 3361 	3360 	3469
f 3360 	3470 	3469
f 3360 	3385 	3470
f 3385 	3493 	3470
f 3385 	3381 	3493
f 3381 	3489 	3493
f 3381 	3377 	3489
f 3377 	3485 	3489
f 3377 	3373 	3485
f 3373 	3481 	3485
f 3373 	3365 	3481
f 3365 	3471 	3481
f 3365 	3364 	3471
f 3364 	3472 	3471
f 3364 	3363 	3472
f 3363 	3473 	3472
f 3363 	3367 	3473
f 3367 	3474 	3473
f 3367 	3366 	3474
f 3366 	3475 	3474
f 3366 	3374 	3475
f 3374 	3482 	3475
f 3374 	3378 	3482
f 3378 	3486 	3482
f 3378 	3382 	3486
f 3382 	3490 	3486
f 3382 	3386 	3490
f 3386 	3494 	3490
f 3386 	3389 	3494
f 3389 	3497 	3494
f 3389 	3370 	3497
f 3370 	3476 	3497
f 3370 	3369 	3476
f 3369 	3477 	3476
f 3369 	3368 	3477
f 3368 	3478 	3477
f 3368 	3398 	3478
f 3398 	3506 	3478
f 3398 	3402 	3506
f 3402 	3510 	3506
f 3402 	3406 	3510
f 3406 	3514 	3510
f 3406 	3436 	3514
f 3436 	3544 	3514
f 3436 	3437 	3544
f 3437 	3545 	3544
f 3437 	3439 	3545
f 3439 	3547 	3545
f 3439 	3441 	3547
f 3441 	3549 	3547
f 3441 	3443 	3549
f 3443 	3551 	3549
f 3443 	3445 	3551
f 3445 	3553 	3551
f 3445 	3447 	3553
f 3447 	3555 	3553
f 3447 	3449 	3555
f 3449 	3557 	3555
f 3449 	3462 	3557
f 3462 	3570 	3557
f 3462 	3460 	3570
f 3460 	3568 	3570
f 3460 	3458 	3568
f 3458 	3566 	3568
f 3458 	3456 	3566
f 3456 	3564 	3566
f 3456 	3454 	3564
f 3454 	3562 	3564
f 3454 	3452 	3562
f 3452 	3560 	3562
f 3452 	3435 	3560
f 3435 	3543 	3560
f 3435 	3433 	3543
f 3433 	3541 	3543
f 3433 	3431 	3541
f 3431 	3539 	3541
f 3431 	3429 	3539
f 3429 	3537 	3539
f 3429 	3427 	3537
f 3427 	3535 	3537
f 3427 	3425 	3535
f 3425 	3533 	3535
f 3425 	3423 	3533
f 3423 	3531 	3533
f 3423 	3421 	3531
f 3421 	3529 	3531
f 3421 	3419 	3529
f 3419 	3527 	3529
f 3419 	3417 	3527
f 3417 	3525 	3527
f 3417 	3415 	3525
f 3415 	3523 	3525
f 3415 	3413 	3523
f 3413 	3521 	3523
f 3413 	3411 	3521
f 3411 	3519 	3521
f 3411 	3409 	3519
f 3409 	3517 	3519
f 3409 	3407 	3517
f 3407 	3515 	3517
f 3407 	3403 	3515
f 3403 	3511 	3515
f 3403 	3399 	3511
f 3399 	3507 	3511
f 3399 	3395 	3507
f 3395 	3503 	3507
f 3395 	3392 	3503
f 3392 	3500 	3503
f 3392 	3390 	3500
f 3390 	3498 	3500
f 3390 	3387 	3498
f 3387 	3495 	3498
f 3387 	3383 	3495
f 3383 	3491 	3495
f 3383 	3379 	3491
f 3379 	3487 	3491
f 3379 	3375 	3487
f 3375 	3483 	3487
f 3375 	3371 	3483
f 3371 	3479 	3483
f 3371 	3357 	3479
f 3357 	3463 	3479
f 3357 	3356 	3463
f 3356 	3464 	3463
f 3356 	3355 	3464
f 3355 	3465 	3464
f 3571 	3572 	3573
f 3574 	3575 	3576
f 3577 	3578 	3574
f 3579 	3580 	3581
f 3582 	3583 	3579
f 3571 	3573 	3584
f 3577 	3574 	3576
f 3579 	3581 	3585
f 3586 	3582 	3579
f 3571 	3584 	3587
f 3588 	3577 	3576
f 3579 	3585 	3589
f 3590 	3586 	3579
f 3571 	3587 	3591
f 3592 	3588 	3576
f 3579 	3589 	3593
f 3594 	3590 	3579
f 3571 	3591 	3595
f 3596 	3592 	3576
f 3579 	3593 	3597
f 3598 	3594 	3579
f 3571 	3595 	3599
f 3600 	3596 	3576
f 3579 	3597 	3601
f 3602 	3598 	3579
f 3571 	3599 	3603
f 3604 	3600 	3576
f 3579 	3601 	3605
f 3606 	3602 	3579
f 3571 	3603 	3607
f 3608 	3604 	3576
f 3579 	3605 	3609
f 3610 	3606 	3579
f 3571 	3607 	3611
f 3612 	3608 	3576
f 3579 	3609 	3613
f 3614 	3610 	3579
f 3571 	3611 	3615
f 3616 	3612 	3576
f 3579 	3613 	3617
f 3618 	3614 	3579
f 3571 	3615 	3619
f 3620 	3616 	3576
f 3579 	3617 	3621
f 3622 	3618 	3579
f 3623 	3571 	3619
f 3624 	3620 	3576
f 3579 	3621 	3625
f 3626 	3622 	3579
f 3623 	3619 	3627
f 3628 	3624 	3576
f 3626 	3579 	3625
f 3623 	3627 	3629
f 3630 	3628 	3576
f 3626 	3625 	3631
f 3623 	3629 	3632
f 3633 	3630 	3576
f 3626 	3631 	3634
f 3623 	3632 	3635
f 3636 	3633 	3576
f 3626 	3634 	3637
f 3623 	3635 	3638
f 3639 	3636 	3576
f 3626 	3637 	3640
f 3623 	3638 	3641
f 3642 	3639 	3576
f 3626 	3640 	3643
f 3623 	3641 	3644
f 3645 	3642 	3576
f 3626 	3643 	3646
f 3623 	3644 	3647
f 3648 	3645 	3576
f 3626 	3646 	3649
f 3623 	3647 	3650
f 3651 	3648 	3576
f 3626 	3649 	3652
f 3623 	3650 	3653
f 3654 	3651 	3576
f 3626 	3652 	3655
f 3623 	3653 	3656
f 3654 	3576 	3623
f 3626 	3655 	3657
f 3623 	3656 	3658
f 3659 	3654 	3623
f 3626 	3657 	3660
f 3623 	3658 	3661
f 3662 	3659 	3623
f 3626 	3660 	3663
f 3623 	3661 	3664
f 3665 	3662 	3623
f 3626 	3663 	3666
f 3623 	3664 	3667
f 3668 	3665 	3623
f 3669 	3626 	3666
f 3668 	3623 	3667
f 3670 	3669 	3666
f 3668 	3667 	3671
f 3672 	3670 	3666
f 3668 	3671 	3673
f 3674 	3672 	3666
f 3668 	3673 	3675
f 3676 	3674 	3666
f 3668 	3675 	3677
f 3678 	3676 	3666
f 3668 	3677 	3679
f 3680 	3678 	3666
f 3668 	3679 	3681
f 3682 	3680 	3666
f 3668 	3681 	3682
f 3682 	3666 	3668
f 3683 	3684 	3685
f 3686 	3687 	3688
f 3688 	3689 	3690
f 3691 	3692 	3693
f 3693 	3694 	3695
f 3696 	3683 	3685
f 3686 	3688 	3690
f 3697 	3691 	3693
f 3693 	3695 	3698
f 3699 	3696 	3685
f 3686 	3690 	3700
f 3701 	3697 	3693
f 3693 	3698 	3702
f 3703 	3699 	3685
f 3686 	3700 	3704
f 3705 	3701 	3693
f 3693 	3702 	3706
f 3707 	3703 	3685
f 3686 	3704 	3708
f 3709 	3705 	3693
f 3693 	3706 	3710
f 3711 	3707 	3685
f 3686 	3708 	3712
f 3713 	3709 	3693
f 3693 	3710 	3714
f 3715 	3711 	3685
f 3686 	3712 	3716
f 3717 	3713 	3693
f 3693 	3714 	3718
f 3719 	3715 	3685
f 3686 	3716 	3720
f 3721 	3717 	3693
f 3693 	3718 	3722
f 3723 	3719 	3685
f 3686 	3720 	3724
f 3725 	3721 	3693
f 3693 	3722 	3726
f 3727 	3723 	3685
f 3686 	3724 	3728
f 3729 	3725 	3693
f 3693 	3726 	3730
f 3731 	3727 	3685
f 3686 	3728 	3732
f 3733 	3729 	3693
f 3693 	3730 	3734
f 3731 	3685 	3735
f 3686 	3732 	3736
f 3737 	3733 	3693
f 3693 	3734 	3738
f 3739 	3731 	3735
f 3686 	3736 	3740
f 3737 	3693 	3738
f 3741 	3739 	3735
f 3686 	3740 	3742
f 3743 	3737 	3738
f 3744 	3741 	3735
f 3686 	3742 	3745
f 3746 	3743 	3738
f 3747 	3744 	3735
f 3686 	3745 	3748
f 3749 	3746 	3738
f 3750 	3747 	3735
f 3686 	3748 	3751
f 3752 	3749 	3738
f 3753 	3750 	3735
f 3686 	3751 	3754
f 3755 	3752 	3738
f 3756 	3753 	3735
f 3686 	3754 	3757
f 3758 	3755 	3738
f 3759 	3756 	3735
f 3686 	3757 	3760
f 3761 	3758 	3738
f 3762 	3759 	3735
f 3686 	3760 	3763
f 3764 	3761 	3738
f 3765 	3762 	3735
f 3686 	3763 	3766
f 3767 	3764 	3738
f 3768 	3765 	3735
f 3735 	3686 	3766
f 3769 	3767 	3738
f 3770 	3768 	3735
f 3735 	3766 	3771
f 3772 	3769 	3738
f 3773 	3770 	3735
f 3735 	3771 	3774
f 3775 	3772 	3738
f 3776 	3773 	3735
f 3735 	3774 	3777
f 3778 	3775 	3738
f 3779 	3776 	3735
f 3735 	3777 	3780
f 3778 	3738 	3781
f 3779 	3735 	3780
f 3778 	3781 	3782
f 3783 	3779 	3780
f 3778 	3782 	3784
f 3785 	3783 	3780
f 3778 	3784 	3786
f 3787 	3785 	3780
f 3778 	3786 	3788
f 3789 	3787 	3780
f 3778 	3788 	3790
f 3791 	3789 	3780
f 3778 	3790 	3792
f 3793 	3791 	3780
f 3778 	3792 	3794
f 3794 	3793 	3780
f 3780 	3778 	3794
f 3667 	3664 	3779
f 3664 	3776 	3779
f 3664 	3661 	3776
f 3661 	3773 	3776
f 3661 	3658 	3773
f 3658 	3770 	3773
f 3658 	3656 	3770
f 3656 	3768 	3770
f 3656 	3653 	3768
f 3653 	3765 	3768
f 3653 	3650 	3765
f 3650 	3762 	3765
f 3650 	3647 	3762
f 3647 	3759 	3762
f 3647 	3644 	3759
f 3644 	3756 	3759
f 3644 	3641 	3756
f 3641 	3753 	3756
f 3641 	3638 	3753
f 3638 	3750 	3753
f 3638 	3635 	3750
f 3635 	3747 	3750
f 3635 	3632 	3747
f 3632 	3744 	3747
f 3632 	3629 	3744
f 3629 	3741 	3744
f 3629 	3627 	3741
f 3627 	3739 	3741
f 3627 	3619 	3739
f 3619 	3731 	3739
f 3619 	3615 	3731
f 3615 	3727 	3731
f 3615 	3611 	3727
f 3611 	3723 	3727
f 3611 	3607 	3723
f 3607 	3719 	3723
f 3607 	3603 	3719
f 3603 	3715 	3719
f 3603 	3599 	3715
f 3599 	3711 	3715
f 3599 	3595 	3711
f 3595 	3707 	3711
f 3595 	3591 	3707
f 3591 	3703 	3707
f 3591 	3587 	3703
f 3587 	3699 	3703
f 3587 	3584 	3699
f 3584 	3696 	3699
f 3584 	3573 	3696
f 3573 	3683 	3696
f 3573 	3572 	3683
f 3572 	3684 	3683
f 3572 	3571 	3684
f 3571 	3685 	3684
f 3571 	3623 	3685
f 3623 	3735 	3685
f 3623 	3576 	3735
f 3576 	3686 	3735
f 3576 	3575 	3686
f 3575 	3687 	3686
f 3575 	3574 	3687
f 3574 	3688 	3687
f 3574 	3578 	3688
f 3578 	3689 	3688
f 3578 	3577 	3689
f 3577 	3690 	3689
f 3577 	3588 	3690
f 3588 	3700 	3690
f 3588 	3592 	3700
f 3592 	3704 	3700
f 3592 	3596 	3704
f 3596 	3708 	3704
f 3596 	3600 	3708
f 3600 	3712 	3708
f 3600 	3604 	3712
f 3604 	3716 	3712
f 3604 	3608 	3716
f 3608 	3720 	3716
f 3608 	3612 	3720
f 3612 	3724 	3720
f 3612 	3616 	3724
f 3616 	3728 	3724
f 3616 	3620 	3728
f 3620 	3732 	3728
f 3620 	3624 	3732
f 3624 	3736 	3732
f 3624 	3628 	3736
f 3628 	3740 	3736
f 3628 	3630 	3740
f 3630 	3742 	3740
f 3630 	3633 	3742
f 3633 	3745 	3742
f 3633 	3636 	3745
f 3636 	3748 	3745
f 3636 	3639 	3748
f 3639 	3751 	3748
f 3639 	3642 	3751
f 3642 	3754 	3751
f 3642 	3645 	3754
f 3645 	3757 	3754
f 3645 	3648 	3757
f 3648 	3760 	3757
f 3648 	3651 	3760
f 3651 	3763 	3760
f 3651 	3654 	3763
f 3654 	3766 	3763
f 3654 	3659 	3766
f 3659 	3771 	3766
f 3659 	3662 	3771
f 3662 	3774 	3771
f 3662 	3665 	3774
f 3665 	3777 	3774
f 3665 	3668 	3777
f 3668 	3780 	3777
f 3668 	3666 	3780
f 3666 	3778 	3780
f 3666 	3663 	3778
f 3663 	3775 	3778
f 3663 	3660 	3775
f 3660 	3772 	3775
f 3660 	3657 	3772
f 3657 	3769 	3772
f 3657 	3655 	3769
f 3655 	3767 	3769
f 3655 	3652 	3767
f 3652 	3764 	3767
f 3652 	3649 	3764
f 3649 	3761 	3764
f 3649 	3646 	3761
f 3646 	3758 	3761
f 3646 	3643 	3758
f 3643 	3755 	3758
f 3643 	3640 	3755
f 3640 	3752 	3755
f 3640 	3637 	3752
f 3637 	3749 	3752
f 3637 	3634 	3749
f 3634 	3746 	3749
f 3634 	3631 	3746
f 3631 	3743 	3746
f 3631 	3625 	3743
f 3625 	3737 	3743
f 3625 	3621 	3737
f 3621 	3733 	3737
f 3621 	3617 	3733
f 3617 	3729 	3733
f 3617 	3613 	3729
f 3613 	3725 	3729
f 3613 	3609 	3725
f 3609 	3721 	3725
f 3609 	3605 	3721
f 3605 	3717 	3721
f 3605 	3601 	3717
f 3601 	3713 	3717
f 3601 	3597 	3713
f 3597 	3709 	3713
f 3597 	3593 	3709
f 3593 	3705 	3709
f 3593 	3589 	3705
f 3589 	3701 	3705
f 3589 	3585 	3701
f 3585 	3697 	3701
f 3585 	3581 	3697
f 3581 	3691 	3697
f 3581 	3580 	3691
f 3580 	3692 	3691
f 3580 	3579 	3692
f 3579 	3693 	3692
f 3579 	3583 	3693
f 3583 	3694 	3693
f 3583 	3582 	3694
f 3582 	3695 	3694
f 3582 	3586 	3695
f 3586 	3698 	3695
f 3586 	3590 	3698
f 3590 	3702 	3698
f 3590 	3594 	3702
f 3594 	3706 	3702
f 3594 	3598 	3706
f 3598 	3710 	3706
f 3598 	3602 	3710
f 3602 	3714 	3710
f 3602 	3606 	3714
f 3606 	3718 	3714
f 3606 	3610 	3718
f 3610 	3722 	3718
f 3610 	3614 	3722
f 3614 	3726 	3722
f 3614 	3618 	3726
f 3618 	3730 	3726
f 3618 	3622 	3730
f 3622 	3734 	3730
f 3622 	3626 	3734
f 3626 	3738 	3734
f 3626 	3669 	3738
f 3669 	3781 	3738
f 3669 	3670 	3781
f 3670 	3782 	3781
f 3670 	3672 	3782
f 3672 	3784 	3782
f 3672 	3674 	3784
f 3674 	3786 	3784
f 3674 	3676 	3786
f 3676 	3788 	3786
f 3676 	3678 	3788
f 3678 	3790 	3788
f 3678 	3680 	3790
f 3680 	3792 	3790
f 3680 	3682 	3792
f 3682 	3794 	3792
f 3682 	3681 	3794
f 3681 	3793 	3794
f 3681 	3679 	3793
f 3679 	3791 	3793
f 3679 	3677 	3791
f 3677 	3789 	3791
f 3677 	3675 	3789
f 3675 	3787 	3789
f 3675 	3673 	3787
f 3673 	3785 	3787
f 3673 	3671 	3785
f 3671 	3783 	3785
f 3671 	3667 	3783
f 3667 	3779 	3783
# 1828 faces

 #end of obj_2

