# Object Export From Tinkercad Server 2015

mtllib obj.mtl

o obj_0
v -2.1372 		0.008 		1.4011
v -2.1372 		0.0079 		1.4021
v -2.1815 		0.023 		1.4011
v -2.1815 		0.0228 		1.4039
v -2.2225 		0.0394 		1.4011
v -2.2225 		0.0391 		1.406
v -2.2602 		0.0574 		1.4011
v -2.2602 		0.0569 		1.4081
v -2.2947 		0.0768 		1.4011
v -2.2947 		0.0761 		1.4105
v -2.3262 		0.0975 		1.4011
v -2.3262 		0.0966 		1.413
v -2.3547 		0.1194 		1.4011
v -2.3547 		0.1184 		1.4157
v -2.3803 		0.1426 		1.4011
v -2.3803 		0.1414 		1.4185
v -2.4032 		0.1669 		1.4011
v -2.4032 		0.1655 		1.4215
v -2.4233 		0.1923 		1.4011
v -2.4233 		0.1907 		1.4246
v -2.4409 		0.2188 		1.4011
v -2.4409 		0.2169 		1.4278
v -2.456 		0.2461 		1.4011
v -2.456 		0.244 		1.4312
v -2.4687 		0.2744 		1.4011
v -2.4687 		0.272 		1.4346
v -2.4791 		0.3034 		1.4011
v -2.4791 		0.3009 		1.4381
v -2.4873 		0.3333 		1.4011
v -2.4873 		0.3304 		1.4418
v -2.4934 		0.3638 		1.4011
v -2.4934 		0.3607 		1.4455
v -2.4975 		0.3949 		1.4011
v -2.4975 		0.3915 		1.4493
v -2.4997 		0.4266 		1.4011
v -2.4997 		0.4229 		1.4532
v -2.5 		0.4588 		1.4011
v -2.5 		0.4549 		1.4571
v -2.4986 		0.4914 		1.4011
v -2.4986 		0.4872 		1.4611
v -2.4956 		0.5244 		1.4011
v -2.4956 		0.5199 		1.4651
v -2.4911 		0.5576 		1.4011
v -2.4911 		0.5529 		1.4691
v -2.4851 		0.5911 		1.4011
v -2.4851 		0.5861 		1.4732
v -2.4777 		0.6248 		1.4011
v -2.4777 		0.6194 		1.4773
v -2.4691 		0.6586 		1.4011
v -2.4691 		0.6529 		1.4814
v -2.4594 		0.6924 		1.4011
v -2.4594 		0.6864 		1.4856
v -2.4486 		0.7261 		1.4011
v -2.4486 		0.7199 		1.4897
v -2.4369 		0.7598 		1.4011
v -2.4369 		0.7533 		1.4938
v -2.4243 		0.7934 		1.4011
v -2.4243 		0.7866 		1.4979
v -2.4109 		0.8267 		1.4011
v -2.4109 		0.8196 		1.5019
v -2.3968 		0.8597 		1.4011
v -2.3968 		0.8523 		1.506
v -2.3822 		0.8923 		1.4011
v -2.3822 		0.8847 		1.5099
v -2.367 		0.9246 		1.4011
v -2.367 		0.9167 		1.5139
v -2.3515 		0.9563 		1.4011
v -2.3515 		0.9481 		1.5177
v -2.3357 		0.9875 		1.4011
v -2.3357 		0.9791 		1.5216
v -2.3197 		1.0181 		1.4011
v -2.3197 		1.0094 		1.5253
v -2.3036 		1.048 		1.4011
v -2.3036 		1.0391 		1.5289
v -2.2875 		1.0772 		1.4011
v -2.2875 		1.068 		1.5325
v -2.2715 		1.1056 		1.4011
v -2.2715 		1.0961 		1.5359
v -2.2556 		1.1331 		1.4011
v -2.2556 		1.1234 		1.5393
v -2.2401 		1.1596 		1.4011
v -2.2401 		1.1497 		1.5425
v -2.2249 		1.1851 		1.4011
v -2.2249 		1.175 		1.5456
v -2.2102 		1.2096 		1.4011
v -2.2102 		1.1993 		1.5486
v -2.1961 		1.233 		1.4011
v -2.1961 		1.2224 		1.5515
v -2.1826 		1.2551 		1.4011
v -2.1826 		1.2444 		1.5542
v -2.1699 		1.276 		1.4011
v -2.1699 		1.2651 		1.5567
v -2.158 		1.2955 		1.4011
v -2.158 		1.2844 		1.5591
v -2.1471 		1.3137 		1.4011
v -2.1471 		1.3024 		1.5613
v -2.1372 		1.3303 		1.4011
v -2.1372 		1.319 		1.5634
v -2.1278 		1.3458 		1.4011
v -2.1278 		1.3343 		1.5652
v -2.1182 		1.3604 		1.4011
v -2.1182 		1.3487 		1.567
v -2.1083 		1.374 		1.4011
v -2.1083 		1.3623 		1.5687
v -2.0982 		1.3868 		1.4011
v -2.0982 		1.3749 		1.5702
v -2.0878 		1.3987 		1.4011
v -2.0878 		1.3868 		1.5717
v -2.0772 		1.4099 		1.4011
v -2.0772 		1.3978 		1.573
v -2.0663 		1.4202 		1.4011
v -2.0663 		1.408 		1.5743
v -2.0551 		1.4298 		1.4011
v -2.0551 		1.4175 		1.5755
v -2.0437 		1.4386 		1.4011
v -2.0437 		1.4263 		1.5765
v -2.0319 		1.4467 		1.4011
v -2.0319 		1.4343 		1.5775
v -2.0199 		1.4541 		1.4011
v -2.0199 		1.4417 		1.5784
v -2.0075 		1.4609 		1.4011
v -2.0075 		1.4484 		1.5793
v -1.9948 		1.467 		1.4011
v -1.9948 		1.4544 		1.58
v -1.9818 		1.4725 		1.4011
v -1.9818 		1.4599 		1.5807
v -1.9685 		1.4774 		1.4011
v -1.9685 		1.4648 		1.5813
v -1.9548 		1.4817 		1.4011
v -1.9548 		1.4691 		1.5818
v -1.9407 		1.4856 		1.4011
v -1.9407 		1.4729 		1.5823
v -1.9263 		1.4889 		1.4011
v -1.9263 		1.4761 		1.5827
v -1.9115 		1.4917 		1.4011
v -1.9115 		1.4789 		1.583
v -1.8963 		1.4941 		1.4011
v -1.8963 		1.4813 		1.5833
v -1.8807 		1.496 		1.4011
v -1.8807 		1.4832 		1.5835
v -1.8647 		1.4975 		1.4011
v -1.8647 		1.4847 		1.5837
v -1.8484 		1.4986 		1.4011
v -1.8484 		1.4858 		1.5839
v -1.8315 		1.4994 		1.4011
v -1.8315 		1.4866 		1.584
v -1.8143 		1.4999 		1.4011
v -1.8143 		1.487 		1.584
v -1.7966 		1.5 		1.4011
v -1.7966 		1.4872 		1.584
v -1.7785 		1.4999 		1.4011
v -1.7785 		1.487 		1.584
v -1.7599 		1.4995 		1.4011
v -1.7599 		1.4866 		1.584
v -1.7408 		1.4988 		1.4011
v -1.7408 		1.486 		1.5839
v -1.7213 		1.498 		1.4011
v -1.7213 		1.4852 		1.5838
v -1.7013 		1.497 		1.4011
v -1.7013 		1.4842 		1.5837
v -1.6808 		1.4958 		1.4011
v -1.6808 		1.483 		1.5835
v -1.6598 		1.4945 		1.4011
v -1.6598 		1.4818 		1.5834
v -1.6383 		1.4932 		1.4011
v -1.6383 		1.4804 		1.5832
v -1.6162 		1.4917 		1.4011
v -1.6162 		1.4789 		1.583
v -1.5937 		1.4902 		1.4011
v -1.5937 		1.4774 		1.5828
v -1.5706 		1.4886 		1.4011
v -1.5706 		1.4759 		1.5826
v -1.5469 		1.4871 		1.4011
v -1.5469 		1.4744 		1.5825
v -1.5227 		1.4856 		1.4011
v -1.5227 		1.4729 		1.5823
v -1.4979 		1.4841 		1.4011
v -1.4979 		1.4714 		1.5821
v -1.4726 		1.4827 		1.4011
v -1.4726 		1.47 		1.5819
v -1.4467 		1.4814 		1.4011
v -1.4467 		1.4687 		1.5818
v -1.4201 		1.4803 		1.4011
v -1.4201 		1.4676 		1.5816
v -1.393 		1.4793 		1.4011
v -1.393 		1.4666 		1.5815
v -1.3653 		1.4784 		1.4011
v -1.3653 		1.4658 		1.5814
v -1.3369 		1.4778 		1.4011
v -1.3369 		1.4652 		1.5813
v -1.3079 		1.4774 		1.4011
v -1.3079 		1.4648 		1.5813
v -1.2783 		1.4773 		1.4011
v -1.2783 		1.4646 		1.5813
v -1.249 		1.4773 		1.4011
v -1.249 		1.4646 		1.5813
v -1.2208 		1.4772 		1.4011
v -1.2208 		1.4646 		1.5813
v -1.1937 		1.4772 		1.4011
v -1.1937 		1.4645 		1.5813
v -1.1676 		1.4771 		1.4011
v -1.1676 		1.4645 		1.5812
v -1.1425 		1.477 		1.4011
v -1.1425 		1.4644 		1.5812
v -1.1183 		1.4769 		1.4011
v -1.1183 		1.4643 		1.5812
v -1.0949 		1.4768 		1.4011
v -1.0949 		1.4642 		1.5812
v -1.0724 		1.4767 		1.4011
v -1.0724 		1.464 		1.5812
v -1.0505 		1.4765 		1.4011
v -1.0505 		1.4639 		1.5812
v -1.0293 		1.4764 		1.4011
v -1.0293 		1.4637 		1.5812
v -1.0086 		1.4762 		1.4011
v -1.0086 		1.4636 		1.5811
v -0.9885 		1.476 		1.4011
v -0.9885 		1.4634 		1.5811
v -0.9688 		1.4758 		1.4011
v -0.9688 		1.4632 		1.5811
v -0.9496 		1.4756 		1.4011
v -0.9496 		1.463 		1.5811
v -0.9306 		1.4754 		1.4011
v -0.9306 		1.4628 		1.581
v -0.912 		1.4752 		1.4011
v -0.912 		1.4626 		1.581
v -0.8935 		1.475 		1.4011
v -0.8935 		1.4624 		1.581
v -0.8752 		1.4747 		1.4011
v -0.8752 		1.4621 		1.581
v -0.857 		1.4745 		1.4011
v -0.857 		1.4619 		1.5809
v -0.8387 		1.4743 		1.4011
v -0.8387 		1.4616 		1.5809
v -0.8204 		1.474 		1.4011
v -0.8204 		1.4614 		1.5809
v -0.8021 		1.4738 		1.4011
v -0.8021 		1.4612 		1.5808
v -0.7835 		1.4735 		1.4011
v -0.7835 		1.4609 		1.5808
v -0.7647 		1.4733 		1.4011
v -0.7647 		1.4607 		1.5808
v -0.7456 		1.473 		1.4011
v -0.7456 		1.4604 		1.5807
v -0.7261 		1.4728 		1.4011
v -0.7261 		1.4602 		1.5807
v -0.7062 		1.4725 		1.4011
v -0.7062 		1.4599 		1.5807
v -0.6858 		1.4723 		1.4011
v -0.6858 		1.4597 		1.5807
v -0.6649 		1.472 		1.4011
v -0.6649 		1.4594 		1.5806
v -0.6433 		1.4718 		1.4011
v -0.6433 		1.4592 		1.5806
v -0.621 		1.4716 		1.4011
v -0.621 		1.459 		1.5806
v -0.598 		1.4713 		1.4011
v -0.598 		1.4588 		1.5805
v -0.5742 		1.4711 		1.4011
v -0.5742 		1.4585 		1.5805
v -0.5495 		1.4709 		1.4011
v -0.5495 		1.4583 		1.5805
v -0.5239 		1.4707 		1.4011
v -0.5239 		1.4581 		1.5805
v -0.4973 		1.4705 		1.4011
v -0.4973 		1.4579 		1.5804
v -0.4696 		1.4703 		1.4011
v -0.4696 		1.4578 		1.5804
v -0.4408 		1.4702 		1.4011
v -0.4408 		1.4576 		1.5804
v -0.4108 		1.47 		1.4011
v -0.4108 		1.4574 		1.5804
v -0.3795 		1.4699 		1.4011
v -0.3795 		1.4573 		1.5804
v -0.347 		1.4697 		1.4011
v -0.347 		1.4572 		1.5803
v -0.313 		1.4696 		1.4011
v -0.313 		1.457 		1.5803
v -0.2776 		1.4695 		1.4011
v -0.2776 		1.4569 		1.5803
v -0.2407 		1.4694 		1.4011
v -0.2407 		1.4569 		1.5803
v -0.2022 		1.4694 		1.4011
v -0.2022 		1.4568 		1.5803
v -0.1621 		1.4693 		1.4011
v -0.1621 		1.4567 		1.5803
v -0.1203 		1.4693 		1.4011
v -0.1203 		1.4567 		1.5803
v -0.0767 		1.4693 		1.4011
v -0.0767 		1.4567 		1.5803
v -0.033 		1.4693 		1.4011
v -0.033 		1.4568 		1.5803
v 0.0094 		1.4695 		1.4011
v 0.0094 		1.4569 		1.5803
v 0.0504 		1.4697 		1.4011
v 0.0504 		1.4572 		1.5803
v 0.0902 		1.4701 		1.4011
v 0.0902 		1.4575 		1.5804
v 0.1287 		1.4705 		1.4011
v 0.1287 		1.4579 		1.5804
v 0.166 		1.471 		1.4011
v 0.166 		1.4584 		1.5805
v 0.2022 		1.4716 		1.4011
v 0.2022 		1.459 		1.5806
v 0.2373 		1.4722 		1.4011
v 0.2373 		1.4597 		1.5807
v 0.2713 		1.473 		1.4011
v 0.2713 		1.4604 		1.5807
v 0.3044 		1.4737 		1.4011
v 0.3044 		1.4611 		1.5808
v 0.3365 		1.4745 		1.4011
v 0.3365 		1.4619 		1.5809
v 0.3677 		1.4754 		1.4011
v 0.3677 		1.4627 		1.581
v 0.398 		1.4762 		1.4011
v 0.398 		1.4636 		1.5811
v 0.4275 		1.4771 		1.4011
v 0.4275 		1.4645 		1.5812
v 0.4563 		1.4781 		1.4011
v 0.4563 		1.4654 		1.5814
v 0.4844 		1.479 		1.4011
v 0.4844 		1.4663 		1.5815
v 0.5118 		1.4799 		1.4011
v 0.5118 		1.4673 		1.5816
v 0.5386 		1.4809 		1.4011
v 0.5386 		1.4682 		1.5817
v 0.5648 		1.4818 		1.4011
v 0.5648 		1.4691 		1.5818
v 0.5905 		1.4827 		1.4011
v 0.5905 		1.47 		1.5819
v 0.6158 		1.4836 		1.4011
v 0.6158 		1.4709 		1.582
v 0.6406 		1.4845 		1.4011
v 0.6406 		1.4718 		1.5821
v 0.6651 		1.4854 		1.4011
v 0.6651 		1.4726 		1.5823
v 0.6892 		1.4862 		1.4011
v 0.6892 		1.4734 		1.5823
v 0.7131 		1.4869 		1.4011
v 0.7131 		1.4742 		1.5824
v 0.7368 		1.4876 		1.4011
v 0.7368 		1.4749 		1.5825
v 0.7603 		1.4883 		1.4011
v 0.7603 		1.4756 		1.5826
v 0.7836 		1.4889 		1.4011
v 0.7836 		1.4761 		1.5827
v 0.8069 		1.4894 		1.4011
v 0.8069 		1.4767 		1.5827
v 0.8301 		1.4898 		1.4011
v 0.8301 		1.4771 		1.5828
v 0.8534 		1.4902 		1.4011
v 0.8534 		1.4775 		1.5828
v 0.8767 		1.4905 		1.4011
v 0.8767 		1.4777 		1.5829
v 0.9001 		1.4907 		1.4011
v 0.9001 		1.4779 		1.5829
v 0.9237 		1.4907 		1.4011
v 0.9237 		1.478 		1.5829
v 0.9476 		1.4907 		1.4011
v 0.9476 		1.4779 		1.5829
v 0.9716 		1.4905 		1.4011
v 0.9716 		1.4778 		1.5829
v 0.996 		1.4902 		1.4011
v 0.996 		1.4775 		1.5828
v 1.0208 		1.4898 		1.4011
v 1.0208 		1.4771 		1.5828
v 1.0459 		1.4893 		1.4011
v 1.0459 		1.4766 		1.5827
v 1.0715 		1.4886 		1.4011
v 1.0715 		1.4759 		1.5826
v 1.0976 		1.4878 		1.4011
v 1.0976 		1.4751 		1.5825
v 1.1243 		1.4868 		1.4011
v 1.1243 		1.4741 		1.5824
v 1.1515 		1.4857 		1.4011
v 1.1515 		1.4729 		1.5823
v 1.1794 		1.4843 		1.4011
v 1.1794 		1.4716 		1.5821
v 1.208 		1.4828 		1.4011
v 1.208 		1.4702 		1.5819
v 1.2373 		1.4812 		1.4011
v 1.2373 		1.4685 		1.5817
v 1.2675 		1.4793 		1.4011
v 1.2675 		1.4667 		1.5815
v 1.2984 		1.4773 		1.4011
v 1.2984 		1.4646 		1.5813
v 1.3294 		1.4752 		1.4011
v 1.3294 		1.4626 		1.581
v 1.3596 		1.4733 		1.4011
v 1.3596 		1.4607 		1.5808
v 1.389 		1.4715 		1.4011
v 1.389 		1.4589 		1.5806
v 1.4176 		1.4698 		1.4011
v 1.4176 		1.4572 		1.5804
v 1.4455 		1.4682 		1.4011
v 1.4455 		1.4557 		1.5802
v 1.4726 		1.4667 		1.4011
v 1.4726 		1.4542 		1.58
v 1.499 		1.4652 		1.4011
v 1.499 		1.4527 		1.5798
v 1.5247 		1.4638 		1.4011
v 1.5247 		1.4513 		1.5796
v 1.5497 		1.4623 		1.4011
v 1.5497 		1.4498 		1.5794
v 1.574 		1.4608 		1.4011
v 1.574 		1.4484 		1.5793
v 1.5977 		1.4593 		1.4011
v 1.5977 		1.4469 		1.5791
v 1.6207 		1.4578 		1.4011
v 1.6207 		1.4453 		1.5789
v 1.6431 		1.4561 		1.4011
v 1.6431 		1.4437 		1.5787
v 1.6649 		1.4544 		1.4011
v 1.6649 		1.4419 		1.5785
v 1.686 		1.4525 		1.4011
v 1.686 		1.4401 		1.5782
v 1.7066 		1.4505 		1.4011
v 1.7066 		1.4381 		1.578
v 1.7267 		1.4483 		1.4011
v 1.7267 		1.4359 		1.5777
v 1.7462 		1.4459 		1.4011
v 1.7462 		1.4335 		1.5774
v 1.7651 		1.4433 		1.4011
v 1.7651 		1.431 		1.5771
v 1.7836 		1.4405 		1.4011
v 1.7836 		1.4282 		1.5768
v 1.8015 		1.4375 		1.4011
v 1.8015 		1.4252 		1.5764
v 1.819 		1.4341 		1.4011
v 1.819 		1.4219 		1.576
v 1.836 		1.4305 		1.4011
v 1.836 		1.4183 		1.5756
v 1.8525 		1.4266 		1.4011
v 1.8525 		1.4144 		1.5751
v 1.8687 		1.4223 		1.4011
v 1.8687 		1.4101 		1.5746
v 1.8844 		1.4177 		1.4011
v 1.8844 		1.4055 		1.574
v 1.8997 		1.4127 		1.4011
v 1.8997 		1.4006 		1.5734
v 1.9146 		1.4073 		1.4011
v 1.9146 		1.3952 		1.5727
v 1.9291 		1.4015 		1.4011
v 1.9291 		1.3895 		1.572
v 1.9433 		1.3952 		1.4011
v 1.9433 		1.3833 		1.5713
v 1.9572 		1.3885 		1.4011
v 1.9572 		1.3766 		1.5704
v 1.9707 		1.3813 		1.4011
v 1.9707 		1.3695 		1.5696
v 1.984 		1.3736 		1.4011
v 1.984 		1.3618 		1.5686
v 1.9969 		1.3654 		1.4011
v 1.9969 		1.3537 		1.5676
v 2.0096 		1.3566 		1.4011
v 2.0096 		1.345 		1.5666
v 2.022 		1.3472 		1.4011
v 2.022 		1.3357 		1.5654
v 2.0342 		1.3373 		1.4011
v 2.0342 		1.3259 		1.5642
v 2.0462 		1.3268 		1.4011
v 2.0462 		1.3154 		1.5629
v 2.058 		1.3156 		1.4011
v 2.058 		1.3044 		1.5616
v 2.0696 		1.3038 		1.4011
v 2.0696 		1.2927 		1.5601
v 2.081 		1.2913 		1.4011
v 2.081 		1.2803 		1.5586
v 2.0922 		1.2782 		1.4011
v 2.0922 		1.2672 		1.557
v 2.1033 		1.2643 		1.4011
v 2.1033 		1.2535 		1.5553
v 2.1143 		1.2497 		1.4011
v 2.1143 		1.239 		1.5535
v 2.1252 		1.2343 		1.4011
v 2.1252 		1.2237 		1.5516
v 2.136 		1.2181 		1.4011
v 2.136 		1.2077 		1.5497
v 2.1467 		1.2012 		1.4011
v 2.1467 		1.1909 		1.5476
v 2.1573 		1.1834 		1.4011
v 2.1573 		1.1733 		1.5454
v 2.1684 		1.1647 		1.4011
v 2.1684 		1.1547 		1.5432
v 2.1803 		1.145 		1.4011
v 2.1803 		1.1352 		1.5408
v 2.1928 		1.1243 		1.4011
v 2.1928 		1.1147 		1.5382
v 2.206 		1.1027 		1.4011
v 2.206 		1.0933 		1.5356
v 2.2198 		1.0802 		1.4011
v 2.2198 		1.071 		1.5329
v 2.234 		1.057 		1.4011
v 2.234 		1.0479 		1.53
v 2.2486 		1.0329 		1.4011
v 2.2486 		1.0241 		1.5271
v 2.2635 		1.0082 		1.4011
v 2.2635 		0.9996 		1.5241
v 2.2786 		0.9828 		1.4011
v 2.2786 		0.9744 		1.521
v 2.2938 		0.9568 		1.4011
v 2.2938 		0.9486 		1.5178
v 2.3091 		0.9302 		1.4011
v 2.3091 		0.9222 		1.5146
v 2.3244 		0.9031 		1.4011
v 2.3244 		0.8954 		1.5113
v 2.3396 		0.8755 		1.4011
v 2.3396 		0.868 		1.5079
v 2.3545 		0.8476 		1.4011
v 2.3545 		0.8403 		1.5045
v 2.3692 		0.8192 		1.4011
v 2.3692 		0.8122 		1.501
v 2.3835 		0.7906 		1.4011
v 2.3835 		0.7838 		1.4975
v 2.3974 		0.7617 		1.4011
v 2.3974 		0.7552 		1.494
v 2.4108 		0.7325 		1.4011
v 2.4108 		0.7263 		1.4905
v 2.4235 		0.7033 		1.4011
v 2.4235 		0.6972 		1.4869
v 2.4356 		0.6739 		1.4011
v 2.4356 		0.6681 		1.4833
v 2.4469 		0.6444 		1.4011
v 2.4469 		0.6389 		1.4797
v 2.4573 		0.6149 		1.4011
v 2.4573 		0.6097 		1.4761
v 2.4668 		0.5855 		1.4011
v 2.4668 		0.5805 		1.4725
v 2.4753 		0.5562 		1.4011
v 2.4753 		0.5514 		1.469
v 2.4826 		0.5269 		1.4011
v 2.4826 		0.5224 		1.4654
v 2.4888 		0.4979 		1.4011
v 2.4888 		0.4937 		1.4619
v 2.4937 		0.4691 		1.4011
v 2.4937 		0.4651 		1.4583
v 2.4973 		0.4406 		1.4011
v 2.4973 		0.4369 		1.4549
v 2.4994 		0.4125 		1.4011
v 2.4994 		0.4089 		1.4514
v 2.5 		0.3847 		1.4011
v 2.5 		0.3814 		1.4481
v 2.499 		0.3574 		1.4011
v 2.499 		0.3543 		1.4447
v 2.4963 		0.3305 		1.4011
v 2.4963 		0.3277 		1.4414
v 2.4919 		0.3042 		1.4011
v 2.4919 		0.3016 		1.4382
v 2.4856 		0.2785 		1.4011
v 2.4856 		0.2761 		1.4351
v 2.4774 		0.2534 		1.4011
v 2.4774 		0.2512 		1.432
v 2.4672 		0.229 		1.4011
v 2.4672 		0.227 		1.4291
v 2.4548 		0.2053 		1.4011
v 2.4548 		0.2036 		1.4262
v 2.4403 		0.1825 		1.4011
v 2.4403 		0.1809 		1.4234
v 2.4236 		0.1604 		1.4011
v 2.4236 		0.159 		1.4207
v 2.4045 		0.1393 		1.4011
v 2.4045 		0.1381 		1.4181
v 2.3829 		0.119 		1.4011
v 2.3829 		0.118 		1.4157
v 2.3589 		0.0998 		1.4011
v 2.3589 		0.099 		1.4133
v 2.3323 		0.0816 		1.4011
v 2.3323 		0.0809 		1.4111
v 2.303 		0.0645 		1.4011
v 2.303 		0.064 		1.409
v 2.2709 		0.0486 		1.4011
v 2.2709 		0.0482 		1.4071
v 2.236 		0.0338 		1.4011
v 2.236 		0.0335 		1.4053
v 2.1982 		0.0202 		1.4011
v 2.1982 		0.0201 		1.4036
v 2.1573 		0.008 		1.4011
v 2.1573 		0.0079 		1.4021
v 2.1549 		0.0073 		1.4011
v 2.1549 		0.0073 		1.402
v 2.1524 		0.0067 		1.4011
v 2.1524 		0.0066 		1.402
v 2.1499 		0.006 		1.4011
v 2.1499 		0.0059 		1.4019
v 2.1473 		0.0053 		1.4011
v 2.1473 		0.0053 		1.4018
v 2.1448 		0.0046 		1.4011
v 2.1448 		0.0046 		1.4017
v 2.1422 		0.004 		1.4011
v 2.1422 		0.0039 		1.4016
v 2.1396 		0.0033 		1.4011
v 2.1396 		0.0033 		1.4016
v 2.137 		0.0026 		1.4011
v 2.137 		0.0026 		1.4015
v 2.1344 		0.002 		1.4011
v 2.1344 		0.002 		1.4014
v 2.1318 		0.0013 		1.4011
v 2.1318 		0.0013 		1.4013
v 2.1291 		0.0007 		1.4011
v 2.1291 		0.0007 		1.4012
v 2.1264 		0 		1.4011
v -2.11 		0 		1.4011
v -2.1123 		0.0007 		1.4012
v -2.1123 		0.0007 		1.4011
v -2.1146 		0.0013 		1.4011
v -2.1146 		0.0013 		1.4013
v -2.117 		0.002 		1.4011
v -2.117 		0.002 		1.4014
v -2.1193 		0.0026 		1.4011
v -2.1193 		0.0026 		1.4015
v -2.1215 		0.0033 		1.4011
v -2.1215 		0.0033 		1.4016
v -2.1238 		0.004 		1.4011
v -2.1238 		0.0039 		1.4016
v -2.1261 		0.0046 		1.4011
v -2.1261 		0.0046 		1.4017
v -2.1283 		0.0053 		1.4011
v -2.1283 		0.0053 		1.4018
v -2.1306 		0.006 		1.4011
v -2.1306 		0.0059 		1.4019
v -2.1328 		0.0066 		1.4011
v -2.1328 		0.0066 		1.402
v -2.135 		0.0073 		1.4011
v -2.135 		0.0073 		1.402
v -2.1372 		0.0077 		1.4031
v -2.1815 		0.0222 		1.4067
v -2.2225 		0.0381 		1.4107
v -2.2602 		0.0554 		1.415
v -2.2947 		0.0741 		1.4197
v -2.3262 		0.0941 		1.4247
v -2.3547 		0.1154 		1.43
v -2.3803 		0.1378 		1.4356
v -2.4032 		0.1613 		1.4415
v -2.4233 		0.1858 		1.4477
v -2.4409 		0.2113 		1.454
v -2.456 		0.2377 		1.4607
v -2.4687 		0.265 		1.4675
v -2.4791 		0.2931 		1.4745
v -2.4873 		0.3219 		1.4817
v -2.4934 		0.3514 		1.4891
v -2.4975 		0.3815 		1.4966
v -2.4997 		0.4121 		1.5043
v -2.5 		0.4431 		1.5121
v -2.4986 		0.4746 		1.5199
v -2.4956 		0.5065 		1.5279
v -2.4911 		0.5386 		1.536
v -2.4851 		0.571 		1.5441
v -2.4777 		0.6035 		1.5522
v -2.4691 		0.6361 		1.5604
v -2.4594 		0.6688 		1.5685
v -2.4486 		0.7014 		1.5767
v -2.4369 		0.7339 		1.5848
v -2.4243 		0.7663 		1.593
v -2.4109 		0.7985 		1.601
v -2.3968 		0.8304 		1.609
v -2.3822 		0.8619 		1.6169
v -2.367 		0.8931 		1.6247
v -2.3515 		0.9237 		1.6324
v -2.3357 		0.9539 		1.6399
v -2.3197 		0.9834 		1.6473
v -2.3036 		1.0123 		1.6545
v -2.2875 		1.0405 		1.6616
v -2.2715 		1.0679 		1.6684
v -2.2556 		1.0945 		1.6751
v -2.2401 		1.1201 		1.6815
v -2.2249 		1.1448 		1.6877
v -2.2102 		1.1684 		1.6936
v -2.1961 		1.1909 		1.6992
v -2.1826 		1.2123 		1.7046
v -2.1699 		1.2325 		1.7096
v -2.158 		1.2514 		1.7144
v -2.1471 		1.2689 		1.7187
v -2.1372 		1.285 		1.7228
v -2.1278 		1.3 		1.7265
v -2.1182 		1.314 		1.73
v -2.1083 		1.3272 		1.7333
v -2.0982 		1.3395 		1.7364
v -2.0878 		1.3511 		1.7393
v -2.0772 		1.3618 		1.742
v -2.0663 		1.3718 		1.7445
v -2.0551 		1.381 		1.7468
v -2.0437 		1.3896 		1.7489
v -2.0319 		1.3974 		1.7509
v -2.0199 		1.4046 		1.7527
v -2.0075 		1.4111 		1.7543
v -1.9948 		1.417 		1.7558
v -1.9818 		1.4223 		1.7571
v -1.9685 		1.4271 		1.7583
v -1.9548 		1.4313 		1.7594
v -1.9407 		1.4349 		1.7603
v -1.9263 		1.4381 		1.7611
v -1.9115 		1.4409 		1.7618
v -1.8963 		1.4431 		1.7624
v -1.8807 		1.445 		1.7628
v -1.8647 		1.4465 		1.7632
v -1.8484 		1.4476 		1.7635
v -1.8315 		1.4483 		1.7637
v -1.8143 		1.4488 		1.7638
v -1.7966 		1.4489 		1.7638
v -1.7785 		1.4488 		1.7638
v -1.7599 		1.4484 		1.7637
v -1.7408 		1.4478 		1.7635
v -1.7213 		1.447 		1.7633
v -1.7013 		1.446 		1.7631
v -1.6808 		1.4449 		1.7628
v -1.6598 		1.4436 		1.7625
v -1.6383 		1.4423 		1.7621
v -1.6162 		1.4409 		1.7618
v -1.5937 		1.4394 		1.7614
v -1.5706 		1.4379 		1.761
v -1.5469 		1.4364 		1.7607
v -1.5227 		1.4349 		1.7603
v -1.4979 		1.4335 		1.7599
v -1.4726 		1.4322 		1.7596
v -1.4467 		1.4309 		1.7593
v -1.4201 		1.4298 		1.759
v -1.393 		1.4288 		1.7588
v -1.3653 		1.428 		1.7586
v -1.3369 		1.4274 		1.7584
v -1.3079 		1.4271 		1.7583
v -1.2783 		1.4269 		1.7583
v -1.249 		1.4269 		1.7583
v -1.2208 		1.4269 		1.7583
v -1.1937 		1.4268 		1.7583
v -1.1676 		1.4268 		1.7583
v -1.1425 		1.4267 		1.7582
v -1.1183 		1.4266 		1.7582
v -1.0949 		1.4265 		1.7582
v -1.0724 		1.4264 		1.7582
v -1.0505 		1.4262 		1.7581
v -1.0293 		1.4261 		1.7581
v -1.0086 		1.4259 		1.758
v -0.9885 		1.4257 		1.758
v -0.9688 		1.4255 		1.758
v -0.9496 		1.4253 		1.7579
v -0.9306 		1.4251 		1.7579
v -0.912 		1.4249 		1.7578
v -0.8935 		1.4247 		1.7577
v -0.8752 		1.4245 		1.7577
v -0.857 		1.4243 		1.7576
v -0.8387 		1.424 		1.7576
v -0.8204 		1.4238 		1.7575
v -0.8021 		1.4236 		1.7575
v -0.7835 		1.4233 		1.7574
v -0.7647 		1.4231 		1.7573
v -0.7456 		1.4228 		1.7573
v -0.7261 		1.4226 		1.7572
v -0.7062 		1.4223 		1.7572
v -0.6858 		1.4221 		1.7571
v -0.6649 		1.4219 		1.757
v -0.6433 		1.4217 		1.757
v -0.621 		1.4214 		1.7569
v -0.598 		1.4212 		1.7569
v -0.5742 		1.421 		1.7568
v -0.5495 		1.4208 		1.7568
v -0.5239 		1.4206 		1.7567
v -0.4973 		1.4204 		1.7567
v -0.4696 		1.4202 		1.7566
v -0.4408 		1.4201 		1.7566
v -0.4108 		1.4199 		1.7565
v -0.3795 		1.4198 		1.7565
v -0.347 		1.4197 		1.7565
v -0.313 		1.4195 		1.7564
v -0.2776 		1.4194 		1.7564
v -0.2407 		1.4194 		1.7564
v -0.2022 		1.4193 		1.7564
v -0.1621 		1.4192 		1.7564
v -0.1203 		1.4192 		1.7564
v -0.0767 		1.4192 		1.7564
v -0.033 		1.4193 		1.7564
v 0.0094 		1.4194 		1.7564
v 0.0504 		1.4197 		1.7565
v 0.0902 		1.42 		1.7566
v 0.1287 		1.4204 		1.7567
v 0.166 		1.4209 		1.7568
v 0.2022 		1.4215 		1.7569
v 0.2373 		1.4221 		1.7571
v 0.2713 		1.4228 		1.7573
v 0.3044 		1.4235 		1.7574
v 0.3365 		1.4243 		1.7576
v 0.3677 		1.4251 		1.7578
v 0.398 		1.4259 		1.758
v 0.4275 		1.4268 		1.7583
v 0.4563 		1.4277 		1.7585
v 0.4844 		1.4286 		1.7587
v 0.5118 		1.4295 		1.7589
v 0.5386 		1.4304 		1.7592
v 0.5648 		1.4313 		1.7594
v 0.5905 		1.4322 		1.7596
v 0.6158 		1.4331 		1.7598
v 0.6406 		1.4339 		1.76
v 0.6651 		1.4347 		1.7603
v 0.6892 		1.4355 		1.7604
v 0.7131 		1.4363 		1.7606
v 0.7368 		1.437 		1.7608
v 0.7603 		1.4376 		1.761
v 0.7836 		1.4382 		1.7611
v 0.8069 		1.4387 		1.7612
v 0.8301 		1.4391 		1.7613
v 0.8534 		1.4394 		1.7614
v 0.8767 		1.4397 		1.7615
v 0.9001 		1.4399 		1.7615
v 0.9237 		1.4399 		1.7616
v 0.9476 		1.4399 		1.7615
v 0.9716 		1.4397 		1.7615
v 0.996 		1.4395 		1.7614
v 1.0208 		1.4391 		1.7613
v 1.0459 		1.4386 		1.7612
v 1.0715 		1.4379 		1.761
v 1.0976 		1.4371 		1.7608
v 1.1243 		1.4361 		1.7606
v 1.1515 		1.435 		1.7603
v 1.1794 		1.4338 		1.76
v 1.208 		1.4323 		1.7596
v 1.2373 		1.4307 		1.7592
v 1.2675 		1.4289 		1.7588
v 1.2984 		1.4269 		1.7583
v 1.3294 		1.4249 		1.7578
v 1.3596 		1.4231 		1.7573
v 1.389 		1.4214 		1.7569
v 1.4176 		1.4197 		1.7565
v 1.4455 		1.4182 		1.7561
v 1.4726 		1.4167 		1.7557
v 1.499 		1.4153 		1.7554
v 1.5247 		1.4139 		1.755
v 1.5497 		1.4125 		1.7547
v 1.574 		1.4111 		1.7543
v 1.5977 		1.4096 		1.754
v 1.6207 		1.4081 		1.7536
v 1.6431 		1.4065 		1.7532
v 1.6649 		1.4048 		1.7528
v 1.686 		1.403 		1.7523
v 1.7066 		1.401 		1.7518
v 1.7267 		1.3989 		1.7513
v 1.7462 		1.3966 		1.7507
v 1.7651 		1.3941 		1.7501
v 1.7836 		1.3914 		1.7494
v 1.8015 		1.3885 		1.7487
v 1.819 		1.3853 		1.7479
v 1.836 		1.3818 		1.747
v 1.8525 		1.378 		1.746
v 1.8687 		1.3738 		1.745
v 1.8844 		1.3694 		1.7439
v 1.8997 		1.3645 		1.7427
v 1.9146 		1.3593 		1.7414
v 1.9291 		1.3537 		1.74
v 1.9433 		1.3477 		1.7385
v 1.9572 		1.3412 		1.7368
v 1.9707 		1.3342 		1.7351
v 1.984 		1.3268 		1.7332
v 1.9969 		1.3188 		1.7312
v 2.0096 		1.3104 		1.7291
v 2.022 		1.3013 		1.7269
v 2.0342 		1.2918 		1.7245
v 2.0462 		1.2816 		1.7219
v 2.058 		1.2708 		1.7192
v 2.0696 		1.2594 		1.7164
v 2.081 		1.2473 		1.7133
v 2.0922 		1.2346 		1.7102
v 2.1033 		1.2212 		1.7068
v 2.1143 		1.2071 		1.7033
v 2.1252 		1.1922 		1.6996
v 2.136 		1.1766 		1.6956
v 2.1467 		1.1603 		1.6916
v 2.1573 		1.1431 		1.6873
v 2.1684 		1.125 		1.6827
v 2.1803 		1.106 		1.678
v 2.1928 		1.086 		1.673
v 2.206 		1.0651 		1.6677
v 2.2198 		1.0434 		1.6623
v 2.234 		1.021 		1.6567
v 2.2486 		0.9977 		1.6509
v 2.2635 		0.9738 		1.6449
v 2.2786 		0.9493 		1.6388
v 2.2938 		0.9242 		1.6325
v 2.3091 		0.8985 		1.626
v 2.3244 		0.8723 		1.6195
v 2.3396 		0.8457 		1.6128
v 2.3545 		0.8187 		1.6061
v 2.3692 		0.7913 		1.5992
v 2.3835 		0.7636 		1.5923
v 2.3974 		0.7357 		1.5853
v 2.4108 		0.7076 		1.5783
v 2.4235 		0.6793 		1.5712
v 2.4356 		0.6509 		1.5641
v 2.4469 		0.6224 		1.5569
v 2.4573 		0.594 		1.5498
v 2.4668 		0.5655 		1.5427
v 2.4753 		0.5372 		1.5356
v 2.4826 		0.509 		1.5285
v 2.4888 		0.481 		1.5215
v 2.4937 		0.4531 		1.5146
v 2.4973 		0.4256 		1.5077
v 2.4994 		0.3984 		1.5009
v 2.5 		0.3716 		1.4942
v 2.499 		0.3452 		1.4875
v 2.4963 		0.3193 		1.4811
v 2.4919 		0.2938 		1.4747
v 2.4856 		0.269 		1.4685
v 2.4774 		0.2448 		1.4624
v 2.4672 		0.2212 		1.4565
v 2.4548 		0.1983 		1.4508
v 2.4403 		0.1762 		1.4453
v 2.4236 		0.1549 		1.4399
v 2.4045 		0.1345 		1.4348
v 2.3829 		0.115 		1.4299
v 2.3589 		0.0964 		1.4253
v 2.3323 		0.0789 		1.4209
v 2.303 		0.0623 		1.4168
v 2.2709 		0.0469 		1.4129
v 2.236 		0.0326 		1.4093
v 2.1982 		0.0196 		1.406
v 2.1573 		0.0077 		1.4031
v 2.1549 		0.0071 		1.4029
v 2.1524 		0.0064 		1.4028
v 2.1499 		0.0058 		1.4026
v 2.1473 		0.0051 		1.4024
v 2.1448 		0.0045 		1.4023
v 2.1422 		0.0038 		1.4021
v 2.1396 		0.0032 		1.402
v 2.137 		0.0026 		1.4018
v 2.1344 		0.0019 		1.4016
v 2.1318 		0.0013 		1.4015
v -2.1146 		0.0013 		1.4015
v -2.117 		0.0019 		1.4016
v -2.1193 		0.0026 		1.4018
v -2.1215 		0.0032 		1.4019
v -2.1238 		0.0038 		1.4021
v -2.1261 		0.0045 		1.4023
v -2.1283 		0.0051 		1.4024
v -2.1306 		0.0058 		1.4026
v -2.1328 		0.0064 		1.4028
v -2.135 		0.0071 		1.4029
v -2.1372 		0.0074 		1.404
v -2.1815 		0.0212 		1.4094
v -2.2225 		0.0364 		1.4152
v -2.2602 		0.053 		1.4217
v -2.2947 		0.0709 		1.4286
v -2.3262 		0.09 		1.436
v -2.3547 		0.1103 		1.4438
v -2.3803 		0.1318 		1.4521
v -2.4032 		0.1542 		1.4608
v -2.4233 		0.1777 		1.4699
v -2.4409 		0.2021 		1.4794
v -2.456 		0.2274 		1.4891
v -2.4687 		0.2535 		1.4992
v -2.4791 		0.2803 		1.5096
v -2.4873 		0.3079 		1.5203
v -2.4934 		0.3361 		1.5312
v -2.4975 		0.3648 		1.5423
v -2.4997 		0.3941 		1.5536
v -2.5 		0.4239 		1.5651
v -2.4986 		0.454 		1.5768
v -2.4956 		0.4844 		1.5886
v -2.4911 		0.5152 		1.6005
v -2.4851 		0.5461 		1.6125
v -2.4777 		0.5772 		1.6245
v -2.4691 		0.6084 		1.6366
v -2.4594 		0.6397 		1.6486
v -2.4486 		0.6709 		1.6607
v -2.4369 		0.702 		1.6728
v -2.4243 		0.733 		1.6847
v -2.4109 		0.7637 		1.6967
v -2.3968 		0.7942 		1.7085
v -2.3822 		0.8244 		1.7201
v -2.367 		0.8542 		1.7317
v -2.3515 		0.8835 		1.743
v -2.3357 		0.9124 		1.7542
v -2.3197 		0.9406 		1.7651
v -2.3036 		0.9683 		1.7758
v -2.2875 		0.9952 		1.7862
v -2.2715 		1.0214 		1.7964
v -2.2556 		1.0468 		1.8062
v -2.2401 		1.0713 		1.8157
v -2.2249 		1.0949 		1.8248
v -2.2102 		1.1175 		1.8335
v -2.1961 		1.1391 		1.8419
v -2.1826 		1.1596 		1.8498
v -2.1699 		1.1788 		1.8573
v -2.158 		1.1969 		1.8642
v -2.1471 		1.2137 		1.8707
v -2.1372 		1.2291 		1.8767
v -2.1278 		1.2434 		1.8822
v -2.1182 		1.2568 		1.8874
v -2.1083 		1.2694 		1.8923
v -2.0982 		1.2812 		1.8969
v -2.0878 		1.2923 		1.9011
v -2.0772 		1.3025 		1.9051
v -2.0663 		1.3121 		1.9088
v -2.0551 		1.3209 		1.9122
v -2.0437 		1.3291 		1.9154
v -2.0319 		1.3366 		1.9183
v -2.0199 		1.3434 		1.9209
v -2.0075 		1.3497 		1.9234
v -1.9948 		1.3553 		1.9255
v -1.9818 		1.3604 		1.9275
v -1.9685 		1.3649 		1.9293
v -1.9548 		1.369 		1.9308
v -1.9407 		1.3725 		1.9322
v -1.9263 		1.3755 		1.9334
v -1.9115 		1.3781 		1.9344
v -1.8963 		1.3803 		1.9352
v -1.8807 		1.3821 		1.9359
v -1.8647 		1.3835 		1.9365
v -1.8484 		1.3846 		1.9369
v -1.8315 		1.3853 		1.9371
v -1.8143 		1.3857 		1.9373
v -1.7966 		1.3858 		1.9373
v -1.7785 		1.3857 		1.9373
v -1.7599 		1.3853 		1.9372
v -1.7408 		1.3847 		1.9369
v -1.7213 		1.384 		1.9366
v -1.7013 		1.383 		1.9363
v -1.6808 		1.382 		1.9359
v -1.6598 		1.3808 		1.9354
v -1.6383 		1.3795 		1.9349
v -1.6162 		1.3781 		1.9344
v -1.5937 		1.3767 		1.9338
v -1.5706 		1.3753 		1.9333
v -1.5469 		1.3739 		1.9327
v -1.5227 		1.3725 		1.9322
v -1.4979 		1.3711 		1.9317
v -1.4726 		1.3698 		1.9312
v -1.4467 		1.3686 		1.9307
v -1.4201 		1.3676 		1.9303
v -1.393 		1.3666 		1.9299
v -1.3653 		1.3659 		1.9296
v -1.3369 		1.3653 		1.9294
v -1.3079 		1.3649 		1.9293
v -1.2783 		1.3648 		1.9292
v -1.249 		1.3648 		1.9292
v -1.2208 		1.3648 		1.9292
v -1.1937 		1.3647 		1.9292
v -1.1676 		1.3647 		1.9292
v -1.1425 		1.3646 		1.9291
v -1.1183 		1.3645 		1.9291
v -1.0949 		1.3644 		1.9291
v -1.0724 		1.3643 		1.929
v -1.0505 		1.3641 		1.929
v -1.0293 		1.364 		1.9289
v -1.0086 		1.3638 		1.9288
v -0.9885 		1.3637 		1.9288
v -0.9688 		1.3635 		1.9287
v -0.9496 		1.3633 		1.9286
v -0.9306 		1.3631 		1.9286
v -0.912 		1.3629 		1.9285
v -0.8935 		1.3627 		1.9284
v -0.8752 		1.3625 		1.9283
v -0.857 		1.3623 		1.9282
v -0.8387 		1.362 		1.9281
v -0.8204 		1.3618 		1.9281
v -0.8021 		1.3616 		1.928
v -0.7835 		1.3614 		1.9279
v -0.7647 		1.3611 		1.9278
v -0.7456 		1.3609 		1.9277
v -0.7261 		1.3607 		1.9276
v -0.7062 		1.3604 		1.9275
v -0.6858 		1.3602 		1.9274
v -0.6649 		1.36 		1.9274
v -0.6433 		1.3598 		1.9273
v -0.621 		1.3596 		1.9272
v -0.598 		1.3593 		1.9271
v -0.5742 		1.3591 		1.927
v -0.5495 		1.3589 		1.9269
v -0.5239 		1.3588 		1.9269
v -0.4973 		1.3586 		1.9268
v -0.4696 		1.3584 		1.9267
v -0.4408 		1.3583 		1.9267
v -0.4108 		1.3581 		1.9266
v -0.3795 		1.358 		1.9266
v -0.347 		1.3579 		1.9265
v -0.313 		1.3577 		1.9265
v -0.2776 		1.3577 		1.9264
v -0.2407 		1.3576 		1.9264
v -0.2022 		1.3575 		1.9264
v -0.1621 		1.3575 		1.9264
v -0.1203 		1.3574 		1.9264
v -0.0767 		1.3574 		1.9264
v -0.033 		1.3575 		1.9264
v 0.0094 		1.3576 		1.9264
v 0.0504 		1.3579 		1.9265
v 0.0902 		1.3582 		1.9267
v 0.1287 		1.3586 		1.9268
v 0.166 		1.359 		1.927
v 0.2022 		1.3596 		1.9272
v 0.2373 		1.3602 		1.9274
v 0.2713 		1.3608 		1.9277
v 0.3044 		1.3615 		1.9279
v 0.3365 		1.3623 		1.9282
v 0.3677 		1.3631 		1.9285
v 0.398 		1.3639 		1.9288
v 0.4275 		1.3647 		1.9292
v 0.4563 		1.3655 		1.9295
v 0.4844 		1.3664 		1.9298
v 0.5118 		1.3673 		1.9302
v 0.5386 		1.3681 		1.9305
v 0.5648 		1.369 		1.9308
v 0.5905 		1.3699 		1.9312
v 0.6158 		1.3707 		1.9315
v 0.6406 		1.3715 		1.9318
v 0.6651 		1.3723 		1.9321
v 0.6892 		1.373 		1.9324
v 0.7131 		1.3737 		1.9327
v 0.7368 		1.3744 		1.9329
v 0.7603 		1.375 		1.9332
v 0.7836 		1.3756 		1.9334
v 0.8069 		1.376 		1.9336
v 0.8301 		1.3764 		1.9337
v 0.8534 		1.3768 		1.9338
v 0.8767 		1.377 		1.9339
v 0.9001 		1.3772 		1.934
v 0.9237 		1.3772 		1.934
v 0.9476 		1.3772 		1.934
v 0.9716 		1.3771 		1.934
v 0.996 		1.3768 		1.9339
v 1.0208 		1.3764 		1.9337
v 1.0459 		1.3759 		1.9335
v 1.0715 		1.3753 		1.9333
v 1.0976 		1.3745 		1.933
v 1.1243 		1.3736 		1.9326
v 1.1515 		1.3726 		1.9322
v 1.1794 		1.3713 		1.9317
v 1.208 		1.37 		1.9312
v 1.2373 		1.3684 		1.9306
v 1.2675 		1.3667 		1.93
v 1.2984 		1.3648 		1.9292
v 1.3294 		1.3629 		1.9285
v 1.3596 		1.3611 		1.9278
v 1.389 		1.3595 		1.9272
v 1.4176 		1.3579 		1.9266
v 1.4455 		1.3565 		1.926
v 1.4726 		1.3551 		1.9254
v 1.499 		1.3537 		1.9249
v 1.5247 		1.3523 		1.9244
v 1.5497 		1.351 		1.9239
v 1.574 		1.3496 		1.9234
v 1.5977 		1.3483 		1.9228
v 1.6207 		1.3468 		1.9223
v 1.6431 		1.3453 		1.9217
v 1.6649 		1.3437 		1.921
v 1.686 		1.3419 		1.9204
v 1.7066 		1.3401 		1.9196
v 1.7267 		1.338 		1.9189
v 1.7462 		1.3358 		1.918
v 1.7651 		1.3335 		1.9171
v 1.7836 		1.3309 		1.9161
v 1.8015 		1.328 		1.915
v 1.819 		1.325 		1.9138
v 1.836 		1.3216 		1.9125
v 1.8525 		1.318 		1.9111
v 1.8687 		1.314 		1.9096
v 1.8844 		1.3098 		1.9079
v 1.8997 		1.3051 		1.9061
v 1.9146 		1.3001 		1.9042
v 1.9291 		1.2948 		1.9021
v 1.9433 		1.289 		1.8999
v 1.9572 		1.2828 		1.8975
v 1.9707 		1.2761 		1.8949
v 1.984 		1.269 		1.8922
v 1.9969 		1.2614 		1.8892
v 2.0096 		1.2533 		1.8861
v 2.022 		1.2447 		1.8827
v 2.0342 		1.2355 		1.8792
v 2.0462 		1.2258 		1.8754
v 2.058 		1.2155 		1.8714
v 2.0696 		1.2046 		1.8672
v 2.081 		1.193 		1.8628
v 2.0922 		1.1809 		1.8581
v 2.1033 		1.168 		1.8531
v 2.1143 		1.1545 		1.8479
v 2.1252 		1.1403 		1.8424
v 2.136 		1.1254 		1.8366
v 2.1467 		1.1097 		1.8305
v 2.1573 		1.0933 		1.8242
v 2.1684 		1.076 		1.8175
v 2.1803 		1.0578 		1.8104
v 2.1928 		1.0387 		1.803
v 2.206 		1.0188 		1.7953
v 2.2198 		0.998 		1.7873
v 2.234 		0.9765 		1.779
v 2.2486 		0.9543 		1.7704
v 2.2635 		0.9315 		1.7615
v 2.2786 		0.908 		1.7525
v 2.2938 		0.8839 		1.7432
v 2.3091 		0.8594 		1.7337
v 2.3244 		0.8343 		1.724
v 2.3396 		0.8089 		1.7141
v 2.3545 		0.783 		1.7041
v 2.3692 		0.7569 		1.694
v 2.3835 		0.7304 		1.6838
v 2.3974 		0.7037 		1.6734
v 2.4108 		0.6768 		1.663
v 2.4235 		0.6497 		1.6525
v 2.4356 		0.6226 		1.642
v 2.4469 		0.5954 		1.6315
v 2.4573 		0.5681 		1.621
v 2.4668 		0.5409 		1.6104
v 2.4753 		0.5138 		1.6
v 2.4826 		0.4868 		1.5895
v 2.4888 		0.46 		1.5791
v 2.4937 		0.4334 		1.5688
v 2.4973 		0.4071 		1.5587
v 2.4994 		0.3811 		1.5486
v 2.5 		0.3554 		1.5387
v 2.499 		0.3302 		1.5289
v 2.4963 		0.3054 		1.5193
v 2.4919 		0.281 		1.5099
v 2.4856 		0.2573 		1.5007
v 2.4774 		0.2341 		1.4917
v 2.4672 		0.2116 		1.483
v 2.4548 		0.1897 		1.4745
v 2.4403 		0.1686 		1.4664
v 2.4236 		0.1482 		1.4585
v 2.4045 		0.1287 		1.4509
v 2.3829 		0.11 		1.4437
v 2.3589 		0.0922 		1.4368
v 2.3323 		0.0754 		1.4303
v 2.303 		0.0596 		1.4242
v 2.2709 		0.0449 		1.4185
v 2.236 		0.0312 		1.4132
v 2.1982 		0.0187 		1.4084
v 2.1573 		0.0074 		1.404
v 2.1549 		0.0068 		1.4038
v 2.1524 		0.0061 		1.4035
v 2.1499 		0.0055 		1.4033
v 2.1473 		0.0049 		1.403
v 2.1448 		0.0043 		1.4028
v 2.1422 		0.0037 		1.4026
v 2.1396 		0.0031 		1.4023
v 2.137 		0.0024 		1.4021
v 2.1344 		0.0018 		1.4019
v 2.1318 		0.0012 		1.4016
v 2.1291 		0.0006 		1.4014
v -2.1123 		0.0006 		1.4014
v -2.1146 		0.0012 		1.4016
v -2.117 		0.0018 		1.4019
v -2.1193 		0.0024 		1.4021
v -2.1215 		0.0031 		1.4023
v -2.1238 		0.0037 		1.4026
v -2.1261 		0.0043 		1.4028
v -2.1283 		0.0049 		1.403
v -2.1306 		0.0055 		1.4033
v -2.1328 		0.0061 		1.4035
v -2.135 		0.0068 		1.4038
v -2.1372 		0.0069 		1.4049
v -2.1815 		0.0199 		1.4119
v -2.2225 		0.0342 		1.4196
v -2.2602 		0.0497 		1.428
v -2.2947 		0.0665 		1.437
v -2.3262 		0.0844 		1.4467
v -2.3547 		0.1034 		1.4569
v -2.3803 		0.1235 		1.4678
v -2.4032 		0.1446 		1.4791
v -2.4233 		0.1666 		1.491
v -2.4409 		0.1895 		1.5033
v -2.456 		0.2132 		1.5161
v -2.4687 		0.2376 		1.5293
v -2.4791 		0.2628 		1.5429
v -2.4873 		0.2886 		1.5568
v -2.4934 		0.315 		1.5711
v -2.4975 		0.342 		1.5856
v -2.4997 		0.3694 		1.6004
v -2.5 		0.3973 		1.6154
v -2.4986 		0.4256 		1.6307
v -2.4956 		0.4541 		1.6461
v -2.4911 		0.4829 		1.6616
v -2.4851 		0.5119 		1.6772
v -2.4777 		0.5411 		1.693
v -2.4691 		0.5703 		1.7087
v -2.4594 		0.5996 		1.7245
v -2.4486 		0.6289 		1.7403
v -2.4369 		0.658 		1.756
v -2.4243 		0.6871 		1.7717
v -2.4109 		0.7159 		1.7872
v -2.3968 		0.7445 		1.8027
v -2.3822 		0.7728 		1.8179
v -2.367 		0.8007 		1.833
v -2.3515 		0.8282 		1.8478
v -2.3357 		0.8552 		1.8624
v -2.3197 		0.8817 		1.8767
v -2.3036 		0.9076 		1.8906
v -2.2875 		0.9329 		1.9043
v -2.2715 		0.9575 		1.9175
v -2.2556 		0.9813 		1.9303
v -2.2401 		1.0042 		1.9427
v -2.2249 		1.0264 		1.9547
v -2.2102 		1.0476 		1.9661
v -2.1961 		1.0678 		1.977
v -2.1826 		1.0869 		1.9873
v -2.1699 		1.105 		1.9971
v -2.158 		1.1219 		2.0062
v -2.1471 		1.1377 		2.0147
v -2.1372 		1.1521 		2.0225
v -2.1278 		1.1655 		2.0297
v -2.1182 		1.1781 		2.0365
v -2.1083 		1.1899 		2.0429
v -2.0982 		1.201 		2.0489
v -2.0878 		1.2113 		2.0544
v -2.0772 		1.221 		2.0596
v -2.0663 		1.2299 		2.0644
v -2.0551 		1.2382 		2.0689
v -2.0437 		1.2458 		2.073
v -2.0319 		1.2529 		2.0768
v -2.0199 		1.2593 		2.0803
v -2.0075 		1.2651 		2.0834
v -1.9948 		1.2704 		2.0863
v -1.9818 		1.2752 		2.0889
v -1.9685 		1.2795 		2.0912
v -1.9548 		1.2832 		2.0932
v -1.9407 		1.2865 		2.095
v -1.9263 		1.2894 		2.0965
v -1.9115 		1.2918 		2.0978
v -1.8963 		1.2939 		2.0989
v -1.8807 		1.2956 		2.0998
v -1.8647 		1.2969 		2.1006
v -1.8484 		1.2979 		2.1011
v -1.8315 		1.2985 		2.1015
v -1.8143 		1.2989 		2.1017
v -1.7966 		1.299 		2.1017
v -1.7785 		1.2989 		2.1017
v -1.7599 		1.2986 		2.1015
v -1.7408 		1.298 		2.1012
v -1.7213 		1.2973 		2.1008
v -1.7013 		1.2964 		2.1003
v -1.6808 		1.2954 		2.0998
v -1.6598 		1.2943 		2.0992
v -1.6383 		1.2931 		2.0985
v -1.6162 		1.2918 		2.0978
v -1.5937 		1.2905 		2.0971
v -1.5706 		1.2892 		2.0964
v -1.5469 		1.2878 		2.0957
v -1.5227 		1.2865 		2.095
v -1.4979 		1.2853 		2.0943
v -1.4726 		1.2841 		2.0936
v -1.4467 		1.2829 		2.093
v -1.4201 		1.2819 		2.0925
v -1.393 		1.2811 		2.092
v -1.3653 		1.2804 		2.0916
v -1.3369 		1.2798 		2.0914
v -1.3079 		1.2795 		2.0912
v -1.2783 		1.2794 		2.0911
v -1.249 		1.2793 		2.0911
v -1.2208 		1.2793 		2.0911
v -1.1937 		1.2793 		2.0911
v -1.1676 		1.2792 		2.091
v -1.1425 		1.2791 		2.091
v -1.1183 		1.2791 		2.0909
v -1.0949 		1.279 		2.0909
v -1.0724 		1.2788 		2.0908
v -1.0505 		1.2787 		2.0908
v -1.0293 		1.2786 		2.0907
v -1.0086 		1.2784 		2.0906
v -0.9885 		1.2783 		2.0905
v -0.9688 		1.2781 		2.0904
v -0.9496 		1.2779 		2.0903
v -0.9306 		1.2777 		2.0902
v -0.912 		1.2776 		2.0901
v -0.8935 		1.2774 		2.09
v -0.8752 		1.2772 		2.0899
v -0.857 		1.277 		2.0898
v -0.8387 		1.2767 		2.0897
v -0.8204 		1.2765 		2.0896
v -0.8021 		1.2763 		2.0895
v -0.7835 		1.2761 		2.0894
v -0.7647 		1.2759 		2.0892
v -0.7456 		1.2757 		2.0891
v -0.7261 		1.2755 		2.089
v -0.7062 		1.2752 		2.0889
v -0.6858 		1.275 		2.0888
v -0.6649 		1.2748 		2.0887
v -0.6433 		1.2746 		2.0886
v -0.621 		1.2744 		2.0884
v -0.598 		1.2742 		2.0883
v -0.5742 		1.274 		2.0882
v -0.5495 		1.2738 		2.0881
v -0.5239 		1.2737 		2.088
v -0.4973 		1.2735 		2.088
v -0.4696 		1.2733 		2.0879
v -0.4408 		1.2732 		2.0878
v -0.4108 		1.2731 		2.0877
v -0.3795 		1.2729 		2.0876
v -0.347 		1.2728 		2.0876
v -0.313 		1.2727 		2.0875
v -0.2776 		1.2726 		2.0875
v -0.2407 		1.2726 		2.0874
v -0.2022 		1.2725 		2.0874
v -0.1621 		1.2725 		2.0874
v -0.1203 		1.2724 		2.0874
v -0.0767 		1.2724 		2.0874
v -0.033 		1.2725 		2.0874
v 0.0094 		1.2726 		2.0875
v 0.0504 		1.2728 		2.0876
v 0.0902 		1.2731 		2.0878
v 0.1287 		1.2735 		2.088
v 0.166 		1.2739 		2.0882
v 0.2022 		1.2744 		2.0885
v 0.2373 		1.275 		2.0888
v 0.2713 		1.2756 		2.0891
v 0.3044 		1.2763 		2.0894
v 0.3365 		1.277 		2.0898
v 0.3677 		1.2777 		2.0902
v 0.398 		1.2785 		2.0906
v 0.4275 		1.2792 		2.091
v 0.4563 		1.28 		2.0915
v 0.4844 		1.2808 		2.0919
v 0.5118 		1.2817 		2.0923
v 0.5386 		1.2825 		2.0928
v 0.5648 		1.2833 		2.0932
v 0.5905 		1.2841 		2.0937
v 0.6158 		1.2849 		2.0941
v 0.6406 		1.2856 		2.0945
v 0.6651 		1.2864 		2.0949
v 0.6892 		1.2871 		2.0953
v 0.7131 		1.2877 		2.0956
v 0.7368 		1.2883 		2.096
v 0.7603 		1.2889 		2.0963
v 0.7836 		1.2894 		2.0965
v 0.8069 		1.2899 		2.0968
v 0.8301 		1.2902 		2.097
v 0.8534 		1.2906 		2.0972
v 0.8767 		1.2908 		2.0973
v 0.9001 		1.2909 		2.0974
v 0.9237 		1.291 		2.0974
v 0.9476 		1.291 		2.0974
v 0.9716 		1.2908 		2.0973
v 0.996 		1.2906 		2.0972
v 1.0208 		1.2902 		2.097
v 1.0459 		1.2898 		2.0967
v 1.0715 		1.2892 		2.0964
v 1.0976 		1.2885 		2.096
v 1.1243 		1.2876 		2.0956
v 1.1515 		1.2866 		2.095
v 1.1794 		1.2855 		2.0944
v 1.208 		1.2842 		2.0937
v 1.2373 		1.2827 		2.0929
v 1.2675 		1.2811 		2.0921
v 1.2984 		1.2794 		2.0911
v 1.3294 		1.2776 		2.0901
v 1.3596 		1.2759 		2.0892
v 1.389 		1.2744 		2.0884
v 1.4176 		1.2729 		2.0876
v 1.4455 		1.2715 		2.0869
v 1.4726 		1.2702 		2.0862
v 1.499 		1.2689 		2.0855
v 1.5247 		1.2677 		2.0848
v 1.5497 		1.2664 		2.0841
v 1.574 		1.2651 		2.0834
v 1.5977 		1.2638 		2.0827
v 1.6207 		1.2625 		2.082
v 1.6431 		1.261 		2.0812
v 1.6649 		1.2595 		2.0804
v 1.686 		1.2579 		2.0795
v 1.7066 		1.2561 		2.0786
v 1.7267 		1.2542 		2.0776
v 1.7462 		1.2522 		2.0765
v 1.7651 		1.25 		2.0753
v 1.7836 		1.2475 		2.0739
v 1.8015 		1.2449 		2.0725
v 1.819 		1.242 		2.071
v 1.836 		1.2388 		2.0693
v 1.8525 		1.2354 		2.0674
v 1.8687 		1.2317 		2.0654
v 1.8844 		1.2277 		2.0633
v 1.8997 		1.2234 		2.0609
v 1.9146 		1.2187 		2.0584
v 1.9291 		1.2137 		2.0557
v 1.9433 		1.2083 		2.0528
v 1.9572 		1.2025 		2.0496
v 1.9707 		1.1962 		2.0463
v 1.984 		1.1896 		2.0427
v 1.9969 		1.1824 		2.0388
v 2.0096 		1.1748 		2.0347
v 2.022 		1.1667 		2.0304
v 2.0342 		1.1582 		2.0257
v 2.0462 		1.149 		2.0208
v 2.058 		1.1394 		2.0156
v 2.0696 		1.1291 		2.0101
v 2.081 		1.1183 		2.0043
v 2.0922 		1.1069 		1.9981
v 2.1033 		1.0949 		1.9916
v 2.1143 		1.0822 		1.9848
v 2.1252 		1.0689 		1.9776
v 2.136 		1.0549 		1.9701
v 2.1467 		1.0403 		1.9622
v 2.1573 		1.0249 		1.9539
v 2.1684 		1.0087 		1.9451
v 2.1803 		0.9916 		1.9359
v 2.1928 		0.9737 		1.9263
v 2.206 		0.955 		1.9162
v 2.2198 		0.9355 		1.9057
v 2.234 		0.9154 		1.8948
v 2.2486 		0.8946 		1.8836
v 2.2635 		0.8731 		1.872
v 2.2786 		0.8511 		1.8602
v 2.2938 		0.8286 		1.848
v 2.3091 		0.8056 		1.8356
v 2.3244 		0.7821 		1.8229
v 2.3396 		0.7582 		1.8101
v 2.3545 		0.734 		1.797
v 2.3692 		0.7095 		1.7838
v 2.3835 		0.6847 		1.7704
v 2.3974 		0.6596 		1.7569
v 2.4108 		0.6344 		1.7433
v 2.4235 		0.609 		1.7296
v 2.4356 		0.5836 		1.7159
v 2.4469 		0.5581 		1.7021
v 2.4573 		0.5325 		1.6884
v 2.4668 		0.5071 		1.6746
v 2.4753 		0.4816 		1.6609
v 2.4826 		0.4563 		1.6473
v 2.4888 		0.4312 		1.6337
v 2.4937 		0.4063 		1.6203
v 2.4973 		0.3816 		1.6069
v 2.4994 		0.3572 		1.5938
v 2.5 		0.3332 		1.5808
v 2.499 		0.3095 		1.5681
v 2.4963 		0.2862 		1.5555
v 2.4919 		0.2634 		1.5432
v 2.4856 		0.2412 		1.5312
v 2.4774 		0.2194 		1.5195
v 2.4672 		0.1983 		1.5081
v 2.4548 		0.1778 		1.497
v 2.4403 		0.158 		1.4864
v 2.4236 		0.1389 		1.4761
v 2.4045 		0.1206 		1.4662
v 2.3829 		0.1031 		1.4568
v 2.3589 		0.0864 		1.4478
v 2.3323 		0.0707 		1.4393
v 2.303 		0.0559 		1.4313
v 2.2709 		0.0421 		1.4238
v 2.236 		0.0293 		1.4169
v 2.1982 		0.0175 		1.4106
v 2.1573 		0.0069 		1.4049
v 2.1549 		0.0063 		1.4046
v 2.1524 		0.0058 		1.4043
v 2.1499 		0.0052 		1.4039
v 2.1473 		0.0046 		1.4036
v 2.1448 		0.004 		1.4033
v 2.1422 		0.0034 		1.403
v 2.1396 		0.0029 		1.4027
v 2.137 		0.0023 		1.4024
v 2.1344 		0.0017 		1.4021
v 2.1318 		0.0011 		1.4018
v -2.1146 		0.0011 		1.4018
v -2.117 		0.0017 		1.4021
v -2.1193 		0.0023 		1.4024
v -2.1215 		0.0029 		1.4027
v -2.1238 		0.0034 		1.403
v -2.1261 		0.004 		1.4033
v -2.1283 		0.0046 		1.4036
v -2.1306 		0.0052 		1.4039
v -2.1328 		0.0058 		1.4043
v -2.135 		0.0063 		1.4046
v -2.1372 		0.0063 		1.4057
v -2.1815 		0.0182 		1.4142
v -2.2225 		0.0313 		1.4236
v -2.2602 		0.0455 		1.4338
v -2.2947 		0.0609 		1.4448
v -2.3262 		0.0773 		1.4566
v -2.3547 		0.0948 		1.4691
v -2.3803 		0.1131 		1.4822
v -2.4032 		0.1324 		1.4961
v -2.4233 		0.1526 		1.5105
v -2.4409 		0.1736 		1.5255
v -2.456 		0.1953 		1.5411
v -2.4687 		0.2177 		1.5572
v -2.4791 		0.2407 		1.5737
v -2.4873 		0.2644 		1.5907
v -2.4934 		0.2886 		1.608
v -2.4975 		0.3133 		1.6257
v -2.4997 		0.3384 		1.6437
v -2.5 		0.364 		1.662
v -2.4986 		0.3898 		1.6806
v -2.4956 		0.416 		1.6993
v -2.4911 		0.4424 		1.7182
v -2.4851 		0.469 		1.7373
v -2.4777 		0.4957 		1.7564
v -2.4691 		0.5225 		1.7756
v -2.4594 		0.5493 		1.7949
v -2.4486 		0.5761 		1.8141
v -2.4369 		0.6028 		1.8332
v -2.4243 		0.6294 		1.8523
v -2.4109 		0.6558 		1.8712
v -2.3968 		0.682 		1.89
v -2.3822 		0.7079 		1.9086
v -2.367 		0.7335 		1.9269
v -2.3515 		0.7587 		1.945
v -2.3357 		0.7835 		1.9627
v -2.3197 		0.8077 		1.9801
v -2.3036 		0.8315 		1.9971
v -2.2875 		0.8546 		2.0137
v -2.2715 		0.8771 		2.0298
v -2.2556 		0.8989 		2.0455
v -2.2401 		0.92 		2.0606
v -2.2249 		0.9402 		2.0751
v -2.2102 		0.9597 		2.089
v -2.1961 		0.9782 		2.1023
v -2.1826 		0.9957 		2.1149
v -2.1699 		1.0123 		2.1267
v -2.158 		1.0278 		2.1378
v -2.1471 		1.0422 		2.1482
v -2.1372 		1.0554 		2.1576
v -2.1278 		1.0677 		2.1664
v -2.1182 		1.0792 		2.1747
v -2.1083 		1.0901 		2.1825
v -2.0982 		1.1002 		2.1897
v -2.0878 		1.1097 		2.1965
v -2.0772 		1.1185 		2.2029
v -2.0663 		1.1267 		2.2087
v -2.0551 		1.1343 		2.2142
v -2.0437 		1.1413 		2.2192
v -2.0319 		1.1477 		2.2238
v -2.0199 		1.1536 		2.228
v -2.0075 		1.159 		2.2319
v -1.9948 		1.1638 		2.2353
v -1.9818 		1.1682 		2.2385
v -1.9685 		1.1721 		2.2413
v -1.9548 		1.1755 		2.2437
v -1.9407 		1.1786 		2.2459
v -1.9263 		1.1812 		2.2478
v -1.9115 		1.1834 		2.2494
v -1.8963 		1.1853 		2.2507
v -1.8807 		1.1868 		2.2518
v -1.8647 		1.188 		2.2527
v -1.8484 		1.1889 		2.2533
v -1.8315 		1.1896 		2.2538
v -1.8143 		1.1899 		2.254
v -1.7966 		1.19 		2.2541
v -1.7785 		1.1899 		2.254
v -1.7599 		1.1896 		2.2538
v -1.7408 		1.1891 		2.2535
v -1.7213 		1.1884 		2.253
v -1.7013 		1.1876 		2.2524
v -1.6808 		1.1867 		2.2517
v -1.6598 		1.1857 		2.251
v -1.6383 		1.1846 		2.2502
v -1.6162 		1.1834 		2.2494
v -1.5937 		1.1822 		2.2485
v -1.5706 		1.181 		2.2476
v -1.5469 		1.1798 		2.2468
v -1.5227 		1.1786 		2.2459
v -1.4979 		1.1774 		2.2451
v -1.4726 		1.1763 		2.2443
v -1.4467 		1.1753 		2.2435
v -1.4201 		1.1744 		2.2429
v -1.393 		1.1736 		2.2423
v -1.3653 		1.1729 		2.2418
v -1.3369 		1.1724 		2.2415
v -1.3079 		1.1721 		2.2413
v -1.2783 		1.172 		2.2412
v -1.249 		1.172 		2.2412
v -1.2208 		1.172 		2.2412
v -1.1937 		1.1719 		2.2411
v -1.1676 		1.1719 		2.2411
v -1.1425 		1.1718 		2.2411
v -1.1183 		1.1717 		2.241
v -1.0949 		1.1716 		2.2409
v -1.0724 		1.1715 		2.2409
v -1.0505 		1.1714 		2.2408
v -1.0293 		1.1713 		2.2407
v -1.0086 		1.1712 		2.2406
v -0.9885 		1.171 		2.2405
v -0.9688 		1.1709 		2.2404
v -0.9496 		1.1707 		2.2403
v -0.9306 		1.1705 		2.2401
v -0.912 		1.1704 		2.24
v -0.8935 		1.1702 		2.2399
v -0.8752 		1.17 		2.2398
v -0.857 		1.1698 		2.2396
v -0.8387 		1.1696 		2.2395
v -0.8204 		1.1694 		2.2393
v -0.8021 		1.1692 		2.2392
v -0.7835 		1.169 		2.2391
v -0.7647 		1.1688 		2.2389
v -0.7456 		1.1686 		2.2388
v -0.7261 		1.1684 		2.2386
v -0.7062 		1.1682 		2.2385
v -0.6858 		1.168 		2.2384
v -0.6649 		1.1678 		2.2382
v -0.6433 		1.1677 		2.2381
v -0.621 		1.1675 		2.2379
v -0.598 		1.1673 		2.2378
v -0.5742 		1.1671 		2.2377
v -0.5495 		1.167 		2.2376
v -0.5239 		1.1668 		2.2375
v -0.4973 		1.1666 		2.2374
v -0.4696 		1.1665 		2.2372
v -0.4408 		1.1664 		2.2372
v -0.4108 		1.1662 		2.2371
v -0.3795 		1.1661 		2.237
v -0.347 		1.166 		2.2369
v -0.313 		1.1659 		2.2368
v -0.2776 		1.1658 		2.2368
v -0.2407 		1.1658 		2.2367
v -0.2022 		1.1657 		2.2367
v -0.1621 		1.1657 		2.2367
v -0.1203 		1.1657 		2.2366
v -0.0767 		1.1656 		2.2366
v -0.033 		1.1657 		2.2367
v 0.0094 		1.1658 		2.2368
v 0.0504 		1.166 		2.2369
v 0.0902 		1.1663 		2.2371
v 0.1287 		1.1666 		2.2373
v 0.166 		1.167 		2.2376
v 0.2022 		1.1675 		2.238
v 0.2373 		1.168 		2.2383
v 0.2713 		1.1686 		2.2387
v 0.3044 		1.1692 		2.2392
v 0.3365 		1.1698 		2.2396
v 0.3677 		1.1705 		2.2401
v 0.398 		1.1712 		2.2406
v 0.4275 		1.1719 		2.2411
v 0.4563 		1.1726 		2.2416
v 0.4844 		1.1734 		2.2422
v 0.5118 		1.1741 		2.2427
v 0.5386 		1.1749 		2.2432
v 0.5648 		1.1756 		2.2438
v 0.5905 		1.1763 		2.2443
v 0.6158 		1.177 		2.2448
v 0.6406 		1.1777 		2.2453
v 0.6651 		1.1784 		2.2458
v 0.6892 		1.1791 		2.2462
v 0.7131 		1.1797 		2.2467
v 0.7368 		1.1802 		2.2471
v 0.7603 		1.1807 		2.2475
v 0.7836 		1.1812 		2.2478
v 0.8069 		1.1816 		2.2481
v 0.8301 		1.182 		2.2483
v 0.8534 		1.1823 		2.2485
v 0.8767 		1.1825 		2.2487
v 0.9001 		1.1826 		2.2488
v 0.9237 		1.1827 		2.2488
v 0.9476 		1.1826 		2.2488
v 0.9716 		1.1825 		2.2487
v 0.996 		1.1823 		2.2486
v 1.0208 		1.182 		2.2483
v 1.0459 		1.1815 		2.248
v 1.0715 		1.181 		2.2476
v 1.0976 		1.1803 		2.2472
v 1.1243 		1.1796 		2.2466
v 1.1515 		1.1786 		2.246
v 1.1794 		1.1776 		2.2452
v 1.208 		1.1764 		2.2444
v 1.2373 		1.1751 		2.2434
v 1.2675 		1.1736 		2.2424
v 1.2984 		1.172 		2.2412
v 1.3294 		1.1704 		2.24
v 1.3596 		1.1688 		2.2389
v 1.389 		1.1674 		2.2379
v 1.4176 		1.1661 		2.237
v 1.4455 		1.1648 		2.2361
v 1.4726 		1.1636 		2.2352
v 1.499 		1.1624 		2.2343
v 1.5247 		1.1613 		2.2335
v 1.5497 		1.1601 		2.2327
v 1.574 		1.159 		2.2319
v 1.5977 		1.1578 		2.231
v 1.6207 		1.1565 		2.2301
v 1.6431 		1.1552 		2.2292
v 1.6649 		1.1538 		2.2282
v 1.686 		1.1523 		2.2271
v 1.7066 		1.1507 		2.2259
v 1.7267 		1.149 		2.2247
v 1.7462 		1.1471 		2.2234
v 1.7651 		1.1451 		2.2219
v 1.7836 		1.1428 		2.2203
v 1.8015 		1.1404 		2.2185
v 1.819 		1.1378 		2.2167
v 1.836 		1.1349 		2.2146
v 1.8525 		1.1318 		2.2124
v 1.8687 		1.1284 		2.2099
v 1.8844 		1.1247 		2.2073
v 1.8997 		1.1207 		2.2045
v 1.9146 		1.1165 		2.2014
v 1.9291 		1.1118 		2.1981
v 1.9433 		1.1069 		2.1945
v 1.9572 		1.1016 		2.1907
v 1.9707 		1.0958 		2.1866
v 1.984 		1.0897 		2.1822
v 1.9969 		1.0832 		2.1775
v 2.0096 		1.0762 		2.1726
v 2.022 		1.0688 		2.1673
v 2.0342 		1.061 		2.1616
v 2.0462 		1.0526 		2.1556
v 2.058 		1.0438 		2.1493
v 2.0696 		1.0344 		2.1426
v 2.081 		1.0245 		2.1355
v 2.0922 		1.014 		2.128
v 2.1033 		1.003 		2.1201
v 2.1143 		0.9914 		2.1118
v 2.1252 		0.9792 		2.103
v 2.136 		0.9664 		2.0938
v 2.1467 		0.953 		2.0842
v 2.1573 		0.9389 		2.0741
v 2.1684 		0.924 		2.0635
v 2.1803 		0.9084 		2.0522
v 2.1928 		0.892 		2.0405
v 2.206 		0.8748 		2.0282
v 2.2198 		0.857 		2.0154
v 2.234 		0.8386 		2.0022
v 2.2486 		0.8195 		1.9885
v 2.2635 		0.7999 		1.9745
v 2.2786 		0.7797 		1.96
v 2.2938 		0.7591 		1.9452
v 2.3091 		0.738 		1.9301
v 2.3244 		0.7165 		1.9147
v 2.3396 		0.6946 		1.899
v 2.3545 		0.6724 		1.8831
v 2.3692 		0.6499 		1.867
v 2.3835 		0.6272 		1.8507
v 2.3974 		0.6043 		1.8343
v 2.4108 		0.5812 		1.8177
v 2.4235 		0.5579 		1.8011
v 2.4356 		0.5346 		1.7843
v 2.4469 		0.5112 		1.7676
v 2.4573 		0.4879 		1.7508
v 2.4668 		0.4645 		1.7341
v 2.4753 		0.4412 		1.7174
v 2.4826 		0.4181 		1.7008
v 2.4888 		0.395 		1.6843
v 2.4937 		0.3722 		1.6679
v 2.4973 		0.3496 		1.6517
v 2.4994 		0.3272 		1.6357
v 2.5 		0.3052 		1.6199
v 2.499 		0.2835 		1.6044
v 2.4963 		0.2622 		1.5891
v 2.4919 		0.2413 		1.5741
v 2.4856 		0.2209 		1.5595
v 2.4774 		0.201 		1.5452
v 2.4672 		0.1817 		1.5314
v 2.4548 		0.1629 		1.5179
v 2.4403 		0.1447 		1.5049
v 2.4236 		0.1273 		1.4924
v 2.4045 		0.1105 		1.4803
v 2.3829 		0.0944 		1.4688
v 2.3589 		0.0792 		1.4579
v 2.3323 		0.0648 		1.4476
v 2.303 		0.0512 		1.4378
v 2.2709 		0.0385 		1.4288
v 2.236 		0.0268 		1.4204
v 2.1982 		0.0161 		1.4127
v 2.1573 		0.0063 		1.4057
v 2.1549 		0.0058 		1.4053
v 2.1524 		0.0053 		1.4049
v 2.1499 		0.0047 		1.4046
v 2.1473 		0.0042 		1.4042
v 2.1448 		0.0037 		1.4038
v 2.1422 		0.0032 		1.4034
v 2.1396 		0.0026 		1.403
v 2.137 		0.0021 		1.4027
v 2.1344 		0.0016 		1.4023
v 2.1318 		0.001 		1.4019
v 2.1291 		0.0005 		1.4015
v -2.1123 		0.0005 		1.4015
v -2.1146 		0.001 		1.4019
v -2.117 		0.0016 		1.4023
v -2.1193 		0.0021 		1.4027
v -2.1215 		0.0026 		1.403
v -2.1238 		0.0032 		1.4034
v -2.1261 		0.0037 		1.4038
v -2.1283 		0.0042 		1.4042
v -2.1306 		0.0047 		1.4045
v -2.1328 		0.0053 		1.4049
v -2.135 		0.0058 		1.4053
v -2.1372 		0.0057 		1.4064
v -2.1815 		0.0162 		1.4163
v -2.2225 		0.0279 		1.4272
v -2.2602 		0.0406 		1.4391
v -2.2947 		0.0543 		1.4518
v -2.3262 		0.0689 		1.4655
v -2.3547 		0.0845 		1.48
v -2.3803 		0.1008 		1.4953
v -2.4032 		0.118 		1.5114
v -2.4233 		0.136 		1.5282
v -2.4409 		0.1547 		1.5456
v -2.456 		0.174 		1.5637
v -2.4687 		0.194 		1.5824
v -2.4791 		0.2146 		1.6016
v -2.4873 		0.2357 		1.6213
v -2.4934 		0.2572 		1.6414
v -2.4975 		0.2792 		1.662
v -2.4997 		0.3016 		1.6829
v -2.5 		0.3244 		1.7042
v -2.4986 		0.3475 		1.7257
v -2.4956 		0.3708 		1.7475
v -2.4911 		0.3943 		1.7695
v -2.4851 		0.418 		1.7916
v -2.4777 		0.4418 		1.8138
v -2.4691 		0.4657 		1.8361
v -2.4594 		0.4896 		1.8585
v -2.4486 		0.5135 		1.8808
v -2.4369 		0.5373 		1.903
v -2.4243 		0.561 		1.9252
v -2.4109 		0.5845 		1.9472
v -2.3968 		0.6079 		1.969
v -2.3822 		0.631 		1.9905
v -2.367 		0.6538 		2.0118
v -2.3515 		0.6762 		2.0328
v -2.3357 		0.6983 		2.0534
v -2.3197 		0.7199 		2.0736
v -2.3036 		0.7411 		2.0934
v -2.2875 		0.7617 		2.1127
v -2.2715 		0.7818 		2.1314
v -2.2556 		0.8012 		2.1495
v -2.2401 		0.82 		2.1671
v -2.2249 		0.838 		2.184
v -2.2102 		0.8553 		2.2001
v -2.1961 		0.8718 		2.2155
v -2.1826 		0.8875 		2.2302
v -2.1699 		0.9022 		2.2439
v -2.158 		0.9161 		2.2568
v -2.1471 		0.9289 		2.2688
v -2.1372 		0.9407 		2.2799
v -2.1278 		0.9516 		2.2901
v -2.1182 		0.9619 		2.2997
v -2.1083 		0.9716 		2.3087
v -2.0982 		0.9806 		2.3171
v -2.0878 		0.9891 		2.325
v -2.0772 		0.9969 		2.3324
v -2.0663 		1.0042 		2.3392
v -2.0551 		1.011 		2.3455
v -2.0437 		1.0172 		2.3513
v -2.0319 		1.023 		2.3567
v -2.0199 		1.0282 		2.3616
v -2.0075 		1.033 		2.3661
v -1.9948 		1.0373 		2.3701
v -1.9818 		1.0412 		2.3737
v -1.9685 		1.0447 		2.377
v -1.9548 		1.0478 		2.3799
v -1.9407 		1.0505 		2.3824
v -1.9263 		1.0528 		2.3846
v -1.9115 		1.0548 		2.3864
v -1.8963 		1.0565 		2.388
v -1.8807 		1.0578 		2.3893
v -1.8647 		1.0589 		2.3903
v -1.8484 		1.0597 		2.391
v -1.8315 		1.0602 		2.3915
v -1.8143 		1.0606 		2.3918
v -1.7966 		1.0607 		2.3919
v -1.7785 		1.0606 		2.3918
v -1.7599 		1.0603 		2.3916
v -1.7408 		1.0598 		2.3911
v -1.7213 		1.0593 		2.3906
v -1.7013 		1.0585 		2.3899
v -1.6808 		1.0577 		2.3892
v -1.6598 		1.0568 		2.3883
v -1.6383 		1.0558 		2.3874
v -1.6162 		1.0548 		2.3864
v -1.5937 		1.0537 		2.3854
v -1.5706 		1.0526 		2.3844
v -1.5469 		1.0515 		2.3834
v -1.5227 		1.0504 		2.3824
v -1.4979 		1.0494 		2.3814
v -1.4726 		1.0484 		2.3805
v -1.4467 		1.0475 		2.3796
v -1.4201 		1.0467 		2.3789
v -1.393 		1.046 		2.3782
v -1.3653 		1.0454 		2.3777
v -1.3369 		1.045 		2.3772
v -1.3079 		1.0447 		2.377
v -1.2783 		1.0446 		2.3769
v -1.249 		1.0446 		2.3769
v -1.2208 		1.0446 		2.3769
v -1.1937 		1.0445 		2.3768
v -1.1676 		1.0445 		2.3768
v -1.1425 		1.0444 		2.3767
v -1.1183 		1.0443 		2.3767
v -1.0949 		1.0443 		2.3766
v -1.0724 		1.0442 		2.3765
v -1.0505 		1.0441 		2.3764
v -1.0293 		1.044 		2.3763
v -1.0086 		1.0438 		2.3762
v -0.9885 		1.0437 		2.3761
v -0.9688 		1.0436 		2.3759
v -0.9496 		1.0434 		2.3758
v -0.9306 		1.0433 		2.3757
v -0.912 		1.0431 		2.3755
v -0.8935 		1.043 		2.3754
v -0.8752 		1.0428 		2.3752
v -0.857 		1.0426 		2.3751
v -0.8387 		1.0425 		2.3749
v -0.8204 		1.0423 		2.3748
v -0.8021 		1.0421 		2.3746
v -0.7835 		1.0419 		2.3744
v -0.7647 		1.0418 		2.3743
v -0.7456 		1.0416 		2.3741
v -0.7261 		1.0414 		2.3739
v -0.7062 		1.0412 		2.3738
v -0.6858 		1.0411 		2.3736
v -0.6649 		1.0409 		2.3734
v -0.6433 		1.0407 		2.3733
v -0.621 		1.0406 		2.3731
v -0.598 		1.0404 		2.373
v -0.5742 		1.0402 		2.3728
v -0.5495 		1.0401 		2.3727
v -0.5239 		1.04 		2.3726
v -0.4973 		1.0398 		2.3724
v -0.4696 		1.0397 		2.3723
v -0.4408 		1.0396 		2.3722
v -0.4108 		1.0395 		2.3721
v -0.3795 		1.0393 		2.372
v -0.347 		1.0393 		2.3719
v -0.313 		1.0392 		2.3718
v -0.2776 		1.0391 		2.3718
v -0.2407 		1.039 		2.3717
v -0.2022 		1.039 		2.3717
v -0.1621 		1.039 		2.3716
v -0.1203 		1.0389 		2.3716
v -0.0767 		1.0389 		2.3716
v -0.033 		1.039 		2.3717
v 0.0094 		1.0391 		2.3718
v 0.0504 		1.0393 		2.3719
v 0.0902 		1.0395 		2.3722
v 0.1287 		1.0398 		2.3724
v 0.166 		1.0402 		2.3728
v 0.2022 		1.0406 		2.3732
v 0.2373 		1.041 		2.3736
v 0.2713 		1.0415 		2.374
v 0.3044 		1.0421 		2.3745
v 0.3365 		1.0426 		2.3751
v 0.3677 		1.0432 		2.3756
v 0.398 		1.0439 		2.3762
v 0.4275 		1.0445 		2.3768
v 0.4563 		1.0451 		2.3774
v 0.4844 		1.0458 		2.378
v 0.5118 		1.0465 		2.3787
v 0.5386 		1.0471 		2.3793
v 0.5648 		1.0478 		2.3799
v 0.5905 		1.0484 		2.3805
v 0.6158 		1.0491 		2.3811
v 0.6406 		1.0497 		2.3817
v 0.6651 		1.0503 		2.3822
v 0.6892 		1.0509 		2.3828
v 0.7131 		1.0514 		2.3833
v 0.7368 		1.0519 		2.3837
v 0.7603 		1.0524 		2.3842
v 0.7836 		1.0528 		2.3846
v 0.8069 		1.0532 		2.3849
v 0.8301 		1.0535 		2.3852
v 0.8534 		1.0537 		2.3854
v 0.8767 		1.0539 		2.3856
v 0.9001 		1.054 		2.3857
v 0.9237 		1.0541 		2.3858
v 0.9476 		1.0541 		2.3858
v 0.9716 		1.054 		2.3857
v 0.996 		1.0538 		2.3855
v 1.0208 		1.0535 		2.3852
v 1.0459 		1.0531 		2.3848
v 1.0715 		1.0526 		2.3844
v 1.0976 		1.052 		2.3838
v 1.1243 		1.0513 		2.3832
v 1.1515 		1.0505 		2.3824
v 1.1794 		1.0496 		2.3816
v 1.208 		1.0485 		2.3806
v 1.2373 		1.0474 		2.3795
v 1.2675 		1.046 		2.3783
v 1.2984 		1.0446 		2.3769
v 1.3294 		1.0431 		2.3755
v 1.3596 		1.0418 		2.3743
v 1.389 		1.0405 		2.3731
v 1.4176 		1.0393 		2.372
v 1.4455 		1.0382 		2.3709
v 1.4726 		1.0371 		2.3699
v 1.499 		1.0361 		2.3689
v 1.5247 		1.035 		2.368
v 1.5497 		1.034 		2.367
v 1.574 		1.033 		2.3661
v 1.5977 		1.0319 		2.3651
v 1.6207 		1.0308 		2.364
v 1.6431 		1.0296 		2.3629
v 1.6649 		1.0284 		2.3618
v 1.686 		1.0271 		2.3605
v 1.7066 		1.0256 		2.3592
v 1.7267 		1.0241 		2.3578
v 1.7462 		1.0224 		2.3562
v 1.7651 		1.0206 		2.3545
v 1.7836 		1.0186 		2.3526
v 1.8015 		1.0164 		2.3506
v 1.819 		1.0141 		2.3484
v 1.836 		1.0115 		2.346
v 1.8525 		1.0087 		2.3434
v 1.8687 		1.0057 		2.3406
v 1.8844 		1.0024 		2.3375
v 1.8997 		0.9989 		2.3342
v 1.9146 		0.9951 		2.3307
v 1.9291 		0.991 		2.3268
v 1.9433 		0.9866 		2.3227
v 1.9572 		0.9818 		2.3183
v 1.9707 		0.9767 		2.3135
v 1.984 		0.9713 		2.3084
v 1.9969 		0.9654 		2.303
v 2.0096 		0.9592 		2.2972
v 2.022 		0.9526 		2.291
v 2.0342 		0.9456 		2.2845
v 2.0462 		0.9382 		2.2775
v 2.058 		0.9303 		2.2701
v 2.0696 		0.9219 		2.2623
v 2.081 		0.9131 		2.2541
v 2.0922 		0.9038 		2.2454
v 2.1033 		0.894 		2.2362
v 2.1143 		0.8836 		2.2266
v 2.1252 		0.8728 		2.2164
v 2.136 		0.8614 		2.2057
v 2.1467 		0.8494 		2.1945
v 2.1573 		0.8368 		2.1828
v 2.1684 		0.8236 		2.1704
v 2.1803 		0.8096 		2.1574
v 2.1928 		0.795 		2.1438
v 2.206 		0.7797 		2.1295
v 2.2198 		0.7639 		2.1147
v 2.234 		0.7474 		2.0993
v 2.2486 		0.7304 		2.0834
v 2.2635 		0.7129 		2.0671
v 2.2786 		0.6949 		2.0503
v 2.2938 		0.6765 		2.0331
v 2.3091 		0.6577 		2.0155
v 2.3244 		0.6386 		1.9976
v 2.3396 		0.6191 		1.9794
v 2.3545 		0.5993 		1.961
v 2.3692 		0.5793 		1.9423
v 2.3835 		0.559 		1.9233
v 2.3974 		0.5386 		1.9042
v 2.4108 		0.518 		1.885
v 2.4235 		0.4973 		1.8657
v 2.4356 		0.4765 		1.8462
v 2.4469 		0.4557 		1.8268
v 2.4573 		0.4348 		1.8073
v 2.4668 		0.414 		1.7879
v 2.4753 		0.3933 		1.7685
v 2.4826 		0.3726 		1.7492
v 2.4888 		0.3521 		1.73
v 2.4937 		0.3317 		1.711
v 2.4973 		0.3116 		1.6922
v 2.4994 		0.2917 		1.6736
v 2.5 		0.272 		1.6552
v 2.499 		0.2527 		1.6372
v 2.4963 		0.2337 		1.6195
v 2.4919 		0.2151 		1.6021
v 2.4856 		0.1969 		1.5851
v 2.4774 		0.1792 		1.5685
v 2.4672 		0.1619 		1.5524
v 2.4548 		0.1452 		1.5368
v 2.4403 		0.129 		1.5217
v 2.4236 		0.1134 		1.5071
v 2.4045 		0.0985 		1.4931
v 2.3829 		0.0842 		1.4798
v 2.3589 		0.0706 		1.4671
v 2.3323 		0.0577 		1.4551
v 2.303 		0.0456 		1.4438
v 2.2709 		0.0343 		1.4332
v 2.236 		0.0239 		1.4235
v 2.1982 		0.0143 		1.4145
v 2.1573 		0.0057 		1.4064
v 2.1549 		0.0052 		1.406
v 2.1524 		0.0047 		1.4055
v 2.1499 		0.0042 		1.4051
v 2.1473 		0.0038 		1.4047
v 2.1448 		0.0033 		1.4042
v 2.1422 		0.0028 		1.4038
v 2.1396 		0.0023 		1.4033
v 2.137 		0.0019 		1.4029
v 2.1344 		0.0014 		1.4025
v 2.1318 		0.0009 		1.402
v 2.1291 		0.0005 		1.4016
v -2.1123 		0.0005 		1.4016
v -2.1146 		0.0009 		1.402
v -2.117 		0.0014 		1.4025
v -2.1193 		0.0019 		1.4029
v -2.1215 		0.0023 		1.4033
v -2.1238 		0.0028 		1.4038
v -2.1261 		0.0033 		1.4042
v -2.1283 		0.0038 		1.4047
v -2.1306 		0.0042 		1.4051
v -2.1328 		0.0047 		1.4055
v -2.135 		0.0052 		1.406
v -2.1372 		0.0049 		1.4071
v -2.1815 		0.014 		1.4182
v -2.2225 		0.024 		1.4304
v -2.2602 		0.0349 		1.4437
v -2.2947 		0.0467 		1.458
v -2.3262 		0.0593 		1.4734
v -2.3547 		0.0727 		1.4897
v -2.3803 		0.0868 		1.5068
v -2.4032 		0.1016 		1.5249
v -2.4233 		0.1171 		1.5437
v -2.4409 		0.1332 		1.5633
v -2.456 		0.1498 		1.5836
v -2.4687 		0.167 		1.6045
v -2.4791 		0.1847 		1.626
v -2.4873 		0.2029 		1.6481
v -2.4934 		0.2215 		1.6707
v -2.4975 		0.2404 		1.6938
v -2.4997 		0.2597 		1.7173
v -2.5 		0.2793 		1.7411
v -2.4986 		0.2991 		1.7653
v -2.4956 		0.3192 		1.7897
v -2.4911 		0.3395 		1.8144
v -2.4851 		0.3599 		1.8392
v -2.4777 		0.3803 		1.8642
v -2.4691 		0.4009 		1.8892
v -2.4594 		0.4215 		1.9142
v -2.4486 		0.442 		1.9393
v -2.4369 		0.4626 		1.9642
v -2.4243 		0.483 		1.9891
v -2.4109 		0.5032 		2.0138
v -2.3968 		0.5233 		2.0382
v -2.3822 		0.5432 		2.0624
v -2.367 		0.5628 		2.0863
v -2.3515 		0.5822 		2.1099
v -2.3357 		0.6012 		2.133
v -2.3197 		0.6198 		2.1557
v -2.3036 		0.638 		2.1778
v -2.2875 		0.6558 		2.1994
v -2.2715 		0.673 		2.2205
v -2.2556 		0.6898 		2.2408
v -2.2401 		0.7059 		2.2605
v -2.2249 		0.7215 		2.2794
v -2.2102 		0.7364 		2.2976
v -2.1961 		0.7506 		2.3149
v -2.1826 		0.7641 		2.3313
v -2.1699 		0.7768 		2.3467
v -2.158 		0.7887 		2.3612
v -2.1471 		0.7997 		2.3747
v -2.1372 		0.8099 		2.387
v -2.1278 		0.8193 		2.3985
v -2.1182 		0.8281 		2.4093
v -2.1083 		0.8364 		2.4194
v -2.0982 		0.8442 		2.4289
v -2.0878 		0.8515 		2.4377
v -2.0772 		0.8583 		2.446
v -2.0663 		0.8646 		2.4536
v -2.0551 		0.8704 		2.4607
v -2.0437 		0.8757 		2.4672
v -2.0319 		0.8807 		2.4732
v -2.0199 		0.8852 		2.4787
v -2.0075 		0.8893 		2.4837
v -1.9948 		0.893 		2.4883
v -1.9818 		0.8964 		2.4924
v -1.9685 		0.8994 		2.496
v -1.9548 		0.902 		2.4992
v -1.9407 		0.9044 		2.5021
v -1.9263 		0.9064 		2.5045
v -1.9115 		0.9081 		2.5066
v -1.8963 		0.9095 		2.5084
v -1.8807 		0.9107 		2.5098
v -1.8647 		0.9116 		2.5109
v -1.8484 		0.9123 		2.5117
v -1.8315 		0.9128 		2.5123
v -1.8143 		0.9131 		2.5127
v -1.7966 		0.9131 		2.5128
v -1.7785 		0.9131 		2.5127
v -1.7599 		0.9128 		2.5124
v -1.7408 		0.9124 		2.5119
v -1.7213 		0.9119 		2.5113
v -1.7013 		0.9113 		2.5105
v -1.6808 		0.9106 		2.5097
v -1.6598 		0.9098 		2.5087
v -1.6383 		0.909 		2.5077
v -1.6162 		0.9081 		2.5066
v -1.5937 		0.9072 		2.5055
v -1.5706 		0.9062 		2.5043
v -1.5469 		0.9053 		2.5032
v -1.5227 		0.9044 		2.5021
v -1.4979 		0.9035 		2.501
v -1.4726 		0.9026 		2.4999
v -1.4467 		0.9018 		2.499
v -1.4201 		0.9011 		2.4981
v -1.393 		0.9005 		2.4974
v -1.3653 		0.9 		2.4968
v -1.3369 		0.8996 		2.4963
v -1.3079 		0.8994 		2.496
v -1.2783 		0.8993 		2.4959
v -1.249 		0.8993 		2.4959
v -1.2208 		0.8993 		2.4959
v -1.1937 		0.8993 		2.4958
v -1.1676 		0.8992 		2.4958
v -1.1425 		0.8992 		2.4957
v -1.1183 		0.8991 		2.4957
v -1.0949 		0.899 		2.4956
v -1.0724 		0.8989 		2.4955
v -1.0505 		0.8989 		2.4954
v -1.0293 		0.8988 		2.4952
v -1.0086 		0.8987 		2.4951
v -0.9885 		0.8985 		2.495
v -0.9688 		0.8984 		2.4948
v -0.9496 		0.8983 		2.4947
v -0.9306 		0.8982 		2.4945
v -0.912 		0.898 		2.4944
v -0.8935 		0.8979 		2.4942
v -0.8752 		0.8978 		2.494
v -0.857 		0.8976 		2.4939
v -0.8387 		0.8975 		2.4937
v -0.8204 		0.8973 		2.4935
v -0.8021 		0.8972 		2.4933
v -0.7835 		0.897 		2.4931
v -0.7647 		0.8969 		2.4929
v -0.7456 		0.8967 		2.4928
v -0.7261 		0.8966 		2.4926
v -0.7062 		0.8964 		2.4924
v -0.6858 		0.8963 		2.4922
v -0.6649 		0.8961 		2.492
v -0.6433 		0.896 		2.4919
v -0.621 		0.8958 		2.4917
v -0.598 		0.8957 		2.4915
v -0.5742 		0.8956 		2.4914
v -0.5495 		0.8954 		2.4912
v -0.5239 		0.8953 		2.4911
v -0.4973 		0.8952 		2.4909
v -0.4696 		0.8951 		2.4908
v -0.4408 		0.895 		2.4906
v -0.4108 		0.8949 		2.4905
v -0.3795 		0.8948 		2.4904
v -0.347 		0.8947 		2.4903
v -0.313 		0.8946 		2.4902
v -0.2776 		0.8946 		2.4902
v -0.2407 		0.8945 		2.4901
v -0.2022 		0.8945 		2.49
v -0.1621 		0.8945 		2.49
v -0.1203 		0.8944 		2.49
v -0.0767 		0.8944 		2.49
v -0.033 		0.8945 		2.49
v 0.0094 		0.8946 		2.4901
v 0.0504 		0.8947 		2.4903
v 0.0902 		0.8949 		2.4906
v 0.1287 		0.8952 		2.4909
v 0.166 		0.8955 		2.4913
v 0.2022 		0.8959 		2.4917
v 0.2373 		0.8962 		2.4922
v 0.2713 		0.8967 		2.4927
v 0.3044 		0.8971 		2.4933
v 0.3365 		0.8976 		2.4939
v 0.3677 		0.8981 		2.4945
v 0.398 		0.8987 		2.4951
v 0.4275 		0.8992 		2.4958
v 0.4563 		0.8998 		2.4965
v 0.4844 		0.9003 		2.4972
v 0.5118 		0.9009 		2.4979
v 0.5386 		0.9015 		2.4986
v 0.5648 		0.9021 		2.4993
v 0.5905 		0.9026 		2.5
v 0.6158 		0.9032 		2.5006
v 0.6406 		0.9037 		2.5013
v 0.6651 		0.9042 		2.5019
v 0.6892 		0.9047 		2.5025
v 0.7131 		0.9052 		2.5031
v 0.7368 		0.9056 		2.5036
v 0.7603 		0.906 		2.5041
v 0.7836 		0.9064 		2.5045
v 0.8069 		0.9067 		2.5049
v 0.8301 		0.907 		2.5052
v 0.8534 		0.9072 		2.5055
v 0.8767 		0.9073 		2.5057
v 0.9001 		0.9075 		2.5058
v 0.9237 		0.9075 		2.5059
v 0.9476 		0.9075 		2.5059
v 0.9716 		0.9074 		2.5057
v 0.996 		0.9072 		2.5055
v 1.0208 		0.907 		2.5052
v 1.0459 		0.9066 		2.5048
v 1.0715 		0.9062 		2.5043
v 1.0976 		0.9057 		2.5037
v 1.1243 		0.9051 		2.503
v 1.1515 		0.9044 		2.5021
v 1.1794 		0.9036 		2.5011
v 1.208 		0.9027 		2.5
v 1.2373 		0.9017 		2.4988
v 1.2675 		0.9006 		2.4974
v 1.2984 		0.8993 		2.4959
v 1.3294 		0.898 		2.4944
v 1.3596 		0.8969 		2.493
v 1.389 		0.8958 		2.4916
v 1.4176 		0.8948 		2.4904
v 1.4455 		0.8938 		2.4892
v 1.4726 		0.8929 		2.4881
v 1.499 		0.892 		2.487
v 1.5247 		0.8911 		2.4859
v 1.5497 		0.8902 		2.4848
v 1.574 		0.8893 		2.4837
v 1.5977 		0.8884 		2.4826
v 1.6207 		0.8874 		2.4815
v 1.6431 		0.8864 		2.4802
v 1.6649 		0.8854 		2.4789
v 1.686 		0.8842 		2.4775
v 1.7066 		0.883 		2.476
v 1.7267 		0.8817 		2.4744
v 1.7462 		0.8802 		2.4727
v 1.7651 		0.8786 		2.4708
v 1.7836 		0.8769 		2.4687
v 1.8015 		0.8751 		2.4664
v 1.819 		0.873 		2.4639
v 1.836 		0.8708 		2.4613
v 1.8525 		0.8684 		2.4583
v 1.8687 		0.8658 		2.4552
v 1.8844 		0.863 		2.4517
v 1.8997 		0.86 		2.448
v 1.9146 		0.8567 		2.444
v 1.9291 		0.8531 		2.4397
v 1.9433 		0.8493 		2.4351
v 1.9572 		0.8453 		2.4301
v 1.9707 		0.8409 		2.4248
v 1.984 		0.8362 		2.4191
v 1.9969 		0.8312 		2.413
v 2.0096 		0.8258 		2.4065
v 2.022 		0.8202 		2.3996
v 2.0342 		0.8141 		2.3922
v 2.0462 		0.8077 		2.3844
v 2.058 		0.8009 		2.3761
v 2.0696 		0.7937 		2.3674
v 2.081 		0.7861 		2.3581
v 2.0922 		0.7781 		2.3484
v 2.1033 		0.7696 		2.3381
v 2.1143 		0.7607 		2.3272
v 2.1252 		0.7514 		2.3158
v 2.136 		0.7416 		2.3039
v 2.1467 		0.7312 		2.2913
v 2.1573 		0.7204 		2.2781
v 2.1684 		0.709 		2.2643
v 2.1803 		0.697 		2.2497
v 2.1928 		0.6844 		2.2343
v 2.206 		0.6713 		2.2183
v 2.2198 		0.6576 		2.2017
v 2.234 		0.6434 		2.1844
v 2.2486 		0.6288 		2.1666
v 2.2635 		0.6138 		2.1483
v 2.2786 		0.5983 		2.1295
v 2.2938 		0.5824 		2.1102
v 2.3091 		0.5663 		2.0905
v 2.3244 		0.5498 		2.0704
v 2.3396 		0.533 		2.05
v 2.3545 		0.516 		2.0293
v 2.3692 		0.4987 		2.0083
v 2.3835 		0.4813 		1.987
v 2.3974 		0.4637 		1.9656
v 2.4108 		0.4459 		1.944
v 2.4235 		0.4281 		1.9223
v 2.4356 		0.4102 		1.9005
v 2.4469 		0.3923 		1.8787
v 2.4573 		0.3743 		1.8569
v 2.4668 		0.3564 		1.835
v 2.4753 		0.3386 		1.8133
v 2.4826 		0.3208 		1.7917
v 2.4888 		0.3031 		1.7701
v 2.4937 		0.2856 		1.7488
v 2.4973 		0.2682 		1.7277
v 2.4994 		0.2511 		1.7068
v 2.5 		0.2342 		1.6862
v 2.499 		0.2175 		1.666
v 2.4963 		0.2012 		1.6461
v 2.4919 		0.1852 		1.6266
v 2.4856 		0.1695 		1.6075
v 2.4774 		0.1543 		1.5889
v 2.4672 		0.1394 		1.5708
v 2.4548 		0.125 		1.5533
v 2.4403 		0.1111 		1.5364
v 2.4236 		0.0977 		1.52
v 2.4045 		0.0848 		1.5044
v 2.3829 		0.0725 		1.4894
v 2.3589 		0.0608 		1.4751
v 2.3323 		0.0497 		1.4616
v 2.303 		0.0393 		1.449
v 2.2709 		0.0296 		1.4371
v 2.236 		0.0206 		1.4262
v 2.1982 		0.0123 		1.4162
v 2.1573 		0.0049 		1.4071
v 2.1549 		0.0045 		1.4066
v 2.1524 		0.004 		1.4061
v 2.1499 		0.0036 		1.4056
v 2.1473 		0.0032 		1.4051
v 2.1448 		0.0028 		1.4046
v 2.1422 		0.0024 		1.4041
v 2.1396 		0.002 		1.4036
v 2.137 		0.0016 		1.4031
v 2.1344 		0.0012 		1.4026
v 2.1318 		0.0008 		1.4021
v 2.1291 		0.0004 		1.4016
v -2.1123 		0.0004 		1.4016
v -2.1146 		0.0008 		1.4021
v -2.117 		0.0012 		1.4026
v -2.1193 		0.0016 		1.4031
v -2.1215 		0.002 		1.4036
v -2.1238 		0.0024 		1.4041
v -2.1261 		0.0028 		1.4046
v -2.1283 		0.0032 		1.4051
v -2.1306 		0.0036 		1.4056
v -2.1328 		0.004 		1.4061
v -2.135 		0.0045 		1.4066
v -2.1372 		0.004 		1.4076
v -2.1815 		0.0115 		1.4197
v -2.2225 		0.0197 		1.4331
v -2.2602 		0.0287 		1.4476
v -2.2947 		0.0384 		1.4632
v -2.3262 		0.0487 		1.48
v -2.3547 		0.0597 		1.4978
v -2.3803 		0.0713 		1.5165
v -2.4032 		0.0835 		1.5362
v -2.4233 		0.0962 		1.5567
v -2.4409 		0.1094 		1.5781
v -2.456 		0.1231 		1.6003
v -2.4687 		0.1372 		1.6231
v -2.4791 		0.1517 		1.6466
v -2.4873 		0.1666 		1.6707
v -2.4934 		0.1819 		1.6954
v -2.4975 		0.1975 		1.7206
v -2.4997 		0.2133 		1.7462
v -2.5 		0.2294 		1.7723
v -2.4986 		0.2457 		1.7987
v -2.4956 		0.2622 		1.8253
v -2.4911 		0.2788 		1.8522
v -2.4851 		0.2956 		1.8793
v -2.4777 		0.3124 		1.9066
v -2.4691 		0.3293 		1.9339
v -2.4594 		0.3462 		1.9612
v -2.4486 		0.3631 		1.9886
v -2.4369 		0.3799 		2.0158
v -2.4243 		0.3967 		2.0429
v -2.4109 		0.4133 		2.0699
v -2.3968 		0.4298 		2.0966
v -2.3822 		0.4462 		2.123
v -2.367 		0.4623 		2.1491
v -2.3515 		0.4782 		2.1748
v -2.3357 		0.4938 		2.2
v -2.3197 		0.5091 		2.2248
v -2.3036 		0.524 		2.249
v -2.2875 		0.5386 		2.2726
v -2.2715 		0.5528 		2.2955
v -2.2556 		0.5665 		2.3177
v -2.2401 		0.5798 		2.3392
v -2.2249 		0.5926 		2.3599
v -2.2102 		0.6048 		2.3797
v -2.1961 		0.6165 		2.3986
v -2.1826 		0.6275 		2.4165
v -2.1699 		0.638 		2.4333
v -2.158 		0.6478 		2.4492
v -2.1471 		0.6568 		2.4638
v -2.1372 		0.6652 		2.4773
v -2.1278 		0.6729 		2.4898
v -2.1182 		0.6802 		2.5016
v -2.1083 		0.687 		2.5127
v -2.0982 		0.6934 		2.523
v -2.0878 		0.6994 		2.5327
v -2.0772 		0.7049 		2.5417
v -2.0663 		0.7101 		2.55
v -2.0551 		0.7149 		2.5578
v -2.0437 		0.7193 		2.5649
v -2.0319 		0.7233 		2.5715
v -2.0199 		0.7271 		2.5775
v -2.0075 		0.7304 		2.5829
v -1.9948 		0.7335 		2.5879
v -1.9818 		0.7362 		2.5923
v -1.9685 		0.7387 		2.5963
v -1.9548 		0.7409 		2.5998
v -1.9407 		0.7428 		2.6029
v -1.9263 		0.7444 		2.6056
v -1.9115 		0.7458 		2.6079
v -1.8963 		0.747 		2.6098
v -1.8807 		0.748 		2.6113
v -1.8647 		0.7487 		2.6126
v -1.8484 		0.7493 		2.6135
v -1.8315 		0.7497 		2.6141
v -1.8143 		0.7499 		2.6145
v -1.7966 		0.75 		2.6146
v -1.7785 		0.7499 		2.6145
v -1.7599 		0.7497 		2.6141
v -1.7408 		0.7494 		2.6136
v -1.7213 		0.749 		2.613
v -1.7013 		0.7485 		2.6122
v -1.6808 		0.7479 		2.6112
v -1.6598 		0.7473 		2.6102
v -1.6383 		0.7466 		2.609
v -1.6162 		0.7458 		2.6079
v -1.5937 		0.7451 		2.6066
v -1.5706 		0.7443 		2.6054
v -1.5469 		0.7435 		2.6041
v -1.5227 		0.7428 		2.6029
v -1.4979 		0.742 		2.6017
v -1.4726 		0.7414 		2.6006
v -1.4467 		0.7407 		2.5995
v -1.4201 		0.7401 		2.5986
v -1.393 		0.7396 		2.5978
v -1.3653 		0.7392 		2.5971
v -1.3369 		0.7389 		2.5966
v -1.3079 		0.7387 		2.5963
v -1.2783 		0.7386 		2.5962
v -1.249 		0.7386 		2.5962
v -1.2208 		0.7386 		2.5962
v -1.1937 		0.7386 		2.5961
v -1.1676 		0.7386 		2.5961
v -1.1425 		0.7385 		2.596
v -1.1183 		0.7385 		2.5959
v -1.0949 		0.7384 		2.5958
v -1.0724 		0.7383 		2.5957
v -1.0505 		0.7383 		2.5956
v -1.0293 		0.7382 		2.5955
v -1.0086 		0.7381 		2.5953
v -0.9885 		0.738 		2.5952
v -0.9688 		0.7379 		2.595
v -0.9496 		0.7378 		2.5949
v -0.9306 		0.7377 		2.5947
v -0.912 		0.7376 		2.5945
v -0.8935 		0.7375 		2.5943
v -0.8752 		0.7374 		2.5941
v -0.857 		0.7373 		2.594
v -0.8387 		0.7371 		2.5938
v -0.8204 		0.737 		2.5936
v -0.8021 		0.7369 		2.5934
v -0.7835 		0.7368 		2.5932
v -0.7647 		0.7366 		2.593
v -0.7456 		0.7365 		2.5928
v -0.7261 		0.7364 		2.5926
v -0.7062 		0.7363 		2.5924
v -0.6858 		0.7361 		2.5922
v -0.6649 		0.736 		2.592
v -0.6433 		0.7359 		2.5918
v -0.621 		0.7358 		2.5916
v -0.598 		0.7357 		2.5914
v -0.5742 		0.7356 		2.5912
v -0.5495 		0.7355 		2.5911
v -0.5239 		0.7354 		2.5909
v -0.4973 		0.7353 		2.5907
v -0.4696 		0.7352 		2.5906
v -0.4408 		0.7351 		2.5904
v -0.4108 		0.735 		2.5903
v -0.3795 		0.7349 		2.5902
v -0.347 		0.7349 		2.5901
v -0.313 		0.7348 		2.59
v -0.2776 		0.7348 		2.5899
v -0.2407 		0.7347 		2.5898
v -0.2022 		0.7347 		2.5898
v -0.1621 		0.7347 		2.5898
v -0.1203 		0.7346 		2.5897
v -0.0767 		0.7346 		2.5897
v -0.033 		0.7347 		2.5898
v 0.0094 		0.7347 		2.5899
v 0.0504 		0.7349 		2.5901
v 0.0902 		0.735 		2.5904
v 0.1287 		0.7353 		2.5907
v 0.166 		0.7355 		2.5911
v 0.2022 		0.7358 		2.5916
v 0.2373 		0.7361 		2.5921
v 0.2713 		0.7365 		2.5927
v 0.3044 		0.7369 		2.5933
v 0.3365 		0.7373 		2.594
v 0.3677 		0.7377 		2.5946
v 0.398 		0.7381 		2.5954
v 0.4275 		0.7386 		2.5961
v 0.4563 		0.739 		2.5968
v 0.4844 		0.7395 		2.5976
v 0.5118 		0.74 		2.5983
v 0.5386 		0.7404 		2.5991
v 0.5648 		0.7409 		2.5999
v 0.5905 		0.7414 		2.6006
v 0.6158 		0.7418 		2.6013
v 0.6406 		0.7423 		2.602
v 0.6651 		0.7427 		2.6027
v 0.6892 		0.7431 		2.6034
v 0.7131 		0.7435 		2.604
v 0.7368 		0.7438 		2.6046
v 0.7603 		0.7441 		2.6051
v 0.7836 		0.7444 		2.6056
v 0.8069 		0.7447 		2.606
v 0.8301 		0.7449 		2.6064
v 0.8534 		0.7451 		2.6067
v 0.8767 		0.7452 		2.6069
v 0.9001 		0.7453 		2.607
v 0.9237 		0.7454 		2.6071
v 0.9476 		0.7453 		2.607
v 0.9716 		0.7453 		2.6069
v 0.996 		0.7451 		2.6067
v 1.0208 		0.7449 		2.6064
v 1.0459 		0.7447 		2.6059
v 1.0715 		0.7443 		2.6054
v 1.0976 		0.7439 		2.6047
v 1.1243 		0.7434 		2.6039
v 1.1515 		0.7428 		2.603
v 1.1794 		0.7422 		2.6019
v 1.208 		0.7414 		2.6007
v 1.2373 		0.7406 		2.5994
v 1.2675 		0.7397 		2.5979
v 1.2984 		0.7386 		2.5962
v 1.3294 		0.7376 		2.5945
v 1.3596 		0.7366 		2.593
v 1.389 		0.7358 		2.5915
v 1.4176 		0.7349 		2.5902
v 1.4455 		0.7341 		2.5889
v 1.4726 		0.7334 		2.5876
v 1.499 		0.7326 		2.5865
v 1.5247 		0.7319 		2.5853
v 1.5497 		0.7312 		2.5841
v 1.574 		0.7304 		2.5829
v 1.5977 		0.7297 		2.5817
v 1.6207 		0.7289 		2.5804
v 1.6431 		0.7281 		2.5791
v 1.6649 		0.7272 		2.5777
v 1.686 		0.7262 		2.5761
v 1.7066 		0.7252 		2.5745
v 1.7267 		0.7241 		2.5727
v 1.7462 		0.723 		2.5708
v 1.7651 		0.7217 		2.5687
v 1.7836 		0.7203 		2.5665
v 1.8015 		0.7187 		2.564
v 1.819 		0.7171 		2.5613
v 1.836 		0.7152 		2.5584
v 1.8525 		0.7133 		2.5552
v 1.8687 		0.7111 		2.5517
v 1.8844 		0.7088 		2.548
v 1.8997 		0.7063 		2.5439
v 1.9146 		0.7036 		2.5396
v 1.9291 		0.7007 		2.5349
v 1.9433 		0.6976 		2.5298
v 1.9572 		0.6942 		2.5244
v 1.9707 		0.6906 		2.5185
v 1.984 		0.6868 		2.5123
v 1.9969 		0.6827 		2.5057
v 2.0096 		0.6783 		2.4986
v 2.022 		0.6736 		2.491
v 2.0342 		0.6687 		2.483
v 2.0462 		0.6634 		2.4745
v 2.058 		0.6578 		2.4654
v 2.0696 		0.6519 		2.4559
v 2.081 		0.6457 		2.4458
v 2.0922 		0.6391 		2.4351
v 2.1033 		0.6321 		2.4239
v 2.1143 		0.6248 		2.4121
v 2.1252 		0.6171 		2.3996
v 2.136 		0.6091 		2.3866
v 2.1467 		0.6006 		2.3729
v 2.1573 		0.5917 		2.3585
v 2.1684 		0.5824 		2.3433
v 2.1803 		0.5725 		2.3274
v 2.1928 		0.5622 		2.3107
v 2.206 		0.5514 		2.2932
v 2.2198 		0.5401 		2.275
v 2.234 		0.5285 		2.2562
v 2.2486 		0.5165 		2.2368
v 2.2635 		0.5041 		2.2167
v 2.2786 		0.4914 		2.1962
v 2.2938 		0.4784 		2.1751
v 2.3091 		0.4651 		2.1536
v 2.3244 		0.4515 		2.1317
v 2.3396 		0.4378 		2.1094
v 2.3545 		0.4238 		2.0868
v 2.3692 		0.4096 		2.0639
v 2.3835 		0.3953 		2.0407
v 2.3974 		0.3808 		2.0173
v 2.4108 		0.3663 		1.9937
v 2.4235 		0.3516 		1.9701
v 2.4356 		0.3369 		1.9463
v 2.4469 		0.3222 		1.9224
v 2.4573 		0.3075 		1.8986
v 2.4668 		0.2927 		1.8748
v 2.4753 		0.2781 		1.8511
v 2.4826 		0.2635 		1.8274
v 2.4888 		0.249 		1.8039
v 2.4937 		0.2346 		1.7807
v 2.4973 		0.2203 		1.7576
v 2.4994 		0.2062 		1.7348
v 2.5 		0.1923 		1.7124
v 2.499 		0.1787 		1.6902
v 2.4963 		0.1653 		1.6685
v 2.4919 		0.1521 		1.6472
v 2.4856 		0.1392 		1.6264
v 2.4774 		0.1267 		1.6061
v 2.4672 		0.1145 		1.5864
v 2.4548 		0.1027 		1.5672
v 2.4403 		0.0912 		1.5487
v 2.4236 		0.0802 		1.5309
v 2.4045 		0.0696 		1.5138
v 2.3829 		0.0595 		1.4975
v 2.3589 		0.0499 		1.4819
v 2.3323 		0.0408 		1.4672
v 2.303 		0.0323 		1.4534
v 2.2709 		0.0243 		1.4404
v 2.236 		0.0169 		1.4285
v 2.1982 		0.0101 		1.4175
v 2.1573 		0.004 		1.4076
v 2.1549 		0.0037 		1.4071
v 2.1524 		0.0033 		1.4065
v 2.1499 		0.003 		1.406
v 2.1473 		0.0027 		1.4054
v 2.1448 		0.0023 		1.4049
v 2.1422 		0.002 		1.4044
v 2.1396 		0.0017 		1.4038
v 2.137 		0.0013 		1.4033
v 2.1344 		0.001 		1.4028
v 2.1318 		0.0007 		1.4022
v 2.1291 		0.0003 		1.4017
v -2.1123 		0.0003 		1.4017
v -2.1146 		0.0007 		1.4022
v -2.117 		0.001 		1.4028
v -2.1193 		0.0013 		1.4033
v -2.1215 		0.0017 		1.4038
v -2.1238 		0.002 		1.4044
v -2.1261 		0.0023 		1.4049
v -2.1283 		0.0027 		1.4054
v -2.1306 		0.003 		1.406
v -2.1328 		0.0033 		1.4065
v -2.135 		0.0037 		1.4071
v -2.1372 		0.0031 		1.4081
v -2.1815 		0.0088 		1.421
v -2.2225 		0.0151 		1.4352
v -2.2602 		0.022 		1.4507
v -2.2947 		0.0294 		1.4674
v -2.3262 		0.0373 		1.4853
v -2.3547 		0.0457 		1.5042
v -2.3803 		0.0546 		1.5242
v -2.4032 		0.0639 		1.5452
v -2.4233 		0.0736 		1.5671
v -2.4409 		0.0837 		1.5899
v -2.456 		0.0942 		1.6136
v -2.4687 		0.105 		1.6379
v -2.4791 		0.1161 		1.663
v -2.4873 		0.1275 		1.6888
v -2.4934 		0.1392 		1.7151
v -2.4975 		0.1511 		1.742
v -2.4997 		0.1633 		1.7693
v -2.5 		0.1756 		1.7971
v -2.4986 		0.188 		1.8252
v -2.4956 		0.2007 		1.8537
v -2.4911 		0.2134 		1.8824
v -2.4851 		0.2262 		1.9113
v -2.4777 		0.2391 		1.9403
v -2.4691 		0.252 		1.9695
v -2.4594 		0.265 		1.9987
v -2.4486 		0.2779 		2.0278
v -2.4369 		0.2908 		2.0569
v -2.4243 		0.3036 		2.0858
v -2.4109 		0.3163 		2.1146
v -2.3968 		0.329 		2.143
v -2.3822 		0.3415 		2.1712
v -2.367 		0.3538 		2.199
v -2.3515 		0.366 		2.2265
v -2.3357 		0.3779 		2.2534
v -2.3197 		0.3896 		2.2798
v -2.3036 		0.4011 		2.3056
v -2.2875 		0.4122 		2.3308
v -2.2715 		0.4231 		2.3553
v -2.2556 		0.4336 		2.379
v -2.2401 		0.4438 		2.4019
v -2.2249 		0.4535 		2.4239
v -2.2102 		0.4629 		2.445
v -2.1961 		0.4718 		2.4652
v -2.1826 		0.4803 		2.4843
v -2.1699 		0.4883 		2.5023
v -2.158 		0.4958 		2.5192
v -2.1471 		0.5027 		2.5348
v -2.1372 		0.5091 		2.5492
v -2.1278 		0.515 		2.5626
v -2.1182 		0.5206 		2.5751
v -2.1083 		0.5258 		2.5869
v -2.0982 		0.5307 		2.5979
v -2.0878 		0.5353 		2.6082
v -2.0772 		0.5395 		2.6178
v -2.0663 		0.5435 		2.6268
v -2.0551 		0.5471 		2.635
v -2.0437 		0.5505 		2.6426
v -2.0319 		0.5536 		2.6496
v -2.0199 		0.5565 		2.656
v -2.0075 		0.559 		2.6619
v -1.9948 		0.5614 		2.6671
v -1.9818 		0.5635 		2.6719
v -1.9685 		0.5654 		2.6761
v -1.9548 		0.567 		2.6799
v -1.9407 		0.5685 		2.6832
v -1.9263 		0.5698 		2.686
v -1.9115 		0.5708 		2.6885
v -1.8963 		0.5717 		2.6905
v -1.8807 		0.5725 		2.6922
v -1.8647 		0.5731 		2.6935
v -1.8484 		0.5735 		2.6945
v -1.8315 		0.5738 		2.6951
v -1.8143 		0.574 		2.6955
v -1.7966 		0.574 		2.6956
v -1.7785 		0.574 		2.6955
v -1.7599 		0.5738 		2.6952
v -1.7408 		0.5736 		2.6946
v -1.7213 		0.5733 		2.6939
v -1.7013 		0.5729 		2.6931
v -1.6808 		0.5724 		2.692
v -1.6598 		0.5719 		2.6909
v -1.6383 		0.5714 		2.6897
v -1.6162 		0.5708 		2.6885
v -1.5937 		0.5703 		2.6872
v -1.5706 		0.5697 		2.6858
v -1.5469 		0.5691 		2.6845
v -1.5227 		0.5685 		2.6832
v -1.4979 		0.5679 		2.6819
v -1.4726 		0.5674 		2.6807
v -1.4467 		0.5669 		2.6796
v -1.4201 		0.5665 		2.6786
v -1.393 		0.5661 		2.6777
v -1.3653 		0.5658 		2.677
v -1.3369 		0.5655 		2.6765
v -1.3079 		0.5654 		2.6761
v -1.2783 		0.5653 		2.676
v -1.249 		0.5653 		2.676
v -1.2208 		0.5653 		2.676
v -1.1937 		0.5653 		2.676
v -1.1676 		0.5653 		2.6759
v -1.1425 		0.5652 		2.6758
v -1.1183 		0.5652 		2.6757
v -1.0949 		0.5652 		2.6756
v -1.0724 		0.5651 		2.6755
v -1.0505 		0.565 		2.6754
v -1.0293 		0.565 		2.6753
v -1.0086 		0.5649 		2.6751
v -0.9885 		0.5648 		2.675
v -0.9688 		0.5648 		2.6748
v -0.9496 		0.5647 		2.6746
v -0.9306 		0.5646 		2.6744
v -0.912 		0.5645 		2.6742
v -0.8935 		0.5644 		2.674
v -0.8752 		0.5644 		2.6738
v -0.857 		0.5643 		2.6736
v -0.8387 		0.5642 		2.6734
v -0.8204 		0.5641 		2.6732
v -0.8021 		0.564 		2.673
v -0.7835 		0.5639 		2.6728
v -0.7647 		0.5638 		2.6726
v -0.7456 		0.5637 		2.6724
v -0.7261 		0.5636 		2.6721
v -0.7062 		0.5635 		2.6719
v -0.6858 		0.5634 		2.6717
v -0.6649 		0.5633 		2.6715
v -0.6433 		0.5632 		2.6713
v -0.621 		0.5631 		2.6711
v -0.598 		0.5631 		2.6709
v -0.5742 		0.563 		2.6707
v -0.5495 		0.5629 		2.6705
v -0.5239 		0.5628 		2.6704
v -0.4973 		0.5627 		2.6702
v -0.4696 		0.5627 		2.67
v -0.4408 		0.5626 		2.6699
v -0.4108 		0.5625 		2.6698
v -0.3795 		0.5625 		2.6696
v -0.347 		0.5624 		2.6695
v -0.313 		0.5624 		2.6694
v -0.2776 		0.5624 		2.6693
v -0.2407 		0.5623 		2.6693
v -0.2022 		0.5623 		2.6692
v -0.1621 		0.5623 		2.6692
v -0.1203 		0.5623 		2.6691
v -0.0767 		0.5623 		2.6691
v -0.033 		0.5623 		2.6692
v 0.0094 		0.5623 		2.6693
v 0.0504 		0.5624 		2.6695
v 0.0902 		0.5626 		2.6698
v 0.1287 		0.5627 		2.6702
v 0.166 		0.5629 		2.6706
v 0.2022 		0.5632 		2.6711
v 0.2373 		0.5634 		2.6717
v 0.2713 		0.5637 		2.6723
v 0.3044 		0.564 		2.673
v 0.3365 		0.5643 		2.6736
v 0.3677 		0.5646 		2.6744
v 0.398 		0.5649 		2.6751
v 0.4275 		0.5653 		2.6759
v 0.4563 		0.5656 		2.6767
v 0.4844 		0.566 		2.6775
v 0.5118 		0.5663 		2.6783
v 0.5386 		0.5667 		2.6791
v 0.5648 		0.5671 		2.6799
v 0.5905 		0.5674 		2.6807
v 0.6158 		0.5678 		2.6815
v 0.6406 		0.5681 		2.6823
v 0.6651 		0.5684 		2.683
v 0.6892 		0.5687 		2.6837
v 0.7131 		0.569 		2.6844
v 0.7368 		0.5693 		2.685
v 0.7603 		0.5695 		2.6855
v 0.7836 		0.5698 		2.6861
v 0.8069 		0.57 		2.6865
v 0.8301 		0.5701 		2.6869
v 0.8534 		0.5703 		2.6872
v 0.8767 		0.5704 		2.6874
v 0.9001 		0.5704 		2.6876
v 0.9237 		0.5705 		2.6876
v 0.9476 		0.5705 		2.6876
v 0.9716 		0.5704 		2.6875
v 0.996 		0.5703 		2.6872
v 1.0208 		0.5701 		2.6869
v 1.0459 		0.5699 		2.6864
v 1.0715 		0.5697 		2.6858
v 1.0976 		0.5694 		2.6851
v 1.1243 		0.569 		2.6843
v 1.1515 		0.5685 		2.6833
v 1.1794 		0.568 		2.6821
v 1.208 		0.5675 		2.6808
v 1.2373 		0.5668 		2.6794
v 1.2675 		0.5661 		2.6778
v 1.2984 		0.5653 		2.676
v 1.3294 		0.5645 		2.6742
v 1.3596 		0.5638 		2.6726
v 1.389 		0.5631 		2.6711
v 1.4176 		0.5625 		2.6696
v 1.4455 		0.5619 		2.6682
v 1.4726 		0.5613 		2.6669
v 1.499 		0.5607 		2.6656
v 1.5247 		0.5602 		2.6644
v 1.5497 		0.5596 		2.6631
v 1.574 		0.559 		2.6619
v 1.5977 		0.5585 		2.6606
v 1.6207 		0.5579 		2.6592
v 1.6431 		0.5572 		2.6578
v 1.6649 		0.5566 		2.6563
v 1.686 		0.5558 		2.6546
v 1.7066 		0.5551 		2.6529
v 1.7267 		0.5542 		2.651
v 1.7462 		0.5533 		2.649
v 1.7651 		0.5523 		2.6467
v 1.7836 		0.5513 		2.6443
v 1.8015 		0.5501 		2.6417
v 1.819 		0.5488 		2.6388
v 1.836 		0.5474 		2.6357
v 1.8525 		0.5459 		2.6323
v 1.8687 		0.5443 		2.6286
v 1.8844 		0.5425 		2.6246
v 1.8997 		0.5406 		2.6203
v 1.9146 		0.5385 		2.6156
v 1.9291 		0.5363 		2.6106
v 1.9433 		0.5339 		2.6052
v 1.9572 		0.5313 		2.5994
v 1.9707 		0.5286 		2.5932
v 1.984 		0.5256 		2.5865
v 1.9969 		0.5225 		2.5794
v 2.0096 		0.5191 		2.5719
v 2.022 		0.5156 		2.5638
v 2.0342 		0.5118 		2.5553
v 2.0462 		0.5077 		2.5462
v 2.058 		0.5035 		2.5365
v 2.0696 		0.499 		2.5263
v 2.081 		0.4942 		2.5156
v 2.0922 		0.4891 		2.5042
v 2.1033 		0.4838 		2.4922
v 2.1143 		0.4782 		2.4796
v 2.1252 		0.4723 		2.4663
v 2.136 		0.4662 		2.4524
v 2.1467 		0.4597 		2.4378
v 2.1573 		0.4529 		2.4224
v 2.1684 		0.4457 		2.4063
v 2.1803 		0.4382 		2.3893
v 2.1928 		0.4303 		2.3714
v 2.206 		0.422 		2.3528
v 2.2198 		0.4134 		2.3334
v 2.234 		0.4045 		2.3133
v 2.2486 		0.3953 		2.2926
v 2.2635 		0.3858 		2.2712
v 2.2786 		0.3761 		2.2493
v 2.2938 		0.3661 		2.2268
v 2.3091 		0.356 		2.2039
v 2.3244 		0.3456 		2.1805
v 2.3396 		0.3351 		2.1567
v 2.3545 		0.3243 		2.1326
v 2.3692 		0.3135 		2.1081
v 2.3835 		0.3025 		2.0834
v 2.3974 		0.2915 		2.0585
v 2.4108 		0.2803 		2.0333
v 2.4235 		0.2691 		2.0081
v 2.4356 		0.2579 		1.9827
v 2.4469 		0.2466 		1.9573
v 2.4573 		0.2353 		1.9318
v 2.4668 		0.2241 		1.9064
v 2.4753 		0.2128 		1.8811
v 2.4826 		0.2017 		1.8559
v 2.4888 		0.1905 		1.8309
v 2.4937 		0.1795 		1.806
v 2.4973 		0.1686 		1.7814
v 2.4994 		0.1578 		1.7571
v 2.5 		0.1472 		1.7331
v 2.499 		0.1368 		1.7096
v 2.4963 		0.1265 		1.6864
v 2.4919 		0.1164 		1.6637
v 2.4856 		0.1066 		1.6415
v 2.4774 		0.097 		1.6198
v 2.4672 		0.0876 		1.5988
v 2.4548 		0.0786 		1.5783
v 2.4403 		0.0698 		1.5586
v 2.4236 		0.0614 		1.5396
v 2.4045 		0.0533 		1.5213
v 2.3829 		0.0456 		1.5039
v 2.3589 		0.0382 		1.4873
v 2.3323 		0.0312 		1.4716
v 2.303 		0.0247 		1.4568
v 2.2709 		0.0186 		1.4431
v 2.236 		0.0129 		1.4303
v 2.1982 		0.0077 		1.4186
v 2.1573 		0.0031 		1.4081
v 2.1549 		0.0028 		1.4075
v 2.1524 		0.0025 		1.4069
v 2.1499 		0.0023 		1.4063
v 2.1473 		0.002 		1.4057
v 2.1448 		0.0018 		1.4052
v 2.1422 		0.0015 		1.4046
v 2.1396 		0.0013 		1.404
v 2.137 		0.001 		1.4034
v 2.1344 		0.0008 		1.4029
v 2.1318 		0.0005 		1.4023
v -2.1146 		0.0005 		1.4023
v -2.117 		0.0008 		1.4029
v -2.1193 		0.001 		1.4034
v -2.1215 		0.0013 		1.404
v -2.1238 		0.0015 		1.4046
v -2.1261 		0.0018 		1.4052
v -2.1283 		0.002 		1.4057
v -2.1306 		0.0023 		1.4063
v -2.1328 		0.0025 		1.4069
v -2.135 		0.0028 		1.4075
v -2.1372 		0.0021 		1.4084
v -2.1815 		0.0059 		1.4219
v -2.2225 		0.0102 		1.4367
v -2.2602 		0.0149 		1.4529
v -2.2947 		0.0199 		1.4704
v -2.3262 		0.0252 		1.4891
v -2.3547 		0.0309 		1.5089
v -2.3803 		0.0369 		1.5298
v -2.4032 		0.0432 		1.5518
v -2.4233 		0.0498 		1.5747
v -2.4409 		0.0566 		1.5985
v -2.456 		0.0637 		1.6232
v -2.4687 		0.071 		1.6487
v -2.4791 		0.0785 		1.6749
v -2.4873 		0.0863 		1.7018
v -2.4934 		0.0942 		1.7294
v -2.4975 		0.1022 		1.7575
v -2.4997 		0.1104 		1.7861
v -2.5 		0.1187 		1.8151
v -2.4986 		0.1272 		1.8445
v -2.4956 		0.1357 		1.8743
v -2.4911 		0.1443 		1.9043
v -2.4851 		0.153 		1.9345
v -2.4777 		0.1617 		1.9649
v -2.4691 		0.1704 		1.9954
v -2.4594 		0.1792 		2.0259
v -2.4486 		0.1879 		2.0563
v -2.4369 		0.1967 		2.0867
v -2.4243 		0.2053 		2.117
v -2.4109 		0.214 		2.147
v -2.3968 		0.2225 		2.1768
v -2.3822 		0.231 		2.2063
v -2.367 		0.2393 		2.2354
v -2.3515 		0.2475 		2.264
v -2.3357 		0.2556 		2.2922
v -2.3197 		0.2635 		2.3198
v -2.3036 		0.2713 		2.3468
v -2.2875 		0.2788 		2.3731
v -2.2715 		0.2861 		2.3987
v -2.2556 		0.2933 		2.4235
v -2.2401 		0.3001 		2.4474
v -2.2249 		0.3067 		2.4705
v -2.2102 		0.3131 		2.4926
v -2.1961 		0.3191 		2.5136
v -2.1826 		0.3248 		2.5336
v -2.1699 		0.3302 		2.5524
v -2.158 		0.3353 		2.5701
v -2.1471 		0.34 		2.5864
v -2.1372 		0.3443 		2.6015
v -2.1278 		0.3483 		2.6154
v -2.1182 		0.3521 		2.6286
v -2.1083 		0.3556 		2.6409
v -2.0982 		0.3589 		2.6524
v -2.0878 		0.362 		2.6632
v -2.0772 		0.3649 		2.6732
v -2.0663 		0.3676 		2.6825
v -2.0551 		0.37 		2.6912
v -2.0437 		0.3723 		2.6991
v -2.0319 		0.3744 		2.7065
v -2.0199 		0.3763 		2.7131
v -2.0075 		0.3781 		2.7192
v -1.9948 		0.3797 		2.7248
v -1.9818 		0.3811 		2.7297
v -1.9685 		0.3824 		2.7342
v -1.9548 		0.3835 		2.7381
v -1.9407 		0.3845 		2.7415
v -1.9263 		0.3853 		2.7445
v -1.9115 		0.3861 		2.7471
v -1.8963 		0.3867 		2.7492
v -1.8807 		0.3872 		2.7509
v -1.8647 		0.3876 		2.7523
v -1.8484 		0.3879 		2.7533
v -1.8315 		0.3881 		2.754
v -1.8143 		0.3882 		2.7544
v -1.7966 		0.3882 		2.7546
v -1.7785 		0.3882 		2.7544
v -1.7599 		0.3881 		2.7541
v -1.7408 		0.3879 		2.7535
v -1.7213 		0.3877 		2.7528
v -1.7013 		0.3875 		2.7518
v -1.6808 		0.3872 		2.7508
v -1.6598 		0.3868 		2.7496
v -1.6383 		0.3865 		2.7484
v -1.6162 		0.3861 		2.7471
v -1.5937 		0.3857 		2.7457
v -1.5706 		0.3853 		2.7443
v -1.5469 		0.3849 		2.7429
v -1.5227 		0.3845 		2.7415
v -1.4979 		0.3841 		2.7402
v -1.4726 		0.3838 		2.739
v -1.4467 		0.3834 		2.7378
v -1.4201 		0.3831 		2.7367
v -1.393 		0.3829 		2.7358
v -1.3653 		0.3826 		2.7351
v -1.3369 		0.3825 		2.7345
v -1.3079 		0.3824 		2.7342
v -1.2783 		0.3823 		2.7341
v -1.249 		0.3823 		2.734
v -1.2208 		0.3823 		2.734
v -1.1937 		0.3823 		2.734
v -1.1676 		0.3823 		2.7339
v -1.1425 		0.3823 		2.7338
v -1.1183 		0.3823 		2.7337
v -1.0949 		0.3822 		2.7336
v -1.0724 		0.3822 		2.7335
v -1.0505 		0.3822 		2.7334
v -1.0293 		0.3821 		2.7332
v -1.0086 		0.3821 		2.7331
v -0.9885 		0.382 		2.7329
v -0.9688 		0.382 		2.7327
v -0.9496 		0.3819 		2.7326
v -0.9306 		0.3819 		2.7324
v -0.912 		0.3818 		2.7322
v -0.8935 		0.3818 		2.732
v -0.8752 		0.3817 		2.7318
v -0.857 		0.3816 		2.7316
v -0.8387 		0.3816 		2.7313
v -0.8204 		0.3815 		2.7311
v -0.8021 		0.3814 		2.7309
v -0.7835 		0.3814 		2.7307
v -0.7647 		0.3813 		2.7304
v -0.7456 		0.3812 		2.7302
v -0.7261 		0.3812 		2.73
v -0.7062 		0.3811 		2.7298
v -0.6858 		0.3811 		2.7295
v -0.6649 		0.381 		2.7293
v -0.6433 		0.3809 		2.7291
v -0.621 		0.3809 		2.7289
v -0.598 		0.3808 		2.7287
v -0.5742 		0.3808 		2.7285
v -0.5495 		0.3807 		2.7283
v -0.5239 		0.3806 		2.7281
v -0.4973 		0.3806 		2.728
v -0.4696 		0.3806 		2.7278
v -0.4408 		0.3805 		2.7276
v -0.4108 		0.3805 		2.7275
v -0.3795 		0.3804 		2.7274
v -0.347 		0.3804 		2.7272
v -0.313 		0.3804 		2.7271
v -0.2776 		0.3803 		2.727
v -0.2407 		0.3803 		2.727
v -0.2022 		0.3803 		2.7269
v -0.1621 		0.3803 		2.7269
v -0.1203 		0.3803 		2.7268
v -0.0767 		0.3803 		2.7268
v -0.033 		0.3803 		2.7269
v 0.0094 		0.3803 		2.727
v 0.0504 		0.3804 		2.7273
v 0.0902 		0.3805 		2.7276
v 0.1287 		0.3806 		2.728
v 0.166 		0.3807 		2.7284
v 0.2022 		0.3809 		2.7289
v 0.2373 		0.381 		2.7295
v 0.2713 		0.3812 		2.7302
v 0.3044 		0.3814 		2.7308
v 0.3365 		0.3816 		2.7316
v 0.3677 		0.3818 		2.7323
v 0.398 		0.3821 		2.7331
v 0.4275 		0.3823 		2.7339
v 0.4563 		0.3825 		2.7348
v 0.4844 		0.3828 		2.7356
v 0.5118 		0.383 		2.7364
v 0.5386 		0.3833 		2.7373
v 0.5648 		0.3835 		2.7381
v 0.5905 		0.3838 		2.739
v 0.6158 		0.384 		2.7398
v 0.6406 		0.3842 		2.7406
v 0.6651 		0.3844 		2.7413
v 0.6892 		0.3846 		2.7421
v 0.7131 		0.3848 		2.7428
v 0.7368 		0.385 		2.7434
v 0.7603 		0.3852 		2.744
v 0.7836 		0.3854 		2.7445
v 0.8069 		0.3855 		2.745
v 0.8301 		0.3856 		2.7454
v 0.8534 		0.3857 		2.7457
v 0.8767 		0.3858 		2.746
v 0.9001 		0.3858 		2.7461
v 0.9237 		0.3858 		2.7462
v 0.9476 		0.3858 		2.7461
v 0.9716 		0.3858 		2.746
v 0.996 		0.3857 		2.7458
v 1.0208 		0.3856 		2.7454
v 1.0459 		0.3855 		2.7449
v 1.0715 		0.3853 		2.7443
v 1.0976 		0.3851 		2.7435
v 1.1243 		0.3848 		2.7426
v 1.1515 		0.3845 		2.7416
v 1.1794 		0.3842 		2.7404
v 1.208 		0.3838 		2.7391
v 1.2373 		0.3834 		2.7376
v 1.2675 		0.3829 		2.7359
v 1.2984 		0.3823 		2.7341
v 1.3294 		0.3818 		2.7322
v 1.3596 		0.3813 		2.7305
v 1.389 		0.3809 		2.7288
v 1.4176 		0.3804 		2.7273
v 1.4455 		0.38 		2.7259
v 1.4726 		0.3796 		2.7245
v 1.499 		0.3792 		2.7232
v 1.5247 		0.3789 		2.7219
v 1.5497 		0.3785 		2.7206
v 1.574 		0.3781 		2.7192
v 1.5977 		0.3777 		2.7179
v 1.6207 		0.3773 		2.7165
v 1.6431 		0.3769 		2.715
v 1.6649 		0.3764 		2.7134
v 1.686 		0.3759 		2.7117
v 1.7066 		0.3754 		2.7099
v 1.7267 		0.3748 		2.7079
v 1.7462 		0.3742 		2.7057
v 1.7651 		0.3736 		2.7034
v 1.7836 		0.3728 		2.7009
v 1.8015 		0.372 		2.6981
v 1.819 		0.3712 		2.6951
v 1.836 		0.3702 		2.6918
v 1.8525 		0.3692 		2.6883
v 1.8687 		0.3681 		2.6844
v 1.8844 		0.3669 		2.6803
v 1.8997 		0.3656 		2.6758
v 1.9146 		0.3642 		2.6709
v 1.9291 		0.3627 		2.6656
v 1.9433 		0.3611 		2.66
v 1.9572 		0.3594 		2.6539
v 1.9707 		0.3575 		2.6474
v 1.984 		0.3555 		2.6405
v 1.9969 		0.3534 		2.6331
v 2.0096 		0.3511 		2.6252
v 2.022 		0.3487 		2.6167
v 2.0342 		0.3461 		2.6078
v 2.0462 		0.3434 		2.5983
v 2.058 		0.3405 		2.5882
v 2.0696 		0.3375 		2.5776
v 2.081 		0.3342 		2.5663
v 2.0922 		0.3308 		2.5544
v 2.1033 		0.3272 		2.5419
v 2.1143 		0.3234 		2.5287
v 2.1252 		0.3195 		2.5148
v 2.136 		0.3153 		2.5002
v 2.1467 		0.3109 		2.4849
v 2.1573 		0.3063 		2.4689
v 2.1684 		0.3014 		2.452
v 2.1803 		0.2963 		2.4342
v 2.1928 		0.291 		2.4156
v 2.206 		0.2854 		2.3961
v 2.2198 		0.2796 		2.3758
v 2.234 		0.2736 		2.3548
v 2.2486 		0.2673 		2.3331
v 2.2635 		0.2609 		2.3108
v 2.2786 		0.2544 		2.2879
v 2.2938 		0.2476 		2.2644
v 2.3091 		0.2407 		2.2404
v 2.3244 		0.2337 		2.216
v 2.3396 		0.2266 		2.1911
v 2.3545 		0.2194 		2.1659
v 2.3692 		0.212 		2.1403
v 2.3835 		0.2046 		2.1145
v 2.3974 		0.1971 		2.0884
v 2.4108 		0.1896 		2.0621
v 2.4235 		0.182 		2.0357
v 2.4356 		0.1744 		2.0092
v 2.4469 		0.1668 		1.9826
v 2.4573 		0.1592 		1.956
v 2.4668 		0.1515 		1.9294
v 2.4753 		0.1439 		1.9029
v 2.4826 		0.1364 		1.8766
v 2.4888 		0.1289 		1.8504
v 2.4937 		0.1214 		1.8244
v 2.4973 		0.114 		1.7987
v 2.4994 		0.1068 		1.7733
v 2.5 		0.0996 		1.7483
v 2.499 		0.0925 		1.7236
v 2.4963 		0.0855 		1.6994
v 2.4919 		0.0787 		1.6756
v 2.4856 		0.0721 		1.6524
v 2.4774 		0.0656 		1.6298
v 2.4672 		0.0593 		1.6078
v 2.4548 		0.0531 		1.5864
v 2.4403 		0.0472 		1.5658
v 2.4236 		0.0415 		1.5459
v 2.4045 		0.036 		1.5268
v 2.3829 		0.0308 		1.5086
v 2.3589 		0.0258 		1.4912
v 2.3323 		0.0211 		1.4748
v 2.303 		0.0167 		1.4594
v 2.2709 		0.0126 		1.445
v 2.236 		0.0087 		1.4316
v 2.1982 		0.0052 		1.4194
v 2.1573 		0.0021 		1.4084
v 2.1549 		0.0019 		1.4078
v 2.1524 		0.0017 		1.4072
v 2.1499 		0.0015 		1.4065
v 2.1473 		0.0014 		1.4059
v 2.1448 		0.0012 		1.4053
v 2.1422 		0.001 		1.4047
v 2.1396 		0.0009 		1.4041
v 2.137 		0.0007 		1.4035
v 2.1344 		0.0005 		1.4029
v 2.1318 		0.0003 		1.4023
v 2.1291 		0.0002 		1.4017
v -2.1123 		0.0002 		1.4017
v -2.1146 		0.0003 		1.4023
v -2.117 		0.0005 		1.4029
v -2.1193 		0.0007 		1.4035
v -2.1215 		0.0009 		1.4041
v -2.1238 		0.001 		1.4047
v -2.1261 		0.0012 		1.4053
v -2.1283 		0.0014 		1.4059
v -2.1306 		0.0015 		1.4065
v -2.1328 		0.0017 		1.4071
v -2.135 		0.0019 		1.4078
v -2.1372 		0.001 		1.4086
v -2.1815 		0.003 		1.4224
v -2.2225 		0.0051 		1.4377
v -2.2602 		0.0075 		1.4543
v -2.2947 		0.01 		1.4722
v -2.3262 		0.0127 		1.4914
v -2.3547 		0.0156 		1.5118
v -2.3803 		0.0186 		1.5332
v -2.4032 		0.0218 		1.5558
v -2.4233 		0.0251 		1.5793
v -2.4409 		0.0286 		1.6037
v -2.456 		0.0321 		1.6291
v -2.4687 		0.0358 		1.6553
v -2.4791 		0.0396 		1.6822
v -2.4873 		0.0435 		1.7098
v -2.4934 		0.0475 		1.738
v -2.4975 		0.0515 		1.7669
v -2.4997 		0.0557 		1.7962
v -2.5 		0.0599 		1.826
v -2.4986 		0.0641 		1.8562
v -2.4956 		0.0684 		1.8868
v -2.4911 		0.0728 		1.9176
v -2.4851 		0.0772 		1.9486
v -2.4777 		0.0816 		1.9798
v -2.4691 		0.086 		2.011
v -2.4594 		0.0904 		2.0424
v -2.4486 		0.0948 		2.0736
v -2.4369 		0.0992 		2.1048
v -2.4243 		0.1036 		2.1359
v -2.4109 		0.1079 		2.1667
v -2.3968 		0.1122 		2.1973
v -2.3822 		0.1165 		2.2275
v -2.367 		0.1207 		2.2574
v -2.3515 		0.1248 		2.2868
v -2.3357 		0.1289 		2.3157
v -2.3197 		0.1329 		2.344
v -2.3036 		0.1368 		2.3718
v -2.2875 		0.1406 		2.3988
v -2.2715 		0.1443 		2.425
v -2.2556 		0.1479 		2.4505
v -2.2401 		0.1514 		2.4751
v -2.2249 		0.1547 		2.4987
v -2.2102 		0.1579 		2.5214
v -2.1961 		0.1609 		2.543
v -2.1826 		0.1638 		2.5635
v -2.1699 		0.1665 		2.5828
v -2.158 		0.1691 		2.6009
v -2.1471 		0.1715 		2.6177
v -2.1372 		0.1736 		2.6332
v -2.1278 		0.1757 		2.6475
v -2.1182 		0.1776 		2.661
v -2.1083 		0.1793 		2.6736
v -2.0982 		0.181 		2.6855
v -2.0878 		0.1826 		2.6965
v -2.0772 		0.184 		2.7068
v -2.0663 		0.1854 		2.7164
v -2.0551 		0.1866 		2.7253
v -2.0437 		0.1878 		2.7334
v -2.0319 		0.1888 		2.7409
v -2.0199 		0.1898 		2.7478
v -2.0075 		0.1907 		2.7541
v -1.9948 		0.1915 		2.7597
v -1.9818 		0.1922 		2.7648
v -1.9685 		0.1928 		2.7694
v -1.9548 		0.1934 		2.7734
v -1.9407 		0.1939 		2.7769
v -1.9263 		0.1943 		2.78
v -1.9115 		0.1947 		2.7826
v -1.8963 		0.195 		2.7848
v -1.8807 		0.1953 		2.7866
v -1.8647 		0.1955 		2.788
v -1.8484 		0.1956 		2.789
v -1.8315 		0.1957 		2.7898
v -1.8143 		0.1958 		2.7902
v -1.7966 		0.1958 		2.7903
v -1.7785 		0.1958 		2.7902
v -1.7599 		0.1957 		2.7898
v -1.7408 		0.1956 		2.7892
v -1.7213 		0.1955 		2.7885
v -1.7013 		0.1954 		2.7875
v -1.6808 		0.1952 		2.7865
v -1.6598 		0.1951 		2.7853
v -1.6383 		0.1949 		2.784
v -1.6162 		0.1947 		2.7826
v -1.5937 		0.1945 		2.7812
v -1.5706 		0.1943 		2.7798
v -1.5469 		0.1941 		2.7783
v -1.5227 		0.1939 		2.7769
v -1.4979 		0.1937 		2.7756
v -1.4726 		0.1935 		2.7743
v -1.4467 		0.1934 		2.7731
v -1.4201 		0.1932 		2.772
v -1.393 		0.1931 		2.7711
v -1.3653 		0.193 		2.7703
v -1.3369 		0.1929 		2.7698
v -1.3079 		0.1928 		2.7694
v -1.2783 		0.1928 		2.7693
v -1.249 		0.1928 		2.7693
v -1.2208 		0.1928 		2.7692
v -1.1937 		0.1928 		2.7692
v -1.1676 		0.1928 		2.7691
v -1.1425 		0.1928 		2.769
v -1.1183 		0.1928 		2.7689
v -1.0949 		0.1928 		2.7688
v -1.0724 		0.1927 		2.7687
v -1.0505 		0.1927 		2.7686
v -1.0293 		0.1927 		2.7684
v -1.0086 		0.1927 		2.7683
v -0.9885 		0.1927 		2.7681
v -0.9688 		0.1926 		2.7679
v -0.9496 		0.1926 		2.7677
v -0.9306 		0.1926 		2.7675
v -0.912 		0.1926 		2.7673
v -0.8935 		0.1925 		2.7671
v -0.8752 		0.1925 		2.7669
v -0.857 		0.1925 		2.7667
v -0.8387 		0.1924 		2.7665
v -0.8204 		0.1924 		2.7663
v -0.8021 		0.1924 		2.766
v -0.7835 		0.1923 		2.7658
v -0.7647 		0.1923 		2.7656
v -0.7456 		0.1923 		2.7653
v -0.7261 		0.1922 		2.7651
v -0.7062 		0.1922 		2.7649
v -0.6858 		0.1922 		2.7646
v -0.6649 		0.1921 		2.7644
v -0.6433 		0.1921 		2.7642
v -0.621 		0.1921 		2.764
v -0.598 		0.192 		2.7638
v -0.5742 		0.192 		2.7636
v -0.5495 		0.192 		2.7634
v -0.5239 		0.192 		2.7632
v -0.4973 		0.1919 		2.763
v -0.4696 		0.1919 		2.7628
v -0.4408 		0.1919 		2.7627
v -0.4108 		0.1919 		2.7625
v -0.3795 		0.1919 		2.7624
v -0.347 		0.1918 		2.7623
v -0.313 		0.1918 		2.7622
v -0.2776 		0.1918 		2.7621
v -0.2407 		0.1918 		2.762
v -0.2022 		0.1918 		2.7619
v -0.1621 		0.1918 		2.7619
v -0.1203 		0.1918 		2.7619
v -0.0767 		0.1918 		2.7619
v -0.033 		0.1918 		2.7619
v 0.0094 		0.1918 		2.762
v 0.0504 		0.1918 		2.7623
v 0.0902 		0.1919 		2.7626
v 0.1287 		0.1919 		2.763
v 0.166 		0.192 		2.7635
v 0.2022 		0.1921 		2.764
v 0.2373 		0.1922 		2.7646
v 0.2713 		0.1923 		2.7653
v 0.3044 		0.1924 		2.766
v 0.3365 		0.1925 		2.7667
v 0.3677 		0.1926 		2.7675
v 0.398 		0.1927 		2.7683
v 0.4275 		0.1928 		2.7691
v 0.4563 		0.1929 		2.77
v 0.4844 		0.193 		2.7709
v 0.5118 		0.1932 		2.7717
v 0.5386 		0.1933 		2.7726
v 0.5648 		0.1934 		2.7735
v 0.5905 		0.1935 		2.7743
v 0.6158 		0.1937 		2.7752
v 0.6406 		0.1938 		2.776
v 0.6651 		0.1939 		2.7768
v 0.6892 		0.194 		2.7775
v 0.7131 		0.1941 		2.7782
v 0.7368 		0.1942 		2.7789
v 0.7603 		0.1943 		2.7795
v 0.7836 		0.1943 		2.78
v 0.8069 		0.1944 		2.7805
v 0.8301 		0.1945 		2.7809
v 0.8534 		0.1945 		2.7812
v 0.8767 		0.1945 		2.7815
v 0.9001 		0.1946 		2.7817
v 0.9237 		0.1946 		2.7817
v 0.9476 		0.1946 		2.7817
v 0.9716 		0.1946 		2.7815
v 0.996 		0.1945 		2.7813
v 1.0208 		0.1945 		2.7809
v 1.0459 		0.1944 		2.7804
v 1.0715 		0.1943 		2.7798
v 1.0976 		0.1942 		2.779
v 1.1243 		0.1941 		2.7781
v 1.1515 		0.1939 		2.777
v 1.1794 		0.1937 		2.7758
v 1.208 		0.1936 		2.7744
v 1.2373 		0.1933 		2.7729
v 1.2675 		0.1931 		2.7712
v 1.2984 		0.1928 		2.7693
v 1.3294 		0.1926 		2.7674
v 1.3596 		0.1923 		2.7656
v 1.389 		0.1921 		2.7639
v 1.4176 		0.1919 		2.7624
v 1.4455 		0.1916 		2.7609
v 1.4726 		0.1914 		2.7595
v 1.499 		0.1913 		2.7581
v 1.5247 		0.1911 		2.7568
v 1.5497 		0.1909 		2.7554
v 1.574 		0.1907 		2.7541
v 1.5977 		0.1905 		2.7527
v 1.6207 		0.1903 		2.7512
v 1.6431 		0.1901 		2.7497
v 1.6649 		0.1898 		2.748
v 1.686 		0.1896 		2.7463
v 1.7066 		0.1893 		2.7444
v 1.7267 		0.189 		2.7424
v 1.7462 		0.1887 		2.7402
v 1.7651 		0.1884 		2.7378
v 1.7836 		0.188 		2.7352
v 1.8015 		0.1876 		2.7324
v 1.819 		0.1872 		2.7293
v 1.836 		0.1867 		2.7259
v 1.8525 		0.1862 		2.7223
v 1.8687 		0.1856 		2.7183
v 1.8844 		0.185 		2.7141
v 1.8997 		0.1844 		2.7094
v 1.9146 		0.1837 		2.7044
v 1.9291 		0.1829 		2.699
v 1.9433 		0.1821 		2.6933
v 1.9572 		0.1812 		2.687
v 1.9707 		0.1803 		2.6804
v 1.984 		0.1793 		2.6732
v 1.9969 		0.1782 		2.6656
v 2.0096 		0.1771 		2.6575
v 2.022 		0.1759 		2.6488
v 2.0342 		0.1746 		2.6397
v 2.0462 		0.1732 		2.6299
v 2.058 		0.1717 		2.6196
v 2.0696 		0.1702 		2.6086
v 2.081 		0.1686 		2.5971
v 2.0922 		0.1668 		2.5849
v 2.1033 		0.165 		2.572
v 2.1143 		0.1631 		2.5585
v 2.1252 		0.1611 		2.5442
v 2.136 		0.159 		2.5293
v 2.1467 		0.1568 		2.5136
v 2.1573 		0.1545 		2.4971
v 2.1684 		0.152 		2.4798
v 2.1803 		0.1495 		2.4615
v 2.1928 		0.1468 		2.4424
v 2.206 		0.1439 		2.4224
v 2.2198 		0.141 		2.4016
v 2.234 		0.138 		2.38
v 2.2486 		0.1348 		2.3578
v 2.2635 		0.1316 		2.3349
v 2.2786 		0.1283 		2.3113
v 2.2938 		0.1249 		2.2872
v 2.3091 		0.1214 		2.2626
v 2.3244 		0.1179 		2.2375
v 2.3396 		0.1143 		2.212
v 2.3545 		0.1106 		2.1861
v 2.3692 		0.1069 		2.1598
v 2.3835 		0.1032 		2.1333
v 2.3974 		0.0994 		2.1065
v 2.4108 		0.0956 		2.0796
v 2.4235 		0.0918 		2.0524
v 2.4356 		0.088 		2.0252
v 2.4469 		0.0841 		1.9979
v 2.4573 		0.0803 		1.9706
v 2.4668 		0.0764 		1.9434
v 2.4753 		0.0726 		1.9162
v 2.4826 		0.0688 		1.8892
v 2.4888 		0.065 		1.8623
v 2.4937 		0.0612 		1.8356
v 2.4973 		0.0575 		1.8092
v 2.4994 		0.0538 		1.7831
v 2.5 		0.0502 		1.7574
v 2.499 		0.0466 		1.7321
v 2.4963 		0.0431 		1.7072
v 2.4919 		0.0397 		1.6829
v 2.4856 		0.0363 		1.659
v 2.4774 		0.0331 		1.6358
v 2.4672 		0.0299 		1.6132
v 2.4548 		0.0268 		1.5913
v 2.4403 		0.0238 		1.5701
v 2.4236 		0.0209 		1.5497
v 2.4045 		0.0182 		1.5301
v 2.3829 		0.0155 		1.5114
v 2.3589 		0.013 		1.4936
v 2.3323 		0.0107 		1.4768
v 2.303 		0.0084 		1.4609
v 2.2709 		0.0063 		1.4461
v 2.236 		0.0044 		1.4324
v 2.1982 		0.0026 		1.4199
v 2.1573 		0.001 		1.4086
v 2.1549 		0.001 		1.4079
v 2.1524 		0.0009 		1.4073
v 2.1499 		0.0008 		1.4067
v 2.1473 		0.0007 		1.4061
v 2.1448 		0.0006 		1.4054
v 2.1422 		0.0005 		1.4048
v 2.1396 		0.0004 		1.4042
v 2.137 		0.0003 		1.4036
v 2.1344 		0.0003 		1.403
v 2.1318 		0.0002 		1.4024
v -2.1146 		0.0002 		1.4024
v -2.117 		0.0003 		1.403
v -2.1193 		0.0003 		1.4036
v -2.1215 		0.0004 		1.4042
v -2.1238 		0.0005 		1.4048
v -2.1261 		0.0006 		1.4054
v -2.1283 		0.0007 		1.4061
v -2.1306 		0.0008 		1.4067
v -2.1328 		0.0009 		1.4073
v -2.135 		0.001 		1.4079
v -2.1372 		0 		1.4086
v -2.1815 		0 		1.4226
v -2.2225 		0 		1.438
v -2.2602 		0 		1.4548
v -2.2947 		0 		1.4729
v -2.3262 		0 		1.4922
v -2.3547 		0 		1.5127
v -2.3803 		0 		1.5344
v -2.4032 		0 		1.5571
v -2.4233 		0 		1.5808
v -2.4409 		0 		1.6055
v -2.456 		0 		1.6311
v -2.4687 		0 		1.6574
v -2.4791 		0 		1.6846
v -2.4873 		0 		1.7125
v -2.4934 		0 		1.741
v -2.4975 		0 		1.77
v -2.4997 		0 		1.7996
v -2.5 		0 		1.8297
v -2.4986 		0 		1.8602
v -2.4956 		0 		1.891
v -2.4911 		0 		1.922
v -2.4851 		0 		1.9533
v -2.4777 		0 		1.9848
v -2.4691 		0 		2.0163
v -2.4594 		0 		2.0479
v -2.4486 		0 		2.0794
v -2.4369 		0 		2.1109
v -2.4243 		0 		2.1422
v -2.4109 		0 		2.1733
v -2.3968 		0 		2.2042
v -2.3822 		0 		2.2347
v -2.367 		0 		2.2648
v -2.3515 		0 		2.2945
v -2.3357 		0 		2.3236
v -2.3197 		0 		2.3522
v -2.3036 		0 		2.3801
v -2.2875 		0 		2.4074
v -2.2715 		0 		2.4339
v -2.2556 		0 		2.4595
v -2.2401 		0 		2.4843
v -2.2249 		0 		2.5082
v -2.2102 		0 		2.5311
v -2.1961 		0 		2.5529
v -2.1826 		0 		2.5735
v -2.1699 		0 		2.593
v -2.158 		0 		2.6113
v -2.1471 		0 		2.6282
v -2.1372 		0 		2.6438
v -2.1278 		0 		2.6583
v -2.1182 		0 		2.6719
v -2.1083 		0 		2.6846
v -2.0982 		0 		2.6966
v -2.0878 		0 		2.7077
v -2.0772 		0 		2.7181
v -2.0663 		0 		2.7277
v -2.0551 		0 		2.7367
v -2.0437 		0 		2.7449
v -2.0319 		0 		2.7525
v -2.0199 		0 		2.7594
v -2.0075 		0 		2.7657
v -1.9948 		0 		2.7715
v -1.9818 		0 		2.7766
v -1.9685 		0 		2.7812
v -1.9548 		0 		2.7852
v -1.9407 		0 		2.7888
v -1.9263 		0 		2.7919
v -1.9115 		0 		2.7945
v -1.8963 		0 		2.7967
v -1.8807 		0 		2.7985
v -1.8647 		0 		2.8
v -1.8484 		0 		2.801
v -1.8315 		0 		2.8018
v -1.8143 		0 		2.8022
v -1.7966 		0 		2.8023
v -1.7785 		0 		2.8022
v -1.7599 		0 		2.8018
v -1.7408 		0 		2.8012
v -1.7213 		0 		2.8004
v -1.7013 		0 		2.7995
v -1.6808 		0 		2.7984
v -1.6598 		0 		2.7972
v -1.6383 		0 		2.7959
v -1.6162 		0 		2.7945
v -1.5937 		0 		2.7931
v -1.5706 		0 		2.7917
v -1.5469 		0 		2.7902
v -1.5227 		0 		2.7888
v -1.4979 		0 		2.7874
v -1.4726 		0 		2.7861
v -1.4467 		0 		2.7849
v -1.4201 		0 		2.7839
v -1.393 		0 		2.7829
v -1.3653 		0 		2.7821
v -1.3369 		0 		2.7816
v -1.3079 		0 		2.7812
v -1.2783 		0 		2.7811
v -1.249 		0 		2.7811
v -1.2208 		0 		2.781
v -1.1937 		0 		2.781
v -1.1676 		0 		2.7809
v -1.1425 		0 		2.7808
v -1.1183 		0 		2.7807
v -1.0949 		0 		2.7806
v -1.0724 		0 		2.7805
v -1.0505 		0 		2.7804
v -1.0293 		0 		2.7802
v -1.0086 		0 		2.7801
v -0.9885 		0 		2.7799
v -0.9688 		0 		2.7797
v -0.9496 		0 		2.7795
v -0.9306 		0 		2.7793
v -0.912 		0 		2.7791
v -0.8935 		0 		2.7789
v -0.8752 		0 		2.7787
v -0.857 		0 		2.7785
v -0.8387 		0 		2.7783
v -0.8204 		0 		2.778
v -0.8021 		0 		2.7778
v -0.7835 		0 		2.7776
v -0.7647 		0 		2.7773
v -0.7456 		0 		2.7771
v -0.7261 		0 		2.7769
v -0.7062 		0 		2.7766
v -0.6858 		0 		2.7764
v -0.6649 		0 		2.7762
v -0.6433 		0 		2.776
v -0.621 		0 		2.7757
v -0.598 		0 		2.7755
v -0.5742 		0 		2.7753
v -0.5495 		0 		2.7751
v -0.5239 		0 		2.7749
v -0.4973 		0 		2.7748
v -0.4696 		0 		2.7746
v -0.4408 		0 		2.7744
v -0.4108 		0 		2.7743
v -0.3795 		0 		2.7741
v -0.347 		0 		2.774
v -0.313 		0 		2.7739
v -0.2776 		0 		2.7738
v -0.2407 		0 		2.7737
v -0.2022 		0 		2.7737
v -0.1621 		0 		2.7736
v -0.1203 		0 		2.7736
v -0.0767 		0 		2.7736
v -0.033 		0 		2.7736
v 0.0094 		0 		2.7738
v 0.0504 		0 		2.774
v 0.0902 		0 		2.7744
v 0.1287 		0 		2.7748
v 0.166 		0 		2.7752
v 0.2022 		0 		2.7758
v 0.2373 		0 		2.7764
v 0.2713 		0 		2.777
v 0.3044 		0 		2.7777
v 0.3365 		0 		2.7785
v 0.3677 		0 		2.7793
v 0.398 		0 		2.7801
v 0.4275 		0 		2.7809
v 0.4563 		0 		2.7818
v 0.4844 		0 		2.7827
v 0.5118 		0 		2.7835
v 0.5386 		0 		2.7844
v 0.5648 		0 		2.7853
v 0.5905 		0 		2.7862
v 0.6158 		0 		2.787
v 0.6406 		0 		2.7878
v 0.6651 		0 		2.7886
v 0.6892 		0 		2.7894
v 0.7131 		0 		2.7901
v 0.7368 		0 		2.7908
v 0.7603 		0 		2.7914
v 0.7836 		0 		2.7919
v 0.8069 		0 		2.7924
v 0.8301 		0 		2.7928
v 0.8534 		0 		2.7932
v 0.8767 		0 		2.7934
v 0.9001 		0 		2.7936
v 0.9237 		0 		2.7936
v 0.9476 		0 		2.7936
v 0.9716 		0 		2.7935
v 0.996 		0 		2.7932
v 1.0208 		0 		2.7928
v 1.0459 		0 		2.7923
v 1.0715 		0 		2.7917
v 1.0976 		0 		2.7909
v 1.1243 		0 		2.79
v 1.1515 		0 		2.7889
v 1.1794 		0 		2.7877
v 1.208 		0 		2.7863
v 1.2373 		0 		2.7847
v 1.2675 		0 		2.783
v 1.2984 		0 		2.7811
v 1.3294 		0 		2.7791
v 1.3596 		0 		2.7773
v 1.389 		0 		2.7757
v 1.4176 		0 		2.7741
v 1.4455 		0 		2.7726
v 1.4726 		0 		2.7712
v 1.499 		0 		2.7698
v 1.5247 		0 		2.7685
v 1.5497 		0 		2.7671
v 1.574 		0 		2.7657
v 1.5977 		0 		2.7643
v 1.6207 		0 		2.7629
v 1.6431 		0 		2.7613
v 1.6649 		0 		2.7597
v 1.686 		0 		2.7579
v 1.7066 		0 		2.756
v 1.7267 		0 		2.754
v 1.7462 		0 		2.7518
v 1.7651 		0 		2.7494
v 1.7836 		0 		2.7467
v 1.8015 		0 		2.7439
v 1.819 		0 		2.7408
v 1.836 		0 		2.7374
v 1.8525 		0 		2.7337
v 1.8687 		0 		2.7297
v 1.8844 		0 		2.7254
v 1.8997 		0 		2.7207
v 1.9146 		0 		2.7157
v 1.9291 		0 		2.7102
v 1.9433 		0 		2.7044
v 1.9572 		0 		2.6981
v 1.9707 		0 		2.6914
v 1.984 		0 		2.6842
v 1.9969 		0 		2.6765
v 2.0096 		0 		2.6683
v 2.022 		0 		2.6596
v 2.0342 		0 		2.6503
v 2.0462 		0 		2.6405
v 2.058 		0 		2.6301
v 2.0696 		0 		2.6191
v 2.081 		0 		2.6074
v 2.0922 		0 		2.5951
v 2.1033 		0 		2.5821
v 2.1143 		0 		2.5685
v 2.1252 		0 		2.5541
v 2.136 		0 		2.539
v 2.1467 		0 		2.5232
v 2.1573 		0 		2.5066
v 2.1684 		0 		2.4891
v 2.1803 		0 		2.4707
v 2.1928 		0 		2.4514
v 2.206 		0 		2.4312
v 2.2198 		0 		2.4102
v 2.234 		0 		2.3885
v 2.2486 		0 		2.366
v 2.2635 		0 		2.3429
v 2.2786 		0 		2.3192
v 2.2938 		0 		2.2949
v 2.3091 		0 		2.27
v 2.3244 		0 		2.2447
v 2.3396 		0 		2.219
v 2.3545 		0 		2.1929
v 2.3692 		0 		2.1664
v 2.3835 		0 		2.1396
v 2.3974 		0 		2.1126
v 2.4108 		0 		2.0854
v 2.4235 		0 		2.0581
v 2.4356 		0 		2.0306
v 2.4469 		0 		2.0031
v 2.4573 		0 		1.9756
v 2.4668 		0 		1.9481
v 2.4753 		0 		1.9207
v 2.4826 		0 		1.8934
v 2.4888 		0 		1.8663
v 2.4937 		0 		1.8394
v 2.4973 		0 		1.8127
v 2.4994 		0 		1.7864
v 2.5 		0 		1.7605
v 2.499 		0 		1.735
v 2.4963 		0 		1.7099
v 2.4919 		0 		1.6853
v 2.4856 		0 		1.6613
v 2.4774 		0 		1.6378
v 2.4672 		0 		1.615
v 2.4548 		0 		1.5929
v 2.4403 		0 		1.5716
v 2.4236 		0 		1.551
v 2.4045 		0 		1.5312
v 2.3829 		0 		1.5124
v 2.3589 		0 		1.4944
v 2.3323 		0 		1.4774
v 2.303 		0 		1.4614
v 2.2709 		0 		1.4465
v 2.236 		0 		1.4327
v 2.1982 		0 		1.4201
v 2.1573 		0 		1.4086
v 2.1549 		0 		1.408
v 2.1524 		0 		1.4074
v 2.1499 		0 		1.4067
v 2.1473 		0 		1.4061
v 2.1448 		0 		1.4055
v 2.1422 		0 		1.4049
v 2.1396 		0 		1.4042
v 2.137 		0 		1.4036
v 2.1344 		0 		1.403
v 2.1318 		0 		1.4024
v 2.1291 		0 		1.4018
v -2.1123 		0 		1.4018
v -2.1146 		0 		1.4024
v -2.117 		0 		1.403
v -2.1193 		0 		1.4036
v -2.1215 		0 		1.4042
v -2.1238 		0 		1.4049
v -2.1261 		0 		1.4055
v -2.1283 		0 		1.4061
v -2.1306 		0 		1.4067
v -2.1328 		0 		1.4074
v -2.135 		0 		1.408
v -2.1372 		-0.001 		1.4086
v -2.1815 		-0.003 		1.4224
v -2.2225 		-0.0051 		1.4377
v -2.2602 		-0.0075 		1.4543
v -2.2947 		-0.01 		1.4722
v -2.3262 		-0.0127 		1.4914
v -2.3547 		-0.0156 		1.5118
v -2.3803 		-0.0186 		1.5332
v -2.4032 		-0.0218 		1.5558
v -2.4233 		-0.0251 		1.5793
v -2.4409 		-0.0286 		1.6037
v -2.456 		-0.0321 		1.6291
v -2.4687 		-0.0358 		1.6553
v -2.4791 		-0.0396 		1.6822
v -2.4873 		-0.0435 		1.7098
v -2.4934 		-0.0475 		1.738
v -2.4975 		-0.0515 		1.7669
v -2.4997 		-0.0557 		1.7962
v -2.5 		-0.0599 		1.826
v -2.4986 		-0.0641 		1.8562
v -2.4956 		-0.0684 		1.8868
v -2.4911 		-0.0728 		1.9176
v -2.4851 		-0.0772 		1.9486
v -2.4777 		-0.0816 		1.9798
v -2.4691 		-0.086 		2.011
v -2.4594 		-0.0904 		2.0424
v -2.4486 		-0.0948 		2.0736
v -2.4369 		-0.0992 		2.1048
v -2.4243 		-0.1036 		2.1359
v -2.4109 		-0.1079 		2.1667
v -2.3968 		-0.1122 		2.1973
v -2.3822 		-0.1165 		2.2275
v -2.367 		-0.1207 		2.2574
v -2.3515 		-0.1248 		2.2868
v -2.3357 		-0.1289 		2.3157
v -2.3197 		-0.1329 		2.344
v -2.3036 		-0.1368 		2.3718
v -2.2875 		-0.1406 		2.3988
v -2.2715 		-0.1443 		2.425
v -2.2556 		-0.1479 		2.4505
v -2.2401 		-0.1514 		2.4751
v -2.2249 		-0.1547 		2.4987
v -2.2102 		-0.1579 		2.5214
v -2.1961 		-0.1609 		2.543
v -2.1826 		-0.1638 		2.5635
v -2.1699 		-0.1665 		2.5828
v -2.158 		-0.1691 		2.6009
v -2.1471 		-0.1715 		2.6177
v -2.1372 		-0.1736 		2.6332
v -2.1278 		-0.1757 		2.6475
v -2.1182 		-0.1776 		2.661
v -2.1083 		-0.1793 		2.6736
v -2.0982 		-0.181 		2.6855
v -2.0878 		-0.1826 		2.6965
v -2.0772 		-0.184 		2.7068
v -2.0663 		-0.1854 		2.7164
v -2.0551 		-0.1866 		2.7253
v -2.0437 		-0.1878 		2.7334
v -2.0319 		-0.1888 		2.7409
v -2.0199 		-0.1898 		2.7478
v -2.0075 		-0.1907 		2.7541
v -1.9948 		-0.1915 		2.7597
v -1.9818 		-0.1922 		2.7648
v -1.9685 		-0.1928 		2.7694
v -1.9548 		-0.1934 		2.7734
v -1.9407 		-0.1939 		2.7769
v -1.9263 		-0.1943 		2.78
v -1.9115 		-0.1947 		2.7826
v -1.8963 		-0.195 		2.7848
v -1.8807 		-0.1953 		2.7866
v -1.8647 		-0.1955 		2.788
v -1.8484 		-0.1956 		2.789
v -1.8315 		-0.1957 		2.7898
v -1.8143 		-0.1958 		2.7902
v -1.7966 		-0.1958 		2.7903
v -1.7785 		-0.1958 		2.7902
v -1.7599 		-0.1957 		2.7898
v -1.7408 		-0.1956 		2.7892
v -1.7213 		-0.1955 		2.7885
v -1.7013 		-0.1954 		2.7875
v -1.6808 		-0.1952 		2.7865
v -1.6598 		-0.1951 		2.7853
v -1.6383 		-0.1949 		2.784
v -1.6162 		-0.1947 		2.7826
v -1.5937 		-0.1945 		2.7812
v -1.5706 		-0.1943 		2.7798
v -1.5469 		-0.1941 		2.7783
v -1.5227 		-0.1939 		2.7769
v -1.4979 		-0.1937 		2.7756
v -1.4726 		-0.1935 		2.7743
v -1.4467 		-0.1934 		2.7731
v -1.4201 		-0.1932 		2.772
v -1.393 		-0.1931 		2.7711
v -1.3653 		-0.193 		2.7703
v -1.3369 		-0.1929 		2.7698
v -1.3079 		-0.1928 		2.7694
v -1.2783 		-0.1928 		2.7693
v -1.249 		-0.1928 		2.7693
v -1.2208 		-0.1928 		2.7692
v -1.1937 		-0.1928 		2.7692
v -1.1676 		-0.1928 		2.7691
v -1.1425 		-0.1928 		2.769
v -1.1183 		-0.1928 		2.7689
v -1.0949 		-0.1928 		2.7688
v -1.0724 		-0.1927 		2.7687
v -1.0505 		-0.1927 		2.7686
v -1.0293 		-0.1927 		2.7684
v -1.0086 		-0.1927 		2.7683
v -0.9885 		-0.1927 		2.7681
v -0.9688 		-0.1926 		2.7679
v -0.9496 		-0.1926 		2.7677
v -0.9306 		-0.1926 		2.7675
v -0.912 		-0.1926 		2.7673
v -0.8935 		-0.1925 		2.7671
v -0.8752 		-0.1925 		2.7669
v -0.857 		-0.1925 		2.7667
v -0.8387 		-0.1924 		2.7665
v -0.8204 		-0.1924 		2.7663
v -0.8021 		-0.1924 		2.766
v -0.7835 		-0.1923 		2.7658
v -0.7647 		-0.1923 		2.7656
v -0.7456 		-0.1923 		2.7653
v -0.7261 		-0.1922 		2.7651
v -0.7062 		-0.1922 		2.7649
v -0.6858 		-0.1922 		2.7646
v -0.6649 		-0.1921 		2.7644
v -0.6433 		-0.1921 		2.7642
v -0.621 		-0.1921 		2.764
v -0.598 		-0.192 		2.7638
v -0.5742 		-0.192 		2.7636
v -0.5495 		-0.192 		2.7634
v -0.5239 		-0.192 		2.7632
v -0.4973 		-0.1919 		2.763
v -0.4696 		-0.1919 		2.7628
v -0.4408 		-0.1919 		2.7627
v -0.4108 		-0.1919 		2.7625
v -0.3795 		-0.1919 		2.7624
v -0.347 		-0.1918 		2.7623
v -0.313 		-0.1918 		2.7622
v -0.2776 		-0.1918 		2.7621
v -0.2407 		-0.1918 		2.762
v -0.2022 		-0.1918 		2.7619
v -0.1621 		-0.1918 		2.7619
v -0.1203 		-0.1918 		2.7619
v -0.0767 		-0.1918 		2.7619
v -0.033 		-0.1918 		2.7619
v 0.0094 		-0.1918 		2.762
v 0.0504 		-0.1918 		2.7623
v 0.0902 		-0.1919 		2.7626
v 0.1287 		-0.1919 		2.763
v 0.166 		-0.192 		2.7635
v 0.2022 		-0.1921 		2.764
v 0.2373 		-0.1922 		2.7646
v 0.2713 		-0.1923 		2.7653
v 0.3044 		-0.1924 		2.766
v 0.3365 		-0.1925 		2.7667
v 0.3677 		-0.1926 		2.7675
v 0.398 		-0.1927 		2.7683
v 0.4275 		-0.1928 		2.7691
v 0.4563 		-0.1929 		2.77
v 0.4844 		-0.193 		2.7709
v 0.5118 		-0.1932 		2.7717
v 0.5386 		-0.1933 		2.7726
v 0.5648 		-0.1934 		2.7735
v 0.5905 		-0.1935 		2.7743
v 0.6158 		-0.1937 		2.7752
v 0.6406 		-0.1938 		2.776
v 0.6651 		-0.1939 		2.7768
v 0.6892 		-0.194 		2.7775
v 0.7131 		-0.1941 		2.7782
v 0.7368 		-0.1942 		2.7789
v 0.7603 		-0.1943 		2.7795
v 0.7836 		-0.1943 		2.78
v 0.8069 		-0.1944 		2.7805
v 0.8301 		-0.1945 		2.7809
v 0.8534 		-0.1945 		2.7812
v 0.8767 		-0.1945 		2.7815
v 0.9001 		-0.1946 		2.7817
v 0.9237 		-0.1946 		2.7817
v 0.9476 		-0.1946 		2.7817
v 0.9716 		-0.1946 		2.7815
v 0.996 		-0.1945 		2.7813
v 1.0208 		-0.1945 		2.7809
v 1.0459 		-0.1944 		2.7804
v 1.0715 		-0.1943 		2.7798
v 1.0976 		-0.1942 		2.779
v 1.1243 		-0.1941 		2.7781
v 1.1515 		-0.1939 		2.777
v 1.1794 		-0.1937 		2.7758
v 1.208 		-0.1936 		2.7744
v 1.2373 		-0.1933 		2.7729
v 1.2675 		-0.1931 		2.7712
v 1.2984 		-0.1928 		2.7693
v 1.3294 		-0.1926 		2.7674
v 1.3596 		-0.1923 		2.7656
v 1.389 		-0.1921 		2.7639
v 1.4176 		-0.1919 		2.7624
v 1.4455 		-0.1916 		2.7609
v 1.4726 		-0.1914 		2.7595
v 1.499 		-0.1913 		2.7581
v 1.5247 		-0.1911 		2.7568
v 1.5497 		-0.1909 		2.7554
v 1.574 		-0.1907 		2.7541
v 1.5977 		-0.1905 		2.7527
v 1.6207 		-0.1903 		2.7512
v 1.6431 		-0.1901 		2.7497
v 1.6649 		-0.1898 		2.748
v 1.686 		-0.1896 		2.7463
v 1.7066 		-0.1893 		2.7444
v 1.7267 		-0.189 		2.7424
v 1.7462 		-0.1887 		2.7402
v 1.7651 		-0.1884 		2.7378
v 1.7836 		-0.188 		2.7352
v 1.8015 		-0.1876 		2.7324
v 1.819 		-0.1872 		2.7293
v 1.836 		-0.1867 		2.7259
v 1.8525 		-0.1862 		2.7223
v 1.8687 		-0.1856 		2.7183
v 1.8844 		-0.185 		2.7141
v 1.8997 		-0.1844 		2.7094
v 1.9146 		-0.1837 		2.7044
v 1.9291 		-0.1829 		2.699
v 1.9433 		-0.1821 		2.6933
v 1.9572 		-0.1812 		2.687
v 1.9707 		-0.1803 		2.6804
v 1.984 		-0.1793 		2.6732
v 1.9969 		-0.1782 		2.6656
v 2.0096 		-0.1771 		2.6575
v 2.022 		-0.1759 		2.6488
v 2.0342 		-0.1746 		2.6397
v 2.0462 		-0.1732 		2.6299
v 2.058 		-0.1717 		2.6196
v 2.0696 		-0.1702 		2.6086
v 2.081 		-0.1686 		2.5971
v 2.0922 		-0.1668 		2.5849
v 2.1033 		-0.165 		2.572
v 2.1143 		-0.1631 		2.5585
v 2.1252 		-0.1611 		2.5442
v 2.136 		-0.159 		2.5293
v 2.1467 		-0.1568 		2.5136
v 2.1573 		-0.1545 		2.4971
v 2.1684 		-0.152 		2.4798
v 2.1803 		-0.1495 		2.4615
v 2.1928 		-0.1468 		2.4424
v 2.206 		-0.1439 		2.4224
v 2.2198 		-0.141 		2.4016
v 2.234 		-0.138 		2.38
v 2.2486 		-0.1348 		2.3578
v 2.2635 		-0.1316 		2.3349
v 2.2786 		-0.1283 		2.3113
v 2.2938 		-0.1249 		2.2872
v 2.3091 		-0.1214 		2.2626
v 2.3244 		-0.1179 		2.2375
v 2.3396 		-0.1143 		2.212
v 2.3545 		-0.1106 		2.1861
v 2.3692 		-0.1069 		2.1598
v 2.3835 		-0.1032 		2.1333
v 2.3974 		-0.0994 		2.1065
v 2.4108 		-0.0956 		2.0796
v 2.4235 		-0.0918 		2.0524
v 2.4356 		-0.088 		2.0252
v 2.4469 		-0.0841 		1.9979
v 2.4573 		-0.0803 		1.9706
v 2.4668 		-0.0764 		1.9434
v 2.4753 		-0.0726 		1.9162
v 2.4826 		-0.0688 		1.8892
v 2.4888 		-0.065 		1.8623
v 2.4937 		-0.0612 		1.8356
v 2.4973 		-0.0575 		1.8092
v 2.4994 		-0.0538 		1.7831
v 2.5 		-0.0502 		1.7574
v 2.499 		-0.0466 		1.7321
v 2.4963 		-0.0431 		1.7072
v 2.4919 		-0.0397 		1.6829
v 2.4856 		-0.0363 		1.659
v 2.4774 		-0.0331 		1.6358
v 2.4672 		-0.0299 		1.6132
v 2.4548 		-0.0268 		1.5913
v 2.4403 		-0.0238 		1.5701
v 2.4236 		-0.0209 		1.5497
v 2.4045 		-0.0182 		1.5301
v 2.3829 		-0.0155 		1.5114
v 2.3589 		-0.013 		1.4936
v 2.3323 		-0.0107 		1.4768
v 2.303 		-0.0084 		1.4609
v 2.2709 		-0.0063 		1.4461
v 2.236 		-0.0044 		1.4324
v 2.1982 		-0.0026 		1.4199
v 2.1573 		-0.001 		1.4086
v 2.1549 		-0.001 		1.4079
v 2.1524 		-0.0009 		1.4073
v 2.1499 		-0.0008 		1.4067
v 2.1473 		-0.0007 		1.4061
v 2.1448 		-0.0006 		1.4054
v 2.1422 		-0.0005 		1.4048
v 2.1396 		-0.0004 		1.4042
v 2.137 		-0.0003 		1.4036
v 2.1344 		-0.0003 		1.403
v 2.1318 		-0.0002 		1.4024
v 2.1291 		-0.0001 		1.4018
v -2.1123 		-0.0001 		1.4018
v -2.1146 		-0.0002 		1.4024
v -2.117 		-0.0003 		1.403
v -2.1193 		-0.0003 		1.4036
v -2.1215 		-0.0004 		1.4042
v -2.1238 		-0.0005 		1.4048
v -2.1261 		-0.0006 		1.4054
v -2.1283 		-0.0007 		1.4061
v -2.1306 		-0.0008 		1.4067
v -2.1328 		-0.0009 		1.4073
v -2.135 		-0.001 		1.4079
v -2.1372 		-0.0021 		1.4084
v -2.1815 		-0.0059 		1.4219
v -2.2225 		-0.0102 		1.4367
v -2.2602 		-0.0149 		1.4529
v -2.2947 		-0.0199 		1.4704
v -2.3262 		-0.0252 		1.4891
v -2.3547 		-0.0309 		1.5089
v -2.3803 		-0.0369 		1.5298
v -2.4032 		-0.0432 		1.5518
v -2.4233 		-0.0498 		1.5747
v -2.4409 		-0.0566 		1.5985
v -2.456 		-0.0637 		1.6232
v -2.4687 		-0.071 		1.6487
v -2.4791 		-0.0785 		1.6749
v -2.4873 		-0.0863 		1.7018
v -2.4934 		-0.0942 		1.7294
v -2.4975 		-0.1022 		1.7575
v -2.4997 		-0.1104 		1.7861
v -2.5 		-0.1187 		1.8151
v -2.4986 		-0.1272 		1.8445
v -2.4956 		-0.1357 		1.8743
v -2.4911 		-0.1443 		1.9043
v -2.4851 		-0.153 		1.9345
v -2.4777 		-0.1617 		1.9649
v -2.4691 		-0.1704 		1.9954
v -2.4594 		-0.1792 		2.0259
v -2.4486 		-0.1879 		2.0563
v -2.4369 		-0.1967 		2.0867
v -2.4243 		-0.2053 		2.117
v -2.4109 		-0.214 		2.147
v -2.3968 		-0.2225 		2.1768
v -2.3822 		-0.231 		2.2063
v -2.367 		-0.2393 		2.2354
v -2.3515 		-0.2475 		2.264
v -2.3357 		-0.2556 		2.2922
v -2.3197 		-0.2635 		2.3198
v -2.3036 		-0.2713 		2.3468
v -2.2875 		-0.2788 		2.3731
v -2.2715 		-0.2861 		2.3987
v -2.2556 		-0.2933 		2.4235
v -2.2401 		-0.3001 		2.4474
v -2.2249 		-0.3067 		2.4705
v -2.2102 		-0.3131 		2.4926
v -2.1961 		-0.3191 		2.5136
v -2.1826 		-0.3248 		2.5336
v -2.1699 		-0.3302 		2.5524
v -2.158 		-0.3353 		2.5701
v -2.1471 		-0.34 		2.5864
v -2.1372 		-0.3443 		2.6015
v -2.1278 		-0.3483 		2.6154
v -2.1182 		-0.3521 		2.6286
v -2.1083 		-0.3556 		2.6409
v -2.0982 		-0.3589 		2.6524
v -2.0878 		-0.362 		2.6632
v -2.0772 		-0.3649 		2.6732
v -2.0663 		-0.3676 		2.6825
v -2.0551 		-0.37 		2.6912
v -2.0437 		-0.3723 		2.6991
v -2.0319 		-0.3744 		2.7065
v -2.0199 		-0.3763 		2.7131
v -2.0075 		-0.3781 		2.7192
v -1.9948 		-0.3797 		2.7248
v -1.9818 		-0.3811 		2.7297
v -1.9685 		-0.3824 		2.7342
v -1.9548 		-0.3835 		2.7381
v -1.9407 		-0.3845 		2.7415
v -1.9263 		-0.3853 		2.7445
v -1.9115 		-0.3861 		2.7471
v -1.8963 		-0.3867 		2.7492
v -1.8807 		-0.3872 		2.7509
v -1.8647 		-0.3876 		2.7523
v -1.8484 		-0.3879 		2.7533
v -1.8315 		-0.3881 		2.754
v -1.8143 		-0.3882 		2.7544
v -1.7966 		-0.3882 		2.7546
v -1.7785 		-0.3882 		2.7544
v -1.7599 		-0.3881 		2.7541
v -1.7408 		-0.3879 		2.7535
v -1.7213 		-0.3877 		2.7528
v -1.7013 		-0.3875 		2.7518
v -1.6808 		-0.3872 		2.7508
v -1.6598 		-0.3868 		2.7496
v -1.6383 		-0.3865 		2.7484
v -1.6162 		-0.3861 		2.7471
v -1.5937 		-0.3857 		2.7457
v -1.5706 		-0.3853 		2.7443
v -1.5469 		-0.3849 		2.7429
v -1.5227 		-0.3845 		2.7415
v -1.4979 		-0.3841 		2.7402
v -1.4726 		-0.3838 		2.739
v -1.4467 		-0.3834 		2.7378
v -1.4201 		-0.3831 		2.7367
v -1.393 		-0.3829 		2.7358
v -1.3653 		-0.3826 		2.7351
v -1.3369 		-0.3825 		2.7345
v -1.3079 		-0.3824 		2.7342
v -1.2783 		-0.3823 		2.7341
v -1.249 		-0.3823 		2.734
v -1.2208 		-0.3823 		2.734
v -1.1937 		-0.3823 		2.734
v -1.1676 		-0.3823 		2.7339
v -1.1425 		-0.3823 		2.7338
v -1.1183 		-0.3823 		2.7337
v -1.0949 		-0.3822 		2.7336
v -1.0724 		-0.3822 		2.7335
v -1.0505 		-0.3822 		2.7334
v -1.0293 		-0.3821 		2.7332
v -1.0086 		-0.3821 		2.7331
v -0.9885 		-0.382 		2.7329
v -0.9688 		-0.382 		2.7327
v -0.9496 		-0.3819 		2.7326
v -0.9306 		-0.3819 		2.7324
v -0.912 		-0.3818 		2.7322
v -0.8935 		-0.3818 		2.732
v -0.8752 		-0.3817 		2.7318
v -0.857 		-0.3816 		2.7316
v -0.8387 		-0.3816 		2.7313
v -0.8204 		-0.3815 		2.7311
v -0.8021 		-0.3814 		2.7309
v -0.7835 		-0.3814 		2.7307
v -0.7647 		-0.3813 		2.7304
v -0.7456 		-0.3812 		2.7302
v -0.7261 		-0.3812 		2.73
v -0.7062 		-0.3811 		2.7298
v -0.6858 		-0.3811 		2.7295
v -0.6649 		-0.381 		2.7293
v -0.6433 		-0.3809 		2.7291
v -0.621 		-0.3809 		2.7289
v -0.598 		-0.3808 		2.7287
v -0.5742 		-0.3808 		2.7285
v -0.5495 		-0.3807 		2.7283
v -0.5239 		-0.3806 		2.7281
v -0.4973 		-0.3806 		2.728
v -0.4696 		-0.3806 		2.7278
v -0.4408 		-0.3805 		2.7276
v -0.4108 		-0.3805 		2.7275
v -0.3795 		-0.3804 		2.7274
v -0.347 		-0.3804 		2.7272
v -0.313 		-0.3804 		2.7271
v -0.2776 		-0.3803 		2.727
v -0.2407 		-0.3803 		2.727
v -0.2022 		-0.3803 		2.7269
v -0.1621 		-0.3803 		2.7269
v -0.1203 		-0.3803 		2.7268
v -0.0767 		-0.3803 		2.7268
v -0.033 		-0.3803 		2.7269
v 0.0094 		-0.3803 		2.727
v 0.0504 		-0.3804 		2.7273
v 0.0902 		-0.3805 		2.7276
v 0.1287 		-0.3806 		2.728
v 0.166 		-0.3807 		2.7284
v 0.2022 		-0.3809 		2.7289
v 0.2373 		-0.381 		2.7295
v 0.2713 		-0.3812 		2.7302
v 0.3044 		-0.3814 		2.7308
v 0.3365 		-0.3816 		2.7316
v 0.3677 		-0.3818 		2.7323
v 0.398 		-0.3821 		2.7331
v 0.4275 		-0.3823 		2.7339
v 0.4563 		-0.3825 		2.7348
v 0.4844 		-0.3828 		2.7356
v 0.5118 		-0.383 		2.7364
v 0.5386 		-0.3833 		2.7373
v 0.5648 		-0.3835 		2.7381
v 0.5905 		-0.3838 		2.739
v 0.6158 		-0.384 		2.7398
v 0.6406 		-0.3842 		2.7406
v 0.6651 		-0.3844 		2.7413
v 0.6892 		-0.3846 		2.7421
v 0.7131 		-0.3848 		2.7428
v 0.7368 		-0.385 		2.7434
v 0.7603 		-0.3852 		2.744
v 0.7836 		-0.3854 		2.7445
v 0.8069 		-0.3855 		2.745
v 0.8301 		-0.3856 		2.7454
v 0.8534 		-0.3857 		2.7457
v 0.8767 		-0.3858 		2.746
v 0.9001 		-0.3858 		2.7461
v 0.9237 		-0.3858 		2.7462
v 0.9476 		-0.3858 		2.7461
v 0.9716 		-0.3858 		2.746
v 0.996 		-0.3857 		2.7458
v 1.0208 		-0.3856 		2.7454
v 1.0459 		-0.3855 		2.7449
v 1.0715 		-0.3853 		2.7443
v 1.0976 		-0.3851 		2.7435
v 1.1243 		-0.3848 		2.7426
v 1.1515 		-0.3845 		2.7416
v 1.1794 		-0.3842 		2.7404
v 1.208 		-0.3838 		2.7391
v 1.2373 		-0.3834 		2.7376
v 1.2675 		-0.3829 		2.7359
v 1.2984 		-0.3823 		2.7341
v 1.3294 		-0.3818 		2.7322
v 1.3596 		-0.3813 		2.7305
v 1.389 		-0.3809 		2.7288
v 1.4176 		-0.3804 		2.7273
v 1.4455 		-0.38 		2.7259
v 1.4726 		-0.3796 		2.7245
v 1.499 		-0.3792 		2.7232
v 1.5247 		-0.3789 		2.7219
v 1.5497 		-0.3785 		2.7206
v 1.574 		-0.3781 		2.7192
v 1.5977 		-0.3777 		2.7179
v 1.6207 		-0.3773 		2.7165
v 1.6431 		-0.3769 		2.715
v 1.6649 		-0.3764 		2.7134
v 1.686 		-0.3759 		2.7117
v 1.7066 		-0.3754 		2.7099
v 1.7267 		-0.3748 		2.7079
v 1.7462 		-0.3742 		2.7057
v 1.7651 		-0.3736 		2.7034
v 1.7836 		-0.3728 		2.7009
v 1.8015 		-0.372 		2.6981
v 1.819 		-0.3712 		2.6951
v 1.836 		-0.3702 		2.6918
v 1.8525 		-0.3692 		2.6883
v 1.8687 		-0.3681 		2.6844
v 1.8844 		-0.3669 		2.6803
v 1.8997 		-0.3656 		2.6758
v 1.9146 		-0.3642 		2.6709
v 1.9291 		-0.3627 		2.6656
v 1.9433 		-0.3611 		2.66
v 1.9572 		-0.3594 		2.6539
v 1.9707 		-0.3575 		2.6474
v 1.984 		-0.3555 		2.6405
v 1.9969 		-0.3534 		2.6331
v 2.0096 		-0.3511 		2.6252
v 2.022 		-0.3487 		2.6167
v 2.0342 		-0.3461 		2.6078
v 2.0462 		-0.3434 		2.5983
v 2.058 		-0.3405 		2.5882
v 2.0696 		-0.3375 		2.5776
v 2.081 		-0.3342 		2.5663
v 2.0922 		-0.3308 		2.5544
v 2.1033 		-0.3272 		2.5419
v 2.1143 		-0.3234 		2.5287
v 2.1252 		-0.3195 		2.5148
v 2.136 		-0.3153 		2.5002
v 2.1467 		-0.3109 		2.4849
v 2.1573 		-0.3063 		2.4689
v 2.1684 		-0.3014 		2.452
v 2.1803 		-0.2963 		2.4342
v 2.1928 		-0.291 		2.4156
v 2.206 		-0.2854 		2.3961
v 2.2198 		-0.2796 		2.3758
v 2.234 		-0.2736 		2.3548
v 2.2486 		-0.2673 		2.3331
v 2.2635 		-0.2609 		2.3108
v 2.2786 		-0.2544 		2.2879
v 2.2938 		-0.2476 		2.2644
v 2.3091 		-0.2407 		2.2404
v 2.3244 		-0.2337 		2.216
v 2.3396 		-0.2266 		2.1911
v 2.3545 		-0.2194 		2.1659
v 2.3692 		-0.212 		2.1403
v 2.3835 		-0.2046 		2.1145
v 2.3974 		-0.1971 		2.0884
v 2.4108 		-0.1896 		2.0621
v 2.4235 		-0.182 		2.0357
v 2.4356 		-0.1744 		2.0092
v 2.4469 		-0.1668 		1.9826
v 2.4573 		-0.1592 		1.956
v 2.4668 		-0.1515 		1.9294
v 2.4753 		-0.1439 		1.9029
v 2.4826 		-0.1364 		1.8766
v 2.4888 		-0.1289 		1.8504
v 2.4937 		-0.1214 		1.8244
v 2.4973 		-0.114 		1.7987
v 2.4994 		-0.1068 		1.7733
v 2.5 		-0.0996 		1.7483
v 2.499 		-0.0925 		1.7236
v 2.4963 		-0.0855 		1.6994
v 2.4919 		-0.0787 		1.6756
v 2.4856 		-0.0721 		1.6524
v 2.4774 		-0.0656 		1.6298
v 2.4672 		-0.0593 		1.6078
v 2.4548 		-0.0531 		1.5864
v 2.4403 		-0.0472 		1.5658
v 2.4236 		-0.0415 		1.5459
v 2.4045 		-0.036 		1.5268
v 2.3829 		-0.0308 		1.5086
v 2.3589 		-0.0258 		1.4912
v 2.3323 		-0.0211 		1.4748
v 2.303 		-0.0167 		1.4594
v 2.2709 		-0.0126 		1.445
v 2.236 		-0.0087 		1.4316
v 2.1982 		-0.0052 		1.4194
v 2.1573 		-0.0021 		1.4084
v 2.1549 		-0.0019 		1.4078
v 2.1524 		-0.0017 		1.4072
v 2.1499 		-0.0015 		1.4065
v 2.1473 		-0.0014 		1.4059
v 2.1448 		-0.0012 		1.4053
v 2.1422 		-0.001 		1.4047
v 2.1396 		-0.0009 		1.4041
v 2.137 		-0.0007 		1.4035
v 2.1344 		-0.0005 		1.4029
v 2.1318 		-0.0003 		1.4023
v -2.1146 		-0.0003 		1.4023
v -2.117 		-0.0005 		1.4029
v -2.1193 		-0.0007 		1.4035
v -2.1215 		-0.0009 		1.4041
v -2.1238 		-0.001 		1.4047
v -2.1261 		-0.0012 		1.4053
v -2.1283 		-0.0014 		1.4059
v -2.1306 		-0.0015 		1.4065
v -2.1328 		-0.0017 		1.4071
v -2.135 		-0.0019 		1.4078
v -2.1372 		-0.0031 		1.4081
v -2.1815 		-0.0088 		1.421
v -2.2225 		-0.0151 		1.4352
v -2.2602 		-0.022 		1.4507
v -2.2947 		-0.0294 		1.4674
v -2.3262 		-0.0373 		1.4853
v -2.3547 		-0.0457 		1.5042
v -2.3803 		-0.0546 		1.5242
v -2.4032 		-0.0639 		1.5452
v -2.4233 		-0.0736 		1.5671
v -2.4409 		-0.0837 		1.5899
v -2.456 		-0.0942 		1.6136
v -2.4687 		-0.105 		1.6379
v -2.4791 		-0.1161 		1.663
v -2.4873 		-0.1275 		1.6888
v -2.4934 		-0.1392 		1.7151
v -2.4975 		-0.1511 		1.742
v -2.4997 		-0.1633 		1.7693
v -2.5 		-0.1756 		1.7971
v -2.4986 		-0.188 		1.8252
v -2.4956 		-0.2007 		1.8537
v -2.4911 		-0.2134 		1.8824
v -2.4851 		-0.2262 		1.9113
v -2.4777 		-0.2391 		1.9403
v -2.4691 		-0.252 		1.9695
v -2.4594 		-0.265 		1.9987
v -2.4486 		-0.2779 		2.0278
v -2.4369 		-0.2908 		2.0569
v -2.4243 		-0.3036 		2.0858
v -2.4109 		-0.3163 		2.1146
v -2.3968 		-0.329 		2.143
v -2.3822 		-0.3415 		2.1712
v -2.367 		-0.3538 		2.199
v -2.3515 		-0.366 		2.2265
v -2.3357 		-0.3779 		2.2534
v -2.3197 		-0.3896 		2.2798
v -2.3036 		-0.4011 		2.3056
v -2.2875 		-0.4122 		2.3308
v -2.2715 		-0.4231 		2.3553
v -2.2556 		-0.4336 		2.379
v -2.2401 		-0.4438 		2.4019
v -2.2249 		-0.4535 		2.4239
v -2.2102 		-0.4629 		2.445
v -2.1961 		-0.4718 		2.4652
v -2.1826 		-0.4803 		2.4843
v -2.1699 		-0.4883 		2.5023
v -2.158 		-0.4958 		2.5192
v -2.1471 		-0.5027 		2.5348
v -2.1372 		-0.5091 		2.5492
v -2.1278 		-0.515 		2.5626
v -2.1182 		-0.5206 		2.5751
v -2.1083 		-0.5258 		2.5869
v -2.0982 		-0.5307 		2.5979
v -2.0878 		-0.5353 		2.6082
v -2.0772 		-0.5395 		2.6178
v -2.0663 		-0.5435 		2.6268
v -2.0551 		-0.5471 		2.635
v -2.0437 		-0.5505 		2.6426
v -2.0319 		-0.5536 		2.6496
v -2.0199 		-0.5565 		2.656
v -2.0075 		-0.559 		2.6619
v -1.9948 		-0.5614 		2.6671
v -1.9818 		-0.5635 		2.6719
v -1.9685 		-0.5654 		2.6761
v -1.9548 		-0.567 		2.6799
v -1.9407 		-0.5685 		2.6832
v -1.9263 		-0.5698 		2.686
v -1.9115 		-0.5708 		2.6885
v -1.8963 		-0.5717 		2.6905
v -1.8807 		-0.5725 		2.6922
v -1.8647 		-0.5731 		2.6935
v -1.8484 		-0.5735 		2.6945
v -1.8315 		-0.5738 		2.6951
v -1.8143 		-0.574 		2.6955
v -1.7966 		-0.574 		2.6956
v -1.7785 		-0.574 		2.6955
v -1.7599 		-0.5738 		2.6952
v -1.7408 		-0.5736 		2.6946
v -1.7213 		-0.5733 		2.6939
v -1.7013 		-0.5729 		2.6931
v -1.6808 		-0.5724 		2.692
v -1.6598 		-0.5719 		2.6909
v -1.6383 		-0.5714 		2.6897
v -1.6162 		-0.5708 		2.6885
v -1.5937 		-0.5703 		2.6872
v -1.5706 		-0.5697 		2.6858
v -1.5469 		-0.5691 		2.6845
v -1.5227 		-0.5685 		2.6832
v -1.4979 		-0.5679 		2.6819
v -1.4726 		-0.5674 		2.6807
v -1.4467 		-0.5669 		2.6796
v -1.4201 		-0.5665 		2.6786
v -1.393 		-0.5661 		2.6777
v -1.3653 		-0.5658 		2.677
v -1.3369 		-0.5655 		2.6765
v -1.3079 		-0.5654 		2.6761
v -1.2783 		-0.5653 		2.676
v -1.249 		-0.5653 		2.676
v -1.2208 		-0.5653 		2.676
v -1.1937 		-0.5653 		2.676
v -1.1676 		-0.5653 		2.6759
v -1.1425 		-0.5652 		2.6758
v -1.1183 		-0.5652 		2.6757
v -1.0949 		-0.5652 		2.6756
v -1.0724 		-0.5651 		2.6755
v -1.0505 		-0.565 		2.6754
v -1.0293 		-0.565 		2.6753
v -1.0086 		-0.5649 		2.6751
v -0.9885 		-0.5648 		2.675
v -0.9688 		-0.5648 		2.6748
v -0.9496 		-0.5647 		2.6746
v -0.9306 		-0.5646 		2.6744
v -0.912 		-0.5645 		2.6742
v -0.8935 		-0.5644 		2.674
v -0.8752 		-0.5644 		2.6738
v -0.857 		-0.5643 		2.6736
v -0.8387 		-0.5642 		2.6734
v -0.8204 		-0.5641 		2.6732
v -0.8021 		-0.564 		2.673
v -0.7835 		-0.5639 		2.6728
v -0.7647 		-0.5638 		2.6726
v -0.7456 		-0.5637 		2.6724
v -0.7261 		-0.5636 		2.6721
v -0.7062 		-0.5635 		2.6719
v -0.6858 		-0.5634 		2.6717
v -0.6649 		-0.5633 		2.6715
v -0.6433 		-0.5632 		2.6713
v -0.621 		-0.5631 		2.6711
v -0.598 		-0.5631 		2.6709
v -0.5742 		-0.563 		2.6707
v -0.5495 		-0.5629 		2.6705
v -0.5239 		-0.5628 		2.6704
v -0.4973 		-0.5627 		2.6702
v -0.4696 		-0.5627 		2.67
v -0.4408 		-0.5626 		2.6699
v -0.4108 		-0.5625 		2.6698
v -0.3795 		-0.5625 		2.6696
v -0.347 		-0.5624 		2.6695
v -0.313 		-0.5624 		2.6694
v -0.2776 		-0.5624 		2.6693
v -0.2407 		-0.5623 		2.6693
v -0.2022 		-0.5623 		2.6692
v -0.1621 		-0.5623 		2.6692
v -0.1203 		-0.5623 		2.6691
v -0.0767 		-0.5623 		2.6691
v -0.033 		-0.5623 		2.6692
v 0.0094 		-0.5623 		2.6693
v 0.0504 		-0.5624 		2.6695
v 0.0902 		-0.5626 		2.6698
v 0.1287 		-0.5627 		2.6702
v 0.166 		-0.5629 		2.6706
v 0.2022 		-0.5632 		2.6711
v 0.2373 		-0.5634 		2.6717
v 0.2713 		-0.5637 		2.6723
v 0.3044 		-0.564 		2.673
v 0.3365 		-0.5643 		2.6736
v 0.3677 		-0.5646 		2.6744
v 0.398 		-0.5649 		2.6751
v 0.4275 		-0.5653 		2.6759
v 0.4563 		-0.5656 		2.6767
v 0.4844 		-0.566 		2.6775
v 0.5118 		-0.5663 		2.6783
v 0.5386 		-0.5667 		2.6791
v 0.5648 		-0.5671 		2.6799
v 0.5905 		-0.5674 		2.6807
v 0.6158 		-0.5678 		2.6815
v 0.6406 		-0.5681 		2.6823
v 0.6651 		-0.5684 		2.683
v 0.6892 		-0.5687 		2.6837
v 0.7131 		-0.569 		2.6844
v 0.7368 		-0.5693 		2.685
v 0.7603 		-0.5695 		2.6855
v 0.7836 		-0.5698 		2.6861
v 0.8069 		-0.57 		2.6865
v 0.8301 		-0.5701 		2.6869
v 0.8534 		-0.5703 		2.6872
v 0.8767 		-0.5704 		2.6874
v 0.9001 		-0.5704 		2.6876
v 0.9237 		-0.5705 		2.6876
v 0.9476 		-0.5705 		2.6876
v 0.9716 		-0.5704 		2.6875
v 0.996 		-0.5703 		2.6872
v 1.0208 		-0.5701 		2.6869
v 1.0459 		-0.5699 		2.6864
v 1.0715 		-0.5697 		2.6858
v 1.0976 		-0.5694 		2.6851
v 1.1243 		-0.569 		2.6843
v 1.1515 		-0.5685 		2.6833
v 1.1794 		-0.568 		2.6821
v 1.208 		-0.5675 		2.6808
v 1.2373 		-0.5668 		2.6794
v 1.2675 		-0.5661 		2.6778
v 1.2984 		-0.5653 		2.676
v 1.3294 		-0.5645 		2.6742
v 1.3596 		-0.5638 		2.6726
v 1.389 		-0.5631 		2.6711
v 1.4176 		-0.5625 		2.6696
v 1.4455 		-0.5619 		2.6682
v 1.4726 		-0.5613 		2.6669
v 1.499 		-0.5607 		2.6656
v 1.5247 		-0.5602 		2.6644
v 1.5497 		-0.5596 		2.6631
v 1.574 		-0.559 		2.6619
v 1.5977 		-0.5585 		2.6606
v 1.6207 		-0.5579 		2.6592
v 1.6431 		-0.5572 		2.6578
v 1.6649 		-0.5566 		2.6563
v 1.686 		-0.5558 		2.6546
v 1.7066 		-0.5551 		2.6529
v 1.7267 		-0.5542 		2.651
v 1.7462 		-0.5533 		2.649
v 1.7651 		-0.5523 		2.6467
v 1.7836 		-0.5513 		2.6443
v 1.8015 		-0.5501 		2.6417
v 1.819 		-0.5488 		2.6388
v 1.836 		-0.5474 		2.6357
v 1.8525 		-0.5459 		2.6323
v 1.8687 		-0.5443 		2.6286
v 1.8844 		-0.5425 		2.6246
v 1.8997 		-0.5406 		2.6203
v 1.9146 		-0.5385 		2.6156
v 1.9291 		-0.5363 		2.6106
v 1.9433 		-0.5339 		2.6052
v 1.9572 		-0.5313 		2.5994
v 1.9707 		-0.5286 		2.5932
v 1.984 		-0.5256 		2.5865
v 1.9969 		-0.5225 		2.5794
v 2.0096 		-0.5191 		2.5719
v 2.022 		-0.5156 		2.5638
v 2.0342 		-0.5118 		2.5553
v 2.0462 		-0.5077 		2.5462
v 2.058 		-0.5035 		2.5365
v 2.0696 		-0.499 		2.5263
v 2.081 		-0.4942 		2.5156
v 2.0922 		-0.4891 		2.5042
v 2.1033 		-0.4838 		2.4922
v 2.1143 		-0.4782 		2.4796
v 2.1252 		-0.4723 		2.4663
v 2.136 		-0.4662 		2.4524
v 2.1467 		-0.4597 		2.4378
v 2.1573 		-0.4529 		2.4224
v 2.1684 		-0.4457 		2.4063
v 2.1803 		-0.4382 		2.3893
v 2.1928 		-0.4303 		2.3714
v 2.206 		-0.422 		2.3528
v 2.2198 		-0.4134 		2.3334
v 2.234 		-0.4045 		2.3133
v 2.2486 		-0.3953 		2.2926
v 2.2635 		-0.3858 		2.2712
v 2.2786 		-0.3761 		2.2493
v 2.2938 		-0.3661 		2.2268
v 2.3091 		-0.356 		2.2039
v 2.3244 		-0.3456 		2.1805
v 2.3396 		-0.3351 		2.1567
v 2.3545 		-0.3243 		2.1326
v 2.3692 		-0.3135 		2.1081
v 2.3835 		-0.3025 		2.0834
v 2.3974 		-0.2915 		2.0585
v 2.4108 		-0.2803 		2.0333
v 2.4235 		-0.2691 		2.0081
v 2.4356 		-0.2579 		1.9827
v 2.4469 		-0.2466 		1.9573
v 2.4573 		-0.2353 		1.9318
v 2.4668 		-0.2241 		1.9064
v 2.4753 		-0.2128 		1.8811
v 2.4826 		-0.2017 		1.8559
v 2.4888 		-0.1905 		1.8309
v 2.4937 		-0.1795 		1.806
v 2.4973 		-0.1686 		1.7814
v 2.4994 		-0.1578 		1.7571
v 2.5 		-0.1472 		1.7331
v 2.499 		-0.1368 		1.7096
v 2.4963 		-0.1265 		1.6864
v 2.4919 		-0.1164 		1.6637
v 2.4856 		-0.1066 		1.6415
v 2.4774 		-0.097 		1.6198
v 2.4672 		-0.0876 		1.5988
v 2.4548 		-0.0786 		1.5783
v 2.4403 		-0.0698 		1.5586
v 2.4236 		-0.0614 		1.5396
v 2.4045 		-0.0533 		1.5213
v 2.3829 		-0.0456 		1.5039
v 2.3589 		-0.0382 		1.4873
v 2.3323 		-0.0312 		1.4716
v 2.303 		-0.0247 		1.4568
v 2.2709 		-0.0186 		1.4431
v 2.236 		-0.0129 		1.4303
v 2.1982 		-0.0077 		1.4186
v 2.1573 		-0.0031 		1.4081
v 2.1549 		-0.0028 		1.4075
v 2.1524 		-0.0025 		1.4069
v 2.1499 		-0.0023 		1.4063
v 2.1473 		-0.002 		1.4057
v 2.1448 		-0.0018 		1.4052
v 2.1422 		-0.0015 		1.4046
v 2.1396 		-0.0013 		1.404
v 2.137 		-0.001 		1.4034
v 2.1344 		-0.0008 		1.4029
v 2.1318 		-0.0005 		1.4023
v 2.1291 		-0.0003 		1.4017
v -2.1123 		-0.0003 		1.4017
v -2.1146 		-0.0005 		1.4023
v -2.117 		-0.0008 		1.4029
v -2.1193 		-0.001 		1.4034
v -2.1215 		-0.0013 		1.404
v -2.1238 		-0.0015 		1.4046
v -2.1261 		-0.0018 		1.4052
v -2.1283 		-0.002 		1.4057
v -2.1306 		-0.0023 		1.4063
v -2.1328 		-0.0025 		1.4069
v -2.135 		-0.0028 		1.4075
v -2.1372 		-0.004 		1.4076
v -2.1815 		-0.0115 		1.4197
v -2.2225 		-0.0197 		1.4331
v -2.2602 		-0.0287 		1.4476
v -2.2947 		-0.0384 		1.4632
v -2.3262 		-0.0487 		1.48
v -2.3547 		-0.0597 		1.4978
v -2.3803 		-0.0713 		1.5165
v -2.4032 		-0.0835 		1.5362
v -2.4233 		-0.0962 		1.5567
v -2.4409 		-0.1094 		1.5781
v -2.456 		-0.1231 		1.6003
v -2.4687 		-0.1372 		1.6231
v -2.4791 		-0.1517 		1.6466
v -2.4873 		-0.1666 		1.6707
v -2.4934 		-0.1819 		1.6954
v -2.4975 		-0.1975 		1.7206
v -2.4997 		-0.2133 		1.7462
v -2.5 		-0.2294 		1.7723
v -2.4986 		-0.2457 		1.7987
v -2.4956 		-0.2622 		1.8253
v -2.4911 		-0.2788 		1.8522
v -2.4851 		-0.2956 		1.8793
v -2.4777 		-0.3124 		1.9066
v -2.4691 		-0.3293 		1.9339
v -2.4594 		-0.3462 		1.9612
v -2.4486 		-0.3631 		1.9886
v -2.4369 		-0.3799 		2.0158
v -2.4243 		-0.3967 		2.0429
v -2.4109 		-0.4133 		2.0699
v -2.3968 		-0.4298 		2.0966
v -2.3822 		-0.4462 		2.123
v -2.367 		-0.4623 		2.1491
v -2.3515 		-0.4782 		2.1748
v -2.3357 		-0.4938 		2.2
v -2.3197 		-0.5091 		2.2248
v -2.3036 		-0.524 		2.249
v -2.2875 		-0.5386 		2.2726
v -2.2715 		-0.5528 		2.2955
v -2.2556 		-0.5665 		2.3177
v -2.2401 		-0.5798 		2.3392
v -2.2249 		-0.5926 		2.3599
v -2.2102 		-0.6048 		2.3797
v -2.1961 		-0.6165 		2.3986
v -2.1826 		-0.6275 		2.4165
v -2.1699 		-0.638 		2.4333
v -2.158 		-0.6478 		2.4492
v -2.1471 		-0.6568 		2.4638
v -2.1372 		-0.6652 		2.4773
v -2.1278 		-0.6729 		2.4898
v -2.1182 		-0.6802 		2.5016
v -2.1083 		-0.687 		2.5127
v -2.0982 		-0.6934 		2.523
v -2.0878 		-0.6994 		2.5327
v -2.0772 		-0.7049 		2.5417
v -2.0663 		-0.7101 		2.55
v -2.0551 		-0.7149 		2.5578
v -2.0437 		-0.7193 		2.5649
v -2.0319 		-0.7233 		2.5715
v -2.0199 		-0.7271 		2.5775
v -2.0075 		-0.7304 		2.5829
v -1.9948 		-0.7335 		2.5879
v -1.9818 		-0.7362 		2.5923
v -1.9685 		-0.7387 		2.5963
v -1.9548 		-0.7409 		2.5998
v -1.9407 		-0.7428 		2.6029
v -1.9263 		-0.7444 		2.6056
v -1.9115 		-0.7458 		2.6079
v -1.8963 		-0.747 		2.6098
v -1.8807 		-0.748 		2.6113
v -1.8647 		-0.7487 		2.6126
v -1.8484 		-0.7493 		2.6135
v -1.8315 		-0.7497 		2.6141
v -1.8143 		-0.7499 		2.6145
v -1.7966 		-0.75 		2.6146
v -1.7785 		-0.7499 		2.6145
v -1.7599 		-0.7497 		2.6141
v -1.7408 		-0.7494 		2.6136
v -1.7213 		-0.749 		2.613
v -1.7013 		-0.7485 		2.6122
v -1.6808 		-0.7479 		2.6112
v -1.6598 		-0.7473 		2.6102
v -1.6383 		-0.7466 		2.609
v -1.6162 		-0.7458 		2.6079
v -1.5937 		-0.7451 		2.6066
v -1.5706 		-0.7443 		2.6054
v -1.5469 		-0.7435 		2.6041
v -1.5227 		-0.7428 		2.6029
v -1.4979 		-0.742 		2.6017
v -1.4726 		-0.7414 		2.6006
v -1.4467 		-0.7407 		2.5995
v -1.4201 		-0.7401 		2.5986
v -1.393 		-0.7396 		2.5978
v -1.3653 		-0.7392 		2.5971
v -1.3369 		-0.7389 		2.5966
v -1.3079 		-0.7387 		2.5963
v -1.2783 		-0.7386 		2.5962
v -1.249 		-0.7386 		2.5962
v -1.2208 		-0.7386 		2.5962
v -1.1937 		-0.7386 		2.5961
v -1.1676 		-0.7386 		2.5961
v -1.1425 		-0.7385 		2.596
v -1.1183 		-0.7385 		2.5959
v -1.0949 		-0.7384 		2.5958
v -1.0724 		-0.7383 		2.5957
v -1.0505 		-0.7383 		2.5956
v -1.0293 		-0.7382 		2.5955
v -1.0086 		-0.7381 		2.5953
v -0.9885 		-0.738 		2.5952
v -0.9688 		-0.7379 		2.595
v -0.9496 		-0.7378 		2.5949
v -0.9306 		-0.7377 		2.5947
v -0.912 		-0.7376 		2.5945
v -0.8935 		-0.7375 		2.5943
v -0.8752 		-0.7374 		2.5941
v -0.857 		-0.7373 		2.594
v -0.8387 		-0.7371 		2.5938
v -0.8204 		-0.737 		2.5936
v -0.8021 		-0.7369 		2.5934
v -0.7835 		-0.7368 		2.5932
v -0.7647 		-0.7366 		2.593
v -0.7456 		-0.7365 		2.5928
v -0.7261 		-0.7364 		2.5926
v -0.7062 		-0.7363 		2.5924
v -0.6858 		-0.7361 		2.5922
v -0.6649 		-0.736 		2.592
v -0.6433 		-0.7359 		2.5918
v -0.621 		-0.7358 		2.5916
v -0.598 		-0.7357 		2.5914
v -0.5742 		-0.7356 		2.5912
v -0.5495 		-0.7355 		2.5911
v -0.5239 		-0.7354 		2.5909
v -0.4973 		-0.7353 		2.5907
v -0.4696 		-0.7352 		2.5906
v -0.4408 		-0.7351 		2.5904
v -0.4108 		-0.735 		2.5903
v -0.3795 		-0.7349 		2.5902
v -0.347 		-0.7349 		2.5901
v -0.313 		-0.7348 		2.59
v -0.2776 		-0.7348 		2.5899
v -0.2407 		-0.7347 		2.5898
v -0.2022 		-0.7347 		2.5898
v -0.1621 		-0.7347 		2.5898
v -0.1203 		-0.7346 		2.5897
v -0.0767 		-0.7346 		2.5897
v -0.033 		-0.7347 		2.5898
v 0.0094 		-0.7347 		2.5899
v 0.0504 		-0.7349 		2.5901
v 0.0902 		-0.735 		2.5904
v 0.1287 		-0.7353 		2.5907
v 0.166 		-0.7355 		2.5911
v 0.2022 		-0.7358 		2.5916
v 0.2373 		-0.7361 		2.5921
v 0.2713 		-0.7365 		2.5927
v 0.3044 		-0.7369 		2.5933
v 0.3365 		-0.7373 		2.594
v 0.3677 		-0.7377 		2.5946
v 0.398 		-0.7381 		2.5954
v 0.4275 		-0.7386 		2.5961
v 0.4563 		-0.739 		2.5968
v 0.4844 		-0.7395 		2.5976
v 0.5118 		-0.74 		2.5983
v 0.5386 		-0.7404 		2.5991
v 0.5648 		-0.7409 		2.5999
v 0.5905 		-0.7414 		2.6006
v 0.6158 		-0.7418 		2.6013
v 0.6406 		-0.7423 		2.602
v 0.6651 		-0.7427 		2.6027
v 0.6892 		-0.7431 		2.6034
v 0.7131 		-0.7435 		2.604
v 0.7368 		-0.7438 		2.6046
v 0.7603 		-0.7441 		2.6051
v 0.7836 		-0.7444 		2.6056
v 0.8069 		-0.7447 		2.606
v 0.8301 		-0.7449 		2.6064
v 0.8534 		-0.7451 		2.6067
v 0.8767 		-0.7452 		2.6069
v 0.9001 		-0.7453 		2.607
v 0.9237 		-0.7454 		2.6071
v 0.9476 		-0.7453 		2.607
v 0.9716 		-0.7453 		2.6069
v 0.996 		-0.7451 		2.6067
v 1.0208 		-0.7449 		2.6064
v 1.0459 		-0.7447 		2.6059
v 1.0715 		-0.7443 		2.6054
v 1.0976 		-0.7439 		2.6047
v 1.1243 		-0.7434 		2.6039
v 1.1515 		-0.7428 		2.603
v 1.1794 		-0.7422 		2.6019
v 1.208 		-0.7414 		2.6007
v 1.2373 		-0.7406 		2.5994
v 1.2675 		-0.7397 		2.5979
v 1.2984 		-0.7386 		2.5962
v 1.3294 		-0.7376 		2.5945
v 1.3596 		-0.7366 		2.593
v 1.389 		-0.7358 		2.5915
v 1.4176 		-0.7349 		2.5902
v 1.4455 		-0.7341 		2.5889
v 1.4726 		-0.7334 		2.5876
v 1.499 		-0.7326 		2.5865
v 1.5247 		-0.7319 		2.5853
v 1.5497 		-0.7312 		2.5841
v 1.574 		-0.7304 		2.5829
v 1.5977 		-0.7297 		2.5817
v 1.6207 		-0.7289 		2.5804
v 1.6431 		-0.7281 		2.5791
v 1.6649 		-0.7272 		2.5777
v 1.686 		-0.7262 		2.5761
v 1.7066 		-0.7252 		2.5745
v 1.7267 		-0.7241 		2.5727
v 1.7462 		-0.723 		2.5708
v 1.7651 		-0.7217 		2.5687
v 1.7836 		-0.7203 		2.5665
v 1.8015 		-0.7187 		2.564
v 1.819 		-0.7171 		2.5613
v 1.836 		-0.7152 		2.5584
v 1.8525 		-0.7133 		2.5552
v 1.8687 		-0.7111 		2.5517
v 1.8844 		-0.7088 		2.548
v 1.8997 		-0.7063 		2.5439
v 1.9146 		-0.7036 		2.5396
v 1.9291 		-0.7007 		2.5349
v 1.9433 		-0.6976 		2.5298
v 1.9572 		-0.6942 		2.5244
v 1.9707 		-0.6906 		2.5185
v 1.984 		-0.6868 		2.5123
v 1.9969 		-0.6827 		2.5057
v 2.0096 		-0.6783 		2.4986
v 2.022 		-0.6736 		2.491
v 2.0342 		-0.6687 		2.483
v 2.0462 		-0.6634 		2.4745
v 2.058 		-0.6578 		2.4654
v 2.0696 		-0.6519 		2.4559
v 2.081 		-0.6457 		2.4458
v 2.0922 		-0.6391 		2.4351
v 2.1033 		-0.6321 		2.4239
v 2.1143 		-0.6248 		2.4121
v 2.1252 		-0.6171 		2.3996
v 2.136 		-0.6091 		2.3866
v 2.1467 		-0.6006 		2.3729
v 2.1573 		-0.5917 		2.3585
v 2.1684 		-0.5824 		2.3433
v 2.1803 		-0.5725 		2.3274
v 2.1928 		-0.5622 		2.3107
v 2.206 		-0.5514 		2.2932
v 2.2198 		-0.5401 		2.275
v 2.234 		-0.5285 		2.2562
v 2.2486 		-0.5165 		2.2368
v 2.2635 		-0.5041 		2.2167
v 2.2786 		-0.4914 		2.1962
v 2.2938 		-0.4784 		2.1751
v 2.3091 		-0.4651 		2.1536
v 2.3244 		-0.4515 		2.1317
v 2.3396 		-0.4378 		2.1094
v 2.3545 		-0.4238 		2.0868
v 2.3692 		-0.4096 		2.0639
v 2.3835 		-0.3953 		2.0407
v 2.3974 		-0.3808 		2.0173
v 2.4108 		-0.3663 		1.9937
v 2.4235 		-0.3516 		1.9701
v 2.4356 		-0.3369 		1.9463
v 2.4469 		-0.3222 		1.9224
v 2.4573 		-0.3075 		1.8986
v 2.4668 		-0.2927 		1.8748
v 2.4753 		-0.2781 		1.8511
v 2.4826 		-0.2635 		1.8274
v 2.4888 		-0.249 		1.8039
v 2.4937 		-0.2346 		1.7807
v 2.4973 		-0.2203 		1.7576
v 2.4994 		-0.2062 		1.7348
v 2.5 		-0.1923 		1.7124
v 2.499 		-0.1787 		1.6902
v 2.4963 		-0.1653 		1.6685
v 2.4919 		-0.1521 		1.6472
v 2.4856 		-0.1392 		1.6264
v 2.4774 		-0.1267 		1.6061
v 2.4672 		-0.1145 		1.5864
v 2.4548 		-0.1027 		1.5672
v 2.4403 		-0.0912 		1.5487
v 2.4236 		-0.0802 		1.5309
v 2.4045 		-0.0696 		1.5138
v 2.3829 		-0.0595 		1.4975
v 2.3589 		-0.0499 		1.4819
v 2.3323 		-0.0408 		1.4672
v 2.303 		-0.0323 		1.4534
v 2.2709 		-0.0243 		1.4404
v 2.236 		-0.0169 		1.4285
v 2.1982 		-0.0101 		1.4175
v 2.1573 		-0.004 		1.4076
v 2.1549 		-0.0037 		1.4071
v 2.1524 		-0.0033 		1.4065
v 2.1499 		-0.003 		1.406
v 2.1473 		-0.0027 		1.4054
v 2.1448 		-0.0023 		1.4049
v 2.1422 		-0.002 		1.4044
v 2.1396 		-0.0017 		1.4038
v 2.137 		-0.0013 		1.4033
v 2.1344 		-0.001 		1.4028
v 2.1318 		-0.0007 		1.4022
v -2.1146 		-0.0007 		1.4022
v -2.117 		-0.001 		1.4028
v -2.1193 		-0.0013 		1.4033
v -2.1215 		-0.0017 		1.4038
v -2.1238 		-0.002 		1.4044
v -2.1261 		-0.0023 		1.4049
v -2.1283 		-0.0027 		1.4054
v -2.1306 		-0.003 		1.406
v -2.1328 		-0.0033 		1.4065
v -2.135 		-0.0037 		1.4071
v -2.1372 		-0.0049 		1.4071
v -2.1815 		-0.014 		1.4182
v -2.2225 		-0.024 		1.4304
v -2.2602 		-0.0349 		1.4437
v -2.2947 		-0.0467 		1.458
v -2.3262 		-0.0593 		1.4734
v -2.3547 		-0.0727 		1.4897
v -2.3803 		-0.0868 		1.5068
v -2.4032 		-0.1016 		1.5249
v -2.4233 		-0.1171 		1.5437
v -2.4409 		-0.1332 		1.5633
v -2.456 		-0.1498 		1.5836
v -2.4687 		-0.167 		1.6045
v -2.4791 		-0.1847 		1.626
v -2.4873 		-0.2029 		1.6481
v -2.4934 		-0.2215 		1.6707
v -2.4975 		-0.2404 		1.6938
v -2.4997 		-0.2597 		1.7173
v -2.5 		-0.2793 		1.7411
v -2.4986 		-0.2991 		1.7653
v -2.4956 		-0.3192 		1.7897
v -2.4911 		-0.3395 		1.8144
v -2.4851 		-0.3599 		1.8392
v -2.4777 		-0.3803 		1.8642
v -2.4691 		-0.4009 		1.8892
v -2.4594 		-0.4215 		1.9142
v -2.4486 		-0.442 		1.9393
v -2.4369 		-0.4626 		1.9642
v -2.4243 		-0.483 		1.9891
v -2.4109 		-0.5032 		2.0138
v -2.3968 		-0.5233 		2.0382
v -2.3822 		-0.5432 		2.0624
v -2.367 		-0.5628 		2.0863
v -2.3515 		-0.5822 		2.1099
v -2.3357 		-0.6012 		2.133
v -2.3197 		-0.6198 		2.1557
v -2.3036 		-0.638 		2.1778
v -2.2875 		-0.6558 		2.1994
v -2.2715 		-0.673 		2.2205
v -2.2556 		-0.6898 		2.2408
v -2.2401 		-0.7059 		2.2605
v -2.2249 		-0.7215 		2.2794
v -2.2102 		-0.7364 		2.2976
v -2.1961 		-0.7506 		2.3149
v -2.1826 		-0.7641 		2.3313
v -2.1699 		-0.7768 		2.3467
v -2.158 		-0.7887 		2.3612
v -2.1471 		-0.7997 		2.3747
v -2.1372 		-0.8099 		2.387
v -2.1278 		-0.8193 		2.3985
v -2.1182 		-0.8281 		2.4093
v -2.1083 		-0.8364 		2.4194
v -2.0982 		-0.8442 		2.4289
v -2.0878 		-0.8515 		2.4377
v -2.0772 		-0.8583 		2.446
v -2.0663 		-0.8646 		2.4536
v -2.0551 		-0.8704 		2.4607
v -2.0437 		-0.8757 		2.4672
v -2.0319 		-0.8807 		2.4732
v -2.0199 		-0.8852 		2.4787
v -2.0075 		-0.8893 		2.4837
v -1.9948 		-0.893 		2.4883
v -1.9818 		-0.8964 		2.4924
v -1.9685 		-0.8994 		2.496
v -1.9548 		-0.902 		2.4992
v -1.9407 		-0.9044 		2.5021
v -1.9263 		-0.9064 		2.5045
v -1.9115 		-0.9081 		2.5066
v -1.8963 		-0.9095 		2.5084
v -1.8807 		-0.9107 		2.5098
v -1.8647 		-0.9116 		2.5109
v -1.8484 		-0.9123 		2.5117
v -1.8315 		-0.9128 		2.5123
v -1.8143 		-0.9131 		2.5127
v -1.7966 		-0.9131 		2.5128
v -1.7785 		-0.9131 		2.5127
v -1.7599 		-0.9128 		2.5124
v -1.7408 		-0.9124 		2.5119
v -1.7213 		-0.9119 		2.5113
v -1.7013 		-0.9113 		2.5105
v -1.6808 		-0.9106 		2.5097
v -1.6598 		-0.9098 		2.5087
v -1.6383 		-0.909 		2.5077
v -1.6162 		-0.9081 		2.5066
v -1.5937 		-0.9072 		2.5055
v -1.5706 		-0.9062 		2.5043
v -1.5469 		-0.9053 		2.5032
v -1.5227 		-0.9044 		2.5021
v -1.4979 		-0.9035 		2.501
v -1.4726 		-0.9026 		2.4999
v -1.4467 		-0.9018 		2.499
v -1.4201 		-0.9011 		2.4981
v -1.393 		-0.9005 		2.4974
v -1.3653 		-0.9 		2.4968
v -1.3369 		-0.8996 		2.4963
v -1.3079 		-0.8994 		2.496
v -1.2783 		-0.8993 		2.4959
v -1.249 		-0.8993 		2.4959
v -1.2208 		-0.8993 		2.4959
v -1.1937 		-0.8993 		2.4958
v -1.1676 		-0.8992 		2.4958
v -1.1425 		-0.8992 		2.4957
v -1.1183 		-0.8991 		2.4957
v -1.0949 		-0.899 		2.4956
v -1.0724 		-0.8989 		2.4955
v -1.0505 		-0.8989 		2.4954
v -1.0293 		-0.8988 		2.4952
v -1.0086 		-0.8987 		2.4951
v -0.9885 		-0.8985 		2.495
v -0.9688 		-0.8984 		2.4948
v -0.9496 		-0.8983 		2.4947
v -0.9306 		-0.8982 		2.4945
v -0.912 		-0.898 		2.4944
v -0.8935 		-0.8979 		2.4942
v -0.8752 		-0.8978 		2.494
v -0.857 		-0.8976 		2.4939
v -0.8387 		-0.8975 		2.4937
v -0.8204 		-0.8973 		2.4935
v -0.8021 		-0.8972 		2.4933
v -0.7835 		-0.897 		2.4931
v -0.7647 		-0.8969 		2.4929
v -0.7456 		-0.8967 		2.4928
v -0.7261 		-0.8966 		2.4926
v -0.7062 		-0.8964 		2.4924
v -0.6858 		-0.8963 		2.4922
v -0.6649 		-0.8961 		2.492
v -0.6433 		-0.896 		2.4919
v -0.621 		-0.8958 		2.4917
v -0.598 		-0.8957 		2.4915
v -0.5742 		-0.8956 		2.4914
v -0.5495 		-0.8954 		2.4912
v -0.5239 		-0.8953 		2.4911
v -0.4973 		-0.8952 		2.4909
v -0.4696 		-0.8951 		2.4908
v -0.4408 		-0.895 		2.4906
v -0.4108 		-0.8949 		2.4905
v -0.3795 		-0.8948 		2.4904
v -0.347 		-0.8947 		2.4903
v -0.313 		-0.8946 		2.4902
v -0.2776 		-0.8946 		2.4902
v -0.2407 		-0.8945 		2.4901
v -0.2022 		-0.8945 		2.49
v -0.1621 		-0.8945 		2.49
v -0.1203 		-0.8944 		2.49
v -0.0767 		-0.8944 		2.49
v -0.033 		-0.8945 		2.49
v 0.0094 		-0.8946 		2.4901
v 0.0504 		-0.8947 		2.4903
v 0.0902 		-0.8949 		2.4906
v 0.1287 		-0.8952 		2.4909
v 0.166 		-0.8955 		2.4913
v 0.2022 		-0.8959 		2.4917
v 0.2373 		-0.8962 		2.4922
v 0.2713 		-0.8967 		2.4927
v 0.3044 		-0.8971 		2.4933
v 0.3365 		-0.8976 		2.4939
v 0.3677 		-0.8981 		2.4945
v 0.398 		-0.8987 		2.4951
v 0.4275 		-0.8992 		2.4958
v 0.4563 		-0.8998 		2.4965
v 0.4844 		-0.9003 		2.4972
v 0.5118 		-0.9009 		2.4979
v 0.5386 		-0.9015 		2.4986
v 0.5648 		-0.9021 		2.4993
v 0.5905 		-0.9026 		2.5
v 0.6158 		-0.9032 		2.5006
v 0.6406 		-0.9037 		2.5013
v 0.6651 		-0.9042 		2.5019
v 0.6892 		-0.9047 		2.5025
v 0.7131 		-0.9052 		2.5031
v 0.7368 		-0.9056 		2.5036
v 0.7603 		-0.906 		2.5041
v 0.7836 		-0.9064 		2.5045
v 0.8069 		-0.9067 		2.5049
v 0.8301 		-0.907 		2.5052
v 0.8534 		-0.9072 		2.5055
v 0.8767 		-0.9073 		2.5057
v 0.9001 		-0.9075 		2.5058
v 0.9237 		-0.9075 		2.5059
v 0.9476 		-0.9075 		2.5059
v 0.9716 		-0.9074 		2.5057
v 0.996 		-0.9072 		2.5055
v 1.0208 		-0.907 		2.5052
v 1.0459 		-0.9066 		2.5048
v 1.0715 		-0.9062 		2.5043
v 1.0976 		-0.9057 		2.5037
v 1.1243 		-0.9051 		2.503
v 1.1515 		-0.9044 		2.5021
v 1.1794 		-0.9036 		2.5011
v 1.208 		-0.9027 		2.5
v 1.2373 		-0.9017 		2.4988
v 1.2675 		-0.9006 		2.4974
v 1.2984 		-0.8993 		2.4959
v 1.3294 		-0.898 		2.4944
v 1.3596 		-0.8969 		2.493
v 1.389 		-0.8958 		2.4916
v 1.4176 		-0.8948 		2.4904
v 1.4455 		-0.8938 		2.4892
v 1.4726 		-0.8929 		2.4881
v 1.499 		-0.892 		2.487
v 1.5247 		-0.8911 		2.4859
v 1.5497 		-0.8902 		2.4848
v 1.574 		-0.8893 		2.4837
v 1.5977 		-0.8884 		2.4826
v 1.6207 		-0.8874 		2.4815
v 1.6431 		-0.8864 		2.4802
v 1.6649 		-0.8854 		2.4789
v 1.686 		-0.8842 		2.4775
v 1.7066 		-0.883 		2.476
v 1.7267 		-0.8817 		2.4744
v 1.7462 		-0.8802 		2.4727
v 1.7651 		-0.8786 		2.4708
v 1.7836 		-0.8769 		2.4687
v 1.8015 		-0.8751 		2.4664
v 1.819 		-0.873 		2.4639
v 1.836 		-0.8708 		2.4613
v 1.8525 		-0.8684 		2.4583
v 1.8687 		-0.8658 		2.4552
v 1.8844 		-0.863 		2.4517
v 1.8997 		-0.86 		2.448
v 1.9146 		-0.8567 		2.444
v 1.9291 		-0.8531 		2.4397
v 1.9433 		-0.8493 		2.4351
v 1.9572 		-0.8453 		2.4301
v 1.9707 		-0.8409 		2.4248
v 1.984 		-0.8362 		2.4191
v 1.9969 		-0.8312 		2.413
v 2.0096 		-0.8258 		2.4065
v 2.022 		-0.8202 		2.3996
v 2.0342 		-0.8141 		2.3922
v 2.0462 		-0.8077 		2.3844
v 2.058 		-0.8009 		2.3761
v 2.0696 		-0.7937 		2.3674
v 2.081 		-0.7861 		2.3581
v 2.0922 		-0.7781 		2.3484
v 2.1033 		-0.7696 		2.3381
v 2.1143 		-0.7607 		2.3272
v 2.1252 		-0.7514 		2.3158
v 2.136 		-0.7416 		2.3039
v 2.1467 		-0.7312 		2.2913
v 2.1573 		-0.7204 		2.2781
v 2.1684 		-0.709 		2.2643
v 2.1803 		-0.697 		2.2497
v 2.1928 		-0.6844 		2.2343
v 2.206 		-0.6713 		2.2183
v 2.2198 		-0.6576 		2.2017
v 2.234 		-0.6434 		2.1844
v 2.2486 		-0.6288 		2.1666
v 2.2635 		-0.6138 		2.1483
v 2.2786 		-0.5983 		2.1295
v 2.2938 		-0.5824 		2.1102
v 2.3091 		-0.5663 		2.0905
v 2.3244 		-0.5498 		2.0704
v 2.3396 		-0.533 		2.05
v 2.3545 		-0.516 		2.0293
v 2.3692 		-0.4987 		2.0083
v 2.3835 		-0.4813 		1.987
v 2.3974 		-0.4637 		1.9656
v 2.4108 		-0.4459 		1.944
v 2.4235 		-0.4281 		1.9223
v 2.4356 		-0.4102 		1.9005
v 2.4469 		-0.3923 		1.8787
v 2.4573 		-0.3743 		1.8569
v 2.4668 		-0.3564 		1.835
v 2.4753 		-0.3386 		1.8133
v 2.4826 		-0.3208 		1.7917
v 2.4888 		-0.3031 		1.7701
v 2.4937 		-0.2856 		1.7488
v 2.4973 		-0.2682 		1.7277
v 2.4994 		-0.2511 		1.7068
v 2.5 		-0.2342 		1.6862
v 2.499 		-0.2175 		1.666
v 2.4963 		-0.2012 		1.6461
v 2.4919 		-0.1852 		1.6266
v 2.4856 		-0.1695 		1.6075
v 2.4774 		-0.1543 		1.5889
v 2.4672 		-0.1394 		1.5708
v 2.4548 		-0.125 		1.5533
v 2.4403 		-0.1111 		1.5364
v 2.4236 		-0.0977 		1.52
v 2.4045 		-0.0848 		1.5044
v 2.3829 		-0.0725 		1.4894
v 2.3589 		-0.0608 		1.4751
v 2.3323 		-0.0497 		1.4616
v 2.303 		-0.0393 		1.449
v 2.2709 		-0.0296 		1.4371
v 2.236 		-0.0206 		1.4262
v 2.1982 		-0.0123 		1.4162
v 2.1573 		-0.0049 		1.4071
v 2.1549 		-0.0045 		1.4066
v 2.1524 		-0.004 		1.4061
v 2.1499 		-0.0036 		1.4056
v 2.1473 		-0.0032 		1.4051
v 2.1448 		-0.0028 		1.4046
v 2.1422 		-0.0024 		1.4041
v 2.1396 		-0.002 		1.4036
v 2.137 		-0.0016 		1.4031
v 2.1344 		-0.0012 		1.4026
v 2.1318 		-0.0008 		1.4021
v 2.1291 		-0.0004 		1.4016
v -2.1123 		-0.0004 		1.4016
v -2.1146 		-0.0008 		1.4021
v -2.117 		-0.0012 		1.4026
v -2.1193 		-0.0016 		1.4031
v -2.1215 		-0.002 		1.4036
v -2.1238 		-0.0024 		1.4041
v -2.1261 		-0.0028 		1.4046
v -2.1283 		-0.0032 		1.4051
v -2.1306 		-0.0036 		1.4056
v -2.1328 		-0.004 		1.4061
v -2.135 		-0.0045 		1.4066
v -2.1372 		-0.0057 		1.4064
v -2.1815 		-0.0162 		1.4163
v -2.2225 		-0.0279 		1.4272
v -2.2602 		-0.0406 		1.4391
v -2.2947 		-0.0543 		1.4518
v -2.3262 		-0.0689 		1.4655
v -2.3547 		-0.0845 		1.48
v -2.3803 		-0.1008 		1.4953
v -2.4032 		-0.118 		1.5114
v -2.4233 		-0.136 		1.5282
v -2.4409 		-0.1547 		1.5456
v -2.456 		-0.174 		1.5637
v -2.4687 		-0.194 		1.5824
v -2.4791 		-0.2146 		1.6016
v -2.4873 		-0.2357 		1.6213
v -2.4934 		-0.2572 		1.6414
v -2.4975 		-0.2792 		1.662
v -2.4997 		-0.3016 		1.6829
v -2.5 		-0.3244 		1.7042
v -2.4986 		-0.3475 		1.7257
v -2.4956 		-0.3708 		1.7475
v -2.4911 		-0.3943 		1.7695
v -2.4851 		-0.418 		1.7916
v -2.4777 		-0.4418 		1.8138
v -2.4691 		-0.4657 		1.8361
v -2.4594 		-0.4896 		1.8585
v -2.4486 		-0.5135 		1.8808
v -2.4369 		-0.5373 		1.903
v -2.4243 		-0.561 		1.9252
v -2.4109 		-0.5845 		1.9472
v -2.3968 		-0.6079 		1.969
v -2.3822 		-0.631 		1.9905
v -2.367 		-0.6538 		2.0118
v -2.3515 		-0.6762 		2.0328
v -2.3357 		-0.6983 		2.0534
v -2.3197 		-0.7199 		2.0736
v -2.3036 		-0.7411 		2.0934
v -2.2875 		-0.7617 		2.1127
v -2.2715 		-0.7818 		2.1314
v -2.2556 		-0.8012 		2.1495
v -2.2401 		-0.82 		2.1671
v -2.2249 		-0.838 		2.184
v -2.2102 		-0.8553 		2.2001
v -2.1961 		-0.8718 		2.2155
v -2.1826 		-0.8875 		2.2302
v -2.1699 		-0.9022 		2.2439
v -2.158 		-0.9161 		2.2568
v -2.1471 		-0.9289 		2.2688
v -2.1372 		-0.9407 		2.2799
v -2.1278 		-0.9516 		2.2901
v -2.1182 		-0.9619 		2.2997
v -2.1083 		-0.9716 		2.3087
v -2.0982 		-0.9806 		2.3171
v -2.0878 		-0.9891 		2.325
v -2.0772 		-0.9969 		2.3324
v -2.0663 		-1.0042 		2.3392
v -2.0551 		-1.011 		2.3455
v -2.0437 		-1.0172 		2.3513
v -2.0319 		-1.023 		2.3567
v -2.0199 		-1.0282 		2.3616
v -2.0075 		-1.033 		2.3661
v -1.9948 		-1.0373 		2.3701
v -1.9818 		-1.0412 		2.3737
v -1.9685 		-1.0447 		2.377
v -1.9548 		-1.0478 		2.3799
v -1.9407 		-1.0505 		2.3824
v -1.9263 		-1.0528 		2.3846
v -1.9115 		-1.0548 		2.3864
v -1.8963 		-1.0565 		2.388
v -1.8807 		-1.0578 		2.3893
v -1.8647 		-1.0589 		2.3903
v -1.8484 		-1.0597 		2.391
v -1.8315 		-1.0602 		2.3915
v -1.8143 		-1.0606 		2.3918
v -1.7966 		-1.0607 		2.3919
v -1.7785 		-1.0606 		2.3918
v -1.7599 		-1.0603 		2.3916
v -1.7408 		-1.0598 		2.3911
v -1.7213 		-1.0593 		2.3906
v -1.7013 		-1.0585 		2.3899
v -1.6808 		-1.0577 		2.3892
v -1.6598 		-1.0568 		2.3883
v -1.6383 		-1.0558 		2.3874
v -1.6162 		-1.0548 		2.3864
v -1.5937 		-1.0537 		2.3854
v -1.5706 		-1.0526 		2.3844
v -1.5469 		-1.0515 		2.3834
v -1.5227 		-1.0504 		2.3824
v -1.4979 		-1.0494 		2.3814
v -1.4726 		-1.0484 		2.3805
v -1.4467 		-1.0475 		2.3796
v -1.4201 		-1.0467 		2.3789
v -1.393 		-1.046 		2.3782
v -1.3653 		-1.0454 		2.3777
v -1.3369 		-1.045 		2.3772
v -1.3079 		-1.0447 		2.377
v -1.2783 		-1.0446 		2.3769
v -1.249 		-1.0446 		2.3769
v -1.2208 		-1.0446 		2.3769
v -1.1937 		-1.0445 		2.3768
v -1.1676 		-1.0445 		2.3768
v -1.1425 		-1.0444 		2.3767
v -1.1183 		-1.0443 		2.3767
v -1.0949 		-1.0443 		2.3766
v -1.0724 		-1.0442 		2.3765
v -1.0505 		-1.0441 		2.3764
v -1.0293 		-1.044 		2.3763
v -1.0086 		-1.0438 		2.3762
v -0.9885 		-1.0437 		2.3761
v -0.9688 		-1.0436 		2.3759
v -0.9496 		-1.0434 		2.3758
v -0.9306 		-1.0433 		2.3757
v -0.912 		-1.0431 		2.3755
v -0.8935 		-1.043 		2.3754
v -0.8752 		-1.0428 		2.3752
v -0.857 		-1.0426 		2.3751
v -0.8387 		-1.0425 		2.3749
v -0.8204 		-1.0423 		2.3748
v -0.8021 		-1.0421 		2.3746
v -0.7835 		-1.0419 		2.3744
v -0.7647 		-1.0418 		2.3743
v -0.7456 		-1.0416 		2.3741
v -0.7261 		-1.0414 		2.3739
v -0.7062 		-1.0412 		2.3738
v -0.6858 		-1.0411 		2.3736
v -0.6649 		-1.0409 		2.3734
v -0.6433 		-1.0407 		2.3733
v -0.621 		-1.0406 		2.3731
v -0.598 		-1.0404 		2.373
v -0.5742 		-1.0402 		2.3728
v -0.5495 		-1.0401 		2.3727
v -0.5239 		-1.04 		2.3726
v -0.4973 		-1.0398 		2.3724
v -0.4696 		-1.0397 		2.3723
v -0.4408 		-1.0396 		2.3722
v -0.4108 		-1.0395 		2.3721
v -0.3795 		-1.0393 		2.372
v -0.347 		-1.0393 		2.3719
v -0.313 		-1.0392 		2.3718
v -0.2776 		-1.0391 		2.3718
v -0.2407 		-1.039 		2.3717
v -0.2022 		-1.039 		2.3717
v -0.1621 		-1.039 		2.3716
v -0.1203 		-1.0389 		2.3716
v -0.0767 		-1.0389 		2.3716
v -0.033 		-1.039 		2.3717
v 0.0094 		-1.0391 		2.3718
v 0.0504 		-1.0393 		2.3719
v 0.0902 		-1.0395 		2.3722
v 0.1287 		-1.0398 		2.3724
v 0.166 		-1.0402 		2.3728
v 0.2022 		-1.0406 		2.3732
v 0.2373 		-1.041 		2.3736
v 0.2713 		-1.0415 		2.374
v 0.3044 		-1.0421 		2.3745
v 0.3365 		-1.0426 		2.3751
v 0.3677 		-1.0432 		2.3756
v 0.398 		-1.0439 		2.3762
v 0.4275 		-1.0445 		2.3768
v 0.4563 		-1.0451 		2.3774
v 0.4844 		-1.0458 		2.378
v 0.5118 		-1.0465 		2.3787
v 0.5386 		-1.0471 		2.3793
v 0.5648 		-1.0478 		2.3799
v 0.5905 		-1.0484 		2.3805
v 0.6158 		-1.0491 		2.3811
v 0.6406 		-1.0497 		2.3817
v 0.6651 		-1.0503 		2.3822
v 0.6892 		-1.0509 		2.3828
v 0.7131 		-1.0514 		2.3833
v 0.7368 		-1.0519 		2.3837
v 0.7603 		-1.0524 		2.3842
v 0.7836 		-1.0528 		2.3846
v 0.8069 		-1.0532 		2.3849
v 0.8301 		-1.0535 		2.3852
v 0.8534 		-1.0537 		2.3854
v 0.8767 		-1.0539 		2.3856
v 0.9001 		-1.054 		2.3857
v 0.9237 		-1.0541 		2.3858
v 0.9476 		-1.0541 		2.3858
v 0.9716 		-1.054 		2.3857
v 0.996 		-1.0538 		2.3855
v 1.0208 		-1.0535 		2.3852
v 1.0459 		-1.0531 		2.3848
v 1.0715 		-1.0526 		2.3844
v 1.0976 		-1.052 		2.3838
v 1.1243 		-1.0513 		2.3832
v 1.1515 		-1.0505 		2.3824
v 1.1794 		-1.0496 		2.3816
v 1.208 		-1.0485 		2.3806
v 1.2373 		-1.0474 		2.3795
v 1.2675 		-1.046 		2.3783
v 1.2984 		-1.0446 		2.3769
v 1.3294 		-1.0431 		2.3755
v 1.3596 		-1.0418 		2.3743
v 1.389 		-1.0405 		2.3731
v 1.4176 		-1.0393 		2.372
v 1.4455 		-1.0382 		2.3709
v 1.4726 		-1.0371 		2.3699
v 1.499 		-1.0361 		2.3689
v 1.5247 		-1.035 		2.368
v 1.5497 		-1.034 		2.367
v 1.574 		-1.033 		2.3661
v 1.5977 		-1.0319 		2.3651
v 1.6207 		-1.0308 		2.364
v 1.6431 		-1.0296 		2.3629
v 1.6649 		-1.0284 		2.3618
v 1.686 		-1.0271 		2.3605
v 1.7066 		-1.0256 		2.3592
v 1.7267 		-1.0241 		2.3578
v 1.7462 		-1.0224 		2.3562
v 1.7651 		-1.0206 		2.3545
v 1.7836 		-1.0186 		2.3526
v 1.8015 		-1.0164 		2.3506
v 1.819 		-1.0141 		2.3484
v 1.836 		-1.0115 		2.346
v 1.8525 		-1.0087 		2.3434
v 1.8687 		-1.0057 		2.3406
v 1.8844 		-1.0024 		2.3375
v 1.8997 		-0.9989 		2.3342
v 1.9146 		-0.9951 		2.3307
v 1.9291 		-0.991 		2.3268
v 1.9433 		-0.9866 		2.3227
v 1.9572 		-0.9818 		2.3183
v 1.9707 		-0.9767 		2.3135
v 1.984 		-0.9713 		2.3084
v 1.9969 		-0.9654 		2.303
v 2.0096 		-0.9592 		2.2972
v 2.022 		-0.9526 		2.291
v 2.0342 		-0.9456 		2.2845
v 2.0462 		-0.9382 		2.2775
v 2.058 		-0.9303 		2.2701
v 2.0696 		-0.9219 		2.2623
v 2.081 		-0.9131 		2.2541
v 2.0922 		-0.9038 		2.2454
v 2.1033 		-0.894 		2.2362
v 2.1143 		-0.8836 		2.2266
v 2.1252 		-0.8728 		2.2164
v 2.136 		-0.8614 		2.2057
v 2.1467 		-0.8494 		2.1945
v 2.1573 		-0.8368 		2.1828
v 2.1684 		-0.8236 		2.1704
v 2.1803 		-0.8096 		2.1574
v 2.1928 		-0.795 		2.1438
v 2.206 		-0.7797 		2.1295
v 2.2198 		-0.7639 		2.1147
v 2.234 		-0.7474 		2.0993
v 2.2486 		-0.7304 		2.0834
v 2.2635 		-0.7129 		2.0671
v 2.2786 		-0.6949 		2.0503
v 2.2938 		-0.6765 		2.0331
v 2.3091 		-0.6577 		2.0155
v 2.3244 		-0.6386 		1.9976
v 2.3396 		-0.6191 		1.9794
v 2.3545 		-0.5993 		1.961
v 2.3692 		-0.5793 		1.9423
v 2.3835 		-0.559 		1.9233
v 2.3974 		-0.5386 		1.9042
v 2.4108 		-0.518 		1.885
v 2.4235 		-0.4973 		1.8657
v 2.4356 		-0.4765 		1.8462
v 2.4469 		-0.4557 		1.8268
v 2.4573 		-0.4348 		1.8073
v 2.4668 		-0.414 		1.7879
v 2.4753 		-0.3933 		1.7685
v 2.4826 		-0.3726 		1.7492
v 2.4888 		-0.3521 		1.73
v 2.4937 		-0.3317 		1.711
v 2.4973 		-0.3116 		1.6922
v 2.4994 		-0.2917 		1.6736
v 2.5 		-0.272 		1.6552
v 2.499 		-0.2527 		1.6372
v 2.4963 		-0.2337 		1.6195
v 2.4919 		-0.2151 		1.6021
v 2.4856 		-0.1969 		1.5851
v 2.4774 		-0.1792 		1.5685
v 2.4672 		-0.1619 		1.5524
v 2.4548 		-0.1452 		1.5368
v 2.4403 		-0.129 		1.5217
v 2.4236 		-0.1134 		1.5071
v 2.4045 		-0.0985 		1.4931
v 2.3829 		-0.0842 		1.4798
v 2.3589 		-0.0706 		1.4671
v 2.3323 		-0.0577 		1.4551
v 2.303 		-0.0456 		1.4438
v 2.2709 		-0.0343 		1.4332
v 2.236 		-0.0239 		1.4235
v 2.1982 		-0.0143 		1.4145
v 2.1573 		-0.0057 		1.4064
v 2.1549 		-0.0052 		1.406
v 2.1524 		-0.0047 		1.4055
v 2.1499 		-0.0042 		1.4051
v 2.1473 		-0.0038 		1.4047
v 2.1448 		-0.0033 		1.4042
v 2.1422 		-0.0028 		1.4038
v 2.1396 		-0.0023 		1.4033
v 2.137 		-0.0019 		1.4029
v 2.1344 		-0.0014 		1.4025
v 2.1318 		-0.0009 		1.402
v 2.1291 		-0.0005 		1.4016
v -2.1123 		-0.0005 		1.4016
v -2.1146 		-0.0009 		1.402
v -2.117 		-0.0014 		1.4025
v -2.1193 		-0.0019 		1.4029
v -2.1215 		-0.0023 		1.4033
v -2.1238 		-0.0028 		1.4038
v -2.1261 		-0.0033 		1.4042
v -2.1283 		-0.0038 		1.4047
v -2.1306 		-0.0042 		1.4051
v -2.1328 		-0.0047 		1.4055
v -2.135 		-0.0052 		1.406
v -2.1372 		-0.0063 		1.4057
v -2.1815 		-0.0182 		1.4142
v -2.2225 		-0.0313 		1.4236
v -2.2602 		-0.0455 		1.4338
v -2.2947 		-0.0609 		1.4448
v -2.3262 		-0.0773 		1.4566
v -2.3547 		-0.0948 		1.4691
v -2.3803 		-0.1131 		1.4822
v -2.4032 		-0.1324 		1.4961
v -2.4233 		-0.1526 		1.5105
v -2.4409 		-0.1736 		1.5255
v -2.456 		-0.1953 		1.5411
v -2.4687 		-0.2177 		1.5572
v -2.4791 		-0.2407 		1.5737
v -2.4873 		-0.2644 		1.5907
v -2.4934 		-0.2886 		1.608
v -2.4975 		-0.3133 		1.6257
v -2.4997 		-0.3384 		1.6437
v -2.5 		-0.364 		1.662
v -2.4986 		-0.3898 		1.6806
v -2.4956 		-0.416 		1.6993
v -2.4911 		-0.4424 		1.7182
v -2.4851 		-0.469 		1.7373
v -2.4777 		-0.4957 		1.7564
v -2.4691 		-0.5225 		1.7756
v -2.4594 		-0.5493 		1.7949
v -2.4486 		-0.5761 		1.8141
v -2.4369 		-0.6028 		1.8332
v -2.4243 		-0.6294 		1.8523
v -2.4109 		-0.6558 		1.8712
v -2.3968 		-0.682 		1.89
v -2.3822 		-0.7079 		1.9086
v -2.367 		-0.7335 		1.9269
v -2.3515 		-0.7587 		1.945
v -2.3357 		-0.7835 		1.9627
v -2.3197 		-0.8077 		1.9801
v -2.3036 		-0.8315 		1.9971
v -2.2875 		-0.8546 		2.0137
v -2.2715 		-0.8771 		2.0298
v -2.2556 		-0.8989 		2.0455
v -2.2401 		-0.92 		2.0606
v -2.2249 		-0.9402 		2.0751
v -2.2102 		-0.9597 		2.089
v -2.1961 		-0.9782 		2.1023
v -2.1826 		-0.9957 		2.1149
v -2.1699 		-1.0123 		2.1267
v -2.158 		-1.0278 		2.1378
v -2.1471 		-1.0422 		2.1482
v -2.1372 		-1.0554 		2.1576
v -2.1278 		-1.0677 		2.1664
v -2.1182 		-1.0792 		2.1747
v -2.1083 		-1.0901 		2.1825
v -2.0982 		-1.1002 		2.1897
v -2.0878 		-1.1097 		2.1965
v -2.0772 		-1.1185 		2.2029
v -2.0663 		-1.1267 		2.2087
v -2.0551 		-1.1343 		2.2142
v -2.0437 		-1.1413 		2.2192
v -2.0319 		-1.1477 		2.2238
v -2.0199 		-1.1536 		2.228
v -2.0075 		-1.159 		2.2319
v -1.9948 		-1.1638 		2.2353
v -1.9818 		-1.1682 		2.2385
v -1.9685 		-1.1721 		2.2413
v -1.9548 		-1.1755 		2.2437
v -1.9407 		-1.1786 		2.2459
v -1.9263 		-1.1812 		2.2478
v -1.9115 		-1.1834 		2.2494
v -1.8963 		-1.1853 		2.2507
v -1.8807 		-1.1868 		2.2518
v -1.8647 		-1.188 		2.2527
v -1.8484 		-1.1889 		2.2533
v -1.8315 		-1.1896 		2.2538
v -1.8143 		-1.1899 		2.254
v -1.7966 		-1.19 		2.2541
v -1.7785 		-1.1899 		2.254
v -1.7599 		-1.1896 		2.2538
v -1.7408 		-1.1891 		2.2535
v -1.7213 		-1.1884 		2.253
v -1.7013 		-1.1876 		2.2524
v -1.6808 		-1.1867 		2.2517
v -1.6598 		-1.1857 		2.251
v -1.6383 		-1.1846 		2.2502
v -1.6162 		-1.1834 		2.2494
v -1.5937 		-1.1822 		2.2485
v -1.5706 		-1.181 		2.2476
v -1.5469 		-1.1798 		2.2468
v -1.5227 		-1.1786 		2.2459
v -1.4979 		-1.1774 		2.2451
v -1.4726 		-1.1763 		2.2443
v -1.4467 		-1.1753 		2.2435
v -1.4201 		-1.1744 		2.2429
v -1.393 		-1.1736 		2.2423
v -1.3653 		-1.1729 		2.2418
v -1.3369 		-1.1724 		2.2415
v -1.3079 		-1.1721 		2.2413
v -1.2783 		-1.172 		2.2412
v -1.249 		-1.172 		2.2412
v -1.2208 		-1.172 		2.2412
v -1.1937 		-1.1719 		2.2411
v -1.1676 		-1.1719 		2.2411
v -1.1425 		-1.1718 		2.2411
v -1.1183 		-1.1717 		2.241
v -1.0949 		-1.1716 		2.2409
v -1.0724 		-1.1715 		2.2409
v -1.0505 		-1.1714 		2.2408
v -1.0293 		-1.1713 		2.2407
v -1.0086 		-1.1712 		2.2406
v -0.9885 		-1.171 		2.2405
v -0.9688 		-1.1709 		2.2404
v -0.9496 		-1.1707 		2.2403
v -0.9306 		-1.1705 		2.2401
v -0.912 		-1.1704 		2.24
v -0.8935 		-1.1702 		2.2399
v -0.8752 		-1.17 		2.2398
v -0.857 		-1.1698 		2.2396
v -0.8387 		-1.1696 		2.2395
v -0.8204 		-1.1694 		2.2393
v -0.8021 		-1.1692 		2.2392
v -0.7835 		-1.169 		2.2391
v -0.7647 		-1.1688 		2.2389
v -0.7456 		-1.1686 		2.2388
v -0.7261 		-1.1684 		2.2386
v -0.7062 		-1.1682 		2.2385
v -0.6858 		-1.168 		2.2384
v -0.6649 		-1.1678 		2.2382
v -0.6433 		-1.1677 		2.2381
v -0.621 		-1.1675 		2.2379
v -0.598 		-1.1673 		2.2378
v -0.5742 		-1.1671 		2.2377
v -0.5495 		-1.167 		2.2376
v -0.5239 		-1.1668 		2.2375
v -0.4973 		-1.1666 		2.2374
v -0.4696 		-1.1665 		2.2372
v -0.4408 		-1.1664 		2.2372
v -0.4108 		-1.1662 		2.2371
v -0.3795 		-1.1661 		2.237
v -0.347 		-1.166 		2.2369
v -0.313 		-1.1659 		2.2368
v -0.2776 		-1.1658 		2.2368
v -0.2407 		-1.1658 		2.2367
v -0.2022 		-1.1657 		2.2367
v -0.1621 		-1.1657 		2.2367
v -0.1203 		-1.1657 		2.2366
v -0.0767 		-1.1656 		2.2366
v -0.033 		-1.1657 		2.2367
v 0.0094 		-1.1658 		2.2368
v 0.0504 		-1.166 		2.2369
v 0.0902 		-1.1663 		2.2371
v 0.1287 		-1.1666 		2.2373
v 0.166 		-1.167 		2.2376
v 0.2022 		-1.1675 		2.238
v 0.2373 		-1.168 		2.2383
v 0.2713 		-1.1686 		2.2387
v 0.3044 		-1.1692 		2.2392
v 0.3365 		-1.1698 		2.2396
v 0.3677 		-1.1705 		2.2401
v 0.398 		-1.1712 		2.2406
v 0.4275 		-1.1719 		2.2411
v 0.4563 		-1.1726 		2.2416
v 0.4844 		-1.1734 		2.2422
v 0.5118 		-1.1741 		2.2427
v 0.5386 		-1.1749 		2.2432
v 0.5648 		-1.1756 		2.2438
v 0.5905 		-1.1763 		2.2443
v 0.6158 		-1.177 		2.2448
v 0.6406 		-1.1777 		2.2453
v 0.6651 		-1.1784 		2.2458
v 0.6892 		-1.1791 		2.2462
v 0.7131 		-1.1797 		2.2467
v 0.7368 		-1.1802 		2.2471
v 0.7603 		-1.1807 		2.2475
v 0.7836 		-1.1812 		2.2478
v 0.8069 		-1.1816 		2.2481
v 0.8301 		-1.182 		2.2483
v 0.8534 		-1.1823 		2.2485
v 0.8767 		-1.1825 		2.2487
v 0.9001 		-1.1826 		2.2488
v 0.9237 		-1.1827 		2.2488
v 0.9476 		-1.1826 		2.2488
v 0.9716 		-1.1825 		2.2487
v 0.996 		-1.1823 		2.2486
v 1.0208 		-1.182 		2.2483
v 1.0459 		-1.1815 		2.248
v 1.0715 		-1.181 		2.2476
v 1.0976 		-1.1803 		2.2472
v 1.1243 		-1.1796 		2.2466
v 1.1515 		-1.1786 		2.246
v 1.1794 		-1.1776 		2.2452
v 1.208 		-1.1764 		2.2444
v 1.2373 		-1.1751 		2.2434
v 1.2675 		-1.1736 		2.2424
v 1.2984 		-1.172 		2.2412
v 1.3294 		-1.1704 		2.24
v 1.3596 		-1.1688 		2.2389
v 1.389 		-1.1674 		2.2379
v 1.4176 		-1.1661 		2.237
v 1.4455 		-1.1648 		2.2361
v 1.4726 		-1.1636 		2.2352
v 1.499 		-1.1624 		2.2343
v 1.5247 		-1.1613 		2.2335
v 1.5497 		-1.1601 		2.2327
v 1.574 		-1.159 		2.2319
v 1.5977 		-1.1578 		2.231
v 1.6207 		-1.1565 		2.2301
v 1.6431 		-1.1552 		2.2292
v 1.6649 		-1.1538 		2.2282
v 1.686 		-1.1523 		2.2271
v 1.7066 		-1.1507 		2.2259
v 1.7267 		-1.149 		2.2247
v 1.7462 		-1.1471 		2.2234
v 1.7651 		-1.1451 		2.2219
v 1.7836 		-1.1428 		2.2203
v 1.8015 		-1.1404 		2.2185
v 1.819 		-1.1378 		2.2167
v 1.836 		-1.1349 		2.2146
v 1.8525 		-1.1318 		2.2124
v 1.8687 		-1.1284 		2.2099
v 1.8844 		-1.1247 		2.2073
v 1.8997 		-1.1207 		2.2045
v 1.9146 		-1.1165 		2.2014
v 1.9291 		-1.1118 		2.1981
v 1.9433 		-1.1069 		2.1945
v 1.9572 		-1.1016 		2.1907
v 1.9707 		-1.0958 		2.1866
v 1.984 		-1.0897 		2.1822
v 1.9969 		-1.0832 		2.1775
v 2.0096 		-1.0762 		2.1726
v 2.022 		-1.0688 		2.1673
v 2.0342 		-1.061 		2.1616
v 2.0462 		-1.0526 		2.1556
v 2.058 		-1.0438 		2.1493
v 2.0696 		-1.0344 		2.1426
v 2.081 		-1.0245 		2.1355
v 2.0922 		-1.014 		2.128
v 2.1033 		-1.003 		2.1201
v 2.1143 		-0.9914 		2.1118
v 2.1252 		-0.9792 		2.103
v 2.136 		-0.9664 		2.0938
v 2.1467 		-0.953 		2.0842
v 2.1573 		-0.9389 		2.0741
v 2.1684 		-0.924 		2.0635
v 2.1803 		-0.9084 		2.0522
v 2.1928 		-0.892 		2.0405
v 2.206 		-0.8748 		2.0282
v 2.2198 		-0.857 		2.0154
v 2.234 		-0.8386 		2.0022
v 2.2486 		-0.8195 		1.9885
v 2.2635 		-0.7999 		1.9745
v 2.2786 		-0.7797 		1.96
v 2.2938 		-0.7591 		1.9452
v 2.3091 		-0.738 		1.9301
v 2.3244 		-0.7165 		1.9147
v 2.3396 		-0.6946 		1.899
v 2.3545 		-0.6724 		1.8831
v 2.3692 		-0.6499 		1.867
v 2.3835 		-0.6272 		1.8507
v 2.3974 		-0.6043 		1.8343
v 2.4108 		-0.5812 		1.8177
v 2.4235 		-0.5579 		1.8011
v 2.4356 		-0.5346 		1.7843
v 2.4469 		-0.5112 		1.7676
v 2.4573 		-0.4879 		1.7508
v 2.4668 		-0.4645 		1.7341
v 2.4753 		-0.4412 		1.7174
v 2.4826 		-0.4181 		1.7008
v 2.4888 		-0.395 		1.6843
v 2.4937 		-0.3722 		1.6679
v 2.4973 		-0.3496 		1.6517
v 2.4994 		-0.3272 		1.6357
v 2.5 		-0.3052 		1.6199
v 2.499 		-0.2835 		1.6044
v 2.4963 		-0.2622 		1.5891
v 2.4919 		-0.2413 		1.5741
v 2.4856 		-0.2209 		1.5595
v 2.4774 		-0.201 		1.5452
v 2.4672 		-0.1817 		1.5314
v 2.4548 		-0.1629 		1.5179
v 2.4403 		-0.1447 		1.5049
v 2.4236 		-0.1273 		1.4924
v 2.4045 		-0.1105 		1.4803
v 2.3829 		-0.0944 		1.4688
v 2.3589 		-0.0792 		1.4579
v 2.3323 		-0.0648 		1.4476
v 2.303 		-0.0512 		1.4378
v 2.2709 		-0.0385 		1.4288
v 2.236 		-0.0268 		1.4204
v 2.1982 		-0.0161 		1.4127
v 2.1573 		-0.0063 		1.4057
v 2.1549 		-0.0058 		1.4053
v 2.1524 		-0.0053 		1.4049
v 2.1499 		-0.0047 		1.4046
v 2.1473 		-0.0042 		1.4042
v 2.1448 		-0.0037 		1.4038
v 2.1422 		-0.0032 		1.4034
v 2.1396 		-0.0026 		1.403
v 2.137 		-0.0021 		1.4027
v 2.1344 		-0.0016 		1.4023
v 2.1318 		-0.001 		1.4019
v 2.1291 		-0.0005 		1.4015
v -2.1123 		-0.0005 		1.4015
v -2.1146 		-0.001 		1.4019
v -2.117 		-0.0016 		1.4023
v -2.1193 		-0.0021 		1.4027
v -2.1215 		-0.0026 		1.403
v -2.1238 		-0.0032 		1.4034
v -2.1261 		-0.0037 		1.4038
v -2.1283 		-0.0042 		1.4042
v -2.1306 		-0.0047 		1.4045
v -2.1328 		-0.0053 		1.4049
v -2.135 		-0.0058 		1.4053
v -2.1372 		-0.0069 		1.4049
v -2.1815 		-0.0199 		1.4119
v -2.2225 		-0.0342 		1.4196
v -2.2602 		-0.0497 		1.428
v -2.2947 		-0.0665 		1.437
v -2.3262 		-0.0844 		1.4467
v -2.3547 		-0.1034 		1.4569
v -2.3803 		-0.1235 		1.4678
v -2.4032 		-0.1446 		1.4791
v -2.4233 		-0.1666 		1.491
v -2.4409 		-0.1895 		1.5033
v -2.456 		-0.2132 		1.5161
v -2.4687 		-0.2376 		1.5293
v -2.4791 		-0.2628 		1.5429
v -2.4873 		-0.2886 		1.5568
v -2.4934 		-0.315 		1.5711
v -2.4975 		-0.342 		1.5856
v -2.4997 		-0.3694 		1.6004
v -2.5 		-0.3973 		1.6154
v -2.4986 		-0.4256 		1.6307
v -2.4956 		-0.4541 		1.6461
v -2.4911 		-0.4829 		1.6616
v -2.4851 		-0.5119 		1.6772
v -2.4777 		-0.5411 		1.693
v -2.4691 		-0.5703 		1.7087
v -2.4594 		-0.5996 		1.7245
v -2.4486 		-0.6289 		1.7403
v -2.4369 		-0.658 		1.756
v -2.4243 		-0.6871 		1.7717
v -2.4109 		-0.7159 		1.7872
v -2.3968 		-0.7445 		1.8027
v -2.3822 		-0.7728 		1.8179
v -2.367 		-0.8007 		1.833
v -2.3515 		-0.8282 		1.8478
v -2.3357 		-0.8552 		1.8624
v -2.3197 		-0.8817 		1.8767
v -2.3036 		-0.9076 		1.8906
v -2.2875 		-0.9329 		1.9043
v -2.2715 		-0.9575 		1.9175
v -2.2556 		-0.9813 		1.9303
v -2.2401 		-1.0042 		1.9427
v -2.2249 		-1.0264 		1.9547
v -2.2102 		-1.0476 		1.9661
v -2.1961 		-1.0678 		1.977
v -2.1826 		-1.0869 		1.9873
v -2.1699 		-1.105 		1.9971
v -2.158 		-1.1219 		2.0062
v -2.1471 		-1.1377 		2.0147
v -2.1372 		-1.1521 		2.0225
v -2.1278 		-1.1655 		2.0297
v -2.1182 		-1.1781 		2.0365
v -2.1083 		-1.1899 		2.0429
v -2.0982 		-1.201 		2.0489
v -2.0878 		-1.2113 		2.0544
v -2.0772 		-1.221 		2.0596
v -2.0663 		-1.2299 		2.0644
v -2.0551 		-1.2382 		2.0689
v -2.0437 		-1.2458 		2.073
v -2.0319 		-1.2529 		2.0768
v -2.0199 		-1.2593 		2.0803
v -2.0075 		-1.2651 		2.0834
v -1.9948 		-1.2704 		2.0863
v -1.9818 		-1.2752 		2.0889
v -1.9685 		-1.2795 		2.0912
v -1.9548 		-1.2832 		2.0932
v -1.9407 		-1.2865 		2.095
v -1.9263 		-1.2894 		2.0965
v -1.9115 		-1.2918 		2.0978
v -1.8963 		-1.2939 		2.0989
v -1.8807 		-1.2956 		2.0998
v -1.8647 		-1.2969 		2.1006
v -1.8484 		-1.2979 		2.1011
v -1.8315 		-1.2985 		2.1015
v -1.8143 		-1.2989 		2.1017
v -1.7966 		-1.299 		2.1017
v -1.7785 		-1.2989 		2.1017
v -1.7599 		-1.2986 		2.1015
v -1.7408 		-1.298 		2.1012
v -1.7213 		-1.2973 		2.1008
v -1.7013 		-1.2964 		2.1003
v -1.6808 		-1.2954 		2.0998
v -1.6598 		-1.2943 		2.0992
v -1.6383 		-1.2931 		2.0985
v -1.6162 		-1.2918 		2.0978
v -1.5937 		-1.2905 		2.0971
v -1.5706 		-1.2892 		2.0964
v -1.5469 		-1.2878 		2.0957
v -1.5227 		-1.2865 		2.095
v -1.4979 		-1.2853 		2.0943
v -1.4726 		-1.2841 		2.0936
v -1.4467 		-1.2829 		2.093
v -1.4201 		-1.2819 		2.0925
v -1.393 		-1.2811 		2.092
v -1.3653 		-1.2804 		2.0916
v -1.3369 		-1.2798 		2.0914
v -1.3079 		-1.2795 		2.0912
v -1.2783 		-1.2794 		2.0911
v -1.249 		-1.2793 		2.0911
v -1.2208 		-1.2793 		2.0911
v -1.1937 		-1.2793 		2.0911
v -1.1676 		-1.2792 		2.091
v -1.1425 		-1.2791 		2.091
v -1.1183 		-1.2791 		2.0909
v -1.0949 		-1.279 		2.0909
v -1.0724 		-1.2788 		2.0908
v -1.0505 		-1.2787 		2.0908
v -1.0293 		-1.2786 		2.0907
v -1.0086 		-1.2784 		2.0906
v -0.9885 		-1.2783 		2.0905
v -0.9688 		-1.2781 		2.0904
v -0.9496 		-1.2779 		2.0903
v -0.9306 		-1.2777 		2.0902
v -0.912 		-1.2776 		2.0901
v -0.8935 		-1.2774 		2.09
v -0.8752 		-1.2772 		2.0899
v -0.857 		-1.277 		2.0898
v -0.8387 		-1.2767 		2.0897
v -0.8204 		-1.2765 		2.0896
v -0.8021 		-1.2763 		2.0895
v -0.7835 		-1.2761 		2.0894
v -0.7647 		-1.2759 		2.0892
v -0.7456 		-1.2757 		2.0891
v -0.7261 		-1.2755 		2.089
v -0.7062 		-1.2752 		2.0889
v -0.6858 		-1.275 		2.0888
v -0.6649 		-1.2748 		2.0887
v -0.6433 		-1.2746 		2.0886
v -0.621 		-1.2744 		2.0884
v -0.598 		-1.2742 		2.0883
v -0.5742 		-1.274 		2.0882
v -0.5495 		-1.2738 		2.0881
v -0.5239 		-1.2737 		2.088
v -0.4973 		-1.2735 		2.088
v -0.4696 		-1.2733 		2.0879
v -0.4408 		-1.2732 		2.0878
v -0.4108 		-1.2731 		2.0877
v -0.3795 		-1.2729 		2.0876
v -0.347 		-1.2728 		2.0876
v -0.313 		-1.2727 		2.0875
v -0.2776 		-1.2726 		2.0875
v -0.2407 		-1.2726 		2.0874
v -0.2022 		-1.2725 		2.0874
v -0.1621 		-1.2725 		2.0874
v -0.1203 		-1.2724 		2.0874
v -0.0767 		-1.2724 		2.0874
v -0.033 		-1.2725 		2.0874
v 0.0094 		-1.2726 		2.0875
v 0.0504 		-1.2728 		2.0876
v 0.0902 		-1.2731 		2.0878
v 0.1287 		-1.2735 		2.088
v 0.166 		-1.2739 		2.0882
v 0.2022 		-1.2744 		2.0885
v 0.2373 		-1.275 		2.0888
v 0.2713 		-1.2756 		2.0891
v 0.3044 		-1.2763 		2.0894
v 0.3365 		-1.277 		2.0898
v 0.3677 		-1.2777 		2.0902
v 0.398 		-1.2785 		2.0906
v 0.4275 		-1.2792 		2.091
v 0.4563 		-1.28 		2.0915
v 0.4844 		-1.2808 		2.0919
v 0.5118 		-1.2817 		2.0923
v 0.5386 		-1.2825 		2.0928
v 0.5648 		-1.2833 		2.0932
v 0.5905 		-1.2841 		2.0937
v 0.6158 		-1.2849 		2.0941
v 0.6406 		-1.2856 		2.0945
v 0.6651 		-1.2864 		2.0949
v 0.6892 		-1.2871 		2.0953
v 0.7131 		-1.2877 		2.0956
v 0.7368 		-1.2883 		2.096
v 0.7603 		-1.2889 		2.0963
v 0.7836 		-1.2894 		2.0965
v 0.8069 		-1.2899 		2.0968
v 0.8301 		-1.2902 		2.097
v 0.8534 		-1.2906 		2.0972
v 0.8767 		-1.2908 		2.0973
v 0.9001 		-1.2909 		2.0974
v 0.9237 		-1.291 		2.0974
v 0.9476 		-1.291 		2.0974
v 0.9716 		-1.2908 		2.0973
v 0.996 		-1.2906 		2.0972
v 1.0208 		-1.2902 		2.097
v 1.0459 		-1.2898 		2.0967
v 1.0715 		-1.2892 		2.0964
v 1.0976 		-1.2885 		2.096
v 1.1243 		-1.2876 		2.0956
v 1.1515 		-1.2866 		2.095
v 1.1794 		-1.2855 		2.0944
v 1.208 		-1.2842 		2.0937
v 1.2373 		-1.2827 		2.0929
v 1.2675 		-1.2811 		2.0921
v 1.2984 		-1.2794 		2.0911
v 1.3294 		-1.2776 		2.0901
v 1.3596 		-1.2759 		2.0892
v 1.389 		-1.2744 		2.0884
v 1.4176 		-1.2729 		2.0876
v 1.4455 		-1.2715 		2.0869
v 1.4726 		-1.2702 		2.0862
v 1.499 		-1.2689 		2.0855
v 1.5247 		-1.2677 		2.0848
v 1.5497 		-1.2664 		2.0841
v 1.574 		-1.2651 		2.0834
v 1.5977 		-1.2638 		2.0827
v 1.6207 		-1.2625 		2.082
v 1.6431 		-1.261 		2.0812
v 1.6649 		-1.2595 		2.0804
v 1.686 		-1.2579 		2.0795
v 1.7066 		-1.2561 		2.0786
v 1.7267 		-1.2542 		2.0776
v 1.7462 		-1.2522 		2.0765
v 1.7651 		-1.25 		2.0753
v 1.7836 		-1.2475 		2.0739
v 1.8015 		-1.2449 		2.0725
v 1.819 		-1.242 		2.071
v 1.836 		-1.2388 		2.0693
v 1.8525 		-1.2354 		2.0674
v 1.8687 		-1.2317 		2.0654
v 1.8844 		-1.2277 		2.0633
v 1.8997 		-1.2234 		2.0609
v 1.9146 		-1.2187 		2.0584
v 1.9291 		-1.2137 		2.0557
v 1.9433 		-1.2083 		2.0528
v 1.9572 		-1.2025 		2.0496
v 1.9707 		-1.1962 		2.0463
v 1.984 		-1.1896 		2.0427
v 1.9969 		-1.1824 		2.0388
v 2.0096 		-1.1748 		2.0347
v 2.022 		-1.1667 		2.0304
v 2.0342 		-1.1582 		2.0257
v 2.0462 		-1.149 		2.0208
v 2.058 		-1.1394 		2.0156
v 2.0696 		-1.1291 		2.0101
v 2.081 		-1.1183 		2.0043
v 2.0922 		-1.1069 		1.9981
v 2.1033 		-1.0949 		1.9916
v 2.1143 		-1.0822 		1.9848
v 2.1252 		-1.0689 		1.9776
v 2.136 		-1.0549 		1.9701
v 2.1467 		-1.0403 		1.9622
v 2.1573 		-1.0249 		1.9539
v 2.1684 		-1.0087 		1.9451
v 2.1803 		-0.9916 		1.9359
v 2.1928 		-0.9737 		1.9263
v 2.206 		-0.955 		1.9162
v 2.2198 		-0.9355 		1.9057
v 2.234 		-0.9154 		1.8948
v 2.2486 		-0.8946 		1.8836
v 2.2635 		-0.8731 		1.872
v 2.2786 		-0.8511 		1.8602
v 2.2938 		-0.8286 		1.848
v 2.3091 		-0.8056 		1.8356
v 2.3244 		-0.7821 		1.8229
v 2.3396 		-0.7582 		1.8101
v 2.3545 		-0.734 		1.797
v 2.3692 		-0.7095 		1.7838
v 2.3835 		-0.6847 		1.7704
v 2.3974 		-0.6596 		1.7569
v 2.4108 		-0.6344 		1.7433
v 2.4235 		-0.609 		1.7296
v 2.4356 		-0.5836 		1.7159
v 2.4469 		-0.5581 		1.7021
v 2.4573 		-0.5325 		1.6884
v 2.4668 		-0.5071 		1.6746
v 2.4753 		-0.4816 		1.6609
v 2.4826 		-0.4563 		1.6473
v 2.4888 		-0.4312 		1.6337
v 2.4937 		-0.4063 		1.6203
v 2.4973 		-0.3816 		1.6069
v 2.4994 		-0.3572 		1.5938
v 2.5 		-0.3332 		1.5808
v 2.499 		-0.3095 		1.5681
v 2.4963 		-0.2862 		1.5555
v 2.4919 		-0.2634 		1.5432
v 2.4856 		-0.2412 		1.5312
v 2.4774 		-0.2194 		1.5195
v 2.4672 		-0.1983 		1.5081
v 2.4548 		-0.1778 		1.497
v 2.4403 		-0.158 		1.4864
v 2.4236 		-0.1389 		1.4761
v 2.4045 		-0.1206 		1.4662
v 2.3829 		-0.1031 		1.4568
v 2.3589 		-0.0864 		1.4478
v 2.3323 		-0.0707 		1.4393
v 2.303 		-0.0559 		1.4313
v 2.2709 		-0.0421 		1.4238
v 2.236 		-0.0293 		1.4169
v 2.1982 		-0.0175 		1.4106
v 2.1573 		-0.0069 		1.4049
v 2.1549 		-0.0063 		1.4046
v 2.1524 		-0.0058 		1.4043
v 2.1499 		-0.0052 		1.4039
v 2.1473 		-0.0046 		1.4036
v 2.1448 		-0.004 		1.4033
v 2.1422 		-0.0034 		1.403
v 2.1396 		-0.0029 		1.4027
v 2.137 		-0.0023 		1.4024
v 2.1344 		-0.0017 		1.4021
v 2.1318 		-0.0011 		1.4018
v 2.1291 		-0.0006 		1.4015
v -2.1123 		-0.0006 		1.4015
v -2.1146 		-0.0011 		1.4018
v -2.117 		-0.0017 		1.4021
v -2.1193 		-0.0023 		1.4024
v -2.1215 		-0.0029 		1.4027
v -2.1238 		-0.0034 		1.403
v -2.1261 		-0.004 		1.4033
v -2.1283 		-0.0046 		1.4036
v -2.1306 		-0.0052 		1.4039
v -2.1328 		-0.0058 		1.4043
v -2.135 		-0.0063 		1.4046
v -2.1372 		-0.0074 		1.404
v -2.1815 		-0.0212 		1.4094
v -2.2225 		-0.0364 		1.4152
v -2.2602 		-0.053 		1.4217
v -2.2947 		-0.0709 		1.4286
v -2.3262 		-0.09 		1.436
v -2.3547 		-0.1103 		1.4438
v -2.3803 		-0.1318 		1.4521
v -2.4032 		-0.1542 		1.4608
v -2.4233 		-0.1777 		1.4699
v -2.4409 		-0.2021 		1.4794
v -2.456 		-0.2274 		1.4891
v -2.4687 		-0.2535 		1.4992
v -2.4791 		-0.2803 		1.5096
v -2.4873 		-0.3079 		1.5203
v -2.4934 		-0.3361 		1.5312
v -2.4975 		-0.3648 		1.5423
v -2.4997 		-0.3941 		1.5536
v -2.5 		-0.4239 		1.5651
v -2.4986 		-0.454 		1.5768
v -2.4956 		-0.4844 		1.5886
v -2.4911 		-0.5152 		1.6005
v -2.4851 		-0.5461 		1.6125
v -2.4777 		-0.5772 		1.6245
v -2.4691 		-0.6084 		1.6366
v -2.4594 		-0.6397 		1.6486
v -2.4486 		-0.6709 		1.6607
v -2.4369 		-0.702 		1.6728
v -2.4243 		-0.733 		1.6847
v -2.4109 		-0.7637 		1.6967
v -2.3968 		-0.7942 		1.7085
v -2.3822 		-0.8244 		1.7201
v -2.367 		-0.8542 		1.7317
v -2.3515 		-0.8835 		1.743
v -2.3357 		-0.9124 		1.7542
v -2.3197 		-0.9406 		1.7651
v -2.3036 		-0.9683 		1.7758
v -2.2875 		-0.9952 		1.7862
v -2.2715 		-1.0214 		1.7964
v -2.2556 		-1.0468 		1.8062
v -2.2401 		-1.0713 		1.8157
v -2.2249 		-1.0949 		1.8248
v -2.2102 		-1.1175 		1.8335
v -2.1961 		-1.1391 		1.8419
v -2.1826 		-1.1596 		1.8498
v -2.1699 		-1.1788 		1.8573
v -2.158 		-1.1969 		1.8642
v -2.1471 		-1.2137 		1.8707
v -2.1372 		-1.2291 		1.8767
v -2.1278 		-1.2434 		1.8822
v -2.1182 		-1.2568 		1.8874
v -2.1083 		-1.2694 		1.8923
v -2.0982 		-1.2812 		1.8969
v -2.0878 		-1.2923 		1.9011
v -2.0772 		-1.3025 		1.9051
v -2.0663 		-1.3121 		1.9088
v -2.0551 		-1.3209 		1.9122
v -2.0437 		-1.3291 		1.9154
v -2.0319 		-1.3366 		1.9183
v -2.0199 		-1.3434 		1.9209
v -2.0075 		-1.3497 		1.9234
v -1.9948 		-1.3553 		1.9255
v -1.9818 		-1.3604 		1.9275
v -1.9685 		-1.3649 		1.9293
v -1.9548 		-1.369 		1.9308
v -1.9407 		-1.3725 		1.9322
v -1.9263 		-1.3755 		1.9334
v -1.9115 		-1.3781 		1.9344
v -1.8963 		-1.3803 		1.9352
v -1.8807 		-1.3821 		1.9359
v -1.8647 		-1.3835 		1.9365
v -1.8484 		-1.3846 		1.9369
v -1.8315 		-1.3853 		1.9371
v -1.8143 		-1.3857 		1.9373
v -1.7966 		-1.3858 		1.9373
v -1.7785 		-1.3857 		1.9373
v -1.7599 		-1.3853 		1.9372
v -1.7408 		-1.3847 		1.9369
v -1.7213 		-1.384 		1.9366
v -1.7013 		-1.383 		1.9363
v -1.6808 		-1.382 		1.9359
v -1.6598 		-1.3808 		1.9354
v -1.6383 		-1.3795 		1.9349
v -1.6162 		-1.3781 		1.9344
v -1.5937 		-1.3767 		1.9338
v -1.5706 		-1.3753 		1.9333
v -1.5469 		-1.3739 		1.9327
v -1.5227 		-1.3725 		1.9322
v -1.4979 		-1.3711 		1.9317
v -1.4726 		-1.3698 		1.9312
v -1.4467 		-1.3686 		1.9307
v -1.4201 		-1.3676 		1.9303
v -1.393 		-1.3666 		1.9299
v -1.3653 		-1.3659 		1.9296
v -1.3369 		-1.3653 		1.9294
v -1.3079 		-1.3649 		1.9293
v -1.2783 		-1.3648 		1.9292
v -1.249 		-1.3648 		1.9292
v -1.2208 		-1.3648 		1.9292
v -1.1937 		-1.3647 		1.9292
v -1.1676 		-1.3647 		1.9292
v -1.1425 		-1.3646 		1.9291
v -1.1183 		-1.3645 		1.9291
v -1.0949 		-1.3644 		1.9291
v -1.0724 		-1.3643 		1.929
v -1.0505 		-1.3641 		1.929
v -1.0293 		-1.364 		1.9289
v -1.0086 		-1.3638 		1.9288
v -0.9885 		-1.3637 		1.9288
v -0.9688 		-1.3635 		1.9287
v -0.9496 		-1.3633 		1.9286
v -0.9306 		-1.3631 		1.9286
v -0.912 		-1.3629 		1.9285
v -0.8935 		-1.3627 		1.9284
v -0.8752 		-1.3625 		1.9283
v -0.857 		-1.3623 		1.9282
v -0.8387 		-1.362 		1.9281
v -0.8204 		-1.3618 		1.9281
v -0.8021 		-1.3616 		1.928
v -0.7835 		-1.3614 		1.9279
v -0.7647 		-1.3611 		1.9278
v -0.7456 		-1.3609 		1.9277
v -0.7261 		-1.3607 		1.9276
v -0.7062 		-1.3604 		1.9275
v -0.6858 		-1.3602 		1.9274
v -0.6649 		-1.36 		1.9274
v -0.6433 		-1.3598 		1.9273
v -0.621 		-1.3596 		1.9272
v -0.598 		-1.3593 		1.9271
v -0.5742 		-1.3591 		1.927
v -0.5495 		-1.3589 		1.9269
v -0.5239 		-1.3588 		1.9269
v -0.4973 		-1.3586 		1.9268
v -0.4696 		-1.3584 		1.9267
v -0.4408 		-1.3583 		1.9267
v -0.4108 		-1.3581 		1.9266
v -0.3795 		-1.358 		1.9266
v -0.347 		-1.3579 		1.9265
v -0.313 		-1.3577 		1.9265
v -0.2776 		-1.3577 		1.9264
v -0.2407 		-1.3576 		1.9264
v -0.2022 		-1.3575 		1.9264
v -0.1621 		-1.3575 		1.9264
v -0.1203 		-1.3574 		1.9264
v -0.0767 		-1.3574 		1.9264
v -0.033 		-1.3575 		1.9264
v 0.0094 		-1.3576 		1.9264
v 0.0504 		-1.3579 		1.9265
v 0.0902 		-1.3582 		1.9267
v 0.1287 		-1.3586 		1.9268
v 0.166 		-1.359 		1.927
v 0.2022 		-1.3596 		1.9272
v 0.2373 		-1.3602 		1.9274
v 0.2713 		-1.3608 		1.9277
v 0.3044 		-1.3615 		1.9279
v 0.3365 		-1.3623 		1.9282
v 0.3677 		-1.3631 		1.9285
v 0.398 		-1.3639 		1.9288
v 0.4275 		-1.3647 		1.9292
v 0.4563 		-1.3655 		1.9295
v 0.4844 		-1.3664 		1.9298
v 0.5118 		-1.3673 		1.9302
v 0.5386 		-1.3681 		1.9305
v 0.5648 		-1.369 		1.9308
v 0.5905 		-1.3699 		1.9312
v 0.6158 		-1.3707 		1.9315
v 0.6406 		-1.3715 		1.9318
v 0.6651 		-1.3723 		1.9321
v 0.6892 		-1.373 		1.9324
v 0.7131 		-1.3737 		1.9327
v 0.7368 		-1.3744 		1.9329
v 0.7603 		-1.375 		1.9332
v 0.7836 		-1.3756 		1.9334
v 0.8069 		-1.376 		1.9336
v 0.8301 		-1.3764 		1.9337
v 0.8534 		-1.3768 		1.9338
v 0.8767 		-1.377 		1.9339
v 0.9001 		-1.3772 		1.934
v 0.9237 		-1.3772 		1.934
v 0.9476 		-1.3772 		1.934
v 0.9716 		-1.3771 		1.934
v 0.996 		-1.3768 		1.9339
v 1.0208 		-1.3764 		1.9337
v 1.0459 		-1.3759 		1.9335
v 1.0715 		-1.3753 		1.9333
v 1.0976 		-1.3745 		1.933
v 1.1243 		-1.3736 		1.9326
v 1.1515 		-1.3726 		1.9322
v 1.1794 		-1.3713 		1.9317
v 1.208 		-1.37 		1.9312
v 1.2373 		-1.3684 		1.9306
v 1.2675 		-1.3667 		1.93
v 1.2984 		-1.3648 		1.9292
v 1.3294 		-1.3629 		1.9285
v 1.3596 		-1.3611 		1.9278
v 1.389 		-1.3595 		1.9272
v 1.4176 		-1.3579 		1.9266
v 1.4455 		-1.3565 		1.926
v 1.4726 		-1.3551 		1.9254
v 1.499 		-1.3537 		1.9249
v 1.5247 		-1.3523 		1.9244
v 1.5497 		-1.351 		1.9239
v 1.574 		-1.3496 		1.9234
v 1.5977 		-1.3483 		1.9228
v 1.6207 		-1.3468 		1.9223
v 1.6431 		-1.3453 		1.9217
v 1.6649 		-1.3437 		1.921
v 1.686 		-1.3419 		1.9204
v 1.7066 		-1.3401 		1.9196
v 1.7267 		-1.338 		1.9189
v 1.7462 		-1.3358 		1.918
v 1.7651 		-1.3335 		1.9171
v 1.7836 		-1.3309 		1.9161
v 1.8015 		-1.328 		1.915
v 1.819 		-1.325 		1.9138
v 1.836 		-1.3216 		1.9125
v 1.8525 		-1.318 		1.9111
v 1.8687 		-1.314 		1.9096
v 1.8844 		-1.3098 		1.9079
v 1.8997 		-1.3051 		1.9061
v 1.9146 		-1.3001 		1.9042
v 1.9291 		-1.2948 		1.9021
v 1.9433 		-1.289 		1.8999
v 1.9572 		-1.2828 		1.8975
v 1.9707 		-1.2761 		1.8949
v 1.984 		-1.269 		1.8922
v 1.9969 		-1.2614 		1.8892
v 2.0096 		-1.2533 		1.8861
v 2.022 		-1.2447 		1.8827
v 2.0342 		-1.2355 		1.8792
v 2.0462 		-1.2258 		1.8754
v 2.058 		-1.2155 		1.8714
v 2.0696 		-1.2046 		1.8672
v 2.081 		-1.193 		1.8628
v 2.0922 		-1.1809 		1.8581
v 2.1033 		-1.168 		1.8531
v 2.1143 		-1.1545 		1.8479
v 2.1252 		-1.1403 		1.8424
v 2.136 		-1.1254 		1.8366
v 2.1467 		-1.1097 		1.8305
v 2.1573 		-1.0933 		1.8242
v 2.1684 		-1.076 		1.8175
v 2.1803 		-1.0578 		1.8104
v 2.1928 		-1.0387 		1.803
v 2.206 		-1.0188 		1.7953
v 2.2198 		-0.998 		1.7873
v 2.234 		-0.9765 		1.779
v 2.2486 		-0.9543 		1.7704
v 2.2635 		-0.9315 		1.7615
v 2.2786 		-0.908 		1.7525
v 2.2938 		-0.8839 		1.7432
v 2.3091 		-0.8594 		1.7337
v 2.3244 		-0.8343 		1.724
v 2.3396 		-0.8089 		1.7141
v 2.3545 		-0.783 		1.7041
v 2.3692 		-0.7569 		1.694
v 2.3835 		-0.7304 		1.6838
v 2.3974 		-0.7037 		1.6734
v 2.4108 		-0.6768 		1.663
v 2.4235 		-0.6497 		1.6525
v 2.4356 		-0.6226 		1.642
v 2.4469 		-0.5954 		1.6315
v 2.4573 		-0.5681 		1.621
v 2.4668 		-0.5409 		1.6104
v 2.4753 		-0.5138 		1.6
v 2.4826 		-0.4868 		1.5895
v 2.4888 		-0.46 		1.5791
v 2.4937 		-0.4334 		1.5688
v 2.4973 		-0.4071 		1.5587
v 2.4994 		-0.3811 		1.5486
v 2.5 		-0.3554 		1.5387
v 2.499 		-0.3302 		1.5289
v 2.4963 		-0.3054 		1.5193
v 2.4919 		-0.281 		1.5099
v 2.4856 		-0.2573 		1.5007
v 2.4774 		-0.2341 		1.4917
v 2.4672 		-0.2116 		1.483
v 2.4548 		-0.1897 		1.4745
v 2.4403 		-0.1686 		1.4664
v 2.4236 		-0.1482 		1.4585
v 2.4045 		-0.1287 		1.4509
v 2.3829 		-0.11 		1.4437
v 2.3589 		-0.0922 		1.4368
v 2.3323 		-0.0754 		1.4303
v 2.303 		-0.0596 		1.4242
v 2.2709 		-0.0449 		1.4185
v 2.236 		-0.0312 		1.4132
v 2.1982 		-0.0187 		1.4084
v 2.1573 		-0.0074 		1.404
v 2.1549 		-0.0068 		1.4038
v 2.1524 		-0.0061 		1.4035
v 2.1499 		-0.0055 		1.4033
v 2.1473 		-0.0049 		1.403
v 2.1448 		-0.0043 		1.4028
v 2.1422 		-0.0037 		1.4026
v 2.1396 		-0.0031 		1.4023
v 2.137 		-0.0024 		1.4021
v 2.1344 		-0.0018 		1.4019
v 2.1318 		-0.0012 		1.4016
v -2.1146 		-0.0012 		1.4016
v -2.117 		-0.0018 		1.4019
v -2.1193 		-0.0024 		1.4021
v -2.1215 		-0.0031 		1.4023
v -2.1238 		-0.0037 		1.4026
v -2.1261 		-0.0043 		1.4028
v -2.1283 		-0.0049 		1.403
v -2.1306 		-0.0055 		1.4033
v -2.1328 		-0.0061 		1.4035
v -2.135 		-0.0068 		1.4038
v -2.1372 		-0.0077 		1.4031
v -2.1815 		-0.0222 		1.4067
v -2.2225 		-0.0381 		1.4107
v -2.2602 		-0.0554 		1.415
v -2.2947 		-0.0741 		1.4197
v -2.3262 		-0.0941 		1.4247
v -2.3547 		-0.1154 		1.43
v -2.3803 		-0.1378 		1.4356
v -2.4032 		-0.1613 		1.4415
v -2.4233 		-0.1858 		1.4477
v -2.4409 		-0.2113 		1.454
v -2.456 		-0.2377 		1.4607
v -2.4687 		-0.265 		1.4675
v -2.4791 		-0.2931 		1.4745
v -2.4873 		-0.3219 		1.4817
v -2.4934 		-0.3514 		1.4891
v -2.4975 		-0.3815 		1.4966
v -2.4997 		-0.4121 		1.5043
v -2.5 		-0.4431 		1.5121
v -2.4986 		-0.4746 		1.5199
v -2.4956 		-0.5065 		1.5279
v -2.4911 		-0.5386 		1.536
v -2.4851 		-0.571 		1.5441
v -2.4777 		-0.6035 		1.5522
v -2.4691 		-0.6361 		1.5604
v -2.4594 		-0.6688 		1.5685
v -2.4486 		-0.7014 		1.5767
v -2.4369 		-0.7339 		1.5848
v -2.4243 		-0.7663 		1.593
v -2.4109 		-0.7985 		1.601
v -2.3968 		-0.8304 		1.609
v -2.3822 		-0.8619 		1.6169
v -2.367 		-0.8931 		1.6247
v -2.3515 		-0.9237 		1.6324
v -2.3357 		-0.9539 		1.6399
v -2.3197 		-0.9834 		1.6473
v -2.3036 		-1.0123 		1.6545
v -2.2875 		-1.0405 		1.6616
v -2.2715 		-1.0679 		1.6684
v -2.2556 		-1.0945 		1.6751
v -2.2401 		-1.1201 		1.6815
v -2.2249 		-1.1448 		1.6877
v -2.2102 		-1.1684 		1.6936
v -2.1961 		-1.1909 		1.6992
v -2.1826 		-1.2123 		1.7046
v -2.1699 		-1.2325 		1.7096
v -2.158 		-1.2514 		1.7144
v -2.1471 		-1.2689 		1.7187
v -2.1372 		-1.285 		1.7228
v -2.1278 		-1.3 		1.7265
v -2.1182 		-1.314 		1.73
v -2.1083 		-1.3272 		1.7333
v -2.0982 		-1.3395 		1.7364
v -2.0878 		-1.3511 		1.7393
v -2.0772 		-1.3618 		1.742
v -2.0663 		-1.3718 		1.7445
v -2.0551 		-1.381 		1.7468
v -2.0437 		-1.3896 		1.7489
v -2.0319 		-1.3974 		1.7509
v -2.0199 		-1.4046 		1.7527
v -2.0075 		-1.4111 		1.7543
v -1.9948 		-1.417 		1.7558
v -1.9818 		-1.4223 		1.7571
v -1.9685 		-1.4271 		1.7583
v -1.9548 		-1.4313 		1.7594
v -1.9407 		-1.4349 		1.7603
v -1.9263 		-1.4381 		1.7611
v -1.9115 		-1.4409 		1.7618
v -1.8963 		-1.4431 		1.7624
v -1.8807 		-1.445 		1.7628
v -1.8647 		-1.4465 		1.7632
v -1.8484 		-1.4476 		1.7635
v -1.8315 		-1.4483 		1.7637
v -1.8143 		-1.4488 		1.7638
v -1.7966 		-1.4489 		1.7638
v -1.7785 		-1.4488 		1.7638
v -1.7599 		-1.4484 		1.7637
v -1.7408 		-1.4478 		1.7635
v -1.7213 		-1.447 		1.7633
v -1.7013 		-1.446 		1.7631
v -1.6808 		-1.4449 		1.7628
v -1.6598 		-1.4436 		1.7625
v -1.6383 		-1.4423 		1.7621
v -1.6162 		-1.4409 		1.7618
v -1.5937 		-1.4394 		1.7614
v -1.5706 		-1.4379 		1.761
v -1.5469 		-1.4364 		1.7607
v -1.5227 		-1.4349 		1.7603
v -1.4979 		-1.4335 		1.7599
v -1.4726 		-1.4322 		1.7596
v -1.4467 		-1.4309 		1.7593
v -1.4201 		-1.4298 		1.759
v -1.393 		-1.4288 		1.7588
v -1.3653 		-1.428 		1.7586
v -1.3369 		-1.4274 		1.7584
v -1.3079 		-1.4271 		1.7583
v -1.2783 		-1.4269 		1.7583
v -1.249 		-1.4269 		1.7583
v -1.2208 		-1.4269 		1.7583
v -1.1937 		-1.4268 		1.7583
v -1.1676 		-1.4268 		1.7583
v -1.1425 		-1.4267 		1.7582
v -1.1183 		-1.4266 		1.7582
v -1.0949 		-1.4265 		1.7582
v -1.0724 		-1.4264 		1.7582
v -1.0505 		-1.4262 		1.7581
v -1.0293 		-1.4261 		1.7581
v -1.0086 		-1.4259 		1.758
v -0.9885 		-1.4257 		1.758
v -0.9688 		-1.4255 		1.758
v -0.9496 		-1.4253 		1.7579
v -0.9306 		-1.4251 		1.7579
v -0.912 		-1.4249 		1.7578
v -0.8935 		-1.4247 		1.7577
v -0.8752 		-1.4245 		1.7577
v -0.857 		-1.4243 		1.7576
v -0.8387 		-1.424 		1.7576
v -0.8204 		-1.4238 		1.7575
v -0.8021 		-1.4236 		1.7575
v -0.7835 		-1.4233 		1.7574
v -0.7647 		-1.4231 		1.7573
v -0.7456 		-1.4228 		1.7573
v -0.7261 		-1.4226 		1.7572
v -0.7062 		-1.4223 		1.7572
v -0.6858 		-1.4221 		1.7571
v -0.6649 		-1.4219 		1.757
v -0.6433 		-1.4217 		1.757
v -0.621 		-1.4214 		1.7569
v -0.598 		-1.4212 		1.7569
v -0.5742 		-1.421 		1.7568
v -0.5495 		-1.4208 		1.7568
v -0.5239 		-1.4206 		1.7567
v -0.4973 		-1.4204 		1.7567
v -0.4696 		-1.4202 		1.7566
v -0.4408 		-1.4201 		1.7566
v -0.4108 		-1.4199 		1.7565
v -0.3795 		-1.4198 		1.7565
v -0.347 		-1.4197 		1.7565
v -0.313 		-1.4195 		1.7564
v -0.2776 		-1.4194 		1.7564
v -0.2407 		-1.4194 		1.7564
v -0.2022 		-1.4193 		1.7564
v -0.1621 		-1.4192 		1.7564
v -0.1203 		-1.4192 		1.7564
v -0.0767 		-1.4192 		1.7564
v -0.033 		-1.4193 		1.7564
v 0.0094 		-1.4194 		1.7564
v 0.0504 		-1.4197 		1.7565
v 0.0902 		-1.42 		1.7566
v 0.1287 		-1.4204 		1.7567
v 0.166 		-1.4209 		1.7568
v 0.2022 		-1.4215 		1.7569
v 0.2373 		-1.4221 		1.7571
v 0.2713 		-1.4228 		1.7573
v 0.3044 		-1.4235 		1.7574
v 0.3365 		-1.4243 		1.7576
v 0.3677 		-1.4251 		1.7578
v 0.398 		-1.4259 		1.758
v 0.4275 		-1.4268 		1.7583
v 0.4563 		-1.4277 		1.7585
v 0.4844 		-1.4286 		1.7587
v 0.5118 		-1.4295 		1.7589
v 0.5386 		-1.4304 		1.7592
v 0.5648 		-1.4313 		1.7594
v 0.5905 		-1.4322 		1.7596
v 0.6158 		-1.4331 		1.7598
v 0.6406 		-1.4339 		1.76
v 0.6651 		-1.4347 		1.7603
v 0.6892 		-1.4355 		1.7604
v 0.7131 		-1.4363 		1.7606
v 0.7368 		-1.437 		1.7608
v 0.7603 		-1.4376 		1.761
v 0.7836 		-1.4382 		1.7611
v 0.8069 		-1.4387 		1.7612
v 0.8301 		-1.4391 		1.7613
v 0.8534 		-1.4394 		1.7614
v 0.8767 		-1.4397 		1.7615
v 0.9001 		-1.4399 		1.7615
v 0.9237 		-1.4399 		1.7616
v 0.9476 		-1.4399 		1.7615
v 0.9716 		-1.4397 		1.7615
v 0.996 		-1.4395 		1.7614
v 1.0208 		-1.4391 		1.7613
v 1.0459 		-1.4386 		1.7612
v 1.0715 		-1.4379 		1.761
v 1.0976 		-1.4371 		1.7608
v 1.1243 		-1.4361 		1.7606
v 1.1515 		-1.435 		1.7603
v 1.1794 		-1.4338 		1.76
v 1.208 		-1.4323 		1.7596
v 1.2373 		-1.4307 		1.7592
v 1.2675 		-1.4289 		1.7588
v 1.2984 		-1.4269 		1.7583
v 1.3294 		-1.4249 		1.7578
v 1.3596 		-1.4231 		1.7573
v 1.389 		-1.4214 		1.7569
v 1.4176 		-1.4197 		1.7565
v 1.4455 		-1.4182 		1.7561
v 1.4726 		-1.4167 		1.7557
v 1.499 		-1.4153 		1.7554
v 1.5247 		-1.4139 		1.755
v 1.5497 		-1.4125 		1.7547
v 1.574 		-1.4111 		1.7543
v 1.5977 		-1.4096 		1.754
v 1.6207 		-1.4081 		1.7536
v 1.6431 		-1.4065 		1.7532
v 1.6649 		-1.4048 		1.7528
v 1.686 		-1.403 		1.7523
v 1.7066 		-1.401 		1.7518
v 1.7267 		-1.3989 		1.7513
v 1.7462 		-1.3966 		1.7507
v 1.7651 		-1.3941 		1.7501
v 1.7836 		-1.3914 		1.7494
v 1.8015 		-1.3885 		1.7487
v 1.819 		-1.3853 		1.7479
v 1.836 		-1.3818 		1.747
v 1.8525 		-1.378 		1.746
v 1.8687 		-1.3738 		1.745
v 1.8844 		-1.3694 		1.7439
v 1.8997 		-1.3645 		1.7427
v 1.9146 		-1.3593 		1.7414
v 1.9291 		-1.3537 		1.74
v 1.9433 		-1.3477 		1.7385
v 1.9572 		-1.3412 		1.7368
v 1.9707 		-1.3342 		1.7351
v 1.984 		-1.3268 		1.7332
v 1.9969 		-1.3188 		1.7312
v 2.0096 		-1.3104 		1.7291
v 2.022 		-1.3013 		1.7269
v 2.0342 		-1.2918 		1.7245
v 2.0462 		-1.2816 		1.7219
v 2.058 		-1.2708 		1.7192
v 2.0696 		-1.2594 		1.7164
v 2.081 		-1.2473 		1.7133
v 2.0922 		-1.2346 		1.7102
v 2.1033 		-1.2212 		1.7068
v 2.1143 		-1.2071 		1.7033
v 2.1252 		-1.1922 		1.6996
v 2.136 		-1.1766 		1.6956
v 2.1467 		-1.1603 		1.6916
v 2.1573 		-1.1431 		1.6873
v 2.1684 		-1.125 		1.6827
v 2.1803 		-1.106 		1.678
v 2.1928 		-1.086 		1.673
v 2.206 		-1.0651 		1.6677
v 2.2198 		-1.0434 		1.6623
v 2.234 		-1.021 		1.6567
v 2.2486 		-0.9977 		1.6509
v 2.2635 		-0.9738 		1.6449
v 2.2786 		-0.9493 		1.6388
v 2.2938 		-0.9242 		1.6325
v 2.3091 		-0.8985 		1.626
v 2.3244 		-0.8723 		1.6195
v 2.3396 		-0.8457 		1.6128
v 2.3545 		-0.8187 		1.6061
v 2.3692 		-0.7913 		1.5992
v 2.3835 		-0.7636 		1.5923
v 2.3974 		-0.7357 		1.5853
v 2.4108 		-0.7076 		1.5783
v 2.4235 		-0.6793 		1.5712
v 2.4356 		-0.6509 		1.5641
v 2.4469 		-0.6224 		1.5569
v 2.4573 		-0.594 		1.5498
v 2.4668 		-0.5655 		1.5427
v 2.4753 		-0.5372 		1.5356
v 2.4826 		-0.509 		1.5285
v 2.4888 		-0.481 		1.5215
v 2.4937 		-0.4531 		1.5146
v 2.4973 		-0.4256 		1.5077
v 2.4994 		-0.3984 		1.5009
v 2.5 		-0.3716 		1.4942
v 2.499 		-0.3452 		1.4875
v 2.4963 		-0.3193 		1.4811
v 2.4919 		-0.2938 		1.4747
v 2.4856 		-0.269 		1.4685
v 2.4774 		-0.2448 		1.4624
v 2.4672 		-0.2212 		1.4565
v 2.4548 		-0.1983 		1.4508
v 2.4403 		-0.1762 		1.4453
v 2.4236 		-0.1549 		1.4399
v 2.4045 		-0.1345 		1.4348
v 2.3829 		-0.115 		1.4299
v 2.3589 		-0.0964 		1.4253
v 2.3323 		-0.0789 		1.4209
v 2.303 		-0.0623 		1.4168
v 2.2709 		-0.0469 		1.4129
v 2.236 		-0.0326 		1.4093
v 2.1982 		-0.0196 		1.406
v 2.1573 		-0.0077 		1.4031
v 2.1549 		-0.0071 		1.4029
v 2.1524 		-0.0064 		1.4028
v 2.1499 		-0.0058 		1.4026
v 2.1473 		-0.0051 		1.4024
v 2.1448 		-0.0045 		1.4023
v 2.1422 		-0.0038 		1.4021
v 2.1396 		-0.0032 		1.402
v 2.137 		-0.0026 		1.4018
v 2.1344 		-0.0019 		1.4016
v 2.1318 		-0.0013 		1.4015
v 2.1291 		-0.0006 		1.4013
v -2.1123 		-0.0006 		1.4013
v -2.1146 		-0.0013 		1.4015
v -2.117 		-0.0019 		1.4016
v -2.1193 		-0.0026 		1.4018
v -2.1215 		-0.0032 		1.4019
v -2.1238 		-0.0038 		1.4021
v -2.1261 		-0.0045 		1.4023
v -2.1283 		-0.0051 		1.4024
v -2.1306 		-0.0058 		1.4026
v -2.1328 		-0.0064 		1.4028
v -2.135 		-0.0071 		1.4029
v -2.1372 		-0.0079 		1.4021
v -2.1815 		-0.0228 		1.4039
v -2.2225 		-0.0391 		1.406
v -2.2602 		-0.0569 		1.4081
v -2.2947 		-0.0761 		1.4105
v -2.3262 		-0.0966 		1.413
v -2.3547 		-0.1184 		1.4157
v -2.3803 		-0.1414 		1.4185
v -2.4032 		-0.1655 		1.4215
v -2.4233 		-0.1907 		1.4246
v -2.4409 		-0.2169 		1.4278
v -2.456 		-0.244 		1.4312
v -2.4687 		-0.272 		1.4346
v -2.4791 		-0.3009 		1.4381
v -2.4873 		-0.3304 		1.4418
v -2.4934 		-0.3607 		1.4455
v -2.4975 		-0.3915 		1.4493
v -2.4997 		-0.4229 		1.4532
v -2.5 		-0.4549 		1.4571
v -2.4986 		-0.4872 		1.4611
v -2.4956 		-0.5199 		1.4651
v -2.4911 		-0.5529 		1.4691
v -2.4851 		-0.5861 		1.4732
v -2.4777 		-0.6194 		1.4773
v -2.4691 		-0.6529 		1.4814
v -2.4594 		-0.6864 		1.4856
v -2.4486 		-0.7199 		1.4897
v -2.4369 		-0.7533 		1.4938
v -2.4243 		-0.7866 		1.4979
v -2.4109 		-0.8196 		1.5019
v -2.3968 		-0.8523 		1.506
v -2.3822 		-0.8847 		1.5099
v -2.367 		-0.9167 		1.5139
v -2.3515 		-0.9481 		1.5177
v -2.3357 		-0.9791 		1.5216
v -2.3197 		-1.0094 		1.5253
v -2.3036 		-1.0391 		1.5289
v -2.2875 		-1.068 		1.5325
v -2.2715 		-1.0961 		1.5359
v -2.2556 		-1.1234 		1.5393
v -2.2401 		-1.1497 		1.5425
v -2.2249 		-1.175 		1.5456
v -2.2102 		-1.1993 		1.5486
v -2.1961 		-1.2224 		1.5515
v -2.1826 		-1.2444 		1.5542
v -2.1699 		-1.2651 		1.5567
v -2.158 		-1.2844 		1.5591
v -2.1471 		-1.3024 		1.5613
v -2.1372 		-1.319 		1.5634
v -2.1278 		-1.3343 		1.5652
v -2.1182 		-1.3487 		1.567
v -2.1083 		-1.3623 		1.5687
v -2.0982 		-1.3749 		1.5702
v -2.0878 		-1.3868 		1.5717
v -2.0772 		-1.3978 		1.573
v -2.0663 		-1.408 		1.5743
v -2.0551 		-1.4175 		1.5755
v -2.0437 		-1.4263 		1.5765
v -2.0319 		-1.4343 		1.5775
v -2.0199 		-1.4417 		1.5784
v -2.0075 		-1.4484 		1.5793
v -1.9948 		-1.4544 		1.58
v -1.9818 		-1.4599 		1.5807
v -1.9685 		-1.4648 		1.5813
v -1.9548 		-1.4691 		1.5818
v -1.9407 		-1.4729 		1.5823
v -1.9263 		-1.4761 		1.5827
v -1.9115 		-1.4789 		1.583
v -1.8963 		-1.4813 		1.5833
v -1.8807 		-1.4832 		1.5835
v -1.8647 		-1.4847 		1.5837
v -1.8484 		-1.4858 		1.5839
v -1.8315 		-1.4866 		1.584
v -1.8143 		-1.487 		1.584
v -1.7966 		-1.4872 		1.584
v -1.7785 		-1.487 		1.584
v -1.7599 		-1.4866 		1.584
v -1.7408 		-1.486 		1.5839
v -1.7213 		-1.4852 		1.5838
v -1.7013 		-1.4842 		1.5837
v -1.6808 		-1.483 		1.5835
v -1.6598 		-1.4818 		1.5834
v -1.6383 		-1.4804 		1.5832
v -1.6162 		-1.4789 		1.583
v -1.5937 		-1.4774 		1.5828
v -1.5706 		-1.4759 		1.5826
v -1.5469 		-1.4744 		1.5825
v -1.5227 		-1.4729 		1.5823
v -1.4979 		-1.4714 		1.5821
v -1.4726 		-1.47 		1.5819
v -1.4467 		-1.4687 		1.5818
v -1.4201 		-1.4676 		1.5816
v -1.393 		-1.4666 		1.5815
v -1.3653 		-1.4658 		1.5814
v -1.3369 		-1.4652 		1.5813
v -1.3079 		-1.4648 		1.5813
v -1.2783 		-1.4646 		1.5813
v -1.249 		-1.4646 		1.5813
v -1.2208 		-1.4646 		1.5813
v -1.1937 		-1.4645 		1.5813
v -1.1676 		-1.4645 		1.5812
v -1.1425 		-1.4644 		1.5812
v -1.1183 		-1.4643 		1.5812
v -1.0949 		-1.4642 		1.5812
v -1.0724 		-1.464 		1.5812
v -1.0505 		-1.4639 		1.5812
v -1.0293 		-1.4637 		1.5812
v -1.0086 		-1.4636 		1.5811
v -0.9885 		-1.4634 		1.5811
v -0.9688 		-1.4632 		1.5811
v -0.9496 		-1.463 		1.5811
v -0.9306 		-1.4628 		1.581
v -0.912 		-1.4626 		1.581
v -0.8935 		-1.4624 		1.581
v -0.8752 		-1.4621 		1.581
v -0.857 		-1.4619 		1.5809
v -0.8387 		-1.4616 		1.5809
v -0.8204 		-1.4614 		1.5809
v -0.8021 		-1.4612 		1.5808
v -0.7835 		-1.4609 		1.5808
v -0.7647 		-1.4607 		1.5808
v -0.7456 		-1.4604 		1.5807
v -0.7261 		-1.4602 		1.5807
v -0.7062 		-1.4599 		1.5807
v -0.6858 		-1.4597 		1.5807
v -0.6649 		-1.4594 		1.5806
v -0.6433 		-1.4592 		1.5806
v -0.621 		-1.459 		1.5806
v -0.598 		-1.4588 		1.5805
v -0.5742 		-1.4585 		1.5805
v -0.5495 		-1.4583 		1.5805
v -0.5239 		-1.4581 		1.5805
v -0.4973 		-1.4579 		1.5804
v -0.4696 		-1.4578 		1.5804
v -0.4408 		-1.4576 		1.5804
v -0.4108 		-1.4574 		1.5804
v -0.3795 		-1.4573 		1.5804
v -0.347 		-1.4572 		1.5803
v -0.313 		-1.457 		1.5803
v -0.2776 		-1.4569 		1.5803
v -0.2407 		-1.4569 		1.5803
v -0.2022 		-1.4568 		1.5803
v -0.1621 		-1.4567 		1.5803
v -0.1203 		-1.4567 		1.5803
v -0.0767 		-1.4567 		1.5803
v -0.033 		-1.4568 		1.5803
v 0.0094 		-1.4569 		1.5803
v 0.0504 		-1.4572 		1.5803
v 0.0902 		-1.4575 		1.5804
v 0.1287 		-1.4579 		1.5804
v 0.166 		-1.4584 		1.5805
v 0.2022 		-1.459 		1.5806
v 0.2373 		-1.4597 		1.5807
v 0.2713 		-1.4604 		1.5807
v 0.3044 		-1.4611 		1.5808
v 0.3365 		-1.4619 		1.5809
v 0.3677 		-1.4627 		1.581
v 0.398 		-1.4636 		1.5811
v 0.4275 		-1.4645 		1.5812
v 0.4563 		-1.4654 		1.5814
v 0.4844 		-1.4663 		1.5815
v 0.5118 		-1.4673 		1.5816
v 0.5386 		-1.4682 		1.5817
v 0.5648 		-1.4691 		1.5818
v 0.5905 		-1.47 		1.5819
v 0.6158 		-1.4709 		1.582
v 0.6406 		-1.4718 		1.5821
v 0.6651 		-1.4726 		1.5823
v 0.6892 		-1.4734 		1.5823
v 0.7131 		-1.4742 		1.5824
v 0.7368 		-1.4749 		1.5825
v 0.7603 		-1.4756 		1.5826
v 0.7836 		-1.4761 		1.5827
v 0.8069 		-1.4767 		1.5827
v 0.8301 		-1.4771 		1.5828
v 0.8534 		-1.4775 		1.5828
v 0.8767 		-1.4777 		1.5829
v 0.9001 		-1.4779 		1.5829
v 0.9237 		-1.478 		1.5829
v 0.9476 		-1.4779 		1.5829
v 0.9716 		-1.4778 		1.5829
v 0.996 		-1.4775 		1.5828
v 1.0208 		-1.4771 		1.5828
v 1.0459 		-1.4766 		1.5827
v 1.0715 		-1.4759 		1.5826
v 1.0976 		-1.4751 		1.5825
v 1.1243 		-1.4741 		1.5824
v 1.1515 		-1.4729 		1.5823
v 1.1794 		-1.4716 		1.5821
v 1.208 		-1.4702 		1.5819
v 1.2373 		-1.4685 		1.5817
v 1.2675 		-1.4667 		1.5815
v 1.2984 		-1.4646 		1.5813
v 1.3294 		-1.4626 		1.581
v 1.3596 		-1.4607 		1.5808
v 1.389 		-1.4589 		1.5806
v 1.4176 		-1.4572 		1.5804
v 1.4455 		-1.4557 		1.5802
v 1.4726 		-1.4542 		1.58
v 1.499 		-1.4527 		1.5798
v 1.5247 		-1.4513 		1.5796
v 1.5497 		-1.4498 		1.5794
v 1.574 		-1.4484 		1.5793
v 1.5977 		-1.4469 		1.5791
v 1.6207 		-1.4453 		1.5789
v 1.6431 		-1.4437 		1.5787
v 1.6649 		-1.4419 		1.5785
v 1.686 		-1.4401 		1.5782
v 1.7066 		-1.4381 		1.578
v 1.7267 		-1.4359 		1.5777
v 1.7462 		-1.4335 		1.5774
v 1.7651 		-1.431 		1.5771
v 1.7836 		-1.4282 		1.5768
v 1.8015 		-1.4252 		1.5764
v 1.819 		-1.4219 		1.576
v 1.836 		-1.4183 		1.5756
v 1.8525 		-1.4144 		1.5751
v 1.8687 		-1.4101 		1.5746
v 1.8844 		-1.4055 		1.574
v 1.8997 		-1.4006 		1.5734
v 1.9146 		-1.3952 		1.5727
v 1.9291 		-1.3895 		1.572
v 1.9433 		-1.3833 		1.5713
v 1.9572 		-1.3766 		1.5704
v 1.9707 		-1.3695 		1.5696
v 1.984 		-1.3618 		1.5686
v 1.9969 		-1.3537 		1.5676
v 2.0096 		-1.345 		1.5666
v 2.022 		-1.3357 		1.5654
v 2.0342 		-1.3259 		1.5642
v 2.0462 		-1.3154 		1.5629
v 2.058 		-1.3044 		1.5616
v 2.0696 		-1.2927 		1.5601
v 2.081 		-1.2803 		1.5586
v 2.0922 		-1.2672 		1.557
v 2.1033 		-1.2535 		1.5553
v 2.1143 		-1.239 		1.5535
v 2.1252 		-1.2237 		1.5516
v 2.136 		-1.2077 		1.5497
v 2.1467 		-1.1909 		1.5476
v 2.1573 		-1.1733 		1.5454
v 2.1684 		-1.1547 		1.5432
v 2.1803 		-1.1352 		1.5408
v 2.1928 		-1.1147 		1.5382
v 2.206 		-1.0933 		1.5356
v 2.2198 		-1.071 		1.5329
v 2.234 		-1.0479 		1.53
v 2.2486 		-1.0241 		1.5271
v 2.2635 		-0.9996 		1.5241
v 2.2786 		-0.9744 		1.521
v 2.2938 		-0.9486 		1.5178
v 2.3091 		-0.9222 		1.5146
v 2.3244 		-0.8954 		1.5113
v 2.3396 		-0.868 		1.5079
v 2.3545 		-0.8403 		1.5045
v 2.3692 		-0.8122 		1.501
v 2.3835 		-0.7838 		1.4975
v 2.3974 		-0.7552 		1.494
v 2.4108 		-0.7263 		1.4905
v 2.4235 		-0.6972 		1.4869
v 2.4356 		-0.6681 		1.4833
v 2.4469 		-0.6389 		1.4797
v 2.4573 		-0.6097 		1.4761
v 2.4668 		-0.5805 		1.4725
v 2.4753 		-0.5514 		1.469
v 2.4826 		-0.5224 		1.4654
v 2.4888 		-0.4937 		1.4619
v 2.4937 		-0.4651 		1.4583
v 2.4973 		-0.4369 		1.4549
v 2.4994 		-0.4089 		1.4514
v 2.5 		-0.3814 		1.4481
v 2.499 		-0.3543 		1.4447
v 2.4963 		-0.3277 		1.4414
v 2.4919 		-0.3016 		1.4382
v 2.4856 		-0.2761 		1.4351
v 2.4774 		-0.2512 		1.432
v 2.4672 		-0.227 		1.4291
v 2.4548 		-0.2036 		1.4262
v 2.4403 		-0.1809 		1.4234
v 2.4236 		-0.159 		1.4207
v 2.4045 		-0.1381 		1.4181
v 2.3829 		-0.118 		1.4157
v 2.3589 		-0.099 		1.4133
v 2.3323 		-0.0809 		1.4111
v 2.303 		-0.064 		1.409
v 2.2709 		-0.0482 		1.4071
v 2.236 		-0.0335 		1.4053
v 2.1982 		-0.0201 		1.4036
v 2.1573 		-0.0079 		1.4021
v 2.1549 		-0.0073 		1.402
v 2.1524 		-0.0066 		1.402
v 2.1499 		-0.0059 		1.4019
v 2.1473 		-0.0053 		1.4018
v 2.1448 		-0.0046 		1.4017
v 2.1422 		-0.0039 		1.4016
v 2.1396 		-0.0033 		1.4016
v 2.137 		-0.0026 		1.4015
v 2.1344 		-0.002 		1.4014
v 2.1318 		-0.0013 		1.4013
v -2.1146 		-0.0013 		1.4013
v -2.117 		-0.002 		1.4014
v -2.1193 		-0.0026 		1.4015
v -2.1215 		-0.0033 		1.4016
v -2.1238 		-0.0039 		1.4016
v -2.1261 		-0.0046 		1.4017
v -2.1283 		-0.0053 		1.4018
v -2.1306 		-0.0059 		1.4019
v -2.1328 		-0.0066 		1.402
v -2.135 		-0.0073 		1.402
v -2.1372 		-0.008 		1.4011
v -2.1815 		-0.023 		1.4011
v -2.2225 		-0.0394 		1.4011
v -2.2602 		-0.0574 		1.4011
v -2.2947 		-0.0768 		1.4011
v -2.3262 		-0.0975 		1.4011
v -2.3547 		-0.1194 		1.4011
v -2.3803 		-0.1426 		1.4011
v -2.4032 		-0.1669 		1.4011
v -2.4233 		-0.1923 		1.4011
v -2.4409 		-0.2188 		1.4011
v -2.456 		-0.2461 		1.4011
v -2.4687 		-0.2744 		1.4011
v -2.4791 		-0.3034 		1.4011
v -2.4873 		-0.3333 		1.4011
v -2.4934 		-0.3638 		1.4011
v -2.4975 		-0.3949 		1.4011
v -2.4997 		-0.4266 		1.4011
v -2.5 		-0.4588 		1.4011
v -2.4986 		-0.4914 		1.4011
v -2.4956 		-0.5244 		1.4011
v -2.4911 		-0.5576 		1.4011
v -2.4851 		-0.5911 		1.4011
v -2.4777 		-0.6248 		1.4011
v -2.4691 		-0.6586 		1.4011
v -2.4594 		-0.6924 		1.4011
v -2.4486 		-0.7261 		1.4011
v -2.4369 		-0.7598 		1.4011
v -2.4243 		-0.7934 		1.4011
v -2.4109 		-0.8267 		1.4011
v -2.3968 		-0.8597 		1.4011
v -2.3822 		-0.8923 		1.4011
v -2.367 		-0.9246 		1.4011
v -2.3515 		-0.9563 		1.4011
v -2.3357 		-0.9875 		1.4011
v -2.3197 		-1.0181 		1.4011
v -2.3036 		-1.048 		1.4011
v -2.2875 		-1.0772 		1.4011
v -2.2715 		-1.1056 		1.4011
v -2.2556 		-1.1331 		1.4011
v -2.2401 		-1.1596 		1.4011
v -2.2249 		-1.1851 		1.4011
v -2.2102 		-1.2096 		1.4011
v -2.1961 		-1.233 		1.4011
v -2.1826 		-1.2551 		1.4011
v -2.1699 		-1.276 		1.4011
v -2.158 		-1.2955 		1.4011
v -2.1471 		-1.3137 		1.4011
v -2.1372 		-1.3303 		1.4011
v -2.1278 		-1.3458 		1.4011
v -2.1182 		-1.3604 		1.4011
v -2.1083 		-1.374 		1.4011
v -2.0982 		-1.3868 		1.4011
v -2.0878 		-1.3987 		1.4011
v -2.0772 		-1.4099 		1.4011
v -2.0663 		-1.4202 		1.4011
v -2.0551 		-1.4298 		1.4011
v -2.0437 		-1.4386 		1.4011
v -2.0319 		-1.4467 		1.4011
v -2.0199 		-1.4541 		1.4011
v -2.0075 		-1.4609 		1.4011
v -1.9948 		-1.467 		1.4011
v -1.9818 		-1.4725 		1.4011
v -1.9685 		-1.4774 		1.4011
v -1.9548 		-1.4817 		1.4011
v -1.9407 		-1.4856 		1.4011
v -1.9263 		-1.4889 		1.4011
v -1.9115 		-1.4917 		1.4011
v -1.8963 		-1.4941 		1.4011
v -1.8807 		-1.496 		1.4011
v -1.8647 		-1.4975 		1.4011
v -1.8484 		-1.4986 		1.4011
v -1.8315 		-1.4994 		1.4011
v -1.8143 		-1.4999 		1.4011
v -1.7966 		-1.5 		1.4011
v -1.7785 		-1.4999 		1.4011
v -1.7599 		-1.4995 		1.4011
v -1.7408 		-1.4988 		1.4011
v -1.7213 		-1.498 		1.4011
v -1.7013 		-1.497 		1.4011
v -1.6808 		-1.4958 		1.4011
v -1.6598 		-1.4945 		1.4011
v -1.6383 		-1.4932 		1.4011
v -1.6162 		-1.4917 		1.4011
v -1.5937 		-1.4902 		1.4011
v -1.5706 		-1.4886 		1.4011
v -1.5469 		-1.4871 		1.4011
v -1.5227 		-1.4856 		1.4011
v -1.4979 		-1.4841 		1.4011
v -1.4726 		-1.4827 		1.4011
v -1.4467 		-1.4814 		1.4011
v -1.4201 		-1.4803 		1.4011
v -1.393 		-1.4793 		1.4011
v -1.3653 		-1.4784 		1.4011
v -1.3369 		-1.4778 		1.4011
v -1.3079 		-1.4774 		1.4011
v -1.2783 		-1.4773 		1.4011
v -1.249 		-1.4773 		1.4011
v -1.2208 		-1.4772 		1.4011
v -1.1937 		-1.4772 		1.4011
v -1.1676 		-1.4771 		1.4011
v -1.1425 		-1.477 		1.4011
v -1.1183 		-1.4769 		1.4011
v -1.0949 		-1.4768 		1.4011
v -1.0724 		-1.4767 		1.4011
v -1.0505 		-1.4765 		1.4011
v -1.0293 		-1.4764 		1.4011
v -1.0086 		-1.4762 		1.4011
v -0.9885 		-1.476 		1.4011
v -0.9688 		-1.4758 		1.4011
v -0.9496 		-1.4756 		1.4011
v -0.9306 		-1.4754 		1.4011
v -0.912 		-1.4752 		1.4011
v -0.8935 		-1.475 		1.4011
v -0.8752 		-1.4747 		1.4011
v -0.857 		-1.4745 		1.4011
v -0.8387 		-1.4743 		1.4011
v -0.8204 		-1.474 		1.4011
v -0.8021 		-1.4738 		1.4011
v -0.7835 		-1.4735 		1.4011
v -0.7647 		-1.4733 		1.4011
v -0.7456 		-1.473 		1.4011
v -0.7261 		-1.4728 		1.4011
v -0.7062 		-1.4725 		1.4011
v -0.6858 		-1.4723 		1.4011
v -0.6649 		-1.472 		1.4011
v -0.6433 		-1.4718 		1.4011
v -0.621 		-1.4716 		1.4011
v -0.598 		-1.4713 		1.4011
v -0.5742 		-1.4711 		1.4011
v -0.5495 		-1.4709 		1.4011
v -0.5239 		-1.4707 		1.4011
v -0.4973 		-1.4705 		1.4011
v -0.4696 		-1.4703 		1.4011
v -0.4408 		-1.4702 		1.4011
v -0.4108 		-1.47 		1.4011
v -0.3795 		-1.4699 		1.4011
v -0.347 		-1.4697 		1.4011
v -0.313 		-1.4696 		1.4011
v -0.2776 		-1.4695 		1.4011
v -0.2407 		-1.4694 		1.4011
v -0.2022 		-1.4694 		1.4011
v -0.1621 		-1.4693 		1.4011
v -0.1203 		-1.4693 		1.4011
v -0.0767 		-1.4693 		1.4011
v -0.033 		-1.4693 		1.4011
v 0.0094 		-1.4695 		1.4011
v 0.0504 		-1.4697 		1.4011
v 0.0902 		-1.4701 		1.4011
v 0.1287 		-1.4705 		1.4011
v 0.166 		-1.471 		1.4011
v 0.2022 		-1.4716 		1.4011
v 0.2373 		-1.4722 		1.4011
v 0.2713 		-1.473 		1.4011
v 0.3044 		-1.4737 		1.4011
v 0.3365 		-1.4745 		1.4011
v 0.3677 		-1.4754 		1.4011
v 0.398 		-1.4762 		1.4011
v 0.4275 		-1.4771 		1.4011
v 0.4563 		-1.4781 		1.4011
v 0.4844 		-1.479 		1.4011
v 0.5118 		-1.4799 		1.4011
v 0.5386 		-1.4809 		1.4011
v 0.5648 		-1.4818 		1.4011
v 0.5905 		-1.4827 		1.4011
v 0.6158 		-1.4836 		1.4011
v 0.6406 		-1.4845 		1.4011
v 0.6651 		-1.4854 		1.4011
v 0.6892 		-1.4862 		1.4011
v 0.7131 		-1.4869 		1.4011
v 0.7368 		-1.4876 		1.4011
v 0.7603 		-1.4883 		1.4011
v 0.7836 		-1.4889 		1.4011
v 0.8069 		-1.4894 		1.4011
v 0.8301 		-1.4898 		1.4011
v 0.8534 		-1.4902 		1.4011
v 0.8767 		-1.4905 		1.4011
v 0.9001 		-1.4907 		1.4011
v 0.9237 		-1.4907 		1.4011
v 0.9476 		-1.4907 		1.4011
v 0.9716 		-1.4905 		1.4011
v 0.996 		-1.4902 		1.4011
v 1.0208 		-1.4898 		1.4011
v 1.0459 		-1.4893 		1.4011
v 1.0715 		-1.4886 		1.4011
v 1.0976 		-1.4878 		1.4011
v 1.1243 		-1.4868 		1.4011
v 1.1515 		-1.4857 		1.4011
v 1.1794 		-1.4843 		1.4011
v 1.208 		-1.4828 		1.4011
v 1.2373 		-1.4812 		1.4011
v 1.2675 		-1.4793 		1.4011
v 1.2984 		-1.4773 		1.4011
v 1.3294 		-1.4752 		1.4011
v 1.3596 		-1.4733 		1.4011
v 1.389 		-1.4715 		1.4011
v 1.4176 		-1.4698 		1.4011
v 1.4455 		-1.4682 		1.4011
v 1.4726 		-1.4667 		1.4011
v 1.499 		-1.4652 		1.4011
v 1.5247 		-1.4638 		1.4011
v 1.5497 		-1.4623 		1.4011
v 1.574 		-1.4608 		1.4011
v 1.5977 		-1.4593 		1.4011
v 1.6207 		-1.4578 		1.4011
v 1.6431 		-1.4561 		1.4011
v 1.6649 		-1.4544 		1.4011
v 1.686 		-1.4525 		1.4011
v 1.7066 		-1.4505 		1.4011
v 1.7267 		-1.4483 		1.4011
v 1.7462 		-1.4459 		1.4011
v 1.7651 		-1.4433 		1.4011
v 1.7836 		-1.4405 		1.4011
v 1.8015 		-1.4375 		1.4011
v 1.819 		-1.4341 		1.4011
v 1.836 		-1.4305 		1.4011
v 1.8525 		-1.4266 		1.4011
v 1.8687 		-1.4223 		1.4011
v 1.8844 		-1.4177 		1.4011
v 1.8997 		-1.4127 		1.4011
v 1.9146 		-1.4073 		1.4011
v 1.9291 		-1.4015 		1.4011
v 1.9433 		-1.3952 		1.4011
v 1.9572 		-1.3885 		1.4011
v 1.9707 		-1.3813 		1.4011
v 1.984 		-1.3736 		1.4011
v 1.9969 		-1.3654 		1.4011
v 2.0096 		-1.3566 		1.4011
v 2.022 		-1.3472 		1.4011
v 2.0342 		-1.3373 		1.4011
v 2.0462 		-1.3268 		1.4011
v 2.058 		-1.3156 		1.4011
v 2.0696 		-1.3038 		1.4011
v 2.081 		-1.2913 		1.4011
v 2.0922 		-1.2782 		1.4011
v 2.1033 		-1.2643 		1.4011
v 2.1143 		-1.2497 		1.4011
v 2.1252 		-1.2343 		1.4011
v 2.136 		-1.2181 		1.4011
v 2.1467 		-1.2012 		1.4011
v 2.1573 		-1.1834 		1.4011
v 2.1684 		-1.1647 		1.4011
v 2.1803 		-1.145 		1.4011
v 2.1928 		-1.1243 		1.4011
v 2.206 		-1.1027 		1.4011
v 2.2198 		-1.0802 		1.4011
v 2.234 		-1.057 		1.4011
v 2.2486 		-1.0329 		1.4011
v 2.2635 		-1.0082 		1.4011
v 2.2786 		-0.9828 		1.4011
v 2.2938 		-0.9568 		1.4011
v 2.3091 		-0.9302 		1.4011
v 2.3244 		-0.9031 		1.4011
v 2.3396 		-0.8755 		1.4011
v 2.3545 		-0.8476 		1.4011
v 2.3692 		-0.8192 		1.4011
v 2.3835 		-0.7906 		1.4011
v 2.3974 		-0.7617 		1.4011
v 2.4108 		-0.7325 		1.4011
v 2.4235 		-0.7033 		1.4011
v 2.4356 		-0.6739 		1.4011
v 2.4469 		-0.6444 		1.4011
v 2.4573 		-0.6149 		1.4011
v 2.4668 		-0.5855 		1.4011
v 2.4753 		-0.5562 		1.4011
v 2.4826 		-0.5269 		1.4011
v 2.4888 		-0.4979 		1.4011
v 2.4937 		-0.4691 		1.4011
v 2.4973 		-0.4406 		1.4011
v 2.4994 		-0.4125 		1.4011
v 2.5 		-0.3847 		1.4011
v 2.499 		-0.3574 		1.4011
v 2.4963 		-0.3305 		1.4011
v 2.4919 		-0.3042 		1.4011
v 2.4856 		-0.2785 		1.4011
v 2.4774 		-0.2534 		1.4011
v 2.4672 		-0.229 		1.4011
v 2.4548 		-0.2053 		1.4011
v 2.4403 		-0.1825 		1.4011
v 2.4236 		-0.1604 		1.4011
v 2.4045 		-0.1393 		1.4011
v 2.3829 		-0.119 		1.4011
v 2.3589 		-0.0998 		1.4011
v 2.3323 		-0.0816 		1.4011
v 2.303 		-0.0645 		1.4011
v 2.2709 		-0.0486 		1.4011
v 2.236 		-0.0338 		1.4011
v 2.1982 		-0.0202 		1.4011
v 2.1573 		-0.008 		1.4011
v 2.1549 		-0.0073 		1.4011
v 2.1524 		-0.0067 		1.4011
v 2.1499 		-0.006 		1.4011
v 2.1473 		-0.0053 		1.4011
v 2.1448 		-0.0046 		1.4011
v 2.1422 		-0.004 		1.4011
v 2.1396 		-0.0033 		1.4011
v 2.137 		-0.0026 		1.4011
v 2.1344 		-0.002 		1.4011
v 2.1318 		-0.0013 		1.4011
v 2.1291 		-0.0007 		1.4011
v -2.1123 		-0.0007 		1.4011
v -2.1146 		-0.0013 		1.4011
v -2.117 		-0.002 		1.4011
v -2.1193 		-0.0026 		1.4011
v -2.1215 		-0.0033 		1.4011
v -2.1238 		-0.004 		1.4011
v -2.1261 		-0.0046 		1.4011
v -2.1283 		-0.0053 		1.4011
v -2.1306 		-0.006 		1.4011
v -2.1328 		-0.0066 		1.4011
v -2.135 		-0.0073 		1.4011
v -2.1372 		-0.0079 		1.4002
v -2.1815 		-0.0228 		1.3984
v -2.2225 		-0.0391 		1.3963
v -2.2602 		-0.0569 		1.3942
v -2.2947 		-0.0761 		1.3918
v -2.3262 		-0.0966 		1.3893
v -2.3547 		-0.1184 		1.3866
v -2.3803 		-0.1414 		1.3838
v -2.4032 		-0.1655 		1.3808
v -2.4233 		-0.1907 		1.3777
v -2.4409 		-0.2169 		1.3745
v -2.456 		-0.244 		1.3711
v -2.4687 		-0.272 		1.3677
v -2.4791 		-0.3009 		1.3642
v -2.4873 		-0.3304 		1.3605
v -2.4934 		-0.3607 		1.3568
v -2.4975 		-0.3915 		1.353
v -2.4997 		-0.4229 		1.3491
v -2.5 		-0.4549 		1.3452
v -2.4986 		-0.4872 		1.3412
v -2.4956 		-0.5199 		1.3372
v -2.4911 		-0.5529 		1.3332
v -2.4851 		-0.5861 		1.3291
v -2.4777 		-0.6194 		1.325
v -2.4691 		-0.6529 		1.3209
v -2.4594 		-0.6864 		1.3167
v -2.4486 		-0.7199 		1.3126
v -2.4369 		-0.7533 		1.3085
v -2.4243 		-0.7866 		1.3044
v -2.4109 		-0.8196 		1.3004
v -2.3968 		-0.8523 		1.2963
v -2.3822 		-0.8847 		1.2924
v -2.367 		-0.9167 		1.2884
v -2.3515 		-0.9481 		1.2846
v -2.3357 		-0.9791 		1.2807
v -2.3197 		-1.0094 		1.277
v -2.3036 		-1.0391 		1.2734
v -2.2875 		-1.068 		1.2698
v -2.2715 		-1.0961 		1.2664
v -2.2556 		-1.1234 		1.263
v -2.2401 		-1.1497 		1.2598
v -2.2249 		-1.175 		1.2567
v -2.2102 		-1.1993 		1.2537
v -2.1961 		-1.2224 		1.2508
v -2.1826 		-1.2444 		1.2481
v -2.1699 		-1.2651 		1.2456
v -2.158 		-1.2844 		1.2432
v -2.1471 		-1.3024 		1.241
v -2.1372 		-1.319 		1.2389
v -2.1278 		-1.3343 		1.2371
v -2.1182 		-1.3487 		1.2353
v -2.1083 		-1.3623 		1.2336
v -2.0982 		-1.3749 		1.2321
v -2.0878 		-1.3868 		1.2306
v -2.0772 		-1.3978 		1.2293
v -2.0663 		-1.408 		1.228
v -2.0551 		-1.4175 		1.2268
v -2.0437 		-1.4263 		1.2258
v -2.0319 		-1.4343 		1.2248
v -2.0199 		-1.4417 		1.2239
v -2.0075 		-1.4484 		1.223
v -1.9948 		-1.4544 		1.2223
v -1.9818 		-1.4599 		1.2216
v -1.9685 		-1.4648 		1.221
v -1.9548 		-1.4691 		1.2205
v -1.9407 		-1.4729 		1.22
v -1.9263 		-1.4761 		1.2196
v -1.9115 		-1.4789 		1.2193
v -1.8963 		-1.4813 		1.219
v -1.8807 		-1.4832 		1.2188
v -1.8647 		-1.4847 		1.2186
v -1.8484 		-1.4858 		1.2184
v -1.8315 		-1.4866 		1.2183
v -1.8143 		-1.487 		1.2183
v -1.7966 		-1.4872 		1.2183
v -1.7785 		-1.487 		1.2183
v -1.7599 		-1.4866 		1.2183
v -1.7408 		-1.486 		1.2184
v -1.7213 		-1.4852 		1.2185
v -1.7013 		-1.4842 		1.2186
v -1.6808 		-1.483 		1.2188
v -1.6598 		-1.4818 		1.2189
v -1.6383 		-1.4804 		1.2191
v -1.6162 		-1.4789 		1.2193
v -1.5937 		-1.4774 		1.2195
v -1.5706 		-1.4759 		1.2197
v -1.5469 		-1.4744 		1.2198
v -1.5227 		-1.4729 		1.22
v -1.4979 		-1.4714 		1.2202
v -1.4726 		-1.47 		1.2204
v -1.4467 		-1.4687 		1.2205
v -1.4201 		-1.4676 		1.2207
v -1.393 		-1.4666 		1.2208
v -1.3653 		-1.4658 		1.2209
v -1.3369 		-1.4652 		1.221
v -1.3079 		-1.4648 		1.221
v -1.2783 		-1.4646 		1.221
v -1.249 		-1.4646 		1.221
v -1.2208 		-1.4646 		1.221
v -1.1937 		-1.4645 		1.221
v -1.1676 		-1.4645 		1.2211
v -1.1425 		-1.4644 		1.2211
v -1.1183 		-1.4643 		1.2211
v -1.0949 		-1.4642 		1.2211
v -1.0724 		-1.464 		1.2211
v -1.0505 		-1.4639 		1.2211
v -1.0293 		-1.4637 		1.2211
v -1.0086 		-1.4636 		1.2212
v -0.9885 		-1.4634 		1.2212
v -0.9688 		-1.4632 		1.2212
v -0.9496 		-1.463 		1.2212
v -0.9306 		-1.4628 		1.2213
v -0.912 		-1.4626 		1.2213
v -0.8935 		-1.4624 		1.2213
v -0.8752 		-1.4621 		1.2213
v -0.857 		-1.4619 		1.2214
v -0.8387 		-1.4616 		1.2214
v -0.8204 		-1.4614 		1.2214
v -0.8021 		-1.4612 		1.2215
v -0.7835 		-1.4609 		1.2215
v -0.7647 		-1.4607 		1.2215
v -0.7456 		-1.4604 		1.2216
v -0.7261 		-1.4602 		1.2216
v -0.7062 		-1.4599 		1.2216
v -0.6858 		-1.4597 		1.2216
v -0.6649 		-1.4594 		1.2217
v -0.6433 		-1.4592 		1.2217
v -0.621 		-1.459 		1.2217
v -0.598 		-1.4588 		1.2218
v -0.5742 		-1.4585 		1.2218
v -0.5495 		-1.4583 		1.2218
v -0.5239 		-1.4581 		1.2218
v -0.4973 		-1.4579 		1.2219
v -0.4696 		-1.4578 		1.2219
v -0.4408 		-1.4576 		1.2219
v -0.4108 		-1.4574 		1.2219
v -0.3795 		-1.4573 		1.2219
v -0.347 		-1.4572 		1.222
v -0.313 		-1.457 		1.222
v -0.2776 		-1.4569 		1.222
v -0.2407 		-1.4569 		1.222
v -0.2022 		-1.4568 		1.222
v -0.1621 		-1.4567 		1.222
v -0.1203 		-1.4567 		1.222
v -0.0767 		-1.4567 		1.222
v -0.033 		-1.4568 		1.222
v 0.0094 		-1.4569 		1.222
v 0.0504 		-1.4572 		1.222
v 0.0902 		-1.4575 		1.2219
v 0.1287 		-1.4579 		1.2219
v 0.166 		-1.4584 		1.2218
v 0.2022 		-1.459 		1.2217
v 0.2373 		-1.4597 		1.2216
v 0.2713 		-1.4604 		1.2216
v 0.3044 		-1.4611 		1.2215
v 0.3365 		-1.4619 		1.2214
v 0.3677 		-1.4627 		1.2213
v 0.398 		-1.4636 		1.2212
v 0.4275 		-1.4645 		1.2211
v 0.4563 		-1.4654 		1.2209
v 0.4844 		-1.4663 		1.2208
v 0.5118 		-1.4673 		1.2207
v 0.5386 		-1.4682 		1.2206
v 0.5648 		-1.4691 		1.2205
v 0.5905 		-1.47 		1.2204
v 0.6158 		-1.4709 		1.2203
v 0.6406 		-1.4718 		1.2202
v 0.6651 		-1.4726 		1.22
v 0.6892 		-1.4734 		1.22
v 0.7131 		-1.4742 		1.2199
v 0.7368 		-1.4749 		1.2198
v 0.7603 		-1.4756 		1.2197
v 0.7836 		-1.4761 		1.2196
v 0.8069 		-1.4767 		1.2196
v 0.8301 		-1.4771 		1.2195
v 0.8534 		-1.4775 		1.2195
v 0.8767 		-1.4777 		1.2194
v 0.9001 		-1.4779 		1.2194
v 0.9237 		-1.478 		1.2194
v 0.9476 		-1.4779 		1.2194
v 0.9716 		-1.4778 		1.2194
v 0.996 		-1.4775 		1.2195
v 1.0208 		-1.4771 		1.2195
v 1.0459 		-1.4766 		1.2196
v 1.0715 		-1.4759 		1.2197
v 1.0976 		-1.4751 		1.2198
v 1.1243 		-1.4741 		1.2199
v 1.1515 		-1.4729 		1.22
v 1.1794 		-1.4716 		1.2202
v 1.208 		-1.4702 		1.2204
v 1.2373 		-1.4685 		1.2206
v 1.2675 		-1.4667 		1.2208
v 1.2984 		-1.4646 		1.221
v 1.3294 		-1.4626 		1.2213
v 1.3596 		-1.4607 		1.2215
v 1.389 		-1.4589 		1.2217
v 1.4176 		-1.4572 		1.2219
v 1.4455 		-1.4557 		1.2221
v 1.4726 		-1.4542 		1.2223
v 1.499 		-1.4527 		1.2225
v 1.5247 		-1.4513 		1.2227
v 1.5497 		-1.4498 		1.2229
v 1.574 		-1.4484 		1.223
v 1.5977 		-1.4469 		1.2232
v 1.6207 		-1.4453 		1.2234
v 1.6431 		-1.4437 		1.2236
v 1.6649 		-1.4419 		1.2238
v 1.686 		-1.4401 		1.2241
v 1.7066 		-1.4381 		1.2243
v 1.7267 		-1.4359 		1.2246
v 1.7462 		-1.4335 		1.2249
v 1.7651 		-1.431 		1.2252
v 1.7836 		-1.4282 		1.2255
v 1.8015 		-1.4252 		1.2259
v 1.819 		-1.4219 		1.2263
v 1.836 		-1.4183 		1.2267
v 1.8525 		-1.4144 		1.2272
v 1.8687 		-1.4101 		1.2277
v 1.8844 		-1.4055 		1.2283
v 1.8997 		-1.4006 		1.2289
v 1.9146 		-1.3952 		1.2296
v 1.9291 		-1.3895 		1.2303
v 1.9433 		-1.3833 		1.231
v 1.9572 		-1.3766 		1.2319
v 1.9707 		-1.3695 		1.2327
v 1.984 		-1.3618 		1.2337
v 1.9969 		-1.3537 		1.2347
v 2.0096 		-1.345 		1.2357
v 2.022 		-1.3357 		1.2369
v 2.0342 		-1.3259 		1.2381
v 2.0462 		-1.3154 		1.2394
v 2.058 		-1.3044 		1.2407
v 2.0696 		-1.2927 		1.2422
v 2.081 		-1.2803 		1.2437
v 2.0922 		-1.2672 		1.2453
v 2.1033 		-1.2535 		1.247
v 2.1143 		-1.239 		1.2488
v 2.1252 		-1.2237 		1.2507
v 2.136 		-1.2077 		1.2526
v 2.1467 		-1.1909 		1.2547
v 2.1573 		-1.1733 		1.2569
v 2.1684 		-1.1547 		1.2591
v 2.1803 		-1.1352 		1.2615
v 2.1928 		-1.1147 		1.2641
v 2.206 		-1.0933 		1.2667
v 2.2198 		-1.071 		1.2694
v 2.234 		-1.0479 		1.2723
v 2.2486 		-1.0241 		1.2752
v 2.2635 		-0.9996 		1.2782
v 2.2786 		-0.9744 		1.2813
v 2.2938 		-0.9486 		1.2845
v 2.3091 		-0.9222 		1.2877
v 2.3244 		-0.8954 		1.291
v 2.3396 		-0.868 		1.2944
v 2.3545 		-0.8403 		1.2978
v 2.3692 		-0.8122 		1.3013
v 2.3835 		-0.7838 		1.3048
v 2.3974 		-0.7552 		1.3083
v 2.4108 		-0.7263 		1.3118
v 2.4235 		-0.6972 		1.3154
v 2.4356 		-0.6681 		1.319
v 2.4469 		-0.6389 		1.3226
v 2.4573 		-0.6097 		1.3262
v 2.4668 		-0.5805 		1.3298
v 2.4753 		-0.5514 		1.3333
v 2.4826 		-0.5224 		1.3369
v 2.4888 		-0.4937 		1.3404
v 2.4937 		-0.4651 		1.344
v 2.4973 		-0.4369 		1.3474
v 2.4994 		-0.4089 		1.3509
v 2.5 		-0.3814 		1.3542
v 2.499 		-0.3543 		1.3576
v 2.4963 		-0.3277 		1.3609
v 2.4919 		-0.3016 		1.3641
v 2.4856 		-0.2761 		1.3672
v 2.4774 		-0.2512 		1.3703
v 2.4672 		-0.227 		1.3732
v 2.4548 		-0.2036 		1.3761
v 2.4403 		-0.1809 		1.3789
v 2.4236 		-0.159 		1.3816
v 2.4045 		-0.1381 		1.3842
v 2.3829 		-0.118 		1.3866
v 2.3589 		-0.099 		1.389
v 2.3323 		-0.0809 		1.3912
v 2.303 		-0.064 		1.3933
v 2.2709 		-0.0482 		1.3952
v 2.236 		-0.0335 		1.397
v 2.1982 		-0.0201 		1.3987
v 2.1573 		-0.0079 		1.4002
v 2.1549 		-0.0073 		1.4003
v 2.1524 		-0.0066 		1.4003
v 2.1499 		-0.0059 		1.4004
v 2.1473 		-0.0053 		1.4005
v 2.1448 		-0.0046 		1.4006
v 2.1422 		-0.0039 		1.4007
v 2.1396 		-0.0033 		1.4007
v 2.137 		-0.0026 		1.4008
v 2.1344 		-0.002 		1.4009
v 2.1318 		-0.0013 		1.401
v 2.1291 		-0.0007 		1.4011
v -2.1123 		-0.0007 		1.4011
v -2.1146 		-0.0013 		1.401
v -2.117 		-0.002 		1.4009
v -2.1193 		-0.0026 		1.4008
v -2.1215 		-0.0033 		1.4007
v -2.1238 		-0.0039 		1.4007
v -2.1261 		-0.0046 		1.4006
v -2.1283 		-0.0053 		1.4005
v -2.1306 		-0.0059 		1.4004
v -2.1328 		-0.0066 		1.4003
v -2.135 		-0.0073 		1.4003
v -2.1372 		-0.0077 		1.3992
v -2.1815 		-0.0222 		1.3956
v -2.2225 		-0.0381 		1.3916
v -2.2602 		-0.0554 		1.3873
v -2.2947 		-0.0741 		1.3826
v -2.3262 		-0.0941 		1.3776
v -2.3547 		-0.1154 		1.3723
v -2.3803 		-0.1378 		1.3667
v -2.4032 		-0.1613 		1.3608
v -2.4233 		-0.1858 		1.3546
v -2.4409 		-0.2113 		1.3483
v -2.456 		-0.2377 		1.3416
v -2.4687 		-0.265 		1.3348
v -2.4791 		-0.2931 		1.3278
v -2.4873 		-0.3219 		1.3206
v -2.4934 		-0.3514 		1.3132
v -2.4975 		-0.3815 		1.3057
v -2.4997 		-0.4121 		1.298
v -2.5 		-0.4431 		1.2902
v -2.4986 		-0.4746 		1.2824
v -2.4956 		-0.5065 		1.2744
v -2.4911 		-0.5386 		1.2663
v -2.4851 		-0.571 		1.2582
v -2.4777 		-0.6035 		1.2501
v -2.4691 		-0.6361 		1.2419
v -2.4594 		-0.6688 		1.2338
v -2.4486 		-0.7014 		1.2256
v -2.4369 		-0.7339 		1.2175
v -2.4243 		-0.7663 		1.2093
v -2.4109 		-0.7985 		1.2013
v -2.3968 		-0.8304 		1.1933
v -2.3822 		-0.8619 		1.1854
v -2.367 		-0.8931 		1.1776
v -2.3515 		-0.9237 		1.1699
v -2.3357 		-0.9539 		1.1624
v -2.3197 		-0.9834 		1.155
v -2.3036 		-1.0123 		1.1478
v -2.2875 		-1.0405 		1.1407
v -2.2715 		-1.0679 		1.1339
v -2.2556 		-1.0945 		1.1272
v -2.2401 		-1.1201 		1.1208
v -2.2249 		-1.1448 		1.1146
v -2.2102 		-1.1684 		1.1087
v -2.1961 		-1.1909 		1.1031
v -2.1826 		-1.2123 		1.0977
v -2.1699 		-1.2325 		1.0927
v -2.158 		-1.2514 		1.0879
v -2.1471 		-1.2689 		1.0836
v -2.1372 		-1.285 		1.0795
v -2.1278 		-1.3 		1.0758
v -2.1182 		-1.314 		1.0723
v -2.1083 		-1.3272 		1.069
v -2.0982 		-1.3395 		1.0659
v -2.0878 		-1.3511 		1.063
v -2.0772 		-1.3618 		1.0603
v -2.0663 		-1.3718 		1.0578
v -2.0551 		-1.381 		1.0555
v -2.0437 		-1.3896 		1.0534
v -2.0319 		-1.3974 		1.0514
v -2.0199 		-1.4046 		1.0496
v -2.0075 		-1.4111 		1.048
v -1.9948 		-1.417 		1.0465
v -1.9818 		-1.4223 		1.0452
v -1.9685 		-1.4271 		1.044
v -1.9548 		-1.4313 		1.0429
v -1.9407 		-1.4349 		1.042
v -1.9263 		-1.4381 		1.0412
v -1.9115 		-1.4409 		1.0405
v -1.8963 		-1.4431 		1.0399
v -1.8807 		-1.445 		1.0395
v -1.8647 		-1.4465 		1.0391
v -1.8484 		-1.4476 		1.0388
v -1.8315 		-1.4483 		1.0386
v -1.8143 		-1.4488 		1.0385
v -1.7966 		-1.4489 		1.0385
v -1.7785 		-1.4488 		1.0385
v -1.7599 		-1.4484 		1.0386
v -1.7408 		-1.4478 		1.0388
v -1.7213 		-1.447 		1.039
v -1.7013 		-1.446 		1.0392
v -1.6808 		-1.4449 		1.0395
v -1.6598 		-1.4436 		1.0398
v -1.6383 		-1.4423 		1.0402
v -1.6162 		-1.4409 		1.0405
v -1.5937 		-1.4394 		1.0409
v -1.5706 		-1.4379 		1.0413
v -1.5469 		-1.4364 		1.0416
v -1.5227 		-1.4349 		1.042
v -1.4979 		-1.4335 		1.0424
v -1.4726 		-1.4322 		1.0427
v -1.4467 		-1.4309 		1.043
v -1.4201 		-1.4298 		1.0433
v -1.393 		-1.4288 		1.0435
v -1.3653 		-1.428 		1.0437
v -1.3369 		-1.4274 		1.0439
v -1.3079 		-1.4271 		1.044
v -1.2783 		-1.4269 		1.044
v -1.249 		-1.4269 		1.044
v -1.2208 		-1.4269 		1.044
v -1.1937 		-1.4268 		1.044
v -1.1676 		-1.4268 		1.044
v -1.1425 		-1.4267 		1.0441
v -1.1183 		-1.4266 		1.0441
v -1.0949 		-1.4265 		1.0441
v -1.0724 		-1.4264 		1.0441
v -1.0505 		-1.4262 		1.0442
v -1.0293 		-1.4261 		1.0442
v -1.0086 		-1.4259 		1.0443
v -0.9885 		-1.4257 		1.0443
v -0.9688 		-1.4255 		1.0443
v -0.9496 		-1.4253 		1.0444
v -0.9306 		-1.4251 		1.0444
v -0.912 		-1.4249 		1.0445
v -0.8935 		-1.4247 		1.0446
v -0.8752 		-1.4245 		1.0446
v -0.857 		-1.4243 		1.0447
v -0.8387 		-1.424 		1.0447
v -0.8204 		-1.4238 		1.0448
v -0.8021 		-1.4236 		1.0448
v -0.7835 		-1.4233 		1.0449
v -0.7647 		-1.4231 		1.045
v -0.7456 		-1.4228 		1.045
v -0.7261 		-1.4226 		1.0451
v -0.7062 		-1.4223 		1.0451
v -0.6858 		-1.4221 		1.0452
v -0.6649 		-1.4219 		1.0453
v -0.6433 		-1.4217 		1.0453
v -0.621 		-1.4214 		1.0454
v -0.598 		-1.4212 		1.0454
v -0.5742 		-1.421 		1.0455
v -0.5495 		-1.4208 		1.0455
v -0.5239 		-1.4206 		1.0456
v -0.4973 		-1.4204 		1.0456
v -0.4696 		-1.4202 		1.0457
v -0.4408 		-1.4201 		1.0457
v -0.4108 		-1.4199 		1.0458
v -0.3795 		-1.4198 		1.0458
v -0.347 		-1.4197 		1.0458
v -0.313 		-1.4195 		1.0459
v -0.2776 		-1.4194 		1.0459
v -0.2407 		-1.4194 		1.0459
v -0.2022 		-1.4193 		1.0459
v -0.1621 		-1.4192 		1.0459
v -0.1203 		-1.4192 		1.0459
v -0.0767 		-1.4192 		1.0459
v -0.033 		-1.4193 		1.0459
v 0.0094 		-1.4194 		1.0459
v 0.0504 		-1.4197 		1.0458
v 0.0902 		-1.42 		1.0457
v 0.1287 		-1.4204 		1.0456
v 0.166 		-1.4209 		1.0455
v 0.2022 		-1.4215 		1.0454
v 0.2373 		-1.4221 		1.0452
v 0.2713 		-1.4228 		1.045
v 0.3044 		-1.4235 		1.0449
v 0.3365 		-1.4243 		1.0447
v 0.3677 		-1.4251 		1.0445
v 0.398 		-1.4259 		1.0443
v 0.4275 		-1.4268 		1.044
v 0.4563 		-1.4277 		1.0438
v 0.4844 		-1.4286 		1.0436
v 0.5118 		-1.4295 		1.0434
v 0.5386 		-1.4304 		1.0431
v 0.5648 		-1.4313 		1.0429
v 0.5905 		-1.4322 		1.0427
v 0.6158 		-1.4331 		1.0425
v 0.6406 		-1.4339 		1.0423
v 0.6651 		-1.4347 		1.042
v 0.6892 		-1.4355 		1.0419
v 0.7131 		-1.4363 		1.0417
v 0.7368 		-1.437 		1.0415
v 0.7603 		-1.4376 		1.0413
v 0.7836 		-1.4382 		1.0412
v 0.8069 		-1.4387 		1.0411
v 0.8301 		-1.4391 		1.041
v 0.8534 		-1.4394 		1.0409
v 0.8767 		-1.4397 		1.0408
v 0.9001 		-1.4399 		1.0408
v 0.9237 		-1.4399 		1.0407
v 0.9476 		-1.4399 		1.0408
v 0.9716 		-1.4397 		1.0408
v 0.996 		-1.4395 		1.0409
v 1.0208 		-1.4391 		1.041
v 1.0459 		-1.4386 		1.0411
v 1.0715 		-1.4379 		1.0413
v 1.0976 		-1.4371 		1.0415
v 1.1243 		-1.4361 		1.0417
v 1.1515 		-1.435 		1.042
v 1.1794 		-1.4338 		1.0423
v 1.208 		-1.4323 		1.0427
v 1.2373 		-1.4307 		1.0431
v 1.2675 		-1.4289 		1.0435
v 1.2984 		-1.4269 		1.044
v 1.3294 		-1.4249 		1.0445
v 1.3596 		-1.4231 		1.045
v 1.389 		-1.4214 		1.0454
v 1.4176 		-1.4197 		1.0458
v 1.4455 		-1.4182 		1.0462
v 1.4726 		-1.4167 		1.0466
v 1.499 		-1.4153 		1.0469
v 1.5247 		-1.4139 		1.0473
v 1.5497 		-1.4125 		1.0476
v 1.574 		-1.4111 		1.048
v 1.5977 		-1.4096 		1.0483
v 1.6207 		-1.4081 		1.0487
v 1.6431 		-1.4065 		1.0491
v 1.6649 		-1.4048 		1.0495
v 1.686 		-1.403 		1.05
v 1.7066 		-1.401 		1.0505
v 1.7267 		-1.3989 		1.051
v 1.7462 		-1.3966 		1.0516
v 1.7651 		-1.3941 		1.0522
v 1.7836 		-1.3914 		1.0529
v 1.8015 		-1.3885 		1.0536
v 1.819 		-1.3853 		1.0544
v 1.836 		-1.3818 		1.0553
v 1.8525 		-1.378 		1.0563
v 1.8687 		-1.3738 		1.0573
v 1.8844 		-1.3694 		1.0584
v 1.8997 		-1.3645 		1.0596
v 1.9146 		-1.3593 		1.0609
v 1.9291 		-1.3537 		1.0623
v 1.9433 		-1.3477 		1.0638
v 1.9572 		-1.3412 		1.0655
v 1.9707 		-1.3342 		1.0672
v 1.984 		-1.3268 		1.0691
v 1.9969 		-1.3188 		1.0711
v 2.0096 		-1.3104 		1.0732
v 2.022 		-1.3013 		1.0754
v 2.0342 		-1.2918 		1.0778
v 2.0462 		-1.2816 		1.0804
v 2.058 		-1.2708 		1.0831
v 2.0696 		-1.2594 		1.0859
v 2.081 		-1.2473 		1.089
v 2.0922 		-1.2346 		1.0921
v 2.1033 		-1.2212 		1.0955
v 2.1143 		-1.2071 		1.099
v 2.1252 		-1.1922 		1.1027
v 2.136 		-1.1766 		1.1067
v 2.1467 		-1.1603 		1.1107
v 2.1573 		-1.1431 		1.115
v 2.1684 		-1.125 		1.1196
v 2.1803 		-1.106 		1.1243
v 2.1928 		-1.086 		1.1293
v 2.206 		-1.0651 		1.1346
v 2.2198 		-1.0434 		1.14
v 2.234 		-1.021 		1.1456
v 2.2486 		-0.9977 		1.1514
v 2.2635 		-0.9738 		1.1574
v 2.2786 		-0.9493 		1.1635
v 2.2938 		-0.9242 		1.1698
v 2.3091 		-0.8985 		1.1763
v 2.3244 		-0.8723 		1.1828
v 2.3396 		-0.8457 		1.1895
v 2.3545 		-0.8187 		1.1962
v 2.3692 		-0.7913 		1.2031
v 2.3835 		-0.7636 		1.21
v 2.3974 		-0.7357 		1.217
v 2.4108 		-0.7076 		1.224
v 2.4235 		-0.6793 		1.2311
v 2.4356 		-0.6509 		1.2382
v 2.4469 		-0.6224 		1.2454
v 2.4573 		-0.594 		1.2525
v 2.4668 		-0.5655 		1.2596
v 2.4753 		-0.5372 		1.2667
v 2.4826 		-0.509 		1.2738
v 2.4888 		-0.481 		1.2808
v 2.4937 		-0.4531 		1.2877
v 2.4973 		-0.4256 		1.2946
v 2.4994 		-0.3984 		1.3014
v 2.5 		-0.3716 		1.3081
v 2.499 		-0.3452 		1.3148
v 2.4963 		-0.3193 		1.3212
v 2.4919 		-0.2938 		1.3276
v 2.4856 		-0.269 		1.3338
v 2.4774 		-0.2448 		1.3399
v 2.4672 		-0.2212 		1.3458
v 2.4548 		-0.1983 		1.3515
v 2.4403 		-0.1762 		1.357
v 2.4236 		-0.1549 		1.3624
v 2.4045 		-0.1345 		1.3675
v 2.3829 		-0.115 		1.3724
v 2.3589 		-0.0964 		1.377
v 2.3323 		-0.0789 		1.3814
v 2.303 		-0.0623 		1.3855
v 2.2709 		-0.0469 		1.3894
v 2.236 		-0.0326 		1.393
v 2.1982 		-0.0196 		1.3963
v 2.1573 		-0.0077 		1.3992
v 2.1549 		-0.0071 		1.3994
v 2.1524 		-0.0064 		1.3995
v 2.1499 		-0.0058 		1.3997
v 2.1473 		-0.0051 		1.3999
v 2.1448 		-0.0045 		1.4
v 2.1422 		-0.0038 		1.4002
v 2.1396 		-0.0032 		1.4003
v 2.137 		-0.0026 		1.4005
v 2.1344 		-0.0019 		1.4007
v 2.1318 		-0.0013 		1.4008
v -2.1146 		-0.0013 		1.4008
v -2.117 		-0.0019 		1.4007
v -2.1193 		-0.0026 		1.4005
v -2.1215 		-0.0032 		1.4004
v -2.1238 		-0.0038 		1.4002
v -2.1261 		-0.0045 		1.4
v -2.1283 		-0.0051 		1.3999
v -2.1306 		-0.0058 		1.3997
v -2.1328 		-0.0064 		1.3995
v -2.135 		-0.0071 		1.3994
v -2.1372 		-0.0074 		1.3983
v -2.1815 		-0.0212 		1.3929
v -2.2225 		-0.0364 		1.3871
v -2.2602 		-0.053 		1.3806
v -2.2947 		-0.0709 		1.3737
v -2.3262 		-0.09 		1.3663
v -2.3547 		-0.1103 		1.3585
v -2.3803 		-0.1318 		1.3502
v -2.4032 		-0.1542 		1.3415
v -2.4233 		-0.1777 		1.3324
v -2.4409 		-0.2021 		1.3229
v -2.456 		-0.2274 		1.3132
v -2.4687 		-0.2535 		1.3031
v -2.4791 		-0.2803 		1.2927
v -2.4873 		-0.3079 		1.282
v -2.4934 		-0.3361 		1.2711
v -2.4975 		-0.3648 		1.26
v -2.4997 		-0.3941 		1.2487
v -2.5 		-0.4239 		1.2372
v -2.4986 		-0.454 		1.2255
v -2.4956 		-0.4844 		1.2137
v -2.4911 		-0.5152 		1.2018
v -2.4851 		-0.5461 		1.1898
v -2.4777 		-0.5772 		1.1778
v -2.4691 		-0.6084 		1.1657
v -2.4594 		-0.6397 		1.1537
v -2.4486 		-0.6709 		1.1416
v -2.4369 		-0.702 		1.1295
v -2.4243 		-0.733 		1.1176
v -2.4109 		-0.7637 		1.1056
v -2.3968 		-0.7942 		1.0938
v -2.3822 		-0.8244 		1.0822
v -2.367 		-0.8542 		1.0706
v -2.3515 		-0.8835 		1.0593
v -2.3357 		-0.9124 		1.0481
v -2.3197 		-0.9406 		1.0372
v -2.3036 		-0.9683 		1.0265
v -2.2875 		-0.9952 		1.0161
v -2.2715 		-1.0214 		1.0059
v -2.2556 		-1.0468 		0.9961
v -2.2401 		-1.0713 		0.9866
v -2.2249 		-1.0949 		0.9775
v -2.2102 		-1.1175 		0.9688
v -2.1961 		-1.1391 		0.9604
v -2.1826 		-1.1596 		0.9525
v -2.1699 		-1.1788 		0.945
v -2.158 		-1.1969 		0.9381
v -2.1471 		-1.2137 		0.9316
v -2.1372 		-1.2291 		0.9256
v -2.1278 		-1.2434 		0.9201
v -2.1182 		-1.2568 		0.9149
v -2.1083 		-1.2694 		0.91
v -2.0982 		-1.2812 		0.9054
v -2.0878 		-1.2923 		0.9012
v -2.0772 		-1.3025 		0.8972
v -2.0663 		-1.3121 		0.8935
v -2.0551 		-1.3209 		0.8901
v -2.0437 		-1.3291 		0.8869
v -2.0319 		-1.3366 		0.884
v -2.0199 		-1.3434 		0.8814
v -2.0075 		-1.3497 		0.8789
v -1.9948 		-1.3553 		0.8768
v -1.9818 		-1.3604 		0.8748
v -1.9685 		-1.3649 		0.873
v -1.9548 		-1.369 		0.8715
v -1.9407 		-1.3725 		0.8701
v -1.9263 		-1.3755 		0.8689
v -1.9115 		-1.3781 		0.8679
v -1.8963 		-1.3803 		0.8671
v -1.8807 		-1.3821 		0.8664
v -1.8647 		-1.3835 		0.8658
v -1.8484 		-1.3846 		0.8654
v -1.8315 		-1.3853 		0.8652
v -1.8143 		-1.3857 		0.865
v -1.7966 		-1.3858 		0.865
v -1.7785 		-1.3857 		0.865
v -1.7599 		-1.3853 		0.8651
v -1.7408 		-1.3847 		0.8654
v -1.7213 		-1.384 		0.8657
v -1.7013 		-1.383 		0.866
v -1.6808 		-1.382 		0.8664
v -1.6598 		-1.3808 		0.8669
v -1.6383 		-1.3795 		0.8674
v -1.6162 		-1.3781 		0.8679
v -1.5937 		-1.3767 		0.8685
v -1.5706 		-1.3753 		0.869
v -1.5469 		-1.3739 		0.8696
v -1.5227 		-1.3725 		0.8701
v -1.4979 		-1.3711 		0.8706
v -1.4726 		-1.3698 		0.8711
v -1.4467 		-1.3686 		0.8716
v -1.4201 		-1.3676 		0.872
v -1.393 		-1.3666 		0.8724
v -1.3653 		-1.3659 		0.8727
v -1.3369 		-1.3653 		0.8729
v -1.3079 		-1.3649 		0.873
v -1.2783 		-1.3648 		0.8731
v -1.249 		-1.3648 		0.8731
v -1.2208 		-1.3648 		0.8731
v -1.1937 		-1.3647 		0.8731
v -1.1676 		-1.3647 		0.8731
v -1.1425 		-1.3646 		0.8732
v -1.1183 		-1.3645 		0.8732
v -1.0949 		-1.3644 		0.8732
v -1.0724 		-1.3643 		0.8733
v -1.0505 		-1.3641 		0.8733
v -1.0293 		-1.364 		0.8734
v -1.0086 		-1.3638 		0.8735
v -0.9885 		-1.3637 		0.8735
v -0.9688 		-1.3635 		0.8736
v -0.9496 		-1.3633 		0.8737
v -0.9306 		-1.3631 		0.8737
v -0.912 		-1.3629 		0.8738
v -0.8935 		-1.3627 		0.8739
v -0.8752 		-1.3625 		0.874
v -0.857 		-1.3623 		0.8741
v -0.8387 		-1.362 		0.8742
v -0.8204 		-1.3618 		0.8742
v -0.8021 		-1.3616 		0.8743
v -0.7835 		-1.3614 		0.8744
v -0.7647 		-1.3611 		0.8745
v -0.7456 		-1.3609 		0.8746
v -0.7261 		-1.3607 		0.8747
v -0.7062 		-1.3604 		0.8748
v -0.6858 		-1.3602 		0.8749
v -0.6649 		-1.36 		0.8749
v -0.6433 		-1.3598 		0.875
v -0.621 		-1.3596 		0.8751
v -0.598 		-1.3593 		0.8752
v -0.5742 		-1.3591 		0.8753
v -0.5495 		-1.3589 		0.8754
v -0.5239 		-1.3588 		0.8754
v -0.4973 		-1.3586 		0.8755
v -0.4696 		-1.3584 		0.8756
v -0.4408 		-1.3583 		0.8756
v -0.4108 		-1.3581 		0.8757
v -0.3795 		-1.358 		0.8757
v -0.347 		-1.3579 		0.8758
v -0.313 		-1.3577 		0.8758
v -0.2776 		-1.3577 		0.8759
v -0.2407 		-1.3576 		0.8759
v -0.2022 		-1.3575 		0.8759
v -0.1621 		-1.3575 		0.8759
v -0.1203 		-1.3574 		0.8759
v -0.0767 		-1.3574 		0.8759
v -0.033 		-1.3575 		0.8759
v 0.0094 		-1.3576 		0.8759
v 0.0504 		-1.3579 		0.8758
v 0.0902 		-1.3582 		0.8756
v 0.1287 		-1.3586 		0.8755
v 0.166 		-1.359 		0.8753
v 0.2022 		-1.3596 		0.8751
v 0.2373 		-1.3602 		0.8749
v 0.2713 		-1.3608 		0.8746
v 0.3044 		-1.3615 		0.8744
v 0.3365 		-1.3623 		0.8741
v 0.3677 		-1.3631 		0.8738
v 0.398 		-1.3639 		0.8735
v 0.4275 		-1.3647 		0.8731
v 0.4563 		-1.3655 		0.8728
v 0.4844 		-1.3664 		0.8725
v 0.5118 		-1.3673 		0.8721
v 0.5386 		-1.3681 		0.8718
v 0.5648 		-1.369 		0.8715
v 0.5905 		-1.3699 		0.8711
v 0.6158 		-1.3707 		0.8708
v 0.6406 		-1.3715 		0.8705
v 0.6651 		-1.3723 		0.8702
v 0.6892 		-1.373 		0.8699
v 0.7131 		-1.3737 		0.8696
v 0.7368 		-1.3744 		0.8694
v 0.7603 		-1.375 		0.8691
v 0.7836 		-1.3756 		0.8689
v 0.8069 		-1.376 		0.8687
v 0.8301 		-1.3764 		0.8686
v 0.8534 		-1.3768 		0.8685
v 0.8767 		-1.377 		0.8684
v 0.9001 		-1.3772 		0.8683
v 0.9237 		-1.3772 		0.8683
v 0.9476 		-1.3772 		0.8683
v 0.9716 		-1.3771 		0.8683
v 0.996 		-1.3768 		0.8684
v 1.0208 		-1.3764 		0.8686
v 1.0459 		-1.3759 		0.8688
v 1.0715 		-1.3753 		0.869
v 1.0976 		-1.3745 		0.8693
v 1.1243 		-1.3736 		0.8697
v 1.1515 		-1.3726 		0.8701
v 1.1794 		-1.3713 		0.8706
v 1.208 		-1.37 		0.8711
v 1.2373 		-1.3684 		0.8717
v 1.2675 		-1.3667 		0.8723
v 1.2984 		-1.3648 		0.8731
v 1.3294 		-1.3629 		0.8738
v 1.3596 		-1.3611 		0.8745
v 1.389 		-1.3595 		0.8751
v 1.4176 		-1.3579 		0.8757
v 1.4455 		-1.3565 		0.8763
v 1.4726 		-1.3551 		0.8769
v 1.499 		-1.3537 		0.8774
v 1.5247 		-1.3523 		0.8779
v 1.5497 		-1.351 		0.8784
v 1.574 		-1.3496 		0.8789
v 1.5977 		-1.3483 		0.8795
v 1.6207 		-1.3468 		0.88
v 1.6431 		-1.3453 		0.8806
v 1.6649 		-1.3437 		0.8813
v 1.686 		-1.3419 		0.8819
v 1.7066 		-1.3401 		0.8827
v 1.7267 		-1.338 		0.8834
v 1.7462 		-1.3358 		0.8843
v 1.7651 		-1.3335 		0.8852
v 1.7836 		-1.3309 		0.8862
v 1.8015 		-1.328 		0.8873
v 1.819 		-1.325 		0.8885
v 1.836 		-1.3216 		0.8898
v 1.8525 		-1.318 		0.8912
v 1.8687 		-1.314 		0.8927
v 1.8844 		-1.3098 		0.8944
v 1.8997 		-1.3051 		0.8962
v 1.9146 		-1.3001 		0.8981
v 1.9291 		-1.2948 		0.9002
v 1.9433 		-1.289 		0.9024
v 1.9572 		-1.2828 		0.9048
v 1.9707 		-1.2761 		0.9074
v 1.984 		-1.269 		0.9101
v 1.9969 		-1.2614 		0.9131
v 2.0096 		-1.2533 		0.9162
v 2.022 		-1.2447 		0.9196
v 2.0342 		-1.2355 		0.9231
v 2.0462 		-1.2258 		0.9269
v 2.058 		-1.2155 		0.9309
v 2.0696 		-1.2046 		0.9351
v 2.081 		-1.193 		0.9395
v 2.0922 		-1.1809 		0.9442
v 2.1033 		-1.168 		0.9492
v 2.1143 		-1.1545 		0.9544
v 2.1252 		-1.1403 		0.9599
v 2.136 		-1.1254 		0.9657
v 2.1467 		-1.1097 		0.9718
v 2.1573 		-1.0933 		0.9781
v 2.1684 		-1.076 		0.9848
v 2.1803 		-1.0578 		0.9919
v 2.1928 		-1.0387 		0.9993
v 2.206 		-1.0188 		1.007
v 2.2198 		-0.998 		1.015
v 2.234 		-0.9765 		1.0233
v 2.2486 		-0.9543 		1.0319
v 2.2635 		-0.9315 		1.0408
v 2.2786 		-0.908 		1.0498
v 2.2938 		-0.8839 		1.0591
v 2.3091 		-0.8594 		1.0686
v 2.3244 		-0.8343 		1.0783
v 2.3396 		-0.8089 		1.0882
v 2.3545 		-0.783 		1.0982
v 2.3692 		-0.7569 		1.1083
v 2.3835 		-0.7304 		1.1185
v 2.3974 		-0.7037 		1.1289
v 2.4108 		-0.6768 		1.1393
v 2.4235 		-0.6497 		1.1498
v 2.4356 		-0.6226 		1.1603
v 2.4469 		-0.5954 		1.1708
v 2.4573 		-0.5681 		1.1813
v 2.4668 		-0.5409 		1.1919
v 2.4753 		-0.5138 		1.2023
v 2.4826 		-0.4868 		1.2128
v 2.4888 		-0.46 		1.2232
v 2.4937 		-0.4334 		1.2335
v 2.4973 		-0.4071 		1.2436
v 2.4994 		-0.3811 		1.2537
v 2.5 		-0.3554 		1.2636
v 2.499 		-0.3302 		1.2734
v 2.4963 		-0.3054 		1.283
v 2.4919 		-0.281 		1.2924
v 2.4856 		-0.2573 		1.3016
v 2.4774 		-0.2341 		1.3106
v 2.4672 		-0.2116 		1.3193
v 2.4548 		-0.1897 		1.3278
v 2.4403 		-0.1686 		1.3359
v 2.4236 		-0.1482 		1.3438
v 2.4045 		-0.1287 		1.3514
v 2.3829 		-0.11 		1.3586
v 2.3589 		-0.0922 		1.3655
v 2.3323 		-0.0754 		1.372
v 2.303 		-0.0596 		1.3781
v 2.2709 		-0.0449 		1.3838
v 2.236 		-0.0312 		1.3891
v 2.1982 		-0.0187 		1.3939
v 2.1573 		-0.0074 		1.3983
v 2.1549 		-0.0068 		1.3985
v 2.1524 		-0.0061 		1.3988
v 2.1499 		-0.0055 		1.399
v 2.1473 		-0.0049 		1.3993
v 2.1448 		-0.0043 		1.3995
v 2.1422 		-0.0037 		1.3997
v 2.1396 		-0.0031 		1.4
v 2.137 		-0.0024 		1.4002
v 2.1344 		-0.0018 		1.4004
v 2.1318 		-0.0012 		1.4007
v 2.1291 		-0.0006 		1.4009
v -2.1123 		-0.0006 		1.4009
v -2.1146 		-0.0012 		1.4007
v -2.117 		-0.0018 		1.4004
v -2.1193 		-0.0024 		1.4002
v -2.1215 		-0.0031 		1.4
v -2.1238 		-0.0037 		1.3997
v -2.1261 		-0.0043 		1.3995
v -2.1283 		-0.0049 		1.3993
v -2.1306 		-0.0055 		1.399
v -2.1328 		-0.0061 		1.3988
v -2.135 		-0.0068 		1.3985
v -2.1372 		-0.0069 		1.3974
v -2.1815 		-0.0199 		1.3904
v -2.2225 		-0.0342 		1.3827
v -2.2602 		-0.0497 		1.3743
v -2.2947 		-0.0665 		1.3653
v -2.3262 		-0.0844 		1.3556
v -2.3547 		-0.1034 		1.3454
v -2.3803 		-0.1235 		1.3345
v -2.4032 		-0.1446 		1.3232
v -2.4233 		-0.1666 		1.3113
v -2.4409 		-0.1895 		1.299
v -2.456 		-0.2132 		1.2862
v -2.4687 		-0.2376 		1.273
v -2.4791 		-0.2628 		1.2594
v -2.4873 		-0.2886 		1.2455
v -2.4934 		-0.315 		1.2312
v -2.4975 		-0.342 		1.2167
v -2.4997 		-0.3694 		1.2019
v -2.5 		-0.3973 		1.1869
v -2.4986 		-0.4256 		1.1716
v -2.4956 		-0.4541 		1.1562
v -2.4911 		-0.4829 		1.1407
v -2.4851 		-0.5119 		1.1251
v -2.4777 		-0.5411 		1.1093
v -2.4691 		-0.5703 		1.0936
v -2.4594 		-0.5996 		1.0778
v -2.4486 		-0.6289 		1.062
v -2.4369 		-0.658 		1.0463
v -2.4243 		-0.6871 		1.0306
v -2.4109 		-0.7159 		1.0151
v -2.3968 		-0.7445 		0.9996
v -2.3822 		-0.7728 		0.9844
v -2.367 		-0.8007 		0.9693
v -2.3515 		-0.8282 		0.9545
v -2.3357 		-0.8552 		0.9399
v -2.3197 		-0.8817 		0.9256
v -2.3036 		-0.9076 		0.9117
v -2.2875 		-0.9329 		0.898
v -2.2715 		-0.9575 		0.8848
v -2.2556 		-0.9813 		0.872
v -2.2401 		-1.0042 		0.8596
v -2.2249 		-1.0264 		0.8476
v -2.2102 		-1.0476 		0.8362
v -2.1961 		-1.0678 		0.8253
v -2.1826 		-1.0869 		0.815
v -2.1699 		-1.105 		0.8052
v -2.158 		-1.1219 		0.7961
v -2.1471 		-1.1377 		0.7876
v -2.1372 		-1.1521 		0.7798
v -2.1278 		-1.1655 		0.7726
v -2.1182 		-1.1781 		0.7658
v -2.1083 		-1.1899 		0.7594
v -2.0982 		-1.201 		0.7534
v -2.0878 		-1.2113 		0.7479
v -2.0772 		-1.221 		0.7427
v -2.0663 		-1.2299 		0.7379
v -2.0551 		-1.2382 		0.7334
v -2.0437 		-1.2458 		0.7293
v -2.0319 		-1.2529 		0.7255
v -2.0199 		-1.2593 		0.722
v -2.0075 		-1.2651 		0.7189
v -1.9948 		-1.2704 		0.716
v -1.9818 		-1.2752 		0.7134
v -1.9685 		-1.2795 		0.7111
v -1.9548 		-1.2832 		0.7091
v -1.9407 		-1.2865 		0.7073
v -1.9263 		-1.2894 		0.7058
v -1.9115 		-1.2918 		0.7045
v -1.8963 		-1.2939 		0.7034
v -1.8807 		-1.2956 		0.7025
v -1.8647 		-1.2969 		0.7017
v -1.8484 		-1.2979 		0.7012
v -1.8315 		-1.2985 		0.7008
v -1.8143 		-1.2989 		0.7006
v -1.7966 		-1.299 		0.7006
v -1.7785 		-1.2989 		0.7006
v -1.7599 		-1.2986 		0.7008
v -1.7408 		-1.298 		0.7011
v -1.7213 		-1.2973 		0.7015
v -1.7013 		-1.2964 		0.702
v -1.6808 		-1.2954 		0.7025
v -1.6598 		-1.2943 		0.7031
v -1.6383 		-1.2931 		0.7038
v -1.6162 		-1.2918 		0.7045
v -1.5937 		-1.2905 		0.7052
v -1.5706 		-1.2892 		0.7059
v -1.5469 		-1.2878 		0.7066
v -1.5227 		-1.2865 		0.7073
v -1.4979 		-1.2853 		0.708
v -1.4726 		-1.2841 		0.7087
v -1.4467 		-1.2829 		0.7093
v -1.4201 		-1.2819 		0.7098
v -1.393 		-1.2811 		0.7103
v -1.3653 		-1.2804 		0.7107
v -1.3369 		-1.2798 		0.7109
v -1.3079 		-1.2795 		0.7111
v -1.2783 		-1.2794 		0.7112
v -1.249 		-1.2793 		0.7112
v -1.2208 		-1.2793 		0.7112
v -1.1937 		-1.2793 		0.7112
v -1.1676 		-1.2792 		0.7113
v -1.1425 		-1.2791 		0.7113
v -1.1183 		-1.2791 		0.7114
v -1.0949 		-1.279 		0.7114
v -1.0724 		-1.2788 		0.7115
v -1.0505 		-1.2787 		0.7115
v -1.0293 		-1.2786 		0.7116
v -1.0086 		-1.2784 		0.7117
v -0.9885 		-1.2783 		0.7118
v -0.9688 		-1.2781 		0.7119
v -0.9496 		-1.2779 		0.712
v -0.9306 		-1.2777 		0.7121
v -0.912 		-1.2776 		0.7122
v -0.8935 		-1.2774 		0.7123
v -0.8752 		-1.2772 		0.7124
v -0.857 		-1.277 		0.7125
v -0.8387 		-1.2767 		0.7126
v -0.8204 		-1.2765 		0.7127
v -0.8021 		-1.2763 		0.7128
v -0.7835 		-1.2761 		0.7129
v -0.7647 		-1.2759 		0.7131
v -0.7456 		-1.2757 		0.7132
v -0.7261 		-1.2755 		0.7133
v -0.7062 		-1.2752 		0.7134
v -0.6858 		-1.275 		0.7135
v -0.6649 		-1.2748 		0.7136
v -0.6433 		-1.2746 		0.7137
v -0.621 		-1.2744 		0.7139
v -0.598 		-1.2742 		0.714
v -0.5742 		-1.274 		0.7141
v -0.5495 		-1.2738 		0.7142
v -0.5239 		-1.2737 		0.7143
v -0.4973 		-1.2735 		0.7143
v -0.4696 		-1.2733 		0.7144
v -0.4408 		-1.2732 		0.7145
v -0.4108 		-1.2731 		0.7146
v -0.3795 		-1.2729 		0.7147
v -0.347 		-1.2728 		0.7147
v -0.313 		-1.2727 		0.7148
v -0.2776 		-1.2726 		0.7148
v -0.2407 		-1.2726 		0.7149
v -0.2022 		-1.2725 		0.7149
v -0.1621 		-1.2725 		0.7149
v -0.1203 		-1.2724 		0.7149
v -0.0767 		-1.2724 		0.7149
v -0.033 		-1.2725 		0.7149
v 0.0094 		-1.2726 		0.7148
v 0.0504 		-1.2728 		0.7147
v 0.0902 		-1.2731 		0.7145
v 0.1287 		-1.2735 		0.7143
v 0.166 		-1.2739 		0.7141
v 0.2022 		-1.2744 		0.7138
v 0.2373 		-1.275 		0.7135
v 0.2713 		-1.2756 		0.7132
v 0.3044 		-1.2763 		0.7129
v 0.3365 		-1.277 		0.7125
v 0.3677 		-1.2777 		0.7121
v 0.398 		-1.2785 		0.7117
v 0.4275 		-1.2792 		0.7113
v 0.4563 		-1.28 		0.7108
v 0.4844 		-1.2808 		0.7104
v 0.5118 		-1.2817 		0.71
v 0.5386 		-1.2825 		0.7095
v 0.5648 		-1.2833 		0.7091
v 0.5905 		-1.2841 		0.7086
v 0.6158 		-1.2849 		0.7082
v 0.6406 		-1.2856 		0.7078
v 0.6651 		-1.2864 		0.7074
v 0.6892 		-1.2871 		0.707
v 0.7131 		-1.2877 		0.7067
v 0.7368 		-1.2883 		0.7063
v 0.7603 		-1.2889 		0.706
v 0.7836 		-1.2894 		0.7058
v 0.8069 		-1.2899 		0.7055
v 0.8301 		-1.2902 		0.7053
v 0.8534 		-1.2906 		0.7051
v 0.8767 		-1.2908 		0.705
v 0.9001 		-1.2909 		0.7049
v 0.9237 		-1.291 		0.7049
v 0.9476 		-1.291 		0.7049
v 0.9716 		-1.2908 		0.705
v 0.996 		-1.2906 		0.7051
v 1.0208 		-1.2902 		0.7053
v 1.0459 		-1.2898 		0.7056
v 1.0715 		-1.2892 		0.7059
v 1.0976 		-1.2885 		0.7063
v 1.1243 		-1.2876 		0.7067
v 1.1515 		-1.2866 		0.7073
v 1.1794 		-1.2855 		0.7079
v 1.208 		-1.2842 		0.7086
v 1.2373 		-1.2827 		0.7094
v 1.2675 		-1.2811 		0.7102
v 1.2984 		-1.2794 		0.7112
v 1.3294 		-1.2776 		0.7122
v 1.3596 		-1.2759 		0.7131
v 1.389 		-1.2744 		0.7139
v 1.4176 		-1.2729 		0.7147
v 1.4455 		-1.2715 		0.7154
v 1.4726 		-1.2702 		0.7161
v 1.499 		-1.2689 		0.7168
v 1.5247 		-1.2677 		0.7175
v 1.5497 		-1.2664 		0.7182
v 1.574 		-1.2651 		0.7189
v 1.5977 		-1.2638 		0.7196
v 1.6207 		-1.2625 		0.7203
v 1.6431 		-1.261 		0.7211
v 1.6649 		-1.2595 		0.7219
v 1.686 		-1.2579 		0.7228
v 1.7066 		-1.2561 		0.7237
v 1.7267 		-1.2542 		0.7247
v 1.7462 		-1.2522 		0.7258
v 1.7651 		-1.25 		0.727
v 1.7836 		-1.2475 		0.7284
v 1.8015 		-1.2449 		0.7298
v 1.819 		-1.242 		0.7313
v 1.836 		-1.2388 		0.733
v 1.8525 		-1.2354 		0.7349
v 1.8687 		-1.2317 		0.7369
v 1.8844 		-1.2277 		0.739
v 1.8997 		-1.2234 		0.7414
v 1.9146 		-1.2187 		0.7439
v 1.9291 		-1.2137 		0.7466
v 1.9433 		-1.2083 		0.7495
v 1.9572 		-1.2025 		0.7527
v 1.9707 		-1.1962 		0.756
v 1.984 		-1.1896 		0.7596
v 1.9969 		-1.1824 		0.7635
v 2.0096 		-1.1748 		0.7676
v 2.022 		-1.1667 		0.7719
v 2.0342 		-1.1582 		0.7766
v 2.0462 		-1.149 		0.7815
v 2.058 		-1.1394 		0.7867
v 2.0696 		-1.1291 		0.7922
v 2.081 		-1.1183 		0.798
v 2.0922 		-1.1069 		0.8042
v 2.1033 		-1.0949 		0.8107
v 2.1143 		-1.0822 		0.8175
v 2.1252 		-1.0689 		0.8247
v 2.136 		-1.0549 		0.8322
v 2.1467 		-1.0403 		0.8401
v 2.1573 		-1.0249 		0.8484
v 2.1684 		-1.0087 		0.8572
v 2.1803 		-0.9916 		0.8664
v 2.1928 		-0.9737 		0.876
v 2.206 		-0.955 		0.8861
v 2.2198 		-0.9355 		0.8966
v 2.234 		-0.9154 		0.9075
v 2.2486 		-0.8946 		0.9187
v 2.2635 		-0.8731 		0.9303
v 2.2786 		-0.8511 		0.9421
v 2.2938 		-0.8286 		0.9543
v 2.3091 		-0.8056 		0.9667
v 2.3244 		-0.7821 		0.9794
v 2.3396 		-0.7582 		0.9922
v 2.3545 		-0.734 		1.0053
v 2.3692 		-0.7095 		1.0185
v 2.3835 		-0.6847 		1.0319
v 2.3974 		-0.6596 		1.0454
v 2.4108 		-0.6344 		1.059
v 2.4235 		-0.609 		1.0727
v 2.4356 		-0.5836 		1.0864
v 2.4469 		-0.5581 		1.1002
v 2.4573 		-0.5325 		1.1139
v 2.4668 		-0.5071 		1.1277
v 2.4753 		-0.4816 		1.1414
v 2.4826 		-0.4563 		1.155
v 2.4888 		-0.4312 		1.1686
v 2.4937 		-0.4063 		1.182
v 2.4973 		-0.3816 		1.1954
v 2.4994 		-0.3572 		1.2085
v 2.5 		-0.3332 		1.2215
v 2.499 		-0.3095 		1.2342
v 2.4963 		-0.2862 		1.2468
v 2.4919 		-0.2634 		1.2591
v 2.4856 		-0.2412 		1.2711
v 2.4774 		-0.2194 		1.2828
v 2.4672 		-0.1983 		1.2942
v 2.4548 		-0.1778 		1.3053
v 2.4403 		-0.158 		1.3159
v 2.4236 		-0.1389 		1.3262
v 2.4045 		-0.1206 		1.3361
v 2.3829 		-0.1031 		1.3455
v 2.3589 		-0.0864 		1.3545
v 2.3323 		-0.0707 		1.363
v 2.303 		-0.0559 		1.371
v 2.2709 		-0.0421 		1.3785
v 2.236 		-0.0293 		1.3854
v 2.1982 		-0.0175 		1.3917
v 2.1573 		-0.0069 		1.3974
v 2.1549 		-0.0063 		1.3977
v 2.1524 		-0.0058 		1.398
v 2.1499 		-0.0052 		1.3984
v 2.1473 		-0.0046 		1.3987
v 2.1448 		-0.004 		1.399
v 2.1422 		-0.0034 		1.3993
v 2.1396 		-0.0029 		1.3996
v 2.137 		-0.0023 		1.3999
v 2.1344 		-0.0017 		1.4002
v 2.1318 		-0.0011 		1.4005
v -2.1146 		-0.0011 		1.4005
v -2.117 		-0.0017 		1.4002
v -2.1193 		-0.0023 		1.3999
v -2.1215 		-0.0029 		1.3996
v -2.1238 		-0.0034 		1.3993
v -2.1261 		-0.004 		1.399
v -2.1283 		-0.0046 		1.3987
v -2.1306 		-0.0052 		1.3984
v -2.1328 		-0.0058 		1.398
v -2.135 		-0.0063 		1.3977
v -2.1372 		-0.0063 		1.3966
v -2.1815 		-0.0182 		1.3881
v -2.2225 		-0.0313 		1.3787
v -2.2602 		-0.0455 		1.3685
v -2.2947 		-0.0609 		1.3575
v -2.3262 		-0.0773 		1.3457
v -2.3547 		-0.0948 		1.3332
v -2.3803 		-0.1131 		1.3201
v -2.4032 		-0.1324 		1.3062
v -2.4233 		-0.1526 		1.2918
v -2.4409 		-0.1736 		1.2768
v -2.456 		-0.1953 		1.2612
v -2.4687 		-0.2177 		1.2451
v -2.4791 		-0.2407 		1.2286
v -2.4873 		-0.2644 		1.2116
v -2.4934 		-0.2886 		1.1943
v -2.4975 		-0.3133 		1.1766
v -2.4997 		-0.3384 		1.1586
v -2.5 		-0.364 		1.1403
v -2.4986 		-0.3898 		1.1217
v -2.4956 		-0.416 		1.103
v -2.4911 		-0.4424 		1.0841
v -2.4851 		-0.469 		1.065
v -2.4777 		-0.4957 		1.0459
v -2.4691 		-0.5225 		1.0267
v -2.4594 		-0.5493 		1.0074
v -2.4486 		-0.5761 		0.9882
v -2.4369 		-0.6028 		0.9691
v -2.4243 		-0.6294 		0.95
v -2.4109 		-0.6558 		0.9311
v -2.3968 		-0.682 		0.9123
v -2.3822 		-0.7079 		0.8937
v -2.367 		-0.7335 		0.8754
v -2.3515 		-0.7587 		0.8573
v -2.3357 		-0.7835 		0.8396
v -2.3197 		-0.8077 		0.8222
v -2.3036 		-0.8315 		0.8052
v -2.2875 		-0.8546 		0.7886
v -2.2715 		-0.8771 		0.7725
v -2.2556 		-0.8989 		0.7568
v -2.2401 		-0.92 		0.7417
v -2.2249 		-0.9402 		0.7272
v -2.2102 		-0.9597 		0.7133
v -2.1961 		-0.9782 		0.7
v -2.1826 		-0.9957 		0.6874
v -2.1699 		-1.0123 		0.6756
v -2.158 		-1.0278 		0.6645
v -2.1471 		-1.0422 		0.6541
v -2.1372 		-1.0554 		0.6447
v -2.1278 		-1.0677 		0.6359
v -2.1182 		-1.0792 		0.6276
v -2.1083 		-1.0901 		0.6198
v -2.0982 		-1.1002 		0.6126
v -2.0878 		-1.1097 		0.6058
v -2.0772 		-1.1185 		0.5994
v -2.0663 		-1.1267 		0.5936
v -2.0551 		-1.1343 		0.5881
v -2.0437 		-1.1413 		0.5831
v -2.0319 		-1.1477 		0.5785
v -2.0199 		-1.1536 		0.5743
v -2.0075 		-1.159 		0.5704
v -1.9948 		-1.1638 		0.567
v -1.9818 		-1.1682 		0.5638
v -1.9685 		-1.1721 		0.561
v -1.9548 		-1.1755 		0.5586
v -1.9407 		-1.1786 		0.5564
v -1.9263 		-1.1812 		0.5545
v -1.9115 		-1.1834 		0.5529
v -1.8963 		-1.1853 		0.5516
v -1.8807 		-1.1868 		0.5505
v -1.8647 		-1.188 		0.5496
v -1.8484 		-1.1889 		0.549
v -1.8315 		-1.1896 		0.5485
v -1.8143 		-1.1899 		0.5483
v -1.7966 		-1.19 		0.5482
v -1.7785 		-1.1899 		0.5483
v -1.7599 		-1.1896 		0.5485
v -1.7408 		-1.1891 		0.5488
v -1.7213 		-1.1884 		0.5493
v -1.7013 		-1.1876 		0.5499
v -1.6808 		-1.1867 		0.5506
v -1.6598 		-1.1857 		0.5513
v -1.6383 		-1.1846 		0.5521
v -1.6162 		-1.1834 		0.5529
v -1.5937 		-1.1822 		0.5538
v -1.5706 		-1.181 		0.5547
v -1.5469 		-1.1798 		0.5555
v -1.5227 		-1.1786 		0.5564
v -1.4979 		-1.1774 		0.5572
v -1.4726 		-1.1763 		0.558
v -1.4467 		-1.1753 		0.5588
v -1.4201 		-1.1744 		0.5594
v -1.393 		-1.1736 		0.56
v -1.3653 		-1.1729 		0.5605
v -1.3369 		-1.1724 		0.5608
v -1.3079 		-1.1721 		0.561
v -1.2783 		-1.172 		0.5611
v -1.249 		-1.172 		0.5611
v -1.2208 		-1.172 		0.5611
v -1.1937 		-1.1719 		0.5612
v -1.1676 		-1.1719 		0.5612
v -1.1425 		-1.1718 		0.5612
v -1.1183 		-1.1717 		0.5613
v -1.0949 		-1.1716 		0.5614
v -1.0724 		-1.1715 		0.5614
v -1.0505 		-1.1714 		0.5615
v -1.0293 		-1.1713 		0.5616
v -1.0086 		-1.1712 		0.5617
v -0.9885 		-1.171 		0.5618
v -0.9688 		-1.1709 		0.5619
v -0.9496 		-1.1707 		0.562
v -0.9306 		-1.1705 		0.5622
v -0.912 		-1.1704 		0.5623
v -0.8935 		-1.1702 		0.5624
v -0.8752 		-1.17 		0.5625
v -0.857 		-1.1698 		0.5627
v -0.8387 		-1.1696 		0.5628
v -0.8204 		-1.1694 		0.563
v -0.8021 		-1.1692 		0.5631
v -0.7835 		-1.169 		0.5632
v -0.7647 		-1.1688 		0.5634
v -0.7456 		-1.1686 		0.5635
v -0.7261 		-1.1684 		0.5637
v -0.7062 		-1.1682 		0.5638
v -0.6858 		-1.168 		0.5639
v -0.6649 		-1.1678 		0.5641
v -0.6433 		-1.1677 		0.5642
v -0.621 		-1.1675 		0.5644
v -0.598 		-1.1673 		0.5645
v -0.5742 		-1.1671 		0.5646
v -0.5495 		-1.167 		0.5647
v -0.5239 		-1.1668 		0.5648
v -0.4973 		-1.1666 		0.5649
v -0.4696 		-1.1665 		0.5651
v -0.4408 		-1.1664 		0.5651
v -0.4108 		-1.1662 		0.5652
v -0.3795 		-1.1661 		0.5653
v -0.347 		-1.166 		0.5654
v -0.313 		-1.1659 		0.5655
v -0.2776 		-1.1658 		0.5655
v -0.2407 		-1.1658 		0.5656
v -0.2022 		-1.1657 		0.5656
v -0.1621 		-1.1657 		0.5656
v -0.1203 		-1.1657 		0.5657
v -0.0767 		-1.1656 		0.5657
v -0.033 		-1.1657 		0.5656
v 0.0094 		-1.1658 		0.5655
v 0.0504 		-1.166 		0.5654
v 0.0902 		-1.1663 		0.5652
v 0.1287 		-1.1666 		0.565
v 0.166 		-1.167 		0.5647
v 0.2022 		-1.1675 		0.5643
v 0.2373 		-1.168 		0.564
v 0.2713 		-1.1686 		0.5636
v 0.3044 		-1.1692 		0.5631
v 0.3365 		-1.1698 		0.5627
v 0.3677 		-1.1705 		0.5622
v 0.398 		-1.1712 		0.5617
v 0.4275 		-1.1719 		0.5612
v 0.4563 		-1.1726 		0.5607
v 0.4844 		-1.1734 		0.5601
v 0.5118 		-1.1741 		0.5596
v 0.5386 		-1.1749 		0.5591
v 0.5648 		-1.1756 		0.5585
v 0.5905 		-1.1763 		0.558
v 0.6158 		-1.177 		0.5575
v 0.6406 		-1.1777 		0.557
v 0.6651 		-1.1784 		0.5565
v 0.6892 		-1.1791 		0.5561
v 0.7131 		-1.1797 		0.5556
v 0.7368 		-1.1802 		0.5552
v 0.7603 		-1.1807 		0.5548
v 0.7836 		-1.1812 		0.5545
v 0.8069 		-1.1816 		0.5542
v 0.8301 		-1.182 		0.554
v 0.8534 		-1.1823 		0.5538
v 0.8767 		-1.1825 		0.5536
v 0.9001 		-1.1826 		0.5535
v 0.9237 		-1.1827 		0.5535
v 0.9476 		-1.1826 		0.5535
v 0.9716 		-1.1825 		0.5536
v 0.996 		-1.1823 		0.5537
v 1.0208 		-1.182 		0.554
v 1.0459 		-1.1815 		0.5543
v 1.0715 		-1.181 		0.5547
v 1.0976 		-1.1803 		0.5551
v 1.1243 		-1.1796 		0.5557
v 1.1515 		-1.1786 		0.5563
v 1.1794 		-1.1776 		0.5571
v 1.208 		-1.1764 		0.5579
v 1.2373 		-1.1751 		0.5589
v 1.2675 		-1.1736 		0.5599
v 1.2984 		-1.172 		0.5611
v 1.3294 		-1.1704 		0.5623
v 1.3596 		-1.1688 		0.5634
v 1.389 		-1.1674 		0.5644
v 1.4176 		-1.1661 		0.5653
v 1.4455 		-1.1648 		0.5662
v 1.4726 		-1.1636 		0.5671
v 1.499 		-1.1624 		0.568
v 1.5247 		-1.1613 		0.5688
v 1.5497 		-1.1601 		0.5696
v 1.574 		-1.159 		0.5704
v 1.5977 		-1.1578 		0.5713
v 1.6207 		-1.1565 		0.5722
v 1.6431 		-1.1552 		0.5731
v 1.6649 		-1.1538 		0.5741
v 1.686 		-1.1523 		0.5752
v 1.7066 		-1.1507 		0.5764
v 1.7267 		-1.149 		0.5776
v 1.7462 		-1.1471 		0.5789
v 1.7651 		-1.1451 		0.5804
v 1.7836 		-1.1428 		0.582
v 1.8015 		-1.1404 		0.5838
v 1.819 		-1.1378 		0.5856
v 1.836 		-1.1349 		0.5877
v 1.8525 		-1.1318 		0.5899
v 1.8687 		-1.1284 		0.5924
v 1.8844 		-1.1247 		0.595
v 1.8997 		-1.1207 		0.5978
v 1.9146 		-1.1165 		0.6009
v 1.9291 		-1.1118 		0.6042
v 1.9433 		-1.1069 		0.6078
v 1.9572 		-1.1016 		0.6116
v 1.9707 		-1.0958 		0.6157
v 1.984 		-1.0897 		0.6201
v 1.9969 		-1.0832 		0.6248
v 2.0096 		-1.0762 		0.6297
v 2.022 		-1.0688 		0.635
v 2.0342 		-1.061 		0.6407
v 2.0462 		-1.0526 		0.6467
v 2.058 		-1.0438 		0.653
v 2.0696 		-1.0344 		0.6597
v 2.081 		-1.0245 		0.6668
v 2.0922 		-1.014 		0.6743
v 2.1033 		-1.003 		0.6822
v 2.1143 		-0.9914 		0.6905
v 2.1252 		-0.9792 		0.6993
v 2.136 		-0.9664 		0.7085
v 2.1467 		-0.953 		0.7181
v 2.1573 		-0.9389 		0.7282
v 2.1684 		-0.924 		0.7388
v 2.1803 		-0.9084 		0.7501
v 2.1928 		-0.892 		0.7618
v 2.206 		-0.8748 		0.7741
v 2.2198 		-0.857 		0.7869
v 2.234 		-0.8386 		0.8001
v 2.2486 		-0.8195 		0.8138
v 2.2635 		-0.7999 		0.8278
v 2.2786 		-0.7797 		0.8423
v 2.2938 		-0.7591 		0.8571
v 2.3091 		-0.738 		0.8722
v 2.3244 		-0.7165 		0.8876
v 2.3396 		-0.6946 		0.9033
v 2.3545 		-0.6724 		0.9192
v 2.3692 		-0.6499 		0.9353
v 2.3835 		-0.6272 		0.9516
v 2.3974 		-0.6043 		0.968
v 2.4108 		-0.5812 		0.9846
v 2.4235 		-0.5579 		1.0012
v 2.4356 		-0.5346 		1.018
v 2.4469 		-0.5112 		1.0347
v 2.4573 		-0.4879 		1.0515
v 2.4668 		-0.4645 		1.0682
v 2.4753 		-0.4412 		1.0849
v 2.4826 		-0.4181 		1.1015
v 2.4888 		-0.395 		1.118
v 2.4937 		-0.3722 		1.1344
v 2.4973 		-0.3496 		1.1506
v 2.4994 		-0.3272 		1.1666
v 2.5 		-0.3052 		1.1824
v 2.499 		-0.2835 		1.1979
v 2.4963 		-0.2622 		1.2132
v 2.4919 		-0.2413 		1.2282
v 2.4856 		-0.2209 		1.2428
v 2.4774 		-0.201 		1.2571
v 2.4672 		-0.1817 		1.2709
v 2.4548 		-0.1629 		1.2844
v 2.4403 		-0.1447 		1.2974
v 2.4236 		-0.1273 		1.3099
v 2.4045 		-0.1105 		1.322
v 2.3829 		-0.0944 		1.3335
v 2.3589 		-0.0792 		1.3444
v 2.3323 		-0.0648 		1.3547
v 2.303 		-0.0512 		1.3645
v 2.2709 		-0.0385 		1.3735
v 2.236 		-0.0268 		1.3819
v 2.1982 		-0.0161 		1.3896
v 2.1573 		-0.0063 		1.3966
v 2.1549 		-0.0058 		1.397
v 2.1524 		-0.0053 		1.3974
v 2.1499 		-0.0047 		1.3977
v 2.1473 		-0.0042 		1.3981
v 2.1448 		-0.0037 		1.3985
v 2.1422 		-0.0032 		1.3989
v 2.1396 		-0.0026 		1.3993
v 2.137 		-0.0021 		1.3996
v 2.1344 		-0.0016 		1.4
v 2.1318 		-0.001 		1.4004
v 2.1291 		-0.0005 		1.4008
v -2.1123 		-0.0005 		1.4008
v -2.1146 		-0.001 		1.4004
v -2.117 		-0.0016 		1.4
v -2.1193 		-0.0021 		1.3996
v -2.1215 		-0.0026 		1.3993
v -2.1238 		-0.0032 		1.3989
v -2.1261 		-0.0037 		1.3985
v -2.1283 		-0.0042 		1.3981
v -2.1306 		-0.0047 		1.3978
v -2.1328 		-0.0053 		1.3974
v -2.135 		-0.0058 		1.397
v -2.1372 		-0.0057 		1.3959
v -2.1815 		-0.0162 		1.386
v -2.2225 		-0.0279 		1.3751
v -2.2602 		-0.0406 		1.3632
v -2.2947 		-0.0543 		1.3505
v -2.3262 		-0.0689 		1.3368
v -2.3547 		-0.0845 		1.3223
v -2.3803 		-0.1008 		1.307
v -2.4032 		-0.118 		1.2909
v -2.4233 		-0.136 		1.2741
v -2.4409 		-0.1547 		1.2567
v -2.456 		-0.174 		1.2386
v -2.4687 		-0.194 		1.2199
v -2.4791 		-0.2146 		1.2007
v -2.4873 		-0.2357 		1.181
v -2.4934 		-0.2572 		1.1609
v -2.4975 		-0.2792 		1.1403
v -2.4997 		-0.3016 		1.1194
v -2.5 		-0.3244 		1.0981
v -2.4986 		-0.3475 		1.0766
v -2.4956 		-0.3708 		1.0548
v -2.4911 		-0.3943 		1.0328
v -2.4851 		-0.418 		1.0107
v -2.4777 		-0.4418 		0.9885
v -2.4691 		-0.4657 		0.9662
v -2.4594 		-0.4896 		0.9438
v -2.4486 		-0.5135 		0.9215
v -2.4369 		-0.5373 		0.8993
v -2.4243 		-0.561 		0.8771
v -2.4109 		-0.5845 		0.8551
v -2.3968 		-0.6079 		0.8333
v -2.3822 		-0.631 		0.8118
v -2.367 		-0.6538 		0.7905
v -2.3515 		-0.6762 		0.7695
v -2.3357 		-0.6983 		0.7489
v -2.3197 		-0.7199 		0.7287
v -2.3036 		-0.7411 		0.7089
v -2.2875 		-0.7617 		0.6896
v -2.2715 		-0.7818 		0.6709
v -2.2556 		-0.8012 		0.6528
v -2.2401 		-0.82 		0.6352
v -2.2249 		-0.838 		0.6183
v -2.2102 		-0.8553 		0.6022
v -2.1961 		-0.8718 		0.5868
v -2.1826 		-0.8875 		0.5721
v -2.1699 		-0.9022 		0.5584
v -2.158 		-0.9161 		0.5455
v -2.1471 		-0.9289 		0.5335
v -2.1372 		-0.9407 		0.5224
v -2.1278 		-0.9516 		0.5122
v -2.1182 		-0.9619 		0.5026
v -2.1083 		-0.9716 		0.4936
v -2.0982 		-0.9806 		0.4852
v -2.0878 		-0.9891 		0.4773
v -2.0772 		-0.9969 		0.4699
v -2.0663 		-1.0042 		0.4631
v -2.0551 		-1.011 		0.4568
v -2.0437 		-1.0172 		0.451
v -2.0319 		-1.023 		0.4456
v -2.0199 		-1.0282 		0.4407
v -2.0075 		-1.033 		0.4362
v -1.9948 		-1.0373 		0.4322
v -1.9818 		-1.0412 		0.4286
v -1.9685 		-1.0447 		0.4253
v -1.9548 		-1.0478 		0.4224
v -1.9407 		-1.0505 		0.4199
v -1.9263 		-1.0528 		0.4177
v -1.9115 		-1.0548 		0.4159
v -1.8963 		-1.0565 		0.4143
v -1.8807 		-1.0578 		0.413
v -1.8647 		-1.0589 		0.412
v -1.8484 		-1.0597 		0.4113
v -1.8315 		-1.0602 		0.4108
v -1.8143 		-1.0606 		0.4105
v -1.7966 		-1.0607 		0.4104
v -1.7785 		-1.0606 		0.4105
v -1.7599 		-1.0603 		0.4107
v -1.7408 		-1.0598 		0.4112
v -1.7213 		-1.0593 		0.4117
v -1.7013 		-1.0585 		0.4124
v -1.6808 		-1.0577 		0.4131
v -1.6598 		-1.0568 		0.414
v -1.6383 		-1.0558 		0.4149
v -1.6162 		-1.0548 		0.4159
v -1.5937 		-1.0537 		0.4169
v -1.5706 		-1.0526 		0.4179
v -1.5469 		-1.0515 		0.4189
v -1.5227 		-1.0504 		0.4199
v -1.4979 		-1.0494 		0.4209
v -1.4726 		-1.0484 		0.4218
v -1.4467 		-1.0475 		0.4227
v -1.4201 		-1.0467 		0.4234
v -1.393 		-1.046 		0.4241
v -1.3653 		-1.0454 		0.4246
v -1.3369 		-1.045 		0.4251
v -1.3079 		-1.0447 		0.4253
v -1.2783 		-1.0446 		0.4254
v -1.249 		-1.0446 		0.4254
v -1.2208 		-1.0446 		0.4254
v -1.1937 		-1.0445 		0.4255
v -1.1676 		-1.0445 		0.4255
v -1.1425 		-1.0444 		0.4256
v -1.1183 		-1.0443 		0.4256
v -1.0949 		-1.0443 		0.4257
v -1.0724 		-1.0442 		0.4258
v -1.0505 		-1.0441 		0.4259
v -1.0293 		-1.044 		0.426
v -1.0086 		-1.0438 		0.4261
v -0.9885 		-1.0437 		0.4262
v -0.9688 		-1.0436 		0.4264
v -0.9496 		-1.0434 		0.4265
v -0.9306 		-1.0433 		0.4266
v -0.912 		-1.0431 		0.4268
v -0.8935 		-1.043 		0.4269
v -0.8752 		-1.0428 		0.4271
v -0.857 		-1.0426 		0.4272
v -0.8387 		-1.0425 		0.4274
v -0.8204 		-1.0423 		0.4275
v -0.8021 		-1.0421 		0.4277
v -0.7835 		-1.0419 		0.4279
v -0.7647 		-1.0418 		0.428
v -0.7456 		-1.0416 		0.4282
v -0.7261 		-1.0414 		0.4284
v -0.7062 		-1.0412 		0.4285
v -0.6858 		-1.0411 		0.4287
v -0.6649 		-1.0409 		0.4289
v -0.6433 		-1.0407 		0.429
v -0.621 		-1.0406 		0.4292
v -0.598 		-1.0404 		0.4293
v -0.5742 		-1.0402 		0.4295
v -0.5495 		-1.0401 		0.4296
v -0.5239 		-1.04 		0.4297
v -0.4973 		-1.0398 		0.4299
v -0.4696 		-1.0397 		0.43
v -0.4408 		-1.0396 		0.4301
v -0.4108 		-1.0395 		0.4302
v -0.3795 		-1.0393 		0.4303
v -0.347 		-1.0393 		0.4304
v -0.313 		-1.0392 		0.4305
v -0.2776 		-1.0391 		0.4305
v -0.2407 		-1.039 		0.4306
v -0.2022 		-1.039 		0.4306
v -0.1621 		-1.039 		0.4307
v -0.1203 		-1.0389 		0.4307
v -0.0767 		-1.0389 		0.4307
v -0.033 		-1.039 		0.4306
v 0.0094 		-1.0391 		0.4305
v 0.0504 		-1.0393 		0.4304
v 0.0902 		-1.0395 		0.4301
v 0.1287 		-1.0398 		0.4299
v 0.166 		-1.0402 		0.4295
v 0.2022 		-1.0406 		0.4291
v 0.2373 		-1.041 		0.4287
v 0.2713 		-1.0415 		0.4283
v 0.3044 		-1.0421 		0.4278
v 0.3365 		-1.0426 		0.4272
v 0.3677 		-1.0432 		0.4267
v 0.398 		-1.0439 		0.4261
v 0.4275 		-1.0445 		0.4255
v 0.4563 		-1.0451 		0.4249
v 0.4844 		-1.0458 		0.4243
v 0.5118 		-1.0465 		0.4236
v 0.5386 		-1.0471 		0.423
v 0.5648 		-1.0478 		0.4224
v 0.5905 		-1.0484 		0.4218
v 0.6158 		-1.0491 		0.4212
v 0.6406 		-1.0497 		0.4206
v 0.6651 		-1.0503 		0.4201
v 0.6892 		-1.0509 		0.4195
v 0.7131 		-1.0514 		0.419
v 0.7368 		-1.0519 		0.4186
v 0.7603 		-1.0524 		0.4181
v 0.7836 		-1.0528 		0.4177
v 0.8069 		-1.0532 		0.4174
v 0.8301 		-1.0535 		0.4171
v 0.8534 		-1.0537 		0.4169
v 0.8767 		-1.0539 		0.4167
v 0.9001 		-1.054 		0.4166
v 0.9237 		-1.0541 		0.4165
v 0.9476 		-1.0541 		0.4165
v 0.9716 		-1.054 		0.4166
v 0.996 		-1.0538 		0.4168
v 1.0208 		-1.0535 		0.4171
v 1.0459 		-1.0531 		0.4175
v 1.0715 		-1.0526 		0.4179
v 1.0976 		-1.052 		0.4185
v 1.1243 		-1.0513 		0.4191
v 1.1515 		-1.0505 		0.4199
v 1.1794 		-1.0496 		0.4207
v 1.208 		-1.0485 		0.4217
v 1.2373 		-1.0474 		0.4228
v 1.2675 		-1.046 		0.424
v 1.2984 		-1.0446 		0.4254
v 1.3294 		-1.0431 		0.4268
v 1.3596 		-1.0418 		0.428
v 1.389 		-1.0405 		0.4292
v 1.4176 		-1.0393 		0.4303
v 1.4455 		-1.0382 		0.4314
v 1.4726 		-1.0371 		0.4324
v 1.499 		-1.0361 		0.4334
v 1.5247 		-1.035 		0.4343
v 1.5497 		-1.034 		0.4353
v 1.574 		-1.033 		0.4362
v 1.5977 		-1.0319 		0.4372
v 1.6207 		-1.0308 		0.4383
v 1.6431 		-1.0296 		0.4394
v 1.6649 		-1.0284 		0.4405
v 1.686 		-1.0271 		0.4418
v 1.7066 		-1.0256 		0.4431
v 1.7267 		-1.0241 		0.4445
v 1.7462 		-1.0224 		0.4461
v 1.7651 		-1.0206 		0.4478
v 1.7836 		-1.0186 		0.4497
v 1.8015 		-1.0164 		0.4517
v 1.819 		-1.0141 		0.4539
v 1.836 		-1.0115 		0.4563
v 1.8525 		-1.0087 		0.4589
v 1.8687 		-1.0057 		0.4617
v 1.8844 		-1.0024 		0.4648
v 1.8997 		-0.9989 		0.4681
v 1.9146 		-0.9951 		0.4716
v 1.9291 		-0.991 		0.4755
v 1.9433 		-0.9866 		0.4796
v 1.9572 		-0.9818 		0.484
v 1.9707 		-0.9767 		0.4888
v 1.984 		-0.9713 		0.4939
v 1.9969 		-0.9654 		0.4993
v 2.0096 		-0.9592 		0.5051
v 2.022 		-0.9526 		0.5113
v 2.0342 		-0.9456 		0.5178
v 2.0462 		-0.9382 		0.5248
v 2.058 		-0.9303 		0.5322
v 2.0696 		-0.9219 		0.54
v 2.081 		-0.9131 		0.5482
v 2.0922 		-0.9038 		0.5569
v 2.1033 		-0.894 		0.5661
v 2.1143 		-0.8836 		0.5757
v 2.1252 		-0.8728 		0.5859
v 2.136 		-0.8614 		0.5966
v 2.1467 		-0.8494 		0.6078
v 2.1573 		-0.8368 		0.6195
v 2.1684 		-0.8236 		0.6319
v 2.1803 		-0.8096 		0.6449
v 2.1928 		-0.795 		0.6585
v 2.206 		-0.7797 		0.6728
v 2.2198 		-0.7639 		0.6876
v 2.234 		-0.7474 		0.703
v 2.2486 		-0.7304 		0.7189
v 2.2635 		-0.7129 		0.7352
v 2.2786 		-0.6949 		0.752
v 2.2938 		-0.6765 		0.7692
v 2.3091 		-0.6577 		0.7868
v 2.3244 		-0.6386 		0.8047
v 2.3396 		-0.6191 		0.8229
v 2.3545 		-0.5993 		0.8413
v 2.3692 		-0.5793 		0.86
v 2.3835 		-0.559 		0.879
v 2.3974 		-0.5386 		0.8981
v 2.4108 		-0.518 		0.9173
v 2.4235 		-0.4973 		0.9366
v 2.4356 		-0.4765 		0.9561
v 2.4469 		-0.4557 		0.9755
v 2.4573 		-0.4348 		0.995
v 2.4668 		-0.414 		1.0144
v 2.4753 		-0.3933 		1.0338
v 2.4826 		-0.3726 		1.0531
v 2.4888 		-0.3521 		1.0723
v 2.4937 		-0.3317 		1.0913
v 2.4973 		-0.3116 		1.1101
v 2.4994 		-0.2917 		1.1287
v 2.5 		-0.272 		1.1471
v 2.499 		-0.2527 		1.1651
v 2.4963 		-0.2337 		1.1828
v 2.4919 		-0.2151 		1.2002
v 2.4856 		-0.1969 		1.2172
v 2.4774 		-0.1792 		1.2338
v 2.4672 		-0.1619 		1.2499
v 2.4548 		-0.1452 		1.2655
v 2.4403 		-0.129 		1.2806
v 2.4236 		-0.1134 		1.2952
v 2.4045 		-0.0985 		1.3092
v 2.3829 		-0.0842 		1.3225
v 2.3589 		-0.0706 		1.3352
v 2.3323 		-0.0577 		1.3472
v 2.303 		-0.0456 		1.3585
v 2.2709 		-0.0343 		1.3691
v 2.236 		-0.0239 		1.3788
v 2.1982 		-0.0143 		1.3878
v 2.1573 		-0.0057 		1.3959
v 2.1549 		-0.0052 		1.3963
v 2.1524 		-0.0047 		1.3968
v 2.1499 		-0.0042 		1.3972
v 2.1473 		-0.0038 		1.3976
v 2.1448 		-0.0033 		1.3981
v 2.1422 		-0.0028 		1.3985
v 2.1396 		-0.0023 		1.399
v 2.137 		-0.0019 		1.3994
v 2.1344 		-0.0014 		1.3998
v 2.1318 		-0.0009 		1.4003
v 2.1291 		-0.0005 		1.4007
v -2.1123 		-0.0005 		1.4007
v -2.1146 		-0.0009 		1.4003
v -2.117 		-0.0014 		1.3998
v -2.1193 		-0.0019 		1.3994
v -2.1215 		-0.0023 		1.399
v -2.1238 		-0.0028 		1.3985
v -2.1261 		-0.0033 		1.3981
v -2.1283 		-0.0038 		1.3976
v -2.1306 		-0.0042 		1.3972
v -2.1328 		-0.0047 		1.3968
v -2.135 		-0.0052 		1.3963
v -2.1372 		-0.0049 		1.3952
v -2.1815 		-0.014 		1.3841
v -2.2225 		-0.024 		1.3719
v -2.2602 		-0.0349 		1.3586
v -2.2947 		-0.0467 		1.3443
v -2.3262 		-0.0593 		1.3289
v -2.3547 		-0.0727 		1.3126
v -2.3803 		-0.0868 		1.2955
v -2.4032 		-0.1016 		1.2774
v -2.4233 		-0.1171 		1.2586
v -2.4409 		-0.1332 		1.239
v -2.456 		-0.1498 		1.2187
v -2.4687 		-0.167 		1.1978
v -2.4791 		-0.1847 		1.1763
v -2.4873 		-0.2029 		1.1542
v -2.4934 		-0.2215 		1.1316
v -2.4975 		-0.2404 		1.1085
v -2.4997 		-0.2597 		1.085
v -2.5 		-0.2793 		1.0612
v -2.4986 		-0.2991 		1.037
v -2.4956 		-0.3192 		1.0126
v -2.4911 		-0.3395 		0.9879
v -2.4851 		-0.3599 		0.9631
v -2.4777 		-0.3803 		0.9381
v -2.4691 		-0.4009 		0.9131
v -2.4594 		-0.4215 		0.8881
v -2.4486 		-0.442 		0.863
v -2.4369 		-0.4626 		0.8381
v -2.4243 		-0.483 		0.8132
v -2.4109 		-0.5032 		0.7885
v -2.3968 		-0.5233 		0.7641
v -2.3822 		-0.5432 		0.7399
v -2.367 		-0.5628 		0.716
v -2.3515 		-0.5822 		0.6924
v -2.3357 		-0.6012 		0.6693
v -2.3197 		-0.6198 		0.6466
v -2.3036 		-0.638 		0.6245
v -2.2875 		-0.6558 		0.6029
v -2.2715 		-0.673 		0.5818
v -2.2556 		-0.6898 		0.5615
v -2.2401 		-0.7059 		0.5418
v -2.2249 		-0.7215 		0.5229
v -2.2102 		-0.7364 		0.5047
v -2.1961 		-0.7506 		0.4874
v -2.1826 		-0.7641 		0.471
v -2.1699 		-0.7768 		0.4556
v -2.158 		-0.7887 		0.4411
v -2.1471 		-0.7997 		0.4276
v -2.1372 		-0.8099 		0.4153
v -2.1278 		-0.8193 		0.4038
v -2.1182 		-0.8281 		0.393
v -2.1083 		-0.8364 		0.3829
v -2.0982 		-0.8442 		0.3734
v -2.0878 		-0.8515 		0.3646
v -2.0772 		-0.8583 		0.3563
v -2.0663 		-0.8646 		0.3487
v -2.0551 		-0.8704 		0.3416
v -2.0437 		-0.8757 		0.3351
v -2.0319 		-0.8807 		0.3291
v -2.0199 		-0.8852 		0.3236
v -2.0075 		-0.8893 		0.3186
v -1.9948 		-0.893 		0.314
v -1.9818 		-0.8964 		0.3099
v -1.9685 		-0.8994 		0.3063
v -1.9548 		-0.902 		0.3031
v -1.9407 		-0.9044 		0.3002
v -1.9263 		-0.9064 		0.2978
v -1.9115 		-0.9081 		0.2957
v -1.8963 		-0.9095 		0.2939
v -1.8807 		-0.9107 		0.2925
v -1.8647 		-0.9116 		0.2914
v -1.8484 		-0.9123 		0.2906
v -1.8315 		-0.9128 		0.29
v -1.8143 		-0.9131 		0.2896
v -1.7966 		-0.9131 		0.2895
v -1.7785 		-0.9131 		0.2896
v -1.7599 		-0.9128 		0.2899
v -1.7408 		-0.9124 		0.2904
v -1.7213 		-0.9119 		0.291
v -1.7013 		-0.9113 		0.2918
v -1.6808 		-0.9106 		0.2926
v -1.6598 		-0.9098 		0.2936
v -1.6383 		-0.909 		0.2946
v -1.6162 		-0.9081 		0.2957
v -1.5937 		-0.9072 		0.2968
v -1.5706 		-0.9062 		0.298
v -1.5469 		-0.9053 		0.2991
v -1.5227 		-0.9044 		0.3002
v -1.4979 		-0.9035 		0.3013
v -1.4726 		-0.9026 		0.3024
v -1.4467 		-0.9018 		0.3033
v -1.4201 		-0.9011 		0.3042
v -1.393 		-0.9005 		0.3049
v -1.3653 		-0.9 		0.3055
v -1.3369 		-0.8996 		0.306
v -1.3079 		-0.8994 		0.3063
v -1.2783 		-0.8993 		0.3064
v -1.249 		-0.8993 		0.3064
v -1.2208 		-0.8993 		0.3064
v -1.1937 		-0.8993 		0.3065
v -1.1676 		-0.8992 		0.3065
v -1.1425 		-0.8992 		0.3066
v -1.1183 		-0.8991 		0.3066
v -1.0949 		-0.899 		0.3067
v -1.0724 		-0.8989 		0.3068
v -1.0505 		-0.8989 		0.3069
v -1.0293 		-0.8988 		0.3071
v -1.0086 		-0.8987 		0.3072
v -0.9885 		-0.8985 		0.3073
v -0.9688 		-0.8984 		0.3075
v -0.9496 		-0.8983 		0.3076
v -0.9306 		-0.8982 		0.3078
v -0.912 		-0.898 		0.3079
v -0.8935 		-0.8979 		0.3081
v -0.8752 		-0.8978 		0.3083
v -0.857 		-0.8976 		0.3084
v -0.8387 		-0.8975 		0.3086
v -0.8204 		-0.8973 		0.3088
v -0.8021 		-0.8972 		0.309
v -0.7835 		-0.897 		0.3092
v -0.7647 		-0.8969 		0.3094
v -0.7456 		-0.8967 		0.3095
v -0.7261 		-0.8966 		0.3097
v -0.7062 		-0.8964 		0.3099
v -0.6858 		-0.8963 		0.3101
v -0.6649 		-0.8961 		0.3103
v -0.6433 		-0.896 		0.3104
v -0.621 		-0.8958 		0.3106
v -0.598 		-0.8957 		0.3108
v -0.5742 		-0.8956 		0.3109
v -0.5495 		-0.8954 		0.3111
v -0.5239 		-0.8953 		0.3112
v -0.4973 		-0.8952 		0.3114
v -0.4696 		-0.8951 		0.3115
v -0.4408 		-0.895 		0.3117
v -0.4108 		-0.8949 		0.3118
v -0.3795 		-0.8948 		0.3119
v -0.347 		-0.8947 		0.312
v -0.313 		-0.8946 		0.3121
v -0.2776 		-0.8946 		0.3121
v -0.2407 		-0.8945 		0.3122
v -0.2022 		-0.8945 		0.3123
v -0.1621 		-0.8945 		0.3123
v -0.1203 		-0.8944 		0.3123
v -0.0767 		-0.8944 		0.3123
v -0.033 		-0.8945 		0.3123
v 0.0094 		-0.8946 		0.3122
v 0.0504 		-0.8947 		0.312
v 0.0902 		-0.8949 		0.3117
v 0.1287 		-0.8952 		0.3114
v 0.166 		-0.8955 		0.311
v 0.2022 		-0.8959 		0.3106
v 0.2373 		-0.8962 		0.3101
v 0.2713 		-0.8967 		0.3096
v 0.3044 		-0.8971 		0.309
v 0.3365 		-0.8976 		0.3084
v 0.3677 		-0.8981 		0.3078
v 0.398 		-0.8987 		0.3072
v 0.4275 		-0.8992 		0.3065
v 0.4563 		-0.8998 		0.3058
v 0.4844 		-0.9003 		0.3051
v 0.5118 		-0.9009 		0.3044
v 0.5386 		-0.9015 		0.3037
v 0.5648 		-0.9021 		0.303
v 0.5905 		-0.9026 		0.3023
v 0.6158 		-0.9032 		0.3017
v 0.6406 		-0.9037 		0.301
v 0.6651 		-0.9042 		0.3004
v 0.6892 		-0.9047 		0.2998
v 0.7131 		-0.9052 		0.2992
v 0.7368 		-0.9056 		0.2987
v 0.7603 		-0.906 		0.2982
v 0.7836 		-0.9064 		0.2978
v 0.8069 		-0.9067 		0.2974
v 0.8301 		-0.907 		0.2971
v 0.8534 		-0.9072 		0.2968
v 0.8767 		-0.9073 		0.2966
v 0.9001 		-0.9075 		0.2965
v 0.9237 		-0.9075 		0.2964
v 0.9476 		-0.9075 		0.2964
v 0.9716 		-0.9074 		0.2966
v 0.996 		-0.9072 		0.2968
v 1.0208 		-0.907 		0.2971
v 1.0459 		-0.9066 		0.2975
v 1.0715 		-0.9062 		0.298
v 1.0976 		-0.9057 		0.2986
v 1.1243 		-0.9051 		0.2993
v 1.1515 		-0.9044 		0.3002
v 1.1794 		-0.9036 		0.3012
v 1.208 		-0.9027 		0.3023
v 1.2373 		-0.9017 		0.3035
v 1.2675 		-0.9006 		0.3049
v 1.2984 		-0.8993 		0.3064
v 1.3294 		-0.898 		0.3079
v 1.3596 		-0.8969 		0.3093
v 1.389 		-0.8958 		0.3107
v 1.4176 		-0.8948 		0.3119
v 1.4455 		-0.8938 		0.3131
v 1.4726 		-0.8929 		0.3142
v 1.499 		-0.892 		0.3153
v 1.5247 		-0.8911 		0.3164
v 1.5497 		-0.8902 		0.3175
v 1.574 		-0.8893 		0.3186
v 1.5977 		-0.8884 		0.3197
v 1.6207 		-0.8874 		0.3208
v 1.6431 		-0.8864 		0.3221
v 1.6649 		-0.8854 		0.3234
v 1.686 		-0.8842 		0.3248
v 1.7066 		-0.883 		0.3263
v 1.7267 		-0.8817 		0.3279
v 1.7462 		-0.8802 		0.3296
v 1.7651 		-0.8786 		0.3315
v 1.7836 		-0.8769 		0.3336
v 1.8015 		-0.8751 		0.3359
v 1.819 		-0.873 		0.3384
v 1.836 		-0.8708 		0.341
v 1.8525 		-0.8684 		0.344
v 1.8687 		-0.8658 		0.3471
v 1.8844 		-0.863 		0.3506
v 1.8997 		-0.86 		0.3543
v 1.9146 		-0.8567 		0.3583
v 1.9291 		-0.8531 		0.3626
v 1.9433 		-0.8493 		0.3672
v 1.9572 		-0.8453 		0.3722
v 1.9707 		-0.8409 		0.3775
v 1.984 		-0.8362 		0.3832
v 1.9969 		-0.8312 		0.3893
v 2.0096 		-0.8258 		0.3958
v 2.022 		-0.8202 		0.4027
v 2.0342 		-0.8141 		0.4101
v 2.0462 		-0.8077 		0.4179
v 2.058 		-0.8009 		0.4262
v 2.0696 		-0.7937 		0.4349
v 2.081 		-0.7861 		0.4442
v 2.0922 		-0.7781 		0.4539
v 2.1033 		-0.7696 		0.4642
v 2.1143 		-0.7607 		0.4751
v 2.1252 		-0.7514 		0.4865
v 2.136 		-0.7416 		0.4984
v 2.1467 		-0.7312 		0.511
v 2.1573 		-0.7204 		0.5242
v 2.1684 		-0.709 		0.538
v 2.1803 		-0.697 		0.5526
v 2.1928 		-0.6844 		0.568
v 2.206 		-0.6713 		0.584
v 2.2198 		-0.6576 		0.6006
v 2.234 		-0.6434 		0.6179
v 2.2486 		-0.6288 		0.6357
v 2.2635 		-0.6138 		0.654
v 2.2786 		-0.5983 		0.6728
v 2.2938 		-0.5824 		0.6921
v 2.3091 		-0.5663 		0.7118
v 2.3244 		-0.5498 		0.7319
v 2.3396 		-0.533 		0.7523
v 2.3545 		-0.516 		0.773
v 2.3692 		-0.4987 		0.794
v 2.3835 		-0.4813 		0.8153
v 2.3974 		-0.4637 		0.8367
v 2.4108 		-0.4459 		0.8583
v 2.4235 		-0.4281 		0.88
v 2.4356 		-0.4102 		0.9018
v 2.4469 		-0.3923 		0.9236
v 2.4573 		-0.3743 		0.9454
v 2.4668 		-0.3564 		0.9673
v 2.4753 		-0.3386 		0.989
v 2.4826 		-0.3208 		1.0106
v 2.4888 		-0.3031 		1.0322
v 2.4937 		-0.2856 		1.0535
v 2.4973 		-0.2682 		1.0746
v 2.4994 		-0.2511 		1.0955
v 2.5 		-0.2342 		1.1161
v 2.499 		-0.2175 		1.1363
v 2.4963 		-0.2012 		1.1562
v 2.4919 		-0.1852 		1.1757
v 2.4856 		-0.1695 		1.1948
v 2.4774 		-0.1543 		1.2134
v 2.4672 		-0.1394 		1.2315
v 2.4548 		-0.125 		1.249
v 2.4403 		-0.1111 		1.2659
v 2.4236 		-0.0977 		1.2823
v 2.4045 		-0.0848 		1.2979
v 2.3829 		-0.0725 		1.3129
v 2.3589 		-0.0608 		1.3272
v 2.3323 		-0.0497 		1.3407
v 2.303 		-0.0393 		1.3533
v 2.2709 		-0.0296 		1.3652
v 2.236 		-0.0206 		1.3761
v 2.1982 		-0.0123 		1.3861
v 2.1573 		-0.0049 		1.3952
v 2.1549 		-0.0045 		1.3957
v 2.1524 		-0.004 		1.3962
v 2.1499 		-0.0036 		1.3967
v 2.1473 		-0.0032 		1.3972
v 2.1448 		-0.0028 		1.3977
v 2.1422 		-0.0024 		1.3982
v 2.1396 		-0.002 		1.3987
v 2.137 		-0.0016 		1.3992
v 2.1344 		-0.0012 		1.3997
v 2.1318 		-0.0008 		1.4002
v 2.1291 		-0.0004 		1.4007
v -2.1123 		-0.0004 		1.4007
v -2.1146 		-0.0008 		1.4002
v -2.117 		-0.0012 		1.3997
v -2.1193 		-0.0016 		1.3992
v -2.1215 		-0.002 		1.3987
v -2.1238 		-0.0024 		1.3982
v -2.1261 		-0.0028 		1.3977
v -2.1283 		-0.0032 		1.3972
v -2.1306 		-0.0036 		1.3967
v -2.1328 		-0.004 		1.3962
v -2.135 		-0.0045 		1.3957
v -2.1372 		-0.004 		1.3947
v -2.1815 		-0.0115 		1.3826
v -2.2225 		-0.0197 		1.3692
v -2.2602 		-0.0287 		1.3547
v -2.2947 		-0.0384 		1.3391
v -2.3262 		-0.0487 		1.3223
v -2.3547 		-0.0597 		1.3045
v -2.3803 		-0.0713 		1.2858
v -2.4032 		-0.0835 		1.2661
v -2.4233 		-0.0962 		1.2456
v -2.4409 		-0.1094 		1.2242
v -2.456 		-0.1231 		1.202
v -2.4687 		-0.1372 		1.1792
v -2.4791 		-0.1517 		1.1557
v -2.4873 		-0.1666 		1.1316
v -2.4934 		-0.1819 		1.1069
v -2.4975 		-0.1975 		1.0817
v -2.4997 		-0.2133 		1.0561
v -2.5 		-0.2294 		1.03
v -2.4986 		-0.2457 		1.0036
v -2.4956 		-0.2622 		0.977
v -2.4911 		-0.2788 		0.9501
v -2.4851 		-0.2956 		0.923
v -2.4777 		-0.3124 		0.8957
v -2.4691 		-0.3293 		0.8684
v -2.4594 		-0.3462 		0.8411
v -2.4486 		-0.3631 		0.8137
v -2.4369 		-0.3799 		0.7865
v -2.4243 		-0.3967 		0.7594
v -2.4109 		-0.4133 		0.7324
v -2.3968 		-0.4298 		0.7057
v -2.3822 		-0.4462 		0.6793
v -2.367 		-0.4623 		0.6532
v -2.3515 		-0.4782 		0.6275
v -2.3357 		-0.4938 		0.6023
v -2.3197 		-0.5091 		0.5775
v -2.3036 		-0.524 		0.5533
v -2.2875 		-0.5386 		0.5297
v -2.2715 		-0.5528 		0.5068
v -2.2556 		-0.5665 		0.4846
v -2.2401 		-0.5798 		0.4631
v -2.2249 		-0.5926 		0.4424
v -2.2102 		-0.6048 		0.4226
v -2.1961 		-0.6165 		0.4037
v -2.1826 		-0.6275 		0.3858
v -2.1699 		-0.638 		0.369
v -2.158 		-0.6478 		0.3531
v -2.1471 		-0.6568 		0.3385
v -2.1372 		-0.6652 		0.325
v -2.1278 		-0.6729 		0.3125
v -2.1182 		-0.6802 		0.3007
v -2.1083 		-0.687 		0.2896
v -2.0982 		-0.6934 		0.2793
v -2.0878 		-0.6994 		0.2696
v -2.0772 		-0.7049 		0.2606
v -2.0663 		-0.7101 		0.2523
v -2.0551 		-0.7149 		0.2445
v -2.0437 		-0.7193 		0.2374
v -2.0319 		-0.7233 		0.2308
v -2.0199 		-0.7271 		0.2248
v -2.0075 		-0.7304 		0.2194
v -1.9948 		-0.7335 		0.2144
v -1.9818 		-0.7362 		0.21
v -1.9685 		-0.7387 		0.206
v -1.9548 		-0.7409 		0.2025
v -1.9407 		-0.7428 		0.1994
v -1.9263 		-0.7444 		0.1967
v -1.9115 		-0.7458 		0.1944
v -1.8963 		-0.747 		0.1925
v -1.8807 		-0.748 		0.191
v -1.8647 		-0.7487 		0.1897
v -1.8484 		-0.7493 		0.1888
v -1.8315 		-0.7497 		0.1882
v -1.8143 		-0.7499 		0.1878
v -1.7966 		-0.75 		0.1877
v -1.7785 		-0.7499 		0.1878
v -1.7599 		-0.7497 		0.1882
v -1.7408 		-0.7494 		0.1887
v -1.7213 		-0.749 		0.1893
v -1.7013 		-0.7485 		0.1901
v -1.6808 		-0.7479 		0.1911
v -1.6598 		-0.7473 		0.1921
v -1.6383 		-0.7466 		0.1933
v -1.6162 		-0.7458 		0.1944
v -1.5937 		-0.7451 		0.1957
v -1.5706 		-0.7443 		0.1969
v -1.5469 		-0.7435 		0.1982
v -1.5227 		-0.7428 		0.1994
v -1.4979 		-0.742 		0.2006
v -1.4726 		-0.7414 		0.2017
v -1.4467 		-0.7407 		0.2028
v -1.4201 		-0.7401 		0.2037
v -1.393 		-0.7396 		0.2045
v -1.3653 		-0.7392 		0.2052
v -1.3369 		-0.7389 		0.2057
v -1.3079 		-0.7387 		0.206
v -1.2783 		-0.7386 		0.2061
v -1.249 		-0.7386 		0.2061
v -1.2208 		-0.7386 		0.2061
v -1.1937 		-0.7386 		0.2062
v -1.1676 		-0.7386 		0.2062
v -1.1425 		-0.7385 		0.2063
v -1.1183 		-0.7385 		0.2064
v -1.0949 		-0.7384 		0.2065
v -1.0724 		-0.7383 		0.2066
v -1.0505 		-0.7383 		0.2067
v -1.0293 		-0.7382 		0.2068
v -1.0086 		-0.7381 		0.207
v -0.9885 		-0.738 		0.2071
v -0.9688 		-0.7379 		0.2073
v -0.9496 		-0.7378 		0.2074
v -0.9306 		-0.7377 		0.2076
v -0.912 		-0.7376 		0.2078
v -0.8935 		-0.7375 		0.208
v -0.8752 		-0.7374 		0.2082
v -0.857 		-0.7373 		0.2083
v -0.8387 		-0.7371 		0.2085
v -0.8204 		-0.737 		0.2087
v -0.8021 		-0.7369 		0.2089
v -0.7835 		-0.7368 		0.2091
v -0.7647 		-0.7366 		0.2093
v -0.7456 		-0.7365 		0.2095
v -0.7261 		-0.7364 		0.2097
v -0.7062 		-0.7363 		0.2099
v -0.6858 		-0.7361 		0.2101
v -0.6649 		-0.736 		0.2103
v -0.6433 		-0.7359 		0.2105
v -0.621 		-0.7358 		0.2107
v -0.598 		-0.7357 		0.2109
v -0.5742 		-0.7356 		0.2111
v -0.5495 		-0.7355 		0.2112
v -0.5239 		-0.7354 		0.2114
v -0.4973 		-0.7353 		0.2116
v -0.4696 		-0.7352 		0.2117
v -0.4408 		-0.7351 		0.2119
v -0.4108 		-0.735 		0.212
v -0.3795 		-0.7349 		0.2121
v -0.347 		-0.7349 		0.2122
v -0.313 		-0.7348 		0.2123
v -0.2776 		-0.7348 		0.2124
v -0.2407 		-0.7347 		0.2125
v -0.2022 		-0.7347 		0.2125
v -0.1621 		-0.7347 		0.2125
v -0.1203 		-0.7346 		0.2126
v -0.0767 		-0.7346 		0.2126
v -0.033 		-0.7347 		0.2125
v 0.0094 		-0.7347 		0.2124
v 0.0504 		-0.7349 		0.2122
v 0.0902 		-0.735 		0.2119
v 0.1287 		-0.7353 		0.2116
v 0.166 		-0.7355 		0.2112
v 0.2022 		-0.7358 		0.2107
v 0.2373 		-0.7361 		0.2102
v 0.2713 		-0.7365 		0.2096
v 0.3044 		-0.7369 		0.209
v 0.3365 		-0.7373 		0.2083
v 0.3677 		-0.7377 		0.2077
v 0.398 		-0.7381 		0.2069
v 0.4275 		-0.7386 		0.2062
v 0.4563 		-0.739 		0.2055
v 0.4844 		-0.7395 		0.2047
v 0.5118 		-0.74 		0.204
v 0.5386 		-0.7404 		0.2032
v 0.5648 		-0.7409 		0.2024
v 0.5905 		-0.7414 		0.2017
v 0.6158 		-0.7418 		0.201
v 0.6406 		-0.7423 		0.2003
v 0.6651 		-0.7427 		0.1996
v 0.6892 		-0.7431 		0.1989
v 0.7131 		-0.7435 		0.1983
v 0.7368 		-0.7438 		0.1977
v 0.7603 		-0.7441 		0.1972
v 0.7836 		-0.7444 		0.1967
v 0.8069 		-0.7447 		0.1963
v 0.8301 		-0.7449 		0.1959
v 0.8534 		-0.7451 		0.1956
v 0.8767 		-0.7452 		0.1954
v 0.9001 		-0.7453 		0.1953
v 0.9237 		-0.7454 		0.1952
v 0.9476 		-0.7453 		0.1953
v 0.9716 		-0.7453 		0.1954
v 0.996 		-0.7451 		0.1956
v 1.0208 		-0.7449 		0.1959
v 1.0459 		-0.7447 		0.1964
v 1.0715 		-0.7443 		0.1969
v 1.0976 		-0.7439 		0.1976
v 1.1243 		-0.7434 		0.1984
v 1.1515 		-0.7428 		0.1993
v 1.1794 		-0.7422 		0.2004
v 1.208 		-0.7414 		0.2016
v 1.2373 		-0.7406 		0.2029
v 1.2675 		-0.7397 		0.2044
v 1.2984 		-0.7386 		0.2061
v 1.3294 		-0.7376 		0.2078
v 1.3596 		-0.7366 		0.2093
v 1.389 		-0.7358 		0.2108
v 1.4176 		-0.7349 		0.2121
v 1.4455 		-0.7341 		0.2134
v 1.4726 		-0.7334 		0.2146
v 1.499 		-0.7326 		0.2158
v 1.5247 		-0.7319 		0.217
v 1.5497 		-0.7312 		0.2182
v 1.574 		-0.7304 		0.2194
v 1.5977 		-0.7297 		0.2206
v 1.6207 		-0.7289 		0.2219
v 1.6431 		-0.7281 		0.2232
v 1.6649 		-0.7272 		0.2246
v 1.686 		-0.7262 		0.2262
v 1.7066 		-0.7252 		0.2278
v 1.7267 		-0.7241 		0.2296
v 1.7462 		-0.723 		0.2315
v 1.7651 		-0.7217 		0.2336
v 1.7836 		-0.7203 		0.2358
v 1.8015 		-0.7187 		0.2383
v 1.819 		-0.7171 		0.241
v 1.836 		-0.7152 		0.2439
v 1.8525 		-0.7133 		0.2471
v 1.8687 		-0.7111 		0.2506
v 1.8844 		-0.7088 		0.2543
v 1.8997 		-0.7063 		0.2584
v 1.9146 		-0.7036 		0.2627
v 1.9291 		-0.7007 		0.2674
v 1.9433 		-0.6976 		0.2725
v 1.9572 		-0.6942 		0.2779
v 1.9707 		-0.6906 		0.2838
v 1.984 		-0.6868 		0.29
v 1.9969 		-0.6827 		0.2966
v 2.0096 		-0.6783 		0.3037
v 2.022 		-0.6736 		0.3113
v 2.0342 		-0.6687 		0.3193
v 2.0462 		-0.6634 		0.3278
v 2.058 		-0.6578 		0.3369
v 2.0696 		-0.6519 		0.3464
v 2.081 		-0.6457 		0.3565
v 2.0922 		-0.6391 		0.3672
v 2.1033 		-0.6321 		0.3784
v 2.1143 		-0.6248 		0.3902
v 2.1252 		-0.6171 		0.4027
v 2.136 		-0.6091 		0.4157
v 2.1467 		-0.6006 		0.4294
v 2.1573 		-0.5917 		0.4438
v 2.1684 		-0.5824 		0.459
v 2.1803 		-0.5725 		0.4749
v 2.1928 		-0.5622 		0.4916
v 2.206 		-0.5514 		0.5091
v 2.2198 		-0.5401 		0.5273
v 2.234 		-0.5285 		0.5461
v 2.2486 		-0.5165 		0.5655
v 2.2635 		-0.5041 		0.5856
v 2.2786 		-0.4914 		0.6061
v 2.2938 		-0.4784 		0.6272
v 2.3091 		-0.4651 		0.6487
v 2.3244 		-0.4515 		0.6706
v 2.3396 		-0.4378 		0.6929
v 2.3545 		-0.4238 		0.7155
v 2.3692 		-0.4096 		0.7384
v 2.3835 		-0.3953 		0.7616
v 2.3974 		-0.3808 		0.785
v 2.4108 		-0.3663 		0.8086
v 2.4235 		-0.3516 		0.8322
v 2.4356 		-0.3369 		0.856
v 2.4469 		-0.3222 		0.8799
v 2.4573 		-0.3075 		0.9037
v 2.4668 		-0.2927 		0.9275
v 2.4753 		-0.2781 		0.9512
v 2.4826 		-0.2635 		0.9749
v 2.4888 		-0.249 		0.9984
v 2.4937 		-0.2346 		1.0216
v 2.4973 		-0.2203 		1.0447
v 2.4994 		-0.2062 		1.0675
v 2.5 		-0.1923 		1.0899
v 2.499 		-0.1787 		1.1121
v 2.4963 		-0.1653 		1.1338
v 2.4919 		-0.1521 		1.1551
v 2.4856 		-0.1392 		1.1759
v 2.4774 		-0.1267 		1.1962
v 2.4672 		-0.1145 		1.2159
v 2.4548 		-0.1027 		1.2351
v 2.4403 		-0.0912 		1.2536
v 2.4236 		-0.0802 		1.2714
v 2.4045 		-0.0696 		1.2885
v 2.3829 		-0.0595 		1.3048
v 2.3589 		-0.0499 		1.3204
v 2.3323 		-0.0408 		1.3351
v 2.303 		-0.0323 		1.3489
v 2.2709 		-0.0243 		1.3619
v 2.236 		-0.0169 		1.3738
v 2.1982 		-0.0101 		1.3848
v 2.1573 		-0.004 		1.3947
v 2.1549 		-0.0037 		1.3952
v 2.1524 		-0.0033 		1.3958
v 2.1499 		-0.003 		1.3963
v 2.1473 		-0.0027 		1.3969
v 2.1448 		-0.0023 		1.3974
v 2.1422 		-0.002 		1.3979
v 2.1396 		-0.0017 		1.3985
v 2.137 		-0.0013 		1.399
v 2.1344 		-0.001 		1.3995
v 2.1318 		-0.0007 		1.4001
v 2.1291 		-0.0003 		1.4006
v -2.1123 		-0.0003 		1.4006
v -2.1146 		-0.0007 		1.4001
v -2.117 		-0.001 		1.3995
v -2.1193 		-0.0013 		1.399
v -2.1215 		-0.0017 		1.3985
v -2.1238 		-0.002 		1.3979
v -2.1261 		-0.0023 		1.3974
v -2.1283 		-0.0027 		1.3969
v -2.1306 		-0.003 		1.3963
v -2.1328 		-0.0033 		1.3958
v -2.135 		-0.0037 		1.3952
v -2.1372 		-0.0031 		1.3942
v -2.1815 		-0.0088 		1.3813
v -2.2225 		-0.0151 		1.3671
v -2.2602 		-0.022 		1.3516
v -2.2947 		-0.0294 		1.3349
v -2.3262 		-0.0373 		1.317
v -2.3547 		-0.0457 		1.2981
v -2.3803 		-0.0546 		1.2781
v -2.4032 		-0.0639 		1.2571
v -2.4233 		-0.0736 		1.2352
v -2.4409 		-0.0837 		1.2124
v -2.456 		-0.0942 		1.1887
v -2.4687 		-0.105 		1.1644
v -2.4791 		-0.1161 		1.1393
v -2.4873 		-0.1275 		1.1135
v -2.4934 		-0.1392 		1.0872
v -2.4975 		-0.1511 		1.0603
v -2.4997 		-0.1633 		1.033
v -2.5 		-0.1756 		1.0052
v -2.4986 		-0.188 		0.9771
v -2.4956 		-0.2007 		0.9486
v -2.4911 		-0.2134 		0.9199
v -2.4851 		-0.2262 		0.891
v -2.4777 		-0.2391 		0.862
v -2.4691 		-0.252 		0.8328
v -2.4594 		-0.265 		0.8036
v -2.4486 		-0.2779 		0.7745
v -2.4369 		-0.2908 		0.7454
v -2.4243 		-0.3036 		0.7165
v -2.4109 		-0.3163 		0.6877
v -2.3968 		-0.329 		0.6593
v -2.3822 		-0.3415 		0.6311
v -2.367 		-0.3538 		0.6032
v -2.3515 		-0.366 		0.5758
v -2.3357 		-0.3779 		0.5489
v -2.3197 		-0.3896 		0.5225
v -2.3036 		-0.4011 		0.4967
v -2.2875 		-0.4122 		0.4715
v -2.2715 		-0.4231 		0.447
v -2.2556 		-0.4336 		0.4233
v -2.2401 		-0.4438 		0.4004
v -2.2249 		-0.4535 		0.3784
v -2.2102 		-0.4629 		0.3573
v -2.1961 		-0.4718 		0.3371
v -2.1826 		-0.4803 		0.318
v -2.1699 		-0.4883 		0.3
v -2.158 		-0.4958 		0.2831
v -2.1471 		-0.5027 		0.2675
v -2.1372 		-0.5091 		0.2531
v -2.1278 		-0.515 		0.2397
v -2.1182 		-0.5206 		0.2272
v -2.1083 		-0.5258 		0.2154
v -2.0982 		-0.5307 		0.2044
v -2.0878 		-0.5353 		0.1941
v -2.0772 		-0.5395 		0.1845
v -2.0663 		-0.5435 		0.1755
v -2.0551 		-0.5471 		0.1673
v -2.0437 		-0.5505 		0.1597
v -2.0319 		-0.5536 		0.1527
v -2.0199 		-0.5565 		0.1463
v -2.0075 		-0.559 		0.1404
v -1.9948 		-0.5614 		0.1352
v -1.9818 		-0.5635 		0.1304
v -1.9685 		-0.5654 		0.1262
v -1.9548 		-0.567 		0.1224
v -1.9407 		-0.5685 		0.1191
v -1.9263 		-0.5698 		0.1163
v -1.9115 		-0.5708 		0.1138
v -1.8963 		-0.5717 		0.1118
v -1.8807 		-0.5725 		0.1101
v -1.8647 		-0.5731 		0.1088
v -1.8484 		-0.5735 		0.1078
v -1.8315 		-0.5738 		0.1072
v -1.8143 		-0.574 		0.1068
v -1.7966 		-0.574 		0.1067
v -1.7785 		-0.574 		0.1068
v -1.7599 		-0.5738 		0.1071
v -1.7408 		-0.5736 		0.1077
v -1.7213 		-0.5733 		0.1084
v -1.7013 		-0.5729 		0.1092
v -1.6808 		-0.5724 		0.1103
v -1.6598 		-0.5719 		0.1114
v -1.6383 		-0.5714 		0.1126
v -1.6162 		-0.5708 		0.1138
v -1.5937 		-0.5703 		0.1151
v -1.5706 		-0.5697 		0.1165
v -1.5469 		-0.5691 		0.1178
v -1.5227 		-0.5685 		0.1191
v -1.4979 		-0.5679 		0.1204
v -1.4726 		-0.5674 		0.1216
v -1.4467 		-0.5669 		0.1227
v -1.4201 		-0.5665 		0.1237
v -1.393 		-0.5661 		0.1246
v -1.3653 		-0.5658 		0.1253
v -1.3369 		-0.5655 		0.1258
v -1.3079 		-0.5654 		0.1262
v -1.2783 		-0.5653 		0.1263
v -1.249 		-0.5653 		0.1263
v -1.2208 		-0.5653 		0.1263
v -1.1937 		-0.5653 		0.1263
v -1.1676 		-0.5653 		0.1264
v -1.1425 		-0.5652 		0.1265
v -1.1183 		-0.5652 		0.1266
v -1.0949 		-0.5652 		0.1267
v -1.0724 		-0.5651 		0.1268
v -1.0505 		-0.565 		0.1269
v -1.0293 		-0.565 		0.127
v -1.0086 		-0.5649 		0.1272
v -0.9885 		-0.5648 		0.1273
v -0.9688 		-0.5648 		0.1275
v -0.9496 		-0.5647 		0.1277
v -0.9306 		-0.5646 		0.1279
v -0.912 		-0.5645 		0.1281
v -0.8935 		-0.5644 		0.1283
v -0.8752 		-0.5644 		0.1285
v -0.857 		-0.5643 		0.1287
v -0.8387 		-0.5642 		0.1289
v -0.8204 		-0.5641 		0.1291
v -0.8021 		-0.564 		0.1293
v -0.7835 		-0.5639 		0.1295
v -0.7647 		-0.5638 		0.1297
v -0.7456 		-0.5637 		0.1299
v -0.7261 		-0.5636 		0.1302
v -0.7062 		-0.5635 		0.1304
v -0.6858 		-0.5634 		0.1306
v -0.6649 		-0.5633 		0.1308
v -0.6433 		-0.5632 		0.131
v -0.621 		-0.5631 		0.1312
v -0.598 		-0.5631 		0.1314
v -0.5742 		-0.563 		0.1316
v -0.5495 		-0.5629 		0.1318
v -0.5239 		-0.5628 		0.1319
v -0.4973 		-0.5627 		0.1321
v -0.4696 		-0.5627 		0.1323
v -0.4408 		-0.5626 		0.1324
v -0.4108 		-0.5625 		0.1325
v -0.3795 		-0.5625 		0.1327
v -0.347 		-0.5624 		0.1328
v -0.313 		-0.5624 		0.1329
v -0.2776 		-0.5624 		0.133
v -0.2407 		-0.5623 		0.133
v -0.2022 		-0.5623 		0.1331
v -0.1621 		-0.5623 		0.1331
v -0.1203 		-0.5623 		0.1332
v -0.0767 		-0.5623 		0.1332
v -0.033 		-0.5623 		0.1331
v 0.0094 		-0.5623 		0.133
v 0.0504 		-0.5624 		0.1328
v 0.0902 		-0.5626 		0.1325
v 0.1287 		-0.5627 		0.1321
v 0.166 		-0.5629 		0.1317
v 0.2022 		-0.5632 		0.1312
v 0.2373 		-0.5634 		0.1306
v 0.2713 		-0.5637 		0.13
v 0.3044 		-0.564 		0.1293
v 0.3365 		-0.5643 		0.1287
v 0.3677 		-0.5646 		0.1279
v 0.398 		-0.5649 		0.1272
v 0.4275 		-0.5653 		0.1264
v 0.4563 		-0.5656 		0.1256
v 0.4844 		-0.566 		0.1248
v 0.5118 		-0.5663 		0.124
v 0.5386 		-0.5667 		0.1232
v 0.5648 		-0.5671 		0.1224
v 0.5905 		-0.5674 		0.1216
v 0.6158 		-0.5678 		0.1208
v 0.6406 		-0.5681 		0.12
v 0.6651 		-0.5684 		0.1193
v 0.6892 		-0.5687 		0.1186
v 0.7131 		-0.569 		0.1179
v 0.7368 		-0.5693 		0.1173
v 0.7603 		-0.5695 		0.1168
v 0.7836 		-0.5698 		0.1162
v 0.8069 		-0.57 		0.1158
v 0.8301 		-0.5701 		0.1154
v 0.8534 		-0.5703 		0.1151
v 0.8767 		-0.5704 		0.1149
v 0.9001 		-0.5704 		0.1147
v 0.9237 		-0.5705 		0.1147
v 0.9476 		-0.5705 		0.1147
v 0.9716 		-0.5704 		0.1148
v 0.996 		-0.5703 		0.1151
v 1.0208 		-0.5701 		0.1154
v 1.0459 		-0.5699 		0.1159
v 1.0715 		-0.5697 		0.1165
v 1.0976 		-0.5694 		0.1172
v 1.1243 		-0.569 		0.118
v 1.1515 		-0.5685 		0.119
v 1.1794 		-0.568 		0.1202
v 1.208 		-0.5675 		0.1215
v 1.2373 		-0.5668 		0.1229
v 1.2675 		-0.5661 		0.1245
v 1.2984 		-0.5653 		0.1263
v 1.3294 		-0.5645 		0.1281
v 1.3596 		-0.5638 		0.1297
v 1.389 		-0.5631 		0.1312
v 1.4176 		-0.5625 		0.1327
v 1.4455 		-0.5619 		0.1341
v 1.4726 		-0.5613 		0.1354
v 1.499 		-0.5607 		0.1367
v 1.5247 		-0.5602 		0.1379
v 1.5497 		-0.5596 		0.1392
v 1.574 		-0.559 		0.1404
v 1.5977 		-0.5585 		0.1417
v 1.6207 		-0.5579 		0.1431
v 1.6431 		-0.5572 		0.1445
v 1.6649 		-0.5566 		0.146
v 1.686 		-0.5558 		0.1477
v 1.7066 		-0.5551 		0.1494
v 1.7267 		-0.5542 		0.1513
v 1.7462 		-0.5533 		0.1533
v 1.7651 		-0.5523 		0.1556
v 1.7836 		-0.5513 		0.158
v 1.8015 		-0.5501 		0.1606
v 1.819 		-0.5488 		0.1635
v 1.836 		-0.5474 		0.1666
v 1.8525 		-0.5459 		0.17
v 1.8687 		-0.5443 		0.1737
v 1.8844 		-0.5425 		0.1777
v 1.8997 		-0.5406 		0.182
v 1.9146 		-0.5385 		0.1867
v 1.9291 		-0.5363 		0.1917
v 1.9433 		-0.5339 		0.1971
v 1.9572 		-0.5313 		0.2029
v 1.9707 		-0.5286 		0.2091
v 1.984 		-0.5256 		0.2158
v 1.9969 		-0.5225 		0.2229
v 2.0096 		-0.5191 		0.2304
v 2.022 		-0.5156 		0.2385
v 2.0342 		-0.5118 		0.247
v 2.0462 		-0.5077 		0.2561
v 2.058 		-0.5035 		0.2658
v 2.0696 		-0.499 		0.276
v 2.081 		-0.4942 		0.2867
v 2.0922 		-0.4891 		0.2981
v 2.1033 		-0.4838 		0.3101
v 2.1143 		-0.4782 		0.3227
v 2.1252 		-0.4723 		0.336
v 2.136 		-0.4662 		0.3499
v 2.1467 		-0.4597 		0.3645
v 2.1573 		-0.4529 		0.3799
v 2.1684 		-0.4457 		0.396
v 2.1803 		-0.4382 		0.413
v 2.1928 		-0.4303 		0.4309
v 2.206 		-0.422 		0.4495
v 2.2198 		-0.4134 		0.4689
v 2.234 		-0.4045 		0.489
v 2.2486 		-0.3953 		0.5097
v 2.2635 		-0.3858 		0.5311
v 2.2786 		-0.3761 		0.553
v 2.2938 		-0.3661 		0.5755
v 2.3091 		-0.356 		0.5984
v 2.3244 		-0.3456 		0.6218
v 2.3396 		-0.3351 		0.6456
v 2.3545 		-0.3243 		0.6697
v 2.3692 		-0.3135 		0.6942
v 2.3835 		-0.3025 		0.7189
v 2.3974 		-0.2915 		0.7438
v 2.4108 		-0.2803 		0.769
v 2.4235 		-0.2691 		0.7942
v 2.4356 		-0.2579 		0.8196
v 2.4469 		-0.2466 		0.845
v 2.4573 		-0.2353 		0.8705
v 2.4668 		-0.2241 		0.8959
v 2.4753 		-0.2128 		0.9212
v 2.4826 		-0.2017 		0.9464
v 2.4888 		-0.1905 		0.9714
v 2.4937 		-0.1795 		0.9963
v 2.4973 		-0.1686 		1.0209
v 2.4994 		-0.1578 		1.0452
v 2.5 		-0.1472 		1.0692
v 2.499 		-0.1368 		1.0927
v 2.4963 		-0.1265 		1.1159
v 2.4919 		-0.1164 		1.1386
v 2.4856 		-0.1066 		1.1608
v 2.4774 		-0.097 		1.1825
v 2.4672 		-0.0876 		1.2035
v 2.4548 		-0.0786 		1.224
v 2.4403 		-0.0698 		1.2437
v 2.4236 		-0.0614 		1.2627
v 2.4045 		-0.0533 		1.281
v 2.3829 		-0.0456 		1.2984
v 2.3589 		-0.0382 		1.315
v 2.3323 		-0.0312 		1.3307
v 2.303 		-0.0247 		1.3455
v 2.2709 		-0.0186 		1.3592
v 2.236 		-0.0129 		1.372
v 2.1982 		-0.0077 		1.3837
v 2.1573 		-0.0031 		1.3942
v 2.1549 		-0.0028 		1.3948
v 2.1524 		-0.0025 		1.3954
v 2.1499 		-0.0023 		1.396
v 2.1473 		-0.002 		1.3966
v 2.1448 		-0.0018 		1.3971
v 2.1422 		-0.0015 		1.3977
v 2.1396 		-0.0013 		1.3983
v 2.137 		-0.001 		1.3989
v 2.1344 		-0.0008 		1.3994
v 2.1318 		-0.0005 		1.4
v -2.1146 		-0.0005 		1.4
v -2.117 		-0.0008 		1.3994
v -2.1193 		-0.001 		1.3989
v -2.1215 		-0.0013 		1.3983
v -2.1238 		-0.0015 		1.3977
v -2.1261 		-0.0018 		1.3971
v -2.1283 		-0.002 		1.3966
v -2.1306 		-0.0023 		1.396
v -2.1328 		-0.0025 		1.3954
v -2.135 		-0.0028 		1.3948
v -2.1372 		-0.0021 		1.3939
v -2.1815 		-0.0059 		1.3804
v -2.2225 		-0.0102 		1.3656
v -2.2602 		-0.0149 		1.3494
v -2.2947 		-0.0199 		1.3319
v -2.3262 		-0.0252 		1.3132
v -2.3547 		-0.0309 		1.2934
v -2.3803 		-0.0369 		1.2725
v -2.4032 		-0.0432 		1.2505
v -2.4233 		-0.0498 		1.2276
v -2.4409 		-0.0566 		1.2038
v -2.456 		-0.0637 		1.1791
v -2.4687 		-0.071 		1.1536
v -2.4791 		-0.0785 		1.1274
v -2.4873 		-0.0863 		1.1005
v -2.4934 		-0.0942 		1.0729
v -2.4975 		-0.1022 		1.0448
v -2.4997 		-0.1104 		1.0162
v -2.5 		-0.1187 		0.9872
v -2.4986 		-0.1272 		0.9578
v -2.4956 		-0.1357 		0.928
v -2.4911 		-0.1443 		0.898
v -2.4851 		-0.153 		0.8678
v -2.4777 		-0.1617 		0.8374
v -2.4691 		-0.1704 		0.8069
v -2.4594 		-0.1792 		0.7764
v -2.4486 		-0.1879 		0.746
v -2.4369 		-0.1967 		0.7156
v -2.4243 		-0.2053 		0.6853
v -2.4109 		-0.214 		0.6553
v -2.3968 		-0.2225 		0.6255
v -2.3822 		-0.231 		0.596
v -2.367 		-0.2393 		0.5669
v -2.3515 		-0.2475 		0.5383
v -2.3357 		-0.2556 		0.5101
v -2.3197 		-0.2635 		0.4825
v -2.3036 		-0.2713 		0.4555
v -2.2875 		-0.2788 		0.4292
v -2.2715 		-0.2861 		0.4036
v -2.2556 		-0.2933 		0.3788
v -2.2401 		-0.3001 		0.3549
v -2.2249 		-0.3067 		0.3318
v -2.2102 		-0.3131 		0.3097
v -2.1961 		-0.3191 		0.2887
v -2.1826 		-0.3248 		0.2687
v -2.1699 		-0.3302 		0.2499
v -2.158 		-0.3353 		0.2322
v -2.1471 		-0.34 		0.2159
v -2.1372 		-0.3443 		0.2008
v -2.1278 		-0.3483 		0.1869
v -2.1182 		-0.3521 		0.1737
v -2.1083 		-0.3556 		0.1614
v -2.0982 		-0.3589 		0.1499
v -2.0878 		-0.362 		0.1391
v -2.0772 		-0.3649 		0.1291
v -2.0663 		-0.3676 		0.1198
v -2.0551 		-0.37 		0.1111
v -2.0437 		-0.3723 		0.1032
v -2.0319 		-0.3744 		0.0958
v -2.0199 		-0.3763 		0.0892
v -2.0075 		-0.3781 		0.0831
v -1.9948 		-0.3797 		0.0775
v -1.9818 		-0.3811 		0.0726
v -1.9685 		-0.3824 		0.0681
v -1.9548 		-0.3835 		0.0642
v -1.9407 		-0.3845 		0.0608
v -1.9263 		-0.3853 		0.0578
v -1.9115 		-0.3861 		0.0552
v -1.8963 		-0.3867 		0.0531
v -1.8807 		-0.3872 		0.0514
v -1.8647 		-0.3876 		0.05
v -1.8484 		-0.3879 		0.049
v -1.8315 		-0.3881 		0.0483
v -1.8143 		-0.3882 		0.0479
v -1.7966 		-0.3882 		0.0477
v -1.7785 		-0.3882 		0.0479
v -1.7599 		-0.3881 		0.0482
v -1.7408 		-0.3879 		0.0488
v -1.7213 		-0.3877 		0.0495
v -1.7013 		-0.3875 		0.0505
v -1.6808 		-0.3872 		0.0515
v -1.6598 		-0.3868 		0.0527
v -1.6383 		-0.3865 		0.0539
v -1.6162 		-0.3861 		0.0552
v -1.5937 		-0.3857 		0.0566
v -1.5706 		-0.3853 		0.058
v -1.5469 		-0.3849 		0.0594
v -1.5227 		-0.3845 		0.0608
v -1.4979 		-0.3841 		0.0621
v -1.4726 		-0.3838 		0.0633
v -1.4467 		-0.3834 		0.0645
v -1.4201 		-0.3831 		0.0656
v -1.393 		-0.3829 		0.0665
v -1.3653 		-0.3826 		0.0672
v -1.3369 		-0.3825 		0.0678
v -1.3079 		-0.3824 		0.0681
v -1.2783 		-0.3823 		0.0682
v -1.249 		-0.3823 		0.0683
v -1.2208 		-0.3823 		0.0683
v -1.1937 		-0.3823 		0.0683
v -1.1676 		-0.3823 		0.0684
v -1.1425 		-0.3823 		0.0685
v -1.1183 		-0.3823 		0.0686
v -1.0949 		-0.3822 		0.0687
v -1.0724 		-0.3822 		0.0688
v -1.0505 		-0.3822 		0.0689
v -1.0293 		-0.3821 		0.0691
v -1.0086 		-0.3821 		0.0692
v -0.9885 		-0.382 		0.0694
v -0.9688 		-0.382 		0.0696
v -0.9496 		-0.3819 		0.0697
v -0.9306 		-0.3819 		0.0699
v -0.912 		-0.3818 		0.0701
v -0.8935 		-0.3818 		0.0703
v -0.8752 		-0.3817 		0.0705
v -0.857 		-0.3816 		0.0707
v -0.8387 		-0.3816 		0.071
v -0.8204 		-0.3815 		0.0712
v -0.8021 		-0.3814 		0.0714
v -0.7835 		-0.3814 		0.0716
v -0.7647 		-0.3813 		0.0719
v -0.7456 		-0.3812 		0.0721
v -0.7261 		-0.3812 		0.0723
v -0.7062 		-0.3811 		0.0725
v -0.6858 		-0.3811 		0.0728
v -0.6649 		-0.381 		0.073
v -0.6433 		-0.3809 		0.0732
v -0.621 		-0.3809 		0.0734
v -0.598 		-0.3808 		0.0736
v -0.5742 		-0.3808 		0.0738
v -0.5495 		-0.3807 		0.074
v -0.5239 		-0.3806 		0.0742
v -0.4973 		-0.3806 		0.0743
v -0.4696 		-0.3806 		0.0745
v -0.4408 		-0.3805 		0.0747
v -0.4108 		-0.3805 		0.0748
v -0.3795 		-0.3804 		0.0749
v -0.347 		-0.3804 		0.0751
v -0.313 		-0.3804 		0.0752
v -0.2776 		-0.3803 		0.0753
v -0.2407 		-0.3803 		0.0753
v -0.2022 		-0.3803 		0.0754
v -0.1621 		-0.3803 		0.0754
v -0.1203 		-0.3803 		0.0755
v -0.0767 		-0.3803 		0.0755
v -0.033 		-0.3803 		0.0754
v 0.0094 		-0.3803 		0.0753
v 0.0504 		-0.3804 		0.075
v 0.0902 		-0.3805 		0.0747
v 0.1287 		-0.3806 		0.0743
v 0.166 		-0.3807 		0.0739
v 0.2022 		-0.3809 		0.0734
v 0.2373 		-0.381 		0.0728
v 0.2713 		-0.3812 		0.0721
v 0.3044 		-0.3814 		0.0715
v 0.3365 		-0.3816 		0.0707
v 0.3677 		-0.3818 		0.07
v 0.398 		-0.3821 		0.0692
v 0.4275 		-0.3823 		0.0684
v 0.4563 		-0.3825 		0.0675
v 0.4844 		-0.3828 		0.0667
v 0.5118 		-0.383 		0.0659
v 0.5386 		-0.3833 		0.065
v 0.5648 		-0.3835 		0.0642
v 0.5905 		-0.3838 		0.0633
v 0.6158 		-0.384 		0.0625
v 0.6406 		-0.3842 		0.0617
v 0.6651 		-0.3844 		0.061
v 0.6892 		-0.3846 		0.0602
v 0.7131 		-0.3848 		0.0595
v 0.7368 		-0.385 		0.0589
v 0.7603 		-0.3852 		0.0583
v 0.7836 		-0.3854 		0.0578
v 0.8069 		-0.3855 		0.0573
v 0.8301 		-0.3856 		0.0569
v 0.8534 		-0.3857 		0.0566
v 0.8767 		-0.3858 		0.0563
v 0.9001 		-0.3858 		0.0562
v 0.9237 		-0.3858 		0.0561
v 0.9476 		-0.3858 		0.0562
v 0.9716 		-0.3858 		0.0563
v 0.996 		-0.3857 		0.0565
v 1.0208 		-0.3856 		0.0569
v 1.0459 		-0.3855 		0.0574
v 1.0715 		-0.3853 		0.058
v 1.0976 		-0.3851 		0.0588
v 1.1243 		-0.3848 		0.0597
v 1.1515 		-0.3845 		0.0607
v 1.1794 		-0.3842 		0.0619
v 1.208 		-0.3838 		0.0632
v 1.2373 		-0.3834 		0.0647
v 1.2675 		-0.3829 		0.0664
v 1.2984 		-0.3823 		0.0682
v 1.3294 		-0.3818 		0.0701
v 1.3596 		-0.3813 		0.0718
v 1.389 		-0.3809 		0.0735
v 1.4176 		-0.3804 		0.075
v 1.4455 		-0.38 		0.0764
v 1.4726 		-0.3796 		0.0778
v 1.499 		-0.3792 		0.0791
v 1.5247 		-0.3789 		0.0804
v 1.5497 		-0.3785 		0.0817
v 1.574 		-0.3781 		0.0831
v 1.5977 		-0.3777 		0.0844
v 1.6207 		-0.3773 		0.0858
v 1.6431 		-0.3769 		0.0873
v 1.6649 		-0.3764 		0.0889
v 1.686 		-0.3759 		0.0906
v 1.7066 		-0.3754 		0.0924
v 1.7267 		-0.3748 		0.0944
v 1.7462 		-0.3742 		0.0966
v 1.7651 		-0.3736 		0.0989
v 1.7836 		-0.3728 		0.1014
v 1.8015 		-0.372 		0.1042
v 1.819 		-0.3712 		0.1072
v 1.836 		-0.3702 		0.1105
v 1.8525 		-0.3692 		0.114
v 1.8687 		-0.3681 		0.1179
v 1.8844 		-0.3669 		0.122
v 1.8997 		-0.3656 		0.1265
v 1.9146 		-0.3642 		0.1314
v 1.9291 		-0.3627 		0.1367
v 1.9433 		-0.3611 		0.1423
v 1.9572 		-0.3594 		0.1484
v 1.9707 		-0.3575 		0.1549
v 1.984 		-0.3555 		0.1618
v 1.9969 		-0.3534 		0.1692
v 2.0096 		-0.3511 		0.1771
v 2.022 		-0.3487 		0.1856
v 2.0342 		-0.3461 		0.1945
v 2.0462 		-0.3434 		0.204
v 2.058 		-0.3405 		0.2141
v 2.0696 		-0.3375 		0.2247
v 2.081 		-0.3342 		0.236
v 2.0922 		-0.3308 		0.2479
v 2.1033 		-0.3272 		0.2604
v 2.1143 		-0.3234 		0.2736
v 2.1252 		-0.3195 		0.2875
v 2.136 		-0.3153 		0.3021
v 2.1467 		-0.3109 		0.3174
v 2.1573 		-0.3063 		0.3334
v 2.1684 		-0.3014 		0.3503
v 2.1803 		-0.2963 		0.3681
v 2.1928 		-0.291 		0.3867
v 2.206 		-0.2854 		0.4062
v 2.2198 		-0.2796 		0.4265
v 2.234 		-0.2736 		0.4475
v 2.2486 		-0.2673 		0.4692
v 2.2635 		-0.2609 		0.4915
v 2.2786 		-0.2544 		0.5144
v 2.2938 		-0.2476 		0.5379
v 2.3091 		-0.2407 		0.5619
v 2.3244 		-0.2337 		0.5863
v 2.3396 		-0.2266 		0.6112
v 2.3545 		-0.2194 		0.6364
v 2.3692 		-0.212 		0.662
v 2.3835 		-0.2046 		0.6878
v 2.3974 		-0.1971 		0.7139
v 2.4108 		-0.1896 		0.7402
v 2.4235 		-0.182 		0.7666
v 2.4356 		-0.1744 		0.7931
v 2.4469 		-0.1668 		0.8197
v 2.4573 		-0.1592 		0.8463
v 2.4668 		-0.1515 		0.8729
v 2.4753 		-0.1439 		0.8994
v 2.4826 		-0.1364 		0.9257
v 2.4888 		-0.1289 		0.9519
v 2.4937 		-0.1214 		0.9779
v 2.4973 		-0.114 		1.0036
v 2.4994 		-0.1068 		1.029
v 2.5 		-0.0996 		1.054
v 2.499 		-0.0925 		1.0787
v 2.4963 		-0.0855 		1.1029
v 2.4919 		-0.0787 		1.1267
v 2.4856 		-0.0721 		1.1499
v 2.4774 		-0.0656 		1.1725
v 2.4672 		-0.0593 		1.1945
v 2.4548 		-0.0531 		1.2159
v 2.4403 		-0.0472 		1.2365
v 2.4236 		-0.0415 		1.2564
v 2.4045 		-0.036 		1.2755
v 2.3829 		-0.0308 		1.2937
v 2.3589 		-0.0258 		1.3111
v 2.3323 		-0.0211 		1.3275
v 2.303 		-0.0167 		1.3429
v 2.2709 		-0.0126 		1.3573
v 2.236 		-0.0087 		1.3707
v 2.1982 		-0.0052 		1.3829
v 2.1573 		-0.0021 		1.3939
v 2.1549 		-0.0019 		1.3945
v 2.1524 		-0.0017 		1.3951
v 2.1499 		-0.0015 		1.3958
v 2.1473 		-0.0014 		1.3964
v 2.1448 		-0.0012 		1.397
v 2.1422 		-0.001 		1.3976
v 2.1396 		-0.0009 		1.3982
v 2.137 		-0.0007 		1.3988
v 2.1344 		-0.0005 		1.3994
v 2.1318 		-0.0003 		1.4
v 2.1291 		-0.0002 		1.4006
v -2.1123 		-0.0002 		1.4006
v -2.1146 		-0.0003 		1.4
v -2.117 		-0.0005 		1.3994
v -2.1193 		-0.0007 		1.3988
v -2.1215 		-0.0009 		1.3982
v -2.1238 		-0.001 		1.3976
v -2.1261 		-0.0012 		1.397
v -2.1283 		-0.0014 		1.3964
v -2.1306 		-0.0015 		1.3958
v -2.1328 		-0.0017 		1.3952
v -2.135 		-0.0019 		1.3945
v -2.1372 		-0.001 		1.3937
v -2.1815 		-0.003 		1.3799
v -2.2225 		-0.0051 		1.3646
v -2.2602 		-0.0075 		1.348
v -2.2947 		-0.01 		1.3301
v -2.3262 		-0.0127 		1.3109
v -2.3547 		-0.0156 		1.2905
v -2.3803 		-0.0186 		1.2691
v -2.4032 		-0.0218 		1.2465
v -2.4233 		-0.0251 		1.223
v -2.4409 		-0.0286 		1.1986
v -2.456 		-0.0321 		1.1732
v -2.4687 		-0.0358 		1.147
v -2.4791 		-0.0396 		1.1201
v -2.4873 		-0.0435 		1.0925
v -2.4934 		-0.0475 		1.0643
v -2.4975 		-0.0515 		1.0354
v -2.4997 		-0.0557 		1.0061
v -2.5 		-0.0599 		0.9763
v -2.4986 		-0.0641 		0.9461
v -2.4956 		-0.0684 		0.9155
v -2.4911 		-0.0728 		0.8847
v -2.4851 		-0.0772 		0.8537
v -2.4777 		-0.0816 		0.8225
v -2.4691 		-0.086 		0.7913
v -2.4594 		-0.0904 		0.7599
v -2.4486 		-0.0948 		0.7287
v -2.4369 		-0.0992 		0.6975
v -2.4243 		-0.1036 		0.6664
v -2.4109 		-0.1079 		0.6356
v -2.3968 		-0.1122 		0.605
v -2.3822 		-0.1165 		0.5748
v -2.367 		-0.1207 		0.5449
v -2.3515 		-0.1248 		0.5155
v -2.3357 		-0.1289 		0.4866
v -2.3197 		-0.1329 		0.4583
v -2.3036 		-0.1368 		0.4305
v -2.2875 		-0.1406 		0.4035
v -2.2715 		-0.1443 		0.3773
v -2.2556 		-0.1479 		0.3518
v -2.2401 		-0.1514 		0.3272
v -2.2249 		-0.1547 		0.3036
v -2.2102 		-0.1579 		0.2809
v -2.1961 		-0.1609 		0.2593
v -2.1826 		-0.1638 		0.2388
v -2.1699 		-0.1665 		0.2195
v -2.158 		-0.1691 		0.2014
v -2.1471 		-0.1715 		0.1846
v -2.1372 		-0.1736 		0.1691
v -2.1278 		-0.1757 		0.1548
v -2.1182 		-0.1776 		0.1413
v -2.1083 		-0.1793 		0.1287
v -2.0982 		-0.181 		0.1168
v -2.0878 		-0.1826 		0.1058
v -2.0772 		-0.184 		0.0955
v -2.0663 		-0.1854 		0.0859
v -2.0551 		-0.1866 		0.077
v -2.0437 		-0.1878 		0.0689
v -2.0319 		-0.1888 		0.0614
v -2.0199 		-0.1898 		0.0545
v -2.0075 		-0.1907 		0.0482
v -1.9948 		-0.1915 		0.0426
v -1.9818 		-0.1922 		0.0375
v -1.9685 		-0.1928 		0.0329
v -1.9548 		-0.1934 		0.0289
v -1.9407 		-0.1939 		0.0254
v -1.9263 		-0.1943 		0.0223
v -1.9115 		-0.1947 		0.0197
v -1.8963 		-0.195 		0.0175
v -1.8807 		-0.1953 		0.0157
v -1.8647 		-0.1955 		0.0143
v -1.8484 		-0.1956 		0.0133
v -1.8315 		-0.1957 		0.0125
v -1.8143 		-0.1958 		0.0121
v -1.7966 		-0.1958 		0.012
v -1.7785 		-0.1958 		0.0121
v -1.7599 		-0.1957 		0.0125
v -1.7408 		-0.1956 		0.0131
v -1.7213 		-0.1955 		0.0138
v -1.7013 		-0.1954 		0.0148
v -1.6808 		-0.1952 		0.0158
v -1.6598 		-0.1951 		0.017
v -1.6383 		-0.1949 		0.0183
v -1.6162 		-0.1947 		0.0197
v -1.5937 		-0.1945 		0.0211
v -1.5706 		-0.1943 		0.0225
v -1.5469 		-0.1941 		0.024
v -1.5227 		-0.1939 		0.0254
v -1.4979 		-0.1937 		0.0267
v -1.4726 		-0.1935 		0.028
v -1.4467 		-0.1934 		0.0292
v -1.4201 		-0.1932 		0.0303
v -1.393 		-0.1931 		0.0312
v -1.3653 		-0.193 		0.032
v -1.3369 		-0.1929 		0.0325
v -1.3079 		-0.1928 		0.0329
v -1.2783 		-0.1928 		0.033
v -1.249 		-0.1928 		0.033
v -1.2208 		-0.1928 		0.0331
v -1.1937 		-0.1928 		0.0331
v -1.1676 		-0.1928 		0.0332
v -1.1425 		-0.1928 		0.0333
v -1.1183 		-0.1928 		0.0334
v -1.0949 		-0.1928 		0.0335
v -1.0724 		-0.1927 		0.0336
v -1.0505 		-0.1927 		0.0337
v -1.0293 		-0.1927 		0.0339
v -1.0086 		-0.1927 		0.034
v -0.9885 		-0.1927 		0.0342
v -0.9688 		-0.1926 		0.0344
v -0.9496 		-0.1926 		0.0346
v -0.9306 		-0.1926 		0.0348
v -0.912 		-0.1926 		0.035
v -0.8935 		-0.1925 		0.0352
v -0.8752 		-0.1925 		0.0354
v -0.857 		-0.1925 		0.0356
v -0.8387 		-0.1924 		0.0358
v -0.8204 		-0.1924 		0.036
v -0.8021 		-0.1924 		0.0363
v -0.7835 		-0.1923 		0.0365
v -0.7647 		-0.1923 		0.0367
v -0.7456 		-0.1923 		0.037
v -0.7261 		-0.1922 		0.0372
v -0.7062 		-0.1922 		0.0374
v -0.6858 		-0.1922 		0.0377
v -0.6649 		-0.1921 		0.0379
v -0.6433 		-0.1921 		0.0381
v -0.621 		-0.1921 		0.0383
v -0.598 		-0.192 		0.0385
v -0.5742 		-0.192 		0.0387
v -0.5495 		-0.192 		0.0389
v -0.5239 		-0.192 		0.0391
v -0.4973 		-0.1919 		0.0393
v -0.4696 		-0.1919 		0.0395
v -0.4408 		-0.1919 		0.0396
v -0.4108 		-0.1919 		0.0398
v -0.3795 		-0.1919 		0.0399
v -0.347 		-0.1918 		0.04
v -0.313 		-0.1918 		0.0401
v -0.2776 		-0.1918 		0.0402
v -0.2407 		-0.1918 		0.0403
v -0.2022 		-0.1918 		0.0404
v -0.1621 		-0.1918 		0.0404
v -0.1203 		-0.1918 		0.0404
v -0.0767 		-0.1918 		0.0404
v -0.033 		-0.1918 		0.0404
v 0.0094 		-0.1918 		0.0403
v 0.0504 		-0.1918 		0.04
v 0.0902 		-0.1919 		0.0397
v 0.1287 		-0.1919 		0.0393
v 0.166 		-0.192 		0.0388
v 0.2022 		-0.1921 		0.0383
v 0.2373 		-0.1922 		0.0377
v 0.2713 		-0.1923 		0.037
v 0.3044 		-0.1924 		0.0363
v 0.3365 		-0.1925 		0.0356
v 0.3677 		-0.1926 		0.0348
v 0.398 		-0.1927 		0.034
v 0.4275 		-0.1928 		0.0332
v 0.4563 		-0.1929 		0.0323
v 0.4844 		-0.193 		0.0314
v 0.5118 		-0.1932 		0.0306
v 0.5386 		-0.1933 		0.0297
v 0.5648 		-0.1934 		0.0288
v 0.5905 		-0.1935 		0.028
v 0.6158 		-0.1937 		0.0271
v 0.6406 		-0.1938 		0.0263
v 0.6651 		-0.1939 		0.0255
v 0.6892 		-0.194 		0.0248
v 0.7131 		-0.1941 		0.0241
v 0.7368 		-0.1942 		0.0234
v 0.7603 		-0.1943 		0.0228
v 0.7836 		-0.1943 		0.0223
v 0.8069 		-0.1944 		0.0218
v 0.8301 		-0.1945 		0.0214
v 0.8534 		-0.1945 		0.0211
v 0.8767 		-0.1945 		0.0208
v 0.9001 		-0.1946 		0.0206
v 0.9237 		-0.1946 		0.0206
v 0.9476 		-0.1946 		0.0206
v 0.9716 		-0.1946 		0.0208
v 0.996 		-0.1945 		0.021
v 1.0208 		-0.1945 		0.0214
v 1.0459 		-0.1944 		0.0219
v 1.0715 		-0.1943 		0.0225
v 1.0976 		-0.1942 		0.0233
v 1.1243 		-0.1941 		0.0242
v 1.1515 		-0.1939 		0.0253
v 1.1794 		-0.1937 		0.0265
v 1.208 		-0.1936 		0.0279
v 1.2373 		-0.1933 		0.0294
v 1.2675 		-0.1931 		0.0311
v 1.2984 		-0.1928 		0.033
v 1.3294 		-0.1926 		0.0349
v 1.3596 		-0.1923 		0.0367
v 1.389 		-0.1921 		0.0384
v 1.4176 		-0.1919 		0.0399
v 1.4455 		-0.1916 		0.0414
v 1.4726 		-0.1914 		0.0428
v 1.499 		-0.1913 		0.0442
v 1.5247 		-0.1911 		0.0455
v 1.5497 		-0.1909 		0.0469
v 1.574 		-0.1907 		0.0482
v 1.5977 		-0.1905 		0.0496
v 1.6207 		-0.1903 		0.0511
v 1.6431 		-0.1901 		0.0526
v 1.6649 		-0.1898 		0.0543
v 1.686 		-0.1896 		0.056
v 1.7066 		-0.1893 		0.0579
v 1.7267 		-0.189 		0.0599
v 1.7462 		-0.1887 		0.0621
v 1.7651 		-0.1884 		0.0645
v 1.7836 		-0.188 		0.0671
v 1.8015 		-0.1876 		0.0699
v 1.819 		-0.1872 		0.073
v 1.836 		-0.1867 		0.0764
v 1.8525 		-0.1862 		0.08
v 1.8687 		-0.1856 		0.084
v 1.8844 		-0.185 		0.0882
v 1.8997 		-0.1844 		0.0929
v 1.9146 		-0.1837 		0.0979
v 1.9291 		-0.1829 		0.1033
v 1.9433 		-0.1821 		0.109
v 1.9572 		-0.1812 		0.1153
v 1.9707 		-0.1803 		0.1219
v 1.984 		-0.1793 		0.1291
v 1.9969 		-0.1782 		0.1367
v 2.0096 		-0.1771 		0.1448
v 2.022 		-0.1759 		0.1535
v 2.0342 		-0.1746 		0.1626
v 2.0462 		-0.1732 		0.1724
v 2.058 		-0.1717 		0.1827
v 2.0696 		-0.1702 		0.1937
v 2.081 		-0.1686 		0.2052
v 2.0922 		-0.1668 		0.2174
v 2.1033 		-0.165 		0.2303
v 2.1143 		-0.1631 		0.2438
v 2.1252 		-0.1611 		0.2581
v 2.136 		-0.159 		0.273
v 2.1467 		-0.1568 		0.2887
v 2.1573 		-0.1545 		0.3052
v 2.1684 		-0.152 		0.3225
v 2.1803 		-0.1495 		0.3408
v 2.1928 		-0.1468 		0.3599
v 2.206 		-0.1439 		0.3799
v 2.2198 		-0.141 		0.4007
v 2.234 		-0.138 		0.4223
v 2.2486 		-0.1348 		0.4445
v 2.2635 		-0.1316 		0.4674
v 2.2786 		-0.1283 		0.491
v 2.2938 		-0.1249 		0.5151
v 2.3091 		-0.1214 		0.5397
v 2.3244 		-0.1179 		0.5648
v 2.3396 		-0.1143 		0.5903
v 2.3545 		-0.1106 		0.6162
v 2.3692 		-0.1069 		0.6425
v 2.3835 		-0.1032 		0.669
v 2.3974 		-0.0994 		0.6958
v 2.4108 		-0.0956 		0.7227
v 2.4235 		-0.0918 		0.7499
v 2.4356 		-0.088 		0.7771
v 2.4469 		-0.0841 		0.8044
v 2.4573 		-0.0803 		0.8317
v 2.4668 		-0.0764 		0.8589
v 2.4753 		-0.0726 		0.8861
v 2.4826 		-0.0688 		0.9131
v 2.4888 		-0.065 		0.94
v 2.4937 		-0.0612 		0.9667
v 2.4973 		-0.0575 		0.9931
v 2.4994 		-0.0538 		1.0192
v 2.5 		-0.0502 		1.0449
v 2.499 		-0.0466 		1.0702
v 2.4963 		-0.0431 		1.0951
v 2.4919 		-0.0397 		1.1194
v 2.4856 		-0.0363 		1.1433
v 2.4774 		-0.0331 		1.1665
v 2.4672 		-0.0299 		1.1891
v 2.4548 		-0.0268 		1.211
v 2.4403 		-0.0238 		1.2322
v 2.4236 		-0.0209 		1.2526
v 2.4045 		-0.0182 		1.2722
v 2.3829 		-0.0155 		1.2909
v 2.3589 		-0.013 		1.3087
v 2.3323 		-0.0107 		1.3255
v 2.303 		-0.0084 		1.3414
v 2.2709 		-0.0063 		1.3562
v 2.236 		-0.0044 		1.3699
v 2.1982 		-0.0026 		1.3824
v 2.1573 		-0.001 		1.3937
v 2.1549 		-0.001 		1.3944
v 2.1524 		-0.0009 		1.395
v 2.1499 		-0.0008 		1.3956
v 2.1473 		-0.0007 		1.3962
v 2.1448 		-0.0006 		1.3969
v 2.1422 		-0.0005 		1.3975
v 2.1396 		-0.0004 		1.3981
v 2.137 		-0.0003 		1.3987
v 2.1344 		-0.0003 		1.3993
v 2.1318 		-0.0002 		1.3999
v -2.1146 		-0.0002 		1.3999
v -2.117 		-0.0003 		1.3993
v -2.1193 		-0.0003 		1.3987
v -2.1215 		-0.0004 		1.3981
v -2.1238 		-0.0005 		1.3975
v -2.1261 		-0.0006 		1.3969
v -2.1283 		-0.0007 		1.3962
v -2.1306 		-0.0008 		1.3956
v -2.1328 		-0.0009 		1.395
v -2.135 		-0.001 		1.3944
v -2.1372 		0 		1.3937
v -2.1815 		0 		1.3797
v -2.2225 		0 		1.3643
v -2.2602 		0 		1.3475
v -2.2947 		0 		1.3294
v -2.3262 		0 		1.3101
v -2.3547 		0 		1.2896
v -2.3803 		0 		1.2679
v -2.4032 		0 		1.2452
v -2.4233 		0 		1.2215
v -2.4409 		0 		1.1968
v -2.456 		0 		1.1712
v -2.4687 		0 		1.1449
v -2.4791 		0 		1.1177
v -2.4873 		0 		1.0898
v -2.4934 		0 		1.0613
v -2.4975 		0 		1.0323
v -2.4997 		0 		1.0027
v -2.5 		0 		0.9726
v -2.4986 		0 		0.9421
v -2.4956 		0 		0.9113
v -2.4911 		0 		0.8803
v -2.4851 		0 		0.849
v -2.4777 		0 		0.8175
v -2.4691 		0 		0.786
v -2.4594 		0 		0.7544
v -2.4486 		0 		0.7229
v -2.4369 		0 		0.6914
v -2.4243 		0 		0.6601
v -2.4109 		0 		0.629
v -2.3968 		0 		0.5981
v -2.3822 		0 		0.5676
v -2.367 		0 		0.5375
v -2.3515 		0 		0.5078
v -2.3357 		0 		0.4787
v -2.3197 		0 		0.4501
v -2.3036 		0 		0.4222
v -2.2875 		0 		0.3949
v -2.2715 		0 		0.3684
v -2.2556 		0 		0.3428
v -2.2401 		0 		0.318
v -2.2249 		0 		0.2941
v -2.2102 		0 		0.2712
v -2.1961 		0 		0.2494
v -2.1826 		0 		0.2288
v -2.1699 		0 		0.2093
v -2.158 		0 		0.191
v -2.1471 		0 		0.1741
v -2.1372 		0 		0.1585
v -2.1278 		0 		0.144
v -2.1182 		0 		0.1304
v -2.1083 		0 		0.1177
v -2.0982 		0 		0.1057
v -2.0878 		0 		0.0946
v -2.0772 		0 		0.0842
v -2.0663 		0 		0.0746
v -2.0551 		0 		0.0656
v -2.0437 		0 		0.0574
v -2.0319 		0 		0.0498
v -2.0199 		0 		0.0429
v -2.0075 		0 		0.0366
v -1.9948 		0 		0.0308
v -1.9818 		0 		0.0257
v -1.9685 		0 		0.0211
v -1.9548 		0 		0.0171
v -1.9407 		0 		0.0135
v -1.9263 		0 		0.0104
v -1.9115 		0 		0.0078
v -1.8963 		0 		0.0056
v -1.8807 		0 		0.0038
v -1.8647 		0 		0.0023
v -1.8484 		0 		0.0013
v -1.8315 		0 		0.0005
v -1.8143 		0 		0.0001
v -1.7966 		0 		0
v -1.7785 		0 		0.0001
v -1.7599 		0 		0.0005
v -1.7408 		0 		0.0011
v -1.7213 		0 		0.0019
v -1.7013 		0 		0.0028
v -1.6808 		0 		0.0039
v -1.6598 		0 		0.0051
v -1.6383 		0 		0.0064
v -1.6162 		0 		0.0078
v -1.5937 		0 		0.0092
v -1.5706 		0 		0.0106
v -1.5469 		0 		0.0121
v -1.5227 		0 		0.0135
v -1.4979 		0 		0.0149
v -1.4726 		0 		0.0162
v -1.4467 		0 		0.0174
v -1.4201 		0 		0.0184
v -1.393 		0 		0.0194
v -1.3653 		0 		0.0202
v -1.3369 		0 		0.0207
v -1.3079 		0 		0.0211
v -1.2783 		0 		0.0212
v -1.249 		0 		0.0212
v -1.2208 		0 		0.0213
v -1.1937 		0 		0.0213
v -1.1676 		0 		0.0214
v -1.1425 		0 		0.0215
v -1.1183 		0 		0.0216
v -1.0949 		0 		0.0217
v -1.0724 		0 		0.0218
v -1.0505 		0 		0.0219
v -1.0293 		0 		0.0221
v -1.0086 		0 		0.0222
v -0.9885 		0 		0.0224
v -0.9688 		0 		0.0226
v -0.9496 		0 		0.0228
v -0.9306 		0 		0.023
v -0.912 		0 		0.0232
v -0.8935 		0 		0.0234
v -0.8752 		0 		0.0236
v -0.857 		0 		0.0238
v -0.8387 		0 		0.024
v -0.8204 		0 		0.0243
v -0.8021 		0 		0.0245
v -0.7835 		0 		0.0247
v -0.7647 		0 		0.025
v -0.7456 		0 		0.0252
v -0.7261 		0 		0.0254
v -0.7062 		0 		0.0257
v -0.6858 		0 		0.0259
v -0.6649 		0 		0.0261
v -0.6433 		0 		0.0263
v -0.621 		0 		0.0266
v -0.598 		0 		0.0268
v -0.5742 		0 		0.027
v -0.5495 		0 		0.0272
v -0.5239 		0 		0.0274
v -0.4973 		0 		0.0275
v -0.4696 		0 		0.0277
v -0.4408 		0 		0.0279
v -0.4108 		0 		0.028
v -0.3795 		0 		0.0282
v -0.347 		0 		0.0283
v -0.313 		0 		0.0284
v -0.2776 		0 		0.0285
v -0.2407 		0 		0.0286
v -0.2022 		0 		0.0286
v -0.1621 		0 		0.0287
v -0.1203 		0 		0.0287
v -0.0767 		0 		0.0287
v -0.033 		0 		0.0287
v 0.0094 		0 		0.0285
v 0.0504 		0 		0.0283
v 0.0902 		0 		0.0279
v 0.1287 		0 		0.0275
v 0.166 		0 		0.0271
v 0.2022 		0 		0.0265
v 0.2373 		0 		0.0259
v 0.2713 		0 		0.0253
v 0.3044 		0 		0.0246
v 0.3365 		0 		0.0238
v 0.3677 		0 		0.023
v 0.398 		0 		0.0222
v 0.4275 		0 		0.0214
v 0.4563 		0 		0.0205
v 0.4844 		0 		0.0196
v 0.5118 		0 		0.0188
v 0.5386 		0 		0.0179
v 0.5648 		0 		0.017
v 0.5905 		0 		0.0161
v 0.6158 		0 		0.0153
v 0.6406 		0 		0.0145
v 0.6651 		0 		0.0137
v 0.6892 		0 		0.0129
v 0.7131 		0 		0.0122
v 0.7368 		0 		0.0115
v 0.7603 		0 		0.0109
v 0.7836 		0 		0.0104
v 0.8069 		0 		0.0099
v 0.8301 		0 		0.0095
v 0.8534 		0 		0.0091
v 0.8767 		0 		0.0089
v 0.9001 		0 		0.0087
v 0.9237 		0 		0.0087
v 0.9476 		0 		0.0087
v 0.9716 		0 		0.0088
v 0.996 		0 		0.0091
v 1.0208 		0 		0.0095
v 1.0459 		0 		0.01
v 1.0715 		0 		0.0106
v 1.0976 		0 		0.0114
v 1.1243 		0 		0.0123
v 1.1515 		0 		0.0134
v 1.1794 		0 		0.0146
v 1.208 		0 		0.016
v 1.2373 		0 		0.0176
v 1.2675 		0 		0.0193
v 1.2984 		0 		0.0212
v 1.3294 		0 		0.0232
v 1.3596 		0 		0.025
v 1.389 		0 		0.0266
v 1.4176 		0 		0.0282
v 1.4455 		0 		0.0297
v 1.4726 		0 		0.0311
v 1.499 		0 		0.0325
v 1.5247 		0 		0.0338
v 1.5497 		0 		0.0352
v 1.574 		0 		0.0366
v 1.5977 		0 		0.038
v 1.6207 		0 		0.0394
v 1.6431 		0 		0.041
v 1.6649 		0 		0.0426
v 1.686 		0 		0.0444
v 1.7066 		0 		0.0463
v 1.7267 		0 		0.0483
v 1.7462 		0 		0.0505
v 1.7651 		0 		0.0529
v 1.7836 		0 		0.0556
v 1.8015 		0 		0.0584
v 1.819 		0 		0.0615
v 1.836 		0 		0.0649
v 1.8525 		0 		0.0686
v 1.8687 		0 		0.0726
v 1.8844 		0 		0.0769
v 1.8997 		0 		0.0816
v 1.9146 		0 		0.0866
v 1.9291 		0 		0.0921
v 1.9433 		0 		0.0979
v 1.9572 		0 		0.1042
v 1.9707 		0 		0.1109
v 1.984 		0 		0.1181
v 1.9969 		0 		0.1258
v 2.0096 		0 		0.134
v 2.022 		0 		0.1427
v 2.0342 		0 		0.152
v 2.0462 		0 		0.1618
v 2.058 		0 		0.1722
v 2.0696 		0 		0.1832
v 2.081 		0 		0.1949
v 2.0922 		0 		0.2072
v 2.1033 		0 		0.2202
v 2.1143 		0 		0.2338
v 2.1252 		0 		0.2482
v 2.136 		0 		0.2633
v 2.1467 		0 		0.2791
v 2.1573 		0 		0.2957
v 2.1684 		0 		0.3132
v 2.1803 		0 		0.3316
v 2.1928 		0 		0.3509
v 2.206 		0 		0.3711
v 2.2198 		0 		0.3921
v 2.234 		0 		0.4138
v 2.2486 		0 		0.4363
v 2.2635 		0 		0.4594
v 2.2786 		0 		0.4831
v 2.2938 		0 		0.5074
v 2.3091 		0 		0.5323
v 2.3244 		0 		0.5576
v 2.3396 		0 		0.5833
v 2.3545 		0 		0.6094
v 2.3692 		0 		0.6359
v 2.3835 		0 		0.6627
v 2.3974 		0 		0.6897
v 2.4108 		0 		0.7169
v 2.4235 		0 		0.7442
v 2.4356 		0 		0.7717
v 2.4469 		0 		0.7992
v 2.4573 		0 		0.8267
v 2.4668 		0 		0.8542
v 2.4753 		0 		0.8816
v 2.4826 		0 		0.9089
v 2.4888 		0 		0.936
v 2.4937 		0 		0.9629
v 2.4973 		0 		0.9896
v 2.4994 		0 		1.0159
v 2.5 		0 		1.0418
v 2.499 		0 		1.0673
v 2.4963 		0 		1.0924
v 2.4919 		0 		1.117
v 2.4856 		0 		1.141
v 2.4774 		0 		1.1645
v 2.4672 		0 		1.1873
v 2.4548 		0 		1.2094
v 2.4403 		0 		1.2307
v 2.4236 		0 		1.2513
v 2.4045 		0 		1.2711
v 2.3829 		0 		1.2899
v 2.3589 		0 		1.3079
v 2.3323 		0 		1.3249
v 2.303 		0 		1.3409
v 2.2709 		0 		1.3558
v 2.236 		0 		1.3696
v 2.1982 		0 		1.3822
v 2.1573 		0 		1.3937
v 2.1549 		0 		1.3943
v 2.1524 		0 		1.3949
v 2.1499 		0 		1.3956
v 2.1473 		0 		1.3962
v 2.1448 		0 		1.3968
v 2.1422 		0 		1.3974
v 2.1396 		0 		1.3981
v 2.137 		0 		1.3987
v 2.1344 		0 		1.3993
v 2.1318 		0 		1.3999
v 2.1291 		0 		1.4005
v -2.1123 		0 		1.4005
v -2.1146 		0 		1.3999
v -2.117 		0 		1.3993
v -2.1193 		0 		1.3987
v -2.1215 		0 		1.3981
v -2.1238 		0 		1.3974
v -2.1261 		0 		1.3968
v -2.1283 		0 		1.3962
v -2.1306 		0 		1.3956
v -2.1328 		0 		1.3949
v -2.135 		0 		1.3943
v -2.1372 		0.001 		1.3937
v -2.1815 		0.003 		1.3799
v -2.2225 		0.0051 		1.3646
v -2.2602 		0.0075 		1.348
v -2.2947 		0.01 		1.3301
v -2.3262 		0.0127 		1.3109
v -2.3547 		0.0156 		1.2905
v -2.3803 		0.0186 		1.2691
v -2.4032 		0.0218 		1.2465
v -2.4233 		0.0251 		1.223
v -2.4409 		0.0286 		1.1986
v -2.456 		0.0321 		1.1732
v -2.4687 		0.0358 		1.147
v -2.4791 		0.0396 		1.1201
v -2.4873 		0.0435 		1.0925
v -2.4934 		0.0475 		1.0643
v -2.4975 		0.0515 		1.0354
v -2.4997 		0.0557 		1.0061
v -2.5 		0.0599 		0.9763
v -2.4986 		0.0641 		0.9461
v -2.4956 		0.0684 		0.9155
v -2.4911 		0.0728 		0.8847
v -2.4851 		0.0772 		0.8537
v -2.4777 		0.0816 		0.8225
v -2.4691 		0.086 		0.7913
v -2.4594 		0.0904 		0.7599
v -2.4486 		0.0948 		0.7287
v -2.4369 		0.0992 		0.6975
v -2.4243 		0.1036 		0.6664
v -2.4109 		0.1079 		0.6356
v -2.3968 		0.1122 		0.605
v -2.3822 		0.1165 		0.5748
v -2.367 		0.1207 		0.5449
v -2.3515 		0.1248 		0.5155
v -2.3357 		0.1289 		0.4866
v -2.3197 		0.1329 		0.4583
v -2.3036 		0.1368 		0.4305
v -2.2875 		0.1406 		0.4035
v -2.2715 		0.1443 		0.3773
v -2.2556 		0.1479 		0.3518
v -2.2401 		0.1514 		0.3272
v -2.2249 		0.1547 		0.3036
v -2.2102 		0.1579 		0.2809
v -2.1961 		0.1609 		0.2593
v -2.1826 		0.1638 		0.2388
v -2.1699 		0.1665 		0.2195
v -2.158 		0.1691 		0.2014
v -2.1471 		0.1715 		0.1846
v -2.1372 		0.1736 		0.1691
v -2.1278 		0.1757 		0.1548
v -2.1182 		0.1776 		0.1413
v -2.1083 		0.1793 		0.1287
v -2.0982 		0.181 		0.1168
v -2.0878 		0.1826 		0.1058
v -2.0772 		0.184 		0.0955
v -2.0663 		0.1854 		0.0859
v -2.0551 		0.1866 		0.077
v -2.0437 		0.1878 		0.0689
v -2.0319 		0.1888 		0.0614
v -2.0199 		0.1898 		0.0545
v -2.0075 		0.1907 		0.0482
v -1.9948 		0.1915 		0.0426
v -1.9818 		0.1922 		0.0375
v -1.9685 		0.1928 		0.0329
v -1.9548 		0.1934 		0.0289
v -1.9407 		0.1939 		0.0254
v -1.9263 		0.1943 		0.0223
v -1.9115 		0.1947 		0.0197
v -1.8963 		0.195 		0.0175
v -1.8807 		0.1953 		0.0157
v -1.8647 		0.1955 		0.0143
v -1.8484 		0.1956 		0.0133
v -1.8315 		0.1957 		0.0125
v -1.8143 		0.1958 		0.0121
v -1.7966 		0.1958 		0.012
v -1.7785 		0.1958 		0.0121
v -1.7599 		0.1957 		0.0125
v -1.7408 		0.1956 		0.0131
v -1.7213 		0.1955 		0.0138
v -1.7013 		0.1954 		0.0148
v -1.6808 		0.1952 		0.0158
v -1.6598 		0.1951 		0.017
v -1.6383 		0.1949 		0.0183
v -1.6162 		0.1947 		0.0197
v -1.5937 		0.1945 		0.0211
v -1.5706 		0.1943 		0.0225
v -1.5469 		0.1941 		0.024
v -1.5227 		0.1939 		0.0254
v -1.4979 		0.1937 		0.0267
v -1.4726 		0.1935 		0.028
v -1.4467 		0.1934 		0.0292
v -1.4201 		0.1932 		0.0303
v -1.393 		0.1931 		0.0312
v -1.3653 		0.193 		0.032
v -1.3369 		0.1929 		0.0325
v -1.3079 		0.1928 		0.0329
v -1.2783 		0.1928 		0.033
v -1.249 		0.1928 		0.033
v -1.2208 		0.1928 		0.0331
v -1.1937 		0.1928 		0.0331
v -1.1676 		0.1928 		0.0332
v -1.1425 		0.1928 		0.0333
v -1.1183 		0.1928 		0.0334
v -1.0949 		0.1928 		0.0335
v -1.0724 		0.1927 		0.0336
v -1.0505 		0.1927 		0.0337
v -1.0293 		0.1927 		0.0339
v -1.0086 		0.1927 		0.034
v -0.9885 		0.1927 		0.0342
v -0.9688 		0.1926 		0.0344
v -0.9496 		0.1926 		0.0346
v -0.9306 		0.1926 		0.0348
v -0.912 		0.1926 		0.035
v -0.8935 		0.1925 		0.0352
v -0.8752 		0.1925 		0.0354
v -0.857 		0.1925 		0.0356
v -0.8387 		0.1924 		0.0358
v -0.8204 		0.1924 		0.036
v -0.8021 		0.1924 		0.0363
v -0.7835 		0.1923 		0.0365
v -0.7647 		0.1923 		0.0367
v -0.7456 		0.1923 		0.037
v -0.7261 		0.1922 		0.0372
v -0.7062 		0.1922 		0.0374
v -0.6858 		0.1922 		0.0377
v -0.6649 		0.1921 		0.0379
v -0.6433 		0.1921 		0.0381
v -0.621 		0.1921 		0.0383
v -0.598 		0.192 		0.0385
v -0.5742 		0.192 		0.0387
v -0.5495 		0.192 		0.0389
v -0.5239 		0.192 		0.0391
v -0.4973 		0.1919 		0.0393
v -0.4696 		0.1919 		0.0395
v -0.4408 		0.1919 		0.0396
v -0.4108 		0.1919 		0.0398
v -0.3795 		0.1919 		0.0399
v -0.347 		0.1918 		0.04
v -0.313 		0.1918 		0.0401
v -0.2776 		0.1918 		0.0402
v -0.2407 		0.1918 		0.0403
v -0.2022 		0.1918 		0.0404
v -0.1621 		0.1918 		0.0404
v -0.1203 		0.1918 		0.0404
v -0.0767 		0.1918 		0.0404
v -0.033 		0.1918 		0.0404
v 0.0094 		0.1918 		0.0403
v 0.0504 		0.1918 		0.04
v 0.0902 		0.1919 		0.0397
v 0.1287 		0.1919 		0.0393
v 0.166 		0.192 		0.0388
v 0.2022 		0.1921 		0.0383
v 0.2373 		0.1922 		0.0377
v 0.2713 		0.1923 		0.037
v 0.3044 		0.1924 		0.0363
v 0.3365 		0.1925 		0.0356
v 0.3677 		0.1926 		0.0348
v 0.398 		0.1927 		0.034
v 0.4275 		0.1928 		0.0332
v 0.4563 		0.1929 		0.0323
v 0.4844 		0.193 		0.0314
v 0.5118 		0.1932 		0.0306
v 0.5386 		0.1933 		0.0297
v 0.5648 		0.1934 		0.0288
v 0.5905 		0.1935 		0.028
v 0.6158 		0.1937 		0.0271
v 0.6406 		0.1938 		0.0263
v 0.6651 		0.1939 		0.0255
v 0.6892 		0.194 		0.0248
v 0.7131 		0.1941 		0.0241
v 0.7368 		0.1942 		0.0234
v 0.7603 		0.1943 		0.0228
v 0.7836 		0.1943 		0.0223
v 0.8069 		0.1944 		0.0218
v 0.8301 		0.1945 		0.0214
v 0.8534 		0.1945 		0.0211
v 0.8767 		0.1945 		0.0208
v 0.9001 		0.1946 		0.0206
v 0.9237 		0.1946 		0.0206
v 0.9476 		0.1946 		0.0206
v 0.9716 		0.1946 		0.0208
v 0.996 		0.1945 		0.021
v 1.0208 		0.1945 		0.0214
v 1.0459 		0.1944 		0.0219
v 1.0715 		0.1943 		0.0225
v 1.0976 		0.1942 		0.0233
v 1.1243 		0.1941 		0.0242
v 1.1515 		0.1939 		0.0253
v 1.1794 		0.1937 		0.0265
v 1.208 		0.1936 		0.0279
v 1.2373 		0.1933 		0.0294
v 1.2675 		0.1931 		0.0311
v 1.2984 		0.1928 		0.033
v 1.3294 		0.1926 		0.0349
v 1.3596 		0.1923 		0.0367
v 1.389 		0.1921 		0.0384
v 1.4176 		0.1919 		0.0399
v 1.4455 		0.1916 		0.0414
v 1.4726 		0.1914 		0.0428
v 1.499 		0.1913 		0.0442
v 1.5247 		0.1911 		0.0455
v 1.5497 		0.1909 		0.0469
v 1.574 		0.1907 		0.0482
v 1.5977 		0.1905 		0.0496
v 1.6207 		0.1903 		0.0511
v 1.6431 		0.1901 		0.0526
v 1.6649 		0.1898 		0.0543
v 1.686 		0.1896 		0.056
v 1.7066 		0.1893 		0.0579
v 1.7267 		0.189 		0.0599
v 1.7462 		0.1887 		0.0621
v 1.7651 		0.1884 		0.0645
v 1.7836 		0.188 		0.0671
v 1.8015 		0.1876 		0.0699
v 1.819 		0.1872 		0.073
v 1.836 		0.1867 		0.0764
v 1.8525 		0.1862 		0.08
v 1.8687 		0.1856 		0.084
v 1.8844 		0.185 		0.0882
v 1.8997 		0.1844 		0.0929
v 1.9146 		0.1837 		0.0979
v 1.9291 		0.1829 		0.1033
v 1.9433 		0.1821 		0.109
v 1.9572 		0.1812 		0.1153
v 1.9707 		0.1803 		0.1219
v 1.984 		0.1793 		0.1291
v 1.9969 		0.1782 		0.1367
v 2.0096 		0.1771 		0.1448
v 2.022 		0.1759 		0.1535
v 2.0342 		0.1746 		0.1626
v 2.0462 		0.1732 		0.1724
v 2.058 		0.1717 		0.1827
v 2.0696 		0.1702 		0.1937
v 2.081 		0.1686 		0.2052
v 2.0922 		0.1668 		0.2174
v 2.1033 		0.165 		0.2303
v 2.1143 		0.1631 		0.2438
v 2.1252 		0.1611 		0.2581
v 2.136 		0.159 		0.273
v 2.1467 		0.1568 		0.2887
v 2.1573 		0.1545 		0.3052
v 2.1684 		0.152 		0.3225
v 2.1803 		0.1495 		0.3408
v 2.1928 		0.1468 		0.3599
v 2.206 		0.1439 		0.3799
v 2.2198 		0.141 		0.4007
v 2.234 		0.138 		0.4223
v 2.2486 		0.1348 		0.4445
v 2.2635 		0.1316 		0.4674
v 2.2786 		0.1283 		0.491
v 2.2938 		0.1249 		0.5151
v 2.3091 		0.1214 		0.5397
v 2.3244 		0.1179 		0.5648
v 2.3396 		0.1143 		0.5903
v 2.3545 		0.1106 		0.6162
v 2.3692 		0.1069 		0.6425
v 2.3835 		0.1032 		0.669
v 2.3974 		0.0994 		0.6958
v 2.4108 		0.0956 		0.7227
v 2.4235 		0.0918 		0.7499
v 2.4356 		0.088 		0.7771
v 2.4469 		0.0841 		0.8044
v 2.4573 		0.0803 		0.8317
v 2.4668 		0.0764 		0.8589
v 2.4753 		0.0726 		0.8861
v 2.4826 		0.0688 		0.9131
v 2.4888 		0.065 		0.94
v 2.4937 		0.0612 		0.9667
v 2.4973 		0.0575 		0.9931
v 2.4994 		0.0538 		1.0192
v 2.5 		0.0502 		1.0449
v 2.499 		0.0466 		1.0702
v 2.4963 		0.0431 		1.0951
v 2.4919 		0.0397 		1.1194
v 2.4856 		0.0363 		1.1433
v 2.4774 		0.0331 		1.1665
v 2.4672 		0.0299 		1.1891
v 2.4548 		0.0268 		1.211
v 2.4403 		0.0238 		1.2322
v 2.4236 		0.0209 		1.2526
v 2.4045 		0.0182 		1.2722
v 2.3829 		0.0155 		1.2909
v 2.3589 		0.013 		1.3087
v 2.3323 		0.0107 		1.3255
v 2.303 		0.0084 		1.3414
v 2.2709 		0.0063 		1.3562
v 2.236 		0.0044 		1.3699
v 2.1982 		0.0026 		1.3824
v 2.1573 		0.001 		1.3937
v 2.1549 		0.001 		1.3944
v 2.1524 		0.0009 		1.395
v 2.1499 		0.0008 		1.3956
v 2.1473 		0.0007 		1.3962
v 2.1448 		0.0006 		1.3969
v 2.1422 		0.0005 		1.3975
v 2.1396 		0.0004 		1.3981
v 2.137 		0.0003 		1.3987
v 2.1344 		0.0003 		1.3993
v 2.1318 		0.0002 		1.3999
v 2.1291 		0.0001 		1.4005
v -2.1123 		0.0001 		1.4005
v -2.1146 		0.0002 		1.3999
v -2.117 		0.0003 		1.3993
v -2.1193 		0.0003 		1.3987
v -2.1215 		0.0004 		1.3981
v -2.1238 		0.0005 		1.3975
v -2.1261 		0.0006 		1.3969
v -2.1283 		0.0007 		1.3962
v -2.1306 		0.0008 		1.3956
v -2.1328 		0.0009 		1.395
v -2.135 		0.001 		1.3944
v -2.1372 		0.0021 		1.3939
v -2.1815 		0.0059 		1.3804
v -2.2225 		0.0102 		1.3656
v -2.2602 		0.0149 		1.3494
v -2.2947 		0.0199 		1.3319
v -2.3262 		0.0252 		1.3132
v -2.3547 		0.0309 		1.2934
v -2.3803 		0.0369 		1.2725
v -2.4032 		0.0432 		1.2505
v -2.4233 		0.0498 		1.2276
v -2.4409 		0.0566 		1.2038
v -2.456 		0.0637 		1.1791
v -2.4687 		0.071 		1.1536
v -2.4791 		0.0785 		1.1274
v -2.4873 		0.0863 		1.1005
v -2.4934 		0.0942 		1.0729
v -2.4975 		0.1022 		1.0448
v -2.4997 		0.1104 		1.0162
v -2.5 		0.1187 		0.9872
v -2.4986 		0.1272 		0.9578
v -2.4956 		0.1357 		0.928
v -2.4911 		0.1443 		0.898
v -2.4851 		0.153 		0.8678
v -2.4777 		0.1617 		0.8374
v -2.4691 		0.1704 		0.8069
v -2.4594 		0.1792 		0.7764
v -2.4486 		0.1879 		0.746
v -2.4369 		0.1967 		0.7156
v -2.4243 		0.2053 		0.6853
v -2.4109 		0.214 		0.6553
v -2.3968 		0.2225 		0.6255
v -2.3822 		0.231 		0.596
v -2.367 		0.2393 		0.5669
v -2.3515 		0.2475 		0.5383
v -2.3357 		0.2556 		0.5101
v -2.3197 		0.2635 		0.4825
v -2.3036 		0.2713 		0.4555
v -2.2875 		0.2788 		0.4292
v -2.2715 		0.2861 		0.4036
v -2.2556 		0.2933 		0.3788
v -2.2401 		0.3001 		0.3549
v -2.2249 		0.3067 		0.3318
v -2.2102 		0.3131 		0.3097
v -2.1961 		0.3191 		0.2887
v -2.1826 		0.3248 		0.2687
v -2.1699 		0.3302 		0.2499
v -2.158 		0.3353 		0.2322
v -2.1471 		0.34 		0.2159
v -2.1372 		0.3443 		0.2008
v -2.1278 		0.3483 		0.1869
v -2.1182 		0.3521 		0.1737
v -2.1083 		0.3556 		0.1614
v -2.0982 		0.3589 		0.1499
v -2.0878 		0.362 		0.1391
v -2.0772 		0.3649 		0.1291
v -2.0663 		0.3676 		0.1198
v -2.0551 		0.37 		0.1111
v -2.0437 		0.3723 		0.1032
v -2.0319 		0.3744 		0.0958
v -2.0199 		0.3763 		0.0892
v -2.0075 		0.3781 		0.0831
v -1.9948 		0.3797 		0.0775
v -1.9818 		0.3811 		0.0726
v -1.9685 		0.3824 		0.0681
v -1.9548 		0.3835 		0.0642
v -1.9407 		0.3845 		0.0608
v -1.9263 		0.3853 		0.0578
v -1.9115 		0.3861 		0.0552
v -1.8963 		0.3867 		0.0531
v -1.8807 		0.3872 		0.0514
v -1.8647 		0.3876 		0.05
v -1.8484 		0.3879 		0.049
v -1.8315 		0.3881 		0.0483
v -1.8143 		0.3882 		0.0479
v -1.7966 		0.3882 		0.0477
v -1.7785 		0.3882 		0.0479
v -1.7599 		0.3881 		0.0482
v -1.7408 		0.3879 		0.0488
v -1.7213 		0.3877 		0.0495
v -1.7013 		0.3875 		0.0505
v -1.6808 		0.3872 		0.0515
v -1.6598 		0.3868 		0.0527
v -1.6383 		0.3865 		0.0539
v -1.6162 		0.3861 		0.0552
v -1.5937 		0.3857 		0.0566
v -1.5706 		0.3853 		0.058
v -1.5469 		0.3849 		0.0594
v -1.5227 		0.3845 		0.0608
v -1.4979 		0.3841 		0.0621
v -1.4726 		0.3838 		0.0633
v -1.4467 		0.3834 		0.0645
v -1.4201 		0.3831 		0.0656
v -1.393 		0.3829 		0.0665
v -1.3653 		0.3826 		0.0672
v -1.3369 		0.3825 		0.0678
v -1.3079 		0.3824 		0.0681
v -1.2783 		0.3823 		0.0682
v -1.249 		0.3823 		0.0683
v -1.2208 		0.3823 		0.0683
v -1.1937 		0.3823 		0.0683
v -1.1676 		0.3823 		0.0684
v -1.1425 		0.3823 		0.0685
v -1.1183 		0.3823 		0.0686
v -1.0949 		0.3822 		0.0687
v -1.0724 		0.3822 		0.0688
v -1.0505 		0.3822 		0.0689
v -1.0293 		0.3821 		0.0691
v -1.0086 		0.3821 		0.0692
v -0.9885 		0.382 		0.0694
v -0.9688 		0.382 		0.0696
v -0.9496 		0.3819 		0.0697
v -0.9306 		0.3819 		0.0699
v -0.912 		0.3818 		0.0701
v -0.8935 		0.3818 		0.0703
v -0.8752 		0.3817 		0.0705
v -0.857 		0.3816 		0.0707
v -0.8387 		0.3816 		0.071
v -0.8204 		0.3815 		0.0712
v -0.8021 		0.3814 		0.0714
v -0.7835 		0.3814 		0.0716
v -0.7647 		0.3813 		0.0719
v -0.7456 		0.3812 		0.0721
v -0.7261 		0.3812 		0.0723
v -0.7062 		0.3811 		0.0725
v -0.6858 		0.3811 		0.0728
v -0.6649 		0.381 		0.073
v -0.6433 		0.3809 		0.0732
v -0.621 		0.3809 		0.0734
v -0.598 		0.3808 		0.0736
v -0.5742 		0.3808 		0.0738
v -0.5495 		0.3807 		0.074
v -0.5239 		0.3806 		0.0742
v -0.4973 		0.3806 		0.0743
v -0.4696 		0.3806 		0.0745
v -0.4408 		0.3805 		0.0747
v -0.4108 		0.3805 		0.0748
v -0.3795 		0.3804 		0.0749
v -0.347 		0.3804 		0.0751
v -0.313 		0.3804 		0.0752
v -0.2776 		0.3803 		0.0753
v -0.2407 		0.3803 		0.0753
v -0.2022 		0.3803 		0.0754
v -0.1621 		0.3803 		0.0754
v -0.1203 		0.3803 		0.0755
v -0.0767 		0.3803 		0.0755
v -0.033 		0.3803 		0.0754
v 0.0094 		0.3803 		0.0753
v 0.0504 		0.3804 		0.075
v 0.0902 		0.3805 		0.0747
v 0.1287 		0.3806 		0.0743
v 0.166 		0.3807 		0.0739
v 0.2022 		0.3809 		0.0734
v 0.2373 		0.381 		0.0728
v 0.2713 		0.3812 		0.0721
v 0.3044 		0.3814 		0.0715
v 0.3365 		0.3816 		0.0707
v 0.3677 		0.3818 		0.07
v 0.398 		0.3821 		0.0692
v 0.4275 		0.3823 		0.0684
v 0.4563 		0.3825 		0.0675
v 0.4844 		0.3828 		0.0667
v 0.5118 		0.383 		0.0659
v 0.5386 		0.3833 		0.065
v 0.5648 		0.3835 		0.0642
v 0.5905 		0.3838 		0.0633
v 0.6158 		0.384 		0.0625
v 0.6406 		0.3842 		0.0617
v 0.6651 		0.3844 		0.061
v 0.6892 		0.3846 		0.0602
v 0.7131 		0.3848 		0.0595
v 0.7368 		0.385 		0.0589
v 0.7603 		0.3852 		0.0583
v 0.7836 		0.3854 		0.0578
v 0.8069 		0.3855 		0.0573
v 0.8301 		0.3856 		0.0569
v 0.8534 		0.3857 		0.0566
v 0.8767 		0.3858 		0.0563
v 0.9001 		0.3858 		0.0562
v 0.9237 		0.3858 		0.0561
v 0.9476 		0.3858 		0.0562
v 0.9716 		0.3858 		0.0563
v 0.996 		0.3857 		0.0565
v 1.0208 		0.3856 		0.0569
v 1.0459 		0.3855 		0.0574
v 1.0715 		0.3853 		0.058
v 1.0976 		0.3851 		0.0588
v 1.1243 		0.3848 		0.0597
v 1.1515 		0.3845 		0.0607
v 1.1794 		0.3842 		0.0619
v 1.208 		0.3838 		0.0632
v 1.2373 		0.3834 		0.0647
v 1.2675 		0.3829 		0.0664
v 1.2984 		0.3823 		0.0682
v 1.3294 		0.3818 		0.0701
v 1.3596 		0.3813 		0.0718
v 1.389 		0.3809 		0.0735
v 1.4176 		0.3804 		0.075
v 1.4455 		0.38 		0.0764
v 1.4726 		0.3796 		0.0778
v 1.499 		0.3792 		0.0791
v 1.5247 		0.3789 		0.0804
v 1.5497 		0.3785 		0.0817
v 1.574 		0.3781 		0.0831
v 1.5977 		0.3777 		0.0844
v 1.6207 		0.3773 		0.0858
v 1.6431 		0.3769 		0.0873
v 1.6649 		0.3764 		0.0889
v 1.686 		0.3759 		0.0906
v 1.7066 		0.3754 		0.0924
v 1.7267 		0.3748 		0.0944
v 1.7462 		0.3742 		0.0966
v 1.7651 		0.3736 		0.0989
v 1.7836 		0.3728 		0.1014
v 1.8015 		0.372 		0.1042
v 1.819 		0.3712 		0.1072
v 1.836 		0.3702 		0.1105
v 1.8525 		0.3692 		0.114
v 1.8687 		0.3681 		0.1179
v 1.8844 		0.3669 		0.122
v 1.8997 		0.3656 		0.1265
v 1.9146 		0.3642 		0.1314
v 1.9291 		0.3627 		0.1367
v 1.9433 		0.3611 		0.1423
v 1.9572 		0.3594 		0.1484
v 1.9707 		0.3575 		0.1549
v 1.984 		0.3555 		0.1618
v 1.9969 		0.3534 		0.1692
v 2.0096 		0.3511 		0.1771
v 2.022 		0.3487 		0.1856
v 2.0342 		0.3461 		0.1945
v 2.0462 		0.3434 		0.204
v 2.058 		0.3405 		0.2141
v 2.0696 		0.3375 		0.2247
v 2.081 		0.3342 		0.236
v 2.0922 		0.3308 		0.2479
v 2.1033 		0.3272 		0.2604
v 2.1143 		0.3234 		0.2736
v 2.1252 		0.3195 		0.2875
v 2.136 		0.3153 		0.3021
v 2.1467 		0.3109 		0.3174
v 2.1573 		0.3063 		0.3334
v 2.1684 		0.3014 		0.3503
v 2.1803 		0.2963 		0.3681
v 2.1928 		0.291 		0.3867
v 2.206 		0.2854 		0.4062
v 2.2198 		0.2796 		0.4265
v 2.234 		0.2736 		0.4475
v 2.2486 		0.2673 		0.4692
v 2.2635 		0.2609 		0.4915
v 2.2786 		0.2544 		0.5144
v 2.2938 		0.2476 		0.5379
v 2.3091 		0.2407 		0.5619
v 2.3244 		0.2337 		0.5863
v 2.3396 		0.2266 		0.6112
v 2.3545 		0.2194 		0.6364
v 2.3692 		0.212 		0.662
v 2.3835 		0.2046 		0.6878
v 2.3974 		0.1971 		0.7139
v 2.4108 		0.1896 		0.7402
v 2.4235 		0.182 		0.7666
v 2.4356 		0.1744 		0.7931
v 2.4469 		0.1668 		0.8197
v 2.4573 		0.1592 		0.8463
v 2.4668 		0.1515 		0.8729
v 2.4753 		0.1439 		0.8994
v 2.4826 		0.1364 		0.9257
v 2.4888 		0.1289 		0.9519
v 2.4937 		0.1214 		0.9779
v 2.4973 		0.114 		1.0036
v 2.4994 		0.1068 		1.029
v 2.5 		0.0996 		1.054
v 2.499 		0.0925 		1.0787
v 2.4963 		0.0855 		1.1029
v 2.4919 		0.0787 		1.1267
v 2.4856 		0.0721 		1.1499
v 2.4774 		0.0656 		1.1725
v 2.4672 		0.0593 		1.1945
v 2.4548 		0.0531 		1.2159
v 2.4403 		0.0472 		1.2365
v 2.4236 		0.0415 		1.2564
v 2.4045 		0.036 		1.2755
v 2.3829 		0.0308 		1.2937
v 2.3589 		0.0258 		1.3111
v 2.3323 		0.0211 		1.3275
v 2.303 		0.0167 		1.3429
v 2.2709 		0.0126 		1.3573
v 2.236 		0.0087 		1.3707
v 2.1982 		0.0052 		1.3829
v 2.1573 		0.0021 		1.3939
v 2.1549 		0.0019 		1.3945
v 2.1524 		0.0017 		1.3951
v 2.1499 		0.0015 		1.3958
v 2.1473 		0.0014 		1.3964
v 2.1448 		0.0012 		1.397
v 2.1422 		0.001 		1.3976
v 2.1396 		0.0009 		1.3982
v 2.137 		0.0007 		1.3988
v 2.1344 		0.0005 		1.3994
v 2.1318 		0.0003 		1.4
v -2.1146 		0.0003 		1.4
v -2.117 		0.0005 		1.3994
v -2.1193 		0.0007 		1.3988
v -2.1215 		0.0009 		1.3982
v -2.1238 		0.001 		1.3976
v -2.1261 		0.0012 		1.397
v -2.1283 		0.0014 		1.3964
v -2.1306 		0.0015 		1.3958
v -2.1328 		0.0017 		1.3952
v -2.135 		0.0019 		1.3945
v -2.1372 		0.0031 		1.3942
v -2.1815 		0.0088 		1.3813
v -2.2225 		0.0151 		1.3671
v -2.2602 		0.022 		1.3516
v -2.2947 		0.0294 		1.3349
v -2.3262 		0.0373 		1.317
v -2.3547 		0.0457 		1.2981
v -2.3803 		0.0546 		1.2781
v -2.4032 		0.0639 		1.2571
v -2.4233 		0.0736 		1.2352
v -2.4409 		0.0837 		1.2124
v -2.456 		0.0942 		1.1887
v -2.4687 		0.105 		1.1644
v -2.4791 		0.1161 		1.1393
v -2.4873 		0.1275 		1.1135
v -2.4934 		0.1392 		1.0872
v -2.4975 		0.1511 		1.0603
v -2.4997 		0.1633 		1.033
v -2.5 		0.1756 		1.0052
v -2.4986 		0.188 		0.9771
v -2.4956 		0.2007 		0.9486
v -2.4911 		0.2134 		0.9199
v -2.4851 		0.2262 		0.891
v -2.4777 		0.2391 		0.862
v -2.4691 		0.252 		0.8328
v -2.4594 		0.265 		0.8036
v -2.4486 		0.2779 		0.7745
v -2.4369 		0.2908 		0.7454
v -2.4243 		0.3036 		0.7165
v -2.4109 		0.3163 		0.6877
v -2.3968 		0.329 		0.6593
v -2.3822 		0.3415 		0.6311
v -2.367 		0.3538 		0.6032
v -2.3515 		0.366 		0.5758
v -2.3357 		0.3779 		0.5489
v -2.3197 		0.3896 		0.5225
v -2.3036 		0.4011 		0.4967
v -2.2875 		0.4122 		0.4715
v -2.2715 		0.4231 		0.447
v -2.2556 		0.4336 		0.4233
v -2.2401 		0.4438 		0.4004
v -2.2249 		0.4535 		0.3784
v -2.2102 		0.4629 		0.3573
v -2.1961 		0.4718 		0.3371
v -2.1826 		0.4803 		0.318
v -2.1699 		0.4883 		0.3
v -2.158 		0.4958 		0.2831
v -2.1471 		0.5027 		0.2675
v -2.1372 		0.5091 		0.2531
v -2.1278 		0.515 		0.2397
v -2.1182 		0.5206 		0.2272
v -2.1083 		0.5258 		0.2154
v -2.0982 		0.5307 		0.2044
v -2.0878 		0.5353 		0.1941
v -2.0772 		0.5395 		0.1845
v -2.0663 		0.5435 		0.1755
v -2.0551 		0.5471 		0.1673
v -2.0437 		0.5505 		0.1597
v -2.0319 		0.5536 		0.1527
v -2.0199 		0.5565 		0.1463
v -2.0075 		0.559 		0.1404
v -1.9948 		0.5614 		0.1352
v -1.9818 		0.5635 		0.1304
v -1.9685 		0.5654 		0.1262
v -1.9548 		0.567 		0.1224
v -1.9407 		0.5685 		0.1191
v -1.9263 		0.5698 		0.1163
v -1.9115 		0.5708 		0.1138
v -1.8963 		0.5717 		0.1118
v -1.8807 		0.5725 		0.1101
v -1.8647 		0.5731 		0.1088
v -1.8484 		0.5735 		0.1078
v -1.8315 		0.5738 		0.1072
v -1.8143 		0.574 		0.1068
v -1.7966 		0.574 		0.1067
v -1.7785 		0.574 		0.1068
v -1.7599 		0.5738 		0.1071
v -1.7408 		0.5736 		0.1077
v -1.7213 		0.5733 		0.1084
v -1.7013 		0.5729 		0.1092
v -1.6808 		0.5724 		0.1103
v -1.6598 		0.5719 		0.1114
v -1.6383 		0.5714 		0.1126
v -1.6162 		0.5708 		0.1138
v -1.5937 		0.5703 		0.1151
v -1.5706 		0.5697 		0.1165
v -1.5469 		0.5691 		0.1178
v -1.5227 		0.5685 		0.1191
v -1.4979 		0.5679 		0.1204
v -1.4726 		0.5674 		0.1216
v -1.4467 		0.5669 		0.1227
v -1.4201 		0.5665 		0.1237
v -1.393 		0.5661 		0.1246
v -1.3653 		0.5658 		0.1253
v -1.3369 		0.5655 		0.1258
v -1.3079 		0.5654 		0.1262
v -1.2783 		0.5653 		0.1263
v -1.249 		0.5653 		0.1263
v -1.2208 		0.5653 		0.1263
v -1.1937 		0.5653 		0.1263
v -1.1676 		0.5653 		0.1264
v -1.1425 		0.5652 		0.1265
v -1.1183 		0.5652 		0.1266
v -1.0949 		0.5652 		0.1267
v -1.0724 		0.5651 		0.1268
v -1.0505 		0.565 		0.1269
v -1.0293 		0.565 		0.127
v -1.0086 		0.5649 		0.1272
v -0.9885 		0.5648 		0.1273
v -0.9688 		0.5648 		0.1275
v -0.9496 		0.5647 		0.1277
v -0.9306 		0.5646 		0.1279
v -0.912 		0.5645 		0.1281
v -0.8935 		0.5644 		0.1283
v -0.8752 		0.5644 		0.1285
v -0.857 		0.5643 		0.1287
v -0.8387 		0.5642 		0.1289
v -0.8204 		0.5641 		0.1291
v -0.8021 		0.564 		0.1293
v -0.7835 		0.5639 		0.1295
v -0.7647 		0.5638 		0.1297
v -0.7456 		0.5637 		0.1299
v -0.7261 		0.5636 		0.1302
v -0.7062 		0.5635 		0.1304
v -0.6858 		0.5634 		0.1306
v -0.6649 		0.5633 		0.1308
v -0.6433 		0.5632 		0.131
v -0.621 		0.5631 		0.1312
v -0.598 		0.5631 		0.1314
v -0.5742 		0.563 		0.1316
v -0.5495 		0.5629 		0.1318
v -0.5239 		0.5628 		0.1319
v -0.4973 		0.5627 		0.1321
v -0.4696 		0.5627 		0.1323
v -0.4408 		0.5626 		0.1324
v -0.4108 		0.5625 		0.1325
v -0.3795 		0.5625 		0.1327
v -0.347 		0.5624 		0.1328
v -0.313 		0.5624 		0.1329
v -0.2776 		0.5624 		0.133
v -0.2407 		0.5623 		0.133
v -0.2022 		0.5623 		0.1331
v -0.1621 		0.5623 		0.1331
v -0.1203 		0.5623 		0.1332
v -0.0767 		0.5623 		0.1332
v -0.033 		0.5623 		0.1331
v 0.0094 		0.5623 		0.133
v 0.0504 		0.5624 		0.1328
v 0.0902 		0.5626 		0.1325
v 0.1287 		0.5627 		0.1321
v 0.166 		0.5629 		0.1317
v 0.2022 		0.5632 		0.1312
v 0.2373 		0.5634 		0.1306
v 0.2713 		0.5637 		0.13
v 0.3044 		0.564 		0.1293
v 0.3365 		0.5643 		0.1287
v 0.3677 		0.5646 		0.1279
v 0.398 		0.5649 		0.1272
v 0.4275 		0.5653 		0.1264
v 0.4563 		0.5656 		0.1256
v 0.4844 		0.566 		0.1248
v 0.5118 		0.5663 		0.124
v 0.5386 		0.5667 		0.1232
v 0.5648 		0.5671 		0.1224
v 0.5905 		0.5674 		0.1216
v 0.6158 		0.5678 		0.1208
v 0.6406 		0.5681 		0.12
v 0.6651 		0.5684 		0.1193
v 0.6892 		0.5687 		0.1186
v 0.7131 		0.569 		0.1179
v 0.7368 		0.5693 		0.1173
v 0.7603 		0.5695 		0.1168
v 0.7836 		0.5698 		0.1162
v 0.8069 		0.57 		0.1158
v 0.8301 		0.5701 		0.1154
v 0.8534 		0.5703 		0.1151
v 0.8767 		0.5704 		0.1149
v 0.9001 		0.5704 		0.1147
v 0.9237 		0.5705 		0.1147
v 0.9476 		0.5705 		0.1147
v 0.9716 		0.5704 		0.1148
v 0.996 		0.5703 		0.1151
v 1.0208 		0.5701 		0.1154
v 1.0459 		0.5699 		0.1159
v 1.0715 		0.5697 		0.1165
v 1.0976 		0.5694 		0.1172
v 1.1243 		0.569 		0.118
v 1.1515 		0.5685 		0.119
v 1.1794 		0.568 		0.1202
v 1.208 		0.5675 		0.1215
v 1.2373 		0.5668 		0.1229
v 1.2675 		0.5661 		0.1245
v 1.2984 		0.5653 		0.1263
v 1.3294 		0.5645 		0.1281
v 1.3596 		0.5638 		0.1297
v 1.389 		0.5631 		0.1312
v 1.4176 		0.5625 		0.1327
v 1.4455 		0.5619 		0.1341
v 1.4726 		0.5613 		0.1354
v 1.499 		0.5607 		0.1367
v 1.5247 		0.5602 		0.1379
v 1.5497 		0.5596 		0.1392
v 1.574 		0.559 		0.1404
v 1.5977 		0.5585 		0.1417
v 1.6207 		0.5579 		0.1431
v 1.6431 		0.5572 		0.1445
v 1.6649 		0.5566 		0.146
v 1.686 		0.5558 		0.1477
v 1.7066 		0.5551 		0.1494
v 1.7267 		0.5542 		0.1513
v 1.7462 		0.5533 		0.1533
v 1.7651 		0.5523 		0.1556
v 1.7836 		0.5513 		0.158
v 1.8015 		0.5501 		0.1606
v 1.819 		0.5488 		0.1635
v 1.836 		0.5474 		0.1666
v 1.8525 		0.5459 		0.17
v 1.8687 		0.5443 		0.1737
v 1.8844 		0.5425 		0.1777
v 1.8997 		0.5406 		0.182
v 1.9146 		0.5385 		0.1867
v 1.9291 		0.5363 		0.1917
v 1.9433 		0.5339 		0.1971
v 1.9572 		0.5313 		0.2029
v 1.9707 		0.5286 		0.2091
v 1.984 		0.5256 		0.2158
v 1.9969 		0.5225 		0.2229
v 2.0096 		0.5191 		0.2304
v 2.022 		0.5156 		0.2385
v 2.0342 		0.5118 		0.247
v 2.0462 		0.5077 		0.2561
v 2.058 		0.5035 		0.2658
v 2.0696 		0.499 		0.276
v 2.081 		0.4942 		0.2867
v 2.0922 		0.4891 		0.2981
v 2.1033 		0.4838 		0.3101
v 2.1143 		0.4782 		0.3227
v 2.1252 		0.4723 		0.336
v 2.136 		0.4662 		0.3499
v 2.1467 		0.4597 		0.3645
v 2.1573 		0.4529 		0.3799
v 2.1684 		0.4457 		0.396
v 2.1803 		0.4382 		0.413
v 2.1928 		0.4303 		0.4309
v 2.206 		0.422 		0.4495
v 2.2198 		0.4134 		0.4689
v 2.234 		0.4045 		0.489
v 2.2486 		0.3953 		0.5097
v 2.2635 		0.3858 		0.5311
v 2.2786 		0.3761 		0.553
v 2.2938 		0.3661 		0.5755
v 2.3091 		0.356 		0.5984
v 2.3244 		0.3456 		0.6218
v 2.3396 		0.3351 		0.6456
v 2.3545 		0.3243 		0.6697
v 2.3692 		0.3135 		0.6942
v 2.3835 		0.3025 		0.7189
v 2.3974 		0.2915 		0.7438
v 2.4108 		0.2803 		0.769
v 2.4235 		0.2691 		0.7942
v 2.4356 		0.2579 		0.8196
v 2.4469 		0.2466 		0.845
v 2.4573 		0.2353 		0.8705
v 2.4668 		0.2241 		0.8959
v 2.4753 		0.2128 		0.9212
v 2.4826 		0.2017 		0.9464
v 2.4888 		0.1905 		0.9714
v 2.4937 		0.1795 		0.9963
v 2.4973 		0.1686 		1.0209
v 2.4994 		0.1578 		1.0452
v 2.5 		0.1472 		1.0692
v 2.499 		0.1368 		1.0927
v 2.4963 		0.1265 		1.1159
v 2.4919 		0.1164 		1.1386
v 2.4856 		0.1066 		1.1608
v 2.4774 		0.097 		1.1825
v 2.4672 		0.0876 		1.2035
v 2.4548 		0.0786 		1.224
v 2.4403 		0.0698 		1.2437
v 2.4236 		0.0614 		1.2627
v 2.4045 		0.0533 		1.281
v 2.3829 		0.0456 		1.2984
v 2.3589 		0.0382 		1.315
v 2.3323 		0.0312 		1.3307
v 2.303 		0.0247 		1.3455
v 2.2709 		0.0186 		1.3592
v 2.236 		0.0129 		1.372
v 2.1982 		0.0077 		1.3837
v 2.1573 		0.0031 		1.3942
v 2.1549 		0.0028 		1.3948
v 2.1524 		0.0025 		1.3954
v 2.1499 		0.0023 		1.396
v 2.1473 		0.002 		1.3966
v 2.1448 		0.0018 		1.3971
v 2.1422 		0.0015 		1.3977
v 2.1396 		0.0013 		1.3983
v 2.137 		0.001 		1.3989
v 2.1344 		0.0008 		1.3994
v 2.1318 		0.0005 		1.4
v 2.1291 		0.0003 		1.4006
v -2.1123 		0.0003 		1.4006
v -2.1146 		0.0005 		1.4
v -2.117 		0.0008 		1.3994
v -2.1193 		0.001 		1.3989
v -2.1215 		0.0013 		1.3983
v -2.1238 		0.0015 		1.3977
v -2.1261 		0.0018 		1.3971
v -2.1283 		0.002 		1.3966
v -2.1306 		0.0023 		1.396
v -2.1328 		0.0025 		1.3954
v -2.135 		0.0028 		1.3948
v -2.1372 		0.004 		1.3947
v -2.1815 		0.0115 		1.3826
v -2.2225 		0.0197 		1.3692
v -2.2602 		0.0287 		1.3547
v -2.2947 		0.0384 		1.3391
v -2.3262 		0.0487 		1.3223
v -2.3547 		0.0597 		1.3045
v -2.3803 		0.0713 		1.2858
v -2.4032 		0.0835 		1.2661
v -2.4233 		0.0962 		1.2456
v -2.4409 		0.1094 		1.2242
v -2.456 		0.1231 		1.202
v -2.4687 		0.1372 		1.1792
v -2.4791 		0.1517 		1.1557
v -2.4873 		0.1666 		1.1316
v -2.4934 		0.1819 		1.1069
v -2.4975 		0.1975 		1.0817
v -2.4997 		0.2133 		1.0561
v -2.5 		0.2294 		1.03
v -2.4986 		0.2457 		1.0036
v -2.4956 		0.2622 		0.977
v -2.4911 		0.2788 		0.9501
v -2.4851 		0.2956 		0.923
v -2.4777 		0.3124 		0.8957
v -2.4691 		0.3293 		0.8684
v -2.4594 		0.3462 		0.8411
v -2.4486 		0.3631 		0.8137
v -2.4369 		0.3799 		0.7865
v -2.4243 		0.3967 		0.7594
v -2.4109 		0.4133 		0.7324
v -2.3968 		0.4298 		0.7057
v -2.3822 		0.4462 		0.6793
v -2.367 		0.4623 		0.6532
v -2.3515 		0.4782 		0.6275
v -2.3357 		0.4938 		0.6023
v -2.3197 		0.5091 		0.5775
v -2.3036 		0.524 		0.5533
v -2.2875 		0.5386 		0.5297
v -2.2715 		0.5528 		0.5068
v -2.2556 		0.5665 		0.4846
v -2.2401 		0.5798 		0.4631
v -2.2249 		0.5926 		0.4424
v -2.2102 		0.6048 		0.4226
v -2.1961 		0.6165 		0.4037
v -2.1826 		0.6275 		0.3858
v -2.1699 		0.638 		0.369
v -2.158 		0.6478 		0.3531
v -2.1471 		0.6568 		0.3385
v -2.1372 		0.6652 		0.325
v -2.1278 		0.6729 		0.3125
v -2.1182 		0.6802 		0.3007
v -2.1083 		0.687 		0.2896
v -2.0982 		0.6934 		0.2793
v -2.0878 		0.6994 		0.2696
v -2.0772 		0.7049 		0.2606
v -2.0663 		0.7101 		0.2523
v -2.0551 		0.7149 		0.2445
v -2.0437 		0.7193 		0.2374
v -2.0319 		0.7233 		0.2308
v -2.0199 		0.7271 		0.2248
v -2.0075 		0.7304 		0.2194
v -1.9948 		0.7335 		0.2144
v -1.9818 		0.7362 		0.21
v -1.9685 		0.7387 		0.206
v -1.9548 		0.7409 		0.2025
v -1.9407 		0.7428 		0.1994
v -1.9263 		0.7444 		0.1967
v -1.9115 		0.7458 		0.1944
v -1.8963 		0.747 		0.1925
v -1.8807 		0.748 		0.191
v -1.8647 		0.7487 		0.1897
v -1.8484 		0.7493 		0.1888
v -1.8315 		0.7497 		0.1882
v -1.8143 		0.7499 		0.1878
v -1.7966 		0.75 		0.1877
v -1.7785 		0.7499 		0.1878
v -1.7599 		0.7497 		0.1882
v -1.7408 		0.7494 		0.1887
v -1.7213 		0.749 		0.1893
v -1.7013 		0.7485 		0.1901
v -1.6808 		0.7479 		0.1911
v -1.6598 		0.7473 		0.1921
v -1.6383 		0.7466 		0.1933
v -1.6162 		0.7458 		0.1944
v -1.5937 		0.7451 		0.1957
v -1.5706 		0.7443 		0.1969
v -1.5469 		0.7435 		0.1982
v -1.5227 		0.7428 		0.1994
v -1.4979 		0.742 		0.2006
v -1.4726 		0.7414 		0.2017
v -1.4467 		0.7407 		0.2028
v -1.4201 		0.7401 		0.2037
v -1.393 		0.7396 		0.2045
v -1.3653 		0.7392 		0.2052
v -1.3369 		0.7389 		0.2057
v -1.3079 		0.7387 		0.206
v -1.2783 		0.7386 		0.2061
v -1.249 		0.7386 		0.2061
v -1.2208 		0.7386 		0.2061
v -1.1937 		0.7386 		0.2062
v -1.1676 		0.7386 		0.2062
v -1.1425 		0.7385 		0.2063
v -1.1183 		0.7385 		0.2064
v -1.0949 		0.7384 		0.2065
v -1.0724 		0.7383 		0.2066
v -1.0505 		0.7383 		0.2067
v -1.0293 		0.7382 		0.2068
v -1.0086 		0.7381 		0.207
v -0.9885 		0.738 		0.2071
v -0.9688 		0.7379 		0.2073
v -0.9496 		0.7378 		0.2074
v -0.9306 		0.7377 		0.2076
v -0.912 		0.7376 		0.2078
v -0.8935 		0.7375 		0.208
v -0.8752 		0.7374 		0.2082
v -0.857 		0.7373 		0.2083
v -0.8387 		0.7371 		0.2085
v -0.8204 		0.737 		0.2087
v -0.8021 		0.7369 		0.2089
v -0.7835 		0.7368 		0.2091
v -0.7647 		0.7366 		0.2093
v -0.7456 		0.7365 		0.2095
v -0.7261 		0.7364 		0.2097
v -0.7062 		0.7363 		0.2099
v -0.6858 		0.7361 		0.2101
v -0.6649 		0.736 		0.2103
v -0.6433 		0.7359 		0.2105
v -0.621 		0.7358 		0.2107
v -0.598 		0.7357 		0.2109
v -0.5742 		0.7356 		0.2111
v -0.5495 		0.7355 		0.2112
v -0.5239 		0.7354 		0.2114
v -0.4973 		0.7353 		0.2116
v -0.4696 		0.7352 		0.2117
v -0.4408 		0.7351 		0.2119
v -0.4108 		0.735 		0.212
v -0.3795 		0.7349 		0.2121
v -0.347 		0.7349 		0.2122
v -0.313 		0.7348 		0.2123
v -0.2776 		0.7348 		0.2124
v -0.2407 		0.7347 		0.2125
v -0.2022 		0.7347 		0.2125
v -0.1621 		0.7347 		0.2125
v -0.1203 		0.7346 		0.2126
v -0.0767 		0.7346 		0.2126
v -0.033 		0.7347 		0.2125
v 0.0094 		0.7347 		0.2124
v 0.0504 		0.7349 		0.2122
v 0.0902 		0.735 		0.2119
v 0.1287 		0.7353 		0.2116
v 0.166 		0.7355 		0.2112
v 0.2022 		0.7358 		0.2107
v 0.2373 		0.7361 		0.2102
v 0.2713 		0.7365 		0.2096
v 0.3044 		0.7369 		0.209
v 0.3365 		0.7373 		0.2083
v 0.3677 		0.7377 		0.2077
v 0.398 		0.7381 		0.2069
v 0.4275 		0.7386 		0.2062
v 0.4563 		0.739 		0.2055
v 0.4844 		0.7395 		0.2047
v 0.5118 		0.74 		0.204
v 0.5386 		0.7404 		0.2032
v 0.5648 		0.7409 		0.2024
v 0.5905 		0.7414 		0.2017
v 0.6158 		0.7418 		0.201
v 0.6406 		0.7423 		0.2003
v 0.6651 		0.7427 		0.1996
v 0.6892 		0.7431 		0.1989
v 0.7131 		0.7435 		0.1983
v 0.7368 		0.7438 		0.1977
v 0.7603 		0.7441 		0.1972
v 0.7836 		0.7444 		0.1967
v 0.8069 		0.7447 		0.1963
v 0.8301 		0.7449 		0.1959
v 0.8534 		0.7451 		0.1956
v 0.8767 		0.7452 		0.1954
v 0.9001 		0.7453 		0.1953
v 0.9237 		0.7454 		0.1952
v 0.9476 		0.7453 		0.1953
v 0.9716 		0.7453 		0.1954
v 0.996 		0.7451 		0.1956
v 1.0208 		0.7449 		0.1959
v 1.0459 		0.7447 		0.1964
v 1.0715 		0.7443 		0.1969
v 1.0976 		0.7439 		0.1976
v 1.1243 		0.7434 		0.1984
v 1.1515 		0.7428 		0.1993
v 1.1794 		0.7422 		0.2004
v 1.208 		0.7414 		0.2016
v 1.2373 		0.7406 		0.2029
v 1.2675 		0.7397 		0.2044
v 1.2984 		0.7386 		0.2061
v 1.3294 		0.7376 		0.2078
v 1.3596 		0.7366 		0.2093
v 1.389 		0.7358 		0.2108
v 1.4176 		0.7349 		0.2121
v 1.4455 		0.7341 		0.2134
v 1.4726 		0.7334 		0.2146
v 1.499 		0.7326 		0.2158
v 1.5247 		0.7319 		0.217
v 1.5497 		0.7312 		0.2182
v 1.574 		0.7304 		0.2194
v 1.5977 		0.7297 		0.2206
v 1.6207 		0.7289 		0.2219
v 1.6431 		0.7281 		0.2232
v 1.6649 		0.7272 		0.2246
v 1.686 		0.7262 		0.2262
v 1.7066 		0.7252 		0.2278
v 1.7267 		0.7241 		0.2296
v 1.7462 		0.723 		0.2315
v 1.7651 		0.7217 		0.2336
v 1.7836 		0.7203 		0.2358
v 1.8015 		0.7187 		0.2383
v 1.819 		0.7171 		0.241
v 1.836 		0.7152 		0.2439
v 1.8525 		0.7133 		0.2471
v 1.8687 		0.7111 		0.2506
v 1.8844 		0.7088 		0.2543
v 1.8997 		0.7063 		0.2584
v 1.9146 		0.7036 		0.2627
v 1.9291 		0.7007 		0.2674
v 1.9433 		0.6976 		0.2725
v 1.9572 		0.6942 		0.2779
v 1.9707 		0.6906 		0.2838
v 1.984 		0.6868 		0.29
v 1.9969 		0.6827 		0.2966
v 2.0096 		0.6783 		0.3037
v 2.022 		0.6736 		0.3113
v 2.0342 		0.6687 		0.3193
v 2.0462 		0.6634 		0.3278
v 2.058 		0.6578 		0.3369
v 2.0696 		0.6519 		0.3464
v 2.081 		0.6457 		0.3565
v 2.0922 		0.6391 		0.3672
v 2.1033 		0.6321 		0.3784
v 2.1143 		0.6248 		0.3902
v 2.1252 		0.6171 		0.4027
v 2.136 		0.6091 		0.4157
v 2.1467 		0.6006 		0.4294
v 2.1573 		0.5917 		0.4438
v 2.1684 		0.5824 		0.459
v 2.1803 		0.5725 		0.4749
v 2.1928 		0.5622 		0.4916
v 2.206 		0.5514 		0.5091
v 2.2198 		0.5401 		0.5273
v 2.234 		0.5285 		0.5461
v 2.2486 		0.5165 		0.5655
v 2.2635 		0.5041 		0.5856
v 2.2786 		0.4914 		0.6061
v 2.2938 		0.4784 		0.6272
v 2.3091 		0.4651 		0.6487
v 2.3244 		0.4515 		0.6706
v 2.3396 		0.4378 		0.6929
v 2.3545 		0.4238 		0.7155
v 2.3692 		0.4096 		0.7384
v 2.3835 		0.3953 		0.7616
v 2.3974 		0.3808 		0.785
v 2.4108 		0.3663 		0.8086
v 2.4235 		0.3516 		0.8322
v 2.4356 		0.3369 		0.856
v 2.4469 		0.3222 		0.8799
v 2.4573 		0.3075 		0.9037
v 2.4668 		0.2927 		0.9275
v 2.4753 		0.2781 		0.9512
v 2.4826 		0.2635 		0.9749
v 2.4888 		0.249 		0.9984
v 2.4937 		0.2346 		1.0216
v 2.4973 		0.2203 		1.0447
v 2.4994 		0.2062 		1.0675
v 2.5 		0.1923 		1.0899
v 2.499 		0.1787 		1.1121
v 2.4963 		0.1653 		1.1338
v 2.4919 		0.1521 		1.1551
v 2.4856 		0.1392 		1.1759
v 2.4774 		0.1267 		1.1962
v 2.4672 		0.1145 		1.2159
v 2.4548 		0.1027 		1.2351
v 2.4403 		0.0912 		1.2536
v 2.4236 		0.0802 		1.2714
v 2.4045 		0.0696 		1.2885
v 2.3829 		0.0595 		1.3048
v 2.3589 		0.0499 		1.3204
v 2.3323 		0.0408 		1.3351
v 2.303 		0.0323 		1.3489
v 2.2709 		0.0243 		1.3619
v 2.236 		0.0169 		1.3738
v 2.1982 		0.0101 		1.3848
v 2.1573 		0.004 		1.3947
v 2.1549 		0.0037 		1.3952
v 2.1524 		0.0033 		1.3958
v 2.1499 		0.003 		1.3963
v 2.1473 		0.0027 		1.3969
v 2.1448 		0.0023 		1.3974
v 2.1422 		0.002 		1.3979
v 2.1396 		0.0017 		1.3985
v 2.137 		0.0013 		1.399
v 2.1344 		0.001 		1.3995
v 2.1318 		0.0007 		1.4001
v -2.1146 		0.0007 		1.4001
v -2.117 		0.001 		1.3995
v -2.1193 		0.0013 		1.399
v -2.1215 		0.0017 		1.3985
v -2.1238 		0.002 		1.3979
v -2.1261 		0.0023 		1.3974
v -2.1283 		0.0027 		1.3969
v -2.1306 		0.003 		1.3963
v -2.1328 		0.0033 		1.3958
v -2.135 		0.0037 		1.3952
v -2.1372 		0.0049 		1.3952
v -2.1815 		0.014 		1.3841
v -2.2225 		0.024 		1.3719
v -2.2602 		0.0349 		1.3586
v -2.2947 		0.0467 		1.3443
v -2.3262 		0.0593 		1.3289
v -2.3547 		0.0727 		1.3126
v -2.3803 		0.0868 		1.2955
v -2.4032 		0.1016 		1.2774
v -2.4233 		0.1171 		1.2586
v -2.4409 		0.1332 		1.239
v -2.456 		0.1498 		1.2187
v -2.4687 		0.167 		1.1978
v -2.4791 		0.1847 		1.1763
v -2.4873 		0.2029 		1.1542
v -2.4934 		0.2215 		1.1316
v -2.4975 		0.2404 		1.1085
v -2.4997 		0.2597 		1.085
v -2.5 		0.2793 		1.0612
v -2.4986 		0.2991 		1.037
v -2.4956 		0.3192 		1.0126
v -2.4911 		0.3395 		0.9879
v -2.4851 		0.3599 		0.9631
v -2.4777 		0.3803 		0.9381
v -2.4691 		0.4009 		0.9131
v -2.4594 		0.4215 		0.8881
v -2.4486 		0.442 		0.863
v -2.4369 		0.4626 		0.8381
v -2.4243 		0.483 		0.8132
v -2.4109 		0.5032 		0.7885
v -2.3968 		0.5233 		0.7641
v -2.3822 		0.5432 		0.7399
v -2.367 		0.5628 		0.716
v -2.3515 		0.5822 		0.6924
v -2.3357 		0.6012 		0.6693
v -2.3197 		0.6198 		0.6466
v -2.3036 		0.638 		0.6245
v -2.2875 		0.6558 		0.6029
v -2.2715 		0.673 		0.5818
v -2.2556 		0.6898 		0.5615
v -2.2401 		0.7059 		0.5418
v -2.2249 		0.7215 		0.5229
v -2.2102 		0.7364 		0.5047
v -2.1961 		0.7506 		0.4874
v -2.1826 		0.7641 		0.471
v -2.1699 		0.7768 		0.4556
v -2.158 		0.7887 		0.4411
v -2.1471 		0.7997 		0.4276
v -2.1372 		0.8099 		0.4153
v -2.1278 		0.8193 		0.4038
v -2.1182 		0.8281 		0.393
v -2.1083 		0.8364 		0.3829
v -2.0982 		0.8442 		0.3734
v -2.0878 		0.8515 		0.3646
v -2.0772 		0.8583 		0.3563
v -2.0663 		0.8646 		0.3487
v -2.0551 		0.8704 		0.3416
v -2.0437 		0.8757 		0.3351
v -2.0319 		0.8807 		0.3291
v -2.0199 		0.8852 		0.3236
v -2.0075 		0.8893 		0.3186
v -1.9948 		0.893 		0.314
v -1.9818 		0.8964 		0.3099
v -1.9685 		0.8994 		0.3063
v -1.9548 		0.902 		0.3031
v -1.9407 		0.9044 		0.3002
v -1.9263 		0.9064 		0.2978
v -1.9115 		0.9081 		0.2957
v -1.8963 		0.9095 		0.2939
v -1.8807 		0.9107 		0.2925
v -1.8647 		0.9116 		0.2914
v -1.8484 		0.9123 		0.2906
v -1.8315 		0.9128 		0.29
v -1.8143 		0.9131 		0.2896
v -1.7966 		0.9131 		0.2895
v -1.7785 		0.9131 		0.2896
v -1.7599 		0.9128 		0.2899
v -1.7408 		0.9124 		0.2904
v -1.7213 		0.9119 		0.291
v -1.7013 		0.9113 		0.2918
v -1.6808 		0.9106 		0.2926
v -1.6598 		0.9098 		0.2936
v -1.6383 		0.909 		0.2946
v -1.6162 		0.9081 		0.2957
v -1.5937 		0.9072 		0.2968
v -1.5706 		0.9062 		0.298
v -1.5469 		0.9053 		0.2991
v -1.5227 		0.9044 		0.3002
v -1.4979 		0.9035 		0.3013
v -1.4726 		0.9026 		0.3024
v -1.4467 		0.9018 		0.3033
v -1.4201 		0.9011 		0.3042
v -1.393 		0.9005 		0.3049
v -1.3653 		0.9 		0.3055
v -1.3369 		0.8996 		0.306
v -1.3079 		0.8994 		0.3063
v -1.2783 		0.8993 		0.3064
v -1.249 		0.8993 		0.3064
v -1.2208 		0.8993 		0.3064
v -1.1937 		0.8993 		0.3065
v -1.1676 		0.8992 		0.3065
v -1.1425 		0.8992 		0.3066
v -1.1183 		0.8991 		0.3066
v -1.0949 		0.899 		0.3067
v -1.0724 		0.8989 		0.3068
v -1.0505 		0.8989 		0.3069
v -1.0293 		0.8988 		0.3071
v -1.0086 		0.8987 		0.3072
v -0.9885 		0.8985 		0.3073
v -0.9688 		0.8984 		0.3075
v -0.9496 		0.8983 		0.3076
v -0.9306 		0.8982 		0.3078
v -0.912 		0.898 		0.3079
v -0.8935 		0.8979 		0.3081
v -0.8752 		0.8978 		0.3083
v -0.857 		0.8976 		0.3084
v -0.8387 		0.8975 		0.3086
v -0.8204 		0.8973 		0.3088
v -0.8021 		0.8972 		0.309
v -0.7835 		0.897 		0.3092
v -0.7647 		0.8969 		0.3094
v -0.7456 		0.8967 		0.3095
v -0.7261 		0.8966 		0.3097
v -0.7062 		0.8964 		0.3099
v -0.6858 		0.8963 		0.3101
v -0.6649 		0.8961 		0.3103
v -0.6433 		0.896 		0.3104
v -0.621 		0.8958 		0.3106
v -0.598 		0.8957 		0.3108
v -0.5742 		0.8956 		0.3109
v -0.5495 		0.8954 		0.3111
v -0.5239 		0.8953 		0.3112
v -0.4973 		0.8952 		0.3114
v -0.4696 		0.8951 		0.3115
v -0.4408 		0.895 		0.3117
v -0.4108 		0.8949 		0.3118
v -0.3795 		0.8948 		0.3119
v -0.347 		0.8947 		0.312
v -0.313 		0.8946 		0.3121
v -0.2776 		0.8946 		0.3121
v -0.2407 		0.8945 		0.3122
v -0.2022 		0.8945 		0.3123
v -0.1621 		0.8945 		0.3123
v -0.1203 		0.8944 		0.3123
v -0.0767 		0.8944 		0.3123
v -0.033 		0.8945 		0.3123
v 0.0094 		0.8946 		0.3122
v 0.0504 		0.8947 		0.312
v 0.0902 		0.8949 		0.3117
v 0.1287 		0.8952 		0.3114
v 0.166 		0.8955 		0.311
v 0.2022 		0.8959 		0.3106
v 0.2373 		0.8962 		0.3101
v 0.2713 		0.8967 		0.3096
v 0.3044 		0.8971 		0.309
v 0.3365 		0.8976 		0.3084
v 0.3677 		0.8981 		0.3078
v 0.398 		0.8987 		0.3072
v 0.4275 		0.8992 		0.3065
v 0.4563 		0.8998 		0.3058
v 0.4844 		0.9003 		0.3051
v 0.5118 		0.9009 		0.3044
v 0.5386 		0.9015 		0.3037
v 0.5648 		0.9021 		0.303
v 0.5905 		0.9026 		0.3023
v 0.6158 		0.9032 		0.3017
v 0.6406 		0.9037 		0.301
v 0.6651 		0.9042 		0.3004
v 0.6892 		0.9047 		0.2998
v 0.7131 		0.9052 		0.2992
v 0.7368 		0.9056 		0.2987
v 0.7603 		0.906 		0.2982
v 0.7836 		0.9064 		0.2978
v 0.8069 		0.9067 		0.2974
v 0.8301 		0.907 		0.2971
v 0.8534 		0.9072 		0.2968
v 0.8767 		0.9073 		0.2966
v 0.9001 		0.9075 		0.2965
v 0.9237 		0.9075 		0.2964
v 0.9476 		0.9075 		0.2964
v 0.9716 		0.9074 		0.2966
v 0.996 		0.9072 		0.2968
v 1.0208 		0.907 		0.2971
v 1.0459 		0.9066 		0.2975
v 1.0715 		0.9062 		0.298
v 1.0976 		0.9057 		0.2986
v 1.1243 		0.9051 		0.2993
v 1.1515 		0.9044 		0.3002
v 1.1794 		0.9036 		0.3012
v 1.208 		0.9027 		0.3023
v 1.2373 		0.9017 		0.3035
v 1.2675 		0.9006 		0.3049
v 1.2984 		0.8993 		0.3064
v 1.3294 		0.898 		0.3079
v 1.3596 		0.8969 		0.3093
v 1.389 		0.8958 		0.3107
v 1.4176 		0.8948 		0.3119
v 1.4455 		0.8938 		0.3131
v 1.4726 		0.8929 		0.3142
v 1.499 		0.892 		0.3153
v 1.5247 		0.8911 		0.3164
v 1.5497 		0.8902 		0.3175
v 1.574 		0.8893 		0.3186
v 1.5977 		0.8884 		0.3197
v 1.6207 		0.8874 		0.3208
v 1.6431 		0.8864 		0.3221
v 1.6649 		0.8854 		0.3234
v 1.686 		0.8842 		0.3248
v 1.7066 		0.883 		0.3263
v 1.7267 		0.8817 		0.3279
v 1.7462 		0.8802 		0.3296
v 1.7651 		0.8786 		0.3315
v 1.7836 		0.8769 		0.3336
v 1.8015 		0.8751 		0.3359
v 1.819 		0.873 		0.3384
v 1.836 		0.8708 		0.341
v 1.8525 		0.8684 		0.344
v 1.8687 		0.8658 		0.3471
v 1.8844 		0.863 		0.3506
v 1.8997 		0.86 		0.3543
v 1.9146 		0.8567 		0.3583
v 1.9291 		0.8531 		0.3626
v 1.9433 		0.8493 		0.3672
v 1.9572 		0.8453 		0.3722
v 1.9707 		0.8409 		0.3775
v 1.984 		0.8362 		0.3832
v 1.9969 		0.8312 		0.3893
v 2.0096 		0.8258 		0.3958
v 2.022 		0.8202 		0.4027
v 2.0342 		0.8141 		0.4101
v 2.0462 		0.8077 		0.4179
v 2.058 		0.8009 		0.4262
v 2.0696 		0.7937 		0.4349
v 2.081 		0.7861 		0.4442
v 2.0922 		0.7781 		0.4539
v 2.1033 		0.7696 		0.4642
v 2.1143 		0.7607 		0.4751
v 2.1252 		0.7514 		0.4865
v 2.136 		0.7416 		0.4984
v 2.1467 		0.7312 		0.511
v 2.1573 		0.7204 		0.5242
v 2.1684 		0.709 		0.538
v 2.1803 		0.697 		0.5526
v 2.1928 		0.6844 		0.568
v 2.206 		0.6713 		0.584
v 2.2198 		0.6576 		0.6006
v 2.234 		0.6434 		0.6179
v 2.2486 		0.6288 		0.6357
v 2.2635 		0.6138 		0.654
v 2.2786 		0.5983 		0.6728
v 2.2938 		0.5824 		0.6921
v 2.3091 		0.5663 		0.7118
v 2.3244 		0.5498 		0.7319
v 2.3396 		0.533 		0.7523
v 2.3545 		0.516 		0.773
v 2.3692 		0.4987 		0.794
v 2.3835 		0.4813 		0.8153
v 2.3974 		0.4637 		0.8367
v 2.4108 		0.4459 		0.8583
v 2.4235 		0.4281 		0.88
v 2.4356 		0.4102 		0.9018
v 2.4469 		0.3923 		0.9236
v 2.4573 		0.3743 		0.9454
v 2.4668 		0.3564 		0.9673
v 2.4753 		0.3386 		0.989
v 2.4826 		0.3208 		1.0106
v 2.4888 		0.3031 		1.0322
v 2.4937 		0.2856 		1.0535
v 2.4973 		0.2682 		1.0746
v 2.4994 		0.2511 		1.0955
v 2.5 		0.2342 		1.1161
v 2.499 		0.2175 		1.1363
v 2.4963 		0.2012 		1.1562
v 2.4919 		0.1852 		1.1757
v 2.4856 		0.1695 		1.1948
v 2.4774 		0.1543 		1.2134
v 2.4672 		0.1394 		1.2315
v 2.4548 		0.125 		1.249
v 2.4403 		0.1111 		1.2659
v 2.4236 		0.0977 		1.2823
v 2.4045 		0.0848 		1.2979
v 2.3829 		0.0725 		1.3129
v 2.3589 		0.0608 		1.3272
v 2.3323 		0.0497 		1.3407
v 2.303 		0.0393 		1.3533
v 2.2709 		0.0296 		1.3652
v 2.236 		0.0206 		1.3761
v 2.1982 		0.0123 		1.3861
v 2.1573 		0.0049 		1.3952
v 2.1549 		0.0045 		1.3957
v 2.1524 		0.004 		1.3962
v 2.1499 		0.0036 		1.3967
v 2.1473 		0.0032 		1.3972
v 2.1448 		0.0028 		1.3977
v 2.1422 		0.0024 		1.3982
v 2.1396 		0.002 		1.3987
v 2.137 		0.0016 		1.3992
v 2.1344 		0.0012 		1.3997
v 2.1318 		0.0008 		1.4002
v 2.1291 		0.0004 		1.4007
v -2.1123 		0.0004 		1.4007
v -2.1146 		0.0008 		1.4002
v -2.117 		0.0012 		1.3997
v -2.1193 		0.0016 		1.3992
v -2.1215 		0.002 		1.3987
v -2.1238 		0.0024 		1.3982
v -2.1261 		0.0028 		1.3977
v -2.1283 		0.0032 		1.3972
v -2.1306 		0.0036 		1.3967
v -2.1328 		0.004 		1.3962
v -2.135 		0.0045 		1.3957
v -2.1372 		0.0057 		1.3959
v -2.1815 		0.0162 		1.386
v -2.2225 		0.0279 		1.3751
v -2.2602 		0.0406 		1.3632
v -2.2947 		0.0543 		1.3505
v -2.3262 		0.0689 		1.3368
v -2.3547 		0.0845 		1.3223
v -2.3803 		0.1008 		1.307
v -2.4032 		0.118 		1.2909
v -2.4233 		0.136 		1.2741
v -2.4409 		0.1547 		1.2567
v -2.456 		0.174 		1.2386
v -2.4687 		0.194 		1.2199
v -2.4791 		0.2146 		1.2007
v -2.4873 		0.2357 		1.181
v -2.4934 		0.2572 		1.1609
v -2.4975 		0.2792 		1.1403
v -2.4997 		0.3016 		1.1194
v -2.5 		0.3244 		1.0981
v -2.4986 		0.3475 		1.0766
v -2.4956 		0.3708 		1.0548
v -2.4911 		0.3943 		1.0328
v -2.4851 		0.418 		1.0107
v -2.4777 		0.4418 		0.9885
v -2.4691 		0.4657 		0.9662
v -2.4594 		0.4896 		0.9438
v -2.4486 		0.5135 		0.9215
v -2.4369 		0.5373 		0.8993
v -2.4243 		0.561 		0.8771
v -2.4109 		0.5845 		0.8551
v -2.3968 		0.6079 		0.8333
v -2.3822 		0.631 		0.8118
v -2.367 		0.6538 		0.7905
v -2.3515 		0.6762 		0.7695
v -2.3357 		0.6983 		0.7489
v -2.3197 		0.7199 		0.7287
v -2.3036 		0.7411 		0.7089
v -2.2875 		0.7617 		0.6896
v -2.2715 		0.7818 		0.6709
v -2.2556 		0.8012 		0.6528
v -2.2401 		0.82 		0.6352
v -2.2249 		0.838 		0.6183
v -2.2102 		0.8553 		0.6022
v -2.1961 		0.8718 		0.5868
v -2.1826 		0.8875 		0.5721
v -2.1699 		0.9022 		0.5584
v -2.158 		0.9161 		0.5455
v -2.1471 		0.9289 		0.5335
v -2.1372 		0.9407 		0.5224
v -2.1278 		0.9516 		0.5122
v -2.1182 		0.9619 		0.5026
v -2.1083 		0.9716 		0.4936
v -2.0982 		0.9806 		0.4852
v -2.0878 		0.9891 		0.4773
v -2.0772 		0.9969 		0.4699
v -2.0663 		1.0042 		0.4631
v -2.0551 		1.011 		0.4568
v -2.0437 		1.0172 		0.451
v -2.0319 		1.023 		0.4456
v -2.0199 		1.0282 		0.4407
v -2.0075 		1.033 		0.4362
v -1.9948 		1.0373 		0.4322
v -1.9818 		1.0412 		0.4286
v -1.9685 		1.0447 		0.4253
v -1.9548 		1.0478 		0.4224
v -1.9407 		1.0505 		0.4199
v -1.9263 		1.0528 		0.4177
v -1.9115 		1.0548 		0.4159
v -1.8963 		1.0565 		0.4143
v -1.8807 		1.0578 		0.413
v -1.8647 		1.0589 		0.412
v -1.8484 		1.0597 		0.4113
v -1.8315 		1.0602 		0.4108
v -1.8143 		1.0606 		0.4105
v -1.7966 		1.0607 		0.4104
v -1.7785 		1.0606 		0.4105
v -1.7599 		1.0603 		0.4107
v -1.7408 		1.0598 		0.4112
v -1.7213 		1.0593 		0.4117
v -1.7013 		1.0585 		0.4124
v -1.6808 		1.0577 		0.4131
v -1.6598 		1.0568 		0.414
v -1.6383 		1.0558 		0.4149
v -1.6162 		1.0548 		0.4159
v -1.5937 		1.0537 		0.4169
v -1.5706 		1.0526 		0.4179
v -1.5469 		1.0515 		0.4189
v -1.5227 		1.0504 		0.4199
v -1.4979 		1.0494 		0.4209
v -1.4726 		1.0484 		0.4218
v -1.4467 		1.0475 		0.4227
v -1.4201 		1.0467 		0.4234
v -1.393 		1.046 		0.4241
v -1.3653 		1.0454 		0.4246
v -1.3369 		1.045 		0.4251
v -1.3079 		1.0447 		0.4253
v -1.2783 		1.0446 		0.4254
v -1.249 		1.0446 		0.4254
v -1.2208 		1.0446 		0.4254
v -1.1937 		1.0445 		0.4255
v -1.1676 		1.0445 		0.4255
v -1.1425 		1.0444 		0.4256
v -1.1183 		1.0443 		0.4256
v -1.0949 		1.0443 		0.4257
v -1.0724 		1.0442 		0.4258
v -1.0505 		1.0441 		0.4259
v -1.0293 		1.044 		0.426
v -1.0086 		1.0438 		0.4261
v -0.9885 		1.0437 		0.4262
v -0.9688 		1.0436 		0.4264
v -0.9496 		1.0434 		0.4265
v -0.9306 		1.0433 		0.4266
v -0.912 		1.0431 		0.4268
v -0.8935 		1.043 		0.4269
v -0.8752 		1.0428 		0.4271
v -0.857 		1.0426 		0.4272
v -0.8387 		1.0425 		0.4274
v -0.8204 		1.0423 		0.4275
v -0.8021 		1.0421 		0.4277
v -0.7835 		1.0419 		0.4279
v -0.7647 		1.0418 		0.428
v -0.7456 		1.0416 		0.4282
v -0.7261 		1.0414 		0.4284
v -0.7062 		1.0412 		0.4285
v -0.6858 		1.0411 		0.4287
v -0.6649 		1.0409 		0.4289
v -0.6433 		1.0407 		0.429
v -0.621 		1.0406 		0.4292
v -0.598 		1.0404 		0.4293
v -0.5742 		1.0402 		0.4295
v -0.5495 		1.0401 		0.4296
v -0.5239 		1.04 		0.4297
v -0.4973 		1.0398 		0.4299
v -0.4696 		1.0397 		0.43
v -0.4408 		1.0396 		0.4301
v -0.4108 		1.0395 		0.4302
v -0.3795 		1.0393 		0.4303
v -0.347 		1.0393 		0.4304
v -0.313 		1.0392 		0.4305
v -0.2776 		1.0391 		0.4305
v -0.2407 		1.039 		0.4306
v -0.2022 		1.039 		0.4306
v -0.1621 		1.039 		0.4307
v -0.1203 		1.0389 		0.4307
v -0.0767 		1.0389 		0.4307
v -0.033 		1.039 		0.4306
v 0.0094 		1.0391 		0.4305
v 0.0504 		1.0393 		0.4304
v 0.0902 		1.0395 		0.4301
v 0.1287 		1.0398 		0.4299
v 0.166 		1.0402 		0.4295
v 0.2022 		1.0406 		0.4291
v 0.2373 		1.041 		0.4287
v 0.2713 		1.0415 		0.4283
v 0.3044 		1.0421 		0.4278
v 0.3365 		1.0426 		0.4272
v 0.3677 		1.0432 		0.4267
v 0.398 		1.0439 		0.4261
v 0.4275 		1.0445 		0.4255
v 0.4563 		1.0451 		0.4249
v 0.4844 		1.0458 		0.4243
v 0.5118 		1.0465 		0.4236
v 0.5386 		1.0471 		0.423
v 0.5648 		1.0478 		0.4224
v 0.5905 		1.0484 		0.4218
v 0.6158 		1.0491 		0.4212
v 0.6406 		1.0497 		0.4206
v 0.6651 		1.0503 		0.4201
v 0.6892 		1.0509 		0.4195
v 0.7131 		1.0514 		0.419
v 0.7368 		1.0519 		0.4186
v 0.7603 		1.0524 		0.4181
v 0.7836 		1.0528 		0.4177
v 0.8069 		1.0532 		0.4174
v 0.8301 		1.0535 		0.4171
v 0.8534 		1.0537 		0.4169
v 0.8767 		1.0539 		0.4167
v 0.9001 		1.054 		0.4166
v 0.9237 		1.0541 		0.4165
v 0.9476 		1.0541 		0.4165
v 0.9716 		1.054 		0.4166
v 0.996 		1.0538 		0.4168
v 1.0208 		1.0535 		0.4171
v 1.0459 		1.0531 		0.4175
v 1.0715 		1.0526 		0.4179
v 1.0976 		1.052 		0.4185
v 1.1243 		1.0513 		0.4191
v 1.1515 		1.0505 		0.4199
v 1.1794 		1.0496 		0.4207
v 1.208 		1.0485 		0.4217
v 1.2373 		1.0474 		0.4228
v 1.2675 		1.046 		0.424
v 1.2984 		1.0446 		0.4254
v 1.3294 		1.0431 		0.4268
v 1.3596 		1.0418 		0.428
v 1.389 		1.0405 		0.4292
v 1.4176 		1.0393 		0.4303
v 1.4455 		1.0382 		0.4314
v 1.4726 		1.0371 		0.4324
v 1.499 		1.0361 		0.4334
v 1.5247 		1.035 		0.4343
v 1.5497 		1.034 		0.4353
v 1.574 		1.033 		0.4362
v 1.5977 		1.0319 		0.4372
v 1.6207 		1.0308 		0.4383
v 1.6431 		1.0296 		0.4394
v 1.6649 		1.0284 		0.4405
v 1.686 		1.0271 		0.4418
v 1.7066 		1.0256 		0.4431
v 1.7267 		1.0241 		0.4445
v 1.7462 		1.0224 		0.4461
v 1.7651 		1.0206 		0.4478
v 1.7836 		1.0186 		0.4497
v 1.8015 		1.0164 		0.4517
v 1.819 		1.0141 		0.4539
v 1.836 		1.0115 		0.4563
v 1.8525 		1.0087 		0.4589
v 1.8687 		1.0057 		0.4617
v 1.8844 		1.0024 		0.4648
v 1.8997 		0.9989 		0.4681
v 1.9146 		0.9951 		0.4716
v 1.9291 		0.991 		0.4755
v 1.9433 		0.9866 		0.4796
v 1.9572 		0.9818 		0.484
v 1.9707 		0.9767 		0.4888
v 1.984 		0.9713 		0.4939
v 1.9969 		0.9654 		0.4993
v 2.0096 		0.9592 		0.5051
v 2.022 		0.9526 		0.5113
v 2.0342 		0.9456 		0.5178
v 2.0462 		0.9382 		0.5248
v 2.058 		0.9303 		0.5322
v 2.0696 		0.9219 		0.54
v 2.081 		0.9131 		0.5482
v 2.0922 		0.9038 		0.5569
v 2.1033 		0.894 		0.5661
v 2.1143 		0.8836 		0.5757
v 2.1252 		0.8728 		0.5859
v 2.136 		0.8614 		0.5966
v 2.1467 		0.8494 		0.6078
v 2.1573 		0.8368 		0.6195
v 2.1684 		0.8236 		0.6319
v 2.1803 		0.8096 		0.6449
v 2.1928 		0.795 		0.6585
v 2.206 		0.7797 		0.6728
v 2.2198 		0.7639 		0.6876
v 2.234 		0.7474 		0.703
v 2.2486 		0.7304 		0.7189
v 2.2635 		0.7129 		0.7352
v 2.2786 		0.6949 		0.752
v 2.2938 		0.6765 		0.7692
v 2.3091 		0.6577 		0.7868
v 2.3244 		0.6386 		0.8047
v 2.3396 		0.6191 		0.8229
v 2.3545 		0.5993 		0.8413
v 2.3692 		0.5793 		0.86
v 2.3835 		0.559 		0.879
v 2.3974 		0.5386 		0.8981
v 2.4108 		0.518 		0.9173
v 2.4235 		0.4973 		0.9366
v 2.4356 		0.4765 		0.9561
v 2.4469 		0.4557 		0.9755
v 2.4573 		0.4348 		0.995
v 2.4668 		0.414 		1.0144
v 2.4753 		0.3933 		1.0338
v 2.4826 		0.3726 		1.0531
v 2.4888 		0.3521 		1.0723
v 2.4937 		0.3317 		1.0913
v 2.4973 		0.3116 		1.1101
v 2.4994 		0.2917 		1.1287
v 2.5 		0.272 		1.1471
v 2.499 		0.2527 		1.1651
v 2.4963 		0.2337 		1.1828
v 2.4919 		0.2151 		1.2002
v 2.4856 		0.1969 		1.2172
v 2.4774 		0.1792 		1.2338
v 2.4672 		0.1619 		1.2499
v 2.4548 		0.1452 		1.2655
v 2.4403 		0.129 		1.2806
v 2.4236 		0.1134 		1.2952
v 2.4045 		0.0985 		1.3092
v 2.3829 		0.0842 		1.3225
v 2.3589 		0.0706 		1.3352
v 2.3323 		0.0577 		1.3472
v 2.303 		0.0456 		1.3585
v 2.2709 		0.0343 		1.3691
v 2.236 		0.0239 		1.3788
v 2.1982 		0.0143 		1.3878
v 2.1573 		0.0057 		1.3959
v 2.1549 		0.0052 		1.3963
v 2.1524 		0.0047 		1.3968
v 2.1499 		0.0042 		1.3972
v 2.1473 		0.0038 		1.3976
v 2.1448 		0.0033 		1.3981
v 2.1422 		0.0028 		1.3985
v 2.1396 		0.0023 		1.399
v 2.137 		0.0019 		1.3994
v 2.1344 		0.0014 		1.3998
v 2.1318 		0.0009 		1.4003
v 2.1291 		0.0005 		1.4007
v -2.1123 		0.0005 		1.4007
v -2.1146 		0.0009 		1.4003
v -2.117 		0.0014 		1.3998
v -2.1193 		0.0019 		1.3994
v -2.1215 		0.0023 		1.399
v -2.1238 		0.0028 		1.3985
v -2.1261 		0.0033 		1.3981
v -2.1283 		0.0038 		1.3976
v -2.1306 		0.0042 		1.3972
v -2.1328 		0.0047 		1.3968
v -2.135 		0.0052 		1.3963
v -2.1372 		0.0063 		1.3966
v -2.1815 		0.0182 		1.3881
v -2.2225 		0.0313 		1.3787
v -2.2602 		0.0455 		1.3685
v -2.2947 		0.0609 		1.3575
v -2.3262 		0.0773 		1.3457
v -2.3547 		0.0948 		1.3332
v -2.3803 		0.1131 		1.3201
v -2.4032 		0.1324 		1.3062
v -2.4233 		0.1526 		1.2918
v -2.4409 		0.1736 		1.2768
v -2.456 		0.1953 		1.2612
v -2.4687 		0.2177 		1.2451
v -2.4791 		0.2407 		1.2286
v -2.4873 		0.2644 		1.2116
v -2.4934 		0.2886 		1.1943
v -2.4975 		0.3133 		1.1766
v -2.4997 		0.3384 		1.1586
v -2.5 		0.364 		1.1403
v -2.4986 		0.3898 		1.1217
v -2.4956 		0.416 		1.103
v -2.4911 		0.4424 		1.0841
v -2.4851 		0.469 		1.065
v -2.4777 		0.4957 		1.0459
v -2.4691 		0.5225 		1.0267
v -2.4594 		0.5493 		1.0074
v -2.4486 		0.5761 		0.9882
v -2.4369 		0.6028 		0.9691
v -2.4243 		0.6294 		0.95
v -2.4109 		0.6558 		0.9311
v -2.3968 		0.682 		0.9123
v -2.3822 		0.7079 		0.8937
v -2.367 		0.7335 		0.8754
v -2.3515 		0.7587 		0.8573
v -2.3357 		0.7835 		0.8396
v -2.3197 		0.8077 		0.8222
v -2.3036 		0.8315 		0.8052
v -2.2875 		0.8546 		0.7886
v -2.2715 		0.8771 		0.7725
v -2.2556 		0.8989 		0.7568
v -2.2401 		0.92 		0.7417
v -2.2249 		0.9402 		0.7272
v -2.2102 		0.9597 		0.7133
v -2.1961 		0.9782 		0.7
v -2.1826 		0.9957 		0.6874
v -2.1699 		1.0123 		0.6756
v -2.158 		1.0278 		0.6645
v -2.1471 		1.0422 		0.6541
v -2.1372 		1.0554 		0.6447
v -2.1278 		1.0677 		0.6359
v -2.1182 		1.0792 		0.6276
v -2.1083 		1.0901 		0.6198
v -2.0982 		1.1002 		0.6126
v -2.0878 		1.1097 		0.6058
v -2.0772 		1.1185 		0.5994
v -2.0663 		1.1267 		0.5936
v -2.0551 		1.1343 		0.5881
v -2.0437 		1.1413 		0.5831
v -2.0319 		1.1477 		0.5785
v -2.0199 		1.1536 		0.5743
v -2.0075 		1.159 		0.5704
v -1.9948 		1.1638 		0.567
v -1.9818 		1.1682 		0.5638
v -1.9685 		1.1721 		0.561
v -1.9548 		1.1755 		0.5586
v -1.9407 		1.1786 		0.5564
v -1.9263 		1.1812 		0.5545
v -1.9115 		1.1834 		0.5529
v -1.8963 		1.1853 		0.5516
v -1.8807 		1.1868 		0.5505
v -1.8647 		1.188 		0.5496
v -1.8484 		1.1889 		0.549
v -1.8315 		1.1896 		0.5485
v -1.8143 		1.1899 		0.5483
v -1.7966 		1.19 		0.5482
v -1.7785 		1.1899 		0.5483
v -1.7599 		1.1896 		0.5485
v -1.7408 		1.1891 		0.5488
v -1.7213 		1.1884 		0.5493
v -1.7013 		1.1876 		0.5499
v -1.6808 		1.1867 		0.5506
v -1.6598 		1.1857 		0.5513
v -1.6383 		1.1846 		0.5521
v -1.6162 		1.1834 		0.5529
v -1.5937 		1.1822 		0.5538
v -1.5706 		1.181 		0.5547
v -1.5469 		1.1798 		0.5555
v -1.5227 		1.1786 		0.5564
v -1.4979 		1.1774 		0.5572
v -1.4726 		1.1763 		0.558
v -1.4467 		1.1753 		0.5588
v -1.4201 		1.1744 		0.5594
v -1.393 		1.1736 		0.56
v -1.3653 		1.1729 		0.5605
v -1.3369 		1.1724 		0.5608
v -1.3079 		1.1721 		0.561
v -1.2783 		1.172 		0.5611
v -1.249 		1.172 		0.5611
v -1.2208 		1.172 		0.5611
v -1.1937 		1.1719 		0.5612
v -1.1676 		1.1719 		0.5612
v -1.1425 		1.1718 		0.5612
v -1.1183 		1.1717 		0.5613
v -1.0949 		1.1716 		0.5614
v -1.0724 		1.1715 		0.5614
v -1.0505 		1.1714 		0.5615
v -1.0293 		1.1713 		0.5616
v -1.0086 		1.1712 		0.5617
v -0.9885 		1.171 		0.5618
v -0.9688 		1.1709 		0.5619
v -0.9496 		1.1707 		0.562
v -0.9306 		1.1705 		0.5622
v -0.912 		1.1704 		0.5623
v -0.8935 		1.1702 		0.5624
v -0.8752 		1.17 		0.5625
v -0.857 		1.1698 		0.5627
v -0.8387 		1.1696 		0.5628
v -0.8204 		1.1694 		0.563
v -0.8021 		1.1692 		0.5631
v -0.7835 		1.169 		0.5632
v -0.7647 		1.1688 		0.5634
v -0.7456 		1.1686 		0.5635
v -0.7261 		1.1684 		0.5637
v -0.7062 		1.1682 		0.5638
v -0.6858 		1.168 		0.5639
v -0.6649 		1.1678 		0.5641
v -0.6433 		1.1677 		0.5642
v -0.621 		1.1675 		0.5644
v -0.598 		1.1673 		0.5645
v -0.5742 		1.1671 		0.5646
v -0.5495 		1.167 		0.5647
v -0.5239 		1.1668 		0.5648
v -0.4973 		1.1666 		0.5649
v -0.4696 		1.1665 		0.5651
v -0.4408 		1.1664 		0.5651
v -0.4108 		1.1662 		0.5652
v -0.3795 		1.1661 		0.5653
v -0.347 		1.166 		0.5654
v -0.313 		1.1659 		0.5655
v -0.2776 		1.1658 		0.5655
v -0.2407 		1.1658 		0.5656
v -0.2022 		1.1657 		0.5656
v -0.1621 		1.1657 		0.5656
v -0.1203 		1.1657 		0.5657
v -0.0767 		1.1656 		0.5657
v -0.033 		1.1657 		0.5656
v 0.0094 		1.1658 		0.5655
v 0.0504 		1.166 		0.5654
v 0.0902 		1.1663 		0.5652
v 0.1287 		1.1666 		0.565
v 0.166 		1.167 		0.5647
v 0.2022 		1.1675 		0.5643
v 0.2373 		1.168 		0.564
v 0.2713 		1.1686 		0.5636
v 0.3044 		1.1692 		0.5631
v 0.3365 		1.1698 		0.5627
v 0.3677 		1.1705 		0.5622
v 0.398 		1.1712 		0.5617
v 0.4275 		1.1719 		0.5612
v 0.4563 		1.1726 		0.5607
v 0.4844 		1.1734 		0.5601
v 0.5118 		1.1741 		0.5596
v 0.5386 		1.1749 		0.5591
v 0.5648 		1.1756 		0.5585
v 0.5905 		1.1763 		0.558
v 0.6158 		1.177 		0.5575
v 0.6406 		1.1777 		0.557
v 0.6651 		1.1784 		0.5565
v 0.6892 		1.1791 		0.5561
v 0.7131 		1.1797 		0.5556
v 0.7368 		1.1802 		0.5552
v 0.7603 		1.1807 		0.5548
v 0.7836 		1.1812 		0.5545
v 0.8069 		1.1816 		0.5542
v 0.8301 		1.182 		0.554
v 0.8534 		1.1823 		0.5538
v 0.8767 		1.1825 		0.5536
v 0.9001 		1.1826 		0.5535
v 0.9237 		1.1827 		0.5535
v 0.9476 		1.1826 		0.5535
v 0.9716 		1.1825 		0.5536
v 0.996 		1.1823 		0.5537
v 1.0208 		1.182 		0.554
v 1.0459 		1.1815 		0.5543
v 1.0715 		1.181 		0.5547
v 1.0976 		1.1803 		0.5551
v 1.1243 		1.1796 		0.5557
v 1.1515 		1.1786 		0.5563
v 1.1794 		1.1776 		0.5571
v 1.208 		1.1764 		0.5579
v 1.2373 		1.1751 		0.5589
v 1.2675 		1.1736 		0.5599
v 1.2984 		1.172 		0.5611
v 1.3294 		1.1704 		0.5623
v 1.3596 		1.1688 		0.5634
v 1.389 		1.1674 		0.5644
v 1.4176 		1.1661 		0.5653
v 1.4455 		1.1648 		0.5662
v 1.4726 		1.1636 		0.5671
v 1.499 		1.1624 		0.568
v 1.5247 		1.1613 		0.5688
v 1.5497 		1.1601 		0.5696
v 1.574 		1.159 		0.5704
v 1.5977 		1.1578 		0.5713
v 1.6207 		1.1565 		0.5722
v 1.6431 		1.1552 		0.5731
v 1.6649 		1.1538 		0.5741
v 1.686 		1.1523 		0.5752
v 1.7066 		1.1507 		0.5764
v 1.7267 		1.149 		0.5776
v 1.7462 		1.1471 		0.5789
v 1.7651 		1.1451 		0.5804
v 1.7836 		1.1428 		0.582
v 1.8015 		1.1404 		0.5838
v 1.819 		1.1378 		0.5856
v 1.836 		1.1349 		0.5877
v 1.8525 		1.1318 		0.5899
v 1.8687 		1.1284 		0.5924
v 1.8844 		1.1247 		0.595
v 1.8997 		1.1207 		0.5978
v 1.9146 		1.1165 		0.6009
v 1.9291 		1.1118 		0.6042
v 1.9433 		1.1069 		0.6078
v 1.9572 		1.1016 		0.6116
v 1.9707 		1.0958 		0.6157
v 1.984 		1.0897 		0.6201
v 1.9969 		1.0832 		0.6248
v 2.0096 		1.0762 		0.6297
v 2.022 		1.0688 		0.635
v 2.0342 		1.061 		0.6407
v 2.0462 		1.0526 		0.6467
v 2.058 		1.0438 		0.653
v 2.0696 		1.0344 		0.6597
v 2.081 		1.0245 		0.6668
v 2.0922 		1.014 		0.6743
v 2.1033 		1.003 		0.6822
v 2.1143 		0.9914 		0.6905
v 2.1252 		0.9792 		0.6993
v 2.136 		0.9664 		0.7085
v 2.1467 		0.953 		0.7181
v 2.1573 		0.9389 		0.7282
v 2.1684 		0.924 		0.7388
v 2.1803 		0.9084 		0.7501
v 2.1928 		0.892 		0.7618
v 2.206 		0.8748 		0.7741
v 2.2198 		0.857 		0.7869
v 2.234 		0.8386 		0.8001
v 2.2486 		0.8195 		0.8138
v 2.2635 		0.7999 		0.8278
v 2.2786 		0.7797 		0.8423
v 2.2938 		0.7591 		0.8571
v 2.3091 		0.738 		0.8722
v 2.3244 		0.7165 		0.8876
v 2.3396 		0.6946 		0.9033
v 2.3545 		0.6724 		0.9192
v 2.3692 		0.6499 		0.9353
v 2.3835 		0.6272 		0.9516
v 2.3974 		0.6043 		0.968
v 2.4108 		0.5812 		0.9846
v 2.4235 		0.5579 		1.0012
v 2.4356 		0.5346 		1.018
v 2.4469 		0.5112 		1.0347
v 2.4573 		0.4879 		1.0515
v 2.4668 		0.4645 		1.0682
v 2.4753 		0.4412 		1.0849
v 2.4826 		0.4181 		1.1015
v 2.4888 		0.395 		1.118
v 2.4937 		0.3722 		1.1344
v 2.4973 		0.3496 		1.1506
v 2.4994 		0.3272 		1.1666
v 2.5 		0.3052 		1.1824
v 2.499 		0.2835 		1.1979
v 2.4963 		0.2622 		1.2132
v 2.4919 		0.2413 		1.2282
v 2.4856 		0.2209 		1.2428
v 2.4774 		0.201 		1.2571
v 2.4672 		0.1817 		1.2709
v 2.4548 		0.1629 		1.2844
v 2.4403 		0.1447 		1.2974
v 2.4236 		0.1273 		1.3099
v 2.4045 		0.1105 		1.322
v 2.3829 		0.0944 		1.3335
v 2.3589 		0.0792 		1.3444
v 2.3323 		0.0648 		1.3547
v 2.303 		0.0512 		1.3645
v 2.2709 		0.0385 		1.3735
v 2.236 		0.0268 		1.3819
v 2.1982 		0.0161 		1.3896
v 2.1573 		0.0063 		1.3966
v 2.1549 		0.0058 		1.397
v 2.1524 		0.0053 		1.3974
v 2.1499 		0.0047 		1.3977
v 2.1473 		0.0042 		1.3981
v 2.1448 		0.0037 		1.3985
v 2.1422 		0.0032 		1.3989
v 2.1396 		0.0026 		1.3993
v 2.137 		0.0021 		1.3996
v 2.1344 		0.0016 		1.4
v 2.1318 		0.001 		1.4004
v 2.1291 		0.0005 		1.4008
v -2.1123 		0.0005 		1.4008
v -2.1146 		0.001 		1.4004
v -2.117 		0.0016 		1.4
v -2.1193 		0.0021 		1.3996
v -2.1215 		0.0026 		1.3993
v -2.1238 		0.0032 		1.3989
v -2.1261 		0.0037 		1.3985
v -2.1283 		0.0042 		1.3981
v -2.1306 		0.0047 		1.3978
v -2.1328 		0.0053 		1.3974
v -2.135 		0.0058 		1.397
v -2.1372 		0.0069 		1.3974
v -2.1815 		0.0199 		1.3904
v -2.2225 		0.0342 		1.3827
v -2.2602 		0.0497 		1.3743
v -2.2947 		0.0665 		1.3653
v -2.3262 		0.0844 		1.3556
v -2.3547 		0.1034 		1.3454
v -2.3803 		0.1235 		1.3345
v -2.4032 		0.1446 		1.3232
v -2.4233 		0.1666 		1.3113
v -2.4409 		0.1895 		1.299
v -2.456 		0.2132 		1.2862
v -2.4687 		0.2376 		1.273
v -2.4791 		0.2628 		1.2594
v -2.4873 		0.2886 		1.2455
v -2.4934 		0.315 		1.2312
v -2.4975 		0.342 		1.2167
v -2.4997 		0.3694 		1.2019
v -2.5 		0.3973 		1.1869
v -2.4986 		0.4256 		1.1716
v -2.4956 		0.4541 		1.1562
v -2.4911 		0.4829 		1.1407
v -2.4851 		0.5119 		1.1251
v -2.4777 		0.5411 		1.1093
v -2.4691 		0.5703 		1.0936
v -2.4594 		0.5996 		1.0778
v -2.4486 		0.6289 		1.062
v -2.4369 		0.658 		1.0463
v -2.4243 		0.6871 		1.0306
v -2.4109 		0.7159 		1.0151
v -2.3968 		0.7445 		0.9996
v -2.3822 		0.7728 		0.9844
v -2.367 		0.8007 		0.9693
v -2.3515 		0.8282 		0.9545
v -2.3357 		0.8552 		0.9399
v -2.3197 		0.8817 		0.9256
v -2.3036 		0.9076 		0.9117
v -2.2875 		0.9329 		0.898
v -2.2715 		0.9575 		0.8848
v -2.2556 		0.9813 		0.872
v -2.2401 		1.0042 		0.8596
v -2.2249 		1.0264 		0.8476
v -2.2102 		1.0476 		0.8362
v -2.1961 		1.0678 		0.8253
v -2.1826 		1.0869 		0.815
v -2.1699 		1.105 		0.8052
v -2.158 		1.1219 		0.7961
v -2.1471 		1.1377 		0.7876
v -2.1372 		1.1521 		0.7798
v -2.1278 		1.1655 		0.7726
v -2.1182 		1.1781 		0.7658
v -2.1083 		1.1899 		0.7594
v -2.0982 		1.201 		0.7534
v -2.0878 		1.2113 		0.7479
v -2.0772 		1.221 		0.7427
v -2.0663 		1.2299 		0.7379
v -2.0551 		1.2382 		0.7334
v -2.0437 		1.2458 		0.7293
v -2.0319 		1.2529 		0.7255
v -2.0199 		1.2593 		0.722
v -2.0075 		1.2651 		0.7189
v -1.9948 		1.2704 		0.716
v -1.9818 		1.2752 		0.7134
v -1.9685 		1.2795 		0.7111
v -1.9548 		1.2832 		0.7091
v -1.9407 		1.2865 		0.7073
v -1.9263 		1.2894 		0.7058
v -1.9115 		1.2918 		0.7045
v -1.8963 		1.2939 		0.7034
v -1.8807 		1.2956 		0.7025
v -1.8647 		1.2969 		0.7017
v -1.8484 		1.2979 		0.7012
v -1.8315 		1.2985 		0.7008
v -1.8143 		1.2989 		0.7006
v -1.7966 		1.299 		0.7006
v -1.7785 		1.2989 		0.7006
v -1.7599 		1.2986 		0.7008
v -1.7408 		1.298 		0.7011
v -1.7213 		1.2973 		0.7015
v -1.7013 		1.2964 		0.702
v -1.6808 		1.2954 		0.7025
v -1.6598 		1.2943 		0.7031
v -1.6383 		1.2931 		0.7038
v -1.6162 		1.2918 		0.7045
v -1.5937 		1.2905 		0.7052
v -1.5706 		1.2892 		0.7059
v -1.5469 		1.2878 		0.7066
v -1.5227 		1.2865 		0.7073
v -1.4979 		1.2853 		0.708
v -1.4726 		1.2841 		0.7087
v -1.4467 		1.2829 		0.7093
v -1.4201 		1.2819 		0.7098
v -1.393 		1.2811 		0.7103
v -1.3653 		1.2804 		0.7107
v -1.3369 		1.2798 		0.7109
v -1.3079 		1.2795 		0.7111
v -1.2783 		1.2794 		0.7112
v -1.249 		1.2793 		0.7112
v -1.2208 		1.2793 		0.7112
v -1.1937 		1.2793 		0.7112
v -1.1676 		1.2792 		0.7113
v -1.1425 		1.2791 		0.7113
v -1.1183 		1.2791 		0.7114
v -1.0949 		1.279 		0.7114
v -1.0724 		1.2788 		0.7115
v -1.0505 		1.2787 		0.7115
v -1.0293 		1.2786 		0.7116
v -1.0086 		1.2784 		0.7117
v -0.9885 		1.2783 		0.7118
v -0.9688 		1.2781 		0.7119
v -0.9496 		1.2779 		0.712
v -0.9306 		1.2777 		0.7121
v -0.912 		1.2776 		0.7122
v -0.8935 		1.2774 		0.7123
v -0.8752 		1.2772 		0.7124
v -0.857 		1.277 		0.7125
v -0.8387 		1.2767 		0.7126
v -0.8204 		1.2765 		0.7127
v -0.8021 		1.2763 		0.7128
v -0.7835 		1.2761 		0.7129
v -0.7647 		1.2759 		0.7131
v -0.7456 		1.2757 		0.7132
v -0.7261 		1.2755 		0.7133
v -0.7062 		1.2752 		0.7134
v -0.6858 		1.275 		0.7135
v -0.6649 		1.2748 		0.7136
v -0.6433 		1.2746 		0.7137
v -0.621 		1.2744 		0.7139
v -0.598 		1.2742 		0.714
v -0.5742 		1.274 		0.7141
v -0.5495 		1.2738 		0.7142
v -0.5239 		1.2737 		0.7143
v -0.4973 		1.2735 		0.7143
v -0.4696 		1.2733 		0.7144
v -0.4408 		1.2732 		0.7145
v -0.4108 		1.2731 		0.7146
v -0.3795 		1.2729 		0.7147
v -0.347 		1.2728 		0.7147
v -0.313 		1.2727 		0.7148
v -0.2776 		1.2726 		0.7148
v -0.2407 		1.2726 		0.7149
v -0.2022 		1.2725 		0.7149
v -0.1621 		1.2725 		0.7149
v -0.1203 		1.2724 		0.7149
v -0.0767 		1.2724 		0.7149
v -0.033 		1.2725 		0.7149
v 0.0094 		1.2726 		0.7148
v 0.0504 		1.2728 		0.7147
v 0.0902 		1.2731 		0.7145
v 0.1287 		1.2735 		0.7143
v 0.166 		1.2739 		0.7141
v 0.2022 		1.2744 		0.7138
v 0.2373 		1.275 		0.7135
v 0.2713 		1.2756 		0.7132
v 0.3044 		1.2763 		0.7129
v 0.3365 		1.277 		0.7125
v 0.3677 		1.2777 		0.7121
v 0.398 		1.2785 		0.7117
v 0.4275 		1.2792 		0.7113
v 0.4563 		1.28 		0.7108
v 0.4844 		1.2808 		0.7104
v 0.5118 		1.2817 		0.71
v 0.5386 		1.2825 		0.7095
v 0.5648 		1.2833 		0.7091
v 0.5905 		1.2841 		0.7086
v 0.6158 		1.2849 		0.7082
v 0.6406 		1.2856 		0.7078
v 0.6651 		1.2864 		0.7074
v 0.6892 		1.2871 		0.707
v 0.7131 		1.2877 		0.7067
v 0.7368 		1.2883 		0.7063
v 0.7603 		1.2889 		0.706
v 0.7836 		1.2894 		0.7058
v 0.8069 		1.2899 		0.7055
v 0.8301 		1.2902 		0.7053
v 0.8534 		1.2906 		0.7051
v 0.8767 		1.2908 		0.705
v 0.9001 		1.2909 		0.7049
v 0.9237 		1.291 		0.7049
v 0.9476 		1.291 		0.7049
v 0.9716 		1.2908 		0.705
v 0.996 		1.2906 		0.7051
v 1.0208 		1.2902 		0.7053
v 1.0459 		1.2898 		0.7056
v 1.0715 		1.2892 		0.7059
v 1.0976 		1.2885 		0.7063
v 1.1243 		1.2876 		0.7067
v 1.1515 		1.2866 		0.7073
v 1.1794 		1.2855 		0.7079
v 1.208 		1.2842 		0.7086
v 1.2373 		1.2827 		0.7094
v 1.2675 		1.2811 		0.7102
v 1.2984 		1.2794 		0.7112
v 1.3294 		1.2776 		0.7122
v 1.3596 		1.2759 		0.7131
v 1.389 		1.2744 		0.7139
v 1.4176 		1.2729 		0.7147
v 1.4455 		1.2715 		0.7154
v 1.4726 		1.2702 		0.7161
v 1.499 		1.2689 		0.7168
v 1.5247 		1.2677 		0.7175
v 1.5497 		1.2664 		0.7182
v 1.574 		1.2651 		0.7189
v 1.5977 		1.2638 		0.7196
v 1.6207 		1.2625 		0.7203
v 1.6431 		1.261 		0.7211
v 1.6649 		1.2595 		0.7219
v 1.686 		1.2579 		0.7228
v 1.7066 		1.2561 		0.7237
v 1.7267 		1.2542 		0.7247
v 1.7462 		1.2522 		0.7258
v 1.7651 		1.25 		0.727
v 1.7836 		1.2475 		0.7284
v 1.8015 		1.2449 		0.7298
v 1.819 		1.242 		0.7313
v 1.836 		1.2388 		0.733
v 1.8525 		1.2354 		0.7349
v 1.8687 		1.2317 		0.7369
v 1.8844 		1.2277 		0.739
v 1.8997 		1.2234 		0.7414
v 1.9146 		1.2187 		0.7439
v 1.9291 		1.2137 		0.7466
v 1.9433 		1.2083 		0.7495
v 1.9572 		1.2025 		0.7527
v 1.9707 		1.1962 		0.756
v 1.984 		1.1896 		0.7596
v 1.9969 		1.1824 		0.7635
v 2.0096 		1.1748 		0.7676
v 2.022 		1.1667 		0.7719
v 2.0342 		1.1582 		0.7766
v 2.0462 		1.149 		0.7815
v 2.058 		1.1394 		0.7867
v 2.0696 		1.1291 		0.7922
v 2.081 		1.1183 		0.798
v 2.0922 		1.1069 		0.8042
v 2.1033 		1.0949 		0.8107
v 2.1143 		1.0822 		0.8175
v 2.1252 		1.0689 		0.8247
v 2.136 		1.0549 		0.8322
v 2.1467 		1.0403 		0.8401
v 2.1573 		1.0249 		0.8484
v 2.1684 		1.0087 		0.8572
v 2.1803 		0.9916 		0.8664
v 2.1928 		0.9737 		0.876
v 2.206 		0.955 		0.8861
v 2.2198 		0.9355 		0.8966
v 2.234 		0.9154 		0.9075
v 2.2486 		0.8946 		0.9187
v 2.2635 		0.8731 		0.9303
v 2.2786 		0.8511 		0.9421
v 2.2938 		0.8286 		0.9543
v 2.3091 		0.8056 		0.9667
v 2.3244 		0.7821 		0.9794
v 2.3396 		0.7582 		0.9922
v 2.3545 		0.734 		1.0053
v 2.3692 		0.7095 		1.0185
v 2.3835 		0.6847 		1.0319
v 2.3974 		0.6596 		1.0454
v 2.4108 		0.6344 		1.059
v 2.4235 		0.609 		1.0727
v 2.4356 		0.5836 		1.0864
v 2.4469 		0.5581 		1.1002
v 2.4573 		0.5325 		1.1139
v 2.4668 		0.5071 		1.1277
v 2.4753 		0.4816 		1.1414
v 2.4826 		0.4563 		1.155
v 2.4888 		0.4312 		1.1686
v 2.4937 		0.4063 		1.182
v 2.4973 		0.3816 		1.1954
v 2.4994 		0.3572 		1.2085
v 2.5 		0.3332 		1.2215
v 2.499 		0.3095 		1.2342
v 2.4963 		0.2862 		1.2468
v 2.4919 		0.2634 		1.2591
v 2.4856 		0.2412 		1.2711
v 2.4774 		0.2194 		1.2828
v 2.4672 		0.1983 		1.2942
v 2.4548 		0.1778 		1.3053
v 2.4403 		0.158 		1.3159
v 2.4236 		0.1389 		1.3262
v 2.4045 		0.1206 		1.3361
v 2.3829 		0.1031 		1.3455
v 2.3589 		0.0864 		1.3545
v 2.3323 		0.0707 		1.363
v 2.303 		0.0559 		1.371
v 2.2709 		0.0421 		1.3785
v 2.236 		0.0293 		1.3854
v 2.1982 		0.0175 		1.3917
v 2.1573 		0.0069 		1.3974
v 2.1549 		0.0063 		1.3977
v 2.1524 		0.0058 		1.398
v 2.1499 		0.0052 		1.3984
v 2.1473 		0.0046 		1.3987
v 2.1448 		0.004 		1.399
v 2.1422 		0.0034 		1.3993
v 2.1396 		0.0029 		1.3996
v 2.137 		0.0023 		1.3999
v 2.1344 		0.0017 		1.4002
v 2.1318 		0.0011 		1.4005
v 2.1291 		0.0006 		1.4008
v -2.1123 		0.0006 		1.4008
v -2.1146 		0.0011 		1.4005
v -2.117 		0.0017 		1.4002
v -2.1193 		0.0023 		1.3999
v -2.1215 		0.0029 		1.3996
v -2.1238 		0.0034 		1.3993
v -2.1261 		0.004 		1.399
v -2.1283 		0.0046 		1.3987
v -2.1306 		0.0052 		1.3984
v -2.1328 		0.0058 		1.398
v -2.135 		0.0063 		1.3977
v -2.1372 		0.0074 		1.3983
v -2.1815 		0.0212 		1.3929
v -2.2225 		0.0364 		1.3871
v -2.2602 		0.053 		1.3806
v -2.2947 		0.0709 		1.3737
v -2.3262 		0.09 		1.3663
v -2.3547 		0.1103 		1.3585
v -2.3803 		0.1318 		1.3502
v -2.4032 		0.1542 		1.3415
v -2.4233 		0.1777 		1.3324
v -2.4409 		0.2021 		1.3229
v -2.456 		0.2274 		1.3132
v -2.4687 		0.2535 		1.3031
v -2.4791 		0.2803 		1.2927
v -2.4873 		0.3079 		1.282
v -2.4934 		0.3361 		1.2711
v -2.4975 		0.3648 		1.26
v -2.4997 		0.3941 		1.2487
v -2.5 		0.4239 		1.2372
v -2.4986 		0.454 		1.2255
v -2.4956 		0.4844 		1.2137
v -2.4911 		0.5152 		1.2018
v -2.4851 		0.5461 		1.1898
v -2.4777 		0.5772 		1.1778
v -2.4691 		0.6084 		1.1657
v -2.4594 		0.6397 		1.1537
v -2.4486 		0.6709 		1.1416
v -2.4369 		0.702 		1.1295
v -2.4243 		0.733 		1.1176
v -2.4109 		0.7637 		1.1056
v -2.3968 		0.7942 		1.0938
v -2.3822 		0.8244 		1.0822
v -2.367 		0.8542 		1.0706
v -2.3515 		0.8835 		1.0593
v -2.3357 		0.9124 		1.0481
v -2.3197 		0.9406 		1.0372
v -2.3036 		0.9683 		1.0265
v -2.2875 		0.9952 		1.0161
v -2.2715 		1.0214 		1.0059
v -2.2556 		1.0468 		0.9961
v -2.2401 		1.0713 		0.9866
v -2.2249 		1.0949 		0.9775
v -2.2102 		1.1175 		0.9688
v -2.1961 		1.1391 		0.9604
v -2.1826 		1.1596 		0.9525
v -2.1699 		1.1788 		0.945
v -2.158 		1.1969 		0.9381
v -2.1471 		1.2137 		0.9316
v -2.1372 		1.2291 		0.9256
v -2.1278 		1.2434 		0.9201
v -2.1182 		1.2568 		0.9149
v -2.1083 		1.2694 		0.91
v -2.0982 		1.2812 		0.9054
v -2.0878 		1.2923 		0.9012
v -2.0772 		1.3025 		0.8972
v -2.0663 		1.3121 		0.8935
v -2.0551 		1.3209 		0.8901
v -2.0437 		1.3291 		0.8869
v -2.0319 		1.3366 		0.884
v -2.0199 		1.3434 		0.8814
v -2.0075 		1.3497 		0.8789
v -1.9948 		1.3553 		0.8768
v -1.9818 		1.3604 		0.8748
v -1.9685 		1.3649 		0.873
v -1.9548 		1.369 		0.8715
v -1.9407 		1.3725 		0.8701
v -1.9263 		1.3755 		0.8689
v -1.9115 		1.3781 		0.8679
v -1.8963 		1.3803 		0.8671
v -1.8807 		1.3821 		0.8664
v -1.8647 		1.3835 		0.8658
v -1.8484 		1.3846 		0.8654
v -1.8315 		1.3853 		0.8652
v -1.8143 		1.3857 		0.865
v -1.7966 		1.3858 		0.865
v -1.7785 		1.3857 		0.865
v -1.7599 		1.3853 		0.8651
v -1.7408 		1.3847 		0.8654
v -1.7213 		1.384 		0.8657
v -1.7013 		1.383 		0.866
v -1.6808 		1.382 		0.8664
v -1.6598 		1.3808 		0.8669
v -1.6383 		1.3795 		0.8674
v -1.6162 		1.3781 		0.8679
v -1.5937 		1.3767 		0.8685
v -1.5706 		1.3753 		0.869
v -1.5469 		1.3739 		0.8696
v -1.5227 		1.3725 		0.8701
v -1.4979 		1.3711 		0.8706
v -1.4726 		1.3698 		0.8711
v -1.4467 		1.3686 		0.8716
v -1.4201 		1.3676 		0.872
v -1.393 		1.3666 		0.8724
v -1.3653 		1.3659 		0.8727
v -1.3369 		1.3653 		0.8729
v -1.3079 		1.3649 		0.873
v -1.2783 		1.3648 		0.8731
v -1.249 		1.3648 		0.8731
v -1.2208 		1.3648 		0.8731
v -1.1937 		1.3647 		0.8731
v -1.1676 		1.3647 		0.8731
v -1.1425 		1.3646 		0.8732
v -1.1183 		1.3645 		0.8732
v -1.0949 		1.3644 		0.8732
v -1.0724 		1.3643 		0.8733
v -1.0505 		1.3641 		0.8733
v -1.0293 		1.364 		0.8734
v -1.0086 		1.3638 		0.8735
v -0.9885 		1.3637 		0.8735
v -0.9688 		1.3635 		0.8736
v -0.9496 		1.3633 		0.8737
v -0.9306 		1.3631 		0.8737
v -0.912 		1.3629 		0.8738
v -0.8935 		1.3627 		0.8739
v -0.8752 		1.3625 		0.874
v -0.857 		1.3623 		0.8741
v -0.8387 		1.362 		0.8742
v -0.8204 		1.3618 		0.8742
v -0.8021 		1.3616 		0.8743
v -0.7835 		1.3614 		0.8744
v -0.7647 		1.3611 		0.8745
v -0.7456 		1.3609 		0.8746
v -0.7261 		1.3607 		0.8747
v -0.7062 		1.3604 		0.8748
v -0.6858 		1.3602 		0.8749
v -0.6649 		1.36 		0.8749
v -0.6433 		1.3598 		0.875
v -0.621 		1.3596 		0.8751
v -0.598 		1.3593 		0.8752
v -0.5742 		1.3591 		0.8753
v -0.5495 		1.3589 		0.8754
v -0.5239 		1.3588 		0.8754
v -0.4973 		1.3586 		0.8755
v -0.4696 		1.3584 		0.8756
v -0.4408 		1.3583 		0.8756
v -0.4108 		1.3581 		0.8757
v -0.3795 		1.358 		0.8757
v -0.347 		1.3579 		0.8758
v -0.313 		1.3577 		0.8758
v -0.2776 		1.3577 		0.8759
v -0.2407 		1.3576 		0.8759
v -0.2022 		1.3575 		0.8759
v -0.1621 		1.3575 		0.8759
v -0.1203 		1.3574 		0.8759
v -0.0767 		1.3574 		0.8759
v -0.033 		1.3575 		0.8759
v 0.0094 		1.3576 		0.8759
v 0.0504 		1.3579 		0.8758
v 0.0902 		1.3582 		0.8756
v 0.1287 		1.3586 		0.8755
v 0.166 		1.359 		0.8753
v 0.2022 		1.3596 		0.8751
v 0.2373 		1.3602 		0.8749
v 0.2713 		1.3608 		0.8746
v 0.3044 		1.3615 		0.8744
v 0.3365 		1.3623 		0.8741
v 0.3677 		1.3631 		0.8738
v 0.398 		1.3639 		0.8735
v 0.4275 		1.3647 		0.8731
v 0.4563 		1.3655 		0.8728
v 0.4844 		1.3664 		0.8725
v 0.5118 		1.3673 		0.8721
v 0.5386 		1.3681 		0.8718
v 0.5648 		1.369 		0.8715
v 0.5905 		1.3699 		0.8711
v 0.6158 		1.3707 		0.8708
v 0.6406 		1.3715 		0.8705
v 0.6651 		1.3723 		0.8702
v 0.6892 		1.373 		0.8699
v 0.7131 		1.3737 		0.8696
v 0.7368 		1.3744 		0.8694
v 0.7603 		1.375 		0.8691
v 0.7836 		1.3756 		0.8689
v 0.8069 		1.376 		0.8687
v 0.8301 		1.3764 		0.8686
v 0.8534 		1.3768 		0.8685
v 0.8767 		1.377 		0.8684
v 0.9001 		1.3772 		0.8683
v 0.9237 		1.3772 		0.8683
v 0.9476 		1.3772 		0.8683
v 0.9716 		1.3771 		0.8683
v 0.996 		1.3768 		0.8684
v 1.0208 		1.3764 		0.8686
v 1.0459 		1.3759 		0.8688
v 1.0715 		1.3753 		0.869
v 1.0976 		1.3745 		0.8693
v 1.1243 		1.3736 		0.8697
v 1.1515 		1.3726 		0.8701
v 1.1794 		1.3713 		0.8706
v 1.208 		1.37 		0.8711
v 1.2373 		1.3684 		0.8717
v 1.2675 		1.3667 		0.8723
v 1.2984 		1.3648 		0.8731
v 1.3294 		1.3629 		0.8738
v 1.3596 		1.3611 		0.8745
v 1.389 		1.3595 		0.8751
v 1.4176 		1.3579 		0.8757
v 1.4455 		1.3565 		0.8763
v 1.4726 		1.3551 		0.8769
v 1.499 		1.3537 		0.8774
v 1.5247 		1.3523 		0.8779
v 1.5497 		1.351 		0.8784
v 1.574 		1.3496 		0.8789
v 1.5977 		1.3483 		0.8795
v 1.6207 		1.3468 		0.88
v 1.6431 		1.3453 		0.8806
v 1.6649 		1.3437 		0.8813
v 1.686 		1.3419 		0.8819
v 1.7066 		1.3401 		0.8827
v 1.7267 		1.338 		0.8834
v 1.7462 		1.3358 		0.8843
v 1.7651 		1.3335 		0.8852
v 1.7836 		1.3309 		0.8862
v 1.8015 		1.328 		0.8873
v 1.819 		1.325 		0.8885
v 1.836 		1.3216 		0.8898
v 1.8525 		1.318 		0.8912
v 1.8687 		1.314 		0.8927
v 1.8844 		1.3098 		0.8944
v 1.8997 		1.3051 		0.8962
v 1.9146 		1.3001 		0.8981
v 1.9291 		1.2948 		0.9002
v 1.9433 		1.289 		0.9024
v 1.9572 		1.2828 		0.9048
v 1.9707 		1.2761 		0.9074
v 1.984 		1.269 		0.9101
v 1.9969 		1.2614 		0.9131
v 2.0096 		1.2533 		0.9162
v 2.022 		1.2447 		0.9196
v 2.0342 		1.2355 		0.9231
v 2.0462 		1.2258 		0.9269
v 2.058 		1.2155 		0.9309
v 2.0696 		1.2046 		0.9351
v 2.081 		1.193 		0.9395
v 2.0922 		1.1809 		0.9442
v 2.1033 		1.168 		0.9492
v 2.1143 		1.1545 		0.9544
v 2.1252 		1.1403 		0.9599
v 2.136 		1.1254 		0.9657
v 2.1467 		1.1097 		0.9718
v 2.1573 		1.0933 		0.9781
v 2.1684 		1.076 		0.9848
v 2.1803 		1.0578 		0.9919
v 2.1928 		1.0387 		0.9993
v 2.206 		1.0188 		1.007
v 2.2198 		0.998 		1.015
v 2.234 		0.9765 		1.0233
v 2.2486 		0.9543 		1.0319
v 2.2635 		0.9315 		1.0408
v 2.2786 		0.908 		1.0498
v 2.2938 		0.8839 		1.0591
v 2.3091 		0.8594 		1.0686
v 2.3244 		0.8343 		1.0783
v 2.3396 		0.8089 		1.0882
v 2.3545 		0.783 		1.0982
v 2.3692 		0.7569 		1.1083
v 2.3835 		0.7304 		1.1185
v 2.3974 		0.7037 		1.1289
v 2.4108 		0.6768 		1.1393
v 2.4235 		0.6497 		1.1498
v 2.4356 		0.6226 		1.1603
v 2.4469 		0.5954 		1.1708
v 2.4573 		0.5681 		1.1813
v 2.4668 		0.5409 		1.1919
v 2.4753 		0.5138 		1.2023
v 2.4826 		0.4868 		1.2128
v 2.4888 		0.46 		1.2232
v 2.4937 		0.4334 		1.2335
v 2.4973 		0.4071 		1.2436
v 2.4994 		0.3811 		1.2537
v 2.5 		0.3554 		1.2636
v 2.499 		0.3302 		1.2734
v 2.4963 		0.3054 		1.283
v 2.4919 		0.281 		1.2924
v 2.4856 		0.2573 		1.3016
v 2.4774 		0.2341 		1.3106
v 2.4672 		0.2116 		1.3193
v 2.4548 		0.1897 		1.3278
v 2.4403 		0.1686 		1.3359
v 2.4236 		0.1482 		1.3438
v 2.4045 		0.1287 		1.3514
v 2.3829 		0.11 		1.3586
v 2.3589 		0.0922 		1.3655
v 2.3323 		0.0754 		1.372
v 2.303 		0.0596 		1.3781
v 2.2709 		0.0449 		1.3838
v 2.236 		0.0312 		1.3891
v 2.1982 		0.0187 		1.3939
v 2.1573 		0.0074 		1.3983
v 2.1549 		0.0068 		1.3985
v 2.1524 		0.0061 		1.3988
v 2.1499 		0.0055 		1.399
v 2.1473 		0.0049 		1.3993
v 2.1448 		0.0043 		1.3995
v 2.1422 		0.0037 		1.3997
v 2.1396 		0.0031 		1.4
v 2.137 		0.0024 		1.4002
v 2.1344 		0.0018 		1.4004
v 2.1318 		0.0012 		1.4007
v -2.1146 		0.0012 		1.4007
v -2.117 		0.0018 		1.4004
v -2.1193 		0.0024 		1.4002
v -2.1215 		0.0031 		1.4
v -2.1238 		0.0037 		1.3997
v -2.1261 		0.0043 		1.3995
v -2.1283 		0.0049 		1.3993
v -2.1306 		0.0055 		1.399
v -2.1328 		0.0061 		1.3988
v -2.135 		0.0068 		1.3985
v -2.1372 		0.0077 		1.3992
v -2.1815 		0.0222 		1.3956
v -2.2225 		0.0381 		1.3916
v -2.2602 		0.0554 		1.3873
v -2.2947 		0.0741 		1.3826
v -2.3262 		0.0941 		1.3776
v -2.3547 		0.1154 		1.3723
v -2.3803 		0.1378 		1.3667
v -2.4032 		0.1613 		1.3608
v -2.4233 		0.1858 		1.3546
v -2.4409 		0.2113 		1.3483
v -2.456 		0.2377 		1.3416
v -2.4687 		0.265 		1.3348
v -2.4791 		0.2931 		1.3278
v -2.4873 		0.3219 		1.3206
v -2.4934 		0.3514 		1.3132
v -2.4975 		0.3815 		1.3057
v -2.4997 		0.4121 		1.298
v -2.5 		0.4431 		1.2902
v -2.4986 		0.4746 		1.2824
v -2.4956 		0.5065 		1.2744
v -2.4911 		0.5386 		1.2663
v -2.4851 		0.571 		1.2582
v -2.4777 		0.6035 		1.2501
v -2.4691 		0.6361 		1.2419
v -2.4594 		0.6688 		1.2338
v -2.4486 		0.7014 		1.2256
v -2.4369 		0.7339 		1.2175
v -2.4243 		0.7663 		1.2093
v -2.4109 		0.7985 		1.2013
v -2.3968 		0.8304 		1.1933
v -2.3822 		0.8619 		1.1854
v -2.367 		0.8931 		1.1776
v -2.3515 		0.9237 		1.1699
v -2.3357 		0.9539 		1.1624
v -2.3197 		0.9834 		1.155
v -2.3036 		1.0123 		1.1478
v -2.2875 		1.0405 		1.1407
v -2.2715 		1.0679 		1.1339
v -2.2556 		1.0945 		1.1272
v -2.2401 		1.1201 		1.1208
v -2.2249 		1.1448 		1.1146
v -2.2102 		1.1684 		1.1087
v -2.1961 		1.1909 		1.1031
v -2.1826 		1.2123 		1.0977
v -2.1699 		1.2325 		1.0927
v -2.158 		1.2514 		1.0879
v -2.1471 		1.2689 		1.0836
v -2.1372 		1.285 		1.0795
v -2.1278 		1.3 		1.0758
v -2.1182 		1.314 		1.0723
v -2.1083 		1.3272 		1.069
v -2.0982 		1.3395 		1.0659
v -2.0878 		1.3511 		1.063
v -2.0772 		1.3618 		1.0603
v -2.0663 		1.3718 		1.0578
v -2.0551 		1.381 		1.0555
v -2.0437 		1.3896 		1.0534
v -2.0319 		1.3974 		1.0514
v -2.0199 		1.4046 		1.0496
v -2.0075 		1.4111 		1.048
v -1.9948 		1.417 		1.0465
v -1.9818 		1.4223 		1.0452
v -1.9685 		1.4271 		1.044
v -1.9548 		1.4313 		1.0429
v -1.9407 		1.4349 		1.042
v -1.9263 		1.4381 		1.0412
v -1.9115 		1.4409 		1.0405
v -1.8963 		1.4431 		1.0399
v -1.8807 		1.445 		1.0395
v -1.8647 		1.4465 		1.0391
v -1.8484 		1.4476 		1.0388
v -1.8315 		1.4483 		1.0386
v -1.8143 		1.4488 		1.0385
v -1.7966 		1.4489 		1.0385
v -1.7785 		1.4488 		1.0385
v -1.7599 		1.4484 		1.0386
v -1.7408 		1.4478 		1.0388
v -1.7213 		1.447 		1.039
v -1.7013 		1.446 		1.0392
v -1.6808 		1.4449 		1.0395
v -1.6598 		1.4436 		1.0398
v -1.6383 		1.4423 		1.0402
v -1.6162 		1.4409 		1.0405
v -1.5937 		1.4394 		1.0409
v -1.5706 		1.4379 		1.0413
v -1.5469 		1.4364 		1.0416
v -1.5227 		1.4349 		1.042
v -1.4979 		1.4335 		1.0424
v -1.4726 		1.4322 		1.0427
v -1.4467 		1.4309 		1.043
v -1.4201 		1.4298 		1.0433
v -1.393 		1.4288 		1.0435
v -1.3653 		1.428 		1.0437
v -1.3369 		1.4274 		1.0439
v -1.3079 		1.4271 		1.044
v -1.2783 		1.4269 		1.044
v -1.249 		1.4269 		1.044
v -1.2208 		1.4269 		1.044
v -1.1937 		1.4268 		1.044
v -1.1676 		1.4268 		1.044
v -1.1425 		1.4267 		1.0441
v -1.1183 		1.4266 		1.0441
v -1.0949 		1.4265 		1.0441
v -1.0724 		1.4264 		1.0441
v -1.0505 		1.4262 		1.0442
v -1.0293 		1.4261 		1.0442
v -1.0086 		1.4259 		1.0443
v -0.9885 		1.4257 		1.0443
v -0.9688 		1.4255 		1.0443
v -0.9496 		1.4253 		1.0444
v -0.9306 		1.4251 		1.0444
v -0.912 		1.4249 		1.0445
v -0.8935 		1.4247 		1.0446
v -0.8752 		1.4245 		1.0446
v -0.857 		1.4243 		1.0447
v -0.8387 		1.424 		1.0447
v -0.8204 		1.4238 		1.0448
v -0.8021 		1.4236 		1.0448
v -0.7835 		1.4233 		1.0449
v -0.7647 		1.4231 		1.045
v -0.7456 		1.4228 		1.045
v -0.7261 		1.4226 		1.0451
v -0.7062 		1.4223 		1.0451
v -0.6858 		1.4221 		1.0452
v -0.6649 		1.4219 		1.0453
v -0.6433 		1.4217 		1.0453
v -0.621 		1.4214 		1.0454
v -0.598 		1.4212 		1.0454
v -0.5742 		1.421 		1.0455
v -0.5495 		1.4208 		1.0455
v -0.5239 		1.4206 		1.0456
v -0.4973 		1.4204 		1.0456
v -0.4696 		1.4202 		1.0457
v -0.4408 		1.4201 		1.0457
v -0.4108 		1.4199 		1.0458
v -0.3795 		1.4198 		1.0458
v -0.347 		1.4197 		1.0458
v -0.313 		1.4195 		1.0459
v -0.2776 		1.4194 		1.0459
v -0.2407 		1.4194 		1.0459
v -0.2022 		1.4193 		1.0459
v -0.1621 		1.4192 		1.0459
v -0.1203 		1.4192 		1.0459
v -0.0767 		1.4192 		1.0459
v -0.033 		1.4193 		1.0459
v 0.0094 		1.4194 		1.0459
v 0.0504 		1.4197 		1.0458
v 0.0902 		1.42 		1.0457
v 0.1287 		1.4204 		1.0456
v 0.166 		1.4209 		1.0455
v 0.2022 		1.4215 		1.0454
v 0.2373 		1.4221 		1.0452
v 0.2713 		1.4228 		1.045
v 0.3044 		1.4235 		1.0449
v 0.3365 		1.4243 		1.0447
v 0.3677 		1.4251 		1.0445
v 0.398 		1.4259 		1.0443
v 0.4275 		1.4268 		1.044
v 0.4563 		1.4277 		1.0438
v 0.4844 		1.4286 		1.0436
v 0.5118 		1.4295 		1.0434
v 0.5386 		1.4304 		1.0431
v 0.5648 		1.4313 		1.0429
v 0.5905 		1.4322 		1.0427
v 0.6158 		1.4331 		1.0425
v 0.6406 		1.4339 		1.0423
v 0.6651 		1.4347 		1.042
v 0.6892 		1.4355 		1.0419
v 0.7131 		1.4363 		1.0417
v 0.7368 		1.437 		1.0415
v 0.7603 		1.4376 		1.0413
v 0.7836 		1.4382 		1.0412
v 0.8069 		1.4387 		1.0411
v 0.8301 		1.4391 		1.041
v 0.8534 		1.4394 		1.0409
v 0.8767 		1.4397 		1.0408
v 0.9001 		1.4399 		1.0408
v 0.9237 		1.4399 		1.0407
v 0.9476 		1.4399 		1.0408
v 0.9716 		1.4397 		1.0408
v 0.996 		1.4395 		1.0409
v 1.0208 		1.4391 		1.041
v 1.0459 		1.4386 		1.0411
v 1.0715 		1.4379 		1.0413
v 1.0976 		1.4371 		1.0415
v 1.1243 		1.4361 		1.0417
v 1.1515 		1.435 		1.042
v 1.1794 		1.4338 		1.0423
v 1.208 		1.4323 		1.0427
v 1.2373 		1.4307 		1.0431
v 1.2675 		1.4289 		1.0435
v 1.2984 		1.4269 		1.044
v 1.3294 		1.4249 		1.0445
v 1.3596 		1.4231 		1.045
v 1.389 		1.4214 		1.0454
v 1.4176 		1.4197 		1.0458
v 1.4455 		1.4182 		1.0462
v 1.4726 		1.4167 		1.0466
v 1.499 		1.4153 		1.0469
v 1.5247 		1.4139 		1.0473
v 1.5497 		1.4125 		1.0476
v 1.574 		1.4111 		1.048
v 1.5977 		1.4096 		1.0483
v 1.6207 		1.4081 		1.0487
v 1.6431 		1.4065 		1.0491
v 1.6649 		1.4048 		1.0495
v 1.686 		1.403 		1.05
v 1.7066 		1.401 		1.0505
v 1.7267 		1.3989 		1.051
v 1.7462 		1.3966 		1.0516
v 1.7651 		1.3941 		1.0522
v 1.7836 		1.3914 		1.0529
v 1.8015 		1.3885 		1.0536
v 1.819 		1.3853 		1.0544
v 1.836 		1.3818 		1.0553
v 1.8525 		1.378 		1.0563
v 1.8687 		1.3738 		1.0573
v 1.8844 		1.3694 		1.0584
v 1.8997 		1.3645 		1.0596
v 1.9146 		1.3593 		1.0609
v 1.9291 		1.3537 		1.0623
v 1.9433 		1.3477 		1.0638
v 1.9572 		1.3412 		1.0655
v 1.9707 		1.3342 		1.0672
v 1.984 		1.3268 		1.0691
v 1.9969 		1.3188 		1.0711
v 2.0096 		1.3104 		1.0732
v 2.022 		1.3013 		1.0754
v 2.0342 		1.2918 		1.0778
v 2.0462 		1.2816 		1.0804
v 2.058 		1.2708 		1.0831
v 2.0696 		1.2594 		1.0859
v 2.081 		1.2473 		1.089
v 2.0922 		1.2346 		1.0921
v 2.1033 		1.2212 		1.0955
v 2.1143 		1.2071 		1.099
v 2.1252 		1.1922 		1.1027
v 2.136 		1.1766 		1.1067
v 2.1467 		1.1603 		1.1107
v 2.1573 		1.1431 		1.115
v 2.1684 		1.125 		1.1196
v 2.1803 		1.106 		1.1243
v 2.1928 		1.086 		1.1293
v 2.206 		1.0651 		1.1346
v 2.2198 		1.0434 		1.14
v 2.234 		1.021 		1.1456
v 2.2486 		0.9977 		1.1514
v 2.2635 		0.9738 		1.1574
v 2.2786 		0.9493 		1.1635
v 2.2938 		0.9242 		1.1698
v 2.3091 		0.8985 		1.1763
v 2.3244 		0.8723 		1.1828
v 2.3396 		0.8457 		1.1895
v 2.3545 		0.8187 		1.1962
v 2.3692 		0.7913 		1.2031
v 2.3835 		0.7636 		1.21
v 2.3974 		0.7357 		1.217
v 2.4108 		0.7076 		1.224
v 2.4235 		0.6793 		1.2311
v 2.4356 		0.6509 		1.2382
v 2.4469 		0.6224 		1.2454
v 2.4573 		0.594 		1.2525
v 2.4668 		0.5655 		1.2596
v 2.4753 		0.5372 		1.2667
v 2.4826 		0.509 		1.2738
v 2.4888 		0.481 		1.2808
v 2.4937 		0.4531 		1.2877
v 2.4973 		0.4256 		1.2946
v 2.4994 		0.3984 		1.3014
v 2.5 		0.3716 		1.3081
v 2.499 		0.3452 		1.3148
v 2.4963 		0.3193 		1.3212
v 2.4919 		0.2938 		1.3276
v 2.4856 		0.269 		1.3338
v 2.4774 		0.2448 		1.3399
v 2.4672 		0.2212 		1.3458
v 2.4548 		0.1983 		1.3515
v 2.4403 		0.1762 		1.357
v 2.4236 		0.1549 		1.3624
v 2.4045 		0.1345 		1.3675
v 2.3829 		0.115 		1.3724
v 2.3589 		0.0964 		1.377
v 2.3323 		0.0789 		1.3814
v 2.303 		0.0623 		1.3855
v 2.2709 		0.0469 		1.3894
v 2.236 		0.0326 		1.393
v 2.1982 		0.0196 		1.3963
v 2.1573 		0.0077 		1.3992
v 2.1549 		0.0071 		1.3994
v 2.1524 		0.0064 		1.3995
v 2.1499 		0.0058 		1.3997
v 2.1473 		0.0051 		1.3999
v 2.1448 		0.0045 		1.4
v 2.1422 		0.0038 		1.4002
v 2.1396 		0.0032 		1.4003
v 2.137 		0.0026 		1.4005
v 2.1344 		0.0019 		1.4007
v 2.1318 		0.0013 		1.4008
v 2.1291 		0.0006 		1.401
v -2.1123 		0.0006 		1.401
v -2.1146 		0.0013 		1.4008
v -2.117 		0.0019 		1.4007
v -2.1193 		0.0026 		1.4005
v -2.1215 		0.0032 		1.4004
v -2.1238 		0.0038 		1.4002
v -2.1261 		0.0045 		1.4
v -2.1283 		0.0051 		1.3999
v -2.1306 		0.0058 		1.3997
v -2.1328 		0.0064 		1.3995
v -2.135 		0.0071 		1.3994
v -2.1372 		0.0079 		1.4002
v -2.1815 		0.0228 		1.3984
v -2.2225 		0.0391 		1.3963
v -2.2602 		0.0569 		1.3942
v -2.2947 		0.0761 		1.3918
v -2.3262 		0.0966 		1.3893
v -2.3547 		0.1184 		1.3866
v -2.3803 		0.1414 		1.3838
v -2.4032 		0.1655 		1.3808
v -2.4233 		0.1907 		1.3777
v -2.4409 		0.2169 		1.3745
v -2.456 		0.244 		1.3711
v -2.4687 		0.272 		1.3677
v -2.4791 		0.3009 		1.3642
v -2.4873 		0.3304 		1.3605
v -2.4934 		0.3607 		1.3568
v -2.4975 		0.3915 		1.353
v -2.4997 		0.4229 		1.3491
v -2.5 		0.4549 		1.3452
v -2.4986 		0.4872 		1.3412
v -2.4956 		0.5199 		1.3372
v -2.4911 		0.5529 		1.3332
v -2.4851 		0.5861 		1.3291
v -2.4777 		0.6194 		1.325
v -2.4691 		0.6529 		1.3209
v -2.4594 		0.6864 		1.3167
v -2.4486 		0.7199 		1.3126
v -2.4369 		0.7533 		1.3085
v -2.4243 		0.7866 		1.3044
v -2.4109 		0.8196 		1.3004
v -2.3968 		0.8523 		1.2963
v -2.3822 		0.8847 		1.2924
v -2.367 		0.9167 		1.2884
v -2.3515 		0.9481 		1.2846
v -2.3357 		0.9791 		1.2807
v -2.3197 		1.0094 		1.277
v -2.3036 		1.0391 		1.2734
v -2.2875 		1.068 		1.2698
v -2.2715 		1.0961 		1.2664
v -2.2556 		1.1234 		1.263
v -2.2401 		1.1497 		1.2598
v -2.2249 		1.175 		1.2567
v -2.2102 		1.1993 		1.2537
v -2.1961 		1.2224 		1.2508
v -2.1826 		1.2444 		1.2481
v -2.1699 		1.2651 		1.2456
v -2.158 		1.2844 		1.2432
v -2.1471 		1.3024 		1.241
v -2.1372 		1.319 		1.2389
v -2.1278 		1.3343 		1.2371
v -2.1182 		1.3487 		1.2353
v -2.1083 		1.3623 		1.2336
v -2.0982 		1.3749 		1.2321
v -2.0878 		1.3868 		1.2306
v -2.0772 		1.3978 		1.2293
v -2.0663 		1.408 		1.228
v -2.0551 		1.4175 		1.2268
v -2.0437 		1.4263 		1.2258
v -2.0319 		1.4343 		1.2248
v -2.0199 		1.4417 		1.2239
v -2.0075 		1.4484 		1.223
v -1.9948 		1.4544 		1.2223
v -1.9818 		1.4599 		1.2216
v -1.9685 		1.4648 		1.221
v -1.9548 		1.4691 		1.2205
v -1.9407 		1.4729 		1.22
v -1.9263 		1.4761 		1.2196
v -1.9115 		1.4789 		1.2193
v -1.8963 		1.4813 		1.219
v -1.8807 		1.4832 		1.2188
v -1.8647 		1.4847 		1.2186
v -1.8484 		1.4858 		1.2184
v -1.8315 		1.4866 		1.2183
v -1.8143 		1.487 		1.2183
v -1.7966 		1.4872 		1.2183
v -1.7785 		1.487 		1.2183
v -1.7599 		1.4866 		1.2183
v -1.7408 		1.486 		1.2184
v -1.7213 		1.4852 		1.2185
v -1.7013 		1.4842 		1.2186
v -1.6808 		1.483 		1.2188
v -1.6598 		1.4818 		1.2189
v -1.6383 		1.4804 		1.2191
v -1.6162 		1.4789 		1.2193
v -1.5937 		1.4774 		1.2195
v -1.5706 		1.4759 		1.2197
v -1.5469 		1.4744 		1.2198
v -1.5227 		1.4729 		1.22
v -1.4979 		1.4714 		1.2202
v -1.4726 		1.47 		1.2204
v -1.4467 		1.4687 		1.2205
v -1.4201 		1.4676 		1.2207
v -1.393 		1.4666 		1.2208
v -1.3653 		1.4658 		1.2209
v -1.3369 		1.4652 		1.221
v -1.3079 		1.4648 		1.221
v -1.2783 		1.4646 		1.221
v -1.249 		1.4646 		1.221
v -1.2208 		1.4646 		1.221
v -1.1937 		1.4645 		1.221
v -1.1676 		1.4645 		1.2211
v -1.1425 		1.4644 		1.2211
v -1.1183 		1.4643 		1.2211
v -1.0949 		1.4642 		1.2211
v -1.0724 		1.464 		1.2211
v -1.0505 		1.4639 		1.2211
v -1.0293 		1.4637 		1.2211
v -1.0086 		1.4636 		1.2212
v -0.9885 		1.4634 		1.2212
v -0.9688 		1.4632 		1.2212
v -0.9496 		1.463 		1.2212
v -0.9306 		1.4628 		1.2213
v -0.912 		1.4626 		1.2213
v -0.8935 		1.4624 		1.2213
v -0.8752 		1.4621 		1.2213
v -0.857 		1.4619 		1.2214
v -0.8387 		1.4616 		1.2214
v -0.8204 		1.4614 		1.2214
v -0.8021 		1.4612 		1.2215
v -0.7835 		1.4609 		1.2215
v -0.7647 		1.4607 		1.2215
v -0.7456 		1.4604 		1.2216
v -0.7261 		1.4602 		1.2216
v -0.7062 		1.4599 		1.2216
v -0.6858 		1.4597 		1.2216
v -0.6649 		1.4594 		1.2217
v -0.6433 		1.4592 		1.2217
v -0.621 		1.459 		1.2217
v -0.598 		1.4588 		1.2218
v -0.5742 		1.4585 		1.2218
v -0.5495 		1.4583 		1.2218
v -0.5239 		1.4581 		1.2218
v -0.4973 		1.4579 		1.2219
v -0.4696 		1.4578 		1.2219
v -0.4408 		1.4576 		1.2219
v -0.4108 		1.4574 		1.2219
v -0.3795 		1.4573 		1.2219
v -0.347 		1.4572 		1.222
v -0.313 		1.457 		1.222
v -0.2776 		1.4569 		1.222
v -0.2407 		1.4569 		1.222
v -0.2022 		1.4568 		1.222
v -0.1621 		1.4567 		1.222
v -0.1203 		1.4567 		1.222
v -0.0767 		1.4567 		1.222
v -0.033 		1.4568 		1.222
v 0.0094 		1.4569 		1.222
v 0.0504 		1.4572 		1.222
v 0.0902 		1.4575 		1.2219
v 0.1287 		1.4579 		1.2219
v 0.166 		1.4584 		1.2218
v 0.2022 		1.459 		1.2217
v 0.2373 		1.4597 		1.2216
v 0.2713 		1.4604 		1.2216
v 0.3044 		1.4611 		1.2215
v 0.3365 		1.4619 		1.2214
v 0.3677 		1.4627 		1.2213
v 0.398 		1.4636 		1.2212
v 0.4275 		1.4645 		1.2211
v 0.4563 		1.4654 		1.2209
v 0.4844 		1.4663 		1.2208
v 0.5118 		1.4673 		1.2207
v 0.5386 		1.4682 		1.2206
v 0.5648 		1.4691 		1.2205
v 0.5905 		1.47 		1.2204
v 0.6158 		1.4709 		1.2203
v 0.6406 		1.4718 		1.2202
v 0.6651 		1.4726 		1.22
v 0.6892 		1.4734 		1.22
v 0.7131 		1.4742 		1.2199
v 0.7368 		1.4749 		1.2198
v 0.7603 		1.4756 		1.2197
v 0.7836 		1.4761 		1.2196
v 0.8069 		1.4767 		1.2196
v 0.8301 		1.4771 		1.2195
v 0.8534 		1.4775 		1.2195
v 0.8767 		1.4777 		1.2194
v 0.9001 		1.4779 		1.2194
v 0.9237 		1.478 		1.2194
v 0.9476 		1.4779 		1.2194
v 0.9716 		1.4778 		1.2194
v 0.996 		1.4775 		1.2195
v 1.0208 		1.4771 		1.2195
v 1.0459 		1.4766 		1.2196
v 1.0715 		1.4759 		1.2197
v 1.0976 		1.4751 		1.2198
v 1.1243 		1.4741 		1.2199
v 1.1515 		1.4729 		1.22
v 1.1794 		1.4716 		1.2202
v 1.208 		1.4702 		1.2204
v 1.2373 		1.4685 		1.2206
v 1.2675 		1.4667 		1.2208
v 1.2984 		1.4646 		1.221
v 1.3294 		1.4626 		1.2213
v 1.3596 		1.4607 		1.2215
v 1.389 		1.4589 		1.2217
v 1.4176 		1.4572 		1.2219
v 1.4455 		1.4557 		1.2221
v 1.4726 		1.4542 		1.2223
v 1.499 		1.4527 		1.2225
v 1.5247 		1.4513 		1.2227
v 1.5497 		1.4498 		1.2229
v 1.574 		1.4484 		1.223
v 1.5977 		1.4469 		1.2232
v 1.6207 		1.4453 		1.2234
v 1.6431 		1.4437 		1.2236
v 1.6649 		1.4419 		1.2238
v 1.686 		1.4401 		1.2241
v 1.7066 		1.4381 		1.2243
v 1.7267 		1.4359 		1.2246
v 1.7462 		1.4335 		1.2249
v 1.7651 		1.431 		1.2252
v 1.7836 		1.4282 		1.2255
v 1.8015 		1.4252 		1.2259
v 1.819 		1.4219 		1.2263
v 1.836 		1.4183 		1.2267
v 1.8525 		1.4144 		1.2272
v 1.8687 		1.4101 		1.2277
v 1.8844 		1.4055 		1.2283
v 1.8997 		1.4006 		1.2289
v 1.9146 		1.3952 		1.2296
v 1.9291 		1.3895 		1.2303
v 1.9433 		1.3833 		1.231
v 1.9572 		1.3766 		1.2319
v 1.9707 		1.3695 		1.2327
v 1.984 		1.3618 		1.2337
v 1.9969 		1.3537 		1.2347
v 2.0096 		1.345 		1.2357
v 2.022 		1.3357 		1.2369
v 2.0342 		1.3259 		1.2381
v 2.0462 		1.3154 		1.2394
v 2.058 		1.3044 		1.2407
v 2.0696 		1.2927 		1.2422
v 2.081 		1.2803 		1.2437
v 2.0922 		1.2672 		1.2453
v 2.1033 		1.2535 		1.247
v 2.1143 		1.239 		1.2488
v 2.1252 		1.2237 		1.2507
v 2.136 		1.2077 		1.2526
v 2.1467 		1.1909 		1.2547
v 2.1573 		1.1733 		1.2569
v 2.1684 		1.1547 		1.2591
v 2.1803 		1.1352 		1.2615
v 2.1928 		1.1147 		1.2641
v 2.206 		1.0933 		1.2667
v 2.2198 		1.071 		1.2694
v 2.234 		1.0479 		1.2723
v 2.2486 		1.0241 		1.2752
v 2.2635 		0.9996 		1.2782
v 2.2786 		0.9744 		1.2813
v 2.2938 		0.9486 		1.2845
v 2.3091 		0.9222 		1.2877
v 2.3244 		0.8954 		1.291
v 2.3396 		0.868 		1.2944
v 2.3545 		0.8403 		1.2978
v 2.3692 		0.8122 		1.3013
v 2.3835 		0.7838 		1.3048
v 2.3974 		0.7552 		1.3083
v 2.4108 		0.7263 		1.3118
v 2.4235 		0.6972 		1.3154
v 2.4356 		0.6681 		1.319
v 2.4469 		0.6389 		1.3226
v 2.4573 		0.6097 		1.3262
v 2.4668 		0.5805 		1.3298
v 2.4753 		0.5514 		1.3333
v 2.4826 		0.5224 		1.3369
v 2.4888 		0.4937 		1.3404
v 2.4937 		0.4651 		1.344
v 2.4973 		0.4369 		1.3474
v 2.4994 		0.4089 		1.3509
v 2.5 		0.3814 		1.3542
v 2.499 		0.3543 		1.3576
v 2.4963 		0.3277 		1.3609
v 2.4919 		0.3016 		1.3641
v 2.4856 		0.2761 		1.3672
v 2.4774 		0.2512 		1.3703
v 2.4672 		0.227 		1.3732
v 2.4548 		0.2036 		1.3761
v 2.4403 		0.1809 		1.3789
v 2.4236 		0.159 		1.3816
v 2.4045 		0.1381 		1.3842
v 2.3829 		0.118 		1.3866
v 2.3589 		0.099 		1.389
v 2.3323 		0.0809 		1.3912
v 2.303 		0.064 		1.3933
v 2.2709 		0.0482 		1.3952
v 2.236 		0.0335 		1.397
v 2.1982 		0.0201 		1.3987
v 2.1573 		0.0079 		1.4002
v 2.1549 		0.0073 		1.4003
v 2.1524 		0.0066 		1.4003
v 2.1499 		0.0059 		1.4004
v 2.1473 		0.0053 		1.4005
v 2.1448 		0.0046 		1.4006
v 2.1422 		0.0039 		1.4007
v 2.1396 		0.0033 		1.4007
v 2.137 		0.0026 		1.4008
v 2.1344 		0.002 		1.4009
v 2.1318 		0.0013 		1.401
v -2.1146 		0.0013 		1.401
v -2.117 		0.002 		1.4009
v -2.1193 		0.0026 		1.4008
v -2.1215 		0.0033 		1.4007
v -2.1238 		0.0039 		1.4007
v -2.1261 		0.0046 		1.4006
v -2.1283 		0.0053 		1.4005
v -2.1306 		0.0059 		1.4004
v -2.1328 		0.0066 		1.4003
v -2.135 		0.0073 		1.4003
# 14898 vertices

g group_0_16311991

usemtl color_16311991
s 0

f 1 	2 	3
f 2 	4 	3
f 3 	4 	5
f 4 	6 	5
f 5 	6 	7
f 6 	8 	7
f 7 	8 	9
f 8 	10 	9
f 9 	10 	11
f 10 	12 	11
f 11 	12 	13
f 12 	14 	13
f 13 	14 	15
f 14 	16 	15
f 15 	16 	17
f 16 	18 	17
f 17 	18 	19
f 18 	20 	19
f 19 	20 	21
f 20 	22 	21
f 21 	22 	23
f 22 	24 	23
f 23 	24 	25
f 24 	26 	25
f 25 	26 	27
f 26 	28 	27
f 27 	28 	29
f 28 	30 	29
f 29 	30 	31
f 30 	32 	31
f 31 	32 	33
f 32 	34 	33
f 33 	34 	35
f 34 	36 	35
f 35 	36 	37
f 36 	38 	37
f 37 	38 	39
f 38 	40 	39
f 39 	40 	41
f 40 	42 	41
f 41 	42 	43
f 42 	44 	43
f 43 	44 	45
f 44 	46 	45
f 45 	46 	47
f 46 	48 	47
f 47 	48 	49
f 48 	50 	49
f 49 	50 	51
f 50 	52 	51
f 51 	52 	53
f 52 	54 	53
f 53 	54 	55
f 54 	56 	55
f 55 	56 	57
f 56 	58 	57
f 57 	58 	59
f 58 	60 	59
f 59 	60 	61
f 60 	62 	61
f 61 	62 	63
f 62 	64 	63
f 63 	64 	65
f 64 	66 	65
f 65 	66 	67
f 66 	68 	67
f 67 	68 	69
f 68 	70 	69
f 69 	70 	71
f 70 	72 	71
f 71 	72 	73
f 72 	74 	73
f 73 	74 	75
f 74 	76 	75
f 75 	76 	77
f 76 	78 	77
f 77 	78 	79
f 78 	80 	79
f 79 	80 	81
f 80 	82 	81
f 81 	82 	83
f 82 	84 	83
f 83 	84 	85
f 84 	86 	85
f 85 	86 	87
f 86 	88 	87
f 87 	88 	89
f 88 	90 	89
f 89 	90 	91
f 90 	92 	91
f 91 	92 	93
f 92 	94 	93
f 93 	94 	95
f 94 	96 	95
f 95 	96 	97
f 96 	98 	97
f 97 	98 	99
f 98 	100 	99
f 99 	100 	101
f 100 	102 	101
f 101 	102 	103
f 102 	104 	103
f 103 	104 	105
f 104 	106 	105
f 105 	106 	107
f 106 	108 	107
f 107 	108 	109
f 108 	110 	109
f 109 	110 	111
f 110 	112 	111
f 111 	112 	113
f 112 	114 	113
f 113 	114 	115
f 114 	116 	115
f 115 	116 	117
f 116 	118 	117
f 117 	118 	119
f 118 	120 	119
f 119 	120 	121
f 120 	122 	121
f 121 	122 	123
f 122 	124 	123
f 123 	124 	125
f 124 	126 	125
f 125 	126 	127
f 126 	128 	127
f 127 	128 	129
f 128 	130 	129
f 129 	130 	131
f 130 	132 	131
f 131 	132 	133
f 132 	134 	133
f 133 	134 	135
f 134 	136 	135
f 135 	136 	137
f 136 	138 	137
f 137 	138 	139
f 138 	140 	139
f 139 	140 	141
f 140 	142 	141
f 141 	142 	143
f 142 	144 	143
f 143 	144 	145
f 144 	146 	145
f 145 	146 	147
f 146 	148 	147
f 147 	148 	149
f 148 	150 	149
f 149 	150 	151
f 150 	152 	151
f 151 	152 	153
f 152 	154 	153
f 153 	154 	155
f 154 	156 	155
f 155 	156 	157
f 156 	158 	157
f 157 	158 	159
f 158 	160 	159
f 159 	160 	161
f 160 	162 	161
f 161 	162 	163
f 162 	164 	163
f 163 	164 	165
f 164 	166 	165
f 165 	166 	167
f 166 	168 	167
f 167 	168 	169
f 168 	170 	169
f 169 	170 	171
f 170 	172 	171
f 171 	172 	173
f 172 	174 	173
f 173 	174 	175
f 174 	176 	175
f 175 	176 	177
f 176 	178 	177
f 177 	178 	179
f 178 	180 	179
f 179 	180 	181
f 180 	182 	181
f 181 	182 	183
f 182 	184 	183
f 183 	184 	185
f 184 	186 	185
f 185 	186 	187
f 186 	188 	187
f 187 	188 	189
f 188 	190 	189
f 189 	190 	191
f 190 	192 	191
f 191 	192 	193
f 192 	194 	193
f 193 	194 	195
f 194 	196 	195
f 195 	196 	197
f 196 	198 	197
f 197 	198 	199
f 198 	200 	199
f 199 	200 	201
f 200 	202 	201
f 201 	202 	203
f 202 	204 	203
f 203 	204 	205
f 204 	206 	205
f 205 	206 	207
f 206 	208 	207
f 207 	208 	209
f 208 	210 	209
f 209 	210 	211
f 210 	212 	211
f 211 	212 	213
f 212 	214 	213
f 213 	214 	215
f 214 	216 	215
f 215 	216 	217
f 216 	218 	217
f 217 	218 	219
f 218 	220 	219
f 219 	220 	221
f 220 	222 	221
f 221 	222 	223
f 222 	224 	223
f 223 	224 	225
f 224 	226 	225
f 225 	226 	227
f 226 	228 	227
f 227 	228 	229
f 228 	230 	229
f 229 	230 	231
f 230 	232 	231
f 231 	232 	233
f 232 	234 	233
f 233 	234 	235
f 234 	236 	235
f 235 	236 	237
f 236 	238 	237
f 237 	238 	239
f 238 	240 	239
f 239 	240 	241
f 240 	242 	241
f 241 	242 	243
f 242 	244 	243
f 243 	244 	245
f 244 	246 	245
f 245 	246 	247
f 246 	248 	247
f 247 	248 	249
f 248 	250 	249
f 249 	250 	251
f 250 	252 	251
f 251 	252 	253
f 252 	254 	253
f 253 	254 	255
f 254 	256 	255
f 255 	256 	257
f 256 	258 	257
f 257 	258 	259
f 258 	260 	259
f 259 	260 	261
f 260 	262 	261
f 261 	262 	263
f 262 	264 	263
f 263 	264 	265
f 264 	266 	265
f 265 	266 	267
f 266 	268 	267
f 267 	268 	269
f 268 	270 	269
f 269 	270 	271
f 270 	272 	271
f 271 	272 	273
f 272 	274 	273
f 273 	274 	275
f 274 	276 	275
f 275 	276 	277
f 276 	278 	277
f 277 	278 	279
f 278 	280 	279
f 279 	280 	281
f 280 	282 	281
f 281 	282 	283
f 282 	284 	283
f 283 	284 	285
f 284 	286 	285
f 285 	286 	287
f 286 	288 	287
f 287 	288 	289
f 288 	290 	289
f 289 	290 	291
f 290 	292 	291
f 291 	292 	293
f 292 	294 	293
f 293 	294 	295
f 294 	296 	295
f 295 	296 	297
f 296 	298 	297
f 297 	298 	299
f 298 	300 	299
f 299 	300 	301
f 300 	302 	301
f 301 	302 	303
f 302 	304 	303
f 303 	304 	305
f 304 	306 	305
f 305 	306 	307
f 306 	308 	307
f 307 	308 	309
f 308 	310 	309
f 309 	310 	311
f 310 	312 	311
f 311 	312 	313
f 312 	314 	313
f 313 	314 	315
f 314 	316 	315
f 315 	316 	317
f 316 	318 	317
f 317 	318 	319
f 318 	320 	319
f 319 	320 	321
f 320 	322 	321
f 321 	322 	323
f 322 	324 	323
f 323 	324 	325
f 324 	326 	325
f 325 	326 	327
f 326 	328 	327
f 327 	328 	329
f 328 	330 	329
f 329 	330 	331
f 330 	332 	331
f 331 	332 	333
f 332 	334 	333
f 333 	334 	335
f 334 	336 	335
f 335 	336 	337
f 336 	338 	337
f 337 	338 	339
f 338 	340 	339
f 339 	340 	341
f 340 	342 	341
f 341 	342 	343
f 342 	344 	343
f 343 	344 	345
f 344 	346 	345
f 345 	346 	347
f 346 	348 	347
f 347 	348 	349
f 348 	350 	349
f 349 	350 	351
f 350 	352 	351
f 351 	352 	353
f 352 	354 	353
f 353 	354 	355
f 354 	356 	355
f 355 	356 	357
f 356 	358 	357
f 357 	358 	359
f 358 	360 	359
f 359 	360 	361
f 360 	362 	361
f 361 	362 	363
f 362 	364 	363
f 363 	364 	365
f 364 	366 	365
f 365 	366 	367
f 366 	368 	367
f 367 	368 	369
f 368 	370 	369
f 369 	370 	371
f 370 	372 	371
f 371 	372 	373
f 372 	374 	373
f 373 	374 	375
f 374 	376 	375
f 375 	376 	377
f 376 	378 	377
f 377 	378 	379
f 378 	380 	379
f 379 	380 	381
f 380 	382 	381
f 381 	382 	383
f 382 	384 	383
f 383 	384 	385
f 384 	386 	385
f 385 	386 	387
f 386 	388 	387
f 387 	388 	389
f 388 	390 	389
f 389 	390 	391
f 390 	392 	391
f 391 	392 	393
f 392 	394 	393
f 393 	394 	395
f 394 	396 	395
f 395 	396 	397
f 396 	398 	397
f 397 	398 	399
f 398 	400 	399
f 399 	400 	401
f 400 	402 	401
f 401 	402 	403
f 402 	404 	403
f 403 	404 	405
f 404 	406 	405
f 405 	406 	407
f 406 	408 	407
f 407 	408 	409
f 408 	410 	409
f 409 	410 	411
f 410 	412 	411
f 411 	412 	413
f 412 	414 	413
f 413 	414 	415
f 414 	416 	415
f 415 	416 	417
f 416 	418 	417
f 417 	418 	419
f 418 	420 	419
f 419 	420 	421
f 420 	422 	421
f 421 	422 	423
f 422 	424 	423
f 423 	424 	425
f 424 	426 	425
f 425 	426 	427
f 426 	428 	427
f 427 	428 	429
f 428 	430 	429
f 429 	430 	431
f 430 	432 	431
f 431 	432 	433
f 432 	434 	433
f 433 	434 	435
f 434 	436 	435
f 435 	436 	437
f 436 	438 	437
f 437 	438 	439
f 438 	440 	439
f 439 	440 	441
f 440 	442 	441
f 441 	442 	443
f 442 	444 	443
f 443 	444 	445
f 444 	446 	445
f 445 	446 	447
f 446 	448 	447
f 447 	448 	449
f 448 	450 	449
f 449 	450 	451
f 450 	452 	451
f 451 	452 	453
f 452 	454 	453
f 453 	454 	455
f 454 	456 	455
f 455 	456 	457
f 456 	458 	457
f 457 	458 	459
f 458 	460 	459
f 459 	460 	461
f 460 	462 	461
f 461 	462 	463
f 462 	464 	463
f 463 	464 	465
f 464 	466 	465
f 465 	466 	467
f 466 	468 	467
f 467 	468 	469
f 468 	470 	469
f 469 	470 	471
f 470 	472 	471
f 471 	472 	473
f 472 	474 	473
f 473 	474 	475
f 474 	476 	475
f 475 	476 	477
f 476 	478 	477
f 477 	478 	479
f 478 	480 	479
f 479 	480 	481
f 480 	482 	481
f 481 	482 	483
f 482 	484 	483
f 483 	484 	485
f 484 	486 	485
f 485 	486 	487
f 486 	488 	487
f 487 	488 	489
f 488 	490 	489
f 489 	490 	491
f 490 	492 	491
f 491 	492 	493
f 492 	494 	493
f 493 	494 	495
f 494 	496 	495
f 495 	496 	497
f 496 	498 	497
f 497 	498 	499
f 498 	500 	499
f 499 	500 	501
f 500 	502 	501
f 501 	502 	503
f 502 	504 	503
f 503 	504 	505
f 504 	506 	505
f 505 	506 	507
f 506 	508 	507
f 507 	508 	509
f 508 	510 	509
f 509 	510 	511
f 510 	512 	511
f 511 	512 	513
f 512 	514 	513
f 513 	514 	515
f 514 	516 	515
f 515 	516 	517
f 516 	518 	517
f 517 	518 	519
f 518 	520 	519
f 519 	520 	521
f 520 	522 	521
f 521 	522 	523
f 522 	524 	523
f 523 	524 	525
f 524 	526 	525
f 525 	526 	527
f 526 	528 	527
f 527 	528 	529
f 528 	530 	529
f 529 	530 	531
f 530 	532 	531
f 531 	532 	533
f 532 	534 	533
f 533 	534 	535
f 534 	536 	535
f 535 	536 	537
f 536 	538 	537
f 537 	538 	539
f 538 	540 	539
f 539 	540 	541
f 540 	542 	541
f 541 	542 	543
f 542 	544 	543
f 543 	544 	545
f 544 	546 	545
f 545 	546 	547
f 546 	548 	547
f 547 	548 	549
f 548 	550 	549
f 549 	550 	551
f 550 	552 	551
f 551 	552 	553
f 552 	554 	553
f 553 	554 	555
f 554 	556 	555
f 555 	556 	557
f 556 	558 	557
f 557 	558 	559
f 558 	560 	559
f 559 	560 	561
f 560 	562 	561
f 561 	562 	563
f 562 	564 	563
f 563 	564 	565
f 564 	566 	565
f 565 	566 	567
f 566 	568 	567
f 567 	568 	569
f 568 	570 	569
f 569 	570 	571
f 570 	572 	571
f 571 	572 	573
f 572 	574 	573
f 573 	574 	575
f 574 	576 	575
f 575 	576 	577
f 576 	578 	577
f 577 	578 	579
f 578 	580 	579
f 579 	580 	581
f 580 	582 	581
f 581 	582 	583
f 582 	584 	583
f 583 	584 	585
f 584 	586 	585
f 585 	586 	587
f 586 	588 	587
f 587 	588 	589
f 588 	590 	589
f 589 	590 	591
f 590 	592 	591
f 591 	592 	593
f 592 	594 	593
f 593 	594 	595
f 594 	596 	595
f 595 	596 	597
f 596 	598 	597
f 597 	598 	599
f 598 	600 	599
f 599 	600 	601
f 602 	603 	604
f 604 	603 	605
f 603 	606 	605
f 605 	606 	607
f 606 	608 	607
f 607 	608 	609
f 608 	610 	609
f 609 	610 	611
f 610 	612 	611
f 611 	612 	613
f 612 	614 	613
f 613 	614 	615
f 614 	616 	615
f 615 	616 	617
f 616 	618 	617
f 617 	618 	619
f 618 	620 	619
f 619 	620 	621
f 620 	622 	621
f 621 	622 	623
f 622 	624 	623
f 623 	624 	1
f 624 	2 	1
f 2 	625 	4
f 625 	626 	4
f 4 	626 	6
f 626 	627 	6
f 6 	627 	8
f 627 	628 	8
f 8 	628 	10
f 628 	629 	10
f 10 	629 	12
f 629 	630 	12
f 12 	630 	14
f 630 	631 	14
f 14 	631 	16
f 631 	632 	16
f 16 	632 	18
f 632 	633 	18
f 18 	633 	20
f 633 	634 	20
f 20 	634 	22
f 634 	635 	22
f 22 	635 	24
f 635 	636 	24
f 24 	636 	26
f 636 	637 	26
f 26 	637 	28
f 637 	638 	28
f 28 	638 	30
f 638 	639 	30
f 30 	639 	32
f 639 	640 	32
f 32 	640 	34
f 640 	641 	34
f 34 	641 	36
f 641 	642 	36
f 36 	642 	38
f 642 	643 	38
f 38 	643 	40
f 643 	644 	40
f 40 	644 	42
f 644 	645 	42
f 42 	645 	44
f 645 	646 	44
f 44 	646 	46
f 646 	647 	46
f 46 	647 	48
f 647 	648 	48
f 48 	648 	50
f 648 	649 	50
f 50 	649 	52
f 649 	650 	52
f 52 	650 	54
f 650 	651 	54
f 54 	651 	56
f 651 	652 	56
f 56 	652 	58
f 652 	653 	58
f 58 	653 	60
f 653 	654 	60
f 60 	654 	62
f 654 	655 	62
f 62 	655 	64
f 655 	656 	64
f 64 	656 	66
f 656 	657 	66
f 66 	657 	68
f 657 	658 	68
f 68 	658 	70
f 658 	659 	70
f 70 	659 	72
f 659 	660 	72
f 72 	660 	74
f 660 	661 	74
f 74 	661 	76
f 661 	662 	76
f 76 	662 	78
f 662 	663 	78
f 78 	663 	80
f 663 	664 	80
f 80 	664 	82
f 664 	665 	82
f 82 	665 	84
f 665 	666 	84
f 84 	666 	86
f 666 	667 	86
f 86 	667 	88
f 667 	668 	88
f 88 	668 	90
f 668 	669 	90
f 90 	669 	92
f 669 	670 	92
f 92 	670 	94
f 670 	671 	94
f 94 	671 	96
f 671 	672 	96
f 96 	672 	98
f 672 	673 	98
f 98 	673 	100
f 673 	674 	100
f 100 	674 	102
f 674 	675 	102
f 102 	675 	104
f 675 	676 	104
f 104 	676 	106
f 676 	677 	106
f 106 	677 	108
f 677 	678 	108
f 108 	678 	110
f 678 	679 	110
f 110 	679 	112
f 679 	680 	112
f 112 	680 	114
f 680 	681 	114
f 114 	681 	116
f 681 	682 	116
f 116 	682 	118
f 682 	683 	118
f 118 	683 	120
f 683 	684 	120
f 120 	684 	122
f 684 	685 	122
f 122 	685 	124
f 685 	686 	124
f 124 	686 	126
f 686 	687 	126
f 126 	687 	128
f 687 	688 	128
f 128 	688 	130
f 688 	689 	130
f 130 	689 	132
f 689 	690 	132
f 132 	690 	134
f 690 	691 	134
f 134 	691 	136
f 691 	692 	136
f 136 	692 	138
f 692 	693 	138
f 138 	693 	140
f 693 	694 	140
f 140 	694 	142
f 694 	695 	142
f 142 	695 	144
f 695 	696 	144
f 144 	696 	146
f 696 	697 	146
f 146 	697 	148
f 697 	698 	148
f 148 	698 	150
f 698 	699 	150
f 150 	699 	152
f 699 	700 	152
f 152 	700 	154
f 700 	701 	154
f 154 	701 	156
f 701 	702 	156
f 156 	702 	158
f 702 	703 	158
f 158 	703 	160
f 703 	704 	160
f 160 	704 	162
f 704 	705 	162
f 162 	705 	164
f 705 	706 	164
f 164 	706 	166
f 706 	707 	166
f 166 	707 	168
f 707 	708 	168
f 168 	708 	170
f 708 	709 	170
f 170 	709 	172
f 709 	710 	172
f 172 	710 	174
f 710 	711 	174
f 174 	711 	176
f 711 	712 	176
f 176 	712 	178
f 712 	713 	178
f 178 	713 	180
f 713 	714 	180
f 180 	714 	182
f 714 	715 	182
f 182 	715 	184
f 715 	716 	184
f 184 	716 	186
f 716 	717 	186
f 186 	717 	188
f 717 	718 	188
f 188 	718 	190
f 718 	719 	190
f 190 	719 	192
f 719 	720 	192
f 192 	720 	194
f 720 	721 	194
f 194 	721 	196
f 721 	722 	196
f 196 	722 	198
f 722 	723 	198
f 198 	723 	200
f 723 	724 	200
f 200 	724 	202
f 724 	725 	202
f 202 	725 	204
f 725 	726 	204
f 204 	726 	206
f 726 	727 	206
f 206 	727 	208
f 727 	728 	208
f 208 	728 	210
f 728 	729 	210
f 210 	729 	212
f 729 	730 	212
f 212 	730 	214
f 730 	731 	214
f 214 	731 	216
f 731 	732 	216
f 216 	732 	218
f 732 	733 	218
f 218 	733 	220
f 733 	734 	220
f 220 	734 	222
f 734 	735 	222
f 222 	735 	224
f 735 	736 	224
f 224 	736 	226
f 736 	737 	226
f 226 	737 	228
f 737 	738 	228
f 228 	738 	230
f 738 	739 	230
f 230 	739 	232
f 739 	740 	232
f 232 	740 	234
f 740 	741 	234
f 234 	741 	236
f 741 	742 	236
f 236 	742 	238
f 742 	743 	238
f 238 	743 	240
f 743 	744 	240
f 240 	744 	242
f 744 	745 	242
f 242 	745 	244
f 745 	746 	244
f 244 	746 	246
f 746 	747 	246
f 246 	747 	248
f 747 	748 	248
f 248 	748 	250
f 748 	749 	250
f 250 	749 	252
f 749 	750 	252
f 252 	750 	254
f 750 	751 	254
f 254 	751 	256
f 751 	752 	256
f 256 	752 	258
f 752 	753 	258
f 258 	753 	260
f 753 	754 	260
f 260 	754 	262
f 754 	755 	262
f 262 	755 	264
f 755 	756 	264
f 264 	756 	266
f 756 	757 	266
f 266 	757 	268
f 757 	758 	268
f 268 	758 	270
f 758 	759 	270
f 270 	759 	272
f 759 	760 	272
f 272 	760 	274
f 760 	761 	274
f 274 	761 	276
f 761 	762 	276
f 276 	762 	278
f 762 	763 	278
f 278 	763 	280
f 763 	764 	280
f 280 	764 	282
f 764 	765 	282
f 282 	765 	284
f 765 	766 	284
f 284 	766 	286
f 766 	767 	286
f 286 	767 	288
f 767 	768 	288
f 288 	768 	290
f 768 	769 	290
f 290 	769 	292
f 769 	770 	292
f 292 	770 	294
f 770 	771 	294
f 294 	771 	296
f 771 	772 	296
f 296 	772 	298
f 772 	773 	298
f 298 	773 	300
f 773 	774 	300
f 300 	774 	302
f 774 	775 	302
f 302 	775 	304
f 775 	776 	304
f 304 	776 	306
f 776 	777 	306
f 306 	777 	308
f 777 	778 	308
f 308 	778 	310
f 778 	779 	310
f 310 	779 	312
f 779 	780 	312
f 312 	780 	314
f 780 	781 	314
f 314 	781 	316
f 781 	782 	316
f 316 	782 	318
f 782 	783 	318
f 318 	783 	320
f 783 	784 	320
f 320 	784 	322
f 784 	785 	322
f 322 	785 	324
f 785 	786 	324
f 324 	786 	326
f 786 	787 	326
f 326 	787 	328
f 787 	788 	328
f 328 	788 	330
f 788 	789 	330
f 330 	789 	332
f 789 	790 	332
f 332 	790 	334
f 790 	791 	334
f 334 	791 	336
f 791 	792 	336
f 336 	792 	338
f 792 	793 	338
f 338 	793 	340
f 793 	794 	340
f 340 	794 	342
f 794 	795 	342
f 342 	795 	344
f 795 	796 	344
f 344 	796 	346
f 796 	797 	346
f 346 	797 	348
f 797 	798 	348
f 348 	798 	350
f 798 	799 	350
f 350 	799 	352
f 799 	800 	352
f 352 	800 	354
f 800 	801 	354
f 354 	801 	356
f 801 	802 	356
f 356 	802 	358
f 802 	803 	358
f 358 	803 	360
f 803 	804 	360
f 360 	804 	362
f 804 	805 	362
f 362 	805 	364
f 805 	806 	364
f 364 	806 	366
f 806 	807 	366
f 366 	807 	368
f 807 	808 	368
f 368 	808 	370
f 808 	809 	370
f 370 	809 	372
f 809 	810 	372
f 372 	810 	374
f 810 	811 	374
f 374 	811 	376
f 811 	812 	376
f 376 	812 	378
f 812 	813 	378
f 378 	813 	380
f 813 	814 	380
f 380 	814 	382
f 814 	815 	382
f 382 	815 	384
f 815 	816 	384
f 384 	816 	386
f 816 	817 	386
f 386 	817 	388
f 817 	818 	388
f 388 	818 	390
f 818 	819 	390
f 390 	819 	392
f 819 	820 	392
f 392 	820 	394
f 820 	821 	394
f 394 	821 	396
f 821 	822 	396
f 396 	822 	398
f 822 	823 	398
f 398 	823 	400
f 823 	824 	400
f 400 	824 	402
f 824 	825 	402
f 402 	825 	404
f 825 	826 	404
f 404 	826 	406
f 826 	827 	406
f 406 	827 	408
f 827 	828 	408
f 408 	828 	410
f 828 	829 	410
f 410 	829 	412
f 829 	830 	412
f 412 	830 	414
f 830 	831 	414
f 414 	831 	416
f 831 	832 	416
f 416 	832 	418
f 832 	833 	418
f 418 	833 	420
f 833 	834 	420
f 420 	834 	422
f 834 	835 	422
f 422 	835 	424
f 835 	836 	424
f 424 	836 	426
f 836 	837 	426
f 426 	837 	428
f 837 	838 	428
f 428 	838 	430
f 838 	839 	430
f 430 	839 	432
f 839 	840 	432
f 432 	840 	434
f 840 	841 	434
f 434 	841 	436
f 841 	842 	436
f 436 	842 	438
f 842 	843 	438
f 438 	843 	440
f 843 	844 	440
f 440 	844 	442
f 844 	845 	442
f 442 	845 	444
f 845 	846 	444
f 444 	846 	446
f 846 	847 	446
f 446 	847 	448
f 847 	848 	448
f 448 	848 	450
f 848 	849 	450
f 450 	849 	452
f 849 	850 	452
f 452 	850 	454
f 850 	851 	454
f 454 	851 	456
f 851 	852 	456
f 456 	852 	458
f 852 	853 	458
f 458 	853 	460
f 853 	854 	460
f 460 	854 	462
f 854 	855 	462
f 462 	855 	464
f 855 	856 	464
f 464 	856 	466
f 856 	857 	466
f 466 	857 	468
f 857 	858 	468
f 468 	858 	470
f 858 	859 	470
f 470 	859 	472
f 859 	860 	472
f 472 	860 	474
f 860 	861 	474
f 474 	861 	476
f 861 	862 	476
f 476 	862 	478
f 862 	863 	478
f 478 	863 	480
f 863 	864 	480
f 480 	864 	482
f 864 	865 	482
f 482 	865 	484
f 865 	866 	484
f 484 	866 	486
f 866 	867 	486
f 486 	867 	488
f 867 	868 	488
f 488 	868 	490
f 868 	869 	490
f 490 	869 	492
f 869 	870 	492
f 492 	870 	494
f 870 	871 	494
f 494 	871 	496
f 871 	872 	496
f 496 	872 	498
f 872 	873 	498
f 498 	873 	500
f 873 	874 	500
f 500 	874 	502
f 874 	875 	502
f 502 	875 	504
f 875 	876 	504
f 504 	876 	506
f 876 	877 	506
f 506 	877 	508
f 877 	878 	508
f 508 	878 	510
f 878 	879 	510
f 510 	879 	512
f 879 	880 	512
f 512 	880 	514
f 880 	881 	514
f 514 	881 	516
f 881 	882 	516
f 516 	882 	518
f 882 	883 	518
f 518 	883 	520
f 883 	884 	520
f 520 	884 	522
f 884 	885 	522
f 522 	885 	524
f 885 	886 	524
f 524 	886 	526
f 886 	887 	526
f 526 	887 	528
f 887 	888 	528
f 528 	888 	530
f 888 	889 	530
f 530 	889 	532
f 889 	890 	532
f 532 	890 	534
f 890 	891 	534
f 534 	891 	536
f 891 	892 	536
f 536 	892 	538
f 892 	893 	538
f 538 	893 	540
f 893 	894 	540
f 540 	894 	542
f 894 	895 	542
f 542 	895 	544
f 895 	896 	544
f 544 	896 	546
f 896 	897 	546
f 546 	897 	548
f 897 	898 	548
f 548 	898 	550
f 898 	899 	550
f 550 	899 	552
f 899 	900 	552
f 552 	900 	554
f 900 	901 	554
f 554 	901 	556
f 901 	902 	556
f 556 	902 	558
f 902 	903 	558
f 558 	903 	560
f 903 	904 	560
f 560 	904 	562
f 904 	905 	562
f 562 	905 	564
f 905 	906 	564
f 564 	906 	566
f 906 	907 	566
f 566 	907 	568
f 907 	908 	568
f 568 	908 	570
f 908 	909 	570
f 570 	909 	572
f 909 	910 	572
f 572 	910 	574
f 910 	911 	574
f 574 	911 	576
f 911 	912 	576
f 576 	912 	578
f 912 	913 	578
f 578 	913 	580
f 913 	914 	580
f 580 	914 	582
f 914 	915 	582
f 582 	915 	584
f 915 	916 	584
f 584 	916 	586
f 916 	917 	586
f 586 	917 	588
f 917 	918 	588
f 588 	918 	590
f 918 	919 	590
f 590 	919 	592
f 919 	920 	592
f 592 	920 	594
f 920 	921 	594
f 594 	921 	596
f 921 	922 	596
f 596 	922 	598
f 922 	923 	598
f 598 	923 	600
f 923 	600 	600
f 602 	603 	603
f 603 	924 	606
f 606 	924 	608
f 924 	925 	608
f 608 	925 	610
f 925 	926 	610
f 610 	926 	612
f 926 	927 	612
f 612 	927 	614
f 927 	928 	614
f 614 	928 	616
f 928 	929 	616
f 616 	929 	618
f 929 	930 	618
f 618 	930 	620
f 930 	931 	620
f 620 	931 	622
f 931 	932 	622
f 622 	932 	624
f 932 	933 	624
f 624 	933 	2
f 933 	625 	2
f 625 	934 	626
f 934 	935 	626
f 626 	935 	627
f 935 	936 	627
f 627 	936 	628
f 936 	937 	628
f 628 	937 	629
f 937 	938 	629
f 629 	938 	630
f 938 	939 	630
f 630 	939 	631
f 939 	940 	631
f 631 	940 	632
f 940 	941 	632
f 632 	941 	633
f 941 	942 	633
f 633 	942 	634
f 942 	943 	634
f 634 	943 	635
f 943 	944 	635
f 635 	944 	636
f 944 	945 	636
f 636 	945 	637
f 945 	946 	637
f 637 	946 	638
f 946 	947 	638
f 638 	947 	639
f 947 	948 	639
f 639 	948 	640
f 948 	949 	640
f 640 	949 	641
f 949 	950 	641
f 641 	950 	642
f 950 	951 	642
f 642 	951 	643
f 951 	952 	643
f 643 	952 	644
f 952 	953 	644
f 644 	953 	645
f 953 	954 	645
f 645 	954 	646
f 954 	955 	646
f 646 	955 	647
f 955 	956 	647
f 647 	956 	648
f 956 	957 	648
f 648 	957 	649
f 957 	958 	649
f 649 	958 	650
f 958 	959 	650
f 650 	959 	651
f 959 	960 	651
f 651 	960 	652
f 960 	961 	652
f 652 	961 	653
f 961 	962 	653
f 653 	962 	654
f 962 	963 	654
f 654 	963 	655
f 963 	964 	655
f 655 	964 	656
f 964 	965 	656
f 656 	965 	657
f 965 	966 	657
f 657 	966 	658
f 966 	967 	658
f 658 	967 	659
f 967 	968 	659
f 659 	968 	660
f 968 	969 	660
f 660 	969 	661
f 969 	970 	661
f 661 	970 	662
f 970 	971 	662
f 662 	971 	663
f 971 	972 	663
f 663 	972 	664
f 972 	973 	664
f 664 	973 	665
f 973 	974 	665
f 665 	974 	666
f 974 	975 	666
f 666 	975 	667
f 975 	976 	667
f 667 	976 	668
f 976 	977 	668
f 668 	977 	669
f 977 	978 	669
f 669 	978 	670
f 978 	979 	670
f 670 	979 	671
f 979 	980 	671
f 671 	980 	672
f 980 	981 	672
f 672 	981 	673
f 981 	982 	673
f 673 	982 	674
f 982 	983 	674
f 674 	983 	675
f 983 	984 	675
f 675 	984 	676
f 984 	985 	676
f 676 	985 	677
f 985 	986 	677
f 677 	986 	678
f 986 	987 	678
f 678 	987 	679
f 987 	988 	679
f 679 	988 	680
f 988 	989 	680
f 680 	989 	681
f 989 	990 	681
f 681 	990 	682
f 990 	991 	682
f 682 	991 	683
f 991 	992 	683
f 683 	992 	684
f 992 	993 	684
f 684 	993 	685
f 993 	994 	685
f 685 	994 	686
f 994 	995 	686
f 686 	995 	687
f 995 	996 	687
f 687 	996 	688
f 996 	997 	688
f 688 	997 	689
f 997 	998 	689
f 689 	998 	690
f 998 	999 	690
f 690 	999 	691
f 999 	1000 	691
f 691 	1000 	692
f 1000 	1001 	692
f 692 	1001 	693
f 1001 	1002 	693
f 693 	1002 	694
f 1002 	1003 	694
f 694 	1003 	695
f 1003 	1004 	695
f 695 	1004 	696
f 1004 	1005 	696
f 696 	1005 	697
f 1005 	1006 	697
f 697 	1006 	698
f 1006 	1007 	698
f 698 	1007 	699
f 1007 	1008 	699
f 699 	1008 	700
f 1008 	1009 	700
f 700 	1009 	701
f 1009 	1010 	701
f 701 	1010 	702
f 1010 	1011 	702
f 702 	1011 	703
f 1011 	1012 	703
f 703 	1012 	704
f 1012 	1013 	704
f 704 	1013 	705
f 1013 	1014 	705
f 705 	1014 	706
f 1014 	1015 	706
f 706 	1015 	707
f 1015 	1016 	707
f 707 	1016 	708
f 1016 	1017 	708
f 708 	1017 	709
f 1017 	1018 	709
f 709 	1018 	710
f 1018 	1019 	710
f 710 	1019 	711
f 1019 	1020 	711
f 711 	1020 	712
f 1020 	1021 	712
f 712 	1021 	713
f 1021 	1022 	713
f 713 	1022 	714
f 1022 	1023 	714
f 714 	1023 	715
f 1023 	1024 	715
f 715 	1024 	716
f 1024 	1025 	716
f 716 	1025 	717
f 1025 	1026 	717
f 717 	1026 	718
f 1026 	1027 	718
f 718 	1027 	719
f 1027 	1028 	719
f 719 	1028 	720
f 1028 	1029 	720
f 720 	1029 	721
f 1029 	1030 	721
f 721 	1030 	722
f 1030 	1031 	722
f 722 	1031 	723
f 1031 	1032 	723
f 723 	1032 	724
f 1032 	1033 	724
f 724 	1033 	725
f 1033 	1034 	725
f 725 	1034 	726
f 1034 	1035 	726
f 726 	1035 	727
f 1035 	1036 	727
f 727 	1036 	728
f 1036 	1037 	728
f 728 	1037 	729
f 1037 	1038 	729
f 729 	1038 	730
f 1038 	1039 	730
f 730 	1039 	731
f 1039 	1040 	731
f 731 	1040 	732
f 1040 	1041 	732
f 732 	1041 	733
f 1041 	1042 	733
f 733 	1042 	734
f 1042 	1043 	734
f 734 	1043 	735
f 1043 	1044 	735
f 735 	1044 	736
f 1044 	1045 	736
f 736 	1045 	737
f 1045 	1046 	737
f 737 	1046 	738
f 1046 	1047 	738
f 738 	1047 	739
f 1047 	1048 	739
f 739 	1048 	740
f 1048 	1049 	740
f 740 	1049 	741
f 1049 	1050 	741
f 741 	1050 	742
f 1050 	1051 	742
f 742 	1051 	743
f 1051 	1052 	743
f 743 	1052 	744
f 1052 	1053 	744
f 744 	1053 	745
f 1053 	1054 	745
f 745 	1054 	746
f 1054 	1055 	746
f 746 	1055 	747
f 1055 	1056 	747
f 747 	1056 	748
f 1056 	1057 	748
f 748 	1057 	749
f 1057 	1058 	749
f 749 	1058 	750
f 1058 	1059 	750
f 750 	1059 	751
f 1059 	1060 	751
f 751 	1060 	752
f 1060 	1061 	752
f 752 	1061 	753
f 1061 	1062 	753
f 753 	1062 	754
f 1062 	1063 	754
f 754 	1063 	755
f 1063 	1064 	755
f 755 	1064 	756
f 1064 	1065 	756
f 756 	1065 	757
f 1065 	1066 	757
f 757 	1066 	758
f 1066 	1067 	758
f 758 	1067 	759
f 1067 	1068 	759
f 759 	1068 	760
f 1068 	1069 	760
f 760 	1069 	761
f 1069 	1070 	761
f 761 	1070 	762
f 1070 	1071 	762
f 762 	1071 	763
f 1071 	1072 	763
f 763 	1072 	764
f 1072 	1073 	764
f 764 	1073 	765
f 1073 	1074 	765
f 765 	1074 	766
f 1074 	1075 	766
f 766 	1075 	767
f 1075 	1076 	767
f 767 	1076 	768
f 1076 	1077 	768
f 768 	1077 	769
f 1077 	1078 	769
f 769 	1078 	770
f 1078 	1079 	770
f 770 	1079 	771
f 1079 	1080 	771
f 771 	1080 	772
f 1080 	1081 	772
f 772 	1081 	773
f 1081 	1082 	773
f 773 	1082 	774
f 1082 	1083 	774
f 774 	1083 	775
f 1083 	1084 	775
f 775 	1084 	776
f 1084 	1085 	776
f 776 	1085 	777
f 1085 	1086 	777
f 777 	1086 	778
f 1086 	1087 	778
f 778 	1087 	779
f 1087 	1088 	779
f 779 	1088 	780
f 1088 	1089 	780
f 780 	1089 	781
f 1089 	1090 	781
f 781 	1090 	782
f 1090 	1091 	782
f 782 	1091 	783
f 1091 	1092 	783
f 783 	1092 	784
f 1092 	1093 	784
f 784 	1093 	785
f 1093 	1094 	785
f 785 	1094 	786
f 1094 	1095 	786
f 786 	1095 	787
f 1095 	1096 	787
f 787 	1096 	788
f 1096 	1097 	788
f 788 	1097 	789
f 1097 	1098 	789
f 789 	1098 	790
f 1098 	1099 	790
f 790 	1099 	791
f 1099 	1100 	791
f 791 	1100 	792
f 1100 	1101 	792
f 792 	1101 	793
f 1101 	1102 	793
f 793 	1102 	794
f 1102 	1103 	794
f 794 	1103 	795
f 1103 	1104 	795
f 795 	1104 	796
f 1104 	1105 	796
f 796 	1105 	797
f 1105 	1106 	797
f 797 	1106 	798
f 1106 	1107 	798
f 798 	1107 	799
f 1107 	1108 	799
f 799 	1108 	800
f 1108 	1109 	800
f 800 	1109 	801
f 1109 	1110 	801
f 801 	1110 	802
f 1110 	1111 	802
f 802 	1111 	803
f 1111 	1112 	803
f 803 	1112 	804
f 1112 	1113 	804
f 804 	1113 	805
f 1113 	1114 	805
f 805 	1114 	806
f 1114 	1115 	806
f 806 	1115 	807
f 1115 	1116 	807
f 807 	1116 	808
f 1116 	1117 	808
f 808 	1117 	809
f 1117 	1118 	809
f 809 	1118 	810
f 1118 	1119 	810
f 810 	1119 	811
f 1119 	1120 	811
f 811 	1120 	812
f 1120 	1121 	812
f 812 	1121 	813
f 1121 	1122 	813
f 813 	1122 	814
f 1122 	1123 	814
f 814 	1123 	815
f 1123 	1124 	815
f 815 	1124 	816
f 1124 	1125 	816
f 816 	1125 	817
f 1125 	1126 	817
f 817 	1126 	818
f 1126 	1127 	818
f 818 	1127 	819
f 1127 	1128 	819
f 819 	1128 	820
f 1128 	1129 	820
f 820 	1129 	821
f 1129 	1130 	821
f 821 	1130 	822
f 1130 	1131 	822
f 822 	1131 	823
f 1131 	1132 	823
f 823 	1132 	824
f 1132 	1133 	824
f 824 	1133 	825
f 1133 	1134 	825
f 825 	1134 	826
f 1134 	1135 	826
f 826 	1135 	827
f 1135 	1136 	827
f 827 	1136 	828
f 1136 	1137 	828
f 828 	1137 	829
f 1137 	1138 	829
f 829 	1138 	830
f 1138 	1139 	830
f 830 	1139 	831
f 1139 	1140 	831
f 831 	1140 	832
f 1140 	1141 	832
f 832 	1141 	833
f 1141 	1142 	833
f 833 	1142 	834
f 1142 	1143 	834
f 834 	1143 	835
f 1143 	1144 	835
f 835 	1144 	836
f 1144 	1145 	836
f 836 	1145 	837
f 1145 	1146 	837
f 837 	1146 	838
f 1146 	1147 	838
f 838 	1147 	839
f 1147 	1148 	839
f 839 	1148 	840
f 1148 	1149 	840
f 840 	1149 	841
f 1149 	1150 	841
f 841 	1150 	842
f 1150 	1151 	842
f 842 	1151 	843
f 1151 	1152 	843
f 843 	1152 	844
f 1152 	1153 	844
f 844 	1153 	845
f 1153 	1154 	845
f 845 	1154 	846
f 1154 	1155 	846
f 846 	1155 	847
f 1155 	1156 	847
f 847 	1156 	848
f 1156 	1157 	848
f 848 	1157 	849
f 1157 	1158 	849
f 849 	1158 	850
f 1158 	1159 	850
f 850 	1159 	851
f 1159 	1160 	851
f 851 	1160 	852
f 1160 	1161 	852
f 852 	1161 	853
f 1161 	1162 	853
f 853 	1162 	854
f 1162 	1163 	854
f 854 	1163 	855
f 1163 	1164 	855
f 855 	1164 	856
f 1164 	1165 	856
f 856 	1165 	857
f 1165 	1166 	857
f 857 	1166 	858
f 1166 	1167 	858
f 858 	1167 	859
f 1167 	1168 	859
f 859 	1168 	860
f 1168 	1169 	860
f 860 	1169 	861
f 1169 	1170 	861
f 861 	1170 	862
f 1170 	1171 	862
f 862 	1171 	863
f 1171 	1172 	863
f 863 	1172 	864
f 1172 	1173 	864
f 864 	1173 	865
f 1173 	1174 	865
f 865 	1174 	866
f 1174 	1175 	866
f 866 	1175 	867
f 1175 	1176 	867
f 867 	1176 	868
f 1176 	1177 	868
f 868 	1177 	869
f 1177 	1178 	869
f 869 	1178 	870
f 1178 	1179 	870
f 870 	1179 	871
f 1179 	1180 	871
f 871 	1180 	872
f 1180 	1181 	872
f 872 	1181 	873
f 1181 	1182 	873
f 873 	1182 	874
f 1182 	1183 	874
f 874 	1183 	875
f 1183 	1184 	875
f 875 	1184 	876
f 1184 	1185 	876
f 876 	1185 	877
f 1185 	1186 	877
f 877 	1186 	878
f 1186 	1187 	878
f 878 	1187 	879
f 1187 	1188 	879
f 879 	1188 	880
f 1188 	1189 	880
f 880 	1189 	881
f 1189 	1190 	881
f 881 	1190 	882
f 1190 	1191 	882
f 882 	1191 	883
f 1191 	1192 	883
f 883 	1192 	884
f 1192 	1193 	884
f 884 	1193 	885
f 1193 	1194 	885
f 885 	1194 	886
f 1194 	1195 	886
f 886 	1195 	887
f 1195 	1196 	887
f 887 	1196 	888
f 1196 	1197 	888
f 888 	1197 	889
f 1197 	1198 	889
f 889 	1198 	890
f 1198 	1199 	890
f 890 	1199 	891
f 1199 	1200 	891
f 891 	1200 	892
f 1200 	1201 	892
f 892 	1201 	893
f 1201 	1202 	893
f 893 	1202 	894
f 1202 	1203 	894
f 894 	1203 	895
f 1203 	1204 	895
f 895 	1204 	896
f 1204 	1205 	896
f 896 	1205 	897
f 1205 	1206 	897
f 897 	1206 	898
f 1206 	1207 	898
f 898 	1207 	899
f 1207 	1208 	899
f 899 	1208 	900
f 1208 	1209 	900
f 900 	1209 	901
f 1209 	1210 	901
f 901 	1210 	902
f 1210 	1211 	902
f 902 	1211 	903
f 1211 	1212 	903
f 903 	1212 	904
f 1212 	1213 	904
f 904 	1213 	905
f 1213 	1214 	905
f 905 	1214 	906
f 1214 	1215 	906
f 906 	1215 	907
f 1215 	1216 	907
f 907 	1216 	908
f 1216 	1217 	908
f 908 	1217 	909
f 1217 	1218 	909
f 909 	1218 	910
f 1218 	1219 	910
f 910 	1219 	911
f 1219 	1220 	911
f 911 	1220 	912
f 1220 	1221 	912
f 912 	1221 	913
f 1221 	1222 	913
f 913 	1222 	914
f 1222 	1223 	914
f 914 	1223 	915
f 1223 	1224 	915
f 915 	1224 	916
f 1224 	1225 	916
f 916 	1225 	917
f 1225 	1226 	917
f 917 	1226 	918
f 1226 	1227 	918
f 918 	1227 	919
f 1227 	1228 	919
f 919 	1228 	920
f 1228 	1229 	920
f 920 	1229 	921
f 1229 	1230 	921
f 921 	1230 	922
f 1230 	1231 	922
f 922 	1231 	923
f 1231 	1232 	923
f 923 	1232 	600
f 1232 	1233 	600
f 600 	1233 	601
f 602 	1234 	603
f 603 	1234 	924
f 1234 	1235 	924
f 924 	1235 	925
f 1235 	1236 	925
f 925 	1236 	926
f 1236 	1237 	926
f 926 	1237 	927
f 1237 	1238 	927
f 927 	1238 	928
f 1238 	1239 	928
f 928 	1239 	929
f 1239 	1240 	929
f 929 	1240 	930
f 1240 	1241 	930
f 930 	1241 	931
f 1241 	1242 	931
f 931 	1242 	932
f 1242 	1243 	932
f 932 	1243 	933
f 1243 	1244 	933
f 933 	1244 	625
f 1244 	934 	625
f 934 	1245 	935
f 1245 	1246 	935
f 935 	1246 	936
f 1246 	1247 	936
f 936 	1247 	937
f 1247 	1248 	937
f 937 	1248 	938
f 1248 	1249 	938
f 938 	1249 	939
f 1249 	1250 	939
f 939 	1250 	940
f 1250 	1251 	940
f 940 	1251 	941
f 1251 	1252 	941
f 941 	1252 	942
f 1252 	1253 	942
f 942 	1253 	943
f 1253 	1254 	943
f 943 	1254 	944
f 1254 	1255 	944
f 944 	1255 	945
f 1255 	1256 	945
f 945 	1256 	946
f 1256 	1257 	946
f 946 	1257 	947
f 1257 	1258 	947
f 947 	1258 	948
f 1258 	1259 	948
f 948 	1259 	949
f 1259 	1260 	949
f 949 	1260 	950
f 1260 	1261 	950
f 950 	1261 	951
f 1261 	1262 	951
f 951 	1262 	952
f 1262 	1263 	952
f 952 	1263 	953
f 1263 	1264 	953
f 953 	1264 	954
f 1264 	1265 	954
f 954 	1265 	955
f 1265 	1266 	955
f 955 	1266 	956
f 1266 	1267 	956
f 956 	1267 	957
f 1267 	1268 	957
f 957 	1268 	958
f 1268 	1269 	958
f 958 	1269 	959
f 1269 	1270 	959
f 959 	1270 	960
f 1270 	1271 	960
f 960 	1271 	961
f 1271 	1272 	961
f 961 	1272 	962
f 1272 	1273 	962
f 962 	1273 	963
f 1273 	1274 	963
f 963 	1274 	964
f 1274 	1275 	964
f 964 	1275 	965
f 1275 	1276 	965
f 965 	1276 	966
f 1276 	1277 	966
f 966 	1277 	967
f 1277 	1278 	967
f 967 	1278 	968
f 1278 	1279 	968
f 968 	1279 	969
f 1279 	1280 	969
f 969 	1280 	970
f 1280 	1281 	970
f 970 	1281 	971
f 1281 	1282 	971
f 971 	1282 	972
f 1282 	1283 	972
f 972 	1283 	973
f 1283 	1284 	973
f 973 	1284 	974
f 1284 	1285 	974
f 974 	1285 	975
f 1285 	1286 	975
f 975 	1286 	976
f 1286 	1287 	976
f 976 	1287 	977
f 1287 	1288 	977
f 977 	1288 	978
f 1288 	1289 	978
f 978 	1289 	979
f 1289 	1290 	979
f 979 	1290 	980
f 1290 	1291 	980
f 980 	1291 	981
f 1291 	1292 	981
f 981 	1292 	982
f 1292 	1293 	982
f 982 	1293 	983
f 1293 	1294 	983
f 983 	1294 	984
f 1294 	1295 	984
f 984 	1295 	985
f 1295 	1296 	985
f 985 	1296 	986
f 1296 	1297 	986
f 986 	1297 	987
f 1297 	1298 	987
f 987 	1298 	988
f 1298 	1299 	988
f 988 	1299 	989
f 1299 	1300 	989
f 989 	1300 	990
f 1300 	1301 	990
f 990 	1301 	991
f 1301 	1302 	991
f 991 	1302 	992
f 1302 	1303 	992
f 992 	1303 	993
f 1303 	1304 	993
f 993 	1304 	994
f 1304 	1305 	994
f 994 	1305 	995
f 1305 	1306 	995
f 995 	1306 	996
f 1306 	1307 	996
f 996 	1307 	997
f 1307 	1308 	997
f 997 	1308 	998
f 1308 	1309 	998
f 998 	1309 	999
f 1309 	1310 	999
f 999 	1310 	1000
f 1310 	1311 	1000
f 1000 	1311 	1001
f 1311 	1312 	1001
f 1001 	1312 	1002
f 1312 	1313 	1002
f 1002 	1313 	1003
f 1313 	1314 	1003
f 1003 	1314 	1004
f 1314 	1315 	1004
f 1004 	1315 	1005
f 1315 	1316 	1005
f 1005 	1316 	1006
f 1316 	1317 	1006
f 1006 	1317 	1007
f 1317 	1318 	1007
f 1007 	1318 	1008
f 1318 	1319 	1008
f 1008 	1319 	1009
f 1319 	1320 	1009
f 1009 	1320 	1010
f 1320 	1321 	1010
f 1010 	1321 	1011
f 1321 	1322 	1011
f 1011 	1322 	1012
f 1322 	1323 	1012
f 1012 	1323 	1013
f 1323 	1324 	1013
f 1013 	1324 	1014
f 1324 	1325 	1014
f 1014 	1325 	1015
f 1325 	1326 	1015
f 1015 	1326 	1016
f 1326 	1327 	1016
f 1016 	1327 	1017
f 1327 	1328 	1017
f 1017 	1328 	1018
f 1328 	1329 	1018
f 1018 	1329 	1019
f 1329 	1330 	1019
f 1019 	1330 	1020
f 1330 	1331 	1020
f 1020 	1331 	1021
f 1331 	1332 	1021
f 1021 	1332 	1022
f 1332 	1333 	1022
f 1022 	1333 	1023
f 1333 	1334 	1023
f 1023 	1334 	1024
f 1334 	1335 	1024
f 1024 	1335 	1025
f 1335 	1336 	1025
f 1025 	1336 	1026
f 1336 	1337 	1026
f 1026 	1337 	1027
f 1337 	1338 	1027
f 1027 	1338 	1028
f 1338 	1339 	1028
f 1028 	1339 	1029
f 1339 	1340 	1029
f 1029 	1340 	1030
f 1340 	1341 	1030
f 1030 	1341 	1031
f 1341 	1342 	1031
f 1031 	1342 	1032
f 1342 	1343 	1032
f 1032 	1343 	1033
f 1343 	1344 	1033
f 1033 	1344 	1034
f 1344 	1345 	1034
f 1034 	1345 	1035
f 1345 	1346 	1035
f 1035 	1346 	1036
f 1346 	1347 	1036
f 1036 	1347 	1037
f 1347 	1348 	1037
f 1037 	1348 	1038
f 1348 	1349 	1038
f 1038 	1349 	1039
f 1349 	1350 	1039
f 1039 	1350 	1040
f 1350 	1351 	1040
f 1040 	1351 	1041
f 1351 	1352 	1041
f 1041 	1352 	1042
f 1352 	1353 	1042
f 1042 	1353 	1043
f 1353 	1354 	1043
f 1043 	1354 	1044
f 1354 	1355 	1044
f 1044 	1355 	1045
f 1355 	1356 	1045
f 1045 	1356 	1046
f 1356 	1357 	1046
f 1046 	1357 	1047
f 1357 	1358 	1047
f 1047 	1358 	1048
f 1358 	1359 	1048
f 1048 	1359 	1049
f 1359 	1360 	1049
f 1049 	1360 	1050
f 1360 	1361 	1050
f 1050 	1361 	1051
f 1361 	1362 	1051
f 1051 	1362 	1052
f 1362 	1363 	1052
f 1052 	1363 	1053
f 1363 	1364 	1053
f 1053 	1364 	1054
f 1364 	1365 	1054
f 1054 	1365 	1055
f 1365 	1366 	1055
f 1055 	1366 	1056
f 1366 	1367 	1056
f 1056 	1367 	1057
f 1367 	1368 	1057
f 1057 	1368 	1058
f 1368 	1369 	1058
f 1058 	1369 	1059
f 1369 	1370 	1059
f 1059 	1370 	1060
f 1370 	1371 	1060
f 1060 	1371 	1061
f 1371 	1372 	1061
f 1061 	1372 	1062
f 1372 	1373 	1062
f 1062 	1373 	1063
f 1373 	1374 	1063
f 1063 	1374 	1064
f 1374 	1375 	1064
f 1064 	1375 	1065
f 1375 	1376 	1065
f 1065 	1376 	1066
f 1376 	1377 	1066
f 1066 	1377 	1067
f 1377 	1378 	1067
f 1067 	1378 	1068
f 1378 	1379 	1068
f 1068 	1379 	1069
f 1379 	1380 	1069
f 1069 	1380 	1070
f 1380 	1381 	1070
f 1070 	1381 	1071
f 1381 	1382 	1071
f 1071 	1382 	1072
f 1382 	1383 	1072
f 1072 	1383 	1073
f 1383 	1384 	1073
f 1073 	1384 	1074
f 1384 	1385 	1074
f 1074 	1385 	1075
f 1385 	1386 	1075
f 1075 	1386 	1076
f 1386 	1387 	1076
f 1076 	1387 	1077
f 1387 	1388 	1077
f 1077 	1388 	1078
f 1388 	1389 	1078
f 1078 	1389 	1079
f 1389 	1390 	1079
f 1079 	1390 	1080
f 1390 	1391 	1080
f 1080 	1391 	1081
f 1391 	1392 	1081
f 1081 	1392 	1082
f 1392 	1393 	1082
f 1082 	1393 	1083
f 1393 	1394 	1083
f 1083 	1394 	1084
f 1394 	1395 	1084
f 1084 	1395 	1085
f 1395 	1396 	1085
f 1085 	1396 	1086
f 1396 	1397 	1086
f 1086 	1397 	1087
f 1397 	1398 	1087
f 1087 	1398 	1088
f 1398 	1399 	1088
f 1088 	1399 	1089
f 1399 	1400 	1089
f 1089 	1400 	1090
f 1400 	1401 	1090
f 1090 	1401 	1091
f 1401 	1402 	1091
f 1091 	1402 	1092
f 1402 	1403 	1092
f 1092 	1403 	1093
f 1403 	1404 	1093
f 1093 	1404 	1094
f 1404 	1405 	1094
f 1094 	1405 	1095
f 1405 	1406 	1095
f 1095 	1406 	1096
f 1406 	1407 	1096
f 1096 	1407 	1097
f 1407 	1408 	1097
f 1097 	1408 	1098
f 1408 	1409 	1098
f 1098 	1409 	1099
f 1409 	1410 	1099
f 1099 	1410 	1100
f 1410 	1411 	1100
f 1100 	1411 	1101
f 1411 	1412 	1101
f 1101 	1412 	1102
f 1412 	1413 	1102
f 1102 	1413 	1103
f 1413 	1414 	1103
f 1103 	1414 	1104
f 1414 	1415 	1104
f 1104 	1415 	1105
f 1415 	1416 	1105
f 1105 	1416 	1106
f 1416 	1417 	1106
f 1106 	1417 	1107
f 1417 	1418 	1107
f 1107 	1418 	1108
f 1418 	1419 	1108
f 1108 	1419 	1109
f 1419 	1420 	1109
f 1109 	1420 	1110
f 1420 	1421 	1110
f 1110 	1421 	1111
f 1421 	1422 	1111
f 1111 	1422 	1112
f 1422 	1423 	1112
f 1112 	1423 	1113
f 1423 	1424 	1113
f 1113 	1424 	1114
f 1424 	1425 	1114
f 1114 	1425 	1115
f 1425 	1426 	1115
f 1115 	1426 	1116
f 1426 	1427 	1116
f 1116 	1427 	1117
f 1427 	1428 	1117
f 1117 	1428 	1118
f 1428 	1429 	1118
f 1118 	1429 	1119
f 1429 	1430 	1119
f 1119 	1430 	1120
f 1430 	1431 	1120
f 1120 	1431 	1121
f 1431 	1432 	1121
f 1121 	1432 	1122
f 1432 	1433 	1122
f 1122 	1433 	1123
f 1433 	1434 	1123
f 1123 	1434 	1124
f 1434 	1435 	1124
f 1124 	1435 	1125
f 1435 	1436 	1125
f 1125 	1436 	1126
f 1436 	1437 	1126
f 1126 	1437 	1127
f 1437 	1438 	1127
f 1127 	1438 	1128
f 1438 	1439 	1128
f 1128 	1439 	1129
f 1439 	1440 	1129
f 1129 	1440 	1130
f 1440 	1441 	1130
f 1130 	1441 	1131
f 1441 	1442 	1131
f 1131 	1442 	1132
f 1442 	1443 	1132
f 1132 	1443 	1133
f 1443 	1444 	1133
f 1133 	1444 	1134
f 1444 	1445 	1134
f 1134 	1445 	1135
f 1445 	1446 	1135
f 1135 	1446 	1136
f 1446 	1447 	1136
f 1136 	1447 	1137
f 1447 	1448 	1137
f 1137 	1448 	1138
f 1448 	1449 	1138
f 1138 	1449 	1139
f 1449 	1450 	1139
f 1139 	1450 	1140
f 1450 	1451 	1140
f 1140 	1451 	1141
f 1451 	1452 	1141
f 1141 	1452 	1142
f 1452 	1453 	1142
f 1142 	1453 	1143
f 1453 	1454 	1143
f 1143 	1454 	1144
f 1454 	1455 	1144
f 1144 	1455 	1145
f 1455 	1456 	1145
f 1145 	1456 	1146
f 1456 	1457 	1146
f 1146 	1457 	1147
f 1457 	1458 	1147
f 1147 	1458 	1148
f 1458 	1459 	1148
f 1148 	1459 	1149
f 1459 	1460 	1149
f 1149 	1460 	1150
f 1460 	1461 	1150
f 1150 	1461 	1151
f 1461 	1462 	1151
f 1151 	1462 	1152
f 1462 	1463 	1152
f 1152 	1463 	1153
f 1463 	1464 	1153
f 1153 	1464 	1154
f 1464 	1465 	1154
f 1154 	1465 	1155
f 1465 	1466 	1155
f 1155 	1466 	1156
f 1466 	1467 	1156
f 1156 	1467 	1157
f 1467 	1468 	1157
f 1157 	1468 	1158
f 1468 	1469 	1158
f 1158 	1469 	1159
f 1469 	1470 	1159
f 1159 	1470 	1160
f 1470 	1471 	1160
f 1160 	1471 	1161
f 1471 	1472 	1161
f 1161 	1472 	1162
f 1472 	1473 	1162
f 1162 	1473 	1163
f 1473 	1474 	1163
f 1163 	1474 	1164
f 1474 	1475 	1164
f 1164 	1475 	1165
f 1475 	1476 	1165
f 1165 	1476 	1166
f 1476 	1477 	1166
f 1166 	1477 	1167
f 1477 	1478 	1167
f 1167 	1478 	1168
f 1478 	1479 	1168
f 1168 	1479 	1169
f 1479 	1480 	1169
f 1169 	1480 	1170
f 1480 	1481 	1170
f 1170 	1481 	1171
f 1481 	1482 	1171
f 1171 	1482 	1172
f 1482 	1483 	1172
f 1172 	1483 	1173
f 1483 	1484 	1173
f 1173 	1484 	1174
f 1484 	1485 	1174
f 1174 	1485 	1175
f 1485 	1486 	1175
f 1175 	1486 	1176
f 1486 	1487 	1176
f 1176 	1487 	1177
f 1487 	1488 	1177
f 1177 	1488 	1178
f 1488 	1489 	1178
f 1178 	1489 	1179
f 1489 	1490 	1179
f 1179 	1490 	1180
f 1490 	1491 	1180
f 1180 	1491 	1181
f 1491 	1492 	1181
f 1181 	1492 	1182
f 1492 	1493 	1182
f 1182 	1493 	1183
f 1493 	1494 	1183
f 1183 	1494 	1184
f 1494 	1495 	1184
f 1184 	1495 	1185
f 1495 	1496 	1185
f 1185 	1496 	1186
f 1496 	1497 	1186
f 1186 	1497 	1187
f 1497 	1498 	1187
f 1187 	1498 	1188
f 1498 	1499 	1188
f 1188 	1499 	1189
f 1499 	1500 	1189
f 1189 	1500 	1190
f 1500 	1501 	1190
f 1190 	1501 	1191
f 1501 	1502 	1191
f 1191 	1502 	1192
f 1502 	1503 	1192
f 1192 	1503 	1193
f 1503 	1504 	1193
f 1193 	1504 	1194
f 1504 	1505 	1194
f 1194 	1505 	1195
f 1505 	1506 	1195
f 1195 	1506 	1196
f 1506 	1507 	1196
f 1196 	1507 	1197
f 1507 	1508 	1197
f 1197 	1508 	1198
f 1508 	1509 	1198
f 1198 	1509 	1199
f 1509 	1510 	1199
f 1199 	1510 	1200
f 1510 	1511 	1200
f 1200 	1511 	1201
f 1511 	1512 	1201
f 1201 	1512 	1202
f 1512 	1513 	1202
f 1202 	1513 	1203
f 1513 	1514 	1203
f 1203 	1514 	1204
f 1514 	1515 	1204
f 1204 	1515 	1205
f 1515 	1516 	1205
f 1205 	1516 	1206
f 1516 	1517 	1206
f 1206 	1517 	1207
f 1517 	1518 	1207
f 1207 	1518 	1208
f 1518 	1519 	1208
f 1208 	1519 	1209
f 1519 	1520 	1209
f 1209 	1520 	1210
f 1520 	1521 	1210
f 1210 	1521 	1211
f 1521 	1522 	1211
f 1211 	1522 	1212
f 1522 	1523 	1212
f 1212 	1523 	1213
f 1523 	1524 	1213
f 1213 	1524 	1214
f 1524 	1525 	1214
f 1214 	1525 	1215
f 1525 	1526 	1215
f 1215 	1526 	1216
f 1526 	1527 	1216
f 1216 	1527 	1217
f 1527 	1528 	1217
f 1217 	1528 	1218
f 1528 	1529 	1218
f 1218 	1529 	1219
f 1529 	1530 	1219
f 1219 	1530 	1220
f 1530 	1531 	1220
f 1220 	1531 	1221
f 1531 	1532 	1221
f 1221 	1532 	1222
f 1532 	1533 	1222
f 1222 	1533 	1223
f 1533 	1534 	1223
f 1223 	1534 	1224
f 1534 	1535 	1224
f 1224 	1535 	1225
f 1535 	1536 	1225
f 1225 	1536 	1226
f 1536 	1537 	1226
f 1226 	1537 	1227
f 1537 	1538 	1227
f 1227 	1538 	1228
f 1538 	1539 	1228
f 1228 	1539 	1229
f 1539 	1540 	1229
f 1229 	1540 	1230
f 1540 	1541 	1230
f 1230 	1541 	1231
f 1541 	1542 	1231
f 1231 	1542 	1232
f 1542 	1543 	1232
f 1232 	1543 	1233
f 1543 	1233 	1233
f 602 	1234 	1234
f 1234 	1544 	1235
f 1235 	1544 	1236
f 1544 	1545 	1236
f 1236 	1545 	1237
f 1545 	1546 	1237
f 1237 	1546 	1238
f 1546 	1547 	1238
f 1238 	1547 	1239
f 1547 	1548 	1239
f 1239 	1548 	1240
f 1548 	1549 	1240
f 1240 	1549 	1241
f 1549 	1550 	1241
f 1241 	1550 	1242
f 1550 	1551 	1242
f 1242 	1551 	1243
f 1551 	1552 	1243
f 1243 	1552 	1244
f 1552 	1553 	1244
f 1244 	1553 	934
f 1553 	1245 	934
f 1245 	1554 	1246
f 1554 	1555 	1246
f 1246 	1555 	1247
f 1555 	1556 	1247
f 1247 	1556 	1248
f 1556 	1557 	1248
f 1248 	1557 	1249
f 1557 	1558 	1249
f 1249 	1558 	1250
f 1558 	1559 	1250
f 1250 	1559 	1251
f 1559 	1560 	1251
f 1251 	1560 	1252
f 1560 	1561 	1252
f 1252 	1561 	1253
f 1561 	1562 	1253
f 1253 	1562 	1254
f 1562 	1563 	1254
f 1254 	1563 	1255
f 1563 	1564 	1255
f 1255 	1564 	1256
f 1564 	1565 	1256
f 1256 	1565 	1257
f 1565 	1566 	1257
f 1257 	1566 	1258
f 1566 	1567 	1258
f 1258 	1567 	1259
f 1567 	1568 	1259
f 1259 	1568 	1260
f 1568 	1569 	1260
f 1260 	1569 	1261
f 1569 	1570 	1261
f 1261 	1570 	1262
f 1570 	1571 	1262
f 1262 	1571 	1263
f 1571 	1572 	1263
f 1263 	1572 	1264
f 1572 	1573 	1264
f 1264 	1573 	1265
f 1573 	1574 	1265
f 1265 	1574 	1266
f 1574 	1575 	1266
f 1266 	1575 	1267
f 1575 	1576 	1267
f 1267 	1576 	1268
f 1576 	1577 	1268
f 1268 	1577 	1269
f 1577 	1578 	1269
f 1269 	1578 	1270
f 1578 	1579 	1270
f 1270 	1579 	1271
f 1579 	1580 	1271
f 1271 	1580 	1272
f 1580 	1581 	1272
f 1272 	1581 	1273
f 1581 	1582 	1273
f 1273 	1582 	1274
f 1582 	1583 	1274
f 1274 	1583 	1275
f 1583 	1584 	1275
f 1275 	1584 	1276
f 1584 	1585 	1276
f 1276 	1585 	1277
f 1585 	1586 	1277
f 1277 	1586 	1278
f 1586 	1587 	1278
f 1278 	1587 	1279
f 1587 	1588 	1279
f 1279 	1588 	1280
f 1588 	1589 	1280
f 1280 	1589 	1281
f 1589 	1590 	1281
f 1281 	1590 	1282
f 1590 	1591 	1282
f 1282 	1591 	1283
f 1591 	1592 	1283
f 1283 	1592 	1284
f 1592 	1593 	1284
f 1284 	1593 	1285
f 1593 	1594 	1285
f 1285 	1594 	1286
f 1594 	1595 	1286
f 1286 	1595 	1287
f 1595 	1596 	1287
f 1287 	1596 	1288
f 1596 	1597 	1288
f 1288 	1597 	1289
f 1597 	1598 	1289
f 1289 	1598 	1290
f 1598 	1599 	1290
f 1290 	1599 	1291
f 1599 	1600 	1291
f 1291 	1600 	1292
f 1600 	1601 	1292
f 1292 	1601 	1293
f 1601 	1602 	1293
f 1293 	1602 	1294
f 1602 	1603 	1294
f 1294 	1603 	1295
f 1603 	1604 	1295
f 1295 	1604 	1296
f 1604 	1605 	1296
f 1296 	1605 	1297
f 1605 	1606 	1297
f 1297 	1606 	1298
f 1606 	1607 	1298
f 1298 	1607 	1299
f 1607 	1608 	1299
f 1299 	1608 	1300
f 1608 	1609 	1300
f 1300 	1609 	1301
f 1609 	1610 	1301
f 1301 	1610 	1302
f 1610 	1611 	1302
f 1302 	1611 	1303
f 1611 	1612 	1303
f 1303 	1612 	1304
f 1612 	1613 	1304
f 1304 	1613 	1305
f 1613 	1614 	1305
f 1305 	1614 	1306
f 1614 	1615 	1306
f 1306 	1615 	1307
f 1615 	1616 	1307
f 1307 	1616 	1308
f 1616 	1617 	1308
f 1308 	1617 	1309
f 1617 	1618 	1309
f 1309 	1618 	1310
f 1618 	1619 	1310
f 1310 	1619 	1311
f 1619 	1620 	1311
f 1311 	1620 	1312
f 1620 	1621 	1312
f 1312 	1621 	1313
f 1621 	1622 	1313
f 1313 	1622 	1314
f 1622 	1623 	1314
f 1314 	1623 	1315
f 1623 	1624 	1315
f 1315 	1624 	1316
f 1624 	1625 	1316
f 1316 	1625 	1317
f 1625 	1626 	1317
f 1317 	1626 	1318
f 1626 	1627 	1318
f 1318 	1627 	1319
f 1627 	1628 	1319
f 1319 	1628 	1320
f 1628 	1629 	1320
f 1320 	1629 	1321
f 1629 	1630 	1321
f 1321 	1630 	1322
f 1630 	1631 	1322
f 1322 	1631 	1323
f 1631 	1632 	1323
f 1323 	1632 	1324
f 1632 	1633 	1324
f 1324 	1633 	1325
f 1633 	1634 	1325
f 1325 	1634 	1326
f 1634 	1635 	1326
f 1326 	1635 	1327
f 1635 	1636 	1327
f 1327 	1636 	1328
f 1636 	1637 	1328
f 1328 	1637 	1329
f 1637 	1638 	1329
f 1329 	1638 	1330
f 1638 	1639 	1330
f 1330 	1639 	1331
f 1639 	1640 	1331
f 1331 	1640 	1332
f 1640 	1641 	1332
f 1332 	1641 	1333
f 1641 	1642 	1333
f 1333 	1642 	1334
f 1642 	1643 	1334
f 1334 	1643 	1335
f 1643 	1644 	1335
f 1335 	1644 	1336
f 1644 	1645 	1336
f 1336 	1645 	1337
f 1645 	1646 	1337
f 1337 	1646 	1338
f 1646 	1647 	1338
f 1338 	1647 	1339
f 1647 	1648 	1339
f 1339 	1648 	1340
f 1648 	1649 	1340
f 1340 	1649 	1341
f 1649 	1650 	1341
f 1341 	1650 	1342
f 1650 	1651 	1342
f 1342 	1651 	1343
f 1651 	1652 	1343
f 1343 	1652 	1344
f 1652 	1653 	1344
f 1344 	1653 	1345
f 1653 	1654 	1345
f 1345 	1654 	1346
f 1654 	1655 	1346
f 1346 	1655 	1347
f 1655 	1656 	1347
f 1347 	1656 	1348
f 1656 	1657 	1348
f 1348 	1657 	1349
f 1657 	1658 	1349
f 1349 	1658 	1350
f 1658 	1659 	1350
f 1350 	1659 	1351
f 1659 	1660 	1351
f 1351 	1660 	1352
f 1660 	1661 	1352
f 1352 	1661 	1353
f 1661 	1662 	1353
f 1353 	1662 	1354
f 1662 	1663 	1354
f 1354 	1663 	1355
f 1663 	1664 	1355
f 1355 	1664 	1356
f 1664 	1665 	1356
f 1356 	1665 	1357
f 1665 	1666 	1357
f 1357 	1666 	1358
f 1666 	1667 	1358
f 1358 	1667 	1359
f 1667 	1668 	1359
f 1359 	1668 	1360
f 1668 	1669 	1360
f 1360 	1669 	1361
f 1669 	1670 	1361
f 1361 	1670 	1362
f 1670 	1671 	1362
f 1362 	1671 	1363
f 1671 	1672 	1363
f 1363 	1672 	1364
f 1672 	1673 	1364
f 1364 	1673 	1365
f 1673 	1674 	1365
f 1365 	1674 	1366
f 1674 	1675 	1366
f 1366 	1675 	1367
f 1675 	1676 	1367
f 1367 	1676 	1368
f 1676 	1677 	1368
f 1368 	1677 	1369
f 1677 	1678 	1369
f 1369 	1678 	1370
f 1678 	1679 	1370
f 1370 	1679 	1371
f 1679 	1680 	1371
f 1371 	1680 	1372
f 1680 	1681 	1372
f 1372 	1681 	1373
f 1681 	1682 	1373
f 1373 	1682 	1374
f 1682 	1683 	1374
f 1374 	1683 	1375
f 1683 	1684 	1375
f 1375 	1684 	1376
f 1684 	1685 	1376
f 1376 	1685 	1377
f 1685 	1686 	1377
f 1377 	1686 	1378
f 1686 	1687 	1378
f 1378 	1687 	1379
f 1687 	1688 	1379
f 1379 	1688 	1380
f 1688 	1689 	1380
f 1380 	1689 	1381
f 1689 	1690 	1381
f 1381 	1690 	1382
f 1690 	1691 	1382
f 1382 	1691 	1383
f 1691 	1692 	1383
f 1383 	1692 	1384
f 1692 	1693 	1384
f 1384 	1693 	1385
f 1693 	1694 	1385
f 1385 	1694 	1386
f 1694 	1695 	1386
f 1386 	1695 	1387
f 1695 	1696 	1387
f 1387 	1696 	1388
f 1696 	1697 	1388
f 1388 	1697 	1389
f 1697 	1698 	1389
f 1389 	1698 	1390
f 1698 	1699 	1390
f 1390 	1699 	1391
f 1699 	1700 	1391
f 1391 	1700 	1392
f 1700 	1701 	1392
f 1392 	1701 	1393
f 1701 	1702 	1393
f 1393 	1702 	1394
f 1702 	1703 	1394
f 1394 	1703 	1395
f 1703 	1704 	1395
f 1395 	1704 	1396
f 1704 	1705 	1396
f 1396 	1705 	1397
f 1705 	1706 	1397
f 1397 	1706 	1398
f 1706 	1707 	1398
f 1398 	1707 	1399
f 1707 	1708 	1399
f 1399 	1708 	1400
f 1708 	1709 	1400
f 1400 	1709 	1401
f 1709 	1710 	1401
f 1401 	1710 	1402
f 1710 	1711 	1402
f 1402 	1711 	1403
f 1711 	1712 	1403
f 1403 	1712 	1404
f 1712 	1713 	1404
f 1404 	1713 	1405
f 1713 	1714 	1405
f 1405 	1714 	1406
f 1714 	1715 	1406
f 1406 	1715 	1407
f 1715 	1716 	1407
f 1407 	1716 	1408
f 1716 	1717 	1408
f 1408 	1717 	1409
f 1717 	1718 	1409
f 1409 	1718 	1410
f 1718 	1719 	1410
f 1410 	1719 	1411
f 1719 	1720 	1411
f 1411 	1720 	1412
f 1720 	1721 	1412
f 1412 	1721 	1413
f 1721 	1722 	1413
f 1413 	1722 	1414
f 1722 	1723 	1414
f 1414 	1723 	1415
f 1723 	1724 	1415
f 1415 	1724 	1416
f 1724 	1725 	1416
f 1416 	1725 	1417
f 1725 	1726 	1417
f 1417 	1726 	1418
f 1726 	1727 	1418
f 1418 	1727 	1419
f 1727 	1728 	1419
f 1419 	1728 	1420
f 1728 	1729 	1420
f 1420 	1729 	1421
f 1729 	1730 	1421
f 1421 	1730 	1422
f 1730 	1731 	1422
f 1422 	1731 	1423
f 1731 	1732 	1423
f 1423 	1732 	1424
f 1732 	1733 	1424
f 1424 	1733 	1425
f 1733 	1734 	1425
f 1425 	1734 	1426
f 1734 	1735 	1426
f 1426 	1735 	1427
f 1735 	1736 	1427
f 1427 	1736 	1428
f 1736 	1737 	1428
f 1428 	1737 	1429
f 1737 	1738 	1429
f 1429 	1738 	1430
f 1738 	1739 	1430
f 1430 	1739 	1431
f 1739 	1740 	1431
f 1431 	1740 	1432
f 1740 	1741 	1432
f 1432 	1741 	1433
f 1741 	1742 	1433
f 1433 	1742 	1434
f 1742 	1743 	1434
f 1434 	1743 	1435
f 1743 	1744 	1435
f 1435 	1744 	1436
f 1744 	1745 	1436
f 1436 	1745 	1437
f 1745 	1746 	1437
f 1437 	1746 	1438
f 1746 	1747 	1438
f 1438 	1747 	1439
f 1747 	1748 	1439
f 1439 	1748 	1440
f 1748 	1749 	1440
f 1440 	1749 	1441
f 1749 	1750 	1441
f 1441 	1750 	1442
f 1750 	1751 	1442
f 1442 	1751 	1443
f 1751 	1752 	1443
f 1443 	1752 	1444
f 1752 	1753 	1444
f 1444 	1753 	1445
f 1753 	1754 	1445
f 1445 	1754 	1446
f 1754 	1755 	1446
f 1446 	1755 	1447
f 1755 	1756 	1447
f 1447 	1756 	1448
f 1756 	1757 	1448
f 1448 	1757 	1449
f 1757 	1758 	1449
f 1449 	1758 	1450
f 1758 	1759 	1450
f 1450 	1759 	1451
f 1759 	1760 	1451
f 1451 	1760 	1452
f 1760 	1761 	1452
f 1452 	1761 	1453
f 1761 	1762 	1453
f 1453 	1762 	1454
f 1762 	1763 	1454
f 1454 	1763 	1455
f 1763 	1764 	1455
f 1455 	1764 	1456
f 1764 	1765 	1456
f 1456 	1765 	1457
f 1765 	1766 	1457
f 1457 	1766 	1458
f 1766 	1767 	1458
f 1458 	1767 	1459
f 1767 	1768 	1459
f 1459 	1768 	1460
f 1768 	1769 	1460
f 1460 	1769 	1461
f 1769 	1770 	1461
f 1461 	1770 	1462
f 1770 	1771 	1462
f 1462 	1771 	1463
f 1771 	1772 	1463
f 1463 	1772 	1464
f 1772 	1773 	1464
f 1464 	1773 	1465
f 1773 	1774 	1465
f 1465 	1774 	1466
f 1774 	1775 	1466
f 1466 	1775 	1467
f 1775 	1776 	1467
f 1467 	1776 	1468
f 1776 	1777 	1468
f 1468 	1777 	1469
f 1777 	1778 	1469
f 1469 	1778 	1470
f 1778 	1779 	1470
f 1470 	1779 	1471
f 1779 	1780 	1471
f 1471 	1780 	1472
f 1780 	1781 	1472
f 1472 	1781 	1473
f 1781 	1782 	1473
f 1473 	1782 	1474
f 1782 	1783 	1474
f 1474 	1783 	1475
f 1783 	1784 	1475
f 1475 	1784 	1476
f 1784 	1785 	1476
f 1476 	1785 	1477
f 1785 	1786 	1477
f 1477 	1786 	1478
f 1786 	1787 	1478
f 1478 	1787 	1479
f 1787 	1788 	1479
f 1479 	1788 	1480
f 1788 	1789 	1480
f 1480 	1789 	1481
f 1789 	1790 	1481
f 1481 	1790 	1482
f 1790 	1791 	1482
f 1482 	1791 	1483
f 1791 	1792 	1483
f 1483 	1792 	1484
f 1792 	1793 	1484
f 1484 	1793 	1485
f 1793 	1794 	1485
f 1485 	1794 	1486
f 1794 	1795 	1486
f 1486 	1795 	1487
f 1795 	1796 	1487
f 1487 	1796 	1488
f 1796 	1797 	1488
f 1488 	1797 	1489
f 1797 	1798 	1489
f 1489 	1798 	1490
f 1798 	1799 	1490
f 1490 	1799 	1491
f 1799 	1800 	1491
f 1491 	1800 	1492
f 1800 	1801 	1492
f 1492 	1801 	1493
f 1801 	1802 	1493
f 1493 	1802 	1494
f 1802 	1803 	1494
f 1494 	1803 	1495
f 1803 	1804 	1495
f 1495 	1804 	1496
f 1804 	1805 	1496
f 1496 	1805 	1497
f 1805 	1806 	1497
f 1497 	1806 	1498
f 1806 	1807 	1498
f 1498 	1807 	1499
f 1807 	1808 	1499
f 1499 	1808 	1500
f 1808 	1809 	1500
f 1500 	1809 	1501
f 1809 	1810 	1501
f 1501 	1810 	1502
f 1810 	1811 	1502
f 1502 	1811 	1503
f 1811 	1812 	1503
f 1503 	1812 	1504
f 1812 	1813 	1504
f 1504 	1813 	1505
f 1813 	1814 	1505
f 1505 	1814 	1506
f 1814 	1815 	1506
f 1506 	1815 	1507
f 1815 	1816 	1507
f 1507 	1816 	1508
f 1816 	1817 	1508
f 1508 	1817 	1509
f 1817 	1818 	1509
f 1509 	1818 	1510
f 1818 	1819 	1510
f 1510 	1819 	1511
f 1819 	1820 	1511
f 1511 	1820 	1512
f 1820 	1821 	1512
f 1512 	1821 	1513
f 1821 	1822 	1513
f 1513 	1822 	1514
f 1822 	1823 	1514
f 1514 	1823 	1515
f 1823 	1824 	1515
f 1515 	1824 	1516
f 1824 	1825 	1516
f 1516 	1825 	1517
f 1825 	1826 	1517
f 1517 	1826 	1518
f 1826 	1827 	1518
f 1518 	1827 	1519
f 1827 	1828 	1519
f 1519 	1828 	1520
f 1828 	1829 	1520
f 1520 	1829 	1521
f 1829 	1830 	1521
f 1521 	1830 	1522
f 1830 	1831 	1522
f 1522 	1831 	1523
f 1831 	1832 	1523
f 1523 	1832 	1524
f 1832 	1833 	1524
f 1524 	1833 	1525
f 1833 	1834 	1525
f 1525 	1834 	1526
f 1834 	1835 	1526
f 1526 	1835 	1527
f 1835 	1836 	1527
f 1527 	1836 	1528
f 1836 	1837 	1528
f 1528 	1837 	1529
f 1837 	1838 	1529
f 1529 	1838 	1530
f 1838 	1839 	1530
f 1530 	1839 	1531
f 1839 	1840 	1531
f 1531 	1840 	1532
f 1840 	1841 	1532
f 1532 	1841 	1533
f 1841 	1842 	1533
f 1533 	1842 	1534
f 1842 	1843 	1534
f 1534 	1843 	1535
f 1843 	1844 	1535
f 1535 	1844 	1536
f 1844 	1845 	1536
f 1536 	1845 	1537
f 1845 	1846 	1537
f 1537 	1846 	1538
f 1846 	1847 	1538
f 1538 	1847 	1539
f 1847 	1848 	1539
f 1539 	1848 	1540
f 1848 	1849 	1540
f 1540 	1849 	1541
f 1849 	1850 	1541
f 1541 	1850 	1542
f 1850 	1851 	1542
f 1542 	1851 	1543
f 1851 	1852 	1543
f 1543 	1852 	1233
f 1852 	1853 	1233
f 1233 	1853 	601
f 602 	1854 	1234
f 1234 	1854 	1544
f 1854 	1855 	1544
f 1544 	1855 	1545
f 1855 	1856 	1545
f 1545 	1856 	1546
f 1856 	1857 	1546
f 1546 	1857 	1547
f 1857 	1858 	1547
f 1547 	1858 	1548
f 1858 	1859 	1548
f 1548 	1859 	1549
f 1859 	1860 	1549
f 1549 	1860 	1550
f 1860 	1861 	1550
f 1550 	1861 	1551
f 1861 	1862 	1551
f 1551 	1862 	1552
f 1862 	1863 	1552
f 1552 	1863 	1553
f 1863 	1864 	1553
f 1553 	1864 	1245
f 1864 	1554 	1245
f 1554 	1865 	1555
f 1865 	1866 	1555
f 1555 	1866 	1556
f 1866 	1867 	1556
f 1556 	1867 	1557
f 1867 	1868 	1557
f 1557 	1868 	1558
f 1868 	1869 	1558
f 1558 	1869 	1559
f 1869 	1870 	1559
f 1559 	1870 	1560
f 1870 	1871 	1560
f 1560 	1871 	1561
f 1871 	1872 	1561
f 1561 	1872 	1562
f 1872 	1873 	1562
f 1562 	1873 	1563
f 1873 	1874 	1563
f 1563 	1874 	1564
f 1874 	1875 	1564
f 1564 	1875 	1565
f 1875 	1876 	1565
f 1565 	1876 	1566
f 1876 	1877 	1566
f 1566 	1877 	1567
f 1877 	1878 	1567
f 1567 	1878 	1568
f 1878 	1879 	1568
f 1568 	1879 	1569
f 1879 	1880 	1569
f 1569 	1880 	1570
f 1880 	1881 	1570
f 1570 	1881 	1571
f 1881 	1882 	1571
f 1571 	1882 	1572
f 1882 	1883 	1572
f 1572 	1883 	1573
f 1883 	1884 	1573
f 1573 	1884 	1574
f 1884 	1885 	1574
f 1574 	1885 	1575
f 1885 	1886 	1575
f 1575 	1886 	1576
f 1886 	1887 	1576
f 1576 	1887 	1577
f 1887 	1888 	1577
f 1577 	1888 	1578
f 1888 	1889 	1578
f 1578 	1889 	1579
f 1889 	1890 	1579
f 1579 	1890 	1580
f 1890 	1891 	1580
f 1580 	1891 	1581
f 1891 	1892 	1581
f 1581 	1892 	1582
f 1892 	1893 	1582
f 1582 	1893 	1583
f 1893 	1894 	1583
f 1583 	1894 	1584
f 1894 	1895 	1584
f 1584 	1895 	1585
f 1895 	1896 	1585
f 1585 	1896 	1586
f 1896 	1897 	1586
f 1586 	1897 	1587
f 1897 	1898 	1587
f 1587 	1898 	1588
f 1898 	1899 	1588
f 1588 	1899 	1589
f 1899 	1900 	1589
f 1589 	1900 	1590
f 1900 	1901 	1590
f 1590 	1901 	1591
f 1901 	1902 	1591
f 1591 	1902 	1592
f 1902 	1903 	1592
f 1592 	1903 	1593
f 1903 	1904 	1593
f 1593 	1904 	1594
f 1904 	1905 	1594
f 1594 	1905 	1595
f 1905 	1906 	1595
f 1595 	1906 	1596
f 1906 	1907 	1596
f 1596 	1907 	1597
f 1907 	1908 	1597
f 1597 	1908 	1598
f 1908 	1909 	1598
f 1598 	1909 	1599
f 1909 	1910 	1599
f 1599 	1910 	1600
f 1910 	1911 	1600
f 1600 	1911 	1601
f 1911 	1912 	1601
f 1601 	1912 	1602
f 1912 	1913 	1602
f 1602 	1913 	1603
f 1913 	1914 	1603
f 1603 	1914 	1604
f 1914 	1915 	1604
f 1604 	1915 	1605
f 1915 	1916 	1605
f 1605 	1916 	1606
f 1916 	1917 	1606
f 1606 	1917 	1607
f 1917 	1918 	1607
f 1607 	1918 	1608
f 1918 	1919 	1608
f 1608 	1919 	1609
f 1919 	1920 	1609
f 1609 	1920 	1610
f 1920 	1921 	1610
f 1610 	1921 	1611
f 1921 	1922 	1611
f 1611 	1922 	1612
f 1922 	1923 	1612
f 1612 	1923 	1613
f 1923 	1924 	1613
f 1613 	1924 	1614
f 1924 	1925 	1614
f 1614 	1925 	1615
f 1925 	1926 	1615
f 1615 	1926 	1616
f 1926 	1927 	1616
f 1616 	1927 	1617
f 1927 	1928 	1617
f 1617 	1928 	1618
f 1928 	1929 	1618
f 1618 	1929 	1619
f 1929 	1930 	1619
f 1619 	1930 	1620
f 1930 	1931 	1620
f 1620 	1931 	1621
f 1931 	1932 	1621
f 1621 	1932 	1622
f 1932 	1933 	1622
f 1622 	1933 	1623
f 1933 	1934 	1623
f 1623 	1934 	1624
f 1934 	1935 	1624
f 1624 	1935 	1625
f 1935 	1936 	1625
f 1625 	1936 	1626
f 1936 	1937 	1626
f 1626 	1937 	1627
f 1937 	1938 	1627
f 1627 	1938 	1628
f 1938 	1939 	1628
f 1628 	1939 	1629
f 1939 	1940 	1629
f 1629 	1940 	1630
f 1940 	1941 	1630
f 1630 	1941 	1631
f 1941 	1942 	1631
f 1631 	1942 	1632
f 1942 	1943 	1632
f 1632 	1943 	1633
f 1943 	1944 	1633
f 1633 	1944 	1634
f 1944 	1945 	1634
f 1634 	1945 	1635
f 1945 	1946 	1635
f 1635 	1946 	1636
f 1946 	1947 	1636
f 1636 	1947 	1637
f 1947 	1948 	1637
f 1637 	1948 	1638
f 1948 	1949 	1638
f 1638 	1949 	1639
f 1949 	1950 	1639
f 1639 	1950 	1640
f 1950 	1951 	1640
f 1640 	1951 	1641
f 1951 	1952 	1641
f 1641 	1952 	1642
f 1952 	1953 	1642
f 1642 	1953 	1643
f 1953 	1954 	1643
f 1643 	1954 	1644
f 1954 	1955 	1644
f 1644 	1955 	1645
f 1955 	1956 	1645
f 1645 	1956 	1646
f 1956 	1957 	1646
f 1646 	1957 	1647
f 1957 	1958 	1647
f 1647 	1958 	1648
f 1958 	1959 	1648
f 1648 	1959 	1649
f 1959 	1960 	1649
f 1649 	1960 	1650
f 1960 	1961 	1650
f 1650 	1961 	1651
f 1961 	1962 	1651
f 1651 	1962 	1652
f 1962 	1963 	1652
f 1652 	1963 	1653
f 1963 	1964 	1653
f 1653 	1964 	1654
f 1964 	1965 	1654
f 1654 	1965 	1655
f 1965 	1966 	1655
f 1655 	1966 	1656
f 1966 	1967 	1656
f 1656 	1967 	1657
f 1967 	1968 	1657
f 1657 	1968 	1658
f 1968 	1969 	1658
f 1658 	1969 	1659
f 1969 	1970 	1659
f 1659 	1970 	1660
f 1970 	1971 	1660
f 1660 	1971 	1661
f 1971 	1972 	1661
f 1661 	1972 	1662
f 1972 	1973 	1662
f 1662 	1973 	1663
f 1973 	1974 	1663
f 1663 	1974 	1664
f 1974 	1975 	1664
f 1664 	1975 	1665
f 1975 	1976 	1665
f 1665 	1976 	1666
f 1976 	1977 	1666
f 1666 	1977 	1667
f 1977 	1978 	1667
f 1667 	1978 	1668
f 1978 	1979 	1668
f 1668 	1979 	1669
f 1979 	1980 	1669
f 1669 	1980 	1670
f 1980 	1981 	1670
f 1670 	1981 	1671
f 1981 	1982 	1671
f 1671 	1982 	1672
f 1982 	1983 	1672
f 1672 	1983 	1673
f 1983 	1984 	1673
f 1673 	1984 	1674
f 1984 	1985 	1674
f 1674 	1985 	1675
f 1985 	1986 	1675
f 1675 	1986 	1676
f 1986 	1987 	1676
f 1676 	1987 	1677
f 1987 	1988 	1677
f 1677 	1988 	1678
f 1988 	1989 	1678
f 1678 	1989 	1679
f 1989 	1990 	1679
f 1679 	1990 	1680
f 1990 	1991 	1680
f 1680 	1991 	1681
f 1991 	1992 	1681
f 1681 	1992 	1682
f 1992 	1993 	1682
f 1682 	1993 	1683
f 1993 	1994 	1683
f 1683 	1994 	1684
f 1994 	1995 	1684
f 1684 	1995 	1685
f 1995 	1996 	1685
f 1685 	1996 	1686
f 1996 	1997 	1686
f 1686 	1997 	1687
f 1997 	1998 	1687
f 1687 	1998 	1688
f 1998 	1999 	1688
f 1688 	1999 	1689
f 1999 	2000 	1689
f 1689 	2000 	1690
f 2000 	2001 	1690
f 1690 	2001 	1691
f 2001 	2002 	1691
f 1691 	2002 	1692
f 2002 	2003 	1692
f 1692 	2003 	1693
f 2003 	2004 	1693
f 1693 	2004 	1694
f 2004 	2005 	1694
f 1694 	2005 	1695
f 2005 	2006 	1695
f 1695 	2006 	1696
f 2006 	2007 	1696
f 1696 	2007 	1697
f 2007 	2008 	1697
f 1697 	2008 	1698
f 2008 	2009 	1698
f 1698 	2009 	1699
f 2009 	2010 	1699
f 1699 	2010 	1700
f 2010 	2011 	1700
f 1700 	2011 	1701
f 2011 	2012 	1701
f 1701 	2012 	1702
f 2012 	2013 	1702
f 1702 	2013 	1703
f 2013 	2014 	1703
f 1703 	2014 	1704
f 2014 	2015 	1704
f 1704 	2015 	1705
f 2015 	2016 	1705
f 1705 	2016 	1706
f 2016 	2017 	1706
f 1706 	2017 	1707
f 2017 	2018 	1707
f 1707 	2018 	1708
f 2018 	2019 	1708
f 1708 	2019 	1709
f 2019 	2020 	1709
f 1709 	2020 	1710
f 2020 	2021 	1710
f 1710 	2021 	1711
f 2021 	2022 	1711
f 1711 	2022 	1712
f 2022 	2023 	1712
f 1712 	2023 	1713
f 2023 	2024 	1713
f 1713 	2024 	1714
f 2024 	2025 	1714
f 1714 	2025 	1715
f 2025 	2026 	1715
f 1715 	2026 	1716
f 2026 	2027 	1716
f 1716 	2027 	1717
f 2027 	2028 	1717
f 1717 	2028 	1718
f 2028 	2029 	1718
f 1718 	2029 	1719
f 2029 	2030 	1719
f 1719 	2030 	1720
f 2030 	2031 	1720
f 1720 	2031 	1721
f 2031 	2032 	1721
f 1721 	2032 	1722
f 2032 	2033 	1722
f 1722 	2033 	1723
f 2033 	2034 	1723
f 1723 	2034 	1724
f 2034 	2035 	1724
f 1724 	2035 	1725
f 2035 	2036 	1725
f 1725 	2036 	1726
f 2036 	2037 	1726
f 1726 	2037 	1727
f 2037 	2038 	1727
f 1727 	2038 	1728
f 2038 	2039 	1728
f 1728 	2039 	1729
f 2039 	2040 	1729
f 1729 	2040 	1730
f 2040 	2041 	1730
f 1730 	2041 	1731
f 2041 	2042 	1731
f 1731 	2042 	1732
f 2042 	2043 	1732
f 1732 	2043 	1733
f 2043 	2044 	1733
f 1733 	2044 	1734
f 2044 	2045 	1734
f 1734 	2045 	1735
f 2045 	2046 	1735
f 1735 	2046 	1736
f 2046 	2047 	1736
f 1736 	2047 	1737
f 2047 	2048 	1737
f 1737 	2048 	1738
f 2048 	2049 	1738
f 1738 	2049 	1739
f 2049 	2050 	1739
f 1739 	2050 	1740
f 2050 	2051 	1740
f 1740 	2051 	1741
f 2051 	2052 	1741
f 1741 	2052 	1742
f 2052 	2053 	1742
f 1742 	2053 	1743
f 2053 	2054 	1743
f 1743 	2054 	1744
f 2054 	2055 	1744
f 1744 	2055 	1745
f 2055 	2056 	1745
f 1745 	2056 	1746
f 2056 	2057 	1746
f 1746 	2057 	1747
f 2057 	2058 	1747
f 1747 	2058 	1748
f 2058 	2059 	1748
f 1748 	2059 	1749
f 2059 	2060 	1749
f 1749 	2060 	1750
f 2060 	2061 	1750
f 1750 	2061 	1751
f 2061 	2062 	1751
f 1751 	2062 	1752
f 2062 	2063 	1752
f 1752 	2063 	1753
f 2063 	2064 	1753
f 1753 	2064 	1754
f 2064 	2065 	1754
f 1754 	2065 	1755
f 2065 	2066 	1755
f 1755 	2066 	1756
f 2066 	2067 	1756
f 1756 	2067 	1757
f 2067 	2068 	1757
f 1757 	2068 	1758
f 2068 	2069 	1758
f 1758 	2069 	1759
f 2069 	2070 	1759
f 1759 	2070 	1760
f 2070 	2071 	1760
f 1760 	2071 	1761
f 2071 	2072 	1761
f 1761 	2072 	1762
f 2072 	2073 	1762
f 1762 	2073 	1763
f 2073 	2074 	1763
f 1763 	2074 	1764
f 2074 	2075 	1764
f 1764 	2075 	1765
f 2075 	2076 	1765
f 1765 	2076 	1766
f 2076 	2077 	1766
f 1766 	2077 	1767
f 2077 	2078 	1767
f 1767 	2078 	1768
f 2078 	2079 	1768
f 1768 	2079 	1769
f 2079 	2080 	1769
f 1769 	2080 	1770
f 2080 	2081 	1770
f 1770 	2081 	1771
f 2081 	2082 	1771
f 1771 	2082 	1772
f 2082 	2083 	1772
f 1772 	2083 	1773
f 2083 	2084 	1773
f 1773 	2084 	1774
f 2084 	2085 	1774
f 1774 	2085 	1775
f 2085 	2086 	1775
f 1775 	2086 	1776
f 2086 	2087 	1776
f 1776 	2087 	1777
f 2087 	2088 	1777
f 1777 	2088 	1778
f 2088 	2089 	1778
f 1778 	2089 	1779
f 2089 	2090 	1779
f 1779 	2090 	1780
f 2090 	2091 	1780
f 1780 	2091 	1781
f 2091 	2092 	1781
f 1781 	2092 	1782
f 2092 	2093 	1782
f 1782 	2093 	1783
f 2093 	2094 	1783
f 1783 	2094 	1784
f 2094 	2095 	1784
f 1784 	2095 	1785
f 2095 	2096 	1785
f 1785 	2096 	1786
f 2096 	2097 	1786
f 1786 	2097 	1787
f 2097 	2098 	1787
f 1787 	2098 	1788
f 2098 	2099 	1788
f 1788 	2099 	1789
f 2099 	2100 	1789
f 1789 	2100 	1790
f 2100 	2101 	1790
f 1790 	2101 	1791
f 2101 	2102 	1791
f 1791 	2102 	1792
f 2102 	2103 	1792
f 1792 	2103 	1793
f 2103 	2104 	1793
f 1793 	2104 	1794
f 2104 	2105 	1794
f 1794 	2105 	1795
f 2105 	2106 	1795
f 1795 	2106 	1796
f 2106 	2107 	1796
f 1796 	2107 	1797
f 2107 	2108 	1797
f 1797 	2108 	1798
f 2108 	2109 	1798
f 1798 	2109 	1799
f 2109 	2110 	1799
f 1799 	2110 	1800
f 2110 	2111 	1800
f 1800 	2111 	1801
f 2111 	2112 	1801
f 1801 	2112 	1802
f 2112 	2113 	1802
f 1802 	2113 	1803
f 2113 	2114 	1803
f 1803 	2114 	1804
f 2114 	2115 	1804
f 1804 	2115 	1805
f 2115 	2116 	1805
f 1805 	2116 	1806
f 2116 	2117 	1806
f 1806 	2117 	1807
f 2117 	2118 	1807
f 1807 	2118 	1808
f 2118 	2119 	1808
f 1808 	2119 	1809
f 2119 	2120 	1809
f 1809 	2120 	1810
f 2120 	2121 	1810
f 1810 	2121 	1811
f 2121 	2122 	1811
f 1811 	2122 	1812
f 2122 	2123 	1812
f 1812 	2123 	1813
f 2123 	2124 	1813
f 1813 	2124 	1814
f 2124 	2125 	1814
f 1814 	2125 	1815
f 2125 	2126 	1815
f 1815 	2126 	1816
f 2126 	2127 	1816
f 1816 	2127 	1817
f 2127 	2128 	1817
f 1817 	2128 	1818
f 2128 	2129 	1818
f 1818 	2129 	1819
f 2129 	2130 	1819
f 1819 	2130 	1820
f 2130 	2131 	1820
f 1820 	2131 	1821
f 2131 	2132 	1821
f 1821 	2132 	1822
f 2132 	2133 	1822
f 1822 	2133 	1823
f 2133 	2134 	1823
f 1823 	2134 	1824
f 2134 	2135 	1824
f 1824 	2135 	1825
f 2135 	2136 	1825
f 1825 	2136 	1826
f 2136 	2137 	1826
f 1826 	2137 	1827
f 2137 	2138 	1827
f 1827 	2138 	1828
f 2138 	2139 	1828
f 1828 	2139 	1829
f 2139 	2140 	1829
f 1829 	2140 	1830
f 2140 	2141 	1830
f 1830 	2141 	1831
f 2141 	2142 	1831
f 1831 	2142 	1832
f 2142 	2143 	1832
f 1832 	2143 	1833
f 2143 	2144 	1833
f 1833 	2144 	1834
f 2144 	2145 	1834
f 1834 	2145 	1835
f 2145 	2146 	1835
f 1835 	2146 	1836
f 2146 	2147 	1836
f 1836 	2147 	1837
f 2147 	2148 	1837
f 1837 	2148 	1838
f 2148 	2149 	1838
f 1838 	2149 	1839
f 2149 	2150 	1839
f 1839 	2150 	1840
f 2150 	2151 	1840
f 1840 	2151 	1841
f 2151 	2152 	1841
f 1841 	2152 	1842
f 2152 	2153 	1842
f 1842 	2153 	1843
f 2153 	2154 	1843
f 1843 	2154 	1844
f 2154 	2155 	1844
f 1844 	2155 	1845
f 2155 	2156 	1845
f 1845 	2156 	1846
f 2156 	2157 	1846
f 1846 	2157 	1847
f 2157 	2158 	1847
f 1847 	2158 	1848
f 2158 	2159 	1848
f 1848 	2159 	1849
f 2159 	2160 	1849
f 1849 	2160 	1850
f 2160 	2161 	1850
f 1850 	2161 	1851
f 2161 	2162 	1851
f 1851 	2162 	1852
f 2162 	2163 	1852
f 1852 	2163 	1853
f 2163 	2164 	1853
f 1853 	2164 	601
f 602 	2165 	1854
f 1854 	2165 	1855
f 2165 	2166 	1855
f 1855 	2166 	1856
f 2166 	2167 	1856
f 1856 	2167 	1857
f 2167 	2168 	1857
f 1857 	2168 	1858
f 2168 	2169 	1858
f 1858 	2169 	1859
f 2169 	2170 	1859
f 1859 	2170 	1860
f 2170 	2171 	1860
f 1860 	2171 	1861
f 2171 	2172 	1861
f 1861 	2172 	1862
f 2172 	2173 	1862
f 1862 	2173 	1863
f 2173 	2174 	1863
f 1863 	2174 	1864
f 2174 	2175 	1864
f 1864 	2175 	1554
f 2175 	1865 	1554
f 1865 	2176 	1866
f 2176 	2177 	1866
f 1866 	2177 	1867
f 2177 	2178 	1867
f 1867 	2178 	1868
f 2178 	2179 	1868
f 1868 	2179 	1869
f 2179 	2180 	1869
f 1869 	2180 	1870
f 2180 	2181 	1870
f 1870 	2181 	1871
f 2181 	2182 	1871
f 1871 	2182 	1872
f 2182 	2183 	1872
f 1872 	2183 	1873
f 2183 	2184 	1873
f 1873 	2184 	1874
f 2184 	2185 	1874
f 1874 	2185 	1875
f 2185 	2186 	1875
f 1875 	2186 	1876
f 2186 	2187 	1876
f 1876 	2187 	1877
f 2187 	2188 	1877
f 1877 	2188 	1878
f 2188 	2189 	1878
f 1878 	2189 	1879
f 2189 	2190 	1879
f 1879 	2190 	1880
f 2190 	2191 	1880
f 1880 	2191 	1881
f 2191 	2192 	1881
f 1881 	2192 	1882
f 2192 	2193 	1882
f 1882 	2193 	1883
f 2193 	2194 	1883
f 1883 	2194 	1884
f 2194 	2195 	1884
f 1884 	2195 	1885
f 2195 	2196 	1885
f 1885 	2196 	1886
f 2196 	2197 	1886
f 1886 	2197 	1887
f 2197 	2198 	1887
f 1887 	2198 	1888
f 2198 	2199 	1888
f 1888 	2199 	1889
f 2199 	2200 	1889
f 1889 	2200 	1890
f 2200 	2201 	1890
f 1890 	2201 	1891
f 2201 	2202 	1891
f 1891 	2202 	1892
f 2202 	2203 	1892
f 1892 	2203 	1893
f 2203 	2204 	1893
f 1893 	2204 	1894
f 2204 	2205 	1894
f 1894 	2205 	1895
f 2205 	2206 	1895
f 1895 	2206 	1896
f 2206 	2207 	1896
f 1896 	2207 	1897
f 2207 	2208 	1897
f 1897 	2208 	1898
f 2208 	2209 	1898
f 1898 	2209 	1899
f 2209 	2210 	1899
f 1899 	2210 	1900
f 2210 	2211 	1900
f 1900 	2211 	1901
f 2211 	2212 	1901
f 1901 	2212 	1902
f 2212 	2213 	1902
f 1902 	2213 	1903
f 2213 	2214 	1903
f 1903 	2214 	1904
f 2214 	2215 	1904
f 1904 	2215 	1905
f 2215 	2216 	1905
f 1905 	2216 	1906
f 2216 	2217 	1906
f 1906 	2217 	1907
f 2217 	2218 	1907
f 1907 	2218 	1908
f 2218 	2219 	1908
f 1908 	2219 	1909
f 2219 	2220 	1909
f 1909 	2220 	1910
f 2220 	2221 	1910
f 1910 	2221 	1911
f 2221 	2222 	1911
f 1911 	2222 	1912
f 2222 	2223 	1912
f 1912 	2223 	1913
f 2223 	2224 	1913
f 1913 	2224 	1914
f 2224 	2225 	1914
f 1914 	2225 	1915
f 2225 	2226 	1915
f 1915 	2226 	1916
f 2226 	2227 	1916
f 1916 	2227 	1917
f 2227 	2228 	1917
f 1917 	2228 	1918
f 2228 	2229 	1918
f 1918 	2229 	1919
f 2229 	2230 	1919
f 1919 	2230 	1920
f 2230 	2231 	1920
f 1920 	2231 	1921
f 2231 	2232 	1921
f 1921 	2232 	1922
f 2232 	2233 	1922
f 1922 	2233 	1923
f 2233 	2234 	1923
f 1923 	2234 	1924
f 2234 	2235 	1924
f 1924 	2235 	1925
f 2235 	2236 	1925
f 1925 	2236 	1926
f 2236 	2237 	1926
f 1926 	2237 	1927
f 2237 	2238 	1927
f 1927 	2238 	1928
f 2238 	2239 	1928
f 1928 	2239 	1929
f 2239 	2240 	1929
f 1929 	2240 	1930
f 2240 	2241 	1930
f 1930 	2241 	1931
f 2241 	2242 	1931
f 1931 	2242 	1932
f 2242 	2243 	1932
f 1932 	2243 	1933
f 2243 	2244 	1933
f 1933 	2244 	1934
f 2244 	2245 	1934
f 1934 	2245 	1935
f 2245 	2246 	1935
f 1935 	2246 	1936
f 2246 	2247 	1936
f 1936 	2247 	1937
f 2247 	2248 	1937
f 1937 	2248 	1938
f 2248 	2249 	1938
f 1938 	2249 	1939
f 2249 	2250 	1939
f 1939 	2250 	1940
f 2250 	2251 	1940
f 1940 	2251 	1941
f 2251 	2252 	1941
f 1941 	2252 	1942
f 2252 	2253 	1942
f 1942 	2253 	1943
f 2253 	2254 	1943
f 1943 	2254 	1944
f 2254 	2255 	1944
f 1944 	2255 	1945
f 2255 	2256 	1945
f 1945 	2256 	1946
f 2256 	2257 	1946
f 1946 	2257 	1947
f 2257 	2258 	1947
f 1947 	2258 	1948
f 2258 	2259 	1948
f 1948 	2259 	1949
f 2259 	2260 	1949
f 1949 	2260 	1950
f 2260 	2261 	1950
f 1950 	2261 	1951
f 2261 	2262 	1951
f 1951 	2262 	1952
f 2262 	2263 	1952
f 1952 	2263 	1953
f 2263 	2264 	1953
f 1953 	2264 	1954
f 2264 	2265 	1954
f 1954 	2265 	1955
f 2265 	2266 	1955
f 1955 	2266 	1956
f 2266 	2267 	1956
f 1956 	2267 	1957
f 2267 	2268 	1957
f 1957 	2268 	1958
f 2268 	2269 	1958
f 1958 	2269 	1959
f 2269 	2270 	1959
f 1959 	2270 	1960
f 2270 	2271 	1960
f 1960 	2271 	1961
f 2271 	2272 	1961
f 1961 	2272 	1962
f 2272 	2273 	1962
f 1962 	2273 	1963
f 2273 	2274 	1963
f 1963 	2274 	1964
f 2274 	2275 	1964
f 1964 	2275 	1965
f 2275 	2276 	1965
f 1965 	2276 	1966
f 2276 	2277 	1966
f 1966 	2277 	1967
f 2277 	2278 	1967
f 1967 	2278 	1968
f 2278 	2279 	1968
f 1968 	2279 	1969
f 2279 	2280 	1969
f 1969 	2280 	1970
f 2280 	2281 	1970
f 1970 	2281 	1971
f 2281 	2282 	1971
f 1971 	2282 	1972
f 2282 	2283 	1972
f 1972 	2283 	1973
f 2283 	2284 	1973
f 1973 	2284 	1974
f 2284 	2285 	1974
f 1974 	2285 	1975
f 2285 	2286 	1975
f 1975 	2286 	1976
f 2286 	2287 	1976
f 1976 	2287 	1977
f 2287 	2288 	1977
f 1977 	2288 	1978
f 2288 	2289 	1978
f 1978 	2289 	1979
f 2289 	2290 	1979
f 1979 	2290 	1980
f 2290 	2291 	1980
f 1980 	2291 	1981
f 2291 	2292 	1981
f 1981 	2292 	1982
f 2292 	2293 	1982
f 1982 	2293 	1983
f 2293 	2294 	1983
f 1983 	2294 	1984
f 2294 	2295 	1984
f 1984 	2295 	1985
f 2295 	2296 	1985
f 1985 	2296 	1986
f 2296 	2297 	1986
f 1986 	2297 	1987
f 2297 	2298 	1987
f 1987 	2298 	1988
f 2298 	2299 	1988
f 1988 	2299 	1989
f 2299 	2300 	1989
f 1989 	2300 	1990
f 2300 	2301 	1990
f 1990 	2301 	1991
f 2301 	2302 	1991
f 1991 	2302 	1992
f 2302 	2303 	1992
f 1992 	2303 	1993
f 2303 	2304 	1993
f 1993 	2304 	1994
f 2304 	2305 	1994
f 1994 	2305 	1995
f 2305 	2306 	1995
f 1995 	2306 	1996
f 2306 	2307 	1996
f 1996 	2307 	1997
f 2307 	2308 	1997
f 1997 	2308 	1998
f 2308 	2309 	1998
f 1998 	2309 	1999
f 2309 	2310 	1999
f 1999 	2310 	2000
f 2310 	2311 	2000
f 2000 	2311 	2001
f 2311 	2312 	2001
f 2001 	2312 	2002
f 2312 	2313 	2002
f 2002 	2313 	2003
f 2313 	2314 	2003
f 2003 	2314 	2004
f 2314 	2315 	2004
f 2004 	2315 	2005
f 2315 	2316 	2005
f 2005 	2316 	2006
f 2316 	2317 	2006
f 2006 	2317 	2007
f 2317 	2318 	2007
f 2007 	2318 	2008
f 2318 	2319 	2008
f 2008 	2319 	2009
f 2319 	2320 	2009
f 2009 	2320 	2010
f 2320 	2321 	2010
f 2010 	2321 	2011
f 2321 	2322 	2011
f 2011 	2322 	2012
f 2322 	2323 	2012
f 2012 	2323 	2013
f 2323 	2324 	2013
f 2013 	2324 	2014
f 2324 	2325 	2014
f 2014 	2325 	2015
f 2325 	2326 	2015
f 2015 	2326 	2016
f 2326 	2327 	2016
f 2016 	2327 	2017
f 2327 	2328 	2017
f 2017 	2328 	2018
f 2328 	2329 	2018
f 2018 	2329 	2019
f 2329 	2330 	2019
f 2019 	2330 	2020
f 2330 	2331 	2020
f 2020 	2331 	2021
f 2331 	2332 	2021
f 2021 	2332 	2022
f 2332 	2333 	2022
f 2022 	2333 	2023
f 2333 	2334 	2023
f 2023 	2334 	2024
f 2334 	2335 	2024
f 2024 	2335 	2025
f 2335 	2336 	2025
f 2025 	2336 	2026
f 2336 	2337 	2026
f 2026 	2337 	2027
f 2337 	2338 	2027
f 2027 	2338 	2028
f 2338 	2339 	2028
f 2028 	2339 	2029
f 2339 	2340 	2029
f 2029 	2340 	2030
f 2340 	2341 	2030
f 2030 	2341 	2031
f 2341 	2342 	2031
f 2031 	2342 	2032
f 2342 	2343 	2032
f 2032 	2343 	2033
f 2343 	2344 	2033
f 2033 	2344 	2034
f 2344 	2345 	2034
f 2034 	2345 	2035
f 2345 	2346 	2035
f 2035 	2346 	2036
f 2346 	2347 	2036
f 2036 	2347 	2037
f 2347 	2348 	2037
f 2037 	2348 	2038
f 2348 	2349 	2038
f 2038 	2349 	2039
f 2349 	2350 	2039
f 2039 	2350 	2040
f 2350 	2351 	2040
f 2040 	2351 	2041
f 2351 	2352 	2041
f 2041 	2352 	2042
f 2352 	2353 	2042
f 2042 	2353 	2043
f 2353 	2354 	2043
f 2043 	2354 	2044
f 2354 	2355 	2044
f 2044 	2355 	2045
f 2355 	2356 	2045
f 2045 	2356 	2046
f 2356 	2357 	2046
f 2046 	2357 	2047
f 2357 	2358 	2047
f 2047 	2358 	2048
f 2358 	2359 	2048
f 2048 	2359 	2049
f 2359 	2360 	2049
f 2049 	2360 	2050
f 2360 	2361 	2050
f 2050 	2361 	2051
f 2361 	2362 	2051
f 2051 	2362 	2052
f 2362 	2363 	2052
f 2052 	2363 	2053
f 2363 	2364 	2053
f 2053 	2364 	2054
f 2364 	2365 	2054
f 2054 	2365 	2055
f 2365 	2366 	2055
f 2055 	2366 	2056
f 2366 	2367 	2056
f 2056 	2367 	2057
f 2367 	2368 	2057
f 2057 	2368 	2058
f 2368 	2369 	2058
f 2058 	2369 	2059
f 2369 	2370 	2059
f 2059 	2370 	2060
f 2370 	2371 	2060
f 2060 	2371 	2061
f 2371 	2372 	2061
f 2061 	2372 	2062
f 2372 	2373 	2062
f 2062 	2373 	2063
f 2373 	2374 	2063
f 2063 	2374 	2064
f 2374 	2375 	2064
f 2064 	2375 	2065
f 2375 	2376 	2065
f 2065 	2376 	2066
f 2376 	2377 	2066
f 2066 	2377 	2067
f 2377 	2378 	2067
f 2067 	2378 	2068
f 2378 	2379 	2068
f 2068 	2379 	2069
f 2379 	2380 	2069
f 2069 	2380 	2070
f 2380 	2381 	2070
f 2070 	2381 	2071
f 2381 	2382 	2071
f 2071 	2382 	2072
f 2382 	2383 	2072
f 2072 	2383 	2073
f 2383 	2384 	2073
f 2073 	2384 	2074
f 2384 	2385 	2074
f 2074 	2385 	2075
f 2385 	2386 	2075
f 2075 	2386 	2076
f 2386 	2387 	2076
f 2076 	2387 	2077
f 2387 	2388 	2077
f 2077 	2388 	2078
f 2388 	2389 	2078
f 2078 	2389 	2079
f 2389 	2390 	2079
f 2079 	2390 	2080
f 2390 	2391 	2080
f 2080 	2391 	2081
f 2391 	2392 	2081
f 2081 	2392 	2082
f 2392 	2393 	2082
f 2082 	2393 	2083
f 2393 	2394 	2083
f 2083 	2394 	2084
f 2394 	2395 	2084
f 2084 	2395 	2085
f 2395 	2396 	2085
f 2085 	2396 	2086
f 2396 	2397 	2086
f 2086 	2397 	2087
f 2397 	2398 	2087
f 2087 	2398 	2088
f 2398 	2399 	2088
f 2088 	2399 	2089
f 2399 	2400 	2089
f 2089 	2400 	2090
f 2400 	2401 	2090
f 2090 	2401 	2091
f 2401 	2402 	2091
f 2091 	2402 	2092
f 2402 	2403 	2092
f 2092 	2403 	2093
f 2403 	2404 	2093
f 2093 	2404 	2094
f 2404 	2405 	2094
f 2094 	2405 	2095
f 2405 	2406 	2095
f 2095 	2406 	2096
f 2406 	2407 	2096
f 2096 	2407 	2097
f 2407 	2408 	2097
f 2097 	2408 	2098
f 2408 	2409 	2098
f 2098 	2409 	2099
f 2409 	2410 	2099
f 2099 	2410 	2100
f 2410 	2411 	2100
f 2100 	2411 	2101
f 2411 	2412 	2101
f 2101 	2412 	2102
f 2412 	2413 	2102
f 2102 	2413 	2103
f 2413 	2414 	2103
f 2103 	2414 	2104
f 2414 	2415 	2104
f 2104 	2415 	2105
f 2415 	2416 	2105
f 2105 	2416 	2106
f 2416 	2417 	2106
f 2106 	2417 	2107
f 2417 	2418 	2107
f 2107 	2418 	2108
f 2418 	2419 	2108
f 2108 	2419 	2109
f 2419 	2420 	2109
f 2109 	2420 	2110
f 2420 	2421 	2110
f 2110 	2421 	2111
f 2421 	2422 	2111
f 2111 	2422 	2112
f 2422 	2423 	2112
f 2112 	2423 	2113
f 2423 	2424 	2113
f 2113 	2424 	2114
f 2424 	2425 	2114
f 2114 	2425 	2115
f 2425 	2426 	2115
f 2115 	2426 	2116
f 2426 	2427 	2116
f 2116 	2427 	2117
f 2427 	2428 	2117
f 2117 	2428 	2118
f 2428 	2429 	2118
f 2118 	2429 	2119
f 2429 	2430 	2119
f 2119 	2430 	2120
f 2430 	2431 	2120
f 2120 	2431 	2121
f 2431 	2432 	2121
f 2121 	2432 	2122
f 2432 	2433 	2122
f 2122 	2433 	2123
f 2433 	2434 	2123
f 2123 	2434 	2124
f 2434 	2435 	2124
f 2124 	2435 	2125
f 2435 	2436 	2125
f 2125 	2436 	2126
f 2436 	2437 	2126
f 2126 	2437 	2127
f 2437 	2438 	2127
f 2127 	2438 	2128
f 2438 	2439 	2128
f 2128 	2439 	2129
f 2439 	2440 	2129
f 2129 	2440 	2130
f 2440 	2441 	2130
f 2130 	2441 	2131
f 2441 	2442 	2131
f 2131 	2442 	2132
f 2442 	2443 	2132
f 2132 	2443 	2133
f 2443 	2444 	2133
f 2133 	2444 	2134
f 2444 	2445 	2134
f 2134 	2445 	2135
f 2445 	2446 	2135
f 2135 	2446 	2136
f 2446 	2447 	2136
f 2136 	2447 	2137
f 2447 	2448 	2137
f 2137 	2448 	2138
f 2448 	2449 	2138
f 2138 	2449 	2139
f 2449 	2450 	2139
f 2139 	2450 	2140
f 2450 	2451 	2140
f 2140 	2451 	2141
f 2451 	2452 	2141
f 2141 	2452 	2142
f 2452 	2453 	2142
f 2142 	2453 	2143
f 2453 	2454 	2143
f 2143 	2454 	2144
f 2454 	2455 	2144
f 2144 	2455 	2145
f 2455 	2456 	2145
f 2145 	2456 	2146
f 2456 	2457 	2146
f 2146 	2457 	2147
f 2457 	2458 	2147
f 2147 	2458 	2148
f 2458 	2459 	2148
f 2148 	2459 	2149
f 2459 	2460 	2149
f 2149 	2460 	2150
f 2460 	2461 	2150
f 2150 	2461 	2151
f 2461 	2462 	2151
f 2151 	2462 	2152
f 2462 	2463 	2152
f 2152 	2463 	2153
f 2463 	2464 	2153
f 2153 	2464 	2154
f 2464 	2465 	2154
f 2154 	2465 	2155
f 2465 	2466 	2155
f 2155 	2466 	2156
f 2466 	2467 	2156
f 2156 	2467 	2157
f 2467 	2468 	2157
f 2157 	2468 	2158
f 2468 	2469 	2158
f 2158 	2469 	2159
f 2469 	2470 	2159
f 2159 	2470 	2160
f 2470 	2471 	2160
f 2160 	2471 	2161
f 2471 	2472 	2161
f 2161 	2472 	2162
f 2472 	2473 	2162
f 2162 	2473 	2163
f 2473 	2474 	2163
f 2163 	2474 	2164
f 2474 	2475 	2164
f 2164 	2475 	601
f 602 	2476 	2165
f 2165 	2476 	2166
f 2476 	2477 	2166
f 2166 	2477 	2167
f 2477 	2478 	2167
f 2167 	2478 	2168
f 2478 	2479 	2168
f 2168 	2479 	2169
f 2479 	2480 	2169
f 2169 	2480 	2170
f 2480 	2481 	2170
f 2170 	2481 	2171
f 2481 	2482 	2171
f 2171 	2482 	2172
f 2482 	2483 	2172
f 2172 	2483 	2173
f 2483 	2484 	2173
f 2173 	2484 	2174
f 2484 	2485 	2174
f 2174 	2485 	2175
f 2485 	2486 	2175
f 2175 	2486 	1865
f 2486 	2176 	1865
f 2176 	2487 	2177
f 2487 	2488 	2177
f 2177 	2488 	2178
f 2488 	2489 	2178
f 2178 	2489 	2179
f 2489 	2490 	2179
f 2179 	2490 	2180
f 2490 	2491 	2180
f 2180 	2491 	2181
f 2491 	2492 	2181
f 2181 	2492 	2182
f 2492 	2493 	2182
f 2182 	2493 	2183
f 2493 	2494 	2183
f 2183 	2494 	2184
f 2494 	2495 	2184
f 2184 	2495 	2185
f 2495 	2496 	2185
f 2185 	2496 	2186
f 2496 	2497 	2186
f 2186 	2497 	2187
f 2497 	2498 	2187
f 2187 	2498 	2188
f 2498 	2499 	2188
f 2188 	2499 	2189
f 2499 	2500 	2189
f 2189 	2500 	2190
f 2500 	2501 	2190
f 2190 	2501 	2191
f 2501 	2502 	2191
f 2191 	2502 	2192
f 2502 	2503 	2192
f 2192 	2503 	2193
f 2503 	2504 	2193
f 2193 	2504 	2194
f 2504 	2505 	2194
f 2194 	2505 	2195
f 2505 	2506 	2195
f 2195 	2506 	2196
f 2506 	2507 	2196
f 2196 	2507 	2197
f 2507 	2508 	2197
f 2197 	2508 	2198
f 2508 	2509 	2198
f 2198 	2509 	2199
f 2509 	2510 	2199
f 2199 	2510 	2200
f 2510 	2511 	2200
f 2200 	2511 	2201
f 2511 	2512 	2201
f 2201 	2512 	2202
f 2512 	2513 	2202
f 2202 	2513 	2203
f 2513 	2514 	2203
f 2203 	2514 	2204
f 2514 	2515 	2204
f 2204 	2515 	2205
f 2515 	2516 	2205
f 2205 	2516 	2206
f 2516 	2517 	2206
f 2206 	2517 	2207
f 2517 	2518 	2207
f 2207 	2518 	2208
f 2518 	2519 	2208
f 2208 	2519 	2209
f 2519 	2520 	2209
f 2209 	2520 	2210
f 2520 	2521 	2210
f 2210 	2521 	2211
f 2521 	2522 	2211
f 2211 	2522 	2212
f 2522 	2523 	2212
f 2212 	2523 	2213
f 2523 	2524 	2213
f 2213 	2524 	2214
f 2524 	2525 	2214
f 2214 	2525 	2215
f 2525 	2526 	2215
f 2215 	2526 	2216
f 2526 	2527 	2216
f 2216 	2527 	2217
f 2527 	2528 	2217
f 2217 	2528 	2218
f 2528 	2529 	2218
f 2218 	2529 	2219
f 2529 	2530 	2219
f 2219 	2530 	2220
f 2530 	2531 	2220
f 2220 	2531 	2221
f 2531 	2532 	2221
f 2221 	2532 	2222
f 2532 	2533 	2222
f 2222 	2533 	2223
f 2533 	2534 	2223
f 2223 	2534 	2224
f 2534 	2535 	2224
f 2224 	2535 	2225
f 2535 	2536 	2225
f 2225 	2536 	2226
f 2536 	2537 	2226
f 2226 	2537 	2227
f 2537 	2538 	2227
f 2227 	2538 	2228
f 2538 	2539 	2228
f 2228 	2539 	2229
f 2539 	2540 	2229
f 2229 	2540 	2230
f 2540 	2541 	2230
f 2230 	2541 	2231
f 2541 	2542 	2231
f 2231 	2542 	2232
f 2542 	2543 	2232
f 2232 	2543 	2233
f 2543 	2544 	2233
f 2233 	2544 	2234
f 2544 	2545 	2234
f 2234 	2545 	2235
f 2545 	2546 	2235
f 2235 	2546 	2236
f 2546 	2547 	2236
f 2236 	2547 	2237
f 2547 	2548 	2237
f 2237 	2548 	2238
f 2548 	2549 	2238
f 2238 	2549 	2239
f 2549 	2550 	2239
f 2239 	2550 	2240
f 2550 	2551 	2240
f 2240 	2551 	2241
f 2551 	2552 	2241
f 2241 	2552 	2242
f 2552 	2553 	2242
f 2242 	2553 	2243
f 2553 	2554 	2243
f 2243 	2554 	2244
f 2554 	2555 	2244
f 2244 	2555 	2245
f 2555 	2556 	2245
f 2245 	2556 	2246
f 2556 	2557 	2246
f 2246 	2557 	2247
f 2557 	2558 	2247
f 2247 	2558 	2248
f 2558 	2559 	2248
f 2248 	2559 	2249
f 2559 	2560 	2249
f 2249 	2560 	2250
f 2560 	2561 	2250
f 2250 	2561 	2251
f 2561 	2562 	2251
f 2251 	2562 	2252
f 2562 	2563 	2252
f 2252 	2563 	2253
f 2563 	2564 	2253
f 2253 	2564 	2254
f 2564 	2565 	2254
f 2254 	2565 	2255
f 2565 	2566 	2255
f 2255 	2566 	2256
f 2566 	2567 	2256
f 2256 	2567 	2257
f 2567 	2568 	2257
f 2257 	2568 	2258
f 2568 	2569 	2258
f 2258 	2569 	2259
f 2569 	2570 	2259
f 2259 	2570 	2260
f 2570 	2571 	2260
f 2260 	2571 	2261
f 2571 	2572 	2261
f 2261 	2572 	2262
f 2572 	2573 	2262
f 2262 	2573 	2263
f 2573 	2574 	2263
f 2263 	2574 	2264
f 2574 	2575 	2264
f 2264 	2575 	2265
f 2575 	2576 	2265
f 2265 	2576 	2266
f 2576 	2577 	2266
f 2266 	2577 	2267
f 2577 	2578 	2267
f 2267 	2578 	2268
f 2578 	2579 	2268
f 2268 	2579 	2269
f 2579 	2580 	2269
f 2269 	2580 	2270
f 2580 	2581 	2270
f 2270 	2581 	2271
f 2581 	2582 	2271
f 2271 	2582 	2272
f 2582 	2583 	2272
f 2272 	2583 	2273
f 2583 	2584 	2273
f 2273 	2584 	2274
f 2584 	2585 	2274
f 2274 	2585 	2275
f 2585 	2586 	2275
f 2275 	2586 	2276
f 2586 	2587 	2276
f 2276 	2587 	2277
f 2587 	2588 	2277
f 2277 	2588 	2278
f 2588 	2589 	2278
f 2278 	2589 	2279
f 2589 	2590 	2279
f 2279 	2590 	2280
f 2590 	2591 	2280
f 2280 	2591 	2281
f 2591 	2592 	2281
f 2281 	2592 	2282
f 2592 	2593 	2282
f 2282 	2593 	2283
f 2593 	2594 	2283
f 2283 	2594 	2284
f 2594 	2595 	2284
f 2284 	2595 	2285
f 2595 	2596 	2285
f 2285 	2596 	2286
f 2596 	2597 	2286
f 2286 	2597 	2287
f 2597 	2598 	2287
f 2287 	2598 	2288
f 2598 	2599 	2288
f 2288 	2599 	2289
f 2599 	2600 	2289
f 2289 	2600 	2290
f 2600 	2601 	2290
f 2290 	2601 	2291
f 2601 	2602 	2291
f 2291 	2602 	2292
f 2602 	2603 	2292
f 2292 	2603 	2293
f 2603 	2604 	2293
f 2293 	2604 	2294
f 2604 	2605 	2294
f 2294 	2605 	2295
f 2605 	2606 	2295
f 2295 	2606 	2296
f 2606 	2607 	2296
f 2296 	2607 	2297
f 2607 	2608 	2297
f 2297 	2608 	2298
f 2608 	2609 	2298
f 2298 	2609 	2299
f 2609 	2610 	2299
f 2299 	2610 	2300
f 2610 	2611 	2300
f 2300 	2611 	2301
f 2611 	2612 	2301
f 2301 	2612 	2302
f 2612 	2613 	2302
f 2302 	2613 	2303
f 2613 	2614 	2303
f 2303 	2614 	2304
f 2614 	2615 	2304
f 2304 	2615 	2305
f 2615 	2616 	2305
f 2305 	2616 	2306
f 2616 	2617 	2306
f 2306 	2617 	2307
f 2617 	2618 	2307
f 2307 	2618 	2308
f 2618 	2619 	2308
f 2308 	2619 	2309
f 2619 	2620 	2309
f 2309 	2620 	2310
f 2620 	2621 	2310
f 2310 	2621 	2311
f 2621 	2622 	2311
f 2311 	2622 	2312
f 2622 	2623 	2312
f 2312 	2623 	2313
f 2623 	2624 	2313
f 2313 	2624 	2314
f 2624 	2625 	2314
f 2314 	2625 	2315
f 2625 	2626 	2315
f 2315 	2626 	2316
f 2626 	2627 	2316
f 2316 	2627 	2317
f 2627 	2628 	2317
f 2317 	2628 	2318
f 2628 	2629 	2318
f 2318 	2629 	2319
f 2629 	2630 	2319
f 2319 	2630 	2320
f 2630 	2631 	2320
f 2320 	2631 	2321
f 2631 	2632 	2321
f 2321 	2632 	2322
f 2632 	2633 	2322
f 2322 	2633 	2323
f 2633 	2634 	2323
f 2323 	2634 	2324
f 2634 	2635 	2324
f 2324 	2635 	2325
f 2635 	2636 	2325
f 2325 	2636 	2326
f 2636 	2637 	2326
f 2326 	2637 	2327
f 2637 	2638 	2327
f 2327 	2638 	2328
f 2638 	2639 	2328
f 2328 	2639 	2329
f 2639 	2640 	2329
f 2329 	2640 	2330
f 2640 	2641 	2330
f 2330 	2641 	2331
f 2641 	2642 	2331
f 2331 	2642 	2332
f 2642 	2643 	2332
f 2332 	2643 	2333
f 2643 	2644 	2333
f 2333 	2644 	2334
f 2644 	2645 	2334
f 2334 	2645 	2335
f 2645 	2646 	2335
f 2335 	2646 	2336
f 2646 	2647 	2336
f 2336 	2647 	2337
f 2647 	2648 	2337
f 2337 	2648 	2338
f 2648 	2649 	2338
f 2338 	2649 	2339
f 2649 	2650 	2339
f 2339 	2650 	2340
f 2650 	2651 	2340
f 2340 	2651 	2341
f 2651 	2652 	2341
f 2341 	2652 	2342
f 2652 	2653 	2342
f 2342 	2653 	2343
f 2653 	2654 	2343
f 2343 	2654 	2344
f 2654 	2655 	2344
f 2344 	2655 	2345
f 2655 	2656 	2345
f 2345 	2656 	2346
f 2656 	2657 	2346
f 2346 	2657 	2347
f 2657 	2658 	2347
f 2347 	2658 	2348
f 2658 	2659 	2348
f 2348 	2659 	2349
f 2659 	2660 	2349
f 2349 	2660 	2350
f 2660 	2661 	2350
f 2350 	2661 	2351
f 2661 	2662 	2351
f 2351 	2662 	2352
f 2662 	2663 	2352
f 2352 	2663 	2353
f 2663 	2664 	2353
f 2353 	2664 	2354
f 2664 	2665 	2354
f 2354 	2665 	2355
f 2665 	2666 	2355
f 2355 	2666 	2356
f 2666 	2667 	2356
f 2356 	2667 	2357
f 2667 	2668 	2357
f 2357 	2668 	2358
f 2668 	2669 	2358
f 2358 	2669 	2359
f 2669 	2670 	2359
f 2359 	2670 	2360
f 2670 	2671 	2360
f 2360 	2671 	2361
f 2671 	2672 	2361
f 2361 	2672 	2362
f 2672 	2673 	2362
f 2362 	2673 	2363
f 2673 	2674 	2363
f 2363 	2674 	2364
f 2674 	2675 	2364
f 2364 	2675 	2365
f 2675 	2676 	2365
f 2365 	2676 	2366
f 2676 	2677 	2366
f 2366 	2677 	2367
f 2677 	2678 	2367
f 2367 	2678 	2368
f 2678 	2679 	2368
f 2368 	2679 	2369
f 2679 	2680 	2369
f 2369 	2680 	2370
f 2680 	2681 	2370
f 2370 	2681 	2371
f 2681 	2682 	2371
f 2371 	2682 	2372
f 2682 	2683 	2372
f 2372 	2683 	2373
f 2683 	2684 	2373
f 2373 	2684 	2374
f 2684 	2685 	2374
f 2374 	2685 	2375
f 2685 	2686 	2375
f 2375 	2686 	2376
f 2686 	2687 	2376
f 2376 	2687 	2377
f 2687 	2688 	2377
f 2377 	2688 	2378
f 2688 	2689 	2378
f 2378 	2689 	2379
f 2689 	2690 	2379
f 2379 	2690 	2380
f 2690 	2691 	2380
f 2380 	2691 	2381
f 2691 	2692 	2381
f 2381 	2692 	2382
f 2692 	2693 	2382
f 2382 	2693 	2383
f 2693 	2694 	2383
f 2383 	2694 	2384
f 2694 	2695 	2384
f 2384 	2695 	2385
f 2695 	2696 	2385
f 2385 	2696 	2386
f 2696 	2697 	2386
f 2386 	2697 	2387
f 2697 	2698 	2387
f 2387 	2698 	2388
f 2698 	2699 	2388
f 2388 	2699 	2389
f 2699 	2700 	2389
f 2389 	2700 	2390
f 2700 	2701 	2390
f 2390 	2701 	2391
f 2701 	2702 	2391
f 2391 	2702 	2392
f 2702 	2703 	2392
f 2392 	2703 	2393
f 2703 	2704 	2393
f 2393 	2704 	2394
f 2704 	2705 	2394
f 2394 	2705 	2395
f 2705 	2706 	2395
f 2395 	2706 	2396
f 2706 	2707 	2396
f 2396 	2707 	2397
f 2707 	2708 	2397
f 2397 	2708 	2398
f 2708 	2709 	2398
f 2398 	2709 	2399
f 2709 	2710 	2399
f 2399 	2710 	2400
f 2710 	2711 	2400
f 2400 	2711 	2401
f 2711 	2712 	2401
f 2401 	2712 	2402
f 2712 	2713 	2402
f 2402 	2713 	2403
f 2713 	2714 	2403
f 2403 	2714 	2404
f 2714 	2715 	2404
f 2404 	2715 	2405
f 2715 	2716 	2405
f 2405 	2716 	2406
f 2716 	2717 	2406
f 2406 	2717 	2407
f 2717 	2718 	2407
f 2407 	2718 	2408
f 2718 	2719 	2408
f 2408 	2719 	2409
f 2719 	2720 	2409
f 2409 	2720 	2410
f 2720 	2721 	2410
f 2410 	2721 	2411
f 2721 	2722 	2411
f 2411 	2722 	2412
f 2722 	2723 	2412
f 2412 	2723 	2413
f 2723 	2724 	2413
f 2413 	2724 	2414
f 2724 	2725 	2414
f 2414 	2725 	2415
f 2725 	2726 	2415
f 2415 	2726 	2416
f 2726 	2727 	2416
f 2416 	2727 	2417
f 2727 	2728 	2417
f 2417 	2728 	2418
f 2728 	2729 	2418
f 2418 	2729 	2419
f 2729 	2730 	2419
f 2419 	2730 	2420
f 2730 	2731 	2420
f 2420 	2731 	2421
f 2731 	2732 	2421
f 2421 	2732 	2422
f 2732 	2733 	2422
f 2422 	2733 	2423
f 2733 	2734 	2423
f 2423 	2734 	2424
f 2734 	2735 	2424
f 2424 	2735 	2425
f 2735 	2736 	2425
f 2425 	2736 	2426
f 2736 	2737 	2426
f 2426 	2737 	2427
f 2737 	2738 	2427
f 2427 	2738 	2428
f 2738 	2739 	2428
f 2428 	2739 	2429
f 2739 	2740 	2429
f 2429 	2740 	2430
f 2740 	2741 	2430
f 2430 	2741 	2431
f 2741 	2742 	2431
f 2431 	2742 	2432
f 2742 	2743 	2432
f 2432 	2743 	2433
f 2743 	2744 	2433
f 2433 	2744 	2434
f 2744 	2745 	2434
f 2434 	2745 	2435
f 2745 	2746 	2435
f 2435 	2746 	2436
f 2746 	2747 	2436
f 2436 	2747 	2437
f 2747 	2748 	2437
f 2437 	2748 	2438
f 2748 	2749 	2438
f 2438 	2749 	2439
f 2749 	2750 	2439
f 2439 	2750 	2440
f 2750 	2751 	2440
f 2440 	2751 	2441
f 2751 	2752 	2441
f 2441 	2752 	2442
f 2752 	2753 	2442
f 2442 	2753 	2443
f 2753 	2754 	2443
f 2443 	2754 	2444
f 2754 	2755 	2444
f 2444 	2755 	2445
f 2755 	2756 	2445
f 2445 	2756 	2446
f 2756 	2757 	2446
f 2446 	2757 	2447
f 2757 	2758 	2447
f 2447 	2758 	2448
f 2758 	2759 	2448
f 2448 	2759 	2449
f 2759 	2760 	2449
f 2449 	2760 	2450
f 2760 	2761 	2450
f 2450 	2761 	2451
f 2761 	2762 	2451
f 2451 	2762 	2452
f 2762 	2763 	2452
f 2452 	2763 	2453
f 2763 	2764 	2453
f 2453 	2764 	2454
f 2764 	2765 	2454
f 2454 	2765 	2455
f 2765 	2766 	2455
f 2455 	2766 	2456
f 2766 	2767 	2456
f 2456 	2767 	2457
f 2767 	2768 	2457
f 2457 	2768 	2458
f 2768 	2769 	2458
f 2458 	2769 	2459
f 2769 	2770 	2459
f 2459 	2770 	2460
f 2770 	2771 	2460
f 2460 	2771 	2461
f 2771 	2772 	2461
f 2461 	2772 	2462
f 2772 	2773 	2462
f 2462 	2773 	2463
f 2773 	2774 	2463
f 2463 	2774 	2464
f 2774 	2775 	2464
f 2464 	2775 	2465
f 2775 	2776 	2465
f 2465 	2776 	2466
f 2776 	2777 	2466
f 2466 	2777 	2467
f 2777 	2778 	2467
f 2467 	2778 	2468
f 2778 	2779 	2468
f 2468 	2779 	2469
f 2779 	2780 	2469
f 2469 	2780 	2470
f 2780 	2781 	2470
f 2470 	2781 	2471
f 2781 	2782 	2471
f 2471 	2782 	2472
f 2782 	2783 	2472
f 2472 	2783 	2473
f 2783 	2784 	2473
f 2473 	2784 	2474
f 2784 	2785 	2474
f 2474 	2785 	2475
f 2785 	2786 	2475
f 2475 	2786 	601
f 602 	2787 	2476
f 2476 	2787 	2477
f 2787 	2788 	2477
f 2477 	2788 	2478
f 2788 	2789 	2478
f 2478 	2789 	2479
f 2789 	2790 	2479
f 2479 	2790 	2480
f 2790 	2791 	2480
f 2480 	2791 	2481
f 2791 	2792 	2481
f 2481 	2792 	2482
f 2792 	2793 	2482
f 2482 	2793 	2483
f 2793 	2794 	2483
f 2483 	2794 	2484
f 2794 	2795 	2484
f 2484 	2795 	2485
f 2795 	2796 	2485
f 2485 	2796 	2486
f 2796 	2797 	2486
f 2486 	2797 	2176
f 2797 	2487 	2176
f 2487 	2798 	2488
f 2798 	2799 	2488
f 2488 	2799 	2489
f 2799 	2800 	2489
f 2489 	2800 	2490
f 2800 	2801 	2490
f 2490 	2801 	2491
f 2801 	2802 	2491
f 2491 	2802 	2492
f 2802 	2803 	2492
f 2492 	2803 	2493
f 2803 	2804 	2493
f 2493 	2804 	2494
f 2804 	2805 	2494
f 2494 	2805 	2495
f 2805 	2806 	2495
f 2495 	2806 	2496
f 2806 	2807 	2496
f 2496 	2807 	2497
f 2807 	2808 	2497
f 2497 	2808 	2498
f 2808 	2809 	2498
f 2498 	2809 	2499
f 2809 	2810 	2499
f 2499 	2810 	2500
f 2810 	2811 	2500
f 2500 	2811 	2501
f 2811 	2812 	2501
f 2501 	2812 	2502
f 2812 	2813 	2502
f 2502 	2813 	2503
f 2813 	2814 	2503
f 2503 	2814 	2504
f 2814 	2815 	2504
f 2504 	2815 	2505
f 2815 	2816 	2505
f 2505 	2816 	2506
f 2816 	2817 	2506
f 2506 	2817 	2507
f 2817 	2818 	2507
f 2507 	2818 	2508
f 2818 	2819 	2508
f 2508 	2819 	2509
f 2819 	2820 	2509
f 2509 	2820 	2510
f 2820 	2821 	2510
f 2510 	2821 	2511
f 2821 	2822 	2511
f 2511 	2822 	2512
f 2822 	2823 	2512
f 2512 	2823 	2513
f 2823 	2824 	2513
f 2513 	2824 	2514
f 2824 	2825 	2514
f 2514 	2825 	2515
f 2825 	2826 	2515
f 2515 	2826 	2516
f 2826 	2827 	2516
f 2516 	2827 	2517
f 2827 	2828 	2517
f 2517 	2828 	2518
f 2828 	2829 	2518
f 2518 	2829 	2519
f 2829 	2830 	2519
f 2519 	2830 	2520
f 2830 	2831 	2520
f 2520 	2831 	2521
f 2831 	2832 	2521
f 2521 	2832 	2522
f 2832 	2833 	2522
f 2522 	2833 	2523
f 2833 	2834 	2523
f 2523 	2834 	2524
f 2834 	2835 	2524
f 2524 	2835 	2525
f 2835 	2836 	2525
f 2525 	2836 	2526
f 2836 	2837 	2526
f 2526 	2837 	2527
f 2837 	2838 	2527
f 2527 	2838 	2528
f 2838 	2839 	2528
f 2528 	2839 	2529
f 2839 	2840 	2529
f 2529 	2840 	2530
f 2840 	2841 	2530
f 2530 	2841 	2531
f 2841 	2842 	2531
f 2531 	2842 	2532
f 2842 	2843 	2532
f 2532 	2843 	2533
f 2843 	2844 	2533
f 2533 	2844 	2534
f 2844 	2845 	2534
f 2534 	2845 	2535
f 2845 	2846 	2535
f 2535 	2846 	2536
f 2846 	2847 	2536
f 2536 	2847 	2537
f 2847 	2848 	2537
f 2537 	2848 	2538
f 2848 	2849 	2538
f 2538 	2849 	2539
f 2849 	2850 	2539
f 2539 	2850 	2540
f 2850 	2851 	2540
f 2540 	2851 	2541
f 2851 	2852 	2541
f 2541 	2852 	2542
f 2852 	2853 	2542
f 2542 	2853 	2543
f 2853 	2854 	2543
f 2543 	2854 	2544
f 2854 	2855 	2544
f 2544 	2855 	2545
f 2855 	2856 	2545
f 2545 	2856 	2546
f 2856 	2857 	2546
f 2546 	2857 	2547
f 2857 	2858 	2547
f 2547 	2858 	2548
f 2858 	2859 	2548
f 2548 	2859 	2549
f 2859 	2860 	2549
f 2549 	2860 	2550
f 2860 	2861 	2550
f 2550 	2861 	2551
f 2861 	2862 	2551
f 2551 	2862 	2552
f 2862 	2863 	2552
f 2552 	2863 	2553
f 2863 	2864 	2553
f 2553 	2864 	2554
f 2864 	2865 	2554
f 2554 	2865 	2555
f 2865 	2866 	2555
f 2555 	2866 	2556
f 2866 	2867 	2556
f 2556 	2867 	2557
f 2867 	2868 	2557
f 2557 	2868 	2558
f 2868 	2869 	2558
f 2558 	2869 	2559
f 2869 	2870 	2559
f 2559 	2870 	2560
f 2870 	2871 	2560
f 2560 	2871 	2561
f 2871 	2872 	2561
f 2561 	2872 	2562
f 2872 	2873 	2562
f 2562 	2873 	2563
f 2873 	2874 	2563
f 2563 	2874 	2564
f 2874 	2875 	2564
f 2564 	2875 	2565
f 2875 	2876 	2565
f 2565 	2876 	2566
f 2876 	2877 	2566
f 2566 	2877 	2567
f 2877 	2878 	2567
f 2567 	2878 	2568
f 2878 	2879 	2568
f 2568 	2879 	2569
f 2879 	2880 	2569
f 2569 	2880 	2570
f 2880 	2881 	2570
f 2570 	2881 	2571
f 2881 	2882 	2571
f 2571 	2882 	2572
f 2882 	2883 	2572
f 2572 	2883 	2573
f 2883 	2884 	2573
f 2573 	2884 	2574
f 2884 	2885 	2574
f 2574 	2885 	2575
f 2885 	2886 	2575
f 2575 	2886 	2576
f 2886 	2887 	2576
f 2576 	2887 	2577
f 2887 	2888 	2577
f 2577 	2888 	2578
f 2888 	2889 	2578
f 2578 	2889 	2579
f 2889 	2890 	2579
f 2579 	2890 	2580
f 2890 	2891 	2580
f 2580 	2891 	2581
f 2891 	2892 	2581
f 2581 	2892 	2582
f 2892 	2893 	2582
f 2582 	2893 	2583
f 2893 	2894 	2583
f 2583 	2894 	2584
f 2894 	2895 	2584
f 2584 	2895 	2585
f 2895 	2896 	2585
f 2585 	2896 	2586
f 2896 	2897 	2586
f 2586 	2897 	2587
f 2897 	2898 	2587
f 2587 	2898 	2588
f 2898 	2899 	2588
f 2588 	2899 	2589
f 2899 	2900 	2589
f 2589 	2900 	2590
f 2900 	2901 	2590
f 2590 	2901 	2591
f 2901 	2902 	2591
f 2591 	2902 	2592
f 2902 	2903 	2592
f 2592 	2903 	2593
f 2903 	2904 	2593
f 2593 	2904 	2594
f 2904 	2905 	2594
f 2594 	2905 	2595
f 2905 	2906 	2595
f 2595 	2906 	2596
f 2906 	2907 	2596
f 2596 	2907 	2597
f 2907 	2908 	2597
f 2597 	2908 	2598
f 2908 	2909 	2598
f 2598 	2909 	2599
f 2909 	2910 	2599
f 2599 	2910 	2600
f 2910 	2911 	2600
f 2600 	2911 	2601
f 2911 	2912 	2601
f 2601 	2912 	2602
f 2912 	2913 	2602
f 2602 	2913 	2603
f 2913 	2914 	2603
f 2603 	2914 	2604
f 2914 	2915 	2604
f 2604 	2915 	2605
f 2915 	2916 	2605
f 2605 	2916 	2606
f 2916 	2917 	2606
f 2606 	2917 	2607
f 2917 	2918 	2607
f 2607 	2918 	2608
f 2918 	2919 	2608
f 2608 	2919 	2609
f 2919 	2920 	2609
f 2609 	2920 	2610
f 2920 	2921 	2610
f 2610 	2921 	2611
f 2921 	2922 	2611
f 2611 	2922 	2612
f 2922 	2923 	2612
f 2612 	2923 	2613
f 2923 	2924 	2613
f 2613 	2924 	2614
f 2924 	2925 	2614
f 2614 	2925 	2615
f 2925 	2926 	2615
f 2615 	2926 	2616
f 2926 	2927 	2616
f 2616 	2927 	2617
f 2927 	2928 	2617
f 2617 	2928 	2618
f 2928 	2929 	2618
f 2618 	2929 	2619
f 2929 	2930 	2619
f 2619 	2930 	2620
f 2930 	2931 	2620
f 2620 	2931 	2621
f 2931 	2932 	2621
f 2621 	2932 	2622
f 2932 	2933 	2622
f 2622 	2933 	2623
f 2933 	2934 	2623
f 2623 	2934 	2624
f 2934 	2935 	2624
f 2624 	2935 	2625
f 2935 	2936 	2625
f 2625 	2936 	2626
f 2936 	2937 	2626
f 2626 	2937 	2627
f 2937 	2938 	2627
f 2627 	2938 	2628
f 2938 	2939 	2628
f 2628 	2939 	2629
f 2939 	2940 	2629
f 2629 	2940 	2630
f 2940 	2941 	2630
f 2630 	2941 	2631
f 2941 	2942 	2631
f 2631 	2942 	2632
f 2942 	2943 	2632
f 2632 	2943 	2633
f 2943 	2944 	2633
f 2633 	2944 	2634
f 2944 	2945 	2634
f 2634 	2945 	2635
f 2945 	2946 	2635
f 2635 	2946 	2636
f 2946 	2947 	2636
f 2636 	2947 	2637
f 2947 	2948 	2637
f 2637 	2948 	2638
f 2948 	2949 	2638
f 2638 	2949 	2639
f 2949 	2950 	2639
f 2639 	2950 	2640
f 2950 	2951 	2640
f 2640 	2951 	2641
f 2951 	2952 	2641
f 2641 	2952 	2642
f 2952 	2953 	2642
f 2642 	2953 	2643
f 2953 	2954 	2643
f 2643 	2954 	2644
f 2954 	2955 	2644
f 2644 	2955 	2645
f 2955 	2956 	2645
f 2645 	2956 	2646
f 2956 	2957 	2646
f 2646 	2957 	2647
f 2957 	2958 	2647
f 2647 	2958 	2648
f 2958 	2959 	2648
f 2648 	2959 	2649
f 2959 	2960 	2649
f 2649 	2960 	2650
f 2960 	2961 	2650
f 2650 	2961 	2651
f 2961 	2962 	2651
f 2651 	2962 	2652
f 2962 	2963 	2652
f 2652 	2963 	2653
f 2963 	2964 	2653
f 2653 	2964 	2654
f 2964 	2965 	2654
f 2654 	2965 	2655
f 2965 	2966 	2655
f 2655 	2966 	2656
f 2966 	2967 	2656
f 2656 	2967 	2657
f 2967 	2968 	2657
f 2657 	2968 	2658
f 2968 	2969 	2658
f 2658 	2969 	2659
f 2969 	2970 	2659
f 2659 	2970 	2660
f 2970 	2971 	2660
f 2660 	2971 	2661
f 2971 	2972 	2661
f 2661 	2972 	2662
f 2972 	2973 	2662
f 2662 	2973 	2663
f 2973 	2974 	2663
f 2663 	2974 	2664
f 2974 	2975 	2664
f 2664 	2975 	2665
f 2975 	2976 	2665
f 2665 	2976 	2666
f 2976 	2977 	2666
f 2666 	2977 	2667
f 2977 	2978 	2667
f 2667 	2978 	2668
f 2978 	2979 	2668
f 2668 	2979 	2669
f 2979 	2980 	2669
f 2669 	2980 	2670
f 2980 	2981 	2670
f 2670 	2981 	2671
f 2981 	2982 	2671
f 2671 	2982 	2672
f 2982 	2983 	2672
f 2672 	2983 	2673
f 2983 	2984 	2673
f 2673 	2984 	2674
f 2984 	2985 	2674
f 2674 	2985 	2675
f 2985 	2986 	2675
f 2675 	2986 	2676
f 2986 	2987 	2676
f 2676 	2987 	2677
f 2987 	2988 	2677
f 2677 	2988 	2678
f 2988 	2989 	2678
f 2678 	2989 	2679
f 2989 	2990 	2679
f 2679 	2990 	2680
f 2990 	2991 	2680
f 2680 	2991 	2681
f 2991 	2992 	2681
f 2681 	2992 	2682
f 2992 	2993 	2682
f 2682 	2993 	2683
f 2993 	2994 	2683
f 2683 	2994 	2684
f 2994 	2995 	2684
f 2684 	2995 	2685
f 2995 	2996 	2685
f 2685 	2996 	2686
f 2996 	2997 	2686
f 2686 	2997 	2687
f 2997 	2998 	2687
f 2687 	2998 	2688
f 2998 	2999 	2688
f 2688 	2999 	2689
f 2999 	3000 	2689
f 2689 	3000 	2690
f 3000 	3001 	2690
f 2690 	3001 	2691
f 3001 	3002 	2691
f 2691 	3002 	2692
f 3002 	3003 	2692
f 2692 	3003 	2693
f 3003 	3004 	2693
f 2693 	3004 	2694
f 3004 	3005 	2694
f 2694 	3005 	2695
f 3005 	3006 	2695
f 2695 	3006 	2696
f 3006 	3007 	2696
f 2696 	3007 	2697
f 3007 	3008 	2697
f 2697 	3008 	2698
f 3008 	3009 	2698
f 2698 	3009 	2699
f 3009 	3010 	2699
f 2699 	3010 	2700
f 3010 	3011 	2700
f 2700 	3011 	2701
f 3011 	3012 	2701
f 2701 	3012 	2702
f 3012 	3013 	2702
f 2702 	3013 	2703
f 3013 	3014 	2703
f 2703 	3014 	2704
f 3014 	3015 	2704
f 2704 	3015 	2705
f 3015 	3016 	2705
f 2705 	3016 	2706
f 3016 	3017 	2706
f 2706 	3017 	2707
f 3017 	3018 	2707
f 2707 	3018 	2708
f 3018 	3019 	2708
f 2708 	3019 	2709
f 3019 	3020 	2709
f 2709 	3020 	2710
f 3020 	3021 	2710
f 2710 	3021 	2711
f 3021 	3022 	2711
f 2711 	3022 	2712
f 3022 	3023 	2712
f 2712 	3023 	2713
f 3023 	3024 	2713
f 2713 	3024 	2714
f 3024 	3025 	2714
f 2714 	3025 	2715
f 3025 	3026 	2715
f 2715 	3026 	2716
f 3026 	3027 	2716
f 2716 	3027 	2717
f 3027 	3028 	2717
f 2717 	3028 	2718
f 3028 	3029 	2718
f 2718 	3029 	2719
f 3029 	3030 	2719
f 2719 	3030 	2720
f 3030 	3031 	2720
f 2720 	3031 	2721
f 3031 	3032 	2721
f 2721 	3032 	2722
f 3032 	3033 	2722
f 2722 	3033 	2723
f 3033 	3034 	2723
f 2723 	3034 	2724
f 3034 	3035 	2724
f 2724 	3035 	2725
f 3035 	3036 	2725
f 2725 	3036 	2726
f 3036 	3037 	2726
f 2726 	3037 	2727
f 3037 	3038 	2727
f 2727 	3038 	2728
f 3038 	3039 	2728
f 2728 	3039 	2729
f 3039 	3040 	2729
f 2729 	3040 	2730
f 3040 	3041 	2730
f 2730 	3041 	2731
f 3041 	3042 	2731
f 2731 	3042 	2732
f 3042 	3043 	2732
f 2732 	3043 	2733
f 3043 	3044 	2733
f 2733 	3044 	2734
f 3044 	3045 	2734
f 2734 	3045 	2735
f 3045 	3046 	2735
f 2735 	3046 	2736
f 3046 	3047 	2736
f 2736 	3047 	2737
f 3047 	3048 	2737
f 2737 	3048 	2738
f 3048 	3049 	2738
f 2738 	3049 	2739
f 3049 	3050 	2739
f 2739 	3050 	2740
f 3050 	3051 	2740
f 2740 	3051 	2741
f 3051 	3052 	2741
f 2741 	3052 	2742
f 3052 	3053 	2742
f 2742 	3053 	2743
f 3053 	3054 	2743
f 2743 	3054 	2744
f 3054 	3055 	2744
f 2744 	3055 	2745
f 3055 	3056 	2745
f 2745 	3056 	2746
f 3056 	3057 	2746
f 2746 	3057 	2747
f 3057 	3058 	2747
f 2747 	3058 	2748
f 3058 	3059 	2748
f 2748 	3059 	2749
f 3059 	3060 	2749
f 2749 	3060 	2750
f 3060 	3061 	2750
f 2750 	3061 	2751
f 3061 	3062 	2751
f 2751 	3062 	2752
f 3062 	3063 	2752
f 2752 	3063 	2753
f 3063 	3064 	2753
f 2753 	3064 	2754
f 3064 	3065 	2754
f 2754 	3065 	2755
f 3065 	3066 	2755
f 2755 	3066 	2756
f 3066 	3067 	2756
f 2756 	3067 	2757
f 3067 	3068 	2757
f 2757 	3068 	2758
f 3068 	3069 	2758
f 2758 	3069 	2759
f 3069 	3070 	2759
f 2759 	3070 	2760
f 3070 	3071 	2760
f 2760 	3071 	2761
f 3071 	3072 	2761
f 2761 	3072 	2762
f 3072 	3073 	2762
f 2762 	3073 	2763
f 3073 	3074 	2763
f 2763 	3074 	2764
f 3074 	3075 	2764
f 2764 	3075 	2765
f 3075 	3076 	2765
f 2765 	3076 	2766
f 3076 	3077 	2766
f 2766 	3077 	2767
f 3077 	3078 	2767
f 2767 	3078 	2768
f 3078 	3079 	2768
f 2768 	3079 	2769
f 3079 	3080 	2769
f 2769 	3080 	2770
f 3080 	3081 	2770
f 2770 	3081 	2771
f 3081 	3082 	2771
f 2771 	3082 	2772
f 3082 	3083 	2772
f 2772 	3083 	2773
f 3083 	3084 	2773
f 2773 	3084 	2774
f 3084 	3085 	2774
f 2774 	3085 	2775
f 3085 	3086 	2775
f 2775 	3086 	2776
f 3086 	3087 	2776
f 2776 	3087 	2777
f 3087 	3088 	2777
f 2777 	3088 	2778
f 3088 	3089 	2778
f 2778 	3089 	2779
f 3089 	3090 	2779
f 2779 	3090 	2780
f 3090 	3091 	2780
f 2780 	3091 	2781
f 3091 	3092 	2781
f 2781 	3092 	2782
f 3092 	3093 	2782
f 2782 	3093 	2783
f 3093 	3094 	2783
f 2783 	3094 	2784
f 3094 	3095 	2784
f 2784 	3095 	2785
f 3095 	3096 	2785
f 2785 	3096 	2786
f 3096 	2786 	2786
f 602 	2787 	2787
f 2787 	3097 	2788
f 2788 	3097 	2789
f 3097 	3098 	2789
f 2789 	3098 	2790
f 3098 	3099 	2790
f 2790 	3099 	2791
f 3099 	3100 	2791
f 2791 	3100 	2792
f 3100 	3101 	2792
f 2792 	3101 	2793
f 3101 	3102 	2793
f 2793 	3102 	2794
f 3102 	3103 	2794
f 2794 	3103 	2795
f 3103 	3104 	2795
f 2795 	3104 	2796
f 3104 	3105 	2796
f 2796 	3105 	2797
f 3105 	3106 	2797
f 2797 	3106 	2487
f 3106 	2798 	2487
f 2798 	3107 	2799
f 3107 	3108 	2799
f 2799 	3108 	2800
f 3108 	3109 	2800
f 2800 	3109 	2801
f 3109 	3110 	2801
f 2801 	3110 	2802
f 3110 	3111 	2802
f 2802 	3111 	2803
f 3111 	3112 	2803
f 2803 	3112 	2804
f 3112 	3113 	2804
f 2804 	3113 	2805
f 3113 	3114 	2805
f 2805 	3114 	2806
f 3114 	3115 	2806
f 2806 	3115 	2807
f 3115 	3116 	2807
f 2807 	3116 	2808
f 3116 	3117 	2808
f 2808 	3117 	2809
f 3117 	3118 	2809
f 2809 	3118 	2810
f 3118 	3119 	2810
f 2810 	3119 	2811
f 3119 	3120 	2811
f 2811 	3120 	2812
f 3120 	3121 	2812
f 2812 	3121 	2813
f 3121 	3122 	2813
f 2813 	3122 	2814
f 3122 	3123 	2814
f 2814 	3123 	2815
f 3123 	3124 	2815
f 2815 	3124 	2816
f 3124 	3125 	2816
f 2816 	3125 	2817
f 3125 	3126 	2817
f 2817 	3126 	2818
f 3126 	3127 	2818
f 2818 	3127 	2819
f 3127 	3128 	2819
f 2819 	3128 	2820
f 3128 	3129 	2820
f 2820 	3129 	2821
f 3129 	3130 	2821
f 2821 	3130 	2822
f 3130 	3131 	2822
f 2822 	3131 	2823
f 3131 	3132 	2823
f 2823 	3132 	2824
f 3132 	3133 	2824
f 2824 	3133 	2825
f 3133 	3134 	2825
f 2825 	3134 	2826
f 3134 	3135 	2826
f 2826 	3135 	2827
f 3135 	3136 	2827
f 2827 	3136 	2828
f 3136 	3137 	2828
f 2828 	3137 	2829
f 3137 	3138 	2829
f 2829 	3138 	2830
f 3138 	3139 	2830
f 2830 	3139 	2831
f 3139 	3140 	2831
f 2831 	3140 	2832
f 3140 	3141 	2832
f 2832 	3141 	2833
f 3141 	3142 	2833
f 2833 	3142 	2834
f 3142 	3143 	2834
f 2834 	3143 	2835
f 3143 	3144 	2835
f 2835 	3144 	2836
f 3144 	3145 	2836
f 2836 	3145 	2837
f 3145 	3146 	2837
f 2837 	3146 	2838
f 3146 	3147 	2838
f 2838 	3147 	2839
f 3147 	3148 	2839
f 2839 	3148 	2840
f 3148 	3149 	2840
f 2840 	3149 	2841
f 3149 	3150 	2841
f 2841 	3150 	2842
f 3150 	3151 	2842
f 2842 	3151 	2843
f 3151 	3152 	2843
f 2843 	3152 	2844
f 3152 	3153 	2844
f 2844 	3153 	2845
f 3153 	3154 	2845
f 2845 	3154 	2846
f 3154 	3155 	2846
f 2846 	3155 	2847
f 3155 	3156 	2847
f 2847 	3156 	2848
f 3156 	3157 	2848
f 2848 	3157 	2849
f 3157 	3158 	2849
f 2849 	3158 	2850
f 3158 	3159 	2850
f 2850 	3159 	2851
f 3159 	3160 	2851
f 2851 	3160 	2852
f 3160 	3161 	2852
f 2852 	3161 	2853
f 3161 	3162 	2853
f 2853 	3162 	2854
f 3162 	3163 	2854
f 2854 	3163 	2855
f 3163 	3164 	2855
f 2855 	3164 	2856
f 3164 	3165 	2856
f 2856 	3165 	2857
f 3165 	3166 	2857
f 2857 	3166 	2858
f 3166 	3167 	2858
f 2858 	3167 	2859
f 3167 	3168 	2859
f 2859 	3168 	2860
f 3168 	3169 	2860
f 2860 	3169 	2861
f 3169 	3170 	2861
f 2861 	3170 	2862
f 3170 	3171 	2862
f 2862 	3171 	2863
f 3171 	3172 	2863
f 2863 	3172 	2864
f 3172 	3173 	2864
f 2864 	3173 	2865
f 3173 	3174 	2865
f 2865 	3174 	2866
f 3174 	3175 	2866
f 2866 	3175 	2867
f 3175 	3176 	2867
f 2867 	3176 	2868
f 3176 	3177 	2868
f 2868 	3177 	2869
f 3177 	3178 	2869
f 2869 	3178 	2870
f 3178 	3179 	2870
f 2870 	3179 	2871
f 3179 	3180 	2871
f 2871 	3180 	2872
f 3180 	3181 	2872
f 2872 	3181 	2873
f 3181 	3182 	2873
f 2873 	3182 	2874
f 3182 	3183 	2874
f 2874 	3183 	2875
f 3183 	3184 	2875
f 2875 	3184 	2876
f 3184 	3185 	2876
f 2876 	3185 	2877
f 3185 	3186 	2877
f 2877 	3186 	2878
f 3186 	3187 	2878
f 2878 	3187 	2879
f 3187 	3188 	2879
f 2879 	3188 	2880
f 3188 	3189 	2880
f 2880 	3189 	2881
f 3189 	3190 	2881
f 2881 	3190 	2882
f 3190 	3191 	2882
f 2882 	3191 	2883
f 3191 	3192 	2883
f 2883 	3192 	2884
f 3192 	3193 	2884
f 2884 	3193 	2885
f 3193 	3194 	2885
f 2885 	3194 	2886
f 3194 	3195 	2886
f 2886 	3195 	2887
f 3195 	3196 	2887
f 2887 	3196 	2888
f 3196 	3197 	2888
f 2888 	3197 	2889
f 3197 	3198 	2889
f 2889 	3198 	2890
f 3198 	3199 	2890
f 2890 	3199 	2891
f 3199 	3200 	2891
f 2891 	3200 	2892
f 3200 	3201 	2892
f 2892 	3201 	2893
f 3201 	3202 	2893
f 2893 	3202 	2894
f 3202 	3203 	2894
f 2894 	3203 	2895
f 3203 	3204 	2895
f 2895 	3204 	2896
f 3204 	3205 	2896
f 2896 	3205 	2897
f 3205 	3206 	2897
f 2897 	3206 	2898
f 3206 	3207 	2898
f 2898 	3207 	2899
f 3207 	3208 	2899
f 2899 	3208 	2900
f 3208 	3209 	2900
f 2900 	3209 	2901
f 3209 	3210 	2901
f 2901 	3210 	2902
f 3210 	3211 	2902
f 2902 	3211 	2903
f 3211 	3212 	2903
f 2903 	3212 	2904
f 3212 	3213 	2904
f 2904 	3213 	2905
f 3213 	3214 	2905
f 2905 	3214 	2906
f 3214 	3215 	2906
f 2906 	3215 	2907
f 3215 	3216 	2907
f 2907 	3216 	2908
f 3216 	3217 	2908
f 2908 	3217 	2909
f 3217 	3218 	2909
f 2909 	3218 	2910
f 3218 	3219 	2910
f 2910 	3219 	2911
f 3219 	3220 	2911
f 2911 	3220 	2912
f 3220 	3221 	2912
f 2912 	3221 	2913
f 3221 	3222 	2913
f 2913 	3222 	2914
f 3222 	3223 	2914
f 2914 	3223 	2915
f 3223 	3224 	2915
f 2915 	3224 	2916
f 3224 	3225 	2916
f 2916 	3225 	2917
f 3225 	3226 	2917
f 2917 	3226 	2918
f 3226 	3227 	2918
f 2918 	3227 	2919
f 3227 	3228 	2919
f 2919 	3228 	2920
f 3228 	3229 	2920
f 2920 	3229 	2921
f 3229 	3230 	2921
f 2921 	3230 	2922
f 3230 	3231 	2922
f 2922 	3231 	2923
f 3231 	3232 	2923
f 2923 	3232 	2924
f 3232 	3233 	2924
f 2924 	3233 	2925
f 3233 	3234 	2925
f 2925 	3234 	2926
f 3234 	3235 	2926
f 2926 	3235 	2927
f 3235 	3236 	2927
f 2927 	3236 	2928
f 3236 	3237 	2928
f 2928 	3237 	2929
f 3237 	3238 	2929
f 2929 	3238 	2930
f 3238 	3239 	2930
f 2930 	3239 	2931
f 3239 	3240 	2931
f 2931 	3240 	2932
f 3240 	3241 	2932
f 2932 	3241 	2933
f 3241 	3242 	2933
f 2933 	3242 	2934
f 3242 	3243 	2934
f 2934 	3243 	2935
f 3243 	3244 	2935
f 2935 	3244 	2936
f 3244 	3245 	2936
f 2936 	3245 	2937
f 3245 	3246 	2937
f 2937 	3246 	2938
f 3246 	3247 	2938
f 2938 	3247 	2939
f 3247 	3248 	2939
f 2939 	3248 	2940
f 3248 	3249 	2940
f 2940 	3249 	2941
f 3249 	3250 	2941
f 2941 	3250 	2942
f 3250 	3251 	2942
f 2942 	3251 	2943
f 3251 	3252 	2943
f 2943 	3252 	2944
f 3252 	3253 	2944
f 2944 	3253 	2945
f 3253 	3254 	2945
f 2945 	3254 	2946
f 3254 	3255 	2946
f 2946 	3255 	2947
f 3255 	3256 	2947
f 2947 	3256 	2948
f 3256 	3257 	2948
f 2948 	3257 	2949
f 3257 	3258 	2949
f 2949 	3258 	2950
f 3258 	3259 	2950
f 2950 	3259 	2951
f 3259 	3260 	2951
f 2951 	3260 	2952
f 3260 	3261 	2952
f 2952 	3261 	2953
f 3261 	3262 	2953
f 2953 	3262 	2954
f 3262 	3263 	2954
f 2954 	3263 	2955
f 3263 	3264 	2955
f 2955 	3264 	2956
f 3264 	3265 	2956
f 2956 	3265 	2957
f 3265 	3266 	2957
f 2957 	3266 	2958
f 3266 	3267 	2958
f 2958 	3267 	2959
f 3267 	3268 	2959
f 2959 	3268 	2960
f 3268 	3269 	2960
f 2960 	3269 	2961
f 3269 	3270 	2961
f 2961 	3270 	2962
f 3270 	3271 	2962
f 2962 	3271 	2963
f 3271 	3272 	2963
f 2963 	3272 	2964
f 3272 	3273 	2964
f 2964 	3273 	2965
f 3273 	3274 	2965
f 2965 	3274 	2966
f 3274 	3275 	2966
f 2966 	3275 	2967
f 3275 	3276 	2967
f 2967 	3276 	2968
f 3276 	3277 	2968
f 2968 	3277 	2969
f 3277 	3278 	2969
f 2969 	3278 	2970
f 3278 	3279 	2970
f 2970 	3279 	2971
f 3279 	3280 	2971
f 2971 	3280 	2972
f 3280 	3281 	2972
f 2972 	3281 	2973
f 3281 	3282 	2973
f 2973 	3282 	2974
f 3282 	3283 	2974
f 2974 	3283 	2975
f 3283 	3284 	2975
f 2975 	3284 	2976
f 3284 	3285 	2976
f 2976 	3285 	2977
f 3285 	3286 	2977
f 2977 	3286 	2978
f 3286 	3287 	2978
f 2978 	3287 	2979
f 3287 	3288 	2979
f 2979 	3288 	2980
f 3288 	3289 	2980
f 2980 	3289 	2981
f 3289 	3290 	2981
f 2981 	3290 	2982
f 3290 	3291 	2982
f 2982 	3291 	2983
f 3291 	3292 	2983
f 2983 	3292 	2984
f 3292 	3293 	2984
f 2984 	3293 	2985
f 3293 	3294 	2985
f 2985 	3294 	2986
f 3294 	3295 	2986
f 2986 	3295 	2987
f 3295 	3296 	2987
f 2987 	3296 	2988
f 3296 	3297 	2988
f 2988 	3297 	2989
f 3297 	3298 	2989
f 2989 	3298 	2990
f 3298 	3299 	2990
f 2990 	3299 	2991
f 3299 	3300 	2991
f 2991 	3300 	2992
f 3300 	3301 	2992
f 2992 	3301 	2993
f 3301 	3302 	2993
f 2993 	3302 	2994
f 3302 	3303 	2994
f 2994 	3303 	2995
f 3303 	3304 	2995
f 2995 	3304 	2996
f 3304 	3305 	2996
f 2996 	3305 	2997
f 3305 	3306 	2997
f 2997 	3306 	2998
f 3306 	3307 	2998
f 2998 	3307 	2999
f 3307 	3308 	2999
f 2999 	3308 	3000
f 3308 	3309 	3000
f 3000 	3309 	3001
f 3309 	3310 	3001
f 3001 	3310 	3002
f 3310 	3311 	3002
f 3002 	3311 	3003
f 3311 	3312 	3003
f 3003 	3312 	3004
f 3312 	3313 	3004
f 3004 	3313 	3005
f 3313 	3314 	3005
f 3005 	3314 	3006
f 3314 	3315 	3006
f 3006 	3315 	3007
f 3315 	3316 	3007
f 3007 	3316 	3008
f 3316 	3317 	3008
f 3008 	3317 	3009
f 3317 	3318 	3009
f 3009 	3318 	3010
f 3318 	3319 	3010
f 3010 	3319 	3011
f 3319 	3320 	3011
f 3011 	3320 	3012
f 3320 	3321 	3012
f 3012 	3321 	3013
f 3321 	3322 	3013
f 3013 	3322 	3014
f 3322 	3323 	3014
f 3014 	3323 	3015
f 3323 	3324 	3015
f 3015 	3324 	3016
f 3324 	3325 	3016
f 3016 	3325 	3017
f 3325 	3326 	3017
f 3017 	3326 	3018
f 3326 	3327 	3018
f 3018 	3327 	3019
f 3327 	3328 	3019
f 3019 	3328 	3020
f 3328 	3329 	3020
f 3020 	3329 	3021
f 3329 	3330 	3021
f 3021 	3330 	3022
f 3330 	3331 	3022
f 3022 	3331 	3023
f 3331 	3332 	3023
f 3023 	3332 	3024
f 3332 	3333 	3024
f 3024 	3333 	3025
f 3333 	3334 	3025
f 3025 	3334 	3026
f 3334 	3335 	3026
f 3026 	3335 	3027
f 3335 	3336 	3027
f 3027 	3336 	3028
f 3336 	3337 	3028
f 3028 	3337 	3029
f 3337 	3338 	3029
f 3029 	3338 	3030
f 3338 	3339 	3030
f 3030 	3339 	3031
f 3339 	3340 	3031
f 3031 	3340 	3032
f 3340 	3341 	3032
f 3032 	3341 	3033
f 3341 	3342 	3033
f 3033 	3342 	3034
f 3342 	3343 	3034
f 3034 	3343 	3035
f 3343 	3344 	3035
f 3035 	3344 	3036
f 3344 	3345 	3036
f 3036 	3345 	3037
f 3345 	3346 	3037
f 3037 	3346 	3038
f 3346 	3347 	3038
f 3038 	3347 	3039
f 3347 	3348 	3039
f 3039 	3348 	3040
f 3348 	3349 	3040
f 3040 	3349 	3041
f 3349 	3350 	3041
f 3041 	3350 	3042
f 3350 	3351 	3042
f 3042 	3351 	3043
f 3351 	3352 	3043
f 3043 	3352 	3044
f 3352 	3353 	3044
f 3044 	3353 	3045
f 3353 	3354 	3045
f 3045 	3354 	3046
f 3354 	3355 	3046
f 3046 	3355 	3047
f 3355 	3356 	3047
f 3047 	3356 	3048
f 3356 	3357 	3048
f 3048 	3357 	3049
f 3357 	3358 	3049
f 3049 	3358 	3050
f 3358 	3359 	3050
f 3050 	3359 	3051
f 3359 	3360 	3051
f 3051 	3360 	3052
f 3360 	3361 	3052
f 3052 	3361 	3053
f 3361 	3362 	3053
f 3053 	3362 	3054
f 3362 	3363 	3054
f 3054 	3363 	3055
f 3363 	3364 	3055
f 3055 	3364 	3056
f 3364 	3365 	3056
f 3056 	3365 	3057
f 3365 	3366 	3057
f 3057 	3366 	3058
f 3366 	3367 	3058
f 3058 	3367 	3059
f 3367 	3368 	3059
f 3059 	3368 	3060
f 3368 	3369 	3060
f 3060 	3369 	3061
f 3369 	3370 	3061
f 3061 	3370 	3062
f 3370 	3371 	3062
f 3062 	3371 	3063
f 3371 	3372 	3063
f 3063 	3372 	3064
f 3372 	3373 	3064
f 3064 	3373 	3065
f 3373 	3374 	3065
f 3065 	3374 	3066
f 3374 	3375 	3066
f 3066 	3375 	3067
f 3375 	3376 	3067
f 3067 	3376 	3068
f 3376 	3377 	3068
f 3068 	3377 	3069
f 3377 	3378 	3069
f 3069 	3378 	3070
f 3378 	3379 	3070
f 3070 	3379 	3071
f 3379 	3380 	3071
f 3071 	3380 	3072
f 3380 	3381 	3072
f 3072 	3381 	3073
f 3381 	3382 	3073
f 3073 	3382 	3074
f 3382 	3383 	3074
f 3074 	3383 	3075
f 3383 	3384 	3075
f 3075 	3384 	3076
f 3384 	3385 	3076
f 3076 	3385 	3077
f 3385 	3386 	3077
f 3077 	3386 	3078
f 3386 	3387 	3078
f 3078 	3387 	3079
f 3387 	3388 	3079
f 3079 	3388 	3080
f 3388 	3389 	3080
f 3080 	3389 	3081
f 3389 	3390 	3081
f 3081 	3390 	3082
f 3390 	3391 	3082
f 3082 	3391 	3083
f 3391 	3392 	3083
f 3083 	3392 	3084
f 3392 	3393 	3084
f 3084 	3393 	3085
f 3393 	3394 	3085
f 3085 	3394 	3086
f 3394 	3395 	3086
f 3086 	3395 	3087
f 3395 	3396 	3087
f 3087 	3396 	3088
f 3396 	3397 	3088
f 3088 	3397 	3089
f 3397 	3398 	3089
f 3089 	3398 	3090
f 3398 	3399 	3090
f 3090 	3399 	3091
f 3399 	3400 	3091
f 3091 	3400 	3092
f 3400 	3401 	3092
f 3092 	3401 	3093
f 3401 	3402 	3093
f 3093 	3402 	3094
f 3402 	3403 	3094
f 3094 	3403 	3095
f 3403 	3404 	3095
f 3095 	3404 	3096
f 3404 	3405 	3096
f 3096 	3405 	2786
f 3405 	3406 	2786
f 2786 	3406 	601
f 602 	3407 	2787
f 2787 	3407 	3097
f 3407 	3408 	3097
f 3097 	3408 	3098
f 3408 	3409 	3098
f 3098 	3409 	3099
f 3409 	3410 	3099
f 3099 	3410 	3100
f 3410 	3411 	3100
f 3100 	3411 	3101
f 3411 	3412 	3101
f 3101 	3412 	3102
f 3412 	3413 	3102
f 3102 	3413 	3103
f 3413 	3414 	3103
f 3103 	3414 	3104
f 3414 	3415 	3104
f 3104 	3415 	3105
f 3415 	3416 	3105
f 3105 	3416 	3106
f 3416 	3417 	3106
f 3106 	3417 	2798
f 3417 	3107 	2798
f 3107 	3418 	3108
f 3418 	3419 	3108
f 3108 	3419 	3109
f 3419 	3420 	3109
f 3109 	3420 	3110
f 3420 	3421 	3110
f 3110 	3421 	3111
f 3421 	3422 	3111
f 3111 	3422 	3112
f 3422 	3423 	3112
f 3112 	3423 	3113
f 3423 	3424 	3113
f 3113 	3424 	3114
f 3424 	3425 	3114
f 3114 	3425 	3115
f 3425 	3426 	3115
f 3115 	3426 	3116
f 3426 	3427 	3116
f 3116 	3427 	3117
f 3427 	3428 	3117
f 3117 	3428 	3118
f 3428 	3429 	3118
f 3118 	3429 	3119
f 3429 	3430 	3119
f 3119 	3430 	3120
f 3430 	3431 	3120
f 3120 	3431 	3121
f 3431 	3432 	3121
f 3121 	3432 	3122
f 3432 	3433 	3122
f 3122 	3433 	3123
f 3433 	3434 	3123
f 3123 	3434 	3124
f 3434 	3435 	3124
f 3124 	3435 	3125
f 3435 	3436 	3125
f 3125 	3436 	3126
f 3436 	3437 	3126
f 3126 	3437 	3127
f 3437 	3438 	3127
f 3127 	3438 	3128
f 3438 	3439 	3128
f 3128 	3439 	3129
f 3439 	3440 	3129
f 3129 	3440 	3130
f 3440 	3441 	3130
f 3130 	3441 	3131
f 3441 	3442 	3131
f 3131 	3442 	3132
f 3442 	3443 	3132
f 3132 	3443 	3133
f 3443 	3444 	3133
f 3133 	3444 	3134
f 3444 	3445 	3134
f 3134 	3445 	3135
f 3445 	3446 	3135
f 3135 	3446 	3136
f 3446 	3447 	3136
f 3136 	3447 	3137
f 3447 	3448 	3137
f 3137 	3448 	3138
f 3448 	3449 	3138
f 3138 	3449 	3139
f 3449 	3450 	3139
f 3139 	3450 	3140
f 3450 	3451 	3140
f 3140 	3451 	3141
f 3451 	3452 	3141
f 3141 	3452 	3142
f 3452 	3453 	3142
f 3142 	3453 	3143
f 3453 	3454 	3143
f 3143 	3454 	3144
f 3454 	3455 	3144
f 3144 	3455 	3145
f 3455 	3456 	3145
f 3145 	3456 	3146
f 3456 	3457 	3146
f 3146 	3457 	3147
f 3457 	3458 	3147
f 3147 	3458 	3148
f 3458 	3459 	3148
f 3148 	3459 	3149
f 3459 	3460 	3149
f 3149 	3460 	3150
f 3460 	3461 	3150
f 3150 	3461 	3151
f 3461 	3462 	3151
f 3151 	3462 	3152
f 3462 	3463 	3152
f 3152 	3463 	3153
f 3463 	3464 	3153
f 3153 	3464 	3154
f 3464 	3465 	3154
f 3154 	3465 	3155
f 3465 	3466 	3155
f 3155 	3466 	3156
f 3466 	3467 	3156
f 3156 	3467 	3157
f 3467 	3468 	3157
f 3157 	3468 	3158
f 3468 	3469 	3158
f 3158 	3469 	3159
f 3469 	3470 	3159
f 3159 	3470 	3160
f 3470 	3471 	3160
f 3160 	3471 	3161
f 3471 	3472 	3161
f 3161 	3472 	3162
f 3472 	3473 	3162
f 3162 	3473 	3163
f 3473 	3474 	3163
f 3163 	3474 	3164
f 3474 	3475 	3164
f 3164 	3475 	3165
f 3475 	3476 	3165
f 3165 	3476 	3166
f 3476 	3477 	3166
f 3166 	3477 	3167
f 3477 	3478 	3167
f 3167 	3478 	3168
f 3478 	3479 	3168
f 3168 	3479 	3169
f 3479 	3480 	3169
f 3169 	3480 	3170
f 3480 	3481 	3170
f 3170 	3481 	3171
f 3481 	3482 	3171
f 3171 	3482 	3172
f 3482 	3483 	3172
f 3172 	3483 	3173
f 3483 	3484 	3173
f 3173 	3484 	3174
f 3484 	3485 	3174
f 3174 	3485 	3175
f 3485 	3486 	3175
f 3175 	3486 	3176
f 3486 	3487 	3176
f 3176 	3487 	3177
f 3487 	3488 	3177
f 3177 	3488 	3178
f 3488 	3489 	3178
f 3178 	3489 	3179
f 3489 	3490 	3179
f 3179 	3490 	3180
f 3490 	3491 	3180
f 3180 	3491 	3181
f 3491 	3492 	3181
f 3181 	3492 	3182
f 3492 	3493 	3182
f 3182 	3493 	3183
f 3493 	3494 	3183
f 3183 	3494 	3184
f 3494 	3495 	3184
f 3184 	3495 	3185
f 3495 	3496 	3185
f 3185 	3496 	3186
f 3496 	3497 	3186
f 3186 	3497 	3187
f 3497 	3498 	3187
f 3187 	3498 	3188
f 3498 	3499 	3188
f 3188 	3499 	3189
f 3499 	3500 	3189
f 3189 	3500 	3190
f 3500 	3501 	3190
f 3190 	3501 	3191
f 3501 	3502 	3191
f 3191 	3502 	3192
f 3502 	3503 	3192
f 3192 	3503 	3193
f 3503 	3504 	3193
f 3193 	3504 	3194
f 3504 	3505 	3194
f 3194 	3505 	3195
f 3505 	3506 	3195
f 3195 	3506 	3196
f 3506 	3507 	3196
f 3196 	3507 	3197
f 3507 	3508 	3197
f 3197 	3508 	3198
f 3508 	3509 	3198
f 3198 	3509 	3199
f 3509 	3510 	3199
f 3199 	3510 	3200
f 3510 	3511 	3200
f 3200 	3511 	3201
f 3511 	3512 	3201
f 3201 	3512 	3202
f 3512 	3513 	3202
f 3202 	3513 	3203
f 3513 	3514 	3203
f 3203 	3514 	3204
f 3514 	3515 	3204
f 3204 	3515 	3205
f 3515 	3516 	3205
f 3205 	3516 	3206
f 3516 	3517 	3206
f 3206 	3517 	3207
f 3517 	3518 	3207
f 3207 	3518 	3208
f 3518 	3519 	3208
f 3208 	3519 	3209
f 3519 	3520 	3209
f 3209 	3520 	3210
f 3520 	3521 	3210
f 3210 	3521 	3211
f 3521 	3522 	3211
f 3211 	3522 	3212
f 3522 	3523 	3212
f 3212 	3523 	3213
f 3523 	3524 	3213
f 3213 	3524 	3214
f 3524 	3525 	3214
f 3214 	3525 	3215
f 3525 	3526 	3215
f 3215 	3526 	3216
f 3526 	3527 	3216
f 3216 	3527 	3217
f 3527 	3528 	3217
f 3217 	3528 	3218
f 3528 	3529 	3218
f 3218 	3529 	3219
f 3529 	3530 	3219
f 3219 	3530 	3220
f 3530 	3531 	3220
f 3220 	3531 	3221
f 3531 	3532 	3221
f 3221 	3532 	3222
f 3532 	3533 	3222
f 3222 	3533 	3223
f 3533 	3534 	3223
f 3223 	3534 	3224
f 3534 	3535 	3224
f 3224 	3535 	3225
f 3535 	3536 	3225
f 3225 	3536 	3226
f 3536 	3537 	3226
f 3226 	3537 	3227
f 3537 	3538 	3227
f 3227 	3538 	3228
f 3538 	3539 	3228
f 3228 	3539 	3229
f 3539 	3540 	3229
f 3229 	3540 	3230
f 3540 	3541 	3230
f 3230 	3541 	3231
f 3541 	3542 	3231
f 3231 	3542 	3232
f 3542 	3543 	3232
f 3232 	3543 	3233
f 3543 	3544 	3233
f 3233 	3544 	3234
f 3544 	3545 	3234
f 3234 	3545 	3235
f 3545 	3546 	3235
f 3235 	3546 	3236
f 3546 	3547 	3236
f 3236 	3547 	3237
f 3547 	3548 	3237
f 3237 	3548 	3238
f 3548 	3549 	3238
f 3238 	3549 	3239
f 3549 	3550 	3239
f 3239 	3550 	3240
f 3550 	3551 	3240
f 3240 	3551 	3241
f 3551 	3552 	3241
f 3241 	3552 	3242
f 3552 	3553 	3242
f 3242 	3553 	3243
f 3553 	3554 	3243
f 3243 	3554 	3244
f 3554 	3555 	3244
f 3244 	3555 	3245
f 3555 	3556 	3245
f 3245 	3556 	3246
f 3556 	3557 	3246
f 3246 	3557 	3247
f 3557 	3558 	3247
f 3247 	3558 	3248
f 3558 	3559 	3248
f 3248 	3559 	3249
f 3559 	3560 	3249
f 3249 	3560 	3250
f 3560 	3561 	3250
f 3250 	3561 	3251
f 3561 	3562 	3251
f 3251 	3562 	3252
f 3562 	3563 	3252
f 3252 	3563 	3253
f 3563 	3564 	3253
f 3253 	3564 	3254
f 3564 	3565 	3254
f 3254 	3565 	3255
f 3565 	3566 	3255
f 3255 	3566 	3256
f 3566 	3567 	3256
f 3256 	3567 	3257
f 3567 	3568 	3257
f 3257 	3568 	3258
f 3568 	3569 	3258
f 3258 	3569 	3259
f 3569 	3570 	3259
f 3259 	3570 	3260
f 3570 	3571 	3260
f 3260 	3571 	3261
f 3571 	3572 	3261
f 3261 	3572 	3262
f 3572 	3573 	3262
f 3262 	3573 	3263
f 3573 	3574 	3263
f 3263 	3574 	3264
f 3574 	3575 	3264
f 3264 	3575 	3265
f 3575 	3576 	3265
f 3265 	3576 	3266
f 3576 	3577 	3266
f 3266 	3577 	3267
f 3577 	3578 	3267
f 3267 	3578 	3268
f 3578 	3579 	3268
f 3268 	3579 	3269
f 3579 	3580 	3269
f 3269 	3580 	3270
f 3580 	3581 	3270
f 3270 	3581 	3271
f 3581 	3582 	3271
f 3271 	3582 	3272
f 3582 	3583 	3272
f 3272 	3583 	3273
f 3583 	3584 	3273
f 3273 	3584 	3274
f 3584 	3585 	3274
f 3274 	3585 	3275
f 3585 	3586 	3275
f 3275 	3586 	3276
f 3586 	3587 	3276
f 3276 	3587 	3277
f 3587 	3588 	3277
f 3277 	3588 	3278
f 3588 	3589 	3278
f 3278 	3589 	3279
f 3589 	3590 	3279
f 3279 	3590 	3280
f 3590 	3591 	3280
f 3280 	3591 	3281
f 3591 	3592 	3281
f 3281 	3592 	3282
f 3592 	3593 	3282
f 3282 	3593 	3283
f 3593 	3594 	3283
f 3283 	3594 	3284
f 3594 	3595 	3284
f 3284 	3595 	3285
f 3595 	3596 	3285
f 3285 	3596 	3286
f 3596 	3597 	3286
f 3286 	3597 	3287
f 3597 	3598 	3287
f 3287 	3598 	3288
f 3598 	3599 	3288
f 3288 	3599 	3289
f 3599 	3600 	3289
f 3289 	3600 	3290
f 3600 	3601 	3290
f 3290 	3601 	3291
f 3601 	3602 	3291
f 3291 	3602 	3292
f 3602 	3603 	3292
f 3292 	3603 	3293
f 3603 	3604 	3293
f 3293 	3604 	3294
f 3604 	3605 	3294
f 3294 	3605 	3295
f 3605 	3606 	3295
f 3295 	3606 	3296
f 3606 	3607 	3296
f 3296 	3607 	3297
f 3607 	3608 	3297
f 3297 	3608 	3298
f 3608 	3609 	3298
f 3298 	3609 	3299
f 3609 	3610 	3299
f 3299 	3610 	3300
f 3610 	3611 	3300
f 3300 	3611 	3301
f 3611 	3612 	3301
f 3301 	3612 	3302
f 3612 	3613 	3302
f 3302 	3613 	3303
f 3613 	3614 	3303
f 3303 	3614 	3304
f 3614 	3615 	3304
f 3304 	3615 	3305
f 3615 	3616 	3305
f 3305 	3616 	3306
f 3616 	3617 	3306
f 3306 	3617 	3307
f 3617 	3618 	3307
f 3307 	3618 	3308
f 3618 	3619 	3308
f 3308 	3619 	3309
f 3619 	3620 	3309
f 3309 	3620 	3310
f 3620 	3621 	3310
f 3310 	3621 	3311
f 3621 	3622 	3311
f 3311 	3622 	3312
f 3622 	3623 	3312
f 3312 	3623 	3313
f 3623 	3624 	3313
f 3313 	3624 	3314
f 3624 	3625 	3314
f 3314 	3625 	3315
f 3625 	3626 	3315
f 3315 	3626 	3316
f 3626 	3627 	3316
f 3316 	3627 	3317
f 3627 	3628 	3317
f 3317 	3628 	3318
f 3628 	3629 	3318
f 3318 	3629 	3319
f 3629 	3630 	3319
f 3319 	3630 	3320
f 3630 	3631 	3320
f 3320 	3631 	3321
f 3631 	3632 	3321
f 3321 	3632 	3322
f 3632 	3633 	3322
f 3322 	3633 	3323
f 3633 	3634 	3323
f 3323 	3634 	3324
f 3634 	3635 	3324
f 3324 	3635 	3325
f 3635 	3636 	3325
f 3325 	3636 	3326
f 3636 	3637 	3326
f 3326 	3637 	3327
f 3637 	3638 	3327
f 3327 	3638 	3328
f 3638 	3639 	3328
f 3328 	3639 	3329
f 3639 	3640 	3329
f 3329 	3640 	3330
f 3640 	3641 	3330
f 3330 	3641 	3331
f 3641 	3642 	3331
f 3331 	3642 	3332
f 3642 	3643 	3332
f 3332 	3643 	3333
f 3643 	3644 	3333
f 3333 	3644 	3334
f 3644 	3645 	3334
f 3334 	3645 	3335
f 3645 	3646 	3335
f 3335 	3646 	3336
f 3646 	3647 	3336
f 3336 	3647 	3337
f 3647 	3648 	3337
f 3337 	3648 	3338
f 3648 	3649 	3338
f 3338 	3649 	3339
f 3649 	3650 	3339
f 3339 	3650 	3340
f 3650 	3651 	3340
f 3340 	3651 	3341
f 3651 	3652 	3341
f 3341 	3652 	3342
f 3652 	3653 	3342
f 3342 	3653 	3343
f 3653 	3654 	3343
f 3343 	3654 	3344
f 3654 	3655 	3344
f 3344 	3655 	3345
f 3655 	3656 	3345
f 3345 	3656 	3346
f 3656 	3657 	3346
f 3346 	3657 	3347
f 3657 	3658 	3347
f 3347 	3658 	3348
f 3658 	3659 	3348
f 3348 	3659 	3349
f 3659 	3660 	3349
f 3349 	3660 	3350
f 3660 	3661 	3350
f 3350 	3661 	3351
f 3661 	3662 	3351
f 3351 	3662 	3352
f 3662 	3663 	3352
f 3352 	3663 	3353
f 3663 	3664 	3353
f 3353 	3664 	3354
f 3664 	3665 	3354
f 3354 	3665 	3355
f 3665 	3666 	3355
f 3355 	3666 	3356
f 3666 	3667 	3356
f 3356 	3667 	3357
f 3667 	3668 	3357
f 3357 	3668 	3358
f 3668 	3669 	3358
f 3358 	3669 	3359
f 3669 	3670 	3359
f 3359 	3670 	3360
f 3670 	3671 	3360
f 3360 	3671 	3361
f 3671 	3672 	3361
f 3361 	3672 	3362
f 3672 	3673 	3362
f 3362 	3673 	3363
f 3673 	3674 	3363
f 3363 	3674 	3364
f 3674 	3675 	3364
f 3364 	3675 	3365
f 3675 	3676 	3365
f 3365 	3676 	3366
f 3676 	3677 	3366
f 3366 	3677 	3367
f 3677 	3678 	3367
f 3367 	3678 	3368
f 3678 	3679 	3368
f 3368 	3679 	3369
f 3679 	3680 	3369
f 3369 	3680 	3370
f 3680 	3681 	3370
f 3370 	3681 	3371
f 3681 	3682 	3371
f 3371 	3682 	3372
f 3682 	3683 	3372
f 3372 	3683 	3373
f 3683 	3684 	3373
f 3373 	3684 	3374
f 3684 	3685 	3374
f 3374 	3685 	3375
f 3685 	3686 	3375
f 3375 	3686 	3376
f 3686 	3687 	3376
f 3376 	3687 	3377
f 3687 	3688 	3377
f 3377 	3688 	3378
f 3688 	3689 	3378
f 3378 	3689 	3379
f 3689 	3690 	3379
f 3379 	3690 	3380
f 3690 	3691 	3380
f 3380 	3691 	3381
f 3691 	3692 	3381
f 3381 	3692 	3382
f 3692 	3693 	3382
f 3382 	3693 	3383
f 3693 	3694 	3383
f 3383 	3694 	3384
f 3694 	3695 	3384
f 3384 	3695 	3385
f 3695 	3696 	3385
f 3385 	3696 	3386
f 3696 	3697 	3386
f 3386 	3697 	3387
f 3697 	3698 	3387
f 3387 	3698 	3388
f 3698 	3699 	3388
f 3388 	3699 	3389
f 3699 	3700 	3389
f 3389 	3700 	3390
f 3700 	3701 	3390
f 3390 	3701 	3391
f 3701 	3702 	3391
f 3391 	3702 	3392
f 3702 	3703 	3392
f 3392 	3703 	3393
f 3703 	3704 	3393
f 3393 	3704 	3394
f 3704 	3705 	3394
f 3394 	3705 	3395
f 3705 	3706 	3395
f 3395 	3706 	3396
f 3706 	3707 	3396
f 3396 	3707 	3397
f 3707 	3708 	3397
f 3397 	3708 	3398
f 3708 	3709 	3398
f 3398 	3709 	3399
f 3709 	3710 	3399
f 3399 	3710 	3400
f 3710 	3711 	3400
f 3400 	3711 	3401
f 3711 	3712 	3401
f 3401 	3712 	3402
f 3712 	3713 	3402
f 3402 	3713 	3403
f 3713 	3714 	3403
f 3403 	3714 	3404
f 3714 	3715 	3404
f 3404 	3715 	3405
f 3715 	3716 	3405
f 3405 	3716 	3406
f 3716 	3406 	3406
f 602 	3407 	3407
f 3407 	3717 	3408
f 3408 	3717 	3409
f 3717 	3718 	3409
f 3409 	3718 	3410
f 3718 	3719 	3410
f 3410 	3719 	3411
f 3719 	3720 	3411
f 3411 	3720 	3412
f 3720 	3721 	3412
f 3412 	3721 	3413
f 3721 	3722 	3413
f 3413 	3722 	3414
f 3722 	3723 	3414
f 3414 	3723 	3415
f 3723 	3724 	3415
f 3415 	3724 	3416
f 3724 	3725 	3416
f 3416 	3725 	3417
f 3725 	3726 	3417
f 3417 	3726 	3107
f 3726 	3418 	3107
f 3418 	3727 	3419
f 3727 	3728 	3419
f 3419 	3728 	3420
f 3728 	3729 	3420
f 3420 	3729 	3421
f 3729 	3730 	3421
f 3421 	3730 	3422
f 3730 	3731 	3422
f 3422 	3731 	3423
f 3731 	3732 	3423
f 3423 	3732 	3424
f 3732 	3733 	3424
f 3424 	3733 	3425
f 3733 	3734 	3425
f 3425 	3734 	3426
f 3734 	3735 	3426
f 3426 	3735 	3427
f 3735 	3736 	3427
f 3427 	3736 	3428
f 3736 	3737 	3428
f 3428 	3737 	3429
f 3737 	3738 	3429
f 3429 	3738 	3430
f 3738 	3739 	3430
f 3430 	3739 	3431
f 3739 	3740 	3431
f 3431 	3740 	3432
f 3740 	3741 	3432
f 3432 	3741 	3433
f 3741 	3742 	3433
f 3433 	3742 	3434
f 3742 	3743 	3434
f 3434 	3743 	3435
f 3743 	3744 	3435
f 3435 	3744 	3436
f 3744 	3745 	3436
f 3436 	3745 	3437
f 3745 	3746 	3437
f 3437 	3746 	3438
f 3746 	3747 	3438
f 3438 	3747 	3439
f 3747 	3748 	3439
f 3439 	3748 	3440
f 3748 	3749 	3440
f 3440 	3749 	3441
f 3749 	3750 	3441
f 3441 	3750 	3442
f 3750 	3751 	3442
f 3442 	3751 	3443
f 3751 	3752 	3443
f 3443 	3752 	3444
f 3752 	3753 	3444
f 3444 	3753 	3445
f 3753 	3754 	3445
f 3445 	3754 	3446
f 3754 	3755 	3446
f 3446 	3755 	3447
f 3755 	3756 	3447
f 3447 	3756 	3448
f 3756 	3757 	3448
f 3448 	3757 	3449
f 3757 	3758 	3449
f 3449 	3758 	3450
f 3758 	3759 	3450
f 3450 	3759 	3451
f 3759 	3760 	3451
f 3451 	3760 	3452
f 3760 	3761 	3452
f 3452 	3761 	3453
f 3761 	3762 	3453
f 3453 	3762 	3454
f 3762 	3763 	3454
f 3454 	3763 	3455
f 3763 	3764 	3455
f 3455 	3764 	3456
f 3764 	3765 	3456
f 3456 	3765 	3457
f 3765 	3766 	3457
f 3457 	3766 	3458
f 3766 	3767 	3458
f 3458 	3767 	3459
f 3767 	3768 	3459
f 3459 	3768 	3460
f 3768 	3769 	3460
f 3460 	3769 	3461
f 3769 	3770 	3461
f 3461 	3770 	3462
f 3770 	3771 	3462
f 3462 	3771 	3463
f 3771 	3772 	3463
f 3463 	3772 	3464
f 3772 	3773 	3464
f 3464 	3773 	3465
f 3773 	3774 	3465
f 3465 	3774 	3466
f 3774 	3775 	3466
f 3466 	3775 	3467
f 3775 	3776 	3467
f 3467 	3776 	3468
f 3776 	3777 	3468
f 3468 	3777 	3469
f 3777 	3778 	3469
f 3469 	3778 	3470
f 3778 	3779 	3470
f 3470 	3779 	3471
f 3779 	3780 	3471
f 3471 	3780 	3472
f 3780 	3781 	3472
f 3472 	3781 	3473
f 3781 	3782 	3473
f 3473 	3782 	3474
f 3782 	3783 	3474
f 3474 	3783 	3475
f 3783 	3784 	3475
f 3475 	3784 	3476
f 3784 	3785 	3476
f 3476 	3785 	3477
f 3785 	3786 	3477
f 3477 	3786 	3478
f 3786 	3787 	3478
f 3478 	3787 	3479
f 3787 	3788 	3479
f 3479 	3788 	3480
f 3788 	3789 	3480
f 3480 	3789 	3481
f 3789 	3790 	3481
f 3481 	3790 	3482
f 3790 	3791 	3482
f 3482 	3791 	3483
f 3791 	3792 	3483
f 3483 	3792 	3484
f 3792 	3793 	3484
f 3484 	3793 	3485
f 3793 	3794 	3485
f 3485 	3794 	3486
f 3794 	3795 	3486
f 3486 	3795 	3487
f 3795 	3796 	3487
f 3487 	3796 	3488
f 3796 	3797 	3488
f 3488 	3797 	3489
f 3797 	3798 	3489
f 3489 	3798 	3490
f 3798 	3799 	3490
f 3490 	3799 	3491
f 3799 	3800 	3491
f 3491 	3800 	3492
f 3800 	3801 	3492
f 3492 	3801 	3493
f 3801 	3802 	3493
f 3493 	3802 	3494
f 3802 	3803 	3494
f 3494 	3803 	3495
f 3803 	3804 	3495
f 3495 	3804 	3496
f 3804 	3805 	3496
f 3496 	3805 	3497
f 3805 	3806 	3497
f 3497 	3806 	3498
f 3806 	3807 	3498
f 3498 	3807 	3499
f 3807 	3808 	3499
f 3499 	3808 	3500
f 3808 	3809 	3500
f 3500 	3809 	3501
f 3809 	3810 	3501
f 3501 	3810 	3502
f 3810 	3811 	3502
f 3502 	3811 	3503
f 3811 	3812 	3503
f 3503 	3812 	3504
f 3812 	3813 	3504
f 3504 	3813 	3505
f 3813 	3814 	3505
f 3505 	3814 	3506
f 3814 	3815 	3506
f 3506 	3815 	3507
f 3815 	3816 	3507
f 3507 	3816 	3508
f 3816 	3817 	3508
f 3508 	3817 	3509
f 3817 	3818 	3509
f 3509 	3818 	3510
f 3818 	3819 	3510
f 3510 	3819 	3511
f 3819 	3820 	3511
f 3511 	3820 	3512
f 3820 	3821 	3512
f 3512 	3821 	3513
f 3821 	3822 	3513
f 3513 	3822 	3514
f 3822 	3823 	3514
f 3514 	3823 	3515
f 3823 	3824 	3515
f 3515 	3824 	3516
f 3824 	3825 	3516
f 3516 	3825 	3517
f 3825 	3826 	3517
f 3517 	3826 	3518
f 3826 	3827 	3518
f 3518 	3827 	3519
f 3827 	3828 	3519
f 3519 	3828 	3520
f 3828 	3829 	3520
f 3520 	3829 	3521
f 3829 	3830 	3521
f 3521 	3830 	3522
f 3830 	3831 	3522
f 3522 	3831 	3523
f 3831 	3832 	3523
f 3523 	3832 	3524
f 3832 	3833 	3524
f 3524 	3833 	3525
f 3833 	3834 	3525
f 3525 	3834 	3526
f 3834 	3835 	3526
f 3526 	3835 	3527
f 3835 	3836 	3527
f 3527 	3836 	3528
f 3836 	3837 	3528
f 3528 	3837 	3529
f 3837 	3838 	3529
f 3529 	3838 	3530
f 3838 	3839 	3530
f 3530 	3839 	3531
f 3839 	3840 	3531
f 3531 	3840 	3532
f 3840 	3841 	3532
f 3532 	3841 	3533
f 3841 	3842 	3533
f 3533 	3842 	3534
f 3842 	3843 	3534
f 3534 	3843 	3535
f 3843 	3844 	3535
f 3535 	3844 	3536
f 3844 	3845 	3536
f 3536 	3845 	3537
f 3845 	3846 	3537
f 3537 	3846 	3538
f 3846 	3847 	3538
f 3538 	3847 	3539
f 3847 	3848 	3539
f 3539 	3848 	3540
f 3848 	3849 	3540
f 3540 	3849 	3541
f 3849 	3850 	3541
f 3541 	3850 	3542
f 3850 	3851 	3542
f 3542 	3851 	3543
f 3851 	3852 	3543
f 3543 	3852 	3544
f 3852 	3853 	3544
f 3544 	3853 	3545
f 3853 	3854 	3545
f 3545 	3854 	3546
f 3854 	3855 	3546
f 3546 	3855 	3547
f 3855 	3856 	3547
f 3547 	3856 	3548
f 3856 	3857 	3548
f 3548 	3857 	3549
f 3857 	3858 	3549
f 3549 	3858 	3550
f 3858 	3859 	3550
f 3550 	3859 	3551
f 3859 	3860 	3551
f 3551 	3860 	3552
f 3860 	3861 	3552
f 3552 	3861 	3553
f 3861 	3862 	3553
f 3553 	3862 	3554
f 3862 	3863 	3554
f 3554 	3863 	3555
f 3863 	3864 	3555
f 3555 	3864 	3556
f 3864 	3865 	3556
f 3556 	3865 	3557
f 3865 	3866 	3557
f 3557 	3866 	3558
f 3866 	3867 	3558
f 3558 	3867 	3559
f 3867 	3868 	3559
f 3559 	3868 	3560
f 3868 	3869 	3560
f 3560 	3869 	3561
f 3869 	3870 	3561
f 3561 	3870 	3562
f 3870 	3871 	3562
f 3562 	3871 	3563
f 3871 	3872 	3563
f 3563 	3872 	3564
f 3872 	3873 	3564
f 3564 	3873 	3565
f 3873 	3874 	3565
f 3565 	3874 	3566
f 3874 	3875 	3566
f 3566 	3875 	3567
f 3875 	3876 	3567
f 3567 	3876 	3568
f 3876 	3877 	3568
f 3568 	3877 	3569
f 3877 	3878 	3569
f 3569 	3878 	3570
f 3878 	3879 	3570
f 3570 	3879 	3571
f 3879 	3880 	3571
f 3571 	3880 	3572
f 3880 	3881 	3572
f 3572 	3881 	3573
f 3881 	3882 	3573
f 3573 	3882 	3574
f 3882 	3883 	3574
f 3574 	3883 	3575
f 3883 	3884 	3575
f 3575 	3884 	3576
f 3884 	3885 	3576
f 3576 	3885 	3577
f 3885 	3886 	3577
f 3577 	3886 	3578
f 3886 	3887 	3578
f 3578 	3887 	3579
f 3887 	3888 	3579
f 3579 	3888 	3580
f 3888 	3889 	3580
f 3580 	3889 	3581
f 3889 	3890 	3581
f 3581 	3890 	3582
f 3890 	3891 	3582
f 3582 	3891 	3583
f 3891 	3892 	3583
f 3583 	3892 	3584
f 3892 	3893 	3584
f 3584 	3893 	3585
f 3893 	3894 	3585
f 3585 	3894 	3586
f 3894 	3895 	3586
f 3586 	3895 	3587
f 3895 	3896 	3587
f 3587 	3896 	3588
f 3896 	3897 	3588
f 3588 	3897 	3589
f 3897 	3898 	3589
f 3589 	3898 	3590
f 3898 	3899 	3590
f 3590 	3899 	3591
f 3899 	3900 	3591
f 3591 	3900 	3592
f 3900 	3901 	3592
f 3592 	3901 	3593
f 3901 	3902 	3593
f 3593 	3902 	3594
f 3902 	3903 	3594
f 3594 	3903 	3595
f 3903 	3904 	3595
f 3595 	3904 	3596
f 3904 	3905 	3596
f 3596 	3905 	3597
f 3905 	3906 	3597
f 3597 	3906 	3598
f 3906 	3907 	3598
f 3598 	3907 	3599
f 3907 	3908 	3599
f 3599 	3908 	3600
f 3908 	3909 	3600
f 3600 	3909 	3601
f 3909 	3910 	3601
f 3601 	3910 	3602
f 3910 	3911 	3602
f 3602 	3911 	3603
f 3911 	3912 	3603
f 3603 	3912 	3604
f 3912 	3913 	3604
f 3604 	3913 	3605
f 3913 	3914 	3605
f 3605 	3914 	3606
f 3914 	3915 	3606
f 3606 	3915 	3607
f 3915 	3916 	3607
f 3607 	3916 	3608
f 3916 	3917 	3608
f 3608 	3917 	3609
f 3917 	3918 	3609
f 3609 	3918 	3610
f 3918 	3919 	3610
f 3610 	3919 	3611
f 3919 	3920 	3611
f 3611 	3920 	3612
f 3920 	3921 	3612
f 3612 	3921 	3613
f 3921 	3922 	3613
f 3613 	3922 	3614
f 3922 	3923 	3614
f 3614 	3923 	3615
f 3923 	3924 	3615
f 3615 	3924 	3616
f 3924 	3925 	3616
f 3616 	3925 	3617
f 3925 	3926 	3617
f 3617 	3926 	3618
f 3926 	3927 	3618
f 3618 	3927 	3619
f 3927 	3928 	3619
f 3619 	3928 	3620
f 3928 	3929 	3620
f 3620 	3929 	3621
f 3929 	3930 	3621
f 3621 	3930 	3622
f 3930 	3931 	3622
f 3622 	3931 	3623
f 3931 	3932 	3623
f 3623 	3932 	3624
f 3932 	3933 	3624
f 3624 	3933 	3625
f 3933 	3934 	3625
f 3625 	3934 	3626
f 3934 	3935 	3626
f 3626 	3935 	3627
f 3935 	3936 	3627
f 3627 	3936 	3628
f 3936 	3937 	3628
f 3628 	3937 	3629
f 3937 	3938 	3629
f 3629 	3938 	3630
f 3938 	3939 	3630
f 3630 	3939 	3631
f 3939 	3940 	3631
f 3631 	3940 	3632
f 3940 	3941 	3632
f 3632 	3941 	3633
f 3941 	3942 	3633
f 3633 	3942 	3634
f 3942 	3943 	3634
f 3634 	3943 	3635
f 3943 	3944 	3635
f 3635 	3944 	3636
f 3944 	3945 	3636
f 3636 	3945 	3637
f 3945 	3946 	3637
f 3637 	3946 	3638
f 3946 	3947 	3638
f 3638 	3947 	3639
f 3947 	3948 	3639
f 3639 	3948 	3640
f 3948 	3949 	3640
f 3640 	3949 	3641
f 3949 	3950 	3641
f 3641 	3950 	3642
f 3950 	3951 	3642
f 3642 	3951 	3643
f 3951 	3952 	3643
f 3643 	3952 	3644
f 3952 	3953 	3644
f 3644 	3953 	3645
f 3953 	3954 	3645
f 3645 	3954 	3646
f 3954 	3955 	3646
f 3646 	3955 	3647
f 3955 	3956 	3647
f 3647 	3956 	3648
f 3956 	3957 	3648
f 3648 	3957 	3649
f 3957 	3958 	3649
f 3649 	3958 	3650
f 3958 	3959 	3650
f 3650 	3959 	3651
f 3959 	3960 	3651
f 3651 	3960 	3652
f 3960 	3961 	3652
f 3652 	3961 	3653
f 3961 	3962 	3653
f 3653 	3962 	3654
f 3962 	3963 	3654
f 3654 	3963 	3655
f 3963 	3964 	3655
f 3655 	3964 	3656
f 3964 	3965 	3656
f 3656 	3965 	3657
f 3965 	3966 	3657
f 3657 	3966 	3658
f 3966 	3967 	3658
f 3658 	3967 	3659
f 3967 	3968 	3659
f 3659 	3968 	3660
f 3968 	3969 	3660
f 3660 	3969 	3661
f 3969 	3970 	3661
f 3661 	3970 	3662
f 3970 	3971 	3662
f 3662 	3971 	3663
f 3971 	3972 	3663
f 3663 	3972 	3664
f 3972 	3973 	3664
f 3664 	3973 	3665
f 3973 	3974 	3665
f 3665 	3974 	3666
f 3974 	3975 	3666
f 3666 	3975 	3667
f 3975 	3976 	3667
f 3667 	3976 	3668
f 3976 	3977 	3668
f 3668 	3977 	3669
f 3977 	3978 	3669
f 3669 	3978 	3670
f 3978 	3979 	3670
f 3670 	3979 	3671
f 3979 	3980 	3671
f 3671 	3980 	3672
f 3980 	3981 	3672
f 3672 	3981 	3673
f 3981 	3982 	3673
f 3673 	3982 	3674
f 3982 	3983 	3674
f 3674 	3983 	3675
f 3983 	3984 	3675
f 3675 	3984 	3676
f 3984 	3985 	3676
f 3676 	3985 	3677
f 3985 	3986 	3677
f 3677 	3986 	3678
f 3986 	3987 	3678
f 3678 	3987 	3679
f 3987 	3988 	3679
f 3679 	3988 	3680
f 3988 	3989 	3680
f 3680 	3989 	3681
f 3989 	3990 	3681
f 3681 	3990 	3682
f 3990 	3991 	3682
f 3682 	3991 	3683
f 3991 	3992 	3683
f 3683 	3992 	3684
f 3992 	3993 	3684
f 3684 	3993 	3685
f 3993 	3994 	3685
f 3685 	3994 	3686
f 3994 	3995 	3686
f 3686 	3995 	3687
f 3995 	3996 	3687
f 3687 	3996 	3688
f 3996 	3997 	3688
f 3688 	3997 	3689
f 3997 	3998 	3689
f 3689 	3998 	3690
f 3998 	3999 	3690
f 3690 	3999 	3691
f 3999 	4000 	3691
f 3691 	4000 	3692
f 4000 	4001 	3692
f 3692 	4001 	3693
f 4001 	4002 	3693
f 3693 	4002 	3694
f 4002 	4003 	3694
f 3694 	4003 	3695
f 4003 	4004 	3695
f 3695 	4004 	3696
f 4004 	4005 	3696
f 3696 	4005 	3697
f 4005 	4006 	3697
f 3697 	4006 	3698
f 4006 	4007 	3698
f 3698 	4007 	3699
f 4007 	4008 	3699
f 3699 	4008 	3700
f 4008 	4009 	3700
f 3700 	4009 	3701
f 4009 	4010 	3701
f 3701 	4010 	3702
f 4010 	4011 	3702
f 3702 	4011 	3703
f 4011 	4012 	3703
f 3703 	4012 	3704
f 4012 	4013 	3704
f 3704 	4013 	3705
f 4013 	4014 	3705
f 3705 	4014 	3706
f 4014 	4015 	3706
f 3706 	4015 	3707
f 4015 	4016 	3707
f 3707 	4016 	3708
f 4016 	4017 	3708
f 3708 	4017 	3709
f 4017 	4018 	3709
f 3709 	4018 	3710
f 4018 	4019 	3710
f 3710 	4019 	3711
f 4019 	4020 	3711
f 3711 	4020 	3712
f 4020 	4021 	3712
f 3712 	4021 	3713
f 4021 	4022 	3713
f 3713 	4022 	3714
f 4022 	4023 	3714
f 3714 	4023 	3715
f 4023 	4024 	3715
f 3715 	4024 	3716
f 4024 	4025 	3716
f 3716 	4025 	3406
f 4025 	4026 	3406
f 3406 	4026 	601
f 602 	4027 	3407
f 3407 	4027 	3717
f 4027 	4028 	3717
f 3717 	4028 	3718
f 4028 	4029 	3718
f 3718 	4029 	3719
f 4029 	4030 	3719
f 3719 	4030 	3720
f 4030 	4031 	3720
f 3720 	4031 	3721
f 4031 	4032 	3721
f 3721 	4032 	3722
f 4032 	4033 	3722
f 3722 	4033 	3723
f 4033 	4034 	3723
f 3723 	4034 	3724
f 4034 	4035 	3724
f 3724 	4035 	3725
f 4035 	4036 	3725
f 3725 	4036 	3726
f 4036 	4037 	3726
f 3726 	4037 	3418
f 4037 	3727 	3418
f 3727 	4038 	3728
f 4038 	4039 	3728
f 3728 	4039 	3729
f 4039 	4040 	3729
f 3729 	4040 	3730
f 4040 	4041 	3730
f 3730 	4041 	3731
f 4041 	4042 	3731
f 3731 	4042 	3732
f 4042 	4043 	3732
f 3732 	4043 	3733
f 4043 	4044 	3733
f 3733 	4044 	3734
f 4044 	4045 	3734
f 3734 	4045 	3735
f 4045 	4046 	3735
f 3735 	4046 	3736
f 4046 	4047 	3736
f 3736 	4047 	3737
f 4047 	4048 	3737
f 3737 	4048 	3738
f 4048 	4049 	3738
f 3738 	4049 	3739
f 4049 	4050 	3739
f 3739 	4050 	3740
f 4050 	4051 	3740
f 3740 	4051 	3741
f 4051 	4052 	3741
f 3741 	4052 	3742
f 4052 	4053 	3742
f 3742 	4053 	3743
f 4053 	4054 	3743
f 3743 	4054 	3744
f 4054 	4055 	3744
f 3744 	4055 	3745
f 4055 	4056 	3745
f 3745 	4056 	3746
f 4056 	4057 	3746
f 3746 	4057 	3747
f 4057 	4058 	3747
f 3747 	4058 	3748
f 4058 	4059 	3748
f 3748 	4059 	3749
f 4059 	4060 	3749
f 3749 	4060 	3750
f 4060 	4061 	3750
f 3750 	4061 	3751
f 4061 	4062 	3751
f 3751 	4062 	3752
f 4062 	4063 	3752
f 3752 	4063 	3753
f 4063 	4064 	3753
f 3753 	4064 	3754
f 4064 	4065 	3754
f 3754 	4065 	3755
f 4065 	4066 	3755
f 3755 	4066 	3756
f 4066 	4067 	3756
f 3756 	4067 	3757
f 4067 	4068 	3757
f 3757 	4068 	3758
f 4068 	4069 	3758
f 3758 	4069 	3759
f 4069 	4070 	3759
f 3759 	4070 	3760
f 4070 	4071 	3760
f 3760 	4071 	3761
f 4071 	4072 	3761
f 3761 	4072 	3762
f 4072 	4073 	3762
f 3762 	4073 	3763
f 4073 	4074 	3763
f 3763 	4074 	3764
f 4074 	4075 	3764
f 3764 	4075 	3765
f 4075 	4076 	3765
f 3765 	4076 	3766
f 4076 	4077 	3766
f 3766 	4077 	3767
f 4077 	4078 	3767
f 3767 	4078 	3768
f 4078 	4079 	3768
f 3768 	4079 	3769
f 4079 	4080 	3769
f 3769 	4080 	3770
f 4080 	4081 	3770
f 3770 	4081 	3771
f 4081 	4082 	3771
f 3771 	4082 	3772
f 4082 	4083 	3772
f 3772 	4083 	3773
f 4083 	4084 	3773
f 3773 	4084 	3774
f 4084 	4085 	3774
f 3774 	4085 	3775
f 4085 	4086 	3775
f 3775 	4086 	3776
f 4086 	4087 	3776
f 3776 	4087 	3777
f 4087 	4088 	3777
f 3777 	4088 	3778
f 4088 	4089 	3778
f 3778 	4089 	3779
f 4089 	4090 	3779
f 3779 	4090 	3780
f 4090 	4091 	3780
f 3780 	4091 	3781
f 4091 	4092 	3781
f 3781 	4092 	3782
f 4092 	4093 	3782
f 3782 	4093 	3783
f 4093 	4094 	3783
f 3783 	4094 	3784
f 4094 	4095 	3784
f 3784 	4095 	3785
f 4095 	4096 	3785
f 3785 	4096 	3786
f 4096 	4097 	3786
f 3786 	4097 	3787
f 4097 	4098 	3787
f 3787 	4098 	3788
f 4098 	4099 	3788
f 3788 	4099 	3789
f 4099 	4100 	3789
f 3789 	4100 	3790
f 4100 	4101 	3790
f 3790 	4101 	3791
f 4101 	4102 	3791
f 3791 	4102 	3792
f 4102 	4103 	3792
f 3792 	4103 	3793
f 4103 	4104 	3793
f 3793 	4104 	3794
f 4104 	4105 	3794
f 3794 	4105 	3795
f 4105 	4106 	3795
f 3795 	4106 	3796
f 4106 	4107 	3796
f 3796 	4107 	3797
f 4107 	4108 	3797
f 3797 	4108 	3798
f 4108 	4109 	3798
f 3798 	4109 	3799
f 4109 	4110 	3799
f 3799 	4110 	3800
f 4110 	4111 	3800
f 3800 	4111 	3801
f 4111 	4112 	3801
f 3801 	4112 	3802
f 4112 	4113 	3802
f 3802 	4113 	3803
f 4113 	4114 	3803
f 3803 	4114 	3804
f 4114 	4115 	3804
f 3804 	4115 	3805
f 4115 	4116 	3805
f 3805 	4116 	3806
f 4116 	4117 	3806
f 3806 	4117 	3807
f 4117 	4118 	3807
f 3807 	4118 	3808
f 4118 	4119 	3808
f 3808 	4119 	3809
f 4119 	4120 	3809
f 3809 	4120 	3810
f 4120 	4121 	3810
f 3810 	4121 	3811
f 4121 	4122 	3811
f 3811 	4122 	3812
f 4122 	4123 	3812
f 3812 	4123 	3813
f 4123 	4124 	3813
f 3813 	4124 	3814
f 4124 	4125 	3814
f 3814 	4125 	3815
f 4125 	4126 	3815
f 3815 	4126 	3816
f 4126 	4127 	3816
f 3816 	4127 	3817
f 4127 	4128 	3817
f 3817 	4128 	3818
f 4128 	4129 	3818
f 3818 	4129 	3819
f 4129 	4130 	3819
f 3819 	4130 	3820
f 4130 	4131 	3820
f 3820 	4131 	3821
f 4131 	4132 	3821
f 3821 	4132 	3822
f 4132 	4133 	3822
f 3822 	4133 	3823
f 4133 	4134 	3823
f 3823 	4134 	3824
f 4134 	4135 	3824
f 3824 	4135 	3825
f 4135 	4136 	3825
f 3825 	4136 	3826
f 4136 	4137 	3826
f 3826 	4137 	3827
f 4137 	4138 	3827
f 3827 	4138 	3828
f 4138 	4139 	3828
f 3828 	4139 	3829
f 4139 	4140 	3829
f 3829 	4140 	3830
f 4140 	4141 	3830
f 3830 	4141 	3831
f 4141 	4142 	3831
f 3831 	4142 	3832
f 4142 	4143 	3832
f 3832 	4143 	3833
f 4143 	4144 	3833
f 3833 	4144 	3834
f 4144 	4145 	3834
f 3834 	4145 	3835
f 4145 	4146 	3835
f 3835 	4146 	3836
f 4146 	4147 	3836
f 3836 	4147 	3837
f 4147 	4148 	3837
f 3837 	4148 	3838
f 4148 	4149 	3838
f 3838 	4149 	3839
f 4149 	4150 	3839
f 3839 	4150 	3840
f 4150 	4151 	3840
f 3840 	4151 	3841
f 4151 	4152 	3841
f 3841 	4152 	3842
f 4152 	4153 	3842
f 3842 	4153 	3843
f 4153 	4154 	3843
f 3843 	4154 	3844
f 4154 	4155 	3844
f 3844 	4155 	3845
f 4155 	4156 	3845
f 3845 	4156 	3846
f 4156 	4157 	3846
f 3846 	4157 	3847
f 4157 	4158 	3847
f 3847 	4158 	3848
f 4158 	4159 	3848
f 3848 	4159 	3849
f 4159 	4160 	3849
f 3849 	4160 	3850
f 4160 	4161 	3850
f 3850 	4161 	3851
f 4161 	4162 	3851
f 3851 	4162 	3852
f 4162 	4163 	3852
f 3852 	4163 	3853
f 4163 	4164 	3853
f 3853 	4164 	3854
f 4164 	4165 	3854
f 3854 	4165 	3855
f 4165 	4166 	3855
f 3855 	4166 	3856
f 4166 	4167 	3856
f 3856 	4167 	3857
f 4167 	4168 	3857
f 3857 	4168 	3858
f 4168 	4169 	3858
f 3858 	4169 	3859
f 4169 	4170 	3859
f 3859 	4170 	3860
f 4170 	4171 	3860
f 3860 	4171 	3861
f 4171 	4172 	3861
f 3861 	4172 	3862
f 4172 	4173 	3862
f 3862 	4173 	3863
f 4173 	4174 	3863
f 3863 	4174 	3864
f 4174 	4175 	3864
f 3864 	4175 	3865
f 4175 	4176 	3865
f 3865 	4176 	3866
f 4176 	4177 	3866
f 3866 	4177 	3867
f 4177 	4178 	3867
f 3867 	4178 	3868
f 4178 	4179 	3868
f 3868 	4179 	3869
f 4179 	4180 	3869
f 3869 	4180 	3870
f 4180 	4181 	3870
f 3870 	4181 	3871
f 4181 	4182 	3871
f 3871 	4182 	3872
f 4182 	4183 	3872
f 3872 	4183 	3873
f 4183 	4184 	3873
f 3873 	4184 	3874
f 4184 	4185 	3874
f 3874 	4185 	3875
f 4185 	4186 	3875
f 3875 	4186 	3876
f 4186 	4187 	3876
f 3876 	4187 	3877
f 4187 	4188 	3877
f 3877 	4188 	3878
f 4188 	4189 	3878
f 3878 	4189 	3879
f 4189 	4190 	3879
f 3879 	4190 	3880
f 4190 	4191 	3880
f 3880 	4191 	3881
f 4191 	4192 	3881
f 3881 	4192 	3882
f 4192 	4193 	3882
f 3882 	4193 	3883
f 4193 	4194 	3883
f 3883 	4194 	3884
f 4194 	4195 	3884
f 3884 	4195 	3885
f 4195 	4196 	3885
f 3885 	4196 	3886
f 4196 	4197 	3886
f 3886 	4197 	3887
f 4197 	4198 	3887
f 3887 	4198 	3888
f 4198 	4199 	3888
f 3888 	4199 	3889
f 4199 	4200 	3889
f 3889 	4200 	3890
f 4200 	4201 	3890
f 3890 	4201 	3891
f 4201 	4202 	3891
f 3891 	4202 	3892
f 4202 	4203 	3892
f 3892 	4203 	3893
f 4203 	4204 	3893
f 3893 	4204 	3894
f 4204 	4205 	3894
f 3894 	4205 	3895
f 4205 	4206 	3895
f 3895 	4206 	3896
f 4206 	4207 	3896
f 3896 	4207 	3897
f 4207 	4208 	3897
f 3897 	4208 	3898
f 4208 	4209 	3898
f 3898 	4209 	3899
f 4209 	4210 	3899
f 3899 	4210 	3900
f 4210 	4211 	3900
f 3900 	4211 	3901
f 4211 	4212 	3901
f 3901 	4212 	3902
f 4212 	4213 	3902
f 3902 	4213 	3903
f 4213 	4214 	3903
f 3903 	4214 	3904
f 4214 	4215 	3904
f 3904 	4215 	3905
f 4215 	4216 	3905
f 3905 	4216 	3906
f 4216 	4217 	3906
f 3906 	4217 	3907
f 4217 	4218 	3907
f 3907 	4218 	3908
f 4218 	4219 	3908
f 3908 	4219 	3909
f 4219 	4220 	3909
f 3909 	4220 	3910
f 4220 	4221 	3910
f 3910 	4221 	3911
f 4221 	4222 	3911
f 3911 	4222 	3912
f 4222 	4223 	3912
f 3912 	4223 	3913
f 4223 	4224 	3913
f 3913 	4224 	3914
f 4224 	4225 	3914
f 3914 	4225 	3915
f 4225 	4226 	3915
f 3915 	4226 	3916
f 4226 	4227 	3916
f 3916 	4227 	3917
f 4227 	4228 	3917
f 3917 	4228 	3918
f 4228 	4229 	3918
f 3918 	4229 	3919
f 4229 	4230 	3919
f 3919 	4230 	3920
f 4230 	4231 	3920
f 3920 	4231 	3921
f 4231 	4232 	3921
f 3921 	4232 	3922
f 4232 	4233 	3922
f 3922 	4233 	3923
f 4233 	4234 	3923
f 3923 	4234 	3924
f 4234 	4235 	3924
f 3924 	4235 	3925
f 4235 	4236 	3925
f 3925 	4236 	3926
f 4236 	4237 	3926
f 3926 	4237 	3927
f 4237 	4238 	3927
f 3927 	4238 	3928
f 4238 	4239 	3928
f 3928 	4239 	3929
f 4239 	4240 	3929
f 3929 	4240 	3930
f 4240 	4241 	3930
f 3930 	4241 	3931
f 4241 	4242 	3931
f 3931 	4242 	3932
f 4242 	4243 	3932
f 3932 	4243 	3933
f 4243 	4244 	3933
f 3933 	4244 	3934
f 4244 	4245 	3934
f 3934 	4245 	3935
f 4245 	4246 	3935
f 3935 	4246 	3936
f 4246 	4247 	3936
f 3936 	4247 	3937
f 4247 	4248 	3937
f 3937 	4248 	3938
f 4248 	4249 	3938
f 3938 	4249 	3939
f 4249 	4250 	3939
f 3939 	4250 	3940
f 4250 	4251 	3940
f 3940 	4251 	3941
f 4251 	4252 	3941
f 3941 	4252 	3942
f 4252 	4253 	3942
f 3942 	4253 	3943
f 4253 	4254 	3943
f 3943 	4254 	3944
f 4254 	4255 	3944
f 3944 	4255 	3945
f 4255 	4256 	3945
f 3945 	4256 	3946
f 4256 	4257 	3946
f 3946 	4257 	3947
f 4257 	4258 	3947
f 3947 	4258 	3948
f 4258 	4259 	3948
f 3948 	4259 	3949
f 4259 	4260 	3949
f 3949 	4260 	3950
f 4260 	4261 	3950
f 3950 	4261 	3951
f 4261 	4262 	3951
f 3951 	4262 	3952
f 4262 	4263 	3952
f 3952 	4263 	3953
f 4263 	4264 	3953
f 3953 	4264 	3954
f 4264 	4265 	3954
f 3954 	4265 	3955
f 4265 	4266 	3955
f 3955 	4266 	3956
f 4266 	4267 	3956
f 3956 	4267 	3957
f 4267 	4268 	3957
f 3957 	4268 	3958
f 4268 	4269 	3958
f 3958 	4269 	3959
f 4269 	4270 	3959
f 3959 	4270 	3960
f 4270 	4271 	3960
f 3960 	4271 	3961
f 4271 	4272 	3961
f 3961 	4272 	3962
f 4272 	4273 	3962
f 3962 	4273 	3963
f 4273 	4274 	3963
f 3963 	4274 	3964
f 4274 	4275 	3964
f 3964 	4275 	3965
f 4275 	4276 	3965
f 3965 	4276 	3966
f 4276 	4277 	3966
f 3966 	4277 	3967
f 4277 	4278 	3967
f 3967 	4278 	3968
f 4278 	4279 	3968
f 3968 	4279 	3969
f 4279 	4280 	3969
f 3969 	4280 	3970
f 4280 	4281 	3970
f 3970 	4281 	3971
f 4281 	4282 	3971
f 3971 	4282 	3972
f 4282 	4283 	3972
f 3972 	4283 	3973
f 4283 	4284 	3973
f 3973 	4284 	3974
f 4284 	4285 	3974
f 3974 	4285 	3975
f 4285 	4286 	3975
f 3975 	4286 	3976
f 4286 	4287 	3976
f 3976 	4287 	3977
f 4287 	4288 	3977
f 3977 	4288 	3978
f 4288 	4289 	3978
f 3978 	4289 	3979
f 4289 	4290 	3979
f 3979 	4290 	3980
f 4290 	4291 	3980
f 3980 	4291 	3981
f 4291 	4292 	3981
f 3981 	4292 	3982
f 4292 	4293 	3982
f 3982 	4293 	3983
f 4293 	4294 	3983
f 3983 	4294 	3984
f 4294 	4295 	3984
f 3984 	4295 	3985
f 4295 	4296 	3985
f 3985 	4296 	3986
f 4296 	4297 	3986
f 3986 	4297 	3987
f 4297 	4298 	3987
f 3987 	4298 	3988
f 4298 	4299 	3988
f 3988 	4299 	3989
f 4299 	4300 	3989
f 3989 	4300 	3990
f 4300 	4301 	3990
f 3990 	4301 	3991
f 4301 	4302 	3991
f 3991 	4302 	3992
f 4302 	4303 	3992
f 3992 	4303 	3993
f 4303 	4304 	3993
f 3993 	4304 	3994
f 4304 	4305 	3994
f 3994 	4305 	3995
f 4305 	4306 	3995
f 3995 	4306 	3996
f 4306 	4307 	3996
f 3996 	4307 	3997
f 4307 	4308 	3997
f 3997 	4308 	3998
f 4308 	4309 	3998
f 3998 	4309 	3999
f 4309 	4310 	3999
f 3999 	4310 	4000
f 4310 	4311 	4000
f 4000 	4311 	4001
f 4311 	4312 	4001
f 4001 	4312 	4002
f 4312 	4313 	4002
f 4002 	4313 	4003
f 4313 	4314 	4003
f 4003 	4314 	4004
f 4314 	4315 	4004
f 4004 	4315 	4005
f 4315 	4316 	4005
f 4005 	4316 	4006
f 4316 	4317 	4006
f 4006 	4317 	4007
f 4317 	4318 	4007
f 4007 	4318 	4008
f 4318 	4319 	4008
f 4008 	4319 	4009
f 4319 	4320 	4009
f 4009 	4320 	4010
f 4320 	4321 	4010
f 4010 	4321 	4011
f 4321 	4322 	4011
f 4011 	4322 	4012
f 4322 	4323 	4012
f 4012 	4323 	4013
f 4323 	4324 	4013
f 4013 	4324 	4014
f 4324 	4325 	4014
f 4014 	4325 	4015
f 4325 	4326 	4015
f 4015 	4326 	4016
f 4326 	4327 	4016
f 4016 	4327 	4017
f 4327 	4328 	4017
f 4017 	4328 	4018
f 4328 	4329 	4018
f 4018 	4329 	4019
f 4329 	4330 	4019
f 4019 	4330 	4020
f 4330 	4331 	4020
f 4020 	4331 	4021
f 4331 	4332 	4021
f 4021 	4332 	4022
f 4332 	4333 	4022
f 4022 	4333 	4023
f 4333 	4334 	4023
f 4023 	4334 	4024
f 4334 	4335 	4024
f 4024 	4335 	4025
f 4335 	4336 	4025
f 4025 	4336 	4026
f 4336 	4337 	4026
f 4026 	4337 	601
f 602 	4338 	4027
f 4027 	4338 	4028
f 4338 	4339 	4028
f 4028 	4339 	4029
f 4339 	4340 	4029
f 4029 	4340 	4030
f 4340 	4341 	4030
f 4030 	4341 	4031
f 4341 	4342 	4031
f 4031 	4342 	4032
f 4342 	4343 	4032
f 4032 	4343 	4033
f 4343 	4344 	4033
f 4033 	4344 	4034
f 4344 	4345 	4034
f 4034 	4345 	4035
f 4345 	4346 	4035
f 4035 	4346 	4036
f 4346 	4347 	4036
f 4036 	4347 	4037
f 4347 	4348 	4037
f 4037 	4348 	3727
f 4348 	4038 	3727
f 4038 	4349 	4039
f 4349 	4350 	4039
f 4039 	4350 	4040
f 4350 	4351 	4040
f 4040 	4351 	4041
f 4351 	4352 	4041
f 4041 	4352 	4042
f 4352 	4353 	4042
f 4042 	4353 	4043
f 4353 	4354 	4043
f 4043 	4354 	4044
f 4354 	4355 	4044
f 4044 	4355 	4045
f 4355 	4356 	4045
f 4045 	4356 	4046
f 4356 	4357 	4046
f 4046 	4357 	4047
f 4357 	4358 	4047
f 4047 	4358 	4048
f 4358 	4359 	4048
f 4048 	4359 	4049
f 4359 	4360 	4049
f 4049 	4360 	4050
f 4360 	4361 	4050
f 4050 	4361 	4051
f 4361 	4362 	4051
f 4051 	4362 	4052
f 4362 	4363 	4052
f 4052 	4363 	4053
f 4363 	4364 	4053
f 4053 	4364 	4054
f 4364 	4365 	4054
f 4054 	4365 	4055
f 4365 	4366 	4055
f 4055 	4366 	4056
f 4366 	4367 	4056
f 4056 	4367 	4057
f 4367 	4368 	4057
f 4057 	4368 	4058
f 4368 	4369 	4058
f 4058 	4369 	4059
f 4369 	4370 	4059
f 4059 	4370 	4060
f 4370 	4371 	4060
f 4060 	4371 	4061
f 4371 	4372 	4061
f 4061 	4372 	4062
f 4372 	4373 	4062
f 4062 	4373 	4063
f 4373 	4374 	4063
f 4063 	4374 	4064
f 4374 	4375 	4064
f 4064 	4375 	4065
f 4375 	4376 	4065
f 4065 	4376 	4066
f 4376 	4377 	4066
f 4066 	4377 	4067
f 4377 	4378 	4067
f 4067 	4378 	4068
f 4378 	4379 	4068
f 4068 	4379 	4069
f 4379 	4380 	4069
f 4069 	4380 	4070
f 4380 	4381 	4070
f 4070 	4381 	4071
f 4381 	4382 	4071
f 4071 	4382 	4072
f 4382 	4383 	4072
f 4072 	4383 	4073
f 4383 	4384 	4073
f 4073 	4384 	4074
f 4384 	4385 	4074
f 4074 	4385 	4075
f 4385 	4386 	4075
f 4075 	4386 	4076
f 4386 	4387 	4076
f 4076 	4387 	4077
f 4387 	4388 	4077
f 4077 	4388 	4078
f 4388 	4389 	4078
f 4078 	4389 	4079
f 4389 	4390 	4079
f 4079 	4390 	4080
f 4390 	4391 	4080
f 4080 	4391 	4081
f 4391 	4392 	4081
f 4081 	4392 	4082
f 4392 	4393 	4082
f 4082 	4393 	4083
f 4393 	4394 	4083
f 4083 	4394 	4084
f 4394 	4395 	4084
f 4084 	4395 	4085
f 4395 	4396 	4085
f 4085 	4396 	4086
f 4396 	4397 	4086
f 4086 	4397 	4087
f 4397 	4398 	4087
f 4087 	4398 	4088
f 4398 	4399 	4088
f 4088 	4399 	4089
f 4399 	4400 	4089
f 4089 	4400 	4090
f 4400 	4401 	4090
f 4090 	4401 	4091
f 4401 	4402 	4091
f 4091 	4402 	4092
f 4402 	4403 	4092
f 4092 	4403 	4093
f 4403 	4404 	4093
f 4093 	4404 	4094
f 4404 	4405 	4094
f 4094 	4405 	4095
f 4405 	4406 	4095
f 4095 	4406 	4096
f 4406 	4407 	4096
f 4096 	4407 	4097
f 4407 	4408 	4097
f 4097 	4408 	4098
f 4408 	4409 	4098
f 4098 	4409 	4099
f 4409 	4410 	4099
f 4099 	4410 	4100
f 4410 	4411 	4100
f 4100 	4411 	4101
f 4411 	4412 	4101
f 4101 	4412 	4102
f 4412 	4413 	4102
f 4102 	4413 	4103
f 4413 	4414 	4103
f 4103 	4414 	4104
f 4414 	4415 	4104
f 4104 	4415 	4105
f 4415 	4416 	4105
f 4105 	4416 	4106
f 4416 	4417 	4106
f 4106 	4417 	4107
f 4417 	4418 	4107
f 4107 	4418 	4108
f 4418 	4419 	4108
f 4108 	4419 	4109
f 4419 	4420 	4109
f 4109 	4420 	4110
f 4420 	4421 	4110
f 4110 	4421 	4111
f 4421 	4422 	4111
f 4111 	4422 	4112
f 4422 	4423 	4112
f 4112 	4423 	4113
f 4423 	4424 	4113
f 4113 	4424 	4114
f 4424 	4425 	4114
f 4114 	4425 	4115
f 4425 	4426 	4115
f 4115 	4426 	4116
f 4426 	4427 	4116
f 4116 	4427 	4117
f 4427 	4428 	4117
f 4117 	4428 	4118
f 4428 	4429 	4118
f 4118 	4429 	4119
f 4429 	4430 	4119
f 4119 	4430 	4120
f 4430 	4431 	4120
f 4120 	4431 	4121
f 4431 	4432 	4121
f 4121 	4432 	4122
f 4432 	4433 	4122
f 4122 	4433 	4123
f 4433 	4434 	4123
f 4123 	4434 	4124
f 4434 	4435 	4124
f 4124 	4435 	4125
f 4435 	4436 	4125
f 4125 	4436 	4126
f 4436 	4437 	4126
f 4126 	4437 	4127
f 4437 	4438 	4127
f 4127 	4438 	4128
f 4438 	4439 	4128
f 4128 	4439 	4129
f 4439 	4440 	4129
f 4129 	4440 	4130
f 4440 	4441 	4130
f 4130 	4441 	4131
f 4441 	4442 	4131
f 4131 	4442 	4132
f 4442 	4443 	4132
f 4132 	4443 	4133
f 4443 	4444 	4133
f 4133 	4444 	4134
f 4444 	4445 	4134
f 4134 	4445 	4135
f 4445 	4446 	4135
f 4135 	4446 	4136
f 4446 	4447 	4136
f 4136 	4447 	4137
f 4447 	4448 	4137
f 4137 	4448 	4138
f 4448 	4449 	4138
f 4138 	4449 	4139
f 4449 	4450 	4139
f 4139 	4450 	4140
f 4450 	4451 	4140
f 4140 	4451 	4141
f 4451 	4452 	4141
f 4141 	4452 	4142
f 4452 	4453 	4142
f 4142 	4453 	4143
f 4453 	4454 	4143
f 4143 	4454 	4144
f 4454 	4455 	4144
f 4144 	4455 	4145
f 4455 	4456 	4145
f 4145 	4456 	4146
f 4456 	4457 	4146
f 4146 	4457 	4147
f 4457 	4458 	4147
f 4147 	4458 	4148
f 4458 	4459 	4148
f 4148 	4459 	4149
f 4459 	4460 	4149
f 4149 	4460 	4150
f 4460 	4461 	4150
f 4150 	4461 	4151
f 4461 	4462 	4151
f 4151 	4462 	4152
f 4462 	4463 	4152
f 4152 	4463 	4153
f 4463 	4464 	4153
f 4153 	4464 	4154
f 4464 	4465 	4154
f 4154 	4465 	4155
f 4465 	4466 	4155
f 4155 	4466 	4156
f 4466 	4467 	4156
f 4156 	4467 	4157
f 4467 	4468 	4157
f 4157 	4468 	4158
f 4468 	4469 	4158
f 4158 	4469 	4159
f 4469 	4470 	4159
f 4159 	4470 	4160
f 4470 	4471 	4160
f 4160 	4471 	4161
f 4471 	4472 	4161
f 4161 	4472 	4162
f 4472 	4473 	4162
f 4162 	4473 	4163
f 4473 	4474 	4163
f 4163 	4474 	4164
f 4474 	4475 	4164
f 4164 	4475 	4165
f 4475 	4476 	4165
f 4165 	4476 	4166
f 4476 	4477 	4166
f 4166 	4477 	4167
f 4477 	4478 	4167
f 4167 	4478 	4168
f 4478 	4479 	4168
f 4168 	4479 	4169
f 4479 	4480 	4169
f 4169 	4480 	4170
f 4480 	4481 	4170
f 4170 	4481 	4171
f 4481 	4482 	4171
f 4171 	4482 	4172
f 4482 	4483 	4172
f 4172 	4483 	4173
f 4483 	4484 	4173
f 4173 	4484 	4174
f 4484 	4485 	4174
f 4174 	4485 	4175
f 4485 	4486 	4175
f 4175 	4486 	4176
f 4486 	4487 	4176
f 4176 	4487 	4177
f 4487 	4488 	4177
f 4177 	4488 	4178
f 4488 	4489 	4178
f 4178 	4489 	4179
f 4489 	4490 	4179
f 4179 	4490 	4180
f 4490 	4491 	4180
f 4180 	4491 	4181
f 4491 	4492 	4181
f 4181 	4492 	4182
f 4492 	4493 	4182
f 4182 	4493 	4183
f 4493 	4494 	4183
f 4183 	4494 	4184
f 4494 	4495 	4184
f 4184 	4495 	4185
f 4495 	4496 	4185
f 4185 	4496 	4186
f 4496 	4497 	4186
f 4186 	4497 	4187
f 4497 	4498 	4187
f 4187 	4498 	4188
f 4498 	4499 	4188
f 4188 	4499 	4189
f 4499 	4500 	4189
f 4189 	4500 	4190
f 4500 	4501 	4190
f 4190 	4501 	4191
f 4501 	4502 	4191
f 4191 	4502 	4192
f 4502 	4503 	4192
f 4192 	4503 	4193
f 4503 	4504 	4193
f 4193 	4504 	4194
f 4504 	4505 	4194
f 4194 	4505 	4195
f 4505 	4506 	4195
f 4195 	4506 	4196
f 4506 	4507 	4196
f 4196 	4507 	4197
f 4507 	4508 	4197
f 4197 	4508 	4198
f 4508 	4509 	4198
f 4198 	4509 	4199
f 4509 	4510 	4199
f 4199 	4510 	4200
f 4510 	4511 	4200
f 4200 	4511 	4201
f 4511 	4512 	4201
f 4201 	4512 	4202
f 4512 	4513 	4202
f 4202 	4513 	4203
f 4513 	4514 	4203
f 4203 	4514 	4204
f 4514 	4515 	4204
f 4204 	4515 	4205
f 4515 	4516 	4205
f 4205 	4516 	4206
f 4516 	4517 	4206
f 4206 	4517 	4207
f 4517 	4518 	4207
f 4207 	4518 	4208
f 4518 	4519 	4208
f 4208 	4519 	4209
f 4519 	4520 	4209
f 4209 	4520 	4210
f 4520 	4521 	4210
f 4210 	4521 	4211
f 4521 	4522 	4211
f 4211 	4522 	4212
f 4522 	4523 	4212
f 4212 	4523 	4213
f 4523 	4524 	4213
f 4213 	4524 	4214
f 4524 	4525 	4214
f 4214 	4525 	4215
f 4525 	4526 	4215
f 4215 	4526 	4216
f 4526 	4527 	4216
f 4216 	4527 	4217
f 4527 	4528 	4217
f 4217 	4528 	4218
f 4528 	4529 	4218
f 4218 	4529 	4219
f 4529 	4530 	4219
f 4219 	4530 	4220
f 4530 	4531 	4220
f 4220 	4531 	4221
f 4531 	4532 	4221
f 4221 	4532 	4222
f 4532 	4533 	4222
f 4222 	4533 	4223
f 4533 	4534 	4223
f 4223 	4534 	4224
f 4534 	4535 	4224
f 4224 	4535 	4225
f 4535 	4536 	4225
f 4225 	4536 	4226
f 4536 	4537 	4226
f 4226 	4537 	4227
f 4537 	4538 	4227
f 4227 	4538 	4228
f 4538 	4539 	4228
f 4228 	4539 	4229
f 4539 	4540 	4229
f 4229 	4540 	4230
f 4540 	4541 	4230
f 4230 	4541 	4231
f 4541 	4542 	4231
f 4231 	4542 	4232
f 4542 	4543 	4232
f 4232 	4543 	4233
f 4543 	4544 	4233
f 4233 	4544 	4234
f 4544 	4545 	4234
f 4234 	4545 	4235
f 4545 	4546 	4235
f 4235 	4546 	4236
f 4546 	4547 	4236
f 4236 	4547 	4237
f 4547 	4548 	4237
f 4237 	4548 	4238
f 4548 	4549 	4238
f 4238 	4549 	4239
f 4549 	4550 	4239
f 4239 	4550 	4240
f 4550 	4551 	4240
f 4240 	4551 	4241
f 4551 	4552 	4241
f 4241 	4552 	4242
f 4552 	4553 	4242
f 4242 	4553 	4243
f 4553 	4554 	4243
f 4243 	4554 	4244
f 4554 	4555 	4244
f 4244 	4555 	4245
f 4555 	4556 	4245
f 4245 	4556 	4246
f 4556 	4557 	4246
f 4246 	4557 	4247
f 4557 	4558 	4247
f 4247 	4558 	4248
f 4558 	4559 	4248
f 4248 	4559 	4249
f 4559 	4560 	4249
f 4249 	4560 	4250
f 4560 	4561 	4250
f 4250 	4561 	4251
f 4561 	4562 	4251
f 4251 	4562 	4252
f 4562 	4563 	4252
f 4252 	4563 	4253
f 4563 	4564 	4253
f 4253 	4564 	4254
f 4564 	4565 	4254
f 4254 	4565 	4255
f 4565 	4566 	4255
f 4255 	4566 	4256
f 4566 	4567 	4256
f 4256 	4567 	4257
f 4567 	4568 	4257
f 4257 	4568 	4258
f 4568 	4569 	4258
f 4258 	4569 	4259
f 4569 	4570 	4259
f 4259 	4570 	4260
f 4570 	4571 	4260
f 4260 	4571 	4261
f 4571 	4572 	4261
f 4261 	4572 	4262
f 4572 	4573 	4262
f 4262 	4573 	4263
f 4573 	4574 	4263
f 4263 	4574 	4264
f 4574 	4575 	4264
f 4264 	4575 	4265
f 4575 	4576 	4265
f 4265 	4576 	4266
f 4576 	4577 	4266
f 4266 	4577 	4267
f 4577 	4578 	4267
f 4267 	4578 	4268
f 4578 	4579 	4268
f 4268 	4579 	4269
f 4579 	4580 	4269
f 4269 	4580 	4270
f 4580 	4581 	4270
f 4270 	4581 	4271
f 4581 	4582 	4271
f 4271 	4582 	4272
f 4582 	4583 	4272
f 4272 	4583 	4273
f 4583 	4584 	4273
f 4273 	4584 	4274
f 4584 	4585 	4274
f 4274 	4585 	4275
f 4585 	4586 	4275
f 4275 	4586 	4276
f 4586 	4587 	4276
f 4276 	4587 	4277
f 4587 	4588 	4277
f 4277 	4588 	4278
f 4588 	4589 	4278
f 4278 	4589 	4279
f 4589 	4590 	4279
f 4279 	4590 	4280
f 4590 	4591 	4280
f 4280 	4591 	4281
f 4591 	4592 	4281
f 4281 	4592 	4282
f 4592 	4593 	4282
f 4282 	4593 	4283
f 4593 	4594 	4283
f 4283 	4594 	4284
f 4594 	4595 	4284
f 4284 	4595 	4285
f 4595 	4596 	4285
f 4285 	4596 	4286
f 4596 	4597 	4286
f 4286 	4597 	4287
f 4597 	4598 	4287
f 4287 	4598 	4288
f 4598 	4599 	4288
f 4288 	4599 	4289
f 4599 	4600 	4289
f 4289 	4600 	4290
f 4600 	4601 	4290
f 4290 	4601 	4291
f 4601 	4602 	4291
f 4291 	4602 	4292
f 4602 	4603 	4292
f 4292 	4603 	4293
f 4603 	4604 	4293
f 4293 	4604 	4294
f 4604 	4605 	4294
f 4294 	4605 	4295
f 4605 	4606 	4295
f 4295 	4606 	4296
f 4606 	4607 	4296
f 4296 	4607 	4297
f 4607 	4608 	4297
f 4297 	4608 	4298
f 4608 	4609 	4298
f 4298 	4609 	4299
f 4609 	4610 	4299
f 4299 	4610 	4300
f 4610 	4611 	4300
f 4300 	4611 	4301
f 4611 	4612 	4301
f 4301 	4612 	4302
f 4612 	4613 	4302
f 4302 	4613 	4303
f 4613 	4614 	4303
f 4303 	4614 	4304
f 4614 	4615 	4304
f 4304 	4615 	4305
f 4615 	4616 	4305
f 4305 	4616 	4306
f 4616 	4617 	4306
f 4306 	4617 	4307
f 4617 	4618 	4307
f 4307 	4618 	4308
f 4618 	4619 	4308
f 4308 	4619 	4309
f 4619 	4620 	4309
f 4309 	4620 	4310
f 4620 	4621 	4310
f 4310 	4621 	4311
f 4621 	4622 	4311
f 4311 	4622 	4312
f 4622 	4623 	4312
f 4312 	4623 	4313
f 4623 	4624 	4313
f 4313 	4624 	4314
f 4624 	4625 	4314
f 4314 	4625 	4315
f 4625 	4626 	4315
f 4315 	4626 	4316
f 4626 	4627 	4316
f 4316 	4627 	4317
f 4627 	4628 	4317
f 4317 	4628 	4318
f 4628 	4629 	4318
f 4318 	4629 	4319
f 4629 	4630 	4319
f 4319 	4630 	4320
f 4630 	4631 	4320
f 4320 	4631 	4321
f 4631 	4632 	4321
f 4321 	4632 	4322
f 4632 	4633 	4322
f 4322 	4633 	4323
f 4633 	4634 	4323
f 4323 	4634 	4324
f 4634 	4635 	4324
f 4324 	4635 	4325
f 4635 	4636 	4325
f 4325 	4636 	4326
f 4636 	4637 	4326
f 4326 	4637 	4327
f 4637 	4638 	4327
f 4327 	4638 	4328
f 4638 	4639 	4328
f 4328 	4639 	4329
f 4639 	4640 	4329
f 4329 	4640 	4330
f 4640 	4641 	4330
f 4330 	4641 	4331
f 4641 	4642 	4331
f 4331 	4642 	4332
f 4642 	4643 	4332
f 4332 	4643 	4333
f 4643 	4644 	4333
f 4333 	4644 	4334
f 4644 	4645 	4334
f 4334 	4645 	4335
f 4645 	4646 	4335
f 4335 	4646 	4336
f 4646 	4647 	4336
f 4336 	4647 	4337
f 4647 	4337 	4337
f 602 	4338 	4338
f 4338 	4648 	4339
f 4339 	4648 	4340
f 4648 	4649 	4340
f 4340 	4649 	4341
f 4649 	4650 	4341
f 4341 	4650 	4342
f 4650 	4651 	4342
f 4342 	4651 	4343
f 4651 	4652 	4343
f 4343 	4652 	4344
f 4652 	4653 	4344
f 4344 	4653 	4345
f 4653 	4654 	4345
f 4345 	4654 	4346
f 4654 	4655 	4346
f 4346 	4655 	4347
f 4655 	4656 	4347
f 4347 	4656 	4348
f 4656 	4657 	4348
f 4348 	4657 	4038
f 4657 	4349 	4038
f 4349 	4658 	4350
f 4658 	4659 	4350
f 4350 	4659 	4351
f 4659 	4660 	4351
f 4351 	4660 	4352
f 4660 	4661 	4352
f 4352 	4661 	4353
f 4661 	4662 	4353
f 4353 	4662 	4354
f 4662 	4663 	4354
f 4354 	4663 	4355
f 4663 	4664 	4355
f 4355 	4664 	4356
f 4664 	4665 	4356
f 4356 	4665 	4357
f 4665 	4666 	4357
f 4357 	4666 	4358
f 4666 	4667 	4358
f 4358 	4667 	4359
f 4667 	4668 	4359
f 4359 	4668 	4360
f 4668 	4669 	4360
f 4360 	4669 	4361
f 4669 	4670 	4361
f 4361 	4670 	4362
f 4670 	4671 	4362
f 4362 	4671 	4363
f 4671 	4672 	4363
f 4363 	4672 	4364
f 4672 	4673 	4364
f 4364 	4673 	4365
f 4673 	4674 	4365
f 4365 	4674 	4366
f 4674 	4675 	4366
f 4366 	4675 	4367
f 4675 	4676 	4367
f 4367 	4676 	4368
f 4676 	4677 	4368
f 4368 	4677 	4369
f 4677 	4678 	4369
f 4369 	4678 	4370
f 4678 	4679 	4370
f 4370 	4679 	4371
f 4679 	4680 	4371
f 4371 	4680 	4372
f 4680 	4681 	4372
f 4372 	4681 	4373
f 4681 	4682 	4373
f 4373 	4682 	4374
f 4682 	4683 	4374
f 4374 	4683 	4375
f 4683 	4684 	4375
f 4375 	4684 	4376
f 4684 	4685 	4376
f 4376 	4685 	4377
f 4685 	4686 	4377
f 4377 	4686 	4378
f 4686 	4687 	4378
f 4378 	4687 	4379
f 4687 	4688 	4379
f 4379 	4688 	4380
f 4688 	4689 	4380
f 4380 	4689 	4381
f 4689 	4690 	4381
f 4381 	4690 	4382
f 4690 	4691 	4382
f 4382 	4691 	4383
f 4691 	4692 	4383
f 4383 	4692 	4384
f 4692 	4693 	4384
f 4384 	4693 	4385
f 4693 	4694 	4385
f 4385 	4694 	4386
f 4694 	4695 	4386
f 4386 	4695 	4387
f 4695 	4696 	4387
f 4387 	4696 	4388
f 4696 	4697 	4388
f 4388 	4697 	4389
f 4697 	4698 	4389
f 4389 	4698 	4390
f 4698 	4699 	4390
f 4390 	4699 	4391
f 4699 	4700 	4391
f 4391 	4700 	4392
f 4700 	4701 	4392
f 4392 	4701 	4393
f 4701 	4702 	4393
f 4393 	4702 	4394
f 4702 	4703 	4394
f 4394 	4703 	4395
f 4703 	4704 	4395
f 4395 	4704 	4396
f 4704 	4705 	4396
f 4396 	4705 	4397
f 4705 	4706 	4397
f 4397 	4706 	4398
f 4706 	4707 	4398
f 4398 	4707 	4399
f 4707 	4708 	4399
f 4399 	4708 	4400
f 4708 	4709 	4400
f 4400 	4709 	4401
f 4709 	4710 	4401
f 4401 	4710 	4402
f 4710 	4711 	4402
f 4402 	4711 	4403
f 4711 	4712 	4403
f 4403 	4712 	4404
f 4712 	4713 	4404
f 4404 	4713 	4405
f 4713 	4714 	4405
f 4405 	4714 	4406
f 4714 	4715 	4406
f 4406 	4715 	4407
f 4715 	4716 	4407
f 4407 	4716 	4408
f 4716 	4717 	4408
f 4408 	4717 	4409
f 4717 	4718 	4409
f 4409 	4718 	4410
f 4718 	4719 	4410
f 4410 	4719 	4411
f 4719 	4720 	4411
f 4411 	4720 	4412
f 4720 	4721 	4412
f 4412 	4721 	4413
f 4721 	4722 	4413
f 4413 	4722 	4414
f 4722 	4723 	4414
f 4414 	4723 	4415
f 4723 	4724 	4415
f 4415 	4724 	4416
f 4724 	4725 	4416
f 4416 	4725 	4417
f 4725 	4726 	4417
f 4417 	4726 	4418
f 4726 	4727 	4418
f 4418 	4727 	4419
f 4727 	4728 	4419
f 4419 	4728 	4420
f 4728 	4729 	4420
f 4420 	4729 	4421
f 4729 	4730 	4421
f 4421 	4730 	4422
f 4730 	4731 	4422
f 4422 	4731 	4423
f 4731 	4732 	4423
f 4423 	4732 	4424
f 4732 	4733 	4424
f 4424 	4733 	4425
f 4733 	4734 	4425
f 4425 	4734 	4426
f 4734 	4735 	4426
f 4426 	4735 	4427
f 4735 	4736 	4427
f 4427 	4736 	4428
f 4736 	4737 	4428
f 4428 	4737 	4429
f 4737 	4738 	4429
f 4429 	4738 	4430
f 4738 	4739 	4430
f 4430 	4739 	4431
f 4739 	4740 	4431
f 4431 	4740 	4432
f 4740 	4741 	4432
f 4432 	4741 	4433
f 4741 	4742 	4433
f 4433 	4742 	4434
f 4742 	4743 	4434
f 4434 	4743 	4435
f 4743 	4744 	4435
f 4435 	4744 	4436
f 4744 	4745 	4436
f 4436 	4745 	4437
f 4745 	4746 	4437
f 4437 	4746 	4438
f 4746 	4747 	4438
f 4438 	4747 	4439
f 4747 	4748 	4439
f 4439 	4748 	4440
f 4748 	4749 	4440
f 4440 	4749 	4441
f 4749 	4750 	4441
f 4441 	4750 	4442
f 4750 	4751 	4442
f 4442 	4751 	4443
f 4751 	4752 	4443
f 4443 	4752 	4444
f 4752 	4753 	4444
f 4444 	4753 	4445
f 4753 	4754 	4445
f 4445 	4754 	4446
f 4754 	4755 	4446
f 4446 	4755 	4447
f 4755 	4756 	4447
f 4447 	4756 	4448
f 4756 	4757 	4448
f 4448 	4757 	4449
f 4757 	4758 	4449
f 4449 	4758 	4450
f 4758 	4759 	4450
f 4450 	4759 	4451
f 4759 	4760 	4451
f 4451 	4760 	4452
f 4760 	4761 	4452
f 4452 	4761 	4453
f 4761 	4762 	4453
f 4453 	4762 	4454
f 4762 	4763 	4454
f 4454 	4763 	4455
f 4763 	4764 	4455
f 4455 	4764 	4456
f 4764 	4765 	4456
f 4456 	4765 	4457
f 4765 	4766 	4457
f 4457 	4766 	4458
f 4766 	4767 	4458
f 4458 	4767 	4459
f 4767 	4768 	4459
f 4459 	4768 	4460
f 4768 	4769 	4460
f 4460 	4769 	4461
f 4769 	4770 	4461
f 4461 	4770 	4462
f 4770 	4771 	4462
f 4462 	4771 	4463
f 4771 	4772 	4463
f 4463 	4772 	4464
f 4772 	4773 	4464
f 4464 	4773 	4465
f 4773 	4774 	4465
f 4465 	4774 	4466
f 4774 	4775 	4466
f 4466 	4775 	4467
f 4775 	4776 	4467
f 4467 	4776 	4468
f 4776 	4777 	4468
f 4468 	4777 	4469
f 4777 	4778 	4469
f 4469 	4778 	4470
f 4778 	4779 	4470
f 4470 	4779 	4471
f 4779 	4780 	4471
f 4471 	4780 	4472
f 4780 	4781 	4472
f 4472 	4781 	4473
f 4781 	4782 	4473
f 4473 	4782 	4474
f 4782 	4783 	4474
f 4474 	4783 	4475
f 4783 	4784 	4475
f 4475 	4784 	4476
f 4784 	4785 	4476
f 4476 	4785 	4477
f 4785 	4786 	4477
f 4477 	4786 	4478
f 4786 	4787 	4478
f 4478 	4787 	4479
f 4787 	4788 	4479
f 4479 	4788 	4480
f 4788 	4789 	4480
f 4480 	4789 	4481
f 4789 	4790 	4481
f 4481 	4790 	4482
f 4790 	4791 	4482
f 4482 	4791 	4483
f 4791 	4792 	4483
f 4483 	4792 	4484
f 4792 	4793 	4484
f 4484 	4793 	4485
f 4793 	4794 	4485
f 4485 	4794 	4486
f 4794 	4795 	4486
f 4486 	4795 	4487
f 4795 	4796 	4487
f 4487 	4796 	4488
f 4796 	4797 	4488
f 4488 	4797 	4489
f 4797 	4798 	4489
f 4489 	4798 	4490
f 4798 	4799 	4490
f 4490 	4799 	4491
f 4799 	4800 	4491
f 4491 	4800 	4492
f 4800 	4801 	4492
f 4492 	4801 	4493
f 4801 	4802 	4493
f 4493 	4802 	4494
f 4802 	4803 	4494
f 4494 	4803 	4495
f 4803 	4804 	4495
f 4495 	4804 	4496
f 4804 	4805 	4496
f 4496 	4805 	4497
f 4805 	4806 	4497
f 4497 	4806 	4498
f 4806 	4807 	4498
f 4498 	4807 	4499
f 4807 	4808 	4499
f 4499 	4808 	4500
f 4808 	4809 	4500
f 4500 	4809 	4501
f 4809 	4810 	4501
f 4501 	4810 	4502
f 4810 	4811 	4502
f 4502 	4811 	4503
f 4811 	4812 	4503
f 4503 	4812 	4504
f 4812 	4813 	4504
f 4504 	4813 	4505
f 4813 	4814 	4505
f 4505 	4814 	4506
f 4814 	4815 	4506
f 4506 	4815 	4507
f 4815 	4816 	4507
f 4507 	4816 	4508
f 4816 	4817 	4508
f 4508 	4817 	4509
f 4817 	4818 	4509
f 4509 	4818 	4510
f 4818 	4819 	4510
f 4510 	4819 	4511
f 4819 	4820 	4511
f 4511 	4820 	4512
f 4820 	4821 	4512
f 4512 	4821 	4513
f 4821 	4822 	4513
f 4513 	4822 	4514
f 4822 	4823 	4514
f 4514 	4823 	4515
f 4823 	4824 	4515
f 4515 	4824 	4516
f 4824 	4825 	4516
f 4516 	4825 	4517
f 4825 	4826 	4517
f 4517 	4826 	4518
f 4826 	4827 	4518
f 4518 	4827 	4519
f 4827 	4828 	4519
f 4519 	4828 	4520
f 4828 	4829 	4520
f 4520 	4829 	4521
f 4829 	4830 	4521
f 4521 	4830 	4522
f 4830 	4831 	4522
f 4522 	4831 	4523
f 4831 	4832 	4523
f 4523 	4832 	4524
f 4832 	4833 	4524
f 4524 	4833 	4525
f 4833 	4834 	4525
f 4525 	4834 	4526
f 4834 	4835 	4526
f 4526 	4835 	4527
f 4835 	4836 	4527
f 4527 	4836 	4528
f 4836 	4837 	4528
f 4528 	4837 	4529
f 4837 	4838 	4529
f 4529 	4838 	4530
f 4838 	4839 	4530
f 4530 	4839 	4531
f 4839 	4840 	4531
f 4531 	4840 	4532
f 4840 	4841 	4532
f 4532 	4841 	4533
f 4841 	4842 	4533
f 4533 	4842 	4534
f 4842 	4843 	4534
f 4534 	4843 	4535
f 4843 	4844 	4535
f 4535 	4844 	4536
f 4844 	4845 	4536
f 4536 	4845 	4537
f 4845 	4846 	4537
f 4537 	4846 	4538
f 4846 	4847 	4538
f 4538 	4847 	4539
f 4847 	4848 	4539
f 4539 	4848 	4540
f 4848 	4849 	4540
f 4540 	4849 	4541
f 4849 	4850 	4541
f 4541 	4850 	4542
f 4850 	4851 	4542
f 4542 	4851 	4543
f 4851 	4852 	4543
f 4543 	4852 	4544
f 4852 	4853 	4544
f 4544 	4853 	4545
f 4853 	4854 	4545
f 4545 	4854 	4546
f 4854 	4855 	4546
f 4546 	4855 	4547
f 4855 	4856 	4547
f 4547 	4856 	4548
f 4856 	4857 	4548
f 4548 	4857 	4549
f 4857 	4858 	4549
f 4549 	4858 	4550
f 4858 	4859 	4550
f 4550 	4859 	4551
f 4859 	4860 	4551
f 4551 	4860 	4552
f 4860 	4861 	4552
f 4552 	4861 	4553
f 4861 	4862 	4553
f 4553 	4862 	4554
f 4862 	4863 	4554
f 4554 	4863 	4555
f 4863 	4864 	4555
f 4555 	4864 	4556
f 4864 	4865 	4556
f 4556 	4865 	4557
f 4865 	4866 	4557
f 4557 	4866 	4558
f 4866 	4867 	4558
f 4558 	4867 	4559
f 4867 	4868 	4559
f 4559 	4868 	4560
f 4868 	4869 	4560
f 4560 	4869 	4561
f 4869 	4870 	4561
f 4561 	4870 	4562
f 4870 	4871 	4562
f 4562 	4871 	4563
f 4871 	4872 	4563
f 4563 	4872 	4564
f 4872 	4873 	4564
f 4564 	4873 	4565
f 4873 	4874 	4565
f 4565 	4874 	4566
f 4874 	4875 	4566
f 4566 	4875 	4567
f 4875 	4876 	4567
f 4567 	4876 	4568
f 4876 	4877 	4568
f 4568 	4877 	4569
f 4877 	4878 	4569
f 4569 	4878 	4570
f 4878 	4879 	4570
f 4570 	4879 	4571
f 4879 	4880 	4571
f 4571 	4880 	4572
f 4880 	4881 	4572
f 4572 	4881 	4573
f 4881 	4882 	4573
f 4573 	4882 	4574
f 4882 	4883 	4574
f 4574 	4883 	4575
f 4883 	4884 	4575
f 4575 	4884 	4576
f 4884 	4885 	4576
f 4576 	4885 	4577
f 4885 	4886 	4577
f 4577 	4886 	4578
f 4886 	4887 	4578
f 4578 	4887 	4579
f 4887 	4888 	4579
f 4579 	4888 	4580
f 4888 	4889 	4580
f 4580 	4889 	4581
f 4889 	4890 	4581
f 4581 	4890 	4582
f 4890 	4891 	4582
f 4582 	4891 	4583
f 4891 	4892 	4583
f 4583 	4892 	4584
f 4892 	4893 	4584
f 4584 	4893 	4585
f 4893 	4894 	4585
f 4585 	4894 	4586
f 4894 	4895 	4586
f 4586 	4895 	4587
f 4895 	4896 	4587
f 4587 	4896 	4588
f 4896 	4897 	4588
f 4588 	4897 	4589
f 4897 	4898 	4589
f 4589 	4898 	4590
f 4898 	4899 	4590
f 4590 	4899 	4591
f 4899 	4900 	4591
f 4591 	4900 	4592
f 4900 	4901 	4592
f 4592 	4901 	4593
f 4901 	4902 	4593
f 4593 	4902 	4594
f 4902 	4903 	4594
f 4594 	4903 	4595
f 4903 	4904 	4595
f 4595 	4904 	4596
f 4904 	4905 	4596
f 4596 	4905 	4597
f 4905 	4906 	4597
f 4597 	4906 	4598
f 4906 	4907 	4598
f 4598 	4907 	4599
f 4907 	4908 	4599
f 4599 	4908 	4600
f 4908 	4909 	4600
f 4600 	4909 	4601
f 4909 	4910 	4601
f 4601 	4910 	4602
f 4910 	4911 	4602
f 4602 	4911 	4603
f 4911 	4912 	4603
f 4603 	4912 	4604
f 4912 	4913 	4604
f 4604 	4913 	4605
f 4913 	4914 	4605
f 4605 	4914 	4606
f 4914 	4915 	4606
f 4606 	4915 	4607
f 4915 	4916 	4607
f 4607 	4916 	4608
f 4916 	4917 	4608
f 4608 	4917 	4609
f 4917 	4918 	4609
f 4609 	4918 	4610
f 4918 	4919 	4610
f 4610 	4919 	4611
f 4919 	4920 	4611
f 4611 	4920 	4612
f 4920 	4921 	4612
f 4612 	4921 	4613
f 4921 	4922 	4613
f 4613 	4922 	4614
f 4922 	4923 	4614
f 4614 	4923 	4615
f 4923 	4924 	4615
f 4615 	4924 	4616
f 4924 	4925 	4616
f 4616 	4925 	4617
f 4925 	4926 	4617
f 4617 	4926 	4618
f 4926 	4927 	4618
f 4618 	4927 	4619
f 4927 	4928 	4619
f 4619 	4928 	4620
f 4928 	4929 	4620
f 4620 	4929 	4621
f 4929 	4930 	4621
f 4621 	4930 	4622
f 4930 	4931 	4622
f 4622 	4931 	4623
f 4931 	4932 	4623
f 4623 	4932 	4624
f 4932 	4933 	4624
f 4624 	4933 	4625
f 4933 	4934 	4625
f 4625 	4934 	4626
f 4934 	4935 	4626
f 4626 	4935 	4627
f 4935 	4936 	4627
f 4627 	4936 	4628
f 4936 	4937 	4628
f 4628 	4937 	4629
f 4937 	4938 	4629
f 4629 	4938 	4630
f 4938 	4939 	4630
f 4630 	4939 	4631
f 4939 	4940 	4631
f 4631 	4940 	4632
f 4940 	4941 	4632
f 4632 	4941 	4633
f 4941 	4942 	4633
f 4633 	4942 	4634
f 4942 	4943 	4634
f 4634 	4943 	4635
f 4943 	4944 	4635
f 4635 	4944 	4636
f 4944 	4945 	4636
f 4636 	4945 	4637
f 4945 	4946 	4637
f 4637 	4946 	4638
f 4946 	4947 	4638
f 4638 	4947 	4639
f 4947 	4948 	4639
f 4639 	4948 	4640
f 4948 	4949 	4640
f 4640 	4949 	4641
f 4949 	4950 	4641
f 4641 	4950 	4642
f 4950 	4951 	4642
f 4642 	4951 	4643
f 4951 	4952 	4643
f 4643 	4952 	4644
f 4952 	4953 	4644
f 4644 	4953 	4645
f 4953 	4954 	4645
f 4645 	4954 	4646
f 4954 	4955 	4646
f 4646 	4955 	4647
f 4955 	4956 	4647
f 4647 	4956 	4337
f 4956 	4957 	4337
f 4337 	4957 	601
f 602 	4958 	4338
f 4338 	4958 	4648
f 4958 	4959 	4648
f 4648 	4959 	4649
f 4959 	4960 	4649
f 4649 	4960 	4650
f 4960 	4961 	4650
f 4650 	4961 	4651
f 4961 	4962 	4651
f 4651 	4962 	4652
f 4962 	4963 	4652
f 4652 	4963 	4653
f 4963 	4964 	4653
f 4653 	4964 	4654
f 4964 	4965 	4654
f 4654 	4965 	4655
f 4965 	4966 	4655
f 4655 	4966 	4656
f 4966 	4967 	4656
f 4656 	4967 	4657
f 4967 	4968 	4657
f 4657 	4968 	4349
f 4968 	4658 	4349
f 4658 	4969 	4659
f 4969 	4970 	4659
f 4659 	4970 	4660
f 4970 	4971 	4660
f 4660 	4971 	4661
f 4971 	4972 	4661
f 4661 	4972 	4662
f 4972 	4973 	4662
f 4662 	4973 	4663
f 4973 	4974 	4663
f 4663 	4974 	4664
f 4974 	4975 	4664
f 4664 	4975 	4665
f 4975 	4976 	4665
f 4665 	4976 	4666
f 4976 	4977 	4666
f 4666 	4977 	4667
f 4977 	4978 	4667
f 4667 	4978 	4668
f 4978 	4979 	4668
f 4668 	4979 	4669
f 4979 	4980 	4669
f 4669 	4980 	4670
f 4980 	4981 	4670
f 4670 	4981 	4671
f 4981 	4982 	4671
f 4671 	4982 	4672
f 4982 	4983 	4672
f 4672 	4983 	4673
f 4983 	4984 	4673
f 4673 	4984 	4674
f 4984 	4985 	4674
f 4674 	4985 	4675
f 4985 	4986 	4675
f 4675 	4986 	4676
f 4986 	4987 	4676
f 4676 	4987 	4677
f 4987 	4988 	4677
f 4677 	4988 	4678
f 4988 	4989 	4678
f 4678 	4989 	4679
f 4989 	4990 	4679
f 4679 	4990 	4680
f 4990 	4991 	4680
f 4680 	4991 	4681
f 4991 	4992 	4681
f 4681 	4992 	4682
f 4992 	4993 	4682
f 4682 	4993 	4683
f 4993 	4994 	4683
f 4683 	4994 	4684
f 4994 	4995 	4684
f 4684 	4995 	4685
f 4995 	4996 	4685
f 4685 	4996 	4686
f 4996 	4997 	4686
f 4686 	4997 	4687
f 4997 	4998 	4687
f 4687 	4998 	4688
f 4998 	4999 	4688
f 4688 	4999 	4689
f 4999 	5000 	4689
f 4689 	5000 	4690
f 5000 	5001 	4690
f 4690 	5001 	4691
f 5001 	5002 	4691
f 4691 	5002 	4692
f 5002 	5003 	4692
f 4692 	5003 	4693
f 5003 	5004 	4693
f 4693 	5004 	4694
f 5004 	5005 	4694
f 4694 	5005 	4695
f 5005 	5006 	4695
f 4695 	5006 	4696
f 5006 	5007 	4696
f 4696 	5007 	4697
f 5007 	5008 	4697
f 4697 	5008 	4698
f 5008 	5009 	4698
f 4698 	5009 	4699
f 5009 	5010 	4699
f 4699 	5010 	4700
f 5010 	5011 	4700
f 4700 	5011 	4701
f 5011 	5012 	4701
f 4701 	5012 	4702
f 5012 	5013 	4702
f 4702 	5013 	4703
f 5013 	5014 	4703
f 4703 	5014 	4704
f 5014 	5015 	4704
f 4704 	5015 	4705
f 5015 	5016 	4705
f 4705 	5016 	4706
f 5016 	5017 	4706
f 4706 	5017 	4707
f 5017 	5018 	4707
f 4707 	5018 	4708
f 5018 	5019 	4708
f 4708 	5019 	4709
f 5019 	5020 	4709
f 4709 	5020 	4710
f 5020 	5021 	4710
f 4710 	5021 	4711
f 5021 	5022 	4711
f 4711 	5022 	4712
f 5022 	5023 	4712
f 4712 	5023 	4713
f 5023 	5024 	4713
f 4713 	5024 	4714
f 5024 	5025 	4714
f 4714 	5025 	4715
f 5025 	5026 	4715
f 4715 	5026 	4716
f 5026 	5027 	4716
f 4716 	5027 	4717
f 5027 	5028 	4717
f 4717 	5028 	4718
f 5028 	5029 	4718
f 4718 	5029 	4719
f 5029 	5030 	4719
f 4719 	5030 	4720
f 5030 	5031 	4720
f 4720 	5031 	4721
f 5031 	5032 	4721
f 4721 	5032 	4722
f 5032 	5033 	4722
f 4722 	5033 	4723
f 5033 	5034 	4723
f 4723 	5034 	4724
f 5034 	5035 	4724
f 4724 	5035 	4725
f 5035 	5036 	4725
f 4725 	5036 	4726
f 5036 	5037 	4726
f 4726 	5037 	4727
f 5037 	5038 	4727
f 4727 	5038 	4728
f 5038 	5039 	4728
f 4728 	5039 	4729
f 5039 	5040 	4729
f 4729 	5040 	4730
f 5040 	5041 	4730
f 4730 	5041 	4731
f 5041 	5042 	4731
f 4731 	5042 	4732
f 5042 	5043 	4732
f 4732 	5043 	4733
f 5043 	5044 	4733
f 4733 	5044 	4734
f 5044 	5045 	4734
f 4734 	5045 	4735
f 5045 	5046 	4735
f 4735 	5046 	4736
f 5046 	5047 	4736
f 4736 	5047 	4737
f 5047 	5048 	4737
f 4737 	5048 	4738
f 5048 	5049 	4738
f 4738 	5049 	4739
f 5049 	5050 	4739
f 4739 	5050 	4740
f 5050 	5051 	4740
f 4740 	5051 	4741
f 5051 	5052 	4741
f 4741 	5052 	4742
f 5052 	5053 	4742
f 4742 	5053 	4743
f 5053 	5054 	4743
f 4743 	5054 	4744
f 5054 	5055 	4744
f 4744 	5055 	4745
f 5055 	5056 	4745
f 4745 	5056 	4746
f 5056 	5057 	4746
f 4746 	5057 	4747
f 5057 	5058 	4747
f 4747 	5058 	4748
f 5058 	5059 	4748
f 4748 	5059 	4749
f 5059 	5060 	4749
f 4749 	5060 	4750
f 5060 	5061 	4750
f 4750 	5061 	4751
f 5061 	5062 	4751
f 4751 	5062 	4752
f 5062 	5063 	4752
f 4752 	5063 	4753
f 5063 	5064 	4753
f 4753 	5064 	4754
f 5064 	5065 	4754
f 4754 	5065 	4755
f 5065 	5066 	4755
f 4755 	5066 	4756
f 5066 	5067 	4756
f 4756 	5067 	4757
f 5067 	5068 	4757
f 4757 	5068 	4758
f 5068 	5069 	4758
f 4758 	5069 	4759
f 5069 	5070 	4759
f 4759 	5070 	4760
f 5070 	5071 	4760
f 4760 	5071 	4761
f 5071 	5072 	4761
f 4761 	5072 	4762
f 5072 	5073 	4762
f 4762 	5073 	4763
f 5073 	5074 	4763
f 4763 	5074 	4764
f 5074 	5075 	4764
f 4764 	5075 	4765
f 5075 	5076 	4765
f 4765 	5076 	4766
f 5076 	5077 	4766
f 4766 	5077 	4767
f 5077 	5078 	4767
f 4767 	5078 	4768
f 5078 	5079 	4768
f 4768 	5079 	4769
f 5079 	5080 	4769
f 4769 	5080 	4770
f 5080 	5081 	4770
f 4770 	5081 	4771
f 5081 	5082 	4771
f 4771 	5082 	4772
f 5082 	5083 	4772
f 4772 	5083 	4773
f 5083 	5084 	4773
f 4773 	5084 	4774
f 5084 	5085 	4774
f 4774 	5085 	4775
f 5085 	5086 	4775
f 4775 	5086 	4776
f 5086 	5087 	4776
f 4776 	5087 	4777
f 5087 	5088 	4777
f 4777 	5088 	4778
f 5088 	5089 	4778
f 4778 	5089 	4779
f 5089 	5090 	4779
f 4779 	5090 	4780
f 5090 	5091 	4780
f 4780 	5091 	4781
f 5091 	5092 	4781
f 4781 	5092 	4782
f 5092 	5093 	4782
f 4782 	5093 	4783
f 5093 	5094 	4783
f 4783 	5094 	4784
f 5094 	5095 	4784
f 4784 	5095 	4785
f 5095 	5096 	4785
f 4785 	5096 	4786
f 5096 	5097 	4786
f 4786 	5097 	4787
f 5097 	5098 	4787
f 4787 	5098 	4788
f 5098 	5099 	4788
f 4788 	5099 	4789
f 5099 	5100 	4789
f 4789 	5100 	4790
f 5100 	5101 	4790
f 4790 	5101 	4791
f 5101 	5102 	4791
f 4791 	5102 	4792
f 5102 	5103 	4792
f 4792 	5103 	4793
f 5103 	5104 	4793
f 4793 	5104 	4794
f 5104 	5105 	4794
f 4794 	5105 	4795
f 5105 	5106 	4795
f 4795 	5106 	4796
f 5106 	5107 	4796
f 4796 	5107 	4797
f 5107 	5108 	4797
f 4797 	5108 	4798
f 5108 	5109 	4798
f 4798 	5109 	4799
f 5109 	5110 	4799
f 4799 	5110 	4800
f 5110 	5111 	4800
f 4800 	5111 	4801
f 5111 	5112 	4801
f 4801 	5112 	4802
f 5112 	5113 	4802
f 4802 	5113 	4803
f 5113 	5114 	4803
f 4803 	5114 	4804
f 5114 	5115 	4804
f 4804 	5115 	4805
f 5115 	5116 	4805
f 4805 	5116 	4806
f 5116 	5117 	4806
f 4806 	5117 	4807
f 5117 	5118 	4807
f 4807 	5118 	4808
f 5118 	5119 	4808
f 4808 	5119 	4809
f 5119 	5120 	4809
f 4809 	5120 	4810
f 5120 	5121 	4810
f 4810 	5121 	4811
f 5121 	5122 	4811
f 4811 	5122 	4812
f 5122 	5123 	4812
f 4812 	5123 	4813
f 5123 	5124 	4813
f 4813 	5124 	4814
f 5124 	5125 	4814
f 4814 	5125 	4815
f 5125 	5126 	4815
f 4815 	5126 	4816
f 5126 	5127 	4816
f 4816 	5127 	4817
f 5127 	5128 	4817
f 4817 	5128 	4818
f 5128 	5129 	4818
f 4818 	5129 	4819
f 5129 	5130 	4819
f 4819 	5130 	4820
f 5130 	5131 	4820
f 4820 	5131 	4821
f 5131 	5132 	4821
f 4821 	5132 	4822
f 5132 	5133 	4822
f 4822 	5133 	4823
f 5133 	5134 	4823
f 4823 	5134 	4824
f 5134 	5135 	4824
f 4824 	5135 	4825
f 5135 	5136 	4825
f 4825 	5136 	4826
f 5136 	5137 	4826
f 4826 	5137 	4827
f 5137 	5138 	4827
f 4827 	5138 	4828
f 5138 	5139 	4828
f 4828 	5139 	4829
f 5139 	5140 	4829
f 4829 	5140 	4830
f 5140 	5141 	4830
f 4830 	5141 	4831
f 5141 	5142 	4831
f 4831 	5142 	4832
f 5142 	5143 	4832
f 4832 	5143 	4833
f 5143 	5144 	4833
f 4833 	5144 	4834
f 5144 	5145 	4834
f 4834 	5145 	4835
f 5145 	5146 	4835
f 4835 	5146 	4836
f 5146 	5147 	4836
f 4836 	5147 	4837
f 5147 	5148 	4837
f 4837 	5148 	4838
f 5148 	5149 	4838
f 4838 	5149 	4839
f 5149 	5150 	4839
f 4839 	5150 	4840
f 5150 	5151 	4840
f 4840 	5151 	4841
f 5151 	5152 	4841
f 4841 	5152 	4842
f 5152 	5153 	4842
f 4842 	5153 	4843
f 5153 	5154 	4843
f 4843 	5154 	4844
f 5154 	5155 	4844
f 4844 	5155 	4845
f 5155 	5156 	4845
f 4845 	5156 	4846
f 5156 	5157 	4846
f 4846 	5157 	4847
f 5157 	5158 	4847
f 4847 	5158 	4848
f 5158 	5159 	4848
f 4848 	5159 	4849
f 5159 	5160 	4849
f 4849 	5160 	4850
f 5160 	5161 	4850
f 4850 	5161 	4851
f 5161 	5162 	4851
f 4851 	5162 	4852
f 5162 	5163 	4852
f 4852 	5163 	4853
f 5163 	5164 	4853
f 4853 	5164 	4854
f 5164 	5165 	4854
f 4854 	5165 	4855
f 5165 	5166 	4855
f 4855 	5166 	4856
f 5166 	5167 	4856
f 4856 	5167 	4857
f 5167 	5168 	4857
f 4857 	5168 	4858
f 5168 	5169 	4858
f 4858 	5169 	4859
f 5169 	5170 	4859
f 4859 	5170 	4860
f 5170 	5171 	4860
f 4860 	5171 	4861
f 5171 	5172 	4861
f 4861 	5172 	4862
f 5172 	5173 	4862
f 4862 	5173 	4863
f 5173 	5174 	4863
f 4863 	5174 	4864
f 5174 	5175 	4864
f 4864 	5175 	4865
f 5175 	5176 	4865
f 4865 	5176 	4866
f 5176 	5177 	4866
f 4866 	5177 	4867
f 5177 	5178 	4867
f 4867 	5178 	4868
f 5178 	5179 	4868
f 4868 	5179 	4869
f 5179 	5180 	4869
f 4869 	5180 	4870
f 5180 	5181 	4870
f 4870 	5181 	4871
f 5181 	5182 	4871
f 4871 	5182 	4872
f 5182 	5183 	4872
f 4872 	5183 	4873
f 5183 	5184 	4873
f 4873 	5184 	4874
f 5184 	5185 	4874
f 4874 	5185 	4875
f 5185 	5186 	4875
f 4875 	5186 	4876
f 5186 	5187 	4876
f 4876 	5187 	4877
f 5187 	5188 	4877
f 4877 	5188 	4878
f 5188 	5189 	4878
f 4878 	5189 	4879
f 5189 	5190 	4879
f 4879 	5190 	4880
f 5190 	5191 	4880
f 4880 	5191 	4881
f 5191 	5192 	4881
f 4881 	5192 	4882
f 5192 	5193 	4882
f 4882 	5193 	4883
f 5193 	5194 	4883
f 4883 	5194 	4884
f 5194 	5195 	4884
f 4884 	5195 	4885
f 5195 	5196 	4885
f 4885 	5196 	4886
f 5196 	5197 	4886
f 4886 	5197 	4887
f 5197 	5198 	4887
f 4887 	5198 	4888
f 5198 	5199 	4888
f 4888 	5199 	4889
f 5199 	5200 	4889
f 4889 	5200 	4890
f 5200 	5201 	4890
f 4890 	5201 	4891
f 5201 	5202 	4891
f 4891 	5202 	4892
f 5202 	5203 	4892
f 4892 	5203 	4893
f 5203 	5204 	4893
f 4893 	5204 	4894
f 5204 	5205 	4894
f 4894 	5205 	4895
f 5205 	5206 	4895
f 4895 	5206 	4896
f 5206 	5207 	4896
f 4896 	5207 	4897
f 5207 	5208 	4897
f 4897 	5208 	4898
f 5208 	5209 	4898
f 4898 	5209 	4899
f 5209 	5210 	4899
f 4899 	5210 	4900
f 5210 	5211 	4900
f 4900 	5211 	4901
f 5211 	5212 	4901
f 4901 	5212 	4902
f 5212 	5213 	4902
f 4902 	5213 	4903
f 5213 	5214 	4903
f 4903 	5214 	4904
f 5214 	5215 	4904
f 4904 	5215 	4905
f 5215 	5216 	4905
f 4905 	5216 	4906
f 5216 	5217 	4906
f 4906 	5217 	4907
f 5217 	5218 	4907
f 4907 	5218 	4908
f 5218 	5219 	4908
f 4908 	5219 	4909
f 5219 	5220 	4909
f 4909 	5220 	4910
f 5220 	5221 	4910
f 4910 	5221 	4911
f 5221 	5222 	4911
f 4911 	5222 	4912
f 5222 	5223 	4912
f 4912 	5223 	4913
f 5223 	5224 	4913
f 4913 	5224 	4914
f 5224 	5225 	4914
f 4914 	5225 	4915
f 5225 	5226 	4915
f 4915 	5226 	4916
f 5226 	5227 	4916
f 4916 	5227 	4917
f 5227 	5228 	4917
f 4917 	5228 	4918
f 5228 	5229 	4918
f 4918 	5229 	4919
f 5229 	5230 	4919
f 4919 	5230 	4920
f 5230 	5231 	4920
f 4920 	5231 	4921
f 5231 	5232 	4921
f 4921 	5232 	4922
f 5232 	5233 	4922
f 4922 	5233 	4923
f 5233 	5234 	4923
f 4923 	5234 	4924
f 5234 	5235 	4924
f 4924 	5235 	4925
f 5235 	5236 	4925
f 4925 	5236 	4926
f 5236 	5237 	4926
f 4926 	5237 	4927
f 5237 	5238 	4927
f 4927 	5238 	4928
f 5238 	5239 	4928
f 4928 	5239 	4929
f 5239 	5240 	4929
f 4929 	5240 	4930
f 5240 	5241 	4930
f 4930 	5241 	4931
f 5241 	5242 	4931
f 4931 	5242 	4932
f 5242 	5243 	4932
f 4932 	5243 	4933
f 5243 	5244 	4933
f 4933 	5244 	4934
f 5244 	5245 	4934
f 4934 	5245 	4935
f 5245 	5246 	4935
f 4935 	5246 	4936
f 5246 	5247 	4936
f 4936 	5247 	4937
f 5247 	5248 	4937
f 4937 	5248 	4938
f 5248 	5249 	4938
f 4938 	5249 	4939
f 5249 	5250 	4939
f 4939 	5250 	4940
f 5250 	5251 	4940
f 4940 	5251 	4941
f 5251 	5252 	4941
f 4941 	5252 	4942
f 5252 	5253 	4942
f 4942 	5253 	4943
f 5253 	5254 	4943
f 4943 	5254 	4944
f 5254 	5255 	4944
f 4944 	5255 	4945
f 5255 	5256 	4945
f 4945 	5256 	4946
f 5256 	5257 	4946
f 4946 	5257 	4947
f 5257 	5258 	4947
f 4947 	5258 	4948
f 5258 	5259 	4948
f 4948 	5259 	4949
f 5259 	5260 	4949
f 4949 	5260 	4950
f 5260 	5261 	4950
f 4950 	5261 	4951
f 5261 	5262 	4951
f 4951 	5262 	4952
f 5262 	5263 	4952
f 4952 	5263 	4953
f 5263 	5264 	4953
f 4953 	5264 	4954
f 5264 	5265 	4954
f 4954 	5265 	4955
f 5265 	5266 	4955
f 4955 	5266 	4956
f 5266 	5267 	4956
f 4956 	5267 	4957
f 5267 	4957 	4957
f 602 	4958 	4958
f 4958 	5268 	4959
f 4959 	5268 	4960
f 5268 	5269 	4960
f 4960 	5269 	4961
f 5269 	5270 	4961
f 4961 	5270 	4962
f 5270 	5271 	4962
f 4962 	5271 	4963
f 5271 	5272 	4963
f 4963 	5272 	4964
f 5272 	5273 	4964
f 4964 	5273 	4965
f 5273 	5274 	4965
f 4965 	5274 	4966
f 5274 	5275 	4966
f 4966 	5275 	4967
f 5275 	5276 	4967
f 4967 	5276 	4968
f 5276 	5277 	4968
f 4968 	5277 	4658
f 5277 	4969 	4658
f 4969 	5278 	4970
f 5278 	5279 	4970
f 4970 	5279 	4971
f 5279 	5280 	4971
f 4971 	5280 	4972
f 5280 	5281 	4972
f 4972 	5281 	4973
f 5281 	5282 	4973
f 4973 	5282 	4974
f 5282 	5283 	4974
f 4974 	5283 	4975
f 5283 	5284 	4975
f 4975 	5284 	4976
f 5284 	5285 	4976
f 4976 	5285 	4977
f 5285 	5286 	4977
f 4977 	5286 	4978
f 5286 	5287 	4978
f 4978 	5287 	4979
f 5287 	5288 	4979
f 4979 	5288 	4980
f 5288 	5289 	4980
f 4980 	5289 	4981
f 5289 	5290 	4981
f 4981 	5290 	4982
f 5290 	5291 	4982
f 4982 	5291 	4983
f 5291 	5292 	4983
f 4983 	5292 	4984
f 5292 	5293 	4984
f 4984 	5293 	4985
f 5293 	5294 	4985
f 4985 	5294 	4986
f 5294 	5295 	4986
f 4986 	5295 	4987
f 5295 	5296 	4987
f 4987 	5296 	4988
f 5296 	5297 	4988
f 4988 	5297 	4989
f 5297 	5298 	4989
f 4989 	5298 	4990
f 5298 	5299 	4990
f 4990 	5299 	4991
f 5299 	5300 	4991
f 4991 	5300 	4992
f 5300 	5301 	4992
f 4992 	5301 	4993
f 5301 	5302 	4993
f 4993 	5302 	4994
f 5302 	5303 	4994
f 4994 	5303 	4995
f 5303 	5304 	4995
f 4995 	5304 	4996
f 5304 	5305 	4996
f 4996 	5305 	4997
f 5305 	5306 	4997
f 4997 	5306 	4998
f 5306 	5307 	4998
f 4998 	5307 	4999
f 5307 	5308 	4999
f 4999 	5308 	5000
f 5308 	5309 	5000
f 5000 	5309 	5001
f 5309 	5310 	5001
f 5001 	5310 	5002
f 5310 	5311 	5002
f 5002 	5311 	5003
f 5311 	5312 	5003
f 5003 	5312 	5004
f 5312 	5313 	5004
f 5004 	5313 	5005
f 5313 	5314 	5005
f 5005 	5314 	5006
f 5314 	5315 	5006
f 5006 	5315 	5007
f 5315 	5316 	5007
f 5007 	5316 	5008
f 5316 	5317 	5008
f 5008 	5317 	5009
f 5317 	5318 	5009
f 5009 	5318 	5010
f 5318 	5319 	5010
f 5010 	5319 	5011
f 5319 	5320 	5011
f 5011 	5320 	5012
f 5320 	5321 	5012
f 5012 	5321 	5013
f 5321 	5322 	5013
f 5013 	5322 	5014
f 5322 	5323 	5014
f 5014 	5323 	5015
f 5323 	5324 	5015
f 5015 	5324 	5016
f 5324 	5325 	5016
f 5016 	5325 	5017
f 5325 	5326 	5017
f 5017 	5326 	5018
f 5326 	5327 	5018
f 5018 	5327 	5019
f 5327 	5328 	5019
f 5019 	5328 	5020
f 5328 	5329 	5020
f 5020 	5329 	5021
f 5329 	5330 	5021
f 5021 	5330 	5022
f 5330 	5331 	5022
f 5022 	5331 	5023
f 5331 	5332 	5023
f 5023 	5332 	5024
f 5332 	5333 	5024
f 5024 	5333 	5025
f 5333 	5334 	5025
f 5025 	5334 	5026
f 5334 	5335 	5026
f 5026 	5335 	5027
f 5335 	5336 	5027
f 5027 	5336 	5028
f 5336 	5337 	5028
f 5028 	5337 	5029
f 5337 	5338 	5029
f 5029 	5338 	5030
f 5338 	5339 	5030
f 5030 	5339 	5031
f 5339 	5340 	5031
f 5031 	5340 	5032
f 5340 	5341 	5032
f 5032 	5341 	5033
f 5341 	5342 	5033
f 5033 	5342 	5034
f 5342 	5343 	5034
f 5034 	5343 	5035
f 5343 	5344 	5035
f 5035 	5344 	5036
f 5344 	5345 	5036
f 5036 	5345 	5037
f 5345 	5346 	5037
f 5037 	5346 	5038
f 5346 	5347 	5038
f 5038 	5347 	5039
f 5347 	5348 	5039
f 5039 	5348 	5040
f 5348 	5349 	5040
f 5040 	5349 	5041
f 5349 	5350 	5041
f 5041 	5350 	5042
f 5350 	5351 	5042
f 5042 	5351 	5043
f 5351 	5352 	5043
f 5043 	5352 	5044
f 5352 	5353 	5044
f 5044 	5353 	5045
f 5353 	5354 	5045
f 5045 	5354 	5046
f 5354 	5355 	5046
f 5046 	5355 	5047
f 5355 	5356 	5047
f 5047 	5356 	5048
f 5356 	5357 	5048
f 5048 	5357 	5049
f 5357 	5358 	5049
f 5049 	5358 	5050
f 5358 	5359 	5050
f 5050 	5359 	5051
f 5359 	5360 	5051
f 5051 	5360 	5052
f 5360 	5361 	5052
f 5052 	5361 	5053
f 5361 	5362 	5053
f 5053 	5362 	5054
f 5362 	5363 	5054
f 5054 	5363 	5055
f 5363 	5364 	5055
f 5055 	5364 	5056
f 5364 	5365 	5056
f 5056 	5365 	5057
f 5365 	5366 	5057
f 5057 	5366 	5058
f 5366 	5367 	5058
f 5058 	5367 	5059
f 5367 	5368 	5059
f 5059 	5368 	5060
f 5368 	5369 	5060
f 5060 	5369 	5061
f 5369 	5370 	5061
f 5061 	5370 	5062
f 5370 	5371 	5062
f 5062 	5371 	5063
f 5371 	5372 	5063
f 5063 	5372 	5064
f 5372 	5373 	5064
f 5064 	5373 	5065
f 5373 	5374 	5065
f 5065 	5374 	5066
f 5374 	5375 	5066
f 5066 	5375 	5067
f 5375 	5376 	5067
f 5067 	5376 	5068
f 5376 	5377 	5068
f 5068 	5377 	5069
f 5377 	5378 	5069
f 5069 	5378 	5070
f 5378 	5379 	5070
f 5070 	5379 	5071
f 5379 	5380 	5071
f 5071 	5380 	5072
f 5380 	5381 	5072
f 5072 	5381 	5073
f 5381 	5382 	5073
f 5073 	5382 	5074
f 5382 	5383 	5074
f 5074 	5383 	5075
f 5383 	5384 	5075
f 5075 	5384 	5076
f 5384 	5385 	5076
f 5076 	5385 	5077
f 5385 	5386 	5077
f 5077 	5386 	5078
f 5386 	5387 	5078
f 5078 	5387 	5079
f 5387 	5388 	5079
f 5079 	5388 	5080
f 5388 	5389 	5080
f 5080 	5389 	5081
f 5389 	5390 	5081
f 5081 	5390 	5082
f 5390 	5391 	5082
f 5082 	5391 	5083
f 5391 	5392 	5083
f 5083 	5392 	5084
f 5392 	5393 	5084
f 5084 	5393 	5085
f 5393 	5394 	5085
f 5085 	5394 	5086
f 5394 	5395 	5086
f 5086 	5395 	5087
f 5395 	5396 	5087
f 5087 	5396 	5088
f 5396 	5397 	5088
f 5088 	5397 	5089
f 5397 	5398 	5089
f 5089 	5398 	5090
f 5398 	5399 	5090
f 5090 	5399 	5091
f 5399 	5400 	5091
f 5091 	5400 	5092
f 5400 	5401 	5092
f 5092 	5401 	5093
f 5401 	5402 	5093
f 5093 	5402 	5094
f 5402 	5403 	5094
f 5094 	5403 	5095
f 5403 	5404 	5095
f 5095 	5404 	5096
f 5404 	5405 	5096
f 5096 	5405 	5097
f 5405 	5406 	5097
f 5097 	5406 	5098
f 5406 	5407 	5098
f 5098 	5407 	5099
f 5407 	5408 	5099
f 5099 	5408 	5100
f 5408 	5409 	5100
f 5100 	5409 	5101
f 5409 	5410 	5101
f 5101 	5410 	5102
f 5410 	5411 	5102
f 5102 	5411 	5103
f 5411 	5412 	5103
f 5103 	5412 	5104
f 5412 	5413 	5104
f 5104 	5413 	5105
f 5413 	5414 	5105
f 5105 	5414 	5106
f 5414 	5415 	5106
f 5106 	5415 	5107
f 5415 	5416 	5107
f 5107 	5416 	5108
f 5416 	5417 	5108
f 5108 	5417 	5109
f 5417 	5418 	5109
f 5109 	5418 	5110
f 5418 	5419 	5110
f 5110 	5419 	5111
f 5419 	5420 	5111
f 5111 	5420 	5112
f 5420 	5421 	5112
f 5112 	5421 	5113
f 5421 	5422 	5113
f 5113 	5422 	5114
f 5422 	5423 	5114
f 5114 	5423 	5115
f 5423 	5424 	5115
f 5115 	5424 	5116
f 5424 	5425 	5116
f 5116 	5425 	5117
f 5425 	5426 	5117
f 5117 	5426 	5118
f 5426 	5427 	5118
f 5118 	5427 	5119
f 5427 	5428 	5119
f 5119 	5428 	5120
f 5428 	5429 	5120
f 5120 	5429 	5121
f 5429 	5430 	5121
f 5121 	5430 	5122
f 5430 	5431 	5122
f 5122 	5431 	5123
f 5431 	5432 	5123
f 5123 	5432 	5124
f 5432 	5433 	5124
f 5124 	5433 	5125
f 5433 	5434 	5125
f 5125 	5434 	5126
f 5434 	5435 	5126
f 5126 	5435 	5127
f 5435 	5436 	5127
f 5127 	5436 	5128
f 5436 	5437 	5128
f 5128 	5437 	5129
f 5437 	5438 	5129
f 5129 	5438 	5130
f 5438 	5439 	5130
f 5130 	5439 	5131
f 5439 	5440 	5131
f 5131 	5440 	5132
f 5440 	5441 	5132
f 5132 	5441 	5133
f 5441 	5442 	5133
f 5133 	5442 	5134
f 5442 	5443 	5134
f 5134 	5443 	5135
f 5443 	5444 	5135
f 5135 	5444 	5136
f 5444 	5445 	5136
f 5136 	5445 	5137
f 5445 	5446 	5137
f 5137 	5446 	5138
f 5446 	5447 	5138
f 5138 	5447 	5139
f 5447 	5448 	5139
f 5139 	5448 	5140
f 5448 	5449 	5140
f 5140 	5449 	5141
f 5449 	5450 	5141
f 5141 	5450 	5142
f 5450 	5451 	5142
f 5142 	5451 	5143
f 5451 	5452 	5143
f 5143 	5452 	5144
f 5452 	5453 	5144
f 5144 	5453 	5145
f 5453 	5454 	5145
f 5145 	5454 	5146
f 5454 	5455 	5146
f 5146 	5455 	5147
f 5455 	5456 	5147
f 5147 	5456 	5148
f 5456 	5457 	5148
f 5148 	5457 	5149
f 5457 	5458 	5149
f 5149 	5458 	5150
f 5458 	5459 	5150
f 5150 	5459 	5151
f 5459 	5460 	5151
f 5151 	5460 	5152
f 5460 	5461 	5152
f 5152 	5461 	5153
f 5461 	5462 	5153
f 5153 	5462 	5154
f 5462 	5463 	5154
f 5154 	5463 	5155
f 5463 	5464 	5155
f 5155 	5464 	5156
f 5464 	5465 	5156
f 5156 	5465 	5157
f 5465 	5466 	5157
f 5157 	5466 	5158
f 5466 	5467 	5158
f 5158 	5467 	5159
f 5467 	5468 	5159
f 5159 	5468 	5160
f 5468 	5469 	5160
f 5160 	5469 	5161
f 5469 	5470 	5161
f 5161 	5470 	5162
f 5470 	5471 	5162
f 5162 	5471 	5163
f 5471 	5472 	5163
f 5163 	5472 	5164
f 5472 	5473 	5164
f 5164 	5473 	5165
f 5473 	5474 	5165
f 5165 	5474 	5166
f 5474 	5475 	5166
f 5166 	5475 	5167
f 5475 	5476 	5167
f 5167 	5476 	5168
f 5476 	5477 	5168
f 5168 	5477 	5169
f 5477 	5478 	5169
f 5169 	5478 	5170
f 5478 	5479 	5170
f 5170 	5479 	5171
f 5479 	5480 	5171
f 5171 	5480 	5172
f 5480 	5481 	5172
f 5172 	5481 	5173
f 5481 	5482 	5173
f 5173 	5482 	5174
f 5482 	5483 	5174
f 5174 	5483 	5175
f 5483 	5484 	5175
f 5175 	5484 	5176
f 5484 	5485 	5176
f 5176 	5485 	5177
f 5485 	5486 	5177
f 5177 	5486 	5178
f 5486 	5487 	5178
f 5178 	5487 	5179
f 5487 	5488 	5179
f 5179 	5488 	5180
f 5488 	5489 	5180
f 5180 	5489 	5181
f 5489 	5490 	5181
f 5181 	5490 	5182
f 5490 	5491 	5182
f 5182 	5491 	5183
f 5491 	5492 	5183
f 5183 	5492 	5184
f 5492 	5493 	5184
f 5184 	5493 	5185
f 5493 	5494 	5185
f 5185 	5494 	5186
f 5494 	5495 	5186
f 5186 	5495 	5187
f 5495 	5496 	5187
f 5187 	5496 	5188
f 5496 	5497 	5188
f 5188 	5497 	5189
f 5497 	5498 	5189
f 5189 	5498 	5190
f 5498 	5499 	5190
f 5190 	5499 	5191
f 5499 	5500 	5191
f 5191 	5500 	5192
f 5500 	5501 	5192
f 5192 	5501 	5193
f 5501 	5502 	5193
f 5193 	5502 	5194
f 5502 	5503 	5194
f 5194 	5503 	5195
f 5503 	5504 	5195
f 5195 	5504 	5196
f 5504 	5505 	5196
f 5196 	5505 	5197
f 5505 	5506 	5197
f 5197 	5506 	5198
f 5506 	5507 	5198
f 5198 	5507 	5199
f 5507 	5508 	5199
f 5199 	5508 	5200
f 5508 	5509 	5200
f 5200 	5509 	5201
f 5509 	5510 	5201
f 5201 	5510 	5202
f 5510 	5511 	5202
f 5202 	5511 	5203
f 5511 	5512 	5203
f 5203 	5512 	5204
f 5512 	5513 	5204
f 5204 	5513 	5205
f 5513 	5514 	5205
f 5205 	5514 	5206
f 5514 	5515 	5206
f 5206 	5515 	5207
f 5515 	5516 	5207
f 5207 	5516 	5208
f 5516 	5517 	5208
f 5208 	5517 	5209
f 5517 	5518 	5209
f 5209 	5518 	5210
f 5518 	5519 	5210
f 5210 	5519 	5211
f 5519 	5520 	5211
f 5211 	5520 	5212
f 5520 	5521 	5212
f 5212 	5521 	5213
f 5521 	5522 	5213
f 5213 	5522 	5214
f 5522 	5523 	5214
f 5214 	5523 	5215
f 5523 	5524 	5215
f 5215 	5524 	5216
f 5524 	5525 	5216
f 5216 	5525 	5217
f 5525 	5526 	5217
f 5217 	5526 	5218
f 5526 	5527 	5218
f 5218 	5527 	5219
f 5527 	5528 	5219
f 5219 	5528 	5220
f 5528 	5529 	5220
f 5220 	5529 	5221
f 5529 	5530 	5221
f 5221 	5530 	5222
f 5530 	5531 	5222
f 5222 	5531 	5223
f 5531 	5532 	5223
f 5223 	5532 	5224
f 5532 	5533 	5224
f 5224 	5533 	5225
f 5533 	5534 	5225
f 5225 	5534 	5226
f 5534 	5535 	5226
f 5226 	5535 	5227
f 5535 	5536 	5227
f 5227 	5536 	5228
f 5536 	5537 	5228
f 5228 	5537 	5229
f 5537 	5538 	5229
f 5229 	5538 	5230
f 5538 	5539 	5230
f 5230 	5539 	5231
f 5539 	5540 	5231
f 5231 	5540 	5232
f 5540 	5541 	5232
f 5232 	5541 	5233
f 5541 	5542 	5233
f 5233 	5542 	5234
f 5542 	5543 	5234
f 5234 	5543 	5235
f 5543 	5544 	5235
f 5235 	5544 	5236
f 5544 	5545 	5236
f 5236 	5545 	5237
f 5545 	5546 	5237
f 5237 	5546 	5238
f 5546 	5547 	5238
f 5238 	5547 	5239
f 5547 	5548 	5239
f 5239 	5548 	5240
f 5548 	5549 	5240
f 5240 	5549 	5241
f 5549 	5550 	5241
f 5241 	5550 	5242
f 5550 	5551 	5242
f 5242 	5551 	5243
f 5551 	5552 	5243
f 5243 	5552 	5244
f 5552 	5553 	5244
f 5244 	5553 	5245
f 5553 	5554 	5245
f 5245 	5554 	5246
f 5554 	5555 	5246
f 5246 	5555 	5247
f 5555 	5556 	5247
f 5247 	5556 	5248
f 5556 	5557 	5248
f 5248 	5557 	5249
f 5557 	5558 	5249
f 5249 	5558 	5250
f 5558 	5559 	5250
f 5250 	5559 	5251
f 5559 	5560 	5251
f 5251 	5560 	5252
f 5560 	5561 	5252
f 5252 	5561 	5253
f 5561 	5562 	5253
f 5253 	5562 	5254
f 5562 	5563 	5254
f 5254 	5563 	5255
f 5563 	5564 	5255
f 5255 	5564 	5256
f 5564 	5565 	5256
f 5256 	5565 	5257
f 5565 	5566 	5257
f 5257 	5566 	5258
f 5566 	5567 	5258
f 5258 	5567 	5259
f 5567 	5568 	5259
f 5259 	5568 	5260
f 5568 	5569 	5260
f 5260 	5569 	5261
f 5569 	5570 	5261
f 5261 	5570 	5262
f 5570 	5571 	5262
f 5262 	5571 	5263
f 5571 	5572 	5263
f 5263 	5572 	5264
f 5572 	5573 	5264
f 5264 	5573 	5265
f 5573 	5574 	5265
f 5265 	5574 	5266
f 5574 	5575 	5266
f 5266 	5575 	5267
f 5575 	5576 	5267
f 5267 	5576 	4957
f 5576 	5577 	4957
f 4957 	5577 	601
f 602 	5578 	4958
f 4958 	5578 	5268
f 5578 	5579 	5268
f 5268 	5579 	5269
f 5579 	5580 	5269
f 5269 	5580 	5270
f 5580 	5581 	5270
f 5270 	5581 	5271
f 5581 	5582 	5271
f 5271 	5582 	5272
f 5582 	5583 	5272
f 5272 	5583 	5273
f 5583 	5584 	5273
f 5273 	5584 	5274
f 5584 	5585 	5274
f 5274 	5585 	5275
f 5585 	5586 	5275
f 5275 	5586 	5276
f 5586 	5587 	5276
f 5276 	5587 	5277
f 5587 	5588 	5277
f 5277 	5588 	4969
f 5588 	5278 	4969
f 5278 	5589 	5279
f 5589 	5590 	5279
f 5279 	5590 	5280
f 5590 	5591 	5280
f 5280 	5591 	5281
f 5591 	5592 	5281
f 5281 	5592 	5282
f 5592 	5593 	5282
f 5282 	5593 	5283
f 5593 	5594 	5283
f 5283 	5594 	5284
f 5594 	5595 	5284
f 5284 	5595 	5285
f 5595 	5596 	5285
f 5285 	5596 	5286
f 5596 	5597 	5286
f 5286 	5597 	5287
f 5597 	5598 	5287
f 5287 	5598 	5288
f 5598 	5599 	5288
f 5288 	5599 	5289
f 5599 	5600 	5289
f 5289 	5600 	5290
f 5600 	5601 	5290
f 5290 	5601 	5291
f 5601 	5602 	5291
f 5291 	5602 	5292
f 5602 	5603 	5292
f 5292 	5603 	5293
f 5603 	5604 	5293
f 5293 	5604 	5294
f 5604 	5605 	5294
f 5294 	5605 	5295
f 5605 	5606 	5295
f 5295 	5606 	5296
f 5606 	5607 	5296
f 5296 	5607 	5297
f 5607 	5608 	5297
f 5297 	5608 	5298
f 5608 	5609 	5298
f 5298 	5609 	5299
f 5609 	5610 	5299
f 5299 	5610 	5300
f 5610 	5611 	5300
f 5300 	5611 	5301
f 5611 	5612 	5301
f 5301 	5612 	5302
f 5612 	5613 	5302
f 5302 	5613 	5303
f 5613 	5614 	5303
f 5303 	5614 	5304
f 5614 	5615 	5304
f 5304 	5615 	5305
f 5615 	5616 	5305
f 5305 	5616 	5306
f 5616 	5617 	5306
f 5306 	5617 	5307
f 5617 	5618 	5307
f 5307 	5618 	5308
f 5618 	5619 	5308
f 5308 	5619 	5309
f 5619 	5620 	5309
f 5309 	5620 	5310
f 5620 	5621 	5310
f 5310 	5621 	5311
f 5621 	5622 	5311
f 5311 	5622 	5312
f 5622 	5623 	5312
f 5312 	5623 	5313
f 5623 	5624 	5313
f 5313 	5624 	5314
f 5624 	5625 	5314
f 5314 	5625 	5315
f 5625 	5626 	5315
f 5315 	5626 	5316
f 5626 	5627 	5316
f 5316 	5627 	5317
f 5627 	5628 	5317
f 5317 	5628 	5318
f 5628 	5629 	5318
f 5318 	5629 	5319
f 5629 	5630 	5319
f 5319 	5630 	5320
f 5630 	5631 	5320
f 5320 	5631 	5321
f 5631 	5632 	5321
f 5321 	5632 	5322
f 5632 	5633 	5322
f 5322 	5633 	5323
f 5633 	5634 	5323
f 5323 	5634 	5324
f 5634 	5635 	5324
f 5324 	5635 	5325
f 5635 	5636 	5325
f 5325 	5636 	5326
f 5636 	5637 	5326
f 5326 	5637 	5327
f 5637 	5638 	5327
f 5327 	5638 	5328
f 5638 	5639 	5328
f 5328 	5639 	5329
f 5639 	5640 	5329
f 5329 	5640 	5330
f 5640 	5641 	5330
f 5330 	5641 	5331
f 5641 	5642 	5331
f 5331 	5642 	5332
f 5642 	5643 	5332
f 5332 	5643 	5333
f 5643 	5644 	5333
f 5333 	5644 	5334
f 5644 	5645 	5334
f 5334 	5645 	5335
f 5645 	5646 	5335
f 5335 	5646 	5336
f 5646 	5647 	5336
f 5336 	5647 	5337
f 5647 	5648 	5337
f 5337 	5648 	5338
f 5648 	5649 	5338
f 5338 	5649 	5339
f 5649 	5650 	5339
f 5339 	5650 	5340
f 5650 	5651 	5340
f 5340 	5651 	5341
f 5651 	5652 	5341
f 5341 	5652 	5342
f 5652 	5653 	5342
f 5342 	5653 	5343
f 5653 	5654 	5343
f 5343 	5654 	5344
f 5654 	5655 	5344
f 5344 	5655 	5345
f 5655 	5656 	5345
f 5345 	5656 	5346
f 5656 	5657 	5346
f 5346 	5657 	5347
f 5657 	5658 	5347
f 5347 	5658 	5348
f 5658 	5659 	5348
f 5348 	5659 	5349
f 5659 	5660 	5349
f 5349 	5660 	5350
f 5660 	5661 	5350
f 5350 	5661 	5351
f 5661 	5662 	5351
f 5351 	5662 	5352
f 5662 	5663 	5352
f 5352 	5663 	5353
f 5663 	5664 	5353
f 5353 	5664 	5354
f 5664 	5665 	5354
f 5354 	5665 	5355
f 5665 	5666 	5355
f 5355 	5666 	5356
f 5666 	5667 	5356
f 5356 	5667 	5357
f 5667 	5668 	5357
f 5357 	5668 	5358
f 5668 	5669 	5358
f 5358 	5669 	5359
f 5669 	5670 	5359
f 5359 	5670 	5360
f 5670 	5671 	5360
f 5360 	5671 	5361
f 5671 	5672 	5361
f 5361 	5672 	5362
f 5672 	5673 	5362
f 5362 	5673 	5363
f 5673 	5674 	5363
f 5363 	5674 	5364
f 5674 	5675 	5364
f 5364 	5675 	5365
f 5675 	5676 	5365
f 5365 	5676 	5366
f 5676 	5677 	5366
f 5366 	5677 	5367
f 5677 	5678 	5367
f 5367 	5678 	5368
f 5678 	5679 	5368
f 5368 	5679 	5369
f 5679 	5680 	5369
f 5369 	5680 	5370
f 5680 	5681 	5370
f 5370 	5681 	5371
f 5681 	5682 	5371
f 5371 	5682 	5372
f 5682 	5683 	5372
f 5372 	5683 	5373
f 5683 	5684 	5373
f 5373 	5684 	5374
f 5684 	5685 	5374
f 5374 	5685 	5375
f 5685 	5686 	5375
f 5375 	5686 	5376
f 5686 	5687 	5376
f 5376 	5687 	5377
f 5687 	5688 	5377
f 5377 	5688 	5378
f 5688 	5689 	5378
f 5378 	5689 	5379
f 5689 	5690 	5379
f 5379 	5690 	5380
f 5690 	5691 	5380
f 5380 	5691 	5381
f 5691 	5692 	5381
f 5381 	5692 	5382
f 5692 	5693 	5382
f 5382 	5693 	5383
f 5693 	5694 	5383
f 5383 	5694 	5384
f 5694 	5695 	5384
f 5384 	5695 	5385
f 5695 	5696 	5385
f 5385 	5696 	5386
f 5696 	5697 	5386
f 5386 	5697 	5387
f 5697 	5698 	5387
f 5387 	5698 	5388
f 5698 	5699 	5388
f 5388 	5699 	5389
f 5699 	5700 	5389
f 5389 	5700 	5390
f 5700 	5701 	5390
f 5390 	5701 	5391
f 5701 	5702 	5391
f 5391 	5702 	5392
f 5702 	5703 	5392
f 5392 	5703 	5393
f 5703 	5704 	5393
f 5393 	5704 	5394
f 5704 	5705 	5394
f 5394 	5705 	5395
f 5705 	5706 	5395
f 5395 	5706 	5396
f 5706 	5707 	5396
f 5396 	5707 	5397
f 5707 	5708 	5397
f 5397 	5708 	5398
f 5708 	5709 	5398
f 5398 	5709 	5399
f 5709 	5710 	5399
f 5399 	5710 	5400
f 5710 	5711 	5400
f 5400 	5711 	5401
f 5711 	5712 	5401
f 5401 	5712 	5402
f 5712 	5713 	5402
f 5402 	5713 	5403
f 5713 	5714 	5403
f 5403 	5714 	5404
f 5714 	5715 	5404
f 5404 	5715 	5405
f 5715 	5716 	5405
f 5405 	5716 	5406
f 5716 	5717 	5406
f 5406 	5717 	5407
f 5717 	5718 	5407
f 5407 	5718 	5408
f 5718 	5719 	5408
f 5408 	5719 	5409
f 5719 	5720 	5409
f 5409 	5720 	5410
f 5720 	5721 	5410
f 5410 	5721 	5411
f 5721 	5722 	5411
f 5411 	5722 	5412
f 5722 	5723 	5412
f 5412 	5723 	5413
f 5723 	5724 	5413
f 5413 	5724 	5414
f 5724 	5725 	5414
f 5414 	5725 	5415
f 5725 	5726 	5415
f 5415 	5726 	5416
f 5726 	5727 	5416
f 5416 	5727 	5417
f 5727 	5728 	5417
f 5417 	5728 	5418
f 5728 	5729 	5418
f 5418 	5729 	5419
f 5729 	5730 	5419
f 5419 	5730 	5420
f 5730 	5731 	5420
f 5420 	5731 	5421
f 5731 	5732 	5421
f 5421 	5732 	5422
f 5732 	5733 	5422
f 5422 	5733 	5423
f 5733 	5734 	5423
f 5423 	5734 	5424
f 5734 	5735 	5424
f 5424 	5735 	5425
f 5735 	5736 	5425
f 5425 	5736 	5426
f 5736 	5737 	5426
f 5426 	5737 	5427
f 5737 	5738 	5427
f 5427 	5738 	5428
f 5738 	5739 	5428
f 5428 	5739 	5429
f 5739 	5740 	5429
f 5429 	5740 	5430
f 5740 	5741 	5430
f 5430 	5741 	5431
f 5741 	5742 	5431
f 5431 	5742 	5432
f 5742 	5743 	5432
f 5432 	5743 	5433
f 5743 	5744 	5433
f 5433 	5744 	5434
f 5744 	5745 	5434
f 5434 	5745 	5435
f 5745 	5746 	5435
f 5435 	5746 	5436
f 5746 	5747 	5436
f 5436 	5747 	5437
f 5747 	5748 	5437
f 5437 	5748 	5438
f 5748 	5749 	5438
f 5438 	5749 	5439
f 5749 	5750 	5439
f 5439 	5750 	5440
f 5750 	5751 	5440
f 5440 	5751 	5441
f 5751 	5752 	5441
f 5441 	5752 	5442
f 5752 	5753 	5442
f 5442 	5753 	5443
f 5753 	5754 	5443
f 5443 	5754 	5444
f 5754 	5755 	5444
f 5444 	5755 	5445
f 5755 	5756 	5445
f 5445 	5756 	5446
f 5756 	5757 	5446
f 5446 	5757 	5447
f 5757 	5758 	5447
f 5447 	5758 	5448
f 5758 	5759 	5448
f 5448 	5759 	5449
f 5759 	5760 	5449
f 5449 	5760 	5450
f 5760 	5761 	5450
f 5450 	5761 	5451
f 5761 	5762 	5451
f 5451 	5762 	5452
f 5762 	5763 	5452
f 5452 	5763 	5453
f 5763 	5764 	5453
f 5453 	5764 	5454
f 5764 	5765 	5454
f 5454 	5765 	5455
f 5765 	5766 	5455
f 5455 	5766 	5456
f 5766 	5767 	5456
f 5456 	5767 	5457
f 5767 	5768 	5457
f 5457 	5768 	5458
f 5768 	5769 	5458
f 5458 	5769 	5459
f 5769 	5770 	5459
f 5459 	5770 	5460
f 5770 	5771 	5460
f 5460 	5771 	5461
f 5771 	5772 	5461
f 5461 	5772 	5462
f 5772 	5773 	5462
f 5462 	5773 	5463
f 5773 	5774 	5463
f 5463 	5774 	5464
f 5774 	5775 	5464
f 5464 	5775 	5465
f 5775 	5776 	5465
f 5465 	5776 	5466
f 5776 	5777 	5466
f 5466 	5777 	5467
f 5777 	5778 	5467
f 5467 	5778 	5468
f 5778 	5779 	5468
f 5468 	5779 	5469
f 5779 	5780 	5469
f 5469 	5780 	5470
f 5780 	5781 	5470
f 5470 	5781 	5471
f 5781 	5782 	5471
f 5471 	5782 	5472
f 5782 	5783 	5472
f 5472 	5783 	5473
f 5783 	5784 	5473
f 5473 	5784 	5474
f 5784 	5785 	5474
f 5474 	5785 	5475
f 5785 	5786 	5475
f 5475 	5786 	5476
f 5786 	5787 	5476
f 5476 	5787 	5477
f 5787 	5788 	5477
f 5477 	5788 	5478
f 5788 	5789 	5478
f 5478 	5789 	5479
f 5789 	5790 	5479
f 5479 	5790 	5480
f 5790 	5791 	5480
f 5480 	5791 	5481
f 5791 	5792 	5481
f 5481 	5792 	5482
f 5792 	5793 	5482
f 5482 	5793 	5483
f 5793 	5794 	5483
f 5483 	5794 	5484
f 5794 	5795 	5484
f 5484 	5795 	5485
f 5795 	5796 	5485
f 5485 	5796 	5486
f 5796 	5797 	5486
f 5486 	5797 	5487
f 5797 	5798 	5487
f 5487 	5798 	5488
f 5798 	5799 	5488
f 5488 	5799 	5489
f 5799 	5800 	5489
f 5489 	5800 	5490
f 5800 	5801 	5490
f 5490 	5801 	5491
f 5801 	5802 	5491
f 5491 	5802 	5492
f 5802 	5803 	5492
f 5492 	5803 	5493
f 5803 	5804 	5493
f 5493 	5804 	5494
f 5804 	5805 	5494
f 5494 	5805 	5495
f 5805 	5806 	5495
f 5495 	5806 	5496
f 5806 	5807 	5496
f 5496 	5807 	5497
f 5807 	5808 	5497
f 5497 	5808 	5498
f 5808 	5809 	5498
f 5498 	5809 	5499
f 5809 	5810 	5499
f 5499 	5810 	5500
f 5810 	5811 	5500
f 5500 	5811 	5501
f 5811 	5812 	5501
f 5501 	5812 	5502
f 5812 	5813 	5502
f 5502 	5813 	5503
f 5813 	5814 	5503
f 5503 	5814 	5504
f 5814 	5815 	5504
f 5504 	5815 	5505
f 5815 	5816 	5505
f 5505 	5816 	5506
f 5816 	5817 	5506
f 5506 	5817 	5507
f 5817 	5818 	5507
f 5507 	5818 	5508
f 5818 	5819 	5508
f 5508 	5819 	5509
f 5819 	5820 	5509
f 5509 	5820 	5510
f 5820 	5821 	5510
f 5510 	5821 	5511
f 5821 	5822 	5511
f 5511 	5822 	5512
f 5822 	5823 	5512
f 5512 	5823 	5513
f 5823 	5824 	5513
f 5513 	5824 	5514
f 5824 	5825 	5514
f 5514 	5825 	5515
f 5825 	5826 	5515
f 5515 	5826 	5516
f 5826 	5827 	5516
f 5516 	5827 	5517
f 5827 	5828 	5517
f 5517 	5828 	5518
f 5828 	5829 	5518
f 5518 	5829 	5519
f 5829 	5830 	5519
f 5519 	5830 	5520
f 5830 	5831 	5520
f 5520 	5831 	5521
f 5831 	5832 	5521
f 5521 	5832 	5522
f 5832 	5833 	5522
f 5522 	5833 	5523
f 5833 	5834 	5523
f 5523 	5834 	5524
f 5834 	5835 	5524
f 5524 	5835 	5525
f 5835 	5836 	5525
f 5525 	5836 	5526
f 5836 	5837 	5526
f 5526 	5837 	5527
f 5837 	5838 	5527
f 5527 	5838 	5528
f 5838 	5839 	5528
f 5528 	5839 	5529
f 5839 	5840 	5529
f 5529 	5840 	5530
f 5840 	5841 	5530
f 5530 	5841 	5531
f 5841 	5842 	5531
f 5531 	5842 	5532
f 5842 	5843 	5532
f 5532 	5843 	5533
f 5843 	5844 	5533
f 5533 	5844 	5534
f 5844 	5845 	5534
f 5534 	5845 	5535
f 5845 	5846 	5535
f 5535 	5846 	5536
f 5846 	5847 	5536
f 5536 	5847 	5537
f 5847 	5848 	5537
f 5537 	5848 	5538
f 5848 	5849 	5538
f 5538 	5849 	5539
f 5849 	5850 	5539
f 5539 	5850 	5540
f 5850 	5851 	5540
f 5540 	5851 	5541
f 5851 	5852 	5541
f 5541 	5852 	5542
f 5852 	5853 	5542
f 5542 	5853 	5543
f 5853 	5854 	5543
f 5543 	5854 	5544
f 5854 	5855 	5544
f 5544 	5855 	5545
f 5855 	5856 	5545
f 5545 	5856 	5546
f 5856 	5857 	5546
f 5546 	5857 	5547
f 5857 	5858 	5547
f 5547 	5858 	5548
f 5858 	5859 	5548
f 5548 	5859 	5549
f 5859 	5860 	5549
f 5549 	5860 	5550
f 5860 	5861 	5550
f 5550 	5861 	5551
f 5861 	5862 	5551
f 5551 	5862 	5552
f 5862 	5863 	5552
f 5552 	5863 	5553
f 5863 	5864 	5553
f 5553 	5864 	5554
f 5864 	5865 	5554
f 5554 	5865 	5555
f 5865 	5866 	5555
f 5555 	5866 	5556
f 5866 	5867 	5556
f 5556 	5867 	5557
f 5867 	5868 	5557
f 5557 	5868 	5558
f 5868 	5869 	5558
f 5558 	5869 	5559
f 5869 	5870 	5559
f 5559 	5870 	5560
f 5870 	5871 	5560
f 5560 	5871 	5561
f 5871 	5872 	5561
f 5561 	5872 	5562
f 5872 	5873 	5562
f 5562 	5873 	5563
f 5873 	5874 	5563
f 5563 	5874 	5564
f 5874 	5875 	5564
f 5564 	5875 	5565
f 5875 	5876 	5565
f 5565 	5876 	5566
f 5876 	5877 	5566
f 5566 	5877 	5567
f 5877 	5878 	5567
f 5567 	5878 	5568
f 5878 	5879 	5568
f 5568 	5879 	5569
f 5879 	5880 	5569
f 5569 	5880 	5570
f 5880 	5881 	5570
f 5570 	5881 	5571
f 5881 	5882 	5571
f 5571 	5882 	5572
f 5882 	5883 	5572
f 5572 	5883 	5573
f 5883 	5884 	5573
f 5573 	5884 	5574
f 5884 	5885 	5574
f 5574 	5885 	5575
f 5885 	5886 	5575
f 5575 	5886 	5576
f 5886 	5887 	5576
f 5576 	5887 	5577
f 5887 	5888 	5577
f 5577 	5888 	601
f 602 	5889 	5578
f 5578 	5889 	5579
f 5889 	5890 	5579
f 5579 	5890 	5580
f 5890 	5891 	5580
f 5580 	5891 	5581
f 5891 	5892 	5581
f 5581 	5892 	5582
f 5892 	5893 	5582
f 5582 	5893 	5583
f 5893 	5894 	5583
f 5583 	5894 	5584
f 5894 	5895 	5584
f 5584 	5895 	5585
f 5895 	5896 	5585
f 5585 	5896 	5586
f 5896 	5897 	5586
f 5586 	5897 	5587
f 5897 	5898 	5587
f 5587 	5898 	5588
f 5898 	5899 	5588
f 5588 	5899 	5278
f 5899 	5589 	5278
f 5589 	5900 	5590
f 5900 	5901 	5590
f 5590 	5901 	5591
f 5901 	5902 	5591
f 5591 	5902 	5592
f 5902 	5903 	5592
f 5592 	5903 	5593
f 5903 	5904 	5593
f 5593 	5904 	5594
f 5904 	5905 	5594
f 5594 	5905 	5595
f 5905 	5906 	5595
f 5595 	5906 	5596
f 5906 	5907 	5596
f 5596 	5907 	5597
f 5907 	5908 	5597
f 5597 	5908 	5598
f 5908 	5909 	5598
f 5598 	5909 	5599
f 5909 	5910 	5599
f 5599 	5910 	5600
f 5910 	5911 	5600
f 5600 	5911 	5601
f 5911 	5912 	5601
f 5601 	5912 	5602
f 5912 	5913 	5602
f 5602 	5913 	5603
f 5913 	5914 	5603
f 5603 	5914 	5604
f 5914 	5915 	5604
f 5604 	5915 	5605
f 5915 	5916 	5605
f 5605 	5916 	5606
f 5916 	5917 	5606
f 5606 	5917 	5607
f 5917 	5918 	5607
f 5607 	5918 	5608
f 5918 	5919 	5608
f 5608 	5919 	5609
f 5919 	5920 	5609
f 5609 	5920 	5610
f 5920 	5921 	5610
f 5610 	5921 	5611
f 5921 	5922 	5611
f 5611 	5922 	5612
f 5922 	5923 	5612
f 5612 	5923 	5613
f 5923 	5924 	5613
f 5613 	5924 	5614
f 5924 	5925 	5614
f 5614 	5925 	5615
f 5925 	5926 	5615
f 5615 	5926 	5616
f 5926 	5927 	5616
f 5616 	5927 	5617
f 5927 	5928 	5617
f 5617 	5928 	5618
f 5928 	5929 	5618
f 5618 	5929 	5619
f 5929 	5930 	5619
f 5619 	5930 	5620
f 5930 	5931 	5620
f 5620 	5931 	5621
f 5931 	5932 	5621
f 5621 	5932 	5622
f 5932 	5933 	5622
f 5622 	5933 	5623
f 5933 	5934 	5623
f 5623 	5934 	5624
f 5934 	5935 	5624
f 5624 	5935 	5625
f 5935 	5936 	5625
f 5625 	5936 	5626
f 5936 	5937 	5626
f 5626 	5937 	5627
f 5937 	5938 	5627
f 5627 	5938 	5628
f 5938 	5939 	5628
f 5628 	5939 	5629
f 5939 	5940 	5629
f 5629 	5940 	5630
f 5940 	5941 	5630
f 5630 	5941 	5631
f 5941 	5942 	5631
f 5631 	5942 	5632
f 5942 	5943 	5632
f 5632 	5943 	5633
f 5943 	5944 	5633
f 5633 	5944 	5634
f 5944 	5945 	5634
f 5634 	5945 	5635
f 5945 	5946 	5635
f 5635 	5946 	5636
f 5946 	5947 	5636
f 5636 	5947 	5637
f 5947 	5948 	5637
f 5637 	5948 	5638
f 5948 	5949 	5638
f 5638 	5949 	5639
f 5949 	5950 	5639
f 5639 	5950 	5640
f 5950 	5951 	5640
f 5640 	5951 	5641
f 5951 	5952 	5641
f 5641 	5952 	5642
f 5952 	5953 	5642
f 5642 	5953 	5643
f 5953 	5954 	5643
f 5643 	5954 	5644
f 5954 	5955 	5644
f 5644 	5955 	5645
f 5955 	5956 	5645
f 5645 	5956 	5646
f 5956 	5957 	5646
f 5646 	5957 	5647
f 5957 	5958 	5647
f 5647 	5958 	5648
f 5958 	5959 	5648
f 5648 	5959 	5649
f 5959 	5960 	5649
f 5649 	5960 	5650
f 5960 	5961 	5650
f 5650 	5961 	5651
f 5961 	5962 	5651
f 5651 	5962 	5652
f 5962 	5963 	5652
f 5652 	5963 	5653
f 5963 	5964 	5653
f 5653 	5964 	5654
f 5964 	5965 	5654
f 5654 	5965 	5655
f 5965 	5966 	5655
f 5655 	5966 	5656
f 5966 	5967 	5656
f 5656 	5967 	5657
f 5967 	5968 	5657
f 5657 	5968 	5658
f 5968 	5969 	5658
f 5658 	5969 	5659
f 5969 	5970 	5659
f 5659 	5970 	5660
f 5970 	5971 	5660
f 5660 	5971 	5661
f 5971 	5972 	5661
f 5661 	5972 	5662
f 5972 	5973 	5662
f 5662 	5973 	5663
f 5973 	5974 	5663
f 5663 	5974 	5664
f 5974 	5975 	5664
f 5664 	5975 	5665
f 5975 	5976 	5665
f 5665 	5976 	5666
f 5976 	5977 	5666
f 5666 	5977 	5667
f 5977 	5978 	5667
f 5667 	5978 	5668
f 5978 	5979 	5668
f 5668 	5979 	5669
f 5979 	5980 	5669
f 5669 	5980 	5670
f 5980 	5981 	5670
f 5670 	5981 	5671
f 5981 	5982 	5671
f 5671 	5982 	5672
f 5982 	5983 	5672
f 5672 	5983 	5673
f 5983 	5984 	5673
f 5673 	5984 	5674
f 5984 	5985 	5674
f 5674 	5985 	5675
f 5985 	5986 	5675
f 5675 	5986 	5676
f 5986 	5987 	5676
f 5676 	5987 	5677
f 5987 	5988 	5677
f 5677 	5988 	5678
f 5988 	5989 	5678
f 5678 	5989 	5679
f 5989 	5990 	5679
f 5679 	5990 	5680
f 5990 	5991 	5680
f 5680 	5991 	5681
f 5991 	5992 	5681
f 5681 	5992 	5682
f 5992 	5993 	5682
f 5682 	5993 	5683
f 5993 	5994 	5683
f 5683 	5994 	5684
f 5994 	5995 	5684
f 5684 	5995 	5685
f 5995 	5996 	5685
f 5685 	5996 	5686
f 5996 	5997 	5686
f 5686 	5997 	5687
f 5997 	5998 	5687
f 5687 	5998 	5688
f 5998 	5999 	5688
f 5688 	5999 	5689
f 5999 	6000 	5689
f 5689 	6000 	5690
f 6000 	6001 	5690
f 5690 	6001 	5691
f 6001 	6002 	5691
f 5691 	6002 	5692
f 6002 	6003 	5692
f 5692 	6003 	5693
f 6003 	6004 	5693
f 5693 	6004 	5694
f 6004 	6005 	5694
f 5694 	6005 	5695
f 6005 	6006 	5695
f 5695 	6006 	5696
f 6006 	6007 	5696
f 5696 	6007 	5697
f 6007 	6008 	5697
f 5697 	6008 	5698
f 6008 	6009 	5698
f 5698 	6009 	5699
f 6009 	6010 	5699
f 5699 	6010 	5700
f 6010 	6011 	5700
f 5700 	6011 	5701
f 6011 	6012 	5701
f 5701 	6012 	5702
f 6012 	6013 	5702
f 5702 	6013 	5703
f 6013 	6014 	5703
f 5703 	6014 	5704
f 6014 	6015 	5704
f 5704 	6015 	5705
f 6015 	6016 	5705
f 5705 	6016 	5706
f 6016 	6017 	5706
f 5706 	6017 	5707
f 6017 	6018 	5707
f 5707 	6018 	5708
f 6018 	6019 	5708
f 5708 	6019 	5709
f 6019 	6020 	5709
f 5709 	6020 	5710
f 6020 	6021 	5710
f 5710 	6021 	5711
f 6021 	6022 	5711
f 5711 	6022 	5712
f 6022 	6023 	5712
f 5712 	6023 	5713
f 6023 	6024 	5713
f 5713 	6024 	5714
f 6024 	6025 	5714
f 5714 	6025 	5715
f 6025 	6026 	5715
f 5715 	6026 	5716
f 6026 	6027 	5716
f 5716 	6027 	5717
f 6027 	6028 	5717
f 5717 	6028 	5718
f 6028 	6029 	5718
f 5718 	6029 	5719
f 6029 	6030 	5719
f 5719 	6030 	5720
f 6030 	6031 	5720
f 5720 	6031 	5721
f 6031 	6032 	5721
f 5721 	6032 	5722
f 6032 	6033 	5722
f 5722 	6033 	5723
f 6033 	6034 	5723
f 5723 	6034 	5724
f 6034 	6035 	5724
f 5724 	6035 	5725
f 6035 	6036 	5725
f 5725 	6036 	5726
f 6036 	6037 	5726
f 5726 	6037 	5727
f 6037 	6038 	5727
f 5727 	6038 	5728
f 6038 	6039 	5728
f 5728 	6039 	5729
f 6039 	6040 	5729
f 5729 	6040 	5730
f 6040 	6041 	5730
f 5730 	6041 	5731
f 6041 	6042 	5731
f 5731 	6042 	5732
f 6042 	6043 	5732
f 5732 	6043 	5733
f 6043 	6044 	5733
f 5733 	6044 	5734
f 6044 	6045 	5734
f 5734 	6045 	5735
f 6045 	6046 	5735
f 5735 	6046 	5736
f 6046 	6047 	5736
f 5736 	6047 	5737
f 6047 	6048 	5737
f 5737 	6048 	5738
f 6048 	6049 	5738
f 5738 	6049 	5739
f 6049 	6050 	5739
f 5739 	6050 	5740
f 6050 	6051 	5740
f 5740 	6051 	5741
f 6051 	6052 	5741
f 5741 	6052 	5742
f 6052 	6053 	5742
f 5742 	6053 	5743
f 6053 	6054 	5743
f 5743 	6054 	5744
f 6054 	6055 	5744
f 5744 	6055 	5745
f 6055 	6056 	5745
f 5745 	6056 	5746
f 6056 	6057 	5746
f 5746 	6057 	5747
f 6057 	6058 	5747
f 5747 	6058 	5748
f 6058 	6059 	5748
f 5748 	6059 	5749
f 6059 	6060 	5749
f 5749 	6060 	5750
f 6060 	6061 	5750
f 5750 	6061 	5751
f 6061 	6062 	5751
f 5751 	6062 	5752
f 6062 	6063 	5752
f 5752 	6063 	5753
f 6063 	6064 	5753
f 5753 	6064 	5754
f 6064 	6065 	5754
f 5754 	6065 	5755
f 6065 	6066 	5755
f 5755 	6066 	5756
f 6066 	6067 	5756
f 5756 	6067 	5757
f 6067 	6068 	5757
f 5757 	6068 	5758
f 6068 	6069 	5758
f 5758 	6069 	5759
f 6069 	6070 	5759
f 5759 	6070 	5760
f 6070 	6071 	5760
f 5760 	6071 	5761
f 6071 	6072 	5761
f 5761 	6072 	5762
f 6072 	6073 	5762
f 5762 	6073 	5763
f 6073 	6074 	5763
f 5763 	6074 	5764
f 6074 	6075 	5764
f 5764 	6075 	5765
f 6075 	6076 	5765
f 5765 	6076 	5766
f 6076 	6077 	5766
f 5766 	6077 	5767
f 6077 	6078 	5767
f 5767 	6078 	5768
f 6078 	6079 	5768
f 5768 	6079 	5769
f 6079 	6080 	5769
f 5769 	6080 	5770
f 6080 	6081 	5770
f 5770 	6081 	5771
f 6081 	6082 	5771
f 5771 	6082 	5772
f 6082 	6083 	5772
f 5772 	6083 	5773
f 6083 	6084 	5773
f 5773 	6084 	5774
f 6084 	6085 	5774
f 5774 	6085 	5775
f 6085 	6086 	5775
f 5775 	6086 	5776
f 6086 	6087 	5776
f 5776 	6087 	5777
f 6087 	6088 	5777
f 5777 	6088 	5778
f 6088 	6089 	5778
f 5778 	6089 	5779
f 6089 	6090 	5779
f 5779 	6090 	5780
f 6090 	6091 	5780
f 5780 	6091 	5781
f 6091 	6092 	5781
f 5781 	6092 	5782
f 6092 	6093 	5782
f 5782 	6093 	5783
f 6093 	6094 	5783
f 5783 	6094 	5784
f 6094 	6095 	5784
f 5784 	6095 	5785
f 6095 	6096 	5785
f 5785 	6096 	5786
f 6096 	6097 	5786
f 5786 	6097 	5787
f 6097 	6098 	5787
f 5787 	6098 	5788
f 6098 	6099 	5788
f 5788 	6099 	5789
f 6099 	6100 	5789
f 5789 	6100 	5790
f 6100 	6101 	5790
f 5790 	6101 	5791
f 6101 	6102 	5791
f 5791 	6102 	5792
f 6102 	6103 	5792
f 5792 	6103 	5793
f 6103 	6104 	5793
f 5793 	6104 	5794
f 6104 	6105 	5794
f 5794 	6105 	5795
f 6105 	6106 	5795
f 5795 	6106 	5796
f 6106 	6107 	5796
f 5796 	6107 	5797
f 6107 	6108 	5797
f 5797 	6108 	5798
f 6108 	6109 	5798
f 5798 	6109 	5799
f 6109 	6110 	5799
f 5799 	6110 	5800
f 6110 	6111 	5800
f 5800 	6111 	5801
f 6111 	6112 	5801
f 5801 	6112 	5802
f 6112 	6113 	5802
f 5802 	6113 	5803
f 6113 	6114 	5803
f 5803 	6114 	5804
f 6114 	6115 	5804
f 5804 	6115 	5805
f 6115 	6116 	5805
f 5805 	6116 	5806
f 6116 	6117 	5806
f 5806 	6117 	5807
f 6117 	6118 	5807
f 5807 	6118 	5808
f 6118 	6119 	5808
f 5808 	6119 	5809
f 6119 	6120 	5809
f 5809 	6120 	5810
f 6120 	6121 	5810
f 5810 	6121 	5811
f 6121 	6122 	5811
f 5811 	6122 	5812
f 6122 	6123 	5812
f 5812 	6123 	5813
f 6123 	6124 	5813
f 5813 	6124 	5814
f 6124 	6125 	5814
f 5814 	6125 	5815
f 6125 	6126 	5815
f 5815 	6126 	5816
f 6126 	6127 	5816
f 5816 	6127 	5817
f 6127 	6128 	5817
f 5817 	6128 	5818
f 6128 	6129 	5818
f 5818 	6129 	5819
f 6129 	6130 	5819
f 5819 	6130 	5820
f 6130 	6131 	5820
f 5820 	6131 	5821
f 6131 	6132 	5821
f 5821 	6132 	5822
f 6132 	6133 	5822
f 5822 	6133 	5823
f 6133 	6134 	5823
f 5823 	6134 	5824
f 6134 	6135 	5824
f 5824 	6135 	5825
f 6135 	6136 	5825
f 5825 	6136 	5826
f 6136 	6137 	5826
f 5826 	6137 	5827
f 6137 	6138 	5827
f 5827 	6138 	5828
f 6138 	6139 	5828
f 5828 	6139 	5829
f 6139 	6140 	5829
f 5829 	6140 	5830
f 6140 	6141 	5830
f 5830 	6141 	5831
f 6141 	6142 	5831
f 5831 	6142 	5832
f 6142 	6143 	5832
f 5832 	6143 	5833
f 6143 	6144 	5833
f 5833 	6144 	5834
f 6144 	6145 	5834
f 5834 	6145 	5835
f 6145 	6146 	5835
f 5835 	6146 	5836
f 6146 	6147 	5836
f 5836 	6147 	5837
f 6147 	6148 	5837
f 5837 	6148 	5838
f 6148 	6149 	5838
f 5838 	6149 	5839
f 6149 	6150 	5839
f 5839 	6150 	5840
f 6150 	6151 	5840
f 5840 	6151 	5841
f 6151 	6152 	5841
f 5841 	6152 	5842
f 6152 	6153 	5842
f 5842 	6153 	5843
f 6153 	6154 	5843
f 5843 	6154 	5844
f 6154 	6155 	5844
f 5844 	6155 	5845
f 6155 	6156 	5845
f 5845 	6156 	5846
f 6156 	6157 	5846
f 5846 	6157 	5847
f 6157 	6158 	5847
f 5847 	6158 	5848
f 6158 	6159 	5848
f 5848 	6159 	5849
f 6159 	6160 	5849
f 5849 	6160 	5850
f 6160 	6161 	5850
f 5850 	6161 	5851
f 6161 	6162 	5851
f 5851 	6162 	5852
f 6162 	6163 	5852
f 5852 	6163 	5853
f 6163 	6164 	5853
f 5853 	6164 	5854
f 6164 	6165 	5854
f 5854 	6165 	5855
f 6165 	6166 	5855
f 5855 	6166 	5856
f 6166 	6167 	5856
f 5856 	6167 	5857
f 6167 	6168 	5857
f 5857 	6168 	5858
f 6168 	6169 	5858
f 5858 	6169 	5859
f 6169 	6170 	5859
f 5859 	6170 	5860
f 6170 	6171 	5860
f 5860 	6171 	5861
f 6171 	6172 	5861
f 5861 	6172 	5862
f 6172 	6173 	5862
f 5862 	6173 	5863
f 6173 	6174 	5863
f 5863 	6174 	5864
f 6174 	6175 	5864
f 5864 	6175 	5865
f 6175 	6176 	5865
f 5865 	6176 	5866
f 6176 	6177 	5866
f 5866 	6177 	5867
f 6177 	6178 	5867
f 5867 	6178 	5868
f 6178 	6179 	5868
f 5868 	6179 	5869
f 6179 	6180 	5869
f 5869 	6180 	5870
f 6180 	6181 	5870
f 5870 	6181 	5871
f 6181 	6182 	5871
f 5871 	6182 	5872
f 6182 	6183 	5872
f 5872 	6183 	5873
f 6183 	6184 	5873
f 5873 	6184 	5874
f 6184 	6185 	5874
f 5874 	6185 	5875
f 6185 	6186 	5875
f 5875 	6186 	5876
f 6186 	6187 	5876
f 5876 	6187 	5877
f 6187 	6188 	5877
f 5877 	6188 	5878
f 6188 	6189 	5878
f 5878 	6189 	5879
f 6189 	6190 	5879
f 5879 	6190 	5880
f 6190 	6191 	5880
f 5880 	6191 	5881
f 6191 	6192 	5881
f 5881 	6192 	5882
f 6192 	6193 	5882
f 5882 	6193 	5883
f 6193 	6194 	5883
f 5883 	6194 	5884
f 6194 	6195 	5884
f 5884 	6195 	5885
f 6195 	6196 	5885
f 5885 	6196 	5886
f 6196 	6197 	5886
f 5886 	6197 	5887
f 6197 	6198 	5887
f 5887 	6198 	5888
f 6198 	6199 	5888
f 5888 	6199 	601
f 602 	6200 	5889
f 5889 	6200 	5890
f 6200 	6201 	5890
f 5890 	6201 	5891
f 6201 	6202 	5891
f 5891 	6202 	5892
f 6202 	6203 	5892
f 5892 	6203 	5893
f 6203 	6204 	5893
f 5893 	6204 	5894
f 6204 	6205 	5894
f 5894 	6205 	5895
f 6205 	6206 	5895
f 5895 	6206 	5896
f 6206 	6207 	5896
f 5896 	6207 	5897
f 6207 	6208 	5897
f 5897 	6208 	5898
f 6208 	6209 	5898
f 5898 	6209 	5899
f 6209 	6210 	5899
f 5899 	6210 	5589
f 6210 	5900 	5589
f 5900 	6211 	5901
f 6211 	6212 	5901
f 5901 	6212 	5902
f 6212 	6213 	5902
f 5902 	6213 	5903
f 6213 	6214 	5903
f 5903 	6214 	5904
f 6214 	6215 	5904
f 5904 	6215 	5905
f 6215 	6216 	5905
f 5905 	6216 	5906
f 6216 	6217 	5906
f 5906 	6217 	5907
f 6217 	6218 	5907
f 5907 	6218 	5908
f 6218 	6219 	5908
f 5908 	6219 	5909
f 6219 	6220 	5909
f 5909 	6220 	5910
f 6220 	6221 	5910
f 5910 	6221 	5911
f 6221 	6222 	5911
f 5911 	6222 	5912
f 6222 	6223 	5912
f 5912 	6223 	5913
f 6223 	6224 	5913
f 5913 	6224 	5914
f 6224 	6225 	5914
f 5914 	6225 	5915
f 6225 	6226 	5915
f 5915 	6226 	5916
f 6226 	6227 	5916
f 5916 	6227 	5917
f 6227 	6228 	5917
f 5917 	6228 	5918
f 6228 	6229 	5918
f 5918 	6229 	5919
f 6229 	6230 	5919
f 5919 	6230 	5920
f 6230 	6231 	5920
f 5920 	6231 	5921
f 6231 	6232 	5921
f 5921 	6232 	5922
f 6232 	6233 	5922
f 5922 	6233 	5923
f 6233 	6234 	5923
f 5923 	6234 	5924
f 6234 	6235 	5924
f 5924 	6235 	5925
f 6235 	6236 	5925
f 5925 	6236 	5926
f 6236 	6237 	5926
f 5926 	6237 	5927
f 6237 	6238 	5927
f 5927 	6238 	5928
f 6238 	6239 	5928
f 5928 	6239 	5929
f 6239 	6240 	5929
f 5929 	6240 	5930
f 6240 	6241 	5930
f 5930 	6241 	5931
f 6241 	6242 	5931
f 5931 	6242 	5932
f 6242 	6243 	5932
f 5932 	6243 	5933
f 6243 	6244 	5933
f 5933 	6244 	5934
f 6244 	6245 	5934
f 5934 	6245 	5935
f 6245 	6246 	5935
f 5935 	6246 	5936
f 6246 	6247 	5936
f 5936 	6247 	5937
f 6247 	6248 	5937
f 5937 	6248 	5938
f 6248 	6249 	5938
f 5938 	6249 	5939
f 6249 	6250 	5939
f 5939 	6250 	5940
f 6250 	6251 	5940
f 5940 	6251 	5941
f 6251 	6252 	5941
f 5941 	6252 	5942
f 6252 	6253 	5942
f 5942 	6253 	5943
f 6253 	6254 	5943
f 5943 	6254 	5944
f 6254 	6255 	5944
f 5944 	6255 	5945
f 6255 	6256 	5945
f 5945 	6256 	5946
f 6256 	6257 	5946
f 5946 	6257 	5947
f 6257 	6258 	5947
f 5947 	6258 	5948
f 6258 	6259 	5948
f 5948 	6259 	5949
f 6259 	6260 	5949
f 5949 	6260 	5950
f 6260 	6261 	5950
f 5950 	6261 	5951
f 6261 	6262 	5951
f 5951 	6262 	5952
f 6262 	6263 	5952
f 5952 	6263 	5953
f 6263 	6264 	5953
f 5953 	6264 	5954
f 6264 	6265 	5954
f 5954 	6265 	5955
f 6265 	6266 	5955
f 5955 	6266 	5956
f 6266 	6267 	5956
f 5956 	6267 	5957
f 6267 	6268 	5957
f 5957 	6268 	5958
f 6268 	6269 	5958
f 5958 	6269 	5959
f 6269 	6270 	5959
f 5959 	6270 	5960
f 6270 	6271 	5960
f 5960 	6271 	5961
f 6271 	6272 	5961
f 5961 	6272 	5962
f 6272 	6273 	5962
f 5962 	6273 	5963
f 6273 	6274 	5963
f 5963 	6274 	5964
f 6274 	6275 	5964
f 5964 	6275 	5965
f 6275 	6276 	5965
f 5965 	6276 	5966
f 6276 	6277 	5966
f 5966 	6277 	5967
f 6277 	6278 	5967
f 5967 	6278 	5968
f 6278 	6279 	5968
f 5968 	6279 	5969
f 6279 	6280 	5969
f 5969 	6280 	5970
f 6280 	6281 	5970
f 5970 	6281 	5971
f 6281 	6282 	5971
f 5971 	6282 	5972
f 6282 	6283 	5972
f 5972 	6283 	5973
f 6283 	6284 	5973
f 5973 	6284 	5974
f 6284 	6285 	5974
f 5974 	6285 	5975
f 6285 	6286 	5975
f 5975 	6286 	5976
f 6286 	6287 	5976
f 5976 	6287 	5977
f 6287 	6288 	5977
f 5977 	6288 	5978
f 6288 	6289 	5978
f 5978 	6289 	5979
f 6289 	6290 	5979
f 5979 	6290 	5980
f 6290 	6291 	5980
f 5980 	6291 	5981
f 6291 	6292 	5981
f 5981 	6292 	5982
f 6292 	6293 	5982
f 5982 	6293 	5983
f 6293 	6294 	5983
f 5983 	6294 	5984
f 6294 	6295 	5984
f 5984 	6295 	5985
f 6295 	6296 	5985
f 5985 	6296 	5986
f 6296 	6297 	5986
f 5986 	6297 	5987
f 6297 	6298 	5987
f 5987 	6298 	5988
f 6298 	6299 	5988
f 5988 	6299 	5989
f 6299 	6300 	5989
f 5989 	6300 	5990
f 6300 	6301 	5990
f 5990 	6301 	5991
f 6301 	6302 	5991
f 5991 	6302 	5992
f 6302 	6303 	5992
f 5992 	6303 	5993
f 6303 	6304 	5993
f 5993 	6304 	5994
f 6304 	6305 	5994
f 5994 	6305 	5995
f 6305 	6306 	5995
f 5995 	6306 	5996
f 6306 	6307 	5996
f 5996 	6307 	5997
f 6307 	6308 	5997
f 5997 	6308 	5998
f 6308 	6309 	5998
f 5998 	6309 	5999
f 6309 	6310 	5999
f 5999 	6310 	6000
f 6310 	6311 	6000
f 6000 	6311 	6001
f 6311 	6312 	6001
f 6001 	6312 	6002
f 6312 	6313 	6002
f 6002 	6313 	6003
f 6313 	6314 	6003
f 6003 	6314 	6004
f 6314 	6315 	6004
f 6004 	6315 	6005
f 6315 	6316 	6005
f 6005 	6316 	6006
f 6316 	6317 	6006
f 6006 	6317 	6007
f 6317 	6318 	6007
f 6007 	6318 	6008
f 6318 	6319 	6008
f 6008 	6319 	6009
f 6319 	6320 	6009
f 6009 	6320 	6010
f 6320 	6321 	6010
f 6010 	6321 	6011
f 6321 	6322 	6011
f 6011 	6322 	6012
f 6322 	6323 	6012
f 6012 	6323 	6013
f 6323 	6324 	6013
f 6013 	6324 	6014
f 6324 	6325 	6014
f 6014 	6325 	6015
f 6325 	6326 	6015
f 6015 	6326 	6016
f 6326 	6327 	6016
f 6016 	6327 	6017
f 6327 	6328 	6017
f 6017 	6328 	6018
f 6328 	6329 	6018
f 6018 	6329 	6019
f 6329 	6330 	6019
f 6019 	6330 	6020
f 6330 	6331 	6020
f 6020 	6331 	6021
f 6331 	6332 	6021
f 6021 	6332 	6022
f 6332 	6333 	6022
f 6022 	6333 	6023
f 6333 	6334 	6023
f 6023 	6334 	6024
f 6334 	6335 	6024
f 6024 	6335 	6025
f 6335 	6336 	6025
f 6025 	6336 	6026
f 6336 	6337 	6026
f 6026 	6337 	6027
f 6337 	6338 	6027
f 6027 	6338 	6028
f 6338 	6339 	6028
f 6028 	6339 	6029
f 6339 	6340 	6029
f 6029 	6340 	6030
f 6340 	6341 	6030
f 6030 	6341 	6031
f 6341 	6342 	6031
f 6031 	6342 	6032
f 6342 	6343 	6032
f 6032 	6343 	6033
f 6343 	6344 	6033
f 6033 	6344 	6034
f 6344 	6345 	6034
f 6034 	6345 	6035
f 6345 	6346 	6035
f 6035 	6346 	6036
f 6346 	6347 	6036
f 6036 	6347 	6037
f 6347 	6348 	6037
f 6037 	6348 	6038
f 6348 	6349 	6038
f 6038 	6349 	6039
f 6349 	6350 	6039
f 6039 	6350 	6040
f 6350 	6351 	6040
f 6040 	6351 	6041
f 6351 	6352 	6041
f 6041 	6352 	6042
f 6352 	6353 	6042
f 6042 	6353 	6043
f 6353 	6354 	6043
f 6043 	6354 	6044
f 6354 	6355 	6044
f 6044 	6355 	6045
f 6355 	6356 	6045
f 6045 	6356 	6046
f 6356 	6357 	6046
f 6046 	6357 	6047
f 6357 	6358 	6047
f 6047 	6358 	6048
f 6358 	6359 	6048
f 6048 	6359 	6049
f 6359 	6360 	6049
f 6049 	6360 	6050
f 6360 	6361 	6050
f 6050 	6361 	6051
f 6361 	6362 	6051
f 6051 	6362 	6052
f 6362 	6363 	6052
f 6052 	6363 	6053
f 6363 	6364 	6053
f 6053 	6364 	6054
f 6364 	6365 	6054
f 6054 	6365 	6055
f 6365 	6366 	6055
f 6055 	6366 	6056
f 6366 	6367 	6056
f 6056 	6367 	6057
f 6367 	6368 	6057
f 6057 	6368 	6058
f 6368 	6369 	6058
f 6058 	6369 	6059
f 6369 	6370 	6059
f 6059 	6370 	6060
f 6370 	6371 	6060
f 6060 	6371 	6061
f 6371 	6372 	6061
f 6061 	6372 	6062
f 6372 	6373 	6062
f 6062 	6373 	6063
f 6373 	6374 	6063
f 6063 	6374 	6064
f 6374 	6375 	6064
f 6064 	6375 	6065
f 6375 	6376 	6065
f 6065 	6376 	6066
f 6376 	6377 	6066
f 6066 	6377 	6067
f 6377 	6378 	6067
f 6067 	6378 	6068
f 6378 	6379 	6068
f 6068 	6379 	6069
f 6379 	6380 	6069
f 6069 	6380 	6070
f 6380 	6381 	6070
f 6070 	6381 	6071
f 6381 	6382 	6071
f 6071 	6382 	6072
f 6382 	6383 	6072
f 6072 	6383 	6073
f 6383 	6384 	6073
f 6073 	6384 	6074
f 6384 	6385 	6074
f 6074 	6385 	6075
f 6385 	6386 	6075
f 6075 	6386 	6076
f 6386 	6387 	6076
f 6076 	6387 	6077
f 6387 	6388 	6077
f 6077 	6388 	6078
f 6388 	6389 	6078
f 6078 	6389 	6079
f 6389 	6390 	6079
f 6079 	6390 	6080
f 6390 	6391 	6080
f 6080 	6391 	6081
f 6391 	6392 	6081
f 6081 	6392 	6082
f 6392 	6393 	6082
f 6082 	6393 	6083
f 6393 	6394 	6083
f 6083 	6394 	6084
f 6394 	6395 	6084
f 6084 	6395 	6085
f 6395 	6396 	6085
f 6085 	6396 	6086
f 6396 	6397 	6086
f 6086 	6397 	6087
f 6397 	6398 	6087
f 6087 	6398 	6088
f 6398 	6399 	6088
f 6088 	6399 	6089
f 6399 	6400 	6089
f 6089 	6400 	6090
f 6400 	6401 	6090
f 6090 	6401 	6091
f 6401 	6402 	6091
f 6091 	6402 	6092
f 6402 	6403 	6092
f 6092 	6403 	6093
f 6403 	6404 	6093
f 6093 	6404 	6094
f 6404 	6405 	6094
f 6094 	6405 	6095
f 6405 	6406 	6095
f 6095 	6406 	6096
f 6406 	6407 	6096
f 6096 	6407 	6097
f 6407 	6408 	6097
f 6097 	6408 	6098
f 6408 	6409 	6098
f 6098 	6409 	6099
f 6409 	6410 	6099
f 6099 	6410 	6100
f 6410 	6411 	6100
f 6100 	6411 	6101
f 6411 	6412 	6101
f 6101 	6412 	6102
f 6412 	6413 	6102
f 6102 	6413 	6103
f 6413 	6414 	6103
f 6103 	6414 	6104
f 6414 	6415 	6104
f 6104 	6415 	6105
f 6415 	6416 	6105
f 6105 	6416 	6106
f 6416 	6417 	6106
f 6106 	6417 	6107
f 6417 	6418 	6107
f 6107 	6418 	6108
f 6418 	6419 	6108
f 6108 	6419 	6109
f 6419 	6420 	6109
f 6109 	6420 	6110
f 6420 	6421 	6110
f 6110 	6421 	6111
f 6421 	6422 	6111
f 6111 	6422 	6112
f 6422 	6423 	6112
f 6112 	6423 	6113
f 6423 	6424 	6113
f 6113 	6424 	6114
f 6424 	6425 	6114
f 6114 	6425 	6115
f 6425 	6426 	6115
f 6115 	6426 	6116
f 6426 	6427 	6116
f 6116 	6427 	6117
f 6427 	6428 	6117
f 6117 	6428 	6118
f 6428 	6429 	6118
f 6118 	6429 	6119
f 6429 	6430 	6119
f 6119 	6430 	6120
f 6430 	6431 	6120
f 6120 	6431 	6121
f 6431 	6432 	6121
f 6121 	6432 	6122
f 6432 	6433 	6122
f 6122 	6433 	6123
f 6433 	6434 	6123
f 6123 	6434 	6124
f 6434 	6435 	6124
f 6124 	6435 	6125
f 6435 	6436 	6125
f 6125 	6436 	6126
f 6436 	6437 	6126
f 6126 	6437 	6127
f 6437 	6438 	6127
f 6127 	6438 	6128
f 6438 	6439 	6128
f 6128 	6439 	6129
f 6439 	6440 	6129
f 6129 	6440 	6130
f 6440 	6441 	6130
f 6130 	6441 	6131
f 6441 	6442 	6131
f 6131 	6442 	6132
f 6442 	6443 	6132
f 6132 	6443 	6133
f 6443 	6444 	6133
f 6133 	6444 	6134
f 6444 	6445 	6134
f 6134 	6445 	6135
f 6445 	6446 	6135
f 6135 	6446 	6136
f 6446 	6447 	6136
f 6136 	6447 	6137
f 6447 	6448 	6137
f 6137 	6448 	6138
f 6448 	6449 	6138
f 6138 	6449 	6139
f 6449 	6450 	6139
f 6139 	6450 	6140
f 6450 	6451 	6140
f 6140 	6451 	6141
f 6451 	6452 	6141
f 6141 	6452 	6142
f 6452 	6453 	6142
f 6142 	6453 	6143
f 6453 	6454 	6143
f 6143 	6454 	6144
f 6454 	6455 	6144
f 6144 	6455 	6145
f 6455 	6456 	6145
f 6145 	6456 	6146
f 6456 	6457 	6146
f 6146 	6457 	6147
f 6457 	6458 	6147
f 6147 	6458 	6148
f 6458 	6459 	6148
f 6148 	6459 	6149
f 6459 	6460 	6149
f 6149 	6460 	6150
f 6460 	6461 	6150
f 6150 	6461 	6151
f 6461 	6462 	6151
f 6151 	6462 	6152
f 6462 	6463 	6152
f 6152 	6463 	6153
f 6463 	6464 	6153
f 6153 	6464 	6154
f 6464 	6465 	6154
f 6154 	6465 	6155
f 6465 	6466 	6155
f 6155 	6466 	6156
f 6466 	6467 	6156
f 6156 	6467 	6157
f 6467 	6468 	6157
f 6157 	6468 	6158
f 6468 	6469 	6158
f 6158 	6469 	6159
f 6469 	6470 	6159
f 6159 	6470 	6160
f 6470 	6471 	6160
f 6160 	6471 	6161
f 6471 	6472 	6161
f 6161 	6472 	6162
f 6472 	6473 	6162
f 6162 	6473 	6163
f 6473 	6474 	6163
f 6163 	6474 	6164
f 6474 	6475 	6164
f 6164 	6475 	6165
f 6475 	6476 	6165
f 6165 	6476 	6166
f 6476 	6477 	6166
f 6166 	6477 	6167
f 6477 	6478 	6167
f 6167 	6478 	6168
f 6478 	6479 	6168
f 6168 	6479 	6169
f 6479 	6480 	6169
f 6169 	6480 	6170
f 6480 	6481 	6170
f 6170 	6481 	6171
f 6481 	6482 	6171
f 6171 	6482 	6172
f 6482 	6483 	6172
f 6172 	6483 	6173
f 6483 	6484 	6173
f 6173 	6484 	6174
f 6484 	6485 	6174
f 6174 	6485 	6175
f 6485 	6486 	6175
f 6175 	6486 	6176
f 6486 	6487 	6176
f 6176 	6487 	6177
f 6487 	6488 	6177
f 6177 	6488 	6178
f 6488 	6489 	6178
f 6178 	6489 	6179
f 6489 	6490 	6179
f 6179 	6490 	6180
f 6490 	6491 	6180
f 6180 	6491 	6181
f 6491 	6492 	6181
f 6181 	6492 	6182
f 6492 	6493 	6182
f 6182 	6493 	6183
f 6493 	6494 	6183
f 6183 	6494 	6184
f 6494 	6495 	6184
f 6184 	6495 	6185
f 6495 	6496 	6185
f 6185 	6496 	6186
f 6496 	6497 	6186
f 6186 	6497 	6187
f 6497 	6498 	6187
f 6187 	6498 	6188
f 6498 	6499 	6188
f 6188 	6499 	6189
f 6499 	6500 	6189
f 6189 	6500 	6190
f 6500 	6501 	6190
f 6190 	6501 	6191
f 6501 	6502 	6191
f 6191 	6502 	6192
f 6502 	6503 	6192
f 6192 	6503 	6193
f 6503 	6504 	6193
f 6193 	6504 	6194
f 6504 	6505 	6194
f 6194 	6505 	6195
f 6505 	6506 	6195
f 6195 	6506 	6196
f 6506 	6507 	6196
f 6196 	6507 	6197
f 6507 	6508 	6197
f 6197 	6508 	6198
f 6508 	6509 	6198
f 6198 	6509 	6199
f 6509 	6510 	6199
f 6199 	6510 	601
f 602 	6511 	6200
f 6200 	6511 	6201
f 6511 	6512 	6201
f 6201 	6512 	6202
f 6512 	6513 	6202
f 6202 	6513 	6203
f 6513 	6514 	6203
f 6203 	6514 	6204
f 6514 	6515 	6204
f 6204 	6515 	6205
f 6515 	6516 	6205
f 6205 	6516 	6206
f 6516 	6517 	6206
f 6206 	6517 	6207
f 6517 	6518 	6207
f 6207 	6518 	6208
f 6518 	6519 	6208
f 6208 	6519 	6209
f 6519 	6520 	6209
f 6209 	6520 	6210
f 6520 	6521 	6210
f 6210 	6521 	5900
f 6521 	6211 	5900
f 6211 	6522 	6212
f 6522 	6523 	6212
f 6212 	6523 	6213
f 6523 	6524 	6213
f 6213 	6524 	6214
f 6524 	6525 	6214
f 6214 	6525 	6215
f 6525 	6526 	6215
f 6215 	6526 	6216
f 6526 	6527 	6216
f 6216 	6527 	6217
f 6527 	6528 	6217
f 6217 	6528 	6218
f 6528 	6529 	6218
f 6218 	6529 	6219
f 6529 	6530 	6219
f 6219 	6530 	6220
f 6530 	6531 	6220
f 6220 	6531 	6221
f 6531 	6532 	6221
f 6221 	6532 	6222
f 6532 	6533 	6222
f 6222 	6533 	6223
f 6533 	6534 	6223
f 6223 	6534 	6224
f 6534 	6535 	6224
f 6224 	6535 	6225
f 6535 	6536 	6225
f 6225 	6536 	6226
f 6536 	6537 	6226
f 6226 	6537 	6227
f 6537 	6538 	6227
f 6227 	6538 	6228
f 6538 	6539 	6228
f 6228 	6539 	6229
f 6539 	6540 	6229
f 6229 	6540 	6230
f 6540 	6541 	6230
f 6230 	6541 	6231
f 6541 	6542 	6231
f 6231 	6542 	6232
f 6542 	6543 	6232
f 6232 	6543 	6233
f 6543 	6544 	6233
f 6233 	6544 	6234
f 6544 	6545 	6234
f 6234 	6545 	6235
f 6545 	6546 	6235
f 6235 	6546 	6236
f 6546 	6547 	6236
f 6236 	6547 	6237
f 6547 	6548 	6237
f 6237 	6548 	6238
f 6548 	6549 	6238
f 6238 	6549 	6239
f 6549 	6550 	6239
f 6239 	6550 	6240
f 6550 	6551 	6240
f 6240 	6551 	6241
f 6551 	6552 	6241
f 6241 	6552 	6242
f 6552 	6553 	6242
f 6242 	6553 	6243
f 6553 	6554 	6243
f 6243 	6554 	6244
f 6554 	6555 	6244
f 6244 	6555 	6245
f 6555 	6556 	6245
f 6245 	6556 	6246
f 6556 	6557 	6246
f 6246 	6557 	6247
f 6557 	6558 	6247
f 6247 	6558 	6248
f 6558 	6559 	6248
f 6248 	6559 	6249
f 6559 	6560 	6249
f 6249 	6560 	6250
f 6560 	6561 	6250
f 6250 	6561 	6251
f 6561 	6562 	6251
f 6251 	6562 	6252
f 6562 	6563 	6252
f 6252 	6563 	6253
f 6563 	6564 	6253
f 6253 	6564 	6254
f 6564 	6565 	6254
f 6254 	6565 	6255
f 6565 	6566 	6255
f 6255 	6566 	6256
f 6566 	6567 	6256
f 6256 	6567 	6257
f 6567 	6568 	6257
f 6257 	6568 	6258
f 6568 	6569 	6258
f 6258 	6569 	6259
f 6569 	6570 	6259
f 6259 	6570 	6260
f 6570 	6571 	6260
f 6260 	6571 	6261
f 6571 	6572 	6261
f 6261 	6572 	6262
f 6572 	6573 	6262
f 6262 	6573 	6263
f 6573 	6574 	6263
f 6263 	6574 	6264
f 6574 	6575 	6264
f 6264 	6575 	6265
f 6575 	6576 	6265
f 6265 	6576 	6266
f 6576 	6577 	6266
f 6266 	6577 	6267
f 6577 	6578 	6267
f 6267 	6578 	6268
f 6578 	6579 	6268
f 6268 	6579 	6269
f 6579 	6580 	6269
f 6269 	6580 	6270
f 6580 	6581 	6270
f 6270 	6581 	6271
f 6581 	6582 	6271
f 6271 	6582 	6272
f 6582 	6583 	6272
f 6272 	6583 	6273
f 6583 	6584 	6273
f 6273 	6584 	6274
f 6584 	6585 	6274
f 6274 	6585 	6275
f 6585 	6586 	6275
f 6275 	6586 	6276
f 6586 	6587 	6276
f 6276 	6587 	6277
f 6587 	6588 	6277
f 6277 	6588 	6278
f 6588 	6589 	6278
f 6278 	6589 	6279
f 6589 	6590 	6279
f 6279 	6590 	6280
f 6590 	6591 	6280
f 6280 	6591 	6281
f 6591 	6592 	6281
f 6281 	6592 	6282
f 6592 	6593 	6282
f 6282 	6593 	6283
f 6593 	6594 	6283
f 6283 	6594 	6284
f 6594 	6595 	6284
f 6284 	6595 	6285
f 6595 	6596 	6285
f 6285 	6596 	6286
f 6596 	6597 	6286
f 6286 	6597 	6287
f 6597 	6598 	6287
f 6287 	6598 	6288
f 6598 	6599 	6288
f 6288 	6599 	6289
f 6599 	6600 	6289
f 6289 	6600 	6290
f 6600 	6601 	6290
f 6290 	6601 	6291
f 6601 	6602 	6291
f 6291 	6602 	6292
f 6602 	6603 	6292
f 6292 	6603 	6293
f 6603 	6604 	6293
f 6293 	6604 	6294
f 6604 	6605 	6294
f 6294 	6605 	6295
f 6605 	6606 	6295
f 6295 	6606 	6296
f 6606 	6607 	6296
f 6296 	6607 	6297
f 6607 	6608 	6297
f 6297 	6608 	6298
f 6608 	6609 	6298
f 6298 	6609 	6299
f 6609 	6610 	6299
f 6299 	6610 	6300
f 6610 	6611 	6300
f 6300 	6611 	6301
f 6611 	6612 	6301
f 6301 	6612 	6302
f 6612 	6613 	6302
f 6302 	6613 	6303
f 6613 	6614 	6303
f 6303 	6614 	6304
f 6614 	6615 	6304
f 6304 	6615 	6305
f 6615 	6616 	6305
f 6305 	6616 	6306
f 6616 	6617 	6306
f 6306 	6617 	6307
f 6617 	6618 	6307
f 6307 	6618 	6308
f 6618 	6619 	6308
f 6308 	6619 	6309
f 6619 	6620 	6309
f 6309 	6620 	6310
f 6620 	6621 	6310
f 6310 	6621 	6311
f 6621 	6622 	6311
f 6311 	6622 	6312
f 6622 	6623 	6312
f 6312 	6623 	6313
f 6623 	6624 	6313
f 6313 	6624 	6314
f 6624 	6625 	6314
f 6314 	6625 	6315
f 6625 	6626 	6315
f 6315 	6626 	6316
f 6626 	6627 	6316
f 6316 	6627 	6317
f 6627 	6628 	6317
f 6317 	6628 	6318
f 6628 	6629 	6318
f 6318 	6629 	6319
f 6629 	6630 	6319
f 6319 	6630 	6320
f 6630 	6631 	6320
f 6320 	6631 	6321
f 6631 	6632 	6321
f 6321 	6632 	6322
f 6632 	6633 	6322
f 6322 	6633 	6323
f 6633 	6634 	6323
f 6323 	6634 	6324
f 6634 	6635 	6324
f 6324 	6635 	6325
f 6635 	6636 	6325
f 6325 	6636 	6326
f 6636 	6637 	6326
f 6326 	6637 	6327
f 6637 	6638 	6327
f 6327 	6638 	6328
f 6638 	6639 	6328
f 6328 	6639 	6329
f 6639 	6640 	6329
f 6329 	6640 	6330
f 6640 	6641 	6330
f 6330 	6641 	6331
f 6641 	6642 	6331
f 6331 	6642 	6332
f 6642 	6643 	6332
f 6332 	6643 	6333
f 6643 	6644 	6333
f 6333 	6644 	6334
f 6644 	6645 	6334
f 6334 	6645 	6335
f 6645 	6646 	6335
f 6335 	6646 	6336
f 6646 	6647 	6336
f 6336 	6647 	6337
f 6647 	6648 	6337
f 6337 	6648 	6338
f 6648 	6649 	6338
f 6338 	6649 	6339
f 6649 	6650 	6339
f 6339 	6650 	6340
f 6650 	6651 	6340
f 6340 	6651 	6341
f 6651 	6652 	6341
f 6341 	6652 	6342
f 6652 	6653 	6342
f 6342 	6653 	6343
f 6653 	6654 	6343
f 6343 	6654 	6344
f 6654 	6655 	6344
f 6344 	6655 	6345
f 6655 	6656 	6345
f 6345 	6656 	6346
f 6656 	6657 	6346
f 6346 	6657 	6347
f 6657 	6658 	6347
f 6347 	6658 	6348
f 6658 	6659 	6348
f 6348 	6659 	6349
f 6659 	6660 	6349
f 6349 	6660 	6350
f 6660 	6661 	6350
f 6350 	6661 	6351
f 6661 	6662 	6351
f 6351 	6662 	6352
f 6662 	6663 	6352
f 6352 	6663 	6353
f 6663 	6664 	6353
f 6353 	6664 	6354
f 6664 	6665 	6354
f 6354 	6665 	6355
f 6665 	6666 	6355
f 6355 	6666 	6356
f 6666 	6667 	6356
f 6356 	6667 	6357
f 6667 	6668 	6357
f 6357 	6668 	6358
f 6668 	6669 	6358
f 6358 	6669 	6359
f 6669 	6670 	6359
f 6359 	6670 	6360
f 6670 	6671 	6360
f 6360 	6671 	6361
f 6671 	6672 	6361
f 6361 	6672 	6362
f 6672 	6673 	6362
f 6362 	6673 	6363
f 6673 	6674 	6363
f 6363 	6674 	6364
f 6674 	6675 	6364
f 6364 	6675 	6365
f 6675 	6676 	6365
f 6365 	6676 	6366
f 6676 	6677 	6366
f 6366 	6677 	6367
f 6677 	6678 	6367
f 6367 	6678 	6368
f 6678 	6679 	6368
f 6368 	6679 	6369
f 6679 	6680 	6369
f 6369 	6680 	6370
f 6680 	6681 	6370
f 6370 	6681 	6371
f 6681 	6682 	6371
f 6371 	6682 	6372
f 6682 	6683 	6372
f 6372 	6683 	6373
f 6683 	6684 	6373
f 6373 	6684 	6374
f 6684 	6685 	6374
f 6374 	6685 	6375
f 6685 	6686 	6375
f 6375 	6686 	6376
f 6686 	6687 	6376
f 6376 	6687 	6377
f 6687 	6688 	6377
f 6377 	6688 	6378
f 6688 	6689 	6378
f 6378 	6689 	6379
f 6689 	6690 	6379
f 6379 	6690 	6380
f 6690 	6691 	6380
f 6380 	6691 	6381
f 6691 	6692 	6381
f 6381 	6692 	6382
f 6692 	6693 	6382
f 6382 	6693 	6383
f 6693 	6694 	6383
f 6383 	6694 	6384
f 6694 	6695 	6384
f 6384 	6695 	6385
f 6695 	6696 	6385
f 6385 	6696 	6386
f 6696 	6697 	6386
f 6386 	6697 	6387
f 6697 	6698 	6387
f 6387 	6698 	6388
f 6698 	6699 	6388
f 6388 	6699 	6389
f 6699 	6700 	6389
f 6389 	6700 	6390
f 6700 	6701 	6390
f 6390 	6701 	6391
f 6701 	6702 	6391
f 6391 	6702 	6392
f 6702 	6703 	6392
f 6392 	6703 	6393
f 6703 	6704 	6393
f 6393 	6704 	6394
f 6704 	6705 	6394
f 6394 	6705 	6395
f 6705 	6706 	6395
f 6395 	6706 	6396
f 6706 	6707 	6396
f 6396 	6707 	6397
f 6707 	6708 	6397
f 6397 	6708 	6398
f 6708 	6709 	6398
f 6398 	6709 	6399
f 6709 	6710 	6399
f 6399 	6710 	6400
f 6710 	6711 	6400
f 6400 	6711 	6401
f 6711 	6712 	6401
f 6401 	6712 	6402
f 6712 	6713 	6402
f 6402 	6713 	6403
f 6713 	6714 	6403
f 6403 	6714 	6404
f 6714 	6715 	6404
f 6404 	6715 	6405
f 6715 	6716 	6405
f 6405 	6716 	6406
f 6716 	6717 	6406
f 6406 	6717 	6407
f 6717 	6718 	6407
f 6407 	6718 	6408
f 6718 	6719 	6408
f 6408 	6719 	6409
f 6719 	6720 	6409
f 6409 	6720 	6410
f 6720 	6721 	6410
f 6410 	6721 	6411
f 6721 	6722 	6411
f 6411 	6722 	6412
f 6722 	6723 	6412
f 6412 	6723 	6413
f 6723 	6724 	6413
f 6413 	6724 	6414
f 6724 	6725 	6414
f 6414 	6725 	6415
f 6725 	6726 	6415
f 6415 	6726 	6416
f 6726 	6727 	6416
f 6416 	6727 	6417
f 6727 	6728 	6417
f 6417 	6728 	6418
f 6728 	6729 	6418
f 6418 	6729 	6419
f 6729 	6730 	6419
f 6419 	6730 	6420
f 6730 	6731 	6420
f 6420 	6731 	6421
f 6731 	6732 	6421
f 6421 	6732 	6422
f 6732 	6733 	6422
f 6422 	6733 	6423
f 6733 	6734 	6423
f 6423 	6734 	6424
f 6734 	6735 	6424
f 6424 	6735 	6425
f 6735 	6736 	6425
f 6425 	6736 	6426
f 6736 	6737 	6426
f 6426 	6737 	6427
f 6737 	6738 	6427
f 6427 	6738 	6428
f 6738 	6739 	6428
f 6428 	6739 	6429
f 6739 	6740 	6429
f 6429 	6740 	6430
f 6740 	6741 	6430
f 6430 	6741 	6431
f 6741 	6742 	6431
f 6431 	6742 	6432
f 6742 	6743 	6432
f 6432 	6743 	6433
f 6743 	6744 	6433
f 6433 	6744 	6434
f 6744 	6745 	6434
f 6434 	6745 	6435
f 6745 	6746 	6435
f 6435 	6746 	6436
f 6746 	6747 	6436
f 6436 	6747 	6437
f 6747 	6748 	6437
f 6437 	6748 	6438
f 6748 	6749 	6438
f 6438 	6749 	6439
f 6749 	6750 	6439
f 6439 	6750 	6440
f 6750 	6751 	6440
f 6440 	6751 	6441
f 6751 	6752 	6441
f 6441 	6752 	6442
f 6752 	6753 	6442
f 6442 	6753 	6443
f 6753 	6754 	6443
f 6443 	6754 	6444
f 6754 	6755 	6444
f 6444 	6755 	6445
f 6755 	6756 	6445
f 6445 	6756 	6446
f 6756 	6757 	6446
f 6446 	6757 	6447
f 6757 	6758 	6447
f 6447 	6758 	6448
f 6758 	6759 	6448
f 6448 	6759 	6449
f 6759 	6760 	6449
f 6449 	6760 	6450
f 6760 	6761 	6450
f 6450 	6761 	6451
f 6761 	6762 	6451
f 6451 	6762 	6452
f 6762 	6763 	6452
f 6452 	6763 	6453
f 6763 	6764 	6453
f 6453 	6764 	6454
f 6764 	6765 	6454
f 6454 	6765 	6455
f 6765 	6766 	6455
f 6455 	6766 	6456
f 6766 	6767 	6456
f 6456 	6767 	6457
f 6767 	6768 	6457
f 6457 	6768 	6458
f 6768 	6769 	6458
f 6458 	6769 	6459
f 6769 	6770 	6459
f 6459 	6770 	6460
f 6770 	6771 	6460
f 6460 	6771 	6461
f 6771 	6772 	6461
f 6461 	6772 	6462
f 6772 	6773 	6462
f 6462 	6773 	6463
f 6773 	6774 	6463
f 6463 	6774 	6464
f 6774 	6775 	6464
f 6464 	6775 	6465
f 6775 	6776 	6465
f 6465 	6776 	6466
f 6776 	6777 	6466
f 6466 	6777 	6467
f 6777 	6778 	6467
f 6467 	6778 	6468
f 6778 	6779 	6468
f 6468 	6779 	6469
f 6779 	6780 	6469
f 6469 	6780 	6470
f 6780 	6781 	6470
f 6470 	6781 	6471
f 6781 	6782 	6471
f 6471 	6782 	6472
f 6782 	6783 	6472
f 6472 	6783 	6473
f 6783 	6784 	6473
f 6473 	6784 	6474
f 6784 	6785 	6474
f 6474 	6785 	6475
f 6785 	6786 	6475
f 6475 	6786 	6476
f 6786 	6787 	6476
f 6476 	6787 	6477
f 6787 	6788 	6477
f 6477 	6788 	6478
f 6788 	6789 	6478
f 6478 	6789 	6479
f 6789 	6790 	6479
f 6479 	6790 	6480
f 6790 	6791 	6480
f 6480 	6791 	6481
f 6791 	6792 	6481
f 6481 	6792 	6482
f 6792 	6793 	6482
f 6482 	6793 	6483
f 6793 	6794 	6483
f 6483 	6794 	6484
f 6794 	6795 	6484
f 6484 	6795 	6485
f 6795 	6796 	6485
f 6485 	6796 	6486
f 6796 	6797 	6486
f 6486 	6797 	6487
f 6797 	6798 	6487
f 6487 	6798 	6488
f 6798 	6799 	6488
f 6488 	6799 	6489
f 6799 	6800 	6489
f 6489 	6800 	6490
f 6800 	6801 	6490
f 6490 	6801 	6491
f 6801 	6802 	6491
f 6491 	6802 	6492
f 6802 	6803 	6492
f 6492 	6803 	6493
f 6803 	6804 	6493
f 6493 	6804 	6494
f 6804 	6805 	6494
f 6494 	6805 	6495
f 6805 	6806 	6495
f 6495 	6806 	6496
f 6806 	6807 	6496
f 6496 	6807 	6497
f 6807 	6808 	6497
f 6497 	6808 	6498
f 6808 	6809 	6498
f 6498 	6809 	6499
f 6809 	6810 	6499
f 6499 	6810 	6500
f 6810 	6811 	6500
f 6500 	6811 	6501
f 6811 	6812 	6501
f 6501 	6812 	6502
f 6812 	6813 	6502
f 6502 	6813 	6503
f 6813 	6814 	6503
f 6503 	6814 	6504
f 6814 	6815 	6504
f 6504 	6815 	6505
f 6815 	6816 	6505
f 6505 	6816 	6506
f 6816 	6817 	6506
f 6506 	6817 	6507
f 6817 	6818 	6507
f 6507 	6818 	6508
f 6818 	6819 	6508
f 6508 	6819 	6509
f 6819 	6820 	6509
f 6509 	6820 	6510
f 6820 	6510 	6510
f 602 	6511 	6511
f 6511 	6821 	6512
f 6512 	6821 	6513
f 6821 	6822 	6513
f 6513 	6822 	6514
f 6822 	6823 	6514
f 6514 	6823 	6515
f 6823 	6824 	6515
f 6515 	6824 	6516
f 6824 	6825 	6516
f 6516 	6825 	6517
f 6825 	6826 	6517
f 6517 	6826 	6518
f 6826 	6827 	6518
f 6518 	6827 	6519
f 6827 	6828 	6519
f 6519 	6828 	6520
f 6828 	6829 	6520
f 6520 	6829 	6521
f 6829 	6830 	6521
f 6521 	6830 	6211
f 6830 	6522 	6211
f 6522 	6831 	6523
f 6831 	6832 	6523
f 6523 	6832 	6524
f 6832 	6833 	6524
f 6524 	6833 	6525
f 6833 	6834 	6525
f 6525 	6834 	6526
f 6834 	6835 	6526
f 6526 	6835 	6527
f 6835 	6836 	6527
f 6527 	6836 	6528
f 6836 	6837 	6528
f 6528 	6837 	6529
f 6837 	6838 	6529
f 6529 	6838 	6530
f 6838 	6839 	6530
f 6530 	6839 	6531
f 6839 	6840 	6531
f 6531 	6840 	6532
f 6840 	6841 	6532
f 6532 	6841 	6533
f 6841 	6842 	6533
f 6533 	6842 	6534
f 6842 	6843 	6534
f 6534 	6843 	6535
f 6843 	6844 	6535
f 6535 	6844 	6536
f 6844 	6845 	6536
f 6536 	6845 	6537
f 6845 	6846 	6537
f 6537 	6846 	6538
f 6846 	6847 	6538
f 6538 	6847 	6539
f 6847 	6848 	6539
f 6539 	6848 	6540
f 6848 	6849 	6540
f 6540 	6849 	6541
f 6849 	6850 	6541
f 6541 	6850 	6542
f 6850 	6851 	6542
f 6542 	6851 	6543
f 6851 	6852 	6543
f 6543 	6852 	6544
f 6852 	6853 	6544
f 6544 	6853 	6545
f 6853 	6854 	6545
f 6545 	6854 	6546
f 6854 	6855 	6546
f 6546 	6855 	6547
f 6855 	6856 	6547
f 6547 	6856 	6548
f 6856 	6857 	6548
f 6548 	6857 	6549
f 6857 	6858 	6549
f 6549 	6858 	6550
f 6858 	6859 	6550
f 6550 	6859 	6551
f 6859 	6860 	6551
f 6551 	6860 	6552
f 6860 	6861 	6552
f 6552 	6861 	6553
f 6861 	6862 	6553
f 6553 	6862 	6554
f 6862 	6863 	6554
f 6554 	6863 	6555
f 6863 	6864 	6555
f 6555 	6864 	6556
f 6864 	6865 	6556
f 6556 	6865 	6557
f 6865 	6866 	6557
f 6557 	6866 	6558
f 6866 	6867 	6558
f 6558 	6867 	6559
f 6867 	6868 	6559
f 6559 	6868 	6560
f 6868 	6869 	6560
f 6560 	6869 	6561
f 6869 	6870 	6561
f 6561 	6870 	6562
f 6870 	6871 	6562
f 6562 	6871 	6563
f 6871 	6872 	6563
f 6563 	6872 	6564
f 6872 	6873 	6564
f 6564 	6873 	6565
f 6873 	6874 	6565
f 6565 	6874 	6566
f 6874 	6875 	6566
f 6566 	6875 	6567
f 6875 	6876 	6567
f 6567 	6876 	6568
f 6876 	6877 	6568
f 6568 	6877 	6569
f 6877 	6878 	6569
f 6569 	6878 	6570
f 6878 	6879 	6570
f 6570 	6879 	6571
f 6879 	6880 	6571
f 6571 	6880 	6572
f 6880 	6881 	6572
f 6572 	6881 	6573
f 6881 	6882 	6573
f 6573 	6882 	6574
f 6882 	6883 	6574
f 6574 	6883 	6575
f 6883 	6884 	6575
f 6575 	6884 	6576
f 6884 	6885 	6576
f 6576 	6885 	6577
f 6885 	6886 	6577
f 6577 	6886 	6578
f 6886 	6887 	6578
f 6578 	6887 	6579
f 6887 	6888 	6579
f 6579 	6888 	6580
f 6888 	6889 	6580
f 6580 	6889 	6581
f 6889 	6890 	6581
f 6581 	6890 	6582
f 6890 	6891 	6582
f 6582 	6891 	6583
f 6891 	6892 	6583
f 6583 	6892 	6584
f 6892 	6893 	6584
f 6584 	6893 	6585
f 6893 	6894 	6585
f 6585 	6894 	6586
f 6894 	6895 	6586
f 6586 	6895 	6587
f 6895 	6896 	6587
f 6587 	6896 	6588
f 6896 	6897 	6588
f 6588 	6897 	6589
f 6897 	6898 	6589
f 6589 	6898 	6590
f 6898 	6899 	6590
f 6590 	6899 	6591
f 6899 	6900 	6591
f 6591 	6900 	6592
f 6900 	6901 	6592
f 6592 	6901 	6593
f 6901 	6902 	6593
f 6593 	6902 	6594
f 6902 	6903 	6594
f 6594 	6903 	6595
f 6903 	6904 	6595
f 6595 	6904 	6596
f 6904 	6905 	6596
f 6596 	6905 	6597
f 6905 	6906 	6597
f 6597 	6906 	6598
f 6906 	6907 	6598
f 6598 	6907 	6599
f 6907 	6908 	6599
f 6599 	6908 	6600
f 6908 	6909 	6600
f 6600 	6909 	6601
f 6909 	6910 	6601
f 6601 	6910 	6602
f 6910 	6911 	6602
f 6602 	6911 	6603
f 6911 	6912 	6603
f 6603 	6912 	6604
f 6912 	6913 	6604
f 6604 	6913 	6605
f 6913 	6914 	6605
f 6605 	6914 	6606
f 6914 	6915 	6606
f 6606 	6915 	6607
f 6915 	6916 	6607
f 6607 	6916 	6608
f 6916 	6917 	6608
f 6608 	6917 	6609
f 6917 	6918 	6609
f 6609 	6918 	6610
f 6918 	6919 	6610
f 6610 	6919 	6611
f 6919 	6920 	6611
f 6611 	6920 	6612
f 6920 	6921 	6612
f 6612 	6921 	6613
f 6921 	6922 	6613
f 6613 	6922 	6614
f 6922 	6923 	6614
f 6614 	6923 	6615
f 6923 	6924 	6615
f 6615 	6924 	6616
f 6924 	6925 	6616
f 6616 	6925 	6617
f 6925 	6926 	6617
f 6617 	6926 	6618
f 6926 	6927 	6618
f 6618 	6927 	6619
f 6927 	6928 	6619
f 6619 	6928 	6620
f 6928 	6929 	6620
f 6620 	6929 	6621
f 6929 	6930 	6621
f 6621 	6930 	6622
f 6930 	6931 	6622
f 6622 	6931 	6623
f 6931 	6932 	6623
f 6623 	6932 	6624
f 6932 	6933 	6624
f 6624 	6933 	6625
f 6933 	6934 	6625
f 6625 	6934 	6626
f 6934 	6935 	6626
f 6626 	6935 	6627
f 6935 	6936 	6627
f 6627 	6936 	6628
f 6936 	6937 	6628
f 6628 	6937 	6629
f 6937 	6938 	6629
f 6629 	6938 	6630
f 6938 	6939 	6630
f 6630 	6939 	6631
f 6939 	6940 	6631
f 6631 	6940 	6632
f 6940 	6941 	6632
f 6632 	6941 	6633
f 6941 	6942 	6633
f 6633 	6942 	6634
f 6942 	6943 	6634
f 6634 	6943 	6635
f 6943 	6944 	6635
f 6635 	6944 	6636
f 6944 	6945 	6636
f 6636 	6945 	6637
f 6945 	6946 	6637
f 6637 	6946 	6638
f 6946 	6947 	6638
f 6638 	6947 	6639
f 6947 	6948 	6639
f 6639 	6948 	6640
f 6948 	6949 	6640
f 6640 	6949 	6641
f 6949 	6950 	6641
f 6641 	6950 	6642
f 6950 	6951 	6642
f 6642 	6951 	6643
f 6951 	6952 	6643
f 6643 	6952 	6644
f 6952 	6953 	6644
f 6644 	6953 	6645
f 6953 	6954 	6645
f 6645 	6954 	6646
f 6954 	6955 	6646
f 6646 	6955 	6647
f 6955 	6956 	6647
f 6647 	6956 	6648
f 6956 	6957 	6648
f 6648 	6957 	6649
f 6957 	6958 	6649
f 6649 	6958 	6650
f 6958 	6959 	6650
f 6650 	6959 	6651
f 6959 	6960 	6651
f 6651 	6960 	6652
f 6960 	6961 	6652
f 6652 	6961 	6653
f 6961 	6962 	6653
f 6653 	6962 	6654
f 6962 	6963 	6654
f 6654 	6963 	6655
f 6963 	6964 	6655
f 6655 	6964 	6656
f 6964 	6965 	6656
f 6656 	6965 	6657
f 6965 	6966 	6657
f 6657 	6966 	6658
f 6966 	6967 	6658
f 6658 	6967 	6659
f 6967 	6968 	6659
f 6659 	6968 	6660
f 6968 	6969 	6660
f 6660 	6969 	6661
f 6969 	6970 	6661
f 6661 	6970 	6662
f 6970 	6971 	6662
f 6662 	6971 	6663
f 6971 	6972 	6663
f 6663 	6972 	6664
f 6972 	6973 	6664
f 6664 	6973 	6665
f 6973 	6974 	6665
f 6665 	6974 	6666
f 6974 	6975 	6666
f 6666 	6975 	6667
f 6975 	6976 	6667
f 6667 	6976 	6668
f 6976 	6977 	6668
f 6668 	6977 	6669
f 6977 	6978 	6669
f 6669 	6978 	6670
f 6978 	6979 	6670
f 6670 	6979 	6671
f 6979 	6980 	6671
f 6671 	6980 	6672
f 6980 	6981 	6672
f 6672 	6981 	6673
f 6981 	6982 	6673
f 6673 	6982 	6674
f 6982 	6983 	6674
f 6674 	6983 	6675
f 6983 	6984 	6675
f 6675 	6984 	6676
f 6984 	6985 	6676
f 6676 	6985 	6677
f 6985 	6986 	6677
f 6677 	6986 	6678
f 6986 	6987 	6678
f 6678 	6987 	6679
f 6987 	6988 	6679
f 6679 	6988 	6680
f 6988 	6989 	6680
f 6680 	6989 	6681
f 6989 	6990 	6681
f 6681 	6990 	6682
f 6990 	6991 	6682
f 6682 	6991 	6683
f 6991 	6992 	6683
f 6683 	6992 	6684
f 6992 	6993 	6684
f 6684 	6993 	6685
f 6993 	6994 	6685
f 6685 	6994 	6686
f 6994 	6995 	6686
f 6686 	6995 	6687
f 6995 	6996 	6687
f 6687 	6996 	6688
f 6996 	6997 	6688
f 6688 	6997 	6689
f 6997 	6998 	6689
f 6689 	6998 	6690
f 6998 	6999 	6690
f 6690 	6999 	6691
f 6999 	7000 	6691
f 6691 	7000 	6692
f 7000 	7001 	6692
f 6692 	7001 	6693
f 7001 	7002 	6693
f 6693 	7002 	6694
f 7002 	7003 	6694
f 6694 	7003 	6695
f 7003 	7004 	6695
f 6695 	7004 	6696
f 7004 	7005 	6696
f 6696 	7005 	6697
f 7005 	7006 	6697
f 6697 	7006 	6698
f 7006 	7007 	6698
f 6698 	7007 	6699
f 7007 	7008 	6699
f 6699 	7008 	6700
f 7008 	7009 	6700
f 6700 	7009 	6701
f 7009 	7010 	6701
f 6701 	7010 	6702
f 7010 	7011 	6702
f 6702 	7011 	6703
f 7011 	7012 	6703
f 6703 	7012 	6704
f 7012 	7013 	6704
f 6704 	7013 	6705
f 7013 	7014 	6705
f 6705 	7014 	6706
f 7014 	7015 	6706
f 6706 	7015 	6707
f 7015 	7016 	6707
f 6707 	7016 	6708
f 7016 	7017 	6708
f 6708 	7017 	6709
f 7017 	7018 	6709
f 6709 	7018 	6710
f 7018 	7019 	6710
f 6710 	7019 	6711
f 7019 	7020 	6711
f 6711 	7020 	6712
f 7020 	7021 	6712
f 6712 	7021 	6713
f 7021 	7022 	6713
f 6713 	7022 	6714
f 7022 	7023 	6714
f 6714 	7023 	6715
f 7023 	7024 	6715
f 6715 	7024 	6716
f 7024 	7025 	6716
f 6716 	7025 	6717
f 7025 	7026 	6717
f 6717 	7026 	6718
f 7026 	7027 	6718
f 6718 	7027 	6719
f 7027 	7028 	6719
f 6719 	7028 	6720
f 7028 	7029 	6720
f 6720 	7029 	6721
f 7029 	7030 	6721
f 6721 	7030 	6722
f 7030 	7031 	6722
f 6722 	7031 	6723
f 7031 	7032 	6723
f 6723 	7032 	6724
f 7032 	7033 	6724
f 6724 	7033 	6725
f 7033 	7034 	6725
f 6725 	7034 	6726
f 7034 	7035 	6726
f 6726 	7035 	6727
f 7035 	7036 	6727
f 6727 	7036 	6728
f 7036 	7037 	6728
f 6728 	7037 	6729
f 7037 	7038 	6729
f 6729 	7038 	6730
f 7038 	7039 	6730
f 6730 	7039 	6731
f 7039 	7040 	6731
f 6731 	7040 	6732
f 7040 	7041 	6732
f 6732 	7041 	6733
f 7041 	7042 	6733
f 6733 	7042 	6734
f 7042 	7043 	6734
f 6734 	7043 	6735
f 7043 	7044 	6735
f 6735 	7044 	6736
f 7044 	7045 	6736
f 6736 	7045 	6737
f 7045 	7046 	6737
f 6737 	7046 	6738
f 7046 	7047 	6738
f 6738 	7047 	6739
f 7047 	7048 	6739
f 6739 	7048 	6740
f 7048 	7049 	6740
f 6740 	7049 	6741
f 7049 	7050 	6741
f 6741 	7050 	6742
f 7050 	7051 	6742
f 6742 	7051 	6743
f 7051 	7052 	6743
f 6743 	7052 	6744
f 7052 	7053 	6744
f 6744 	7053 	6745
f 7053 	7054 	6745
f 6745 	7054 	6746
f 7054 	7055 	6746
f 6746 	7055 	6747
f 7055 	7056 	6747
f 6747 	7056 	6748
f 7056 	7057 	6748
f 6748 	7057 	6749
f 7057 	7058 	6749
f 6749 	7058 	6750
f 7058 	7059 	6750
f 6750 	7059 	6751
f 7059 	7060 	6751
f 6751 	7060 	6752
f 7060 	7061 	6752
f 6752 	7061 	6753
f 7061 	7062 	6753
f 6753 	7062 	6754
f 7062 	7063 	6754
f 6754 	7063 	6755
f 7063 	7064 	6755
f 6755 	7064 	6756
f 7064 	7065 	6756
f 6756 	7065 	6757
f 7065 	7066 	6757
f 6757 	7066 	6758
f 7066 	7067 	6758
f 6758 	7067 	6759
f 7067 	7068 	6759
f 6759 	7068 	6760
f 7068 	7069 	6760
f 6760 	7069 	6761
f 7069 	7070 	6761
f 6761 	7070 	6762
f 7070 	7071 	6762
f 6762 	7071 	6763
f 7071 	7072 	6763
f 6763 	7072 	6764
f 7072 	7073 	6764
f 6764 	7073 	6765
f 7073 	7074 	6765
f 6765 	7074 	6766
f 7074 	7075 	6766
f 6766 	7075 	6767
f 7075 	7076 	6767
f 6767 	7076 	6768
f 7076 	7077 	6768
f 6768 	7077 	6769
f 7077 	7078 	6769
f 6769 	7078 	6770
f 7078 	7079 	6770
f 6770 	7079 	6771
f 7079 	7080 	6771
f 6771 	7080 	6772
f 7080 	7081 	6772
f 6772 	7081 	6773
f 7081 	7082 	6773
f 6773 	7082 	6774
f 7082 	7083 	6774
f 6774 	7083 	6775
f 7083 	7084 	6775
f 6775 	7084 	6776
f 7084 	7085 	6776
f 6776 	7085 	6777
f 7085 	7086 	6777
f 6777 	7086 	6778
f 7086 	7087 	6778
f 6778 	7087 	6779
f 7087 	7088 	6779
f 6779 	7088 	6780
f 7088 	7089 	6780
f 6780 	7089 	6781
f 7089 	7090 	6781
f 6781 	7090 	6782
f 7090 	7091 	6782
f 6782 	7091 	6783
f 7091 	7092 	6783
f 6783 	7092 	6784
f 7092 	7093 	6784
f 6784 	7093 	6785
f 7093 	7094 	6785
f 6785 	7094 	6786
f 7094 	7095 	6786
f 6786 	7095 	6787
f 7095 	7096 	6787
f 6787 	7096 	6788
f 7096 	7097 	6788
f 6788 	7097 	6789
f 7097 	7098 	6789
f 6789 	7098 	6790
f 7098 	7099 	6790
f 6790 	7099 	6791
f 7099 	7100 	6791
f 6791 	7100 	6792
f 7100 	7101 	6792
f 6792 	7101 	6793
f 7101 	7102 	6793
f 6793 	7102 	6794
f 7102 	7103 	6794
f 6794 	7103 	6795
f 7103 	7104 	6795
f 6795 	7104 	6796
f 7104 	7105 	6796
f 6796 	7105 	6797
f 7105 	7106 	6797
f 6797 	7106 	6798
f 7106 	7107 	6798
f 6798 	7107 	6799
f 7107 	7108 	6799
f 6799 	7108 	6800
f 7108 	7109 	6800
f 6800 	7109 	6801
f 7109 	7110 	6801
f 6801 	7110 	6802
f 7110 	7111 	6802
f 6802 	7111 	6803
f 7111 	7112 	6803
f 6803 	7112 	6804
f 7112 	7113 	6804
f 6804 	7113 	6805
f 7113 	7114 	6805
f 6805 	7114 	6806
f 7114 	7115 	6806
f 6806 	7115 	6807
f 7115 	7116 	6807
f 6807 	7116 	6808
f 7116 	7117 	6808
f 6808 	7117 	6809
f 7117 	7118 	6809
f 6809 	7118 	6810
f 7118 	7119 	6810
f 6810 	7119 	6811
f 7119 	7120 	6811
f 6811 	7120 	6812
f 7120 	7121 	6812
f 6812 	7121 	6813
f 7121 	7122 	6813
f 6813 	7122 	6814
f 7122 	7123 	6814
f 6814 	7123 	6815
f 7123 	7124 	6815
f 6815 	7124 	6816
f 7124 	7125 	6816
f 6816 	7125 	6817
f 7125 	7126 	6817
f 6817 	7126 	6818
f 7126 	7127 	6818
f 6818 	7127 	6819
f 7127 	7128 	6819
f 6819 	7128 	6820
f 7128 	7129 	6820
f 6820 	7129 	6510
f 7129 	7130 	6510
f 6510 	7130 	601
f 602 	7131 	6511
f 6511 	7131 	6821
f 7131 	7132 	6821
f 6821 	7132 	6822
f 7132 	7133 	6822
f 6822 	7133 	6823
f 7133 	7134 	6823
f 6823 	7134 	6824
f 7134 	7135 	6824
f 6824 	7135 	6825
f 7135 	7136 	6825
f 6825 	7136 	6826
f 7136 	7137 	6826
f 6826 	7137 	6827
f 7137 	7138 	6827
f 6827 	7138 	6828
f 7138 	7139 	6828
f 6828 	7139 	6829
f 7139 	7140 	6829
f 6829 	7140 	6830
f 7140 	7141 	6830
f 6830 	7141 	6522
f 7141 	6831 	6522
f 6831 	7142 	6832
f 7142 	7143 	6832
f 6832 	7143 	6833
f 7143 	7144 	6833
f 6833 	7144 	6834
f 7144 	7145 	6834
f 6834 	7145 	6835
f 7145 	7146 	6835
f 6835 	7146 	6836
f 7146 	7147 	6836
f 6836 	7147 	6837
f 7147 	7148 	6837
f 6837 	7148 	6838
f 7148 	7149 	6838
f 6838 	7149 	6839
f 7149 	7150 	6839
f 6839 	7150 	6840
f 7150 	7151 	6840
f 6840 	7151 	6841
f 7151 	7152 	6841
f 6841 	7152 	6842
f 7152 	7153 	6842
f 6842 	7153 	6843
f 7153 	7154 	6843
f 6843 	7154 	6844
f 7154 	7155 	6844
f 6844 	7155 	6845
f 7155 	7156 	6845
f 6845 	7156 	6846
f 7156 	7157 	6846
f 6846 	7157 	6847
f 7157 	7158 	6847
f 6847 	7158 	6848
f 7158 	7159 	6848
f 6848 	7159 	6849
f 7159 	7160 	6849
f 6849 	7160 	6850
f 7160 	7161 	6850
f 6850 	7161 	6851
f 7161 	7162 	6851
f 6851 	7162 	6852
f 7162 	7163 	6852
f 6852 	7163 	6853
f 7163 	7164 	6853
f 6853 	7164 	6854
f 7164 	7165 	6854
f 6854 	7165 	6855
f 7165 	7166 	6855
f 6855 	7166 	6856
f 7166 	7167 	6856
f 6856 	7167 	6857
f 7167 	7168 	6857
f 6857 	7168 	6858
f 7168 	7169 	6858
f 6858 	7169 	6859
f 7169 	7170 	6859
f 6859 	7170 	6860
f 7170 	7171 	6860
f 6860 	7171 	6861
f 7171 	7172 	6861
f 6861 	7172 	6862
f 7172 	7173 	6862
f 6862 	7173 	6863
f 7173 	7174 	6863
f 6863 	7174 	6864
f 7174 	7175 	6864
f 6864 	7175 	6865
f 7175 	7176 	6865
f 6865 	7176 	6866
f 7176 	7177 	6866
f 6866 	7177 	6867
f 7177 	7178 	6867
f 6867 	7178 	6868
f 7178 	7179 	6868
f 6868 	7179 	6869
f 7179 	7180 	6869
f 6869 	7180 	6870
f 7180 	7181 	6870
f 6870 	7181 	6871
f 7181 	7182 	6871
f 6871 	7182 	6872
f 7182 	7183 	6872
f 6872 	7183 	6873
f 7183 	7184 	6873
f 6873 	7184 	6874
f 7184 	7185 	6874
f 6874 	7185 	6875
f 7185 	7186 	6875
f 6875 	7186 	6876
f 7186 	7187 	6876
f 6876 	7187 	6877
f 7187 	7188 	6877
f 6877 	7188 	6878
f 7188 	7189 	6878
f 6878 	7189 	6879
f 7189 	7190 	6879
f 6879 	7190 	6880
f 7190 	7191 	6880
f 6880 	7191 	6881
f 7191 	7192 	6881
f 6881 	7192 	6882
f 7192 	7193 	6882
f 6882 	7193 	6883
f 7193 	7194 	6883
f 6883 	7194 	6884
f 7194 	7195 	6884
f 6884 	7195 	6885
f 7195 	7196 	6885
f 6885 	7196 	6886
f 7196 	7197 	6886
f 6886 	7197 	6887
f 7197 	7198 	6887
f 6887 	7198 	6888
f 7198 	7199 	6888
f 6888 	7199 	6889
f 7199 	7200 	6889
f 6889 	7200 	6890
f 7200 	7201 	6890
f 6890 	7201 	6891
f 7201 	7202 	6891
f 6891 	7202 	6892
f 7202 	7203 	6892
f 6892 	7203 	6893
f 7203 	7204 	6893
f 6893 	7204 	6894
f 7204 	7205 	6894
f 6894 	7205 	6895
f 7205 	7206 	6895
f 6895 	7206 	6896
f 7206 	7207 	6896
f 6896 	7207 	6897
f 7207 	7208 	6897
f 6897 	7208 	6898
f 7208 	7209 	6898
f 6898 	7209 	6899
f 7209 	7210 	6899
f 6899 	7210 	6900
f 7210 	7211 	6900
f 6900 	7211 	6901
f 7211 	7212 	6901
f 6901 	7212 	6902
f 7212 	7213 	6902
f 6902 	7213 	6903
f 7213 	7214 	6903
f 6903 	7214 	6904
f 7214 	7215 	6904
f 6904 	7215 	6905
f 7215 	7216 	6905
f 6905 	7216 	6906
f 7216 	7217 	6906
f 6906 	7217 	6907
f 7217 	7218 	6907
f 6907 	7218 	6908
f 7218 	7219 	6908
f 6908 	7219 	6909
f 7219 	7220 	6909
f 6909 	7220 	6910
f 7220 	7221 	6910
f 6910 	7221 	6911
f 7221 	7222 	6911
f 6911 	7222 	6912
f 7222 	7223 	6912
f 6912 	7223 	6913
f 7223 	7224 	6913
f 6913 	7224 	6914
f 7224 	7225 	6914
f 6914 	7225 	6915
f 7225 	7226 	6915
f 6915 	7226 	6916
f 7226 	7227 	6916
f 6916 	7227 	6917
f 7227 	7228 	6917
f 6917 	7228 	6918
f 7228 	7229 	6918
f 6918 	7229 	6919
f 7229 	7230 	6919
f 6919 	7230 	6920
f 7230 	7231 	6920
f 6920 	7231 	6921
f 7231 	7232 	6921
f 6921 	7232 	6922
f 7232 	7233 	6922
f 6922 	7233 	6923
f 7233 	7234 	6923
f 6923 	7234 	6924
f 7234 	7235 	6924
f 6924 	7235 	6925
f 7235 	7236 	6925
f 6925 	7236 	6926
f 7236 	7237 	6926
f 6926 	7237 	6927
f 7237 	7238 	6927
f 6927 	7238 	6928
f 7238 	7239 	6928
f 6928 	7239 	6929
f 7239 	7240 	6929
f 6929 	7240 	6930
f 7240 	7241 	6930
f 6930 	7241 	6931
f 7241 	7242 	6931
f 6931 	7242 	6932
f 7242 	7243 	6932
f 6932 	7243 	6933
f 7243 	7244 	6933
f 6933 	7244 	6934
f 7244 	7245 	6934
f 6934 	7245 	6935
f 7245 	7246 	6935
f 6935 	7246 	6936
f 7246 	7247 	6936
f 6936 	7247 	6937
f 7247 	7248 	6937
f 6937 	7248 	6938
f 7248 	7249 	6938
f 6938 	7249 	6939
f 7249 	7250 	6939
f 6939 	7250 	6940
f 7250 	7251 	6940
f 6940 	7251 	6941
f 7251 	7252 	6941
f 6941 	7252 	6942
f 7252 	7253 	6942
f 6942 	7253 	6943
f 7253 	7254 	6943
f 6943 	7254 	6944
f 7254 	7255 	6944
f 6944 	7255 	6945
f 7255 	7256 	6945
f 6945 	7256 	6946
f 7256 	7257 	6946
f 6946 	7257 	6947
f 7257 	7258 	6947
f 6947 	7258 	6948
f 7258 	7259 	6948
f 6948 	7259 	6949
f 7259 	7260 	6949
f 6949 	7260 	6950
f 7260 	7261 	6950
f 6950 	7261 	6951
f 7261 	7262 	6951
f 6951 	7262 	6952
f 7262 	7263 	6952
f 6952 	7263 	6953
f 7263 	7264 	6953
f 6953 	7264 	6954
f 7264 	7265 	6954
f 6954 	7265 	6955
f 7265 	7266 	6955
f 6955 	7266 	6956
f 7266 	7267 	6956
f 6956 	7267 	6957
f 7267 	7268 	6957
f 6957 	7268 	6958
f 7268 	7269 	6958
f 6958 	7269 	6959
f 7269 	7270 	6959
f 6959 	7270 	6960
f 7270 	7271 	6960
f 6960 	7271 	6961
f 7271 	7272 	6961
f 6961 	7272 	6962
f 7272 	7273 	6962
f 6962 	7273 	6963
f 7273 	7274 	6963
f 6963 	7274 	6964
f 7274 	7275 	6964
f 6964 	7275 	6965
f 7275 	7276 	6965
f 6965 	7276 	6966
f 7276 	7277 	6966
f 6966 	7277 	6967
f 7277 	7278 	6967
f 6967 	7278 	6968
f 7278 	7279 	6968
f 6968 	7279 	6969
f 7279 	7280 	6969
f 6969 	7280 	6970
f 7280 	7281 	6970
f 6970 	7281 	6971
f 7281 	7282 	6971
f 6971 	7282 	6972
f 7282 	7283 	6972
f 6972 	7283 	6973
f 7283 	7284 	6973
f 6973 	7284 	6974
f 7284 	7285 	6974
f 6974 	7285 	6975
f 7285 	7286 	6975
f 6975 	7286 	6976
f 7286 	7287 	6976
f 6976 	7287 	6977
f 7287 	7288 	6977
f 6977 	7288 	6978
f 7288 	7289 	6978
f 6978 	7289 	6979
f 7289 	7290 	6979
f 6979 	7290 	6980
f 7290 	7291 	6980
f 6980 	7291 	6981
f 7291 	7292 	6981
f 6981 	7292 	6982
f 7292 	7293 	6982
f 6982 	7293 	6983
f 7293 	7294 	6983
f 6983 	7294 	6984
f 7294 	7295 	6984
f 6984 	7295 	6985
f 7295 	7296 	6985
f 6985 	7296 	6986
f 7296 	7297 	6986
f 6986 	7297 	6987
f 7297 	7298 	6987
f 6987 	7298 	6988
f 7298 	7299 	6988
f 6988 	7299 	6989
f 7299 	7300 	6989
f 6989 	7300 	6990
f 7300 	7301 	6990
f 6990 	7301 	6991
f 7301 	7302 	6991
f 6991 	7302 	6992
f 7302 	7303 	6992
f 6992 	7303 	6993
f 7303 	7304 	6993
f 6993 	7304 	6994
f 7304 	7305 	6994
f 6994 	7305 	6995
f 7305 	7306 	6995
f 6995 	7306 	6996
f 7306 	7307 	6996
f 6996 	7307 	6997
f 7307 	7308 	6997
f 6997 	7308 	6998
f 7308 	7309 	6998
f 6998 	7309 	6999
f 7309 	7310 	6999
f 6999 	7310 	7000
f 7310 	7311 	7000
f 7000 	7311 	7001
f 7311 	7312 	7001
f 7001 	7312 	7002
f 7312 	7313 	7002
f 7002 	7313 	7003
f 7313 	7314 	7003
f 7003 	7314 	7004
f 7314 	7315 	7004
f 7004 	7315 	7005
f 7315 	7316 	7005
f 7005 	7316 	7006
f 7316 	7317 	7006
f 7006 	7317 	7007
f 7317 	7318 	7007
f 7007 	7318 	7008
f 7318 	7319 	7008
f 7008 	7319 	7009
f 7319 	7320 	7009
f 7009 	7320 	7010
f 7320 	7321 	7010
f 7010 	7321 	7011
f 7321 	7322 	7011
f 7011 	7322 	7012
f 7322 	7323 	7012
f 7012 	7323 	7013
f 7323 	7324 	7013
f 7013 	7324 	7014
f 7324 	7325 	7014
f 7014 	7325 	7015
f 7325 	7326 	7015
f 7015 	7326 	7016
f 7326 	7327 	7016
f 7016 	7327 	7017
f 7327 	7328 	7017
f 7017 	7328 	7018
f 7328 	7329 	7018
f 7018 	7329 	7019
f 7329 	7330 	7019
f 7019 	7330 	7020
f 7330 	7331 	7020
f 7020 	7331 	7021
f 7331 	7332 	7021
f 7021 	7332 	7022
f 7332 	7333 	7022
f 7022 	7333 	7023
f 7333 	7334 	7023
f 7023 	7334 	7024
f 7334 	7335 	7024
f 7024 	7335 	7025
f 7335 	7336 	7025
f 7025 	7336 	7026
f 7336 	7337 	7026
f 7026 	7337 	7027
f 7337 	7338 	7027
f 7027 	7338 	7028
f 7338 	7339 	7028
f 7028 	7339 	7029
f 7339 	7340 	7029
f 7029 	7340 	7030
f 7340 	7341 	7030
f 7030 	7341 	7031
f 7341 	7342 	7031
f 7031 	7342 	7032
f 7342 	7343 	7032
f 7032 	7343 	7033
f 7343 	7344 	7033
f 7033 	7344 	7034
f 7344 	7345 	7034
f 7034 	7345 	7035
f 7345 	7346 	7035
f 7035 	7346 	7036
f 7346 	7347 	7036
f 7036 	7347 	7037
f 7347 	7348 	7037
f 7037 	7348 	7038
f 7348 	7349 	7038
f 7038 	7349 	7039
f 7349 	7350 	7039
f 7039 	7350 	7040
f 7350 	7351 	7040
f 7040 	7351 	7041
f 7351 	7352 	7041
f 7041 	7352 	7042
f 7352 	7353 	7042
f 7042 	7353 	7043
f 7353 	7354 	7043
f 7043 	7354 	7044
f 7354 	7355 	7044
f 7044 	7355 	7045
f 7355 	7356 	7045
f 7045 	7356 	7046
f 7356 	7357 	7046
f 7046 	7357 	7047
f 7357 	7358 	7047
f 7047 	7358 	7048
f 7358 	7359 	7048
f 7048 	7359 	7049
f 7359 	7360 	7049
f 7049 	7360 	7050
f 7360 	7361 	7050
f 7050 	7361 	7051
f 7361 	7362 	7051
f 7051 	7362 	7052
f 7362 	7363 	7052
f 7052 	7363 	7053
f 7363 	7364 	7053
f 7053 	7364 	7054
f 7364 	7365 	7054
f 7054 	7365 	7055
f 7365 	7366 	7055
f 7055 	7366 	7056
f 7366 	7367 	7056
f 7056 	7367 	7057
f 7367 	7368 	7057
f 7057 	7368 	7058
f 7368 	7369 	7058
f 7058 	7369 	7059
f 7369 	7370 	7059
f 7059 	7370 	7060
f 7370 	7371 	7060
f 7060 	7371 	7061
f 7371 	7372 	7061
f 7061 	7372 	7062
f 7372 	7373 	7062
f 7062 	7373 	7063
f 7373 	7374 	7063
f 7063 	7374 	7064
f 7374 	7375 	7064
f 7064 	7375 	7065
f 7375 	7376 	7065
f 7065 	7376 	7066
f 7376 	7377 	7066
f 7066 	7377 	7067
f 7377 	7378 	7067
f 7067 	7378 	7068
f 7378 	7379 	7068
f 7068 	7379 	7069
f 7379 	7380 	7069
f 7069 	7380 	7070
f 7380 	7381 	7070
f 7070 	7381 	7071
f 7381 	7382 	7071
f 7071 	7382 	7072
f 7382 	7383 	7072
f 7072 	7383 	7073
f 7383 	7384 	7073
f 7073 	7384 	7074
f 7384 	7385 	7074
f 7074 	7385 	7075
f 7385 	7386 	7075
f 7075 	7386 	7076
f 7386 	7387 	7076
f 7076 	7387 	7077
f 7387 	7388 	7077
f 7077 	7388 	7078
f 7388 	7389 	7078
f 7078 	7389 	7079
f 7389 	7390 	7079
f 7079 	7390 	7080
f 7390 	7391 	7080
f 7080 	7391 	7081
f 7391 	7392 	7081
f 7081 	7392 	7082
f 7392 	7393 	7082
f 7082 	7393 	7083
f 7393 	7394 	7083
f 7083 	7394 	7084
f 7394 	7395 	7084
f 7084 	7395 	7085
f 7395 	7396 	7085
f 7085 	7396 	7086
f 7396 	7397 	7086
f 7086 	7397 	7087
f 7397 	7398 	7087
f 7087 	7398 	7088
f 7398 	7399 	7088
f 7088 	7399 	7089
f 7399 	7400 	7089
f 7089 	7400 	7090
f 7400 	7401 	7090
f 7090 	7401 	7091
f 7401 	7402 	7091
f 7091 	7402 	7092
f 7402 	7403 	7092
f 7092 	7403 	7093
f 7403 	7404 	7093
f 7093 	7404 	7094
f 7404 	7405 	7094
f 7094 	7405 	7095
f 7405 	7406 	7095
f 7095 	7406 	7096
f 7406 	7407 	7096
f 7096 	7407 	7097
f 7407 	7408 	7097
f 7097 	7408 	7098
f 7408 	7409 	7098
f 7098 	7409 	7099
f 7409 	7410 	7099
f 7099 	7410 	7100
f 7410 	7411 	7100
f 7100 	7411 	7101
f 7411 	7412 	7101
f 7101 	7412 	7102
f 7412 	7413 	7102
f 7102 	7413 	7103
f 7413 	7414 	7103
f 7103 	7414 	7104
f 7414 	7415 	7104
f 7104 	7415 	7105
f 7415 	7416 	7105
f 7105 	7416 	7106
f 7416 	7417 	7106
f 7106 	7417 	7107
f 7417 	7418 	7107
f 7107 	7418 	7108
f 7418 	7419 	7108
f 7108 	7419 	7109
f 7419 	7420 	7109
f 7109 	7420 	7110
f 7420 	7421 	7110
f 7110 	7421 	7111
f 7421 	7422 	7111
f 7111 	7422 	7112
f 7422 	7423 	7112
f 7112 	7423 	7113
f 7423 	7424 	7113
f 7113 	7424 	7114
f 7424 	7425 	7114
f 7114 	7425 	7115
f 7425 	7426 	7115
f 7115 	7426 	7116
f 7426 	7427 	7116
f 7116 	7427 	7117
f 7427 	7428 	7117
f 7117 	7428 	7118
f 7428 	7429 	7118
f 7118 	7429 	7119
f 7429 	7430 	7119
f 7119 	7430 	7120
f 7430 	7431 	7120
f 7120 	7431 	7121
f 7431 	7432 	7121
f 7121 	7432 	7122
f 7432 	7433 	7122
f 7122 	7433 	7123
f 7433 	7434 	7123
f 7123 	7434 	7124
f 7434 	7435 	7124
f 7124 	7435 	7125
f 7435 	7436 	7125
f 7125 	7436 	7126
f 7436 	7437 	7126
f 7126 	7437 	7127
f 7437 	7438 	7127
f 7127 	7438 	7128
f 7438 	7439 	7128
f 7128 	7439 	7129
f 7439 	7440 	7129
f 7129 	7440 	7130
f 7440 	7130 	7130
f 602 	7131 	7131
f 7131 	7441 	7132
f 7132 	7441 	7133
f 7441 	7442 	7133
f 7133 	7442 	7134
f 7442 	7443 	7134
f 7134 	7443 	7135
f 7443 	7444 	7135
f 7135 	7444 	7136
f 7444 	7445 	7136
f 7136 	7445 	7137
f 7445 	7446 	7137
f 7137 	7446 	7138
f 7446 	7447 	7138
f 7138 	7447 	7139
f 7447 	7448 	7139
f 7139 	7448 	7140
f 7448 	7449 	7140
f 7140 	7449 	7141
f 7449 	7450 	7141
f 7141 	7450 	6831
f 7450 	7142 	6831
f 7142 	7451 	7143
f 7451 	7452 	7143
f 7143 	7452 	7144
f 7452 	7453 	7144
f 7144 	7453 	7145
f 7453 	7454 	7145
f 7145 	7454 	7146
f 7454 	7455 	7146
f 7146 	7455 	7147
f 7455 	7456 	7147
f 7147 	7456 	7148
f 7456 	7457 	7148
f 7148 	7457 	7149
f 7457 	7458 	7149
f 7149 	7458 	7150
f 7458 	7459 	7150
f 7150 	7459 	7151
f 7459 	7460 	7151
f 7151 	7460 	7152
f 7460 	7461 	7152
f 7152 	7461 	7153
f 7461 	7462 	7153
f 7153 	7462 	7154
f 7462 	7463 	7154
f 7154 	7463 	7155
f 7463 	7464 	7155
f 7155 	7464 	7156
f 7464 	7465 	7156
f 7156 	7465 	7157
f 7465 	7466 	7157
f 7157 	7466 	7158
f 7466 	7467 	7158
f 7158 	7467 	7159
f 7467 	7468 	7159
f 7159 	7468 	7160
f 7468 	7469 	7160
f 7160 	7469 	7161
f 7469 	7470 	7161
f 7161 	7470 	7162
f 7470 	7471 	7162
f 7162 	7471 	7163
f 7471 	7472 	7163
f 7163 	7472 	7164
f 7472 	7473 	7164
f 7164 	7473 	7165
f 7473 	7474 	7165
f 7165 	7474 	7166
f 7474 	7475 	7166
f 7166 	7475 	7167
f 7475 	7476 	7167
f 7167 	7476 	7168
f 7476 	7477 	7168
f 7168 	7477 	7169
f 7477 	7478 	7169
f 7169 	7478 	7170
f 7478 	7479 	7170
f 7170 	7479 	7171
f 7479 	7480 	7171
f 7171 	7480 	7172
f 7480 	7481 	7172
f 7172 	7481 	7173
f 7481 	7482 	7173
f 7173 	7482 	7174
f 7482 	7483 	7174
f 7174 	7483 	7175
f 7483 	7484 	7175
f 7175 	7484 	7176
f 7484 	7485 	7176
f 7176 	7485 	7177
f 7485 	7486 	7177
f 7177 	7486 	7178
f 7486 	7487 	7178
f 7178 	7487 	7179
f 7487 	7488 	7179
f 7179 	7488 	7180
f 7488 	7489 	7180
f 7180 	7489 	7181
f 7489 	7490 	7181
f 7181 	7490 	7182
f 7490 	7491 	7182
f 7182 	7491 	7183
f 7491 	7492 	7183
f 7183 	7492 	7184
f 7492 	7493 	7184
f 7184 	7493 	7185
f 7493 	7494 	7185
f 7185 	7494 	7186
f 7494 	7495 	7186
f 7186 	7495 	7187
f 7495 	7496 	7187
f 7187 	7496 	7188
f 7496 	7497 	7188
f 7188 	7497 	7189
f 7497 	7498 	7189
f 7189 	7498 	7190
f 7498 	7499 	7190
f 7190 	7499 	7191
f 7499 	7500 	7191
f 7191 	7500 	7192
f 7500 	7501 	7192
f 7192 	7501 	7193
f 7501 	7502 	7193
f 7193 	7502 	7194
f 7502 	7503 	7194
f 7194 	7503 	7195
f 7503 	7504 	7195
f 7195 	7504 	7196
f 7504 	7505 	7196
f 7196 	7505 	7197
f 7505 	7506 	7197
f 7197 	7506 	7198
f 7506 	7507 	7198
f 7198 	7507 	7199
f 7507 	7508 	7199
f 7199 	7508 	7200
f 7508 	7509 	7200
f 7200 	7509 	7201
f 7509 	7510 	7201
f 7201 	7510 	7202
f 7510 	7511 	7202
f 7202 	7511 	7203
f 7511 	7512 	7203
f 7203 	7512 	7204
f 7512 	7513 	7204
f 7204 	7513 	7205
f 7513 	7514 	7205
f 7205 	7514 	7206
f 7514 	7515 	7206
f 7206 	7515 	7207
f 7515 	7516 	7207
f 7207 	7516 	7208
f 7516 	7517 	7208
f 7208 	7517 	7209
f 7517 	7518 	7209
f 7209 	7518 	7210
f 7518 	7519 	7210
f 7210 	7519 	7211
f 7519 	7520 	7211
f 7211 	7520 	7212
f 7520 	7521 	7212
f 7212 	7521 	7213
f 7521 	7522 	7213
f 7213 	7522 	7214
f 7522 	7523 	7214
f 7214 	7523 	7215
f 7523 	7524 	7215
f 7215 	7524 	7216
f 7524 	7525 	7216
f 7216 	7525 	7217
f 7525 	7526 	7217
f 7217 	7526 	7218
f 7526 	7527 	7218
f 7218 	7527 	7219
f 7527 	7528 	7219
f 7219 	7528 	7220
f 7528 	7529 	7220
f 7220 	7529 	7221
f 7529 	7530 	7221
f 7221 	7530 	7222
f 7530 	7531 	7222
f 7222 	7531 	7223
f 7531 	7532 	7223
f 7223 	7532 	7224
f 7532 	7533 	7224
f 7224 	7533 	7225
f 7533 	7534 	7225
f 7225 	7534 	7226
f 7534 	7535 	7226
f 7226 	7535 	7227
f 7535 	7536 	7227
f 7227 	7536 	7228
f 7536 	7537 	7228
f 7228 	7537 	7229
f 7537 	7538 	7229
f 7229 	7538 	7230
f 7538 	7539 	7230
f 7230 	7539 	7231
f 7539 	7540 	7231
f 7231 	7540 	7232
f 7540 	7541 	7232
f 7232 	7541 	7233
f 7541 	7542 	7233
f 7233 	7542 	7234
f 7542 	7543 	7234
f 7234 	7543 	7235
f 7543 	7544 	7235
f 7235 	7544 	7236
f 7544 	7545 	7236
f 7236 	7545 	7237
f 7545 	7546 	7237
f 7237 	7546 	7238
f 7546 	7547 	7238
f 7238 	7547 	7239
f 7547 	7548 	7239
f 7239 	7548 	7240
f 7548 	7549 	7240
f 7240 	7549 	7241
f 7549 	7550 	7241
f 7241 	7550 	7242
f 7550 	7551 	7242
f 7242 	7551 	7243
f 7551 	7552 	7243
f 7243 	7552 	7244
f 7552 	7553 	7244
f 7244 	7553 	7245
f 7553 	7554 	7245
f 7245 	7554 	7246
f 7554 	7555 	7246
f 7246 	7555 	7247
f 7555 	7556 	7247
f 7247 	7556 	7248
f 7556 	7557 	7248
f 7248 	7557 	7249
f 7557 	7558 	7249
f 7249 	7558 	7250
f 7558 	7559 	7250
f 7250 	7559 	7251
f 7559 	7560 	7251
f 7251 	7560 	7252
f 7560 	7561 	7252
f 7252 	7561 	7253
f 7561 	7562 	7253
f 7253 	7562 	7254
f 7562 	7563 	7254
f 7254 	7563 	7255
f 7563 	7564 	7255
f 7255 	7564 	7256
f 7564 	7565 	7256
f 7256 	7565 	7257
f 7565 	7566 	7257
f 7257 	7566 	7258
f 7566 	7567 	7258
f 7258 	7567 	7259
f 7567 	7568 	7259
f 7259 	7568 	7260
f 7568 	7569 	7260
f 7260 	7569 	7261
f 7569 	7570 	7261
f 7261 	7570 	7262
f 7570 	7571 	7262
f 7262 	7571 	7263
f 7571 	7572 	7263
f 7263 	7572 	7264
f 7572 	7573 	7264
f 7264 	7573 	7265
f 7573 	7574 	7265
f 7265 	7574 	7266
f 7574 	7575 	7266
f 7266 	7575 	7267
f 7575 	7576 	7267
f 7267 	7576 	7268
f 7576 	7577 	7268
f 7268 	7577 	7269
f 7577 	7578 	7269
f 7269 	7578 	7270
f 7578 	7579 	7270
f 7270 	7579 	7271
f 7579 	7580 	7271
f 7271 	7580 	7272
f 7580 	7581 	7272
f 7272 	7581 	7273
f 7581 	7582 	7273
f 7273 	7582 	7274
f 7582 	7583 	7274
f 7274 	7583 	7275
f 7583 	7584 	7275
f 7275 	7584 	7276
f 7584 	7585 	7276
f 7276 	7585 	7277
f 7585 	7586 	7277
f 7277 	7586 	7278
f 7586 	7587 	7278
f 7278 	7587 	7279
f 7587 	7588 	7279
f 7279 	7588 	7280
f 7588 	7589 	7280
f 7280 	7589 	7281
f 7589 	7590 	7281
f 7281 	7590 	7282
f 7590 	7591 	7282
f 7282 	7591 	7283
f 7591 	7592 	7283
f 7283 	7592 	7284
f 7592 	7593 	7284
f 7284 	7593 	7285
f 7593 	7594 	7285
f 7285 	7594 	7286
f 7594 	7595 	7286
f 7286 	7595 	7287
f 7595 	7596 	7287
f 7287 	7596 	7288
f 7596 	7597 	7288
f 7288 	7597 	7289
f 7597 	7598 	7289
f 7289 	7598 	7290
f 7598 	7599 	7290
f 7290 	7599 	7291
f 7599 	7600 	7291
f 7291 	7600 	7292
f 7600 	7601 	7292
f 7292 	7601 	7293
f 7601 	7602 	7293
f 7293 	7602 	7294
f 7602 	7603 	7294
f 7294 	7603 	7295
f 7603 	7604 	7295
f 7295 	7604 	7296
f 7604 	7605 	7296
f 7296 	7605 	7297
f 7605 	7606 	7297
f 7297 	7606 	7298
f 7606 	7607 	7298
f 7298 	7607 	7299
f 7607 	7608 	7299
f 7299 	7608 	7300
f 7608 	7609 	7300
f 7300 	7609 	7301
f 7609 	7610 	7301
f 7301 	7610 	7302
f 7610 	7611 	7302
f 7302 	7611 	7303
f 7611 	7612 	7303
f 7303 	7612 	7304
f 7612 	7613 	7304
f 7304 	7613 	7305
f 7613 	7614 	7305
f 7305 	7614 	7306
f 7614 	7615 	7306
f 7306 	7615 	7307
f 7615 	7616 	7307
f 7307 	7616 	7308
f 7616 	7617 	7308
f 7308 	7617 	7309
f 7617 	7618 	7309
f 7309 	7618 	7310
f 7618 	7619 	7310
f 7310 	7619 	7311
f 7619 	7620 	7311
f 7311 	7620 	7312
f 7620 	7621 	7312
f 7312 	7621 	7313
f 7621 	7622 	7313
f 7313 	7622 	7314
f 7622 	7623 	7314
f 7314 	7623 	7315
f 7623 	7624 	7315
f 7315 	7624 	7316
f 7624 	7625 	7316
f 7316 	7625 	7317
f 7625 	7626 	7317
f 7317 	7626 	7318
f 7626 	7627 	7318
f 7318 	7627 	7319
f 7627 	7628 	7319
f 7319 	7628 	7320
f 7628 	7629 	7320
f 7320 	7629 	7321
f 7629 	7630 	7321
f 7321 	7630 	7322
f 7630 	7631 	7322
f 7322 	7631 	7323
f 7631 	7632 	7323
f 7323 	7632 	7324
f 7632 	7633 	7324
f 7324 	7633 	7325
f 7633 	7634 	7325
f 7325 	7634 	7326
f 7634 	7635 	7326
f 7326 	7635 	7327
f 7635 	7636 	7327
f 7327 	7636 	7328
f 7636 	7637 	7328
f 7328 	7637 	7329
f 7637 	7638 	7329
f 7329 	7638 	7330
f 7638 	7639 	7330
f 7330 	7639 	7331
f 7639 	7640 	7331
f 7331 	7640 	7332
f 7640 	7641 	7332
f 7332 	7641 	7333
f 7641 	7642 	7333
f 7333 	7642 	7334
f 7642 	7643 	7334
f 7334 	7643 	7335
f 7643 	7644 	7335
f 7335 	7644 	7336
f 7644 	7645 	7336
f 7336 	7645 	7337
f 7645 	7646 	7337
f 7337 	7646 	7338
f 7646 	7647 	7338
f 7338 	7647 	7339
f 7647 	7648 	7339
f 7339 	7648 	7340
f 7648 	7649 	7340
f 7340 	7649 	7341
f 7649 	7650 	7341
f 7341 	7650 	7342
f 7650 	7651 	7342
f 7342 	7651 	7343
f 7651 	7652 	7343
f 7343 	7652 	7344
f 7652 	7653 	7344
f 7344 	7653 	7345
f 7653 	7654 	7345
f 7345 	7654 	7346
f 7654 	7655 	7346
f 7346 	7655 	7347
f 7655 	7656 	7347
f 7347 	7656 	7348
f 7656 	7657 	7348
f 7348 	7657 	7349
f 7657 	7658 	7349
f 7349 	7658 	7350
f 7658 	7659 	7350
f 7350 	7659 	7351
f 7659 	7660 	7351
f 7351 	7660 	7352
f 7660 	7661 	7352
f 7352 	7661 	7353
f 7661 	7662 	7353
f 7353 	7662 	7354
f 7662 	7663 	7354
f 7354 	7663 	7355
f 7663 	7664 	7355
f 7355 	7664 	7356
f 7664 	7665 	7356
f 7356 	7665 	7357
f 7665 	7666 	7357
f 7357 	7666 	7358
f 7666 	7667 	7358
f 7358 	7667 	7359
f 7667 	7668 	7359
f 7359 	7668 	7360
f 7668 	7669 	7360
f 7360 	7669 	7361
f 7669 	7670 	7361
f 7361 	7670 	7362
f 7670 	7671 	7362
f 7362 	7671 	7363
f 7671 	7672 	7363
f 7363 	7672 	7364
f 7672 	7673 	7364
f 7364 	7673 	7365
f 7673 	7674 	7365
f 7365 	7674 	7366
f 7674 	7675 	7366
f 7366 	7675 	7367
f 7675 	7676 	7367
f 7367 	7676 	7368
f 7676 	7677 	7368
f 7368 	7677 	7369
f 7677 	7678 	7369
f 7369 	7678 	7370
f 7678 	7679 	7370
f 7370 	7679 	7371
f 7679 	7680 	7371
f 7371 	7680 	7372
f 7680 	7681 	7372
f 7372 	7681 	7373
f 7681 	7682 	7373
f 7373 	7682 	7374
f 7682 	7683 	7374
f 7374 	7683 	7375
f 7683 	7684 	7375
f 7375 	7684 	7376
f 7684 	7685 	7376
f 7376 	7685 	7377
f 7685 	7686 	7377
f 7377 	7686 	7378
f 7686 	7687 	7378
f 7378 	7687 	7379
f 7687 	7688 	7379
f 7379 	7688 	7380
f 7688 	7689 	7380
f 7380 	7689 	7381
f 7689 	7690 	7381
f 7381 	7690 	7382
f 7690 	7691 	7382
f 7382 	7691 	7383
f 7691 	7692 	7383
f 7383 	7692 	7384
f 7692 	7693 	7384
f 7384 	7693 	7385
f 7693 	7694 	7385
f 7385 	7694 	7386
f 7694 	7695 	7386
f 7386 	7695 	7387
f 7695 	7696 	7387
f 7387 	7696 	7388
f 7696 	7697 	7388
f 7388 	7697 	7389
f 7697 	7698 	7389
f 7389 	7698 	7390
f 7698 	7699 	7390
f 7390 	7699 	7391
f 7699 	7700 	7391
f 7391 	7700 	7392
f 7700 	7701 	7392
f 7392 	7701 	7393
f 7701 	7702 	7393
f 7393 	7702 	7394
f 7702 	7703 	7394
f 7394 	7703 	7395
f 7703 	7704 	7395
f 7395 	7704 	7396
f 7704 	7705 	7396
f 7396 	7705 	7397
f 7705 	7706 	7397
f 7397 	7706 	7398
f 7706 	7707 	7398
f 7398 	7707 	7399
f 7707 	7708 	7399
f 7399 	7708 	7400
f 7708 	7709 	7400
f 7400 	7709 	7401
f 7709 	7710 	7401
f 7401 	7710 	7402
f 7710 	7711 	7402
f 7402 	7711 	7403
f 7711 	7712 	7403
f 7403 	7712 	7404
f 7712 	7713 	7404
f 7404 	7713 	7405
f 7713 	7714 	7405
f 7405 	7714 	7406
f 7714 	7715 	7406
f 7406 	7715 	7407
f 7715 	7716 	7407
f 7407 	7716 	7408
f 7716 	7717 	7408
f 7408 	7717 	7409
f 7717 	7718 	7409
f 7409 	7718 	7410
f 7718 	7719 	7410
f 7410 	7719 	7411
f 7719 	7720 	7411
f 7411 	7720 	7412
f 7720 	7721 	7412
f 7412 	7721 	7413
f 7721 	7722 	7413
f 7413 	7722 	7414
f 7722 	7723 	7414
f 7414 	7723 	7415
f 7723 	7724 	7415
f 7415 	7724 	7416
f 7724 	7725 	7416
f 7416 	7725 	7417
f 7725 	7726 	7417
f 7417 	7726 	7418
f 7726 	7727 	7418
f 7418 	7727 	7419
f 7727 	7728 	7419
f 7419 	7728 	7420
f 7728 	7729 	7420
f 7420 	7729 	7421
f 7729 	7730 	7421
f 7421 	7730 	7422
f 7730 	7731 	7422
f 7422 	7731 	7423
f 7731 	7732 	7423
f 7423 	7732 	7424
f 7732 	7733 	7424
f 7424 	7733 	7425
f 7733 	7734 	7425
f 7425 	7734 	7426
f 7734 	7735 	7426
f 7426 	7735 	7427
f 7735 	7736 	7427
f 7427 	7736 	7428
f 7736 	7737 	7428
f 7428 	7737 	7429
f 7737 	7738 	7429
f 7429 	7738 	7430
f 7738 	7739 	7430
f 7430 	7739 	7431
f 7739 	7740 	7431
f 7431 	7740 	7432
f 7740 	7741 	7432
f 7432 	7741 	7433
f 7741 	7742 	7433
f 7433 	7742 	7434
f 7742 	7743 	7434
f 7434 	7743 	7435
f 7743 	7744 	7435
f 7435 	7744 	7436
f 7744 	7745 	7436
f 7436 	7745 	7437
f 7745 	7746 	7437
f 7437 	7746 	7438
f 7746 	7747 	7438
f 7438 	7747 	7439
f 7747 	7748 	7439
f 7439 	7748 	7440
f 7748 	7749 	7440
f 7440 	7749 	7130
f 7749 	7750 	7130
f 7130 	7750 	601
f 602 	7751 	7131
f 7131 	7751 	7441
f 7751 	7752 	7441
f 7441 	7752 	7442
f 7752 	7753 	7442
f 7442 	7753 	7443
f 7753 	7754 	7443
f 7443 	7754 	7444
f 7754 	7755 	7444
f 7444 	7755 	7445
f 7755 	7756 	7445
f 7445 	7756 	7446
f 7756 	7757 	7446
f 7446 	7757 	7447
f 7757 	7758 	7447
f 7447 	7758 	7448
f 7758 	7759 	7448
f 7448 	7759 	7449
f 7759 	7760 	7449
f 7449 	7760 	7450
f 7760 	7761 	7450
f 7450 	7761 	7142
f 7761 	7451 	7142
f 7451 	7762 	7452
f 7762 	7763 	7452
f 7452 	7763 	7453
f 7763 	7764 	7453
f 7453 	7764 	7454
f 7764 	7765 	7454
f 7454 	7765 	7455
f 7765 	7766 	7455
f 7455 	7766 	7456
f 7766 	7767 	7456
f 7456 	7767 	7457
f 7767 	7768 	7457
f 7457 	7768 	7458
f 7768 	7769 	7458
f 7458 	7769 	7459
f 7769 	7770 	7459
f 7459 	7770 	7460
f 7770 	7771 	7460
f 7460 	7771 	7461
f 7771 	7772 	7461
f 7461 	7772 	7462
f 7772 	7773 	7462
f 7462 	7773 	7463
f 7773 	7774 	7463
f 7463 	7774 	7464
f 7774 	7775 	7464
f 7464 	7775 	7465
f 7775 	7776 	7465
f 7465 	7776 	7466
f 7776 	7777 	7466
f 7466 	7777 	7467
f 7777 	7778 	7467
f 7467 	7778 	7468
f 7778 	7779 	7468
f 7468 	7779 	7469
f 7779 	7780 	7469
f 7469 	7780 	7470
f 7780 	7781 	7470
f 7470 	7781 	7471
f 7781 	7782 	7471
f 7471 	7782 	7472
f 7782 	7783 	7472
f 7472 	7783 	7473
f 7783 	7784 	7473
f 7473 	7784 	7474
f 7784 	7785 	7474
f 7474 	7785 	7475
f 7785 	7786 	7475
f 7475 	7786 	7476
f 7786 	7787 	7476
f 7476 	7787 	7477
f 7787 	7788 	7477
f 7477 	7788 	7478
f 7788 	7789 	7478
f 7478 	7789 	7479
f 7789 	7790 	7479
f 7479 	7790 	7480
f 7790 	7791 	7480
f 7480 	7791 	7481
f 7791 	7792 	7481
f 7481 	7792 	7482
f 7792 	7793 	7482
f 7482 	7793 	7483
f 7793 	7794 	7483
f 7483 	7794 	7484
f 7794 	7795 	7484
f 7484 	7795 	7485
f 7795 	7796 	7485
f 7485 	7796 	7486
f 7796 	7797 	7486
f 7486 	7797 	7487
f 7797 	7798 	7487
f 7487 	7798 	7488
f 7798 	7799 	7488
f 7488 	7799 	7489
f 7799 	7800 	7489
f 7489 	7800 	7490
f 7800 	7801 	7490
f 7490 	7801 	7491
f 7801 	7802 	7491
f 7491 	7802 	7492
f 7802 	7803 	7492
f 7492 	7803 	7493
f 7803 	7804 	7493
f 7493 	7804 	7494
f 7804 	7805 	7494
f 7494 	7805 	7495
f 7805 	7806 	7495
f 7495 	7806 	7496
f 7806 	7807 	7496
f 7496 	7807 	7497
f 7807 	7808 	7497
f 7497 	7808 	7498
f 7808 	7809 	7498
f 7498 	7809 	7499
f 7809 	7810 	7499
f 7499 	7810 	7500
f 7810 	7811 	7500
f 7500 	7811 	7501
f 7811 	7812 	7501
f 7501 	7812 	7502
f 7812 	7813 	7502
f 7502 	7813 	7503
f 7813 	7814 	7503
f 7503 	7814 	7504
f 7814 	7815 	7504
f 7504 	7815 	7505
f 7815 	7816 	7505
f 7505 	7816 	7506
f 7816 	7817 	7506
f 7506 	7817 	7507
f 7817 	7818 	7507
f 7507 	7818 	7508
f 7818 	7819 	7508
f 7508 	7819 	7509
f 7819 	7820 	7509
f 7509 	7820 	7510
f 7820 	7821 	7510
f 7510 	7821 	7511
f 7821 	7822 	7511
f 7511 	7822 	7512
f 7822 	7823 	7512
f 7512 	7823 	7513
f 7823 	7824 	7513
f 7513 	7824 	7514
f 7824 	7825 	7514
f 7514 	7825 	7515
f 7825 	7826 	7515
f 7515 	7826 	7516
f 7826 	7827 	7516
f 7516 	7827 	7517
f 7827 	7828 	7517
f 7517 	7828 	7518
f 7828 	7829 	7518
f 7518 	7829 	7519
f 7829 	7830 	7519
f 7519 	7830 	7520
f 7830 	7831 	7520
f 7520 	7831 	7521
f 7831 	7832 	7521
f 7521 	7832 	7522
f 7832 	7833 	7522
f 7522 	7833 	7523
f 7833 	7834 	7523
f 7523 	7834 	7524
f 7834 	7835 	7524
f 7524 	7835 	7525
f 7835 	7836 	7525
f 7525 	7836 	7526
f 7836 	7837 	7526
f 7526 	7837 	7527
f 7837 	7838 	7527
f 7527 	7838 	7528
f 7838 	7839 	7528
f 7528 	7839 	7529
f 7839 	7840 	7529
f 7529 	7840 	7530
f 7840 	7841 	7530
f 7530 	7841 	7531
f 7841 	7842 	7531
f 7531 	7842 	7532
f 7842 	7843 	7532
f 7532 	7843 	7533
f 7843 	7844 	7533
f 7533 	7844 	7534
f 7844 	7845 	7534
f 7534 	7845 	7535
f 7845 	7846 	7535
f 7535 	7846 	7536
f 7846 	7847 	7536
f 7536 	7847 	7537
f 7847 	7848 	7537
f 7537 	7848 	7538
f 7848 	7849 	7538
f 7538 	7849 	7539
f 7849 	7850 	7539
f 7539 	7850 	7540
f 7850 	7851 	7540
f 7540 	7851 	7541
f 7851 	7852 	7541
f 7541 	7852 	7542
f 7852 	7853 	7542
f 7542 	7853 	7543
f 7853 	7854 	7543
f 7543 	7854 	7544
f 7854 	7855 	7544
f 7544 	7855 	7545
f 7855 	7856 	7545
f 7545 	7856 	7546
f 7856 	7857 	7546
f 7546 	7857 	7547
f 7857 	7858 	7547
f 7547 	7858 	7548
f 7858 	7859 	7548
f 7548 	7859 	7549
f 7859 	7860 	7549
f 7549 	7860 	7550
f 7860 	7861 	7550
f 7550 	7861 	7551
f 7861 	7862 	7551
f 7551 	7862 	7552
f 7862 	7863 	7552
f 7552 	7863 	7553
f 7863 	7864 	7553
f 7553 	7864 	7554
f 7864 	7865 	7554
f 7554 	7865 	7555
f 7865 	7866 	7555
f 7555 	7866 	7556
f 7866 	7867 	7556
f 7556 	7867 	7557
f 7867 	7868 	7557
f 7557 	7868 	7558
f 7868 	7869 	7558
f 7558 	7869 	7559
f 7869 	7870 	7559
f 7559 	7870 	7560
f 7870 	7871 	7560
f 7560 	7871 	7561
f 7871 	7872 	7561
f 7561 	7872 	7562
f 7872 	7873 	7562
f 7562 	7873 	7563
f 7873 	7874 	7563
f 7563 	7874 	7564
f 7874 	7875 	7564
f 7564 	7875 	7565
f 7875 	7876 	7565
f 7565 	7876 	7566
f 7876 	7877 	7566
f 7566 	7877 	7567
f 7877 	7878 	7567
f 7567 	7878 	7568
f 7878 	7879 	7568
f 7568 	7879 	7569
f 7879 	7880 	7569
f 7569 	7880 	7570
f 7880 	7881 	7570
f 7570 	7881 	7571
f 7881 	7882 	7571
f 7571 	7882 	7572
f 7882 	7883 	7572
f 7572 	7883 	7573
f 7883 	7884 	7573
f 7573 	7884 	7574
f 7884 	7885 	7574
f 7574 	7885 	7575
f 7885 	7886 	7575
f 7575 	7886 	7576
f 7886 	7887 	7576
f 7576 	7887 	7577
f 7887 	7888 	7577
f 7577 	7888 	7578
f 7888 	7889 	7578
f 7578 	7889 	7579
f 7889 	7890 	7579
f 7579 	7890 	7580
f 7890 	7891 	7580
f 7580 	7891 	7581
f 7891 	7892 	7581
f 7581 	7892 	7582
f 7892 	7893 	7582
f 7582 	7893 	7583
f 7893 	7894 	7583
f 7583 	7894 	7584
f 7894 	7895 	7584
f 7584 	7895 	7585
f 7895 	7896 	7585
f 7585 	7896 	7586
f 7896 	7897 	7586
f 7586 	7897 	7587
f 7897 	7898 	7587
f 7587 	7898 	7588
f 7898 	7899 	7588
f 7588 	7899 	7589
f 7899 	7900 	7589
f 7589 	7900 	7590
f 7900 	7901 	7590
f 7590 	7901 	7591
f 7901 	7902 	7591
f 7591 	7902 	7592
f 7902 	7903 	7592
f 7592 	7903 	7593
f 7903 	7904 	7593
f 7593 	7904 	7594
f 7904 	7905 	7594
f 7594 	7905 	7595
f 7905 	7906 	7595
f 7595 	7906 	7596
f 7906 	7907 	7596
f 7596 	7907 	7597
f 7907 	7908 	7597
f 7597 	7908 	7598
f 7908 	7909 	7598
f 7598 	7909 	7599
f 7909 	7910 	7599
f 7599 	7910 	7600
f 7910 	7911 	7600
f 7600 	7911 	7601
f 7911 	7912 	7601
f 7601 	7912 	7602
f 7912 	7913 	7602
f 7602 	7913 	7603
f 7913 	7914 	7603
f 7603 	7914 	7604
f 7914 	7915 	7604
f 7604 	7915 	7605
f 7915 	7916 	7605
f 7605 	7916 	7606
f 7916 	7917 	7606
f 7606 	7917 	7607
f 7917 	7918 	7607
f 7607 	7918 	7608
f 7918 	7919 	7608
f 7608 	7919 	7609
f 7919 	7920 	7609
f 7609 	7920 	7610
f 7920 	7921 	7610
f 7610 	7921 	7611
f 7921 	7922 	7611
f 7611 	7922 	7612
f 7922 	7923 	7612
f 7612 	7923 	7613
f 7923 	7924 	7613
f 7613 	7924 	7614
f 7924 	7925 	7614
f 7614 	7925 	7615
f 7925 	7926 	7615
f 7615 	7926 	7616
f 7926 	7927 	7616
f 7616 	7927 	7617
f 7927 	7928 	7617
f 7617 	7928 	7618
f 7928 	7929 	7618
f 7618 	7929 	7619
f 7929 	7930 	7619
f 7619 	7930 	7620
f 7930 	7931 	7620
f 7620 	7931 	7621
f 7931 	7932 	7621
f 7621 	7932 	7622
f 7932 	7933 	7622
f 7622 	7933 	7623
f 7933 	7934 	7623
f 7623 	7934 	7624
f 7934 	7935 	7624
f 7624 	7935 	7625
f 7935 	7936 	7625
f 7625 	7936 	7626
f 7936 	7937 	7626
f 7626 	7937 	7627
f 7937 	7938 	7627
f 7627 	7938 	7628
f 7938 	7939 	7628
f 7628 	7939 	7629
f 7939 	7940 	7629
f 7629 	7940 	7630
f 7940 	7941 	7630
f 7630 	7941 	7631
f 7941 	7942 	7631
f 7631 	7942 	7632
f 7942 	7943 	7632
f 7632 	7943 	7633
f 7943 	7944 	7633
f 7633 	7944 	7634
f 7944 	7945 	7634
f 7634 	7945 	7635
f 7945 	7946 	7635
f 7635 	7946 	7636
f 7946 	7947 	7636
f 7636 	7947 	7637
f 7947 	7948 	7637
f 7637 	7948 	7638
f 7948 	7949 	7638
f 7638 	7949 	7639
f 7949 	7950 	7639
f 7639 	7950 	7640
f 7950 	7951 	7640
f 7640 	7951 	7641
f 7951 	7952 	7641
f 7641 	7952 	7642
f 7952 	7953 	7642
f 7642 	7953 	7643
f 7953 	7954 	7643
f 7643 	7954 	7644
f 7954 	7955 	7644
f 7644 	7955 	7645
f 7955 	7956 	7645
f 7645 	7956 	7646
f 7956 	7957 	7646
f 7646 	7957 	7647
f 7957 	7958 	7647
f 7647 	7958 	7648
f 7958 	7959 	7648
f 7648 	7959 	7649
f 7959 	7960 	7649
f 7649 	7960 	7650
f 7960 	7961 	7650
f 7650 	7961 	7651
f 7961 	7962 	7651
f 7651 	7962 	7652
f 7962 	7963 	7652
f 7652 	7963 	7653
f 7963 	7964 	7653
f 7653 	7964 	7654
f 7964 	7965 	7654
f 7654 	7965 	7655
f 7965 	7966 	7655
f 7655 	7966 	7656
f 7966 	7967 	7656
f 7656 	7967 	7657
f 7967 	7968 	7657
f 7657 	7968 	7658
f 7968 	7969 	7658
f 7658 	7969 	7659
f 7969 	7970 	7659
f 7659 	7970 	7660
f 7970 	7971 	7660
f 7660 	7971 	7661
f 7971 	7972 	7661
f 7661 	7972 	7662
f 7972 	7973 	7662
f 7662 	7973 	7663
f 7973 	7974 	7663
f 7663 	7974 	7664
f 7974 	7975 	7664
f 7664 	7975 	7665
f 7975 	7976 	7665
f 7665 	7976 	7666
f 7976 	7977 	7666
f 7666 	7977 	7667
f 7977 	7978 	7667
f 7667 	7978 	7668
f 7978 	7979 	7668
f 7668 	7979 	7669
f 7979 	7980 	7669
f 7669 	7980 	7670
f 7980 	7981 	7670
f 7670 	7981 	7671
f 7981 	7982 	7671
f 7671 	7982 	7672
f 7982 	7983 	7672
f 7672 	7983 	7673
f 7983 	7984 	7673
f 7673 	7984 	7674
f 7984 	7985 	7674
f 7674 	7985 	7675
f 7985 	7986 	7675
f 7675 	7986 	7676
f 7986 	7987 	7676
f 7676 	7987 	7677
f 7987 	7988 	7677
f 7677 	7988 	7678
f 7988 	7989 	7678
f 7678 	7989 	7679
f 7989 	7990 	7679
f 7679 	7990 	7680
f 7990 	7991 	7680
f 7680 	7991 	7681
f 7991 	7992 	7681
f 7681 	7992 	7682
f 7992 	7993 	7682
f 7682 	7993 	7683
f 7993 	7994 	7683
f 7683 	7994 	7684
f 7994 	7995 	7684
f 7684 	7995 	7685
f 7995 	7996 	7685
f 7685 	7996 	7686
f 7996 	7997 	7686
f 7686 	7997 	7687
f 7997 	7998 	7687
f 7687 	7998 	7688
f 7998 	7999 	7688
f 7688 	7999 	7689
f 7999 	8000 	7689
f 7689 	8000 	7690
f 8000 	8001 	7690
f 7690 	8001 	7691
f 8001 	8002 	7691
f 7691 	8002 	7692
f 8002 	8003 	7692
f 7692 	8003 	7693
f 8003 	8004 	7693
f 7693 	8004 	7694
f 8004 	8005 	7694
f 7694 	8005 	7695
f 8005 	8006 	7695
f 7695 	8006 	7696
f 8006 	8007 	7696
f 7696 	8007 	7697
f 8007 	8008 	7697
f 7697 	8008 	7698
f 8008 	8009 	7698
f 7698 	8009 	7699
f 8009 	8010 	7699
f 7699 	8010 	7700
f 8010 	8011 	7700
f 7700 	8011 	7701
f 8011 	8012 	7701
f 7701 	8012 	7702
f 8012 	8013 	7702
f 7702 	8013 	7703
f 8013 	8014 	7703
f 7703 	8014 	7704
f 8014 	8015 	7704
f 7704 	8015 	7705
f 8015 	8016 	7705
f 7705 	8016 	7706
f 8016 	8017 	7706
f 7706 	8017 	7707
f 8017 	8018 	7707
f 7707 	8018 	7708
f 8018 	8019 	7708
f 7708 	8019 	7709
f 8019 	8020 	7709
f 7709 	8020 	7710
f 8020 	8021 	7710
f 7710 	8021 	7711
f 8021 	8022 	7711
f 7711 	8022 	7712
f 8022 	8023 	7712
f 7712 	8023 	7713
f 8023 	8024 	7713
f 7713 	8024 	7714
f 8024 	8025 	7714
f 7714 	8025 	7715
f 8025 	8026 	7715
f 7715 	8026 	7716
f 8026 	8027 	7716
f 7716 	8027 	7717
f 8027 	8028 	7717
f 7717 	8028 	7718
f 8028 	8029 	7718
f 7718 	8029 	7719
f 8029 	8030 	7719
f 7719 	8030 	7720
f 8030 	8031 	7720
f 7720 	8031 	7721
f 8031 	8032 	7721
f 7721 	8032 	7722
f 8032 	8033 	7722
f 7722 	8033 	7723
f 8033 	8034 	7723
f 7723 	8034 	7724
f 8034 	8035 	7724
f 7724 	8035 	7725
f 8035 	8036 	7725
f 7725 	8036 	7726
f 8036 	8037 	7726
f 7726 	8037 	7727
f 8037 	8038 	7727
f 7727 	8038 	7728
f 8038 	8039 	7728
f 7728 	8039 	7729
f 8039 	8040 	7729
f 7729 	8040 	7730
f 8040 	8041 	7730
f 7730 	8041 	7731
f 8041 	8042 	7731
f 7731 	8042 	7732
f 8042 	8043 	7732
f 7732 	8043 	7733
f 8043 	8044 	7733
f 7733 	8044 	7734
f 8044 	8045 	7734
f 7734 	8045 	7735
f 8045 	8046 	7735
f 7735 	8046 	7736
f 8046 	8047 	7736
f 7736 	8047 	7737
f 8047 	8048 	7737
f 7737 	8048 	7738
f 8048 	8049 	7738
f 7738 	8049 	7739
f 8049 	8050 	7739
f 7739 	8050 	7740
f 8050 	8051 	7740
f 7740 	8051 	7741
f 8051 	8052 	7741
f 7741 	8052 	7742
f 8052 	8053 	7742
f 7742 	8053 	7743
f 8053 	8054 	7743
f 7743 	8054 	7744
f 8054 	8055 	7744
f 7744 	8055 	7745
f 8055 	8056 	7745
f 7745 	8056 	7746
f 8056 	8057 	7746
f 7746 	8057 	7747
f 8057 	8058 	7747
f 7747 	8058 	7748
f 8058 	8059 	7748
f 7748 	8059 	7749
f 8059 	8060 	7749
f 7749 	8060 	7750
f 8060 	8061 	7750
f 7750 	8061 	601
f 602 	8062 	7751
f 7751 	8062 	7752
f 8062 	8063 	7752
f 7752 	8063 	7753
f 8063 	8064 	7753
f 7753 	8064 	7754
f 8064 	8065 	7754
f 7754 	8065 	7755
f 8065 	8066 	7755
f 7755 	8066 	7756
f 8066 	8067 	7756
f 7756 	8067 	7757
f 8067 	8068 	7757
f 7757 	8068 	7758
f 8068 	8069 	7758
f 7758 	8069 	7759
f 8069 	8070 	7759
f 7759 	8070 	7760
f 8070 	8071 	7760
f 7760 	8071 	7761
f 8071 	8072 	7761
f 7761 	8072 	7451
f 8072 	7762 	7451
f 7762 	8073 	7763
f 8073 	8074 	7763
f 7763 	8074 	7764
f 8074 	8075 	7764
f 7764 	8075 	7765
f 8075 	8076 	7765
f 7765 	8076 	7766
f 8076 	8077 	7766
f 7766 	8077 	7767
f 8077 	8078 	7767
f 7767 	8078 	7768
f 8078 	8079 	7768
f 7768 	8079 	7769
f 8079 	8080 	7769
f 7769 	8080 	7770
f 8080 	8081 	7770
f 7770 	8081 	7771
f 8081 	8082 	7771
f 7771 	8082 	7772
f 8082 	8083 	7772
f 7772 	8083 	7773
f 8083 	8084 	7773
f 7773 	8084 	7774
f 8084 	8085 	7774
f 7774 	8085 	7775
f 8085 	8086 	7775
f 7775 	8086 	7776
f 8086 	8087 	7776
f 7776 	8087 	7777
f 8087 	8088 	7777
f 7777 	8088 	7778
f 8088 	8089 	7778
f 7778 	8089 	7779
f 8089 	8090 	7779
f 7779 	8090 	7780
f 8090 	8091 	7780
f 7780 	8091 	7781
f 8091 	8092 	7781
f 7781 	8092 	7782
f 8092 	8093 	7782
f 7782 	8093 	7783
f 8093 	8094 	7783
f 7783 	8094 	7784
f 8094 	8095 	7784
f 7784 	8095 	7785
f 8095 	8096 	7785
f 7785 	8096 	7786
f 8096 	8097 	7786
f 7786 	8097 	7787
f 8097 	8098 	7787
f 7787 	8098 	7788
f 8098 	8099 	7788
f 7788 	8099 	7789
f 8099 	8100 	7789
f 7789 	8100 	7790
f 8100 	8101 	7790
f 7790 	8101 	7791
f 8101 	8102 	7791
f 7791 	8102 	7792
f 8102 	8103 	7792
f 7792 	8103 	7793
f 8103 	8104 	7793
f 7793 	8104 	7794
f 8104 	8105 	7794
f 7794 	8105 	7795
f 8105 	8106 	7795
f 7795 	8106 	7796
f 8106 	8107 	7796
f 7796 	8107 	7797
f 8107 	8108 	7797
f 7797 	8108 	7798
f 8108 	8109 	7798
f 7798 	8109 	7799
f 8109 	8110 	7799
f 7799 	8110 	7800
f 8110 	8111 	7800
f 7800 	8111 	7801
f 8111 	8112 	7801
f 7801 	8112 	7802
f 8112 	8113 	7802
f 7802 	8113 	7803
f 8113 	8114 	7803
f 7803 	8114 	7804
f 8114 	8115 	7804
f 7804 	8115 	7805
f 8115 	8116 	7805
f 7805 	8116 	7806
f 8116 	8117 	7806
f 7806 	8117 	7807
f 8117 	8118 	7807
f 7807 	8118 	7808
f 8118 	8119 	7808
f 7808 	8119 	7809
f 8119 	8120 	7809
f 7809 	8120 	7810
f 8120 	8121 	7810
f 7810 	8121 	7811
f 8121 	8122 	7811
f 7811 	8122 	7812
f 8122 	8123 	7812
f 7812 	8123 	7813
f 8123 	8124 	7813
f 7813 	8124 	7814
f 8124 	8125 	7814
f 7814 	8125 	7815
f 8125 	8126 	7815
f 7815 	8126 	7816
f 8126 	8127 	7816
f 7816 	8127 	7817
f 8127 	8128 	7817
f 7817 	8128 	7818
f 8128 	8129 	7818
f 7818 	8129 	7819
f 8129 	8130 	7819
f 7819 	8130 	7820
f 8130 	8131 	7820
f 7820 	8131 	7821
f 8131 	8132 	7821
f 7821 	8132 	7822
f 8132 	8133 	7822
f 7822 	8133 	7823
f 8133 	8134 	7823
f 7823 	8134 	7824
f 8134 	8135 	7824
f 7824 	8135 	7825
f 8135 	8136 	7825
f 7825 	8136 	7826
f 8136 	8137 	7826
f 7826 	8137 	7827
f 8137 	8138 	7827
f 7827 	8138 	7828
f 8138 	8139 	7828
f 7828 	8139 	7829
f 8139 	8140 	7829
f 7829 	8140 	7830
f 8140 	8141 	7830
f 7830 	8141 	7831
f 8141 	8142 	7831
f 7831 	8142 	7832
f 8142 	8143 	7832
f 7832 	8143 	7833
f 8143 	8144 	7833
f 7833 	8144 	7834
f 8144 	8145 	7834
f 7834 	8145 	7835
f 8145 	8146 	7835
f 7835 	8146 	7836
f 8146 	8147 	7836
f 7836 	8147 	7837
f 8147 	8148 	7837
f 7837 	8148 	7838
f 8148 	8149 	7838
f 7838 	8149 	7839
f 8149 	8150 	7839
f 7839 	8150 	7840
f 8150 	8151 	7840
f 7840 	8151 	7841
f 8151 	8152 	7841
f 7841 	8152 	7842
f 8152 	8153 	7842
f 7842 	8153 	7843
f 8153 	8154 	7843
f 7843 	8154 	7844
f 8154 	8155 	7844
f 7844 	8155 	7845
f 8155 	8156 	7845
f 7845 	8156 	7846
f 8156 	8157 	7846
f 7846 	8157 	7847
f 8157 	8158 	7847
f 7847 	8158 	7848
f 8158 	8159 	7848
f 7848 	8159 	7849
f 8159 	8160 	7849
f 7849 	8160 	7850
f 8160 	8161 	7850
f 7850 	8161 	7851
f 8161 	8162 	7851
f 7851 	8162 	7852
f 8162 	8163 	7852
f 7852 	8163 	7853
f 8163 	8164 	7853
f 7853 	8164 	7854
f 8164 	8165 	7854
f 7854 	8165 	7855
f 8165 	8166 	7855
f 7855 	8166 	7856
f 8166 	8167 	7856
f 7856 	8167 	7857
f 8167 	8168 	7857
f 7857 	8168 	7858
f 8168 	8169 	7858
f 7858 	8169 	7859
f 8169 	8170 	7859
f 7859 	8170 	7860
f 8170 	8171 	7860
f 7860 	8171 	7861
f 8171 	8172 	7861
f 7861 	8172 	7862
f 8172 	8173 	7862
f 7862 	8173 	7863
f 8173 	8174 	7863
f 7863 	8174 	7864
f 8174 	8175 	7864
f 7864 	8175 	7865
f 8175 	8176 	7865
f 7865 	8176 	7866
f 8176 	8177 	7866
f 7866 	8177 	7867
f 8177 	8178 	7867
f 7867 	8178 	7868
f 8178 	8179 	7868
f 7868 	8179 	7869
f 8179 	8180 	7869
f 7869 	8180 	7870
f 8180 	8181 	7870
f 7870 	8181 	7871
f 8181 	8182 	7871
f 7871 	8182 	7872
f 8182 	8183 	7872
f 7872 	8183 	7873
f 8183 	8184 	7873
f 7873 	8184 	7874
f 8184 	8185 	7874
f 7874 	8185 	7875
f 8185 	8186 	7875
f 7875 	8186 	7876
f 8186 	8187 	7876
f 7876 	8187 	7877
f 8187 	8188 	7877
f 7877 	8188 	7878
f 8188 	8189 	7878
f 7878 	8189 	7879
f 8189 	8190 	7879
f 7879 	8190 	7880
f 8190 	8191 	7880
f 7880 	8191 	7881
f 8191 	8192 	7881
f 7881 	8192 	7882
f 8192 	8193 	7882
f 7882 	8193 	7883
f 8193 	8194 	7883
f 7883 	8194 	7884
f 8194 	8195 	7884
f 7884 	8195 	7885
f 8195 	8196 	7885
f 7885 	8196 	7886
f 8196 	8197 	7886
f 7886 	8197 	7887
f 8197 	8198 	7887
f 7887 	8198 	7888
f 8198 	8199 	7888
f 7888 	8199 	7889
f 8199 	8200 	7889
f 7889 	8200 	7890
f 8200 	8201 	7890
f 7890 	8201 	7891
f 8201 	8202 	7891
f 7891 	8202 	7892
f 8202 	8203 	7892
f 7892 	8203 	7893
f 8203 	8204 	7893
f 7893 	8204 	7894
f 8204 	8205 	7894
f 7894 	8205 	7895
f 8205 	8206 	7895
f 7895 	8206 	7896
f 8206 	8207 	7896
f 7896 	8207 	7897
f 8207 	8208 	7897
f 7897 	8208 	7898
f 8208 	8209 	7898
f 7898 	8209 	7899
f 8209 	8210 	7899
f 7899 	8210 	7900
f 8210 	8211 	7900
f 7900 	8211 	7901
f 8211 	8212 	7901
f 7901 	8212 	7902
f 8212 	8213 	7902
f 7902 	8213 	7903
f 8213 	8214 	7903
f 7903 	8214 	7904
f 8214 	8215 	7904
f 7904 	8215 	7905
f 8215 	8216 	7905
f 7905 	8216 	7906
f 8216 	8217 	7906
f 7906 	8217 	7907
f 8217 	8218 	7907
f 7907 	8218 	7908
f 8218 	8219 	7908
f 7908 	8219 	7909
f 8219 	8220 	7909
f 7909 	8220 	7910
f 8220 	8221 	7910
f 7910 	8221 	7911
f 8221 	8222 	7911
f 7911 	8222 	7912
f 8222 	8223 	7912
f 7912 	8223 	7913
f 8223 	8224 	7913
f 7913 	8224 	7914
f 8224 	8225 	7914
f 7914 	8225 	7915
f 8225 	8226 	7915
f 7915 	8226 	7916
f 8226 	8227 	7916
f 7916 	8227 	7917
f 8227 	8228 	7917
f 7917 	8228 	7918
f 8228 	8229 	7918
f 7918 	8229 	7919
f 8229 	8230 	7919
f 7919 	8230 	7920
f 8230 	8231 	7920
f 7920 	8231 	7921
f 8231 	8232 	7921
f 7921 	8232 	7922
f 8232 	8233 	7922
f 7922 	8233 	7923
f 8233 	8234 	7923
f 7923 	8234 	7924
f 8234 	8235 	7924
f 7924 	8235 	7925
f 8235 	8236 	7925
f 7925 	8236 	7926
f 8236 	8237 	7926
f 7926 	8237 	7927
f 8237 	8238 	7927
f 7927 	8238 	7928
f 8238 	8239 	7928
f 7928 	8239 	7929
f 8239 	8240 	7929
f 7929 	8240 	7930
f 8240 	8241 	7930
f 7930 	8241 	7931
f 8241 	8242 	7931
f 7931 	8242 	7932
f 8242 	8243 	7932
f 7932 	8243 	7933
f 8243 	8244 	7933
f 7933 	8244 	7934
f 8244 	8245 	7934
f 7934 	8245 	7935
f 8245 	8246 	7935
f 7935 	8246 	7936
f 8246 	8247 	7936
f 7936 	8247 	7937
f 8247 	8248 	7937
f 7937 	8248 	7938
f 8248 	8249 	7938
f 7938 	8249 	7939
f 8249 	8250 	7939
f 7939 	8250 	7940
f 8250 	8251 	7940
f 7940 	8251 	7941
f 8251 	8252 	7941
f 7941 	8252 	7942
f 8252 	8253 	7942
f 7942 	8253 	7943
f 8253 	8254 	7943
f 7943 	8254 	7944
f 8254 	8255 	7944
f 7944 	8255 	7945
f 8255 	8256 	7945
f 7945 	8256 	7946
f 8256 	8257 	7946
f 7946 	8257 	7947
f 8257 	8258 	7947
f 7947 	8258 	7948
f 8258 	8259 	7948
f 7948 	8259 	7949
f 8259 	8260 	7949
f 7949 	8260 	7950
f 8260 	8261 	7950
f 7950 	8261 	7951
f 8261 	8262 	7951
f 7951 	8262 	7952
f 8262 	8263 	7952
f 7952 	8263 	7953
f 8263 	8264 	7953
f 7953 	8264 	7954
f 8264 	8265 	7954
f 7954 	8265 	7955
f 8265 	8266 	7955
f 7955 	8266 	7956
f 8266 	8267 	7956
f 7956 	8267 	7957
f 8267 	8268 	7957
f 7957 	8268 	7958
f 8268 	8269 	7958
f 7958 	8269 	7959
f 8269 	8270 	7959
f 7959 	8270 	7960
f 8270 	8271 	7960
f 7960 	8271 	7961
f 8271 	8272 	7961
f 7961 	8272 	7962
f 8272 	8273 	7962
f 7962 	8273 	7963
f 8273 	8274 	7963
f 7963 	8274 	7964
f 8274 	8275 	7964
f 7964 	8275 	7965
f 8275 	8276 	7965
f 7965 	8276 	7966
f 8276 	8277 	7966
f 7966 	8277 	7967
f 8277 	8278 	7967
f 7967 	8278 	7968
f 8278 	8279 	7968
f 7968 	8279 	7969
f 8279 	8280 	7969
f 7969 	8280 	7970
f 8280 	8281 	7970
f 7970 	8281 	7971
f 8281 	8282 	7971
f 7971 	8282 	7972
f 8282 	8283 	7972
f 7972 	8283 	7973
f 8283 	8284 	7973
f 7973 	8284 	7974
f 8284 	8285 	7974
f 7974 	8285 	7975
f 8285 	8286 	7975
f 7975 	8286 	7976
f 8286 	8287 	7976
f 7976 	8287 	7977
f 8287 	8288 	7977
f 7977 	8288 	7978
f 8288 	8289 	7978
f 7978 	8289 	7979
f 8289 	8290 	7979
f 7979 	8290 	7980
f 8290 	8291 	7980
f 7980 	8291 	7981
f 8291 	8292 	7981
f 7981 	8292 	7982
f 8292 	8293 	7982
f 7982 	8293 	7983
f 8293 	8294 	7983
f 7983 	8294 	7984
f 8294 	8295 	7984
f 7984 	8295 	7985
f 8295 	8296 	7985
f 7985 	8296 	7986
f 8296 	8297 	7986
f 7986 	8297 	7987
f 8297 	8298 	7987
f 7987 	8298 	7988
f 8298 	8299 	7988
f 7988 	8299 	7989
f 8299 	8300 	7989
f 7989 	8300 	7990
f 8300 	8301 	7990
f 7990 	8301 	7991
f 8301 	8302 	7991
f 7991 	8302 	7992
f 8302 	8303 	7992
f 7992 	8303 	7993
f 8303 	8304 	7993
f 7993 	8304 	7994
f 8304 	8305 	7994
f 7994 	8305 	7995
f 8305 	8306 	7995
f 7995 	8306 	7996
f 8306 	8307 	7996
f 7996 	8307 	7997
f 8307 	8308 	7997
f 7997 	8308 	7998
f 8308 	8309 	7998
f 7998 	8309 	7999
f 8309 	8310 	7999
f 7999 	8310 	8000
f 8310 	8311 	8000
f 8000 	8311 	8001
f 8311 	8312 	8001
f 8001 	8312 	8002
f 8312 	8313 	8002
f 8002 	8313 	8003
f 8313 	8314 	8003
f 8003 	8314 	8004
f 8314 	8315 	8004
f 8004 	8315 	8005
f 8315 	8316 	8005
f 8005 	8316 	8006
f 8316 	8317 	8006
f 8006 	8317 	8007
f 8317 	8318 	8007
f 8007 	8318 	8008
f 8318 	8319 	8008
f 8008 	8319 	8009
f 8319 	8320 	8009
f 8009 	8320 	8010
f 8320 	8321 	8010
f 8010 	8321 	8011
f 8321 	8322 	8011
f 8011 	8322 	8012
f 8322 	8323 	8012
f 8012 	8323 	8013
f 8323 	8324 	8013
f 8013 	8324 	8014
f 8324 	8325 	8014
f 8014 	8325 	8015
f 8325 	8326 	8015
f 8015 	8326 	8016
f 8326 	8327 	8016
f 8016 	8327 	8017
f 8327 	8328 	8017
f 8017 	8328 	8018
f 8328 	8329 	8018
f 8018 	8329 	8019
f 8329 	8330 	8019
f 8019 	8330 	8020
f 8330 	8331 	8020
f 8020 	8331 	8021
f 8331 	8332 	8021
f 8021 	8332 	8022
f 8332 	8333 	8022
f 8022 	8333 	8023
f 8333 	8334 	8023
f 8023 	8334 	8024
f 8334 	8335 	8024
f 8024 	8335 	8025
f 8335 	8336 	8025
f 8025 	8336 	8026
f 8336 	8337 	8026
f 8026 	8337 	8027
f 8337 	8338 	8027
f 8027 	8338 	8028
f 8338 	8339 	8028
f 8028 	8339 	8029
f 8339 	8340 	8029
f 8029 	8340 	8030
f 8340 	8341 	8030
f 8030 	8341 	8031
f 8341 	8342 	8031
f 8031 	8342 	8032
f 8342 	8343 	8032
f 8032 	8343 	8033
f 8343 	8344 	8033
f 8033 	8344 	8034
f 8344 	8345 	8034
f 8034 	8345 	8035
f 8345 	8346 	8035
f 8035 	8346 	8036
f 8346 	8347 	8036
f 8036 	8347 	8037
f 8347 	8348 	8037
f 8037 	8348 	8038
f 8348 	8349 	8038
f 8038 	8349 	8039
f 8349 	8350 	8039
f 8039 	8350 	8040
f 8350 	8351 	8040
f 8040 	8351 	8041
f 8351 	8352 	8041
f 8041 	8352 	8042
f 8352 	8353 	8042
f 8042 	8353 	8043
f 8353 	8354 	8043
f 8043 	8354 	8044
f 8354 	8355 	8044
f 8044 	8355 	8045
f 8355 	8356 	8045
f 8045 	8356 	8046
f 8356 	8357 	8046
f 8046 	8357 	8047
f 8357 	8358 	8047
f 8047 	8358 	8048
f 8358 	8359 	8048
f 8048 	8359 	8049
f 8359 	8360 	8049
f 8049 	8360 	8050
f 8360 	8361 	8050
f 8050 	8361 	8051
f 8361 	8362 	8051
f 8051 	8362 	8052
f 8362 	8363 	8052
f 8052 	8363 	8053
f 8363 	8364 	8053
f 8053 	8364 	8054
f 8364 	8365 	8054
f 8054 	8365 	8055
f 8365 	8366 	8055
f 8055 	8366 	8056
f 8366 	8367 	8056
f 8056 	8367 	8057
f 8367 	8368 	8057
f 8057 	8368 	8058
f 8368 	8369 	8058
f 8058 	8369 	8059
f 8369 	8370 	8059
f 8059 	8370 	8060
f 8370 	8371 	8060
f 8060 	8371 	8061
f 8371 	8061 	8061
f 602 	8062 	8062
f 8062 	8372 	8063
f 8063 	8372 	8064
f 8372 	8373 	8064
f 8064 	8373 	8065
f 8373 	8374 	8065
f 8065 	8374 	8066
f 8374 	8375 	8066
f 8066 	8375 	8067
f 8375 	8376 	8067
f 8067 	8376 	8068
f 8376 	8377 	8068
f 8068 	8377 	8069
f 8377 	8378 	8069
f 8069 	8378 	8070
f 8378 	8379 	8070
f 8070 	8379 	8071
f 8379 	8380 	8071
f 8071 	8380 	8072
f 8380 	8381 	8072
f 8072 	8381 	7762
f 8381 	8073 	7762
f 8073 	8382 	8074
f 8382 	8383 	8074
f 8074 	8383 	8075
f 8383 	8384 	8075
f 8075 	8384 	8076
f 8384 	8385 	8076
f 8076 	8385 	8077
f 8385 	8386 	8077
f 8077 	8386 	8078
f 8386 	8387 	8078
f 8078 	8387 	8079
f 8387 	8388 	8079
f 8079 	8388 	8080
f 8388 	8389 	8080
f 8080 	8389 	8081
f 8389 	8390 	8081
f 8081 	8390 	8082
f 8390 	8391 	8082
f 8082 	8391 	8083
f 8391 	8392 	8083
f 8083 	8392 	8084
f 8392 	8393 	8084
f 8084 	8393 	8085
f 8393 	8394 	8085
f 8085 	8394 	8086
f 8394 	8395 	8086
f 8086 	8395 	8087
f 8395 	8396 	8087
f 8087 	8396 	8088
f 8396 	8397 	8088
f 8088 	8397 	8089
f 8397 	8398 	8089
f 8089 	8398 	8090
f 8398 	8399 	8090
f 8090 	8399 	8091
f 8399 	8400 	8091
f 8091 	8400 	8092
f 8400 	8401 	8092
f 8092 	8401 	8093
f 8401 	8402 	8093
f 8093 	8402 	8094
f 8402 	8403 	8094
f 8094 	8403 	8095
f 8403 	8404 	8095
f 8095 	8404 	8096
f 8404 	8405 	8096
f 8096 	8405 	8097
f 8405 	8406 	8097
f 8097 	8406 	8098
f 8406 	8407 	8098
f 8098 	8407 	8099
f 8407 	8408 	8099
f 8099 	8408 	8100
f 8408 	8409 	8100
f 8100 	8409 	8101
f 8409 	8410 	8101
f 8101 	8410 	8102
f 8410 	8411 	8102
f 8102 	8411 	8103
f 8411 	8412 	8103
f 8103 	8412 	8104
f 8412 	8413 	8104
f 8104 	8413 	8105
f 8413 	8414 	8105
f 8105 	8414 	8106
f 8414 	8415 	8106
f 8106 	8415 	8107
f 8415 	8416 	8107
f 8107 	8416 	8108
f 8416 	8417 	8108
f 8108 	8417 	8109
f 8417 	8418 	8109
f 8109 	8418 	8110
f 8418 	8419 	8110
f 8110 	8419 	8111
f 8419 	8420 	8111
f 8111 	8420 	8112
f 8420 	8421 	8112
f 8112 	8421 	8113
f 8421 	8422 	8113
f 8113 	8422 	8114
f 8422 	8423 	8114
f 8114 	8423 	8115
f 8423 	8424 	8115
f 8115 	8424 	8116
f 8424 	8425 	8116
f 8116 	8425 	8117
f 8425 	8426 	8117
f 8117 	8426 	8118
f 8426 	8427 	8118
f 8118 	8427 	8119
f 8427 	8428 	8119
f 8119 	8428 	8120
f 8428 	8429 	8120
f 8120 	8429 	8121
f 8429 	8430 	8121
f 8121 	8430 	8122
f 8430 	8431 	8122
f 8122 	8431 	8123
f 8431 	8432 	8123
f 8123 	8432 	8124
f 8432 	8433 	8124
f 8124 	8433 	8125
f 8433 	8434 	8125
f 8125 	8434 	8126
f 8434 	8435 	8126
f 8126 	8435 	8127
f 8435 	8436 	8127
f 8127 	8436 	8128
f 8436 	8437 	8128
f 8128 	8437 	8129
f 8437 	8438 	8129
f 8129 	8438 	8130
f 8438 	8439 	8130
f 8130 	8439 	8131
f 8439 	8440 	8131
f 8131 	8440 	8132
f 8440 	8441 	8132
f 8132 	8441 	8133
f 8441 	8442 	8133
f 8133 	8442 	8134
f 8442 	8443 	8134
f 8134 	8443 	8135
f 8443 	8444 	8135
f 8135 	8444 	8136
f 8444 	8445 	8136
f 8136 	8445 	8137
f 8445 	8446 	8137
f 8137 	8446 	8138
f 8446 	8447 	8138
f 8138 	8447 	8139
f 8447 	8448 	8139
f 8139 	8448 	8140
f 8448 	8449 	8140
f 8140 	8449 	8141
f 8449 	8450 	8141
f 8141 	8450 	8142
f 8450 	8451 	8142
f 8142 	8451 	8143
f 8451 	8452 	8143
f 8143 	8452 	8144
f 8452 	8453 	8144
f 8144 	8453 	8145
f 8453 	8454 	8145
f 8145 	8454 	8146
f 8454 	8455 	8146
f 8146 	8455 	8147
f 8455 	8456 	8147
f 8147 	8456 	8148
f 8456 	8457 	8148
f 8148 	8457 	8149
f 8457 	8458 	8149
f 8149 	8458 	8150
f 8458 	8459 	8150
f 8150 	8459 	8151
f 8459 	8460 	8151
f 8151 	8460 	8152
f 8460 	8461 	8152
f 8152 	8461 	8153
f 8461 	8462 	8153
f 8153 	8462 	8154
f 8462 	8463 	8154
f 8154 	8463 	8155
f 8463 	8464 	8155
f 8155 	8464 	8156
f 8464 	8465 	8156
f 8156 	8465 	8157
f 8465 	8466 	8157
f 8157 	8466 	8158
f 8466 	8467 	8158
f 8158 	8467 	8159
f 8467 	8468 	8159
f 8159 	8468 	8160
f 8468 	8469 	8160
f 8160 	8469 	8161
f 8469 	8470 	8161
f 8161 	8470 	8162
f 8470 	8471 	8162
f 8162 	8471 	8163
f 8471 	8472 	8163
f 8163 	8472 	8164
f 8472 	8473 	8164
f 8164 	8473 	8165
f 8473 	8474 	8165
f 8165 	8474 	8166
f 8474 	8475 	8166
f 8166 	8475 	8167
f 8475 	8476 	8167
f 8167 	8476 	8168
f 8476 	8477 	8168
f 8168 	8477 	8169
f 8477 	8478 	8169
f 8169 	8478 	8170
f 8478 	8479 	8170
f 8170 	8479 	8171
f 8479 	8480 	8171
f 8171 	8480 	8172
f 8480 	8481 	8172
f 8172 	8481 	8173
f 8481 	8482 	8173
f 8173 	8482 	8174
f 8482 	8483 	8174
f 8174 	8483 	8175
f 8483 	8484 	8175
f 8175 	8484 	8176
f 8484 	8485 	8176
f 8176 	8485 	8177
f 8485 	8486 	8177
f 8177 	8486 	8178
f 8486 	8487 	8178
f 8178 	8487 	8179
f 8487 	8488 	8179
f 8179 	8488 	8180
f 8488 	8489 	8180
f 8180 	8489 	8181
f 8489 	8490 	8181
f 8181 	8490 	8182
f 8490 	8491 	8182
f 8182 	8491 	8183
f 8491 	8492 	8183
f 8183 	8492 	8184
f 8492 	8493 	8184
f 8184 	8493 	8185
f 8493 	8494 	8185
f 8185 	8494 	8186
f 8494 	8495 	8186
f 8186 	8495 	8187
f 8495 	8496 	8187
f 8187 	8496 	8188
f 8496 	8497 	8188
f 8188 	8497 	8189
f 8497 	8498 	8189
f 8189 	8498 	8190
f 8498 	8499 	8190
f 8190 	8499 	8191
f 8499 	8500 	8191
f 8191 	8500 	8192
f 8500 	8501 	8192
f 8192 	8501 	8193
f 8501 	8502 	8193
f 8193 	8502 	8194
f 8502 	8503 	8194
f 8194 	8503 	8195
f 8503 	8504 	8195
f 8195 	8504 	8196
f 8504 	8505 	8196
f 8196 	8505 	8197
f 8505 	8506 	8197
f 8197 	8506 	8198
f 8506 	8507 	8198
f 8198 	8507 	8199
f 8507 	8508 	8199
f 8199 	8508 	8200
f 8508 	8509 	8200
f 8200 	8509 	8201
f 8509 	8510 	8201
f 8201 	8510 	8202
f 8510 	8511 	8202
f 8202 	8511 	8203
f 8511 	8512 	8203
f 8203 	8512 	8204
f 8512 	8513 	8204
f 8204 	8513 	8205
f 8513 	8514 	8205
f 8205 	8514 	8206
f 8514 	8515 	8206
f 8206 	8515 	8207
f 8515 	8516 	8207
f 8207 	8516 	8208
f 8516 	8517 	8208
f 8208 	8517 	8209
f 8517 	8518 	8209
f 8209 	8518 	8210
f 8518 	8519 	8210
f 8210 	8519 	8211
f 8519 	8520 	8211
f 8211 	8520 	8212
f 8520 	8521 	8212
f 8212 	8521 	8213
f 8521 	8522 	8213
f 8213 	8522 	8214
f 8522 	8523 	8214
f 8214 	8523 	8215
f 8523 	8524 	8215
f 8215 	8524 	8216
f 8524 	8525 	8216
f 8216 	8525 	8217
f 8525 	8526 	8217
f 8217 	8526 	8218
f 8526 	8527 	8218
f 8218 	8527 	8219
f 8527 	8528 	8219
f 8219 	8528 	8220
f 8528 	8529 	8220
f 8220 	8529 	8221
f 8529 	8530 	8221
f 8221 	8530 	8222
f 8530 	8531 	8222
f 8222 	8531 	8223
f 8531 	8532 	8223
f 8223 	8532 	8224
f 8532 	8533 	8224
f 8224 	8533 	8225
f 8533 	8534 	8225
f 8225 	8534 	8226
f 8534 	8535 	8226
f 8226 	8535 	8227
f 8535 	8536 	8227
f 8227 	8536 	8228
f 8536 	8537 	8228
f 8228 	8537 	8229
f 8537 	8538 	8229
f 8229 	8538 	8230
f 8538 	8539 	8230
f 8230 	8539 	8231
f 8539 	8540 	8231
f 8231 	8540 	8232
f 8540 	8541 	8232
f 8232 	8541 	8233
f 8541 	8542 	8233
f 8233 	8542 	8234
f 8542 	8543 	8234
f 8234 	8543 	8235
f 8543 	8544 	8235
f 8235 	8544 	8236
f 8544 	8545 	8236
f 8236 	8545 	8237
f 8545 	8546 	8237
f 8237 	8546 	8238
f 8546 	8547 	8238
f 8238 	8547 	8239
f 8547 	8548 	8239
f 8239 	8548 	8240
f 8548 	8549 	8240
f 8240 	8549 	8241
f 8549 	8550 	8241
f 8241 	8550 	8242
f 8550 	8551 	8242
f 8242 	8551 	8243
f 8551 	8552 	8243
f 8243 	8552 	8244
f 8552 	8553 	8244
f 8244 	8553 	8245
f 8553 	8554 	8245
f 8245 	8554 	8246
f 8554 	8555 	8246
f 8246 	8555 	8247
f 8555 	8556 	8247
f 8247 	8556 	8248
f 8556 	8557 	8248
f 8248 	8557 	8249
f 8557 	8558 	8249
f 8249 	8558 	8250
f 8558 	8559 	8250
f 8250 	8559 	8251
f 8559 	8560 	8251
f 8251 	8560 	8252
f 8560 	8561 	8252
f 8252 	8561 	8253
f 8561 	8562 	8253
f 8253 	8562 	8254
f 8562 	8563 	8254
f 8254 	8563 	8255
f 8563 	8564 	8255
f 8255 	8564 	8256
f 8564 	8565 	8256
f 8256 	8565 	8257
f 8565 	8566 	8257
f 8257 	8566 	8258
f 8566 	8567 	8258
f 8258 	8567 	8259
f 8567 	8568 	8259
f 8259 	8568 	8260
f 8568 	8569 	8260
f 8260 	8569 	8261
f 8569 	8570 	8261
f 8261 	8570 	8262
f 8570 	8571 	8262
f 8262 	8571 	8263
f 8571 	8572 	8263
f 8263 	8572 	8264
f 8572 	8573 	8264
f 8264 	8573 	8265
f 8573 	8574 	8265
f 8265 	8574 	8266
f 8574 	8575 	8266
f 8266 	8575 	8267
f 8575 	8576 	8267
f 8267 	8576 	8268
f 8576 	8577 	8268
f 8268 	8577 	8269
f 8577 	8578 	8269
f 8269 	8578 	8270
f 8578 	8579 	8270
f 8270 	8579 	8271
f 8579 	8580 	8271
f 8271 	8580 	8272
f 8580 	8581 	8272
f 8272 	8581 	8273
f 8581 	8582 	8273
f 8273 	8582 	8274
f 8582 	8583 	8274
f 8274 	8583 	8275
f 8583 	8584 	8275
f 8275 	8584 	8276
f 8584 	8585 	8276
f 8276 	8585 	8277
f 8585 	8586 	8277
f 8277 	8586 	8278
f 8586 	8587 	8278
f 8278 	8587 	8279
f 8587 	8588 	8279
f 8279 	8588 	8280
f 8588 	8589 	8280
f 8280 	8589 	8281
f 8589 	8590 	8281
f 8281 	8590 	8282
f 8590 	8591 	8282
f 8282 	8591 	8283
f 8591 	8592 	8283
f 8283 	8592 	8284
f 8592 	8593 	8284
f 8284 	8593 	8285
f 8593 	8594 	8285
f 8285 	8594 	8286
f 8594 	8595 	8286
f 8286 	8595 	8287
f 8595 	8596 	8287
f 8287 	8596 	8288
f 8596 	8597 	8288
f 8288 	8597 	8289
f 8597 	8598 	8289
f 8289 	8598 	8290
f 8598 	8599 	8290
f 8290 	8599 	8291
f 8599 	8600 	8291
f 8291 	8600 	8292
f 8600 	8601 	8292
f 8292 	8601 	8293
f 8601 	8602 	8293
f 8293 	8602 	8294
f 8602 	8603 	8294
f 8294 	8603 	8295
f 8603 	8604 	8295
f 8295 	8604 	8296
f 8604 	8605 	8296
f 8296 	8605 	8297
f 8605 	8606 	8297
f 8297 	8606 	8298
f 8606 	8607 	8298
f 8298 	8607 	8299
f 8607 	8608 	8299
f 8299 	8608 	8300
f 8608 	8609 	8300
f 8300 	8609 	8301
f 8609 	8610 	8301
f 8301 	8610 	8302
f 8610 	8611 	8302
f 8302 	8611 	8303
f 8611 	8612 	8303
f 8303 	8612 	8304
f 8612 	8613 	8304
f 8304 	8613 	8305
f 8613 	8614 	8305
f 8305 	8614 	8306
f 8614 	8615 	8306
f 8306 	8615 	8307
f 8615 	8616 	8307
f 8307 	8616 	8308
f 8616 	8617 	8308
f 8308 	8617 	8309
f 8617 	8618 	8309
f 8309 	8618 	8310
f 8618 	8619 	8310
f 8310 	8619 	8311
f 8619 	8620 	8311
f 8311 	8620 	8312
f 8620 	8621 	8312
f 8312 	8621 	8313
f 8621 	8622 	8313
f 8313 	8622 	8314
f 8622 	8623 	8314
f 8314 	8623 	8315
f 8623 	8624 	8315
f 8315 	8624 	8316
f 8624 	8625 	8316
f 8316 	8625 	8317
f 8625 	8626 	8317
f 8317 	8626 	8318
f 8626 	8627 	8318
f 8318 	8627 	8319
f 8627 	8628 	8319
f 8319 	8628 	8320
f 8628 	8629 	8320
f 8320 	8629 	8321
f 8629 	8630 	8321
f 8321 	8630 	8322
f 8630 	8631 	8322
f 8322 	8631 	8323
f 8631 	8632 	8323
f 8323 	8632 	8324
f 8632 	8633 	8324
f 8324 	8633 	8325
f 8633 	8634 	8325
f 8325 	8634 	8326
f 8634 	8635 	8326
f 8326 	8635 	8327
f 8635 	8636 	8327
f 8327 	8636 	8328
f 8636 	8637 	8328
f 8328 	8637 	8329
f 8637 	8638 	8329
f 8329 	8638 	8330
f 8638 	8639 	8330
f 8330 	8639 	8331
f 8639 	8640 	8331
f 8331 	8640 	8332
f 8640 	8641 	8332
f 8332 	8641 	8333
f 8641 	8642 	8333
f 8333 	8642 	8334
f 8642 	8643 	8334
f 8334 	8643 	8335
f 8643 	8644 	8335
f 8335 	8644 	8336
f 8644 	8645 	8336
f 8336 	8645 	8337
f 8645 	8646 	8337
f 8337 	8646 	8338
f 8646 	8647 	8338
f 8338 	8647 	8339
f 8647 	8648 	8339
f 8339 	8648 	8340
f 8648 	8649 	8340
f 8340 	8649 	8341
f 8649 	8650 	8341
f 8341 	8650 	8342
f 8650 	8651 	8342
f 8342 	8651 	8343
f 8651 	8652 	8343
f 8343 	8652 	8344
f 8652 	8653 	8344
f 8344 	8653 	8345
f 8653 	8654 	8345
f 8345 	8654 	8346
f 8654 	8655 	8346
f 8346 	8655 	8347
f 8655 	8656 	8347
f 8347 	8656 	8348
f 8656 	8657 	8348
f 8348 	8657 	8349
f 8657 	8658 	8349
f 8349 	8658 	8350
f 8658 	8659 	8350
f 8350 	8659 	8351
f 8659 	8660 	8351
f 8351 	8660 	8352
f 8660 	8661 	8352
f 8352 	8661 	8353
f 8661 	8662 	8353
f 8353 	8662 	8354
f 8662 	8663 	8354
f 8354 	8663 	8355
f 8663 	8664 	8355
f 8355 	8664 	8356
f 8664 	8665 	8356
f 8356 	8665 	8357
f 8665 	8666 	8357
f 8357 	8666 	8358
f 8666 	8667 	8358
f 8358 	8667 	8359
f 8667 	8668 	8359
f 8359 	8668 	8360
f 8668 	8669 	8360
f 8360 	8669 	8361
f 8669 	8670 	8361
f 8361 	8670 	8362
f 8670 	8671 	8362
f 8362 	8671 	8363
f 8671 	8672 	8363
f 8363 	8672 	8364
f 8672 	8673 	8364
f 8364 	8673 	8365
f 8673 	8674 	8365
f 8365 	8674 	8366
f 8674 	8675 	8366
f 8366 	8675 	8367
f 8675 	8676 	8367
f 8367 	8676 	8368
f 8676 	8677 	8368
f 8368 	8677 	8369
f 8677 	8678 	8369
f 8369 	8678 	8370
f 8678 	8679 	8370
f 8370 	8679 	8371
f 8679 	8680 	8371
f 8371 	8680 	8061
f 8680 	8681 	8061
f 8061 	8681 	601
f 602 	8682 	8062
f 8062 	8682 	8372
f 8682 	8683 	8372
f 8372 	8683 	8373
f 8683 	8684 	8373
f 8373 	8684 	8374
f 8684 	8685 	8374
f 8374 	8685 	8375
f 8685 	8686 	8375
f 8375 	8686 	8376
f 8686 	8687 	8376
f 8376 	8687 	8377
f 8687 	8688 	8377
f 8377 	8688 	8378
f 8688 	8689 	8378
f 8378 	8689 	8379
f 8689 	8690 	8379
f 8379 	8690 	8380
f 8690 	8691 	8380
f 8380 	8691 	8381
f 8691 	8692 	8381
f 8381 	8692 	8073
f 8692 	8382 	8073
f 8382 	8693 	8383
f 8693 	8694 	8383
f 8383 	8694 	8384
f 8694 	8695 	8384
f 8384 	8695 	8385
f 8695 	8696 	8385
f 8385 	8696 	8386
f 8696 	8697 	8386
f 8386 	8697 	8387
f 8697 	8698 	8387
f 8387 	8698 	8388
f 8698 	8699 	8388
f 8388 	8699 	8389
f 8699 	8700 	8389
f 8389 	8700 	8390
f 8700 	8701 	8390
f 8390 	8701 	8391
f 8701 	8702 	8391
f 8391 	8702 	8392
f 8702 	8703 	8392
f 8392 	8703 	8393
f 8703 	8704 	8393
f 8393 	8704 	8394
f 8704 	8705 	8394
f 8394 	8705 	8395
f 8705 	8706 	8395
f 8395 	8706 	8396
f 8706 	8707 	8396
f 8396 	8707 	8397
f 8707 	8708 	8397
f 8397 	8708 	8398
f 8708 	8709 	8398
f 8398 	8709 	8399
f 8709 	8710 	8399
f 8399 	8710 	8400
f 8710 	8711 	8400
f 8400 	8711 	8401
f 8711 	8712 	8401
f 8401 	8712 	8402
f 8712 	8713 	8402
f 8402 	8713 	8403
f 8713 	8714 	8403
f 8403 	8714 	8404
f 8714 	8715 	8404
f 8404 	8715 	8405
f 8715 	8716 	8405
f 8405 	8716 	8406
f 8716 	8717 	8406
f 8406 	8717 	8407
f 8717 	8718 	8407
f 8407 	8718 	8408
f 8718 	8719 	8408
f 8408 	8719 	8409
f 8719 	8720 	8409
f 8409 	8720 	8410
f 8720 	8721 	8410
f 8410 	8721 	8411
f 8721 	8722 	8411
f 8411 	8722 	8412
f 8722 	8723 	8412
f 8412 	8723 	8413
f 8723 	8724 	8413
f 8413 	8724 	8414
f 8724 	8725 	8414
f 8414 	8725 	8415
f 8725 	8726 	8415
f 8415 	8726 	8416
f 8726 	8727 	8416
f 8416 	8727 	8417
f 8727 	8728 	8417
f 8417 	8728 	8418
f 8728 	8729 	8418
f 8418 	8729 	8419
f 8729 	8730 	8419
f 8419 	8730 	8420
f 8730 	8731 	8420
f 8420 	8731 	8421
f 8731 	8732 	8421
f 8421 	8732 	8422
f 8732 	8733 	8422
f 8422 	8733 	8423
f 8733 	8734 	8423
f 8423 	8734 	8424
f 8734 	8735 	8424
f 8424 	8735 	8425
f 8735 	8736 	8425
f 8425 	8736 	8426
f 8736 	8737 	8426
f 8426 	8737 	8427
f 8737 	8738 	8427
f 8427 	8738 	8428
f 8738 	8739 	8428
f 8428 	8739 	8429
f 8739 	8740 	8429
f 8429 	8740 	8430
f 8740 	8741 	8430
f 8430 	8741 	8431
f 8741 	8742 	8431
f 8431 	8742 	8432
f 8742 	8743 	8432
f 8432 	8743 	8433
f 8743 	8744 	8433
f 8433 	8744 	8434
f 8744 	8745 	8434
f 8434 	8745 	8435
f 8745 	8746 	8435
f 8435 	8746 	8436
f 8746 	8747 	8436
f 8436 	8747 	8437
f 8747 	8748 	8437
f 8437 	8748 	8438
f 8748 	8749 	8438
f 8438 	8749 	8439
f 8749 	8750 	8439
f 8439 	8750 	8440
f 8750 	8751 	8440
f 8440 	8751 	8441
f 8751 	8752 	8441
f 8441 	8752 	8442
f 8752 	8753 	8442
f 8442 	8753 	8443
f 8753 	8754 	8443
f 8443 	8754 	8444
f 8754 	8755 	8444
f 8444 	8755 	8445
f 8755 	8756 	8445
f 8445 	8756 	8446
f 8756 	8757 	8446
f 8446 	8757 	8447
f 8757 	8758 	8447
f 8447 	8758 	8448
f 8758 	8759 	8448
f 8448 	8759 	8449
f 8759 	8760 	8449
f 8449 	8760 	8450
f 8760 	8761 	8450
f 8450 	8761 	8451
f 8761 	8762 	8451
f 8451 	8762 	8452
f 8762 	8763 	8452
f 8452 	8763 	8453
f 8763 	8764 	8453
f 8453 	8764 	8454
f 8764 	8765 	8454
f 8454 	8765 	8455
f 8765 	8766 	8455
f 8455 	8766 	8456
f 8766 	8767 	8456
f 8456 	8767 	8457
f 8767 	8768 	8457
f 8457 	8768 	8458
f 8768 	8769 	8458
f 8458 	8769 	8459
f 8769 	8770 	8459
f 8459 	8770 	8460
f 8770 	8771 	8460
f 8460 	8771 	8461
f 8771 	8772 	8461
f 8461 	8772 	8462
f 8772 	8773 	8462
f 8462 	8773 	8463
f 8773 	8774 	8463
f 8463 	8774 	8464
f 8774 	8775 	8464
f 8464 	8775 	8465
f 8775 	8776 	8465
f 8465 	8776 	8466
f 8776 	8777 	8466
f 8466 	8777 	8467
f 8777 	8778 	8467
f 8467 	8778 	8468
f 8778 	8779 	8468
f 8468 	8779 	8469
f 8779 	8780 	8469
f 8469 	8780 	8470
f 8780 	8781 	8470
f 8470 	8781 	8471
f 8781 	8782 	8471
f 8471 	8782 	8472
f 8782 	8783 	8472
f 8472 	8783 	8473
f 8783 	8784 	8473
f 8473 	8784 	8474
f 8784 	8785 	8474
f 8474 	8785 	8475
f 8785 	8786 	8475
f 8475 	8786 	8476
f 8786 	8787 	8476
f 8476 	8787 	8477
f 8787 	8788 	8477
f 8477 	8788 	8478
f 8788 	8789 	8478
f 8478 	8789 	8479
f 8789 	8790 	8479
f 8479 	8790 	8480
f 8790 	8791 	8480
f 8480 	8791 	8481
f 8791 	8792 	8481
f 8481 	8792 	8482
f 8792 	8793 	8482
f 8482 	8793 	8483
f 8793 	8794 	8483
f 8483 	8794 	8484
f 8794 	8795 	8484
f 8484 	8795 	8485
f 8795 	8796 	8485
f 8485 	8796 	8486
f 8796 	8797 	8486
f 8486 	8797 	8487
f 8797 	8798 	8487
f 8487 	8798 	8488
f 8798 	8799 	8488
f 8488 	8799 	8489
f 8799 	8800 	8489
f 8489 	8800 	8490
f 8800 	8801 	8490
f 8490 	8801 	8491
f 8801 	8802 	8491
f 8491 	8802 	8492
f 8802 	8803 	8492
f 8492 	8803 	8493
f 8803 	8804 	8493
f 8493 	8804 	8494
f 8804 	8805 	8494
f 8494 	8805 	8495
f 8805 	8806 	8495
f 8495 	8806 	8496
f 8806 	8807 	8496
f 8496 	8807 	8497
f 8807 	8808 	8497
f 8497 	8808 	8498
f 8808 	8809 	8498
f 8498 	8809 	8499
f 8809 	8810 	8499
f 8499 	8810 	8500
f 8810 	8811 	8500
f 8500 	8811 	8501
f 8811 	8812 	8501
f 8501 	8812 	8502
f 8812 	8813 	8502
f 8502 	8813 	8503
f 8813 	8814 	8503
f 8503 	8814 	8504
f 8814 	8815 	8504
f 8504 	8815 	8505
f 8815 	8816 	8505
f 8505 	8816 	8506
f 8816 	8817 	8506
f 8506 	8817 	8507
f 8817 	8818 	8507
f 8507 	8818 	8508
f 8818 	8819 	8508
f 8508 	8819 	8509
f 8819 	8820 	8509
f 8509 	8820 	8510
f 8820 	8821 	8510
f 8510 	8821 	8511
f 8821 	8822 	8511
f 8511 	8822 	8512
f 8822 	8823 	8512
f 8512 	8823 	8513
f 8823 	8824 	8513
f 8513 	8824 	8514
f 8824 	8825 	8514
f 8514 	8825 	8515
f 8825 	8826 	8515
f 8515 	8826 	8516
f 8826 	8827 	8516
f 8516 	8827 	8517
f 8827 	8828 	8517
f 8517 	8828 	8518
f 8828 	8829 	8518
f 8518 	8829 	8519
f 8829 	8830 	8519
f 8519 	8830 	8520
f 8830 	8831 	8520
f 8520 	8831 	8521
f 8831 	8832 	8521
f 8521 	8832 	8522
f 8832 	8833 	8522
f 8522 	8833 	8523
f 8833 	8834 	8523
f 8523 	8834 	8524
f 8834 	8835 	8524
f 8524 	8835 	8525
f 8835 	8836 	8525
f 8525 	8836 	8526
f 8836 	8837 	8526
f 8526 	8837 	8527
f 8837 	8838 	8527
f 8527 	8838 	8528
f 8838 	8839 	8528
f 8528 	8839 	8529
f 8839 	8840 	8529
f 8529 	8840 	8530
f 8840 	8841 	8530
f 8530 	8841 	8531
f 8841 	8842 	8531
f 8531 	8842 	8532
f 8842 	8843 	8532
f 8532 	8843 	8533
f 8843 	8844 	8533
f 8533 	8844 	8534
f 8844 	8845 	8534
f 8534 	8845 	8535
f 8845 	8846 	8535
f 8535 	8846 	8536
f 8846 	8847 	8536
f 8536 	8847 	8537
f 8847 	8848 	8537
f 8537 	8848 	8538
f 8848 	8849 	8538
f 8538 	8849 	8539
f 8849 	8850 	8539
f 8539 	8850 	8540
f 8850 	8851 	8540
f 8540 	8851 	8541
f 8851 	8852 	8541
f 8541 	8852 	8542
f 8852 	8853 	8542
f 8542 	8853 	8543
f 8853 	8854 	8543
f 8543 	8854 	8544
f 8854 	8855 	8544
f 8544 	8855 	8545
f 8855 	8856 	8545
f 8545 	8856 	8546
f 8856 	8857 	8546
f 8546 	8857 	8547
f 8857 	8858 	8547
f 8547 	8858 	8548
f 8858 	8859 	8548
f 8548 	8859 	8549
f 8859 	8860 	8549
f 8549 	8860 	8550
f 8860 	8861 	8550
f 8550 	8861 	8551
f 8861 	8862 	8551
f 8551 	8862 	8552
f 8862 	8863 	8552
f 8552 	8863 	8553
f 8863 	8864 	8553
f 8553 	8864 	8554
f 8864 	8865 	8554
f 8554 	8865 	8555
f 8865 	8866 	8555
f 8555 	8866 	8556
f 8866 	8867 	8556
f 8556 	8867 	8557
f 8867 	8868 	8557
f 8557 	8868 	8558
f 8868 	8869 	8558
f 8558 	8869 	8559
f 8869 	8870 	8559
f 8559 	8870 	8560
f 8870 	8871 	8560
f 8560 	8871 	8561
f 8871 	8872 	8561
f 8561 	8872 	8562
f 8872 	8873 	8562
f 8562 	8873 	8563
f 8873 	8874 	8563
f 8563 	8874 	8564
f 8874 	8875 	8564
f 8564 	8875 	8565
f 8875 	8876 	8565
f 8565 	8876 	8566
f 8876 	8877 	8566
f 8566 	8877 	8567
f 8877 	8878 	8567
f 8567 	8878 	8568
f 8878 	8879 	8568
f 8568 	8879 	8569
f 8879 	8880 	8569
f 8569 	8880 	8570
f 8880 	8881 	8570
f 8570 	8881 	8571
f 8881 	8882 	8571
f 8571 	8882 	8572
f 8882 	8883 	8572
f 8572 	8883 	8573
f 8883 	8884 	8573
f 8573 	8884 	8574
f 8884 	8885 	8574
f 8574 	8885 	8575
f 8885 	8886 	8575
f 8575 	8886 	8576
f 8886 	8887 	8576
f 8576 	8887 	8577
f 8887 	8888 	8577
f 8577 	8888 	8578
f 8888 	8889 	8578
f 8578 	8889 	8579
f 8889 	8890 	8579
f 8579 	8890 	8580
f 8890 	8891 	8580
f 8580 	8891 	8581
f 8891 	8892 	8581
f 8581 	8892 	8582
f 8892 	8893 	8582
f 8582 	8893 	8583
f 8893 	8894 	8583
f 8583 	8894 	8584
f 8894 	8895 	8584
f 8584 	8895 	8585
f 8895 	8896 	8585
f 8585 	8896 	8586
f 8896 	8897 	8586
f 8586 	8897 	8587
f 8897 	8898 	8587
f 8587 	8898 	8588
f 8898 	8899 	8588
f 8588 	8899 	8589
f 8899 	8900 	8589
f 8589 	8900 	8590
f 8900 	8901 	8590
f 8590 	8901 	8591
f 8901 	8902 	8591
f 8591 	8902 	8592
f 8902 	8903 	8592
f 8592 	8903 	8593
f 8903 	8904 	8593
f 8593 	8904 	8594
f 8904 	8905 	8594
f 8594 	8905 	8595
f 8905 	8906 	8595
f 8595 	8906 	8596
f 8906 	8907 	8596
f 8596 	8907 	8597
f 8907 	8908 	8597
f 8597 	8908 	8598
f 8908 	8909 	8598
f 8598 	8909 	8599
f 8909 	8910 	8599
f 8599 	8910 	8600
f 8910 	8911 	8600
f 8600 	8911 	8601
f 8911 	8912 	8601
f 8601 	8912 	8602
f 8912 	8913 	8602
f 8602 	8913 	8603
f 8913 	8914 	8603
f 8603 	8914 	8604
f 8914 	8915 	8604
f 8604 	8915 	8605
f 8915 	8916 	8605
f 8605 	8916 	8606
f 8916 	8917 	8606
f 8606 	8917 	8607
f 8917 	8918 	8607
f 8607 	8918 	8608
f 8918 	8919 	8608
f 8608 	8919 	8609
f 8919 	8920 	8609
f 8609 	8920 	8610
f 8920 	8921 	8610
f 8610 	8921 	8611
f 8921 	8922 	8611
f 8611 	8922 	8612
f 8922 	8923 	8612
f 8612 	8923 	8613
f 8923 	8924 	8613
f 8613 	8924 	8614
f 8924 	8925 	8614
f 8614 	8925 	8615
f 8925 	8926 	8615
f 8615 	8926 	8616
f 8926 	8927 	8616
f 8616 	8927 	8617
f 8927 	8928 	8617
f 8617 	8928 	8618
f 8928 	8929 	8618
f 8618 	8929 	8619
f 8929 	8930 	8619
f 8619 	8930 	8620
f 8930 	8931 	8620
f 8620 	8931 	8621
f 8931 	8932 	8621
f 8621 	8932 	8622
f 8932 	8933 	8622
f 8622 	8933 	8623
f 8933 	8934 	8623
f 8623 	8934 	8624
f 8934 	8935 	8624
f 8624 	8935 	8625
f 8935 	8936 	8625
f 8625 	8936 	8626
f 8936 	8937 	8626
f 8626 	8937 	8627
f 8937 	8938 	8627
f 8627 	8938 	8628
f 8938 	8939 	8628
f 8628 	8939 	8629
f 8939 	8940 	8629
f 8629 	8940 	8630
f 8940 	8941 	8630
f 8630 	8941 	8631
f 8941 	8942 	8631
f 8631 	8942 	8632
f 8942 	8943 	8632
f 8632 	8943 	8633
f 8943 	8944 	8633
f 8633 	8944 	8634
f 8944 	8945 	8634
f 8634 	8945 	8635
f 8945 	8946 	8635
f 8635 	8946 	8636
f 8946 	8947 	8636
f 8636 	8947 	8637
f 8947 	8948 	8637
f 8637 	8948 	8638
f 8948 	8949 	8638
f 8638 	8949 	8639
f 8949 	8950 	8639
f 8639 	8950 	8640
f 8950 	8951 	8640
f 8640 	8951 	8641
f 8951 	8952 	8641
f 8641 	8952 	8642
f 8952 	8953 	8642
f 8642 	8953 	8643
f 8953 	8954 	8643
f 8643 	8954 	8644
f 8954 	8955 	8644
f 8644 	8955 	8645
f 8955 	8956 	8645
f 8645 	8956 	8646
f 8956 	8957 	8646
f 8646 	8957 	8647
f 8957 	8958 	8647
f 8647 	8958 	8648
f 8958 	8959 	8648
f 8648 	8959 	8649
f 8959 	8960 	8649
f 8649 	8960 	8650
f 8960 	8961 	8650
f 8650 	8961 	8651
f 8961 	8962 	8651
f 8651 	8962 	8652
f 8962 	8963 	8652
f 8652 	8963 	8653
f 8963 	8964 	8653
f 8653 	8964 	8654
f 8964 	8965 	8654
f 8654 	8965 	8655
f 8965 	8966 	8655
f 8655 	8966 	8656
f 8966 	8967 	8656
f 8656 	8967 	8657
f 8967 	8968 	8657
f 8657 	8968 	8658
f 8968 	8969 	8658
f 8658 	8969 	8659
f 8969 	8970 	8659
f 8659 	8970 	8660
f 8970 	8971 	8660
f 8660 	8971 	8661
f 8971 	8972 	8661
f 8661 	8972 	8662
f 8972 	8973 	8662
f 8662 	8973 	8663
f 8973 	8974 	8663
f 8663 	8974 	8664
f 8974 	8975 	8664
f 8664 	8975 	8665
f 8975 	8976 	8665
f 8665 	8976 	8666
f 8976 	8977 	8666
f 8666 	8977 	8667
f 8977 	8978 	8667
f 8667 	8978 	8668
f 8978 	8979 	8668
f 8668 	8979 	8669
f 8979 	8980 	8669
f 8669 	8980 	8670
f 8980 	8981 	8670
f 8670 	8981 	8671
f 8981 	8982 	8671
f 8671 	8982 	8672
f 8982 	8983 	8672
f 8672 	8983 	8673
f 8983 	8984 	8673
f 8673 	8984 	8674
f 8984 	8985 	8674
f 8674 	8985 	8675
f 8985 	8986 	8675
f 8675 	8986 	8676
f 8986 	8987 	8676
f 8676 	8987 	8677
f 8987 	8988 	8677
f 8677 	8988 	8678
f 8988 	8989 	8678
f 8678 	8989 	8679
f 8989 	8990 	8679
f 8679 	8990 	8680
f 8990 	8991 	8680
f 8680 	8991 	8681
f 8991 	8681 	8681
f 602 	8682 	8682
f 8682 	8992 	8683
f 8683 	8992 	8684
f 8992 	8993 	8684
f 8684 	8993 	8685
f 8993 	8994 	8685
f 8685 	8994 	8686
f 8994 	8995 	8686
f 8686 	8995 	8687
f 8995 	8996 	8687
f 8687 	8996 	8688
f 8996 	8997 	8688
f 8688 	8997 	8689
f 8997 	8998 	8689
f 8689 	8998 	8690
f 8998 	8999 	8690
f 8690 	8999 	8691
f 8999 	9000 	8691
f 8691 	9000 	8692
f 9000 	9001 	8692
f 8692 	9001 	8382
f 9001 	8693 	8382
f 8693 	9002 	8694
f 9002 	9003 	8694
f 8694 	9003 	8695
f 9003 	9004 	8695
f 8695 	9004 	8696
f 9004 	9005 	8696
f 8696 	9005 	8697
f 9005 	9006 	8697
f 8697 	9006 	8698
f 9006 	9007 	8698
f 8698 	9007 	8699
f 9007 	9008 	8699
f 8699 	9008 	8700
f 9008 	9009 	8700
f 8700 	9009 	8701
f 9009 	9010 	8701
f 8701 	9010 	8702
f 9010 	9011 	8702
f 8702 	9011 	8703
f 9011 	9012 	8703
f 8703 	9012 	8704
f 9012 	9013 	8704
f 8704 	9013 	8705
f 9013 	9014 	8705
f 8705 	9014 	8706
f 9014 	9015 	8706
f 8706 	9015 	8707
f 9015 	9016 	8707
f 8707 	9016 	8708
f 9016 	9017 	8708
f 8708 	9017 	8709
f 9017 	9018 	8709
f 8709 	9018 	8710
f 9018 	9019 	8710
f 8710 	9019 	8711
f 9019 	9020 	8711
f 8711 	9020 	8712
f 9020 	9021 	8712
f 8712 	9021 	8713
f 9021 	9022 	8713
f 8713 	9022 	8714
f 9022 	9023 	8714
f 8714 	9023 	8715
f 9023 	9024 	8715
f 8715 	9024 	8716
f 9024 	9025 	8716
f 8716 	9025 	8717
f 9025 	9026 	8717
f 8717 	9026 	8718
f 9026 	9027 	8718
f 8718 	9027 	8719
f 9027 	9028 	8719
f 8719 	9028 	8720
f 9028 	9029 	8720
f 8720 	9029 	8721
f 9029 	9030 	8721
f 8721 	9030 	8722
f 9030 	9031 	8722
f 8722 	9031 	8723
f 9031 	9032 	8723
f 8723 	9032 	8724
f 9032 	9033 	8724
f 8724 	9033 	8725
f 9033 	9034 	8725
f 8725 	9034 	8726
f 9034 	9035 	8726
f 8726 	9035 	8727
f 9035 	9036 	8727
f 8727 	9036 	8728
f 9036 	9037 	8728
f 8728 	9037 	8729
f 9037 	9038 	8729
f 8729 	9038 	8730
f 9038 	9039 	8730
f 8730 	9039 	8731
f 9039 	9040 	8731
f 8731 	9040 	8732
f 9040 	9041 	8732
f 8732 	9041 	8733
f 9041 	9042 	8733
f 8733 	9042 	8734
f 9042 	9043 	8734
f 8734 	9043 	8735
f 9043 	9044 	8735
f 8735 	9044 	8736
f 9044 	9045 	8736
f 8736 	9045 	8737
f 9045 	9046 	8737
f 8737 	9046 	8738
f 9046 	9047 	8738
f 8738 	9047 	8739
f 9047 	9048 	8739
f 8739 	9048 	8740
f 9048 	9049 	8740
f 8740 	9049 	8741
f 9049 	9050 	8741
f 8741 	9050 	8742
f 9050 	9051 	8742
f 8742 	9051 	8743
f 9051 	9052 	8743
f 8743 	9052 	8744
f 9052 	9053 	8744
f 8744 	9053 	8745
f 9053 	9054 	8745
f 8745 	9054 	8746
f 9054 	9055 	8746
f 8746 	9055 	8747
f 9055 	9056 	8747
f 8747 	9056 	8748
f 9056 	9057 	8748
f 8748 	9057 	8749
f 9057 	9058 	8749
f 8749 	9058 	8750
f 9058 	9059 	8750
f 8750 	9059 	8751
f 9059 	9060 	8751
f 8751 	9060 	8752
f 9060 	9061 	8752
f 8752 	9061 	8753
f 9061 	9062 	8753
f 8753 	9062 	8754
f 9062 	9063 	8754
f 8754 	9063 	8755
f 9063 	9064 	8755
f 8755 	9064 	8756
f 9064 	9065 	8756
f 8756 	9065 	8757
f 9065 	9066 	8757
f 8757 	9066 	8758
f 9066 	9067 	8758
f 8758 	9067 	8759
f 9067 	9068 	8759
f 8759 	9068 	8760
f 9068 	9069 	8760
f 8760 	9069 	8761
f 9069 	9070 	8761
f 8761 	9070 	8762
f 9070 	9071 	8762
f 8762 	9071 	8763
f 9071 	9072 	8763
f 8763 	9072 	8764
f 9072 	9073 	8764
f 8764 	9073 	8765
f 9073 	9074 	8765
f 8765 	9074 	8766
f 9074 	9075 	8766
f 8766 	9075 	8767
f 9075 	9076 	8767
f 8767 	9076 	8768
f 9076 	9077 	8768
f 8768 	9077 	8769
f 9077 	9078 	8769
f 8769 	9078 	8770
f 9078 	9079 	8770
f 8770 	9079 	8771
f 9079 	9080 	8771
f 8771 	9080 	8772
f 9080 	9081 	8772
f 8772 	9081 	8773
f 9081 	9082 	8773
f 8773 	9082 	8774
f 9082 	9083 	8774
f 8774 	9083 	8775
f 9083 	9084 	8775
f 8775 	9084 	8776
f 9084 	9085 	8776
f 8776 	9085 	8777
f 9085 	9086 	8777
f 8777 	9086 	8778
f 9086 	9087 	8778
f 8778 	9087 	8779
f 9087 	9088 	8779
f 8779 	9088 	8780
f 9088 	9089 	8780
f 8780 	9089 	8781
f 9089 	9090 	8781
f 8781 	9090 	8782
f 9090 	9091 	8782
f 8782 	9091 	8783
f 9091 	9092 	8783
f 8783 	9092 	8784
f 9092 	9093 	8784
f 8784 	9093 	8785
f 9093 	9094 	8785
f 8785 	9094 	8786
f 9094 	9095 	8786
f 8786 	9095 	8787
f 9095 	9096 	8787
f 8787 	9096 	8788
f 9096 	9097 	8788
f 8788 	9097 	8789
f 9097 	9098 	8789
f 8789 	9098 	8790
f 9098 	9099 	8790
f 8790 	9099 	8791
f 9099 	9100 	8791
f 8791 	9100 	8792
f 9100 	9101 	8792
f 8792 	9101 	8793
f 9101 	9102 	8793
f 8793 	9102 	8794
f 9102 	9103 	8794
f 8794 	9103 	8795
f 9103 	9104 	8795
f 8795 	9104 	8796
f 9104 	9105 	8796
f 8796 	9105 	8797
f 9105 	9106 	8797
f 8797 	9106 	8798
f 9106 	9107 	8798
f 8798 	9107 	8799
f 9107 	9108 	8799
f 8799 	9108 	8800
f 9108 	9109 	8800
f 8800 	9109 	8801
f 9109 	9110 	8801
f 8801 	9110 	8802
f 9110 	9111 	8802
f 8802 	9111 	8803
f 9111 	9112 	8803
f 8803 	9112 	8804
f 9112 	9113 	8804
f 8804 	9113 	8805
f 9113 	9114 	8805
f 8805 	9114 	8806
f 9114 	9115 	8806
f 8806 	9115 	8807
f 9115 	9116 	8807
f 8807 	9116 	8808
f 9116 	9117 	8808
f 8808 	9117 	8809
f 9117 	9118 	8809
f 8809 	9118 	8810
f 9118 	9119 	8810
f 8810 	9119 	8811
f 9119 	9120 	8811
f 8811 	9120 	8812
f 9120 	9121 	8812
f 8812 	9121 	8813
f 9121 	9122 	8813
f 8813 	9122 	8814
f 9122 	9123 	8814
f 8814 	9123 	8815
f 9123 	9124 	8815
f 8815 	9124 	8816
f 9124 	9125 	8816
f 8816 	9125 	8817
f 9125 	9126 	8817
f 8817 	9126 	8818
f 9126 	9127 	8818
f 8818 	9127 	8819
f 9127 	9128 	8819
f 8819 	9128 	8820
f 9128 	9129 	8820
f 8820 	9129 	8821
f 9129 	9130 	8821
f 8821 	9130 	8822
f 9130 	9131 	8822
f 8822 	9131 	8823
f 9131 	9132 	8823
f 8823 	9132 	8824
f 9132 	9133 	8824
f 8824 	9133 	8825
f 9133 	9134 	8825
f 8825 	9134 	8826
f 9134 	9135 	8826
f 8826 	9135 	8827
f 9135 	9136 	8827
f 8827 	9136 	8828
f 9136 	9137 	8828
f 8828 	9137 	8829
f 9137 	9138 	8829
f 8829 	9138 	8830
f 9138 	9139 	8830
f 8830 	9139 	8831
f 9139 	9140 	8831
f 8831 	9140 	8832
f 9140 	9141 	8832
f 8832 	9141 	8833
f 9141 	9142 	8833
f 8833 	9142 	8834
f 9142 	9143 	8834
f 8834 	9143 	8835
f 9143 	9144 	8835
f 8835 	9144 	8836
f 9144 	9145 	8836
f 8836 	9145 	8837
f 9145 	9146 	8837
f 8837 	9146 	8838
f 9146 	9147 	8838
f 8838 	9147 	8839
f 9147 	9148 	8839
f 8839 	9148 	8840
f 9148 	9149 	8840
f 8840 	9149 	8841
f 9149 	9150 	8841
f 8841 	9150 	8842
f 9150 	9151 	8842
f 8842 	9151 	8843
f 9151 	9152 	8843
f 8843 	9152 	8844
f 9152 	9153 	8844
f 8844 	9153 	8845
f 9153 	9154 	8845
f 8845 	9154 	8846
f 9154 	9155 	8846
f 8846 	9155 	8847
f 9155 	9156 	8847
f 8847 	9156 	8848
f 9156 	9157 	8848
f 8848 	9157 	8849
f 9157 	9158 	8849
f 8849 	9158 	8850
f 9158 	9159 	8850
f 8850 	9159 	8851
f 9159 	9160 	8851
f 8851 	9160 	8852
f 9160 	9161 	8852
f 8852 	9161 	8853
f 9161 	9162 	8853
f 8853 	9162 	8854
f 9162 	9163 	8854
f 8854 	9163 	8855
f 9163 	9164 	8855
f 8855 	9164 	8856
f 9164 	9165 	8856
f 8856 	9165 	8857
f 9165 	9166 	8857
f 8857 	9166 	8858
f 9166 	9167 	8858
f 8858 	9167 	8859
f 9167 	9168 	8859
f 8859 	9168 	8860
f 9168 	9169 	8860
f 8860 	9169 	8861
f 9169 	9170 	8861
f 8861 	9170 	8862
f 9170 	9171 	8862
f 8862 	9171 	8863
f 9171 	9172 	8863
f 8863 	9172 	8864
f 9172 	9173 	8864
f 8864 	9173 	8865
f 9173 	9174 	8865
f 8865 	9174 	8866
f 9174 	9175 	8866
f 8866 	9175 	8867
f 9175 	9176 	8867
f 8867 	9176 	8868
f 9176 	9177 	8868
f 8868 	9177 	8869
f 9177 	9178 	8869
f 8869 	9178 	8870
f 9178 	9179 	8870
f 8870 	9179 	8871
f 9179 	9180 	8871
f 8871 	9180 	8872
f 9180 	9181 	8872
f 8872 	9181 	8873
f 9181 	9182 	8873
f 8873 	9182 	8874
f 9182 	9183 	8874
f 8874 	9183 	8875
f 9183 	9184 	8875
f 8875 	9184 	8876
f 9184 	9185 	8876
f 8876 	9185 	8877
f 9185 	9186 	8877
f 8877 	9186 	8878
f 9186 	9187 	8878
f 8878 	9187 	8879
f 9187 	9188 	8879
f 8879 	9188 	8880
f 9188 	9189 	8880
f 8880 	9189 	8881
f 9189 	9190 	8881
f 8881 	9190 	8882
f 9190 	9191 	8882
f 8882 	9191 	8883
f 9191 	9192 	8883
f 8883 	9192 	8884
f 9192 	9193 	8884
f 8884 	9193 	8885
f 9193 	9194 	8885
f 8885 	9194 	8886
f 9194 	9195 	8886
f 8886 	9195 	8887
f 9195 	9196 	8887
f 8887 	9196 	8888
f 9196 	9197 	8888
f 8888 	9197 	8889
f 9197 	9198 	8889
f 8889 	9198 	8890
f 9198 	9199 	8890
f 8890 	9199 	8891
f 9199 	9200 	8891
f 8891 	9200 	8892
f 9200 	9201 	8892
f 8892 	9201 	8893
f 9201 	9202 	8893
f 8893 	9202 	8894
f 9202 	9203 	8894
f 8894 	9203 	8895
f 9203 	9204 	8895
f 8895 	9204 	8896
f 9204 	9205 	8896
f 8896 	9205 	8897
f 9205 	9206 	8897
f 8897 	9206 	8898
f 9206 	9207 	8898
f 8898 	9207 	8899
f 9207 	9208 	8899
f 8899 	9208 	8900
f 9208 	9209 	8900
f 8900 	9209 	8901
f 9209 	9210 	8901
f 8901 	9210 	8902
f 9210 	9211 	8902
f 8902 	9211 	8903
f 9211 	9212 	8903
f 8903 	9212 	8904
f 9212 	9213 	8904
f 8904 	9213 	8905
f 9213 	9214 	8905
f 8905 	9214 	8906
f 9214 	9215 	8906
f 8906 	9215 	8907
f 9215 	9216 	8907
f 8907 	9216 	8908
f 9216 	9217 	8908
f 8908 	9217 	8909
f 9217 	9218 	8909
f 8909 	9218 	8910
f 9218 	9219 	8910
f 8910 	9219 	8911
f 9219 	9220 	8911
f 8911 	9220 	8912
f 9220 	9221 	8912
f 8912 	9221 	8913
f 9221 	9222 	8913
f 8913 	9222 	8914
f 9222 	9223 	8914
f 8914 	9223 	8915
f 9223 	9224 	8915
f 8915 	9224 	8916
f 9224 	9225 	8916
f 8916 	9225 	8917
f 9225 	9226 	8917
f 8917 	9226 	8918
f 9226 	9227 	8918
f 8918 	9227 	8919
f 9227 	9228 	8919
f 8919 	9228 	8920
f 9228 	9229 	8920
f 8920 	9229 	8921
f 9229 	9230 	8921
f 8921 	9230 	8922
f 9230 	9231 	8922
f 8922 	9231 	8923
f 9231 	9232 	8923
f 8923 	9232 	8924
f 9232 	9233 	8924
f 8924 	9233 	8925
f 9233 	9234 	8925
f 8925 	9234 	8926
f 9234 	9235 	8926
f 8926 	9235 	8927
f 9235 	9236 	8927
f 8927 	9236 	8928
f 9236 	9237 	8928
f 8928 	9237 	8929
f 9237 	9238 	8929
f 8929 	9238 	8930
f 9238 	9239 	8930
f 8930 	9239 	8931
f 9239 	9240 	8931
f 8931 	9240 	8932
f 9240 	9241 	8932
f 8932 	9241 	8933
f 9241 	9242 	8933
f 8933 	9242 	8934
f 9242 	9243 	8934
f 8934 	9243 	8935
f 9243 	9244 	8935
f 8935 	9244 	8936
f 9244 	9245 	8936
f 8936 	9245 	8937
f 9245 	9246 	8937
f 8937 	9246 	8938
f 9246 	9247 	8938
f 8938 	9247 	8939
f 9247 	9248 	8939
f 8939 	9248 	8940
f 9248 	9249 	8940
f 8940 	9249 	8941
f 9249 	9250 	8941
f 8941 	9250 	8942
f 9250 	9251 	8942
f 8942 	9251 	8943
f 9251 	9252 	8943
f 8943 	9252 	8944
f 9252 	9253 	8944
f 8944 	9253 	8945
f 9253 	9254 	8945
f 8945 	9254 	8946
f 9254 	9255 	8946
f 8946 	9255 	8947
f 9255 	9256 	8947
f 8947 	9256 	8948
f 9256 	9257 	8948
f 8948 	9257 	8949
f 9257 	9258 	8949
f 8949 	9258 	8950
f 9258 	9259 	8950
f 8950 	9259 	8951
f 9259 	9260 	8951
f 8951 	9260 	8952
f 9260 	9261 	8952
f 8952 	9261 	8953
f 9261 	9262 	8953
f 8953 	9262 	8954
f 9262 	9263 	8954
f 8954 	9263 	8955
f 9263 	9264 	8955
f 8955 	9264 	8956
f 9264 	9265 	8956
f 8956 	9265 	8957
f 9265 	9266 	8957
f 8957 	9266 	8958
f 9266 	9267 	8958
f 8958 	9267 	8959
f 9267 	9268 	8959
f 8959 	9268 	8960
f 9268 	9269 	8960
f 8960 	9269 	8961
f 9269 	9270 	8961
f 8961 	9270 	8962
f 9270 	9271 	8962
f 8962 	9271 	8963
f 9271 	9272 	8963
f 8963 	9272 	8964
f 9272 	9273 	8964
f 8964 	9273 	8965
f 9273 	9274 	8965
f 8965 	9274 	8966
f 9274 	9275 	8966
f 8966 	9275 	8967
f 9275 	9276 	8967
f 8967 	9276 	8968
f 9276 	9277 	8968
f 8968 	9277 	8969
f 9277 	9278 	8969
f 8969 	9278 	8970
f 9278 	9279 	8970
f 8970 	9279 	8971
f 9279 	9280 	8971
f 8971 	9280 	8972
f 9280 	9281 	8972
f 8972 	9281 	8973
f 9281 	9282 	8973
f 8973 	9282 	8974
f 9282 	9283 	8974
f 8974 	9283 	8975
f 9283 	9284 	8975
f 8975 	9284 	8976
f 9284 	9285 	8976
f 8976 	9285 	8977
f 9285 	9286 	8977
f 8977 	9286 	8978
f 9286 	9287 	8978
f 8978 	9287 	8979
f 9287 	9288 	8979
f 8979 	9288 	8980
f 9288 	9289 	8980
f 8980 	9289 	8981
f 9289 	9290 	8981
f 8981 	9290 	8982
f 9290 	9291 	8982
f 8982 	9291 	8983
f 9291 	9292 	8983
f 8983 	9292 	8984
f 9292 	9293 	8984
f 8984 	9293 	8985
f 9293 	9294 	8985
f 8985 	9294 	8986
f 9294 	9295 	8986
f 8986 	9295 	8987
f 9295 	9296 	8987
f 8987 	9296 	8988
f 9296 	9297 	8988
f 8988 	9297 	8989
f 9297 	9298 	8989
f 8989 	9298 	8990
f 9298 	9299 	8990
f 8990 	9299 	8991
f 9299 	9300 	8991
f 8991 	9300 	8681
f 9300 	9301 	8681
f 8681 	9301 	601
f 602 	9302 	8682
f 8682 	9302 	8992
f 9302 	9303 	8992
f 8992 	9303 	8993
f 9303 	9304 	8993
f 8993 	9304 	8994
f 9304 	9305 	8994
f 8994 	9305 	8995
f 9305 	9306 	8995
f 8995 	9306 	8996
f 9306 	9307 	8996
f 8996 	9307 	8997
f 9307 	9308 	8997
f 8997 	9308 	8998
f 9308 	9309 	8998
f 8998 	9309 	8999
f 9309 	9310 	8999
f 8999 	9310 	9000
f 9310 	9311 	9000
f 9000 	9311 	9001
f 9311 	9312 	9001
f 9001 	9312 	8693
f 9312 	9002 	8693
f 9002 	9313 	9003
f 9313 	9314 	9003
f 9003 	9314 	9004
f 9314 	9315 	9004
f 9004 	9315 	9005
f 9315 	9316 	9005
f 9005 	9316 	9006
f 9316 	9317 	9006
f 9006 	9317 	9007
f 9317 	9318 	9007
f 9007 	9318 	9008
f 9318 	9319 	9008
f 9008 	9319 	9009
f 9319 	9320 	9009
f 9009 	9320 	9010
f 9320 	9321 	9010
f 9010 	9321 	9011
f 9321 	9322 	9011
f 9011 	9322 	9012
f 9322 	9323 	9012
f 9012 	9323 	9013
f 9323 	9324 	9013
f 9013 	9324 	9014
f 9324 	9325 	9014
f 9014 	9325 	9015
f 9325 	9326 	9015
f 9015 	9326 	9016
f 9326 	9327 	9016
f 9016 	9327 	9017
f 9327 	9328 	9017
f 9017 	9328 	9018
f 9328 	9329 	9018
f 9018 	9329 	9019
f 9329 	9330 	9019
f 9019 	9330 	9020
f 9330 	9331 	9020
f 9020 	9331 	9021
f 9331 	9332 	9021
f 9021 	9332 	9022
f 9332 	9333 	9022
f 9022 	9333 	9023
f 9333 	9334 	9023
f 9023 	9334 	9024
f 9334 	9335 	9024
f 9024 	9335 	9025
f 9335 	9336 	9025
f 9025 	9336 	9026
f 9336 	9337 	9026
f 9026 	9337 	9027
f 9337 	9338 	9027
f 9027 	9338 	9028
f 9338 	9339 	9028
f 9028 	9339 	9029
f 9339 	9340 	9029
f 9029 	9340 	9030
f 9340 	9341 	9030
f 9030 	9341 	9031
f 9341 	9342 	9031
f 9031 	9342 	9032
f 9342 	9343 	9032
f 9032 	9343 	9033
f 9343 	9344 	9033
f 9033 	9344 	9034
f 9344 	9345 	9034
f 9034 	9345 	9035
f 9345 	9346 	9035
f 9035 	9346 	9036
f 9346 	9347 	9036
f 9036 	9347 	9037
f 9347 	9348 	9037
f 9037 	9348 	9038
f 9348 	9349 	9038
f 9038 	9349 	9039
f 9349 	9350 	9039
f 9039 	9350 	9040
f 9350 	9351 	9040
f 9040 	9351 	9041
f 9351 	9352 	9041
f 9041 	9352 	9042
f 9352 	9353 	9042
f 9042 	9353 	9043
f 9353 	9354 	9043
f 9043 	9354 	9044
f 9354 	9355 	9044
f 9044 	9355 	9045
f 9355 	9356 	9045
f 9045 	9356 	9046
f 9356 	9357 	9046
f 9046 	9357 	9047
f 9357 	9358 	9047
f 9047 	9358 	9048
f 9358 	9359 	9048
f 9048 	9359 	9049
f 9359 	9360 	9049
f 9049 	9360 	9050
f 9360 	9361 	9050
f 9050 	9361 	9051
f 9361 	9362 	9051
f 9051 	9362 	9052
f 9362 	9363 	9052
f 9052 	9363 	9053
f 9363 	9364 	9053
f 9053 	9364 	9054
f 9364 	9365 	9054
f 9054 	9365 	9055
f 9365 	9366 	9055
f 9055 	9366 	9056
f 9366 	9367 	9056
f 9056 	9367 	9057
f 9367 	9368 	9057
f 9057 	9368 	9058
f 9368 	9369 	9058
f 9058 	9369 	9059
f 9369 	9370 	9059
f 9059 	9370 	9060
f 9370 	9371 	9060
f 9060 	9371 	9061
f 9371 	9372 	9061
f 9061 	9372 	9062
f 9372 	9373 	9062
f 9062 	9373 	9063
f 9373 	9374 	9063
f 9063 	9374 	9064
f 9374 	9375 	9064
f 9064 	9375 	9065
f 9375 	9376 	9065
f 9065 	9376 	9066
f 9376 	9377 	9066
f 9066 	9377 	9067
f 9377 	9378 	9067
f 9067 	9378 	9068
f 9378 	9379 	9068
f 9068 	9379 	9069
f 9379 	9380 	9069
f 9069 	9380 	9070
f 9380 	9381 	9070
f 9070 	9381 	9071
f 9381 	9382 	9071
f 9071 	9382 	9072
f 9382 	9383 	9072
f 9072 	9383 	9073
f 9383 	9384 	9073
f 9073 	9384 	9074
f 9384 	9385 	9074
f 9074 	9385 	9075
f 9385 	9386 	9075
f 9075 	9386 	9076
f 9386 	9387 	9076
f 9076 	9387 	9077
f 9387 	9388 	9077
f 9077 	9388 	9078
f 9388 	9389 	9078
f 9078 	9389 	9079
f 9389 	9390 	9079
f 9079 	9390 	9080
f 9390 	9391 	9080
f 9080 	9391 	9081
f 9391 	9392 	9081
f 9081 	9392 	9082
f 9392 	9393 	9082
f 9082 	9393 	9083
f 9393 	9394 	9083
f 9083 	9394 	9084
f 9394 	9395 	9084
f 9084 	9395 	9085
f 9395 	9396 	9085
f 9085 	9396 	9086
f 9396 	9397 	9086
f 9086 	9397 	9087
f 9397 	9398 	9087
f 9087 	9398 	9088
f 9398 	9399 	9088
f 9088 	9399 	9089
f 9399 	9400 	9089
f 9089 	9400 	9090
f 9400 	9401 	9090
f 9090 	9401 	9091
f 9401 	9402 	9091
f 9091 	9402 	9092
f 9402 	9403 	9092
f 9092 	9403 	9093
f 9403 	9404 	9093
f 9093 	9404 	9094
f 9404 	9405 	9094
f 9094 	9405 	9095
f 9405 	9406 	9095
f 9095 	9406 	9096
f 9406 	9407 	9096
f 9096 	9407 	9097
f 9407 	9408 	9097
f 9097 	9408 	9098
f 9408 	9409 	9098
f 9098 	9409 	9099
f 9409 	9410 	9099
f 9099 	9410 	9100
f 9410 	9411 	9100
f 9100 	9411 	9101
f 9411 	9412 	9101
f 9101 	9412 	9102
f 9412 	9413 	9102
f 9102 	9413 	9103
f 9413 	9414 	9103
f 9103 	9414 	9104
f 9414 	9415 	9104
f 9104 	9415 	9105
f 9415 	9416 	9105
f 9105 	9416 	9106
f 9416 	9417 	9106
f 9106 	9417 	9107
f 9417 	9418 	9107
f 9107 	9418 	9108
f 9418 	9419 	9108
f 9108 	9419 	9109
f 9419 	9420 	9109
f 9109 	9420 	9110
f 9420 	9421 	9110
f 9110 	9421 	9111
f 9421 	9422 	9111
f 9111 	9422 	9112
f 9422 	9423 	9112
f 9112 	9423 	9113
f 9423 	9424 	9113
f 9113 	9424 	9114
f 9424 	9425 	9114
f 9114 	9425 	9115
f 9425 	9426 	9115
f 9115 	9426 	9116
f 9426 	9427 	9116
f 9116 	9427 	9117
f 9427 	9428 	9117
f 9117 	9428 	9118
f 9428 	9429 	9118
f 9118 	9429 	9119
f 9429 	9430 	9119
f 9119 	9430 	9120
f 9430 	9431 	9120
f 9120 	9431 	9121
f 9431 	9432 	9121
f 9121 	9432 	9122
f 9432 	9433 	9122
f 9122 	9433 	9123
f 9433 	9434 	9123
f 9123 	9434 	9124
f 9434 	9435 	9124
f 9124 	9435 	9125
f 9435 	9436 	9125
f 9125 	9436 	9126
f 9436 	9437 	9126
f 9126 	9437 	9127
f 9437 	9438 	9127
f 9127 	9438 	9128
f 9438 	9439 	9128
f 9128 	9439 	9129
f 9439 	9440 	9129
f 9129 	9440 	9130
f 9440 	9441 	9130
f 9130 	9441 	9131
f 9441 	9442 	9131
f 9131 	9442 	9132
f 9442 	9443 	9132
f 9132 	9443 	9133
f 9443 	9444 	9133
f 9133 	9444 	9134
f 9444 	9445 	9134
f 9134 	9445 	9135
f 9445 	9446 	9135
f 9135 	9446 	9136
f 9446 	9447 	9136
f 9136 	9447 	9137
f 9447 	9448 	9137
f 9137 	9448 	9138
f 9448 	9449 	9138
f 9138 	9449 	9139
f 9449 	9450 	9139
f 9139 	9450 	9140
f 9450 	9451 	9140
f 9140 	9451 	9141
f 9451 	9452 	9141
f 9141 	9452 	9142
f 9452 	9453 	9142
f 9142 	9453 	9143
f 9453 	9454 	9143
f 9143 	9454 	9144
f 9454 	9455 	9144
f 9144 	9455 	9145
f 9455 	9456 	9145
f 9145 	9456 	9146
f 9456 	9457 	9146
f 9146 	9457 	9147
f 9457 	9458 	9147
f 9147 	9458 	9148
f 9458 	9459 	9148
f 9148 	9459 	9149
f 9459 	9460 	9149
f 9149 	9460 	9150
f 9460 	9461 	9150
f 9150 	9461 	9151
f 9461 	9462 	9151
f 9151 	9462 	9152
f 9462 	9463 	9152
f 9152 	9463 	9153
f 9463 	9464 	9153
f 9153 	9464 	9154
f 9464 	9465 	9154
f 9154 	9465 	9155
f 9465 	9466 	9155
f 9155 	9466 	9156
f 9466 	9467 	9156
f 9156 	9467 	9157
f 9467 	9468 	9157
f 9157 	9468 	9158
f 9468 	9469 	9158
f 9158 	9469 	9159
f 9469 	9470 	9159
f 9159 	9470 	9160
f 9470 	9471 	9160
f 9160 	9471 	9161
f 9471 	9472 	9161
f 9161 	9472 	9162
f 9472 	9473 	9162
f 9162 	9473 	9163
f 9473 	9474 	9163
f 9163 	9474 	9164
f 9474 	9475 	9164
f 9164 	9475 	9165
f 9475 	9476 	9165
f 9165 	9476 	9166
f 9476 	9477 	9166
f 9166 	9477 	9167
f 9477 	9478 	9167
f 9167 	9478 	9168
f 9478 	9479 	9168
f 9168 	9479 	9169
f 9479 	9480 	9169
f 9169 	9480 	9170
f 9480 	9481 	9170
f 9170 	9481 	9171
f 9481 	9482 	9171
f 9171 	9482 	9172
f 9482 	9483 	9172
f 9172 	9483 	9173
f 9483 	9484 	9173
f 9173 	9484 	9174
f 9484 	9485 	9174
f 9174 	9485 	9175
f 9485 	9486 	9175
f 9175 	9486 	9176
f 9486 	9487 	9176
f 9176 	9487 	9177
f 9487 	9488 	9177
f 9177 	9488 	9178
f 9488 	9489 	9178
f 9178 	9489 	9179
f 9489 	9490 	9179
f 9179 	9490 	9180
f 9490 	9491 	9180
f 9180 	9491 	9181
f 9491 	9492 	9181
f 9181 	9492 	9182
f 9492 	9493 	9182
f 9182 	9493 	9183
f 9493 	9494 	9183
f 9183 	9494 	9184
f 9494 	9495 	9184
f 9184 	9495 	9185
f 9495 	9496 	9185
f 9185 	9496 	9186
f 9496 	9497 	9186
f 9186 	9497 	9187
f 9497 	9498 	9187
f 9187 	9498 	9188
f 9498 	9499 	9188
f 9188 	9499 	9189
f 9499 	9500 	9189
f 9189 	9500 	9190
f 9500 	9501 	9190
f 9190 	9501 	9191
f 9501 	9502 	9191
f 9191 	9502 	9192
f 9502 	9503 	9192
f 9192 	9503 	9193
f 9503 	9504 	9193
f 9193 	9504 	9194
f 9504 	9505 	9194
f 9194 	9505 	9195
f 9505 	9506 	9195
f 9195 	9506 	9196
f 9506 	9507 	9196
f 9196 	9507 	9197
f 9507 	9508 	9197
f 9197 	9508 	9198
f 9508 	9509 	9198
f 9198 	9509 	9199
f 9509 	9510 	9199
f 9199 	9510 	9200
f 9510 	9511 	9200
f 9200 	9511 	9201
f 9511 	9512 	9201
f 9201 	9512 	9202
f 9512 	9513 	9202
f 9202 	9513 	9203
f 9513 	9514 	9203
f 9203 	9514 	9204
f 9514 	9515 	9204
f 9204 	9515 	9205
f 9515 	9516 	9205
f 9205 	9516 	9206
f 9516 	9517 	9206
f 9206 	9517 	9207
f 9517 	9518 	9207
f 9207 	9518 	9208
f 9518 	9519 	9208
f 9208 	9519 	9209
f 9519 	9520 	9209
f 9209 	9520 	9210
f 9520 	9521 	9210
f 9210 	9521 	9211
f 9521 	9522 	9211
f 9211 	9522 	9212
f 9522 	9523 	9212
f 9212 	9523 	9213
f 9523 	9524 	9213
f 9213 	9524 	9214
f 9524 	9525 	9214
f 9214 	9525 	9215
f 9525 	9526 	9215
f 9215 	9526 	9216
f 9526 	9527 	9216
f 9216 	9527 	9217
f 9527 	9528 	9217
f 9217 	9528 	9218
f 9528 	9529 	9218
f 9218 	9529 	9219
f 9529 	9530 	9219
f 9219 	9530 	9220
f 9530 	9531 	9220
f 9220 	9531 	9221
f 9531 	9532 	9221
f 9221 	9532 	9222
f 9532 	9533 	9222
f 9222 	9533 	9223
f 9533 	9534 	9223
f 9223 	9534 	9224
f 9534 	9535 	9224
f 9224 	9535 	9225
f 9535 	9536 	9225
f 9225 	9536 	9226
f 9536 	9537 	9226
f 9226 	9537 	9227
f 9537 	9538 	9227
f 9227 	9538 	9228
f 9538 	9539 	9228
f 9228 	9539 	9229
f 9539 	9540 	9229
f 9229 	9540 	9230
f 9540 	9541 	9230
f 9230 	9541 	9231
f 9541 	9542 	9231
f 9231 	9542 	9232
f 9542 	9543 	9232
f 9232 	9543 	9233
f 9543 	9544 	9233
f 9233 	9544 	9234
f 9544 	9545 	9234
f 9234 	9545 	9235
f 9545 	9546 	9235
f 9235 	9546 	9236
f 9546 	9547 	9236
f 9236 	9547 	9237
f 9547 	9548 	9237
f 9237 	9548 	9238
f 9548 	9549 	9238
f 9238 	9549 	9239
f 9549 	9550 	9239
f 9239 	9550 	9240
f 9550 	9551 	9240
f 9240 	9551 	9241
f 9551 	9552 	9241
f 9241 	9552 	9242
f 9552 	9553 	9242
f 9242 	9553 	9243
f 9553 	9554 	9243
f 9243 	9554 	9244
f 9554 	9555 	9244
f 9244 	9555 	9245
f 9555 	9556 	9245
f 9245 	9556 	9246
f 9556 	9557 	9246
f 9246 	9557 	9247
f 9557 	9558 	9247
f 9247 	9558 	9248
f 9558 	9559 	9248
f 9248 	9559 	9249
f 9559 	9560 	9249
f 9249 	9560 	9250
f 9560 	9561 	9250
f 9250 	9561 	9251
f 9561 	9562 	9251
f 9251 	9562 	9252
f 9562 	9563 	9252
f 9252 	9563 	9253
f 9563 	9564 	9253
f 9253 	9564 	9254
f 9564 	9565 	9254
f 9254 	9565 	9255
f 9565 	9566 	9255
f 9255 	9566 	9256
f 9566 	9567 	9256
f 9256 	9567 	9257
f 9567 	9568 	9257
f 9257 	9568 	9258
f 9568 	9569 	9258
f 9258 	9569 	9259
f 9569 	9570 	9259
f 9259 	9570 	9260
f 9570 	9571 	9260
f 9260 	9571 	9261
f 9571 	9572 	9261
f 9261 	9572 	9262
f 9572 	9573 	9262
f 9262 	9573 	9263
f 9573 	9574 	9263
f 9263 	9574 	9264
f 9574 	9575 	9264
f 9264 	9575 	9265
f 9575 	9576 	9265
f 9265 	9576 	9266
f 9576 	9577 	9266
f 9266 	9577 	9267
f 9577 	9578 	9267
f 9267 	9578 	9268
f 9578 	9579 	9268
f 9268 	9579 	9269
f 9579 	9580 	9269
f 9269 	9580 	9270
f 9580 	9581 	9270
f 9270 	9581 	9271
f 9581 	9582 	9271
f 9271 	9582 	9272
f 9582 	9583 	9272
f 9272 	9583 	9273
f 9583 	9584 	9273
f 9273 	9584 	9274
f 9584 	9585 	9274
f 9274 	9585 	9275
f 9585 	9586 	9275
f 9275 	9586 	9276
f 9586 	9587 	9276
f 9276 	9587 	9277
f 9587 	9588 	9277
f 9277 	9588 	9278
f 9588 	9589 	9278
f 9278 	9589 	9279
f 9589 	9590 	9279
f 9279 	9590 	9280
f 9590 	9591 	9280
f 9280 	9591 	9281
f 9591 	9592 	9281
f 9281 	9592 	9282
f 9592 	9593 	9282
f 9282 	9593 	9283
f 9593 	9594 	9283
f 9283 	9594 	9284
f 9594 	9595 	9284
f 9284 	9595 	9285
f 9595 	9596 	9285
f 9285 	9596 	9286
f 9596 	9597 	9286
f 9286 	9597 	9287
f 9597 	9598 	9287
f 9287 	9598 	9288
f 9598 	9599 	9288
f 9288 	9599 	9289
f 9599 	9600 	9289
f 9289 	9600 	9290
f 9600 	9601 	9290
f 9290 	9601 	9291
f 9601 	9602 	9291
f 9291 	9602 	9292
f 9602 	9603 	9292
f 9292 	9603 	9293
f 9603 	9604 	9293
f 9293 	9604 	9294
f 9604 	9605 	9294
f 9294 	9605 	9295
f 9605 	9606 	9295
f 9295 	9606 	9296
f 9606 	9607 	9296
f 9296 	9607 	9297
f 9607 	9608 	9297
f 9297 	9608 	9298
f 9608 	9609 	9298
f 9298 	9609 	9299
f 9609 	9610 	9299
f 9299 	9610 	9300
f 9610 	9611 	9300
f 9300 	9611 	9301
f 9611 	9612 	9301
f 9301 	9612 	601
f 602 	9613 	9302
f 9302 	9613 	9303
f 9613 	9614 	9303
f 9303 	9614 	9304
f 9614 	9615 	9304
f 9304 	9615 	9305
f 9615 	9616 	9305
f 9305 	9616 	9306
f 9616 	9617 	9306
f 9306 	9617 	9307
f 9617 	9618 	9307
f 9307 	9618 	9308
f 9618 	9619 	9308
f 9308 	9619 	9309
f 9619 	9620 	9309
f 9309 	9620 	9310
f 9620 	9621 	9310
f 9310 	9621 	9311
f 9621 	9622 	9311
f 9311 	9622 	9312
f 9622 	9623 	9312
f 9312 	9623 	9002
f 9623 	9313 	9002
f 9313 	9624 	9314
f 9624 	9625 	9314
f 9314 	9625 	9315
f 9625 	9626 	9315
f 9315 	9626 	9316
f 9626 	9627 	9316
f 9316 	9627 	9317
f 9627 	9628 	9317
f 9317 	9628 	9318
f 9628 	9629 	9318
f 9318 	9629 	9319
f 9629 	9630 	9319
f 9319 	9630 	9320
f 9630 	9631 	9320
f 9320 	9631 	9321
f 9631 	9632 	9321
f 9321 	9632 	9322
f 9632 	9633 	9322
f 9322 	9633 	9323
f 9633 	9634 	9323
f 9323 	9634 	9324
f 9634 	9635 	9324
f 9324 	9635 	9325
f 9635 	9636 	9325
f 9325 	9636 	9326
f 9636 	9637 	9326
f 9326 	9637 	9327
f 9637 	9638 	9327
f 9327 	9638 	9328
f 9638 	9639 	9328
f 9328 	9639 	9329
f 9639 	9640 	9329
f 9329 	9640 	9330
f 9640 	9641 	9330
f 9330 	9641 	9331
f 9641 	9642 	9331
f 9331 	9642 	9332
f 9642 	9643 	9332
f 9332 	9643 	9333
f 9643 	9644 	9333
f 9333 	9644 	9334
f 9644 	9645 	9334
f 9334 	9645 	9335
f 9645 	9646 	9335
f 9335 	9646 	9336
f 9646 	9647 	9336
f 9336 	9647 	9337
f 9647 	9648 	9337
f 9337 	9648 	9338
f 9648 	9649 	9338
f 9338 	9649 	9339
f 9649 	9650 	9339
f 9339 	9650 	9340
f 9650 	9651 	9340
f 9340 	9651 	9341
f 9651 	9652 	9341
f 9341 	9652 	9342
f 9652 	9653 	9342
f 9342 	9653 	9343
f 9653 	9654 	9343
f 9343 	9654 	9344
f 9654 	9655 	9344
f 9344 	9655 	9345
f 9655 	9656 	9345
f 9345 	9656 	9346
f 9656 	9657 	9346
f 9346 	9657 	9347
f 9657 	9658 	9347
f 9347 	9658 	9348
f 9658 	9659 	9348
f 9348 	9659 	9349
f 9659 	9660 	9349
f 9349 	9660 	9350
f 9660 	9661 	9350
f 9350 	9661 	9351
f 9661 	9662 	9351
f 9351 	9662 	9352
f 9662 	9663 	9352
f 9352 	9663 	9353
f 9663 	9664 	9353
f 9353 	9664 	9354
f 9664 	9665 	9354
f 9354 	9665 	9355
f 9665 	9666 	9355
f 9355 	9666 	9356
f 9666 	9667 	9356
f 9356 	9667 	9357
f 9667 	9668 	9357
f 9357 	9668 	9358
f 9668 	9669 	9358
f 9358 	9669 	9359
f 9669 	9670 	9359
f 9359 	9670 	9360
f 9670 	9671 	9360
f 9360 	9671 	9361
f 9671 	9672 	9361
f 9361 	9672 	9362
f 9672 	9673 	9362
f 9362 	9673 	9363
f 9673 	9674 	9363
f 9363 	9674 	9364
f 9674 	9675 	9364
f 9364 	9675 	9365
f 9675 	9676 	9365
f 9365 	9676 	9366
f 9676 	9677 	9366
f 9366 	9677 	9367
f 9677 	9678 	9367
f 9367 	9678 	9368
f 9678 	9679 	9368
f 9368 	9679 	9369
f 9679 	9680 	9369
f 9369 	9680 	9370
f 9680 	9681 	9370
f 9370 	9681 	9371
f 9681 	9682 	9371
f 9371 	9682 	9372
f 9682 	9683 	9372
f 9372 	9683 	9373
f 9683 	9684 	9373
f 9373 	9684 	9374
f 9684 	9685 	9374
f 9374 	9685 	9375
f 9685 	9686 	9375
f 9375 	9686 	9376
f 9686 	9687 	9376
f 9376 	9687 	9377
f 9687 	9688 	9377
f 9377 	9688 	9378
f 9688 	9689 	9378
f 9378 	9689 	9379
f 9689 	9690 	9379
f 9379 	9690 	9380
f 9690 	9691 	9380
f 9380 	9691 	9381
f 9691 	9692 	9381
f 9381 	9692 	9382
f 9692 	9693 	9382
f 9382 	9693 	9383
f 9693 	9694 	9383
f 9383 	9694 	9384
f 9694 	9695 	9384
f 9384 	9695 	9385
f 9695 	9696 	9385
f 9385 	9696 	9386
f 9696 	9697 	9386
f 9386 	9697 	9387
f 9697 	9698 	9387
f 9387 	9698 	9388
f 9698 	9699 	9388
f 9388 	9699 	9389
f 9699 	9700 	9389
f 9389 	9700 	9390
f 9700 	9701 	9390
f 9390 	9701 	9391
f 9701 	9702 	9391
f 9391 	9702 	9392
f 9702 	9703 	9392
f 9392 	9703 	9393
f 9703 	9704 	9393
f 9393 	9704 	9394
f 9704 	9705 	9394
f 9394 	9705 	9395
f 9705 	9706 	9395
f 9395 	9706 	9396
f 9706 	9707 	9396
f 9396 	9707 	9397
f 9707 	9708 	9397
f 9397 	9708 	9398
f 9708 	9709 	9398
f 9398 	9709 	9399
f 9709 	9710 	9399
f 9399 	9710 	9400
f 9710 	9711 	9400
f 9400 	9711 	9401
f 9711 	9712 	9401
f 9401 	9712 	9402
f 9712 	9713 	9402
f 9402 	9713 	9403
f 9713 	9714 	9403
f 9403 	9714 	9404
f 9714 	9715 	9404
f 9404 	9715 	9405
f 9715 	9716 	9405
f 9405 	9716 	9406
f 9716 	9717 	9406
f 9406 	9717 	9407
f 9717 	9718 	9407
f 9407 	9718 	9408
f 9718 	9719 	9408
f 9408 	9719 	9409
f 9719 	9720 	9409
f 9409 	9720 	9410
f 9720 	9721 	9410
f 9410 	9721 	9411
f 9721 	9722 	9411
f 9411 	9722 	9412
f 9722 	9723 	9412
f 9412 	9723 	9413
f 9723 	9724 	9413
f 9413 	9724 	9414
f 9724 	9725 	9414
f 9414 	9725 	9415
f 9725 	9726 	9415
f 9415 	9726 	9416
f 9726 	9727 	9416
f 9416 	9727 	9417
f 9727 	9728 	9417
f 9417 	9728 	9418
f 9728 	9729 	9418
f 9418 	9729 	9419
f 9729 	9730 	9419
f 9419 	9730 	9420
f 9730 	9731 	9420
f 9420 	9731 	9421
f 9731 	9732 	9421
f 9421 	9732 	9422
f 9732 	9733 	9422
f 9422 	9733 	9423
f 9733 	9734 	9423
f 9423 	9734 	9424
f 9734 	9735 	9424
f 9424 	9735 	9425
f 9735 	9736 	9425
f 9425 	9736 	9426
f 9736 	9737 	9426
f 9426 	9737 	9427
f 9737 	9738 	9427
f 9427 	9738 	9428
f 9738 	9739 	9428
f 9428 	9739 	9429
f 9739 	9740 	9429
f 9429 	9740 	9430
f 9740 	9741 	9430
f 9430 	9741 	9431
f 9741 	9742 	9431
f 9431 	9742 	9432
f 9742 	9743 	9432
f 9432 	9743 	9433
f 9743 	9744 	9433
f 9433 	9744 	9434
f 9744 	9745 	9434
f 9434 	9745 	9435
f 9745 	9746 	9435
f 9435 	9746 	9436
f 9746 	9747 	9436
f 9436 	9747 	9437
f 9747 	9748 	9437
f 9437 	9748 	9438
f 9748 	9749 	9438
f 9438 	9749 	9439
f 9749 	9750 	9439
f 9439 	9750 	9440
f 9750 	9751 	9440
f 9440 	9751 	9441
f 9751 	9752 	9441
f 9441 	9752 	9442
f 9752 	9753 	9442
f 9442 	9753 	9443
f 9753 	9754 	9443
f 9443 	9754 	9444
f 9754 	9755 	9444
f 9444 	9755 	9445
f 9755 	9756 	9445
f 9445 	9756 	9446
f 9756 	9757 	9446
f 9446 	9757 	9447
f 9757 	9758 	9447
f 9447 	9758 	9448
f 9758 	9759 	9448
f 9448 	9759 	9449
f 9759 	9760 	9449
f 9449 	9760 	9450
f 9760 	9761 	9450
f 9450 	9761 	9451
f 9761 	9762 	9451
f 9451 	9762 	9452
f 9762 	9763 	9452
f 9452 	9763 	9453
f 9763 	9764 	9453
f 9453 	9764 	9454
f 9764 	9765 	9454
f 9454 	9765 	9455
f 9765 	9766 	9455
f 9455 	9766 	9456
f 9766 	9767 	9456
f 9456 	9767 	9457
f 9767 	9768 	9457
f 9457 	9768 	9458
f 9768 	9769 	9458
f 9458 	9769 	9459
f 9769 	9770 	9459
f 9459 	9770 	9460
f 9770 	9771 	9460
f 9460 	9771 	9461
f 9771 	9772 	9461
f 9461 	9772 	9462
f 9772 	9773 	9462
f 9462 	9773 	9463
f 9773 	9774 	9463
f 9463 	9774 	9464
f 9774 	9775 	9464
f 9464 	9775 	9465
f 9775 	9776 	9465
f 9465 	9776 	9466
f 9776 	9777 	9466
f 9466 	9777 	9467
f 9777 	9778 	9467
f 9467 	9778 	9468
f 9778 	9779 	9468
f 9468 	9779 	9469
f 9779 	9780 	9469
f 9469 	9780 	9470
f 9780 	9781 	9470
f 9470 	9781 	9471
f 9781 	9782 	9471
f 9471 	9782 	9472
f 9782 	9783 	9472
f 9472 	9783 	9473
f 9783 	9784 	9473
f 9473 	9784 	9474
f 9784 	9785 	9474
f 9474 	9785 	9475
f 9785 	9786 	9475
f 9475 	9786 	9476
f 9786 	9787 	9476
f 9476 	9787 	9477
f 9787 	9788 	9477
f 9477 	9788 	9478
f 9788 	9789 	9478
f 9478 	9789 	9479
f 9789 	9790 	9479
f 9479 	9790 	9480
f 9790 	9791 	9480
f 9480 	9791 	9481
f 9791 	9792 	9481
f 9481 	9792 	9482
f 9792 	9793 	9482
f 9482 	9793 	9483
f 9793 	9794 	9483
f 9483 	9794 	9484
f 9794 	9795 	9484
f 9484 	9795 	9485
f 9795 	9796 	9485
f 9485 	9796 	9486
f 9796 	9797 	9486
f 9486 	9797 	9487
f 9797 	9798 	9487
f 9487 	9798 	9488
f 9798 	9799 	9488
f 9488 	9799 	9489
f 9799 	9800 	9489
f 9489 	9800 	9490
f 9800 	9801 	9490
f 9490 	9801 	9491
f 9801 	9802 	9491
f 9491 	9802 	9492
f 9802 	9803 	9492
f 9492 	9803 	9493
f 9803 	9804 	9493
f 9493 	9804 	9494
f 9804 	9805 	9494
f 9494 	9805 	9495
f 9805 	9806 	9495
f 9495 	9806 	9496
f 9806 	9807 	9496
f 9496 	9807 	9497
f 9807 	9808 	9497
f 9497 	9808 	9498
f 9808 	9809 	9498
f 9498 	9809 	9499
f 9809 	9810 	9499
f 9499 	9810 	9500
f 9810 	9811 	9500
f 9500 	9811 	9501
f 9811 	9812 	9501
f 9501 	9812 	9502
f 9812 	9813 	9502
f 9502 	9813 	9503
f 9813 	9814 	9503
f 9503 	9814 	9504
f 9814 	9815 	9504
f 9504 	9815 	9505
f 9815 	9816 	9505
f 9505 	9816 	9506
f 9816 	9817 	9506
f 9506 	9817 	9507
f 9817 	9818 	9507
f 9507 	9818 	9508
f 9818 	9819 	9508
f 9508 	9819 	9509
f 9819 	9820 	9509
f 9509 	9820 	9510
f 9820 	9821 	9510
f 9510 	9821 	9511
f 9821 	9822 	9511
f 9511 	9822 	9512
f 9822 	9823 	9512
f 9512 	9823 	9513
f 9823 	9824 	9513
f 9513 	9824 	9514
f 9824 	9825 	9514
f 9514 	9825 	9515
f 9825 	9826 	9515
f 9515 	9826 	9516
f 9826 	9827 	9516
f 9516 	9827 	9517
f 9827 	9828 	9517
f 9517 	9828 	9518
f 9828 	9829 	9518
f 9518 	9829 	9519
f 9829 	9830 	9519
f 9519 	9830 	9520
f 9830 	9831 	9520
f 9520 	9831 	9521
f 9831 	9832 	9521
f 9521 	9832 	9522
f 9832 	9833 	9522
f 9522 	9833 	9523
f 9833 	9834 	9523
f 9523 	9834 	9524
f 9834 	9835 	9524
f 9524 	9835 	9525
f 9835 	9836 	9525
f 9525 	9836 	9526
f 9836 	9837 	9526
f 9526 	9837 	9527
f 9837 	9838 	9527
f 9527 	9838 	9528
f 9838 	9839 	9528
f 9528 	9839 	9529
f 9839 	9840 	9529
f 9529 	9840 	9530
f 9840 	9841 	9530
f 9530 	9841 	9531
f 9841 	9842 	9531
f 9531 	9842 	9532
f 9842 	9843 	9532
f 9532 	9843 	9533
f 9843 	9844 	9533
f 9533 	9844 	9534
f 9844 	9845 	9534
f 9534 	9845 	9535
f 9845 	9846 	9535
f 9535 	9846 	9536
f 9846 	9847 	9536
f 9536 	9847 	9537
f 9847 	9848 	9537
f 9537 	9848 	9538
f 9848 	9849 	9538
f 9538 	9849 	9539
f 9849 	9850 	9539
f 9539 	9850 	9540
f 9850 	9851 	9540
f 9540 	9851 	9541
f 9851 	9852 	9541
f 9541 	9852 	9542
f 9852 	9853 	9542
f 9542 	9853 	9543
f 9853 	9854 	9543
f 9543 	9854 	9544
f 9854 	9855 	9544
f 9544 	9855 	9545
f 9855 	9856 	9545
f 9545 	9856 	9546
f 9856 	9857 	9546
f 9546 	9857 	9547
f 9857 	9858 	9547
f 9547 	9858 	9548
f 9858 	9859 	9548
f 9548 	9859 	9549
f 9859 	9860 	9549
f 9549 	9860 	9550
f 9860 	9861 	9550
f 9550 	9861 	9551
f 9861 	9862 	9551
f 9551 	9862 	9552
f 9862 	9863 	9552
f 9552 	9863 	9553
f 9863 	9864 	9553
f 9553 	9864 	9554
f 9864 	9865 	9554
f 9554 	9865 	9555
f 9865 	9866 	9555
f 9555 	9866 	9556
f 9866 	9867 	9556
f 9556 	9867 	9557
f 9867 	9868 	9557
f 9557 	9868 	9558
f 9868 	9869 	9558
f 9558 	9869 	9559
f 9869 	9870 	9559
f 9559 	9870 	9560
f 9870 	9871 	9560
f 9560 	9871 	9561
f 9871 	9872 	9561
f 9561 	9872 	9562
f 9872 	9873 	9562
f 9562 	9873 	9563
f 9873 	9874 	9563
f 9563 	9874 	9564
f 9874 	9875 	9564
f 9564 	9875 	9565
f 9875 	9876 	9565
f 9565 	9876 	9566
f 9876 	9877 	9566
f 9566 	9877 	9567
f 9877 	9878 	9567
f 9567 	9878 	9568
f 9878 	9879 	9568
f 9568 	9879 	9569
f 9879 	9880 	9569
f 9569 	9880 	9570
f 9880 	9881 	9570
f 9570 	9881 	9571
f 9881 	9882 	9571
f 9571 	9882 	9572
f 9882 	9883 	9572
f 9572 	9883 	9573
f 9883 	9884 	9573
f 9573 	9884 	9574
f 9884 	9885 	9574
f 9574 	9885 	9575
f 9885 	9886 	9575
f 9575 	9886 	9576
f 9886 	9887 	9576
f 9576 	9887 	9577
f 9887 	9888 	9577
f 9577 	9888 	9578
f 9888 	9889 	9578
f 9578 	9889 	9579
f 9889 	9890 	9579
f 9579 	9890 	9580
f 9890 	9891 	9580
f 9580 	9891 	9581
f 9891 	9892 	9581
f 9581 	9892 	9582
f 9892 	9893 	9582
f 9582 	9893 	9583
f 9893 	9894 	9583
f 9583 	9894 	9584
f 9894 	9895 	9584
f 9584 	9895 	9585
f 9895 	9896 	9585
f 9585 	9896 	9586
f 9896 	9897 	9586
f 9586 	9897 	9587
f 9897 	9898 	9587
f 9587 	9898 	9588
f 9898 	9899 	9588
f 9588 	9899 	9589
f 9899 	9900 	9589
f 9589 	9900 	9590
f 9900 	9901 	9590
f 9590 	9901 	9591
f 9901 	9902 	9591
f 9591 	9902 	9592
f 9902 	9903 	9592
f 9592 	9903 	9593
f 9903 	9904 	9593
f 9593 	9904 	9594
f 9904 	9905 	9594
f 9594 	9905 	9595
f 9905 	9906 	9595
f 9595 	9906 	9596
f 9906 	9907 	9596
f 9596 	9907 	9597
f 9907 	9908 	9597
f 9597 	9908 	9598
f 9908 	9909 	9598
f 9598 	9909 	9599
f 9909 	9910 	9599
f 9599 	9910 	9600
f 9910 	9911 	9600
f 9600 	9911 	9601
f 9911 	9912 	9601
f 9601 	9912 	9602
f 9912 	9913 	9602
f 9602 	9913 	9603
f 9913 	9914 	9603
f 9603 	9914 	9604
f 9914 	9915 	9604
f 9604 	9915 	9605
f 9915 	9916 	9605
f 9605 	9916 	9606
f 9916 	9917 	9606
f 9606 	9917 	9607
f 9917 	9918 	9607
f 9607 	9918 	9608
f 9918 	9919 	9608
f 9608 	9919 	9609
f 9919 	9920 	9609
f 9609 	9920 	9610
f 9920 	9921 	9610
f 9610 	9921 	9611
f 9921 	9922 	9611
f 9611 	9922 	9612
f 9922 	9923 	9612
f 9612 	9923 	601
f 602 	9924 	9613
f 9613 	9924 	9614
f 9924 	9925 	9614
f 9614 	9925 	9615
f 9925 	9926 	9615
f 9615 	9926 	9616
f 9926 	9927 	9616
f 9616 	9927 	9617
f 9927 	9928 	9617
f 9617 	9928 	9618
f 9928 	9929 	9618
f 9618 	9929 	9619
f 9929 	9930 	9619
f 9619 	9930 	9620
f 9930 	9931 	9620
f 9620 	9931 	9621
f 9931 	9932 	9621
f 9621 	9932 	9622
f 9932 	9933 	9622
f 9622 	9933 	9623
f 9933 	9934 	9623
f 9623 	9934 	9313
f 9934 	9624 	9313
f 9624 	9935 	9625
f 9935 	9936 	9625
f 9625 	9936 	9626
f 9936 	9937 	9626
f 9626 	9937 	9627
f 9937 	9938 	9627
f 9627 	9938 	9628
f 9938 	9939 	9628
f 9628 	9939 	9629
f 9939 	9940 	9629
f 9629 	9940 	9630
f 9940 	9941 	9630
f 9630 	9941 	9631
f 9941 	9942 	9631
f 9631 	9942 	9632
f 9942 	9943 	9632
f 9632 	9943 	9633
f 9943 	9944 	9633
f 9633 	9944 	9634
f 9944 	9945 	9634
f 9634 	9945 	9635
f 9945 	9946 	9635
f 9635 	9946 	9636
f 9946 	9947 	9636
f 9636 	9947 	9637
f 9947 	9948 	9637
f 9637 	9948 	9638
f 9948 	9949 	9638
f 9638 	9949 	9639
f 9949 	9950 	9639
f 9639 	9950 	9640
f 9950 	9951 	9640
f 9640 	9951 	9641
f 9951 	9952 	9641
f 9641 	9952 	9642
f 9952 	9953 	9642
f 9642 	9953 	9643
f 9953 	9954 	9643
f 9643 	9954 	9644
f 9954 	9955 	9644
f 9644 	9955 	9645
f 9955 	9956 	9645
f 9645 	9956 	9646
f 9956 	9957 	9646
f 9646 	9957 	9647
f 9957 	9958 	9647
f 9647 	9958 	9648
f 9958 	9959 	9648
f 9648 	9959 	9649
f 9959 	9960 	9649
f 9649 	9960 	9650
f 9960 	9961 	9650
f 9650 	9961 	9651
f 9961 	9962 	9651
f 9651 	9962 	9652
f 9962 	9963 	9652
f 9652 	9963 	9653
f 9963 	9964 	9653
f 9653 	9964 	9654
f 9964 	9965 	9654
f 9654 	9965 	9655
f 9965 	9966 	9655
f 9655 	9966 	9656
f 9966 	9967 	9656
f 9656 	9967 	9657
f 9967 	9968 	9657
f 9657 	9968 	9658
f 9968 	9969 	9658
f 9658 	9969 	9659
f 9969 	9970 	9659
f 9659 	9970 	9660
f 9970 	9971 	9660
f 9660 	9971 	9661
f 9971 	9972 	9661
f 9661 	9972 	9662
f 9972 	9973 	9662
f 9662 	9973 	9663
f 9973 	9974 	9663
f 9663 	9974 	9664
f 9974 	9975 	9664
f 9664 	9975 	9665
f 9975 	9976 	9665
f 9665 	9976 	9666
f 9976 	9977 	9666
f 9666 	9977 	9667
f 9977 	9978 	9667
f 9667 	9978 	9668
f 9978 	9979 	9668
f 9668 	9979 	9669
f 9979 	9980 	9669
f 9669 	9980 	9670
f 9980 	9981 	9670
f 9670 	9981 	9671
f 9981 	9982 	9671
f 9671 	9982 	9672
f 9982 	9983 	9672
f 9672 	9983 	9673
f 9983 	9984 	9673
f 9673 	9984 	9674
f 9984 	9985 	9674
f 9674 	9985 	9675
f 9985 	9986 	9675
f 9675 	9986 	9676
f 9986 	9987 	9676
f 9676 	9987 	9677
f 9987 	9988 	9677
f 9677 	9988 	9678
f 9988 	9989 	9678
f 9678 	9989 	9679
f 9989 	9990 	9679
f 9679 	9990 	9680
f 9990 	9991 	9680
f 9680 	9991 	9681
f 9991 	9992 	9681
f 9681 	9992 	9682
f 9992 	9993 	9682
f 9682 	9993 	9683
f 9993 	9994 	9683
f 9683 	9994 	9684
f 9994 	9995 	9684
f 9684 	9995 	9685
f 9995 	9996 	9685
f 9685 	9996 	9686
f 9996 	9997 	9686
f 9686 	9997 	9687
f 9997 	9998 	9687
f 9687 	9998 	9688
f 9998 	9999 	9688
f 9688 	9999 	9689
f 9999 	10000 	9689
f 9689 	10000 	9690
f 10000 	10001 	9690
f 9690 	10001 	9691
f 10001 	10002 	9691
f 9691 	10002 	9692
f 10002 	10003 	9692
f 9692 	10003 	9693
f 10003 	10004 	9693
f 9693 	10004 	9694
f 10004 	10005 	9694
f 9694 	10005 	9695
f 10005 	10006 	9695
f 9695 	10006 	9696
f 10006 	10007 	9696
f 9696 	10007 	9697
f 10007 	10008 	9697
f 9697 	10008 	9698
f 10008 	10009 	9698
f 9698 	10009 	9699
f 10009 	10010 	9699
f 9699 	10010 	9700
f 10010 	10011 	9700
f 9700 	10011 	9701
f 10011 	10012 	9701
f 9701 	10012 	9702
f 10012 	10013 	9702
f 9702 	10013 	9703
f 10013 	10014 	9703
f 9703 	10014 	9704
f 10014 	10015 	9704
f 9704 	10015 	9705
f 10015 	10016 	9705
f 9705 	10016 	9706
f 10016 	10017 	9706
f 9706 	10017 	9707
f 10017 	10018 	9707
f 9707 	10018 	9708
f 10018 	10019 	9708
f 9708 	10019 	9709
f 10019 	10020 	9709
f 9709 	10020 	9710
f 10020 	10021 	9710
f 9710 	10021 	9711
f 10021 	10022 	9711
f 9711 	10022 	9712
f 10022 	10023 	9712
f 9712 	10023 	9713
f 10023 	10024 	9713
f 9713 	10024 	9714
f 10024 	10025 	9714
f 9714 	10025 	9715
f 10025 	10026 	9715
f 9715 	10026 	9716
f 10026 	10027 	9716
f 9716 	10027 	9717
f 10027 	10028 	9717
f 9717 	10028 	9718
f 10028 	10029 	9718
f 9718 	10029 	9719
f 10029 	10030 	9719
f 9719 	10030 	9720
f 10030 	10031 	9720
f 9720 	10031 	9721
f 10031 	10032 	9721
f 9721 	10032 	9722
f 10032 	10033 	9722
f 9722 	10033 	9723
f 10033 	10034 	9723
f 9723 	10034 	9724
f 10034 	10035 	9724
f 9724 	10035 	9725
f 10035 	10036 	9725
f 9725 	10036 	9726
f 10036 	10037 	9726
f 9726 	10037 	9727
f 10037 	10038 	9727
f 9727 	10038 	9728
f 10038 	10039 	9728
f 9728 	10039 	9729
f 10039 	10040 	9729
f 9729 	10040 	9730
f 10040 	10041 	9730
f 9730 	10041 	9731
f 10041 	10042 	9731
f 9731 	10042 	9732
f 10042 	10043 	9732
f 9732 	10043 	9733
f 10043 	10044 	9733
f 9733 	10044 	9734
f 10044 	10045 	9734
f 9734 	10045 	9735
f 10045 	10046 	9735
f 9735 	10046 	9736
f 10046 	10047 	9736
f 9736 	10047 	9737
f 10047 	10048 	9737
f 9737 	10048 	9738
f 10048 	10049 	9738
f 9738 	10049 	9739
f 10049 	10050 	9739
f 9739 	10050 	9740
f 10050 	10051 	9740
f 9740 	10051 	9741
f 10051 	10052 	9741
f 9741 	10052 	9742
f 10052 	10053 	9742
f 9742 	10053 	9743
f 10053 	10054 	9743
f 9743 	10054 	9744
f 10054 	10055 	9744
f 9744 	10055 	9745
f 10055 	10056 	9745
f 9745 	10056 	9746
f 10056 	10057 	9746
f 9746 	10057 	9747
f 10057 	10058 	9747
f 9747 	10058 	9748
f 10058 	10059 	9748
f 9748 	10059 	9749
f 10059 	10060 	9749
f 9749 	10060 	9750
f 10060 	10061 	9750
f 9750 	10061 	9751
f 10061 	10062 	9751
f 9751 	10062 	9752
f 10062 	10063 	9752
f 9752 	10063 	9753
f 10063 	10064 	9753
f 9753 	10064 	9754
f 10064 	10065 	9754
f 9754 	10065 	9755
f 10065 	10066 	9755
f 9755 	10066 	9756
f 10066 	10067 	9756
f 9756 	10067 	9757
f 10067 	10068 	9757
f 9757 	10068 	9758
f 10068 	10069 	9758
f 9758 	10069 	9759
f 10069 	10070 	9759
f 9759 	10070 	9760
f 10070 	10071 	9760
f 9760 	10071 	9761
f 10071 	10072 	9761
f 9761 	10072 	9762
f 10072 	10073 	9762
f 9762 	10073 	9763
f 10073 	10074 	9763
f 9763 	10074 	9764
f 10074 	10075 	9764
f 9764 	10075 	9765
f 10075 	10076 	9765
f 9765 	10076 	9766
f 10076 	10077 	9766
f 9766 	10077 	9767
f 10077 	10078 	9767
f 9767 	10078 	9768
f 10078 	10079 	9768
f 9768 	10079 	9769
f 10079 	10080 	9769
f 9769 	10080 	9770
f 10080 	10081 	9770
f 9770 	10081 	9771
f 10081 	10082 	9771
f 9771 	10082 	9772
f 10082 	10083 	9772
f 9772 	10083 	9773
f 10083 	10084 	9773
f 9773 	10084 	9774
f 10084 	10085 	9774
f 9774 	10085 	9775
f 10085 	10086 	9775
f 9775 	10086 	9776
f 10086 	10087 	9776
f 9776 	10087 	9777
f 10087 	10088 	9777
f 9777 	10088 	9778
f 10088 	10089 	9778
f 9778 	10089 	9779
f 10089 	10090 	9779
f 9779 	10090 	9780
f 10090 	10091 	9780
f 9780 	10091 	9781
f 10091 	10092 	9781
f 9781 	10092 	9782
f 10092 	10093 	9782
f 9782 	10093 	9783
f 10093 	10094 	9783
f 9783 	10094 	9784
f 10094 	10095 	9784
f 9784 	10095 	9785
f 10095 	10096 	9785
f 9785 	10096 	9786
f 10096 	10097 	9786
f 9786 	10097 	9787
f 10097 	10098 	9787
f 9787 	10098 	9788
f 10098 	10099 	9788
f 9788 	10099 	9789
f 10099 	10100 	9789
f 9789 	10100 	9790
f 10100 	10101 	9790
f 9790 	10101 	9791
f 10101 	10102 	9791
f 9791 	10102 	9792
f 10102 	10103 	9792
f 9792 	10103 	9793
f 10103 	10104 	9793
f 9793 	10104 	9794
f 10104 	10105 	9794
f 9794 	10105 	9795
f 10105 	10106 	9795
f 9795 	10106 	9796
f 10106 	10107 	9796
f 9796 	10107 	9797
f 10107 	10108 	9797
f 9797 	10108 	9798
f 10108 	10109 	9798
f 9798 	10109 	9799
f 10109 	10110 	9799
f 9799 	10110 	9800
f 10110 	10111 	9800
f 9800 	10111 	9801
f 10111 	10112 	9801
f 9801 	10112 	9802
f 10112 	10113 	9802
f 9802 	10113 	9803
f 10113 	10114 	9803
f 9803 	10114 	9804
f 10114 	10115 	9804
f 9804 	10115 	9805
f 10115 	10116 	9805
f 9805 	10116 	9806
f 10116 	10117 	9806
f 9806 	10117 	9807
f 10117 	10118 	9807
f 9807 	10118 	9808
f 10118 	10119 	9808
f 9808 	10119 	9809
f 10119 	10120 	9809
f 9809 	10120 	9810
f 10120 	10121 	9810
f 9810 	10121 	9811
f 10121 	10122 	9811
f 9811 	10122 	9812
f 10122 	10123 	9812
f 9812 	10123 	9813
f 10123 	10124 	9813
f 9813 	10124 	9814
f 10124 	10125 	9814
f 9814 	10125 	9815
f 10125 	10126 	9815
f 9815 	10126 	9816
f 10126 	10127 	9816
f 9816 	10127 	9817
f 10127 	10128 	9817
f 9817 	10128 	9818
f 10128 	10129 	9818
f 9818 	10129 	9819
f 10129 	10130 	9819
f 9819 	10130 	9820
f 10130 	10131 	9820
f 9820 	10131 	9821
f 10131 	10132 	9821
f 9821 	10132 	9822
f 10132 	10133 	9822
f 9822 	10133 	9823
f 10133 	10134 	9823
f 9823 	10134 	9824
f 10134 	10135 	9824
f 9824 	10135 	9825
f 10135 	10136 	9825
f 9825 	10136 	9826
f 10136 	10137 	9826
f 9826 	10137 	9827
f 10137 	10138 	9827
f 9827 	10138 	9828
f 10138 	10139 	9828
f 9828 	10139 	9829
f 10139 	10140 	9829
f 9829 	10140 	9830
f 10140 	10141 	9830
f 9830 	10141 	9831
f 10141 	10142 	9831
f 9831 	10142 	9832
f 10142 	10143 	9832
f 9832 	10143 	9833
f 10143 	10144 	9833
f 9833 	10144 	9834
f 10144 	10145 	9834
f 9834 	10145 	9835
f 10145 	10146 	9835
f 9835 	10146 	9836
f 10146 	10147 	9836
f 9836 	10147 	9837
f 10147 	10148 	9837
f 9837 	10148 	9838
f 10148 	10149 	9838
f 9838 	10149 	9839
f 10149 	10150 	9839
f 9839 	10150 	9840
f 10150 	10151 	9840
f 9840 	10151 	9841
f 10151 	10152 	9841
f 9841 	10152 	9842
f 10152 	10153 	9842
f 9842 	10153 	9843
f 10153 	10154 	9843
f 9843 	10154 	9844
f 10154 	10155 	9844
f 9844 	10155 	9845
f 10155 	10156 	9845
f 9845 	10156 	9846
f 10156 	10157 	9846
f 9846 	10157 	9847
f 10157 	10158 	9847
f 9847 	10158 	9848
f 10158 	10159 	9848
f 9848 	10159 	9849
f 10159 	10160 	9849
f 9849 	10160 	9850
f 10160 	10161 	9850
f 9850 	10161 	9851
f 10161 	10162 	9851
f 9851 	10162 	9852
f 10162 	10163 	9852
f 9852 	10163 	9853
f 10163 	10164 	9853
f 9853 	10164 	9854
f 10164 	10165 	9854
f 9854 	10165 	9855
f 10165 	10166 	9855
f 9855 	10166 	9856
f 10166 	10167 	9856
f 9856 	10167 	9857
f 10167 	10168 	9857
f 9857 	10168 	9858
f 10168 	10169 	9858
f 9858 	10169 	9859
f 10169 	10170 	9859
f 9859 	10170 	9860
f 10170 	10171 	9860
f 9860 	10171 	9861
f 10171 	10172 	9861
f 9861 	10172 	9862
f 10172 	10173 	9862
f 9862 	10173 	9863
f 10173 	10174 	9863
f 9863 	10174 	9864
f 10174 	10175 	9864
f 9864 	10175 	9865
f 10175 	10176 	9865
f 9865 	10176 	9866
f 10176 	10177 	9866
f 9866 	10177 	9867
f 10177 	10178 	9867
f 9867 	10178 	9868
f 10178 	10179 	9868
f 9868 	10179 	9869
f 10179 	10180 	9869
f 9869 	10180 	9870
f 10180 	10181 	9870
f 9870 	10181 	9871
f 10181 	10182 	9871
f 9871 	10182 	9872
f 10182 	10183 	9872
f 9872 	10183 	9873
f 10183 	10184 	9873
f 9873 	10184 	9874
f 10184 	10185 	9874
f 9874 	10185 	9875
f 10185 	10186 	9875
f 9875 	10186 	9876
f 10186 	10187 	9876
f 9876 	10187 	9877
f 10187 	10188 	9877
f 9877 	10188 	9878
f 10188 	10189 	9878
f 9878 	10189 	9879
f 10189 	10190 	9879
f 9879 	10190 	9880
f 10190 	10191 	9880
f 9880 	10191 	9881
f 10191 	10192 	9881
f 9881 	10192 	9882
f 10192 	10193 	9882
f 9882 	10193 	9883
f 10193 	10194 	9883
f 9883 	10194 	9884
f 10194 	10195 	9884
f 9884 	10195 	9885
f 10195 	10196 	9885
f 9885 	10196 	9886
f 10196 	10197 	9886
f 9886 	10197 	9887
f 10197 	10198 	9887
f 9887 	10198 	9888
f 10198 	10199 	9888
f 9888 	10199 	9889
f 10199 	10200 	9889
f 9889 	10200 	9890
f 10200 	10201 	9890
f 9890 	10201 	9891
f 10201 	10202 	9891
f 9891 	10202 	9892
f 10202 	10203 	9892
f 9892 	10203 	9893
f 10203 	10204 	9893
f 9893 	10204 	9894
f 10204 	10205 	9894
f 9894 	10205 	9895
f 10205 	10206 	9895
f 9895 	10206 	9896
f 10206 	10207 	9896
f 9896 	10207 	9897
f 10207 	10208 	9897
f 9897 	10208 	9898
f 10208 	10209 	9898
f 9898 	10209 	9899
f 10209 	10210 	9899
f 9899 	10210 	9900
f 10210 	10211 	9900
f 9900 	10211 	9901
f 10211 	10212 	9901
f 9901 	10212 	9902
f 10212 	10213 	9902
f 9902 	10213 	9903
f 10213 	10214 	9903
f 9903 	10214 	9904
f 10214 	10215 	9904
f 9904 	10215 	9905
f 10215 	10216 	9905
f 9905 	10216 	9906
f 10216 	10217 	9906
f 9906 	10217 	9907
f 10217 	10218 	9907
f 9907 	10218 	9908
f 10218 	10219 	9908
f 9908 	10219 	9909
f 10219 	10220 	9909
f 9909 	10220 	9910
f 10220 	10221 	9910
f 9910 	10221 	9911
f 10221 	10222 	9911
f 9911 	10222 	9912
f 10222 	10223 	9912
f 9912 	10223 	9913
f 10223 	10224 	9913
f 9913 	10224 	9914
f 10224 	10225 	9914
f 9914 	10225 	9915
f 10225 	10226 	9915
f 9915 	10226 	9916
f 10226 	10227 	9916
f 9916 	10227 	9917
f 10227 	10228 	9917
f 9917 	10228 	9918
f 10228 	10229 	9918
f 9918 	10229 	9919
f 10229 	10230 	9919
f 9919 	10230 	9920
f 10230 	10231 	9920
f 9920 	10231 	9921
f 10231 	10232 	9921
f 9921 	10232 	9922
f 10232 	10233 	9922
f 9922 	10233 	9923
f 10233 	10234 	9923
f 9923 	10234 	601
f 602 	10235 	9924
f 9924 	10235 	9925
f 10235 	10236 	9925
f 9925 	10236 	9926
f 10236 	10237 	9926
f 9926 	10237 	9927
f 10237 	10238 	9927
f 9927 	10238 	9928
f 10238 	10239 	9928
f 9928 	10239 	9929
f 10239 	10240 	9929
f 9929 	10240 	9930
f 10240 	10241 	9930
f 9930 	10241 	9931
f 10241 	10242 	9931
f 9931 	10242 	9932
f 10242 	10243 	9932
f 9932 	10243 	9933
f 10243 	10244 	9933
f 9933 	10244 	9934
f 10244 	10245 	9934
f 9934 	10245 	9624
f 10245 	9935 	9624
f 9935 	10246 	9936
f 10246 	10247 	9936
f 9936 	10247 	9937
f 10247 	10248 	9937
f 9937 	10248 	9938
f 10248 	10249 	9938
f 9938 	10249 	9939
f 10249 	10250 	9939
f 9939 	10250 	9940
f 10250 	10251 	9940
f 9940 	10251 	9941
f 10251 	10252 	9941
f 9941 	10252 	9942
f 10252 	10253 	9942
f 9942 	10253 	9943
f 10253 	10254 	9943
f 9943 	10254 	9944
f 10254 	10255 	9944
f 9944 	10255 	9945
f 10255 	10256 	9945
f 9945 	10256 	9946
f 10256 	10257 	9946
f 9946 	10257 	9947
f 10257 	10258 	9947
f 9947 	10258 	9948
f 10258 	10259 	9948
f 9948 	10259 	9949
f 10259 	10260 	9949
f 9949 	10260 	9950
f 10260 	10261 	9950
f 9950 	10261 	9951
f 10261 	10262 	9951
f 9951 	10262 	9952
f 10262 	10263 	9952
f 9952 	10263 	9953
f 10263 	10264 	9953
f 9953 	10264 	9954
f 10264 	10265 	9954
f 9954 	10265 	9955
f 10265 	10266 	9955
f 9955 	10266 	9956
f 10266 	10267 	9956
f 9956 	10267 	9957
f 10267 	10268 	9957
f 9957 	10268 	9958
f 10268 	10269 	9958
f 9958 	10269 	9959
f 10269 	10270 	9959
f 9959 	10270 	9960
f 10270 	10271 	9960
f 9960 	10271 	9961
f 10271 	10272 	9961
f 9961 	10272 	9962
f 10272 	10273 	9962
f 9962 	10273 	9963
f 10273 	10274 	9963
f 9963 	10274 	9964
f 10274 	10275 	9964
f 9964 	10275 	9965
f 10275 	10276 	9965
f 9965 	10276 	9966
f 10276 	10277 	9966
f 9966 	10277 	9967
f 10277 	10278 	9967
f 9967 	10278 	9968
f 10278 	10279 	9968
f 9968 	10279 	9969
f 10279 	10280 	9969
f 9969 	10280 	9970
f 10280 	10281 	9970
f 9970 	10281 	9971
f 10281 	10282 	9971
f 9971 	10282 	9972
f 10282 	10283 	9972
f 9972 	10283 	9973
f 10283 	10284 	9973
f 9973 	10284 	9974
f 10284 	10285 	9974
f 9974 	10285 	9975
f 10285 	10286 	9975
f 9975 	10286 	9976
f 10286 	10287 	9976
f 9976 	10287 	9977
f 10287 	10288 	9977
f 9977 	10288 	9978
f 10288 	10289 	9978
f 9978 	10289 	9979
f 10289 	10290 	9979
f 9979 	10290 	9980
f 10290 	10291 	9980
f 9980 	10291 	9981
f 10291 	10292 	9981
f 9981 	10292 	9982
f 10292 	10293 	9982
f 9982 	10293 	9983
f 10293 	10294 	9983
f 9983 	10294 	9984
f 10294 	10295 	9984
f 9984 	10295 	9985
f 10295 	10296 	9985
f 9985 	10296 	9986
f 10296 	10297 	9986
f 9986 	10297 	9987
f 10297 	10298 	9987
f 9987 	10298 	9988
f 10298 	10299 	9988
f 9988 	10299 	9989
f 10299 	10300 	9989
f 9989 	10300 	9990
f 10300 	10301 	9990
f 9990 	10301 	9991
f 10301 	10302 	9991
f 9991 	10302 	9992
f 10302 	10303 	9992
f 9992 	10303 	9993
f 10303 	10304 	9993
f 9993 	10304 	9994
f 10304 	10305 	9994
f 9994 	10305 	9995
f 10305 	10306 	9995
f 9995 	10306 	9996
f 10306 	10307 	9996
f 9996 	10307 	9997
f 10307 	10308 	9997
f 9997 	10308 	9998
f 10308 	10309 	9998
f 9998 	10309 	9999
f 10309 	10310 	9999
f 9999 	10310 	10000
f 10310 	10311 	10000
f 10000 	10311 	10001
f 10311 	10312 	10001
f 10001 	10312 	10002
f 10312 	10313 	10002
f 10002 	10313 	10003
f 10313 	10314 	10003
f 10003 	10314 	10004
f 10314 	10315 	10004
f 10004 	10315 	10005
f 10315 	10316 	10005
f 10005 	10316 	10006
f 10316 	10317 	10006
f 10006 	10317 	10007
f 10317 	10318 	10007
f 10007 	10318 	10008
f 10318 	10319 	10008
f 10008 	10319 	10009
f 10319 	10320 	10009
f 10009 	10320 	10010
f 10320 	10321 	10010
f 10010 	10321 	10011
f 10321 	10322 	10011
f 10011 	10322 	10012
f 10322 	10323 	10012
f 10012 	10323 	10013
f 10323 	10324 	10013
f 10013 	10324 	10014
f 10324 	10325 	10014
f 10014 	10325 	10015
f 10325 	10326 	10015
f 10015 	10326 	10016
f 10326 	10327 	10016
f 10016 	10327 	10017
f 10327 	10328 	10017
f 10017 	10328 	10018
f 10328 	10329 	10018
f 10018 	10329 	10019
f 10329 	10330 	10019
f 10019 	10330 	10020
f 10330 	10331 	10020
f 10020 	10331 	10021
f 10331 	10332 	10021
f 10021 	10332 	10022
f 10332 	10333 	10022
f 10022 	10333 	10023
f 10333 	10334 	10023
f 10023 	10334 	10024
f 10334 	10335 	10024
f 10024 	10335 	10025
f 10335 	10336 	10025
f 10025 	10336 	10026
f 10336 	10337 	10026
f 10026 	10337 	10027
f 10337 	10338 	10027
f 10027 	10338 	10028
f 10338 	10339 	10028
f 10028 	10339 	10029
f 10339 	10340 	10029
f 10029 	10340 	10030
f 10340 	10341 	10030
f 10030 	10341 	10031
f 10341 	10342 	10031
f 10031 	10342 	10032
f 10342 	10343 	10032
f 10032 	10343 	10033
f 10343 	10344 	10033
f 10033 	10344 	10034
f 10344 	10345 	10034
f 10034 	10345 	10035
f 10345 	10346 	10035
f 10035 	10346 	10036
f 10346 	10347 	10036
f 10036 	10347 	10037
f 10347 	10348 	10037
f 10037 	10348 	10038
f 10348 	10349 	10038
f 10038 	10349 	10039
f 10349 	10350 	10039
f 10039 	10350 	10040
f 10350 	10351 	10040
f 10040 	10351 	10041
f 10351 	10352 	10041
f 10041 	10352 	10042
f 10352 	10353 	10042
f 10042 	10353 	10043
f 10353 	10354 	10043
f 10043 	10354 	10044
f 10354 	10355 	10044
f 10044 	10355 	10045
f 10355 	10356 	10045
f 10045 	10356 	10046
f 10356 	10357 	10046
f 10046 	10357 	10047
f 10357 	10358 	10047
f 10047 	10358 	10048
f 10358 	10359 	10048
f 10048 	10359 	10049
f 10359 	10360 	10049
f 10049 	10360 	10050
f 10360 	10361 	10050
f 10050 	10361 	10051
f 10361 	10362 	10051
f 10051 	10362 	10052
f 10362 	10363 	10052
f 10052 	10363 	10053
f 10363 	10364 	10053
f 10053 	10364 	10054
f 10364 	10365 	10054
f 10054 	10365 	10055
f 10365 	10366 	10055
f 10055 	10366 	10056
f 10366 	10367 	10056
f 10056 	10367 	10057
f 10367 	10368 	10057
f 10057 	10368 	10058
f 10368 	10369 	10058
f 10058 	10369 	10059
f 10369 	10370 	10059
f 10059 	10370 	10060
f 10370 	10371 	10060
f 10060 	10371 	10061
f 10371 	10372 	10061
f 10061 	10372 	10062
f 10372 	10373 	10062
f 10062 	10373 	10063
f 10373 	10374 	10063
f 10063 	10374 	10064
f 10374 	10375 	10064
f 10064 	10375 	10065
f 10375 	10376 	10065
f 10065 	10376 	10066
f 10376 	10377 	10066
f 10066 	10377 	10067
f 10377 	10378 	10067
f 10067 	10378 	10068
f 10378 	10379 	10068
f 10068 	10379 	10069
f 10379 	10380 	10069
f 10069 	10380 	10070
f 10380 	10381 	10070
f 10070 	10381 	10071
f 10381 	10382 	10071
f 10071 	10382 	10072
f 10382 	10383 	10072
f 10072 	10383 	10073
f 10383 	10384 	10073
f 10073 	10384 	10074
f 10384 	10385 	10074
f 10074 	10385 	10075
f 10385 	10386 	10075
f 10075 	10386 	10076
f 10386 	10387 	10076
f 10076 	10387 	10077
f 10387 	10388 	10077
f 10077 	10388 	10078
f 10388 	10389 	10078
f 10078 	10389 	10079
f 10389 	10390 	10079
f 10079 	10390 	10080
f 10390 	10391 	10080
f 10080 	10391 	10081
f 10391 	10392 	10081
f 10081 	10392 	10082
f 10392 	10393 	10082
f 10082 	10393 	10083
f 10393 	10394 	10083
f 10083 	10394 	10084
f 10394 	10395 	10084
f 10084 	10395 	10085
f 10395 	10396 	10085
f 10085 	10396 	10086
f 10396 	10397 	10086
f 10086 	10397 	10087
f 10397 	10398 	10087
f 10087 	10398 	10088
f 10398 	10399 	10088
f 10088 	10399 	10089
f 10399 	10400 	10089
f 10089 	10400 	10090
f 10400 	10401 	10090
f 10090 	10401 	10091
f 10401 	10402 	10091
f 10091 	10402 	10092
f 10402 	10403 	10092
f 10092 	10403 	10093
f 10403 	10404 	10093
f 10093 	10404 	10094
f 10404 	10405 	10094
f 10094 	10405 	10095
f 10405 	10406 	10095
f 10095 	10406 	10096
f 10406 	10407 	10096
f 10096 	10407 	10097
f 10407 	10408 	10097
f 10097 	10408 	10098
f 10408 	10409 	10098
f 10098 	10409 	10099
f 10409 	10410 	10099
f 10099 	10410 	10100
f 10410 	10411 	10100
f 10100 	10411 	10101
f 10411 	10412 	10101
f 10101 	10412 	10102
f 10412 	10413 	10102
f 10102 	10413 	10103
f 10413 	10414 	10103
f 10103 	10414 	10104
f 10414 	10415 	10104
f 10104 	10415 	10105
f 10415 	10416 	10105
f 10105 	10416 	10106
f 10416 	10417 	10106
f 10106 	10417 	10107
f 10417 	10418 	10107
f 10107 	10418 	10108
f 10418 	10419 	10108
f 10108 	10419 	10109
f 10419 	10420 	10109
f 10109 	10420 	10110
f 10420 	10421 	10110
f 10110 	10421 	10111
f 10421 	10422 	10111
f 10111 	10422 	10112
f 10422 	10423 	10112
f 10112 	10423 	10113
f 10423 	10424 	10113
f 10113 	10424 	10114
f 10424 	10425 	10114
f 10114 	10425 	10115
f 10425 	10426 	10115
f 10115 	10426 	10116
f 10426 	10427 	10116
f 10116 	10427 	10117
f 10427 	10428 	10117
f 10117 	10428 	10118
f 10428 	10429 	10118
f 10118 	10429 	10119
f 10429 	10430 	10119
f 10119 	10430 	10120
f 10430 	10431 	10120
f 10120 	10431 	10121
f 10431 	10432 	10121
f 10121 	10432 	10122
f 10432 	10433 	10122
f 10122 	10433 	10123
f 10433 	10434 	10123
f 10123 	10434 	10124
f 10434 	10435 	10124
f 10124 	10435 	10125
f 10435 	10436 	10125
f 10125 	10436 	10126
f 10436 	10437 	10126
f 10126 	10437 	10127
f 10437 	10438 	10127
f 10127 	10438 	10128
f 10438 	10439 	10128
f 10128 	10439 	10129
f 10439 	10440 	10129
f 10129 	10440 	10130
f 10440 	10441 	10130
f 10130 	10441 	10131
f 10441 	10442 	10131
f 10131 	10442 	10132
f 10442 	10443 	10132
f 10132 	10443 	10133
f 10443 	10444 	10133
f 10133 	10444 	10134
f 10444 	10445 	10134
f 10134 	10445 	10135
f 10445 	10446 	10135
f 10135 	10446 	10136
f 10446 	10447 	10136
f 10136 	10447 	10137
f 10447 	10448 	10137
f 10137 	10448 	10138
f 10448 	10449 	10138
f 10138 	10449 	10139
f 10449 	10450 	10139
f 10139 	10450 	10140
f 10450 	10451 	10140
f 10140 	10451 	10141
f 10451 	10452 	10141
f 10141 	10452 	10142
f 10452 	10453 	10142
f 10142 	10453 	10143
f 10453 	10454 	10143
f 10143 	10454 	10144
f 10454 	10455 	10144
f 10144 	10455 	10145
f 10455 	10456 	10145
f 10145 	10456 	10146
f 10456 	10457 	10146
f 10146 	10457 	10147
f 10457 	10458 	10147
f 10147 	10458 	10148
f 10458 	10459 	10148
f 10148 	10459 	10149
f 10459 	10460 	10149
f 10149 	10460 	10150
f 10460 	10461 	10150
f 10150 	10461 	10151
f 10461 	10462 	10151
f 10151 	10462 	10152
f 10462 	10463 	10152
f 10152 	10463 	10153
f 10463 	10464 	10153
f 10153 	10464 	10154
f 10464 	10465 	10154
f 10154 	10465 	10155
f 10465 	10466 	10155
f 10155 	10466 	10156
f 10466 	10467 	10156
f 10156 	10467 	10157
f 10467 	10468 	10157
f 10157 	10468 	10158
f 10468 	10469 	10158
f 10158 	10469 	10159
f 10469 	10470 	10159
f 10159 	10470 	10160
f 10470 	10471 	10160
f 10160 	10471 	10161
f 10471 	10472 	10161
f 10161 	10472 	10162
f 10472 	10473 	10162
f 10162 	10473 	10163
f 10473 	10474 	10163
f 10163 	10474 	10164
f 10474 	10475 	10164
f 10164 	10475 	10165
f 10475 	10476 	10165
f 10165 	10476 	10166
f 10476 	10477 	10166
f 10166 	10477 	10167
f 10477 	10478 	10167
f 10167 	10478 	10168
f 10478 	10479 	10168
f 10168 	10479 	10169
f 10479 	10480 	10169
f 10169 	10480 	10170
f 10480 	10481 	10170
f 10170 	10481 	10171
f 10481 	10482 	10171
f 10171 	10482 	10172
f 10482 	10483 	10172
f 10172 	10483 	10173
f 10483 	10484 	10173
f 10173 	10484 	10174
f 10484 	10485 	10174
f 10174 	10485 	10175
f 10485 	10486 	10175
f 10175 	10486 	10176
f 10486 	10487 	10176
f 10176 	10487 	10177
f 10487 	10488 	10177
f 10177 	10488 	10178
f 10488 	10489 	10178
f 10178 	10489 	10179
f 10489 	10490 	10179
f 10179 	10490 	10180
f 10490 	10491 	10180
f 10180 	10491 	10181
f 10491 	10492 	10181
f 10181 	10492 	10182
f 10492 	10493 	10182
f 10182 	10493 	10183
f 10493 	10494 	10183
f 10183 	10494 	10184
f 10494 	10495 	10184
f 10184 	10495 	10185
f 10495 	10496 	10185
f 10185 	10496 	10186
f 10496 	10497 	10186
f 10186 	10497 	10187
f 10497 	10498 	10187
f 10187 	10498 	10188
f 10498 	10499 	10188
f 10188 	10499 	10189
f 10499 	10500 	10189
f 10189 	10500 	10190
f 10500 	10501 	10190
f 10190 	10501 	10191
f 10501 	10502 	10191
f 10191 	10502 	10192
f 10502 	10503 	10192
f 10192 	10503 	10193
f 10503 	10504 	10193
f 10193 	10504 	10194
f 10504 	10505 	10194
f 10194 	10505 	10195
f 10505 	10506 	10195
f 10195 	10506 	10196
f 10506 	10507 	10196
f 10196 	10507 	10197
f 10507 	10508 	10197
f 10197 	10508 	10198
f 10508 	10509 	10198
f 10198 	10509 	10199
f 10509 	10510 	10199
f 10199 	10510 	10200
f 10510 	10511 	10200
f 10200 	10511 	10201
f 10511 	10512 	10201
f 10201 	10512 	10202
f 10512 	10513 	10202
f 10202 	10513 	10203
f 10513 	10514 	10203
f 10203 	10514 	10204
f 10514 	10515 	10204
f 10204 	10515 	10205
f 10515 	10516 	10205
f 10205 	10516 	10206
f 10516 	10517 	10206
f 10206 	10517 	10207
f 10517 	10518 	10207
f 10207 	10518 	10208
f 10518 	10519 	10208
f 10208 	10519 	10209
f 10519 	10520 	10209
f 10209 	10520 	10210
f 10520 	10521 	10210
f 10210 	10521 	10211
f 10521 	10522 	10211
f 10211 	10522 	10212
f 10522 	10523 	10212
f 10212 	10523 	10213
f 10523 	10524 	10213
f 10213 	10524 	10214
f 10524 	10525 	10214
f 10214 	10525 	10215
f 10525 	10526 	10215
f 10215 	10526 	10216
f 10526 	10527 	10216
f 10216 	10527 	10217
f 10527 	10528 	10217
f 10217 	10528 	10218
f 10528 	10529 	10218
f 10218 	10529 	10219
f 10529 	10530 	10219
f 10219 	10530 	10220
f 10530 	10531 	10220
f 10220 	10531 	10221
f 10531 	10532 	10221
f 10221 	10532 	10222
f 10532 	10533 	10222
f 10222 	10533 	10223
f 10533 	10534 	10223
f 10223 	10534 	10224
f 10534 	10535 	10224
f 10224 	10535 	10225
f 10535 	10536 	10225
f 10225 	10536 	10226
f 10536 	10537 	10226
f 10226 	10537 	10227
f 10537 	10538 	10227
f 10227 	10538 	10228
f 10538 	10539 	10228
f 10228 	10539 	10229
f 10539 	10540 	10229
f 10229 	10540 	10230
f 10540 	10541 	10230
f 10230 	10541 	10231
f 10541 	10542 	10231
f 10231 	10542 	10232
f 10542 	10543 	10232
f 10232 	10543 	10233
f 10543 	10544 	10233
f 10233 	10544 	10234
f 10544 	10234 	10234
f 602 	10235 	10235
f 10235 	10545 	10236
f 10236 	10545 	10237
f 10545 	10546 	10237
f 10237 	10546 	10238
f 10546 	10547 	10238
f 10238 	10547 	10239
f 10547 	10548 	10239
f 10239 	10548 	10240
f 10548 	10549 	10240
f 10240 	10549 	10241
f 10549 	10550 	10241
f 10241 	10550 	10242
f 10550 	10551 	10242
f 10242 	10551 	10243
f 10551 	10552 	10243
f 10243 	10552 	10244
f 10552 	10553 	10244
f 10244 	10553 	10245
f 10553 	10554 	10245
f 10245 	10554 	9935
f 10554 	10246 	9935
f 10246 	10555 	10247
f 10555 	10556 	10247
f 10247 	10556 	10248
f 10556 	10557 	10248
f 10248 	10557 	10249
f 10557 	10558 	10249
f 10249 	10558 	10250
f 10558 	10559 	10250
f 10250 	10559 	10251
f 10559 	10560 	10251
f 10251 	10560 	10252
f 10560 	10561 	10252
f 10252 	10561 	10253
f 10561 	10562 	10253
f 10253 	10562 	10254
f 10562 	10563 	10254
f 10254 	10563 	10255
f 10563 	10564 	10255
f 10255 	10564 	10256
f 10564 	10565 	10256
f 10256 	10565 	10257
f 10565 	10566 	10257
f 10257 	10566 	10258
f 10566 	10567 	10258
f 10258 	10567 	10259
f 10567 	10568 	10259
f 10259 	10568 	10260
f 10568 	10569 	10260
f 10260 	10569 	10261
f 10569 	10570 	10261
f 10261 	10570 	10262
f 10570 	10571 	10262
f 10262 	10571 	10263
f 10571 	10572 	10263
f 10263 	10572 	10264
f 10572 	10573 	10264
f 10264 	10573 	10265
f 10573 	10574 	10265
f 10265 	10574 	10266
f 10574 	10575 	10266
f 10266 	10575 	10267
f 10575 	10576 	10267
f 10267 	10576 	10268
f 10576 	10577 	10268
f 10268 	10577 	10269
f 10577 	10578 	10269
f 10269 	10578 	10270
f 10578 	10579 	10270
f 10270 	10579 	10271
f 10579 	10580 	10271
f 10271 	10580 	10272
f 10580 	10581 	10272
f 10272 	10581 	10273
f 10581 	10582 	10273
f 10273 	10582 	10274
f 10582 	10583 	10274
f 10274 	10583 	10275
f 10583 	10584 	10275
f 10275 	10584 	10276
f 10584 	10585 	10276
f 10276 	10585 	10277
f 10585 	10586 	10277
f 10277 	10586 	10278
f 10586 	10587 	10278
f 10278 	10587 	10279
f 10587 	10588 	10279
f 10279 	10588 	10280
f 10588 	10589 	10280
f 10280 	10589 	10281
f 10589 	10590 	10281
f 10281 	10590 	10282
f 10590 	10591 	10282
f 10282 	10591 	10283
f 10591 	10592 	10283
f 10283 	10592 	10284
f 10592 	10593 	10284
f 10284 	10593 	10285
f 10593 	10594 	10285
f 10285 	10594 	10286
f 10594 	10595 	10286
f 10286 	10595 	10287
f 10595 	10596 	10287
f 10287 	10596 	10288
f 10596 	10597 	10288
f 10288 	10597 	10289
f 10597 	10598 	10289
f 10289 	10598 	10290
f 10598 	10599 	10290
f 10290 	10599 	10291
f 10599 	10600 	10291
f 10291 	10600 	10292
f 10600 	10601 	10292
f 10292 	10601 	10293
f 10601 	10602 	10293
f 10293 	10602 	10294
f 10602 	10603 	10294
f 10294 	10603 	10295
f 10603 	10604 	10295
f 10295 	10604 	10296
f 10604 	10605 	10296
f 10296 	10605 	10297
f 10605 	10606 	10297
f 10297 	10606 	10298
f 10606 	10607 	10298
f 10298 	10607 	10299
f 10607 	10608 	10299
f 10299 	10608 	10300
f 10608 	10609 	10300
f 10300 	10609 	10301
f 10609 	10610 	10301
f 10301 	10610 	10302
f 10610 	10611 	10302
f 10302 	10611 	10303
f 10611 	10612 	10303
f 10303 	10612 	10304
f 10612 	10613 	10304
f 10304 	10613 	10305
f 10613 	10614 	10305
f 10305 	10614 	10306
f 10614 	10615 	10306
f 10306 	10615 	10307
f 10615 	10616 	10307
f 10307 	10616 	10308
f 10616 	10617 	10308
f 10308 	10617 	10309
f 10617 	10618 	10309
f 10309 	10618 	10310
f 10618 	10619 	10310
f 10310 	10619 	10311
f 10619 	10620 	10311
f 10311 	10620 	10312
f 10620 	10621 	10312
f 10312 	10621 	10313
f 10621 	10622 	10313
f 10313 	10622 	10314
f 10622 	10623 	10314
f 10314 	10623 	10315
f 10623 	10624 	10315
f 10315 	10624 	10316
f 10624 	10625 	10316
f 10316 	10625 	10317
f 10625 	10626 	10317
f 10317 	10626 	10318
f 10626 	10627 	10318
f 10318 	10627 	10319
f 10627 	10628 	10319
f 10319 	10628 	10320
f 10628 	10629 	10320
f 10320 	10629 	10321
f 10629 	10630 	10321
f 10321 	10630 	10322
f 10630 	10631 	10322
f 10322 	10631 	10323
f 10631 	10632 	10323
f 10323 	10632 	10324
f 10632 	10633 	10324
f 10324 	10633 	10325
f 10633 	10634 	10325
f 10325 	10634 	10326
f 10634 	10635 	10326
f 10326 	10635 	10327
f 10635 	10636 	10327
f 10327 	10636 	10328
f 10636 	10637 	10328
f 10328 	10637 	10329
f 10637 	10638 	10329
f 10329 	10638 	10330
f 10638 	10639 	10330
f 10330 	10639 	10331
f 10639 	10640 	10331
f 10331 	10640 	10332
f 10640 	10641 	10332
f 10332 	10641 	10333
f 10641 	10642 	10333
f 10333 	10642 	10334
f 10642 	10643 	10334
f 10334 	10643 	10335
f 10643 	10644 	10335
f 10335 	10644 	10336
f 10644 	10645 	10336
f 10336 	10645 	10337
f 10645 	10646 	10337
f 10337 	10646 	10338
f 10646 	10647 	10338
f 10338 	10647 	10339
f 10647 	10648 	10339
f 10339 	10648 	10340
f 10648 	10649 	10340
f 10340 	10649 	10341
f 10649 	10650 	10341
f 10341 	10650 	10342
f 10650 	10651 	10342
f 10342 	10651 	10343
f 10651 	10652 	10343
f 10343 	10652 	10344
f 10652 	10653 	10344
f 10344 	10653 	10345
f 10653 	10654 	10345
f 10345 	10654 	10346
f 10654 	10655 	10346
f 10346 	10655 	10347
f 10655 	10656 	10347
f 10347 	10656 	10348
f 10656 	10657 	10348
f 10348 	10657 	10349
f 10657 	10658 	10349
f 10349 	10658 	10350
f 10658 	10659 	10350
f 10350 	10659 	10351
f 10659 	10660 	10351
f 10351 	10660 	10352
f 10660 	10661 	10352
f 10352 	10661 	10353
f 10661 	10662 	10353
f 10353 	10662 	10354
f 10662 	10663 	10354
f 10354 	10663 	10355
f 10663 	10664 	10355
f 10355 	10664 	10356
f 10664 	10665 	10356
f 10356 	10665 	10357
f 10665 	10666 	10357
f 10357 	10666 	10358
f 10666 	10667 	10358
f 10358 	10667 	10359
f 10667 	10668 	10359
f 10359 	10668 	10360
f 10668 	10669 	10360
f 10360 	10669 	10361
f 10669 	10670 	10361
f 10361 	10670 	10362
f 10670 	10671 	10362
f 10362 	10671 	10363
f 10671 	10672 	10363
f 10363 	10672 	10364
f 10672 	10673 	10364
f 10364 	10673 	10365
f 10673 	10674 	10365
f 10365 	10674 	10366
f 10674 	10675 	10366
f 10366 	10675 	10367
f 10675 	10676 	10367
f 10367 	10676 	10368
f 10676 	10677 	10368
f 10368 	10677 	10369
f 10677 	10678 	10369
f 10369 	10678 	10370
f 10678 	10679 	10370
f 10370 	10679 	10371
f 10679 	10680 	10371
f 10371 	10680 	10372
f 10680 	10681 	10372
f 10372 	10681 	10373
f 10681 	10682 	10373
f 10373 	10682 	10374
f 10682 	10683 	10374
f 10374 	10683 	10375
f 10683 	10684 	10375
f 10375 	10684 	10376
f 10684 	10685 	10376
f 10376 	10685 	10377
f 10685 	10686 	10377
f 10377 	10686 	10378
f 10686 	10687 	10378
f 10378 	10687 	10379
f 10687 	10688 	10379
f 10379 	10688 	10380
f 10688 	10689 	10380
f 10380 	10689 	10381
f 10689 	10690 	10381
f 10381 	10690 	10382
f 10690 	10691 	10382
f 10382 	10691 	10383
f 10691 	10692 	10383
f 10383 	10692 	10384
f 10692 	10693 	10384
f 10384 	10693 	10385
f 10693 	10694 	10385
f 10385 	10694 	10386
f 10694 	10695 	10386
f 10386 	10695 	10387
f 10695 	10696 	10387
f 10387 	10696 	10388
f 10696 	10697 	10388
f 10388 	10697 	10389
f 10697 	10698 	10389
f 10389 	10698 	10390
f 10698 	10699 	10390
f 10390 	10699 	10391
f 10699 	10700 	10391
f 10391 	10700 	10392
f 10700 	10701 	10392
f 10392 	10701 	10393
f 10701 	10702 	10393
f 10393 	10702 	10394
f 10702 	10703 	10394
f 10394 	10703 	10395
f 10703 	10704 	10395
f 10395 	10704 	10396
f 10704 	10705 	10396
f 10396 	10705 	10397
f 10705 	10706 	10397
f 10397 	10706 	10398
f 10706 	10707 	10398
f 10398 	10707 	10399
f 10707 	10708 	10399
f 10399 	10708 	10400
f 10708 	10709 	10400
f 10400 	10709 	10401
f 10709 	10710 	10401
f 10401 	10710 	10402
f 10710 	10711 	10402
f 10402 	10711 	10403
f 10711 	10712 	10403
f 10403 	10712 	10404
f 10712 	10713 	10404
f 10404 	10713 	10405
f 10713 	10714 	10405
f 10405 	10714 	10406
f 10714 	10715 	10406
f 10406 	10715 	10407
f 10715 	10716 	10407
f 10407 	10716 	10408
f 10716 	10717 	10408
f 10408 	10717 	10409
f 10717 	10718 	10409
f 10409 	10718 	10410
f 10718 	10719 	10410
f 10410 	10719 	10411
f 10719 	10720 	10411
f 10411 	10720 	10412
f 10720 	10721 	10412
f 10412 	10721 	10413
f 10721 	10722 	10413
f 10413 	10722 	10414
f 10722 	10723 	10414
f 10414 	10723 	10415
f 10723 	10724 	10415
f 10415 	10724 	10416
f 10724 	10725 	10416
f 10416 	10725 	10417
f 10725 	10726 	10417
f 10417 	10726 	10418
f 10726 	10727 	10418
f 10418 	10727 	10419
f 10727 	10728 	10419
f 10419 	10728 	10420
f 10728 	10729 	10420
f 10420 	10729 	10421
f 10729 	10730 	10421
f 10421 	10730 	10422
f 10730 	10731 	10422
f 10422 	10731 	10423
f 10731 	10732 	10423
f 10423 	10732 	10424
f 10732 	10733 	10424
f 10424 	10733 	10425
f 10733 	10734 	10425
f 10425 	10734 	10426
f 10734 	10735 	10426
f 10426 	10735 	10427
f 10735 	10736 	10427
f 10427 	10736 	10428
f 10736 	10737 	10428
f 10428 	10737 	10429
f 10737 	10738 	10429
f 10429 	10738 	10430
f 10738 	10739 	10430
f 10430 	10739 	10431
f 10739 	10740 	10431
f 10431 	10740 	10432
f 10740 	10741 	10432
f 10432 	10741 	10433
f 10741 	10742 	10433
f 10433 	10742 	10434
f 10742 	10743 	10434
f 10434 	10743 	10435
f 10743 	10744 	10435
f 10435 	10744 	10436
f 10744 	10745 	10436
f 10436 	10745 	10437
f 10745 	10746 	10437
f 10437 	10746 	10438
f 10746 	10747 	10438
f 10438 	10747 	10439
f 10747 	10748 	10439
f 10439 	10748 	10440
f 10748 	10749 	10440
f 10440 	10749 	10441
f 10749 	10750 	10441
f 10441 	10750 	10442
f 10750 	10751 	10442
f 10442 	10751 	10443
f 10751 	10752 	10443
f 10443 	10752 	10444
f 10752 	10753 	10444
f 10444 	10753 	10445
f 10753 	10754 	10445
f 10445 	10754 	10446
f 10754 	10755 	10446
f 10446 	10755 	10447
f 10755 	10756 	10447
f 10447 	10756 	10448
f 10756 	10757 	10448
f 10448 	10757 	10449
f 10757 	10758 	10449
f 10449 	10758 	10450
f 10758 	10759 	10450
f 10450 	10759 	10451
f 10759 	10760 	10451
f 10451 	10760 	10452
f 10760 	10761 	10452
f 10452 	10761 	10453
f 10761 	10762 	10453
f 10453 	10762 	10454
f 10762 	10763 	10454
f 10454 	10763 	10455
f 10763 	10764 	10455
f 10455 	10764 	10456
f 10764 	10765 	10456
f 10456 	10765 	10457
f 10765 	10766 	10457
f 10457 	10766 	10458
f 10766 	10767 	10458
f 10458 	10767 	10459
f 10767 	10768 	10459
f 10459 	10768 	10460
f 10768 	10769 	10460
f 10460 	10769 	10461
f 10769 	10770 	10461
f 10461 	10770 	10462
f 10770 	10771 	10462
f 10462 	10771 	10463
f 10771 	10772 	10463
f 10463 	10772 	10464
f 10772 	10773 	10464
f 10464 	10773 	10465
f 10773 	10774 	10465
f 10465 	10774 	10466
f 10774 	10775 	10466
f 10466 	10775 	10467
f 10775 	10776 	10467
f 10467 	10776 	10468
f 10776 	10777 	10468
f 10468 	10777 	10469
f 10777 	10778 	10469
f 10469 	10778 	10470
f 10778 	10779 	10470
f 10470 	10779 	10471
f 10779 	10780 	10471
f 10471 	10780 	10472
f 10780 	10781 	10472
f 10472 	10781 	10473
f 10781 	10782 	10473
f 10473 	10782 	10474
f 10782 	10783 	10474
f 10474 	10783 	10475
f 10783 	10784 	10475
f 10475 	10784 	10476
f 10784 	10785 	10476
f 10476 	10785 	10477
f 10785 	10786 	10477
f 10477 	10786 	10478
f 10786 	10787 	10478
f 10478 	10787 	10479
f 10787 	10788 	10479
f 10479 	10788 	10480
f 10788 	10789 	10480
f 10480 	10789 	10481
f 10789 	10790 	10481
f 10481 	10790 	10482
f 10790 	10791 	10482
f 10482 	10791 	10483
f 10791 	10792 	10483
f 10483 	10792 	10484
f 10792 	10793 	10484
f 10484 	10793 	10485
f 10793 	10794 	10485
f 10485 	10794 	10486
f 10794 	10795 	10486
f 10486 	10795 	10487
f 10795 	10796 	10487
f 10487 	10796 	10488
f 10796 	10797 	10488
f 10488 	10797 	10489
f 10797 	10798 	10489
f 10489 	10798 	10490
f 10798 	10799 	10490
f 10490 	10799 	10491
f 10799 	10800 	10491
f 10491 	10800 	10492
f 10800 	10801 	10492
f 10492 	10801 	10493
f 10801 	10802 	10493
f 10493 	10802 	10494
f 10802 	10803 	10494
f 10494 	10803 	10495
f 10803 	10804 	10495
f 10495 	10804 	10496
f 10804 	10805 	10496
f 10496 	10805 	10497
f 10805 	10806 	10497
f 10497 	10806 	10498
f 10806 	10807 	10498
f 10498 	10807 	10499
f 10807 	10808 	10499
f 10499 	10808 	10500
f 10808 	10809 	10500
f 10500 	10809 	10501
f 10809 	10810 	10501
f 10501 	10810 	10502
f 10810 	10811 	10502
f 10502 	10811 	10503
f 10811 	10812 	10503
f 10503 	10812 	10504
f 10812 	10813 	10504
f 10504 	10813 	10505
f 10813 	10814 	10505
f 10505 	10814 	10506
f 10814 	10815 	10506
f 10506 	10815 	10507
f 10815 	10816 	10507
f 10507 	10816 	10508
f 10816 	10817 	10508
f 10508 	10817 	10509
f 10817 	10818 	10509
f 10509 	10818 	10510
f 10818 	10819 	10510
f 10510 	10819 	10511
f 10819 	10820 	10511
f 10511 	10820 	10512
f 10820 	10821 	10512
f 10512 	10821 	10513
f 10821 	10822 	10513
f 10513 	10822 	10514
f 10822 	10823 	10514
f 10514 	10823 	10515
f 10823 	10824 	10515
f 10515 	10824 	10516
f 10824 	10825 	10516
f 10516 	10825 	10517
f 10825 	10826 	10517
f 10517 	10826 	10518
f 10826 	10827 	10518
f 10518 	10827 	10519
f 10827 	10828 	10519
f 10519 	10828 	10520
f 10828 	10829 	10520
f 10520 	10829 	10521
f 10829 	10830 	10521
f 10521 	10830 	10522
f 10830 	10831 	10522
f 10522 	10831 	10523
f 10831 	10832 	10523
f 10523 	10832 	10524
f 10832 	10833 	10524
f 10524 	10833 	10525
f 10833 	10834 	10525
f 10525 	10834 	10526
f 10834 	10835 	10526
f 10526 	10835 	10527
f 10835 	10836 	10527
f 10527 	10836 	10528
f 10836 	10837 	10528
f 10528 	10837 	10529
f 10837 	10838 	10529
f 10529 	10838 	10530
f 10838 	10839 	10530
f 10530 	10839 	10531
f 10839 	10840 	10531
f 10531 	10840 	10532
f 10840 	10841 	10532
f 10532 	10841 	10533
f 10841 	10842 	10533
f 10533 	10842 	10534
f 10842 	10843 	10534
f 10534 	10843 	10535
f 10843 	10844 	10535
f 10535 	10844 	10536
f 10844 	10845 	10536
f 10536 	10845 	10537
f 10845 	10846 	10537
f 10537 	10846 	10538
f 10846 	10847 	10538
f 10538 	10847 	10539
f 10847 	10848 	10539
f 10539 	10848 	10540
f 10848 	10849 	10540
f 10540 	10849 	10541
f 10849 	10850 	10541
f 10541 	10850 	10542
f 10850 	10851 	10542
f 10542 	10851 	10543
f 10851 	10852 	10543
f 10543 	10852 	10544
f 10852 	10853 	10544
f 10544 	10853 	10234
f 10853 	10854 	10234
f 10234 	10854 	601
f 602 	10855 	10235
f 10235 	10855 	10545
f 10855 	10856 	10545
f 10545 	10856 	10546
f 10856 	10857 	10546
f 10546 	10857 	10547
f 10857 	10858 	10547
f 10547 	10858 	10548
f 10858 	10859 	10548
f 10548 	10859 	10549
f 10859 	10860 	10549
f 10549 	10860 	10550
f 10860 	10861 	10550
f 10550 	10861 	10551
f 10861 	10862 	10551
f 10551 	10862 	10552
f 10862 	10863 	10552
f 10552 	10863 	10553
f 10863 	10864 	10553
f 10553 	10864 	10554
f 10864 	10865 	10554
f 10554 	10865 	10246
f 10865 	10555 	10246
f 10555 	10866 	10556
f 10866 	10867 	10556
f 10556 	10867 	10557
f 10867 	10868 	10557
f 10557 	10868 	10558
f 10868 	10869 	10558
f 10558 	10869 	10559
f 10869 	10870 	10559
f 10559 	10870 	10560
f 10870 	10871 	10560
f 10560 	10871 	10561
f 10871 	10872 	10561
f 10561 	10872 	10562
f 10872 	10873 	10562
f 10562 	10873 	10563
f 10873 	10874 	10563
f 10563 	10874 	10564
f 10874 	10875 	10564
f 10564 	10875 	10565
f 10875 	10876 	10565
f 10565 	10876 	10566
f 10876 	10877 	10566
f 10566 	10877 	10567
f 10877 	10878 	10567
f 10567 	10878 	10568
f 10878 	10879 	10568
f 10568 	10879 	10569
f 10879 	10880 	10569
f 10569 	10880 	10570
f 10880 	10881 	10570
f 10570 	10881 	10571
f 10881 	10882 	10571
f 10571 	10882 	10572
f 10882 	10883 	10572
f 10572 	10883 	10573
f 10883 	10884 	10573
f 10573 	10884 	10574
f 10884 	10885 	10574
f 10574 	10885 	10575
f 10885 	10886 	10575
f 10575 	10886 	10576
f 10886 	10887 	10576
f 10576 	10887 	10577
f 10887 	10888 	10577
f 10577 	10888 	10578
f 10888 	10889 	10578
f 10578 	10889 	10579
f 10889 	10890 	10579
f 10579 	10890 	10580
f 10890 	10891 	10580
f 10580 	10891 	10581
f 10891 	10892 	10581
f 10581 	10892 	10582
f 10892 	10893 	10582
f 10582 	10893 	10583
f 10893 	10894 	10583
f 10583 	10894 	10584
f 10894 	10895 	10584
f 10584 	10895 	10585
f 10895 	10896 	10585
f 10585 	10896 	10586
f 10896 	10897 	10586
f 10586 	10897 	10587
f 10897 	10898 	10587
f 10587 	10898 	10588
f 10898 	10899 	10588
f 10588 	10899 	10589
f 10899 	10900 	10589
f 10589 	10900 	10590
f 10900 	10901 	10590
f 10590 	10901 	10591
f 10901 	10902 	10591
f 10591 	10902 	10592
f 10902 	10903 	10592
f 10592 	10903 	10593
f 10903 	10904 	10593
f 10593 	10904 	10594
f 10904 	10905 	10594
f 10594 	10905 	10595
f 10905 	10906 	10595
f 10595 	10906 	10596
f 10906 	10907 	10596
f 10596 	10907 	10597
f 10907 	10908 	10597
f 10597 	10908 	10598
f 10908 	10909 	10598
f 10598 	10909 	10599
f 10909 	10910 	10599
f 10599 	10910 	10600
f 10910 	10911 	10600
f 10600 	10911 	10601
f 10911 	10912 	10601
f 10601 	10912 	10602
f 10912 	10913 	10602
f 10602 	10913 	10603
f 10913 	10914 	10603
f 10603 	10914 	10604
f 10914 	10915 	10604
f 10604 	10915 	10605
f 10915 	10916 	10605
f 10605 	10916 	10606
f 10916 	10917 	10606
f 10606 	10917 	10607
f 10917 	10918 	10607
f 10607 	10918 	10608
f 10918 	10919 	10608
f 10608 	10919 	10609
f 10919 	10920 	10609
f 10609 	10920 	10610
f 10920 	10921 	10610
f 10610 	10921 	10611
f 10921 	10922 	10611
f 10611 	10922 	10612
f 10922 	10923 	10612
f 10612 	10923 	10613
f 10923 	10924 	10613
f 10613 	10924 	10614
f 10924 	10925 	10614
f 10614 	10925 	10615
f 10925 	10926 	10615
f 10615 	10926 	10616
f 10926 	10927 	10616
f 10616 	10927 	10617
f 10927 	10928 	10617
f 10617 	10928 	10618
f 10928 	10929 	10618
f 10618 	10929 	10619
f 10929 	10930 	10619
f 10619 	10930 	10620
f 10930 	10931 	10620
f 10620 	10931 	10621
f 10931 	10932 	10621
f 10621 	10932 	10622
f 10932 	10933 	10622
f 10622 	10933 	10623
f 10933 	10934 	10623
f 10623 	10934 	10624
f 10934 	10935 	10624
f 10624 	10935 	10625
f 10935 	10936 	10625
f 10625 	10936 	10626
f 10936 	10937 	10626
f 10626 	10937 	10627
f 10937 	10938 	10627
f 10627 	10938 	10628
f 10938 	10939 	10628
f 10628 	10939 	10629
f 10939 	10940 	10629
f 10629 	10940 	10630
f 10940 	10941 	10630
f 10630 	10941 	10631
f 10941 	10942 	10631
f 10631 	10942 	10632
f 10942 	10943 	10632
f 10632 	10943 	10633
f 10943 	10944 	10633
f 10633 	10944 	10634
f 10944 	10945 	10634
f 10634 	10945 	10635
f 10945 	10946 	10635
f 10635 	10946 	10636
f 10946 	10947 	10636
f 10636 	10947 	10637
f 10947 	10948 	10637
f 10637 	10948 	10638
f 10948 	10949 	10638
f 10638 	10949 	10639
f 10949 	10950 	10639
f 10639 	10950 	10640
f 10950 	10951 	10640
f 10640 	10951 	10641
f 10951 	10952 	10641
f 10641 	10952 	10642
f 10952 	10953 	10642
f 10642 	10953 	10643
f 10953 	10954 	10643
f 10643 	10954 	10644
f 10954 	10955 	10644
f 10644 	10955 	10645
f 10955 	10956 	10645
f 10645 	10956 	10646
f 10956 	10957 	10646
f 10646 	10957 	10647
f 10957 	10958 	10647
f 10647 	10958 	10648
f 10958 	10959 	10648
f 10648 	10959 	10649
f 10959 	10960 	10649
f 10649 	10960 	10650
f 10960 	10961 	10650
f 10650 	10961 	10651
f 10961 	10962 	10651
f 10651 	10962 	10652
f 10962 	10963 	10652
f 10652 	10963 	10653
f 10963 	10964 	10653
f 10653 	10964 	10654
f 10964 	10965 	10654
f 10654 	10965 	10655
f 10965 	10966 	10655
f 10655 	10966 	10656
f 10966 	10967 	10656
f 10656 	10967 	10657
f 10967 	10968 	10657
f 10657 	10968 	10658
f 10968 	10969 	10658
f 10658 	10969 	10659
f 10969 	10970 	10659
f 10659 	10970 	10660
f 10970 	10971 	10660
f 10660 	10971 	10661
f 10971 	10972 	10661
f 10661 	10972 	10662
f 10972 	10973 	10662
f 10662 	10973 	10663
f 10973 	10974 	10663
f 10663 	10974 	10664
f 10974 	10975 	10664
f 10664 	10975 	10665
f 10975 	10976 	10665
f 10665 	10976 	10666
f 10976 	10977 	10666
f 10666 	10977 	10667
f 10977 	10978 	10667
f 10667 	10978 	10668
f 10978 	10979 	10668
f 10668 	10979 	10669
f 10979 	10980 	10669
f 10669 	10980 	10670
f 10980 	10981 	10670
f 10670 	10981 	10671
f 10981 	10982 	10671
f 10671 	10982 	10672
f 10982 	10983 	10672
f 10672 	10983 	10673
f 10983 	10984 	10673
f 10673 	10984 	10674
f 10984 	10985 	10674
f 10674 	10985 	10675
f 10985 	10986 	10675
f 10675 	10986 	10676
f 10986 	10987 	10676
f 10676 	10987 	10677
f 10987 	10988 	10677
f 10677 	10988 	10678
f 10988 	10989 	10678
f 10678 	10989 	10679
f 10989 	10990 	10679
f 10679 	10990 	10680
f 10990 	10991 	10680
f 10680 	10991 	10681
f 10991 	10992 	10681
f 10681 	10992 	10682
f 10992 	10993 	10682
f 10682 	10993 	10683
f 10993 	10994 	10683
f 10683 	10994 	10684
f 10994 	10995 	10684
f 10684 	10995 	10685
f 10995 	10996 	10685
f 10685 	10996 	10686
f 10996 	10997 	10686
f 10686 	10997 	10687
f 10997 	10998 	10687
f 10687 	10998 	10688
f 10998 	10999 	10688
f 10688 	10999 	10689
f 10999 	11000 	10689
f 10689 	11000 	10690
f 11000 	11001 	10690
f 10690 	11001 	10691
f 11001 	11002 	10691
f 10691 	11002 	10692
f 11002 	11003 	10692
f 10692 	11003 	10693
f 11003 	11004 	10693
f 10693 	11004 	10694
f 11004 	11005 	10694
f 10694 	11005 	10695
f 11005 	11006 	10695
f 10695 	11006 	10696
f 11006 	11007 	10696
f 10696 	11007 	10697
f 11007 	11008 	10697
f 10697 	11008 	10698
f 11008 	11009 	10698
f 10698 	11009 	10699
f 11009 	11010 	10699
f 10699 	11010 	10700
f 11010 	11011 	10700
f 10700 	11011 	10701
f 11011 	11012 	10701
f 10701 	11012 	10702
f 11012 	11013 	10702
f 10702 	11013 	10703
f 11013 	11014 	10703
f 10703 	11014 	10704
f 11014 	11015 	10704
f 10704 	11015 	10705
f 11015 	11016 	10705
f 10705 	11016 	10706
f 11016 	11017 	10706
f 10706 	11017 	10707
f 11017 	11018 	10707
f 10707 	11018 	10708
f 11018 	11019 	10708
f 10708 	11019 	10709
f 11019 	11020 	10709
f 10709 	11020 	10710
f 11020 	11021 	10710
f 10710 	11021 	10711
f 11021 	11022 	10711
f 10711 	11022 	10712
f 11022 	11023 	10712
f 10712 	11023 	10713
f 11023 	11024 	10713
f 10713 	11024 	10714
f 11024 	11025 	10714
f 10714 	11025 	10715
f 11025 	11026 	10715
f 10715 	11026 	10716
f 11026 	11027 	10716
f 10716 	11027 	10717
f 11027 	11028 	10717
f 10717 	11028 	10718
f 11028 	11029 	10718
f 10718 	11029 	10719
f 11029 	11030 	10719
f 10719 	11030 	10720
f 11030 	11031 	10720
f 10720 	11031 	10721
f 11031 	11032 	10721
f 10721 	11032 	10722
f 11032 	11033 	10722
f 10722 	11033 	10723
f 11033 	11034 	10723
f 10723 	11034 	10724
f 11034 	11035 	10724
f 10724 	11035 	10725
f 11035 	11036 	10725
f 10725 	11036 	10726
f 11036 	11037 	10726
f 10726 	11037 	10727
f 11037 	11038 	10727
f 10727 	11038 	10728
f 11038 	11039 	10728
f 10728 	11039 	10729
f 11039 	11040 	10729
f 10729 	11040 	10730
f 11040 	11041 	10730
f 10730 	11041 	10731
f 11041 	11042 	10731
f 10731 	11042 	10732
f 11042 	11043 	10732
f 10732 	11043 	10733
f 11043 	11044 	10733
f 10733 	11044 	10734
f 11044 	11045 	10734
f 10734 	11045 	10735
f 11045 	11046 	10735
f 10735 	11046 	10736
f 11046 	11047 	10736
f 10736 	11047 	10737
f 11047 	11048 	10737
f 10737 	11048 	10738
f 11048 	11049 	10738
f 10738 	11049 	10739
f 11049 	11050 	10739
f 10739 	11050 	10740
f 11050 	11051 	10740
f 10740 	11051 	10741
f 11051 	11052 	10741
f 10741 	11052 	10742
f 11052 	11053 	10742
f 10742 	11053 	10743
f 11053 	11054 	10743
f 10743 	11054 	10744
f 11054 	11055 	10744
f 10744 	11055 	10745
f 11055 	11056 	10745
f 10745 	11056 	10746
f 11056 	11057 	10746
f 10746 	11057 	10747
f 11057 	11058 	10747
f 10747 	11058 	10748
f 11058 	11059 	10748
f 10748 	11059 	10749
f 11059 	11060 	10749
f 10749 	11060 	10750
f 11060 	11061 	10750
f 10750 	11061 	10751
f 11061 	11062 	10751
f 10751 	11062 	10752
f 11062 	11063 	10752
f 10752 	11063 	10753
f 11063 	11064 	10753
f 10753 	11064 	10754
f 11064 	11065 	10754
f 10754 	11065 	10755
f 11065 	11066 	10755
f 10755 	11066 	10756
f 11066 	11067 	10756
f 10756 	11067 	10757
f 11067 	11068 	10757
f 10757 	11068 	10758
f 11068 	11069 	10758
f 10758 	11069 	10759
f 11069 	11070 	10759
f 10759 	11070 	10760
f 11070 	11071 	10760
f 10760 	11071 	10761
f 11071 	11072 	10761
f 10761 	11072 	10762
f 11072 	11073 	10762
f 10762 	11073 	10763
f 11073 	11074 	10763
f 10763 	11074 	10764
f 11074 	11075 	10764
f 10764 	11075 	10765
f 11075 	11076 	10765
f 10765 	11076 	10766
f 11076 	11077 	10766
f 10766 	11077 	10767
f 11077 	11078 	10767
f 10767 	11078 	10768
f 11078 	11079 	10768
f 10768 	11079 	10769
f 11079 	11080 	10769
f 10769 	11080 	10770
f 11080 	11081 	10770
f 10770 	11081 	10771
f 11081 	11082 	10771
f 10771 	11082 	10772
f 11082 	11083 	10772
f 10772 	11083 	10773
f 11083 	11084 	10773
f 10773 	11084 	10774
f 11084 	11085 	10774
f 10774 	11085 	10775
f 11085 	11086 	10775
f 10775 	11086 	10776
f 11086 	11087 	10776
f 10776 	11087 	10777
f 11087 	11088 	10777
f 10777 	11088 	10778
f 11088 	11089 	10778
f 10778 	11089 	10779
f 11089 	11090 	10779
f 10779 	11090 	10780
f 11090 	11091 	10780
f 10780 	11091 	10781
f 11091 	11092 	10781
f 10781 	11092 	10782
f 11092 	11093 	10782
f 10782 	11093 	10783
f 11093 	11094 	10783
f 10783 	11094 	10784
f 11094 	11095 	10784
f 10784 	11095 	10785
f 11095 	11096 	10785
f 10785 	11096 	10786
f 11096 	11097 	10786
f 10786 	11097 	10787
f 11097 	11098 	10787
f 10787 	11098 	10788
f 11098 	11099 	10788
f 10788 	11099 	10789
f 11099 	11100 	10789
f 10789 	11100 	10790
f 11100 	11101 	10790
f 10790 	11101 	10791
f 11101 	11102 	10791
f 10791 	11102 	10792
f 11102 	11103 	10792
f 10792 	11103 	10793
f 11103 	11104 	10793
f 10793 	11104 	10794
f 11104 	11105 	10794
f 10794 	11105 	10795
f 11105 	11106 	10795
f 10795 	11106 	10796
f 11106 	11107 	10796
f 10796 	11107 	10797
f 11107 	11108 	10797
f 10797 	11108 	10798
f 11108 	11109 	10798
f 10798 	11109 	10799
f 11109 	11110 	10799
f 10799 	11110 	10800
f 11110 	11111 	10800
f 10800 	11111 	10801
f 11111 	11112 	10801
f 10801 	11112 	10802
f 11112 	11113 	10802
f 10802 	11113 	10803
f 11113 	11114 	10803
f 10803 	11114 	10804
f 11114 	11115 	10804
f 10804 	11115 	10805
f 11115 	11116 	10805
f 10805 	11116 	10806
f 11116 	11117 	10806
f 10806 	11117 	10807
f 11117 	11118 	10807
f 10807 	11118 	10808
f 11118 	11119 	10808
f 10808 	11119 	10809
f 11119 	11120 	10809
f 10809 	11120 	10810
f 11120 	11121 	10810
f 10810 	11121 	10811
f 11121 	11122 	10811
f 10811 	11122 	10812
f 11122 	11123 	10812
f 10812 	11123 	10813
f 11123 	11124 	10813
f 10813 	11124 	10814
f 11124 	11125 	10814
f 10814 	11125 	10815
f 11125 	11126 	10815
f 10815 	11126 	10816
f 11126 	11127 	10816
f 10816 	11127 	10817
f 11127 	11128 	10817
f 10817 	11128 	10818
f 11128 	11129 	10818
f 10818 	11129 	10819
f 11129 	11130 	10819
f 10819 	11130 	10820
f 11130 	11131 	10820
f 10820 	11131 	10821
f 11131 	11132 	10821
f 10821 	11132 	10822
f 11132 	11133 	10822
f 10822 	11133 	10823
f 11133 	11134 	10823
f 10823 	11134 	10824
f 11134 	11135 	10824
f 10824 	11135 	10825
f 11135 	11136 	10825
f 10825 	11136 	10826
f 11136 	11137 	10826
f 10826 	11137 	10827
f 11137 	11138 	10827
f 10827 	11138 	10828
f 11138 	11139 	10828
f 10828 	11139 	10829
f 11139 	11140 	10829
f 10829 	11140 	10830
f 11140 	11141 	10830
f 10830 	11141 	10831
f 11141 	11142 	10831
f 10831 	11142 	10832
f 11142 	11143 	10832
f 10832 	11143 	10833
f 11143 	11144 	10833
f 10833 	11144 	10834
f 11144 	11145 	10834
f 10834 	11145 	10835
f 11145 	11146 	10835
f 10835 	11146 	10836
f 11146 	11147 	10836
f 10836 	11147 	10837
f 11147 	11148 	10837
f 10837 	11148 	10838
f 11148 	11149 	10838
f 10838 	11149 	10839
f 11149 	11150 	10839
f 10839 	11150 	10840
f 11150 	11151 	10840
f 10840 	11151 	10841
f 11151 	11152 	10841
f 10841 	11152 	10842
f 11152 	11153 	10842
f 10842 	11153 	10843
f 11153 	11154 	10843
f 10843 	11154 	10844
f 11154 	11155 	10844
f 10844 	11155 	10845
f 11155 	11156 	10845
f 10845 	11156 	10846
f 11156 	11157 	10846
f 10846 	11157 	10847
f 11157 	11158 	10847
f 10847 	11158 	10848
f 11158 	11159 	10848
f 10848 	11159 	10849
f 11159 	11160 	10849
f 10849 	11160 	10850
f 11160 	11161 	10850
f 10850 	11161 	10851
f 11161 	11162 	10851
f 10851 	11162 	10852
f 11162 	11163 	10852
f 10852 	11163 	10853
f 11163 	11164 	10853
f 10853 	11164 	10854
f 11164 	10854 	10854
f 602 	10855 	10855
f 10855 	11165 	10856
f 10856 	11165 	10857
f 11165 	11166 	10857
f 10857 	11166 	10858
f 11166 	11167 	10858
f 10858 	11167 	10859
f 11167 	11168 	10859
f 10859 	11168 	10860
f 11168 	11169 	10860
f 10860 	11169 	10861
f 11169 	11170 	10861
f 10861 	11170 	10862
f 11170 	11171 	10862
f 10862 	11171 	10863
f 11171 	11172 	10863
f 10863 	11172 	10864
f 11172 	11173 	10864
f 10864 	11173 	10865
f 11173 	11174 	10865
f 10865 	11174 	10555
f 11174 	10866 	10555
f 10866 	11175 	10867
f 11175 	11176 	10867
f 10867 	11176 	10868
f 11176 	11177 	10868
f 10868 	11177 	10869
f 11177 	11178 	10869
f 10869 	11178 	10870
f 11178 	11179 	10870
f 10870 	11179 	10871
f 11179 	11180 	10871
f 10871 	11180 	10872
f 11180 	11181 	10872
f 10872 	11181 	10873
f 11181 	11182 	10873
f 10873 	11182 	10874
f 11182 	11183 	10874
f 10874 	11183 	10875
f 11183 	11184 	10875
f 10875 	11184 	10876
f 11184 	11185 	10876
f 10876 	11185 	10877
f 11185 	11186 	10877
f 10877 	11186 	10878
f 11186 	11187 	10878
f 10878 	11187 	10879
f 11187 	11188 	10879
f 10879 	11188 	10880
f 11188 	11189 	10880
f 10880 	11189 	10881
f 11189 	11190 	10881
f 10881 	11190 	10882
f 11190 	11191 	10882
f 10882 	11191 	10883
f 11191 	11192 	10883
f 10883 	11192 	10884
f 11192 	11193 	10884
f 10884 	11193 	10885
f 11193 	11194 	10885
f 10885 	11194 	10886
f 11194 	11195 	10886
f 10886 	11195 	10887
f 11195 	11196 	10887
f 10887 	11196 	10888
f 11196 	11197 	10888
f 10888 	11197 	10889
f 11197 	11198 	10889
f 10889 	11198 	10890
f 11198 	11199 	10890
f 10890 	11199 	10891
f 11199 	11200 	10891
f 10891 	11200 	10892
f 11200 	11201 	10892
f 10892 	11201 	10893
f 11201 	11202 	10893
f 10893 	11202 	10894
f 11202 	11203 	10894
f 10894 	11203 	10895
f 11203 	11204 	10895
f 10895 	11204 	10896
f 11204 	11205 	10896
f 10896 	11205 	10897
f 11205 	11206 	10897
f 10897 	11206 	10898
f 11206 	11207 	10898
f 10898 	11207 	10899
f 11207 	11208 	10899
f 10899 	11208 	10900
f 11208 	11209 	10900
f 10900 	11209 	10901
f 11209 	11210 	10901
f 10901 	11210 	10902
f 11210 	11211 	10902
f 10902 	11211 	10903
f 11211 	11212 	10903
f 10903 	11212 	10904
f 11212 	11213 	10904
f 10904 	11213 	10905
f 11213 	11214 	10905
f 10905 	11214 	10906
f 11214 	11215 	10906
f 10906 	11215 	10907
f 11215 	11216 	10907
f 10907 	11216 	10908
f 11216 	11217 	10908
f 10908 	11217 	10909
f 11217 	11218 	10909
f 10909 	11218 	10910
f 11218 	11219 	10910
f 10910 	11219 	10911
f 11219 	11220 	10911
f 10911 	11220 	10912
f 11220 	11221 	10912
f 10912 	11221 	10913
f 11221 	11222 	10913
f 10913 	11222 	10914
f 11222 	11223 	10914
f 10914 	11223 	10915
f 11223 	11224 	10915
f 10915 	11224 	10916
f 11224 	11225 	10916
f 10916 	11225 	10917
f 11225 	11226 	10917
f 10917 	11226 	10918
f 11226 	11227 	10918
f 10918 	11227 	10919
f 11227 	11228 	10919
f 10919 	11228 	10920
f 11228 	11229 	10920
f 10920 	11229 	10921
f 11229 	11230 	10921
f 10921 	11230 	10922
f 11230 	11231 	10922
f 10922 	11231 	10923
f 11231 	11232 	10923
f 10923 	11232 	10924
f 11232 	11233 	10924
f 10924 	11233 	10925
f 11233 	11234 	10925
f 10925 	11234 	10926
f 11234 	11235 	10926
f 10926 	11235 	10927
f 11235 	11236 	10927
f 10927 	11236 	10928
f 11236 	11237 	10928
f 10928 	11237 	10929
f 11237 	11238 	10929
f 10929 	11238 	10930
f 11238 	11239 	10930
f 10930 	11239 	10931
f 11239 	11240 	10931
f 10931 	11240 	10932
f 11240 	11241 	10932
f 10932 	11241 	10933
f 11241 	11242 	10933
f 10933 	11242 	10934
f 11242 	11243 	10934
f 10934 	11243 	10935
f 11243 	11244 	10935
f 10935 	11244 	10936
f 11244 	11245 	10936
f 10936 	11245 	10937
f 11245 	11246 	10937
f 10937 	11246 	10938
f 11246 	11247 	10938
f 10938 	11247 	10939
f 11247 	11248 	10939
f 10939 	11248 	10940
f 11248 	11249 	10940
f 10940 	11249 	10941
f 11249 	11250 	10941
f 10941 	11250 	10942
f 11250 	11251 	10942
f 10942 	11251 	10943
f 11251 	11252 	10943
f 10943 	11252 	10944
f 11252 	11253 	10944
f 10944 	11253 	10945
f 11253 	11254 	10945
f 10945 	11254 	10946
f 11254 	11255 	10946
f 10946 	11255 	10947
f 11255 	11256 	10947
f 10947 	11256 	10948
f 11256 	11257 	10948
f 10948 	11257 	10949
f 11257 	11258 	10949
f 10949 	11258 	10950
f 11258 	11259 	10950
f 10950 	11259 	10951
f 11259 	11260 	10951
f 10951 	11260 	10952
f 11260 	11261 	10952
f 10952 	11261 	10953
f 11261 	11262 	10953
f 10953 	11262 	10954
f 11262 	11263 	10954
f 10954 	11263 	10955
f 11263 	11264 	10955
f 10955 	11264 	10956
f 11264 	11265 	10956
f 10956 	11265 	10957
f 11265 	11266 	10957
f 10957 	11266 	10958
f 11266 	11267 	10958
f 10958 	11267 	10959
f 11267 	11268 	10959
f 10959 	11268 	10960
f 11268 	11269 	10960
f 10960 	11269 	10961
f 11269 	11270 	10961
f 10961 	11270 	10962
f 11270 	11271 	10962
f 10962 	11271 	10963
f 11271 	11272 	10963
f 10963 	11272 	10964
f 11272 	11273 	10964
f 10964 	11273 	10965
f 11273 	11274 	10965
f 10965 	11274 	10966
f 11274 	11275 	10966
f 10966 	11275 	10967
f 11275 	11276 	10967
f 10967 	11276 	10968
f 11276 	11277 	10968
f 10968 	11277 	10969
f 11277 	11278 	10969
f 10969 	11278 	10970
f 11278 	11279 	10970
f 10970 	11279 	10971
f 11279 	11280 	10971
f 10971 	11280 	10972
f 11280 	11281 	10972
f 10972 	11281 	10973
f 11281 	11282 	10973
f 10973 	11282 	10974
f 11282 	11283 	10974
f 10974 	11283 	10975
f 11283 	11284 	10975
f 10975 	11284 	10976
f 11284 	11285 	10976
f 10976 	11285 	10977
f 11285 	11286 	10977
f 10977 	11286 	10978
f 11286 	11287 	10978
f 10978 	11287 	10979
f 11287 	11288 	10979
f 10979 	11288 	10980
f 11288 	11289 	10980
f 10980 	11289 	10981
f 11289 	11290 	10981
f 10981 	11290 	10982
f 11290 	11291 	10982
f 10982 	11291 	10983
f 11291 	11292 	10983
f 10983 	11292 	10984
f 11292 	11293 	10984
f 10984 	11293 	10985
f 11293 	11294 	10985
f 10985 	11294 	10986
f 11294 	11295 	10986
f 10986 	11295 	10987
f 11295 	11296 	10987
f 10987 	11296 	10988
f 11296 	11297 	10988
f 10988 	11297 	10989
f 11297 	11298 	10989
f 10989 	11298 	10990
f 11298 	11299 	10990
f 10990 	11299 	10991
f 11299 	11300 	10991
f 10991 	11300 	10992
f 11300 	11301 	10992
f 10992 	11301 	10993
f 11301 	11302 	10993
f 10993 	11302 	10994
f 11302 	11303 	10994
f 10994 	11303 	10995
f 11303 	11304 	10995
f 10995 	11304 	10996
f 11304 	11305 	10996
f 10996 	11305 	10997
f 11305 	11306 	10997
f 10997 	11306 	10998
f 11306 	11307 	10998
f 10998 	11307 	10999
f 11307 	11308 	10999
f 10999 	11308 	11000
f 11308 	11309 	11000
f 11000 	11309 	11001
f 11309 	11310 	11001
f 11001 	11310 	11002
f 11310 	11311 	11002
f 11002 	11311 	11003
f 11311 	11312 	11003
f 11003 	11312 	11004
f 11312 	11313 	11004
f 11004 	11313 	11005
f 11313 	11314 	11005
f 11005 	11314 	11006
f 11314 	11315 	11006
f 11006 	11315 	11007
f 11315 	11316 	11007
f 11007 	11316 	11008
f 11316 	11317 	11008
f 11008 	11317 	11009
f 11317 	11318 	11009
f 11009 	11318 	11010
f 11318 	11319 	11010
f 11010 	11319 	11011
f 11319 	11320 	11011
f 11011 	11320 	11012
f 11320 	11321 	11012
f 11012 	11321 	11013
f 11321 	11322 	11013
f 11013 	11322 	11014
f 11322 	11323 	11014
f 11014 	11323 	11015
f 11323 	11324 	11015
f 11015 	11324 	11016
f 11324 	11325 	11016
f 11016 	11325 	11017
f 11325 	11326 	11017
f 11017 	11326 	11018
f 11326 	11327 	11018
f 11018 	11327 	11019
f 11327 	11328 	11019
f 11019 	11328 	11020
f 11328 	11329 	11020
f 11020 	11329 	11021
f 11329 	11330 	11021
f 11021 	11330 	11022
f 11330 	11331 	11022
f 11022 	11331 	11023
f 11331 	11332 	11023
f 11023 	11332 	11024
f 11332 	11333 	11024
f 11024 	11333 	11025
f 11333 	11334 	11025
f 11025 	11334 	11026
f 11334 	11335 	11026
f 11026 	11335 	11027
f 11335 	11336 	11027
f 11027 	11336 	11028
f 11336 	11337 	11028
f 11028 	11337 	11029
f 11337 	11338 	11029
f 11029 	11338 	11030
f 11338 	11339 	11030
f 11030 	11339 	11031
f 11339 	11340 	11031
f 11031 	11340 	11032
f 11340 	11341 	11032
f 11032 	11341 	11033
f 11341 	11342 	11033
f 11033 	11342 	11034
f 11342 	11343 	11034
f 11034 	11343 	11035
f 11343 	11344 	11035
f 11035 	11344 	11036
f 11344 	11345 	11036
f 11036 	11345 	11037
f 11345 	11346 	11037
f 11037 	11346 	11038
f 11346 	11347 	11038
f 11038 	11347 	11039
f 11347 	11348 	11039
f 11039 	11348 	11040
f 11348 	11349 	11040
f 11040 	11349 	11041
f 11349 	11350 	11041
f 11041 	11350 	11042
f 11350 	11351 	11042
f 11042 	11351 	11043
f 11351 	11352 	11043
f 11043 	11352 	11044
f 11352 	11353 	11044
f 11044 	11353 	11045
f 11353 	11354 	11045
f 11045 	11354 	11046
f 11354 	11355 	11046
f 11046 	11355 	11047
f 11355 	11356 	11047
f 11047 	11356 	11048
f 11356 	11357 	11048
f 11048 	11357 	11049
f 11357 	11358 	11049
f 11049 	11358 	11050
f 11358 	11359 	11050
f 11050 	11359 	11051
f 11359 	11360 	11051
f 11051 	11360 	11052
f 11360 	11361 	11052
f 11052 	11361 	11053
f 11361 	11362 	11053
f 11053 	11362 	11054
f 11362 	11363 	11054
f 11054 	11363 	11055
f 11363 	11364 	11055
f 11055 	11364 	11056
f 11364 	11365 	11056
f 11056 	11365 	11057
f 11365 	11366 	11057
f 11057 	11366 	11058
f 11366 	11367 	11058
f 11058 	11367 	11059
f 11367 	11368 	11059
f 11059 	11368 	11060
f 11368 	11369 	11060
f 11060 	11369 	11061
f 11369 	11370 	11061
f 11061 	11370 	11062
f 11370 	11371 	11062
f 11062 	11371 	11063
f 11371 	11372 	11063
f 11063 	11372 	11064
f 11372 	11373 	11064
f 11064 	11373 	11065
f 11373 	11374 	11065
f 11065 	11374 	11066
f 11374 	11375 	11066
f 11066 	11375 	11067
f 11375 	11376 	11067
f 11067 	11376 	11068
f 11376 	11377 	11068
f 11068 	11377 	11069
f 11377 	11378 	11069
f 11069 	11378 	11070
f 11378 	11379 	11070
f 11070 	11379 	11071
f 11379 	11380 	11071
f 11071 	11380 	11072
f 11380 	11381 	11072
f 11072 	11381 	11073
f 11381 	11382 	11073
f 11073 	11382 	11074
f 11382 	11383 	11074
f 11074 	11383 	11075
f 11383 	11384 	11075
f 11075 	11384 	11076
f 11384 	11385 	11076
f 11076 	11385 	11077
f 11385 	11386 	11077
f 11077 	11386 	11078
f 11386 	11387 	11078
f 11078 	11387 	11079
f 11387 	11388 	11079
f 11079 	11388 	11080
f 11388 	11389 	11080
f 11080 	11389 	11081
f 11389 	11390 	11081
f 11081 	11390 	11082
f 11390 	11391 	11082
f 11082 	11391 	11083
f 11391 	11392 	11083
f 11083 	11392 	11084
f 11392 	11393 	11084
f 11084 	11393 	11085
f 11393 	11394 	11085
f 11085 	11394 	11086
f 11394 	11395 	11086
f 11086 	11395 	11087
f 11395 	11396 	11087
f 11087 	11396 	11088
f 11396 	11397 	11088
f 11088 	11397 	11089
f 11397 	11398 	11089
f 11089 	11398 	11090
f 11398 	11399 	11090
f 11090 	11399 	11091
f 11399 	11400 	11091
f 11091 	11400 	11092
f 11400 	11401 	11092
f 11092 	11401 	11093
f 11401 	11402 	11093
f 11093 	11402 	11094
f 11402 	11403 	11094
f 11094 	11403 	11095
f 11403 	11404 	11095
f 11095 	11404 	11096
f 11404 	11405 	11096
f 11096 	11405 	11097
f 11405 	11406 	11097
f 11097 	11406 	11098
f 11406 	11407 	11098
f 11098 	11407 	11099
f 11407 	11408 	11099
f 11099 	11408 	11100
f 11408 	11409 	11100
f 11100 	11409 	11101
f 11409 	11410 	11101
f 11101 	11410 	11102
f 11410 	11411 	11102
f 11102 	11411 	11103
f 11411 	11412 	11103
f 11103 	11412 	11104
f 11412 	11413 	11104
f 11104 	11413 	11105
f 11413 	11414 	11105
f 11105 	11414 	11106
f 11414 	11415 	11106
f 11106 	11415 	11107
f 11415 	11416 	11107
f 11107 	11416 	11108
f 11416 	11417 	11108
f 11108 	11417 	11109
f 11417 	11418 	11109
f 11109 	11418 	11110
f 11418 	11419 	11110
f 11110 	11419 	11111
f 11419 	11420 	11111
f 11111 	11420 	11112
f 11420 	11421 	11112
f 11112 	11421 	11113
f 11421 	11422 	11113
f 11113 	11422 	11114
f 11422 	11423 	11114
f 11114 	11423 	11115
f 11423 	11424 	11115
f 11115 	11424 	11116
f 11424 	11425 	11116
f 11116 	11425 	11117
f 11425 	11426 	11117
f 11117 	11426 	11118
f 11426 	11427 	11118
f 11118 	11427 	11119
f 11427 	11428 	11119
f 11119 	11428 	11120
f 11428 	11429 	11120
f 11120 	11429 	11121
f 11429 	11430 	11121
f 11121 	11430 	11122
f 11430 	11431 	11122
f 11122 	11431 	11123
f 11431 	11432 	11123
f 11123 	11432 	11124
f 11432 	11433 	11124
f 11124 	11433 	11125
f 11433 	11434 	11125
f 11125 	11434 	11126
f 11434 	11435 	11126
f 11126 	11435 	11127
f 11435 	11436 	11127
f 11127 	11436 	11128
f 11436 	11437 	11128
f 11128 	11437 	11129
f 11437 	11438 	11129
f 11129 	11438 	11130
f 11438 	11439 	11130
f 11130 	11439 	11131
f 11439 	11440 	11131
f 11131 	11440 	11132
f 11440 	11441 	11132
f 11132 	11441 	11133
f 11441 	11442 	11133
f 11133 	11442 	11134
f 11442 	11443 	11134
f 11134 	11443 	11135
f 11443 	11444 	11135
f 11135 	11444 	11136
f 11444 	11445 	11136
f 11136 	11445 	11137
f 11445 	11446 	11137
f 11137 	11446 	11138
f 11446 	11447 	11138
f 11138 	11447 	11139
f 11447 	11448 	11139
f 11139 	11448 	11140
f 11448 	11449 	11140
f 11140 	11449 	11141
f 11449 	11450 	11141
f 11141 	11450 	11142
f 11450 	11451 	11142
f 11142 	11451 	11143
f 11451 	11452 	11143
f 11143 	11452 	11144
f 11452 	11453 	11144
f 11144 	11453 	11145
f 11453 	11454 	11145
f 11145 	11454 	11146
f 11454 	11455 	11146
f 11146 	11455 	11147
f 11455 	11456 	11147
f 11147 	11456 	11148
f 11456 	11457 	11148
f 11148 	11457 	11149
f 11457 	11458 	11149
f 11149 	11458 	11150
f 11458 	11459 	11150
f 11150 	11459 	11151
f 11459 	11460 	11151
f 11151 	11460 	11152
f 11460 	11461 	11152
f 11152 	11461 	11153
f 11461 	11462 	11153
f 11153 	11462 	11154
f 11462 	11463 	11154
f 11154 	11463 	11155
f 11463 	11464 	11155
f 11155 	11464 	11156
f 11464 	11465 	11156
f 11156 	11465 	11157
f 11465 	11466 	11157
f 11157 	11466 	11158
f 11466 	11467 	11158
f 11158 	11467 	11159
f 11467 	11468 	11159
f 11159 	11468 	11160
f 11468 	11469 	11160
f 11160 	11469 	11161
f 11469 	11470 	11161
f 11161 	11470 	11162
f 11470 	11471 	11162
f 11162 	11471 	11163
f 11471 	11472 	11163
f 11163 	11472 	11164
f 11472 	11473 	11164
f 11164 	11473 	10854
f 11473 	11474 	10854
f 10854 	11474 	601
f 602 	11475 	10855
f 10855 	11475 	11165
f 11475 	11476 	11165
f 11165 	11476 	11166
f 11476 	11477 	11166
f 11166 	11477 	11167
f 11477 	11478 	11167
f 11167 	11478 	11168
f 11478 	11479 	11168
f 11168 	11479 	11169
f 11479 	11480 	11169
f 11169 	11480 	11170
f 11480 	11481 	11170
f 11170 	11481 	11171
f 11481 	11482 	11171
f 11171 	11482 	11172
f 11482 	11483 	11172
f 11172 	11483 	11173
f 11483 	11484 	11173
f 11173 	11484 	11174
f 11484 	11485 	11174
f 11174 	11485 	10866
f 11485 	11175 	10866
f 11175 	11486 	11176
f 11486 	11487 	11176
f 11176 	11487 	11177
f 11487 	11488 	11177
f 11177 	11488 	11178
f 11488 	11489 	11178
f 11178 	11489 	11179
f 11489 	11490 	11179
f 11179 	11490 	11180
f 11490 	11491 	11180
f 11180 	11491 	11181
f 11491 	11492 	11181
f 11181 	11492 	11182
f 11492 	11493 	11182
f 11182 	11493 	11183
f 11493 	11494 	11183
f 11183 	11494 	11184
f 11494 	11495 	11184
f 11184 	11495 	11185
f 11495 	11496 	11185
f 11185 	11496 	11186
f 11496 	11497 	11186
f 11186 	11497 	11187
f 11497 	11498 	11187
f 11187 	11498 	11188
f 11498 	11499 	11188
f 11188 	11499 	11189
f 11499 	11500 	11189
f 11189 	11500 	11190
f 11500 	11501 	11190
f 11190 	11501 	11191
f 11501 	11502 	11191
f 11191 	11502 	11192
f 11502 	11503 	11192
f 11192 	11503 	11193
f 11503 	11504 	11193
f 11193 	11504 	11194
f 11504 	11505 	11194
f 11194 	11505 	11195
f 11505 	11506 	11195
f 11195 	11506 	11196
f 11506 	11507 	11196
f 11196 	11507 	11197
f 11507 	11508 	11197
f 11197 	11508 	11198
f 11508 	11509 	11198
f 11198 	11509 	11199
f 11509 	11510 	11199
f 11199 	11510 	11200
f 11510 	11511 	11200
f 11200 	11511 	11201
f 11511 	11512 	11201
f 11201 	11512 	11202
f 11512 	11513 	11202
f 11202 	11513 	11203
f 11513 	11514 	11203
f 11203 	11514 	11204
f 11514 	11515 	11204
f 11204 	11515 	11205
f 11515 	11516 	11205
f 11205 	11516 	11206
f 11516 	11517 	11206
f 11206 	11517 	11207
f 11517 	11518 	11207
f 11207 	11518 	11208
f 11518 	11519 	11208
f 11208 	11519 	11209
f 11519 	11520 	11209
f 11209 	11520 	11210
f 11520 	11521 	11210
f 11210 	11521 	11211
f 11521 	11522 	11211
f 11211 	11522 	11212
f 11522 	11523 	11212
f 11212 	11523 	11213
f 11523 	11524 	11213
f 11213 	11524 	11214
f 11524 	11525 	11214
f 11214 	11525 	11215
f 11525 	11526 	11215
f 11215 	11526 	11216
f 11526 	11527 	11216
f 11216 	11527 	11217
f 11527 	11528 	11217
f 11217 	11528 	11218
f 11528 	11529 	11218
f 11218 	11529 	11219
f 11529 	11530 	11219
f 11219 	11530 	11220
f 11530 	11531 	11220
f 11220 	11531 	11221
f 11531 	11532 	11221
f 11221 	11532 	11222
f 11532 	11533 	11222
f 11222 	11533 	11223
f 11533 	11534 	11223
f 11223 	11534 	11224
f 11534 	11535 	11224
f 11224 	11535 	11225
f 11535 	11536 	11225
f 11225 	11536 	11226
f 11536 	11537 	11226
f 11226 	11537 	11227
f 11537 	11538 	11227
f 11227 	11538 	11228
f 11538 	11539 	11228
f 11228 	11539 	11229
f 11539 	11540 	11229
f 11229 	11540 	11230
f 11540 	11541 	11230
f 11230 	11541 	11231
f 11541 	11542 	11231
f 11231 	11542 	11232
f 11542 	11543 	11232
f 11232 	11543 	11233
f 11543 	11544 	11233
f 11233 	11544 	11234
f 11544 	11545 	11234
f 11234 	11545 	11235
f 11545 	11546 	11235
f 11235 	11546 	11236
f 11546 	11547 	11236
f 11236 	11547 	11237
f 11547 	11548 	11237
f 11237 	11548 	11238
f 11548 	11549 	11238
f 11238 	11549 	11239
f 11549 	11550 	11239
f 11239 	11550 	11240
f 11550 	11551 	11240
f 11240 	11551 	11241
f 11551 	11552 	11241
f 11241 	11552 	11242
f 11552 	11553 	11242
f 11242 	11553 	11243
f 11553 	11554 	11243
f 11243 	11554 	11244
f 11554 	11555 	11244
f 11244 	11555 	11245
f 11555 	11556 	11245
f 11245 	11556 	11246
f 11556 	11557 	11246
f 11246 	11557 	11247
f 11557 	11558 	11247
f 11247 	11558 	11248
f 11558 	11559 	11248
f 11248 	11559 	11249
f 11559 	11560 	11249
f 11249 	11560 	11250
f 11560 	11561 	11250
f 11250 	11561 	11251
f 11561 	11562 	11251
f 11251 	11562 	11252
f 11562 	11563 	11252
f 11252 	11563 	11253
f 11563 	11564 	11253
f 11253 	11564 	11254
f 11564 	11565 	11254
f 11254 	11565 	11255
f 11565 	11566 	11255
f 11255 	11566 	11256
f 11566 	11567 	11256
f 11256 	11567 	11257
f 11567 	11568 	11257
f 11257 	11568 	11258
f 11568 	11569 	11258
f 11258 	11569 	11259
f 11569 	11570 	11259
f 11259 	11570 	11260
f 11570 	11571 	11260
f 11260 	11571 	11261
f 11571 	11572 	11261
f 11261 	11572 	11262
f 11572 	11573 	11262
f 11262 	11573 	11263
f 11573 	11574 	11263
f 11263 	11574 	11264
f 11574 	11575 	11264
f 11264 	11575 	11265
f 11575 	11576 	11265
f 11265 	11576 	11266
f 11576 	11577 	11266
f 11266 	11577 	11267
f 11577 	11578 	11267
f 11267 	11578 	11268
f 11578 	11579 	11268
f 11268 	11579 	11269
f 11579 	11580 	11269
f 11269 	11580 	11270
f 11580 	11581 	11270
f 11270 	11581 	11271
f 11581 	11582 	11271
f 11271 	11582 	11272
f 11582 	11583 	11272
f 11272 	11583 	11273
f 11583 	11584 	11273
f 11273 	11584 	11274
f 11584 	11585 	11274
f 11274 	11585 	11275
f 11585 	11586 	11275
f 11275 	11586 	11276
f 11586 	11587 	11276
f 11276 	11587 	11277
f 11587 	11588 	11277
f 11277 	11588 	11278
f 11588 	11589 	11278
f 11278 	11589 	11279
f 11589 	11590 	11279
f 11279 	11590 	11280
f 11590 	11591 	11280
f 11280 	11591 	11281
f 11591 	11592 	11281
f 11281 	11592 	11282
f 11592 	11593 	11282
f 11282 	11593 	11283
f 11593 	11594 	11283
f 11283 	11594 	11284
f 11594 	11595 	11284
f 11284 	11595 	11285
f 11595 	11596 	11285
f 11285 	11596 	11286
f 11596 	11597 	11286
f 11286 	11597 	11287
f 11597 	11598 	11287
f 11287 	11598 	11288
f 11598 	11599 	11288
f 11288 	11599 	11289
f 11599 	11600 	11289
f 11289 	11600 	11290
f 11600 	11601 	11290
f 11290 	11601 	11291
f 11601 	11602 	11291
f 11291 	11602 	11292
f 11602 	11603 	11292
f 11292 	11603 	11293
f 11603 	11604 	11293
f 11293 	11604 	11294
f 11604 	11605 	11294
f 11294 	11605 	11295
f 11605 	11606 	11295
f 11295 	11606 	11296
f 11606 	11607 	11296
f 11296 	11607 	11297
f 11607 	11608 	11297
f 11297 	11608 	11298
f 11608 	11609 	11298
f 11298 	11609 	11299
f 11609 	11610 	11299
f 11299 	11610 	11300
f 11610 	11611 	11300
f 11300 	11611 	11301
f 11611 	11612 	11301
f 11301 	11612 	11302
f 11612 	11613 	11302
f 11302 	11613 	11303
f 11613 	11614 	11303
f 11303 	11614 	11304
f 11614 	11615 	11304
f 11304 	11615 	11305
f 11615 	11616 	11305
f 11305 	11616 	11306
f 11616 	11617 	11306
f 11306 	11617 	11307
f 11617 	11618 	11307
f 11307 	11618 	11308
f 11618 	11619 	11308
f 11308 	11619 	11309
f 11619 	11620 	11309
f 11309 	11620 	11310
f 11620 	11621 	11310
f 11310 	11621 	11311
f 11621 	11622 	11311
f 11311 	11622 	11312
f 11622 	11623 	11312
f 11312 	11623 	11313
f 11623 	11624 	11313
f 11313 	11624 	11314
f 11624 	11625 	11314
f 11314 	11625 	11315
f 11625 	11626 	11315
f 11315 	11626 	11316
f 11626 	11627 	11316
f 11316 	11627 	11317
f 11627 	11628 	11317
f 11317 	11628 	11318
f 11628 	11629 	11318
f 11318 	11629 	11319
f 11629 	11630 	11319
f 11319 	11630 	11320
f 11630 	11631 	11320
f 11320 	11631 	11321
f 11631 	11632 	11321
f 11321 	11632 	11322
f 11632 	11633 	11322
f 11322 	11633 	11323
f 11633 	11634 	11323
f 11323 	11634 	11324
f 11634 	11635 	11324
f 11324 	11635 	11325
f 11635 	11636 	11325
f 11325 	11636 	11326
f 11636 	11637 	11326
f 11326 	11637 	11327
f 11637 	11638 	11327
f 11327 	11638 	11328
f 11638 	11639 	11328
f 11328 	11639 	11329
f 11639 	11640 	11329
f 11329 	11640 	11330
f 11640 	11641 	11330
f 11330 	11641 	11331
f 11641 	11642 	11331
f 11331 	11642 	11332
f 11642 	11643 	11332
f 11332 	11643 	11333
f 11643 	11644 	11333
f 11333 	11644 	11334
f 11644 	11645 	11334
f 11334 	11645 	11335
f 11645 	11646 	11335
f 11335 	11646 	11336
f 11646 	11647 	11336
f 11336 	11647 	11337
f 11647 	11648 	11337
f 11337 	11648 	11338
f 11648 	11649 	11338
f 11338 	11649 	11339
f 11649 	11650 	11339
f 11339 	11650 	11340
f 11650 	11651 	11340
f 11340 	11651 	11341
f 11651 	11652 	11341
f 11341 	11652 	11342
f 11652 	11653 	11342
f 11342 	11653 	11343
f 11653 	11654 	11343
f 11343 	11654 	11344
f 11654 	11655 	11344
f 11344 	11655 	11345
f 11655 	11656 	11345
f 11345 	11656 	11346
f 11656 	11657 	11346
f 11346 	11657 	11347
f 11657 	11658 	11347
f 11347 	11658 	11348
f 11658 	11659 	11348
f 11348 	11659 	11349
f 11659 	11660 	11349
f 11349 	11660 	11350
f 11660 	11661 	11350
f 11350 	11661 	11351
f 11661 	11662 	11351
f 11351 	11662 	11352
f 11662 	11663 	11352
f 11352 	11663 	11353
f 11663 	11664 	11353
f 11353 	11664 	11354
f 11664 	11665 	11354
f 11354 	11665 	11355
f 11665 	11666 	11355
f 11355 	11666 	11356
f 11666 	11667 	11356
f 11356 	11667 	11357
f 11667 	11668 	11357
f 11357 	11668 	11358
f 11668 	11669 	11358
f 11358 	11669 	11359
f 11669 	11670 	11359
f 11359 	11670 	11360
f 11670 	11671 	11360
f 11360 	11671 	11361
f 11671 	11672 	11361
f 11361 	11672 	11362
f 11672 	11673 	11362
f 11362 	11673 	11363
f 11673 	11674 	11363
f 11363 	11674 	11364
f 11674 	11675 	11364
f 11364 	11675 	11365
f 11675 	11676 	11365
f 11365 	11676 	11366
f 11676 	11677 	11366
f 11366 	11677 	11367
f 11677 	11678 	11367
f 11367 	11678 	11368
f 11678 	11679 	11368
f 11368 	11679 	11369
f 11679 	11680 	11369
f 11369 	11680 	11370
f 11680 	11681 	11370
f 11370 	11681 	11371
f 11681 	11682 	11371
f 11371 	11682 	11372
f 11682 	11683 	11372
f 11372 	11683 	11373
f 11683 	11684 	11373
f 11373 	11684 	11374
f 11684 	11685 	11374
f 11374 	11685 	11375
f 11685 	11686 	11375
f 11375 	11686 	11376
f 11686 	11687 	11376
f 11376 	11687 	11377
f 11687 	11688 	11377
f 11377 	11688 	11378
f 11688 	11689 	11378
f 11378 	11689 	11379
f 11689 	11690 	11379
f 11379 	11690 	11380
f 11690 	11691 	11380
f 11380 	11691 	11381
f 11691 	11692 	11381
f 11381 	11692 	11382
f 11692 	11693 	11382
f 11382 	11693 	11383
f 11693 	11694 	11383
f 11383 	11694 	11384
f 11694 	11695 	11384
f 11384 	11695 	11385
f 11695 	11696 	11385
f 11385 	11696 	11386
f 11696 	11697 	11386
f 11386 	11697 	11387
f 11697 	11698 	11387
f 11387 	11698 	11388
f 11698 	11699 	11388
f 11388 	11699 	11389
f 11699 	11700 	11389
f 11389 	11700 	11390
f 11700 	11701 	11390
f 11390 	11701 	11391
f 11701 	11702 	11391
f 11391 	11702 	11392
f 11702 	11703 	11392
f 11392 	11703 	11393
f 11703 	11704 	11393
f 11393 	11704 	11394
f 11704 	11705 	11394
f 11394 	11705 	11395
f 11705 	11706 	11395
f 11395 	11706 	11396
f 11706 	11707 	11396
f 11396 	11707 	11397
f 11707 	11708 	11397
f 11397 	11708 	11398
f 11708 	11709 	11398
f 11398 	11709 	11399
f 11709 	11710 	11399
f 11399 	11710 	11400
f 11710 	11711 	11400
f 11400 	11711 	11401
f 11711 	11712 	11401
f 11401 	11712 	11402
f 11712 	11713 	11402
f 11402 	11713 	11403
f 11713 	11714 	11403
f 11403 	11714 	11404
f 11714 	11715 	11404
f 11404 	11715 	11405
f 11715 	11716 	11405
f 11405 	11716 	11406
f 11716 	11717 	11406
f 11406 	11717 	11407
f 11717 	11718 	11407
f 11407 	11718 	11408
f 11718 	11719 	11408
f 11408 	11719 	11409
f 11719 	11720 	11409
f 11409 	11720 	11410
f 11720 	11721 	11410
f 11410 	11721 	11411
f 11721 	11722 	11411
f 11411 	11722 	11412
f 11722 	11723 	11412
f 11412 	11723 	11413
f 11723 	11724 	11413
f 11413 	11724 	11414
f 11724 	11725 	11414
f 11414 	11725 	11415
f 11725 	11726 	11415
f 11415 	11726 	11416
f 11726 	11727 	11416
f 11416 	11727 	11417
f 11727 	11728 	11417
f 11417 	11728 	11418
f 11728 	11729 	11418
f 11418 	11729 	11419
f 11729 	11730 	11419
f 11419 	11730 	11420
f 11730 	11731 	11420
f 11420 	11731 	11421
f 11731 	11732 	11421
f 11421 	11732 	11422
f 11732 	11733 	11422
f 11422 	11733 	11423
f 11733 	11734 	11423
f 11423 	11734 	11424
f 11734 	11735 	11424
f 11424 	11735 	11425
f 11735 	11736 	11425
f 11425 	11736 	11426
f 11736 	11737 	11426
f 11426 	11737 	11427
f 11737 	11738 	11427
f 11427 	11738 	11428
f 11738 	11739 	11428
f 11428 	11739 	11429
f 11739 	11740 	11429
f 11429 	11740 	11430
f 11740 	11741 	11430
f 11430 	11741 	11431
f 11741 	11742 	11431
f 11431 	11742 	11432
f 11742 	11743 	11432
f 11432 	11743 	11433
f 11743 	11744 	11433
f 11433 	11744 	11434
f 11744 	11745 	11434
f 11434 	11745 	11435
f 11745 	11746 	11435
f 11435 	11746 	11436
f 11746 	11747 	11436
f 11436 	11747 	11437
f 11747 	11748 	11437
f 11437 	11748 	11438
f 11748 	11749 	11438
f 11438 	11749 	11439
f 11749 	11750 	11439
f 11439 	11750 	11440
f 11750 	11751 	11440
f 11440 	11751 	11441
f 11751 	11752 	11441
f 11441 	11752 	11442
f 11752 	11753 	11442
f 11442 	11753 	11443
f 11753 	11754 	11443
f 11443 	11754 	11444
f 11754 	11755 	11444
f 11444 	11755 	11445
f 11755 	11756 	11445
f 11445 	11756 	11446
f 11756 	11757 	11446
f 11446 	11757 	11447
f 11757 	11758 	11447
f 11447 	11758 	11448
f 11758 	11759 	11448
f 11448 	11759 	11449
f 11759 	11760 	11449
f 11449 	11760 	11450
f 11760 	11761 	11450
f 11450 	11761 	11451
f 11761 	11762 	11451
f 11451 	11762 	11452
f 11762 	11763 	11452
f 11452 	11763 	11453
f 11763 	11764 	11453
f 11453 	11764 	11454
f 11764 	11765 	11454
f 11454 	11765 	11455
f 11765 	11766 	11455
f 11455 	11766 	11456
f 11766 	11767 	11456
f 11456 	11767 	11457
f 11767 	11768 	11457
f 11457 	11768 	11458
f 11768 	11769 	11458
f 11458 	11769 	11459
f 11769 	11770 	11459
f 11459 	11770 	11460
f 11770 	11771 	11460
f 11460 	11771 	11461
f 11771 	11772 	11461
f 11461 	11772 	11462
f 11772 	11773 	11462
f 11462 	11773 	11463
f 11773 	11774 	11463
f 11463 	11774 	11464
f 11774 	11775 	11464
f 11464 	11775 	11465
f 11775 	11776 	11465
f 11465 	11776 	11466
f 11776 	11777 	11466
f 11466 	11777 	11467
f 11777 	11778 	11467
f 11467 	11778 	11468
f 11778 	11779 	11468
f 11468 	11779 	11469
f 11779 	11780 	11469
f 11469 	11780 	11470
f 11780 	11781 	11470
f 11470 	11781 	11471
f 11781 	11782 	11471
f 11471 	11782 	11472
f 11782 	11783 	11472
f 11472 	11783 	11473
f 11783 	11784 	11473
f 11473 	11784 	11474
f 11784 	11785 	11474
f 11474 	11785 	601
f 602 	11786 	11475
f 11475 	11786 	11476
f 11786 	11787 	11476
f 11476 	11787 	11477
f 11787 	11788 	11477
f 11477 	11788 	11478
f 11788 	11789 	11478
f 11478 	11789 	11479
f 11789 	11790 	11479
f 11479 	11790 	11480
f 11790 	11791 	11480
f 11480 	11791 	11481
f 11791 	11792 	11481
f 11481 	11792 	11482
f 11792 	11793 	11482
f 11482 	11793 	11483
f 11793 	11794 	11483
f 11483 	11794 	11484
f 11794 	11795 	11484
f 11484 	11795 	11485
f 11795 	11796 	11485
f 11485 	11796 	11175
f 11796 	11486 	11175
f 11486 	11797 	11487
f 11797 	11798 	11487
f 11487 	11798 	11488
f 11798 	11799 	11488
f 11488 	11799 	11489
f 11799 	11800 	11489
f 11489 	11800 	11490
f 11800 	11801 	11490
f 11490 	11801 	11491
f 11801 	11802 	11491
f 11491 	11802 	11492
f 11802 	11803 	11492
f 11492 	11803 	11493
f 11803 	11804 	11493
f 11493 	11804 	11494
f 11804 	11805 	11494
f 11494 	11805 	11495
f 11805 	11806 	11495
f 11495 	11806 	11496
f 11806 	11807 	11496
f 11496 	11807 	11497
f 11807 	11808 	11497
f 11497 	11808 	11498
f 11808 	11809 	11498
f 11498 	11809 	11499
f 11809 	11810 	11499
f 11499 	11810 	11500
f 11810 	11811 	11500
f 11500 	11811 	11501
f 11811 	11812 	11501
f 11501 	11812 	11502
f 11812 	11813 	11502
f 11502 	11813 	11503
f 11813 	11814 	11503
f 11503 	11814 	11504
f 11814 	11815 	11504
f 11504 	11815 	11505
f 11815 	11816 	11505
f 11505 	11816 	11506
f 11816 	11817 	11506
f 11506 	11817 	11507
f 11817 	11818 	11507
f 11507 	11818 	11508
f 11818 	11819 	11508
f 11508 	11819 	11509
f 11819 	11820 	11509
f 11509 	11820 	11510
f 11820 	11821 	11510
f 11510 	11821 	11511
f 11821 	11822 	11511
f 11511 	11822 	11512
f 11822 	11823 	11512
f 11512 	11823 	11513
f 11823 	11824 	11513
f 11513 	11824 	11514
f 11824 	11825 	11514
f 11514 	11825 	11515
f 11825 	11826 	11515
f 11515 	11826 	11516
f 11826 	11827 	11516
f 11516 	11827 	11517
f 11827 	11828 	11517
f 11517 	11828 	11518
f 11828 	11829 	11518
f 11518 	11829 	11519
f 11829 	11830 	11519
f 11519 	11830 	11520
f 11830 	11831 	11520
f 11520 	11831 	11521
f 11831 	11832 	11521
f 11521 	11832 	11522
f 11832 	11833 	11522
f 11522 	11833 	11523
f 11833 	11834 	11523
f 11523 	11834 	11524
f 11834 	11835 	11524
f 11524 	11835 	11525
f 11835 	11836 	11525
f 11525 	11836 	11526
f 11836 	11837 	11526
f 11526 	11837 	11527
f 11837 	11838 	11527
f 11527 	11838 	11528
f 11838 	11839 	11528
f 11528 	11839 	11529
f 11839 	11840 	11529
f 11529 	11840 	11530
f 11840 	11841 	11530
f 11530 	11841 	11531
f 11841 	11842 	11531
f 11531 	11842 	11532
f 11842 	11843 	11532
f 11532 	11843 	11533
f 11843 	11844 	11533
f 11533 	11844 	11534
f 11844 	11845 	11534
f 11534 	11845 	11535
f 11845 	11846 	11535
f 11535 	11846 	11536
f 11846 	11847 	11536
f 11536 	11847 	11537
f 11847 	11848 	11537
f 11537 	11848 	11538
f 11848 	11849 	11538
f 11538 	11849 	11539
f 11849 	11850 	11539
f 11539 	11850 	11540
f 11850 	11851 	11540
f 11540 	11851 	11541
f 11851 	11852 	11541
f 11541 	11852 	11542
f 11852 	11853 	11542
f 11542 	11853 	11543
f 11853 	11854 	11543
f 11543 	11854 	11544
f 11854 	11855 	11544
f 11544 	11855 	11545
f 11855 	11856 	11545
f 11545 	11856 	11546
f 11856 	11857 	11546
f 11546 	11857 	11547
f 11857 	11858 	11547
f 11547 	11858 	11548
f 11858 	11859 	11548
f 11548 	11859 	11549
f 11859 	11860 	11549
f 11549 	11860 	11550
f 11860 	11861 	11550
f 11550 	11861 	11551
f 11861 	11862 	11551
f 11551 	11862 	11552
f 11862 	11863 	11552
f 11552 	11863 	11553
f 11863 	11864 	11553
f 11553 	11864 	11554
f 11864 	11865 	11554
f 11554 	11865 	11555
f 11865 	11866 	11555
f 11555 	11866 	11556
f 11866 	11867 	11556
f 11556 	11867 	11557
f 11867 	11868 	11557
f 11557 	11868 	11558
f 11868 	11869 	11558
f 11558 	11869 	11559
f 11869 	11870 	11559
f 11559 	11870 	11560
f 11870 	11871 	11560
f 11560 	11871 	11561
f 11871 	11872 	11561
f 11561 	11872 	11562
f 11872 	11873 	11562
f 11562 	11873 	11563
f 11873 	11874 	11563
f 11563 	11874 	11564
f 11874 	11875 	11564
f 11564 	11875 	11565
f 11875 	11876 	11565
f 11565 	11876 	11566
f 11876 	11877 	11566
f 11566 	11877 	11567
f 11877 	11878 	11567
f 11567 	11878 	11568
f 11878 	11879 	11568
f 11568 	11879 	11569
f 11879 	11880 	11569
f 11569 	11880 	11570
f 11880 	11881 	11570
f 11570 	11881 	11571
f 11881 	11882 	11571
f 11571 	11882 	11572
f 11882 	11883 	11572
f 11572 	11883 	11573
f 11883 	11884 	11573
f 11573 	11884 	11574
f 11884 	11885 	11574
f 11574 	11885 	11575
f 11885 	11886 	11575
f 11575 	11886 	11576
f 11886 	11887 	11576
f 11576 	11887 	11577
f 11887 	11888 	11577
f 11577 	11888 	11578
f 11888 	11889 	11578
f 11578 	11889 	11579
f 11889 	11890 	11579
f 11579 	11890 	11580
f 11890 	11891 	11580
f 11580 	11891 	11581
f 11891 	11892 	11581
f 11581 	11892 	11582
f 11892 	11893 	11582
f 11582 	11893 	11583
f 11893 	11894 	11583
f 11583 	11894 	11584
f 11894 	11895 	11584
f 11584 	11895 	11585
f 11895 	11896 	11585
f 11585 	11896 	11586
f 11896 	11897 	11586
f 11586 	11897 	11587
f 11897 	11898 	11587
f 11587 	11898 	11588
f 11898 	11899 	11588
f 11588 	11899 	11589
f 11899 	11900 	11589
f 11589 	11900 	11590
f 11900 	11901 	11590
f 11590 	11901 	11591
f 11901 	11902 	11591
f 11591 	11902 	11592
f 11902 	11903 	11592
f 11592 	11903 	11593
f 11903 	11904 	11593
f 11593 	11904 	11594
f 11904 	11905 	11594
f 11594 	11905 	11595
f 11905 	11906 	11595
f 11595 	11906 	11596
f 11906 	11907 	11596
f 11596 	11907 	11597
f 11907 	11908 	11597
f 11597 	11908 	11598
f 11908 	11909 	11598
f 11598 	11909 	11599
f 11909 	11910 	11599
f 11599 	11910 	11600
f 11910 	11911 	11600
f 11600 	11911 	11601
f 11911 	11912 	11601
f 11601 	11912 	11602
f 11912 	11913 	11602
f 11602 	11913 	11603
f 11913 	11914 	11603
f 11603 	11914 	11604
f 11914 	11915 	11604
f 11604 	11915 	11605
f 11915 	11916 	11605
f 11605 	11916 	11606
f 11916 	11917 	11606
f 11606 	11917 	11607
f 11917 	11918 	11607
f 11607 	11918 	11608
f 11918 	11919 	11608
f 11608 	11919 	11609
f 11919 	11920 	11609
f 11609 	11920 	11610
f 11920 	11921 	11610
f 11610 	11921 	11611
f 11921 	11922 	11611
f 11611 	11922 	11612
f 11922 	11923 	11612
f 11612 	11923 	11613
f 11923 	11924 	11613
f 11613 	11924 	11614
f 11924 	11925 	11614
f 11614 	11925 	11615
f 11925 	11926 	11615
f 11615 	11926 	11616
f 11926 	11927 	11616
f 11616 	11927 	11617
f 11927 	11928 	11617
f 11617 	11928 	11618
f 11928 	11929 	11618
f 11618 	11929 	11619
f 11929 	11930 	11619
f 11619 	11930 	11620
f 11930 	11931 	11620
f 11620 	11931 	11621
f 11931 	11932 	11621
f 11621 	11932 	11622
f 11932 	11933 	11622
f 11622 	11933 	11623
f 11933 	11934 	11623
f 11623 	11934 	11624
f 11934 	11935 	11624
f 11624 	11935 	11625
f 11935 	11936 	11625
f 11625 	11936 	11626
f 11936 	11937 	11626
f 11626 	11937 	11627
f 11937 	11938 	11627
f 11627 	11938 	11628
f 11938 	11939 	11628
f 11628 	11939 	11629
f 11939 	11940 	11629
f 11629 	11940 	11630
f 11940 	11941 	11630
f 11630 	11941 	11631
f 11941 	11942 	11631
f 11631 	11942 	11632
f 11942 	11943 	11632
f 11632 	11943 	11633
f 11943 	11944 	11633
f 11633 	11944 	11634
f 11944 	11945 	11634
f 11634 	11945 	11635
f 11945 	11946 	11635
f 11635 	11946 	11636
f 11946 	11947 	11636
f 11636 	11947 	11637
f 11947 	11948 	11637
f 11637 	11948 	11638
f 11948 	11949 	11638
f 11638 	11949 	11639
f 11949 	11950 	11639
f 11639 	11950 	11640
f 11950 	11951 	11640
f 11640 	11951 	11641
f 11951 	11952 	11641
f 11641 	11952 	11642
f 11952 	11953 	11642
f 11642 	11953 	11643
f 11953 	11954 	11643
f 11643 	11954 	11644
f 11954 	11955 	11644
f 11644 	11955 	11645
f 11955 	11956 	11645
f 11645 	11956 	11646
f 11956 	11957 	11646
f 11646 	11957 	11647
f 11957 	11958 	11647
f 11647 	11958 	11648
f 11958 	11959 	11648
f 11648 	11959 	11649
f 11959 	11960 	11649
f 11649 	11960 	11650
f 11960 	11961 	11650
f 11650 	11961 	11651
f 11961 	11962 	11651
f 11651 	11962 	11652
f 11962 	11963 	11652
f 11652 	11963 	11653
f 11963 	11964 	11653
f 11653 	11964 	11654
f 11964 	11965 	11654
f 11654 	11965 	11655
f 11965 	11966 	11655
f 11655 	11966 	11656
f 11966 	11967 	11656
f 11656 	11967 	11657
f 11967 	11968 	11657
f 11657 	11968 	11658
f 11968 	11969 	11658
f 11658 	11969 	11659
f 11969 	11970 	11659
f 11659 	11970 	11660
f 11970 	11971 	11660
f 11660 	11971 	11661
f 11971 	11972 	11661
f 11661 	11972 	11662
f 11972 	11973 	11662
f 11662 	11973 	11663
f 11973 	11974 	11663
f 11663 	11974 	11664
f 11974 	11975 	11664
f 11664 	11975 	11665
f 11975 	11976 	11665
f 11665 	11976 	11666
f 11976 	11977 	11666
f 11666 	11977 	11667
f 11977 	11978 	11667
f 11667 	11978 	11668
f 11978 	11979 	11668
f 11668 	11979 	11669
f 11979 	11980 	11669
f 11669 	11980 	11670
f 11980 	11981 	11670
f 11670 	11981 	11671
f 11981 	11982 	11671
f 11671 	11982 	11672
f 11982 	11983 	11672
f 11672 	11983 	11673
f 11983 	11984 	11673
f 11673 	11984 	11674
f 11984 	11985 	11674
f 11674 	11985 	11675
f 11985 	11986 	11675
f 11675 	11986 	11676
f 11986 	11987 	11676
f 11676 	11987 	11677
f 11987 	11988 	11677
f 11677 	11988 	11678
f 11988 	11989 	11678
f 11678 	11989 	11679
f 11989 	11990 	11679
f 11679 	11990 	11680
f 11990 	11991 	11680
f 11680 	11991 	11681
f 11991 	11992 	11681
f 11681 	11992 	11682
f 11992 	11993 	11682
f 11682 	11993 	11683
f 11993 	11994 	11683
f 11683 	11994 	11684
f 11994 	11995 	11684
f 11684 	11995 	11685
f 11995 	11996 	11685
f 11685 	11996 	11686
f 11996 	11997 	11686
f 11686 	11997 	11687
f 11997 	11998 	11687
f 11687 	11998 	11688
f 11998 	11999 	11688
f 11688 	11999 	11689
f 11999 	12000 	11689
f 11689 	12000 	11690
f 12000 	12001 	11690
f 11690 	12001 	11691
f 12001 	12002 	11691
f 11691 	12002 	11692
f 12002 	12003 	11692
f 11692 	12003 	11693
f 12003 	12004 	11693
f 11693 	12004 	11694
f 12004 	12005 	11694
f 11694 	12005 	11695
f 12005 	12006 	11695
f 11695 	12006 	11696
f 12006 	12007 	11696
f 11696 	12007 	11697
f 12007 	12008 	11697
f 11697 	12008 	11698
f 12008 	12009 	11698
f 11698 	12009 	11699
f 12009 	12010 	11699
f 11699 	12010 	11700
f 12010 	12011 	11700
f 11700 	12011 	11701
f 12011 	12012 	11701
f 11701 	12012 	11702
f 12012 	12013 	11702
f 11702 	12013 	11703
f 12013 	12014 	11703
f 11703 	12014 	11704
f 12014 	12015 	11704
f 11704 	12015 	11705
f 12015 	12016 	11705
f 11705 	12016 	11706
f 12016 	12017 	11706
f 11706 	12017 	11707
f 12017 	12018 	11707
f 11707 	12018 	11708
f 12018 	12019 	11708
f 11708 	12019 	11709
f 12019 	12020 	11709
f 11709 	12020 	11710
f 12020 	12021 	11710
f 11710 	12021 	11711
f 12021 	12022 	11711
f 11711 	12022 	11712
f 12022 	12023 	11712
f 11712 	12023 	11713
f 12023 	12024 	11713
f 11713 	12024 	11714
f 12024 	12025 	11714
f 11714 	12025 	11715
f 12025 	12026 	11715
f 11715 	12026 	11716
f 12026 	12027 	11716
f 11716 	12027 	11717
f 12027 	12028 	11717
f 11717 	12028 	11718
f 12028 	12029 	11718
f 11718 	12029 	11719
f 12029 	12030 	11719
f 11719 	12030 	11720
f 12030 	12031 	11720
f 11720 	12031 	11721
f 12031 	12032 	11721
f 11721 	12032 	11722
f 12032 	12033 	11722
f 11722 	12033 	11723
f 12033 	12034 	11723
f 11723 	12034 	11724
f 12034 	12035 	11724
f 11724 	12035 	11725
f 12035 	12036 	11725
f 11725 	12036 	11726
f 12036 	12037 	11726
f 11726 	12037 	11727
f 12037 	12038 	11727
f 11727 	12038 	11728
f 12038 	12039 	11728
f 11728 	12039 	11729
f 12039 	12040 	11729
f 11729 	12040 	11730
f 12040 	12041 	11730
f 11730 	12041 	11731
f 12041 	12042 	11731
f 11731 	12042 	11732
f 12042 	12043 	11732
f 11732 	12043 	11733
f 12043 	12044 	11733
f 11733 	12044 	11734
f 12044 	12045 	11734
f 11734 	12045 	11735
f 12045 	12046 	11735
f 11735 	12046 	11736
f 12046 	12047 	11736
f 11736 	12047 	11737
f 12047 	12048 	11737
f 11737 	12048 	11738
f 12048 	12049 	11738
f 11738 	12049 	11739
f 12049 	12050 	11739
f 11739 	12050 	11740
f 12050 	12051 	11740
f 11740 	12051 	11741
f 12051 	12052 	11741
f 11741 	12052 	11742
f 12052 	12053 	11742
f 11742 	12053 	11743
f 12053 	12054 	11743
f 11743 	12054 	11744
f 12054 	12055 	11744
f 11744 	12055 	11745
f 12055 	12056 	11745
f 11745 	12056 	11746
f 12056 	12057 	11746
f 11746 	12057 	11747
f 12057 	12058 	11747
f 11747 	12058 	11748
f 12058 	12059 	11748
f 11748 	12059 	11749
f 12059 	12060 	11749
f 11749 	12060 	11750
f 12060 	12061 	11750
f 11750 	12061 	11751
f 12061 	12062 	11751
f 11751 	12062 	11752
f 12062 	12063 	11752
f 11752 	12063 	11753
f 12063 	12064 	11753
f 11753 	12064 	11754
f 12064 	12065 	11754
f 11754 	12065 	11755
f 12065 	12066 	11755
f 11755 	12066 	11756
f 12066 	12067 	11756
f 11756 	12067 	11757
f 12067 	12068 	11757
f 11757 	12068 	11758
f 12068 	12069 	11758
f 11758 	12069 	11759
f 12069 	12070 	11759
f 11759 	12070 	11760
f 12070 	12071 	11760
f 11760 	12071 	11761
f 12071 	12072 	11761
f 11761 	12072 	11762
f 12072 	12073 	11762
f 11762 	12073 	11763
f 12073 	12074 	11763
f 11763 	12074 	11764
f 12074 	12075 	11764
f 11764 	12075 	11765
f 12075 	12076 	11765
f 11765 	12076 	11766
f 12076 	12077 	11766
f 11766 	12077 	11767
f 12077 	12078 	11767
f 11767 	12078 	11768
f 12078 	12079 	11768
f 11768 	12079 	11769
f 12079 	12080 	11769
f 11769 	12080 	11770
f 12080 	12081 	11770
f 11770 	12081 	11771
f 12081 	12082 	11771
f 11771 	12082 	11772
f 12082 	12083 	11772
f 11772 	12083 	11773
f 12083 	12084 	11773
f 11773 	12084 	11774
f 12084 	12085 	11774
f 11774 	12085 	11775
f 12085 	12086 	11775
f 11775 	12086 	11776
f 12086 	12087 	11776
f 11776 	12087 	11777
f 12087 	12088 	11777
f 11777 	12088 	11778
f 12088 	12089 	11778
f 11778 	12089 	11779
f 12089 	12090 	11779
f 11779 	12090 	11780
f 12090 	12091 	11780
f 11780 	12091 	11781
f 12091 	12092 	11781
f 11781 	12092 	11782
f 12092 	12093 	11782
f 11782 	12093 	11783
f 12093 	12094 	11783
f 11783 	12094 	11784
f 12094 	12095 	11784
f 11784 	12095 	11785
f 12095 	11785 	11785
f 602 	11786 	11786
f 11786 	12096 	11787
f 11787 	12096 	11788
f 12096 	12097 	11788
f 11788 	12097 	11789
f 12097 	12098 	11789
f 11789 	12098 	11790
f 12098 	12099 	11790
f 11790 	12099 	11791
f 12099 	12100 	11791
f 11791 	12100 	11792
f 12100 	12101 	11792
f 11792 	12101 	11793
f 12101 	12102 	11793
f 11793 	12102 	11794
f 12102 	12103 	11794
f 11794 	12103 	11795
f 12103 	12104 	11795
f 11795 	12104 	11796
f 12104 	12105 	11796
f 11796 	12105 	11486
f 12105 	11797 	11486
f 11797 	12106 	11798
f 12106 	12107 	11798
f 11798 	12107 	11799
f 12107 	12108 	11799
f 11799 	12108 	11800
f 12108 	12109 	11800
f 11800 	12109 	11801
f 12109 	12110 	11801
f 11801 	12110 	11802
f 12110 	12111 	11802
f 11802 	12111 	11803
f 12111 	12112 	11803
f 11803 	12112 	11804
f 12112 	12113 	11804
f 11804 	12113 	11805
f 12113 	12114 	11805
f 11805 	12114 	11806
f 12114 	12115 	11806
f 11806 	12115 	11807
f 12115 	12116 	11807
f 11807 	12116 	11808
f 12116 	12117 	11808
f 11808 	12117 	11809
f 12117 	12118 	11809
f 11809 	12118 	11810
f 12118 	12119 	11810
f 11810 	12119 	11811
f 12119 	12120 	11811
f 11811 	12120 	11812
f 12120 	12121 	11812
f 11812 	12121 	11813
f 12121 	12122 	11813
f 11813 	12122 	11814
f 12122 	12123 	11814
f 11814 	12123 	11815
f 12123 	12124 	11815
f 11815 	12124 	11816
f 12124 	12125 	11816
f 11816 	12125 	11817
f 12125 	12126 	11817
f 11817 	12126 	11818
f 12126 	12127 	11818
f 11818 	12127 	11819
f 12127 	12128 	11819
f 11819 	12128 	11820
f 12128 	12129 	11820
f 11820 	12129 	11821
f 12129 	12130 	11821
f 11821 	12130 	11822
f 12130 	12131 	11822
f 11822 	12131 	11823
f 12131 	12132 	11823
f 11823 	12132 	11824
f 12132 	12133 	11824
f 11824 	12133 	11825
f 12133 	12134 	11825
f 11825 	12134 	11826
f 12134 	12135 	11826
f 11826 	12135 	11827
f 12135 	12136 	11827
f 11827 	12136 	11828
f 12136 	12137 	11828
f 11828 	12137 	11829
f 12137 	12138 	11829
f 11829 	12138 	11830
f 12138 	12139 	11830
f 11830 	12139 	11831
f 12139 	12140 	11831
f 11831 	12140 	11832
f 12140 	12141 	11832
f 11832 	12141 	11833
f 12141 	12142 	11833
f 11833 	12142 	11834
f 12142 	12143 	11834
f 11834 	12143 	11835
f 12143 	12144 	11835
f 11835 	12144 	11836
f 12144 	12145 	11836
f 11836 	12145 	11837
f 12145 	12146 	11837
f 11837 	12146 	11838
f 12146 	12147 	11838
f 11838 	12147 	11839
f 12147 	12148 	11839
f 11839 	12148 	11840
f 12148 	12149 	11840
f 11840 	12149 	11841
f 12149 	12150 	11841
f 11841 	12150 	11842
f 12150 	12151 	11842
f 11842 	12151 	11843
f 12151 	12152 	11843
f 11843 	12152 	11844
f 12152 	12153 	11844
f 11844 	12153 	11845
f 12153 	12154 	11845
f 11845 	12154 	11846
f 12154 	12155 	11846
f 11846 	12155 	11847
f 12155 	12156 	11847
f 11847 	12156 	11848
f 12156 	12157 	11848
f 11848 	12157 	11849
f 12157 	12158 	11849
f 11849 	12158 	11850
f 12158 	12159 	11850
f 11850 	12159 	11851
f 12159 	12160 	11851
f 11851 	12160 	11852
f 12160 	12161 	11852
f 11852 	12161 	11853
f 12161 	12162 	11853
f 11853 	12162 	11854
f 12162 	12163 	11854
f 11854 	12163 	11855
f 12163 	12164 	11855
f 11855 	12164 	11856
f 12164 	12165 	11856
f 11856 	12165 	11857
f 12165 	12166 	11857
f 11857 	12166 	11858
f 12166 	12167 	11858
f 11858 	12167 	11859
f 12167 	12168 	11859
f 11859 	12168 	11860
f 12168 	12169 	11860
f 11860 	12169 	11861
f 12169 	12170 	11861
f 11861 	12170 	11862
f 12170 	12171 	11862
f 11862 	12171 	11863
f 12171 	12172 	11863
f 11863 	12172 	11864
f 12172 	12173 	11864
f 11864 	12173 	11865
f 12173 	12174 	11865
f 11865 	12174 	11866
f 12174 	12175 	11866
f 11866 	12175 	11867
f 12175 	12176 	11867
f 11867 	12176 	11868
f 12176 	12177 	11868
f 11868 	12177 	11869
f 12177 	12178 	11869
f 11869 	12178 	11870
f 12178 	12179 	11870
f 11870 	12179 	11871
f 12179 	12180 	11871
f 11871 	12180 	11872
f 12180 	12181 	11872
f 11872 	12181 	11873
f 12181 	12182 	11873
f 11873 	12182 	11874
f 12182 	12183 	11874
f 11874 	12183 	11875
f 12183 	12184 	11875
f 11875 	12184 	11876
f 12184 	12185 	11876
f 11876 	12185 	11877
f 12185 	12186 	11877
f 11877 	12186 	11878
f 12186 	12187 	11878
f 11878 	12187 	11879
f 12187 	12188 	11879
f 11879 	12188 	11880
f 12188 	12189 	11880
f 11880 	12189 	11881
f 12189 	12190 	11881
f 11881 	12190 	11882
f 12190 	12191 	11882
f 11882 	12191 	11883
f 12191 	12192 	11883
f 11883 	12192 	11884
f 12192 	12193 	11884
f 11884 	12193 	11885
f 12193 	12194 	11885
f 11885 	12194 	11886
f 12194 	12195 	11886
f 11886 	12195 	11887
f 12195 	12196 	11887
f 11887 	12196 	11888
f 12196 	12197 	11888
f 11888 	12197 	11889
f 12197 	12198 	11889
f 11889 	12198 	11890
f 12198 	12199 	11890
f 11890 	12199 	11891
f 12199 	12200 	11891
f 11891 	12200 	11892
f 12200 	12201 	11892
f 11892 	12201 	11893
f 12201 	12202 	11893
f 11893 	12202 	11894
f 12202 	12203 	11894
f 11894 	12203 	11895
f 12203 	12204 	11895
f 11895 	12204 	11896
f 12204 	12205 	11896
f 11896 	12205 	11897
f 12205 	12206 	11897
f 11897 	12206 	11898
f 12206 	12207 	11898
f 11898 	12207 	11899
f 12207 	12208 	11899
f 11899 	12208 	11900
f 12208 	12209 	11900
f 11900 	12209 	11901
f 12209 	12210 	11901
f 11901 	12210 	11902
f 12210 	12211 	11902
f 11902 	12211 	11903
f 12211 	12212 	11903
f 11903 	12212 	11904
f 12212 	12213 	11904
f 11904 	12213 	11905
f 12213 	12214 	11905
f 11905 	12214 	11906
f 12214 	12215 	11906
f 11906 	12215 	11907
f 12215 	12216 	11907
f 11907 	12216 	11908
f 12216 	12217 	11908
f 11908 	12217 	11909
f 12217 	12218 	11909
f 11909 	12218 	11910
f 12218 	12219 	11910
f 11910 	12219 	11911
f 12219 	12220 	11911
f 11911 	12220 	11912
f 12220 	12221 	11912
f 11912 	12221 	11913
f 12221 	12222 	11913
f 11913 	12222 	11914
f 12222 	12223 	11914
f 11914 	12223 	11915
f 12223 	12224 	11915
f 11915 	12224 	11916
f 12224 	12225 	11916
f 11916 	12225 	11917
f 12225 	12226 	11917
f 11917 	12226 	11918
f 12226 	12227 	11918
f 11918 	12227 	11919
f 12227 	12228 	11919
f 11919 	12228 	11920
f 12228 	12229 	11920
f 11920 	12229 	11921
f 12229 	12230 	11921
f 11921 	12230 	11922
f 12230 	12231 	11922
f 11922 	12231 	11923
f 12231 	12232 	11923
f 11923 	12232 	11924
f 12232 	12233 	11924
f 11924 	12233 	11925
f 12233 	12234 	11925
f 11925 	12234 	11926
f 12234 	12235 	11926
f 11926 	12235 	11927
f 12235 	12236 	11927
f 11927 	12236 	11928
f 12236 	12237 	11928
f 11928 	12237 	11929
f 12237 	12238 	11929
f 11929 	12238 	11930
f 12238 	12239 	11930
f 11930 	12239 	11931
f 12239 	12240 	11931
f 11931 	12240 	11932
f 12240 	12241 	11932
f 11932 	12241 	11933
f 12241 	12242 	11933
f 11933 	12242 	11934
f 12242 	12243 	11934
f 11934 	12243 	11935
f 12243 	12244 	11935
f 11935 	12244 	11936
f 12244 	12245 	11936
f 11936 	12245 	11937
f 12245 	12246 	11937
f 11937 	12246 	11938
f 12246 	12247 	11938
f 11938 	12247 	11939
f 12247 	12248 	11939
f 11939 	12248 	11940
f 12248 	12249 	11940
f 11940 	12249 	11941
f 12249 	12250 	11941
f 11941 	12250 	11942
f 12250 	12251 	11942
f 11942 	12251 	11943
f 12251 	12252 	11943
f 11943 	12252 	11944
f 12252 	12253 	11944
f 11944 	12253 	11945
f 12253 	12254 	11945
f 11945 	12254 	11946
f 12254 	12255 	11946
f 11946 	12255 	11947
f 12255 	12256 	11947
f 11947 	12256 	11948
f 12256 	12257 	11948
f 11948 	12257 	11949
f 12257 	12258 	11949
f 11949 	12258 	11950
f 12258 	12259 	11950
f 11950 	12259 	11951
f 12259 	12260 	11951
f 11951 	12260 	11952
f 12260 	12261 	11952
f 11952 	12261 	11953
f 12261 	12262 	11953
f 11953 	12262 	11954
f 12262 	12263 	11954
f 11954 	12263 	11955
f 12263 	12264 	11955
f 11955 	12264 	11956
f 12264 	12265 	11956
f 11956 	12265 	11957
f 12265 	12266 	11957
f 11957 	12266 	11958
f 12266 	12267 	11958
f 11958 	12267 	11959
f 12267 	12268 	11959
f 11959 	12268 	11960
f 12268 	12269 	11960
f 11960 	12269 	11961
f 12269 	12270 	11961
f 11961 	12270 	11962
f 12270 	12271 	11962
f 11962 	12271 	11963
f 12271 	12272 	11963
f 11963 	12272 	11964
f 12272 	12273 	11964
f 11964 	12273 	11965
f 12273 	12274 	11965
f 11965 	12274 	11966
f 12274 	12275 	11966
f 11966 	12275 	11967
f 12275 	12276 	11967
f 11967 	12276 	11968
f 12276 	12277 	11968
f 11968 	12277 	11969
f 12277 	12278 	11969
f 11969 	12278 	11970
f 12278 	12279 	11970
f 11970 	12279 	11971
f 12279 	12280 	11971
f 11971 	12280 	11972
f 12280 	12281 	11972
f 11972 	12281 	11973
f 12281 	12282 	11973
f 11973 	12282 	11974
f 12282 	12283 	11974
f 11974 	12283 	11975
f 12283 	12284 	11975
f 11975 	12284 	11976
f 12284 	12285 	11976
f 11976 	12285 	11977
f 12285 	12286 	11977
f 11977 	12286 	11978
f 12286 	12287 	11978
f 11978 	12287 	11979
f 12287 	12288 	11979
f 11979 	12288 	11980
f 12288 	12289 	11980
f 11980 	12289 	11981
f 12289 	12290 	11981
f 11981 	12290 	11982
f 12290 	12291 	11982
f 11982 	12291 	11983
f 12291 	12292 	11983
f 11983 	12292 	11984
f 12292 	12293 	11984
f 11984 	12293 	11985
f 12293 	12294 	11985
f 11985 	12294 	11986
f 12294 	12295 	11986
f 11986 	12295 	11987
f 12295 	12296 	11987
f 11987 	12296 	11988
f 12296 	12297 	11988
f 11988 	12297 	11989
f 12297 	12298 	11989
f 11989 	12298 	11990
f 12298 	12299 	11990
f 11990 	12299 	11991
f 12299 	12300 	11991
f 11991 	12300 	11992
f 12300 	12301 	11992
f 11992 	12301 	11993
f 12301 	12302 	11993
f 11993 	12302 	11994
f 12302 	12303 	11994
f 11994 	12303 	11995
f 12303 	12304 	11995
f 11995 	12304 	11996
f 12304 	12305 	11996
f 11996 	12305 	11997
f 12305 	12306 	11997
f 11997 	12306 	11998
f 12306 	12307 	11998
f 11998 	12307 	11999
f 12307 	12308 	11999
f 11999 	12308 	12000
f 12308 	12309 	12000
f 12000 	12309 	12001
f 12309 	12310 	12001
f 12001 	12310 	12002
f 12310 	12311 	12002
f 12002 	12311 	12003
f 12311 	12312 	12003
f 12003 	12312 	12004
f 12312 	12313 	12004
f 12004 	12313 	12005
f 12313 	12314 	12005
f 12005 	12314 	12006
f 12314 	12315 	12006
f 12006 	12315 	12007
f 12315 	12316 	12007
f 12007 	12316 	12008
f 12316 	12317 	12008
f 12008 	12317 	12009
f 12317 	12318 	12009
f 12009 	12318 	12010
f 12318 	12319 	12010
f 12010 	12319 	12011
f 12319 	12320 	12011
f 12011 	12320 	12012
f 12320 	12321 	12012
f 12012 	12321 	12013
f 12321 	12322 	12013
f 12013 	12322 	12014
f 12322 	12323 	12014
f 12014 	12323 	12015
f 12323 	12324 	12015
f 12015 	12324 	12016
f 12324 	12325 	12016
f 12016 	12325 	12017
f 12325 	12326 	12017
f 12017 	12326 	12018
f 12326 	12327 	12018
f 12018 	12327 	12019
f 12327 	12328 	12019
f 12019 	12328 	12020
f 12328 	12329 	12020
f 12020 	12329 	12021
f 12329 	12330 	12021
f 12021 	12330 	12022
f 12330 	12331 	12022
f 12022 	12331 	12023
f 12331 	12332 	12023
f 12023 	12332 	12024
f 12332 	12333 	12024
f 12024 	12333 	12025
f 12333 	12334 	12025
f 12025 	12334 	12026
f 12334 	12335 	12026
f 12026 	12335 	12027
f 12335 	12336 	12027
f 12027 	12336 	12028
f 12336 	12337 	12028
f 12028 	12337 	12029
f 12337 	12338 	12029
f 12029 	12338 	12030
f 12338 	12339 	12030
f 12030 	12339 	12031
f 12339 	12340 	12031
f 12031 	12340 	12032
f 12340 	12341 	12032
f 12032 	12341 	12033
f 12341 	12342 	12033
f 12033 	12342 	12034
f 12342 	12343 	12034
f 12034 	12343 	12035
f 12343 	12344 	12035
f 12035 	12344 	12036
f 12344 	12345 	12036
f 12036 	12345 	12037
f 12345 	12346 	12037
f 12037 	12346 	12038
f 12346 	12347 	12038
f 12038 	12347 	12039
f 12347 	12348 	12039
f 12039 	12348 	12040
f 12348 	12349 	12040
f 12040 	12349 	12041
f 12349 	12350 	12041
f 12041 	12350 	12042
f 12350 	12351 	12042
f 12042 	12351 	12043
f 12351 	12352 	12043
f 12043 	12352 	12044
f 12352 	12353 	12044
f 12044 	12353 	12045
f 12353 	12354 	12045
f 12045 	12354 	12046
f 12354 	12355 	12046
f 12046 	12355 	12047
f 12355 	12356 	12047
f 12047 	12356 	12048
f 12356 	12357 	12048
f 12048 	12357 	12049
f 12357 	12358 	12049
f 12049 	12358 	12050
f 12358 	12359 	12050
f 12050 	12359 	12051
f 12359 	12360 	12051
f 12051 	12360 	12052
f 12360 	12361 	12052
f 12052 	12361 	12053
f 12361 	12362 	12053
f 12053 	12362 	12054
f 12362 	12363 	12054
f 12054 	12363 	12055
f 12363 	12364 	12055
f 12055 	12364 	12056
f 12364 	12365 	12056
f 12056 	12365 	12057
f 12365 	12366 	12057
f 12057 	12366 	12058
f 12366 	12367 	12058
f 12058 	12367 	12059
f 12367 	12368 	12059
f 12059 	12368 	12060
f 12368 	12369 	12060
f 12060 	12369 	12061
f 12369 	12370 	12061
f 12061 	12370 	12062
f 12370 	12371 	12062
f 12062 	12371 	12063
f 12371 	12372 	12063
f 12063 	12372 	12064
f 12372 	12373 	12064
f 12064 	12373 	12065
f 12373 	12374 	12065
f 12065 	12374 	12066
f 12374 	12375 	12066
f 12066 	12375 	12067
f 12375 	12376 	12067
f 12067 	12376 	12068
f 12376 	12377 	12068
f 12068 	12377 	12069
f 12377 	12378 	12069
f 12069 	12378 	12070
f 12378 	12379 	12070
f 12070 	12379 	12071
f 12379 	12380 	12071
f 12071 	12380 	12072
f 12380 	12381 	12072
f 12072 	12381 	12073
f 12381 	12382 	12073
f 12073 	12382 	12074
f 12382 	12383 	12074
f 12074 	12383 	12075
f 12383 	12384 	12075
f 12075 	12384 	12076
f 12384 	12385 	12076
f 12076 	12385 	12077
f 12385 	12386 	12077
f 12077 	12386 	12078
f 12386 	12387 	12078
f 12078 	12387 	12079
f 12387 	12388 	12079
f 12079 	12388 	12080
f 12388 	12389 	12080
f 12080 	12389 	12081
f 12389 	12390 	12081
f 12081 	12390 	12082
f 12390 	12391 	12082
f 12082 	12391 	12083
f 12391 	12392 	12083
f 12083 	12392 	12084
f 12392 	12393 	12084
f 12084 	12393 	12085
f 12393 	12394 	12085
f 12085 	12394 	12086
f 12394 	12395 	12086
f 12086 	12395 	12087
f 12395 	12396 	12087
f 12087 	12396 	12088
f 12396 	12397 	12088
f 12088 	12397 	12089
f 12397 	12398 	12089
f 12089 	12398 	12090
f 12398 	12399 	12090
f 12090 	12399 	12091
f 12399 	12400 	12091
f 12091 	12400 	12092
f 12400 	12401 	12092
f 12092 	12401 	12093
f 12401 	12402 	12093
f 12093 	12402 	12094
f 12402 	12403 	12094
f 12094 	12403 	12095
f 12403 	12404 	12095
f 12095 	12404 	11785
f 12404 	12405 	11785
f 11785 	12405 	601
f 602 	12406 	11786
f 11786 	12406 	12096
f 12406 	12407 	12096
f 12096 	12407 	12097
f 12407 	12408 	12097
f 12097 	12408 	12098
f 12408 	12409 	12098
f 12098 	12409 	12099
f 12409 	12410 	12099
f 12099 	12410 	12100
f 12410 	12411 	12100
f 12100 	12411 	12101
f 12411 	12412 	12101
f 12101 	12412 	12102
f 12412 	12413 	12102
f 12102 	12413 	12103
f 12413 	12414 	12103
f 12103 	12414 	12104
f 12414 	12415 	12104
f 12104 	12415 	12105
f 12415 	12416 	12105
f 12105 	12416 	11797
f 12416 	12106 	11797
f 12106 	12417 	12107
f 12417 	12418 	12107
f 12107 	12418 	12108
f 12418 	12419 	12108
f 12108 	12419 	12109
f 12419 	12420 	12109
f 12109 	12420 	12110
f 12420 	12421 	12110
f 12110 	12421 	12111
f 12421 	12422 	12111
f 12111 	12422 	12112
f 12422 	12423 	12112
f 12112 	12423 	12113
f 12423 	12424 	12113
f 12113 	12424 	12114
f 12424 	12425 	12114
f 12114 	12425 	12115
f 12425 	12426 	12115
f 12115 	12426 	12116
f 12426 	12427 	12116
f 12116 	12427 	12117
f 12427 	12428 	12117
f 12117 	12428 	12118
f 12428 	12429 	12118
f 12118 	12429 	12119
f 12429 	12430 	12119
f 12119 	12430 	12120
f 12430 	12431 	12120
f 12120 	12431 	12121
f 12431 	12432 	12121
f 12121 	12432 	12122
f 12432 	12433 	12122
f 12122 	12433 	12123
f 12433 	12434 	12123
f 12123 	12434 	12124
f 12434 	12435 	12124
f 12124 	12435 	12125
f 12435 	12436 	12125
f 12125 	12436 	12126
f 12436 	12437 	12126
f 12126 	12437 	12127
f 12437 	12438 	12127
f 12127 	12438 	12128
f 12438 	12439 	12128
f 12128 	12439 	12129
f 12439 	12440 	12129
f 12129 	12440 	12130
f 12440 	12441 	12130
f 12130 	12441 	12131
f 12441 	12442 	12131
f 12131 	12442 	12132
f 12442 	12443 	12132
f 12132 	12443 	12133
f 12443 	12444 	12133
f 12133 	12444 	12134
f 12444 	12445 	12134
f 12134 	12445 	12135
f 12445 	12446 	12135
f 12135 	12446 	12136
f 12446 	12447 	12136
f 12136 	12447 	12137
f 12447 	12448 	12137
f 12137 	12448 	12138
f 12448 	12449 	12138
f 12138 	12449 	12139
f 12449 	12450 	12139
f 12139 	12450 	12140
f 12450 	12451 	12140
f 12140 	12451 	12141
f 12451 	12452 	12141
f 12141 	12452 	12142
f 12452 	12453 	12142
f 12142 	12453 	12143
f 12453 	12454 	12143
f 12143 	12454 	12144
f 12454 	12455 	12144
f 12144 	12455 	12145
f 12455 	12456 	12145
f 12145 	12456 	12146
f 12456 	12457 	12146
f 12146 	12457 	12147
f 12457 	12458 	12147
f 12147 	12458 	12148
f 12458 	12459 	12148
f 12148 	12459 	12149
f 12459 	12460 	12149
f 12149 	12460 	12150
f 12460 	12461 	12150
f 12150 	12461 	12151
f 12461 	12462 	12151
f 12151 	12462 	12152
f 12462 	12463 	12152
f 12152 	12463 	12153
f 12463 	12464 	12153
f 12153 	12464 	12154
f 12464 	12465 	12154
f 12154 	12465 	12155
f 12465 	12466 	12155
f 12155 	12466 	12156
f 12466 	12467 	12156
f 12156 	12467 	12157
f 12467 	12468 	12157
f 12157 	12468 	12158
f 12468 	12469 	12158
f 12158 	12469 	12159
f 12469 	12470 	12159
f 12159 	12470 	12160
f 12470 	12471 	12160
f 12160 	12471 	12161
f 12471 	12472 	12161
f 12161 	12472 	12162
f 12472 	12473 	12162
f 12162 	12473 	12163
f 12473 	12474 	12163
f 12163 	12474 	12164
f 12474 	12475 	12164
f 12164 	12475 	12165
f 12475 	12476 	12165
f 12165 	12476 	12166
f 12476 	12477 	12166
f 12166 	12477 	12167
f 12477 	12478 	12167
f 12167 	12478 	12168
f 12478 	12479 	12168
f 12168 	12479 	12169
f 12479 	12480 	12169
f 12169 	12480 	12170
f 12480 	12481 	12170
f 12170 	12481 	12171
f 12481 	12482 	12171
f 12171 	12482 	12172
f 12482 	12483 	12172
f 12172 	12483 	12173
f 12483 	12484 	12173
f 12173 	12484 	12174
f 12484 	12485 	12174
f 12174 	12485 	12175
f 12485 	12486 	12175
f 12175 	12486 	12176
f 12486 	12487 	12176
f 12176 	12487 	12177
f 12487 	12488 	12177
f 12177 	12488 	12178
f 12488 	12489 	12178
f 12178 	12489 	12179
f 12489 	12490 	12179
f 12179 	12490 	12180
f 12490 	12491 	12180
f 12180 	12491 	12181
f 12491 	12492 	12181
f 12181 	12492 	12182
f 12492 	12493 	12182
f 12182 	12493 	12183
f 12493 	12494 	12183
f 12183 	12494 	12184
f 12494 	12495 	12184
f 12184 	12495 	12185
f 12495 	12496 	12185
f 12185 	12496 	12186
f 12496 	12497 	12186
f 12186 	12497 	12187
f 12497 	12498 	12187
f 12187 	12498 	12188
f 12498 	12499 	12188
f 12188 	12499 	12189
f 12499 	12500 	12189
f 12189 	12500 	12190
f 12500 	12501 	12190
f 12190 	12501 	12191
f 12501 	12502 	12191
f 12191 	12502 	12192
f 12502 	12503 	12192
f 12192 	12503 	12193
f 12503 	12504 	12193
f 12193 	12504 	12194
f 12504 	12505 	12194
f 12194 	12505 	12195
f 12505 	12506 	12195
f 12195 	12506 	12196
f 12506 	12507 	12196
f 12196 	12507 	12197
f 12507 	12508 	12197
f 12197 	12508 	12198
f 12508 	12509 	12198
f 12198 	12509 	12199
f 12509 	12510 	12199
f 12199 	12510 	12200
f 12510 	12511 	12200
f 12200 	12511 	12201
f 12511 	12512 	12201
f 12201 	12512 	12202
f 12512 	12513 	12202
f 12202 	12513 	12203
f 12513 	12514 	12203
f 12203 	12514 	12204
f 12514 	12515 	12204
f 12204 	12515 	12205
f 12515 	12516 	12205
f 12205 	12516 	12206
f 12516 	12517 	12206
f 12206 	12517 	12207
f 12517 	12518 	12207
f 12207 	12518 	12208
f 12518 	12519 	12208
f 12208 	12519 	12209
f 12519 	12520 	12209
f 12209 	12520 	12210
f 12520 	12521 	12210
f 12210 	12521 	12211
f 12521 	12522 	12211
f 12211 	12522 	12212
f 12522 	12523 	12212
f 12212 	12523 	12213
f 12523 	12524 	12213
f 12213 	12524 	12214
f 12524 	12525 	12214
f 12214 	12525 	12215
f 12525 	12526 	12215
f 12215 	12526 	12216
f 12526 	12527 	12216
f 12216 	12527 	12217
f 12527 	12528 	12217
f 12217 	12528 	12218
f 12528 	12529 	12218
f 12218 	12529 	12219
f 12529 	12530 	12219
f 12219 	12530 	12220
f 12530 	12531 	12220
f 12220 	12531 	12221
f 12531 	12532 	12221
f 12221 	12532 	12222
f 12532 	12533 	12222
f 12222 	12533 	12223
f 12533 	12534 	12223
f 12223 	12534 	12224
f 12534 	12535 	12224
f 12224 	12535 	12225
f 12535 	12536 	12225
f 12225 	12536 	12226
f 12536 	12537 	12226
f 12226 	12537 	12227
f 12537 	12538 	12227
f 12227 	12538 	12228
f 12538 	12539 	12228
f 12228 	12539 	12229
f 12539 	12540 	12229
f 12229 	12540 	12230
f 12540 	12541 	12230
f 12230 	12541 	12231
f 12541 	12542 	12231
f 12231 	12542 	12232
f 12542 	12543 	12232
f 12232 	12543 	12233
f 12543 	12544 	12233
f 12233 	12544 	12234
f 12544 	12545 	12234
f 12234 	12545 	12235
f 12545 	12546 	12235
f 12235 	12546 	12236
f 12546 	12547 	12236
f 12236 	12547 	12237
f 12547 	12548 	12237
f 12237 	12548 	12238
f 12548 	12549 	12238
f 12238 	12549 	12239
f 12549 	12550 	12239
f 12239 	12550 	12240
f 12550 	12551 	12240
f 12240 	12551 	12241
f 12551 	12552 	12241
f 12241 	12552 	12242
f 12552 	12553 	12242
f 12242 	12553 	12243
f 12553 	12554 	12243
f 12243 	12554 	12244
f 12554 	12555 	12244
f 12244 	12555 	12245
f 12555 	12556 	12245
f 12245 	12556 	12246
f 12556 	12557 	12246
f 12246 	12557 	12247
f 12557 	12558 	12247
f 12247 	12558 	12248
f 12558 	12559 	12248
f 12248 	12559 	12249
f 12559 	12560 	12249
f 12249 	12560 	12250
f 12560 	12561 	12250
f 12250 	12561 	12251
f 12561 	12562 	12251
f 12251 	12562 	12252
f 12562 	12563 	12252
f 12252 	12563 	12253
f 12563 	12564 	12253
f 12253 	12564 	12254
f 12564 	12565 	12254
f 12254 	12565 	12255
f 12565 	12566 	12255
f 12255 	12566 	12256
f 12566 	12567 	12256
f 12256 	12567 	12257
f 12567 	12568 	12257
f 12257 	12568 	12258
f 12568 	12569 	12258
f 12258 	12569 	12259
f 12569 	12570 	12259
f 12259 	12570 	12260
f 12570 	12571 	12260
f 12260 	12571 	12261
f 12571 	12572 	12261
f 12261 	12572 	12262
f 12572 	12573 	12262
f 12262 	12573 	12263
f 12573 	12574 	12263
f 12263 	12574 	12264
f 12574 	12575 	12264
f 12264 	12575 	12265
f 12575 	12576 	12265
f 12265 	12576 	12266
f 12576 	12577 	12266
f 12266 	12577 	12267
f 12577 	12578 	12267
f 12267 	12578 	12268
f 12578 	12579 	12268
f 12268 	12579 	12269
f 12579 	12580 	12269
f 12269 	12580 	12270
f 12580 	12581 	12270
f 12270 	12581 	12271
f 12581 	12582 	12271
f 12271 	12582 	12272
f 12582 	12583 	12272
f 12272 	12583 	12273
f 12583 	12584 	12273
f 12273 	12584 	12274
f 12584 	12585 	12274
f 12274 	12585 	12275
f 12585 	12586 	12275
f 12275 	12586 	12276
f 12586 	12587 	12276
f 12276 	12587 	12277
f 12587 	12588 	12277
f 12277 	12588 	12278
f 12588 	12589 	12278
f 12278 	12589 	12279
f 12589 	12590 	12279
f 12279 	12590 	12280
f 12590 	12591 	12280
f 12280 	12591 	12281
f 12591 	12592 	12281
f 12281 	12592 	12282
f 12592 	12593 	12282
f 12282 	12593 	12283
f 12593 	12594 	12283
f 12283 	12594 	12284
f 12594 	12595 	12284
f 12284 	12595 	12285
f 12595 	12596 	12285
f 12285 	12596 	12286
f 12596 	12597 	12286
f 12286 	12597 	12287
f 12597 	12598 	12287
f 12287 	12598 	12288
f 12598 	12599 	12288
f 12288 	12599 	12289
f 12599 	12600 	12289
f 12289 	12600 	12290
f 12600 	12601 	12290
f 12290 	12601 	12291
f 12601 	12602 	12291
f 12291 	12602 	12292
f 12602 	12603 	12292
f 12292 	12603 	12293
f 12603 	12604 	12293
f 12293 	12604 	12294
f 12604 	12605 	12294
f 12294 	12605 	12295
f 12605 	12606 	12295
f 12295 	12606 	12296
f 12606 	12607 	12296
f 12296 	12607 	12297
f 12607 	12608 	12297
f 12297 	12608 	12298
f 12608 	12609 	12298
f 12298 	12609 	12299
f 12609 	12610 	12299
f 12299 	12610 	12300
f 12610 	12611 	12300
f 12300 	12611 	12301
f 12611 	12612 	12301
f 12301 	12612 	12302
f 12612 	12613 	12302
f 12302 	12613 	12303
f 12613 	12614 	12303
f 12303 	12614 	12304
f 12614 	12615 	12304
f 12304 	12615 	12305
f 12615 	12616 	12305
f 12305 	12616 	12306
f 12616 	12617 	12306
f 12306 	12617 	12307
f 12617 	12618 	12307
f 12307 	12618 	12308
f 12618 	12619 	12308
f 12308 	12619 	12309
f 12619 	12620 	12309
f 12309 	12620 	12310
f 12620 	12621 	12310
f 12310 	12621 	12311
f 12621 	12622 	12311
f 12311 	12622 	12312
f 12622 	12623 	12312
f 12312 	12623 	12313
f 12623 	12624 	12313
f 12313 	12624 	12314
f 12624 	12625 	12314
f 12314 	12625 	12315
f 12625 	12626 	12315
f 12315 	12626 	12316
f 12626 	12627 	12316
f 12316 	12627 	12317
f 12627 	12628 	12317
f 12317 	12628 	12318
f 12628 	12629 	12318
f 12318 	12629 	12319
f 12629 	12630 	12319
f 12319 	12630 	12320
f 12630 	12631 	12320
f 12320 	12631 	12321
f 12631 	12632 	12321
f 12321 	12632 	12322
f 12632 	12633 	12322
f 12322 	12633 	12323
f 12633 	12634 	12323
f 12323 	12634 	12324
f 12634 	12635 	12324
f 12324 	12635 	12325
f 12635 	12636 	12325
f 12325 	12636 	12326
f 12636 	12637 	12326
f 12326 	12637 	12327
f 12637 	12638 	12327
f 12327 	12638 	12328
f 12638 	12639 	12328
f 12328 	12639 	12329
f 12639 	12640 	12329
f 12329 	12640 	12330
f 12640 	12641 	12330
f 12330 	12641 	12331
f 12641 	12642 	12331
f 12331 	12642 	12332
f 12642 	12643 	12332
f 12332 	12643 	12333
f 12643 	12644 	12333
f 12333 	12644 	12334
f 12644 	12645 	12334
f 12334 	12645 	12335
f 12645 	12646 	12335
f 12335 	12646 	12336
f 12646 	12647 	12336
f 12336 	12647 	12337
f 12647 	12648 	12337
f 12337 	12648 	12338
f 12648 	12649 	12338
f 12338 	12649 	12339
f 12649 	12650 	12339
f 12339 	12650 	12340
f 12650 	12651 	12340
f 12340 	12651 	12341
f 12651 	12652 	12341
f 12341 	12652 	12342
f 12652 	12653 	12342
f 12342 	12653 	12343
f 12653 	12654 	12343
f 12343 	12654 	12344
f 12654 	12655 	12344
f 12344 	12655 	12345
f 12655 	12656 	12345
f 12345 	12656 	12346
f 12656 	12657 	12346
f 12346 	12657 	12347
f 12657 	12658 	12347
f 12347 	12658 	12348
f 12658 	12659 	12348
f 12348 	12659 	12349
f 12659 	12660 	12349
f 12349 	12660 	12350
f 12660 	12661 	12350
f 12350 	12661 	12351
f 12661 	12662 	12351
f 12351 	12662 	12352
f 12662 	12663 	12352
f 12352 	12663 	12353
f 12663 	12664 	12353
f 12353 	12664 	12354
f 12664 	12665 	12354
f 12354 	12665 	12355
f 12665 	12666 	12355
f 12355 	12666 	12356
f 12666 	12667 	12356
f 12356 	12667 	12357
f 12667 	12668 	12357
f 12357 	12668 	12358
f 12668 	12669 	12358
f 12358 	12669 	12359
f 12669 	12670 	12359
f 12359 	12670 	12360
f 12670 	12671 	12360
f 12360 	12671 	12361
f 12671 	12672 	12361
f 12361 	12672 	12362
f 12672 	12673 	12362
f 12362 	12673 	12363
f 12673 	12674 	12363
f 12363 	12674 	12364
f 12674 	12675 	12364
f 12364 	12675 	12365
f 12675 	12676 	12365
f 12365 	12676 	12366
f 12676 	12677 	12366
f 12366 	12677 	12367
f 12677 	12678 	12367
f 12367 	12678 	12368
f 12678 	12679 	12368
f 12368 	12679 	12369
f 12679 	12680 	12369
f 12369 	12680 	12370
f 12680 	12681 	12370
f 12370 	12681 	12371
f 12681 	12682 	12371
f 12371 	12682 	12372
f 12682 	12683 	12372
f 12372 	12683 	12373
f 12683 	12684 	12373
f 12373 	12684 	12374
f 12684 	12685 	12374
f 12374 	12685 	12375
f 12685 	12686 	12375
f 12375 	12686 	12376
f 12686 	12687 	12376
f 12376 	12687 	12377
f 12687 	12688 	12377
f 12377 	12688 	12378
f 12688 	12689 	12378
f 12378 	12689 	12379
f 12689 	12690 	12379
f 12379 	12690 	12380
f 12690 	12691 	12380
f 12380 	12691 	12381
f 12691 	12692 	12381
f 12381 	12692 	12382
f 12692 	12693 	12382
f 12382 	12693 	12383
f 12693 	12694 	12383
f 12383 	12694 	12384
f 12694 	12695 	12384
f 12384 	12695 	12385
f 12695 	12696 	12385
f 12385 	12696 	12386
f 12696 	12697 	12386
f 12386 	12697 	12387
f 12697 	12698 	12387
f 12387 	12698 	12388
f 12698 	12699 	12388
f 12388 	12699 	12389
f 12699 	12700 	12389
f 12389 	12700 	12390
f 12700 	12701 	12390
f 12390 	12701 	12391
f 12701 	12702 	12391
f 12391 	12702 	12392
f 12702 	12703 	12392
f 12392 	12703 	12393
f 12703 	12704 	12393
f 12393 	12704 	12394
f 12704 	12705 	12394
f 12394 	12705 	12395
f 12705 	12706 	12395
f 12395 	12706 	12396
f 12706 	12707 	12396
f 12396 	12707 	12397
f 12707 	12708 	12397
f 12397 	12708 	12398
f 12708 	12709 	12398
f 12398 	12709 	12399
f 12709 	12710 	12399
f 12399 	12710 	12400
f 12710 	12711 	12400
f 12400 	12711 	12401
f 12711 	12712 	12401
f 12401 	12712 	12402
f 12712 	12713 	12402
f 12402 	12713 	12403
f 12713 	12714 	12403
f 12403 	12714 	12404
f 12714 	12715 	12404
f 12404 	12715 	12405
f 12715 	12405 	12405
f 602 	12406 	12406
f 12406 	12716 	12407
f 12407 	12716 	12408
f 12716 	12717 	12408
f 12408 	12717 	12409
f 12717 	12718 	12409
f 12409 	12718 	12410
f 12718 	12719 	12410
f 12410 	12719 	12411
f 12719 	12720 	12411
f 12411 	12720 	12412
f 12720 	12721 	12412
f 12412 	12721 	12413
f 12721 	12722 	12413
f 12413 	12722 	12414
f 12722 	12723 	12414
f 12414 	12723 	12415
f 12723 	12724 	12415
f 12415 	12724 	12416
f 12724 	12725 	12416
f 12416 	12725 	12106
f 12725 	12417 	12106
f 12417 	12726 	12418
f 12726 	12727 	12418
f 12418 	12727 	12419
f 12727 	12728 	12419
f 12419 	12728 	12420
f 12728 	12729 	12420
f 12420 	12729 	12421
f 12729 	12730 	12421
f 12421 	12730 	12422
f 12730 	12731 	12422
f 12422 	12731 	12423
f 12731 	12732 	12423
f 12423 	12732 	12424
f 12732 	12733 	12424
f 12424 	12733 	12425
f 12733 	12734 	12425
f 12425 	12734 	12426
f 12734 	12735 	12426
f 12426 	12735 	12427
f 12735 	12736 	12427
f 12427 	12736 	12428
f 12736 	12737 	12428
f 12428 	12737 	12429
f 12737 	12738 	12429
f 12429 	12738 	12430
f 12738 	12739 	12430
f 12430 	12739 	12431
f 12739 	12740 	12431
f 12431 	12740 	12432
f 12740 	12741 	12432
f 12432 	12741 	12433
f 12741 	12742 	12433
f 12433 	12742 	12434
f 12742 	12743 	12434
f 12434 	12743 	12435
f 12743 	12744 	12435
f 12435 	12744 	12436
f 12744 	12745 	12436
f 12436 	12745 	12437
f 12745 	12746 	12437
f 12437 	12746 	12438
f 12746 	12747 	12438
f 12438 	12747 	12439
f 12747 	12748 	12439
f 12439 	12748 	12440
f 12748 	12749 	12440
f 12440 	12749 	12441
f 12749 	12750 	12441
f 12441 	12750 	12442
f 12750 	12751 	12442
f 12442 	12751 	12443
f 12751 	12752 	12443
f 12443 	12752 	12444
f 12752 	12753 	12444
f 12444 	12753 	12445
f 12753 	12754 	12445
f 12445 	12754 	12446
f 12754 	12755 	12446
f 12446 	12755 	12447
f 12755 	12756 	12447
f 12447 	12756 	12448
f 12756 	12757 	12448
f 12448 	12757 	12449
f 12757 	12758 	12449
f 12449 	12758 	12450
f 12758 	12759 	12450
f 12450 	12759 	12451
f 12759 	12760 	12451
f 12451 	12760 	12452
f 12760 	12761 	12452
f 12452 	12761 	12453
f 12761 	12762 	12453
f 12453 	12762 	12454
f 12762 	12763 	12454
f 12454 	12763 	12455
f 12763 	12764 	12455
f 12455 	12764 	12456
f 12764 	12765 	12456
f 12456 	12765 	12457
f 12765 	12766 	12457
f 12457 	12766 	12458
f 12766 	12767 	12458
f 12458 	12767 	12459
f 12767 	12768 	12459
f 12459 	12768 	12460
f 12768 	12769 	12460
f 12460 	12769 	12461
f 12769 	12770 	12461
f 12461 	12770 	12462
f 12770 	12771 	12462
f 12462 	12771 	12463
f 12771 	12772 	12463
f 12463 	12772 	12464
f 12772 	12773 	12464
f 12464 	12773 	12465
f 12773 	12774 	12465
f 12465 	12774 	12466
f 12774 	12775 	12466
f 12466 	12775 	12467
f 12775 	12776 	12467
f 12467 	12776 	12468
f 12776 	12777 	12468
f 12468 	12777 	12469
f 12777 	12778 	12469
f 12469 	12778 	12470
f 12778 	12779 	12470
f 12470 	12779 	12471
f 12779 	12780 	12471
f 12471 	12780 	12472
f 12780 	12781 	12472
f 12472 	12781 	12473
f 12781 	12782 	12473
f 12473 	12782 	12474
f 12782 	12783 	12474
f 12474 	12783 	12475
f 12783 	12784 	12475
f 12475 	12784 	12476
f 12784 	12785 	12476
f 12476 	12785 	12477
f 12785 	12786 	12477
f 12477 	12786 	12478
f 12786 	12787 	12478
f 12478 	12787 	12479
f 12787 	12788 	12479
f 12479 	12788 	12480
f 12788 	12789 	12480
f 12480 	12789 	12481
f 12789 	12790 	12481
f 12481 	12790 	12482
f 12790 	12791 	12482
f 12482 	12791 	12483
f 12791 	12792 	12483
f 12483 	12792 	12484
f 12792 	12793 	12484
f 12484 	12793 	12485
f 12793 	12794 	12485
f 12485 	12794 	12486
f 12794 	12795 	12486
f 12486 	12795 	12487
f 12795 	12796 	12487
f 12487 	12796 	12488
f 12796 	12797 	12488
f 12488 	12797 	12489
f 12797 	12798 	12489
f 12489 	12798 	12490
f 12798 	12799 	12490
f 12490 	12799 	12491
f 12799 	12800 	12491
f 12491 	12800 	12492
f 12800 	12801 	12492
f 12492 	12801 	12493
f 12801 	12802 	12493
f 12493 	12802 	12494
f 12802 	12803 	12494
f 12494 	12803 	12495
f 12803 	12804 	12495
f 12495 	12804 	12496
f 12804 	12805 	12496
f 12496 	12805 	12497
f 12805 	12806 	12497
f 12497 	12806 	12498
f 12806 	12807 	12498
f 12498 	12807 	12499
f 12807 	12808 	12499
f 12499 	12808 	12500
f 12808 	12809 	12500
f 12500 	12809 	12501
f 12809 	12810 	12501
f 12501 	12810 	12502
f 12810 	12811 	12502
f 12502 	12811 	12503
f 12811 	12812 	12503
f 12503 	12812 	12504
f 12812 	12813 	12504
f 12504 	12813 	12505
f 12813 	12814 	12505
f 12505 	12814 	12506
f 12814 	12815 	12506
f 12506 	12815 	12507
f 12815 	12816 	12507
f 12507 	12816 	12508
f 12816 	12817 	12508
f 12508 	12817 	12509
f 12817 	12818 	12509
f 12509 	12818 	12510
f 12818 	12819 	12510
f 12510 	12819 	12511
f 12819 	12820 	12511
f 12511 	12820 	12512
f 12820 	12821 	12512
f 12512 	12821 	12513
f 12821 	12822 	12513
f 12513 	12822 	12514
f 12822 	12823 	12514
f 12514 	12823 	12515
f 12823 	12824 	12515
f 12515 	12824 	12516
f 12824 	12825 	12516
f 12516 	12825 	12517
f 12825 	12826 	12517
f 12517 	12826 	12518
f 12826 	12827 	12518
f 12518 	12827 	12519
f 12827 	12828 	12519
f 12519 	12828 	12520
f 12828 	12829 	12520
f 12520 	12829 	12521
f 12829 	12830 	12521
f 12521 	12830 	12522
f 12830 	12831 	12522
f 12522 	12831 	12523
f 12831 	12832 	12523
f 12523 	12832 	12524
f 12832 	12833 	12524
f 12524 	12833 	12525
f 12833 	12834 	12525
f 12525 	12834 	12526
f 12834 	12835 	12526
f 12526 	12835 	12527
f 12835 	12836 	12527
f 12527 	12836 	12528
f 12836 	12837 	12528
f 12528 	12837 	12529
f 12837 	12838 	12529
f 12529 	12838 	12530
f 12838 	12839 	12530
f 12530 	12839 	12531
f 12839 	12840 	12531
f 12531 	12840 	12532
f 12840 	12841 	12532
f 12532 	12841 	12533
f 12841 	12842 	12533
f 12533 	12842 	12534
f 12842 	12843 	12534
f 12534 	12843 	12535
f 12843 	12844 	12535
f 12535 	12844 	12536
f 12844 	12845 	12536
f 12536 	12845 	12537
f 12845 	12846 	12537
f 12537 	12846 	12538
f 12846 	12847 	12538
f 12538 	12847 	12539
f 12847 	12848 	12539
f 12539 	12848 	12540
f 12848 	12849 	12540
f 12540 	12849 	12541
f 12849 	12850 	12541
f 12541 	12850 	12542
f 12850 	12851 	12542
f 12542 	12851 	12543
f 12851 	12852 	12543
f 12543 	12852 	12544
f 12852 	12853 	12544
f 12544 	12853 	12545
f 12853 	12854 	12545
f 12545 	12854 	12546
f 12854 	12855 	12546
f 12546 	12855 	12547
f 12855 	12856 	12547
f 12547 	12856 	12548
f 12856 	12857 	12548
f 12548 	12857 	12549
f 12857 	12858 	12549
f 12549 	12858 	12550
f 12858 	12859 	12550
f 12550 	12859 	12551
f 12859 	12860 	12551
f 12551 	12860 	12552
f 12860 	12861 	12552
f 12552 	12861 	12553
f 12861 	12862 	12553
f 12553 	12862 	12554
f 12862 	12863 	12554
f 12554 	12863 	12555
f 12863 	12864 	12555
f 12555 	12864 	12556
f 12864 	12865 	12556
f 12556 	12865 	12557
f 12865 	12866 	12557
f 12557 	12866 	12558
f 12866 	12867 	12558
f 12558 	12867 	12559
f 12867 	12868 	12559
f 12559 	12868 	12560
f 12868 	12869 	12560
f 12560 	12869 	12561
f 12869 	12870 	12561
f 12561 	12870 	12562
f 12870 	12871 	12562
f 12562 	12871 	12563
f 12871 	12872 	12563
f 12563 	12872 	12564
f 12872 	12873 	12564
f 12564 	12873 	12565
f 12873 	12874 	12565
f 12565 	12874 	12566
f 12874 	12875 	12566
f 12566 	12875 	12567
f 12875 	12876 	12567
f 12567 	12876 	12568
f 12876 	12877 	12568
f 12568 	12877 	12569
f 12877 	12878 	12569
f 12569 	12878 	12570
f 12878 	12879 	12570
f 12570 	12879 	12571
f 12879 	12880 	12571
f 12571 	12880 	12572
f 12880 	12881 	12572
f 12572 	12881 	12573
f 12881 	12882 	12573
f 12573 	12882 	12574
f 12882 	12883 	12574
f 12574 	12883 	12575
f 12883 	12884 	12575
f 12575 	12884 	12576
f 12884 	12885 	12576
f 12576 	12885 	12577
f 12885 	12886 	12577
f 12577 	12886 	12578
f 12886 	12887 	12578
f 12578 	12887 	12579
f 12887 	12888 	12579
f 12579 	12888 	12580
f 12888 	12889 	12580
f 12580 	12889 	12581
f 12889 	12890 	12581
f 12581 	12890 	12582
f 12890 	12891 	12582
f 12582 	12891 	12583
f 12891 	12892 	12583
f 12583 	12892 	12584
f 12892 	12893 	12584
f 12584 	12893 	12585
f 12893 	12894 	12585
f 12585 	12894 	12586
f 12894 	12895 	12586
f 12586 	12895 	12587
f 12895 	12896 	12587
f 12587 	12896 	12588
f 12896 	12897 	12588
f 12588 	12897 	12589
f 12897 	12898 	12589
f 12589 	12898 	12590
f 12898 	12899 	12590
f 12590 	12899 	12591
f 12899 	12900 	12591
f 12591 	12900 	12592
f 12900 	12901 	12592
f 12592 	12901 	12593
f 12901 	12902 	12593
f 12593 	12902 	12594
f 12902 	12903 	12594
f 12594 	12903 	12595
f 12903 	12904 	12595
f 12595 	12904 	12596
f 12904 	12905 	12596
f 12596 	12905 	12597
f 12905 	12906 	12597
f 12597 	12906 	12598
f 12906 	12907 	12598
f 12598 	12907 	12599
f 12907 	12908 	12599
f 12599 	12908 	12600
f 12908 	12909 	12600
f 12600 	12909 	12601
f 12909 	12910 	12601
f 12601 	12910 	12602
f 12910 	12911 	12602
f 12602 	12911 	12603
f 12911 	12912 	12603
f 12603 	12912 	12604
f 12912 	12913 	12604
f 12604 	12913 	12605
f 12913 	12914 	12605
f 12605 	12914 	12606
f 12914 	12915 	12606
f 12606 	12915 	12607
f 12915 	12916 	12607
f 12607 	12916 	12608
f 12916 	12917 	12608
f 12608 	12917 	12609
f 12917 	12918 	12609
f 12609 	12918 	12610
f 12918 	12919 	12610
f 12610 	12919 	12611
f 12919 	12920 	12611
f 12611 	12920 	12612
f 12920 	12921 	12612
f 12612 	12921 	12613
f 12921 	12922 	12613
f 12613 	12922 	12614
f 12922 	12923 	12614
f 12614 	12923 	12615
f 12923 	12924 	12615
f 12615 	12924 	12616
f 12924 	12925 	12616
f 12616 	12925 	12617
f 12925 	12926 	12617
f 12617 	12926 	12618
f 12926 	12927 	12618
f 12618 	12927 	12619
f 12927 	12928 	12619
f 12619 	12928 	12620
f 12928 	12929 	12620
f 12620 	12929 	12621
f 12929 	12930 	12621
f 12621 	12930 	12622
f 12930 	12931 	12622
f 12622 	12931 	12623
f 12931 	12932 	12623
f 12623 	12932 	12624
f 12932 	12933 	12624
f 12624 	12933 	12625
f 12933 	12934 	12625
f 12625 	12934 	12626
f 12934 	12935 	12626
f 12626 	12935 	12627
f 12935 	12936 	12627
f 12627 	12936 	12628
f 12936 	12937 	12628
f 12628 	12937 	12629
f 12937 	12938 	12629
f 12629 	12938 	12630
f 12938 	12939 	12630
f 12630 	12939 	12631
f 12939 	12940 	12631
f 12631 	12940 	12632
f 12940 	12941 	12632
f 12632 	12941 	12633
f 12941 	12942 	12633
f 12633 	12942 	12634
f 12942 	12943 	12634
f 12634 	12943 	12635
f 12943 	12944 	12635
f 12635 	12944 	12636
f 12944 	12945 	12636
f 12636 	12945 	12637
f 12945 	12946 	12637
f 12637 	12946 	12638
f 12946 	12947 	12638
f 12638 	12947 	12639
f 12947 	12948 	12639
f 12639 	12948 	12640
f 12948 	12949 	12640
f 12640 	12949 	12641
f 12949 	12950 	12641
f 12641 	12950 	12642
f 12950 	12951 	12642
f 12642 	12951 	12643
f 12951 	12952 	12643
f 12643 	12952 	12644
f 12952 	12953 	12644
f 12644 	12953 	12645
f 12953 	12954 	12645
f 12645 	12954 	12646
f 12954 	12955 	12646
f 12646 	12955 	12647
f 12955 	12956 	12647
f 12647 	12956 	12648
f 12956 	12957 	12648
f 12648 	12957 	12649
f 12957 	12958 	12649
f 12649 	12958 	12650
f 12958 	12959 	12650
f 12650 	12959 	12651
f 12959 	12960 	12651
f 12651 	12960 	12652
f 12960 	12961 	12652
f 12652 	12961 	12653
f 12961 	12962 	12653
f 12653 	12962 	12654
f 12962 	12963 	12654
f 12654 	12963 	12655
f 12963 	12964 	12655
f 12655 	12964 	12656
f 12964 	12965 	12656
f 12656 	12965 	12657
f 12965 	12966 	12657
f 12657 	12966 	12658
f 12966 	12967 	12658
f 12658 	12967 	12659
f 12967 	12968 	12659
f 12659 	12968 	12660
f 12968 	12969 	12660
f 12660 	12969 	12661
f 12969 	12970 	12661
f 12661 	12970 	12662
f 12970 	12971 	12662
f 12662 	12971 	12663
f 12971 	12972 	12663
f 12663 	12972 	12664
f 12972 	12973 	12664
f 12664 	12973 	12665
f 12973 	12974 	12665
f 12665 	12974 	12666
f 12974 	12975 	12666
f 12666 	12975 	12667
f 12975 	12976 	12667
f 12667 	12976 	12668
f 12976 	12977 	12668
f 12668 	12977 	12669
f 12977 	12978 	12669
f 12669 	12978 	12670
f 12978 	12979 	12670
f 12670 	12979 	12671
f 12979 	12980 	12671
f 12671 	12980 	12672
f 12980 	12981 	12672
f 12672 	12981 	12673
f 12981 	12982 	12673
f 12673 	12982 	12674
f 12982 	12983 	12674
f 12674 	12983 	12675
f 12983 	12984 	12675
f 12675 	12984 	12676
f 12984 	12985 	12676
f 12676 	12985 	12677
f 12985 	12986 	12677
f 12677 	12986 	12678
f 12986 	12987 	12678
f 12678 	12987 	12679
f 12987 	12988 	12679
f 12679 	12988 	12680
f 12988 	12989 	12680
f 12680 	12989 	12681
f 12989 	12990 	12681
f 12681 	12990 	12682
f 12990 	12991 	12682
f 12682 	12991 	12683
f 12991 	12992 	12683
f 12683 	12992 	12684
f 12992 	12993 	12684
f 12684 	12993 	12685
f 12993 	12994 	12685
f 12685 	12994 	12686
f 12994 	12995 	12686
f 12686 	12995 	12687
f 12995 	12996 	12687
f 12687 	12996 	12688
f 12996 	12997 	12688
f 12688 	12997 	12689
f 12997 	12998 	12689
f 12689 	12998 	12690
f 12998 	12999 	12690
f 12690 	12999 	12691
f 12999 	13000 	12691
f 12691 	13000 	12692
f 13000 	13001 	12692
f 12692 	13001 	12693
f 13001 	13002 	12693
f 12693 	13002 	12694
f 13002 	13003 	12694
f 12694 	13003 	12695
f 13003 	13004 	12695
f 12695 	13004 	12696
f 13004 	13005 	12696
f 12696 	13005 	12697
f 13005 	13006 	12697
f 12697 	13006 	12698
f 13006 	13007 	12698
f 12698 	13007 	12699
f 13007 	13008 	12699
f 12699 	13008 	12700
f 13008 	13009 	12700
f 12700 	13009 	12701
f 13009 	13010 	12701
f 12701 	13010 	12702
f 13010 	13011 	12702
f 12702 	13011 	12703
f 13011 	13012 	12703
f 12703 	13012 	12704
f 13012 	13013 	12704
f 12704 	13013 	12705
f 13013 	13014 	12705
f 12705 	13014 	12706
f 13014 	13015 	12706
f 12706 	13015 	12707
f 13015 	13016 	12707
f 12707 	13016 	12708
f 13016 	13017 	12708
f 12708 	13017 	12709
f 13017 	13018 	12709
f 12709 	13018 	12710
f 13018 	13019 	12710
f 12710 	13019 	12711
f 13019 	13020 	12711
f 12711 	13020 	12712
f 13020 	13021 	12712
f 12712 	13021 	12713
f 13021 	13022 	12713
f 12713 	13022 	12714
f 13022 	13023 	12714
f 12714 	13023 	12715
f 13023 	13024 	12715
f 12715 	13024 	12405
f 13024 	13025 	12405
f 12405 	13025 	601
f 602 	13026 	12406
f 12406 	13026 	12716
f 13026 	13027 	12716
f 12716 	13027 	12717
f 13027 	13028 	12717
f 12717 	13028 	12718
f 13028 	13029 	12718
f 12718 	13029 	12719
f 13029 	13030 	12719
f 12719 	13030 	12720
f 13030 	13031 	12720
f 12720 	13031 	12721
f 13031 	13032 	12721
f 12721 	13032 	12722
f 13032 	13033 	12722
f 12722 	13033 	12723
f 13033 	13034 	12723
f 12723 	13034 	12724
f 13034 	13035 	12724
f 12724 	13035 	12725
f 13035 	13036 	12725
f 12725 	13036 	12417
f 13036 	12726 	12417
f 12726 	13037 	12727
f 13037 	13038 	12727
f 12727 	13038 	12728
f 13038 	13039 	12728
f 12728 	13039 	12729
f 13039 	13040 	12729
f 12729 	13040 	12730
f 13040 	13041 	12730
f 12730 	13041 	12731
f 13041 	13042 	12731
f 12731 	13042 	12732
f 13042 	13043 	12732
f 12732 	13043 	12733
f 13043 	13044 	12733
f 12733 	13044 	12734
f 13044 	13045 	12734
f 12734 	13045 	12735
f 13045 	13046 	12735
f 12735 	13046 	12736
f 13046 	13047 	12736
f 12736 	13047 	12737
f 13047 	13048 	12737
f 12737 	13048 	12738
f 13048 	13049 	12738
f 12738 	13049 	12739
f 13049 	13050 	12739
f 12739 	13050 	12740
f 13050 	13051 	12740
f 12740 	13051 	12741
f 13051 	13052 	12741
f 12741 	13052 	12742
f 13052 	13053 	12742
f 12742 	13053 	12743
f 13053 	13054 	12743
f 12743 	13054 	12744
f 13054 	13055 	12744
f 12744 	13055 	12745
f 13055 	13056 	12745
f 12745 	13056 	12746
f 13056 	13057 	12746
f 12746 	13057 	12747
f 13057 	13058 	12747
f 12747 	13058 	12748
f 13058 	13059 	12748
f 12748 	13059 	12749
f 13059 	13060 	12749
f 12749 	13060 	12750
f 13060 	13061 	12750
f 12750 	13061 	12751
f 13061 	13062 	12751
f 12751 	13062 	12752
f 13062 	13063 	12752
f 12752 	13063 	12753
f 13063 	13064 	12753
f 12753 	13064 	12754
f 13064 	13065 	12754
f 12754 	13065 	12755
f 13065 	13066 	12755
f 12755 	13066 	12756
f 13066 	13067 	12756
f 12756 	13067 	12757
f 13067 	13068 	12757
f 12757 	13068 	12758
f 13068 	13069 	12758
f 12758 	13069 	12759
f 13069 	13070 	12759
f 12759 	13070 	12760
f 13070 	13071 	12760
f 12760 	13071 	12761
f 13071 	13072 	12761
f 12761 	13072 	12762
f 13072 	13073 	12762
f 12762 	13073 	12763
f 13073 	13074 	12763
f 12763 	13074 	12764
f 13074 	13075 	12764
f 12764 	13075 	12765
f 13075 	13076 	12765
f 12765 	13076 	12766
f 13076 	13077 	12766
f 12766 	13077 	12767
f 13077 	13078 	12767
f 12767 	13078 	12768
f 13078 	13079 	12768
f 12768 	13079 	12769
f 13079 	13080 	12769
f 12769 	13080 	12770
f 13080 	13081 	12770
f 12770 	13081 	12771
f 13081 	13082 	12771
f 12771 	13082 	12772
f 13082 	13083 	12772
f 12772 	13083 	12773
f 13083 	13084 	12773
f 12773 	13084 	12774
f 13084 	13085 	12774
f 12774 	13085 	12775
f 13085 	13086 	12775
f 12775 	13086 	12776
f 13086 	13087 	12776
f 12776 	13087 	12777
f 13087 	13088 	12777
f 12777 	13088 	12778
f 13088 	13089 	12778
f 12778 	13089 	12779
f 13089 	13090 	12779
f 12779 	13090 	12780
f 13090 	13091 	12780
f 12780 	13091 	12781
f 13091 	13092 	12781
f 12781 	13092 	12782
f 13092 	13093 	12782
f 12782 	13093 	12783
f 13093 	13094 	12783
f 12783 	13094 	12784
f 13094 	13095 	12784
f 12784 	13095 	12785
f 13095 	13096 	12785
f 12785 	13096 	12786
f 13096 	13097 	12786
f 12786 	13097 	12787
f 13097 	13098 	12787
f 12787 	13098 	12788
f 13098 	13099 	12788
f 12788 	13099 	12789
f 13099 	13100 	12789
f 12789 	13100 	12790
f 13100 	13101 	12790
f 12790 	13101 	12791
f 13101 	13102 	12791
f 12791 	13102 	12792
f 13102 	13103 	12792
f 12792 	13103 	12793
f 13103 	13104 	12793
f 12793 	13104 	12794
f 13104 	13105 	12794
f 12794 	13105 	12795
f 13105 	13106 	12795
f 12795 	13106 	12796
f 13106 	13107 	12796
f 12796 	13107 	12797
f 13107 	13108 	12797
f 12797 	13108 	12798
f 13108 	13109 	12798
f 12798 	13109 	12799
f 13109 	13110 	12799
f 12799 	13110 	12800
f 13110 	13111 	12800
f 12800 	13111 	12801
f 13111 	13112 	12801
f 12801 	13112 	12802
f 13112 	13113 	12802
f 12802 	13113 	12803
f 13113 	13114 	12803
f 12803 	13114 	12804
f 13114 	13115 	12804
f 12804 	13115 	12805
f 13115 	13116 	12805
f 12805 	13116 	12806
f 13116 	13117 	12806
f 12806 	13117 	12807
f 13117 	13118 	12807
f 12807 	13118 	12808
f 13118 	13119 	12808
f 12808 	13119 	12809
f 13119 	13120 	12809
f 12809 	13120 	12810
f 13120 	13121 	12810
f 12810 	13121 	12811
f 13121 	13122 	12811
f 12811 	13122 	12812
f 13122 	13123 	12812
f 12812 	13123 	12813
f 13123 	13124 	12813
f 12813 	13124 	12814
f 13124 	13125 	12814
f 12814 	13125 	12815
f 13125 	13126 	12815
f 12815 	13126 	12816
f 13126 	13127 	12816
f 12816 	13127 	12817
f 13127 	13128 	12817
f 12817 	13128 	12818
f 13128 	13129 	12818
f 12818 	13129 	12819
f 13129 	13130 	12819
f 12819 	13130 	12820
f 13130 	13131 	12820
f 12820 	13131 	12821
f 13131 	13132 	12821
f 12821 	13132 	12822
f 13132 	13133 	12822
f 12822 	13133 	12823
f 13133 	13134 	12823
f 12823 	13134 	12824
f 13134 	13135 	12824
f 12824 	13135 	12825
f 13135 	13136 	12825
f 12825 	13136 	12826
f 13136 	13137 	12826
f 12826 	13137 	12827
f 13137 	13138 	12827
f 12827 	13138 	12828
f 13138 	13139 	12828
f 12828 	13139 	12829
f 13139 	13140 	12829
f 12829 	13140 	12830
f 13140 	13141 	12830
f 12830 	13141 	12831
f 13141 	13142 	12831
f 12831 	13142 	12832
f 13142 	13143 	12832
f 12832 	13143 	12833
f 13143 	13144 	12833
f 12833 	13144 	12834
f 13144 	13145 	12834
f 12834 	13145 	12835
f 13145 	13146 	12835
f 12835 	13146 	12836
f 13146 	13147 	12836
f 12836 	13147 	12837
f 13147 	13148 	12837
f 12837 	13148 	12838
f 13148 	13149 	12838
f 12838 	13149 	12839
f 13149 	13150 	12839
f 12839 	13150 	12840
f 13150 	13151 	12840
f 12840 	13151 	12841
f 13151 	13152 	12841
f 12841 	13152 	12842
f 13152 	13153 	12842
f 12842 	13153 	12843
f 13153 	13154 	12843
f 12843 	13154 	12844
f 13154 	13155 	12844
f 12844 	13155 	12845
f 13155 	13156 	12845
f 12845 	13156 	12846
f 13156 	13157 	12846
f 12846 	13157 	12847
f 13157 	13158 	12847
f 12847 	13158 	12848
f 13158 	13159 	12848
f 12848 	13159 	12849
f 13159 	13160 	12849
f 12849 	13160 	12850
f 13160 	13161 	12850
f 12850 	13161 	12851
f 13161 	13162 	12851
f 12851 	13162 	12852
f 13162 	13163 	12852
f 12852 	13163 	12853
f 13163 	13164 	12853
f 12853 	13164 	12854
f 13164 	13165 	12854
f 12854 	13165 	12855
f 13165 	13166 	12855
f 12855 	13166 	12856
f 13166 	13167 	12856
f 12856 	13167 	12857
f 13167 	13168 	12857
f 12857 	13168 	12858
f 13168 	13169 	12858
f 12858 	13169 	12859
f 13169 	13170 	12859
f 12859 	13170 	12860
f 13170 	13171 	12860
f 12860 	13171 	12861
f 13171 	13172 	12861
f 12861 	13172 	12862
f 13172 	13173 	12862
f 12862 	13173 	12863
f 13173 	13174 	12863
f 12863 	13174 	12864
f 13174 	13175 	12864
f 12864 	13175 	12865
f 13175 	13176 	12865
f 12865 	13176 	12866
f 13176 	13177 	12866
f 12866 	13177 	12867
f 13177 	13178 	12867
f 12867 	13178 	12868
f 13178 	13179 	12868
f 12868 	13179 	12869
f 13179 	13180 	12869
f 12869 	13180 	12870
f 13180 	13181 	12870
f 12870 	13181 	12871
f 13181 	13182 	12871
f 12871 	13182 	12872
f 13182 	13183 	12872
f 12872 	13183 	12873
f 13183 	13184 	12873
f 12873 	13184 	12874
f 13184 	13185 	12874
f 12874 	13185 	12875
f 13185 	13186 	12875
f 12875 	13186 	12876
f 13186 	13187 	12876
f 12876 	13187 	12877
f 13187 	13188 	12877
f 12877 	13188 	12878
f 13188 	13189 	12878
f 12878 	13189 	12879
f 13189 	13190 	12879
f 12879 	13190 	12880
f 13190 	13191 	12880
f 12880 	13191 	12881
f 13191 	13192 	12881
f 12881 	13192 	12882
f 13192 	13193 	12882
f 12882 	13193 	12883
f 13193 	13194 	12883
f 12883 	13194 	12884
f 13194 	13195 	12884
f 12884 	13195 	12885
f 13195 	13196 	12885
f 12885 	13196 	12886
f 13196 	13197 	12886
f 12886 	13197 	12887
f 13197 	13198 	12887
f 12887 	13198 	12888
f 13198 	13199 	12888
f 12888 	13199 	12889
f 13199 	13200 	12889
f 12889 	13200 	12890
f 13200 	13201 	12890
f 12890 	13201 	12891
f 13201 	13202 	12891
f 12891 	13202 	12892
f 13202 	13203 	12892
f 12892 	13203 	12893
f 13203 	13204 	12893
f 12893 	13204 	12894
f 13204 	13205 	12894
f 12894 	13205 	12895
f 13205 	13206 	12895
f 12895 	13206 	12896
f 13206 	13207 	12896
f 12896 	13207 	12897
f 13207 	13208 	12897
f 12897 	13208 	12898
f 13208 	13209 	12898
f 12898 	13209 	12899
f 13209 	13210 	12899
f 12899 	13210 	12900
f 13210 	13211 	12900
f 12900 	13211 	12901
f 13211 	13212 	12901
f 12901 	13212 	12902
f 13212 	13213 	12902
f 12902 	13213 	12903
f 13213 	13214 	12903
f 12903 	13214 	12904
f 13214 	13215 	12904
f 12904 	13215 	12905
f 13215 	13216 	12905
f 12905 	13216 	12906
f 13216 	13217 	12906
f 12906 	13217 	12907
f 13217 	13218 	12907
f 12907 	13218 	12908
f 13218 	13219 	12908
f 12908 	13219 	12909
f 13219 	13220 	12909
f 12909 	13220 	12910
f 13220 	13221 	12910
f 12910 	13221 	12911
f 13221 	13222 	12911
f 12911 	13222 	12912
f 13222 	13223 	12912
f 12912 	13223 	12913
f 13223 	13224 	12913
f 12913 	13224 	12914
f 13224 	13225 	12914
f 12914 	13225 	12915
f 13225 	13226 	12915
f 12915 	13226 	12916
f 13226 	13227 	12916
f 12916 	13227 	12917
f 13227 	13228 	12917
f 12917 	13228 	12918
f 13228 	13229 	12918
f 12918 	13229 	12919
f 13229 	13230 	12919
f 12919 	13230 	12920
f 13230 	13231 	12920
f 12920 	13231 	12921
f 13231 	13232 	12921
f 12921 	13232 	12922
f 13232 	13233 	12922
f 12922 	13233 	12923
f 13233 	13234 	12923
f 12923 	13234 	12924
f 13234 	13235 	12924
f 12924 	13235 	12925
f 13235 	13236 	12925
f 12925 	13236 	12926
f 13236 	13237 	12926
f 12926 	13237 	12927
f 13237 	13238 	12927
f 12927 	13238 	12928
f 13238 	13239 	12928
f 12928 	13239 	12929
f 13239 	13240 	12929
f 12929 	13240 	12930
f 13240 	13241 	12930
f 12930 	13241 	12931
f 13241 	13242 	12931
f 12931 	13242 	12932
f 13242 	13243 	12932
f 12932 	13243 	12933
f 13243 	13244 	12933
f 12933 	13244 	12934
f 13244 	13245 	12934
f 12934 	13245 	12935
f 13245 	13246 	12935
f 12935 	13246 	12936
f 13246 	13247 	12936
f 12936 	13247 	12937
f 13247 	13248 	12937
f 12937 	13248 	12938
f 13248 	13249 	12938
f 12938 	13249 	12939
f 13249 	13250 	12939
f 12939 	13250 	12940
f 13250 	13251 	12940
f 12940 	13251 	12941
f 13251 	13252 	12941
f 12941 	13252 	12942
f 13252 	13253 	12942
f 12942 	13253 	12943
f 13253 	13254 	12943
f 12943 	13254 	12944
f 13254 	13255 	12944
f 12944 	13255 	12945
f 13255 	13256 	12945
f 12945 	13256 	12946
f 13256 	13257 	12946
f 12946 	13257 	12947
f 13257 	13258 	12947
f 12947 	13258 	12948
f 13258 	13259 	12948
f 12948 	13259 	12949
f 13259 	13260 	12949
f 12949 	13260 	12950
f 13260 	13261 	12950
f 12950 	13261 	12951
f 13261 	13262 	12951
f 12951 	13262 	12952
f 13262 	13263 	12952
f 12952 	13263 	12953
f 13263 	13264 	12953
f 12953 	13264 	12954
f 13264 	13265 	12954
f 12954 	13265 	12955
f 13265 	13266 	12955
f 12955 	13266 	12956
f 13266 	13267 	12956
f 12956 	13267 	12957
f 13267 	13268 	12957
f 12957 	13268 	12958
f 13268 	13269 	12958
f 12958 	13269 	12959
f 13269 	13270 	12959
f 12959 	13270 	12960
f 13270 	13271 	12960
f 12960 	13271 	12961
f 13271 	13272 	12961
f 12961 	13272 	12962
f 13272 	13273 	12962
f 12962 	13273 	12963
f 13273 	13274 	12963
f 12963 	13274 	12964
f 13274 	13275 	12964
f 12964 	13275 	12965
f 13275 	13276 	12965
f 12965 	13276 	12966
f 13276 	13277 	12966
f 12966 	13277 	12967
f 13277 	13278 	12967
f 12967 	13278 	12968
f 13278 	13279 	12968
f 12968 	13279 	12969
f 13279 	13280 	12969
f 12969 	13280 	12970
f 13280 	13281 	12970
f 12970 	13281 	12971
f 13281 	13282 	12971
f 12971 	13282 	12972
f 13282 	13283 	12972
f 12972 	13283 	12973
f 13283 	13284 	12973
f 12973 	13284 	12974
f 13284 	13285 	12974
f 12974 	13285 	12975
f 13285 	13286 	12975
f 12975 	13286 	12976
f 13286 	13287 	12976
f 12976 	13287 	12977
f 13287 	13288 	12977
f 12977 	13288 	12978
f 13288 	13289 	12978
f 12978 	13289 	12979
f 13289 	13290 	12979
f 12979 	13290 	12980
f 13290 	13291 	12980
f 12980 	13291 	12981
f 13291 	13292 	12981
f 12981 	13292 	12982
f 13292 	13293 	12982
f 12982 	13293 	12983
f 13293 	13294 	12983
f 12983 	13294 	12984
f 13294 	13295 	12984
f 12984 	13295 	12985
f 13295 	13296 	12985
f 12985 	13296 	12986
f 13296 	13297 	12986
f 12986 	13297 	12987
f 13297 	13298 	12987
f 12987 	13298 	12988
f 13298 	13299 	12988
f 12988 	13299 	12989
f 13299 	13300 	12989
f 12989 	13300 	12990
f 13300 	13301 	12990
f 12990 	13301 	12991
f 13301 	13302 	12991
f 12991 	13302 	12992
f 13302 	13303 	12992
f 12992 	13303 	12993
f 13303 	13304 	12993
f 12993 	13304 	12994
f 13304 	13305 	12994
f 12994 	13305 	12995
f 13305 	13306 	12995
f 12995 	13306 	12996
f 13306 	13307 	12996
f 12996 	13307 	12997
f 13307 	13308 	12997
f 12997 	13308 	12998
f 13308 	13309 	12998
f 12998 	13309 	12999
f 13309 	13310 	12999
f 12999 	13310 	13000
f 13310 	13311 	13000
f 13000 	13311 	13001
f 13311 	13312 	13001
f 13001 	13312 	13002
f 13312 	13313 	13002
f 13002 	13313 	13003
f 13313 	13314 	13003
f 13003 	13314 	13004
f 13314 	13315 	13004
f 13004 	13315 	13005
f 13315 	13316 	13005
f 13005 	13316 	13006
f 13316 	13317 	13006
f 13006 	13317 	13007
f 13317 	13318 	13007
f 13007 	13318 	13008
f 13318 	13319 	13008
f 13008 	13319 	13009
f 13319 	13320 	13009
f 13009 	13320 	13010
f 13320 	13321 	13010
f 13010 	13321 	13011
f 13321 	13322 	13011
f 13011 	13322 	13012
f 13322 	13323 	13012
f 13012 	13323 	13013
f 13323 	13324 	13013
f 13013 	13324 	13014
f 13324 	13325 	13014
f 13014 	13325 	13015
f 13325 	13326 	13015
f 13015 	13326 	13016
f 13326 	13327 	13016
f 13016 	13327 	13017
f 13327 	13328 	13017
f 13017 	13328 	13018
f 13328 	13329 	13018
f 13018 	13329 	13019
f 13329 	13330 	13019
f 13019 	13330 	13020
f 13330 	13331 	13020
f 13020 	13331 	13021
f 13331 	13332 	13021
f 13021 	13332 	13022
f 13332 	13333 	13022
f 13022 	13333 	13023
f 13333 	13334 	13023
f 13023 	13334 	13024
f 13334 	13335 	13024
f 13024 	13335 	13025
f 13335 	13336 	13025
f 13025 	13336 	601
f 602 	13337 	13026
f 13026 	13337 	13027
f 13337 	13338 	13027
f 13027 	13338 	13028
f 13338 	13339 	13028
f 13028 	13339 	13029
f 13339 	13340 	13029
f 13029 	13340 	13030
f 13340 	13341 	13030
f 13030 	13341 	13031
f 13341 	13342 	13031
f 13031 	13342 	13032
f 13342 	13343 	13032
f 13032 	13343 	13033
f 13343 	13344 	13033
f 13033 	13344 	13034
f 13344 	13345 	13034
f 13034 	13345 	13035
f 13345 	13346 	13035
f 13035 	13346 	13036
f 13346 	13347 	13036
f 13036 	13347 	12726
f 13347 	13037 	12726
f 13037 	13348 	13038
f 13348 	13349 	13038
f 13038 	13349 	13039
f 13349 	13350 	13039
f 13039 	13350 	13040
f 13350 	13351 	13040
f 13040 	13351 	13041
f 13351 	13352 	13041
f 13041 	13352 	13042
f 13352 	13353 	13042
f 13042 	13353 	13043
f 13353 	13354 	13043
f 13043 	13354 	13044
f 13354 	13355 	13044
f 13044 	13355 	13045
f 13355 	13356 	13045
f 13045 	13356 	13046
f 13356 	13357 	13046
f 13046 	13357 	13047
f 13357 	13358 	13047
f 13047 	13358 	13048
f 13358 	13359 	13048
f 13048 	13359 	13049
f 13359 	13360 	13049
f 13049 	13360 	13050
f 13360 	13361 	13050
f 13050 	13361 	13051
f 13361 	13362 	13051
f 13051 	13362 	13052
f 13362 	13363 	13052
f 13052 	13363 	13053
f 13363 	13364 	13053
f 13053 	13364 	13054
f 13364 	13365 	13054
f 13054 	13365 	13055
f 13365 	13366 	13055
f 13055 	13366 	13056
f 13366 	13367 	13056
f 13056 	13367 	13057
f 13367 	13368 	13057
f 13057 	13368 	13058
f 13368 	13369 	13058
f 13058 	13369 	13059
f 13369 	13370 	13059
f 13059 	13370 	13060
f 13370 	13371 	13060
f 13060 	13371 	13061
f 13371 	13372 	13061
f 13061 	13372 	13062
f 13372 	13373 	13062
f 13062 	13373 	13063
f 13373 	13374 	13063
f 13063 	13374 	13064
f 13374 	13375 	13064
f 13064 	13375 	13065
f 13375 	13376 	13065
f 13065 	13376 	13066
f 13376 	13377 	13066
f 13066 	13377 	13067
f 13377 	13378 	13067
f 13067 	13378 	13068
f 13378 	13379 	13068
f 13068 	13379 	13069
f 13379 	13380 	13069
f 13069 	13380 	13070
f 13380 	13381 	13070
f 13070 	13381 	13071
f 13381 	13382 	13071
f 13071 	13382 	13072
f 13382 	13383 	13072
f 13072 	13383 	13073
f 13383 	13384 	13073
f 13073 	13384 	13074
f 13384 	13385 	13074
f 13074 	13385 	13075
f 13385 	13386 	13075
f 13075 	13386 	13076
f 13386 	13387 	13076
f 13076 	13387 	13077
f 13387 	13388 	13077
f 13077 	13388 	13078
f 13388 	13389 	13078
f 13078 	13389 	13079
f 13389 	13390 	13079
f 13079 	13390 	13080
f 13390 	13391 	13080
f 13080 	13391 	13081
f 13391 	13392 	13081
f 13081 	13392 	13082
f 13392 	13393 	13082
f 13082 	13393 	13083
f 13393 	13394 	13083
f 13083 	13394 	13084
f 13394 	13395 	13084
f 13084 	13395 	13085
f 13395 	13396 	13085
f 13085 	13396 	13086
f 13396 	13397 	13086
f 13086 	13397 	13087
f 13397 	13398 	13087
f 13087 	13398 	13088
f 13398 	13399 	13088
f 13088 	13399 	13089
f 13399 	13400 	13089
f 13089 	13400 	13090
f 13400 	13401 	13090
f 13090 	13401 	13091
f 13401 	13402 	13091
f 13091 	13402 	13092
f 13402 	13403 	13092
f 13092 	13403 	13093
f 13403 	13404 	13093
f 13093 	13404 	13094
f 13404 	13405 	13094
f 13094 	13405 	13095
f 13405 	13406 	13095
f 13095 	13406 	13096
f 13406 	13407 	13096
f 13096 	13407 	13097
f 13407 	13408 	13097
f 13097 	13408 	13098
f 13408 	13409 	13098
f 13098 	13409 	13099
f 13409 	13410 	13099
f 13099 	13410 	13100
f 13410 	13411 	13100
f 13100 	13411 	13101
f 13411 	13412 	13101
f 13101 	13412 	13102
f 13412 	13413 	13102
f 13102 	13413 	13103
f 13413 	13414 	13103
f 13103 	13414 	13104
f 13414 	13415 	13104
f 13104 	13415 	13105
f 13415 	13416 	13105
f 13105 	13416 	13106
f 13416 	13417 	13106
f 13106 	13417 	13107
f 13417 	13418 	13107
f 13107 	13418 	13108
f 13418 	13419 	13108
f 13108 	13419 	13109
f 13419 	13420 	13109
f 13109 	13420 	13110
f 13420 	13421 	13110
f 13110 	13421 	13111
f 13421 	13422 	13111
f 13111 	13422 	13112
f 13422 	13423 	13112
f 13112 	13423 	13113
f 13423 	13424 	13113
f 13113 	13424 	13114
f 13424 	13425 	13114
f 13114 	13425 	13115
f 13425 	13426 	13115
f 13115 	13426 	13116
f 13426 	13427 	13116
f 13116 	13427 	13117
f 13427 	13428 	13117
f 13117 	13428 	13118
f 13428 	13429 	13118
f 13118 	13429 	13119
f 13429 	13430 	13119
f 13119 	13430 	13120
f 13430 	13431 	13120
f 13120 	13431 	13121
f 13431 	13432 	13121
f 13121 	13432 	13122
f 13432 	13433 	13122
f 13122 	13433 	13123
f 13433 	13434 	13123
f 13123 	13434 	13124
f 13434 	13435 	13124
f 13124 	13435 	13125
f 13435 	13436 	13125
f 13125 	13436 	13126
f 13436 	13437 	13126
f 13126 	13437 	13127
f 13437 	13438 	13127
f 13127 	13438 	13128
f 13438 	13439 	13128
f 13128 	13439 	13129
f 13439 	13440 	13129
f 13129 	13440 	13130
f 13440 	13441 	13130
f 13130 	13441 	13131
f 13441 	13442 	13131
f 13131 	13442 	13132
f 13442 	13443 	13132
f 13132 	13443 	13133
f 13443 	13444 	13133
f 13133 	13444 	13134
f 13444 	13445 	13134
f 13134 	13445 	13135
f 13445 	13446 	13135
f 13135 	13446 	13136
f 13446 	13447 	13136
f 13136 	13447 	13137
f 13447 	13448 	13137
f 13137 	13448 	13138
f 13448 	13449 	13138
f 13138 	13449 	13139
f 13449 	13450 	13139
f 13139 	13450 	13140
f 13450 	13451 	13140
f 13140 	13451 	13141
f 13451 	13452 	13141
f 13141 	13452 	13142
f 13452 	13453 	13142
f 13142 	13453 	13143
f 13453 	13454 	13143
f 13143 	13454 	13144
f 13454 	13455 	13144
f 13144 	13455 	13145
f 13455 	13456 	13145
f 13145 	13456 	13146
f 13456 	13457 	13146
f 13146 	13457 	13147
f 13457 	13458 	13147
f 13147 	13458 	13148
f 13458 	13459 	13148
f 13148 	13459 	13149
f 13459 	13460 	13149
f 13149 	13460 	13150
f 13460 	13461 	13150
f 13150 	13461 	13151
f 13461 	13462 	13151
f 13151 	13462 	13152
f 13462 	13463 	13152
f 13152 	13463 	13153
f 13463 	13464 	13153
f 13153 	13464 	13154
f 13464 	13465 	13154
f 13154 	13465 	13155
f 13465 	13466 	13155
f 13155 	13466 	13156
f 13466 	13467 	13156
f 13156 	13467 	13157
f 13467 	13468 	13157
f 13157 	13468 	13158
f 13468 	13469 	13158
f 13158 	13469 	13159
f 13469 	13470 	13159
f 13159 	13470 	13160
f 13470 	13471 	13160
f 13160 	13471 	13161
f 13471 	13472 	13161
f 13161 	13472 	13162
f 13472 	13473 	13162
f 13162 	13473 	13163
f 13473 	13474 	13163
f 13163 	13474 	13164
f 13474 	13475 	13164
f 13164 	13475 	13165
f 13475 	13476 	13165
f 13165 	13476 	13166
f 13476 	13477 	13166
f 13166 	13477 	13167
f 13477 	13478 	13167
f 13167 	13478 	13168
f 13478 	13479 	13168
f 13168 	13479 	13169
f 13479 	13480 	13169
f 13169 	13480 	13170
f 13480 	13481 	13170
f 13170 	13481 	13171
f 13481 	13482 	13171
f 13171 	13482 	13172
f 13482 	13483 	13172
f 13172 	13483 	13173
f 13483 	13484 	13173
f 13173 	13484 	13174
f 13484 	13485 	13174
f 13174 	13485 	13175
f 13485 	13486 	13175
f 13175 	13486 	13176
f 13486 	13487 	13176
f 13176 	13487 	13177
f 13487 	13488 	13177
f 13177 	13488 	13178
f 13488 	13489 	13178
f 13178 	13489 	13179
f 13489 	13490 	13179
f 13179 	13490 	13180
f 13490 	13491 	13180
f 13180 	13491 	13181
f 13491 	13492 	13181
f 13181 	13492 	13182
f 13492 	13493 	13182
f 13182 	13493 	13183
f 13493 	13494 	13183
f 13183 	13494 	13184
f 13494 	13495 	13184
f 13184 	13495 	13185
f 13495 	13496 	13185
f 13185 	13496 	13186
f 13496 	13497 	13186
f 13186 	13497 	13187
f 13497 	13498 	13187
f 13187 	13498 	13188
f 13498 	13499 	13188
f 13188 	13499 	13189
f 13499 	13500 	13189
f 13189 	13500 	13190
f 13500 	13501 	13190
f 13190 	13501 	13191
f 13501 	13502 	13191
f 13191 	13502 	13192
f 13502 	13503 	13192
f 13192 	13503 	13193
f 13503 	13504 	13193
f 13193 	13504 	13194
f 13504 	13505 	13194
f 13194 	13505 	13195
f 13505 	13506 	13195
f 13195 	13506 	13196
f 13506 	13507 	13196
f 13196 	13507 	13197
f 13507 	13508 	13197
f 13197 	13508 	13198
f 13508 	13509 	13198
f 13198 	13509 	13199
f 13509 	13510 	13199
f 13199 	13510 	13200
f 13510 	13511 	13200
f 13200 	13511 	13201
f 13511 	13512 	13201
f 13201 	13512 	13202
f 13512 	13513 	13202
f 13202 	13513 	13203
f 13513 	13514 	13203
f 13203 	13514 	13204
f 13514 	13515 	13204
f 13204 	13515 	13205
f 13515 	13516 	13205
f 13205 	13516 	13206
f 13516 	13517 	13206
f 13206 	13517 	13207
f 13517 	13518 	13207
f 13207 	13518 	13208
f 13518 	13519 	13208
f 13208 	13519 	13209
f 13519 	13520 	13209
f 13209 	13520 	13210
f 13520 	13521 	13210
f 13210 	13521 	13211
f 13521 	13522 	13211
f 13211 	13522 	13212
f 13522 	13523 	13212
f 13212 	13523 	13213
f 13523 	13524 	13213
f 13213 	13524 	13214
f 13524 	13525 	13214
f 13214 	13525 	13215
f 13525 	13526 	13215
f 13215 	13526 	13216
f 13526 	13527 	13216
f 13216 	13527 	13217
f 13527 	13528 	13217
f 13217 	13528 	13218
f 13528 	13529 	13218
f 13218 	13529 	13219
f 13529 	13530 	13219
f 13219 	13530 	13220
f 13530 	13531 	13220
f 13220 	13531 	13221
f 13531 	13532 	13221
f 13221 	13532 	13222
f 13532 	13533 	13222
f 13222 	13533 	13223
f 13533 	13534 	13223
f 13223 	13534 	13224
f 13534 	13535 	13224
f 13224 	13535 	13225
f 13535 	13536 	13225
f 13225 	13536 	13226
f 13536 	13537 	13226
f 13226 	13537 	13227
f 13537 	13538 	13227
f 13227 	13538 	13228
f 13538 	13539 	13228
f 13228 	13539 	13229
f 13539 	13540 	13229
f 13229 	13540 	13230
f 13540 	13541 	13230
f 13230 	13541 	13231
f 13541 	13542 	13231
f 13231 	13542 	13232
f 13542 	13543 	13232
f 13232 	13543 	13233
f 13543 	13544 	13233
f 13233 	13544 	13234
f 13544 	13545 	13234
f 13234 	13545 	13235
f 13545 	13546 	13235
f 13235 	13546 	13236
f 13546 	13547 	13236
f 13236 	13547 	13237
f 13547 	13548 	13237
f 13237 	13548 	13238
f 13548 	13549 	13238
f 13238 	13549 	13239
f 13549 	13550 	13239
f 13239 	13550 	13240
f 13550 	13551 	13240
f 13240 	13551 	13241
f 13551 	13552 	13241
f 13241 	13552 	13242
f 13552 	13553 	13242
f 13242 	13553 	13243
f 13553 	13554 	13243
f 13243 	13554 	13244
f 13554 	13555 	13244
f 13244 	13555 	13245
f 13555 	13556 	13245
f 13245 	13556 	13246
f 13556 	13557 	13246
f 13246 	13557 	13247
f 13557 	13558 	13247
f 13247 	13558 	13248
f 13558 	13559 	13248
f 13248 	13559 	13249
f 13559 	13560 	13249
f 13249 	13560 	13250
f 13560 	13561 	13250
f 13250 	13561 	13251
f 13561 	13562 	13251
f 13251 	13562 	13252
f 13562 	13563 	13252
f 13252 	13563 	13253
f 13563 	13564 	13253
f 13253 	13564 	13254
f 13564 	13565 	13254
f 13254 	13565 	13255
f 13565 	13566 	13255
f 13255 	13566 	13256
f 13566 	13567 	13256
f 13256 	13567 	13257
f 13567 	13568 	13257
f 13257 	13568 	13258
f 13568 	13569 	13258
f 13258 	13569 	13259
f 13569 	13570 	13259
f 13259 	13570 	13260
f 13570 	13571 	13260
f 13260 	13571 	13261
f 13571 	13572 	13261
f 13261 	13572 	13262
f 13572 	13573 	13262
f 13262 	13573 	13263
f 13573 	13574 	13263
f 13263 	13574 	13264
f 13574 	13575 	13264
f 13264 	13575 	13265
f 13575 	13576 	13265
f 13265 	13576 	13266
f 13576 	13577 	13266
f 13266 	13577 	13267
f 13577 	13578 	13267
f 13267 	13578 	13268
f 13578 	13579 	13268
f 13268 	13579 	13269
f 13579 	13580 	13269
f 13269 	13580 	13270
f 13580 	13581 	13270
f 13270 	13581 	13271
f 13581 	13582 	13271
f 13271 	13582 	13272
f 13582 	13583 	13272
f 13272 	13583 	13273
f 13583 	13584 	13273
f 13273 	13584 	13274
f 13584 	13585 	13274
f 13274 	13585 	13275
f 13585 	13586 	13275
f 13275 	13586 	13276
f 13586 	13587 	13276
f 13276 	13587 	13277
f 13587 	13588 	13277
f 13277 	13588 	13278
f 13588 	13589 	13278
f 13278 	13589 	13279
f 13589 	13590 	13279
f 13279 	13590 	13280
f 13590 	13591 	13280
f 13280 	13591 	13281
f 13591 	13592 	13281
f 13281 	13592 	13282
f 13592 	13593 	13282
f 13282 	13593 	13283
f 13593 	13594 	13283
f 13283 	13594 	13284
f 13594 	13595 	13284
f 13284 	13595 	13285
f 13595 	13596 	13285
f 13285 	13596 	13286
f 13596 	13597 	13286
f 13286 	13597 	13287
f 13597 	13598 	13287
f 13287 	13598 	13288
f 13598 	13599 	13288
f 13288 	13599 	13289
f 13599 	13600 	13289
f 13289 	13600 	13290
f 13600 	13601 	13290
f 13290 	13601 	13291
f 13601 	13602 	13291
f 13291 	13602 	13292
f 13602 	13603 	13292
f 13292 	13603 	13293
f 13603 	13604 	13293
f 13293 	13604 	13294
f 13604 	13605 	13294
f 13294 	13605 	13295
f 13605 	13606 	13295
f 13295 	13606 	13296
f 13606 	13607 	13296
f 13296 	13607 	13297
f 13607 	13608 	13297
f 13297 	13608 	13298
f 13608 	13609 	13298
f 13298 	13609 	13299
f 13609 	13610 	13299
f 13299 	13610 	13300
f 13610 	13611 	13300
f 13300 	13611 	13301
f 13611 	13612 	13301
f 13301 	13612 	13302
f 13612 	13613 	13302
f 13302 	13613 	13303
f 13613 	13614 	13303
f 13303 	13614 	13304
f 13614 	13615 	13304
f 13304 	13615 	13305
f 13615 	13616 	13305
f 13305 	13616 	13306
f 13616 	13617 	13306
f 13306 	13617 	13307
f 13617 	13618 	13307
f 13307 	13618 	13308
f 13618 	13619 	13308
f 13308 	13619 	13309
f 13619 	13620 	13309
f 13309 	13620 	13310
f 13620 	13621 	13310
f 13310 	13621 	13311
f 13621 	13622 	13311
f 13311 	13622 	13312
f 13622 	13623 	13312
f 13312 	13623 	13313
f 13623 	13624 	13313
f 13313 	13624 	13314
f 13624 	13625 	13314
f 13314 	13625 	13315
f 13625 	13626 	13315
f 13315 	13626 	13316
f 13626 	13627 	13316
f 13316 	13627 	13317
f 13627 	13628 	13317
f 13317 	13628 	13318
f 13628 	13629 	13318
f 13318 	13629 	13319
f 13629 	13630 	13319
f 13319 	13630 	13320
f 13630 	13631 	13320
f 13320 	13631 	13321
f 13631 	13632 	13321
f 13321 	13632 	13322
f 13632 	13633 	13322
f 13322 	13633 	13323
f 13633 	13634 	13323
f 13323 	13634 	13324
f 13634 	13635 	13324
f 13324 	13635 	13325
f 13635 	13636 	13325
f 13325 	13636 	13326
f 13636 	13637 	13326
f 13326 	13637 	13327
f 13637 	13638 	13327
f 13327 	13638 	13328
f 13638 	13639 	13328
f 13328 	13639 	13329
f 13639 	13640 	13329
f 13329 	13640 	13330
f 13640 	13641 	13330
f 13330 	13641 	13331
f 13641 	13642 	13331
f 13331 	13642 	13332
f 13642 	13643 	13332
f 13332 	13643 	13333
f 13643 	13644 	13333
f 13333 	13644 	13334
f 13644 	13645 	13334
f 13334 	13645 	13335
f 13645 	13646 	13335
f 13335 	13646 	13336
f 13646 	13647 	13336
f 13336 	13647 	601
f 602 	13648 	13337
f 13337 	13648 	13338
f 13648 	13649 	13338
f 13338 	13649 	13339
f 13649 	13650 	13339
f 13339 	13650 	13340
f 13650 	13651 	13340
f 13340 	13651 	13341
f 13651 	13652 	13341
f 13341 	13652 	13342
f 13652 	13653 	13342
f 13342 	13653 	13343
f 13653 	13654 	13343
f 13343 	13654 	13344
f 13654 	13655 	13344
f 13344 	13655 	13345
f 13655 	13656 	13345
f 13345 	13656 	13346
f 13656 	13657 	13346
f 13346 	13657 	13347
f 13657 	13658 	13347
f 13347 	13658 	13037
f 13658 	13348 	13037
f 13348 	13659 	13349
f 13659 	13660 	13349
f 13349 	13660 	13350
f 13660 	13661 	13350
f 13350 	13661 	13351
f 13661 	13662 	13351
f 13351 	13662 	13352
f 13662 	13663 	13352
f 13352 	13663 	13353
f 13663 	13664 	13353
f 13353 	13664 	13354
f 13664 	13665 	13354
f 13354 	13665 	13355
f 13665 	13666 	13355
f 13355 	13666 	13356
f 13666 	13667 	13356
f 13356 	13667 	13357
f 13667 	13668 	13357
f 13357 	13668 	13358
f 13668 	13669 	13358
f 13358 	13669 	13359
f 13669 	13670 	13359
f 13359 	13670 	13360
f 13670 	13671 	13360
f 13360 	13671 	13361
f 13671 	13672 	13361
f 13361 	13672 	13362
f 13672 	13673 	13362
f 13362 	13673 	13363
f 13673 	13674 	13363
f 13363 	13674 	13364
f 13674 	13675 	13364
f 13364 	13675 	13365
f 13675 	13676 	13365
f 13365 	13676 	13366
f 13676 	13677 	13366
f 13366 	13677 	13367
f 13677 	13678 	13367
f 13367 	13678 	13368
f 13678 	13679 	13368
f 13368 	13679 	13369
f 13679 	13680 	13369
f 13369 	13680 	13370
f 13680 	13681 	13370
f 13370 	13681 	13371
f 13681 	13682 	13371
f 13371 	13682 	13372
f 13682 	13683 	13372
f 13372 	13683 	13373
f 13683 	13684 	13373
f 13373 	13684 	13374
f 13684 	13685 	13374
f 13374 	13685 	13375
f 13685 	13686 	13375
f 13375 	13686 	13376
f 13686 	13687 	13376
f 13376 	13687 	13377
f 13687 	13688 	13377
f 13377 	13688 	13378
f 13688 	13689 	13378
f 13378 	13689 	13379
f 13689 	13690 	13379
f 13379 	13690 	13380
f 13690 	13691 	13380
f 13380 	13691 	13381
f 13691 	13692 	13381
f 13381 	13692 	13382
f 13692 	13693 	13382
f 13382 	13693 	13383
f 13693 	13694 	13383
f 13383 	13694 	13384
f 13694 	13695 	13384
f 13384 	13695 	13385
f 13695 	13696 	13385
f 13385 	13696 	13386
f 13696 	13697 	13386
f 13386 	13697 	13387
f 13697 	13698 	13387
f 13387 	13698 	13388
f 13698 	13699 	13388
f 13388 	13699 	13389
f 13699 	13700 	13389
f 13389 	13700 	13390
f 13700 	13701 	13390
f 13390 	13701 	13391
f 13701 	13702 	13391
f 13391 	13702 	13392
f 13702 	13703 	13392
f 13392 	13703 	13393
f 13703 	13704 	13393
f 13393 	13704 	13394
f 13704 	13705 	13394
f 13394 	13705 	13395
f 13705 	13706 	13395
f 13395 	13706 	13396
f 13706 	13707 	13396
f 13396 	13707 	13397
f 13707 	13708 	13397
f 13397 	13708 	13398
f 13708 	13709 	13398
f 13398 	13709 	13399
f 13709 	13710 	13399
f 13399 	13710 	13400
f 13710 	13711 	13400
f 13400 	13711 	13401
f 13711 	13712 	13401
f 13401 	13712 	13402
f 13712 	13713 	13402
f 13402 	13713 	13403
f 13713 	13714 	13403
f 13403 	13714 	13404
f 13714 	13715 	13404
f 13404 	13715 	13405
f 13715 	13716 	13405
f 13405 	13716 	13406
f 13716 	13717 	13406
f 13406 	13717 	13407
f 13717 	13718 	13407
f 13407 	13718 	13408
f 13718 	13719 	13408
f 13408 	13719 	13409
f 13719 	13720 	13409
f 13409 	13720 	13410
f 13720 	13721 	13410
f 13410 	13721 	13411
f 13721 	13722 	13411
f 13411 	13722 	13412
f 13722 	13723 	13412
f 13412 	13723 	13413
f 13723 	13724 	13413
f 13413 	13724 	13414
f 13724 	13725 	13414
f 13414 	13725 	13415
f 13725 	13726 	13415
f 13415 	13726 	13416
f 13726 	13727 	13416
f 13416 	13727 	13417
f 13727 	13728 	13417
f 13417 	13728 	13418
f 13728 	13729 	13418
f 13418 	13729 	13419
f 13729 	13730 	13419
f 13419 	13730 	13420
f 13730 	13731 	13420
f 13420 	13731 	13421
f 13731 	13732 	13421
f 13421 	13732 	13422
f 13732 	13733 	13422
f 13422 	13733 	13423
f 13733 	13734 	13423
f 13423 	13734 	13424
f 13734 	13735 	13424
f 13424 	13735 	13425
f 13735 	13736 	13425
f 13425 	13736 	13426
f 13736 	13737 	13426
f 13426 	13737 	13427
f 13737 	13738 	13427
f 13427 	13738 	13428
f 13738 	13739 	13428
f 13428 	13739 	13429
f 13739 	13740 	13429
f 13429 	13740 	13430
f 13740 	13741 	13430
f 13430 	13741 	13431
f 13741 	13742 	13431
f 13431 	13742 	13432
f 13742 	13743 	13432
f 13432 	13743 	13433
f 13743 	13744 	13433
f 13433 	13744 	13434
f 13744 	13745 	13434
f 13434 	13745 	13435
f 13745 	13746 	13435
f 13435 	13746 	13436
f 13746 	13747 	13436
f 13436 	13747 	13437
f 13747 	13748 	13437
f 13437 	13748 	13438
f 13748 	13749 	13438
f 13438 	13749 	13439
f 13749 	13750 	13439
f 13439 	13750 	13440
f 13750 	13751 	13440
f 13440 	13751 	13441
f 13751 	13752 	13441
f 13441 	13752 	13442
f 13752 	13753 	13442
f 13442 	13753 	13443
f 13753 	13754 	13443
f 13443 	13754 	13444
f 13754 	13755 	13444
f 13444 	13755 	13445
f 13755 	13756 	13445
f 13445 	13756 	13446
f 13756 	13757 	13446
f 13446 	13757 	13447
f 13757 	13758 	13447
f 13447 	13758 	13448
f 13758 	13759 	13448
f 13448 	13759 	13449
f 13759 	13760 	13449
f 13449 	13760 	13450
f 13760 	13761 	13450
f 13450 	13761 	13451
f 13761 	13762 	13451
f 13451 	13762 	13452
f 13762 	13763 	13452
f 13452 	13763 	13453
f 13763 	13764 	13453
f 13453 	13764 	13454
f 13764 	13765 	13454
f 13454 	13765 	13455
f 13765 	13766 	13455
f 13455 	13766 	13456
f 13766 	13767 	13456
f 13456 	13767 	13457
f 13767 	13768 	13457
f 13457 	13768 	13458
f 13768 	13769 	13458
f 13458 	13769 	13459
f 13769 	13770 	13459
f 13459 	13770 	13460
f 13770 	13771 	13460
f 13460 	13771 	13461
f 13771 	13772 	13461
f 13461 	13772 	13462
f 13772 	13773 	13462
f 13462 	13773 	13463
f 13773 	13774 	13463
f 13463 	13774 	13464
f 13774 	13775 	13464
f 13464 	13775 	13465
f 13775 	13776 	13465
f 13465 	13776 	13466
f 13776 	13777 	13466
f 13466 	13777 	13467
f 13777 	13778 	13467
f 13467 	13778 	13468
f 13778 	13779 	13468
f 13468 	13779 	13469
f 13779 	13780 	13469
f 13469 	13780 	13470
f 13780 	13781 	13470
f 13470 	13781 	13471
f 13781 	13782 	13471
f 13471 	13782 	13472
f 13782 	13783 	13472
f 13472 	13783 	13473
f 13783 	13784 	13473
f 13473 	13784 	13474
f 13784 	13785 	13474
f 13474 	13785 	13475
f 13785 	13786 	13475
f 13475 	13786 	13476
f 13786 	13787 	13476
f 13476 	13787 	13477
f 13787 	13788 	13477
f 13477 	13788 	13478
f 13788 	13789 	13478
f 13478 	13789 	13479
f 13789 	13790 	13479
f 13479 	13790 	13480
f 13790 	13791 	13480
f 13480 	13791 	13481
f 13791 	13792 	13481
f 13481 	13792 	13482
f 13792 	13793 	13482
f 13482 	13793 	13483
f 13793 	13794 	13483
f 13483 	13794 	13484
f 13794 	13795 	13484
f 13484 	13795 	13485
f 13795 	13796 	13485
f 13485 	13796 	13486
f 13796 	13797 	13486
f 13486 	13797 	13487
f 13797 	13798 	13487
f 13487 	13798 	13488
f 13798 	13799 	13488
f 13488 	13799 	13489
f 13799 	13800 	13489
f 13489 	13800 	13490
f 13800 	13801 	13490
f 13490 	13801 	13491
f 13801 	13802 	13491
f 13491 	13802 	13492
f 13802 	13803 	13492
f 13492 	13803 	13493
f 13803 	13804 	13493
f 13493 	13804 	13494
f 13804 	13805 	13494
f 13494 	13805 	13495
f 13805 	13806 	13495
f 13495 	13806 	13496
f 13806 	13807 	13496
f 13496 	13807 	13497
f 13807 	13808 	13497
f 13497 	13808 	13498
f 13808 	13809 	13498
f 13498 	13809 	13499
f 13809 	13810 	13499
f 13499 	13810 	13500
f 13810 	13811 	13500
f 13500 	13811 	13501
f 13811 	13812 	13501
f 13501 	13812 	13502
f 13812 	13813 	13502
f 13502 	13813 	13503
f 13813 	13814 	13503
f 13503 	13814 	13504
f 13814 	13815 	13504
f 13504 	13815 	13505
f 13815 	13816 	13505
f 13505 	13816 	13506
f 13816 	13817 	13506
f 13506 	13817 	13507
f 13817 	13818 	13507
f 13507 	13818 	13508
f 13818 	13819 	13508
f 13508 	13819 	13509
f 13819 	13820 	13509
f 13509 	13820 	13510
f 13820 	13821 	13510
f 13510 	13821 	13511
f 13821 	13822 	13511
f 13511 	13822 	13512
f 13822 	13823 	13512
f 13512 	13823 	13513
f 13823 	13824 	13513
f 13513 	13824 	13514
f 13824 	13825 	13514
f 13514 	13825 	13515
f 13825 	13826 	13515
f 13515 	13826 	13516
f 13826 	13827 	13516
f 13516 	13827 	13517
f 13827 	13828 	13517
f 13517 	13828 	13518
f 13828 	13829 	13518
f 13518 	13829 	13519
f 13829 	13830 	13519
f 13519 	13830 	13520
f 13830 	13831 	13520
f 13520 	13831 	13521
f 13831 	13832 	13521
f 13521 	13832 	13522
f 13832 	13833 	13522
f 13522 	13833 	13523
f 13833 	13834 	13523
f 13523 	13834 	13524
f 13834 	13835 	13524
f 13524 	13835 	13525
f 13835 	13836 	13525
f 13525 	13836 	13526
f 13836 	13837 	13526
f 13526 	13837 	13527
f 13837 	13838 	13527
f 13527 	13838 	13528
f 13838 	13839 	13528
f 13528 	13839 	13529
f 13839 	13840 	13529
f 13529 	13840 	13530
f 13840 	13841 	13530
f 13530 	13841 	13531
f 13841 	13842 	13531
f 13531 	13842 	13532
f 13842 	13843 	13532
f 13532 	13843 	13533
f 13843 	13844 	13533
f 13533 	13844 	13534
f 13844 	13845 	13534
f 13534 	13845 	13535
f 13845 	13846 	13535
f 13535 	13846 	13536
f 13846 	13847 	13536
f 13536 	13847 	13537
f 13847 	13848 	13537
f 13537 	13848 	13538
f 13848 	13849 	13538
f 13538 	13849 	13539
f 13849 	13850 	13539
f 13539 	13850 	13540
f 13850 	13851 	13540
f 13540 	13851 	13541
f 13851 	13852 	13541
f 13541 	13852 	13542
f 13852 	13853 	13542
f 13542 	13853 	13543
f 13853 	13854 	13543
f 13543 	13854 	13544
f 13854 	13855 	13544
f 13544 	13855 	13545
f 13855 	13856 	13545
f 13545 	13856 	13546
f 13856 	13857 	13546
f 13546 	13857 	13547
f 13857 	13858 	13547
f 13547 	13858 	13548
f 13858 	13859 	13548
f 13548 	13859 	13549
f 13859 	13860 	13549
f 13549 	13860 	13550
f 13860 	13861 	13550
f 13550 	13861 	13551
f 13861 	13862 	13551
f 13551 	13862 	13552
f 13862 	13863 	13552
f 13552 	13863 	13553
f 13863 	13864 	13553
f 13553 	13864 	13554
f 13864 	13865 	13554
f 13554 	13865 	13555
f 13865 	13866 	13555
f 13555 	13866 	13556
f 13866 	13867 	13556
f 13556 	13867 	13557
f 13867 	13868 	13557
f 13557 	13868 	13558
f 13868 	13869 	13558
f 13558 	13869 	13559
f 13869 	13870 	13559
f 13559 	13870 	13560
f 13870 	13871 	13560
f 13560 	13871 	13561
f 13871 	13872 	13561
f 13561 	13872 	13562
f 13872 	13873 	13562
f 13562 	13873 	13563
f 13873 	13874 	13563
f 13563 	13874 	13564
f 13874 	13875 	13564
f 13564 	13875 	13565
f 13875 	13876 	13565
f 13565 	13876 	13566
f 13876 	13877 	13566
f 13566 	13877 	13567
f 13877 	13878 	13567
f 13567 	13878 	13568
f 13878 	13879 	13568
f 13568 	13879 	13569
f 13879 	13880 	13569
f 13569 	13880 	13570
f 13880 	13881 	13570
f 13570 	13881 	13571
f 13881 	13882 	13571
f 13571 	13882 	13572
f 13882 	13883 	13572
f 13572 	13883 	13573
f 13883 	13884 	13573
f 13573 	13884 	13574
f 13884 	13885 	13574
f 13574 	13885 	13575
f 13885 	13886 	13575
f 13575 	13886 	13576
f 13886 	13887 	13576
f 13576 	13887 	13577
f 13887 	13888 	13577
f 13577 	13888 	13578
f 13888 	13889 	13578
f 13578 	13889 	13579
f 13889 	13890 	13579
f 13579 	13890 	13580
f 13890 	13891 	13580
f 13580 	13891 	13581
f 13891 	13892 	13581
f 13581 	13892 	13582
f 13892 	13893 	13582
f 13582 	13893 	13583
f 13893 	13894 	13583
f 13583 	13894 	13584
f 13894 	13895 	13584
f 13584 	13895 	13585
f 13895 	13896 	13585
f 13585 	13896 	13586
f 13896 	13897 	13586
f 13586 	13897 	13587
f 13897 	13898 	13587
f 13587 	13898 	13588
f 13898 	13899 	13588
f 13588 	13899 	13589
f 13899 	13900 	13589
f 13589 	13900 	13590
f 13900 	13901 	13590
f 13590 	13901 	13591
f 13901 	13902 	13591
f 13591 	13902 	13592
f 13902 	13903 	13592
f 13592 	13903 	13593
f 13903 	13904 	13593
f 13593 	13904 	13594
f 13904 	13905 	13594
f 13594 	13905 	13595
f 13905 	13906 	13595
f 13595 	13906 	13596
f 13906 	13907 	13596
f 13596 	13907 	13597
f 13907 	13908 	13597
f 13597 	13908 	13598
f 13908 	13909 	13598
f 13598 	13909 	13599
f 13909 	13910 	13599
f 13599 	13910 	13600
f 13910 	13911 	13600
f 13600 	13911 	13601
f 13911 	13912 	13601
f 13601 	13912 	13602
f 13912 	13913 	13602
f 13602 	13913 	13603
f 13913 	13914 	13603
f 13603 	13914 	13604
f 13914 	13915 	13604
f 13604 	13915 	13605
f 13915 	13916 	13605
f 13605 	13916 	13606
f 13916 	13917 	13606
f 13606 	13917 	13607
f 13917 	13918 	13607
f 13607 	13918 	13608
f 13918 	13919 	13608
f 13608 	13919 	13609
f 13919 	13920 	13609
f 13609 	13920 	13610
f 13920 	13921 	13610
f 13610 	13921 	13611
f 13921 	13922 	13611
f 13611 	13922 	13612
f 13922 	13923 	13612
f 13612 	13923 	13613
f 13923 	13924 	13613
f 13613 	13924 	13614
f 13924 	13925 	13614
f 13614 	13925 	13615
f 13925 	13926 	13615
f 13615 	13926 	13616
f 13926 	13927 	13616
f 13616 	13927 	13617
f 13927 	13928 	13617
f 13617 	13928 	13618
f 13928 	13929 	13618
f 13618 	13929 	13619
f 13929 	13930 	13619
f 13619 	13930 	13620
f 13930 	13931 	13620
f 13620 	13931 	13621
f 13931 	13932 	13621
f 13621 	13932 	13622
f 13932 	13933 	13622
f 13622 	13933 	13623
f 13933 	13934 	13623
f 13623 	13934 	13624
f 13934 	13935 	13624
f 13624 	13935 	13625
f 13935 	13936 	13625
f 13625 	13936 	13626
f 13936 	13937 	13626
f 13626 	13937 	13627
f 13937 	13938 	13627
f 13627 	13938 	13628
f 13938 	13939 	13628
f 13628 	13939 	13629
f 13939 	13940 	13629
f 13629 	13940 	13630
f 13940 	13941 	13630
f 13630 	13941 	13631
f 13941 	13942 	13631
f 13631 	13942 	13632
f 13942 	13943 	13632
f 13632 	13943 	13633
f 13943 	13944 	13633
f 13633 	13944 	13634
f 13944 	13945 	13634
f 13634 	13945 	13635
f 13945 	13946 	13635
f 13635 	13946 	13636
f 13946 	13947 	13636
f 13636 	13947 	13637
f 13947 	13948 	13637
f 13637 	13948 	13638
f 13948 	13949 	13638
f 13638 	13949 	13639
f 13949 	13950 	13639
f 13639 	13950 	13640
f 13950 	13951 	13640
f 13640 	13951 	13641
f 13951 	13952 	13641
f 13641 	13952 	13642
f 13952 	13953 	13642
f 13642 	13953 	13643
f 13953 	13954 	13643
f 13643 	13954 	13644
f 13954 	13955 	13644
f 13644 	13955 	13645
f 13955 	13956 	13645
f 13645 	13956 	13646
f 13956 	13957 	13646
f 13646 	13957 	13647
f 13957 	13958 	13647
f 13647 	13958 	601
f 602 	13959 	13648
f 13648 	13959 	13649
f 13959 	13960 	13649
f 13649 	13960 	13650
f 13960 	13961 	13650
f 13650 	13961 	13651
f 13961 	13962 	13651
f 13651 	13962 	13652
f 13962 	13963 	13652
f 13652 	13963 	13653
f 13963 	13964 	13653
f 13653 	13964 	13654
f 13964 	13965 	13654
f 13654 	13965 	13655
f 13965 	13966 	13655
f 13655 	13966 	13656
f 13966 	13967 	13656
f 13656 	13967 	13657
f 13967 	13968 	13657
f 13657 	13968 	13658
f 13968 	13969 	13658
f 13658 	13969 	13348
f 13969 	13659 	13348
f 13659 	13970 	13660
f 13970 	13971 	13660
f 13660 	13971 	13661
f 13971 	13972 	13661
f 13661 	13972 	13662
f 13972 	13973 	13662
f 13662 	13973 	13663
f 13973 	13974 	13663
f 13663 	13974 	13664
f 13974 	13975 	13664
f 13664 	13975 	13665
f 13975 	13976 	13665
f 13665 	13976 	13666
f 13976 	13977 	13666
f 13666 	13977 	13667
f 13977 	13978 	13667
f 13667 	13978 	13668
f 13978 	13979 	13668
f 13668 	13979 	13669
f 13979 	13980 	13669
f 13669 	13980 	13670
f 13980 	13981 	13670
f 13670 	13981 	13671
f 13981 	13982 	13671
f 13671 	13982 	13672
f 13982 	13983 	13672
f 13672 	13983 	13673
f 13983 	13984 	13673
f 13673 	13984 	13674
f 13984 	13985 	13674
f 13674 	13985 	13675
f 13985 	13986 	13675
f 13675 	13986 	13676
f 13986 	13987 	13676
f 13676 	13987 	13677
f 13987 	13988 	13677
f 13677 	13988 	13678
f 13988 	13989 	13678
f 13678 	13989 	13679
f 13989 	13990 	13679
f 13679 	13990 	13680
f 13990 	13991 	13680
f 13680 	13991 	13681
f 13991 	13992 	13681
f 13681 	13992 	13682
f 13992 	13993 	13682
f 13682 	13993 	13683
f 13993 	13994 	13683
f 13683 	13994 	13684
f 13994 	13995 	13684
f 13684 	13995 	13685
f 13995 	13996 	13685
f 13685 	13996 	13686
f 13996 	13997 	13686
f 13686 	13997 	13687
f 13997 	13998 	13687
f 13687 	13998 	13688
f 13998 	13999 	13688
f 13688 	13999 	13689
f 13999 	14000 	13689
f 13689 	14000 	13690
f 14000 	14001 	13690
f 13690 	14001 	13691
f 14001 	14002 	13691
f 13691 	14002 	13692
f 14002 	14003 	13692
f 13692 	14003 	13693
f 14003 	14004 	13693
f 13693 	14004 	13694
f 14004 	14005 	13694
f 13694 	14005 	13695
f 14005 	14006 	13695
f 13695 	14006 	13696
f 14006 	14007 	13696
f 13696 	14007 	13697
f 14007 	14008 	13697
f 13697 	14008 	13698
f 14008 	14009 	13698
f 13698 	14009 	13699
f 14009 	14010 	13699
f 13699 	14010 	13700
f 14010 	14011 	13700
f 13700 	14011 	13701
f 14011 	14012 	13701
f 13701 	14012 	13702
f 14012 	14013 	13702
f 13702 	14013 	13703
f 14013 	14014 	13703
f 13703 	14014 	13704
f 14014 	14015 	13704
f 13704 	14015 	13705
f 14015 	14016 	13705
f 13705 	14016 	13706
f 14016 	14017 	13706
f 13706 	14017 	13707
f 14017 	14018 	13707
f 13707 	14018 	13708
f 14018 	14019 	13708
f 13708 	14019 	13709
f 14019 	14020 	13709
f 13709 	14020 	13710
f 14020 	14021 	13710
f 13710 	14021 	13711
f 14021 	14022 	13711
f 13711 	14022 	13712
f 14022 	14023 	13712
f 13712 	14023 	13713
f 14023 	14024 	13713
f 13713 	14024 	13714
f 14024 	14025 	13714
f 13714 	14025 	13715
f 14025 	14026 	13715
f 13715 	14026 	13716
f 14026 	14027 	13716
f 13716 	14027 	13717
f 14027 	14028 	13717
f 13717 	14028 	13718
f 14028 	14029 	13718
f 13718 	14029 	13719
f 14029 	14030 	13719
f 13719 	14030 	13720
f 14030 	14031 	13720
f 13720 	14031 	13721
f 14031 	14032 	13721
f 13721 	14032 	13722
f 14032 	14033 	13722
f 13722 	14033 	13723
f 14033 	14034 	13723
f 13723 	14034 	13724
f 14034 	14035 	13724
f 13724 	14035 	13725
f 14035 	14036 	13725
f 13725 	14036 	13726
f 14036 	14037 	13726
f 13726 	14037 	13727
f 14037 	14038 	13727
f 13727 	14038 	13728
f 14038 	14039 	13728
f 13728 	14039 	13729
f 14039 	14040 	13729
f 13729 	14040 	13730
f 14040 	14041 	13730
f 13730 	14041 	13731
f 14041 	14042 	13731
f 13731 	14042 	13732
f 14042 	14043 	13732
f 13732 	14043 	13733
f 14043 	14044 	13733
f 13733 	14044 	13734
f 14044 	14045 	13734
f 13734 	14045 	13735
f 14045 	14046 	13735
f 13735 	14046 	13736
f 14046 	14047 	13736
f 13736 	14047 	13737
f 14047 	14048 	13737
f 13737 	14048 	13738
f 14048 	14049 	13738
f 13738 	14049 	13739
f 14049 	14050 	13739
f 13739 	14050 	13740
f 14050 	14051 	13740
f 13740 	14051 	13741
f 14051 	14052 	13741
f 13741 	14052 	13742
f 14052 	14053 	13742
f 13742 	14053 	13743
f 14053 	14054 	13743
f 13743 	14054 	13744
f 14054 	14055 	13744
f 13744 	14055 	13745
f 14055 	14056 	13745
f 13745 	14056 	13746
f 14056 	14057 	13746
f 13746 	14057 	13747
f 14057 	14058 	13747
f 13747 	14058 	13748
f 14058 	14059 	13748
f 13748 	14059 	13749
f 14059 	14060 	13749
f 13749 	14060 	13750
f 14060 	14061 	13750
f 13750 	14061 	13751
f 14061 	14062 	13751
f 13751 	14062 	13752
f 14062 	14063 	13752
f 13752 	14063 	13753
f 14063 	14064 	13753
f 13753 	14064 	13754
f 14064 	14065 	13754
f 13754 	14065 	13755
f 14065 	14066 	13755
f 13755 	14066 	13756
f 14066 	14067 	13756
f 13756 	14067 	13757
f 14067 	14068 	13757
f 13757 	14068 	13758
f 14068 	14069 	13758
f 13758 	14069 	13759
f 14069 	14070 	13759
f 13759 	14070 	13760
f 14070 	14071 	13760
f 13760 	14071 	13761
f 14071 	14072 	13761
f 13761 	14072 	13762
f 14072 	14073 	13762
f 13762 	14073 	13763
f 14073 	14074 	13763
f 13763 	14074 	13764
f 14074 	14075 	13764
f 13764 	14075 	13765
f 14075 	14076 	13765
f 13765 	14076 	13766
f 14076 	14077 	13766
f 13766 	14077 	13767
f 14077 	14078 	13767
f 13767 	14078 	13768
f 14078 	14079 	13768
f 13768 	14079 	13769
f 14079 	14080 	13769
f 13769 	14080 	13770
f 14080 	14081 	13770
f 13770 	14081 	13771
f 14081 	14082 	13771
f 13771 	14082 	13772
f 14082 	14083 	13772
f 13772 	14083 	13773
f 14083 	14084 	13773
f 13773 	14084 	13774
f 14084 	14085 	13774
f 13774 	14085 	13775
f 14085 	14086 	13775
f 13775 	14086 	13776
f 14086 	14087 	13776
f 13776 	14087 	13777
f 14087 	14088 	13777
f 13777 	14088 	13778
f 14088 	14089 	13778
f 13778 	14089 	13779
f 14089 	14090 	13779
f 13779 	14090 	13780
f 14090 	14091 	13780
f 13780 	14091 	13781
f 14091 	14092 	13781
f 13781 	14092 	13782
f 14092 	14093 	13782
f 13782 	14093 	13783
f 14093 	14094 	13783
f 13783 	14094 	13784
f 14094 	14095 	13784
f 13784 	14095 	13785
f 14095 	14096 	13785
f 13785 	14096 	13786
f 14096 	14097 	13786
f 13786 	14097 	13787
f 14097 	14098 	13787
f 13787 	14098 	13788
f 14098 	14099 	13788
f 13788 	14099 	13789
f 14099 	14100 	13789
f 13789 	14100 	13790
f 14100 	14101 	13790
f 13790 	14101 	13791
f 14101 	14102 	13791
f 13791 	14102 	13792
f 14102 	14103 	13792
f 13792 	14103 	13793
f 14103 	14104 	13793
f 13793 	14104 	13794
f 14104 	14105 	13794
f 13794 	14105 	13795
f 14105 	14106 	13795
f 13795 	14106 	13796
f 14106 	14107 	13796
f 13796 	14107 	13797
f 14107 	14108 	13797
f 13797 	14108 	13798
f 14108 	14109 	13798
f 13798 	14109 	13799
f 14109 	14110 	13799
f 13799 	14110 	13800
f 14110 	14111 	13800
f 13800 	14111 	13801
f 14111 	14112 	13801
f 13801 	14112 	13802
f 14112 	14113 	13802
f 13802 	14113 	13803
f 14113 	14114 	13803
f 13803 	14114 	13804
f 14114 	14115 	13804
f 13804 	14115 	13805
f 14115 	14116 	13805
f 13805 	14116 	13806
f 14116 	14117 	13806
f 13806 	14117 	13807
f 14117 	14118 	13807
f 13807 	14118 	13808
f 14118 	14119 	13808
f 13808 	14119 	13809
f 14119 	14120 	13809
f 13809 	14120 	13810
f 14120 	14121 	13810
f 13810 	14121 	13811
f 14121 	14122 	13811
f 13811 	14122 	13812
f 14122 	14123 	13812
f 13812 	14123 	13813
f 14123 	14124 	13813
f 13813 	14124 	13814
f 14124 	14125 	13814
f 13814 	14125 	13815
f 14125 	14126 	13815
f 13815 	14126 	13816
f 14126 	14127 	13816
f 13816 	14127 	13817
f 14127 	14128 	13817
f 13817 	14128 	13818
f 14128 	14129 	13818
f 13818 	14129 	13819
f 14129 	14130 	13819
f 13819 	14130 	13820
f 14130 	14131 	13820
f 13820 	14131 	13821
f 14131 	14132 	13821
f 13821 	14132 	13822
f 14132 	14133 	13822
f 13822 	14133 	13823
f 14133 	14134 	13823
f 13823 	14134 	13824
f 14134 	14135 	13824
f 13824 	14135 	13825
f 14135 	14136 	13825
f 13825 	14136 	13826
f 14136 	14137 	13826
f 13826 	14137 	13827
f 14137 	14138 	13827
f 13827 	14138 	13828
f 14138 	14139 	13828
f 13828 	14139 	13829
f 14139 	14140 	13829
f 13829 	14140 	13830
f 14140 	14141 	13830
f 13830 	14141 	13831
f 14141 	14142 	13831
f 13831 	14142 	13832
f 14142 	14143 	13832
f 13832 	14143 	13833
f 14143 	14144 	13833
f 13833 	14144 	13834
f 14144 	14145 	13834
f 13834 	14145 	13835
f 14145 	14146 	13835
f 13835 	14146 	13836
f 14146 	14147 	13836
f 13836 	14147 	13837
f 14147 	14148 	13837
f 13837 	14148 	13838
f 14148 	14149 	13838
f 13838 	14149 	13839
f 14149 	14150 	13839
f 13839 	14150 	13840
f 14150 	14151 	13840
f 13840 	14151 	13841
f 14151 	14152 	13841
f 13841 	14152 	13842
f 14152 	14153 	13842
f 13842 	14153 	13843
f 14153 	14154 	13843
f 13843 	14154 	13844
f 14154 	14155 	13844
f 13844 	14155 	13845
f 14155 	14156 	13845
f 13845 	14156 	13846
f 14156 	14157 	13846
f 13846 	14157 	13847
f 14157 	14158 	13847
f 13847 	14158 	13848
f 14158 	14159 	13848
f 13848 	14159 	13849
f 14159 	14160 	13849
f 13849 	14160 	13850
f 14160 	14161 	13850
f 13850 	14161 	13851
f 14161 	14162 	13851
f 13851 	14162 	13852
f 14162 	14163 	13852
f 13852 	14163 	13853
f 14163 	14164 	13853
f 13853 	14164 	13854
f 14164 	14165 	13854
f 13854 	14165 	13855
f 14165 	14166 	13855
f 13855 	14166 	13856
f 14166 	14167 	13856
f 13856 	14167 	13857
f 14167 	14168 	13857
f 13857 	14168 	13858
f 14168 	14169 	13858
f 13858 	14169 	13859
f 14169 	14170 	13859
f 13859 	14170 	13860
f 14170 	14171 	13860
f 13860 	14171 	13861
f 14171 	14172 	13861
f 13861 	14172 	13862
f 14172 	14173 	13862
f 13862 	14173 	13863
f 14173 	14174 	13863
f 13863 	14174 	13864
f 14174 	14175 	13864
f 13864 	14175 	13865
f 14175 	14176 	13865
f 13865 	14176 	13866
f 14176 	14177 	13866
f 13866 	14177 	13867
f 14177 	14178 	13867
f 13867 	14178 	13868
f 14178 	14179 	13868
f 13868 	14179 	13869
f 14179 	14180 	13869
f 13869 	14180 	13870
f 14180 	14181 	13870
f 13870 	14181 	13871
f 14181 	14182 	13871
f 13871 	14182 	13872
f 14182 	14183 	13872
f 13872 	14183 	13873
f 14183 	14184 	13873
f 13873 	14184 	13874
f 14184 	14185 	13874
f 13874 	14185 	13875
f 14185 	14186 	13875
f 13875 	14186 	13876
f 14186 	14187 	13876
f 13876 	14187 	13877
f 14187 	14188 	13877
f 13877 	14188 	13878
f 14188 	14189 	13878
f 13878 	14189 	13879
f 14189 	14190 	13879
f 13879 	14190 	13880
f 14190 	14191 	13880
f 13880 	14191 	13881
f 14191 	14192 	13881
f 13881 	14192 	13882
f 14192 	14193 	13882
f 13882 	14193 	13883
f 14193 	14194 	13883
f 13883 	14194 	13884
f 14194 	14195 	13884
f 13884 	14195 	13885
f 14195 	14196 	13885
f 13885 	14196 	13886
f 14196 	14197 	13886
f 13886 	14197 	13887
f 14197 	14198 	13887
f 13887 	14198 	13888
f 14198 	14199 	13888
f 13888 	14199 	13889
f 14199 	14200 	13889
f 13889 	14200 	13890
f 14200 	14201 	13890
f 13890 	14201 	13891
f 14201 	14202 	13891
f 13891 	14202 	13892
f 14202 	14203 	13892
f 13892 	14203 	13893
f 14203 	14204 	13893
f 13893 	14204 	13894
f 14204 	14205 	13894
f 13894 	14205 	13895
f 14205 	14206 	13895
f 13895 	14206 	13896
f 14206 	14207 	13896
f 13896 	14207 	13897
f 14207 	14208 	13897
f 13897 	14208 	13898
f 14208 	14209 	13898
f 13898 	14209 	13899
f 14209 	14210 	13899
f 13899 	14210 	13900
f 14210 	14211 	13900
f 13900 	14211 	13901
f 14211 	14212 	13901
f 13901 	14212 	13902
f 14212 	14213 	13902
f 13902 	14213 	13903
f 14213 	14214 	13903
f 13903 	14214 	13904
f 14214 	14215 	13904
f 13904 	14215 	13905
f 14215 	14216 	13905
f 13905 	14216 	13906
f 14216 	14217 	13906
f 13906 	14217 	13907
f 14217 	14218 	13907
f 13907 	14218 	13908
f 14218 	14219 	13908
f 13908 	14219 	13909
f 14219 	14220 	13909
f 13909 	14220 	13910
f 14220 	14221 	13910
f 13910 	14221 	13911
f 14221 	14222 	13911
f 13911 	14222 	13912
f 14222 	14223 	13912
f 13912 	14223 	13913
f 14223 	14224 	13913
f 13913 	14224 	13914
f 14224 	14225 	13914
f 13914 	14225 	13915
f 14225 	14226 	13915
f 13915 	14226 	13916
f 14226 	14227 	13916
f 13916 	14227 	13917
f 14227 	14228 	13917
f 13917 	14228 	13918
f 14228 	14229 	13918
f 13918 	14229 	13919
f 14229 	14230 	13919
f 13919 	14230 	13920
f 14230 	14231 	13920
f 13920 	14231 	13921
f 14231 	14232 	13921
f 13921 	14232 	13922
f 14232 	14233 	13922
f 13922 	14233 	13923
f 14233 	14234 	13923
f 13923 	14234 	13924
f 14234 	14235 	13924
f 13924 	14235 	13925
f 14235 	14236 	13925
f 13925 	14236 	13926
f 14236 	14237 	13926
f 13926 	14237 	13927
f 14237 	14238 	13927
f 13927 	14238 	13928
f 14238 	14239 	13928
f 13928 	14239 	13929
f 14239 	14240 	13929
f 13929 	14240 	13930
f 14240 	14241 	13930
f 13930 	14241 	13931
f 14241 	14242 	13931
f 13931 	14242 	13932
f 14242 	14243 	13932
f 13932 	14243 	13933
f 14243 	14244 	13933
f 13933 	14244 	13934
f 14244 	14245 	13934
f 13934 	14245 	13935
f 14245 	14246 	13935
f 13935 	14246 	13936
f 14246 	14247 	13936
f 13936 	14247 	13937
f 14247 	14248 	13937
f 13937 	14248 	13938
f 14248 	14249 	13938
f 13938 	14249 	13939
f 14249 	14250 	13939
f 13939 	14250 	13940
f 14250 	14251 	13940
f 13940 	14251 	13941
f 14251 	14252 	13941
f 13941 	14252 	13942
f 14252 	14253 	13942
f 13942 	14253 	13943
f 14253 	14254 	13943
f 13943 	14254 	13944
f 14254 	14255 	13944
f 13944 	14255 	13945
f 14255 	14256 	13945
f 13945 	14256 	13946
f 14256 	14257 	13946
f 13946 	14257 	13947
f 14257 	14258 	13947
f 13947 	14258 	13948
f 14258 	14259 	13948
f 13948 	14259 	13949
f 14259 	14260 	13949
f 13949 	14260 	13950
f 14260 	14261 	13950
f 13950 	14261 	13951
f 14261 	14262 	13951
f 13951 	14262 	13952
f 14262 	14263 	13952
f 13952 	14263 	13953
f 14263 	14264 	13953
f 13953 	14264 	13954
f 14264 	14265 	13954
f 13954 	14265 	13955
f 14265 	14266 	13955
f 13955 	14266 	13956
f 14266 	14267 	13956
f 13956 	14267 	13957
f 14267 	14268 	13957
f 13957 	14268 	13958
f 14268 	13958 	13958
f 602 	13959 	13959
f 13959 	14269 	13960
f 13960 	14269 	13961
f 14269 	14270 	13961
f 13961 	14270 	13962
f 14270 	14271 	13962
f 13962 	14271 	13963
f 14271 	14272 	13963
f 13963 	14272 	13964
f 14272 	14273 	13964
f 13964 	14273 	13965
f 14273 	14274 	13965
f 13965 	14274 	13966
f 14274 	14275 	13966
f 13966 	14275 	13967
f 14275 	14276 	13967
f 13967 	14276 	13968
f 14276 	14277 	13968
f 13968 	14277 	13969
f 14277 	14278 	13969
f 13969 	14278 	13659
f 14278 	13970 	13659
f 13970 	14279 	13971
f 14279 	14280 	13971
f 13971 	14280 	13972
f 14280 	14281 	13972
f 13972 	14281 	13973
f 14281 	14282 	13973
f 13973 	14282 	13974
f 14282 	14283 	13974
f 13974 	14283 	13975
f 14283 	14284 	13975
f 13975 	14284 	13976
f 14284 	14285 	13976
f 13976 	14285 	13977
f 14285 	14286 	13977
f 13977 	14286 	13978
f 14286 	14287 	13978
f 13978 	14287 	13979
f 14287 	14288 	13979
f 13979 	14288 	13980
f 14288 	14289 	13980
f 13980 	14289 	13981
f 14289 	14290 	13981
f 13981 	14290 	13982
f 14290 	14291 	13982
f 13982 	14291 	13983
f 14291 	14292 	13983
f 13983 	14292 	13984
f 14292 	14293 	13984
f 13984 	14293 	13985
f 14293 	14294 	13985
f 13985 	14294 	13986
f 14294 	14295 	13986
f 13986 	14295 	13987
f 14295 	14296 	13987
f 13987 	14296 	13988
f 14296 	14297 	13988
f 13988 	14297 	13989
f 14297 	14298 	13989
f 13989 	14298 	13990
f 14298 	14299 	13990
f 13990 	14299 	13991
f 14299 	14300 	13991
f 13991 	14300 	13992
f 14300 	14301 	13992
f 13992 	14301 	13993
f 14301 	14302 	13993
f 13993 	14302 	13994
f 14302 	14303 	13994
f 13994 	14303 	13995
f 14303 	14304 	13995
f 13995 	14304 	13996
f 14304 	14305 	13996
f 13996 	14305 	13997
f 14305 	14306 	13997
f 13997 	14306 	13998
f 14306 	14307 	13998
f 13998 	14307 	13999
f 14307 	14308 	13999
f 13999 	14308 	14000
f 14308 	14309 	14000
f 14000 	14309 	14001
f 14309 	14310 	14001
f 14001 	14310 	14002
f 14310 	14311 	14002
f 14002 	14311 	14003
f 14311 	14312 	14003
f 14003 	14312 	14004
f 14312 	14313 	14004
f 14004 	14313 	14005
f 14313 	14314 	14005
f 14005 	14314 	14006
f 14314 	14315 	14006
f 14006 	14315 	14007
f 14315 	14316 	14007
f 14007 	14316 	14008
f 14316 	14317 	14008
f 14008 	14317 	14009
f 14317 	14318 	14009
f 14009 	14318 	14010
f 14318 	14319 	14010
f 14010 	14319 	14011
f 14319 	14320 	14011
f 14011 	14320 	14012
f 14320 	14321 	14012
f 14012 	14321 	14013
f 14321 	14322 	14013
f 14013 	14322 	14014
f 14322 	14323 	14014
f 14014 	14323 	14015
f 14323 	14324 	14015
f 14015 	14324 	14016
f 14324 	14325 	14016
f 14016 	14325 	14017
f 14325 	14326 	14017
f 14017 	14326 	14018
f 14326 	14327 	14018
f 14018 	14327 	14019
f 14327 	14328 	14019
f 14019 	14328 	14020
f 14328 	14329 	14020
f 14020 	14329 	14021
f 14329 	14330 	14021
f 14021 	14330 	14022
f 14330 	14331 	14022
f 14022 	14331 	14023
f 14331 	14332 	14023
f 14023 	14332 	14024
f 14332 	14333 	14024
f 14024 	14333 	14025
f 14333 	14334 	14025
f 14025 	14334 	14026
f 14334 	14335 	14026
f 14026 	14335 	14027
f 14335 	14336 	14027
f 14027 	14336 	14028
f 14336 	14337 	14028
f 14028 	14337 	14029
f 14337 	14338 	14029
f 14029 	14338 	14030
f 14338 	14339 	14030
f 14030 	14339 	14031
f 14339 	14340 	14031
f 14031 	14340 	14032
f 14340 	14341 	14032
f 14032 	14341 	14033
f 14341 	14342 	14033
f 14033 	14342 	14034
f 14342 	14343 	14034
f 14034 	14343 	14035
f 14343 	14344 	14035
f 14035 	14344 	14036
f 14344 	14345 	14036
f 14036 	14345 	14037
f 14345 	14346 	14037
f 14037 	14346 	14038
f 14346 	14347 	14038
f 14038 	14347 	14039
f 14347 	14348 	14039
f 14039 	14348 	14040
f 14348 	14349 	14040
f 14040 	14349 	14041
f 14349 	14350 	14041
f 14041 	14350 	14042
f 14350 	14351 	14042
f 14042 	14351 	14043
f 14351 	14352 	14043
f 14043 	14352 	14044
f 14352 	14353 	14044
f 14044 	14353 	14045
f 14353 	14354 	14045
f 14045 	14354 	14046
f 14354 	14355 	14046
f 14046 	14355 	14047
f 14355 	14356 	14047
f 14047 	14356 	14048
f 14356 	14357 	14048
f 14048 	14357 	14049
f 14357 	14358 	14049
f 14049 	14358 	14050
f 14358 	14359 	14050
f 14050 	14359 	14051
f 14359 	14360 	14051
f 14051 	14360 	14052
f 14360 	14361 	14052
f 14052 	14361 	14053
f 14361 	14362 	14053
f 14053 	14362 	14054
f 14362 	14363 	14054
f 14054 	14363 	14055
f 14363 	14364 	14055
f 14055 	14364 	14056
f 14364 	14365 	14056
f 14056 	14365 	14057
f 14365 	14366 	14057
f 14057 	14366 	14058
f 14366 	14367 	14058
f 14058 	14367 	14059
f 14367 	14368 	14059
f 14059 	14368 	14060
f 14368 	14369 	14060
f 14060 	14369 	14061
f 14369 	14370 	14061
f 14061 	14370 	14062
f 14370 	14371 	14062
f 14062 	14371 	14063
f 14371 	14372 	14063
f 14063 	14372 	14064
f 14372 	14373 	14064
f 14064 	14373 	14065
f 14373 	14374 	14065
f 14065 	14374 	14066
f 14374 	14375 	14066
f 14066 	14375 	14067
f 14375 	14376 	14067
f 14067 	14376 	14068
f 14376 	14377 	14068
f 14068 	14377 	14069
f 14377 	14378 	14069
f 14069 	14378 	14070
f 14378 	14379 	14070
f 14070 	14379 	14071
f 14379 	14380 	14071
f 14071 	14380 	14072
f 14380 	14381 	14072
f 14072 	14381 	14073
f 14381 	14382 	14073
f 14073 	14382 	14074
f 14382 	14383 	14074
f 14074 	14383 	14075
f 14383 	14384 	14075
f 14075 	14384 	14076
f 14384 	14385 	14076
f 14076 	14385 	14077
f 14385 	14386 	14077
f 14077 	14386 	14078
f 14386 	14387 	14078
f 14078 	14387 	14079
f 14387 	14388 	14079
f 14079 	14388 	14080
f 14388 	14389 	14080
f 14080 	14389 	14081
f 14389 	14390 	14081
f 14081 	14390 	14082
f 14390 	14391 	14082
f 14082 	14391 	14083
f 14391 	14392 	14083
f 14083 	14392 	14084
f 14392 	14393 	14084
f 14084 	14393 	14085
f 14393 	14394 	14085
f 14085 	14394 	14086
f 14394 	14395 	14086
f 14086 	14395 	14087
f 14395 	14396 	14087
f 14087 	14396 	14088
f 14396 	14397 	14088
f 14088 	14397 	14089
f 14397 	14398 	14089
f 14089 	14398 	14090
f 14398 	14399 	14090
f 14090 	14399 	14091
f 14399 	14400 	14091
f 14091 	14400 	14092
f 14400 	14401 	14092
f 14092 	14401 	14093
f 14401 	14402 	14093
f 14093 	14402 	14094
f 14402 	14403 	14094
f 14094 	14403 	14095
f 14403 	14404 	14095
f 14095 	14404 	14096
f 14404 	14405 	14096
f 14096 	14405 	14097
f 14405 	14406 	14097
f 14097 	14406 	14098
f 14406 	14407 	14098
f 14098 	14407 	14099
f 14407 	14408 	14099
f 14099 	14408 	14100
f 14408 	14409 	14100
f 14100 	14409 	14101
f 14409 	14410 	14101
f 14101 	14410 	14102
f 14410 	14411 	14102
f 14102 	14411 	14103
f 14411 	14412 	14103
f 14103 	14412 	14104
f 14412 	14413 	14104
f 14104 	14413 	14105
f 14413 	14414 	14105
f 14105 	14414 	14106
f 14414 	14415 	14106
f 14106 	14415 	14107
f 14415 	14416 	14107
f 14107 	14416 	14108
f 14416 	14417 	14108
f 14108 	14417 	14109
f 14417 	14418 	14109
f 14109 	14418 	14110
f 14418 	14419 	14110
f 14110 	14419 	14111
f 14419 	14420 	14111
f 14111 	14420 	14112
f 14420 	14421 	14112
f 14112 	14421 	14113
f 14421 	14422 	14113
f 14113 	14422 	14114
f 14422 	14423 	14114
f 14114 	14423 	14115
f 14423 	14424 	14115
f 14115 	14424 	14116
f 14424 	14425 	14116
f 14116 	14425 	14117
f 14425 	14426 	14117
f 14117 	14426 	14118
f 14426 	14427 	14118
f 14118 	14427 	14119
f 14427 	14428 	14119
f 14119 	14428 	14120
f 14428 	14429 	14120
f 14120 	14429 	14121
f 14429 	14430 	14121
f 14121 	14430 	14122
f 14430 	14431 	14122
f 14122 	14431 	14123
f 14431 	14432 	14123
f 14123 	14432 	14124
f 14432 	14433 	14124
f 14124 	14433 	14125
f 14433 	14434 	14125
f 14125 	14434 	14126
f 14434 	14435 	14126
f 14126 	14435 	14127
f 14435 	14436 	14127
f 14127 	14436 	14128
f 14436 	14437 	14128
f 14128 	14437 	14129
f 14437 	14438 	14129
f 14129 	14438 	14130
f 14438 	14439 	14130
f 14130 	14439 	14131
f 14439 	14440 	14131
f 14131 	14440 	14132
f 14440 	14441 	14132
f 14132 	14441 	14133
f 14441 	14442 	14133
f 14133 	14442 	14134
f 14442 	14443 	14134
f 14134 	14443 	14135
f 14443 	14444 	14135
f 14135 	14444 	14136
f 14444 	14445 	14136
f 14136 	14445 	14137
f 14445 	14446 	14137
f 14137 	14446 	14138
f 14446 	14447 	14138
f 14138 	14447 	14139
f 14447 	14448 	14139
f 14139 	14448 	14140
f 14448 	14449 	14140
f 14140 	14449 	14141
f 14449 	14450 	14141
f 14141 	14450 	14142
f 14450 	14451 	14142
f 14142 	14451 	14143
f 14451 	14452 	14143
f 14143 	14452 	14144
f 14452 	14453 	14144
f 14144 	14453 	14145
f 14453 	14454 	14145
f 14145 	14454 	14146
f 14454 	14455 	14146
f 14146 	14455 	14147
f 14455 	14456 	14147
f 14147 	14456 	14148
f 14456 	14457 	14148
f 14148 	14457 	14149
f 14457 	14458 	14149
f 14149 	14458 	14150
f 14458 	14459 	14150
f 14150 	14459 	14151
f 14459 	14460 	14151
f 14151 	14460 	14152
f 14460 	14461 	14152
f 14152 	14461 	14153
f 14461 	14462 	14153
f 14153 	14462 	14154
f 14462 	14463 	14154
f 14154 	14463 	14155
f 14463 	14464 	14155
f 14155 	14464 	14156
f 14464 	14465 	14156
f 14156 	14465 	14157
f 14465 	14466 	14157
f 14157 	14466 	14158
f 14466 	14467 	14158
f 14158 	14467 	14159
f 14467 	14468 	14159
f 14159 	14468 	14160
f 14468 	14469 	14160
f 14160 	14469 	14161
f 14469 	14470 	14161
f 14161 	14470 	14162
f 14470 	14471 	14162
f 14162 	14471 	14163
f 14471 	14472 	14163
f 14163 	14472 	14164
f 14472 	14473 	14164
f 14164 	14473 	14165
f 14473 	14474 	14165
f 14165 	14474 	14166
f 14474 	14475 	14166
f 14166 	14475 	14167
f 14475 	14476 	14167
f 14167 	14476 	14168
f 14476 	14477 	14168
f 14168 	14477 	14169
f 14477 	14478 	14169
f 14169 	14478 	14170
f 14478 	14479 	14170
f 14170 	14479 	14171
f 14479 	14480 	14171
f 14171 	14480 	14172
f 14480 	14481 	14172
f 14172 	14481 	14173
f 14481 	14482 	14173
f 14173 	14482 	14174
f 14482 	14483 	14174
f 14174 	14483 	14175
f 14483 	14484 	14175
f 14175 	14484 	14176
f 14484 	14485 	14176
f 14176 	14485 	14177
f 14485 	14486 	14177
f 14177 	14486 	14178
f 14486 	14487 	14178
f 14178 	14487 	14179
f 14487 	14488 	14179
f 14179 	14488 	14180
f 14488 	14489 	14180
f 14180 	14489 	14181
f 14489 	14490 	14181
f 14181 	14490 	14182
f 14490 	14491 	14182
f 14182 	14491 	14183
f 14491 	14492 	14183
f 14183 	14492 	14184
f 14492 	14493 	14184
f 14184 	14493 	14185
f 14493 	14494 	14185
f 14185 	14494 	14186
f 14494 	14495 	14186
f 14186 	14495 	14187
f 14495 	14496 	14187
f 14187 	14496 	14188
f 14496 	14497 	14188
f 14188 	14497 	14189
f 14497 	14498 	14189
f 14189 	14498 	14190
f 14498 	14499 	14190
f 14190 	14499 	14191
f 14499 	14500 	14191
f 14191 	14500 	14192
f 14500 	14501 	14192
f 14192 	14501 	14193
f 14501 	14502 	14193
f 14193 	14502 	14194
f 14502 	14503 	14194
f 14194 	14503 	14195
f 14503 	14504 	14195
f 14195 	14504 	14196
f 14504 	14505 	14196
f 14196 	14505 	14197
f 14505 	14506 	14197
f 14197 	14506 	14198
f 14506 	14507 	14198
f 14198 	14507 	14199
f 14507 	14508 	14199
f 14199 	14508 	14200
f 14508 	14509 	14200
f 14200 	14509 	14201
f 14509 	14510 	14201
f 14201 	14510 	14202
f 14510 	14511 	14202
f 14202 	14511 	14203
f 14511 	14512 	14203
f 14203 	14512 	14204
f 14512 	14513 	14204
f 14204 	14513 	14205
f 14513 	14514 	14205
f 14205 	14514 	14206
f 14514 	14515 	14206
f 14206 	14515 	14207
f 14515 	14516 	14207
f 14207 	14516 	14208
f 14516 	14517 	14208
f 14208 	14517 	14209
f 14517 	14518 	14209
f 14209 	14518 	14210
f 14518 	14519 	14210
f 14210 	14519 	14211
f 14519 	14520 	14211
f 14211 	14520 	14212
f 14520 	14521 	14212
f 14212 	14521 	14213
f 14521 	14522 	14213
f 14213 	14522 	14214
f 14522 	14523 	14214
f 14214 	14523 	14215
f 14523 	14524 	14215
f 14215 	14524 	14216
f 14524 	14525 	14216
f 14216 	14525 	14217
f 14525 	14526 	14217
f 14217 	14526 	14218
f 14526 	14527 	14218
f 14218 	14527 	14219
f 14527 	14528 	14219
f 14219 	14528 	14220
f 14528 	14529 	14220
f 14220 	14529 	14221
f 14529 	14530 	14221
f 14221 	14530 	14222
f 14530 	14531 	14222
f 14222 	14531 	14223
f 14531 	14532 	14223
f 14223 	14532 	14224
f 14532 	14533 	14224
f 14224 	14533 	14225
f 14533 	14534 	14225
f 14225 	14534 	14226
f 14534 	14535 	14226
f 14226 	14535 	14227
f 14535 	14536 	14227
f 14227 	14536 	14228
f 14536 	14537 	14228
f 14228 	14537 	14229
f 14537 	14538 	14229
f 14229 	14538 	14230
f 14538 	14539 	14230
f 14230 	14539 	14231
f 14539 	14540 	14231
f 14231 	14540 	14232
f 14540 	14541 	14232
f 14232 	14541 	14233
f 14541 	14542 	14233
f 14233 	14542 	14234
f 14542 	14543 	14234
f 14234 	14543 	14235
f 14543 	14544 	14235
f 14235 	14544 	14236
f 14544 	14545 	14236
f 14236 	14545 	14237
f 14545 	14546 	14237
f 14237 	14546 	14238
f 14546 	14547 	14238
f 14238 	14547 	14239
f 14547 	14548 	14239
f 14239 	14548 	14240
f 14548 	14549 	14240
f 14240 	14549 	14241
f 14549 	14550 	14241
f 14241 	14550 	14242
f 14550 	14551 	14242
f 14242 	14551 	14243
f 14551 	14552 	14243
f 14243 	14552 	14244
f 14552 	14553 	14244
f 14244 	14553 	14245
f 14553 	14554 	14245
f 14245 	14554 	14246
f 14554 	14555 	14246
f 14246 	14555 	14247
f 14555 	14556 	14247
f 14247 	14556 	14248
f 14556 	14557 	14248
f 14248 	14557 	14249
f 14557 	14558 	14249
f 14249 	14558 	14250
f 14558 	14559 	14250
f 14250 	14559 	14251
f 14559 	14560 	14251
f 14251 	14560 	14252
f 14560 	14561 	14252
f 14252 	14561 	14253
f 14561 	14562 	14253
f 14253 	14562 	14254
f 14562 	14563 	14254
f 14254 	14563 	14255
f 14563 	14564 	14255
f 14255 	14564 	14256
f 14564 	14565 	14256
f 14256 	14565 	14257
f 14565 	14566 	14257
f 14257 	14566 	14258
f 14566 	14567 	14258
f 14258 	14567 	14259
f 14567 	14568 	14259
f 14259 	14568 	14260
f 14568 	14569 	14260
f 14260 	14569 	14261
f 14569 	14570 	14261
f 14261 	14570 	14262
f 14570 	14571 	14262
f 14262 	14571 	14263
f 14571 	14572 	14263
f 14263 	14572 	14264
f 14572 	14573 	14264
f 14264 	14573 	14265
f 14573 	14574 	14265
f 14265 	14574 	14266
f 14574 	14575 	14266
f 14266 	14575 	14267
f 14575 	14576 	14267
f 14267 	14576 	14268
f 14576 	14577 	14268
f 14268 	14577 	13958
f 14577 	14578 	13958
f 13958 	14578 	601
f 602 	14579 	13959
f 13959 	14579 	14269
f 14579 	14580 	14269
f 14269 	14580 	14270
f 14580 	14581 	14270
f 14270 	14581 	14271
f 14581 	14582 	14271
f 14271 	14582 	14272
f 14582 	14583 	14272
f 14272 	14583 	14273
f 14583 	14584 	14273
f 14273 	14584 	14274
f 14584 	14585 	14274
f 14274 	14585 	14275
f 14585 	14586 	14275
f 14275 	14586 	14276
f 14586 	14587 	14276
f 14276 	14587 	14277
f 14587 	14588 	14277
f 14277 	14588 	14278
f 14588 	14589 	14278
f 14278 	14589 	13970
f 14589 	14279 	13970
f 14279 	14590 	14280
f 14590 	14591 	14280
f 14280 	14591 	14281
f 14591 	14592 	14281
f 14281 	14592 	14282
f 14592 	14593 	14282
f 14282 	14593 	14283
f 14593 	14594 	14283
f 14283 	14594 	14284
f 14594 	14595 	14284
f 14284 	14595 	14285
f 14595 	14596 	14285
f 14285 	14596 	14286
f 14596 	14597 	14286
f 14286 	14597 	14287
f 14597 	14598 	14287
f 14287 	14598 	14288
f 14598 	14599 	14288
f 14288 	14599 	14289
f 14599 	14600 	14289
f 14289 	14600 	14290
f 14600 	14601 	14290
f 14290 	14601 	14291
f 14601 	14602 	14291
f 14291 	14602 	14292
f 14602 	14603 	14292
f 14292 	14603 	14293
f 14603 	14604 	14293
f 14293 	14604 	14294
f 14604 	14605 	14294
f 14294 	14605 	14295
f 14605 	14606 	14295
f 14295 	14606 	14296
f 14606 	14607 	14296
f 14296 	14607 	14297
f 14607 	14608 	14297
f 14297 	14608 	14298
f 14608 	14609 	14298
f 14298 	14609 	14299
f 14609 	14610 	14299
f 14299 	14610 	14300
f 14610 	14611 	14300
f 14300 	14611 	14301
f 14611 	14612 	14301
f 14301 	14612 	14302
f 14612 	14613 	14302
f 14302 	14613 	14303
f 14613 	14614 	14303
f 14303 	14614 	14304
f 14614 	14615 	14304
f 14304 	14615 	14305
f 14615 	14616 	14305
f 14305 	14616 	14306
f 14616 	14617 	14306
f 14306 	14617 	14307
f 14617 	14618 	14307
f 14307 	14618 	14308
f 14618 	14619 	14308
f 14308 	14619 	14309
f 14619 	14620 	14309
f 14309 	14620 	14310
f 14620 	14621 	14310
f 14310 	14621 	14311
f 14621 	14622 	14311
f 14311 	14622 	14312
f 14622 	14623 	14312
f 14312 	14623 	14313
f 14623 	14624 	14313
f 14313 	14624 	14314
f 14624 	14625 	14314
f 14314 	14625 	14315
f 14625 	14626 	14315
f 14315 	14626 	14316
f 14626 	14627 	14316
f 14316 	14627 	14317
f 14627 	14628 	14317
f 14317 	14628 	14318
f 14628 	14629 	14318
f 14318 	14629 	14319
f 14629 	14630 	14319
f 14319 	14630 	14320
f 14630 	14631 	14320
f 14320 	14631 	14321
f 14631 	14632 	14321
f 14321 	14632 	14322
f 14632 	14633 	14322
f 14322 	14633 	14323
f 14633 	14634 	14323
f 14323 	14634 	14324
f 14634 	14635 	14324
f 14324 	14635 	14325
f 14635 	14636 	14325
f 14325 	14636 	14326
f 14636 	14637 	14326
f 14326 	14637 	14327
f 14637 	14638 	14327
f 14327 	14638 	14328
f 14638 	14639 	14328
f 14328 	14639 	14329
f 14639 	14640 	14329
f 14329 	14640 	14330
f 14640 	14641 	14330
f 14330 	14641 	14331
f 14641 	14642 	14331
f 14331 	14642 	14332
f 14642 	14643 	14332
f 14332 	14643 	14333
f 14643 	14644 	14333
f 14333 	14644 	14334
f 14644 	14645 	14334
f 14334 	14645 	14335
f 14645 	14646 	14335
f 14335 	14646 	14336
f 14646 	14647 	14336
f 14336 	14647 	14337
f 14647 	14648 	14337
f 14337 	14648 	14338
f 14648 	14649 	14338
f 14338 	14649 	14339
f 14649 	14650 	14339
f 14339 	14650 	14340
f 14650 	14651 	14340
f 14340 	14651 	14341
f 14651 	14652 	14341
f 14341 	14652 	14342
f 14652 	14653 	14342
f 14342 	14653 	14343
f 14653 	14654 	14343
f 14343 	14654 	14344
f 14654 	14655 	14344
f 14344 	14655 	14345
f 14655 	14656 	14345
f 14345 	14656 	14346
f 14656 	14657 	14346
f 14346 	14657 	14347
f 14657 	14658 	14347
f 14347 	14658 	14348
f 14658 	14659 	14348
f 14348 	14659 	14349
f 14659 	14660 	14349
f 14349 	14660 	14350
f 14660 	14661 	14350
f 14350 	14661 	14351
f 14661 	14662 	14351
f 14351 	14662 	14352
f 14662 	14663 	14352
f 14352 	14663 	14353
f 14663 	14664 	14353
f 14353 	14664 	14354
f 14664 	14665 	14354
f 14354 	14665 	14355
f 14665 	14666 	14355
f 14355 	14666 	14356
f 14666 	14667 	14356
f 14356 	14667 	14357
f 14667 	14668 	14357
f 14357 	14668 	14358
f 14668 	14669 	14358
f 14358 	14669 	14359
f 14669 	14670 	14359
f 14359 	14670 	14360
f 14670 	14671 	14360
f 14360 	14671 	14361
f 14671 	14672 	14361
f 14361 	14672 	14362
f 14672 	14673 	14362
f 14362 	14673 	14363
f 14673 	14674 	14363
f 14363 	14674 	14364
f 14674 	14675 	14364
f 14364 	14675 	14365
f 14675 	14676 	14365
f 14365 	14676 	14366
f 14676 	14677 	14366
f 14366 	14677 	14367
f 14677 	14678 	14367
f 14367 	14678 	14368
f 14678 	14679 	14368
f 14368 	14679 	14369
f 14679 	14680 	14369
f 14369 	14680 	14370
f 14680 	14681 	14370
f 14370 	14681 	14371
f 14681 	14682 	14371
f 14371 	14682 	14372
f 14682 	14683 	14372
f 14372 	14683 	14373
f 14683 	14684 	14373
f 14373 	14684 	14374
f 14684 	14685 	14374
f 14374 	14685 	14375
f 14685 	14686 	14375
f 14375 	14686 	14376
f 14686 	14687 	14376
f 14376 	14687 	14377
f 14687 	14688 	14377
f 14377 	14688 	14378
f 14688 	14689 	14378
f 14378 	14689 	14379
f 14689 	14690 	14379
f 14379 	14690 	14380
f 14690 	14691 	14380
f 14380 	14691 	14381
f 14691 	14692 	14381
f 14381 	14692 	14382
f 14692 	14693 	14382
f 14382 	14693 	14383
f 14693 	14694 	14383
f 14383 	14694 	14384
f 14694 	14695 	14384
f 14384 	14695 	14385
f 14695 	14696 	14385
f 14385 	14696 	14386
f 14696 	14697 	14386
f 14386 	14697 	14387
f 14697 	14698 	14387
f 14387 	14698 	14388
f 14698 	14699 	14388
f 14388 	14699 	14389
f 14699 	14700 	14389
f 14389 	14700 	14390
f 14700 	14701 	14390
f 14390 	14701 	14391
f 14701 	14702 	14391
f 14391 	14702 	14392
f 14702 	14703 	14392
f 14392 	14703 	14393
f 14703 	14704 	14393
f 14393 	14704 	14394
f 14704 	14705 	14394
f 14394 	14705 	14395
f 14705 	14706 	14395
f 14395 	14706 	14396
f 14706 	14707 	14396
f 14396 	14707 	14397
f 14707 	14708 	14397
f 14397 	14708 	14398
f 14708 	14709 	14398
f 14398 	14709 	14399
f 14709 	14710 	14399
f 14399 	14710 	14400
f 14710 	14711 	14400
f 14400 	14711 	14401
f 14711 	14712 	14401
f 14401 	14712 	14402
f 14712 	14713 	14402
f 14402 	14713 	14403
f 14713 	14714 	14403
f 14403 	14714 	14404
f 14714 	14715 	14404
f 14404 	14715 	14405
f 14715 	14716 	14405
f 14405 	14716 	14406
f 14716 	14717 	14406
f 14406 	14717 	14407
f 14717 	14718 	14407
f 14407 	14718 	14408
f 14718 	14719 	14408
f 14408 	14719 	14409
f 14719 	14720 	14409
f 14409 	14720 	14410
f 14720 	14721 	14410
f 14410 	14721 	14411
f 14721 	14722 	14411
f 14411 	14722 	14412
f 14722 	14723 	14412
f 14412 	14723 	14413
f 14723 	14724 	14413
f 14413 	14724 	14414
f 14724 	14725 	14414
f 14414 	14725 	14415
f 14725 	14726 	14415
f 14415 	14726 	14416
f 14726 	14727 	14416
f 14416 	14727 	14417
f 14727 	14728 	14417
f 14417 	14728 	14418
f 14728 	14729 	14418
f 14418 	14729 	14419
f 14729 	14730 	14419
f 14419 	14730 	14420
f 14730 	14731 	14420
f 14420 	14731 	14421
f 14731 	14732 	14421
f 14421 	14732 	14422
f 14732 	14733 	14422
f 14422 	14733 	14423
f 14733 	14734 	14423
f 14423 	14734 	14424
f 14734 	14735 	14424
f 14424 	14735 	14425
f 14735 	14736 	14425
f 14425 	14736 	14426
f 14736 	14737 	14426
f 14426 	14737 	14427
f 14737 	14738 	14427
f 14427 	14738 	14428
f 14738 	14739 	14428
f 14428 	14739 	14429
f 14739 	14740 	14429
f 14429 	14740 	14430
f 14740 	14741 	14430
f 14430 	14741 	14431
f 14741 	14742 	14431
f 14431 	14742 	14432
f 14742 	14743 	14432
f 14432 	14743 	14433
f 14743 	14744 	14433
f 14433 	14744 	14434
f 14744 	14745 	14434
f 14434 	14745 	14435
f 14745 	14746 	14435
f 14435 	14746 	14436
f 14746 	14747 	14436
f 14436 	14747 	14437
f 14747 	14748 	14437
f 14437 	14748 	14438
f 14748 	14749 	14438
f 14438 	14749 	14439
f 14749 	14750 	14439
f 14439 	14750 	14440
f 14750 	14751 	14440
f 14440 	14751 	14441
f 14751 	14752 	14441
f 14441 	14752 	14442
f 14752 	14753 	14442
f 14442 	14753 	14443
f 14753 	14754 	14443
f 14443 	14754 	14444
f 14754 	14755 	14444
f 14444 	14755 	14445
f 14755 	14756 	14445
f 14445 	14756 	14446
f 14756 	14757 	14446
f 14446 	14757 	14447
f 14757 	14758 	14447
f 14447 	14758 	14448
f 14758 	14759 	14448
f 14448 	14759 	14449
f 14759 	14760 	14449
f 14449 	14760 	14450
f 14760 	14761 	14450
f 14450 	14761 	14451
f 14761 	14762 	14451
f 14451 	14762 	14452
f 14762 	14763 	14452
f 14452 	14763 	14453
f 14763 	14764 	14453
f 14453 	14764 	14454
f 14764 	14765 	14454
f 14454 	14765 	14455
f 14765 	14766 	14455
f 14455 	14766 	14456
f 14766 	14767 	14456
f 14456 	14767 	14457
f 14767 	14768 	14457
f 14457 	14768 	14458
f 14768 	14769 	14458
f 14458 	14769 	14459
f 14769 	14770 	14459
f 14459 	14770 	14460
f 14770 	14771 	14460
f 14460 	14771 	14461
f 14771 	14772 	14461
f 14461 	14772 	14462
f 14772 	14773 	14462
f 14462 	14773 	14463
f 14773 	14774 	14463
f 14463 	14774 	14464
f 14774 	14775 	14464
f 14464 	14775 	14465
f 14775 	14776 	14465
f 14465 	14776 	14466
f 14776 	14777 	14466
f 14466 	14777 	14467
f 14777 	14778 	14467
f 14467 	14778 	14468
f 14778 	14779 	14468
f 14468 	14779 	14469
f 14779 	14780 	14469
f 14469 	14780 	14470
f 14780 	14781 	14470
f 14470 	14781 	14471
f 14781 	14782 	14471
f 14471 	14782 	14472
f 14782 	14783 	14472
f 14472 	14783 	14473
f 14783 	14784 	14473
f 14473 	14784 	14474
f 14784 	14785 	14474
f 14474 	14785 	14475
f 14785 	14786 	14475
f 14475 	14786 	14476
f 14786 	14787 	14476
f 14476 	14787 	14477
f 14787 	14788 	14477
f 14477 	14788 	14478
f 14788 	14789 	14478
f 14478 	14789 	14479
f 14789 	14790 	14479
f 14479 	14790 	14480
f 14790 	14791 	14480
f 14480 	14791 	14481
f 14791 	14792 	14481
f 14481 	14792 	14482
f 14792 	14793 	14482
f 14482 	14793 	14483
f 14793 	14794 	14483
f 14483 	14794 	14484
f 14794 	14795 	14484
f 14484 	14795 	14485
f 14795 	14796 	14485
f 14485 	14796 	14486
f 14796 	14797 	14486
f 14486 	14797 	14487
f 14797 	14798 	14487
f 14487 	14798 	14488
f 14798 	14799 	14488
f 14488 	14799 	14489
f 14799 	14800 	14489
f 14489 	14800 	14490
f 14800 	14801 	14490
f 14490 	14801 	14491
f 14801 	14802 	14491
f 14491 	14802 	14492
f 14802 	14803 	14492
f 14492 	14803 	14493
f 14803 	14804 	14493
f 14493 	14804 	14494
f 14804 	14805 	14494
f 14494 	14805 	14495
f 14805 	14806 	14495
f 14495 	14806 	14496
f 14806 	14807 	14496
f 14496 	14807 	14497
f 14807 	14808 	14497
f 14497 	14808 	14498
f 14808 	14809 	14498
f 14498 	14809 	14499
f 14809 	14810 	14499
f 14499 	14810 	14500
f 14810 	14811 	14500
f 14500 	14811 	14501
f 14811 	14812 	14501
f 14501 	14812 	14502
f 14812 	14813 	14502
f 14502 	14813 	14503
f 14813 	14814 	14503
f 14503 	14814 	14504
f 14814 	14815 	14504
f 14504 	14815 	14505
f 14815 	14816 	14505
f 14505 	14816 	14506
f 14816 	14817 	14506
f 14506 	14817 	14507
f 14817 	14818 	14507
f 14507 	14818 	14508
f 14818 	14819 	14508
f 14508 	14819 	14509
f 14819 	14820 	14509
f 14509 	14820 	14510
f 14820 	14821 	14510
f 14510 	14821 	14511
f 14821 	14822 	14511
f 14511 	14822 	14512
f 14822 	14823 	14512
f 14512 	14823 	14513
f 14823 	14824 	14513
f 14513 	14824 	14514
f 14824 	14825 	14514
f 14514 	14825 	14515
f 14825 	14826 	14515
f 14515 	14826 	14516
f 14826 	14827 	14516
f 14516 	14827 	14517
f 14827 	14828 	14517
f 14517 	14828 	14518
f 14828 	14829 	14518
f 14518 	14829 	14519
f 14829 	14830 	14519
f 14519 	14830 	14520
f 14830 	14831 	14520
f 14520 	14831 	14521
f 14831 	14832 	14521
f 14521 	14832 	14522
f 14832 	14833 	14522
f 14522 	14833 	14523
f 14833 	14834 	14523
f 14523 	14834 	14524
f 14834 	14835 	14524
f 14524 	14835 	14525
f 14835 	14836 	14525
f 14525 	14836 	14526
f 14836 	14837 	14526
f 14526 	14837 	14527
f 14837 	14838 	14527
f 14527 	14838 	14528
f 14838 	14839 	14528
f 14528 	14839 	14529
f 14839 	14840 	14529
f 14529 	14840 	14530
f 14840 	14841 	14530
f 14530 	14841 	14531
f 14841 	14842 	14531
f 14531 	14842 	14532
f 14842 	14843 	14532
f 14532 	14843 	14533
f 14843 	14844 	14533
f 14533 	14844 	14534
f 14844 	14845 	14534
f 14534 	14845 	14535
f 14845 	14846 	14535
f 14535 	14846 	14536
f 14846 	14847 	14536
f 14536 	14847 	14537
f 14847 	14848 	14537
f 14537 	14848 	14538
f 14848 	14849 	14538
f 14538 	14849 	14539
f 14849 	14850 	14539
f 14539 	14850 	14540
f 14850 	14851 	14540
f 14540 	14851 	14541
f 14851 	14852 	14541
f 14541 	14852 	14542
f 14852 	14853 	14542
f 14542 	14853 	14543
f 14853 	14854 	14543
f 14543 	14854 	14544
f 14854 	14855 	14544
f 14544 	14855 	14545
f 14855 	14856 	14545
f 14545 	14856 	14546
f 14856 	14857 	14546
f 14546 	14857 	14547
f 14857 	14858 	14547
f 14547 	14858 	14548
f 14858 	14859 	14548
f 14548 	14859 	14549
f 14859 	14860 	14549
f 14549 	14860 	14550
f 14860 	14861 	14550
f 14550 	14861 	14551
f 14861 	14862 	14551
f 14551 	14862 	14552
f 14862 	14863 	14552
f 14552 	14863 	14553
f 14863 	14864 	14553
f 14553 	14864 	14554
f 14864 	14865 	14554
f 14554 	14865 	14555
f 14865 	14866 	14555
f 14555 	14866 	14556
f 14866 	14867 	14556
f 14556 	14867 	14557
f 14867 	14868 	14557
f 14557 	14868 	14558
f 14868 	14869 	14558
f 14558 	14869 	14559
f 14869 	14870 	14559
f 14559 	14870 	14560
f 14870 	14871 	14560
f 14560 	14871 	14561
f 14871 	14872 	14561
f 14561 	14872 	14562
f 14872 	14873 	14562
f 14562 	14873 	14563
f 14873 	14874 	14563
f 14563 	14874 	14564
f 14874 	14875 	14564
f 14564 	14875 	14565
f 14875 	14876 	14565
f 14565 	14876 	14566
f 14876 	14877 	14566
f 14566 	14877 	14567
f 14877 	14878 	14567
f 14567 	14878 	14568
f 14878 	14879 	14568
f 14568 	14879 	14569
f 14879 	14880 	14569
f 14569 	14880 	14570
f 14880 	14881 	14570
f 14570 	14881 	14571
f 14881 	14882 	14571
f 14571 	14882 	14572
f 14882 	14883 	14572
f 14572 	14883 	14573
f 14883 	14884 	14573
f 14573 	14884 	14574
f 14884 	14885 	14574
f 14574 	14885 	14575
f 14885 	14886 	14575
f 14575 	14886 	14576
f 14886 	14887 	14576
f 14576 	14887 	14577
f 14887 	14888 	14577
f 14577 	14888 	14578
f 14888 	14578 	14578
f 602 	14579 	14579
f 14579 	14889 	14580
f 14580 	14889 	14581
f 14889 	14890 	14581
f 14581 	14890 	14582
f 14890 	14891 	14582
f 14582 	14891 	14583
f 14891 	14892 	14583
f 14583 	14892 	14584
f 14892 	14893 	14584
f 14584 	14893 	14585
f 14893 	14894 	14585
f 14585 	14894 	14586
f 14894 	14895 	14586
f 14586 	14895 	14587
f 14895 	14896 	14587
f 14587 	14896 	14588
f 14896 	14897 	14588
f 14588 	14897 	14589
f 14897 	14898 	14589
f 14589 	14898 	14279
f 14898 	14590 	14279
f 14590 	1 	14591
f 1 	3 	14591
f 14591 	3 	14592
f 3 	5 	14592
f 14592 	5 	14593
f 5 	7 	14593
f 14593 	7 	14594
f 7 	9 	14594
f 14594 	9 	14595
f 9 	11 	14595
f 14595 	11 	14596
f 11 	13 	14596
f 14596 	13 	14597
f 13 	15 	14597
f 14597 	15 	14598
f 15 	17 	14598
f 14598 	17 	14599
f 17 	19 	14599
f 14599 	19 	14600
f 19 	21 	14600
f 14600 	21 	14601
f 21 	23 	14601
f 14601 	23 	14602
f 23 	25 	14602
f 14602 	25 	14603
f 25 	27 	14603
f 14603 	27 	14604
f 27 	29 	14604
f 14604 	29 	14605
f 29 	31 	14605
f 14605 	31 	14606
f 31 	33 	14606
f 14606 	33 	14607
f 33 	35 	14607
f 14607 	35 	14608
f 35 	37 	14608
f 14608 	37 	14609
f 37 	39 	14609
f 14609 	39 	14610
f 39 	41 	14610
f 14610 	41 	14611
f 41 	43 	14611
f 14611 	43 	14612
f 43 	45 	14612
f 14612 	45 	14613
f 45 	47 	14613
f 14613 	47 	14614
f 47 	49 	14614
f 14614 	49 	14615
f 49 	51 	14615
f 14615 	51 	14616
f 51 	53 	14616
f 14616 	53 	14617
f 53 	55 	14617
f 14617 	55 	14618
f 55 	57 	14618
f 14618 	57 	14619
f 57 	59 	14619
f 14619 	59 	14620
f 59 	61 	14620
f 14620 	61 	14621
f 61 	63 	14621
f 14621 	63 	14622
f 63 	65 	14622
f 14622 	65 	14623
f 65 	67 	14623
f 14623 	67 	14624
f 67 	69 	14624
f 14624 	69 	14625
f 69 	71 	14625
f 14625 	71 	14626
f 71 	73 	14626
f 14626 	73 	14627
f 73 	75 	14627
f 14627 	75 	14628
f 75 	77 	14628
f 14628 	77 	14629
f 77 	79 	14629
f 14629 	79 	14630
f 79 	81 	14630
f 14630 	81 	14631
f 81 	83 	14631
f 14631 	83 	14632
f 83 	85 	14632
f 14632 	85 	14633
f 85 	87 	14633
f 14633 	87 	14634
f 87 	89 	14634
f 14634 	89 	14635
f 89 	91 	14635
f 14635 	91 	14636
f 91 	93 	14636
f 14636 	93 	14637
f 93 	95 	14637
f 14637 	95 	14638
f 95 	97 	14638
f 14638 	97 	14639
f 97 	99 	14639
f 14639 	99 	14640
f 99 	101 	14640
f 14640 	101 	14641
f 101 	103 	14641
f 14641 	103 	14642
f 103 	105 	14642
f 14642 	105 	14643
f 105 	107 	14643
f 14643 	107 	14644
f 107 	109 	14644
f 14644 	109 	14645
f 109 	111 	14645
f 14645 	111 	14646
f 111 	113 	14646
f 14646 	113 	14647
f 113 	115 	14647
f 14647 	115 	14648
f 115 	117 	14648
f 14648 	117 	14649
f 117 	119 	14649
f 14649 	119 	14650
f 119 	121 	14650
f 14650 	121 	14651
f 121 	123 	14651
f 14651 	123 	14652
f 123 	125 	14652
f 14652 	125 	14653
f 125 	127 	14653
f 14653 	127 	14654
f 127 	129 	14654
f 14654 	129 	14655
f 129 	131 	14655
f 14655 	131 	14656
f 131 	133 	14656
f 14656 	133 	14657
f 133 	135 	14657
f 14657 	135 	14658
f 135 	137 	14658
f 14658 	137 	14659
f 137 	139 	14659
f 14659 	139 	14660
f 139 	141 	14660
f 14660 	141 	14661
f 141 	143 	14661
f 14661 	143 	14662
f 143 	145 	14662
f 14662 	145 	14663
f 145 	147 	14663
f 14663 	147 	14664
f 147 	149 	14664
f 14664 	149 	14665
f 149 	151 	14665
f 14665 	151 	14666
f 151 	153 	14666
f 14666 	153 	14667
f 153 	155 	14667
f 14667 	155 	14668
f 155 	157 	14668
f 14668 	157 	14669
f 157 	159 	14669
f 14669 	159 	14670
f 159 	161 	14670
f 14670 	161 	14671
f 161 	163 	14671
f 14671 	163 	14672
f 163 	165 	14672
f 14672 	165 	14673
f 165 	167 	14673
f 14673 	167 	14674
f 167 	169 	14674
f 14674 	169 	14675
f 169 	171 	14675
f 14675 	171 	14676
f 171 	173 	14676
f 14676 	173 	14677
f 173 	175 	14677
f 14677 	175 	14678
f 175 	177 	14678
f 14678 	177 	14679
f 177 	179 	14679
f 14679 	179 	14680
f 179 	181 	14680
f 14680 	181 	14681
f 181 	183 	14681
f 14681 	183 	14682
f 183 	185 	14682
f 14682 	185 	14683
f 185 	187 	14683
f 14683 	187 	14684
f 187 	189 	14684
f 14684 	189 	14685
f 189 	191 	14685
f 14685 	191 	14686
f 191 	193 	14686
f 14686 	193 	14687
f 193 	195 	14687
f 14687 	195 	14688
f 195 	197 	14688
f 14688 	197 	14689
f 197 	199 	14689
f 14689 	199 	14690
f 199 	201 	14690
f 14690 	201 	14691
f 201 	203 	14691
f 14691 	203 	14692
f 203 	205 	14692
f 14692 	205 	14693
f 205 	207 	14693
f 14693 	207 	14694
f 207 	209 	14694
f 14694 	209 	14695
f 209 	211 	14695
f 14695 	211 	14696
f 211 	213 	14696
f 14696 	213 	14697
f 213 	215 	14697
f 14697 	215 	14698
f 215 	217 	14698
f 14698 	217 	14699
f 217 	219 	14699
f 14699 	219 	14700
f 219 	221 	14700
f 14700 	221 	14701
f 221 	223 	14701
f 14701 	223 	14702
f 223 	225 	14702
f 14702 	225 	14703
f 225 	227 	14703
f 14703 	227 	14704
f 227 	229 	14704
f 14704 	229 	14705
f 229 	231 	14705
f 14705 	231 	14706
f 231 	233 	14706
f 14706 	233 	14707
f 233 	235 	14707
f 14707 	235 	14708
f 235 	237 	14708
f 14708 	237 	14709
f 237 	239 	14709
f 14709 	239 	14710
f 239 	241 	14710
f 14710 	241 	14711
f 241 	243 	14711
f 14711 	243 	14712
f 243 	245 	14712
f 14712 	245 	14713
f 245 	247 	14713
f 14713 	247 	14714
f 247 	249 	14714
f 14714 	249 	14715
f 249 	251 	14715
f 14715 	251 	14716
f 251 	253 	14716
f 14716 	253 	14717
f 253 	255 	14717
f 14717 	255 	14718
f 255 	257 	14718
f 14718 	257 	14719
f 257 	259 	14719
f 14719 	259 	14720
f 259 	261 	14720
f 14720 	261 	14721
f 261 	263 	14721
f 14721 	263 	14722
f 263 	265 	14722
f 14722 	265 	14723
f 265 	267 	14723
f 14723 	267 	14724
f 267 	269 	14724
f 14724 	269 	14725
f 269 	271 	14725
f 14725 	271 	14726
f 271 	273 	14726
f 14726 	273 	14727
f 273 	275 	14727
f 14727 	275 	14728
f 275 	277 	14728
f 14728 	277 	14729
f 277 	279 	14729
f 14729 	279 	14730
f 279 	281 	14730
f 14730 	281 	14731
f 281 	283 	14731
f 14731 	283 	14732
f 283 	285 	14732
f 14732 	285 	14733
f 285 	287 	14733
f 14733 	287 	14734
f 287 	289 	14734
f 14734 	289 	14735
f 289 	291 	14735
f 14735 	291 	14736
f 291 	293 	14736
f 14736 	293 	14737
f 293 	295 	14737
f 14737 	295 	14738
f 295 	297 	14738
f 14738 	297 	14739
f 297 	299 	14739
f 14739 	299 	14740
f 299 	301 	14740
f 14740 	301 	14741
f 301 	303 	14741
f 14741 	303 	14742
f 303 	305 	14742
f 14742 	305 	14743
f 305 	307 	14743
f 14743 	307 	14744
f 307 	309 	14744
f 14744 	309 	14745
f 309 	311 	14745
f 14745 	311 	14746
f 311 	313 	14746
f 14746 	313 	14747
f 313 	315 	14747
f 14747 	315 	14748
f 315 	317 	14748
f 14748 	317 	14749
f 317 	319 	14749
f 14749 	319 	14750
f 319 	321 	14750
f 14750 	321 	14751
f 321 	323 	14751
f 14751 	323 	14752
f 323 	325 	14752
f 14752 	325 	14753
f 325 	327 	14753
f 14753 	327 	14754
f 327 	329 	14754
f 14754 	329 	14755
f 329 	331 	14755
f 14755 	331 	14756
f 331 	333 	14756
f 14756 	333 	14757
f 333 	335 	14757
f 14757 	335 	14758
f 335 	337 	14758
f 14758 	337 	14759
f 337 	339 	14759
f 14759 	339 	14760
f 339 	341 	14760
f 14760 	341 	14761
f 341 	343 	14761
f 14761 	343 	14762
f 343 	345 	14762
f 14762 	345 	14763
f 345 	347 	14763
f 14763 	347 	14764
f 347 	349 	14764
f 14764 	349 	14765
f 349 	351 	14765
f 14765 	351 	14766
f 351 	353 	14766
f 14766 	353 	14767
f 353 	355 	14767
f 14767 	355 	14768
f 355 	357 	14768
f 14768 	357 	14769
f 357 	359 	14769
f 14769 	359 	14770
f 359 	361 	14770
f 14770 	361 	14771
f 361 	363 	14771
f 14771 	363 	14772
f 363 	365 	14772
f 14772 	365 	14773
f 365 	367 	14773
f 14773 	367 	14774
f 367 	369 	14774
f 14774 	369 	14775
f 369 	371 	14775
f 14775 	371 	14776
f 371 	373 	14776
f 14776 	373 	14777
f 373 	375 	14777
f 14777 	375 	14778
f 375 	377 	14778
f 14778 	377 	14779
f 377 	379 	14779
f 14779 	379 	14780
f 379 	381 	14780
f 14780 	381 	14781
f 381 	383 	14781
f 14781 	383 	14782
f 383 	385 	14782
f 14782 	385 	14783
f 385 	387 	14783
f 14783 	387 	14784
f 387 	389 	14784
f 14784 	389 	14785
f 389 	391 	14785
f 14785 	391 	14786
f 391 	393 	14786
f 14786 	393 	14787
f 393 	395 	14787
f 14787 	395 	14788
f 395 	397 	14788
f 14788 	397 	14789
f 397 	399 	14789
f 14789 	399 	14790
f 399 	401 	14790
f 14790 	401 	14791
f 401 	403 	14791
f 14791 	403 	14792
f 403 	405 	14792
f 14792 	405 	14793
f 405 	407 	14793
f 14793 	407 	14794
f 407 	409 	14794
f 14794 	409 	14795
f 409 	411 	14795
f 14795 	411 	14796
f 411 	413 	14796
f 14796 	413 	14797
f 413 	415 	14797
f 14797 	415 	14798
f 415 	417 	14798
f 14798 	417 	14799
f 417 	419 	14799
f 14799 	419 	14800
f 419 	421 	14800
f 14800 	421 	14801
f 421 	423 	14801
f 14801 	423 	14802
f 423 	425 	14802
f 14802 	425 	14803
f 425 	427 	14803
f 14803 	427 	14804
f 427 	429 	14804
f 14804 	429 	14805
f 429 	431 	14805
f 14805 	431 	14806
f 431 	433 	14806
f 14806 	433 	14807
f 433 	435 	14807
f 14807 	435 	14808
f 435 	437 	14808
f 14808 	437 	14809
f 437 	439 	14809
f 14809 	439 	14810
f 439 	441 	14810
f 14810 	441 	14811
f 441 	443 	14811
f 14811 	443 	14812
f 443 	445 	14812
f 14812 	445 	14813
f 445 	447 	14813
f 14813 	447 	14814
f 447 	449 	14814
f 14814 	449 	14815
f 449 	451 	14815
f 14815 	451 	14816
f 451 	453 	14816
f 14816 	453 	14817
f 453 	455 	14817
f 14817 	455 	14818
f 455 	457 	14818
f 14818 	457 	14819
f 457 	459 	14819
f 14819 	459 	14820
f 459 	461 	14820
f 14820 	461 	14821
f 461 	463 	14821
f 14821 	463 	14822
f 463 	465 	14822
f 14822 	465 	14823
f 465 	467 	14823
f 14823 	467 	14824
f 467 	469 	14824
f 14824 	469 	14825
f 469 	471 	14825
f 14825 	471 	14826
f 471 	473 	14826
f 14826 	473 	14827
f 473 	475 	14827
f 14827 	475 	14828
f 475 	477 	14828
f 14828 	477 	14829
f 477 	479 	14829
f 14829 	479 	14830
f 479 	481 	14830
f 14830 	481 	14831
f 481 	483 	14831
f 14831 	483 	14832
f 483 	485 	14832
f 14832 	485 	14833
f 485 	487 	14833
f 14833 	487 	14834
f 487 	489 	14834
f 14834 	489 	14835
f 489 	491 	14835
f 14835 	491 	14836
f 491 	493 	14836
f 14836 	493 	14837
f 493 	495 	14837
f 14837 	495 	14838
f 495 	497 	14838
f 14838 	497 	14839
f 497 	499 	14839
f 14839 	499 	14840
f 499 	501 	14840
f 14840 	501 	14841
f 501 	503 	14841
f 14841 	503 	14842
f 503 	505 	14842
f 14842 	505 	14843
f 505 	507 	14843
f 14843 	507 	14844
f 507 	509 	14844
f 14844 	509 	14845
f 509 	511 	14845
f 14845 	511 	14846
f 511 	513 	14846
f 14846 	513 	14847
f 513 	515 	14847
f 14847 	515 	14848
f 515 	517 	14848
f 14848 	517 	14849
f 517 	519 	14849
f 14849 	519 	14850
f 519 	521 	14850
f 14850 	521 	14851
f 521 	523 	14851
f 14851 	523 	14852
f 523 	525 	14852
f 14852 	525 	14853
f 525 	527 	14853
f 14853 	527 	14854
f 527 	529 	14854
f 14854 	529 	14855
f 529 	531 	14855
f 14855 	531 	14856
f 531 	533 	14856
f 14856 	533 	14857
f 533 	535 	14857
f 14857 	535 	14858
f 535 	537 	14858
f 14858 	537 	14859
f 537 	539 	14859
f 14859 	539 	14860
f 539 	541 	14860
f 14860 	541 	14861
f 541 	543 	14861
f 14861 	543 	14862
f 543 	545 	14862
f 14862 	545 	14863
f 545 	547 	14863
f 14863 	547 	14864
f 547 	549 	14864
f 14864 	549 	14865
f 549 	551 	14865
f 14865 	551 	14866
f 551 	553 	14866
f 14866 	553 	14867
f 553 	555 	14867
f 14867 	555 	14868
f 555 	557 	14868
f 14868 	557 	14869
f 557 	559 	14869
f 14869 	559 	14870
f 559 	561 	14870
f 14870 	561 	14871
f 561 	563 	14871
f 14871 	563 	14872
f 563 	565 	14872
f 14872 	565 	14873
f 565 	567 	14873
f 14873 	567 	14874
f 567 	569 	14874
f 14874 	569 	14875
f 569 	571 	14875
f 14875 	571 	14876
f 571 	573 	14876
f 14876 	573 	14877
f 573 	575 	14877
f 14877 	575 	14878
f 575 	577 	14878
f 14878 	577 	14879
f 577 	579 	14879
f 14879 	579 	14880
f 579 	581 	14880
f 14880 	581 	14881
f 581 	583 	14881
f 14881 	583 	14882
f 583 	585 	14882
f 14882 	585 	14883
f 585 	587 	14883
f 14883 	587 	14884
f 587 	589 	14884
f 14884 	589 	14885
f 589 	591 	14885
f 14885 	591 	14886
f 591 	593 	14886
f 14886 	593 	14887
f 593 	595 	14887
f 14887 	595 	14888
f 595 	597 	14888
f 14888 	597 	14578
f 597 	599 	14578
f 14578 	599 	601
f 602 	604 	14579
f 14579 	604 	14889
f 604 	605 	14889
f 14889 	605 	14890
f 605 	607 	14890
f 14890 	607 	14891
f 607 	609 	14891
f 14891 	609 	14892
f 609 	611 	14892
f 14892 	611 	14893
f 611 	613 	14893
f 14893 	613 	14894
f 613 	615 	14894
f 14894 	615 	14895
f 615 	617 	14895
f 14895 	617 	14896
f 617 	619 	14896
f 14896 	619 	14897
f 619 	621 	14897
f 14897 	621 	14898
f 621 	623 	14898
f 14898 	623 	14590
f 623 	1 	14590
# 29824 faces

 #end of obj_0

