# Tinkercad-ready single solid (REF_SCALE, grounded at Y=0)
v -31.000 0.000 -30.000
v -31.000 0.000 -27.500
v -31.000 2.500 -30.000
v -31.000 2.500 -27.500
v -28.500 0.000 -30.000
v -28.500 0.000 -27.500
v -28.500 2.500 -30.000
v -31.000 0.000 -25.000
v -31.000 2.500 -25.000
v -28.500 0.000 -25.000
v -31.000 0.000 -22.500
v -31.000 2.500 -22.500
v -28.500 0.000 -22.500
v -31.000 0.000 -20.000
v -31.000 2.500 -20.000
v -28.500 0.000 -20.000
v -31.000 0.000 -17.500
v -31.000 2.500 -17.500
v -28.500 0.000 -17.500
v -28.500 2.500 -17.500
v -31.000 0.000 17.500
v -31.000 0.000 20.000
v -31.000 2.500 17.500
v -31.000 2.500 20.000
v -28.500 0.000 17.500
v -28.500 0.000 20.000
v -28.500 2.500 17.500
v -31.000 0.000 22.500
v -31.000 2.500 22.500
v -28.500 0.000 22.500
v -31.000 0.000 25.000
v -31.000 2.500 25.000
v -28.500 0.000 25.000
v -31.000 0.000 27.500
v -31.000 2.500 27.500
v -28.500 0.000 27.500
v -31.000 0.000 30.000
v -31.000 2.500 30.000
v -28.500 0.000 30.000
v -28.500 2.500 30.000
v -31.000 5.000 -30.000
v -31.000 5.000 -27.500
v -28.500 5.000 -30.000
v -31.000 5.000 -25.000
v -31.000 5.000 -22.500
v -31.000 5.000 -20.000
v -31.000 5.000 -17.500
v -28.500 5.000 -17.500
v -31.000 5.000 17.500
v -31.000 5.000 20.000
v -28.500 5.000 17.500
v -31.000 5.000 22.500
v -31.000 5.000 25.000
v -31.000 5.000 27.500
v -31.000 5.000 30.000
v -28.500 5.000 30.000
v -31.000 7.500 -30.000
v -31.000 7.500 -27.500
v -28.500 7.500 -30.000
v -31.000 7.500 -25.000
v -31.000 7.500 -22.500
v -31.000 7.500 -20.000
v -31.000 7.500 -17.500
v -28.500 7.500 -17.500
v -31.000 7.500 17.500
v -31.000 7.500 20.000
v -28.500 7.500 17.500
v -31.000 7.500 22.500
v -31.000 7.500 25.000
v -31.000 7.500 27.500
v -31.000 7.500 30.000
v -28.500 7.500 30.000
v -31.000 10.000 -30.000
v -31.000 10.000 -27.500
v -28.500 10.000 -30.000
v -31.000 10.000 -25.000
v -31.000 10.000 -22.500
v -31.000 10.000 -20.000
v -31.000 10.000 -17.500
v -28.500 10.000 -17.500
v -31.000 10.000 17.500
v -31.000 10.000 20.000
v -28.500 10.000 17.500
v -31.000 10.000 22.500
v -31.000 10.000 25.000
v -31.000 10.000 27.500
v -31.000 10.000 30.000
v -28.500 10.000 30.000
v -31.000 12.500 -30.000
v -31.000 12.500 -27.500
v -28.500 12.500 -30.000
v -31.000 12.500 -25.000
v -31.000 12.500 -22.500
v -31.000 12.500 -20.000
v -31.000 12.500 -17.500
v -28.500 12.500 -17.500
v -31.000 12.500 17.500
v -31.000 12.500 20.000
v -28.500 12.500 17.500
v -31.000 12.500 22.500
v -31.000 12.500 25.000
v -31.000 12.500 27.500
v -31.000 12.500 30.000
v -28.500 12.500 30.000
v -31.000 15.000 -30.000
v -31.000 15.000 -27.500
v -28.500 15.000 -30.000
v -31.000 15.000 -25.000
v -31.000 15.000 -22.500
v -31.000 15.000 -20.000
v -31.000 15.000 -17.500
v -28.500 15.000 -17.500
v -31.000 15.000 17.500
v -31.000 15.000 20.000
v -28.500 15.000 17.500
v -31.000 15.000 22.500
v -31.000 15.000 25.000
v -31.000 15.000 27.500
v -31.000 15.000 30.000
v -28.500 15.000 30.000
v -31.000 17.500 -30.000
v -31.000 17.500 -27.500
v -28.500 17.500 -30.000
v -31.000 17.500 -25.000
v -31.000 17.500 -22.500
v -31.000 17.500 -20.000
v -31.000 17.500 -17.500
v -28.500 17.500 -17.500
v -31.000 17.500 17.500
v -31.000 17.500 20.000
v -28.500 17.500 17.500
v -31.000 17.500 22.500
v -31.000 17.500 25.000
v -31.000 17.500 27.500
v -31.000 17.500 30.000
v -28.500 17.500 30.000
v -31.000 20.000 -30.000
v -31.000 20.000 -27.500
v -28.500 20.000 -30.000
v -31.000 20.000 -25.000
v -31.000 20.000 -22.500
v -31.000 20.000 -20.000
v -31.000 20.000 -17.500
v -28.500 20.000 -17.500
v -31.000 20.000 17.500
v -31.000 20.000 20.000
v -28.500 20.000 17.500
v -31.000 20.000 22.500
v -31.000 20.000 25.000
v -31.000 20.000 27.500
v -31.000 20.000 30.000
v -28.500 20.000 30.000
v -31.000 22.500 -30.000
v -31.000 22.500 -27.500
v -28.500 22.500 -30.000
v -31.000 22.500 -25.000
v -31.000 22.500 -22.500
v -31.000 22.500 -20.000
v -31.000 22.500 -17.500
v -28.500 22.500 -17.500
v -31.000 22.500 17.500
v -31.000 22.500 20.000
v -28.500 22.500 17.500
v -31.000 22.500 22.500
v -31.000 22.500 25.000
v -31.000 22.500 27.500
v -31.000 22.500 30.000
v -28.500 22.500 30.000
v -31.000 25.000 -30.000
v -31.000 25.000 -27.500
v -28.500 25.000 -30.000
v -31.000 25.000 -25.000
v -31.000 25.000 -22.500
v -31.000 25.000 -20.000
v -31.000 25.000 -17.500
v -28.500 25.000 -17.500
v -31.000 25.000 17.500
v -31.000 25.000 20.000
v -28.500 25.000 17.500
v -31.000 25.000 22.500
v -31.000 25.000 25.000
v -31.000 25.000 27.500
v -31.000 25.000 30.000
v -28.500 25.000 30.000
v -31.000 27.500 -30.000
v -31.000 27.500 -27.500
v -28.500 27.500 -30.000
v -31.000 27.500 -25.000
v -31.000 27.500 -22.500
v -31.000 27.500 -20.000
v -31.000 27.500 -17.500
v -28.500 27.500 -17.500
v -31.000 27.500 17.500
v -31.000 27.500 20.000
v -28.500 27.500 17.500
v -31.000 27.500 22.500
v -31.000 27.500 25.000
v -31.000 27.500 27.500
v -31.000 27.500 30.000
v -28.500 27.500 30.000
v -31.000 30.000 -30.000
v -31.000 30.000 -27.500
v -28.500 30.000 -30.000
v -31.000 30.000 -25.000
v -31.000 30.000 -22.500
v -31.000 30.000 -20.000
v -31.000 30.000 -17.500
v -28.500 30.000 -17.500
v -31.000 30.000 17.500
v -31.000 30.000 20.000
v -28.500 30.000 17.500
v -31.000 30.000 22.500
v -31.000 30.000 25.000
v -31.000 30.000 27.500
v -31.000 30.000 30.000
v -28.500 30.000 30.000
v -31.000 32.500 -30.000
v -31.000 32.500 -27.500
v -28.500 32.500 -30.000
v -31.000 32.500 -25.000
v -31.000 32.500 -22.500
v -31.000 32.500 -20.000
v -31.000 32.500 -17.500
v -28.500 32.500 -17.500
v -31.000 32.500 17.500
v -31.000 32.500 20.000
v -28.500 32.500 17.500
v -31.000 32.500 22.500
v -31.000 32.500 25.000
v -31.000 32.500 27.500
v -31.000 32.500 30.000
v -28.500 32.500 30.000
v -31.000 35.000 -30.000
v -31.000 35.000 -27.500
v -28.500 35.000 -30.000
v -31.000 35.000 -25.000
v -31.000 35.000 -22.500
v -31.000 35.000 -20.000
v -31.000 35.000 -17.500
v -28.500 35.000 -17.500
v -31.000 35.000 17.500
v -31.000 35.000 20.000
v -28.500 35.000 17.500
v -31.000 35.000 22.500
v -31.000 35.000 25.000
v -31.000 35.000 27.500
v -31.000 35.000 30.000
v -28.500 35.000 30.000
v -31.000 37.500 -30.000
v -31.000 37.500 -27.500
v -28.500 37.500 -30.000
v -31.000 37.500 -25.000
v -31.000 37.500 -22.500
v -31.000 37.500 -20.000
v -31.000 37.500 -17.500
v -28.500 37.500 -17.500
v -31.000 37.500 17.500
v -31.000 37.500 20.000
v -28.500 37.500 17.500
v -31.000 37.500 22.500
v -31.000 37.500 25.000
v -31.000 37.500 27.500
v -31.000 37.500 30.000
v -28.500 37.500 30.000
v -31.000 40.000 -30.000
v -31.000 40.000 -27.500
v -28.500 40.000 -30.000
v -31.000 40.000 -25.000
v -31.000 40.000 -22.500
v -31.000 40.000 -20.000
v -31.000 40.000 -17.500
v -28.500 40.000 -17.500
v -31.000 40.000 17.500
v -31.000 40.000 20.000
v -28.500 40.000 17.500
v -31.000 40.000 22.500
v -31.000 40.000 25.000
v -31.000 40.000 27.500
v -31.000 40.000 30.000
v -28.500 40.000 30.000
v -31.000 42.500 -30.000
v -31.000 42.500 -27.500
v -28.500 42.500 -30.000
v -31.000 42.500 -25.000
v -31.000 42.500 -22.500
v -31.000 42.500 -20.000
v -31.000 42.500 -17.500
v -28.500 42.500 -17.500
v -31.000 42.500 17.500
v -31.000 42.500 20.000
v -28.500 42.500 17.500
v -31.000 42.500 22.500
v -31.000 42.500 25.000
v -31.000 42.500 27.500
v -31.000 42.500 30.000
v -28.500 42.500 30.000
v -31.000 45.000 -30.000
v -31.000 45.000 -27.500
v -28.500 45.000 -30.000
v -31.000 45.000 -25.000
v -31.000 45.000 -22.500
v -31.000 45.000 -20.000
v -31.000 45.000 -17.500
v -28.500 45.000 -17.500
v -31.000 45.000 17.500
v -31.000 45.000 20.000
v -28.500 45.000 17.500
v -31.000 45.000 22.500
v -31.000 45.000 25.000
v -31.000 45.000 27.500
v -31.000 45.000 30.000
v -28.500 45.000 30.000
v -31.000 47.500 -30.000
v -31.000 47.500 -27.500
v -28.500 47.500 -30.000
v -31.000 47.500 -25.000
v -31.000 47.500 -22.500
v -31.000 47.500 -20.000
v -31.000 47.500 -17.500
v -28.500 47.500 -17.500
v -31.000 47.500 17.500
v -31.000 47.500 20.000
v -28.500 47.500 17.500
v -31.000 47.500 22.500
v -31.000 47.500 25.000
v -31.000 47.500 27.500
v -31.000 47.500 30.000
v -28.500 47.500 30.000
v -31.000 50.000 -30.000
v -31.000 50.000 -27.500
v -28.500 50.000 -30.000
v -28.500 50.000 -27.500
v -31.000 50.000 -25.000
v -28.500 50.000 -25.000
v -31.000 50.000 -22.500
v -28.500 50.000 -22.500
v -31.000 50.000 -20.000
v -28.500 50.000 -20.000
v -31.000 50.000 -17.500
v -28.500 50.000 -17.500
v -31.000 50.000 17.500
v -31.000 50.000 20.000
v -28.500 50.000 17.500
v -28.500 50.000 20.000
v -31.000 50.000 22.500
v -28.500 50.000 22.500
v -31.000 50.000 25.000
v -28.500 50.000 25.000
v -31.000 50.000 27.500
v -28.500 50.000 27.500
v -31.000 50.000 30.000
v -28.500 50.000 30.000
v -26.000 0.000 -30.000
v -26.000 0.000 -27.500
v -26.000 2.500 -30.000
v -26.000 2.500 -27.500
v -26.000 0.000 -25.000
v -26.000 2.500 -25.000
v -26.000 0.000 -22.500
v -26.000 2.500 -22.500
v -26.000 0.000 -20.000
v -26.000 2.500 -20.000
v -26.000 0.000 -17.500
v -26.000 2.500 -17.500
v -26.000 0.000 17.500
v -26.000 0.000 20.000
v -26.000 2.500 17.500
v -26.000 2.500 20.000
v -26.000 0.000 22.500
v -26.000 2.500 22.500
v -26.000 0.000 25.000
v -26.000 2.500 25.000
v -26.000 0.000 27.500
v -26.000 2.500 27.500
v -26.000 0.000 30.000
v -26.000 2.500 30.000
v -26.000 5.000 -30.000
v -26.000 5.000 -27.500
v -26.000 5.000 -25.000
v -26.000 5.000 -22.500
v -26.000 5.000 -20.000
v -26.000 5.000 -17.500
v -26.000 5.000 17.500
v -26.000 5.000 20.000
v -26.000 5.000 22.500
v -26.000 5.000 25.000
v -26.000 5.000 27.500
v -26.000 5.000 30.000
v -26.000 7.500 -30.000
v -26.000 7.500 -27.500
v -26.000 7.500 -25.000
v -26.000 7.500 -22.500
v -26.000 7.500 -20.000
v -26.000 7.500 -17.500
v -26.000 7.500 17.500
v -26.000 7.500 20.000
v -26.000 7.500 22.500
v -26.000 7.500 25.000
v -26.000 7.500 27.500
v -26.000 7.500 30.000
v -26.000 10.000 -30.000
v -26.000 10.000 -27.500
v -26.000 10.000 -25.000
v -26.000 10.000 -22.500
v -26.000 10.000 -20.000
v -26.000 10.000 -17.500
v -26.000 10.000 17.500
v -26.000 10.000 20.000
v -26.000 10.000 22.500
v -26.000 10.000 25.000
v -26.000 10.000 27.500
v -26.000 10.000 30.000
v -26.000 12.500 -30.000
v -26.000 12.500 -27.500
v -26.000 12.500 -25.000
v -26.000 12.500 -22.500
v -26.000 12.500 -20.000
v -26.000 12.500 -17.500
v -26.000 12.500 17.500
v -26.000 12.500 20.000
v -26.000 12.500 22.500
v -26.000 12.500 25.000
v -26.000 12.500 27.500
v -26.000 12.500 30.000
v -26.000 15.000 -30.000
v -26.000 15.000 -27.500
v -26.000 15.000 -25.000
v -26.000 15.000 -22.500
v -26.000 15.000 -20.000
v -26.000 15.000 -17.500
v -26.000 15.000 17.500
v -26.000 15.000 20.000
v -26.000 15.000 22.500
v -26.000 15.000 25.000
v -26.000 15.000 27.500
v -26.000 15.000 30.000
v -26.000 17.500 -30.000
v -26.000 17.500 -27.500
v -26.000 17.500 -25.000
v -26.000 17.500 -22.500
v -26.000 17.500 -20.000
v -26.000 17.500 -17.500
v -26.000 17.500 17.500
v -26.000 17.500 20.000
v -26.000 17.500 22.500
v -26.000 17.500 25.000
v -26.000 17.500 27.500
v -26.000 17.500 30.000
v -26.000 20.000 -30.000
v -26.000 20.000 -27.500
v -26.000 20.000 -25.000
v -26.000 20.000 -22.500
v -26.000 20.000 -20.000
v -26.000 20.000 -17.500
v -26.000 20.000 17.500
v -26.000 20.000 20.000
v -26.000 20.000 22.500
v -26.000 20.000 25.000
v -26.000 20.000 27.500
v -26.000 20.000 30.000
v -26.000 22.500 -30.000
v -26.000 22.500 -27.500
v -26.000 22.500 -25.000
v -26.000 22.500 -22.500
v -26.000 22.500 -20.000
v -26.000 22.500 -17.500
v -26.000 22.500 17.500
v -26.000 22.500 20.000
v -26.000 22.500 22.500
v -26.000 22.500 25.000
v -26.000 22.500 27.500
v -26.000 22.500 30.000
v -26.000 25.000 -30.000
v -26.000 25.000 -27.500
v -26.000 25.000 -25.000
v -26.000 25.000 -22.500
v -26.000 25.000 -20.000
v -26.000 25.000 -17.500
v -26.000 25.000 17.500
v -26.000 25.000 20.000
v -26.000 25.000 22.500
v -26.000 25.000 25.000
v -26.000 25.000 27.500
v -26.000 25.000 30.000
v -26.000 27.500 -30.000
v -26.000 27.500 -27.500
v -26.000 27.500 -25.000
v -26.000 27.500 -22.500
v -26.000 27.500 -20.000
v -26.000 27.500 -17.500
v -26.000 27.500 17.500
v -26.000 27.500 20.000
v -26.000 27.500 22.500
v -26.000 27.500 25.000
v -26.000 27.500 27.500
v -26.000 27.500 30.000
v -26.000 30.000 -30.000
v -26.000 30.000 -27.500
v -26.000 30.000 -25.000
v -26.000 30.000 -22.500
v -26.000 30.000 -20.000
v -26.000 30.000 -17.500
v -26.000 30.000 17.500
v -26.000 30.000 20.000
v -26.000 30.000 22.500
v -26.000 30.000 25.000
v -26.000 30.000 27.500
v -26.000 30.000 30.000
v -26.000 32.500 -30.000
v -26.000 32.500 -27.500
v -26.000 32.500 -25.000
v -26.000 32.500 -22.500
v -26.000 32.500 -20.000
v -26.000 32.500 -17.500
v -26.000 32.500 17.500
v -26.000 32.500 20.000
v -26.000 32.500 22.500
v -26.000 32.500 25.000
v -26.000 32.500 27.500
v -26.000 32.500 30.000
v -26.000 35.000 -30.000
v -26.000 35.000 -27.500
v -26.000 35.000 -25.000
v -26.000 35.000 -22.500
v -26.000 35.000 -20.000
v -26.000 35.000 -17.500
v -26.000 35.000 17.500
v -26.000 35.000 20.000
v -26.000 35.000 22.500
v -26.000 35.000 25.000
v -26.000 35.000 27.500
v -26.000 35.000 30.000
v -26.000 37.500 -30.000
v -26.000 37.500 -27.500
v -26.000 37.500 -25.000
v -26.000 37.500 -22.500
v -26.000 37.500 -20.000
v -26.000 37.500 -17.500
v -26.000 37.500 17.500
v -26.000 37.500 20.000
v -26.000 37.500 22.500
v -26.000 37.500 25.000
v -26.000 37.500 27.500
v -26.000 37.500 30.000
v -26.000 40.000 -30.000
v -26.000 40.000 -27.500
v -26.000 40.000 -25.000
v -26.000 40.000 -22.500
v -26.000 40.000 -20.000
v -26.000 40.000 -17.500
v -26.000 40.000 17.500
v -26.000 40.000 20.000
v -26.000 40.000 22.500
v -26.000 40.000 25.000
v -26.000 40.000 27.500
v -26.000 40.000 30.000
v -26.000 42.500 -30.000
v -26.000 42.500 -27.500
v -26.000 42.500 -25.000
v -26.000 42.500 -22.500
v -26.000 42.500 -20.000
v -26.000 42.500 -17.500
v -26.000 42.500 17.500
v -26.000 42.500 20.000
v -26.000 42.500 22.500
v -26.000 42.500 25.000
v -26.000 42.500 27.500
v -26.000 42.500 30.000
v -26.000 45.000 -30.000
v -26.000 45.000 -27.500
v -26.000 45.000 -25.000
v -26.000 45.000 -22.500
v -26.000 45.000 -20.000
v -26.000 45.000 -17.500
v -26.000 45.000 17.500
v -26.000 45.000 20.000
v -26.000 45.000 22.500
v -26.000 45.000 25.000
v -26.000 45.000 27.500
v -26.000 45.000 30.000
v -26.000 47.500 -30.000
v -26.000 47.500 -27.500
v -26.000 47.500 -25.000
v -28.500 45.000 -15.000
v -28.500 47.500 -15.000
v -26.000 45.000 -15.000
v -28.500 45.000 -12.500
v -28.500 47.500 -12.500
v -26.000 45.000 -12.500
v -28.500 45.000 -10.000
v -28.500 47.500 -10.000
v -26.000 45.000 -10.000
v -28.500 45.000 -7.500
v -28.500 47.500 -7.500
v -26.000 45.000 -7.500
v -28.500 45.000 -5.000
v -28.500 47.500 -5.000
v -26.000 45.000 -5.000
v -28.500 45.000 -2.500
v -28.500 47.500 -2.500
v -26.000 45.000 -2.500
v -28.500 45.000 0.000
v -28.500 47.500 0.000
v -26.000 45.000 0.000
v -28.500 45.000 2.500
v -28.500 47.500 2.500
v -26.000 45.000 2.500
v -28.500 45.000 5.000
v -28.500 47.500 5.000
v -26.000 45.000 5.000
v -28.500 45.000 7.500
v -28.500 47.500 7.500
v -26.000 45.000 7.500
v -28.500 45.000 10.000
v -28.500 47.500 10.000
v -26.000 45.000 10.000
v -28.500 45.000 12.500
v -28.500 47.500 12.500
v -26.000 45.000 12.500
v -28.500 45.000 15.000
v -28.500 47.500 15.000
v -26.000 45.000 15.000
v -26.000 47.500 27.500
v -26.000 47.500 30.000
v -26.000 50.000 -30.000
v -26.000 50.000 -27.500
v -26.000 50.000 -25.000
v -26.000 50.000 -22.500
v -26.000 50.000 -20.000
v -26.000 50.000 -17.500
v -28.500 50.000 -15.000
v -26.000 50.000 -15.000
v -28.500 50.000 -12.500
v -26.000 50.000 -12.500
v -28.500 50.000 -10.000
v -26.000 50.000 -10.000
v -28.500 50.000 -7.500
v -26.000 50.000 -7.500
v -28.500 50.000 -5.000
v -26.000 50.000 -5.000
v -28.500 50.000 -2.500
v -26.000 50.000 -2.500
v -28.500 50.000 0.000
v -26.000 50.000 0.000
v -28.500 50.000 2.500
v -26.000 50.000 2.500
v -28.500 50.000 5.000
v -26.000 50.000 5.000
v -28.500 50.000 7.500
v -26.000 50.000 7.500
v -28.500 50.000 10.000
v -26.000 50.000 10.000
v -28.500 50.000 12.500
v -26.000 50.000 12.500
v -28.500 50.000 15.000
v -26.000 50.000 15.000
v -26.000 50.000 17.500
v -26.000 50.000 20.000
v -26.000 50.000 22.500
v -26.000 50.000 25.000
v -26.000 50.000 27.500
v -26.000 50.000 30.000
v -23.500 45.000 -25.000
v -23.500 45.000 -22.500
v -23.500 47.500 -25.000
v -23.500 45.000 -20.000
v -23.500 45.000 -17.500
v -23.500 45.000 -15.000
v -23.500 45.000 -12.500
v -23.500 45.000 -10.000
v -23.500 45.000 -7.500
v -23.500 45.000 -5.000
v -23.500 45.000 -2.500
v -23.500 45.000 0.000
v -23.500 45.000 2.500
v -23.500 45.000 5.000
v -23.500 45.000 7.500
v -23.500 45.000 10.000
v -23.500 45.000 12.500
v -23.500 45.000 15.000
v -23.500 45.000 17.500
v -23.500 45.000 20.000
v -23.500 45.000 22.500
v -23.500 45.000 25.000
v -23.500 45.000 27.500
v -23.500 47.500 27.500
v -23.500 50.000 -25.000
v -23.500 50.000 -22.500
v -23.500 50.000 -20.000
v -23.500 50.000 -17.500
v -23.500 50.000 -15.000
v -23.500 50.000 -12.500
v -23.500 50.000 -10.000
v -23.500 50.000 -7.500
v -23.500 50.000 -5.000
v -23.500 50.000 -2.500
v -23.500 50.000 0.000
v -23.500 50.000 2.500
v -23.500 50.000 5.000
v -23.500 50.000 7.500
v -23.500 50.000 10.000
v -23.500 50.000 12.500
v -23.500 50.000 15.000
v -23.500 50.000 17.500
v -23.500 50.000 20.000
v -23.500 50.000 22.500
v -23.500 50.000 25.000
v -23.500 50.000 27.500
v -21.000 45.000 -25.000
v -21.000 45.000 -22.500
v -21.000 47.500 -25.000
v -21.000 45.000 -20.000
v -21.000 45.000 -17.500
v -21.000 45.000 -15.000
v -21.000 45.000 -12.500
v -21.000 45.000 -10.000
v -21.000 45.000 -7.500
v -21.000 45.000 -5.000
v -21.000 45.000 -2.500
v -21.000 45.000 0.000
v -21.000 45.000 2.500
v -21.000 45.000 5.000
v -21.000 45.000 7.500
v -21.000 45.000 10.000
v -21.000 45.000 12.500
v -21.000 45.000 15.000
v -21.000 45.000 17.500
v -21.000 45.000 20.000
v -21.000 45.000 22.500
v -21.000 45.000 25.000
v -21.000 45.000 27.500
v -21.000 47.500 27.500
v -21.000 50.000 -25.000
v -21.000 50.000 -22.500
v -21.000 50.000 -20.000
v -21.000 50.000 -17.500
v -21.000 50.000 -15.000
v -21.000 50.000 -12.500
v -21.000 50.000 -10.000
v -21.000 50.000 -7.500
v -21.000 50.000 -5.000
v -21.000 50.000 -2.500
v -21.000 50.000 0.000
v -21.000 50.000 2.500
v -21.000 50.000 5.000
v -21.000 50.000 7.500
v -21.000 50.000 10.000
v -21.000 50.000 12.500
v -21.000 50.000 15.000
v -21.000 50.000 17.500
v -21.000 50.000 20.000
v -21.000 50.000 22.500
v -21.000 50.000 25.000
v -21.000 50.000 27.500
v -18.500 45.000 -25.000
v -18.500 45.000 -22.500
v -18.500 47.500 -25.000
v -18.500 45.000 -20.000
v -18.500 45.000 -17.500
v -18.500 45.000 -15.000
v -18.500 45.000 -12.500
v -18.500 45.000 -10.000
v -18.500 45.000 -7.500
v -18.500 45.000 -5.000
v -18.500 45.000 -2.500
v -18.500 45.000 0.000
v -18.500 45.000 2.500
v -18.500 45.000 5.000
v -18.500 45.000 7.500
v -18.500 45.000 10.000
v -18.500 45.000 12.500
v -18.500 45.000 15.000
v -18.500 45.000 17.500
v -18.500 45.000 20.000
v -18.500 45.000 22.500
v -18.500 45.000 25.000
v -18.500 45.000 27.500
v -18.500 47.500 27.500
v -21.000 47.500 -40.000
v -21.000 47.500 -37.500
v -21.000 50.000 -40.000
v -21.000 50.000 -37.500
v -18.500 47.500 -40.000
v -18.500 47.500 -37.500
v -18.500 50.000 -40.000
v -21.000 47.500 -35.000
v -21.000 50.000 -35.000
v -18.500 47.500 -35.000
v -21.000 47.500 -32.500
v -21.000 50.000 -32.500
v -18.500 47.500 -32.500
v -21.000 47.500 -30.000
v -21.000 50.000 -30.000
v -18.500 47.500 -30.000
v -21.000 47.500 -27.500
v -21.000 50.000 -27.500
v -18.500 47.500 -27.500
v -18.500 50.000 -20.000
v -18.500 50.000 -17.500
v -18.500 50.000 -15.000
v -18.500 50.000 -12.500
v -18.500 50.000 -10.000
v -18.500 50.000 -7.500
v -18.500 50.000 -5.000
v -18.500 50.000 -2.500
v -18.500 50.000 0.000
v -18.500 50.000 2.500
v -18.500 50.000 5.000
v -18.500 50.000 7.500
v -18.500 50.000 10.000
v -18.500 50.000 12.500
v -18.500 50.000 15.000
v -18.500 50.000 17.500
v -18.500 50.000 20.000
v -18.500 50.000 22.500
v -18.500 50.000 25.000
v -18.500 50.000 27.500
v -21.000 52.500 -40.000
v -21.000 52.500 -37.500
v -18.500 52.500 -40.000
v -21.000 52.500 -35.000
v -21.000 52.500 -32.500
v -21.000 52.500 -30.000
v -21.000 52.500 -27.500
v -21.000 52.500 -25.000
v -21.000 52.500 -22.500
v -21.000 52.500 -20.000
v -18.500 52.500 -20.000
v -21.000 55.000 -40.000
v -21.000 55.000 -37.500
v -18.500 55.000 -40.000
v -21.000 55.000 -35.000
v -21.000 55.000 -32.500
v -21.000 55.000 -30.000
v -21.000 55.000 -27.500
v -21.000 55.000 -25.000
v -21.000 55.000 -22.500
v -21.000 55.000 -20.000
v -18.500 55.000 -20.000
v -21.000 57.500 -40.000
v -21.000 57.500 -37.500
v -18.500 57.500 -40.000
v -21.000 57.500 -35.000
v -21.000 57.500 -32.500
v -21.000 57.500 -30.000
v -21.000 57.500 -27.500
v -21.000 57.500 -25.000
v -21.000 57.500 -22.500
v -21.000 57.500 -20.000
v -18.500 57.500 -20.000
v -21.000 60.000 -40.000
v -21.000 60.000 -37.500
v -18.500 60.000 -40.000
v -21.000 60.000 -35.000
v -21.000 60.000 -32.500
v -21.000 60.000 -30.000
v -21.000 60.000 -27.500
v -21.000 60.000 -25.000
v -21.000 60.000 -22.500
v -21.000 60.000 -20.000
v -18.500 60.000 -20.000
v -21.000 62.500 -40.000
v -21.000 62.500 -37.500
v -18.500 62.500 -40.000
v -21.000 62.500 -35.000
v -21.000 62.500 -32.500
v -21.000 62.500 -30.000
v -21.000 62.500 -27.500
v -21.000 62.500 -25.000
v -21.000 62.500 -22.500
v -21.000 62.500 -20.000
v -18.500 62.500 -20.000
v -21.000 65.000 -40.000
v -21.000 65.000 -37.500
v -18.500 65.000 -40.000
v -21.000 65.000 -35.000
v -21.000 65.000 -32.500
v -21.000 65.000 -30.000
v -21.000 65.000 -27.500
v -21.000 65.000 -25.000
v -21.000 65.000 -22.500
v -21.000 65.000 -20.000
v -18.500 65.000 -20.000
v -21.000 67.500 -40.000
v -21.000 67.500 -37.500
v -18.500 67.500 -40.000
v -21.000 67.500 -35.000
v -21.000 67.500 -32.500
v -21.000 67.500 -30.000
v -21.000 67.500 -27.500
v -21.000 67.500 -25.000
v -21.000 67.500 -22.500
v -21.000 67.500 -20.000
v -18.500 67.500 -20.000
v -21.000 70.000 -40.000
v -21.000 70.000 -37.500
v -18.500 70.000 -40.000
v -21.000 70.000 -35.000
v -21.000 70.000 -32.500
v -21.000 70.000 -30.000
v -21.000 70.000 -27.500
v -21.000 70.000 -25.000
v -21.000 70.000 -22.500
v -21.000 70.000 -20.000
v -18.500 70.000 -20.000
v -21.000 72.500 -40.000
v -21.000 72.500 -37.500
v -18.500 72.500 -40.000
v -21.000 72.500 -35.000
v -21.000 72.500 -32.500
v -21.000 72.500 -30.000
v -21.000 72.500 -27.500
v -21.000 72.500 -25.000
v -21.000 72.500 -22.500
v -21.000 72.500 -20.000
v -18.500 72.500 -20.000
v -21.000 75.000 -40.000
v -21.000 75.000 -37.500
v -18.500 75.000 -40.000
v -21.000 75.000 -35.000
v -21.000 75.000 -32.500
v -21.000 75.000 -30.000
v -21.000 75.000 -27.500
v -21.000 75.000 -25.000
v -21.000 75.000 -22.500
v -21.000 75.000 -20.000
v -18.500 75.000 -20.000
v -21.000 77.500 -40.000
v -21.000 77.500 -37.500
v -18.500 77.500 -40.000
v -21.000 77.500 -35.000
v -21.000 77.500 -32.500
v -21.000 77.500 -30.000
v -21.000 77.500 -27.500
v -21.000 77.500 -25.000
v -21.000 77.500 -22.500
v -21.000 77.500 -20.000
v -18.500 77.500 -20.000
v -21.000 80.000 -40.000
v -21.000 80.000 -37.500
v -18.500 80.000 -40.000
v -21.000 80.000 -35.000
v -21.000 80.000 -32.500
v -21.000 80.000 -30.000
v -21.000 80.000 -27.500
v -21.000 80.000 -25.000
v -21.000 80.000 -22.500
v -21.000 80.000 -20.000
v -18.500 80.000 -20.000
v -21.000 82.500 -40.000
v -21.000 82.500 -37.500
v -18.500 82.500 -40.000
v -21.000 82.500 -35.000
v -21.000 82.500 -32.500
v -21.000 82.500 -30.000
v -21.000 82.500 -27.500
v -21.000 82.500 -25.000
v -21.000 82.500 -22.500
v -21.000 82.500 -20.000
v -18.500 82.500 -20.000
v -21.000 85.000 -40.000
v -21.000 85.000 -37.500
v -18.500 85.000 -40.000
v -21.000 85.000 -35.000
v -21.000 85.000 -32.500
v -21.000 85.000 -30.000
v -21.000 85.000 -27.500
v -21.000 85.000 -25.000
v -21.000 85.000 -22.500
v -21.000 85.000 -20.000
v -18.500 85.000 -20.000
v -21.000 87.500 -40.000
v -21.000 87.500 -37.500
v -18.500 87.500 -40.000
v -21.000 87.500 -35.000
v -21.000 87.500 -32.500
v -21.000 87.500 -30.000
v -21.000 87.500 -27.500
v -21.000 87.500 -25.000
v -21.000 87.500 -22.500
v -21.000 87.500 -20.000
v -18.500 87.500 -20.000
v -21.000 90.000 -40.000
v -21.000 90.000 -37.500
v -18.500 90.000 -40.000
v -21.000 90.000 -35.000
v -21.000 90.000 -32.500
v -21.000 90.000 -30.000
v -21.000 90.000 -27.500
v -21.000 90.000 -25.000
v -21.000 90.000 -22.500
v -21.000 90.000 -20.000
v -18.500 90.000 -20.000
v -21.000 92.500 -40.000
v -21.000 92.500 -37.500
v -18.500 92.500 -40.000
v -21.000 92.500 -35.000
v -21.000 92.500 -32.500
v -21.000 92.500 -30.000
v -21.000 92.500 -27.500
v -21.000 92.500 -25.000
v -21.000 92.500 -22.500
v -21.000 92.500 -20.000
v -18.500 92.500 -20.000
v -21.000 95.000 -40.000
v -21.000 95.000 -37.500
v -18.500 95.000 -40.000
v -21.000 95.000 -35.000
v -21.000 95.000 -32.500
v -21.000 95.000 -30.000
v -21.000 95.000 -27.500
v -21.000 95.000 -25.000
v -21.000 95.000 -22.500
v -21.000 95.000 -20.000
v -18.500 95.000 -20.000
v -21.000 97.500 -40.000
v -21.000 97.500 -37.500
v -18.500 97.500 -40.000
v -21.000 97.500 -35.000
v -21.000 97.500 -32.500
v -21.000 97.500 -30.000
v -21.000 97.500 -27.500
v -21.000 97.500 -25.000
v -21.000 97.500 -22.500
v -21.000 97.500 -20.000
v -18.500 97.500 -20.000
v -21.000 100.000 -40.000
v -21.000 100.000 -37.500
v -18.500 100.000 -40.000
v -21.000 100.000 -35.000
v -21.000 100.000 -32.500
v -21.000 100.000 -30.000
v -21.000 100.000 -27.500
v -21.000 100.000 -25.000
v -21.000 100.000 -22.500
v -21.000 100.000 -20.000
v -18.500 100.000 -20.000
v -21.000 102.500 -40.000
v -21.000 102.500 -37.500
v -18.500 102.500 -40.000
v -21.000 102.500 -35.000
v -21.000 102.500 -32.500
v -21.000 102.500 -30.000
v -21.000 102.500 -27.500
v -21.000 102.500 -25.000
v -21.000 102.500 -22.500
v -21.000 102.500 -20.000
v -18.500 102.500 -20.000
v -21.000 105.000 -40.000
v -21.000 105.000 -37.500
v -18.500 105.000 -40.000
v -21.000 105.000 -35.000
v -21.000 105.000 -32.500
v -21.000 105.000 -30.000
v -21.000 105.000 -27.500
v -21.000 105.000 -25.000
v -21.000 105.000 -22.500
v -21.000 105.000 -20.000
v -18.500 105.000 -20.000
v -21.000 107.500 -40.000
v -21.000 107.500 -37.500
v -18.500 107.500 -40.000
v -21.000 107.500 -35.000
v -21.000 107.500 -32.500
v -21.000 107.500 -30.000
v -21.000 107.500 -27.500
v -21.000 107.500 -25.000
v -21.000 107.500 -22.500
v -21.000 107.500 -20.000
v -18.500 107.500 -20.000
v -21.000 110.000 -40.000
v -21.000 110.000 -37.500
v -18.500 110.000 -40.000
v -21.000 110.000 -35.000
v -21.000 110.000 -32.500
v -21.000 110.000 -30.000
v -21.000 110.000 -27.500
v -21.000 110.000 -25.000
v -21.000 110.000 -22.500
v -21.000 110.000 -20.000
v -18.500 110.000 -20.000
v -21.000 112.500 -40.000
v -21.000 112.500 -37.500
v -18.500 112.500 -40.000
v -18.500 112.500 -37.500
v -21.000 112.500 -35.000
v -18.500 112.500 -35.000
v -21.000 112.500 -32.500
v -18.500 112.500 -32.500
v -21.000 112.500 -30.000
v -18.500 112.500 -30.000
v -21.000 112.500 -27.500
v -18.500 112.500 -27.500
v -21.000 112.500 -25.000
v -18.500 112.500 -25.000
v -21.000 112.500 -22.500
v -18.500 112.500 -22.500
v -21.000 112.500 -20.000
v -18.500 112.500 -20.000
v -16.000 45.000 -25.000
v -16.000 45.000 -22.500
v -16.000 47.500 -25.000
v -16.000 45.000 -20.000
v -16.000 45.000 -17.500
v -16.000 45.000 -15.000
v -16.000 45.000 -12.500
v -16.000 45.000 -10.000
v -16.000 45.000 -7.500
v -16.000 45.000 -5.000
v -16.000 45.000 -2.500
v -16.000 45.000 0.000
v -16.000 45.000 2.500
v -16.000 45.000 5.000
v -16.000 45.000 7.500
v -16.000 45.000 10.000
v -16.000 45.000 12.500
v -16.000 45.000 15.000
v -16.000 45.000 17.500
v -16.000 45.000 20.000
v -16.000 45.000 22.500
v -16.000 45.000 25.000
v -16.000 45.000 27.500
v -16.000 47.500 27.500
v -16.000 47.500 -40.000
v -16.000 47.500 -37.500
v -16.000 50.000 -40.000
v -16.000 47.500 -35.000
v -16.000 47.500 -32.500
v -16.000 47.500 -30.000
v -16.000 47.500 -27.500
v -16.000 50.000 -20.000
v -16.000 50.000 -17.500
v -16.000 50.000 -15.000
v -16.000 50.000 -12.500
v -16.000 50.000 -10.000
v -16.000 50.000 -7.500
v -16.000 50.000 -5.000
v -16.000 50.000 -2.500
v -16.000 50.000 0.000
v -16.000 50.000 2.500
v -16.000 50.000 5.000
v -16.000 50.000 7.500
v -16.000 50.000 10.000
v -16.000 50.000 12.500
v -16.000 50.000 15.000
v -16.000 50.000 17.500
v -16.000 50.000 20.000
v -16.000 50.000 22.500
v -16.000 50.000 25.000
v -16.000 50.000 27.500
v -16.000 52.500 -40.000
v -16.000 52.500 -20.000
v -16.000 55.000 -40.000
v -16.000 55.000 -20.000
v -16.000 57.500 -40.000
v -16.000 57.500 -20.000
v -16.000 60.000 -40.000
v -16.000 60.000 -20.000
v -16.000 62.500 -40.000
v -16.000 62.500 -20.000
v -16.000 65.000 -40.000
v -16.000 65.000 -20.000
v -16.000 67.500 -40.000
v -16.000 67.500 -20.000
v -16.000 70.000 -40.000
v -16.000 70.000 -20.000
v -16.000 72.500 -40.000
v -16.000 72.500 -20.000
v -16.000 75.000 -40.000
v -16.000 75.000 -20.000
v -16.000 77.500 -40.000
v -16.000 77.500 -20.000
v -16.000 80.000 -40.000
v -16.000 80.000 -20.000
v -16.000 82.500 -40.000
v -16.000 82.500 -20.000
v -16.000 85.000 -40.000
v -16.000 85.000 -20.000
v -16.000 87.500 -40.000
v -16.000 87.500 -20.000
v -16.000 90.000 -40.000
v -16.000 90.000 -20.000
v -16.000 92.500 -40.000
v -16.000 92.500 -20.000
v -16.000 95.000 -40.000
v -16.000 95.000 -20.000
v -16.000 97.500 -40.000
v -16.000 97.500 -20.000
v -16.000 100.000 -40.000
v -16.000 100.000 -20.000
v -16.000 102.500 -40.000
v -16.000 102.500 -20.000
v -16.000 105.000 -40.000
v -16.000 105.000 -20.000
v -16.000 107.500 -40.000
v -16.000 107.500 -20.000
v -16.000 110.000 -40.000
v -16.000 110.000 -20.000
v -16.000 112.500 -40.000
v -16.000 112.500 -37.500
v -16.000 112.500 -35.000
v -16.000 112.500 -32.500
v -16.000 112.500 -30.000
v -16.000 112.500 -27.500
v -16.000 112.500 -25.000
v -16.000 112.500 -22.500
v -16.000 112.500 -20.000
v -13.500 45.000 -25.000
v -13.500 45.000 -22.500
v -13.500 47.500 -25.000
v -13.500 45.000 -20.000
v -13.500 45.000 -17.500
v -13.500 45.000 -15.000
v -13.500 45.000 -12.500
v -13.500 45.000 -10.000
v -13.500 45.000 -7.500
v -13.500 45.000 -5.000
v -13.500 45.000 -2.500
v -13.500 45.000 0.000
v -13.500 45.000 2.500
v -13.500 45.000 5.000
v -13.500 45.000 7.500
v -13.500 45.000 10.000
v -13.500 45.000 12.500
v -13.500 45.000 15.000
v -13.500 45.000 17.500
v -13.500 45.000 20.000
v -13.500 45.000 22.500
v -13.500 45.000 25.000
v -13.500 45.000 27.500
v -13.500 47.500 27.500
v -13.500 47.500 -40.000
v -13.500 47.500 -37.500
v -13.500 50.000 -40.000
v -13.500 47.500 -35.000
v -13.500 47.500 -32.500
v -13.500 47.500 -30.000
v -13.500 47.500 -27.500
v -13.500 50.000 -20.000
v -13.500 50.000 -17.500
v -13.500 50.000 -15.000
v -13.500 50.000 -12.500
v -13.500 50.000 -10.000
v -13.500 50.000 -7.500
v -13.500 50.000 -5.000
v -13.500 50.000 -2.500
v -13.500 50.000 0.000
v -13.500 50.000 2.500
v -13.500 50.000 5.000
v -13.500 50.000 7.500
v -13.500 50.000 10.000
v -13.500 50.000 12.500
v -13.500 50.000 15.000
v -13.500 50.000 17.500
v -13.500 50.000 20.000
v -13.500 50.000 22.500
v -13.500 50.000 25.000
v -13.500 50.000 27.500
v -13.500 52.500 -40.000
v -13.500 52.500 -20.000
v -13.500 55.000 -40.000
v -13.500 55.000 -20.000
v -13.500 57.500 -40.000
v -13.500 57.500 -20.000
v -13.500 60.000 -40.000
v -13.500 60.000 -20.000
v -13.500 62.500 -40.000
v -13.500 62.500 -20.000
v -13.500 65.000 -40.000
v -13.500 65.000 -20.000
v -13.500 67.500 -40.000
v -13.500 67.500 -20.000
v -13.500 70.000 -40.000
v -13.500 70.000 -20.000
v -13.500 72.500 -40.000
v -13.500 72.500 -20.000
v -13.500 75.000 -40.000
v -13.500 75.000 -20.000
v -13.500 77.500 -40.000
v -13.500 77.500 -20.000
v -13.500 80.000 -40.000
v -13.500 80.000 -20.000
v -13.500 82.500 -40.000
v -13.500 82.500 -20.000
v -13.500 85.000 -40.000
v -13.500 85.000 -20.000
v -13.500 87.500 -40.000
v -13.500 87.500 -20.000
v -13.500 90.000 -40.000
v -13.500 90.000 -20.000
v -13.500 92.500 -40.000
v -13.500 92.500 -20.000
v -13.500 95.000 -40.000
v -13.500 95.000 -20.000
v -13.500 97.500 -40.000
v -13.500 97.500 -20.000
v -13.500 100.000 -40.000
v -13.500 100.000 -20.000
v -13.500 102.500 -40.000
v -13.500 102.500 -20.000
v -13.500 105.000 -40.000
v -13.500 105.000 -20.000
v -13.500 107.500 -40.000
v -13.500 107.500 -20.000
v -13.500 110.000 -40.000
v -13.500 110.000 -20.000
v -13.500 112.500 -40.000
v -13.500 112.500 -37.500
v -13.500 112.500 -35.000
v -13.500 112.500 -32.500
v -13.500 112.500 -30.000
v -13.500 112.500 -27.500
v -13.500 112.500 -25.000
v -13.500 112.500 -22.500
v -13.500 112.500 -20.000
v -11.000 45.000 -25.000
v -11.000 45.000 -22.500
v -11.000 47.500 -25.000
v -11.000 45.000 -20.000
v -11.000 45.000 -17.500
v -11.000 45.000 -15.000
v -11.000 45.000 -12.500
v -11.000 45.000 -10.000
v -11.000 45.000 -7.500
v -11.000 45.000 -5.000
v -11.000 45.000 -2.500
v -11.000 45.000 0.000
v -11.000 45.000 2.500
v -11.000 45.000 5.000
v -11.000 45.000 7.500
v -11.000 45.000 10.000
v -11.000 45.000 12.500
v -11.000 45.000 15.000
v -11.000 45.000 17.500
v -11.000 45.000 20.000
v -11.000 45.000 22.500
v -11.000 45.000 25.000
v -11.000 45.000 27.500
v -11.000 47.500 27.500
v -11.000 47.500 -40.000
v -11.000 47.500 -37.500
v -11.000 50.000 -40.000
v -11.000 47.500 -35.000
v -11.000 47.500 -32.500
v -11.000 47.500 -30.000
v -11.000 47.500 -27.500
v -11.000 50.000 -20.000
v -11.000 50.000 -17.500
v -11.000 50.000 -15.000
v -11.000 50.000 -12.500
v -11.000 50.000 -10.000
v -11.000 50.000 -7.500
v -11.000 50.000 -5.000
v -11.000 50.000 -2.500
v -11.000 50.000 0.000
v -11.000 50.000 2.500
v -11.000 50.000 5.000
v -11.000 50.000 7.500
v -11.000 50.000 10.000
v -11.000 50.000 12.500
v -11.000 50.000 15.000
v -11.000 50.000 17.500
v -11.000 50.000 20.000
v -11.000 50.000 22.500
v -11.000 50.000 25.000
v -11.000 50.000 27.500
v -11.000 52.500 -40.000
v -11.000 52.500 -20.000
v -11.000 55.000 -40.000
v -11.000 55.000 -20.000
v -11.000 57.500 -40.000
v -11.000 57.500 -20.000
v -11.000 60.000 -40.000
v -11.000 60.000 -20.000
v -11.000 62.500 -40.000
v -11.000 62.500 -20.000
v -11.000 65.000 -40.000
v -11.000 65.000 -20.000
v -11.000 67.500 -40.000
v -11.000 67.500 -20.000
v -11.000 70.000 -40.000
v -11.000 70.000 -20.000
v -11.000 72.500 -40.000
v -11.000 72.500 -20.000
v -11.000 75.000 -40.000
v -11.000 75.000 -20.000
v -11.000 77.500 -40.000
v -11.000 77.500 -20.000
v -11.000 80.000 -40.000
v -11.000 80.000 -20.000
v -11.000 82.500 -40.000
v -11.000 82.500 -20.000
v -11.000 85.000 -40.000
v -11.000 85.000 -20.000
v -11.000 87.500 -40.000
v -11.000 87.500 -20.000
v -11.000 90.000 -40.000
v -11.000 90.000 -20.000
v -11.000 92.500 -40.000
v -11.000 92.500 -20.000
v -11.000 95.000 -40.000
v -11.000 95.000 -20.000
v -11.000 97.500 -40.000
v -11.000 97.500 -20.000
v -11.000 100.000 -40.000
v -11.000 100.000 -20.000
v -11.000 102.500 -40.000
v -11.000 102.500 -20.000
v -11.000 105.000 -40.000
v -11.000 105.000 -20.000
v -11.000 107.500 -40.000
v -11.000 107.500 -20.000
v -11.000 110.000 -40.000
v -11.000 110.000 -20.000
v -11.000 112.500 -40.000
v -11.000 112.500 -37.500
v -11.000 112.500 -35.000
v -11.000 112.500 -32.500
v -11.000 112.500 -30.000
v -11.000 112.500 -27.500
v -11.000 112.500 -25.000
v -11.000 112.500 -22.500
v -11.000 112.500 -20.000
v -8.500 45.000 -25.000
v -8.500 45.000 -22.500
v -8.500 47.500 -25.000
v -8.500 45.000 -20.000
v -8.500 45.000 -17.500
v -8.500 45.000 -15.000
v -8.500 45.000 -12.500
v -8.500 45.000 -10.000
v -8.500 45.000 -7.500
v -8.500 45.000 -5.000
v -8.500 45.000 -2.500
v -8.500 45.000 0.000
v -8.500 45.000 2.500
v -8.500 45.000 5.000
v -8.500 45.000 7.500
v -8.500 45.000 10.000
v -8.500 45.000 12.500
v -8.500 45.000 15.000
v -8.500 45.000 17.500
v -8.500 45.000 20.000
v -8.500 45.000 22.500
v -8.500 45.000 25.000
v -8.500 45.000 27.500
v -8.500 47.500 27.500
v -8.500 47.500 -40.000
v -8.500 47.500 -37.500
v -8.500 50.000 -40.000
v -8.500 47.500 -35.000
v -8.500 47.500 -32.500
v -8.500 47.500 -30.000
v -8.500 47.500 -27.500
v -8.500 50.000 -20.000
v -8.500 50.000 -17.500
v -8.500 50.000 -15.000
v -8.500 50.000 -12.500
v -8.500 50.000 -10.000
v -8.500 50.000 -7.500
v -8.500 50.000 -5.000
v -8.500 50.000 -2.500
v -8.500 50.000 0.000
v -8.500 50.000 2.500
v -8.500 50.000 5.000
v -8.500 50.000 7.500
v -8.500 50.000 10.000
v -8.500 50.000 12.500
v -8.500 50.000 15.000
v -8.500 50.000 17.500
v -8.500 50.000 20.000
v -8.500 50.000 22.500
v -8.500 50.000 25.000
v -8.500 50.000 27.500
v -8.500 52.500 -40.000
v -8.500 52.500 -20.000
v -8.500 55.000 -40.000
v -8.500 55.000 -20.000
v -8.500 57.500 -40.000
v -8.500 57.500 -20.000
v -8.500 60.000 -40.000
v -8.500 60.000 -20.000
v -8.500 62.500 -40.000
v -8.500 62.500 -20.000
v -8.500 65.000 -40.000
v -8.500 65.000 -20.000
v -8.500 67.500 -40.000
v -8.500 67.500 -20.000
v -8.500 70.000 -40.000
v -8.500 70.000 -20.000
v -8.500 72.500 -40.000
v -8.500 72.500 -20.000
v -8.500 75.000 -40.000
v -8.500 75.000 -20.000
v -8.500 77.500 -40.000
v -8.500 77.500 -20.000
v -8.500 80.000 -40.000
v -8.500 80.000 -20.000
v -8.500 82.500 -40.000
v -8.500 82.500 -20.000
v -8.500 85.000 -40.000
v -8.500 85.000 -20.000
v -8.500 87.500 -40.000
v -8.500 87.500 -20.000
v -8.500 90.000 -40.000
v -8.500 90.000 -20.000
v -8.500 92.500 -40.000
v -8.500 92.500 -20.000
v -8.500 95.000 -40.000
v -8.500 95.000 -20.000
v -8.500 97.500 -40.000
v -8.500 97.500 -20.000
v -8.500 100.000 -40.000
v -8.500 100.000 -20.000
v -8.500 102.500 -40.000
v -8.500 102.500 -20.000
v -8.500 105.000 -40.000
v -8.500 105.000 -20.000
v -8.500 107.500 -40.000
v -8.500 107.500 -20.000
v -8.500 110.000 -40.000
v -8.500 110.000 -20.000
v -8.500 112.500 -40.000
v -8.500 112.500 -37.500
v -8.500 112.500 -35.000
v -8.500 112.500 -32.500
v -8.500 112.500 -30.000
v -8.500 112.500 -27.500
v -8.500 112.500 -25.000
v -8.500 112.500 -22.500
v -8.500 112.500 -20.000
v -6.000 45.000 -25.000
v -6.000 45.000 -22.500
v -6.000 47.500 -25.000
v -6.000 45.000 -20.000
v -6.000 45.000 -17.500
v -6.000 45.000 -15.000
v -6.000 45.000 -12.500
v -6.000 45.000 -10.000
v -6.000 45.000 -7.500
v -6.000 45.000 -5.000
v -6.000 45.000 -2.500
v -6.000 45.000 0.000
v -6.000 45.000 2.500
v -6.000 45.000 5.000
v -6.000 45.000 7.500
v -6.000 45.000 10.000
v -6.000 45.000 12.500
v -6.000 45.000 15.000
v -6.000 45.000 17.500
v -6.000 45.000 20.000
v -6.000 45.000 22.500
v -6.000 45.000 25.000
v -6.000 45.000 27.500
v -6.000 47.500 27.500
v -6.000 47.500 -40.000
v -6.000 47.500 -37.500
v -6.000 50.000 -40.000
v -6.000 47.500 -35.000
v -6.000 47.500 -32.500
v -6.000 47.500 -30.000
v -6.000 47.500 -27.500
v -6.000 50.000 -20.000
v -6.000 50.000 -17.500
v -6.000 50.000 -15.000
v -6.000 50.000 -12.500
v -6.000 50.000 -10.000
v -6.000 50.000 -7.500
v -6.000 50.000 -5.000
v -6.000 50.000 -2.500
v -6.000 50.000 0.000
v -6.000 50.000 2.500
v -6.000 50.000 5.000
v -6.000 50.000 7.500
v -6.000 50.000 10.000
v -6.000 50.000 12.500
v -6.000 50.000 15.000
v -6.000 50.000 17.500
v -6.000 50.000 20.000
v -6.000 50.000 22.500
v -6.000 50.000 25.000
v -6.000 50.000 27.500
v -6.000 52.500 -40.000
v -6.000 52.500 -20.000
v -6.000 55.000 -40.000
v -6.000 55.000 -20.000
v -6.000 57.500 -40.000
v -6.000 57.500 -20.000
v -6.000 60.000 -40.000
v -6.000 60.000 -20.000
v -6.000 62.500 -40.000
v -6.000 62.500 -20.000
v -6.000 65.000 -40.000
v -6.000 65.000 -20.000
v -6.000 67.500 -40.000
v -6.000 67.500 -20.000
v -6.000 70.000 -40.000
v -6.000 70.000 -20.000
v -6.000 72.500 -40.000
v -6.000 72.500 -20.000
v -6.000 75.000 -40.000
v -6.000 75.000 -20.000
v -6.000 77.500 -40.000
v -6.000 77.500 -20.000
v -6.000 80.000 -40.000
v -6.000 80.000 -20.000
v -6.000 82.500 -40.000
v -6.000 82.500 -20.000
v -6.000 85.000 -40.000
v -6.000 85.000 -20.000
v -6.000 87.500 -40.000
v -6.000 87.500 -20.000
v -6.000 90.000 -40.000
v -6.000 90.000 -20.000
v -6.000 92.500 -40.000
v -6.000 92.500 -20.000
v -6.000 95.000 -40.000
v -6.000 95.000 -20.000
v -6.000 97.500 -40.000
v -6.000 97.500 -20.000
v -6.000 100.000 -40.000
v -6.000 100.000 -20.000
v -6.000 102.500 -40.000
v -6.000 102.500 -20.000
v -6.000 105.000 -40.000
v -6.000 105.000 -20.000
v -6.000 107.500 -40.000
v -6.000 107.500 -20.000
v -6.000 110.000 -40.000
v -6.000 110.000 -20.000
v -6.000 112.500 -40.000
v -6.000 112.500 -37.500
v -6.000 112.500 -35.000
v -6.000 112.500 -32.500
v -6.000 112.500 -30.000
v -6.000 112.500 -27.500
v -6.000 112.500 -25.000
v -6.000 112.500 -22.500
v -6.000 112.500 -20.000
v -3.500 45.000 -25.000
v -3.500 45.000 -22.500
v -3.500 47.500 -25.000
v -3.500 45.000 -20.000
v -3.500 45.000 -17.500
v -3.500 45.000 -15.000
v -3.500 45.000 -12.500
v -3.500 45.000 -10.000
v -3.500 45.000 -7.500
v -3.500 45.000 -5.000
v -3.500 45.000 -2.500
v -3.500 45.000 0.000
v -3.500 45.000 2.500
v -3.500 45.000 5.000
v -3.500 45.000 7.500
v -3.500 45.000 10.000
v -3.500 45.000 12.500
v -3.500 45.000 15.000
v -3.500 45.000 17.500
v -3.500 45.000 20.000
v -3.500 45.000 22.500
v -3.500 45.000 25.000
v -3.500 45.000 27.500
v -3.500 47.500 27.500
v -3.500 47.500 -40.000
v -3.500 47.500 -37.500
v -3.500 50.000 -40.000
v -3.500 47.500 -35.000
v -3.500 47.500 -32.500
v -3.500 47.500 -30.000
v -3.500 47.500 -27.500
v -3.500 50.000 -20.000
v -3.500 50.000 -17.500
v -3.500 50.000 -15.000
v -3.500 50.000 -12.500
v -3.500 50.000 -10.000
v -3.500 50.000 -7.500
v -3.500 50.000 -5.000
v -3.500 50.000 -2.500
v -3.500 50.000 0.000
v -3.500 50.000 2.500
v -3.500 50.000 5.000
v -3.500 50.000 7.500
v -3.500 50.000 10.000
v -3.500 50.000 12.500
v -3.500 50.000 15.000
v -3.500 50.000 17.500
v -3.500 50.000 20.000
v -3.500 50.000 22.500
v -3.500 50.000 25.000
v -3.500 50.000 27.500
v -3.500 52.500 -40.000
v -3.500 52.500 -20.000
v -3.500 55.000 -40.000
v -3.500 55.000 -20.000
v -3.500 57.500 -40.000
v -3.500 57.500 -20.000
v -3.500 60.000 -40.000
v -3.500 60.000 -20.000
v -3.500 62.500 -40.000
v -3.500 62.500 -20.000
v -3.500 65.000 -40.000
v -3.500 65.000 -20.000
v -3.500 67.500 -40.000
v -3.500 67.500 -20.000
v -3.500 70.000 -40.000
v -3.500 70.000 -20.000
v -3.500 72.500 -40.000
v -3.500 72.500 -20.000
v -3.500 75.000 -40.000
v -3.500 75.000 -20.000
v -3.500 77.500 -40.000
v -3.500 77.500 -20.000
v -3.500 80.000 -40.000
v -3.500 80.000 -20.000
v -3.500 82.500 -40.000
v -3.500 82.500 -20.000
v -3.500 85.000 -40.000
v -3.500 85.000 -20.000
v -3.500 87.500 -40.000
v -3.500 87.500 -20.000
v -3.500 90.000 -40.000
v -3.500 90.000 -20.000
v -3.500 92.500 -40.000
v -3.500 92.500 -20.000
v -3.500 95.000 -40.000
v -3.500 95.000 -20.000
v -3.500 97.500 -40.000
v -3.500 97.500 -20.000
v -3.500 100.000 -40.000
v -3.500 100.000 -20.000
v -3.500 102.500 -40.000
v -3.500 102.500 -20.000
v -3.500 105.000 -40.000
v -3.500 105.000 -20.000
v -3.500 107.500 -40.000
v -3.500 107.500 -20.000
v -3.500 110.000 -40.000
v -3.500 110.000 -20.000
v -3.500 112.500 -40.000
v -3.500 112.500 -37.500
v -3.500 112.500 -35.000
v -3.500 112.500 -32.500
v -3.500 112.500 -30.000
v -3.500 112.500 -27.500
v -3.500 112.500 -25.000
v -3.500 112.500 -22.500
v -3.500 112.500 -20.000
v -1.000 45.000 -25.000
v -1.000 45.000 -22.500
v -1.000 47.500 -25.000
v -1.000 45.000 -20.000
v -1.000 45.000 -17.500
v -1.000 45.000 -15.000
v -1.000 45.000 -12.500
v -1.000 45.000 -10.000
v -1.000 45.000 -7.500
v -1.000 45.000 -5.000
v -1.000 45.000 -2.500
v -1.000 45.000 0.000
v -1.000 45.000 2.500
v -1.000 45.000 5.000
v -1.000 45.000 7.500
v -1.000 45.000 10.000
v -1.000 45.000 12.500
v -1.000 45.000 15.000
v -1.000 45.000 17.500
v -1.000 45.000 20.000
v -1.000 45.000 22.500
v -1.000 45.000 25.000
v -1.000 45.000 27.500
v -1.000 47.500 27.500
v -1.000 47.500 -40.000
v -1.000 47.500 -37.500
v -1.000 50.000 -40.000
v -1.000 47.500 -35.000
v -1.000 47.500 -32.500
v -1.000 47.500 -30.000
v -1.000 47.500 -27.500
v -1.000 50.000 -20.000
v -1.000 50.000 -17.500
v -1.000 50.000 -15.000
v -1.000 50.000 -12.500
v -1.000 50.000 -10.000
v -1.000 50.000 -7.500
v -1.000 50.000 -5.000
v -1.000 50.000 -2.500
v -1.000 50.000 0.000
v -1.000 50.000 2.500
v -1.000 50.000 5.000
v -1.000 50.000 7.500
v -1.000 50.000 10.000
v -1.000 50.000 12.500
v -1.000 50.000 15.000
v -1.000 50.000 17.500
v -1.000 50.000 20.000
v -1.000 50.000 22.500
v -1.000 50.000 25.000
v -1.000 50.000 27.500
v -1.000 52.500 -40.000
v -1.000 52.500 -20.000
v -1.000 55.000 -40.000
v -1.000 55.000 -20.000
v -1.000 57.500 -40.000
v -1.000 57.500 -20.000
v -1.000 60.000 -40.000
v -1.000 60.000 -20.000
v -1.000 62.500 -40.000
v -1.000 62.500 -20.000
v -1.000 65.000 -40.000
v -1.000 65.000 -20.000
v -1.000 67.500 -40.000
v -1.000 67.500 -20.000
v -1.000 70.000 -40.000
v -1.000 70.000 -20.000
v -1.000 72.500 -40.000
v -1.000 72.500 -20.000
v -1.000 75.000 -40.000
v -1.000 75.000 -20.000
v -1.000 77.500 -40.000
v -1.000 77.500 -20.000
v -1.000 80.000 -40.000
v -1.000 80.000 -20.000
v -1.000 82.500 -40.000
v -1.000 82.500 -20.000
v -1.000 85.000 -40.000
v -1.000 85.000 -20.000
v -1.000 87.500 -40.000
v -1.000 87.500 -20.000
v -1.000 90.000 -40.000
v -1.000 90.000 -20.000
v -1.000 92.500 -40.000
v -1.000 92.500 -20.000
v -1.000 95.000 -40.000
v -1.000 95.000 -20.000
v -1.000 97.500 -40.000
v -1.000 97.500 -20.000
v -1.000 100.000 -40.000
v -1.000 100.000 -20.000
v -1.000 102.500 -40.000
v -1.000 102.500 -20.000
v -1.000 105.000 -40.000
v -1.000 105.000 -20.000
v -1.000 107.500 -40.000
v -1.000 107.500 -20.000
v -1.000 110.000 -40.000
v -1.000 110.000 -20.000
v -1.000 112.500 -40.000
v -1.000 112.500 -37.500
v -1.000 112.500 -35.000
v -1.000 112.500 -32.500
v -1.000 112.500 -30.000
v -1.000 112.500 -27.500
v -1.000 112.500 -25.000
v -1.000 112.500 -22.500
v -1.000 112.500 -20.000
v 1.500 45.000 -25.000
v 1.500 45.000 -22.500
v 1.500 47.500 -25.000
v 1.500 45.000 -20.000
v 1.500 45.000 -17.500
v 1.500 45.000 -15.000
v 1.500 45.000 -12.500
v 1.500 45.000 -10.000
v 1.500 45.000 -7.500
v 1.500 45.000 -5.000
v 1.500 45.000 -2.500
v 1.500 45.000 0.000
v 1.500 45.000 2.500
v 1.500 45.000 5.000
v 1.500 45.000 7.500
v 1.500 45.000 10.000
v 1.500 45.000 12.500
v 1.500 45.000 15.000
v 1.500 45.000 17.500
v 1.500 45.000 20.000
v 1.500 45.000 22.500
v 1.500 45.000 25.000
v 1.500 45.000 27.500
v 1.500 47.500 27.500
v 1.500 47.500 -40.000
v 1.500 47.500 -37.500
v 1.500 50.000 -40.000
v 1.500 47.500 -35.000
v 1.500 47.500 -32.500
v 1.500 47.500 -30.000
v 1.500 47.500 -27.500
v 1.500 50.000 -20.000
v 1.500 50.000 -17.500
v 1.500 50.000 -15.000
v 1.500 50.000 -12.500
v 1.500 50.000 -10.000
v 1.500 50.000 -7.500
v 1.500 50.000 -5.000
v 1.500 50.000 -2.500
v 1.500 50.000 0.000
v 1.500 50.000 2.500
v 1.500 50.000 5.000
v 1.500 50.000 7.500
v 1.500 50.000 10.000
v 1.500 50.000 12.500
v 1.500 50.000 15.000
v 1.500 50.000 17.500
v 1.500 50.000 20.000
v 1.500 50.000 22.500
v 1.500 50.000 25.000
v 1.500 50.000 27.500
v 1.500 52.500 -40.000
v 1.500 52.500 -20.000
v 1.500 55.000 -40.000
v 1.500 55.000 -20.000
v 1.500 57.500 -40.000
v 1.500 57.500 -20.000
v 1.500 60.000 -40.000
v 1.500 60.000 -20.000
v 1.500 62.500 -40.000
v 1.500 62.500 -20.000
v 1.500 65.000 -40.000
v 1.500 65.000 -20.000
v 1.500 67.500 -40.000
v 1.500 67.500 -20.000
v 1.500 70.000 -40.000
v 1.500 70.000 -20.000
v 1.500 72.500 -40.000
v 1.500 72.500 -20.000
v 1.500 75.000 -40.000
v 1.500 75.000 -20.000
v 1.500 77.500 -40.000
v 1.500 77.500 -20.000
v 1.500 80.000 -40.000
v 1.500 80.000 -20.000
v 1.500 82.500 -40.000
v 1.500 82.500 -20.000
v 1.500 85.000 -40.000
v 1.500 85.000 -20.000
v 1.500 87.500 -40.000
v 1.500 87.500 -20.000
v 1.500 90.000 -40.000
v 1.500 90.000 -20.000
v 1.500 92.500 -40.000
v 1.500 92.500 -20.000
v 1.500 95.000 -40.000
v 1.500 95.000 -20.000
v 1.500 97.500 -40.000
v 1.500 97.500 -20.000
v 1.500 100.000 -40.000
v 1.500 100.000 -20.000
v 1.500 102.500 -40.000
v 1.500 102.500 -20.000
v 1.500 105.000 -40.000
v 1.500 105.000 -20.000
v 1.500 107.500 -40.000
v 1.500 107.500 -20.000
v 1.500 110.000 -40.000
v 1.500 110.000 -20.000
v 1.500 112.500 -40.000
v 1.500 112.500 -37.500
v 1.500 112.500 -35.000
v 1.500 112.500 -32.500
v 1.500 112.500 -30.000
v 1.500 112.500 -27.500
v 1.500 112.500 -25.000
v 1.500 112.500 -22.500
v 1.500 112.500 -20.000
v 4.000 45.000 -25.000
v 4.000 45.000 -22.500
v 4.000 47.500 -25.000
v 4.000 45.000 -20.000
v 4.000 45.000 -17.500
v 4.000 45.000 -15.000
v 4.000 45.000 -12.500
v 4.000 45.000 -10.000
v 4.000 45.000 -7.500
v 4.000 45.000 -5.000
v 4.000 45.000 -2.500
v 4.000 45.000 0.000
v 4.000 45.000 2.500
v 4.000 45.000 5.000
v 4.000 45.000 7.500
v 4.000 45.000 10.000
v 4.000 45.000 12.500
v 4.000 45.000 15.000
v 4.000 45.000 17.500
v 4.000 45.000 20.000
v 4.000 45.000 22.500
v 4.000 45.000 25.000
v 4.000 45.000 27.500
v 4.000 47.500 27.500
v 4.000 47.500 -40.000
v 4.000 47.500 -37.500
v 4.000 50.000 -40.000
v 4.000 47.500 -35.000
v 4.000 47.500 -32.500
v 4.000 47.500 -30.000
v 4.000 47.500 -27.500
v 4.000 50.000 -20.000
v 4.000 50.000 -17.500
v 4.000 50.000 -15.000
v 4.000 50.000 -12.500
v 4.000 50.000 -10.000
v 4.000 50.000 -7.500
v 4.000 50.000 -5.000
v 4.000 50.000 -2.500
v 4.000 50.000 0.000
v 4.000 50.000 2.500
v 4.000 50.000 5.000
v 4.000 50.000 7.500
v 4.000 50.000 10.000
v 4.000 50.000 12.500
v 4.000 50.000 15.000
v 4.000 50.000 17.500
v 4.000 50.000 20.000
v 4.000 50.000 22.500
v 4.000 50.000 25.000
v 4.000 50.000 27.500
v 4.000 52.500 -40.000
v 4.000 52.500 -20.000
v 4.000 55.000 -40.000
v 4.000 55.000 -20.000
v 4.000 57.500 -40.000
v 4.000 57.500 -20.000
v 4.000 60.000 -40.000
v 4.000 60.000 -20.000
v 4.000 62.500 -40.000
v 4.000 62.500 -20.000
v 4.000 65.000 -40.000
v 4.000 65.000 -20.000
v 4.000 67.500 -40.000
v 4.000 67.500 -20.000
v 4.000 70.000 -40.000
v 4.000 70.000 -20.000
v 4.000 72.500 -40.000
v 4.000 72.500 -20.000
v 4.000 75.000 -40.000
v 4.000 75.000 -20.000
v 4.000 77.500 -40.000
v 4.000 77.500 -20.000
v 4.000 80.000 -40.000
v 4.000 80.000 -20.000
v 4.000 82.500 -40.000
v 4.000 82.500 -20.000
v 4.000 85.000 -40.000
v 4.000 85.000 -20.000
v 4.000 87.500 -40.000
v 4.000 87.500 -20.000
v 4.000 90.000 -40.000
v 4.000 90.000 -20.000
v 4.000 92.500 -40.000
v 4.000 92.500 -20.000
v 4.000 95.000 -40.000
v 4.000 95.000 -20.000
v 4.000 97.500 -40.000
v 4.000 97.500 -20.000
v 4.000 100.000 -40.000
v 4.000 100.000 -20.000
v 4.000 102.500 -40.000
v 4.000 102.500 -20.000
v 4.000 105.000 -40.000
v 4.000 105.000 -20.000
v 4.000 107.500 -40.000
v 4.000 107.500 -20.000
v 4.000 110.000 -40.000
v 4.000 110.000 -20.000
v 4.000 112.500 -40.000
v 4.000 112.500 -37.500
v 4.000 112.500 -35.000
v 4.000 112.500 -32.500
v 4.000 112.500 -30.000
v 4.000 112.500 -27.500
v 4.000 112.500 -25.000
v 4.000 112.500 -22.500
v 4.000 112.500 -20.000
v 6.500 45.000 -25.000
v 6.500 45.000 -22.500
v 6.500 47.500 -25.000
v 6.500 45.000 -20.000
v 6.500 45.000 -17.500
v 6.500 45.000 -15.000
v 6.500 45.000 -12.500
v 6.500 45.000 -10.000
v 6.500 45.000 -7.500
v 6.500 45.000 -5.000
v 6.500 45.000 -2.500
v 6.500 45.000 0.000
v 6.500 45.000 2.500
v 6.500 45.000 5.000
v 6.500 45.000 7.500
v 6.500 45.000 10.000
v 6.500 45.000 12.500
v 6.500 45.000 15.000
v 6.500 45.000 17.500
v 6.500 45.000 20.000
v 6.500 45.000 22.500
v 6.500 45.000 25.000
v 6.500 45.000 27.500
v 6.500 47.500 27.500
v 6.500 47.500 -40.000
v 6.500 47.500 -37.500
v 6.500 50.000 -40.000
v 6.500 47.500 -35.000
v 6.500 47.500 -32.500
v 6.500 47.500 -30.000
v 6.500 47.500 -27.500
v 6.500 50.000 -20.000
v 6.500 50.000 -17.500
v 6.500 50.000 -15.000
v 6.500 50.000 -12.500
v 6.500 50.000 -10.000
v 6.500 50.000 -7.500
v 6.500 50.000 -5.000
v 6.500 50.000 -2.500
v 6.500 50.000 0.000
v 6.500 50.000 2.500
v 6.500 50.000 5.000
v 6.500 50.000 7.500
v 6.500 50.000 10.000
v 6.500 50.000 12.500
v 6.500 50.000 15.000
v 6.500 50.000 17.500
v 6.500 50.000 20.000
v 6.500 50.000 22.500
v 6.500 50.000 25.000
v 6.500 50.000 27.500
v 6.500 52.500 -40.000
v 6.500 52.500 -20.000
v 6.500 55.000 -40.000
v 6.500 55.000 -20.000
v 6.500 57.500 -40.000
v 6.500 57.500 -20.000
v 6.500 60.000 -40.000
v 6.500 60.000 -20.000
v 6.500 62.500 -40.000
v 6.500 62.500 -20.000
v 6.500 65.000 -40.000
v 6.500 65.000 -20.000
v 6.500 67.500 -40.000
v 6.500 67.500 -20.000
v 6.500 70.000 -40.000
v 6.500 70.000 -20.000
v 6.500 72.500 -40.000
v 6.500 72.500 -20.000
v 6.500 75.000 -40.000
v 6.500 75.000 -20.000
v 6.500 77.500 -40.000
v 6.500 77.500 -20.000
v 6.500 80.000 -40.000
v 6.500 80.000 -20.000
v 6.500 82.500 -40.000
v 6.500 82.500 -20.000
v 6.500 85.000 -40.000
v 6.500 85.000 -20.000
v 6.500 87.500 -40.000
v 6.500 87.500 -20.000
v 6.500 90.000 -40.000
v 6.500 90.000 -20.000
v 6.500 92.500 -40.000
v 6.500 92.500 -20.000
v 6.500 95.000 -40.000
v 6.500 95.000 -20.000
v 6.500 97.500 -40.000
v 6.500 97.500 -20.000
v 6.500 100.000 -40.000
v 6.500 100.000 -20.000
v 6.500 102.500 -40.000
v 6.500 102.500 -20.000
v 6.500 105.000 -40.000
v 6.500 105.000 -20.000
v 6.500 107.500 -40.000
v 6.500 107.500 -20.000
v 6.500 110.000 -40.000
v 6.500 110.000 -20.000
v 6.500 112.500 -40.000
v 6.500 112.500 -37.500
v 6.500 112.500 -35.000
v 6.500 112.500 -32.500
v 6.500 112.500 -30.000
v 6.500 112.500 -27.500
v 6.500 112.500 -25.000
v 6.500 112.500 -22.500
v 6.500 112.500 -20.000
v 9.000 45.000 -25.000
v 9.000 45.000 -22.500
v 9.000 47.500 -25.000
v 9.000 45.000 -20.000
v 9.000 45.000 -17.500
v 9.000 45.000 -15.000
v 9.000 45.000 -12.500
v 9.000 45.000 -10.000
v 9.000 45.000 -7.500
v 9.000 45.000 -5.000
v 9.000 45.000 -2.500
v 9.000 45.000 0.000
v 9.000 45.000 2.500
v 9.000 45.000 5.000
v 9.000 45.000 7.500
v 9.000 45.000 10.000
v 9.000 45.000 12.500
v 9.000 45.000 15.000
v 9.000 45.000 17.500
v 9.000 45.000 20.000
v 9.000 45.000 22.500
v 9.000 45.000 25.000
v 9.000 45.000 27.500
v 9.000 47.500 27.500
v 9.000 47.500 -40.000
v 9.000 47.500 -37.500
v 9.000 50.000 -40.000
v 9.000 47.500 -35.000
v 9.000 47.500 -32.500
v 9.000 47.500 -30.000
v 9.000 47.500 -27.500
v 9.000 50.000 -20.000
v 9.000 50.000 -17.500
v 9.000 50.000 -15.000
v 9.000 50.000 -12.500
v 9.000 50.000 -10.000
v 9.000 50.000 -7.500
v 9.000 50.000 -5.000
v 9.000 50.000 -2.500
v 9.000 50.000 0.000
v 9.000 50.000 2.500
v 9.000 50.000 5.000
v 9.000 50.000 7.500
v 9.000 50.000 10.000
v 9.000 50.000 12.500
v 9.000 50.000 15.000
v 9.000 50.000 17.500
v 9.000 50.000 20.000
v 9.000 50.000 22.500
v 9.000 50.000 25.000
v 9.000 50.000 27.500
v 9.000 52.500 -40.000
v 9.000 52.500 -20.000
v 9.000 55.000 -40.000
v 9.000 55.000 -20.000
v 9.000 57.500 -40.000
v 9.000 57.500 -20.000
v 9.000 60.000 -40.000
v 9.000 60.000 -20.000
v 9.000 62.500 -40.000
v 9.000 62.500 -20.000
v 9.000 65.000 -40.000
v 9.000 65.000 -20.000
v 9.000 67.500 -40.000
v 9.000 67.500 -20.000
v 9.000 70.000 -40.000
v 9.000 70.000 -20.000
v 9.000 72.500 -40.000
v 9.000 72.500 -20.000
v 9.000 75.000 -40.000
v 9.000 75.000 -20.000
v 9.000 77.500 -40.000
v 9.000 77.500 -20.000
v 9.000 80.000 -40.000
v 9.000 80.000 -20.000
v 9.000 82.500 -40.000
v 9.000 82.500 -20.000
v 9.000 85.000 -40.000
v 9.000 85.000 -20.000
v 9.000 87.500 -40.000
v 9.000 87.500 -20.000
v 9.000 90.000 -40.000
v 9.000 90.000 -20.000
v 9.000 92.500 -40.000
v 9.000 92.500 -20.000
v 9.000 95.000 -40.000
v 9.000 95.000 -20.000
v 9.000 97.500 -40.000
v 9.000 97.500 -20.000
v 9.000 100.000 -40.000
v 9.000 100.000 -20.000
v 9.000 102.500 -40.000
v 9.000 102.500 -20.000
v 9.000 105.000 -40.000
v 9.000 105.000 -20.000
v 9.000 107.500 -40.000
v 9.000 107.500 -20.000
v 9.000 110.000 -40.000
v 9.000 110.000 -20.000
v 9.000 112.500 -40.000
v 9.000 112.500 -37.500
v 9.000 112.500 -35.000
v 9.000 112.500 -32.500
v 9.000 112.500 -30.000
v 9.000 112.500 -27.500
v 9.000 112.500 -25.000
v 9.000 112.500 -22.500
v 9.000 112.500 -20.000
v 11.500 45.000 -25.000
v 11.500 45.000 -22.500
v 11.500 47.500 -25.000
v 11.500 45.000 -20.000
v 11.500 45.000 -17.500
v 11.500 45.000 -15.000
v 11.500 45.000 -12.500
v 11.500 45.000 -10.000
v 11.500 45.000 -7.500
v 11.500 45.000 -5.000
v 11.500 45.000 -2.500
v 11.500 45.000 0.000
v 11.500 45.000 2.500
v 11.500 45.000 5.000
v 11.500 45.000 7.500
v 11.500 45.000 10.000
v 11.500 45.000 12.500
v 11.500 45.000 15.000
v 11.500 45.000 17.500
v 11.500 45.000 20.000
v 11.500 45.000 22.500
v 11.500 45.000 25.000
v 11.500 45.000 27.500
v 11.500 47.500 27.500
v 11.500 47.500 -40.000
v 11.500 47.500 -37.500
v 11.500 50.000 -40.000
v 11.500 47.500 -35.000
v 11.500 47.500 -32.500
v 11.500 47.500 -30.000
v 11.500 47.500 -27.500
v 11.500 50.000 -20.000
v 11.500 50.000 -17.500
v 11.500 50.000 -15.000
v 11.500 50.000 -12.500
v 11.500 50.000 -10.000
v 11.500 50.000 -7.500
v 11.500 50.000 -5.000
v 11.500 50.000 -2.500
v 11.500 50.000 0.000
v 11.500 50.000 2.500
v 11.500 50.000 5.000
v 11.500 50.000 7.500
v 11.500 50.000 10.000
v 11.500 50.000 12.500
v 11.500 50.000 15.000
v 11.500 50.000 17.500
v 11.500 50.000 20.000
v 11.500 50.000 22.500
v 11.500 50.000 25.000
v 11.500 50.000 27.500
v 11.500 52.500 -40.000
v 11.500 52.500 -20.000
v 11.500 55.000 -40.000
v 11.500 55.000 -20.000
v 11.500 57.500 -40.000
v 11.500 57.500 -20.000
v 11.500 60.000 -40.000
v 11.500 60.000 -20.000
v 11.500 62.500 -40.000
v 11.500 62.500 -20.000
v 11.500 65.000 -40.000
v 11.500 65.000 -20.000
v 11.500 67.500 -40.000
v 11.500 67.500 -20.000
v 11.500 70.000 -40.000
v 11.500 70.000 -20.000
v 11.500 72.500 -40.000
v 11.500 72.500 -20.000
v 11.500 75.000 -40.000
v 11.500 75.000 -20.000
v 11.500 77.500 -40.000
v 11.500 77.500 -20.000
v 11.500 80.000 -40.000
v 11.500 80.000 -20.000
v 11.500 82.500 -40.000
v 11.500 82.500 -20.000
v 11.500 85.000 -40.000
v 11.500 85.000 -20.000
v 11.500 87.500 -40.000
v 11.500 87.500 -20.000
v 11.500 90.000 -40.000
v 11.500 90.000 -20.000
v 11.500 92.500 -40.000
v 11.500 92.500 -20.000
v 11.500 95.000 -40.000
v 11.500 95.000 -20.000
v 11.500 97.500 -40.000
v 11.500 97.500 -20.000
v 11.500 100.000 -40.000
v 11.500 100.000 -20.000
v 11.500 102.500 -40.000
v 11.500 102.500 -20.000
v 11.500 105.000 -40.000
v 11.500 105.000 -20.000
v 11.500 107.500 -40.000
v 11.500 107.500 -20.000
v 11.500 110.000 -40.000
v 11.500 110.000 -20.000
v 11.500 112.500 -40.000
v 11.500 112.500 -37.500
v 11.500 112.500 -35.000
v 11.500 112.500 -32.500
v 11.500 112.500 -30.000
v 11.500 112.500 -27.500
v 11.500 112.500 -25.000
v 11.500 112.500 -22.500
v 11.500 112.500 -20.000
v 14.000 45.000 -25.000
v 14.000 45.000 -22.500
v 14.000 47.500 -25.000
v 14.000 45.000 -20.000
v 14.000 45.000 -17.500
v 14.000 45.000 -15.000
v 14.000 45.000 -12.500
v 14.000 45.000 -10.000
v 14.000 45.000 -7.500
v 14.000 45.000 -5.000
v 14.000 45.000 -2.500
v 14.000 45.000 0.000
v 14.000 45.000 2.500
v 14.000 45.000 5.000
v 14.000 45.000 7.500
v 14.000 45.000 10.000
v 14.000 45.000 12.500
v 14.000 45.000 15.000
v 14.000 45.000 17.500
v 14.000 45.000 20.000
v 14.000 45.000 22.500
v 14.000 45.000 25.000
v 14.000 45.000 27.500
v 14.000 47.500 27.500
v 14.000 47.500 -40.000
v 14.000 47.500 -37.500
v 14.000 50.000 -40.000
v 14.000 47.500 -35.000
v 14.000 47.500 -32.500
v 14.000 47.500 -30.000
v 14.000 47.500 -27.500
v 14.000 50.000 -20.000
v 14.000 50.000 -17.500
v 14.000 50.000 -15.000
v 14.000 50.000 -12.500
v 14.000 50.000 -10.000
v 14.000 50.000 -7.500
v 14.000 50.000 -5.000
v 14.000 50.000 -2.500
v 14.000 50.000 0.000
v 14.000 50.000 2.500
v 14.000 50.000 5.000
v 14.000 50.000 7.500
v 14.000 50.000 10.000
v 14.000 50.000 12.500
v 14.000 50.000 15.000
v 14.000 50.000 17.500
v 14.000 50.000 20.000
v 14.000 50.000 22.500
v 14.000 50.000 25.000
v 14.000 50.000 27.500
v 14.000 52.500 -40.000
v 14.000 52.500 -20.000
v 14.000 55.000 -40.000
v 14.000 55.000 -20.000
v 14.000 57.500 -40.000
v 14.000 57.500 -20.000
v 14.000 60.000 -40.000
v 14.000 60.000 -20.000
v 14.000 62.500 -40.000
v 14.000 62.500 -20.000
v 14.000 65.000 -40.000
v 14.000 65.000 -20.000
v 14.000 67.500 -40.000
v 14.000 67.500 -20.000
v 14.000 70.000 -40.000
v 14.000 70.000 -20.000
v 14.000 72.500 -40.000
v 14.000 72.500 -20.000
v 14.000 75.000 -40.000
v 14.000 75.000 -20.000
v 14.000 77.500 -40.000
v 14.000 77.500 -20.000
v 14.000 80.000 -40.000
v 14.000 80.000 -20.000
v 14.000 82.500 -40.000
v 14.000 82.500 -20.000
v 14.000 85.000 -40.000
v 14.000 85.000 -20.000
v 14.000 87.500 -40.000
v 14.000 87.500 -20.000
v 14.000 90.000 -40.000
v 14.000 90.000 -20.000
v 14.000 92.500 -40.000
v 14.000 92.500 -20.000
v 14.000 95.000 -40.000
v 14.000 95.000 -20.000
v 14.000 97.500 -40.000
v 14.000 97.500 -20.000
v 14.000 100.000 -40.000
v 14.000 100.000 -20.000
v 14.000 102.500 -40.000
v 14.000 102.500 -20.000
v 14.000 105.000 -40.000
v 14.000 105.000 -20.000
v 14.000 107.500 -40.000
v 14.000 107.500 -20.000
v 14.000 110.000 -40.000
v 14.000 110.000 -20.000
v 14.000 112.500 -40.000
v 14.000 112.500 -37.500
v 14.000 112.500 -35.000
v 14.000 112.500 -32.500
v 14.000 112.500 -30.000
v 14.000 112.500 -27.500
v 14.000 112.500 -25.000
v 14.000 112.500 -22.500
v 14.000 112.500 -20.000
v 16.500 45.000 -25.000
v 16.500 45.000 -22.500
v 16.500 47.500 -25.000
v 16.500 45.000 -20.000
v 16.500 45.000 -17.500
v 16.500 45.000 -15.000
v 16.500 45.000 -12.500
v 16.500 45.000 -10.000
v 16.500 45.000 -7.500
v 16.500 45.000 -5.000
v 16.500 45.000 -2.500
v 16.500 45.000 0.000
v 16.500 45.000 2.500
v 16.500 45.000 5.000
v 16.500 45.000 7.500
v 16.500 45.000 10.000
v 16.500 45.000 12.500
v 16.500 45.000 15.000
v 16.500 45.000 17.500
v 16.500 45.000 20.000
v 16.500 45.000 22.500
v 16.500 45.000 25.000
v 16.500 45.000 27.500
v 16.500 47.500 27.500
v 16.500 47.500 -40.000
v 16.500 47.500 -37.500
v 16.500 50.000 -40.000
v 16.500 47.500 -35.000
v 16.500 47.500 -32.500
v 16.500 47.500 -30.000
v 16.500 47.500 -27.500
v 16.500 50.000 -20.000
v 16.500 50.000 -17.500
v 16.500 50.000 -15.000
v 16.500 50.000 -12.500
v 16.500 50.000 -10.000
v 16.500 50.000 -7.500
v 16.500 50.000 -5.000
v 16.500 50.000 -2.500
v 16.500 50.000 0.000
v 16.500 50.000 2.500
v 16.500 50.000 5.000
v 16.500 50.000 7.500
v 16.500 50.000 10.000
v 16.500 50.000 12.500
v 16.500 50.000 15.000
v 16.500 50.000 17.500
v 16.500 50.000 20.000
v 16.500 50.000 22.500
v 16.500 50.000 25.000
v 16.500 50.000 27.500
v 16.500 52.500 -40.000
v 16.500 52.500 -20.000
v 16.500 55.000 -40.000
v 16.500 55.000 -20.000
v 16.500 57.500 -40.000
v 16.500 57.500 -20.000
v 16.500 60.000 -40.000
v 16.500 60.000 -20.000
v 16.500 62.500 -40.000
v 16.500 62.500 -20.000
v 16.500 65.000 -40.000
v 16.500 65.000 -20.000
v 16.500 67.500 -40.000
v 16.500 67.500 -20.000
v 16.500 70.000 -40.000
v 16.500 70.000 -20.000
v 16.500 72.500 -40.000
v 16.500 72.500 -20.000
v 16.500 75.000 -40.000
v 16.500 75.000 -20.000
v 16.500 77.500 -40.000
v 16.500 77.500 -20.000
v 16.500 80.000 -40.000
v 16.500 80.000 -20.000
v 16.500 82.500 -40.000
v 16.500 82.500 -20.000
v 16.500 85.000 -40.000
v 16.500 85.000 -20.000
v 16.500 87.500 -40.000
v 16.500 87.500 -20.000
v 16.500 90.000 -40.000
v 16.500 90.000 -20.000
v 16.500 92.500 -40.000
v 16.500 92.500 -20.000
v 16.500 95.000 -40.000
v 16.500 95.000 -20.000
v 16.500 97.500 -40.000
v 16.500 97.500 -20.000
v 16.500 100.000 -40.000
v 16.500 100.000 -20.000
v 16.500 102.500 -40.000
v 16.500 102.500 -20.000
v 16.500 105.000 -40.000
v 16.500 105.000 -20.000
v 16.500 107.500 -40.000
v 16.500 107.500 -20.000
v 16.500 110.000 -40.000
v 16.500 110.000 -20.000
v 16.500 112.500 -40.000
v 16.500 112.500 -37.500
v 16.500 112.500 -35.000
v 16.500 112.500 -32.500
v 16.500 112.500 -30.000
v 16.500 112.500 -27.500
v 16.500 112.500 -25.000
v 16.500 112.500 -22.500
v 16.500 112.500 -20.000
v 19.000 45.000 -25.000
v 19.000 45.000 -22.500
v 19.000 47.500 -25.000
v 19.000 45.000 -20.000
v 19.000 45.000 -17.500
v 19.000 45.000 -15.000
v 19.000 45.000 -12.500
v 19.000 45.000 -10.000
v 19.000 45.000 -7.500
v 19.000 45.000 -5.000
v 19.000 45.000 -2.500
v 19.000 45.000 0.000
v 19.000 45.000 2.500
v 19.000 45.000 5.000
v 19.000 45.000 7.500
v 19.000 45.000 10.000
v 19.000 45.000 12.500
v 19.000 45.000 15.000
v 19.000 45.000 17.500
v 19.000 45.000 20.000
v 19.000 45.000 22.500
v 19.000 45.000 25.000
v 19.000 45.000 27.500
v 19.000 47.500 27.500
v 19.000 47.500 -40.000
v 19.000 47.500 -37.500
v 19.000 50.000 -40.000
v 19.000 47.500 -35.000
v 19.000 47.500 -32.500
v 19.000 47.500 -30.000
v 19.000 47.500 -27.500
v 19.000 50.000 -20.000
v 19.000 50.000 -17.500
v 19.000 50.000 -15.000
v 19.000 50.000 -12.500
v 19.000 50.000 -10.000
v 19.000 50.000 -7.500
v 19.000 50.000 -5.000
v 19.000 50.000 -2.500
v 19.000 50.000 0.000
v 19.000 50.000 2.500
v 19.000 50.000 5.000
v 19.000 50.000 7.500
v 19.000 50.000 10.000
v 19.000 50.000 12.500
v 19.000 50.000 15.000
v 19.000 50.000 17.500
v 19.000 50.000 20.000
v 19.000 50.000 22.500
v 19.000 50.000 25.000
v 19.000 50.000 27.500
v 19.000 52.500 -40.000
v 19.000 52.500 -20.000
v 19.000 55.000 -40.000
v 19.000 55.000 -20.000
v 19.000 57.500 -40.000
v 19.000 57.500 -20.000
v 19.000 60.000 -40.000
v 19.000 60.000 -20.000
v 19.000 62.500 -40.000
v 19.000 62.500 -20.000
v 19.000 65.000 -40.000
v 19.000 65.000 -20.000
v 19.000 67.500 -40.000
v 19.000 67.500 -20.000
v 19.000 70.000 -40.000
v 19.000 70.000 -20.000
v 19.000 72.500 -40.000
v 19.000 72.500 -20.000
v 19.000 75.000 -40.000
v 19.000 75.000 -20.000
v 19.000 77.500 -40.000
v 19.000 77.500 -20.000
v 19.000 80.000 -40.000
v 19.000 80.000 -20.000
v 19.000 82.500 -40.000
v 19.000 82.500 -20.000
v 19.000 85.000 -40.000
v 19.000 85.000 -20.000
v 19.000 87.500 -40.000
v 19.000 87.500 -20.000
v 19.000 90.000 -40.000
v 19.000 90.000 -20.000
v 19.000 92.500 -40.000
v 19.000 92.500 -20.000
v 19.000 95.000 -40.000
v 19.000 95.000 -20.000
v 19.000 97.500 -40.000
v 19.000 97.500 -20.000
v 19.000 100.000 -40.000
v 19.000 100.000 -20.000
v 19.000 102.500 -40.000
v 19.000 102.500 -20.000
v 19.000 105.000 -40.000
v 19.000 105.000 -20.000
v 19.000 107.500 -40.000
v 19.000 107.500 -20.000
v 19.000 110.000 -40.000
v 19.000 110.000 -20.000
v 19.000 112.500 -40.000
v 19.000 112.500 -37.500
v 19.000 112.500 -35.000
v 19.000 112.500 -32.500
v 19.000 112.500 -30.000
v 19.000 112.500 -27.500
v 19.000 112.500 -25.000
v 19.000 112.500 -22.500
v 19.000 112.500 -20.000
v 21.500 45.000 -25.000
v 21.500 45.000 -22.500
v 21.500 47.500 -25.000
v 21.500 45.000 -20.000
v 21.500 45.000 -17.500
v 21.500 45.000 -15.000
v 21.500 45.000 -12.500
v 21.500 45.000 -10.000
v 21.500 45.000 -7.500
v 21.500 45.000 -5.000
v 21.500 45.000 -2.500
v 21.500 45.000 0.000
v 21.500 45.000 2.500
v 21.500 45.000 5.000
v 21.500 45.000 7.500
v 21.500 45.000 10.000
v 21.500 45.000 12.500
v 21.500 45.000 15.000
v 21.500 45.000 17.500
v 21.500 45.000 20.000
v 21.500 45.000 22.500
v 21.500 45.000 25.000
v 21.500 45.000 27.500
v 21.500 47.500 27.500
v 21.500 47.500 -40.000
v 21.500 47.500 -37.500
v 21.500 50.000 -40.000
v 21.500 50.000 -37.500
v 21.500 47.500 -35.000
v 21.500 50.000 -35.000
v 21.500 47.500 -32.500
v 21.500 50.000 -32.500
v 21.500 47.500 -30.000
v 21.500 50.000 -30.000
v 21.500 47.500 -27.500
v 21.500 50.000 -27.500
v 21.500 50.000 -25.000
v 21.500 50.000 -20.000
v 21.500 50.000 -17.500
v 21.500 50.000 -15.000
v 21.500 50.000 -12.500
v 21.500 50.000 -10.000
v 21.500 50.000 -7.500
v 21.500 50.000 -5.000
v 21.500 50.000 -2.500
v 21.500 50.000 0.000
v 21.500 50.000 2.500
v 21.500 50.000 5.000
v 21.500 50.000 7.500
v 21.500 50.000 10.000
v 21.500 50.000 12.500
v 21.500 50.000 15.000
v 21.500 50.000 17.500
v 21.500 50.000 20.000
v 21.500 50.000 22.500
v 21.500 50.000 25.000
v 21.500 50.000 27.500
v 21.500 52.500 -40.000
v 21.500 52.500 -37.500
v 21.500 52.500 -35.000
v 21.500 52.500 -32.500
v 21.500 52.500 -30.000
v 21.500 52.500 -27.500
v 21.500 52.500 -25.000
v 21.500 50.000 -22.500
v 21.500 52.500 -22.500
v 21.500 52.500 -20.000
v 21.500 55.000 -40.000
v 21.500 55.000 -37.500
v 21.500 55.000 -35.000
v 21.500 55.000 -32.500
v 21.500 55.000 -30.000
v 21.500 55.000 -27.500
v 21.500 55.000 -25.000
v 21.500 55.000 -22.500
v 21.500 55.000 -20.000
v 21.500 57.500 -40.000
v 21.500 57.500 -37.500
v 21.500 57.500 -35.000
v 21.500 57.500 -32.500
v 21.500 57.500 -30.000
v 21.500 57.500 -27.500
v 21.500 57.500 -25.000
v 21.500 57.500 -22.500
v 21.500 57.500 -20.000
v 21.500 60.000 -40.000
v 21.500 60.000 -37.500
v 21.500 60.000 -35.000
v 21.500 60.000 -32.500
v 21.500 60.000 -30.000
v 21.500 60.000 -27.500
v 21.500 60.000 -25.000
v 21.500 60.000 -22.500
v 21.500 60.000 -20.000
v 21.500 62.500 -40.000
v 21.500 62.500 -37.500
v 21.500 62.500 -35.000
v 21.500 62.500 -32.500
v 21.500 62.500 -30.000
v 21.500 62.500 -27.500
v 21.500 62.500 -25.000
v 21.500 62.500 -22.500
v 21.500 62.500 -20.000
v 21.500 65.000 -40.000
v 21.500 65.000 -37.500
v 21.500 65.000 -35.000
v 21.500 65.000 -32.500
v 21.500 65.000 -30.000
v 21.500 65.000 -27.500
v 21.500 65.000 -25.000
v 21.500 65.000 -22.500
v 21.500 65.000 -20.000
v 21.500 67.500 -40.000
v 21.500 67.500 -37.500
v 21.500 67.500 -35.000
v 21.500 67.500 -32.500
v 21.500 67.500 -30.000
v 21.500 67.500 -27.500
v 21.500 67.500 -25.000
v 21.500 67.500 -22.500
v 21.500 67.500 -20.000
v 21.500 70.000 -40.000
v 21.500 70.000 -37.500
v 21.500 70.000 -35.000
v 21.500 70.000 -32.500
v 21.500 70.000 -30.000
v 21.500 70.000 -27.500
v 21.500 70.000 -25.000
v 21.500 70.000 -22.500
v 21.500 70.000 -20.000
v 21.500 72.500 -40.000
v 21.500 72.500 -37.500
v 21.500 72.500 -35.000
v 21.500 72.500 -32.500
v 21.500 72.500 -30.000
v 21.500 72.500 -27.500
v 21.500 72.500 -25.000
v 21.500 72.500 -22.500
v 21.500 72.500 -20.000
v 21.500 75.000 -40.000
v 21.500 75.000 -37.500
v 21.500 75.000 -35.000
v 21.500 75.000 -32.500
v 21.500 75.000 -30.000
v 21.500 75.000 -27.500
v 21.500 75.000 -25.000
v 21.500 75.000 -22.500
v 21.500 75.000 -20.000
v 21.500 77.500 -40.000
v 21.500 77.500 -37.500
v 21.500 77.500 -35.000
v 21.500 77.500 -32.500
v 21.500 77.500 -30.000
v 21.500 77.500 -27.500
v 21.500 77.500 -25.000
v 21.500 77.500 -22.500
v 21.500 77.500 -20.000
v 21.500 80.000 -40.000
v 21.500 80.000 -37.500
v 21.500 80.000 -35.000
v 21.500 80.000 -32.500
v 21.500 80.000 -30.000
v 21.500 80.000 -27.500
v 21.500 80.000 -25.000
v 21.500 80.000 -22.500
v 21.500 80.000 -20.000
v 21.500 82.500 -40.000
v 21.500 82.500 -37.500
v 21.500 82.500 -35.000
v 21.500 82.500 -32.500
v 21.500 82.500 -30.000
v 21.500 82.500 -27.500
v 21.500 82.500 -25.000
v 21.500 82.500 -22.500
v 21.500 82.500 -20.000
v 21.500 85.000 -40.000
v 21.500 85.000 -37.500
v 21.500 85.000 -35.000
v 21.500 85.000 -32.500
v 21.500 85.000 -30.000
v 21.500 85.000 -27.500
v 21.500 85.000 -25.000
v 21.500 85.000 -22.500
v 21.500 85.000 -20.000
v 21.500 87.500 -40.000
v 21.500 87.500 -37.500
v 21.500 87.500 -35.000
v 21.500 87.500 -32.500
v 21.500 87.500 -30.000
v 21.500 87.500 -27.500
v 21.500 87.500 -25.000
v 21.500 87.500 -22.500
v 21.500 87.500 -20.000
v 21.500 90.000 -40.000
v 21.500 90.000 -37.500
v 21.500 90.000 -35.000
v 21.500 90.000 -32.500
v 21.500 90.000 -30.000
v 21.500 90.000 -27.500
v 21.500 90.000 -25.000
v 21.500 90.000 -22.500
v 21.500 90.000 -20.000
v 21.500 92.500 -40.000
v 21.500 92.500 -37.500
v 21.500 92.500 -35.000
v 21.500 92.500 -32.500
v 21.500 92.500 -30.000
v 21.500 92.500 -27.500
v 21.500 92.500 -25.000
v 21.500 92.500 -22.500
v 21.500 92.500 -20.000
v 21.500 95.000 -40.000
v 21.500 95.000 -37.500
v 21.500 95.000 -35.000
v 21.500 95.000 -32.500
v 21.500 95.000 -30.000
v 21.500 95.000 -27.500
v 21.500 95.000 -25.000
v 21.500 95.000 -22.500
v 21.500 95.000 -20.000
v 21.500 97.500 -40.000
v 21.500 97.500 -37.500
v 21.500 97.500 -35.000
v 21.500 97.500 -32.500
v 21.500 97.500 -30.000
v 21.500 97.500 -27.500
v 21.500 97.500 -25.000
v 21.500 97.500 -22.500
v 21.500 97.500 -20.000
v 21.500 100.000 -40.000
v 21.500 100.000 -37.500
v 21.500 100.000 -35.000
v 21.500 100.000 -32.500
v 21.500 100.000 -30.000
v 21.500 100.000 -27.500
v 21.500 100.000 -25.000
v 21.500 100.000 -22.500
v 21.500 100.000 -20.000
v 21.500 102.500 -40.000
v 21.500 102.500 -37.500
v 21.500 102.500 -35.000
v 21.500 102.500 -32.500
v 21.500 102.500 -30.000
v 21.500 102.500 -27.500
v 21.500 102.500 -25.000
v 21.500 102.500 -22.500
v 21.500 102.500 -20.000
v 21.500 105.000 -40.000
v 21.500 105.000 -37.500
v 21.500 105.000 -35.000
v 21.500 105.000 -32.500
v 21.500 105.000 -30.000
v 21.500 105.000 -27.500
v 21.500 105.000 -25.000
v 21.500 105.000 -22.500
v 21.500 105.000 -20.000
v 21.500 107.500 -40.000
v 21.500 107.500 -37.500
v 21.500 107.500 -35.000
v 21.500 107.500 -32.500
v 21.500 107.500 -30.000
v 21.500 107.500 -27.500
v 21.500 107.500 -25.000
v 21.500 107.500 -22.500
v 21.500 107.500 -20.000
v 21.500 110.000 -40.000
v 21.500 110.000 -37.500
v 21.500 110.000 -35.000
v 21.500 110.000 -32.500
v 21.500 110.000 -30.000
v 21.500 110.000 -27.500
v 21.500 110.000 -25.000
v 21.500 110.000 -22.500
v 21.500 110.000 -20.000
v 21.500 112.500 -40.000
v 21.500 112.500 -37.500
v 21.500 112.500 -35.000
v 21.500 112.500 -32.500
v 21.500 112.500 -30.000
v 21.500 112.500 -27.500
v 21.500 112.500 -25.000
v 21.500 112.500 -22.500
v 21.500 112.500 -20.000
v 24.000 45.000 -25.000
v 24.000 45.000 -22.500
v 24.000 47.500 -25.000
v 24.000 45.000 -20.000
v 24.000 45.000 -17.500
v 24.000 45.000 -15.000
v 24.000 45.000 -12.500
v 24.000 45.000 -10.000
v 24.000 45.000 -7.500
v 24.000 45.000 -5.000
v 24.000 45.000 -2.500
v 24.000 45.000 0.000
v 24.000 45.000 2.500
v 24.000 45.000 5.000
v 24.000 45.000 7.500
v 24.000 45.000 10.000
v 24.000 45.000 12.500
v 24.000 45.000 15.000
v 24.000 45.000 17.500
v 24.000 45.000 20.000
v 24.000 45.000 22.500
v 24.000 45.000 25.000
v 24.000 45.000 27.500
v 24.000 47.500 27.500
v 24.000 50.000 -25.000
v 24.000 50.000 -22.500
v 24.000 50.000 -20.000
v 24.000 50.000 -17.500
v 24.000 50.000 -15.000
v 24.000 50.000 -12.500
v 24.000 50.000 -10.000
v 24.000 50.000 -7.500
v 24.000 50.000 -5.000
v 24.000 50.000 -2.500
v 24.000 50.000 0.000
v 24.000 50.000 2.500
v 24.000 50.000 5.000
v 24.000 50.000 7.500
v 24.000 50.000 10.000
v 24.000 50.000 12.500
v 24.000 50.000 15.000
v 24.000 50.000 17.500
v 24.000 50.000 20.000
v 24.000 50.000 22.500
v 24.000 50.000 25.000
v 24.000 50.000 27.500
v 24.000 0.000 -30.000
v 24.000 0.000 -27.500
v 24.000 2.500 -30.000
v 24.000 2.500 -27.500
v 26.500 0.000 -30.000
v 26.500 0.000 -27.500
v 26.500 2.500 -30.000
v 24.000 0.000 -25.000
v 24.000 2.500 -25.000
v 26.500 0.000 -25.000
v 24.000 0.000 -22.500
v 24.000 2.500 -22.500
v 26.500 0.000 -22.500
v 24.000 0.000 -20.000
v 24.000 2.500 -20.000
v 26.500 0.000 -20.000
v 24.000 0.000 -17.500
v 24.000 2.500 -17.500
v 26.500 0.000 -17.500
v 26.500 2.500 -17.500
v 24.000 0.000 17.500
v 24.000 0.000 20.000
v 24.000 2.500 17.500
v 24.000 2.500 20.000
v 26.500 0.000 17.500
v 26.500 0.000 20.000
v 26.500 2.500 17.500
v 24.000 0.000 22.500
v 24.000 2.500 22.500
v 26.500 0.000 22.500
v 24.000 0.000 25.000
v 24.000 2.500 25.000
v 26.500 0.000 25.000
v 24.000 0.000 27.500
v 24.000 2.500 27.500
v 26.500 0.000 27.500
v 24.000 0.000 30.000
v 24.000 2.500 30.000
v 26.500 0.000 30.000
v 26.500 2.500 30.000
v 24.000 5.000 -30.000
v 24.000 5.000 -27.500
v 26.500 5.000 -30.000
v 24.000 5.000 -25.000
v 24.000 5.000 -22.500
v 24.000 5.000 -20.000
v 24.000 5.000 -17.500
v 26.500 5.000 -17.500
v 24.000 5.000 17.500
v 24.000 5.000 20.000
v 26.500 5.000 17.500
v 24.000 5.000 22.500
v 24.000 5.000 25.000
v 24.000 5.000 27.500
v 24.000 5.000 30.000
v 26.500 5.000 30.000
v 24.000 7.500 -30.000
v 24.000 7.500 -27.500
v 26.500 7.500 -30.000
v 24.000 7.500 -25.000
v 24.000 7.500 -22.500
v 24.000 7.500 -20.000
v 24.000 7.500 -17.500
v 26.500 7.500 -17.500
v 24.000 7.500 17.500
v 24.000 7.500 20.000
v 26.500 7.500 17.500
v 24.000 7.500 22.500
v 24.000 7.500 25.000
v 24.000 7.500 27.500
v 24.000 7.500 30.000
v 26.500 7.500 30.000
v 24.000 10.000 -30.000
v 24.000 10.000 -27.500
v 26.500 10.000 -30.000
v 24.000 10.000 -25.000
v 24.000 10.000 -22.500
v 24.000 10.000 -20.000
v 24.000 10.000 -17.500
v 26.500 10.000 -17.500
v 24.000 10.000 17.500
v 24.000 10.000 20.000
v 26.500 10.000 17.500
v 24.000 10.000 22.500
v 24.000 10.000 25.000
v 24.000 10.000 27.500
v 24.000 10.000 30.000
v 26.500 10.000 30.000
v 24.000 12.500 -30.000
v 24.000 12.500 -27.500
v 26.500 12.500 -30.000
v 24.000 12.500 -25.000
v 24.000 12.500 -22.500
v 24.000 12.500 -20.000
v 24.000 12.500 -17.500
v 26.500 12.500 -17.500
v 24.000 12.500 17.500
v 24.000 12.500 20.000
v 26.500 12.500 17.500
v 24.000 12.500 22.500
v 24.000 12.500 25.000
v 24.000 12.500 27.500
v 24.000 12.500 30.000
v 26.500 12.500 30.000
v 24.000 15.000 -30.000
v 24.000 15.000 -27.500
v 26.500 15.000 -30.000
v 24.000 15.000 -25.000
v 24.000 15.000 -22.500
v 24.000 15.000 -20.000
v 24.000 15.000 -17.500
v 26.500 15.000 -17.500
v 24.000 15.000 17.500
v 24.000 15.000 20.000
v 26.500 15.000 17.500
v 24.000 15.000 22.500
v 24.000 15.000 25.000
v 24.000 15.000 27.500
v 24.000 15.000 30.000
v 26.500 15.000 30.000
v 24.000 17.500 -30.000
v 24.000 17.500 -27.500
v 26.500 17.500 -30.000
v 24.000 17.500 -25.000
v 24.000 17.500 -22.500
v 24.000 17.500 -20.000
v 24.000 17.500 -17.500
v 26.500 17.500 -17.500
v 24.000 17.500 17.500
v 24.000 17.500 20.000
v 26.500 17.500 17.500
v 24.000 17.500 22.500
v 24.000 17.500 25.000
v 24.000 17.500 27.500
v 24.000 17.500 30.000
v 26.500 17.500 30.000
v 24.000 20.000 -30.000
v 24.000 20.000 -27.500
v 26.500 20.000 -30.000
v 24.000 20.000 -25.000
v 24.000 20.000 -22.500
v 24.000 20.000 -20.000
v 24.000 20.000 -17.500
v 26.500 20.000 -17.500
v 24.000 20.000 17.500
v 24.000 20.000 20.000
v 26.500 20.000 17.500
v 24.000 20.000 22.500
v 24.000 20.000 25.000
v 24.000 20.000 27.500
v 24.000 20.000 30.000
v 26.500 20.000 30.000
v 24.000 22.500 -30.000
v 24.000 22.500 -27.500
v 26.500 22.500 -30.000
v 24.000 22.500 -25.000
v 24.000 22.500 -22.500
v 24.000 22.500 -20.000
v 24.000 22.500 -17.500
v 26.500 22.500 -17.500
v 24.000 22.500 17.500
v 24.000 22.500 20.000
v 26.500 22.500 17.500
v 24.000 22.500 22.500
v 24.000 22.500 25.000
v 24.000 22.500 27.500
v 24.000 22.500 30.000
v 26.500 22.500 30.000
v 24.000 25.000 -30.000
v 24.000 25.000 -27.500
v 26.500 25.000 -30.000
v 24.000 25.000 -25.000
v 24.000 25.000 -22.500
v 24.000 25.000 -20.000
v 24.000 25.000 -17.500
v 26.500 25.000 -17.500
v 24.000 25.000 17.500
v 24.000 25.000 20.000
v 26.500 25.000 17.500
v 24.000 25.000 22.500
v 24.000 25.000 25.000
v 24.000 25.000 27.500
v 24.000 25.000 30.000
v 26.500 25.000 30.000
v 24.000 27.500 -30.000
v 24.000 27.500 -27.500
v 26.500 27.500 -30.000
v 24.000 27.500 -25.000
v 24.000 27.500 -22.500
v 24.000 27.500 -20.000
v 24.000 27.500 -17.500
v 26.500 27.500 -17.500
v 24.000 27.500 17.500
v 24.000 27.500 20.000
v 26.500 27.500 17.500
v 24.000 27.500 22.500
v 24.000 27.500 25.000
v 24.000 27.500 27.500
v 24.000 27.500 30.000
v 26.500 27.500 30.000
v 24.000 30.000 -30.000
v 24.000 30.000 -27.500
v 26.500 30.000 -30.000
v 24.000 30.000 -25.000
v 24.000 30.000 -22.500
v 24.000 30.000 -20.000
v 24.000 30.000 -17.500
v 26.500 30.000 -17.500
v 24.000 30.000 17.500
v 24.000 30.000 20.000
v 26.500 30.000 17.500
v 24.000 30.000 22.500
v 24.000 30.000 25.000
v 24.000 30.000 27.500
v 24.000 30.000 30.000
v 26.500 30.000 30.000
v 24.000 32.500 -30.000
v 24.000 32.500 -27.500
v 26.500 32.500 -30.000
v 24.000 32.500 -25.000
v 24.000 32.500 -22.500
v 24.000 32.500 -20.000
v 24.000 32.500 -17.500
v 26.500 32.500 -17.500
v 24.000 32.500 17.500
v 24.000 32.500 20.000
v 26.500 32.500 17.500
v 24.000 32.500 22.500
v 24.000 32.500 25.000
v 24.000 32.500 27.500
v 24.000 32.500 30.000
v 26.500 32.500 30.000
v 24.000 35.000 -30.000
v 24.000 35.000 -27.500
v 26.500 35.000 -30.000
v 24.000 35.000 -25.000
v 24.000 35.000 -22.500
v 24.000 35.000 -20.000
v 24.000 35.000 -17.500
v 26.500 35.000 -17.500
v 24.000 35.000 17.500
v 24.000 35.000 20.000
v 26.500 35.000 17.500
v 24.000 35.000 22.500
v 24.000 35.000 25.000
v 24.000 35.000 27.500
v 24.000 35.000 30.000
v 26.500 35.000 30.000
v 24.000 37.500 -30.000
v 24.000 37.500 -27.500
v 26.500 37.500 -30.000
v 24.000 37.500 -25.000
v 24.000 37.500 -22.500
v 24.000 37.500 -20.000
v 24.000 37.500 -17.500
v 26.500 37.500 -17.500
v 24.000 37.500 17.500
v 24.000 37.500 20.000
v 26.500 37.500 17.500
v 24.000 37.500 22.500
v 24.000 37.500 25.000
v 24.000 37.500 27.500
v 24.000 37.500 30.000
v 26.500 37.500 30.000
v 24.000 40.000 -30.000
v 24.000 40.000 -27.500
v 26.500 40.000 -30.000
v 24.000 40.000 -25.000
v 24.000 40.000 -22.500
v 24.000 40.000 -20.000
v 24.000 40.000 -17.500
v 26.500 40.000 -17.500
v 24.000 40.000 17.500
v 24.000 40.000 20.000
v 26.500 40.000 17.500
v 24.000 40.000 22.500
v 24.000 40.000 25.000
v 24.000 40.000 27.500
v 24.000 40.000 30.000
v 26.500 40.000 30.000
v 24.000 42.500 -30.000
v 24.000 42.500 -27.500
v 26.500 42.500 -30.000
v 24.000 42.500 -25.000
v 24.000 42.500 -22.500
v 24.000 42.500 -20.000
v 24.000 42.500 -17.500
v 26.500 42.500 -17.500
v 24.000 42.500 17.500
v 24.000 42.500 20.000
v 26.500 42.500 17.500
v 24.000 42.500 22.500
v 24.000 42.500 25.000
v 24.000 42.500 27.500
v 24.000 42.500 30.000
v 26.500 42.500 30.000
v 24.000 45.000 -30.000
v 24.000 45.000 -27.500
v 26.500 45.000 -30.000
v 26.500 45.000 -17.500
v 26.500 45.000 17.500
v 24.000 45.000 30.000
v 26.500 45.000 30.000
v 24.000 47.500 -30.000
v 24.000 47.500 -27.500
v 26.500 47.500 -30.000
v 26.500 45.000 -15.000
v 26.500 45.000 -12.500
v 26.500 45.000 -10.000
v 26.500 45.000 -7.500
v 26.500 45.000 -5.000
v 26.500 45.000 -2.500
v 26.500 45.000 0.000
v 26.500 45.000 2.500
v 26.500 45.000 5.000
v 26.500 45.000 7.500
v 26.500 45.000 10.000
v 26.500 45.000 12.500
v 26.500 45.000 15.000
v 24.000 47.500 30.000
v 26.500 47.500 30.000
v 24.000 50.000 -30.000
v 24.000 50.000 -27.500
v 26.500 50.000 -30.000
v 26.500 50.000 -27.500
v 26.500 50.000 -25.000
v 26.500 50.000 -22.500
v 26.500 50.000 -20.000
v 26.500 50.000 -17.500
v 26.500 50.000 -15.000
v 26.500 50.000 -12.500
v 26.500 50.000 -10.000
v 26.500 50.000 -7.500
v 26.500 50.000 -5.000
v 26.500 50.000 -2.500
v 26.500 50.000 0.000
v 26.500 50.000 2.500
v 26.500 50.000 5.000
v 26.500 50.000 7.500
v 26.500 50.000 10.000
v 26.500 50.000 12.500
v 26.500 50.000 15.000
v 26.500 50.000 17.500
v 26.500 50.000 20.000
v 26.500 50.000 22.500
v 26.500 50.000 25.000
v 26.500 50.000 27.500
v 24.000 50.000 30.000
v 26.500 50.000 30.000
v 29.000 0.000 -30.000
v 29.000 0.000 -27.500
v 29.000 2.500 -30.000
v 29.000 0.000 -25.000
v 29.000 0.000 -22.500
v 29.000 0.000 -20.000
v 29.000 0.000 -17.500
v 29.000 2.500 -17.500
v 29.000 0.000 17.500
v 29.000 0.000 20.000
v 29.000 2.500 17.500
v 29.000 0.000 22.500
v 29.000 0.000 25.000
v 29.000 0.000 27.500
v 29.000 0.000 30.000
v 29.000 2.500 30.000
v 29.000 5.000 -30.000
v 29.000 5.000 -17.500
v 29.000 5.000 17.500
v 29.000 5.000 30.000
v 29.000 7.500 -30.000
v 29.000 7.500 -17.500
v 29.000 7.500 17.500
v 29.000 7.500 30.000
v 29.000 10.000 -30.000
v 29.000 10.000 -17.500
v 29.000 10.000 17.500
v 29.000 10.000 30.000
v 29.000 12.500 -30.000
v 29.000 12.500 -17.500
v 29.000 12.500 17.500
v 29.000 12.500 30.000
v 29.000 15.000 -30.000
v 29.000 15.000 -17.500
v 29.000 15.000 17.500
v 29.000 15.000 30.000
v 29.000 17.500 -30.000
v 29.000 17.500 -17.500
v 29.000 17.500 17.500
v 29.000 17.500 30.000
v 29.000 20.000 -30.000
v 29.000 20.000 -17.500
v 29.000 20.000 17.500
v 29.000 20.000 30.000
v 29.000 22.500 -30.000
v 29.000 22.500 -17.500
v 29.000 22.500 17.500
v 29.000 22.500 30.000
v 29.000 25.000 -30.000
v 29.000 25.000 -17.500
v 29.000 25.000 17.500
v 29.000 25.000 30.000
v 29.000 27.500 -30.000
v 29.000 27.500 -17.500
v 29.000 27.500 17.500
v 29.000 27.500 30.000
v 29.000 30.000 -30.000
v 29.000 30.000 -17.500
v 29.000 30.000 17.500
v 29.000 30.000 30.000
v 29.000 32.500 -30.000
v 29.000 32.500 -17.500
v 29.000 32.500 17.500
v 29.000 32.500 30.000
v 29.000 35.000 -30.000
v 29.000 35.000 -17.500
v 29.000 35.000 17.500
v 29.000 35.000 30.000
v 29.000 37.500 -30.000
v 29.000 37.500 -17.500
v 29.000 37.500 17.500
v 29.000 37.500 30.000
v 29.000 40.000 -30.000
v 29.000 40.000 -17.500
v 29.000 40.000 17.500
v 29.000 40.000 30.000
v 29.000 42.500 -30.000
v 29.000 42.500 -17.500
v 29.000 42.500 17.500
v 29.000 42.500 30.000
v 29.000 45.000 -30.000
v 29.000 45.000 -17.500
v 29.000 45.000 17.500
v 29.000 45.000 30.000
v 29.000 47.500 -30.000
v 29.000 45.000 -15.000
v 29.000 47.500 -17.500
v 29.000 47.500 -15.000
v 29.000 45.000 -12.500
v 29.000 47.500 -12.500
v 29.000 45.000 -10.000
v 29.000 47.500 -10.000
v 29.000 45.000 -7.500
v 29.000 47.500 -7.500
v 29.000 45.000 -5.000
v 29.000 47.500 -5.000
v 29.000 45.000 -2.500
v 29.000 47.500 -2.500
v 29.000 45.000 0.000
v 29.000 47.500 0.000
v 29.000 45.000 2.500
v 29.000 47.500 2.500
v 29.000 45.000 5.000
v 29.000 47.500 5.000
v 29.000 45.000 7.500
v 29.000 47.500 7.500
v 29.000 45.000 10.000
v 29.000 47.500 10.000
v 29.000 45.000 12.500
v 29.000 47.500 12.500
v 29.000 45.000 15.000
v 29.000 47.500 15.000
v 29.000 47.500 17.500
v 29.000 47.500 30.000
v 29.000 50.000 -30.000
v 29.000 50.000 -27.500
v 29.000 50.000 -25.000
v 29.000 50.000 -22.500
v 29.000 50.000 -20.000
v 29.000 50.000 -17.500
v 29.000 50.000 -15.000
v 29.000 50.000 -12.500
v 29.000 50.000 -10.000
v 29.000 50.000 -7.500
v 29.000 50.000 -5.000
v 29.000 50.000 -2.500
v 29.000 50.000 0.000
v 29.000 50.000 2.500
v 29.000 50.000 5.000
v 29.000 50.000 7.500
v 29.000 50.000 10.000
v 29.000 50.000 12.500
v 29.000 50.000 15.000
v 29.000 50.000 17.500
v 29.000 50.000 20.000
v 29.000 50.000 22.500
v 29.000 50.000 25.000
v 29.000 50.000 27.500
v 29.000 50.000 30.000
v 31.500 0.000 -30.000
v 31.500 0.000 -27.500
v 31.500 2.500 -30.000
v 31.500 2.500 -27.500
v 31.500 0.000 -25.000
v 31.500 2.500 -25.000
v 31.500 0.000 -22.500
v 31.500 2.500 -22.500
v 31.500 0.000 -20.000
v 31.500 2.500 -20.000
v 31.500 0.000 -17.500
v 31.500 2.500 -17.500
v 31.500 0.000 17.500
v 31.500 0.000 20.000
v 31.500 2.500 17.500
v 31.500 2.500 20.000
v 31.500 0.000 22.500
v 31.500 2.500 22.500
v 31.500 0.000 25.000
v 31.500 2.500 25.000
v 31.500 0.000 27.500
v 31.500 2.500 27.500
v 31.500 0.000 30.000
v 31.500 2.500 30.000
v 31.500 5.000 -30.000
v 31.500 5.000 -27.500
v 31.500 5.000 -25.000
v 31.500 5.000 -22.500
v 31.500 5.000 -20.000
v 31.500 5.000 -17.500
v 31.500 5.000 17.500
v 31.500 5.000 20.000
v 31.500 5.000 22.500
v 31.500 5.000 25.000
v 31.500 5.000 27.500
v 31.500 5.000 30.000
v 31.500 7.500 -30.000
v 31.500 7.500 -27.500
v 31.500 7.500 -25.000
v 31.500 7.500 -22.500
v 31.500 7.500 -20.000
v 31.500 7.500 -17.500
v 31.500 7.500 17.500
v 31.500 7.500 20.000
v 31.500 7.500 22.500
v 31.500 7.500 25.000
v 31.500 7.500 27.500
v 31.500 7.500 30.000
v 31.500 10.000 -30.000
v 31.500 10.000 -27.500
v 31.500 10.000 -25.000
v 31.500 10.000 -22.500
v 31.500 10.000 -20.000
v 31.500 10.000 -17.500
v 31.500 10.000 17.500
v 31.500 10.000 20.000
v 31.500 10.000 22.500
v 31.500 10.000 25.000
v 31.500 10.000 27.500
v 31.500 10.000 30.000
v 31.500 12.500 -30.000
v 31.500 12.500 -27.500
v 31.500 12.500 -25.000
v 31.500 12.500 -22.500
v 31.500 12.500 -20.000
v 31.500 12.500 -17.500
v 31.500 12.500 17.500
v 31.500 12.500 20.000
v 31.500 12.500 22.500
v 31.500 12.500 25.000
v 31.500 12.500 27.500
v 31.500 12.500 30.000
v 31.500 15.000 -30.000
v 31.500 15.000 -27.500
v 31.500 15.000 -25.000
v 31.500 15.000 -22.500
v 31.500 15.000 -20.000
v 31.500 15.000 -17.500
v 31.500 15.000 17.500
v 31.500 15.000 20.000
v 31.500 15.000 22.500
v 31.500 15.000 25.000
v 31.500 15.000 27.500
v 31.500 15.000 30.000
v 31.500 17.500 -30.000
v 31.500 17.500 -27.500
v 31.500 17.500 -25.000
v 31.500 17.500 -22.500
v 31.500 17.500 -20.000
v 31.500 17.500 -17.500
v 31.500 17.500 17.500
v 31.500 17.500 20.000
v 31.500 17.500 22.500
v 31.500 17.500 25.000
v 31.500 17.500 27.500
v 31.500 17.500 30.000
v 31.500 20.000 -30.000
v 31.500 20.000 -27.500
v 31.500 20.000 -25.000
v 31.500 20.000 -22.500
v 31.500 20.000 -20.000
v 31.500 20.000 -17.500
v 31.500 20.000 17.500
v 31.500 20.000 20.000
v 31.500 20.000 22.500
v 31.500 20.000 25.000
v 31.500 20.000 27.500
v 31.500 20.000 30.000
v 31.500 22.500 -30.000
v 31.500 22.500 -27.500
v 31.500 22.500 -25.000
v 31.500 22.500 -22.500
v 31.500 22.500 -20.000
v 31.500 22.500 -17.500
v 31.500 22.500 17.500
v 31.500 22.500 20.000
v 31.500 22.500 22.500
v 31.500 22.500 25.000
v 31.500 22.500 27.500
v 31.500 22.500 30.000
v 31.500 25.000 -30.000
v 31.500 25.000 -27.500
v 31.500 25.000 -25.000
v 31.500 25.000 -22.500
v 31.500 25.000 -20.000
v 31.500 25.000 -17.500
v 31.500 25.000 17.500
v 31.500 25.000 20.000
v 31.500 25.000 22.500
v 31.500 25.000 25.000
v 31.500 25.000 27.500
v 31.500 25.000 30.000
v 31.500 27.500 -30.000
v 31.500 27.500 -27.500
v 31.500 27.500 -25.000
v 31.500 27.500 -22.500
v 31.500 27.500 -20.000
v 31.500 27.500 -17.500
v 31.500 27.500 17.500
v 31.500 27.500 20.000
v 31.500 27.500 22.500
v 31.500 27.500 25.000
v 31.500 27.500 27.500
v 31.500 27.500 30.000
v 31.500 30.000 -30.000
v 31.500 30.000 -27.500
v 31.500 30.000 -25.000
v 31.500 30.000 -22.500
v 31.500 30.000 -20.000
v 31.500 30.000 -17.500
v 31.500 30.000 17.500
v 31.500 30.000 20.000
v 31.500 30.000 22.500
v 31.500 30.000 25.000
v 31.500 30.000 27.500
v 31.500 30.000 30.000
v 31.500 32.500 -30.000
v 31.500 32.500 -27.500
v 31.500 32.500 -25.000
v 31.500 32.500 -22.500
v 31.500 32.500 -20.000
v 31.500 32.500 -17.500
v 31.500 32.500 17.500
v 31.500 32.500 20.000
v 31.500 32.500 22.500
v 31.500 32.500 25.000
v 31.500 32.500 27.500
v 31.500 32.500 30.000
v 31.500 35.000 -30.000
v 31.500 35.000 -27.500
v 31.500 35.000 -25.000
v 31.500 35.000 -22.500
v 31.500 35.000 -20.000
v 31.500 35.000 -17.500
v 31.500 35.000 17.500
v 31.500 35.000 20.000
v 31.500 35.000 22.500
v 31.500 35.000 25.000
v 31.500 35.000 27.500
v 31.500 35.000 30.000
v 31.500 37.500 -30.000
v 31.500 37.500 -27.500
v 31.500 37.500 -25.000
v 31.500 37.500 -22.500
v 31.500 37.500 -20.000
v 31.500 37.500 -17.500
v 31.500 37.500 17.500
v 31.500 37.500 20.000
v 31.500 37.500 22.500
v 31.500 37.500 25.000
v 31.500 37.500 27.500
v 31.500 37.500 30.000
v 31.500 40.000 -30.000
v 31.500 40.000 -27.500
v 31.500 40.000 -25.000
v 31.500 40.000 -22.500
v 31.500 40.000 -20.000
v 31.500 40.000 -17.500
v 31.500 40.000 17.500
v 31.500 40.000 20.000
v 31.500 40.000 22.500
v 31.500 40.000 25.000
v 31.500 40.000 27.500
v 31.500 40.000 30.000
v 31.500 42.500 -30.000
v 31.500 42.500 -27.500
v 31.500 42.500 -25.000
v 31.500 42.500 -22.500
v 31.500 42.500 -20.000
v 31.500 42.500 -17.500
v 31.500 42.500 17.500
v 31.500 42.500 20.000
v 31.500 42.500 22.500
v 31.500 42.500 25.000
v 31.500 42.500 27.500
v 31.500 42.500 30.000
v 31.500 45.000 -30.000
v 31.500 45.000 -27.500
v 31.500 45.000 -25.000
v 31.500 45.000 -22.500
v 31.500 45.000 -20.000
v 31.500 45.000 -17.500
v 31.500 45.000 17.500
v 31.500 45.000 20.000
v 31.500 45.000 22.500
v 31.500 45.000 25.000
v 31.500 45.000 27.500
v 31.500 45.000 30.000
v 31.500 47.500 -30.000
v 31.500 47.500 -27.500
v 31.500 47.500 -25.000
v 31.500 47.500 -22.500
v 31.500 47.500 -20.000
v 31.500 47.500 -17.500
v 31.500 47.500 17.500
v 31.500 47.500 20.000
v 31.500 47.500 22.500
v 31.500 47.500 25.000
v 31.500 47.500 27.500
v 31.500 47.500 30.000
v 31.500 50.000 -30.000
v 31.500 50.000 -27.500
v 31.500 50.000 -25.000
v 31.500 50.000 -22.500
v 31.500 50.000 -20.000
v 31.500 50.000 -17.500
v 31.500 50.000 17.500
v 31.500 50.000 20.000
v 31.500 50.000 22.500
v 31.500 50.000 25.000
v 31.500 50.000 27.500
v 31.500 50.000 30.000
f 1 2 3
f 3 2 4
f 1 5 2
f 2 5 6
f 1 5 3
f 3 5 7
f 2 8 4
f 4 8 9
f 2 6 8
f 8 6 10
f 8 11 9
f 9 11 12
f 8 10 11
f 11 10 13
f 11 14 12
f 12 14 15
f 11 13 14
f 14 13 16
f 14 17 15
f 15 17 18
f 14 16 17
f 17 16 19
f 17 18 19
f 19 18 20
f 21 22 23
f 23 22 24
f 21 25 22
f 22 25 26
f 21 25 23
f 23 25 27
f 22 28 24
f 24 28 29
f 22 26 28
f 28 26 30
f 28 31 29
f 29 31 32
f 28 30 31
f 31 30 33
f 31 34 32
f 32 34 35
f 31 33 34
f 34 33 36
f 34 37 35
f 35 37 38
f 34 36 37
f 37 36 39
f 37 38 39
f 39 38 40
f 3 4 41
f 41 4 42
f 3 7 41
f 41 7 43
f 4 9 42
f 42 9 44
f 9 12 44
f 44 12 45
f 12 15 45
f 45 15 46
f 15 18 46
f 46 18 47
f 18 47 20
f 20 47 48
f 23 24 49
f 49 24 50
f 23 27 49
f 49 27 51
f 24 29 50
f 50 29 52
f 29 32 52
f 52 32 53
f 32 35 53
f 53 35 54
f 35 38 54
f 54 38 55
f 38 55 40
f 40 55 56
f 41 42 57
f 57 42 58
f 41 43 57
f 57 43 59
f 42 44 58
f 58 44 60
f 44 45 60
f 60 45 61
f 45 46 61
f 61 46 62
f 46 47 62
f 62 47 63
f 47 63 48
f 48 63 64
f 49 50 65
f 65 50 66
f 49 51 65
f 65 51 67
f 50 52 66
f 66 52 68
f 52 53 68
f 68 53 69
f 53 54 69
f 69 54 70
f 54 55 70
f 70 55 71
f 55 71 56
f 56 71 72
f 57 58 73
f 73 58 74
f 57 59 73
f 73 59 75
f 58 60 74
f 74 60 76
f 60 61 76
f 76 61 77
f 61 62 77
f 77 62 78
f 62 63 78
f 78 63 79
f 63 79 64
f 64 79 80
f 65 66 81
f 81 66 82
f 65 67 81
f 81 67 83
f 66 68 82
f 82 68 84
f 68 69 84
f 84 69 85
f 69 70 85
f 85 70 86
f 70 71 86
f 86 71 87
f 71 87 72
f 72 87 88
f 73 74 89
f 89 74 90
f 73 75 89
f 89 75 91
f 74 76 90
f 90 76 92
f 76 77 92
f 92 77 93
f 77 78 93
f 93 78 94
f 78 79 94
f 94 79 95
f 79 95 80
f 80 95 96
f 81 82 97
f 97 82 98
f 81 83 97
f 97 83 99
f 82 84 98
f 98 84 100
f 84 85 100
f 100 85 101
f 85 86 101
f 101 86 102
f 86 87 102
f 102 87 103
f 87 103 88
f 88 103 104
f 89 90 105
f 105 90 106
f 89 91 105
f 105 91 107
f 90 92 106
f 106 92 108
f 92 93 108
f 108 93 109
f 93 94 109
f 109 94 110
f 94 95 110
f 110 95 111
f 95 111 96
f 96 111 112
f 97 98 113
f 113 98 114
f 97 99 113
f 113 99 115
f 98 100 114
f 114 100 116
f 100 101 116
f 116 101 117
f 101 102 117
f 117 102 118
f 102 103 118
f 118 103 119
f 103 119 104
f 104 119 120
f 105 106 121
f 121 106 122
f 105 107 121
f 121 107 123
f 106 108 122
f 122 108 124
f 108 109 124
f 124 109 125
f 109 110 125
f 125 110 126
f 110 111 126
f 126 111 127
f 111 127 112
f 112 127 128
f 113 114 129
f 129 114 130
f 113 115 129
f 129 115 131
f 114 116 130
f 130 116 132
f 116 117 132
f 132 117 133
f 117 118 133
f 133 118 134
f 118 119 134
f 134 119 135
f 119 135 120
f 120 135 136
f 121 122 137
f 137 122 138
f 121 123 137
f 137 123 139
f 122 124 138
f 138 124 140
f 124 125 140
f 140 125 141
f 125 126 141
f 141 126 142
f 126 127 142
f 142 127 143
f 127 143 128
f 128 143 144
f 129 130 145
f 145 130 146
f 129 131 145
f 145 131 147
f 130 132 146
f 146 132 148
f 132 133 148
f 148 133 149
f 133 134 149
f 149 134 150
f 134 135 150
f 150 135 151
f 135 151 136
f 136 151 152
f 137 138 153
f 153 138 154
f 137 139 153
f 153 139 155
f 138 140 154
f 154 140 156
f 140 141 156
f 156 141 157
f 141 142 157
f 157 142 158
f 142 143 158
f 158 143 159
f 143 159 144
f 144 159 160
f 145 146 161
f 161 146 162
f 145 147 161
f 161 147 163
f 146 148 162
f 162 148 164
f 148 149 164
f 164 149 165
f 149 150 165
f 165 150 166
f 150 151 166
f 166 151 167
f 151 167 152
f 152 167 168
f 153 154 169
f 169 154 170
f 153 155 169
f 169 155 171
f 154 156 170
f 170 156 172
f 156 157 172
f 172 157 173
f 157 158 173
f 173 158 174
f 158 159 174
f 174 159 175
f 159 175 160
f 160 175 176
f 161 162 177
f 177 162 178
f 161 163 177
f 177 163 179
f 162 164 178
f 178 164 180
f 164 165 180
f 180 165 181
f 165 166 181
f 181 166 182
f 166 167 182
f 182 167 183
f 167 183 168
f 168 183 184
f 169 170 185
f 185 170 186
f 169 171 185
f 185 171 187
f 170 172 186
f 186 172 188
f 172 173 188
f 188 173 189
f 173 174 189
f 189 174 190
f 174 175 190
f 190 175 191
f 175 191 176
f 176 191 192
f 177 178 193
f 193 178 194
f 177 179 193
f 193 179 195
f 178 180 194
f 194 180 196
f 180 181 196
f 196 181 197
f 181 182 197
f 197 182 198
f 182 183 198
f 198 183 199
f 183 199 184
f 184 199 200
f 185 186 201
f 201 186 202
f 185 187 201
f 201 187 203
f 186 188 202
f 202 188 204
f 188 189 204
f 204 189 205
f 189 190 205
f 205 190 206
f 190 191 206
f 206 191 207
f 191 207 192
f 192 207 208
f 193 194 209
f 209 194 210
f 193 195 209
f 209 195 211
f 194 196 210
f 210 196 212
f 196 197 212
f 212 197 213
f 197 198 213
f 213 198 214
f 198 199 214
f 214 199 215
f 199 215 200
f 200 215 216
f 201 202 217
f 217 202 218
f 201 203 217
f 217 203 219
f 202 204 218
f 218 204 220
f 204 205 220
f 220 205 221
f 205 206 221
f 221 206 222
f 206 207 222
f 222 207 223
f 207 223 208
f 208 223 224
f 209 210 225
f 225 210 226
f 209 211 225
f 225 211 227
f 210 212 226
f 226 212 228
f 212 213 228
f 228 213 229
f 213 214 229
f 229 214 230
f 214 215 230
f 230 215 231
f 215 231 216
f 216 231 232
f 217 218 233
f 233 218 234
f 217 219 233
f 233 219 235
f 218 220 234
f 234 220 236
f 220 221 236
f 236 221 237
f 221 222 237
f 237 222 238
f 222 223 238
f 238 223 239
f 223 239 224
f 224 239 240
f 225 226 241
f 241 226 242
f 225 227 241
f 241 227 243
f 226 228 242
f 242 228 244
f 228 229 244
f 244 229 245
f 229 230 245
f 245 230 246
f 230 231 246
f 246 231 247
f 231 247 232
f 232 247 248
f 233 234 249
f 249 234 250
f 233 235 249
f 249 235 251
f 234 236 250
f 250 236 252
f 236 237 252
f 252 237 253
f 237 238 253
f 253 238 254
f 238 239 254
f 254 239 255
f 239 255 240
f 240 255 256
f 241 242 257
f 257 242 258
f 241 243 257
f 257 243 259
f 242 244 258
f 258 244 260
f 244 245 260
f 260 245 261
f 245 246 261
f 261 246 262
f 246 247 262
f 262 247 263
f 247 263 248
f 248 263 264
f 249 250 265
f 265 250 266
f 249 251 265
f 265 251 267
f 250 252 266
f 266 252 268
f 252 253 268
f 268 253 269
f 253 254 269
f 269 254 270
f 254 255 270
f 270 255 271
f 255 271 256
f 256 271 272
f 257 258 273
f 273 258 274
f 257 259 273
f 273 259 275
f 258 260 274
f 274 260 276
f 260 261 276
f 276 261 277
f 261 262 277
f 277 262 278
f 262 263 278
f 278 263 279
f 263 279 264
f 264 279 280
f 265 266 281
f 281 266 282
f 265 267 281
f 281 267 283
f 266 268 282
f 282 268 284
f 268 269 284
f 284 269 285
f 269 270 285
f 285 270 286
f 270 271 286
f 286 271 287
f 271 287 272
f 272 287 288
f 273 274 289
f 289 274 290
f 273 275 289
f 289 275 291
f 274 276 290
f 290 276 292
f 276 277 292
f 292 277 293
f 277 278 293
f 293 278 294
f 278 279 294
f 294 279 295
f 279 295 280
f 280 295 296
f 281 282 297
f 297 282 298
f 281 283 297
f 297 283 299
f 282 284 298
f 298 284 300
f 284 285 300
f 300 285 301
f 285 286 301
f 301 286 302
f 286 287 302
f 302 287 303
f 287 303 288
f 288 303 304
f 289 290 305
f 305 290 306
f 289 291 305
f 305 291 307
f 290 292 306
f 306 292 308
f 292 293 308
f 308 293 309
f 293 294 309
f 309 294 310
f 294 295 310
f 310 295 311
f 295 311 296
f 296 311 312
f 297 298 313
f 313 298 314
f 297 299 313
f 313 299 315
f 298 300 314
f 314 300 316
f 300 301 316
f 316 301 317
f 301 302 317
f 317 302 318
f 302 303 318
f 318 303 319
f 303 319 304
f 304 319 320
f 305 306 321
f 321 306 322
f 305 307 321
f 321 307 323
f 306 308 322
f 322 308 324
f 308 309 324
f 324 309 325
f 309 310 325
f 325 310 326
f 310 311 326
f 326 311 327
f 311 327 312
f 312 327 328
f 313 314 329
f 329 314 330
f 329 330 331
f 331 330 332
f 313 315 329
f 329 315 331
f 314 316 330
f 330 316 333
f 330 333 332
f 332 333 334
f 316 317 333
f 333 317 335
f 333 335 334
f 334 335 336
f 317 318 335
f 335 318 337
f 335 337 336
f 336 337 338
f 318 319 337
f 337 319 339
f 337 339 338
f 338 339 340
f 319 339 320
f 320 339 340
f 321 322 341
f 341 322 342
f 341 342 343
f 343 342 344
f 321 323 341
f 341 323 343
f 322 324 342
f 342 324 345
f 342 345 344
f 344 345 346
f 324 325 345
f 345 325 347
f 345 347 346
f 346 347 348
f 325 326 347
f 347 326 349
f 347 349 348
f 348 349 350
f 326 327 349
f 349 327 351
f 349 351 350
f 350 351 352
f 327 351 328
f 328 351 352
f 353 354 355
f 355 354 356
f 5 353 6
f 6 353 354
f 5 353 7
f 7 353 355
f 354 357 356
f 356 357 358
f 6 354 10
f 10 354 357
f 357 359 358
f 358 359 360
f 10 357 13
f 13 357 359
f 359 361 360
f 360 361 362
f 13 359 16
f 16 359 361
f 361 363 362
f 362 363 364
f 16 361 19
f 19 361 363
f 19 20 363
f 363 20 364
f 365 366 367
f 367 366 368
f 25 365 26
f 26 365 366
f 25 365 27
f 27 365 367
f 366 369 368
f 368 369 370
f 26 366 30
f 30 366 369
f 369 371 370
f 370 371 372
f 30 369 33
f 33 369 371
f 371 373 372
f 372 373 374
f 33 371 36
f 36 371 373
f 373 375 374
f 374 375 376
f 36 373 39
f 39 373 375
f 39 40 375
f 375 40 376
f 355 356 377
f 377 356 378
f 7 355 43
f 43 355 377
f 356 358 378
f 378 358 379
f 358 360 379
f 379 360 380
f 360 362 380
f 380 362 381
f 362 364 381
f 381 364 382
f 20 48 364
f 364 48 382
f 367 368 383
f 383 368 384
f 27 367 51
f 51 367 383
f 368 370 384
f 384 370 385
f 370 372 385
f 385 372 386
f 372 374 386
f 386 374 387
f 374 376 387
f 387 376 388
f 40 56 376
f 376 56 388
f 377 378 389
f 389 378 390
f 43 377 59
f 59 377 389
f 378 379 390
f 390 379 391
f 379 380 391
f 391 380 392
f 380 381 392
f 392 381 393
f 381 382 393
f 393 382 394
f 48 64 382
f 382 64 394
f 383 384 395
f 395 384 396
f 51 383 67
f 67 383 395
f 384 385 396
f 396 385 397
f 385 386 397
f 397 386 398
f 386 387 398
f 398 387 399
f 387 388 399
f 399 388 400
f 56 72 388
f 388 72 400
f 389 390 401
f 401 390 402
f 59 389 75
f 75 389 401
f 390 391 402
f 402 391 403
f 391 392 403
f 403 392 404
f 392 393 404
f 404 393 405
f 393 394 405
f 405 394 406
f 64 80 394
f 394 80 406
f 395 396 407
f 407 396 408
f 67 395 83
f 83 395 407
f 396 397 408
f 408 397 409
f 397 398 409
f 409 398 410
f 398 399 410
f 410 399 411
f 399 400 411
f 411 400 412
f 72 88 400
f 400 88 412
f 401 402 413
f 413 402 414
f 75 401 91
f 91 401 413
f 402 403 414
f 414 403 415
f 403 404 415
f 415 404 416
f 404 405 416
f 416 405 417
f 405 406 417
f 417 406 418
f 80 96 406
f 406 96 418
f 407 408 419
f 419 408 420
f 83 407 99
f 99 407 419
f 408 409 420
f 420 409 421
f 409 410 421
f 421 410 422
f 410 411 422
f 422 411 423
f 411 412 423
f 423 412 424
f 88 104 412
f 412 104 424
f 413 414 425
f 425 414 426
f 91 413 107
f 107 413 425
f 414 415 426
f 426 415 427
f 415 416 427
f 427 416 428
f 416 417 428
f 428 417 429
f 417 418 429
f 429 418 430
f 96 112 418
f 418 112 430
f 419 420 431
f 431 420 432
f 99 419 115
f 115 419 431
f 420 421 432
f 432 421 433
f 421 422 433
f 433 422 434
f 422 423 434
f 434 423 435
f 423 424 435
f 435 424 436
f 104 120 424
f 424 120 436
f 425 426 437
f 437 426 438
f 107 425 123
f 123 425 437
f 426 427 438
f 438 427 439
f 427 428 439
f 439 428 440
f 428 429 440
f 440 429 441
f 429 430 441
f 441 430 442
f 112 128 430
f 430 128 442
f 431 432 443
f 443 432 444
f 115 431 131
f 131 431 443
f 432 433 444
f 444 433 445
f 433 434 445
f 445 434 446
f 434 435 446
f 446 435 447
f 435 436 447
f 447 436 448
f 120 136 436
f 436 136 448
f 437 438 449
f 449 438 450
f 123 437 139
f 139 437 449
f 438 439 450
f 450 439 451
f 439 440 451
f 451 440 452
f 440 441 452
f 452 441 453
f 441 442 453
f 453 442 454
f 128 144 442
f 442 144 454
f 443 444 455
f 455 444 456
f 131 443 147
f 147 443 455
f 444 445 456
f 456 445 457
f 445 446 457
f 457 446 458
f 446 447 458
f 458 447 459
f 447 448 459
f 459 448 460
f 136 152 448
f 448 152 460
f 449 450 461
f 461 450 462
f 139 449 155
f 155 449 461
f 450 451 462
f 462 451 463
f 451 452 463
f 463 452 464
f 452 453 464
f 464 453 465
f 453 454 465
f 465 454 466
f 144 160 454
f 454 160 466
f 455 456 467
f 467 456 468
f 147 455 163
f 163 455 467
f 456 457 468
f 468 457 469
f 457 458 469
f 469 458 470
f 458 459 470
f 470 459 471
f 459 460 471
f 471 460 472
f 152 168 460
f 460 168 472
f 461 462 473
f 473 462 474
f 155 461 171
f 171 461 473
f 462 463 474
f 474 463 475
f 463 464 475
f 475 464 476
f 464 465 476
f 476 465 477
f 465 466 477
f 477 466 478
f 160 176 466
f 466 176 478
f 467 468 479
f 479 468 480
f 163 467 179
f 179 467 479
f 468 469 480
f 480 469 481
f 469 470 481
f 481 470 482
f 470 471 482
f 482 471 483
f 471 472 483
f 483 472 484
f 168 184 472
f 472 184 484
f 473 474 485
f 485 474 486
f 171 473 187
f 187 473 485
f 474 475 486
f 486 475 487
f 475 476 487
f 487 476 488
f 476 477 488
f 488 477 489
f 477 478 489
f 489 478 490
f 176 192 478
f 478 192 490
f 479 480 491
f 491 480 492
f 179 479 195
f 195 479 491
f 480 481 492
f 492 481 493
f 481 482 493
f 493 482 494
f 482 483 494
f 494 483 495
f 483 484 495
f 495 484 496
f 184 200 484
f 484 200 496
f 485 486 497
f 497 486 498
f 187 485 203
f 203 485 497
f 486 487 498
f 498 487 499
f 487 488 499
f 499 488 500
f 488 489 500
f 500 489 501
f 489 490 501
f 501 490 502
f 192 208 490
f 490 208 502
f 491 492 503
f 503 492 504
f 195 491 211
f 211 491 503
f 492 493 504
f 504 493 505
f 493 494 505
f 505 494 506
f 494 495 506
f 506 495 507
f 495 496 507
f 507 496 508
f 200 216 496
f 496 216 508
f 497 498 509
f 509 498 510
f 203 497 219
f 219 497 509
f 498 499 510
f 510 499 511
f 499 500 511
f 511 500 512
f 500 501 512
f 512 501 513
f 501 502 513
f 513 502 514
f 208 224 502
f 502 224 514
f 503 504 515
f 515 504 516
f 211 503 227
f 227 503 515
f 504 505 516
f 516 505 517
f 505 506 517
f 517 506 518
f 506 507 518
f 518 507 519
f 507 508 519
f 519 508 520
f 216 232 508
f 508 232 520
f 509 510 521
f 521 510 522
f 219 509 235
f 235 509 521
f 510 511 522
f 522 511 523
f 511 512 523
f 523 512 524
f 512 513 524
f 524 513 525
f 513 514 525
f 525 514 526
f 224 240 514
f 514 240 526
f 515 516 527
f 527 516 528
f 227 515 243
f 243 515 527
f 516 517 528
f 528 517 529
f 517 518 529
f 529 518 530
f 518 519 530
f 530 519 531
f 519 520 531
f 531 520 532
f 232 248 520
f 520 248 532
f 521 522 533
f 533 522 534
f 235 521 251
f 251 521 533
f 522 523 534
f 534 523 535
f 523 524 535
f 535 524 536
f 524 525 536
f 536 525 537
f 525 526 537
f 537 526 538
f 240 256 526
f 526 256 538
f 527 528 539
f 539 528 540
f 243 527 259
f 259 527 539
f 528 529 540
f 540 529 541
f 529 530 541
f 541 530 542
f 530 531 542
f 542 531 543
f 531 532 543
f 543 532 544
f 248 264 532
f 532 264 544
f 533 534 545
f 545 534 546
f 251 533 267
f 267 533 545
f 534 535 546
f 546 535 547
f 535 536 547
f 547 536 548
f 536 537 548
f 548 537 549
f 537 538 549
f 549 538 550
f 256 272 538
f 538 272 550
f 539 540 551
f 551 540 552
f 259 539 275
f 275 539 551
f 540 541 552
f 552 541 553
f 541 542 553
f 553 542 554
f 542 543 554
f 554 543 555
f 543 544 555
f 555 544 556
f 264 280 544
f 544 280 556
f 545 546 557
f 557 546 558
f 267 545 283
f 283 545 557
f 546 547 558
f 558 547 559
f 547 548 559
f 559 548 560
f 548 549 560
f 560 549 561
f 549 550 561
f 561 550 562
f 272 288 550
f 550 288 562
f 551 552 563
f 563 552 564
f 275 551 291
f 291 551 563
f 552 553 564
f 564 553 565
f 553 554 565
f 565 554 566
f 554 555 566
f 566 555 567
f 555 556 567
f 567 556 568
f 280 296 556
f 556 296 568
f 557 558 569
f 569 558 570
f 283 557 299
f 299 557 569
f 558 559 570
f 570 559 571
f 559 560 571
f 571 560 572
f 560 561 572
f 572 561 573
f 561 562 573
f 573 562 574
f 288 304 562
f 562 304 574
f 563 564 575
f 575 564 576
f 291 563 307
f 307 563 575
f 564 565 576
f 576 565 577
f 565 566 577
f 577 566 578
f 566 567 578
f 578 567 579
f 567 568 579
f 579 568 580
f 296 312 568
f 568 312 580
f 569 570 581
f 581 570 582
f 299 569 315
f 315 569 581
f 570 571 582
f 582 571 583
f 304 584 320
f 320 584 585
f 304 574 584
f 584 574 586
f 584 587 585
f 585 587 588
f 584 586 587
f 587 586 589
f 587 590 588
f 588 590 591
f 587 589 590
f 590 589 592
f 590 593 591
f 591 593 594
f 590 592 593
f 593 592 595
f 593 596 594
f 594 596 597
f 593 595 596
f 596 595 598
f 596 599 597
f 597 599 600
f 596 598 599
f 599 598 601
f 599 602 600
f 600 602 603
f 599 601 602
f 602 601 604
f 602 605 603
f 603 605 606
f 602 604 605
f 605 604 607
f 605 608 606
f 606 608 609
f 605 607 608
f 608 607 610
f 608 611 609
f 609 611 612
f 608 610 611
f 611 610 613
f 611 614 612
f 612 614 615
f 611 613 614
f 614 613 616
f 614 617 615
f 615 617 618
f 614 616 617
f 617 616 619
f 617 620 618
f 618 620 621
f 617 619 620
f 620 619 622
f 620 307 621
f 621 307 323
f 620 622 307
f 307 622 575
f 579 580 623
f 623 580 624
f 312 328 580
f 580 328 624
f 581 582 625
f 625 582 626
f 331 332 625
f 625 332 626
f 315 581 331
f 331 581 625
f 582 583 626
f 626 583 627
f 332 334 626
f 626 334 627
f 334 336 627
f 627 336 628
f 336 338 628
f 628 338 629
f 338 340 629
f 629 340 630
f 320 585 340
f 340 585 631
f 340 631 630
f 630 631 632
f 585 588 631
f 631 588 633
f 631 633 632
f 632 633 634
f 588 591 633
f 633 591 635
f 633 635 634
f 634 635 636
f 591 594 635
f 635 594 637
f 635 637 636
f 636 637 638
f 594 597 637
f 637 597 639
f 637 639 638
f 638 639 640
f 597 600 639
f 639 600 641
f 639 641 640
f 640 641 642
f 600 603 641
f 641 603 643
f 641 643 642
f 642 643 644
f 603 606 643
f 643 606 645
f 643 645 644
f 644 645 646
f 606 609 645
f 645 609 647
f 645 647 646
f 646 647 648
f 609 612 647
f 647 612 649
f 647 649 648
f 648 649 650
f 612 615 649
f 649 615 651
f 649 651 650
f 650 651 652
f 615 618 651
f 651 618 653
f 651 653 652
f 652 653 654
f 618 621 653
f 653 621 655
f 653 655 654
f 654 655 656
f 621 323 655
f 655 323 343
f 655 343 656
f 656 343 657
f 343 344 657
f 657 344 658
f 344 346 658
f 658 346 659
f 346 348 659
f 659 348 660
f 348 350 660
f 660 350 661
f 623 624 661
f 661 624 662
f 350 352 661
f 661 352 662
f 328 352 624
f 624 352 662
f 571 663 572
f 572 663 664
f 571 663 583
f 583 663 665
f 572 664 573
f 573 664 666
f 573 666 574
f 574 666 667
f 574 667 586
f 586 667 668
f 586 668 589
f 589 668 669
f 589 669 592
f 592 669 670
f 592 670 595
f 595 670 671
f 595 671 598
f 598 671 672
f 598 672 601
f 601 672 673
f 601 673 604
f 604 673 674
f 604 674 607
f 607 674 675
f 607 675 610
f 610 675 676
f 610 676 613
f 613 676 677
f 613 677 616
f 616 677 678
f 616 678 619
f 619 678 679
f 619 679 622
f 622 679 680
f 622 680 575
f 575 680 681
f 575 681 576
f 576 681 682
f 576 682 577
f 577 682 683
f 577 683 578
f 578 683 684
f 578 684 579
f 579 684 685
f 579 623 685
f 685 623 686
f 627 628 687
f 687 628 688
f 583 665 627
f 627 665 687
f 628 629 688
f 688 629 689
f 629 630 689
f 689 630 690
f 630 632 690
f 690 632 691
f 632 634 691
f 691 634 692
f 634 636 692
f 692 636 693
f 636 638 693
f 693 638 694
f 638 640 694
f 694 640 695
f 640 642 695
f 695 642 696
f 642 644 696
f 696 644 697
f 644 646 697
f 697 646 698
f 646 648 698
f 698 648 699
f 648 650 699
f 699 650 700
f 650 652 700
f 700 652 701
f 652 654 701
f 701 654 702
f 654 656 702
f 702 656 703
f 656 657 703
f 703 657 704
f 657 658 704
f 704 658 705
f 658 659 705
f 705 659 706
f 659 660 706
f 706 660 707
f 660 661 707
f 707 661 708
f 623 661 686
f 686 661 708
f 663 709 664
f 664 709 710
f 663 709 665
f 665 709 711
f 664 710 666
f 666 710 712
f 666 712 667
f 667 712 713
f 667 713 668
f 668 713 714
f 668 714 669
f 669 714 715
f 669 715 670
f 670 715 716
f 670 716 671
f 671 716 717
f 671 717 672
f 672 717 718
f 672 718 673
f 673 718 719
f 673 719 674
f 674 719 720
f 674 720 675
f 675 720 721
f 675 721 676
f 676 721 722
f 676 722 677
f 677 722 723
f 677 723 678
f 678 723 724
f 678 724 679
f 679 724 725
f 679 725 680
f 680 725 726
f 680 726 681
f 681 726 727
f 681 727 682
f 682 727 728
f 682 728 683
f 683 728 729
f 683 729 684
f 684 729 730
f 684 730 685
f 685 730 731
f 685 686 731
f 731 686 732
f 687 688 733
f 733 688 734
f 665 711 687
f 687 711 733
f 688 689 734
f 734 689 735
f 689 690 735
f 735 690 736
f 690 691 736
f 736 691 737
f 691 692 737
f 737 692 738
f 692 693 738
f 738 693 739
f 693 694 739
f 739 694 740
f 694 695 740
f 740 695 741
f 695 696 741
f 741 696 742
f 696 697 742
f 742 697 743
f 697 698 743
f 743 698 744
f 698 699 744
f 744 699 745
f 699 700 745
f 745 700 746
f 700 701 746
f 746 701 747
f 701 702 747
f 747 702 748
f 702 703 748
f 748 703 749
f 703 704 749
f 749 704 750
f 704 705 750
f 750 705 751
f 705 706 751
f 751 706 752
f 706 707 752
f 752 707 753
f 707 708 753
f 753 708 754
f 686 708 732
f 732 708 754
f 709 755 710
f 710 755 756
f 709 755 711
f 711 755 757
f 710 756 712
f 712 756 758
f 712 758 713
f 713 758 759
f 713 759 714
f 714 759 760
f 714 760 715
f 715 760 761
f 715 761 716
f 716 761 762
f 716 762 717
f 717 762 763
f 717 763 718
f 718 763 764
f 718 764 719
f 719 764 765
f 719 765 720
f 720 765 766
f 720 766 721
f 721 766 767
f 721 767 722
f 722 767 768
f 722 768 723
f 723 768 769
f 723 769 724
f 724 769 770
f 724 770 725
f 725 770 771
f 725 771 726
f 726 771 772
f 726 772 727
f 727 772 773
f 727 773 728
f 728 773 774
f 728 774 729
f 729 774 775
f 729 775 730
f 730 775 776
f 730 776 731
f 731 776 777
f 731 732 777
f 777 732 778
f 779 780 781
f 781 780 782
f 779 783 780
f 780 783 784
f 779 783 781
f 781 783 785
f 780 786 782
f 782 786 787
f 780 784 786
f 786 784 788
f 786 789 787
f 787 789 790
f 786 788 789
f 789 788 791
f 789 792 790
f 790 792 793
f 789 791 792
f 792 791 794
f 792 795 793
f 793 795 796
f 792 794 795
f 795 794 797
f 795 711 796
f 796 711 733
f 795 797 711
f 711 797 757
f 735 736 798
f 798 736 799
f 736 737 799
f 799 737 800
f 737 738 800
f 800 738 801
f 738 739 801
f 801 739 802
f 739 740 802
f 802 740 803
f 740 741 803
f 803 741 804
f 741 742 804
f 804 742 805
f 742 743 805
f 805 743 806
f 743 744 806
f 806 744 807
f 744 745 807
f 807 745 808
f 745 746 808
f 808 746 809
f 746 747 809
f 809 747 810
f 747 748 810
f 810 748 811
f 748 749 811
f 811 749 812
f 749 750 812
f 812 750 813
f 750 751 813
f 813 751 814
f 751 752 814
f 814 752 815
f 752 753 815
f 815 753 816
f 753 754 816
f 816 754 817
f 732 754 778
f 778 754 817
f 781 782 818
f 818 782 819
f 781 785 818
f 818 785 820
f 782 787 819
f 819 787 821
f 787 790 821
f 821 790 822
f 790 793 822
f 822 793 823
f 793 796 823
f 823 796 824
f 796 733 824
f 824 733 825
f 733 734 825
f 825 734 826
f 734 735 826
f 826 735 827
f 735 827 798
f 798 827 828
f 818 819 829
f 829 819 830
f 818 820 829
f 829 820 831
f 819 821 830
f 830 821 832
f 821 822 832
f 832 822 833
f 822 823 833
f 833 823 834
f 823 824 834
f 834 824 835
f 824 825 835
f 835 825 836
f 825 826 836
f 836 826 837
f 826 827 837
f 837 827 838
f 827 838 828
f 828 838 839
f 829 830 840
f 840 830 841
f 829 831 840
f 840 831 842
f 830 832 841
f 841 832 843
f 832 833 843
f 843 833 844
f 833 834 844
f 844 834 845
f 834 835 845
f 845 835 846
f 835 836 846
f 846 836 847
f 836 837 847
f 847 837 848
f 837 838 848
f 848 838 849
f 838 849 839
f 839 849 850
f 840 841 851
f 851 841 852
f 840 842 851
f 851 842 853
f 841 843 852
f 852 843 854
f 843 844 854
f 854 844 855
f 844 845 855
f 855 845 856
f 845 846 856
f 856 846 857
f 846 847 857
f 857 847 858
f 847 848 858
f 858 848 859
f 848 849 859
f 859 849 860
f 849 860 850
f 850 860 861
f 851 852 862
f 862 852 863
f 851 853 862
f 862 853 864
f 852 854 863
f 863 854 865
f 854 855 865
f 865 855 866
f 855 856 866
f 866 856 867
f 856 857 867
f 867 857 868
f 857 858 868
f 868 858 869
f 858 859 869
f 869 859 870
f 859 860 870
f 870 860 871
f 860 871 861
f 861 871 872
f 862 863 873
f 873 863 874
f 862 864 873
f 873 864 875
f 863 865 874
f 874 865 876
f 865 866 876
f 876 866 877
f 866 867 877
f 877 867 878
f 867 868 878
f 878 868 879
f 868 869 879
f 879 869 880
f 869 870 880
f 880 870 881
f 870 871 881
f 881 871 882
f 871 882 872
f 872 882 883
f 873 874 884
f 884 874 885
f 873 875 884
f 884 875 886
f 874 876 885
f 885 876 887
f 876 877 887
f 887 877 888
f 877 878 888
f 888 878 889
f 878 879 889
f 889 879 890
f 879 880 890
f 890 880 891
f 880 881 891
f 891 881 892
f 881 882 892
f 892 882 893
f 882 893 883
f 883 893 894
f 884 885 895
f 895 885 896
f 884 886 895
f 895 886 897
f 885 887 896
f 896 887 898
f 887 888 898
f 898 888 899
f 888 889 899
f 899 889 900
f 889 890 900
f 900 890 901
f 890 891 901
f 901 891 902
f 891 892 902
f 902 892 903
f 892 893 903
f 903 893 904
f 893 904 894
f 894 904 905
f 895 896 906
f 906 896 907
f 895 897 906
f 906 897 908
f 896 898 907
f 907 898 909
f 898 899 909
f 909 899 910
f 899 900 910
f 910 900 911
f 900 901 911
f 911 901 912
f 901 902 912
f 912 902 913
f 902 903 913
f 913 903 914
f 903 904 914
f 914 904 915
f 904 915 905
f 905 915 916
f 906 907 917
f 917 907 918
f 906 908 917
f 917 908 919
f 907 909 918
f 918 909 920
f 909 910 920
f 920 910 921
f 910 911 921
f 921 911 922
f 911 912 922
f 922 912 923
f 912 913 923
f 923 913 924
f 913 914 924
f 924 914 925
f 914 915 925
f 925 915 926
f 915 926 916
f 916 926 927
f 917 918 928
f 928 918 929
f 917 919 928
f 928 919 930
f 918 920 929
f 929 920 931
f 920 921 931
f 931 921 932
f 921 922 932
f 932 922 933
f 922 923 933
f 933 923 934
f 923 924 934
f 934 924 935
f 924 925 935
f 935 925 936
f 925 926 936
f 936 926 937
f 926 937 927
f 927 937 938
f 928 929 939
f 939 929 940
f 928 930 939
f 939 930 941
f 929 931 940
f 940 931 942
f 931 932 942
f 942 932 943
f 932 933 943
f 943 933 944
f 933 934 944
f 944 934 945
f 934 935 945
f 945 935 946
f 935 936 946
f 946 936 947
f 936 937 947
f 947 937 948
f 937 948 938
f 938 948 949
f 939 940 950
f 950 940 951
f 939 941 950
f 950 941 952
f 940 942 951
f 951 942 953
f 942 943 953
f 953 943 954
f 943 944 954
f 954 944 955
f 944 945 955
f 955 945 956
f 945 946 956
f 956 946 957
f 946 947 957
f 957 947 958
f 947 948 958
f 958 948 959
f 948 959 949
f 949 959 960
f 950 951 961
f 961 951 962
f 950 952 961
f 961 952 963
f 951 953 962
f 962 953 964
f 953 954 964
f 964 954 965
f 954 955 965
f 965 955 966
f 955 956 966
f 966 956 967
f 956 957 967
f 967 957 968
f 957 958 968
f 968 958 969
f 958 959 969
f 969 959 970
f 959 970 960
f 960 970 971
f 961 962 972
f 972 962 973
f 961 963 972
f 972 963 974
f 962 964 973
f 973 964 975
f 964 965 975
f 975 965 976
f 965 966 976
f 976 966 977
f 966 967 977
f 977 967 978
f 967 968 978
f 978 968 979
f 968 969 979
f 979 969 980
f 969 970 980
f 980 970 981
f 970 981 971
f 971 981 982
f 972 973 983
f 983 973 984
f 972 974 983
f 983 974 985
f 973 975 984
f 984 975 986
f 975 976 986
f 986 976 987
f 976 977 987
f 987 977 988
f 977 978 988
f 988 978 989
f 978 979 989
f 989 979 990
f 979 980 990
f 990 980 991
f 980 981 991
f 991 981 992
f 981 992 982
f 982 992 993
f 983 984 994
f 994 984 995
f 983 985 994
f 994 985 996
f 984 986 995
f 995 986 997
f 986 987 997
f 997 987 998
f 987 988 998
f 998 988 999
f 988 989 999
f 999 989 1000
f 989 990 1000
f 1000 990 1001
f 990 991 1001
f 1001 991 1002
f 991 992 1002
f 1002 992 1003
f 992 1003 993
f 993 1003 1004
f 994 995 1005
f 1005 995 1006
f 994 996 1005
f 1005 996 1007
f 995 997 1006
f 1006 997 1008
f 997 998 1008
f 1008 998 1009
f 998 999 1009
f 1009 999 1010
f 999 1000 1010
f 1010 1000 1011
f 1000 1001 1011
f 1011 1001 1012
f 1001 1002 1012
f 1012 1002 1013
f 1002 1003 1013
f 1013 1003 1014
f 1003 1014 1004
f 1004 1014 1015
f 1005 1006 1016
f 1016 1006 1017
f 1005 1007 1016
f 1016 1007 1018
f 1006 1008 1017
f 1017 1008 1019
f 1008 1009 1019
f 1019 1009 1020
f 1009 1010 1020
f 1020 1010 1021
f 1010 1011 1021
f 1021 1011 1022
f 1011 1012 1022
f 1022 1012 1023
f 1012 1013 1023
f 1023 1013 1024
f 1013 1014 1024
f 1024 1014 1025
f 1014 1025 1015
f 1015 1025 1026
f 1016 1017 1027
f 1027 1017 1028
f 1016 1018 1027
f 1027 1018 1029
f 1017 1019 1028
f 1028 1019 1030
f 1019 1020 1030
f 1030 1020 1031
f 1020 1021 1031
f 1031 1021 1032
f 1021 1022 1032
f 1032 1022 1033
f 1022 1023 1033
f 1033 1023 1034
f 1023 1024 1034
f 1034 1024 1035
f 1024 1025 1035
f 1035 1025 1036
f 1025 1036 1026
f 1026 1036 1037
f 1027 1028 1038
f 1038 1028 1039
f 1027 1029 1038
f 1038 1029 1040
f 1028 1030 1039
f 1039 1030 1041
f 1030 1031 1041
f 1041 1031 1042
f 1031 1032 1042
f 1042 1032 1043
f 1032 1033 1043
f 1043 1033 1044
f 1033 1034 1044
f 1044 1034 1045
f 1034 1035 1045
f 1045 1035 1046
f 1035 1036 1046
f 1046 1036 1047
f 1036 1047 1037
f 1037 1047 1048
f 1038 1039 1049
f 1049 1039 1050
f 1038 1040 1049
f 1049 1040 1051
f 1039 1041 1050
f 1050 1041 1052
f 1041 1042 1052
f 1052 1042 1053
f 1042 1043 1053
f 1053 1043 1054
f 1043 1044 1054
f 1054 1044 1055
f 1044 1045 1055
f 1055 1045 1056
f 1045 1046 1056
f 1056 1046 1057
f 1046 1047 1057
f 1057 1047 1058
f 1047 1058 1048
f 1048 1058 1059
f 1049 1050 1060
f 1060 1050 1061
f 1049 1051 1060
f 1060 1051 1062
f 1050 1052 1061
f 1061 1052 1063
f 1052 1053 1063
f 1063 1053 1064
f 1053 1054 1064
f 1064 1054 1065
f 1054 1055 1065
f 1065 1055 1066
f 1055 1056 1066
f 1066 1056 1067
f 1056 1057 1067
f 1067 1057 1068
f 1057 1058 1068
f 1068 1058 1069
f 1058 1069 1059
f 1059 1069 1070
f 1060 1061 1071
f 1071 1061 1072
f 1060 1062 1071
f 1071 1062 1073
f 1061 1063 1072
f 1072 1063 1074
f 1063 1064 1074
f 1074 1064 1075
f 1064 1065 1075
f 1075 1065 1076
f 1065 1066 1076
f 1076 1066 1077
f 1066 1067 1077
f 1077 1067 1078
f 1067 1068 1078
f 1078 1068 1079
f 1068 1069 1079
f 1079 1069 1080
f 1069 1080 1070
f 1070 1080 1081
f 1071 1072 1082
f 1082 1072 1083
f 1082 1083 1084
f 1084 1083 1085
f 1071 1073 1082
f 1082 1073 1084
f 1072 1074 1083
f 1083 1074 1086
f 1083 1086 1085
f 1085 1086 1087
f 1074 1075 1086
f 1086 1075 1088
f 1086 1088 1087
f 1087 1088 1089
f 1075 1076 1088
f 1088 1076 1090
f 1088 1090 1089
f 1089 1090 1091
f 1076 1077 1090
f 1090 1077 1092
f 1090 1092 1091
f 1091 1092 1093
f 1077 1078 1092
f 1092 1078 1094
f 1092 1094 1093
f 1093 1094 1095
f 1078 1079 1094
f 1094 1079 1096
f 1094 1096 1095
f 1095 1096 1097
f 1079 1080 1096
f 1096 1080 1098
f 1096 1098 1097
f 1097 1098 1099
f 1080 1098 1081
f 1081 1098 1099
f 755 1100 756
f 756 1100 1101
f 755 1100 757
f 757 1100 1102
f 756 1101 758
f 758 1101 1103
f 758 1103 759
f 759 1103 1104
f 759 1104 760
f 760 1104 1105
f 760 1105 761
f 761 1105 1106
f 761 1106 762
f 762 1106 1107
f 762 1107 763
f 763 1107 1108
f 763 1108 764
f 764 1108 1109
f 764 1109 765
f 765 1109 1110
f 765 1110 766
f 766 1110 1111
f 766 1111 767
f 767 1111 1112
f 767 1112 768
f 768 1112 1113
f 768 1113 769
f 769 1113 1114
f 769 1114 770
f 770 1114 1115
f 770 1115 771
f 771 1115 1116
f 771 1116 772
f 772 1116 1117
f 772 1117 773
f 773 1117 1118
f 773 1118 774
f 774 1118 1119
f 774 1119 775
f 775 1119 1120
f 775 1120 776
f 776 1120 1121
f 776 1121 777
f 777 1121 1122
f 777 778 1122
f 1122 778 1123
f 783 1124 784
f 784 1124 1125
f 783 1124 785
f 785 1124 1126
f 784 1125 788
f 788 1125 1127
f 788 1127 791
f 791 1127 1128
f 791 1128 794
f 794 1128 1129
f 794 1129 797
f 797 1129 1130
f 797 1130 757
f 757 1130 1102
f 798 799 1131
f 1131 799 1132
f 799 800 1132
f 1132 800 1133
f 800 801 1133
f 1133 801 1134
f 801 802 1134
f 1134 802 1135
f 802 803 1135
f 1135 803 1136
f 803 804 1136
f 1136 804 1137
f 804 805 1137
f 1137 805 1138
f 805 806 1138
f 1138 806 1139
f 806 807 1139
f 1139 807 1140
f 807 808 1140
f 1140 808 1141
f 808 809 1141
f 1141 809 1142
f 809 810 1142
f 1142 810 1143
f 810 811 1143
f 1143 811 1144
f 811 812 1144
f 1144 812 1145
f 812 813 1145
f 1145 813 1146
f 813 814 1146
f 1146 814 1147
f 814 815 1147
f 1147 815 1148
f 815 816 1148
f 1148 816 1149
f 816 817 1149
f 1149 817 1150
f 778 817 1123
f 1123 817 1150
f 785 1126 820
f 820 1126 1151
f 798 828 1131
f 1131 828 1152
f 820 1151 831
f 831 1151 1153
f 828 839 1152
f 1152 839 1154
f 831 1153 842
f 842 1153 1155
f 839 850 1154
f 1154 850 1156
f 842 1155 853
f 853 1155 1157
f 850 861 1156
f 1156 861 1158
f 853 1157 864
f 864 1157 1159
f 861 872 1158
f 1158 872 1160
f 864 1159 875
f 875 1159 1161
f 872 883 1160
f 1160 883 1162
f 875 1161 886
f 886 1161 1163
f 883 894 1162
f 1162 894 1164
f 886 1163 897
f 897 1163 1165
f 894 905 1164
f 1164 905 1166
f 897 1165 908
f 908 1165 1167
f 905 916 1166
f 1166 916 1168
f 908 1167 919
f 919 1167 1169
f 916 927 1168
f 1168 927 1170
f 919 1169 930
f 930 1169 1171
f 927 938 1170
f 1170 938 1172
f 930 1171 941
f 941 1171 1173
f 938 949 1172
f 1172 949 1174
f 941 1173 952
f 952 1173 1175
f 949 960 1174
f 1174 960 1176
f 952 1175 963
f 963 1175 1177
f 960 971 1176
f 1176 971 1178
f 963 1177 974
f 974 1177 1179
f 971 982 1178
f 1178 982 1180
f 974 1179 985
f 985 1179 1181
f 982 993 1180
f 1180 993 1182
f 985 1181 996
f 996 1181 1183
f 993 1004 1182
f 1182 1004 1184
f 996 1183 1007
f 1007 1183 1185
f 1004 1015 1184
f 1184 1015 1186
f 1007 1185 1018
f 1018 1185 1187
f 1015 1026 1186
f 1186 1026 1188
f 1018 1187 1029
f 1029 1187 1189
f 1026 1037 1188
f 1188 1037 1190
f 1029 1189 1040
f 1040 1189 1191
f 1037 1048 1190
f 1190 1048 1192
f 1040 1191 1051
f 1051 1191 1193
f 1048 1059 1192
f 1192 1059 1194
f 1051 1193 1062
f 1062 1193 1195
f 1059 1070 1194
f 1194 1070 1196
f 1062 1195 1073
f 1073 1195 1197
f 1070 1081 1196
f 1196 1081 1198
f 1084 1085 1199
f 1199 1085 1200
f 1073 1197 1084
f 1084 1197 1199
f 1085 1087 1200
f 1200 1087 1201
f 1087 1089 1201
f 1201 1089 1202
f 1089 1091 1202
f 1202 1091 1203
f 1091 1093 1203
f 1203 1093 1204
f 1093 1095 1204
f 1204 1095 1205
f 1095 1097 1205
f 1205 1097 1206
f 1097 1099 1206
f 1206 1099 1207
f 1081 1099 1198
f 1198 1099 1207
f 1100 1208 1101
f 1101 1208 1209
f 1100 1208 1102
f 1102 1208 1210
f 1101 1209 1103
f 1103 1209 1211
f 1103 1211 1104
f 1104 1211 1212
f 1104 1212 1105
f 1105 1212 1213
f 1105 1213 1106
f 1106 1213 1214
f 1106 1214 1107
f 1107 1214 1215
f 1107 1215 1108
f 1108 1215 1216
f 1108 1216 1109
f 1109 1216 1217
f 1109 1217 1110
f 1110 1217 1218
f 1110 1218 1111
f 1111 1218 1219
f 1111 1219 1112
f 1112 1219 1220
f 1112 1220 1113
f 1113 1220 1221
f 1113 1221 1114
f 1114 1221 1222
f 1114 1222 1115
f 1115 1222 1223
f 1115 1223 1116
f 1116 1223 1224
f 1116 1224 1117
f 1117 1224 1225
f 1117 1225 1118
f 1118 1225 1226
f 1118 1226 1119
f 1119 1226 1227
f 1119 1227 1120
f 1120 1227 1228
f 1120 1228 1121
f 1121 1228 1229
f 1121 1229 1122
f 1122 1229 1230
f 1122 1123 1230
f 1230 1123 1231
f 1124 1232 1125
f 1125 1232 1233
f 1124 1232 1126
f 1126 1232 1234
f 1125 1233 1127
f 1127 1233 1235
f 1127 1235 1128
f 1128 1235 1236
f 1128 1236 1129
f 1129 1236 1237
f 1129 1237 1130
f 1130 1237 1238
f 1130 1238 1102
f 1102 1238 1210
f 1131 1132 1239
f 1239 1132 1240
f 1132 1133 1240
f 1240 1133 1241
f 1133 1134 1241
f 1241 1134 1242
f 1134 1135 1242
f 1242 1135 1243
f 1135 1136 1243
f 1243 1136 1244
f 1136 1137 1244
f 1244 1137 1245
f 1137 1138 1245
f 1245 1138 1246
f 1138 1139 1246
f 1246 1139 1247
f 1139 1140 1247
f 1247 1140 1248
f 1140 1141 1248
f 1248 1141 1249
f 1141 1142 1249
f 1249 1142 1250
f 1142 1143 1250
f 1250 1143 1251
f 1143 1144 1251
f 1251 1144 1252
f 1144 1145 1252
f 1252 1145 1253
f 1145 1146 1253
f 1253 1146 1254
f 1146 1147 1254
f 1254 1147 1255
f 1147 1148 1255
f 1255 1148 1256
f 1148 1149 1256
f 1256 1149 1257
f 1149 1150 1257
f 1257 1150 1258
f 1123 1150 1231
f 1231 1150 1258
f 1126 1234 1151
f 1151 1234 1259
f 1131 1152 1239
f 1239 1152 1260
f 1151 1259 1153
f 1153 1259 1261
f 1152 1154 1260
f 1260 1154 1262
f 1153 1261 1155
f 1155 1261 1263
f 1154 1156 1262
f 1262 1156 1264
f 1155 1263 1157
f 1157 1263 1265
f 1156 1158 1264
f 1264 1158 1266
f 1157 1265 1159
f 1159 1265 1267
f 1158 1160 1266
f 1266 1160 1268
f 1159 1267 1161
f 1161 1267 1269
f 1160 1162 1268
f 1268 1162 1270
f 1161 1269 1163
f 1163 1269 1271
f 1162 1164 1270
f 1270 1164 1272
f 1163 1271 1165
f 1165 1271 1273
f 1164 1166 1272
f 1272 1166 1274
f 1165 1273 1167
f 1167 1273 1275
f 1166 1168 1274
f 1274 1168 1276
f 1167 1275 1169
f 1169 1275 1277
f 1168 1170 1276
f 1276 1170 1278
f 1169 1277 1171
f 1171 1277 1279
f 1170 1172 1278
f 1278 1172 1280
f 1171 1279 1173
f 1173 1279 1281
f 1172 1174 1280
f 1280 1174 1282
f 1173 1281 1175
f 1175 1281 1283
f 1174 1176 1282
f 1282 1176 1284
f 1175 1283 1177
f 1177 1283 1285
f 1176 1178 1284
f 1284 1178 1286
f 1177 1285 1179
f 1179 1285 1287
f 1178 1180 1286
f 1286 1180 1288
f 1179 1287 1181
f 1181 1287 1289
f 1180 1182 1288
f 1288 1182 1290
f 1181 1289 1183
f 1183 1289 1291
f 1182 1184 1290
f 1290 1184 1292
f 1183 1291 1185
f 1185 1291 1293
f 1184 1186 1292
f 1292 1186 1294
f 1185 1293 1187
f 1187 1293 1295
f 1186 1188 1294
f 1294 1188 1296
f 1187 1295 1189
f 1189 1295 1297
f 1188 1190 1296
f 1296 1190 1298
f 1189 1297 1191
f 1191 1297 1299
f 1190 1192 1298
f 1298 1192 1300
f 1191 1299 1193
f 1193 1299 1301
f 1192 1194 1300
f 1300 1194 1302
f 1193 1301 1195
f 1195 1301 1303
f 1194 1196 1302
f 1302 1196 1304
f 1195 1303 1197
f 1197 1303 1305
f 1196 1198 1304
f 1304 1198 1306
f 1199 1200 1307
f 1307 1200 1308
f 1197 1305 1199
f 1199 1305 1307
f 1200 1201 1308
f 1308 1201 1309
f 1201 1202 1309
f 1309 1202 1310
f 1202 1203 1310
f 1310 1203 1311
f 1203 1204 1311
f 1311 1204 1312
f 1204 1205 1312
f 1312 1205 1313
f 1205 1206 1313
f 1313 1206 1314
f 1206 1207 1314
f 1314 1207 1315
f 1198 1207 1306
f 1306 1207 1315
f 1208 1316 1209
f 1209 1316 1317
f 1208 1316 1210
f 1210 1316 1318
f 1209 1317 1211
f 1211 1317 1319
f 1211 1319 1212
f 1212 1319 1320
f 1212 1320 1213
f 1213 1320 1321
f 1213 1321 1214
f 1214 1321 1322
f 1214 1322 1215
f 1215 1322 1323
f 1215 1323 1216
f 1216 1323 1324
f 1216 1324 1217
f 1217 1324 1325
f 1217 1325 1218
f 1218 1325 1326
f 1218 1326 1219
f 1219 1326 1327
f 1219 1327 1220
f 1220 1327 1328
f 1220 1328 1221
f 1221 1328 1329
f 1221 1329 1222
f 1222 1329 1330
f 1222 1330 1223
f 1223 1330 1331
f 1223 1331 1224
f 1224 1331 1332
f 1224 1332 1225
f 1225 1332 1333
f 1225 1333 1226
f 1226 1333 1334
f 1226 1334 1227
f 1227 1334 1335
f 1227 1335 1228
f 1228 1335 1336
f 1228 1336 1229
f 1229 1336 1337
f 1229 1337 1230
f 1230 1337 1338
f 1230 1231 1338
f 1338 1231 1339
f 1232 1340 1233
f 1233 1340 1341
f 1232 1340 1234
f 1234 1340 1342
f 1233 1341 1235
f 1235 1341 1343
f 1235 1343 1236
f 1236 1343 1344
f 1236 1344 1237
f 1237 1344 1345
f 1237 1345 1238
f 1238 1345 1346
f 1238 1346 1210
f 1210 1346 1318
f 1239 1240 1347
f 1347 1240 1348
f 1240 1241 1348
f 1348 1241 1349
f 1241 1242 1349
f 1349 1242 1350
f 1242 1243 1350
f 1350 1243 1351
f 1243 1244 1351
f 1351 1244 1352
f 1244 1245 1352
f 1352 1245 1353
f 1245 1246 1353
f 1353 1246 1354
f 1246 1247 1354
f 1354 1247 1355
f 1247 1248 1355
f 1355 1248 1356
f 1248 1249 1356
f 1356 1249 1357
f 1249 1250 1357
f 1357 1250 1358
f 1250 1251 1358
f 1358 1251 1359
f 1251 1252 1359
f 1359 1252 1360
f 1252 1253 1360
f 1360 1253 1361
f 1253 1254 1361
f 1361 1254 1362
f 1254 1255 1362
f 1362 1255 1363
f 1255 1256 1363
f 1363 1256 1364
f 1256 1257 1364
f 1364 1257 1365
f 1257 1258 1365
f 1365 1258 1366
f 1231 1258 1339
f 1339 1258 1366
f 1234 1342 1259
f 1259 1342 1367
f 1239 1260 1347
f 1347 1260 1368
f 1259 1367 1261
f 1261 1367 1369
f 1260 1262 1368
f 1368 1262 1370
f 1261 1369 1263
f 1263 1369 1371
f 1262 1264 1370
f 1370 1264 1372
f 1263 1371 1265
f 1265 1371 1373
f 1264 1266 1372
f 1372 1266 1374
f 1265 1373 1267
f 1267 1373 1375
f 1266 1268 1374
f 1374 1268 1376
f 1267 1375 1269
f 1269 1375 1377
f 1268 1270 1376
f 1376 1270 1378
f 1269 1377 1271
f 1271 1377 1379
f 1270 1272 1378
f 1378 1272 1380
f 1271 1379 1273
f 1273 1379 1381
f 1272 1274 1380
f 1380 1274 1382
f 1273 1381 1275
f 1275 1381 1383
f 1274 1276 1382
f 1382 1276 1384
f 1275 1383 1277
f 1277 1383 1385
f 1276 1278 1384
f 1384 1278 1386
f 1277 1385 1279
f 1279 1385 1387
f 1278 1280 1386
f 1386 1280 1388
f 1279 1387 1281
f 1281 1387 1389
f 1280 1282 1388
f 1388 1282 1390
f 1281 1389 1283
f 1283 1389 1391
f 1282 1284 1390
f 1390 1284 1392
f 1283 1391 1285
f 1285 1391 1393
f 1284 1286 1392
f 1392 1286 1394
f 1285 1393 1287
f 1287 1393 1395
f 1286 1288 1394
f 1394 1288 1396
f 1287 1395 1289
f 1289 1395 1397
f 1288 1290 1396
f 1396 1290 1398
f 1289 1397 1291
f 1291 1397 1399
f 1290 1292 1398
f 1398 1292 1400
f 1291 1399 1293
f 1293 1399 1401
f 1292 1294 1400
f 1400 1294 1402
f 1293 1401 1295
f 1295 1401 1403
f 1294 1296 1402
f 1402 1296 1404
f 1295 1403 1297
f 1297 1403 1405
f 1296 1298 1404
f 1404 1298 1406
f 1297 1405 1299
f 1299 1405 1407
f 1298 1300 1406
f 1406 1300 1408
f 1299 1407 1301
f 1301 1407 1409
f 1300 1302 1408
f 1408 1302 1410
f 1301 1409 1303
f 1303 1409 1411
f 1302 1304 1410
f 1410 1304 1412
f 1303 1411 1305
f 1305 1411 1413
f 1304 1306 1412
f 1412 1306 1414
f 1307 1308 1415
f 1415 1308 1416
f 1305 1413 1307
f 1307 1413 1415
f 1308 1309 1416
f 1416 1309 1417
f 1309 1310 1417
f 1417 1310 1418
f 1310 1311 1418
f 1418 1311 1419
f 1311 1312 1419
f 1419 1312 1420
f 1312 1313 1420
f 1420 1313 1421
f 1313 1314 1421
f 1421 1314 1422
f 1314 1315 1422
f 1422 1315 1423
f 1306 1315 1414
f 1414 1315 1423
f 1316 1424 1317
f 1317 1424 1425
f 1316 1424 1318
f 1318 1424 1426
f 1317 1425 1319
f 1319 1425 1427
f 1319 1427 1320
f 1320 1427 1428
f 1320 1428 1321
f 1321 1428 1429
f 1321 1429 1322
f 1322 1429 1430
f 1322 1430 1323
f 1323 1430 1431
f 1323 1431 1324
f 1324 1431 1432
f 1324 1432 1325
f 1325 1432 1433
f 1325 1433 1326
f 1326 1433 1434
f 1326 1434 1327
f 1327 1434 1435
f 1327 1435 1328
f 1328 1435 1436
f 1328 1436 1329
f 1329 1436 1437
f 1329 1437 1330
f 1330 1437 1438
f 1330 1438 1331
f 1331 1438 1439
f 1331 1439 1332
f 1332 1439 1440
f 1332 1440 1333
f 1333 1440 1441
f 1333 1441 1334
f 1334 1441 1442
f 1334 1442 1335
f 1335 1442 1443
f 1335 1443 1336
f 1336 1443 1444
f 1336 1444 1337
f 1337 1444 1445
f 1337 1445 1338
f 1338 1445 1446
f 1338 1339 1446
f 1446 1339 1447
f 1340 1448 1341
f 1341 1448 1449
f 1340 1448 1342
f 1342 1448 1450
f 1341 1449 1343
f 1343 1449 1451
f 1343 1451 1344
f 1344 1451 1452
f 1344 1452 1345
f 1345 1452 1453
f 1345 1453 1346
f 1346 1453 1454
f 1346 1454 1318
f 1318 1454 1426
f 1347 1348 1455
f 1455 1348 1456
f 1348 1349 1456
f 1456 1349 1457
f 1349 1350 1457
f 1457 1350 1458
f 1350 1351 1458
f 1458 1351 1459
f 1351 1352 1459
f 1459 1352 1460
f 1352 1353 1460
f 1460 1353 1461
f 1353 1354 1461
f 1461 1354 1462
f 1354 1355 1462
f 1462 1355 1463
f 1355 1356 1463
f 1463 1356 1464
f 1356 1357 1464
f 1464 1357 1465
f 1357 1358 1465
f 1465 1358 1466
f 1358 1359 1466
f 1466 1359 1467
f 1359 1360 1467
f 1467 1360 1468
f 1360 1361 1468
f 1468 1361 1469
f 1361 1362 1469
f 1469 1362 1470
f 1362 1363 1470
f 1470 1363 1471
f 1363 1364 1471
f 1471 1364 1472
f 1364 1365 1472
f 1472 1365 1473
f 1365 1366 1473
f 1473 1366 1474
f 1339 1366 1447
f 1447 1366 1474
f 1342 1450 1367
f 1367 1450 1475
f 1347 1368 1455
f 1455 1368 1476
f 1367 1475 1369
f 1369 1475 1477
f 1368 1370 1476
f 1476 1370 1478
f 1369 1477 1371
f 1371 1477 1479
f 1370 1372 1478
f 1478 1372 1480
f 1371 1479 1373
f 1373 1479 1481
f 1372 1374 1480
f 1480 1374 1482
f 1373 1481 1375
f 1375 1481 1483
f 1374 1376 1482
f 1482 1376 1484
f 1375 1483 1377
f 1377 1483 1485
f 1376 1378 1484
f 1484 1378 1486
f 1377 1485 1379
f 1379 1485 1487
f 1378 1380 1486
f 1486 1380 1488
f 1379 1487 1381
f 1381 1487 1489
f 1380 1382 1488
f 1488 1382 1490
f 1381 1489 1383
f 1383 1489 1491
f 1382 1384 1490
f 1490 1384 1492
f 1383 1491 1385
f 1385 1491 1493
f 1384 1386 1492
f 1492 1386 1494
f 1385 1493 1387
f 1387 1493 1495
f 1386 1388 1494
f 1494 1388 1496
f 1387 1495 1389
f 1389 1495 1497
f 1388 1390 1496
f 1496 1390 1498
f 1389 1497 1391
f 1391 1497 1499
f 1390 1392 1498
f 1498 1392 1500
f 1391 1499 1393
f 1393 1499 1501
f 1392 1394 1500
f 1500 1394 1502
f 1393 1501 1395
f 1395 1501 1503
f 1394 1396 1502
f 1502 1396 1504
f 1395 1503 1397
f 1397 1503 1505
f 1396 1398 1504
f 1504 1398 1506
f 1397 1505 1399
f 1399 1505 1507
f 1398 1400 1506
f 1506 1400 1508
f 1399 1507 1401
f 1401 1507 1509
f 1400 1402 1508
f 1508 1402 1510
f 1401 1509 1403
f 1403 1509 1511
f 1402 1404 1510
f 1510 1404 1512
f 1403 1511 1405
f 1405 1511 1513
f 1404 1406 1512
f 1512 1406 1514
f 1405 1513 1407
f 1407 1513 1515
f 1406 1408 1514
f 1514 1408 1516
f 1407 1515 1409
f 1409 1515 1517
f 1408 1410 1516
f 1516 1410 1518
f 1409 1517 1411
f 1411 1517 1519
f 1410 1412 1518
f 1518 1412 1520
f 1411 1519 1413
f 1413 1519 1521
f 1412 1414 1520
f 1520 1414 1522
f 1415 1416 1523
f 1523 1416 1524
f 1413 1521 1415
f 1415 1521 1523
f 1416 1417 1524
f 1524 1417 1525
f 1417 1418 1525
f 1525 1418 1526
f 1418 1419 1526
f 1526 1419 1527
f 1419 1420 1527
f 1527 1420 1528
f 1420 1421 1528
f 1528 1421 1529
f 1421 1422 1529
f 1529 1422 1530
f 1422 1423 1530
f 1530 1423 1531
f 1414 1423 1522
f 1522 1423 1531
f 1424 1532 1425
f 1425 1532 1533
f 1424 1532 1426
f 1426 1532 1534
f 1425 1533 1427
f 1427 1533 1535
f 1427 1535 1428
f 1428 1535 1536
f 1428 1536 1429
f 1429 1536 1537
f 1429 1537 1430
f 1430 1537 1538
f 1430 1538 1431
f 1431 1538 1539
f 1431 1539 1432
f 1432 1539 1540
f 1432 1540 1433
f 1433 1540 1541
f 1433 1541 1434
f 1434 1541 1542
f 1434 1542 1435
f 1435 1542 1543
f 1435 1543 1436
f 1436 1543 1544
f 1436 1544 1437
f 1437 1544 1545
f 1437 1545 1438
f 1438 1545 1546
f 1438 1546 1439
f 1439 1546 1547
f 1439 1547 1440
f 1440 1547 1548
f 1440 1548 1441
f 1441 1548 1549
f 1441 1549 1442
f 1442 1549 1550
f 1442 1550 1443
f 1443 1550 1551
f 1443 1551 1444
f 1444 1551 1552
f 1444 1552 1445
f 1445 1552 1553
f 1445 1553 1446
f 1446 1553 1554
f 1446 1447 1554
f 1554 1447 1555
f 1448 1556 1449
f 1449 1556 1557
f 1448 1556 1450
f 1450 1556 1558
f 1449 1557 1451
f 1451 1557 1559
f 1451 1559 1452
f 1452 1559 1560
f 1452 1560 1453
f 1453 1560 1561
f 1453 1561 1454
f 1454 1561 1562
f 1454 1562 1426
f 1426 1562 1534
f 1455 1456 1563
f 1563 1456 1564
f 1456 1457 1564
f 1564 1457 1565
f 1457 1458 1565
f 1565 1458 1566
f 1458 1459 1566
f 1566 1459 1567
f 1459 1460 1567
f 1567 1460 1568
f 1460 1461 1568
f 1568 1461 1569
f 1461 1462 1569
f 1569 1462 1570
f 1462 1463 1570
f 1570 1463 1571
f 1463 1464 1571
f 1571 1464 1572
f 1464 1465 1572
f 1572 1465 1573
f 1465 1466 1573
f 1573 1466 1574
f 1466 1467 1574
f 1574 1467 1575
f 1467 1468 1575
f 1575 1468 1576
f 1468 1469 1576
f 1576 1469 1577
f 1469 1470 1577
f 1577 1470 1578
f 1470 1471 1578
f 1578 1471 1579
f 1471 1472 1579
f 1579 1472 1580
f 1472 1473 1580
f 1580 1473 1581
f 1473 1474 1581
f 1581 1474 1582
f 1447 1474 1555
f 1555 1474 1582
f 1450 1558 1475
f 1475 1558 1583
f 1455 1476 1563
f 1563 1476 1584
f 1475 1583 1477
f 1477 1583 1585
f 1476 1478 1584
f 1584 1478 1586
f 1477 1585 1479
f 1479 1585 1587
f 1478 1480 1586
f 1586 1480 1588
f 1479 1587 1481
f 1481 1587 1589
f 1480 1482 1588
f 1588 1482 1590
f 1481 1589 1483
f 1483 1589 1591
f 1482 1484 1590
f 1590 1484 1592
f 1483 1591 1485
f 1485 1591 1593
f 1484 1486 1592
f 1592 1486 1594
f 1485 1593 1487
f 1487 1593 1595
f 1486 1488 1594
f 1594 1488 1596
f 1487 1595 1489
f 1489 1595 1597
f 1488 1490 1596
f 1596 1490 1598
f 1489 1597 1491
f 1491 1597 1599
f 1490 1492 1598
f 1598 1492 1600
f 1491 1599 1493
f 1493 1599 1601
f 1492 1494 1600
f 1600 1494 1602
f 1493 1601 1495
f 1495 1601 1603
f 1494 1496 1602
f 1602 1496 1604
f 1495 1603 1497
f 1497 1603 1605
f 1496 1498 1604
f 1604 1498 1606
f 1497 1605 1499
f 1499 1605 1607
f 1498 1500 1606
f 1606 1500 1608
f 1499 1607 1501
f 1501 1607 1609
f 1500 1502 1608
f 1608 1502 1610
f 1501 1609 1503
f 1503 1609 1611
f 1502 1504 1610
f 1610 1504 1612
f 1503 1611 1505
f 1505 1611 1613
f 1504 1506 1612
f 1612 1506 1614
f 1505 1613 1507
f 1507 1613 1615
f 1506 1508 1614
f 1614 1508 1616
f 1507 1615 1509
f 1509 1615 1617
f 1508 1510 1616
f 1616 1510 1618
f 1509 1617 1511
f 1511 1617 1619
f 1510 1512 1618
f 1618 1512 1620
f 1511 1619 1513
f 1513 1619 1621
f 1512 1514 1620
f 1620 1514 1622
f 1513 1621 1515
f 1515 1621 1623
f 1514 1516 1622
f 1622 1516 1624
f 1515 1623 1517
f 1517 1623 1625
f 1516 1518 1624
f 1624 1518 1626
f 1517 1625 1519
f 1519 1625 1627
f 1518 1520 1626
f 1626 1520 1628
f 1519 1627 1521
f 1521 1627 1629
f 1520 1522 1628
f 1628 1522 1630
f 1523 1524 1631
f 1631 1524 1632
f 1521 1629 1523
f 1523 1629 1631
f 1524 1525 1632
f 1632 1525 1633
f 1525 1526 1633
f 1633 1526 1634
f 1526 1527 1634
f 1634 1527 1635
f 1527 1528 1635
f 1635 1528 1636
f 1528 1529 1636
f 1636 1529 1637
f 1529 1530 1637
f 1637 1530 1638
f 1530 1531 1638
f 1638 1531 1639
f 1522 1531 1630
f 1630 1531 1639
f 1532 1640 1533
f 1533 1640 1641
f 1532 1640 1534
f 1534 1640 1642
f 1533 1641 1535
f 1535 1641 1643
f 1535 1643 1536
f 1536 1643 1644
f 1536 1644 1537
f 1537 1644 1645
f 1537 1645 1538
f 1538 1645 1646
f 1538 1646 1539
f 1539 1646 1647
f 1539 1647 1540
f 1540 1647 1648
f 1540 1648 1541
f 1541 1648 1649
f 1541 1649 1542
f 1542 1649 1650
f 1542 1650 1543
f 1543 1650 1651
f 1543 1651 1544
f 1544 1651 1652
f 1544 1652 1545
f 1545 1652 1653
f 1545 1653 1546
f 1546 1653 1654
f 1546 1654 1547
f 1547 1654 1655
f 1547 1655 1548
f 1548 1655 1656
f 1548 1656 1549
f 1549 1656 1657
f 1549 1657 1550
f 1550 1657 1658
f 1550 1658 1551
f 1551 1658 1659
f 1551 1659 1552
f 1552 1659 1660
f 1552 1660 1553
f 1553 1660 1661
f 1553 1661 1554
f 1554 1661 1662
f 1554 1555 1662
f 1662 1555 1663
f 1556 1664 1557
f 1557 1664 1665
f 1556 1664 1558
f 1558 1664 1666
f 1557 1665 1559
f 1559 1665 1667
f 1559 1667 1560
f 1560 1667 1668
f 1560 1668 1561
f 1561 1668 1669
f 1561 1669 1562
f 1562 1669 1670
f 1562 1670 1534
f 1534 1670 1642
f 1563 1564 1671
f 1671 1564 1672
f 1564 1565 1672
f 1672 1565 1673
f 1565 1566 1673
f 1673 1566 1674
f 1566 1567 1674
f 1674 1567 1675
f 1567 1568 1675
f 1675 1568 1676
f 1568 1569 1676
f 1676 1569 1677
f 1569 1570 1677
f 1677 1570 1678
f 1570 1571 1678
f 1678 1571 1679
f 1571 1572 1679
f 1679 1572 1680
f 1572 1573 1680
f 1680 1573 1681
f 1573 1574 1681
f 1681 1574 1682
f 1574 1575 1682
f 1682 1575 1683
f 1575 1576 1683
f 1683 1576 1684
f 1576 1577 1684
f 1684 1577 1685
f 1577 1578 1685
f 1685 1578 1686
f 1578 1579 1686
f 1686 1579 1687
f 1579 1580 1687
f 1687 1580 1688
f 1580 1581 1688
f 1688 1581 1689
f 1581 1582 1689
f 1689 1582 1690
f 1555 1582 1663
f 1663 1582 1690
f 1558 1666 1583
f 1583 1666 1691
f 1563 1584 1671
f 1671 1584 1692
f 1583 1691 1585
f 1585 1691 1693
f 1584 1586 1692
f 1692 1586 1694
f 1585 1693 1587
f 1587 1693 1695
f 1586 1588 1694
f 1694 1588 1696
f 1587 1695 1589
f 1589 1695 1697
f 1588 1590 1696
f 1696 1590 1698
f 1589 1697 1591
f 1591 1697 1699
f 1590 1592 1698
f 1698 1592 1700
f 1591 1699 1593
f 1593 1699 1701
f 1592 1594 1700
f 1700 1594 1702
f 1593 1701 1595
f 1595 1701 1703
f 1594 1596 1702
f 1702 1596 1704
f 1595 1703 1597
f 1597 1703 1705
f 1596 1598 1704
f 1704 1598 1706
f 1597 1705 1599
f 1599 1705 1707
f 1598 1600 1706
f 1706 1600 1708
f 1599 1707 1601
f 1601 1707 1709
f 1600 1602 1708
f 1708 1602 1710
f 1601 1709 1603
f 1603 1709 1711
f 1602 1604 1710
f 1710 1604 1712
f 1603 1711 1605
f 1605 1711 1713
f 1604 1606 1712
f 1712 1606 1714
f 1605 1713 1607
f 1607 1713 1715
f 1606 1608 1714
f 1714 1608 1716
f 1607 1715 1609
f 1609 1715 1717
f 1608 1610 1716
f 1716 1610 1718
f 1609 1717 1611
f 1611 1717 1719
f 1610 1612 1718
f 1718 1612 1720
f 1611 1719 1613
f 1613 1719 1721
f 1612 1614 1720
f 1720 1614 1722
f 1613 1721 1615
f 1615 1721 1723
f 1614 1616 1722
f 1722 1616 1724
f 1615 1723 1617
f 1617 1723 1725
f 1616 1618 1724
f 1724 1618 1726
f 1617 1725 1619
f 1619 1725 1727
f 1618 1620 1726
f 1726 1620 1728
f 1619 1727 1621
f 1621 1727 1729
f 1620 1622 1728
f 1728 1622 1730
f 1621 1729 1623
f 1623 1729 1731
f 1622 1624 1730
f 1730 1624 1732
f 1623 1731 1625
f 1625 1731 1733
f 1624 1626 1732
f 1732 1626 1734
f 1625 1733 1627
f 1627 1733 1735
f 1626 1628 1734
f 1734 1628 1736
f 1627 1735 1629
f 1629 1735 1737
f 1628 1630 1736
f 1736 1630 1738
f 1631 1632 1739
f 1739 1632 1740
f 1629 1737 1631
f 1631 1737 1739
f 1632 1633 1740
f 1740 1633 1741
f 1633 1634 1741
f 1741 1634 1742
f 1634 1635 1742
f 1742 1635 1743
f 1635 1636 1743
f 1743 1636 1744
f 1636 1637 1744
f 1744 1637 1745
f 1637 1638 1745
f 1745 1638 1746
f 1638 1639 1746
f 1746 1639 1747
f 1630 1639 1738
f 1738 1639 1747
f 1640 1748 1641
f 1641 1748 1749
f 1640 1748 1642
f 1642 1748 1750
f 1641 1749 1643
f 1643 1749 1751
f 1643 1751 1644
f 1644 1751 1752
f 1644 1752 1645
f 1645 1752 1753
f 1645 1753 1646
f 1646 1753 1754
f 1646 1754 1647
f 1647 1754 1755
f 1647 1755 1648
f 1648 1755 1756
f 1648 1756 1649
f 1649 1756 1757
f 1649 1757 1650
f 1650 1757 1758
f 1650 1758 1651
f 1651 1758 1759
f 1651 1759 1652
f 1652 1759 1760
f 1652 1760 1653
f 1653 1760 1761
f 1653 1761 1654
f 1654 1761 1762
f 1654 1762 1655
f 1655 1762 1763
f 1655 1763 1656
f 1656 1763 1764
f 1656 1764 1657
f 1657 1764 1765
f 1657 1765 1658
f 1658 1765 1766
f 1658 1766 1659
f 1659 1766 1767
f 1659 1767 1660
f 1660 1767 1768
f 1660 1768 1661
f 1661 1768 1769
f 1661 1769 1662
f 1662 1769 1770
f 1662 1663 1770
f 1770 1663 1771
f 1664 1772 1665
f 1665 1772 1773
f 1664 1772 1666
f 1666 1772 1774
f 1665 1773 1667
f 1667 1773 1775
f 1667 1775 1668
f 1668 1775 1776
f 1668 1776 1669
f 1669 1776 1777
f 1669 1777 1670
f 1670 1777 1778
f 1670 1778 1642
f 1642 1778 1750
f 1671 1672 1779
f 1779 1672 1780
f 1672 1673 1780
f 1780 1673 1781
f 1673 1674 1781
f 1781 1674 1782
f 1674 1675 1782
f 1782 1675 1783
f 1675 1676 1783
f 1783 1676 1784
f 1676 1677 1784
f 1784 1677 1785
f 1677 1678 1785
f 1785 1678 1786
f 1678 1679 1786
f 1786 1679 1787
f 1679 1680 1787
f 1787 1680 1788
f 1680 1681 1788
f 1788 1681 1789
f 1681 1682 1789
f 1789 1682 1790
f 1682 1683 1790
f 1790 1683 1791
f 1683 1684 1791
f 1791 1684 1792
f 1684 1685 1792
f 1792 1685 1793
f 1685 1686 1793
f 1793 1686 1794
f 1686 1687 1794
f 1794 1687 1795
f 1687 1688 1795
f 1795 1688 1796
f 1688 1689 1796
f 1796 1689 1797
f 1689 1690 1797
f 1797 1690 1798
f 1663 1690 1771
f 1771 1690 1798
f 1666 1774 1691
f 1691 1774 1799
f 1671 1692 1779
f 1779 1692 1800
f 1691 1799 1693
f 1693 1799 1801
f 1692 1694 1800
f 1800 1694 1802
f 1693 1801 1695
f 1695 1801 1803
f 1694 1696 1802
f 1802 1696 1804
f 1695 1803 1697
f 1697 1803 1805
f 1696 1698 1804
f 1804 1698 1806
f 1697 1805 1699
f 1699 1805 1807
f 1698 1700 1806
f 1806 1700 1808
f 1699 1807 1701
f 1701 1807 1809
f 1700 1702 1808
f 1808 1702 1810
f 1701 1809 1703
f 1703 1809 1811
f 1702 1704 1810
f 1810 1704 1812
f 1703 1811 1705
f 1705 1811 1813
f 1704 1706 1812
f 1812 1706 1814
f 1705 1813 1707
f 1707 1813 1815
f 1706 1708 1814
f 1814 1708 1816
f 1707 1815 1709
f 1709 1815 1817
f 1708 1710 1816
f 1816 1710 1818
f 1709 1817 1711
f 1711 1817 1819
f 1710 1712 1818
f 1818 1712 1820
f 1711 1819 1713
f 1713 1819 1821
f 1712 1714 1820
f 1820 1714 1822
f 1713 1821 1715
f 1715 1821 1823
f 1714 1716 1822
f 1822 1716 1824
f 1715 1823 1717
f 1717 1823 1825
f 1716 1718 1824
f 1824 1718 1826
f 1717 1825 1719
f 1719 1825 1827
f 1718 1720 1826
f 1826 1720 1828
f 1719 1827 1721
f 1721 1827 1829
f 1720 1722 1828
f 1828 1722 1830
f 1721 1829 1723
f 1723 1829 1831
f 1722 1724 1830
f 1830 1724 1832
f 1723 1831 1725
f 1725 1831 1833
f 1724 1726 1832
f 1832 1726 1834
f 1725 1833 1727
f 1727 1833 1835
f 1726 1728 1834
f 1834 1728 1836
f 1727 1835 1729
f 1729 1835 1837
f 1728 1730 1836
f 1836 1730 1838
f 1729 1837 1731
f 1731 1837 1839
f 1730 1732 1838
f 1838 1732 1840
f 1731 1839 1733
f 1733 1839 1841
f 1732 1734 1840
f 1840 1734 1842
f 1733 1841 1735
f 1735 1841 1843
f 1734 1736 1842
f 1842 1736 1844
f 1735 1843 1737
f 1737 1843 1845
f 1736 1738 1844
f 1844 1738 1846
f 1739 1740 1847
f 1847 1740 1848
f 1737 1845 1739
f 1739 1845 1847
f 1740 1741 1848
f 1848 1741 1849
f 1741 1742 1849
f 1849 1742 1850
f 1742 1743 1850
f 1850 1743 1851
f 1743 1744 1851
f 1851 1744 1852
f 1744 1745 1852
f 1852 1745 1853
f 1745 1746 1853
f 1853 1746 1854
f 1746 1747 1854
f 1854 1747 1855
f 1738 1747 1846
f 1846 1747 1855
f 1748 1856 1749
f 1749 1856 1857
f 1748 1856 1750
f 1750 1856 1858
f 1749 1857 1751
f 1751 1857 1859
f 1751 1859 1752
f 1752 1859 1860
f 1752 1860 1753
f 1753 1860 1861
f 1753 1861 1754
f 1754 1861 1862
f 1754 1862 1755
f 1755 1862 1863
f 1755 1863 1756
f 1756 1863 1864
f 1756 1864 1757
f 1757 1864 1865
f 1757 1865 1758
f 1758 1865 1866
f 1758 1866 1759
f 1759 1866 1867
f 1759 1867 1760
f 1760 1867 1868
f 1760 1868 1761
f 1761 1868 1869
f 1761 1869 1762
f 1762 1869 1870
f 1762 1870 1763
f 1763 1870 1871
f 1763 1871 1764
f 1764 1871 1872
f 1764 1872 1765
f 1765 1872 1873
f 1765 1873 1766
f 1766 1873 1874
f 1766 1874 1767
f 1767 1874 1875
f 1767 1875 1768
f 1768 1875 1876
f 1768 1876 1769
f 1769 1876 1877
f 1769 1877 1770
f 1770 1877 1878
f 1770 1771 1878
f 1878 1771 1879
f 1772 1880 1773
f 1773 1880 1881
f 1772 1880 1774
f 1774 1880 1882
f 1773 1881 1775
f 1775 1881 1883
f 1775 1883 1776
f 1776 1883 1884
f 1776 1884 1777
f 1777 1884 1885
f 1777 1885 1778
f 1778 1885 1886
f 1778 1886 1750
f 1750 1886 1858
f 1779 1780 1887
f 1887 1780 1888
f 1780 1781 1888
f 1888 1781 1889
f 1781 1782 1889
f 1889 1782 1890
f 1782 1783 1890
f 1890 1783 1891
f 1783 1784 1891
f 1891 1784 1892
f 1784 1785 1892
f 1892 1785 1893
f 1785 1786 1893
f 1893 1786 1894
f 1786 1787 1894
f 1894 1787 1895
f 1787 1788 1895
f 1895 1788 1896
f 1788 1789 1896
f 1896 1789 1897
f 1789 1790 1897
f 1897 1790 1898
f 1790 1791 1898
f 1898 1791 1899
f 1791 1792 1899
f 1899 1792 1900
f 1792 1793 1900
f 1900 1793 1901
f 1793 1794 1901
f 1901 1794 1902
f 1794 1795 1902
f 1902 1795 1903
f 1795 1796 1903
f 1903 1796 1904
f 1796 1797 1904
f 1904 1797 1905
f 1797 1798 1905
f 1905 1798 1906
f 1771 1798 1879
f 1879 1798 1906
f 1774 1882 1799
f 1799 1882 1907
f 1779 1800 1887
f 1887 1800 1908
f 1799 1907 1801
f 1801 1907 1909
f 1800 1802 1908
f 1908 1802 1910
f 1801 1909 1803
f 1803 1909 1911
f 1802 1804 1910
f 1910 1804 1912
f 1803 1911 1805
f 1805 1911 1913
f 1804 1806 1912
f 1912 1806 1914
f 1805 1913 1807
f 1807 1913 1915
f 1806 1808 1914
f 1914 1808 1916
f 1807 1915 1809
f 1809 1915 1917
f 1808 1810 1916
f 1916 1810 1918
f 1809 1917 1811
f 1811 1917 1919
f 1810 1812 1918
f 1918 1812 1920
f 1811 1919 1813
f 1813 1919 1921
f 1812 1814 1920
f 1920 1814 1922
f 1813 1921 1815
f 1815 1921 1923
f 1814 1816 1922
f 1922 1816 1924
f 1815 1923 1817
f 1817 1923 1925
f 1816 1818 1924
f 1924 1818 1926
f 1817 1925 1819
f 1819 1925 1927
f 1818 1820 1926
f 1926 1820 1928
f 1819 1927 1821
f 1821 1927 1929
f 1820 1822 1928
f 1928 1822 1930
f 1821 1929 1823
f 1823 1929 1931
f 1822 1824 1930
f 1930 1824 1932
f 1823 1931 1825
f 1825 1931 1933
f 1824 1826 1932
f 1932 1826 1934
f 1825 1933 1827
f 1827 1933 1935
f 1826 1828 1934
f 1934 1828 1936
f 1827 1935 1829
f 1829 1935 1937
f 1828 1830 1936
f 1936 1830 1938
f 1829 1937 1831
f 1831 1937 1939
f 1830 1832 1938
f 1938 1832 1940
f 1831 1939 1833
f 1833 1939 1941
f 1832 1834 1940
f 1940 1834 1942
f 1833 1941 1835
f 1835 1941 1943
f 1834 1836 1942
f 1942 1836 1944
f 1835 1943 1837
f 1837 1943 1945
f 1836 1838 1944
f 1944 1838 1946
f 1837 1945 1839
f 1839 1945 1947
f 1838 1840 1946
f 1946 1840 1948
f 1839 1947 1841
f 1841 1947 1949
f 1840 1842 1948
f 1948 1842 1950
f 1841 1949 1843
f 1843 1949 1951
f 1842 1844 1950
f 1950 1844 1952
f 1843 1951 1845
f 1845 1951 1953
f 1844 1846 1952
f 1952 1846 1954
f 1847 1848 1955
f 1955 1848 1956
f 1845 1953 1847
f 1847 1953 1955
f 1848 1849 1956
f 1956 1849 1957
f 1849 1850 1957
f 1957 1850 1958
f 1850 1851 1958
f 1958 1851 1959
f 1851 1852 1959
f 1959 1852 1960
f 1852 1853 1960
f 1960 1853 1961
f 1853 1854 1961
f 1961 1854 1962
f 1854 1855 1962
f 1962 1855 1963
f 1846 1855 1954
f 1954 1855 1963
f 1856 1964 1857
f 1857 1964 1965
f 1856 1964 1858
f 1858 1964 1966
f 1857 1965 1859
f 1859 1965 1967
f 1859 1967 1860
f 1860 1967 1968
f 1860 1968 1861
f 1861 1968 1969
f 1861 1969 1862
f 1862 1969 1970
f 1862 1970 1863
f 1863 1970 1971
f 1863 1971 1864
f 1864 1971 1972
f 1864 1972 1865
f 1865 1972 1973
f 1865 1973 1866
f 1866 1973 1974
f 1866 1974 1867
f 1867 1974 1975
f 1867 1975 1868
f 1868 1975 1976
f 1868 1976 1869
f 1869 1976 1977
f 1869 1977 1870
f 1870 1977 1978
f 1870 1978 1871
f 1871 1978 1979
f 1871 1979 1872
f 1872 1979 1980
f 1872 1980 1873
f 1873 1980 1981
f 1873 1981 1874
f 1874 1981 1982
f 1874 1982 1875
f 1875 1982 1983
f 1875 1983 1876
f 1876 1983 1984
f 1876 1984 1877
f 1877 1984 1985
f 1877 1985 1878
f 1878 1985 1986
f 1878 1879 1986
f 1986 1879 1987
f 1880 1988 1881
f 1881 1988 1989
f 1880 1988 1882
f 1882 1988 1990
f 1881 1989 1883
f 1883 1989 1991
f 1883 1991 1884
f 1884 1991 1992
f 1884 1992 1885
f 1885 1992 1993
f 1885 1993 1886
f 1886 1993 1994
f 1886 1994 1858
f 1858 1994 1966
f 1887 1888 1995
f 1995 1888 1996
f 1888 1889 1996
f 1996 1889 1997
f 1889 1890 1997
f 1997 1890 1998
f 1890 1891 1998
f 1998 1891 1999
f 1891 1892 1999
f 1999 1892 2000
f 1892 1893 2000
f 2000 1893 2001
f 1893 1894 2001
f 2001 1894 2002
f 1894 1895 2002
f 2002 1895 2003
f 1895 1896 2003
f 2003 1896 2004
f 1896 1897 2004
f 2004 1897 2005
f 1897 1898 2005
f 2005 1898 2006
f 1898 1899 2006
f 2006 1899 2007
f 1899 1900 2007
f 2007 1900 2008
f 1900 1901 2008
f 2008 1901 2009
f 1901 1902 2009
f 2009 1902 2010
f 1902 1903 2010
f 2010 1903 2011
f 1903 1904 2011
f 2011 1904 2012
f 1904 1905 2012
f 2012 1905 2013
f 1905 1906 2013
f 2013 1906 2014
f 1879 1906 1987
f 1987 1906 2014
f 1882 1990 1907
f 1907 1990 2015
f 1887 1908 1995
f 1995 1908 2016
f 1907 2015 1909
f 1909 2015 2017
f 1908 1910 2016
f 2016 1910 2018
f 1909 2017 1911
f 1911 2017 2019
f 1910 1912 2018
f 2018 1912 2020
f 1911 2019 1913
f 1913 2019 2021
f 1912 1914 2020
f 2020 1914 2022
f 1913 2021 1915
f 1915 2021 2023
f 1914 1916 2022
f 2022 1916 2024
f 1915 2023 1917
f 1917 2023 2025
f 1916 1918 2024
f 2024 1918 2026
f 1917 2025 1919
f 1919 2025 2027
f 1918 1920 2026
f 2026 1920 2028
f 1919 2027 1921
f 1921 2027 2029
f 1920 1922 2028
f 2028 1922 2030
f 1921 2029 1923
f 1923 2029 2031
f 1922 1924 2030
f 2030 1924 2032
f 1923 2031 1925
f 1925 2031 2033
f 1924 1926 2032
f 2032 1926 2034
f 1925 2033 1927
f 1927 2033 2035
f 1926 1928 2034
f 2034 1928 2036
f 1927 2035 1929
f 1929 2035 2037
f 1928 1930 2036
f 2036 1930 2038
f 1929 2037 1931
f 1931 2037 2039
f 1930 1932 2038
f 2038 1932 2040
f 1931 2039 1933
f 1933 2039 2041
f 1932 1934 2040
f 2040 1934 2042
f 1933 2041 1935
f 1935 2041 2043
f 1934 1936 2042
f 2042 1936 2044
f 1935 2043 1937
f 1937 2043 2045
f 1936 1938 2044
f 2044 1938 2046
f 1937 2045 1939
f 1939 2045 2047
f 1938 1940 2046
f 2046 1940 2048
f 1939 2047 1941
f 1941 2047 2049
f 1940 1942 2048
f 2048 1942 2050
f 1941 2049 1943
f 1943 2049 2051
f 1942 1944 2050
f 2050 1944 2052
f 1943 2051 1945
f 1945 2051 2053
f 1944 1946 2052
f 2052 1946 2054
f 1945 2053 1947
f 1947 2053 2055
f 1946 1948 2054
f 2054 1948 2056
f 1947 2055 1949
f 1949 2055 2057
f 1948 1950 2056
f 2056 1950 2058
f 1949 2057 1951
f 1951 2057 2059
f 1950 1952 2058
f 2058 1952 2060
f 1951 2059 1953
f 1953 2059 2061
f 1952 1954 2060
f 2060 1954 2062
f 1955 1956 2063
f 2063 1956 2064
f 1953 2061 1955
f 1955 2061 2063
f 1956 1957 2064
f 2064 1957 2065
f 1957 1958 2065
f 2065 1958 2066
f 1958 1959 2066
f 2066 1959 2067
f 1959 1960 2067
f 2067 1960 2068
f 1960 1961 2068
f 2068 1961 2069
f 1961 1962 2069
f 2069 1962 2070
f 1962 1963 2070
f 2070 1963 2071
f 1954 1963 2062
f 2062 1963 2071
f 1964 2072 1965
f 1965 2072 2073
f 1964 2072 1966
f 1966 2072 2074
f 1965 2073 1967
f 1967 2073 2075
f 1967 2075 1968
f 1968 2075 2076
f 1968 2076 1969
f 1969 2076 2077
f 1969 2077 1970
f 1970 2077 2078
f 1970 2078 1971
f 1971 2078 2079
f 1971 2079 1972
f 1972 2079 2080
f 1972 2080 1973
f 1973 2080 2081
f 1973 2081 1974
f 1974 2081 2082
f 1974 2082 1975
f 1975 2082 2083
f 1975 2083 1976
f 1976 2083 2084
f 1976 2084 1977
f 1977 2084 2085
f 1977 2085 1978
f 1978 2085 2086
f 1978 2086 1979
f 1979 2086 2087
f 1979 2087 1980
f 1980 2087 2088
f 1980 2088 1981
f 1981 2088 2089
f 1981 2089 1982
f 1982 2089 2090
f 1982 2090 1983
f 1983 2090 2091
f 1983 2091 1984
f 1984 2091 2092
f 1984 2092 1985
f 1985 2092 2093
f 1985 2093 1986
f 1986 2093 2094
f 1986 1987 2094
f 2094 1987 2095
f 1988 2096 1989
f 1989 2096 2097
f 1988 2096 1990
f 1990 2096 2098
f 1989 2097 1991
f 1991 2097 2099
f 1991 2099 1992
f 1992 2099 2100
f 1992 2100 1993
f 1993 2100 2101
f 1993 2101 1994
f 1994 2101 2102
f 1994 2102 1966
f 1966 2102 2074
f 1995 1996 2103
f 2103 1996 2104
f 1996 1997 2104
f 2104 1997 2105
f 1997 1998 2105
f 2105 1998 2106
f 1998 1999 2106
f 2106 1999 2107
f 1999 2000 2107
f 2107 2000 2108
f 2000 2001 2108
f 2108 2001 2109
f 2001 2002 2109
f 2109 2002 2110
f 2002 2003 2110
f 2110 2003 2111
f 2003 2004 2111
f 2111 2004 2112
f 2004 2005 2112
f 2112 2005 2113
f 2005 2006 2113
f 2113 2006 2114
f 2006 2007 2114
f 2114 2007 2115
f 2007 2008 2115
f 2115 2008 2116
f 2008 2009 2116
f 2116 2009 2117
f 2009 2010 2117
f 2117 2010 2118
f 2010 2011 2118
f 2118 2011 2119
f 2011 2012 2119
f 2119 2012 2120
f 2012 2013 2120
f 2120 2013 2121
f 2013 2014 2121
f 2121 2014 2122
f 1987 2014 2095
f 2095 2014 2122
f 1990 2098 2015
f 2015 2098 2123
f 1995 2016 2103
f 2103 2016 2124
f 2015 2123 2017
f 2017 2123 2125
f 2016 2018 2124
f 2124 2018 2126
f 2017 2125 2019
f 2019 2125 2127
f 2018 2020 2126
f 2126 2020 2128
f 2019 2127 2021
f 2021 2127 2129
f 2020 2022 2128
f 2128 2022 2130
f 2021 2129 2023
f 2023 2129 2131
f 2022 2024 2130
f 2130 2024 2132
f 2023 2131 2025
f 2025 2131 2133
f 2024 2026 2132
f 2132 2026 2134
f 2025 2133 2027
f 2027 2133 2135
f 2026 2028 2134
f 2134 2028 2136
f 2027 2135 2029
f 2029 2135 2137
f 2028 2030 2136
f 2136 2030 2138
f 2029 2137 2031
f 2031 2137 2139
f 2030 2032 2138
f 2138 2032 2140
f 2031 2139 2033
f 2033 2139 2141
f 2032 2034 2140
f 2140 2034 2142
f 2033 2141 2035
f 2035 2141 2143
f 2034 2036 2142
f 2142 2036 2144
f 2035 2143 2037
f 2037 2143 2145
f 2036 2038 2144
f 2144 2038 2146
f 2037 2145 2039
f 2039 2145 2147
f 2038 2040 2146
f 2146 2040 2148
f 2039 2147 2041
f 2041 2147 2149
f 2040 2042 2148
f 2148 2042 2150
f 2041 2149 2043
f 2043 2149 2151
f 2042 2044 2150
f 2150 2044 2152
f 2043 2151 2045
f 2045 2151 2153
f 2044 2046 2152
f 2152 2046 2154
f 2045 2153 2047
f 2047 2153 2155
f 2046 2048 2154
f 2154 2048 2156
f 2047 2155 2049
f 2049 2155 2157
f 2048 2050 2156
f 2156 2050 2158
f 2049 2157 2051
f 2051 2157 2159
f 2050 2052 2158
f 2158 2052 2160
f 2051 2159 2053
f 2053 2159 2161
f 2052 2054 2160
f 2160 2054 2162
f 2053 2161 2055
f 2055 2161 2163
f 2054 2056 2162
f 2162 2056 2164
f 2055 2163 2057
f 2057 2163 2165
f 2056 2058 2164
f 2164 2058 2166
f 2057 2165 2059
f 2059 2165 2167
f 2058 2060 2166
f 2166 2060 2168
f 2059 2167 2061
f 2061 2167 2169
f 2060 2062 2168
f 2168 2062 2170
f 2063 2064 2171
f 2171 2064 2172
f 2061 2169 2063
f 2063 2169 2171
f 2064 2065 2172
f 2172 2065 2173
f 2065 2066 2173
f 2173 2066 2174
f 2066 2067 2174
f 2174 2067 2175
f 2067 2068 2175
f 2175 2068 2176
f 2068 2069 2176
f 2176 2069 2177
f 2069 2070 2177
f 2177 2070 2178
f 2070 2071 2178
f 2178 2071 2179
f 2062 2071 2170
f 2170 2071 2179
f 2072 2180 2073
f 2073 2180 2181
f 2072 2180 2074
f 2074 2180 2182
f 2073 2181 2075
f 2075 2181 2183
f 2075 2183 2076
f 2076 2183 2184
f 2076 2184 2077
f 2077 2184 2185
f 2077 2185 2078
f 2078 2185 2186
f 2078 2186 2079
f 2079 2186 2187
f 2079 2187 2080
f 2080 2187 2188
f 2080 2188 2081
f 2081 2188 2189
f 2081 2189 2082
f 2082 2189 2190
f 2082 2190 2083
f 2083 2190 2191
f 2083 2191 2084
f 2084 2191 2192
f 2084 2192 2085
f 2085 2192 2193
f 2085 2193 2086
f 2086 2193 2194
f 2086 2194 2087
f 2087 2194 2195
f 2087 2195 2088
f 2088 2195 2196
f 2088 2196 2089
f 2089 2196 2197
f 2089 2197 2090
f 2090 2197 2198
f 2090 2198 2091
f 2091 2198 2199
f 2091 2199 2092
f 2092 2199 2200
f 2092 2200 2093
f 2093 2200 2201
f 2093 2201 2094
f 2094 2201 2202
f 2094 2095 2202
f 2202 2095 2203
f 2096 2204 2097
f 2097 2204 2205
f 2096 2204 2098
f 2098 2204 2206
f 2097 2205 2099
f 2099 2205 2207
f 2099 2207 2100
f 2100 2207 2208
f 2100 2208 2101
f 2101 2208 2209
f 2101 2209 2102
f 2102 2209 2210
f 2102 2210 2074
f 2074 2210 2182
f 2103 2104 2211
f 2211 2104 2212
f 2104 2105 2212
f 2212 2105 2213
f 2105 2106 2213
f 2213 2106 2214
f 2106 2107 2214
f 2214 2107 2215
f 2107 2108 2215
f 2215 2108 2216
f 2108 2109 2216
f 2216 2109 2217
f 2109 2110 2217
f 2217 2110 2218
f 2110 2111 2218
f 2218 2111 2219
f 2111 2112 2219
f 2219 2112 2220
f 2112 2113 2220
f 2220 2113 2221
f 2113 2114 2221
f 2221 2114 2222
f 2114 2115 2222
f 2222 2115 2223
f 2115 2116 2223
f 2223 2116 2224
f 2116 2117 2224
f 2224 2117 2225
f 2117 2118 2225
f 2225 2118 2226
f 2118 2119 2226
f 2226 2119 2227
f 2119 2120 2227
f 2227 2120 2228
f 2120 2121 2228
f 2228 2121 2229
f 2121 2122 2229
f 2229 2122 2230
f 2095 2122 2203
f 2203 2122 2230
f 2098 2206 2123
f 2123 2206 2231
f 2103 2124 2211
f 2211 2124 2232
f 2123 2231 2125
f 2125 2231 2233
f 2124 2126 2232
f 2232 2126 2234
f 2125 2233 2127
f 2127 2233 2235
f 2126 2128 2234
f 2234 2128 2236
f 2127 2235 2129
f 2129 2235 2237
f 2128 2130 2236
f 2236 2130 2238
f 2129 2237 2131
f 2131 2237 2239
f 2130 2132 2238
f 2238 2132 2240
f 2131 2239 2133
f 2133 2239 2241
f 2132 2134 2240
f 2240 2134 2242
f 2133 2241 2135
f 2135 2241 2243
f 2134 2136 2242
f 2242 2136 2244
f 2135 2243 2137
f 2137 2243 2245
f 2136 2138 2244
f 2244 2138 2246
f 2137 2245 2139
f 2139 2245 2247
f 2138 2140 2246
f 2246 2140 2248
f 2139 2247 2141
f 2141 2247 2249
f 2140 2142 2248
f 2248 2142 2250
f 2141 2249 2143
f 2143 2249 2251
f 2142 2144 2250
f 2250 2144 2252
f 2143 2251 2145
f 2145 2251 2253
f 2144 2146 2252
f 2252 2146 2254
f 2145 2253 2147
f 2147 2253 2255
f 2146 2148 2254
f 2254 2148 2256
f 2147 2255 2149
f 2149 2255 2257
f 2148 2150 2256
f 2256 2150 2258
f 2149 2257 2151
f 2151 2257 2259
f 2150 2152 2258
f 2258 2152 2260
f 2151 2259 2153
f 2153 2259 2261
f 2152 2154 2260
f 2260 2154 2262
f 2153 2261 2155
f 2155 2261 2263
f 2154 2156 2262
f 2262 2156 2264
f 2155 2263 2157
f 2157 2263 2265
f 2156 2158 2264
f 2264 2158 2266
f 2157 2265 2159
f 2159 2265 2267
f 2158 2160 2266
f 2266 2160 2268
f 2159 2267 2161
f 2161 2267 2269
f 2160 2162 2268
f 2268 2162 2270
f 2161 2269 2163
f 2163 2269 2271
f 2162 2164 2270
f 2270 2164 2272
f 2163 2271 2165
f 2165 2271 2273
f 2164 2166 2272
f 2272 2166 2274
f 2165 2273 2167
f 2167 2273 2275
f 2166 2168 2274
f 2274 2168 2276
f 2167 2275 2169
f 2169 2275 2277
f 2168 2170 2276
f 2276 2170 2278
f 2171 2172 2279
f 2279 2172 2280
f 2169 2277 2171
f 2171 2277 2279
f 2172 2173 2280
f 2280 2173 2281
f 2173 2174 2281
f 2281 2174 2282
f 2174 2175 2282
f 2282 2175 2283
f 2175 2176 2283
f 2283 2176 2284
f 2176 2177 2284
f 2284 2177 2285
f 2177 2178 2285
f 2285 2178 2286
f 2178 2179 2286
f 2286 2179 2287
f 2170 2179 2278
f 2278 2179 2287
f 2180 2288 2181
f 2181 2288 2289
f 2180 2288 2182
f 2182 2288 2290
f 2181 2289 2183
f 2183 2289 2291
f 2183 2291 2184
f 2184 2291 2292
f 2184 2292 2185
f 2185 2292 2293
f 2185 2293 2186
f 2186 2293 2294
f 2186 2294 2187
f 2187 2294 2295
f 2187 2295 2188
f 2188 2295 2296
f 2188 2296 2189
f 2189 2296 2297
f 2189 2297 2190
f 2190 2297 2298
f 2190 2298 2191
f 2191 2298 2299
f 2191 2299 2192
f 2192 2299 2300
f 2192 2300 2193
f 2193 2300 2301
f 2193 2301 2194
f 2194 2301 2302
f 2194 2302 2195
f 2195 2302 2303
f 2195 2303 2196
f 2196 2303 2304
f 2196 2304 2197
f 2197 2304 2305
f 2197 2305 2198
f 2198 2305 2306
f 2198 2306 2199
f 2199 2306 2307
f 2199 2307 2200
f 2200 2307 2308
f 2200 2308 2201
f 2201 2308 2309
f 2201 2309 2202
f 2202 2309 2310
f 2202 2203 2310
f 2310 2203 2311
f 2204 2312 2205
f 2205 2312 2313
f 2204 2312 2206
f 2206 2312 2314
f 2205 2313 2207
f 2207 2313 2315
f 2207 2315 2208
f 2208 2315 2316
f 2208 2316 2209
f 2209 2316 2317
f 2209 2317 2210
f 2210 2317 2318
f 2210 2318 2182
f 2182 2318 2290
f 2211 2212 2319
f 2319 2212 2320
f 2212 2213 2320
f 2320 2213 2321
f 2213 2214 2321
f 2321 2214 2322
f 2214 2215 2322
f 2322 2215 2323
f 2215 2216 2323
f 2323 2216 2324
f 2216 2217 2324
f 2324 2217 2325
f 2217 2218 2325
f 2325 2218 2326
f 2218 2219 2326
f 2326 2219 2327
f 2219 2220 2327
f 2327 2220 2328
f 2220 2221 2328
f 2328 2221 2329
f 2221 2222 2329
f 2329 2222 2330
f 2222 2223 2330
f 2330 2223 2331
f 2223 2224 2331
f 2331 2224 2332
f 2224 2225 2332
f 2332 2225 2333
f 2225 2226 2333
f 2333 2226 2334
f 2226 2227 2334
f 2334 2227 2335
f 2227 2228 2335
f 2335 2228 2336
f 2228 2229 2336
f 2336 2229 2337
f 2229 2230 2337
f 2337 2230 2338
f 2203 2230 2311
f 2311 2230 2338
f 2206 2314 2231
f 2231 2314 2339
f 2211 2232 2319
f 2319 2232 2340
f 2231 2339 2233
f 2233 2339 2341
f 2232 2234 2340
f 2340 2234 2342
f 2233 2341 2235
f 2235 2341 2343
f 2234 2236 2342
f 2342 2236 2344
f 2235 2343 2237
f 2237 2343 2345
f 2236 2238 2344
f 2344 2238 2346
f 2237 2345 2239
f 2239 2345 2347
f 2238 2240 2346
f 2346 2240 2348
f 2239 2347 2241
f 2241 2347 2349
f 2240 2242 2348
f 2348 2242 2350
f 2241 2349 2243
f 2243 2349 2351
f 2242 2244 2350
f 2350 2244 2352
f 2243 2351 2245
f 2245 2351 2353
f 2244 2246 2352
f 2352 2246 2354
f 2245 2353 2247
f 2247 2353 2355
f 2246 2248 2354
f 2354 2248 2356
f 2247 2355 2249
f 2249 2355 2357
f 2248 2250 2356
f 2356 2250 2358
f 2249 2357 2251
f 2251 2357 2359
f 2250 2252 2358
f 2358 2252 2360
f 2251 2359 2253
f 2253 2359 2361
f 2252 2254 2360
f 2360 2254 2362
f 2253 2361 2255
f 2255 2361 2363
f 2254 2256 2362
f 2362 2256 2364
f 2255 2363 2257
f 2257 2363 2365
f 2256 2258 2364
f 2364 2258 2366
f 2257 2365 2259
f 2259 2365 2367
f 2258 2260 2366
f 2366 2260 2368
f 2259 2367 2261
f 2261 2367 2369
f 2260 2262 2368
f 2368 2262 2370
f 2261 2369 2263
f 2263 2369 2371
f 2262 2264 2370
f 2370 2264 2372
f 2263 2371 2265
f 2265 2371 2373
f 2264 2266 2372
f 2372 2266 2374
f 2265 2373 2267
f 2267 2373 2375
f 2266 2268 2374
f 2374 2268 2376
f 2267 2375 2269
f 2269 2375 2377
f 2268 2270 2376
f 2376 2270 2378
f 2269 2377 2271
f 2271 2377 2379
f 2270 2272 2378
f 2378 2272 2380
f 2271 2379 2273
f 2273 2379 2381
f 2272 2274 2380
f 2380 2274 2382
f 2273 2381 2275
f 2275 2381 2383
f 2274 2276 2382
f 2382 2276 2384
f 2275 2383 2277
f 2277 2383 2385
f 2276 2278 2384
f 2384 2278 2386
f 2279 2280 2387
f 2387 2280 2388
f 2277 2385 2279
f 2279 2385 2387
f 2280 2281 2388
f 2388 2281 2389
f 2281 2282 2389
f 2389 2282 2390
f 2282 2283 2390
f 2390 2283 2391
f 2283 2284 2391
f 2391 2284 2392
f 2284 2285 2392
f 2392 2285 2393
f 2285 2286 2393
f 2393 2286 2394
f 2286 2287 2394
f 2394 2287 2395
f 2278 2287 2386
f 2386 2287 2395
f 2288 2396 2289
f 2289 2396 2397
f 2288 2396 2290
f 2290 2396 2398
f 2289 2397 2291
f 2291 2397 2399
f 2291 2399 2292
f 2292 2399 2400
f 2292 2400 2293
f 2293 2400 2401
f 2293 2401 2294
f 2294 2401 2402
f 2294 2402 2295
f 2295 2402 2403
f 2295 2403 2296
f 2296 2403 2404
f 2296 2404 2297
f 2297 2404 2405
f 2297 2405 2298
f 2298 2405 2406
f 2298 2406 2299
f 2299 2406 2407
f 2299 2407 2300
f 2300 2407 2408
f 2300 2408 2301
f 2301 2408 2409
f 2301 2409 2302
f 2302 2409 2410
f 2302 2410 2303
f 2303 2410 2411
f 2303 2411 2304
f 2304 2411 2412
f 2304 2412 2305
f 2305 2412 2413
f 2305 2413 2306
f 2306 2413 2414
f 2306 2414 2307
f 2307 2414 2415
f 2307 2415 2308
f 2308 2415 2416
f 2308 2416 2309
f 2309 2416 2417
f 2309 2417 2310
f 2310 2417 2418
f 2310 2311 2418
f 2418 2311 2419
f 2312 2420 2313
f 2313 2420 2421
f 2312 2420 2314
f 2314 2420 2422
f 2313 2421 2315
f 2315 2421 2423
f 2315 2423 2316
f 2316 2423 2424
f 2316 2424 2317
f 2317 2424 2425
f 2317 2425 2318
f 2318 2425 2426
f 2318 2426 2290
f 2290 2426 2398
f 2319 2320 2427
f 2427 2320 2428
f 2320 2321 2428
f 2428 2321 2429
f 2321 2322 2429
f 2429 2322 2430
f 2322 2323 2430
f 2430 2323 2431
f 2323 2324 2431
f 2431 2324 2432
f 2324 2325 2432
f 2432 2325 2433
f 2325 2326 2433
f 2433 2326 2434
f 2326 2327 2434
f 2434 2327 2435
f 2327 2328 2435
f 2435 2328 2436
f 2328 2329 2436
f 2436 2329 2437
f 2329 2330 2437
f 2437 2330 2438
f 2330 2331 2438
f 2438 2331 2439
f 2331 2332 2439
f 2439 2332 2440
f 2332 2333 2440
f 2440 2333 2441
f 2333 2334 2441
f 2441 2334 2442
f 2334 2335 2442
f 2442 2335 2443
f 2335 2336 2443
f 2443 2336 2444
f 2336 2337 2444
f 2444 2337 2445
f 2337 2338 2445
f 2445 2338 2446
f 2311 2338 2419
f 2419 2338 2446
f 2314 2422 2339
f 2339 2422 2447
f 2319 2340 2427
f 2427 2340 2448
f 2339 2447 2341
f 2341 2447 2449
f 2340 2342 2448
f 2448 2342 2450
f 2341 2449 2343
f 2343 2449 2451
f 2342 2344 2450
f 2450 2344 2452
f 2343 2451 2345
f 2345 2451 2453
f 2344 2346 2452
f 2452 2346 2454
f 2345 2453 2347
f 2347 2453 2455
f 2346 2348 2454
f 2454 2348 2456
f 2347 2455 2349
f 2349 2455 2457
f 2348 2350 2456
f 2456 2350 2458
f 2349 2457 2351
f 2351 2457 2459
f 2350 2352 2458
f 2458 2352 2460
f 2351 2459 2353
f 2353 2459 2461
f 2352 2354 2460
f 2460 2354 2462
f 2353 2461 2355
f 2355 2461 2463
f 2354 2356 2462
f 2462 2356 2464
f 2355 2463 2357
f 2357 2463 2465
f 2356 2358 2464
f 2464 2358 2466
f 2357 2465 2359
f 2359 2465 2467
f 2358 2360 2466
f 2466 2360 2468
f 2359 2467 2361
f 2361 2467 2469
f 2360 2362 2468
f 2468 2362 2470
f 2361 2469 2363
f 2363 2469 2471
f 2362 2364 2470
f 2470 2364 2472
f 2363 2471 2365
f 2365 2471 2473
f 2364 2366 2472
f 2472 2366 2474
f 2365 2473 2367
f 2367 2473 2475
f 2366 2368 2474
f 2474 2368 2476
f 2367 2475 2369
f 2369 2475 2477
f 2368 2370 2476
f 2476 2370 2478
f 2369 2477 2371
f 2371 2477 2479
f 2370 2372 2478
f 2478 2372 2480
f 2371 2479 2373
f 2373 2479 2481
f 2372 2374 2480
f 2480 2374 2482
f 2373 2481 2375
f 2375 2481 2483
f 2374 2376 2482
f 2482 2376 2484
f 2375 2483 2377
f 2377 2483 2485
f 2376 2378 2484
f 2484 2378 2486
f 2377 2485 2379
f 2379 2485 2487
f 2378 2380 2486
f 2486 2380 2488
f 2379 2487 2381
f 2381 2487 2489
f 2380 2382 2488
f 2488 2382 2490
f 2381 2489 2383
f 2383 2489 2491
f 2382 2384 2490
f 2490 2384 2492
f 2383 2491 2385
f 2385 2491 2493
f 2384 2386 2492
f 2492 2386 2494
f 2387 2388 2495
f 2495 2388 2496
f 2385 2493 2387
f 2387 2493 2495
f 2388 2389 2496
f 2496 2389 2497
f 2389 2390 2497
f 2497 2390 2498
f 2390 2391 2498
f 2498 2391 2499
f 2391 2392 2499
f 2499 2392 2500
f 2392 2393 2500
f 2500 2393 2501
f 2393 2394 2501
f 2501 2394 2502
f 2394 2395 2502
f 2502 2395 2503
f 2386 2395 2494
f 2494 2395 2503
f 2396 2504 2397
f 2397 2504 2505
f 2396 2504 2398
f 2398 2504 2506
f 2397 2505 2399
f 2399 2505 2507
f 2399 2507 2400
f 2400 2507 2508
f 2400 2508 2401
f 2401 2508 2509
f 2401 2509 2402
f 2402 2509 2510
f 2402 2510 2403
f 2403 2510 2511
f 2403 2511 2404
f 2404 2511 2512
f 2404 2512 2405
f 2405 2512 2513
f 2405 2513 2406
f 2406 2513 2514
f 2406 2514 2407
f 2407 2514 2515
f 2407 2515 2408
f 2408 2515 2516
f 2408 2516 2409
f 2409 2516 2517
f 2409 2517 2410
f 2410 2517 2518
f 2410 2518 2411
f 2411 2518 2519
f 2411 2519 2412
f 2412 2519 2520
f 2412 2520 2413
f 2413 2520 2521
f 2413 2521 2414
f 2414 2521 2522
f 2414 2522 2415
f 2415 2522 2523
f 2415 2523 2416
f 2416 2523 2524
f 2416 2524 2417
f 2417 2524 2525
f 2417 2525 2418
f 2418 2525 2526
f 2418 2419 2526
f 2526 2419 2527
f 2420 2528 2421
f 2421 2528 2529
f 2420 2528 2422
f 2422 2528 2530
f 2421 2529 2423
f 2423 2529 2531
f 2423 2531 2424
f 2424 2531 2532
f 2424 2532 2425
f 2425 2532 2533
f 2425 2533 2426
f 2426 2533 2534
f 2426 2534 2398
f 2398 2534 2506
f 2427 2428 2535
f 2535 2428 2536
f 2428 2429 2536
f 2536 2429 2537
f 2429 2430 2537
f 2537 2430 2538
f 2430 2431 2538
f 2538 2431 2539
f 2431 2432 2539
f 2539 2432 2540
f 2432 2433 2540
f 2540 2433 2541
f 2433 2434 2541
f 2541 2434 2542
f 2434 2435 2542
f 2542 2435 2543
f 2435 2436 2543
f 2543 2436 2544
f 2436 2437 2544
f 2544 2437 2545
f 2437 2438 2545
f 2545 2438 2546
f 2438 2439 2546
f 2546 2439 2547
f 2439 2440 2547
f 2547 2440 2548
f 2440 2441 2548
f 2548 2441 2549
f 2441 2442 2549
f 2549 2442 2550
f 2442 2443 2550
f 2550 2443 2551
f 2443 2444 2551
f 2551 2444 2552
f 2444 2445 2552
f 2552 2445 2553
f 2445 2446 2553
f 2553 2446 2554
f 2419 2446 2527
f 2527 2446 2554
f 2422 2530 2447
f 2447 2530 2555
f 2427 2448 2535
f 2535 2448 2556
f 2447 2555 2449
f 2449 2555 2557
f 2448 2450 2556
f 2556 2450 2558
f 2449 2557 2451
f 2451 2557 2559
f 2450 2452 2558
f 2558 2452 2560
f 2451 2559 2453
f 2453 2559 2561
f 2452 2454 2560
f 2560 2454 2562
f 2453 2561 2455
f 2455 2561 2563
f 2454 2456 2562
f 2562 2456 2564
f 2455 2563 2457
f 2457 2563 2565
f 2456 2458 2564
f 2564 2458 2566
f 2457 2565 2459
f 2459 2565 2567
f 2458 2460 2566
f 2566 2460 2568
f 2459 2567 2461
f 2461 2567 2569
f 2460 2462 2568
f 2568 2462 2570
f 2461 2569 2463
f 2463 2569 2571
f 2462 2464 2570
f 2570 2464 2572
f 2463 2571 2465
f 2465 2571 2573
f 2464 2466 2572
f 2572 2466 2574
f 2465 2573 2467
f 2467 2573 2575
f 2466 2468 2574
f 2574 2468 2576
f 2467 2575 2469
f 2469 2575 2577
f 2468 2470 2576
f 2576 2470 2578
f 2469 2577 2471
f 2471 2577 2579
f 2470 2472 2578
f 2578 2472 2580
f 2471 2579 2473
f 2473 2579 2581
f 2472 2474 2580
f 2580 2474 2582
f 2473 2581 2475
f 2475 2581 2583
f 2474 2476 2582
f 2582 2476 2584
f 2475 2583 2477
f 2477 2583 2585
f 2476 2478 2584
f 2584 2478 2586
f 2477 2585 2479
f 2479 2585 2587
f 2478 2480 2586
f 2586 2480 2588
f 2479 2587 2481
f 2481 2587 2589
f 2480 2482 2588
f 2588 2482 2590
f 2481 2589 2483
f 2483 2589 2591
f 2482 2484 2590
f 2590 2484 2592
f 2483 2591 2485
f 2485 2591 2593
f 2484 2486 2592
f 2592 2486 2594
f 2485 2593 2487
f 2487 2593 2595
f 2486 2488 2594
f 2594 2488 2596
f 2487 2595 2489
f 2489 2595 2597
f 2488 2490 2596
f 2596 2490 2598
f 2489 2597 2491
f 2491 2597 2599
f 2490 2492 2598
f 2598 2492 2600
f 2491 2599 2493
f 2493 2599 2601
f 2492 2494 2600
f 2600 2494 2602
f 2495 2496 2603
f 2603 2496 2604
f 2493 2601 2495
f 2495 2601 2603
f 2496 2497 2604
f 2604 2497 2605
f 2497 2498 2605
f 2605 2498 2606
f 2498 2499 2606
f 2606 2499 2607
f 2499 2500 2607
f 2607 2500 2608
f 2500 2501 2608
f 2608 2501 2609
f 2501 2502 2609
f 2609 2502 2610
f 2502 2503 2610
f 2610 2503 2611
f 2494 2503 2602
f 2602 2503 2611
f 2504 2612 2505
f 2505 2612 2613
f 2504 2612 2506
f 2506 2612 2614
f 2505 2613 2507
f 2507 2613 2615
f 2507 2615 2508
f 2508 2615 2616
f 2508 2616 2509
f 2509 2616 2617
f 2509 2617 2510
f 2510 2617 2618
f 2510 2618 2511
f 2511 2618 2619
f 2511 2619 2512
f 2512 2619 2620
f 2512 2620 2513
f 2513 2620 2621
f 2513 2621 2514
f 2514 2621 2622
f 2514 2622 2515
f 2515 2622 2623
f 2515 2623 2516
f 2516 2623 2624
f 2516 2624 2517
f 2517 2624 2625
f 2517 2625 2518
f 2518 2625 2626
f 2518 2626 2519
f 2519 2626 2627
f 2519 2627 2520
f 2520 2627 2628
f 2520 2628 2521
f 2521 2628 2629
f 2521 2629 2522
f 2522 2629 2630
f 2522 2630 2523
f 2523 2630 2631
f 2523 2631 2524
f 2524 2631 2632
f 2524 2632 2525
f 2525 2632 2633
f 2525 2633 2526
f 2526 2633 2634
f 2526 2527 2634
f 2634 2527 2635
f 2528 2636 2529
f 2529 2636 2637
f 2528 2636 2530
f 2530 2636 2638
f 2529 2637 2531
f 2531 2637 2639
f 2531 2639 2532
f 2532 2639 2640
f 2532 2640 2533
f 2533 2640 2641
f 2533 2641 2534
f 2534 2641 2642
f 2534 2642 2506
f 2506 2642 2614
f 2535 2536 2643
f 2643 2536 2644
f 2536 2537 2644
f 2644 2537 2645
f 2537 2538 2645
f 2645 2538 2646
f 2538 2539 2646
f 2646 2539 2647
f 2539 2540 2647
f 2647 2540 2648
f 2540 2541 2648
f 2648 2541 2649
f 2541 2542 2649
f 2649 2542 2650
f 2542 2543 2650
f 2650 2543 2651
f 2543 2544 2651
f 2651 2544 2652
f 2544 2545 2652
f 2652 2545 2653
f 2545 2546 2653
f 2653 2546 2654
f 2546 2547 2654
f 2654 2547 2655
f 2547 2548 2655
f 2655 2548 2656
f 2548 2549 2656
f 2656 2549 2657
f 2549 2550 2657
f 2657 2550 2658
f 2550 2551 2658
f 2658 2551 2659
f 2551 2552 2659
f 2659 2552 2660
f 2552 2553 2660
f 2660 2553 2661
f 2553 2554 2661
f 2661 2554 2662
f 2527 2554 2635
f 2635 2554 2662
f 2530 2638 2555
f 2555 2638 2663
f 2535 2556 2643
f 2643 2556 2664
f 2555 2663 2557
f 2557 2663 2665
f 2556 2558 2664
f 2664 2558 2666
f 2557 2665 2559
f 2559 2665 2667
f 2558 2560 2666
f 2666 2560 2668
f 2559 2667 2561
f 2561 2667 2669
f 2560 2562 2668
f 2668 2562 2670
f 2561 2669 2563
f 2563 2669 2671
f 2562 2564 2670
f 2670 2564 2672
f 2563 2671 2565
f 2565 2671 2673
f 2564 2566 2672
f 2672 2566 2674
f 2565 2673 2567
f 2567 2673 2675
f 2566 2568 2674
f 2674 2568 2676
f 2567 2675 2569
f 2569 2675 2677
f 2568 2570 2676
f 2676 2570 2678
f 2569 2677 2571
f 2571 2677 2679
f 2570 2572 2678
f 2678 2572 2680
f 2571 2679 2573
f 2573 2679 2681
f 2572 2574 2680
f 2680 2574 2682
f 2573 2681 2575
f 2575 2681 2683
f 2574 2576 2682
f 2682 2576 2684
f 2575 2683 2577
f 2577 2683 2685
f 2576 2578 2684
f 2684 2578 2686
f 2577 2685 2579
f 2579 2685 2687
f 2578 2580 2686
f 2686 2580 2688
f 2579 2687 2581
f 2581 2687 2689
f 2580 2582 2688
f 2688 2582 2690
f 2581 2689 2583
f 2583 2689 2691
f 2582 2584 2690
f 2690 2584 2692
f 2583 2691 2585
f 2585 2691 2693
f 2584 2586 2692
f 2692 2586 2694
f 2585 2693 2587
f 2587 2693 2695
f 2586 2588 2694
f 2694 2588 2696
f 2587 2695 2589
f 2589 2695 2697
f 2588 2590 2696
f 2696 2590 2698
f 2589 2697 2591
f 2591 2697 2699
f 2590 2592 2698
f 2698 2592 2700
f 2591 2699 2593
f 2593 2699 2701
f 2592 2594 2700
f 2700 2594 2702
f 2593 2701 2595
f 2595 2701 2703
f 2594 2596 2702
f 2702 2596 2704
f 2595 2703 2597
f 2597 2703 2705
f 2596 2598 2704
f 2704 2598 2706
f 2597 2705 2599
f 2599 2705 2707
f 2598 2600 2706
f 2706 2600 2708
f 2599 2707 2601
f 2601 2707 2709
f 2600 2602 2708
f 2708 2602 2710
f 2603 2604 2711
f 2711 2604 2712
f 2601 2709 2603
f 2603 2709 2711
f 2604 2605 2712
f 2712 2605 2713
f 2605 2606 2713
f 2713 2606 2714
f 2606 2607 2714
f 2714 2607 2715
f 2607 2608 2715
f 2715 2608 2716
f 2608 2609 2716
f 2716 2609 2717
f 2609 2610 2717
f 2717 2610 2718
f 2610 2611 2718
f 2718 2611 2719
f 2602 2611 2710
f 2710 2611 2719
f 2612 2720 2613
f 2613 2720 2721
f 2612 2720 2614
f 2614 2720 2722
f 2613 2721 2615
f 2615 2721 2723
f 2615 2723 2616
f 2616 2723 2724
f 2616 2724 2617
f 2617 2724 2725
f 2617 2725 2618
f 2618 2725 2726
f 2618 2726 2619
f 2619 2726 2727
f 2619 2727 2620
f 2620 2727 2728
f 2620 2728 2621
f 2621 2728 2729
f 2621 2729 2622
f 2622 2729 2730
f 2622 2730 2623
f 2623 2730 2731
f 2623 2731 2624
f 2624 2731 2732
f 2624 2732 2625
f 2625 2732 2733
f 2625 2733 2626
f 2626 2733 2734
f 2626 2734 2627
f 2627 2734 2735
f 2627 2735 2628
f 2628 2735 2736
f 2628 2736 2629
f 2629 2736 2737
f 2629 2737 2630
f 2630 2737 2738
f 2630 2738 2631
f 2631 2738 2739
f 2631 2739 2632
f 2632 2739 2740
f 2632 2740 2633
f 2633 2740 2741
f 2633 2741 2634
f 2634 2741 2742
f 2634 2635 2742
f 2742 2635 2743
f 2744 2745 2746
f 2746 2745 2747
f 2636 2744 2637
f 2637 2744 2745
f 2636 2744 2638
f 2638 2744 2746
f 2745 2748 2747
f 2747 2748 2749
f 2637 2745 2639
f 2639 2745 2748
f 2748 2750 2749
f 2749 2750 2751
f 2639 2748 2640
f 2640 2748 2750
f 2750 2752 2751
f 2751 2752 2753
f 2640 2750 2641
f 2641 2750 2752
f 2752 2754 2753
f 2753 2754 2755
f 2641 2752 2642
f 2642 2752 2754
f 2754 2722 2755
f 2755 2722 2756
f 2642 2754 2614
f 2614 2754 2722
f 2643 2644 2757
f 2757 2644 2758
f 2644 2645 2758
f 2758 2645 2759
f 2645 2646 2759
f 2759 2646 2760
f 2646 2647 2760
f 2760 2647 2761
f 2647 2648 2761
f 2761 2648 2762
f 2648 2649 2762
f 2762 2649 2763
f 2649 2650 2763
f 2763 2650 2764
f 2650 2651 2764
f 2764 2651 2765
f 2651 2652 2765
f 2765 2652 2766
f 2652 2653 2766
f 2766 2653 2767
f 2653 2654 2767
f 2767 2654 2768
f 2654 2655 2768
f 2768 2655 2769
f 2655 2656 2769
f 2769 2656 2770
f 2656 2657 2770
f 2770 2657 2771
f 2657 2658 2771
f 2771 2658 2772
f 2658 2659 2772
f 2772 2659 2773
f 2659 2660 2773
f 2773 2660 2774
f 2660 2661 2774
f 2774 2661 2775
f 2661 2662 2775
f 2775 2662 2776
f 2635 2662 2743
f 2743 2662 2776
f 2746 2747 2777
f 2777 2747 2778
f 2638 2746 2663
f 2663 2746 2777
f 2747 2749 2778
f 2778 2749 2779
f 2749 2751 2779
f 2779 2751 2780
f 2751 2753 2780
f 2780 2753 2781
f 2753 2755 2781
f 2781 2755 2782
f 2755 2756 2782
f 2782 2756 2783
f 2756 2784 2783
f 2783 2784 2785
f 2784 2757 2785
f 2785 2757 2786
f 2643 2664 2757
f 2757 2664 2786
f 2777 2778 2787
f 2787 2778 2788
f 2663 2777 2665
f 2665 2777 2787
f 2778 2779 2788
f 2788 2779 2789
f 2779 2780 2789
f 2789 2780 2790
f 2780 2781 2790
f 2790 2781 2791
f 2781 2782 2791
f 2791 2782 2792
f 2782 2783 2792
f 2792 2783 2793
f 2783 2785 2793
f 2793 2785 2794
f 2785 2786 2794
f 2794 2786 2795
f 2664 2666 2786
f 2786 2666 2795
f 2787 2788 2796
f 2796 2788 2797
f 2665 2787 2667
f 2667 2787 2796
f 2788 2789 2797
f 2797 2789 2798
f 2789 2790 2798
f 2798 2790 2799
f 2790 2791 2799
f 2799 2791 2800
f 2791 2792 2800
f 2800 2792 2801
f 2792 2793 2801
f 2801 2793 2802
f 2793 2794 2802
f 2802 2794 2803
f 2794 2795 2803
f 2803 2795 2804
f 2666 2668 2795
f 2795 2668 2804
f 2796 2797 2805
f 2805 2797 2806
f 2667 2796 2669
f 2669 2796 2805
f 2797 2798 2806
f 2806 2798 2807
f 2798 2799 2807
f 2807 2799 2808
f 2799 2800 2808
f 2808 2800 2809
f 2800 2801 2809
f 2809 2801 2810
f 2801 2802 2810
f 2810 2802 2811
f 2802 2803 2811
f 2811 2803 2812
f 2803 2804 2812
f 2812 2804 2813
f 2668 2670 2804
f 2804 2670 2813
f 2805 2806 2814
f 2814 2806 2815
f 2669 2805 2671
f 2671 2805 2814
f 2806 2807 2815
f 2815 2807 2816
f 2807 2808 2816
f 2816 2808 2817
f 2808 2809 2817
f 2817 2809 2818
f 2809 2810 2818
f 2818 2810 2819
f 2810 2811 2819
f 2819 2811 2820
f 2811 2812 2820
f 2820 2812 2821
f 2812 2813 2821
f 2821 2813 2822
f 2670 2672 2813
f 2813 2672 2822
f 2814 2815 2823
f 2823 2815 2824
f 2671 2814 2673
f 2673 2814 2823
f 2815 2816 2824
f 2824 2816 2825
f 2816 2817 2825
f 2825 2817 2826
f 2817 2818 2826
f 2826 2818 2827
f 2818 2819 2827
f 2827 2819 2828
f 2819 2820 2828
f 2828 2820 2829
f 2820 2821 2829
f 2829 2821 2830
f 2821 2822 2830
f 2830 2822 2831
f 2672 2674 2822
f 2822 2674 2831
f 2823 2824 2832
f 2832 2824 2833
f 2673 2823 2675
f 2675 2823 2832
f 2824 2825 2833
f 2833 2825 2834
f 2825 2826 2834
f 2834 2826 2835
f 2826 2827 2835
f 2835 2827 2836
f 2827 2828 2836
f 2836 2828 2837
f 2828 2829 2837
f 2837 2829 2838
f 2829 2830 2838
f 2838 2830 2839
f 2830 2831 2839
f 2839 2831 2840
f 2674 2676 2831
f 2831 2676 2840
f 2832 2833 2841
f 2841 2833 2842
f 2675 2832 2677
f 2677 2832 2841
f 2833 2834 2842
f 2842 2834 2843
f 2834 2835 2843
f 2843 2835 2844
f 2835 2836 2844
f 2844 2836 2845
f 2836 2837 2845
f 2845 2837 2846
f 2837 2838 2846
f 2846 2838 2847
f 2838 2839 2847
f 2847 2839 2848
f 2839 2840 2848
f 2848 2840 2849
f 2676 2678 2840
f 2840 2678 2849
f 2841 2842 2850
f 2850 2842 2851
f 2677 2841 2679
f 2679 2841 2850
f 2842 2843 2851
f 2851 2843 2852
f 2843 2844 2852
f 2852 2844 2853
f 2844 2845 2853
f 2853 2845 2854
f 2845 2846 2854
f 2854 2846 2855
f 2846 2847 2855
f 2855 2847 2856
f 2847 2848 2856
f 2856 2848 2857
f 2848 2849 2857
f 2857 2849 2858
f 2678 2680 2849
f 2849 2680 2858
f 2850 2851 2859
f 2859 2851 2860
f 2679 2850 2681
f 2681 2850 2859
f 2851 2852 2860
f 2860 2852 2861
f 2852 2853 2861
f 2861 2853 2862
f 2853 2854 2862
f 2862 2854 2863
f 2854 2855 2863
f 2863 2855 2864
f 2855 2856 2864
f 2864 2856 2865
f 2856 2857 2865
f 2865 2857 2866
f 2857 2858 2866
f 2866 2858 2867
f 2680 2682 2858
f 2858 2682 2867
f 2859 2860 2868
f 2868 2860 2869
f 2681 2859 2683
f 2683 2859 2868
f 2860 2861 2869
f 2869 2861 2870
f 2861 2862 2870
f 2870 2862 2871
f 2862 2863 2871
f 2871 2863 2872
f 2863 2864 2872
f 2872 2864 2873
f 2864 2865 2873
f 2873 2865 2874
f 2865 2866 2874
f 2874 2866 2875
f 2866 2867 2875
f 2875 2867 2876
f 2682 2684 2867
f 2867 2684 2876
f 2868 2869 2877
f 2877 2869 2878
f 2683 2868 2685
f 2685 2868 2877
f 2869 2870 2878
f 2878 2870 2879
f 2870 2871 2879
f 2879 2871 2880
f 2871 2872 2880
f 2880 2872 2881
f 2872 2873 2881
f 2881 2873 2882
f 2873 2874 2882
f 2882 2874 2883
f 2874 2875 2883
f 2883 2875 2884
f 2875 2876 2884
f 2884 2876 2885
f 2684 2686 2876
f 2876 2686 2885
f 2877 2878 2886
f 2886 2878 2887
f 2685 2877 2687
f 2687 2877 2886
f 2878 2879 2887
f 2887 2879 2888
f 2879 2880 2888
f 2888 2880 2889
f 2880 2881 2889
f 2889 2881 2890
f 2881 2882 2890
f 2890 2882 2891
f 2882 2883 2891
f 2891 2883 2892
f 2883 2884 2892
f 2892 2884 2893
f 2884 2885 2893
f 2893 2885 2894
f 2686 2688 2885
f 2885 2688 2894
f 2886 2887 2895
f 2895 2887 2896
f 2687 2886 2689
f 2689 2886 2895
f 2887 2888 2896
f 2896 2888 2897
f 2888 2889 2897
f 2897 2889 2898
f 2889 2890 2898
f 2898 2890 2899
f 2890 2891 2899
f 2899 2891 2900
f 2891 2892 2900
f 2900 2892 2901
f 2892 2893 2901
f 2901 2893 2902
f 2893 2894 2902
f 2902 2894 2903
f 2688 2690 2894
f 2894 2690 2903
f 2895 2896 2904
f 2904 2896 2905
f 2689 2895 2691
f 2691 2895 2904
f 2896 2897 2905
f 2905 2897 2906
f 2897 2898 2906
f 2906 2898 2907
f 2898 2899 2907
f 2907 2899 2908
f 2899 2900 2908
f 2908 2900 2909
f 2900 2901 2909
f 2909 2901 2910
f 2901 2902 2910
f 2910 2902 2911
f 2902 2903 2911
f 2911 2903 2912
f 2690 2692 2903
f 2903 2692 2912
f 2904 2905 2913
f 2913 2905 2914
f 2691 2904 2693
f 2693 2904 2913
f 2905 2906 2914
f 2914 2906 2915
f 2906 2907 2915
f 2915 2907 2916
f 2907 2908 2916
f 2916 2908 2917
f 2908 2909 2917
f 2917 2909 2918
f 2909 2910 2918
f 2918 2910 2919
f 2910 2911 2919
f 2919 2911 2920
f 2911 2912 2920
f 2920 2912 2921
f 2692 2694 2912
f 2912 2694 2921
f 2913 2914 2922
f 2922 2914 2923
f 2693 2913 2695
f 2695 2913 2922
f 2914 2915 2923
f 2923 2915 2924
f 2915 2916 2924
f 2924 2916 2925
f 2916 2917 2925
f 2925 2917 2926
f 2917 2918 2926
f 2926 2918 2927
f 2918 2919 2927
f 2927 2919 2928
f 2919 2920 2928
f 2928 2920 2929
f 2920 2921 2929
f 2929 2921 2930
f 2694 2696 2921
f 2921 2696 2930
f 2922 2923 2931
f 2931 2923 2932
f 2695 2922 2697
f 2697 2922 2931
f 2923 2924 2932
f 2932 2924 2933
f 2924 2925 2933
f 2933 2925 2934
f 2925 2926 2934
f 2934 2926 2935
f 2926 2927 2935
f 2935 2927 2936
f 2927 2928 2936
f 2936 2928 2937
f 2928 2929 2937
f 2937 2929 2938
f 2929 2930 2938
f 2938 2930 2939
f 2696 2698 2930
f 2930 2698 2939
f 2931 2932 2940
f 2940 2932 2941
f 2697 2931 2699
f 2699 2931 2940
f 2932 2933 2941
f 2941 2933 2942
f 2933 2934 2942
f 2942 2934 2943
f 2934 2935 2943
f 2943 2935 2944
f 2935 2936 2944
f 2944 2936 2945
f 2936 2937 2945
f 2945 2937 2946
f 2937 2938 2946
f 2946 2938 2947
f 2938 2939 2947
f 2947 2939 2948
f 2698 2700 2939
f 2939 2700 2948
f 2940 2941 2949
f 2949 2941 2950
f 2699 2940 2701
f 2701 2940 2949
f 2941 2942 2950
f 2950 2942 2951
f 2942 2943 2951
f 2951 2943 2952
f 2943 2944 2952
f 2952 2944 2953
f 2944 2945 2953
f 2953 2945 2954
f 2945 2946 2954
f 2954 2946 2955
f 2946 2947 2955
f 2955 2947 2956
f 2947 2948 2956
f 2956 2948 2957
f 2700 2702 2948
f 2948 2702 2957
f 2949 2950 2958
f 2958 2950 2959
f 2701 2949 2703
f 2703 2949 2958
f 2950 2951 2959
f 2959 2951 2960
f 2951 2952 2960
f 2960 2952 2961
f 2952 2953 2961
f 2961 2953 2962
f 2953 2954 2962
f 2962 2954 2963
f 2954 2955 2963
f 2963 2955 2964
f 2955 2956 2964
f 2964 2956 2965
f 2956 2957 2965
f 2965 2957 2966
f 2702 2704 2957
f 2957 2704 2966
f 2958 2959 2967
f 2967 2959 2968
f 2703 2958 2705
f 2705 2958 2967
f 2959 2960 2968
f 2968 2960 2969
f 2960 2961 2969
f 2969 2961 2970
f 2961 2962 2970
f 2970 2962 2971
f 2962 2963 2971
f 2971 2963 2972
f 2963 2964 2972
f 2972 2964 2973
f 2964 2965 2973
f 2973 2965 2974
f 2965 2966 2974
f 2974 2966 2975
f 2704 2706 2966
f 2966 2706 2975
f 2967 2968 2976
f 2976 2968 2977
f 2705 2967 2707
f 2707 2967 2976
f 2968 2969 2977
f 2977 2969 2978
f 2969 2970 2978
f 2978 2970 2979
f 2970 2971 2979
f 2979 2971 2980
f 2971 2972 2980
f 2980 2972 2981
f 2972 2973 2981
f 2981 2973 2982
f 2973 2974 2982
f 2982 2974 2983
f 2974 2975 2983
f 2983 2975 2984
f 2706 2708 2975
f 2975 2708 2984
f 2976 2977 2985
f 2985 2977 2986
f 2707 2976 2709
f 2709 2976 2985
f 2977 2978 2986
f 2986 2978 2987
f 2978 2979 2987
f 2987 2979 2988
f 2979 2980 2988
f 2988 2980 2989
f 2980 2981 2989
f 2989 2981 2990
f 2981 2982 2990
f 2990 2982 2991
f 2982 2983 2991
f 2991 2983 2992
f 2983 2984 2992
f 2992 2984 2993
f 2708 2710 2984
f 2984 2710 2993
f 2985 2986 2994
f 2994 2986 2995
f 2711 2712 2994
f 2994 2712 2995
f 2709 2985 2711
f 2711 2985 2994
f 2986 2987 2995
f 2995 2987 2996
f 2712 2713 2995
f 2995 2713 2996
f 2987 2988 2996
f 2996 2988 2997
f 2713 2714 2996
f 2996 2714 2997
f 2988 2989 2997
f 2997 2989 2998
f 2714 2715 2997
f 2997 2715 2998
f 2989 2990 2998
f 2998 2990 2999
f 2715 2716 2998
f 2998 2716 2999
f 2990 2991 2999
f 2999 2991 3000
f 2716 2717 2999
f 2999 2717 3000
f 2991 2992 3000
f 3000 2992 3001
f 2717 2718 3000
f 3000 2718 3001
f 2992 2993 3001
f 3001 2993 3002
f 2718 2719 3001
f 3001 2719 3002
f 2710 2719 2993
f 2993 2719 3002
f 2720 3003 2721
f 2721 3003 3004
f 2720 3003 2722
f 2722 3003 3005
f 2721 3004 2723
f 2723 3004 3006
f 2723 3006 2724
f 2724 3006 3007
f 2724 3007 2725
f 2725 3007 3008
f 2725 3008 2726
f 2726 3008 3009
f 2726 3009 2727
f 2727 3009 3010
f 2727 3010 2728
f 2728 3010 3011
f 2728 3011 2729
f 2729 3011 3012
f 2729 3012 2730
f 2730 3012 3013
f 2730 3013 2731
f 2731 3013 3014
f 2731 3014 2732
f 2732 3014 3015
f 2732 3015 2733
f 2733 3015 3016
f 2733 3016 2734
f 2734 3016 3017
f 2734 3017 2735
f 2735 3017 3018
f 2735 3018 2736
f 2736 3018 3019
f 2736 3019 2737
f 2737 3019 3020
f 2737 3020 2738
f 2738 3020 3021
f 2738 3021 2739
f 2739 3021 3022
f 2739 3022 2740
f 2740 3022 3023
f 2740 3023 2741
f 2741 3023 3024
f 2741 3024 2742
f 2742 3024 3025
f 2742 2743 3025
f 3025 2743 3026
f 2756 2784 3027
f 3027 2784 3028
f 2722 3005 2756
f 2756 3005 3027
f 2784 2757 3028
f 3028 2757 3029
f 2757 2758 3029
f 3029 2758 3030
f 2758 2759 3030
f 3030 2759 3031
f 2759 2760 3031
f 3031 2760 3032
f 2760 2761 3032
f 3032 2761 3033
f 2761 2762 3033
f 3033 2762 3034
f 2762 2763 3034
f 3034 2763 3035
f 2763 2764 3035
f 3035 2764 3036
f 2764 2765 3036
f 3036 2765 3037
f 2765 2766 3037
f 3037 2766 3038
f 2766 2767 3038
f 3038 2767 3039
f 2767 2768 3039
f 3039 2768 3040
f 2768 2769 3040
f 3040 2769 3041
f 2769 2770 3041
f 3041 2770 3042
f 2770 2771 3042
f 3042 2771 3043
f 2771 2772 3043
f 3043 2772 3044
f 2772 2773 3044
f 3044 2773 3045
f 2773 2774 3045
f 3045 2774 3046
f 2774 2775 3046
f 3046 2775 3047
f 2775 2776 3047
f 3047 2776 3048
f 2743 2776 3026
f 3026 2776 3048
f 3049 3050 3051
f 3051 3050 3052
f 3049 3053 3050
f 3050 3053 3054
f 3049 3053 3051
f 3051 3053 3055
f 3050 3056 3052
f 3052 3056 3057
f 3050 3054 3056
f 3056 3054 3058
f 3056 3059 3057
f 3057 3059 3060
f 3056 3058 3059
f 3059 3058 3061
f 3059 3062 3060
f 3060 3062 3063
f 3059 3061 3062
f 3062 3061 3064
f 3062 3065 3063
f 3063 3065 3066
f 3062 3064 3065
f 3065 3064 3067
f 3065 3066 3067
f 3067 3066 3068
f 3069 3070 3071
f 3071 3070 3072
f 3069 3073 3070
f 3070 3073 3074
f 3069 3073 3071
f 3071 3073 3075
f 3070 3076 3072
f 3072 3076 3077
f 3070 3074 3076
f 3076 3074 3078
f 3076 3079 3077
f 3077 3079 3080
f 3076 3078 3079
f 3079 3078 3081
f 3079 3082 3080
f 3080 3082 3083
f 3079 3081 3082
f 3082 3081 3084
f 3082 3085 3083
f 3083 3085 3086
f 3082 3084 3085
f 3085 3084 3087
f 3085 3086 3087
f 3087 3086 3088
f 3051 3052 3089
f 3089 3052 3090
f 3051 3055 3089
f 3089 3055 3091
f 3052 3057 3090
f 3090 3057 3092
f 3057 3060 3092
f 3092 3060 3093
f 3060 3063 3093
f 3093 3063 3094
f 3063 3066 3094
f 3094 3066 3095
f 3066 3095 3068
f 3068 3095 3096
f 3071 3072 3097
f 3097 3072 3098
f 3071 3075 3097
f 3097 3075 3099
f 3072 3077 3098
f 3098 3077 3100
f 3077 3080 3100
f 3100 3080 3101
f 3080 3083 3101
f 3101 3083 3102
f 3083 3086 3102
f 3102 3086 3103
f 3086 3103 3088
f 3088 3103 3104
f 3089 3090 3105
f 3105 3090 3106
f 3089 3091 3105
f 3105 3091 3107
f 3090 3092 3106
f 3106 3092 3108
f 3092 3093 3108
f 3108 3093 3109
f 3093 3094 3109
f 3109 3094 3110
f 3094 3095 3110
f 3110 3095 3111
f 3095 3111 3096
f 3096 3111 3112
f 3097 3098 3113
f 3113 3098 3114
f 3097 3099 3113
f 3113 3099 3115
f 3098 3100 3114
f 3114 3100 3116
f 3100 3101 3116
f 3116 3101 3117
f 3101 3102 3117
f 3117 3102 3118
f 3102 3103 3118
f 3118 3103 3119
f 3103 3119 3104
f 3104 3119 3120
f 3105 3106 3121
f 3121 3106 3122
f 3105 3107 3121
f 3121 3107 3123
f 3106 3108 3122
f 3122 3108 3124
f 3108 3109 3124
f 3124 3109 3125
f 3109 3110 3125
f 3125 3110 3126
f 3110 3111 3126
f 3126 3111 3127
f 3111 3127 3112
f 3112 3127 3128
f 3113 3114 3129
f 3129 3114 3130
f 3113 3115 3129
f 3129 3115 3131
f 3114 3116 3130
f 3130 3116 3132
f 3116 3117 3132
f 3132 3117 3133
f 3117 3118 3133
f 3133 3118 3134
f 3118 3119 3134
f 3134 3119 3135
f 3119 3135 3120
f 3120 3135 3136
f 3121 3122 3137
f 3137 3122 3138
f 3121 3123 3137
f 3137 3123 3139
f 3122 3124 3138
f 3138 3124 3140
f 3124 3125 3140
f 3140 3125 3141
f 3125 3126 3141
f 3141 3126 3142
f 3126 3127 3142
f 3142 3127 3143
f 3127 3143 3128
f 3128 3143 3144
f 3129 3130 3145
f 3145 3130 3146
f 3129 3131 3145
f 3145 3131 3147
f 3130 3132 3146
f 3146 3132 3148
f 3132 3133 3148
f 3148 3133 3149
f 3133 3134 3149
f 3149 3134 3150
f 3134 3135 3150
f 3150 3135 3151
f 3135 3151 3136
f 3136 3151 3152
f 3137 3138 3153
f 3153 3138 3154
f 3137 3139 3153
f 3153 3139 3155
f 3138 3140 3154
f 3154 3140 3156
f 3140 3141 3156
f 3156 3141 3157
f 3141 3142 3157
f 3157 3142 3158
f 3142 3143 3158
f 3158 3143 3159
f 3143 3159 3144
f 3144 3159 3160
f 3145 3146 3161
f 3161 3146 3162
f 3145 3147 3161
f 3161 3147 3163
f 3146 3148 3162
f 3162 3148 3164
f 3148 3149 3164
f 3164 3149 3165
f 3149 3150 3165
f 3165 3150 3166
f 3150 3151 3166
f 3166 3151 3167
f 3151 3167 3152
f 3152 3167 3168
f 3153 3154 3169
f 3169 3154 3170
f 3153 3155 3169
f 3169 3155 3171
f 3154 3156 3170
f 3170 3156 3172
f 3156 3157 3172
f 3172 3157 3173
f 3157 3158 3173
f 3173 3158 3174
f 3158 3159 3174
f 3174 3159 3175
f 3159 3175 3160
f 3160 3175 3176
f 3161 3162 3177
f 3177 3162 3178
f 3161 3163 3177
f 3177 3163 3179
f 3162 3164 3178
f 3178 3164 3180
f 3164 3165 3180
f 3180 3165 3181
f 3165 3166 3181
f 3181 3166 3182
f 3166 3167 3182
f 3182 3167 3183
f 3167 3183 3168
f 3168 3183 3184
f 3169 3170 3185
f 3185 3170 3186
f 3169 3171 3185
f 3185 3171 3187
f 3170 3172 3186
f 3186 3172 3188
f 3172 3173 3188
f 3188 3173 3189
f 3173 3174 3189
f 3189 3174 3190
f 3174 3175 3190
f 3190 3175 3191
f 3175 3191 3176
f 3176 3191 3192
f 3177 3178 3193
f 3193 3178 3194
f 3177 3179 3193
f 3193 3179 3195
f 3178 3180 3194
f 3194 3180 3196
f 3180 3181 3196
f 3196 3181 3197
f 3181 3182 3197
f 3197 3182 3198
f 3182 3183 3198
f 3198 3183 3199
f 3183 3199 3184
f 3184 3199 3200
f 3185 3186 3201
f 3201 3186 3202
f 3185 3187 3201
f 3201 3187 3203
f 3186 3188 3202
f 3202 3188 3204
f 3188 3189 3204
f 3204 3189 3205
f 3189 3190 3205
f 3205 3190 3206
f 3190 3191 3206
f 3206 3191 3207
f 3191 3207 3192
f 3192 3207 3208
f 3193 3194 3209
f 3209 3194 3210
f 3193 3195 3209
f 3209 3195 3211
f 3194 3196 3210
f 3210 3196 3212
f 3196 3197 3212
f 3212 3197 3213
f 3197 3198 3213
f 3213 3198 3214
f 3198 3199 3214
f 3214 3199 3215
f 3199 3215 3200
f 3200 3215 3216
f 3201 3202 3217
f 3217 3202 3218
f 3201 3203 3217
f 3217 3203 3219
f 3202 3204 3218
f 3218 3204 3220
f 3204 3205 3220
f 3220 3205 3221
f 3205 3206 3221
f 3221 3206 3222
f 3206 3207 3222
f 3222 3207 3223
f 3207 3223 3208
f 3208 3223 3224
f 3209 3210 3225
f 3225 3210 3226
f 3209 3211 3225
f 3225 3211 3227
f 3210 3212 3226
f 3226 3212 3228
f 3212 3213 3228
f 3228 3213 3229
f 3213 3214 3229
f 3229 3214 3230
f 3214 3215 3230
f 3230 3215 3231
f 3215 3231 3216
f 3216 3231 3232
f 3217 3218 3233
f 3233 3218 3234
f 3217 3219 3233
f 3233 3219 3235
f 3218 3220 3234
f 3234 3220 3236
f 3220 3221 3236
f 3236 3221 3237
f 3221 3222 3237
f 3237 3222 3238
f 3222 3223 3238
f 3238 3223 3239
f 3223 3239 3224
f 3224 3239 3240
f 3225 3226 3241
f 3241 3226 3242
f 3225 3227 3241
f 3241 3227 3243
f 3226 3228 3242
f 3242 3228 3244
f 3228 3229 3244
f 3244 3229 3245
f 3229 3230 3245
f 3245 3230 3246
f 3230 3231 3246
f 3246 3231 3247
f 3231 3247 3232
f 3232 3247 3248
f 3233 3234 3249
f 3249 3234 3250
f 3233 3235 3249
f 3249 3235 3251
f 3234 3236 3250
f 3250 3236 3252
f 3236 3237 3252
f 3252 3237 3253
f 3237 3238 3253
f 3253 3238 3254
f 3238 3239 3254
f 3254 3239 3255
f 3239 3255 3240
f 3240 3255 3256
f 3241 3242 3257
f 3257 3242 3258
f 3241 3243 3257
f 3257 3243 3259
f 3242 3244 3258
f 3258 3244 3260
f 3244 3245 3260
f 3260 3245 3261
f 3245 3246 3261
f 3261 3246 3262
f 3246 3247 3262
f 3262 3247 3263
f 3247 3263 3248
f 3248 3263 3264
f 3249 3250 3265
f 3265 3250 3266
f 3249 3251 3265
f 3265 3251 3267
f 3250 3252 3266
f 3266 3252 3268
f 3252 3253 3268
f 3268 3253 3269
f 3253 3254 3269
f 3269 3254 3270
f 3254 3255 3270
f 3270 3255 3271
f 3255 3271 3256
f 3256 3271 3272
f 3257 3258 3273
f 3273 3258 3274
f 3257 3259 3273
f 3273 3259 3275
f 3258 3260 3274
f 3274 3260 3276
f 3260 3261 3276
f 3276 3261 3277
f 3261 3262 3277
f 3277 3262 3278
f 3262 3263 3278
f 3278 3263 3279
f 3263 3279 3264
f 3264 3279 3280
f 3265 3266 3281
f 3281 3266 3282
f 3265 3267 3281
f 3281 3267 3283
f 3266 3268 3282
f 3282 3268 3284
f 3268 3269 3284
f 3284 3269 3285
f 3269 3270 3285
f 3285 3270 3286
f 3270 3271 3286
f 3286 3271 3287
f 3271 3287 3272
f 3272 3287 3288
f 3273 3274 3289
f 3289 3274 3290
f 3273 3275 3289
f 3289 3275 3291
f 3274 3276 3290
f 3290 3276 3292
f 3276 3277 3292
f 3292 3277 3293
f 3277 3278 3293
f 3293 3278 3294
f 3278 3279 3294
f 3294 3279 3295
f 3279 3295 3280
f 3280 3295 3296
f 3281 3282 3297
f 3297 3282 3298
f 3281 3283 3297
f 3297 3283 3299
f 3282 3284 3298
f 3298 3284 3300
f 3284 3285 3300
f 3300 3285 3301
f 3285 3286 3301
f 3301 3286 3302
f 3286 3287 3302
f 3302 3287 3303
f 3287 3303 3288
f 3288 3303 3304
f 3289 3290 3305
f 3305 3290 3306
f 3289 3291 3305
f 3305 3291 3307
f 3290 3292 3306
f 3306 3292 3308
f 3292 3293 3308
f 3308 3293 3309
f 3293 3294 3309
f 3309 3294 3310
f 3294 3295 3310
f 3310 3295 3311
f 3295 3311 3296
f 3296 3311 3312
f 3297 3298 3313
f 3313 3298 3314
f 3297 3299 3313
f 3313 3299 3315
f 3298 3300 3314
f 3314 3300 3316
f 3300 3301 3316
f 3316 3301 3317
f 3301 3302 3317
f 3317 3302 3318
f 3302 3303 3318
f 3318 3303 3319
f 3303 3319 3304
f 3304 3319 3320
f 3305 3306 3321
f 3321 3306 3322
f 3305 3307 3321
f 3321 3307 3323
f 3306 3308 3322
f 3322 3308 3324
f 3308 3309 3324
f 3324 3309 3325
f 3309 3310 3325
f 3325 3310 3326
f 3310 3311 3326
f 3326 3311 3327
f 3311 3327 3312
f 3312 3327 3328
f 3313 3314 3329
f 3329 3314 3330
f 3313 3315 3329
f 3329 3315 3331
f 3314 3316 3330
f 3330 3316 3332
f 3316 3317 3332
f 3332 3317 3333
f 3317 3318 3333
f 3333 3318 3334
f 3318 3319 3334
f 3334 3319 3335
f 3319 3335 3320
f 3320 3335 3336
f 3321 3322 3337
f 3337 3322 3338
f 3321 3323 3337
f 3337 3323 3339
f 3322 3324 3338
f 3338 3324 3340
f 3324 3325 3340
f 3340 3325 3341
f 3325 3326 3341
f 3341 3326 3342
f 3326 3327 3342
f 3342 3327 3343
f 3327 3343 3328
f 3328 3343 3344
f 3329 3330 3345
f 3345 3330 3346
f 3329 3331 3345
f 3345 3331 3347
f 3330 3332 3346
f 3346 3332 3003
f 3332 3333 3003
f 3003 3333 3004
f 3333 3334 3004
f 3004 3334 3006
f 3334 3335 3006
f 3006 3335 3007
f 3335 3007 3336
f 3336 3007 3348
f 3337 3338 3021
f 3021 3338 3022
f 3337 3339 3021
f 3021 3339 3349
f 3338 3340 3022
f 3022 3340 3023
f 3340 3341 3023
f 3023 3341 3024
f 3341 3342 3024
f 3024 3342 3025
f 3342 3343 3025
f 3025 3343 3350
f 3343 3350 3344
f 3344 3350 3351
f 3345 3346 3352
f 3352 3346 3353
f 3345 3347 3352
f 3352 3347 3354
f 3346 3003 3353
f 3353 3003 3005
f 3007 3348 3008
f 3008 3348 3355
f 3008 3355 3009
f 3009 3355 3356
f 3009 3356 3010
f 3010 3356 3357
f 3010 3357 3011
f 3011 3357 3358
f 3011 3358 3012
f 3012 3358 3359
f 3012 3359 3013
f 3013 3359 3360
f 3013 3360 3014
f 3014 3360 3361
f 3014 3361 3015
f 3015 3361 3362
f 3015 3362 3016
f 3016 3362 3363
f 3016 3363 3017
f 3017 3363 3364
f 3017 3364 3018
f 3018 3364 3365
f 3018 3365 3019
f 3019 3365 3366
f 3019 3366 3020
f 3020 3366 3367
f 3020 3367 3021
f 3021 3367 3349
f 3025 3350 3026
f 3026 3350 3368
f 3350 3368 3351
f 3351 3368 3369
f 3352 3353 3370
f 3370 3353 3371
f 3370 3371 3372
f 3372 3371 3373
f 3352 3354 3370
f 3370 3354 3372
f 3353 3005 3371
f 3371 3005 3027
f 3371 3027 3373
f 3373 3027 3374
f 3027 3028 3374
f 3374 3028 3375
f 3028 3029 3375
f 3375 3029 3376
f 3029 3030 3376
f 3376 3030 3377
f 3030 3031 3377
f 3377 3031 3378
f 3031 3032 3378
f 3378 3032 3379
f 3032 3033 3379
f 3379 3033 3380
f 3033 3034 3380
f 3380 3034 3381
f 3034 3035 3381
f 3381 3035 3382
f 3035 3036 3382
f 3382 3036 3383
f 3036 3037 3383
f 3383 3037 3384
f 3037 3038 3384
f 3384 3038 3385
f 3038 3039 3385
f 3385 3039 3386
f 3039 3040 3386
f 3386 3040 3387
f 3040 3041 3387
f 3387 3041 3388
f 3041 3042 3388
f 3388 3042 3389
f 3042 3043 3389
f 3389 3043 3390
f 3043 3044 3390
f 3390 3044 3391
f 3044 3045 3391
f 3391 3045 3392
f 3045 3046 3392
f 3392 3046 3393
f 3046 3047 3393
f 3393 3047 3394
f 3047 3048 3394
f 3394 3048 3395
f 3026 3368 3048
f 3048 3368 3396
f 3048 3396 3395
f 3395 3396 3397
f 3368 3396 3369
f 3369 3396 3397
f 3053 3398 3054
f 3054 3398 3399
f 3053 3398 3055
f 3055 3398 3400
f 3054 3399 3058
f 3058 3399 3401
f 3058 3401 3061
f 3061 3401 3402
f 3061 3402 3064
f 3064 3402 3403
f 3064 3403 3067
f 3067 3403 3404
f 3067 3068 3404
f 3404 3068 3405
f 3073 3406 3074
f 3074 3406 3407
f 3073 3406 3075
f 3075 3406 3408
f 3074 3407 3078
f 3078 3407 3409
f 3078 3409 3081
f 3081 3409 3410
f 3081 3410 3084
f 3084 3410 3411
f 3084 3411 3087
f 3087 3411 3412
f 3087 3088 3412
f 3412 3088 3413
f 3055 3400 3091
f 3091 3400 3414
f 3068 3096 3405
f 3405 3096 3415
f 3075 3408 3099
f 3099 3408 3416
f 3088 3104 3413
f 3413 3104 3417
f 3091 3414 3107
f 3107 3414 3418
f 3096 3112 3415
f 3415 3112 3419
f 3099 3416 3115
f 3115 3416 3420
f 3104 3120 3417
f 3417 3120 3421
f 3107 3418 3123
f 3123 3418 3422
f 3112 3128 3419
f 3419 3128 3423
f 3115 3420 3131
f 3131 3420 3424
f 3120 3136 3421
f 3421 3136 3425
f 3123 3422 3139
f 3139 3422 3426
f 3128 3144 3423
f 3423 3144 3427
f 3131 3424 3147
f 3147 3424 3428
f 3136 3152 3425
f 3425 3152 3429
f 3139 3426 3155
f 3155 3426 3430
f 3144 3160 3427
f 3427 3160 3431
f 3147 3428 3163
f 3163 3428 3432
f 3152 3168 3429
f 3429 3168 3433
f 3155 3430 3171
f 3171 3430 3434
f 3160 3176 3431
f 3431 3176 3435
f 3163 3432 3179
f 3179 3432 3436
f 3168 3184 3433
f 3433 3184 3437
f 3171 3434 3187
f 3187 3434 3438
f 3176 3192 3435
f 3435 3192 3439
f 3179 3436 3195
f 3195 3436 3440
f 3184 3200 3437
f 3437 3200 3441
f 3187 3438 3203
f 3203 3438 3442
f 3192 3208 3439
f 3439 3208 3443
f 3195 3440 3211
f 3211 3440 3444
f 3200 3216 3441
f 3441 3216 3445
f 3203 3442 3219
f 3219 3442 3446
f 3208 3224 3443
f 3443 3224 3447
f 3211 3444 3227
f 3227 3444 3448
f 3216 3232 3445
f 3445 3232 3449
f 3219 3446 3235
f 3235 3446 3450
f 3224 3240 3447
f 3447 3240 3451
f 3227 3448 3243
f 3243 3448 3452
f 3232 3248 3449
f 3449 3248 3453
f 3235 3450 3251
f 3251 3450 3454
f 3240 3256 3451
f 3451 3256 3455
f 3243 3452 3259
f 3259 3452 3456
f 3248 3264 3453
f 3453 3264 3457
f 3251 3454 3267
f 3267 3454 3458
f 3256 3272 3455
f 3455 3272 3459
f 3259 3456 3275
f 3275 3456 3460
f 3264 3280 3457
f 3457 3280 3461
f 3267 3458 3283
f 3283 3458 3462
f 3272 3288 3459
f 3459 3288 3463
f 3275 3460 3291
f 3291 3460 3464
f 3280 3296 3461
f 3461 3296 3465
f 3283 3462 3299
f 3299 3462 3466
f 3288 3304 3463
f 3463 3304 3467
f 3291 3464 3307
f 3307 3464 3468
f 3296 3312 3465
f 3465 3312 3469
f 3299 3466 3315
f 3315 3466 3470
f 3304 3320 3467
f 3467 3320 3471
f 3307 3468 3323
f 3323 3468 3472
f 3312 3328 3469
f 3469 3328 3473
f 3315 3470 3331
f 3331 3470 3474
f 3320 3336 3471
f 3471 3336 3475
f 3323 3472 3339
f 3339 3472 3476
f 3328 3344 3473
f 3473 3344 3477
f 3331 3474 3347
f 3347 3474 3478
f 3336 3348 3475
f 3475 3348 3479
f 3339 3476 3349
f 3349 3476 3480
f 3344 3351 3477
f 3477 3351 3481
f 3347 3478 3354
f 3354 3478 3482
f 3479 3483 3484
f 3484 3483 3485
f 3348 3479 3355
f 3355 3479 3483
f 3483 3486 3485
f 3485 3486 3487
f 3355 3483 3356
f 3356 3483 3486
f 3486 3488 3487
f 3487 3488 3489
f 3356 3486 3357
f 3357 3486 3488
f 3488 3490 3489
f 3489 3490 3491
f 3357 3488 3358
f 3358 3488 3490
f 3490 3492 3491
f 3491 3492 3493
f 3358 3490 3359
f 3359 3490 3492
f 3492 3494 3493
f 3493 3494 3495
f 3359 3492 3360
f 3360 3492 3494
f 3494 3496 3495
f 3495 3496 3497
f 3360 3494 3361
f 3361 3494 3496
f 3496 3498 3497
f 3497 3498 3499
f 3361 3496 3362
f 3362 3496 3498
f 3498 3500 3499
f 3499 3500 3501
f 3362 3498 3363
f 3363 3498 3500
f 3500 3502 3501
f 3501 3502 3503
f 3363 3500 3364
f 3364 3500 3502
f 3502 3504 3503
f 3503 3504 3505
f 3364 3502 3365
f 3365 3502 3504
f 3504 3506 3505
f 3505 3506 3507
f 3365 3504 3366
f 3366 3504 3506
f 3506 3508 3507
f 3507 3508 3509
f 3366 3506 3367
f 3367 3506 3508
f 3508 3480 3509
f 3509 3480 3510
f 3367 3508 3349
f 3349 3508 3480
f 3351 3369 3481
f 3481 3369 3511
f 3372 3373 3512
f 3512 3373 3513
f 3354 3482 3372
f 3372 3482 3512
f 3373 3374 3513
f 3513 3374 3514
f 3374 3375 3514
f 3514 3375 3515
f 3375 3376 3515
f 3515 3376 3516
f 3376 3377 3516
f 3516 3377 3517
f 3484 3485 3517
f 3517 3485 3518
f 3377 3378 3517
f 3517 3378 3518
f 3485 3487 3518
f 3518 3487 3519
f 3378 3379 3518
f 3518 3379 3519
f 3487 3489 3519
f 3519 3489 3520
f 3379 3380 3519
f 3519 3380 3520
f 3489 3491 3520
f 3520 3491 3521
f 3380 3381 3520
f 3520 3381 3521
f 3491 3493 3521
f 3521 3493 3522
f 3381 3382 3521
f 3521 3382 3522
f 3493 3495 3522
f 3522 3495 3523
f 3382 3383 3522
f 3522 3383 3523
f 3495 3497 3523
f 3523 3497 3524
f 3383 3384 3523
f 3523 3384 3524
f 3497 3499 3524
f 3524 3499 3525
f 3384 3385 3524
f 3524 3385 3525
f 3499 3501 3525
f 3525 3501 3526
f 3385 3386 3525
f 3525 3386 3526
f 3501 3503 3526
f 3526 3503 3527
f 3386 3387 3526
f 3526 3387 3527
f 3503 3505 3527
f 3527 3505 3528
f 3387 3388 3527
f 3527 3388 3528
f 3505 3507 3528
f 3528 3507 3529
f 3388 3389 3528
f 3528 3389 3529
f 3507 3509 3529
f 3529 3509 3530
f 3389 3390 3529
f 3529 3390 3530
f 3509 3510 3530
f 3530 3510 3531
f 3390 3391 3530
f 3530 3391 3531
f 3391 3392 3531
f 3531 3392 3532
f 3392 3393 3532
f 3532 3393 3533
f 3393 3394 3533
f 3533 3394 3534
f 3394 3395 3534
f 3534 3395 3535
f 3395 3397 3535
f 3535 3397 3536
f 3369 3397 3511
f 3511 3397 3536
f 3537 3538 3539
f 3539 3538 3540
f 3398 3537 3399
f 3399 3537 3538
f 3398 3537 3400
f 3400 3537 3539
f 3538 3541 3540
f 3540 3541 3542
f 3399 3538 3401
f 3401 3538 3541
f 3541 3543 3542
f 3542 3543 3544
f 3401 3541 3402
f 3402 3541 3543
f 3543 3545 3544
f 3544 3545 3546
f 3402 3543 3403
f 3403 3543 3545
f 3545 3547 3546
f 3546 3547 3548
f 3403 3545 3404
f 3404 3545 3547
f 3404 3405 3547
f 3547 3405 3548
f 3549 3550 3551
f 3551 3550 3552
f 3406 3549 3407
f 3407 3549 3550
f 3406 3549 3408
f 3408 3549 3551
f 3550 3553 3552
f 3552 3553 3554
f 3407 3550 3409
f 3409 3550 3553
f 3553 3555 3554
f 3554 3555 3556
f 3409 3553 3410
f 3410 3553 3555
f 3555 3557 3556
f 3556 3557 3558
f 3410 3555 3411
f 3411 3555 3557
f 3557 3559 3558
f 3558 3559 3560
f 3411 3557 3412
f 3412 3557 3559
f 3412 3413 3559
f 3559 3413 3560
f 3539 3540 3561
f 3561 3540 3562
f 3400 3539 3414
f 3414 3539 3561
f 3540 3542 3562
f 3562 3542 3563
f 3542 3544 3563
f 3563 3544 3564
f 3544 3546 3564
f 3564 3546 3565
f 3546 3548 3565
f 3565 3548 3566
f 3405 3415 3548
f 3548 3415 3566
f 3551 3552 3567
f 3567 3552 3568
f 3408 3551 3416
f 3416 3551 3567
f 3552 3554 3568
f 3568 3554 3569
f 3554 3556 3569
f 3569 3556 3570
f 3556 3558 3570
f 3570 3558 3571
f 3558 3560 3571
f 3571 3560 3572
f 3413 3417 3560
f 3560 3417 3572
f 3561 3562 3573
f 3573 3562 3574
f 3414 3561 3418
f 3418 3561 3573
f 3562 3563 3574
f 3574 3563 3575
f 3563 3564 3575
f 3575 3564 3576
f 3564 3565 3576
f 3576 3565 3577
f 3565 3566 3577
f 3577 3566 3578
f 3415 3419 3566
f 3566 3419 3578
f 3567 3568 3579
f 3579 3568 3580
f 3416 3567 3420
f 3420 3567 3579
f 3568 3569 3580
f 3580 3569 3581
f 3569 3570 3581
f 3581 3570 3582
f 3570 3571 3582
f 3582 3571 3583
f 3571 3572 3583
f 3583 3572 3584
f 3417 3421 3572
f 3572 3421 3584
f 3573 3574 3585
f 3585 3574 3586
f 3418 3573 3422
f 3422 3573 3585
f 3574 3575 3586
f 3586 3575 3587
f 3575 3576 3587
f 3587 3576 3588
f 3576 3577 3588
f 3588 3577 3589
f 3577 3578 3589
f 3589 3578 3590
f 3419 3423 3578
f 3578 3423 3590
f 3579 3580 3591
f 3591 3580 3592
f 3420 3579 3424
f 3424 3579 3591
f 3580 3581 3592
f 3592 3581 3593
f 3581 3582 3593
f 3593 3582 3594
f 3582 3583 3594
f 3594 3583 3595
f 3583 3584 3595
f 3595 3584 3596
f 3421 3425 3584
f 3584 3425 3596
f 3585 3586 3597
f 3597 3586 3598
f 3422 3585 3426
f 3426 3585 3597
f 3586 3587 3598
f 3598 3587 3599
f 3587 3588 3599
f 3599 3588 3600
f 3588 3589 3600
f 3600 3589 3601
f 3589 3590 3601
f 3601 3590 3602
f 3423 3427 3590
f 3590 3427 3602
f 3591 3592 3603
f 3603 3592 3604
f 3424 3591 3428
f 3428 3591 3603
f 3592 3593 3604
f 3604 3593 3605
f 3593 3594 3605
f 3605 3594 3606
f 3594 3595 3606
f 3606 3595 3607
f 3595 3596 3607
f 3607 3596 3608
f 3425 3429 3596
f 3596 3429 3608
f 3597 3598 3609
f 3609 3598 3610
f 3426 3597 3430
f 3430 3597 3609
f 3598 3599 3610
f 3610 3599 3611
f 3599 3600 3611
f 3611 3600 3612
f 3600 3601 3612
f 3612 3601 3613
f 3601 3602 3613
f 3613 3602 3614
f 3427 3431 3602
f 3602 3431 3614
f 3603 3604 3615
f 3615 3604 3616
f 3428 3603 3432
f 3432 3603 3615
f 3604 3605 3616
f 3616 3605 3617
f 3605 3606 3617
f 3617 3606 3618
f 3606 3607 3618
f 3618 3607 3619
f 3607 3608 3619
f 3619 3608 3620
f 3429 3433 3608
f 3608 3433 3620
f 3609 3610 3621
f 3621 3610 3622
f 3430 3609 3434
f 3434 3609 3621
f 3610 3611 3622
f 3622 3611 3623
f 3611 3612 3623
f 3623 3612 3624
f 3612 3613 3624
f 3624 3613 3625
f 3613 3614 3625
f 3625 3614 3626
f 3431 3435 3614
f 3614 3435 3626
f 3615 3616 3627
f 3627 3616 3628
f 3432 3615 3436
f 3436 3615 3627
f 3616 3617 3628
f 3628 3617 3629
f 3617 3618 3629
f 3629 3618 3630
f 3618 3619 3630
f 3630 3619 3631
f 3619 3620 3631
f 3631 3620 3632
f 3433 3437 3620
f 3620 3437 3632
f 3621 3622 3633
f 3633 3622 3634
f 3434 3621 3438
f 3438 3621 3633
f 3622 3623 3634
f 3634 3623 3635
f 3623 3624 3635
f 3635 3624 3636
f 3624 3625 3636
f 3636 3625 3637
f 3625 3626 3637
f 3637 3626 3638
f 3435 3439 3626
f 3626 3439 3638
f 3627 3628 3639
f 3639 3628 3640
f 3436 3627 3440
f 3440 3627 3639
f 3628 3629 3640
f 3640 3629 3641
f 3629 3630 3641
f 3641 3630 3642
f 3630 3631 3642
f 3642 3631 3643
f 3631 3632 3643
f 3643 3632 3644
f 3437 3441 3632
f 3632 3441 3644
f 3633 3634 3645
f 3645 3634 3646
f 3438 3633 3442
f 3442 3633 3645
f 3634 3635 3646
f 3646 3635 3647
f 3635 3636 3647
f 3647 3636 3648
f 3636 3637 3648
f 3648 3637 3649
f 3637 3638 3649
f 3649 3638 3650
f 3439 3443 3638
f 3638 3443 3650
f 3639 3640 3651
f 3651 3640 3652
f 3440 3639 3444
f 3444 3639 3651
f 3640 3641 3652
f 3652 3641 3653
f 3641 3642 3653
f 3653 3642 3654
f 3642 3643 3654
f 3654 3643 3655
f 3643 3644 3655
f 3655 3644 3656
f 3441 3445 3644
f 3644 3445 3656
f 3645 3646 3657
f 3657 3646 3658
f 3442 3645 3446
f 3446 3645 3657
f 3646 3647 3658
f 3658 3647 3659
f 3647 3648 3659
f 3659 3648 3660
f 3648 3649 3660
f 3660 3649 3661
f 3649 3650 3661
f 3661 3650 3662
f 3443 3447 3650
f 3650 3447 3662
f 3651 3652 3663
f 3663 3652 3664
f 3444 3651 3448
f 3448 3651 3663
f 3652 3653 3664
f 3664 3653 3665
f 3653 3654 3665
f 3665 3654 3666
f 3654 3655 3666
f 3666 3655 3667
f 3655 3656 3667
f 3667 3656 3668
f 3445 3449 3656
f 3656 3449 3668
f 3657 3658 3669
f 3669 3658 3670
f 3446 3657 3450
f 3450 3657 3669
f 3658 3659 3670
f 3670 3659 3671
f 3659 3660 3671
f 3671 3660 3672
f 3660 3661 3672
f 3672 3661 3673
f 3661 3662 3673
f 3673 3662 3674
f 3447 3451 3662
f 3662 3451 3674
f 3663 3664 3675
f 3675 3664 3676
f 3448 3663 3452
f 3452 3663 3675
f 3664 3665 3676
f 3676 3665 3677
f 3665 3666 3677
f 3677 3666 3678
f 3666 3667 3678
f 3678 3667 3679
f 3667 3668 3679
f 3679 3668 3680
f 3449 3453 3668
f 3668 3453 3680
f 3669 3670 3681
f 3681 3670 3682
f 3450 3669 3454
f 3454 3669 3681
f 3670 3671 3682
f 3682 3671 3683
f 3671 3672 3683
f 3683 3672 3684
f 3672 3673 3684
f 3684 3673 3685
f 3673 3674 3685
f 3685 3674 3686
f 3451 3455 3674
f 3674 3455 3686
f 3675 3676 3687
f 3687 3676 3688
f 3452 3675 3456
f 3456 3675 3687
f 3676 3677 3688
f 3688 3677 3689
f 3677 3678 3689
f 3689 3678 3690
f 3678 3679 3690
f 3690 3679 3691
f 3679 3680 3691
f 3691 3680 3692
f 3453 3457 3680
f 3680 3457 3692
f 3681 3682 3693
f 3693 3682 3694
f 3454 3681 3458
f 3458 3681 3693
f 3682 3683 3694
f 3694 3683 3695
f 3683 3684 3695
f 3695 3684 3696
f 3684 3685 3696
f 3696 3685 3697
f 3685 3686 3697
f 3697 3686 3698
f 3455 3459 3686
f 3686 3459 3698
f 3687 3688 3699
f 3699 3688 3700
f 3456 3687 3460
f 3460 3687 3699
f 3688 3689 3700
f 3700 3689 3701
f 3689 3690 3701
f 3701 3690 3702
f 3690 3691 3702
f 3702 3691 3703
f 3691 3692 3703
f 3703 3692 3704
f 3457 3461 3692
f 3692 3461 3704
f 3693 3694 3705
f 3705 3694 3706
f 3458 3693 3462
f 3462 3693 3705
f 3694 3695 3706
f 3706 3695 3707
f 3695 3696 3707
f 3707 3696 3708
f 3696 3697 3708
f 3708 3697 3709
f 3697 3698 3709
f 3709 3698 3710
f 3459 3463 3698
f 3698 3463 3710
f 3699 3700 3711
f 3711 3700 3712
f 3460 3699 3464
f 3464 3699 3711
f 3700 3701 3712
f 3712 3701 3713
f 3701 3702 3713
f 3713 3702 3714
f 3702 3703 3714
f 3714 3703 3715
f 3703 3704 3715
f 3715 3704 3716
f 3461 3465 3704
f 3704 3465 3716
f 3705 3706 3717
f 3717 3706 3718
f 3462 3705 3466
f 3466 3705 3717
f 3706 3707 3718
f 3718 3707 3719
f 3707 3708 3719
f 3719 3708 3720
f 3708 3709 3720
f 3720 3709 3721
f 3709 3710 3721
f 3721 3710 3722
f 3463 3467 3710
f 3710 3467 3722
f 3711 3712 3723
f 3723 3712 3724
f 3464 3711 3468
f 3468 3711 3723
f 3712 3713 3724
f 3724 3713 3725
f 3713 3714 3725
f 3725 3714 3726
f 3714 3715 3726
f 3726 3715 3727
f 3715 3716 3727
f 3727 3716 3728
f 3465 3469 3716
f 3716 3469 3728
f 3717 3718 3729
f 3729 3718 3730
f 3466 3717 3470
f 3470 3717 3729
f 3718 3719 3730
f 3730 3719 3731
f 3719 3720 3731
f 3731 3720 3732
f 3720 3721 3732
f 3732 3721 3733
f 3721 3722 3733
f 3733 3722 3734
f 3467 3471 3722
f 3722 3471 3734
f 3723 3724 3735
f 3735 3724 3736
f 3468 3723 3472
f 3472 3723 3735
f 3724 3725 3736
f 3736 3725 3737
f 3725 3726 3737
f 3737 3726 3738
f 3726 3727 3738
f 3738 3727 3739
f 3727 3728 3739
f 3739 3728 3740
f 3469 3473 3728
f 3728 3473 3740
f 3729 3730 3741
f 3741 3730 3742
f 3470 3729 3474
f 3474 3729 3741
f 3730 3731 3742
f 3742 3731 3743
f 3731 3732 3743
f 3743 3732 3744
f 3732 3733 3744
f 3744 3733 3745
f 3733 3734 3745
f 3745 3734 3746
f 3471 3475 3734
f 3734 3475 3746
f 3735 3736 3747
f 3747 3736 3748
f 3472 3735 3476
f 3476 3735 3747
f 3736 3737 3748
f 3748 3737 3749
f 3737 3738 3749
f 3749 3738 3750
f 3738 3739 3750
f 3750 3739 3751
f 3739 3740 3751
f 3751 3740 3752
f 3473 3477 3740
f 3740 3477 3752
f 3741 3742 3753
f 3753 3742 3754
f 3474 3741 3478
f 3478 3741 3753
f 3742 3743 3754
f 3754 3743 3755
f 3743 3744 3755
f 3755 3744 3756
f 3744 3745 3756
f 3756 3745 3757
f 3745 3746 3757
f 3757 3746 3758
f 3475 3479 3746
f 3746 3479 3758
f 3747 3748 3759
f 3759 3748 3760
f 3476 3747 3480
f 3480 3747 3759
f 3748 3749 3760
f 3760 3749 3761
f 3749 3750 3761
f 3761 3750 3762
f 3750 3751 3762
f 3762 3751 3763
f 3751 3752 3763
f 3763 3752 3764
f 3477 3481 3752
f 3752 3481 3764
f 3753 3754 3765
f 3765 3754 3766
f 3478 3753 3482
f 3482 3753 3765
f 3754 3755 3766
f 3766 3755 3767
f 3755 3756 3767
f 3767 3756 3768
f 3756 3757 3768
f 3768 3757 3769
f 3757 3758 3769
f 3769 3758 3770
f 3479 3484 3758
f 3758 3484 3770
f 3759 3760 3771
f 3771 3760 3772
f 3480 3759 3510
f 3510 3759 3771
f 3760 3761 3772
f 3772 3761 3773
f 3761 3762 3773
f 3773 3762 3774
f 3762 3763 3774
f 3774 3763 3775
f 3763 3764 3775
f 3775 3764 3776
f 3481 3511 3764
f 3764 3511 3776
f 3765 3766 3777
f 3777 3766 3778
f 3512 3513 3777
f 3777 3513 3778
f 3482 3765 3512
f 3512 3765 3777
f 3766 3767 3778
f 3778 3767 3779
f 3513 3514 3778
f 3778 3514 3779
f 3767 3768 3779
f 3779 3768 3780
f 3514 3515 3779
f 3779 3515 3780
f 3768 3769 3780
f 3780 3769 3781
f 3515 3516 3780
f 3780 3516 3781
f 3769 3770 3781
f 3781 3770 3782
f 3516 3517 3781
f 3781 3517 3782
f 3484 3517 3770
f 3770 3517 3782
f 3771 3772 3783
f 3783 3772 3784
f 3531 3532 3783
f 3783 3532 3784
f 3510 3771 3531
f 3531 3771 3783
f 3772 3773 3784
f 3784 3773 3785
f 3532 3533 3784
f 3784 3533 3785
f 3773 3774 3785
f 3785 3774 3786
f 3533 3534 3785
f 3785 3534 3786
f 3774 3775 3786
f 3786 3775 3787
f 3534 3535 3786
f 3786 3535 3787
f 3775 3776 3787
f 3787 3776 3788
f 3535 3536 3787
f 3787 3536 3788
f 3511 3536 3776
f 3776 3536 3788
