# Object Export From Tinkercad Server 2015

mtllib obj.mtl

o obj_0
v 0 		1.0064 		0
v -0.1314 		0.9978 		0
v 0 		1.2036 		0.0531
v -0.1571 		1.1933 		0.0531
v 0 		1.3537 		0.1149
v -0.1767 		1.3421 		0.1149
v 0 		1.538 		0.231
v -0.2007 		1.5248 		0.231
v 0 		1.6872 		0.3715
v -0.2202 		1.6728 		0.3715
v 0 		1.7901 		0.5023
v -0.2337 		1.7748 		0.5023
v 0 		1.8602 		0.616
v -0.2428 		1.8443 		0.616
v 0 		1.9071 		0.7095
v -0.2489 		1.8908 		0.7095
v 0 		1.9356 		0.7776
v -0.2526 		1.919 		0.7776
v 0 		1.948 		0.8114
v -0.2543 		1.9314 		0.8114
v 0 		2 		0.963
v -0.2611 		1.9829 		0.963
v 0 		2 		4.7695
v -0.2611 		1.9829 		4.7695
v 0 		1.956 		4.957
v -0.2553 		1.9393 		4.957
v 0 		1.922 		5.0687
v -0.2509 		1.9055 		5.0687
v 0 		1.8818 		5.1755
v -0.2456 		1.8657 		5.1755
v 0 		1.8312 		5.2883
v -0.239 		1.8155 		5.2883
v 0 		1.7342 		5.4621
v -0.2264 		1.7193 		5.4621
v 0 		1.6183 		5.6253
v -0.2112 		1.6044 		5.6253
v 0 		1.4956 		5.7671
v -0.1952 		1.4828 		5.7671
v 0 		1.3703 		5.8892
v -0.1789 		1.3586 		5.8892
v 0 		1.2457 		5.9939
v -0.1626 		1.235 		5.9939
v 0 		1.1243 		6.083
v -0.1467 		1.1146 		6.083
v 0 		1.0083 		6.1584
v -0.1316 		0.9996 		6.1584
v 0 		0.8996 		6.2216
v -0.1174 		0.8919 		6.2216
v 0 		0.8 		6.2738
v -0.1044 		0.7931 		6.2738
v 0 		0.7112 		6.3161
v -0.0928 		0.7051 		6.3161
v 0 		0.635 		6.3492
v -0.0829 		0.6296 		6.3492
v 0 		0.5754 		6.3729
v -0.0751 		0.5705 		6.3729
v 0 		0.5471 		6.3835
v -0.0714 		0.5424 		6.3835
v 0 		0.5263 		6.391
v -0.0687 		0.5218 		6.391
v 0 		0.5105 		6.3964
v -0.0666 		0.5061 		6.3964
v 0 		0.3668 		6.4444
v -0.0479 		0.3636 		6.4444
v 0 		0 		6.4444
v 0 		0 		0
v -0.2605 		0.9721 		0
v -0.3115 		1.1626 		0.0531
v -0.3504 		1.3076 		0.1149
v -0.3981 		1.4856 		0.231
v -0.4367 		1.6298 		0.3715
v -0.4633 		1.7291 		0.5023
v -0.4814 		1.7968 		0.616
v -0.4936 		1.8421 		0.7095
v -0.501 		1.8697 		0.7776
v -0.5042 		1.8817 		0.8114
v -0.5176 		1.9319 		0.963
v -0.5176 		1.9319 		4.7695
v -0.5063 		1.8894 		4.957
v -0.4974 		1.8565 		5.0687
v -0.487 		1.8177 		5.1755
v -0.4739 		1.7688 		5.2883
v -0.4488 		1.6751 		5.4621
v -0.4188 		1.5632 		5.6253
v -0.3871 		1.4447 		5.7671
v -0.3547 		1.3236 		5.8892
v -0.3224 		1.2032 		5.9939
v -0.291 		1.0859 		6.083
v -0.261 		0.9739 		6.1584
v -0.2328 		0.8689 		6.2216
v -0.207 		0.7727 		6.2738
v -0.1841 		0.687 		6.3161
v -0.1644 		0.6134 		6.3492
v -0.1489 		0.5558 		6.3729
v -0.1416 		0.5285 		6.3835
v -0.1362 		0.5084 		6.391
v -0.1321 		0.4931 		6.3964
v -0.0949 		0.3543 		6.4444
v -0.3851 		0.9298 		0
v -0.4606 		1.112 		0.0531
v -0.518 		1.2507 		0.1149
v -0.5886 		1.4209 		0.231
v -0.6457 		1.5588 		0.3715
v -0.685 		1.6539 		0.5023
v -0.7119 		1.7186 		0.616
v -0.7298 		1.7619 		0.7095
v -0.7407 		1.7883 		0.7776
v -0.7455 		1.7998 		0.8114
v -0.7654 		1.8478 		0.963
v -0.7654 		1.8478 		4.7695
v -0.7485 		1.8071 		4.957
v -0.7355 		1.7757 		5.0687
v -0.7201 		1.7386 		5.1755
v -0.7008 		1.6918 		5.2883
v -0.6636 		1.6021 		5.4621
v -0.6193 		1.4951 		5.6253
v -0.5723 		1.3818 		5.7671
v -0.5244 		1.266 		5.8892
v -0.4767 		1.1509 		5.9939
v -0.4302 		1.0387 		6.083
v -0.3858 		0.9315 		6.1584
v -0.3443 		0.8311 		6.2216
v -0.3061 		0.7391 		6.2738
v -0.2722 		0.6571 		6.3161
v -0.243 		0.5867 		6.3492
v -0.2202 		0.5316 		6.3729
v -0.2094 		0.5055 		6.3835
v -0.2014 		0.4863 		6.391
v -0.1953 		0.4716 		6.3964
v -0.1404 		0.3388 		6.4444
v -0.5032 		0.8716 		0
v -0.6018 		1.0424 		0.0531
v -0.6769 		1.1724 		0.1149
v -0.769 		1.3319 		0.231
v -0.8436 		1.4612 		0.3715
v -0.8951 		1.5503 		0.5023
v -0.9301 		1.611 		0.616
v -0.9535 		1.6516 		0.7095
v -0.9678 		1.6763 		0.7776
v -0.974 		1.6871 		0.8114
v -1 		1.7321 		0.963
v -1 		1.7321 		4.7695
v -0.978 		1.694 		4.957
v -0.961 		1.6645 		5.0687
v -0.9409 		1.6297 		5.1755
v -0.9156 		1.5858 		5.2883
v -0.8671 		1.5018 		5.4621
v -0.8091 		1.4015 		5.6253
v -0.7478 		1.2952 		5.7671
v -0.6852 		1.1867 		5.8892
v -0.6228 		1.0788 		5.9939
v -0.5621 		0.9736 		6.083
v -0.5041 		0.8732 		6.1584
v -0.4498 		0.7791 		6.2216
v -0.4 		0.6928 		6.2738
v -0.3556 		0.6159 		6.3161
v -0.3175 		0.5499 		6.3492
v -0.2877 		0.4983 		6.3729
v -0.2736 		0.4738 		6.3835
v -0.2632 		0.4558 		6.391
v -0.2552 		0.4421 		6.3964
v -0.1834 		0.3176 		6.4444
v -0.6126 		0.7984 		0
v -0.7327 		0.9549 		0.0531
v -0.8241 		1.074 		0.1149
v -0.9363 		1.2201 		0.231
v -1.0271 		1.3386 		0.3715
v -1.0898 		1.4202 		0.5023
v -1.1324 		1.4758 		0.616
v -1.161 		1.513 		0.7095
v -1.1783 		1.5356 		0.7776
v -1.1859 		1.5455 		0.8114
v -1.2175 		1.5867 		0.963
v -1.2175 		1.5867 		4.7695
v -1.1907 		1.5518 		4.957
v -1.17 		1.5248 		5.0687
v -1.1456 		1.4929 		5.1755
v -1.1147 		1.4528 		5.2883
v -1.0557 		1.3758 		5.4621
v -0.9852 		1.2839 		5.6253
v -0.9105 		1.1866 		5.7671
v -0.8342 		1.0871 		5.8892
v -0.7583 		0.9883 		5.9939
v -0.6844 		0.8919 		6.083
v -0.6138 		0.7999 		6.1584
v -0.5476 		0.7137 		6.2216
v -0.487 		0.6347 		6.2738
v -0.433 		0.5642 		6.3161
v -0.3866 		0.5038 		6.3492
v -0.3503 		0.4565 		6.3729
v -0.3331 		0.434 		6.3835
v -0.3204 		0.4176 		6.391
v -0.3107 		0.405 		6.3964
v -0.2233 		0.291 		6.4444
v -0.7116 		0.7116 		0
v -0.8511 		0.8511 		0.0531
v -0.9572 		0.9572 		0.1149
v -1.0875 		1.0875 		0.231
v -1.1931 		1.1931 		0.3715
v -1.2658 		1.2658 		0.5023
v -1.3153 		1.3153 		0.616
v -1.3485 		1.3485 		0.7095
v -1.3687 		1.3687 		0.7776
v -1.3775 		1.3775 		0.8114
v -1.4142 		1.4142 		0.963
v -1.4142 		1.4142 		4.7695
v -1.3831 		1.3831 		4.957
v -1.359 		1.359 		5.0687
v -1.3306 		1.3306 		5.1755
v -1.2948 		1.2948 		5.2883
v -1.2262 		1.2262 		5.4621
v -1.1443 		1.1443 		5.6253
v -1.0576 		1.0576 		5.7671
v -0.969 		0.969 		5.8892
v -0.8808 		0.8808 		5.9939
v -0.795 		0.795 		6.083
v -0.713 		0.713 		6.1584
v -0.6361 		0.6361 		6.2216
v -0.5657 		0.5657 		6.2738
v -0.5029 		0.5029 		6.3161
v -0.449 		0.449 		6.3492
v -0.4069 		0.4069 		6.3729
v -0.3869 		0.3869 		6.3835
v -0.3722 		0.3722 		6.391
v -0.361 		0.361 		6.3964
v -0.2593 		0.2593 		6.4444
v -0.7984 		0.6126 		0
v -0.9549 		0.7327 		0.0531
v -1.074 		0.8241 		0.1149
v -1.2201 		0.9363 		0.231
v -1.3386 		1.0271 		0.3715
v -1.4202 		1.0898 		0.5023
v -1.4758 		1.1324 		0.616
v -1.513 		1.161 		0.7095
v -1.5356 		1.1783 		0.7776
v -1.5455 		1.1859 		0.8114
v -1.5867 		1.2175 		0.963
v -1.5867 		1.2175 		4.7695
v -1.5518 		1.1907 		4.957
v -1.5248 		1.17 		5.0687
v -1.4929 		1.1456 		5.1755
v -1.4528 		1.1147 		5.2883
v -1.3758 		1.0557 		5.4621
v -1.2839 		0.9852 		5.6253
v -1.1866 		0.9105 		5.7671
v -1.0871 		0.8342 		5.8892
v -0.9883 		0.7583 		5.9939
v -0.8919 		0.6844 		6.083
v -0.7999 		0.6138 		6.1584
v -0.7137 		0.5476 		6.2216
v -0.6347 		0.487 		6.2738
v -0.5642 		0.433 		6.3161
v -0.5038 		0.3866 		6.3492
v -0.4565 		0.3503 		6.3729
v -0.434 		0.3331 		6.3835
v -0.4176 		0.3204 		6.391
v -0.405 		0.3107 		6.3964
v -0.291 		0.2233 		6.4444
v -0.8716 		0.5032 		0
v -1.0424 		0.6018 		0.0531
v -1.1724 		0.6769 		0.1149
v -1.3319 		0.769 		0.231
v -1.4612 		0.8436 		0.3715
v -1.5503 		0.8951 		0.5023
v -1.611 		0.9301 		0.616
v -1.6516 		0.9535 		0.7095
v -1.6763 		0.9678 		0.7776
v -1.6871 		0.974 		0.8114
v -1.7321 		1 		0.963
v -1.7321 		1 		4.7695
v -1.694 		0.978 		4.957
v -1.6645 		0.961 		5.0687
v -1.6297 		0.9409 		5.1755
v -1.5858 		0.9156 		5.2883
v -1.5018 		0.8671 		5.4621
v -1.4015 		0.8091 		5.6253
v -1.2952 		0.7478 		5.7671
v -1.1867 		0.6852 		5.8892
v -1.0788 		0.6228 		5.9939
v -0.9736 		0.5621 		6.083
v -0.8732 		0.5041 		6.1584
v -0.7791 		0.4498 		6.2216
v -0.6928 		0.4 		6.2738
v -0.6159 		0.3556 		6.3161
v -0.5499 		0.3175 		6.3492
v -0.4983 		0.2877 		6.3729
v -0.4738 		0.2736 		6.3835
v -0.4558 		0.2632 		6.391
v -0.4421 		0.2552 		6.3964
v -0.3176 		0.1834 		6.4444
v -0.9298 		0.3851 		0
v -1.112 		0.4606 		0.0531
v -1.2507 		0.518 		0.1149
v -1.4209 		0.5886 		0.231
v -1.5588 		0.6457 		0.3715
v -1.6539 		0.685 		0.5023
v -1.7186 		0.7119 		0.616
v -1.7619 		0.7298 		0.7095
v -1.7883 		0.7407 		0.7776
v -1.7998 		0.7455 		0.8114
v -1.8478 		0.7654 		0.963
v -1.8478 		0.7654 		4.7695
v -1.8071 		0.7485 		4.957
v -1.7757 		0.7355 		5.0687
v -1.7386 		0.7201 		5.1755
v -1.6918 		0.7008 		5.2883
v -1.6021 		0.6636 		5.4621
v -1.4951 		0.6193 		5.6253
v -1.3818 		0.5723 		5.7671
v -1.266 		0.5244 		5.8892
v -1.1509 		0.4767 		5.9939
v -1.0387 		0.4302 		6.083
v -0.9315 		0.3858 		6.1584
v -0.8311 		0.3443 		6.2216
v -0.7391 		0.3061 		6.2738
v -0.6571 		0.2722 		6.3161
v -0.5867 		0.243 		6.3492
v -0.5316 		0.2202 		6.3729
v -0.5055 		0.2094 		6.3835
v -0.4863 		0.2014 		6.391
v -0.4716 		0.1953 		6.3964
v -0.3388 		0.1404 		6.4444
v -0.9721 		0.2605 		0
v -1.1626 		0.3115 		0.0531
v -1.3076 		0.3504 		0.1149
v -1.4856 		0.3981 		0.231
v -1.6298 		0.4367 		0.3715
v -1.7291 		0.4633 		0.5023
v -1.7968 		0.4814 		0.616
v -1.8421 		0.4936 		0.7095
v -1.8697 		0.501 		0.7776
v -1.8817 		0.5042 		0.8114
v -1.9319 		0.5176 		0.963
v -1.9319 		0.5176 		4.7695
v -1.8894 		0.5063 		4.957
v -1.8565 		0.4974 		5.0687
v -1.8177 		0.487 		5.1755
v -1.7688 		0.4739 		5.2883
v -1.6751 		0.4488 		5.4621
v -1.5632 		0.4188 		5.6253
v -1.4447 		0.3871 		5.7671
v -1.3236 		0.3547 		5.8892
v -1.2032 		0.3224 		5.9939
v -1.0859 		0.291 		6.083
v -0.9739 		0.261 		6.1584
v -0.8689 		0.2328 		6.2216
v -0.7727 		0.207 		6.2738
v -0.687 		0.1841 		6.3161
v -0.6134 		0.1644 		6.3492
v -0.5558 		0.1489 		6.3729
v -0.5285 		0.1416 		6.3835
v -0.5084 		0.1362 		6.391
v -0.4931 		0.1321 		6.3964
v -0.3543 		0.0949 		6.4444
v -0.9978 		0.1314 		0
v -1.1933 		0.1571 		0.0531
v -1.3421 		0.1767 		0.1149
v -1.5248 		0.2007 		0.231
v -1.6728 		0.2202 		0.3715
v -1.7748 		0.2337 		0.5023
v -1.8443 		0.2428 		0.616
v -1.8908 		0.2489 		0.7095
v -1.919 		0.2526 		0.7776
v -1.9314 		0.2543 		0.8114
v -1.9829 		0.2611 		0.963
v -1.9829 		0.2611 		4.7695
v -1.9393 		0.2553 		4.957
v -1.9055 		0.2509 		5.0687
v -1.8657 		0.2456 		5.1755
v -1.8155 		0.239 		5.2883
v -1.7193 		0.2264 		5.4621
v -1.6044 		0.2112 		5.6253
v -1.4828 		0.1952 		5.7671
v -1.3586 		0.1789 		5.8892
v -1.235 		0.1626 		5.9939
v -1.1146 		0.1467 		6.083
v -0.9996 		0.1316 		6.1584
v -0.8919 		0.1174 		6.2216
v -0.7931 		0.1044 		6.2738
v -0.7051 		0.0928 		6.3161
v -0.6296 		0.0829 		6.3492
v -0.5705 		0.0751 		6.3729
v -0.5424 		0.0714 		6.3835
v -0.5218 		0.0687 		6.391
v -0.5061 		0.0666 		6.3964
v -0.3636 		0.0479 		6.4444
v -1.0064 		0 		0
v -1.2036 		0 		0.0531
v -1.3537 		0 		0.1149
v -1.538 		0 		0.231
v -1.6872 		0 		0.3715
v -1.7901 		0 		0.5023
v -1.8602 		0 		0.616
v -1.9071 		0 		0.7095
v -1.9356 		0 		0.7776
v -1.948 		0 		0.8114
v -2 		0 		0.963
v -2 		0 		4.7695
v -1.956 		0 		4.957
v -1.922 		0 		5.0687
v -1.8818 		0 		5.1755
v -1.8312 		0 		5.2883
v -1.7342 		0 		5.4621
v -1.6183 		0 		5.6253
v -1.4956 		0 		5.7671
v -1.3703 		0 		5.8892
v -1.2457 		0 		5.9939
v -1.1243 		0 		6.083
v -1.0083 		0 		6.1584
v -0.8996 		0 		6.2216
v -0.8 		0 		6.2738
v -0.7112 		0 		6.3161
v -0.635 		0 		6.3492
v -0.5754 		0 		6.3729
v -0.5471 		0 		6.3835
v -0.5263 		0 		6.391
v -0.5105 		0 		6.3964
v -0.3668 		0 		6.4444
v -0.9978 		-0.1314 		0
v -1.1933 		-0.1571 		0.0531
v -1.3421 		-0.1767 		0.1149
v -1.5248 		-0.2007 		0.231
v -1.6728 		-0.2202 		0.3715
v -1.7748 		-0.2337 		0.5023
v -1.8443 		-0.2428 		0.616
v -1.8908 		-0.2489 		0.7095
v -1.919 		-0.2526 		0.7776
v -1.9314 		-0.2543 		0.8114
v -1.9829 		-0.2611 		0.963
v -1.9829 		-0.2611 		4.7695
v -1.9393 		-0.2553 		4.957
v -1.9055 		-0.2509 		5.0687
v -1.8657 		-0.2456 		5.1755
v -1.8155 		-0.239 		5.2883
v -1.7193 		-0.2264 		5.4621
v -1.6044 		-0.2112 		5.6253
v -1.4828 		-0.1952 		5.7671
v -1.3586 		-0.1789 		5.8892
v -1.235 		-0.1626 		5.9939
v -1.1146 		-0.1467 		6.083
v -0.9996 		-0.1316 		6.1584
v -0.8919 		-0.1174 		6.2216
v -0.7931 		-0.1044 		6.2738
v -0.7051 		-0.0928 		6.3161
v -0.6296 		-0.0829 		6.3492
v -0.5705 		-0.0751 		6.3729
v -0.5424 		-0.0714 		6.3835
v -0.5218 		-0.0687 		6.391
v -0.5061 		-0.0666 		6.3964
v -0.3636 		-0.0479 		6.4444
v -0.9721 		-0.2605 		0
v -1.1626 		-0.3115 		0.0531
v -1.3076 		-0.3504 		0.1149
v -1.4856 		-0.3981 		0.231
v -1.6298 		-0.4367 		0.3715
v -1.7291 		-0.4633 		0.5023
v -1.7968 		-0.4814 		0.616
v -1.8421 		-0.4936 		0.7095
v -1.8697 		-0.501 		0.7776
v -1.8817 		-0.5042 		0.8114
v -1.9319 		-0.5176 		0.963
v -1.9319 		-0.5176 		4.7695
v -1.8894 		-0.5063 		4.957
v -1.8565 		-0.4974 		5.0687
v -1.8177 		-0.487 		5.1755
v -1.7688 		-0.4739 		5.2883
v -1.6751 		-0.4488 		5.4621
v -1.5632 		-0.4188 		5.6253
v -1.4447 		-0.3871 		5.7671
v -1.3236 		-0.3547 		5.8892
v -1.2032 		-0.3224 		5.9939
v -1.0859 		-0.291 		6.083
v -0.9739 		-0.261 		6.1584
v -0.8689 		-0.2328 		6.2216
v -0.7727 		-0.207 		6.2738
v -0.687 		-0.1841 		6.3161
v -0.6134 		-0.1644 		6.3492
v -0.5558 		-0.1489 		6.3729
v -0.5285 		-0.1416 		6.3835
v -0.5084 		-0.1362 		6.391
v -0.4931 		-0.1321 		6.3964
v -0.3543 		-0.0949 		6.4444
v -0.9298 		-0.3851 		0
v -1.112 		-0.4606 		0.0531
v -1.2507 		-0.518 		0.1149
v -1.4209 		-0.5886 		0.231
v -1.5588 		-0.6457 		0.3715
v -1.6539 		-0.685 		0.5023
v -1.7186 		-0.7119 		0.616
v -1.7619 		-0.7298 		0.7095
v -1.7883 		-0.7407 		0.7776
v -1.7998 		-0.7455 		0.8114
v -1.8478 		-0.7654 		0.963
v -1.8478 		-0.7654 		4.7695
v -1.8071 		-0.7485 		4.957
v -1.7757 		-0.7355 		5.0687
v -1.7386 		-0.7201 		5.1755
v -1.6918 		-0.7008 		5.2883
v -1.6021 		-0.6636 		5.4621
v -1.4951 		-0.6193 		5.6253
v -1.3818 		-0.5723 		5.7671
v -1.266 		-0.5244 		5.8892
v -1.1509 		-0.4767 		5.9939
v -1.0387 		-0.4302 		6.083
v -0.9315 		-0.3858 		6.1584
v -0.8311 		-0.3443 		6.2216
v -0.7391 		-0.3061 		6.2738
v -0.6571 		-0.2722 		6.3161
v -0.5867 		-0.243 		6.3492
v -0.5316 		-0.2202 		6.3729
v -0.5055 		-0.2094 		6.3835
v -0.4863 		-0.2014 		6.391
v -0.4716 		-0.1953 		6.3964
v -0.3388 		-0.1404 		6.4444
v -0.8716 		-0.5032 		0
v -1.0424 		-0.6018 		0.0531
v -1.1724 		-0.6769 		0.1149
v -1.3319 		-0.769 		0.231
v -1.4612 		-0.8436 		0.3715
v -1.5503 		-0.8951 		0.5023
v -1.611 		-0.9301 		0.616
v -1.6516 		-0.9535 		0.7095
v -1.6763 		-0.9678 		0.7776
v -1.6871 		-0.974 		0.8114
v -1.7321 		-1 		0.963
v -1.7321 		-1 		4.7695
v -1.694 		-0.978 		4.957
v -1.6645 		-0.961 		5.0687
v -1.6297 		-0.9409 		5.1755
v -1.5858 		-0.9156 		5.2883
v -1.5018 		-0.8671 		5.4621
v -1.4015 		-0.8091 		5.6253
v -1.2952 		-0.7478 		5.7671
v -1.1867 		-0.6852 		5.8892
v -1.0788 		-0.6228 		5.9939
v -0.9736 		-0.5621 		6.083
v -0.8732 		-0.5041 		6.1584
v -0.7791 		-0.4498 		6.2216
v -0.6928 		-0.4 		6.2738
v -0.6159 		-0.3556 		6.3161
v -0.5499 		-0.3175 		6.3492
v -0.4983 		-0.2877 		6.3729
v -0.4738 		-0.2736 		6.3835
v -0.4558 		-0.2632 		6.391
v -0.4421 		-0.2552 		6.3964
v -0.3176 		-0.1834 		6.4444
v -0.7984 		-0.6126 		0
v -0.9549 		-0.7327 		0.0531
v -1.074 		-0.8241 		0.1149
v -1.2201 		-0.9363 		0.231
v -1.3386 		-1.0271 		0.3715
v -1.4202 		-1.0898 		0.5023
v -1.4758 		-1.1324 		0.616
v -1.513 		-1.161 		0.7095
v -1.5356 		-1.1783 		0.7776
v -1.5455 		-1.1859 		0.8114
v -1.5867 		-1.2175 		0.963
v -1.5867 		-1.2175 		4.7695
v -1.5518 		-1.1907 		4.957
v -1.5248 		-1.17 		5.0687
v -1.4929 		-1.1456 		5.1755
v -1.4528 		-1.1147 		5.2883
v -1.3758 		-1.0557 		5.4621
v -1.2839 		-0.9852 		5.6253
v -1.1866 		-0.9105 		5.7671
v -1.0871 		-0.8342 		5.8892
v -0.9883 		-0.7583 		5.9939
v -0.8919 		-0.6844 		6.083
v -0.7999 		-0.6138 		6.1584
v -0.7137 		-0.5476 		6.2216
v -0.6347 		-0.487 		6.2738
v -0.5642 		-0.433 		6.3161
v -0.5038 		-0.3866 		6.3492
v -0.4565 		-0.3503 		6.3729
v -0.434 		-0.3331 		6.3835
v -0.4176 		-0.3204 		6.391
v -0.405 		-0.3107 		6.3964
v -0.291 		-0.2233 		6.4444
v -0.7116 		-0.7116 		0
v -0.8511 		-0.8511 		0.0531
v -0.9572 		-0.9572 		0.1149
v -1.0875 		-1.0875 		0.231
v -1.1931 		-1.1931 		0.3715
v -1.2658 		-1.2658 		0.5023
v -1.3153 		-1.3153 		0.616
v -1.3485 		-1.3485 		0.7095
v -1.3687 		-1.3687 		0.7776
v -1.3775 		-1.3775 		0.8114
v -1.4142 		-1.4142 		0.963
v -1.4142 		-1.4142 		4.7695
v -1.3831 		-1.3831 		4.957
v -1.359 		-1.359 		5.0687
v -1.3306 		-1.3306 		5.1755
v -1.2948 		-1.2948 		5.2883
v -1.2262 		-1.2262 		5.4621
v -1.1443 		-1.1443 		5.6253
v -1.0576 		-1.0576 		5.7671
v -0.969 		-0.969 		5.8892
v -0.8808 		-0.8808 		5.9939
v -0.795 		-0.795 		6.083
v -0.713 		-0.713 		6.1584
v -0.6361 		-0.6361 		6.2216
v -0.5657 		-0.5657 		6.2738
v -0.5029 		-0.5029 		6.3161
v -0.449 		-0.449 		6.3492
v -0.4069 		-0.4069 		6.3729
v -0.3869 		-0.3869 		6.3835
v -0.3722 		-0.3722 		6.391
v -0.361 		-0.361 		6.3964
v -0.2593 		-0.2593 		6.4444
v -0.6126 		-0.7984 		0
v -0.7327 		-0.9549 		0.0531
v -0.8241 		-1.074 		0.1149
v -0.9363 		-1.2201 		0.231
v -1.0271 		-1.3386 		0.3715
v -1.0898 		-1.4202 		0.5023
v -1.1324 		-1.4758 		0.616
v -1.161 		-1.513 		0.7095
v -1.1783 		-1.5356 		0.7776
v -1.1859 		-1.5455 		0.8114
v -1.2175 		-1.5867 		0.963
v -1.2175 		-1.5867 		4.7695
v -1.1907 		-1.5518 		4.957
v -1.17 		-1.5248 		5.0687
v -1.1456 		-1.4929 		5.1755
v -1.1147 		-1.4528 		5.2883
v -1.0557 		-1.3758 		5.4621
v -0.9852 		-1.2839 		5.6253
v -0.9105 		-1.1866 		5.7671
v -0.8342 		-1.0871 		5.8892
v -0.7583 		-0.9883 		5.9939
v -0.6844 		-0.8919 		6.083
v -0.6138 		-0.7999 		6.1584
v -0.5476 		-0.7137 		6.2216
v -0.487 		-0.6347 		6.2738
v -0.433 		-0.5642 		6.3161
v -0.3866 		-0.5038 		6.3492
v -0.3503 		-0.4565 		6.3729
v -0.3331 		-0.434 		6.3835
v -0.3204 		-0.4176 		6.391
v -0.3107 		-0.405 		6.3964
v -0.2233 		-0.291 		6.4444
v -0.5032 		-0.8716 		0
v -0.6018 		-1.0424 		0.0531
v -0.6769 		-1.1724 		0.1149
v -0.769 		-1.3319 		0.231
v -0.8436 		-1.4612 		0.3715
v -0.8951 		-1.5503 		0.5023
v -0.9301 		-1.611 		0.616
v -0.9535 		-1.6516 		0.7095
v -0.9678 		-1.6763 		0.7776
v -0.974 		-1.6871 		0.8114
v -1 		-1.7321 		0.963
v -1 		-1.7321 		4.7695
v -0.978 		-1.694 		4.957
v -0.961 		-1.6645 		5.0687
v -0.9409 		-1.6297 		5.1755
v -0.9156 		-1.5858 		5.2883
v -0.8671 		-1.5018 		5.4621
v -0.8091 		-1.4015 		5.6253
v -0.7478 		-1.2952 		5.7671
v -0.6852 		-1.1867 		5.8892
v -0.6228 		-1.0788 		5.9939
v -0.5621 		-0.9736 		6.083
v -0.5041 		-0.8732 		6.1584
v -0.4498 		-0.7791 		6.2216
v -0.4 		-0.6928 		6.2738
v -0.3556 		-0.6159 		6.3161
v -0.3175 		-0.5499 		6.3492
v -0.2877 		-0.4983 		6.3729
v -0.2736 		-0.4738 		6.3835
v -0.2632 		-0.4558 		6.391
v -0.2552 		-0.4421 		6.3964
v -0.1834 		-0.3176 		6.4444
v -0.3851 		-0.9298 		0
v -0.4606 		-1.112 		0.0531
v -0.518 		-1.2507 		0.1149
v -0.5886 		-1.4209 		0.231
v -0.6457 		-1.5588 		0.3715
v -0.685 		-1.6539 		0.5023
v -0.7119 		-1.7186 		0.616
v -0.7298 		-1.7619 		0.7095
v -0.7407 		-1.7883 		0.7776
v -0.7455 		-1.7998 		0.8114
v -0.7654 		-1.8478 		0.963
v -0.7654 		-1.8478 		4.7695
v -0.7485 		-1.8071 		4.957
v -0.7355 		-1.7757 		5.0687
v -0.7201 		-1.7386 		5.1755
v -0.7008 		-1.6918 		5.2883
v -0.6636 		-1.6021 		5.4621
v -0.6193 		-1.4951 		5.6253
v -0.5723 		-1.3818 		5.7671
v -0.5244 		-1.266 		5.8892
v -0.4767 		-1.1509 		5.9939
v -0.4302 		-1.0387 		6.083
v -0.3858 		-0.9315 		6.1584
v -0.3443 		-0.8311 		6.2216
v -0.3061 		-0.7391 		6.2738
v -0.2722 		-0.6571 		6.3161
v -0.243 		-0.5867 		6.3492
v -0.2202 		-0.5316 		6.3729
v -0.2094 		-0.5055 		6.3835
v -0.2014 		-0.4863 		6.391
v -0.1953 		-0.4716 		6.3964
v -0.1404 		-0.3388 		6.4444
v -0.2605 		-0.9721 		0
v -0.3115 		-1.1626 		0.0531
v -0.3504 		-1.3076 		0.1149
v -0.3981 		-1.4856 		0.231
v -0.4367 		-1.6298 		0.3715
v -0.4633 		-1.7291 		0.5023
v -0.4814 		-1.7968 		0.616
v -0.4936 		-1.8421 		0.7095
v -0.501 		-1.8697 		0.7776
v -0.5042 		-1.8817 		0.8114
v -0.5176 		-1.9319 		0.963
v -0.5176 		-1.9319 		4.7695
v -0.5063 		-1.8894 		4.957
v -0.4974 		-1.8565 		5.0687
v -0.487 		-1.8177 		5.1755
v -0.4739 		-1.7688 		5.2883
v -0.4488 		-1.6751 		5.4621
v -0.4188 		-1.5632 		5.6253
v -0.3871 		-1.4447 		5.7671
v -0.3547 		-1.3236 		5.8892
v -0.3224 		-1.2032 		5.9939
v -0.291 		-1.0859 		6.083
v -0.261 		-0.9739 		6.1584
v -0.2328 		-0.8689 		6.2216
v -0.207 		-0.7727 		6.2738
v -0.1841 		-0.687 		6.3161
v -0.1644 		-0.6134 		6.3492
v -0.1489 		-0.5558 		6.3729
v -0.1416 		-0.5285 		6.3835
v -0.1362 		-0.5084 		6.391
v -0.1321 		-0.4931 		6.3964
v -0.0949 		-0.3543 		6.4444
v -0.1314 		-0.9978 		0
v -0.1571 		-1.1933 		0.0531
v -0.1767 		-1.3421 		0.1149
v -0.2007 		-1.5248 		0.231
v -0.2202 		-1.6728 		0.3715
v -0.2337 		-1.7748 		0.5023
v -0.2428 		-1.8443 		0.616
v -0.2489 		-1.8908 		0.7095
v -0.2526 		-1.919 		0.7776
v -0.2543 		-1.9314 		0.8114
v -0.2611 		-1.9829 		0.963
v -0.2611 		-1.9829 		4.7695
v -0.2553 		-1.9393 		4.957
v -0.2509 		-1.9055 		5.0687
v -0.2456 		-1.8657 		5.1755
v -0.239 		-1.8155 		5.2883
v -0.2264 		-1.7193 		5.4621
v -0.2112 		-1.6044 		5.6253
v -0.1952 		-1.4828 		5.7671
v -0.1789 		-1.3586 		5.8892
v -0.1626 		-1.235 		5.9939
v -0.1467 		-1.1146 		6.083
v -0.1316 		-0.9996 		6.1584
v -0.1174 		-0.8919 		6.2216
v -0.1044 		-0.7931 		6.2738
v -0.0928 		-0.7051 		6.3161
v -0.0829 		-0.6296 		6.3492
v -0.0751 		-0.5705 		6.3729
v -0.0714 		-0.5424 		6.3835
v -0.0687 		-0.5218 		6.391
v -0.0666 		-0.5061 		6.3964
v -0.0479 		-0.3636 		6.4444
v 0 		-1.0064 		0
v 0 		-1.2036 		0.0531
v 0 		-1.3537 		0.1149
v 0 		-1.538 		0.231
v 0 		-1.6872 		0.3715
v 0 		-1.7901 		0.5023
v 0 		-1.8602 		0.616
v 0 		-1.9071 		0.7095
v 0 		-1.9356 		0.7776
v 0 		-1.948 		0.8114
v 0 		-2 		0.963
v 0 		-2 		4.7695
v 0 		-1.956 		4.957
v 0 		-1.922 		5.0687
v 0 		-1.8818 		5.1755
v 0 		-1.8312 		5.2883
v 0 		-1.7342 		5.4621
v 0 		-1.6183 		5.6253
v 0 		-1.4956 		5.7671
v 0 		-1.3703 		5.8892
v 0 		-1.2457 		5.9939
v 0 		-1.1243 		6.083
v 0 		-1.0083 		6.1584
v 0 		-0.8996 		6.2216
v 0 		-0.8 		6.2738
v 0 		-0.7112 		6.3161
v 0 		-0.635 		6.3492
v 0 		-0.5754 		6.3729
v 0 		-0.5471 		6.3835
v 0 		-0.5263 		6.391
v 0 		-0.5105 		6.3964
v 0 		-0.3668 		6.4444
v 0.1314 		-0.9978 		0
v 0.1571 		-1.1933 		0.0531
v 0.1767 		-1.3421 		0.1149
v 0.2007 		-1.5248 		0.231
v 0.2202 		-1.6728 		0.3715
v 0.2337 		-1.7748 		0.5023
v 0.2428 		-1.8443 		0.616
v 0.2489 		-1.8908 		0.7095
v 0.2526 		-1.919 		0.7776
v 0.2543 		-1.9314 		0.8114
v 0.2611 		-1.9829 		0.963
v 0.2611 		-1.9829 		4.7695
v 0.2553 		-1.9393 		4.957
v 0.2509 		-1.9055 		5.0687
v 0.2456 		-1.8657 		5.1755
v 0.239 		-1.8155 		5.2883
v 0.2264 		-1.7193 		5.4621
v 0.2112 		-1.6044 		5.6253
v 0.1952 		-1.4828 		5.7671
v 0.1789 		-1.3586 		5.8892
v 0.1626 		-1.235 		5.9939
v 0.1467 		-1.1146 		6.083
v 0.1316 		-0.9996 		6.1584
v 0.1174 		-0.8919 		6.2216
v 0.1044 		-0.7931 		6.2738
v 0.0928 		-0.7051 		6.3161
v 0.0829 		-0.6296 		6.3492
v 0.0751 		-0.5705 		6.3729
v 0.0714 		-0.5424 		6.3835
v 0.0687 		-0.5218 		6.391
v 0.0666 		-0.5061 		6.3964
v 0.0479 		-0.3636 		6.4444
v 0.2605 		-0.9721 		0
v 0.3115 		-1.1626 		0.0531
v 0.3504 		-1.3076 		0.1149
v 0.3981 		-1.4856 		0.231
v 0.4367 		-1.6298 		0.3715
v 0.4633 		-1.7291 		0.5023
v 0.4814 		-1.7968 		0.616
v 0.4936 		-1.8421 		0.7095
v 0.501 		-1.8697 		0.7776
v 0.5042 		-1.8817 		0.8114
v 0.5176 		-1.9319 		0.963
v 0.5176 		-1.9319 		4.7695
v 0.5063 		-1.8894 		4.957
v 0.4974 		-1.8565 		5.0687
v 0.487 		-1.8177 		5.1755
v 0.4739 		-1.7688 		5.2883
v 0.4488 		-1.6751 		5.4621
v 0.4188 		-1.5632 		5.6253
v 0.3871 		-1.4447 		5.7671
v 0.3547 		-1.3236 		5.8892
v 0.3224 		-1.2032 		5.9939
v 0.291 		-1.0859 		6.083
v 0.261 		-0.9739 		6.1584
v 0.2328 		-0.8689 		6.2216
v 0.207 		-0.7727 		6.2738
v 0.1841 		-0.687 		6.3161
v 0.1644 		-0.6134 		6.3492
v 0.1489 		-0.5558 		6.3729
v 0.1416 		-0.5285 		6.3835
v 0.1362 		-0.5084 		6.391
v 0.1321 		-0.4931 		6.3964
v 0.0949 		-0.3543 		6.4444
v 0.3851 		-0.9298 		0
v 0.4606 		-1.112 		0.0531
v 0.518 		-1.2507 		0.1149
v 0.5886 		-1.4209 		0.231
v 0.6457 		-1.5588 		0.3715
v 0.685 		-1.6539 		0.5023
v 0.7119 		-1.7186 		0.616
v 0.7298 		-1.7619 		0.7095
v 0.7407 		-1.7883 		0.7776
v 0.7455 		-1.7998 		0.8114
v 0.7654 		-1.8478 		0.963
v 0.7654 		-1.8478 		4.7695
v 0.7485 		-1.8071 		4.957
v 0.7355 		-1.7757 		5.0687
v 0.7201 		-1.7386 		5.1755
v 0.7008 		-1.6918 		5.2883
v 0.6636 		-1.6021 		5.4621
v 0.6193 		-1.4951 		5.6253
v 0.5723 		-1.3818 		5.7671
v 0.5244 		-1.266 		5.8892
v 0.4767 		-1.1509 		5.9939
v 0.4302 		-1.0387 		6.083
v 0.3858 		-0.9315 		6.1584
v 0.3443 		-0.8311 		6.2216
v 0.3061 		-0.7391 		6.2738
v 0.2722 		-0.6571 		6.3161
v 0.243 		-0.5867 		6.3492
v 0.2202 		-0.5316 		6.3729
v 0.2094 		-0.5055 		6.3835
v 0.2014 		-0.4863 		6.391
v 0.1953 		-0.4716 		6.3964
v 0.1404 		-0.3388 		6.4444
v 0.5032 		-0.8716 		0
v 0.6018 		-1.0424 		0.0531
v 0.6769 		-1.1724 		0.1149
v 0.769 		-1.3319 		0.231
v 0.8436 		-1.4612 		0.3715
v 0.8951 		-1.5503 		0.5023
v 0.9301 		-1.611 		0.616
v 0.9535 		-1.6516 		0.7095
v 0.9678 		-1.6763 		0.7776
v 0.974 		-1.6871 		0.8114
v 1 		-1.7321 		0.963
v 1 		-1.7321 		4.7695
v 0.978 		-1.694 		4.957
v 0.961 		-1.6645 		5.0687
v 0.9409 		-1.6297 		5.1755
v 0.9156 		-1.5858 		5.2883
v 0.8671 		-1.5018 		5.4621
v 0.8091 		-1.4015 		5.6253
v 0.7478 		-1.2952 		5.7671
v 0.6852 		-1.1867 		5.8892
v 0.6228 		-1.0788 		5.9939
v 0.5621 		-0.9736 		6.083
v 0.5041 		-0.8732 		6.1584
v 0.4498 		-0.7791 		6.2216
v 0.4 		-0.6928 		6.2738
v 0.3556 		-0.6159 		6.3161
v 0.3175 		-0.5499 		6.3492
v 0.2877 		-0.4983 		6.3729
v 0.2736 		-0.4738 		6.3835
v 0.2632 		-0.4558 		6.391
v 0.2552 		-0.4421 		6.3964
v 0.1834 		-0.3176 		6.4444
v 0.6126 		-0.7984 		0
v 0.7327 		-0.9549 		0.0531
v 0.8241 		-1.074 		0.1149
v 0.9363 		-1.2201 		0.231
v 1.0271 		-1.3386 		0.3715
v 1.0898 		-1.4202 		0.5023
v 1.1324 		-1.4758 		0.616
v 1.161 		-1.513 		0.7095
v 1.1783 		-1.5356 		0.7776
v 1.1859 		-1.5455 		0.8114
v 1.2175 		-1.5867 		0.963
v 1.2175 		-1.5867 		4.7695
v 1.1907 		-1.5518 		4.957
v 1.17 		-1.5248 		5.0687
v 1.1456 		-1.4929 		5.1755
v 1.1147 		-1.4528 		5.2883
v 1.0557 		-1.3758 		5.4621
v 0.9852 		-1.2839 		5.6253
v 0.9105 		-1.1866 		5.7671
v 0.8342 		-1.0871 		5.8892
v 0.7583 		-0.9883 		5.9939
v 0.6844 		-0.8919 		6.083
v 0.6138 		-0.7999 		6.1584
v 0.5476 		-0.7137 		6.2216
v 0.487 		-0.6347 		6.2738
v 0.433 		-0.5642 		6.3161
v 0.3866 		-0.5038 		6.3492
v 0.3503 		-0.4565 		6.3729
v 0.3331 		-0.434 		6.3835
v 0.3204 		-0.4176 		6.391
v 0.3107 		-0.405 		6.3964
v 0.2233 		-0.291 		6.4444
v 0.7116 		-0.7116 		0
v 0.8511 		-0.8511 		0.0531
v 0.9572 		-0.9572 		0.1149
v 1.0875 		-1.0875 		0.231
v 1.1931 		-1.1931 		0.3715
v 1.2658 		-1.2658 		0.5023
v 1.3153 		-1.3153 		0.616
v 1.3485 		-1.3485 		0.7095
v 1.3687 		-1.3687 		0.7776
v 1.3775 		-1.3775 		0.8114
v 1.4142 		-1.4142 		0.963
v 1.4142 		-1.4142 		4.7695
v 1.3831 		-1.3831 		4.957
v 1.359 		-1.359 		5.0687
v 1.3306 		-1.3306 		5.1755
v 1.2948 		-1.2948 		5.2883
v 1.2262 		-1.2262 		5.4621
v 1.1443 		-1.1443 		5.6253
v 1.0576 		-1.0576 		5.7671
v 0.969 		-0.969 		5.8892
v 0.8808 		-0.8808 		5.9939
v 0.795 		-0.795 		6.083
v 0.713 		-0.713 		6.1584
v 0.6361 		-0.6361 		6.2216
v 0.5657 		-0.5657 		6.2738
v 0.5029 		-0.5029 		6.3161
v 0.449 		-0.449 		6.3492
v 0.4069 		-0.4069 		6.3729
v 0.3869 		-0.3869 		6.3835
v 0.3722 		-0.3722 		6.391
v 0.361 		-0.361 		6.3964
v 0.2593 		-0.2593 		6.4444
v 0.7984 		-0.6126 		0
v 0.9549 		-0.7327 		0.0531
v 1.074 		-0.8241 		0.1149
v 1.2201 		-0.9363 		0.231
v 1.3386 		-1.0271 		0.3715
v 1.4202 		-1.0898 		0.5023
v 1.4758 		-1.1324 		0.616
v 1.513 		-1.161 		0.7095
v 1.5356 		-1.1783 		0.7776
v 1.5455 		-1.1859 		0.8114
v 1.5867 		-1.2175 		0.963
v 1.5867 		-1.2175 		4.7695
v 1.5518 		-1.1907 		4.957
v 1.5248 		-1.17 		5.0687
v 1.4929 		-1.1456 		5.1755
v 1.4528 		-1.1147 		5.2883
v 1.3758 		-1.0557 		5.4621
v 1.2839 		-0.9852 		5.6253
v 1.1866 		-0.9105 		5.7671
v 1.0871 		-0.8342 		5.8892
v 0.9883 		-0.7583 		5.9939
v 0.8919 		-0.6844 		6.083
v 0.7999 		-0.6138 		6.1584
v 0.7137 		-0.5476 		6.2216
v 0.6347 		-0.487 		6.2738
v 0.5642 		-0.433 		6.3161
v 0.5038 		-0.3866 		6.3492
v 0.4565 		-0.3503 		6.3729
v 0.434 		-0.3331 		6.3835
v 0.4176 		-0.3204 		6.391
v 0.405 		-0.3107 		6.3964
v 0.291 		-0.2233 		6.4444
v 0.8716 		-0.5032 		0
v 1.0424 		-0.6018 		0.0531
v 1.1724 		-0.6769 		0.1149
v 1.3319 		-0.769 		0.231
v 1.4612 		-0.8436 		0.3715
v 1.5503 		-0.8951 		0.5023
v 1.611 		-0.9301 		0.616
v 1.6516 		-0.9535 		0.7095
v 1.6763 		-0.9678 		0.7776
v 1.6871 		-0.974 		0.8114
v 1.7321 		-1 		0.963
v 1.7321 		-1 		4.7695
v 1.694 		-0.978 		4.957
v 1.6645 		-0.961 		5.0687
v 1.6297 		-0.9409 		5.1755
v 1.5858 		-0.9156 		5.2883
v 1.5018 		-0.8671 		5.4621
v 1.4015 		-0.8091 		5.6253
v 1.2952 		-0.7478 		5.7671
v 1.1867 		-0.6852 		5.8892
v 1.0788 		-0.6228 		5.9939
v 0.9736 		-0.5621 		6.083
v 0.8732 		-0.5041 		6.1584
v 0.7791 		-0.4498 		6.2216
v 0.6928 		-0.4 		6.2738
v 0.6159 		-0.3556 		6.3161
v 0.5499 		-0.3175 		6.3492
v 0.4983 		-0.2877 		6.3729
v 0.4738 		-0.2736 		6.3835
v 0.4558 		-0.2632 		6.391
v 0.4421 		-0.2552 		6.3964
v 0.3176 		-0.1834 		6.4444
v 0.9298 		-0.3851 		0
v 1.112 		-0.4606 		0.0531
v 1.2507 		-0.518 		0.1149
v 1.4209 		-0.5886 		0.231
v 1.5588 		-0.6457 		0.3715
v 1.6539 		-0.685 		0.5023
v 1.7186 		-0.7119 		0.616
v 1.7619 		-0.7298 		0.7095
v 1.7883 		-0.7407 		0.7776
v 1.7998 		-0.7455 		0.8114
v 1.8478 		-0.7654 		0.963
v 1.8478 		-0.7654 		4.7695
v 1.8071 		-0.7485 		4.957
v 1.7757 		-0.7355 		5.0687
v 1.7386 		-0.7201 		5.1755
v 1.6918 		-0.7008 		5.2883
v 1.6021 		-0.6636 		5.4621
v 1.4951 		-0.6193 		5.6253
v 1.3818 		-0.5723 		5.7671
v 1.266 		-0.5244 		5.8892
v 1.1509 		-0.4767 		5.9939
v 1.0387 		-0.4302 		6.083
v 0.9315 		-0.3858 		6.1584
v 0.8311 		-0.3443 		6.2216
v 0.7391 		-0.3061 		6.2738
v 0.6571 		-0.2722 		6.3161
v 0.5867 		-0.243 		6.3492
v 0.5316 		-0.2202 		6.3729
v 0.5055 		-0.2094 		6.3835
v 0.4863 		-0.2014 		6.391
v 0.4716 		-0.1953 		6.3964
v 0.3388 		-0.1404 		6.4444
v 0.9721 		-0.2605 		0
v 1.1626 		-0.3115 		0.0531
v 1.3076 		-0.3504 		0.1149
v 1.4856 		-0.3981 		0.231
v 1.6298 		-0.4367 		0.3715
v 1.7291 		-0.4633 		0.5023
v 1.7968 		-0.4814 		0.616
v 1.8421 		-0.4936 		0.7095
v 1.8697 		-0.501 		0.7776
v 1.8817 		-0.5042 		0.8114
v 1.9319 		-0.5176 		0.963
v 1.9319 		-0.5176 		4.7695
v 1.8894 		-0.5063 		4.957
v 1.8565 		-0.4974 		5.0687
v 1.8177 		-0.487 		5.1755
v 1.7688 		-0.4739 		5.2883
v 1.6751 		-0.4488 		5.4621
v 1.5632 		-0.4188 		5.6253
v 1.4447 		-0.3871 		5.7671
v 1.3236 		-0.3547 		5.8892
v 1.2032 		-0.3224 		5.9939
v 1.0859 		-0.291 		6.083
v 0.9739 		-0.261 		6.1584
v 0.8689 		-0.2328 		6.2216
v 0.7727 		-0.207 		6.2738
v 0.687 		-0.1841 		6.3161
v 0.6134 		-0.1644 		6.3492
v 0.5558 		-0.1489 		6.3729
v 0.5285 		-0.1416 		6.3835
v 0.5084 		-0.1362 		6.391
v 0.4931 		-0.1321 		6.3964
v 0.3543 		-0.0949 		6.4444
v 0.9978 		-0.1314 		0
v 1.1933 		-0.1571 		0.0531
v 1.3421 		-0.1767 		0.1149
v 1.5248 		-0.2007 		0.231
v 1.6728 		-0.2202 		0.3715
v 1.7748 		-0.2337 		0.5023
v 1.8443 		-0.2428 		0.616
v 1.8908 		-0.2489 		0.7095
v 1.919 		-0.2526 		0.7776
v 1.9314 		-0.2543 		0.8114
v 1.9829 		-0.2611 		0.963
v 1.9829 		-0.2611 		4.7695
v 1.9393 		-0.2553 		4.957
v 1.9055 		-0.2509 		5.0687
v 1.8657 		-0.2456 		5.1755
v 1.8155 		-0.239 		5.2883
v 1.7193 		-0.2264 		5.4621
v 1.6044 		-0.2112 		5.6253
v 1.4828 		-0.1952 		5.7671
v 1.3586 		-0.1789 		5.8892
v 1.235 		-0.1626 		5.9939
v 1.1146 		-0.1467 		6.083
v 0.9996 		-0.1316 		6.1584
v 0.8919 		-0.1174 		6.2216
v 0.7931 		-0.1044 		6.2738
v 0.7051 		-0.0928 		6.3161
v 0.6296 		-0.0829 		6.3492
v 0.5705 		-0.0751 		6.3729
v 0.5424 		-0.0714 		6.3835
v 0.5218 		-0.0687 		6.391
v 0.5061 		-0.0666 		6.3964
v 0.3636 		-0.0479 		6.4444
v 1.0064 		0 		0
v 1.2036 		0 		0.0531
v 1.3537 		0 		0.1149
v 1.538 		0 		0.231
v 1.6872 		0 		0.3715
v 1.7901 		0 		0.5023
v 1.8602 		0 		0.616
v 1.9071 		0 		0.7095
v 1.9356 		0 		0.7776
v 1.948 		0 		0.8114
v 2 		0 		0.963
v 2 		0 		4.7695
v 1.956 		0 		4.957
v 1.922 		0 		5.0687
v 1.8818 		0 		5.1755
v 1.8312 		0 		5.2883
v 1.7342 		0 		5.4621
v 1.6183 		0 		5.6253
v 1.4956 		0 		5.7671
v 1.3703 		0 		5.8892
v 1.2457 		0 		5.9939
v 1.1243 		0 		6.083
v 1.0083 		0 		6.1584
v 0.8996 		0 		6.2216
v 0.8 		0 		6.2738
v 0.7112 		0 		6.3161
v 0.635 		0 		6.3492
v 0.5754 		0 		6.3729
v 0.5471 		0 		6.3835
v 0.5263 		0 		6.391
v 0.5105 		0 		6.3964
v 0.3668 		0 		6.4444
v 0.9978 		0.1314 		0
v 1.1933 		0.1571 		0.0531
v 1.3421 		0.1767 		0.1149
v 1.5248 		0.2007 		0.231
v 1.6728 		0.2202 		0.3715
v 1.7748 		0.2337 		0.5023
v 1.8443 		0.2428 		0.616
v 1.8908 		0.2489 		0.7095
v 1.919 		0.2526 		0.7776
v 1.9314 		0.2543 		0.8114
v 1.9829 		0.2611 		0.963
v 1.9829 		0.2611 		4.7695
v 1.9393 		0.2553 		4.957
v 1.9055 		0.2509 		5.0687
v 1.8657 		0.2456 		5.1755
v 1.8155 		0.239 		5.2883
v 1.7193 		0.2264 		5.4621
v 1.6044 		0.2112 		5.6253
v 1.4828 		0.1952 		5.7671
v 1.3586 		0.1789 		5.8892
v 1.235 		0.1626 		5.9939
v 1.1146 		0.1467 		6.083
v 0.9996 		0.1316 		6.1584
v 0.8919 		0.1174 		6.2216
v 0.7931 		0.1044 		6.2738
v 0.7051 		0.0928 		6.3161
v 0.6296 		0.0829 		6.3492
v 0.5705 		0.0751 		6.3729
v 0.5424 		0.0714 		6.3835
v 0.5218 		0.0687 		6.391
v 0.5061 		0.0666 		6.3964
v 0.3636 		0.0479 		6.4444
v 0.9721 		0.2605 		0
v 1.1626 		0.3115 		0.0531
v 1.3076 		0.3504 		0.1149
v 1.4856 		0.3981 		0.231
v 1.6298 		0.4367 		0.3715
v 1.7291 		0.4633 		0.5023
v 1.7968 		0.4814 		0.616
v 1.8421 		0.4936 		0.7095
v 1.8697 		0.501 		0.7776
v 1.8817 		0.5042 		0.8114
v 1.9319 		0.5176 		0.963
v 1.9319 		0.5176 		4.7695
v 1.8894 		0.5063 		4.957
v 1.8565 		0.4974 		5.0687
v 1.8177 		0.487 		5.1755
v 1.7688 		0.4739 		5.2883
v 1.6751 		0.4488 		5.4621
v 1.5632 		0.4188 		5.6253
v 1.4447 		0.3871 		5.7671
v 1.3236 		0.3547 		5.8892
v 1.2032 		0.3224 		5.9939
v 1.0859 		0.291 		6.083
v 0.9739 		0.261 		6.1584
v 0.8689 		0.2328 		6.2216
v 0.7727 		0.207 		6.2738
v 0.687 		0.1841 		6.3161
v 0.6134 		0.1644 		6.3492
v 0.5558 		0.1489 		6.3729
v 0.5285 		0.1416 		6.3835
v 0.5084 		0.1362 		6.391
v 0.4931 		0.1321 		6.3964
v 0.3543 		0.0949 		6.4444
v 0.9298 		0.3851 		0
v 1.112 		0.4606 		0.0531
v 1.2507 		0.518 		0.1149
v 1.4209 		0.5886 		0.231
v 1.5588 		0.6457 		0.3715
v 1.6539 		0.685 		0.5023
v 1.7186 		0.7119 		0.616
v 1.7619 		0.7298 		0.7095
v 1.7883 		0.7407 		0.7776
v 1.7998 		0.7455 		0.8114
v 1.8478 		0.7654 		0.963
v 1.8478 		0.7654 		4.7695
v 1.8071 		0.7485 		4.957
v 1.7757 		0.7355 		5.0687
v 1.7386 		0.7201 		5.1755
v 1.6918 		0.7008 		5.2883
v 1.6021 		0.6636 		5.4621
v 1.4951 		0.6193 		5.6253
v 1.3818 		0.5723 		5.7671
v 1.266 		0.5244 		5.8892
v 1.1509 		0.4767 		5.9939
v 1.0387 		0.4302 		6.083
v 0.9315 		0.3858 		6.1584
v 0.8311 		0.3443 		6.2216
v 0.7391 		0.3061 		6.2738
v 0.6571 		0.2722 		6.3161
v 0.5867 		0.243 		6.3492
v 0.5316 		0.2202 		6.3729
v 0.5055 		0.2094 		6.3835
v 0.4863 		0.2014 		6.391
v 0.4716 		0.1953 		6.3964
v 0.3388 		0.1404 		6.4444
v 0.8716 		0.5032 		0
v 1.0424 		0.6018 		0.0531
v 1.1724 		0.6769 		0.1149
v 1.3319 		0.769 		0.231
v 1.4612 		0.8436 		0.3715
v 1.5503 		0.8951 		0.5023
v 1.611 		0.9301 		0.616
v 1.6516 		0.9535 		0.7095
v 1.6763 		0.9678 		0.7776
v 1.6871 		0.974 		0.8114
v 1.7321 		1 		0.963
v 1.7321 		1 		4.7695
v 1.694 		0.978 		4.957
v 1.6645 		0.961 		5.0687
v 1.6297 		0.9409 		5.1755
v 1.5858 		0.9156 		5.2883
v 1.5018 		0.8671 		5.4621
v 1.4015 		0.8091 		5.6253
v 1.2952 		0.7478 		5.7671
v 1.1867 		0.6852 		5.8892
v 1.0788 		0.6228 		5.9939
v 0.9736 		0.5621 		6.083
v 0.8732 		0.5041 		6.1584
v 0.7791 		0.4498 		6.2216
v 0.6928 		0.4 		6.2738
v 0.6159 		0.3556 		6.3161
v 0.5499 		0.3175 		6.3492
v 0.4983 		0.2877 		6.3729
v 0.4738 		0.2736 		6.3835
v 0.4558 		0.2632 		6.391
v 0.4421 		0.2552 		6.3964
v 0.3176 		0.1834 		6.4444
v 0.7984 		0.6126 		0
v 0.9549 		0.7327 		0.0531
v 1.074 		0.8241 		0.1149
v 1.2201 		0.9363 		0.231
v 1.3386 		1.0271 		0.3715
v 1.4202 		1.0898 		0.5023
v 1.4758 		1.1324 		0.616
v 1.513 		1.161 		0.7095
v 1.5356 		1.1783 		0.7776
v 1.5455 		1.1859 		0.8114
v 1.5867 		1.2175 		0.963
v 1.5867 		1.2175 		4.7695
v 1.5518 		1.1907 		4.957
v 1.5248 		1.17 		5.0687
v 1.4929 		1.1456 		5.1755
v 1.4528 		1.1147 		5.2883
v 1.3758 		1.0557 		5.4621
v 1.2839 		0.9852 		5.6253
v 1.1866 		0.9105 		5.7671
v 1.0871 		0.8342 		5.8892
v 0.9883 		0.7583 		5.9939
v 0.8919 		0.6844 		6.083
v 0.7999 		0.6138 		6.1584
v 0.7137 		0.5476 		6.2216
v 0.6347 		0.487 		6.2738
v 0.5642 		0.433 		6.3161
v 0.5038 		0.3866 		6.3492
v 0.4565 		0.3503 		6.3729
v 0.434 		0.3331 		6.3835
v 0.4176 		0.3204 		6.391
v 0.405 		0.3107 		6.3964
v 0.291 		0.2233 		6.4444
v 0.7116 		0.7116 		0
v 0.8511 		0.8511 		0.0531
v 0.9572 		0.9572 		0.1149
v 1.0875 		1.0875 		0.231
v 1.1931 		1.1931 		0.3715
v 1.2658 		1.2658 		0.5023
v 1.3153 		1.3153 		0.616
v 1.3485 		1.3485 		0.7095
v 1.3687 		1.3687 		0.7776
v 1.3775 		1.3775 		0.8114
v 1.4142 		1.4142 		0.963
v 1.4142 		1.4142 		4.7695
v 1.3831 		1.3831 		4.957
v 1.359 		1.359 		5.0687
v 1.3306 		1.3306 		5.1755
v 1.2948 		1.2948 		5.2883
v 1.2262 		1.2262 		5.4621
v 1.1443 		1.1443 		5.6253
v 1.0576 		1.0576 		5.7671
v 0.969 		0.969 		5.8892
v 0.8808 		0.8808 		5.9939
v 0.795 		0.795 		6.083
v 0.713 		0.713 		6.1584
v 0.6361 		0.6361 		6.2216
v 0.5657 		0.5657 		6.2738
v 0.5029 		0.5029 		6.3161
v 0.449 		0.449 		6.3492
v 0.4069 		0.4069 		6.3729
v 0.3869 		0.3869 		6.3835
v 0.3722 		0.3722 		6.391
v 0.361 		0.361 		6.3964
v 0.2593 		0.2593 		6.4444
v 0.6126 		0.7984 		0
v 0.7327 		0.9549 		0.0531
v 0.8241 		1.074 		0.1149
v 0.9363 		1.2201 		0.231
v 1.0271 		1.3386 		0.3715
v 1.0898 		1.4202 		0.5023
v 1.1324 		1.4758 		0.616
v 1.161 		1.513 		0.7095
v 1.1783 		1.5356 		0.7776
v 1.1859 		1.5455 		0.8114
v 1.2175 		1.5867 		0.963
v 1.2175 		1.5867 		4.7695
v 1.1907 		1.5518 		4.957
v 1.17 		1.5248 		5.0687
v 1.1456 		1.4929 		5.1755
v 1.1147 		1.4528 		5.2883
v 1.0557 		1.3758 		5.4621
v 0.9852 		1.2839 		5.6253
v 0.9105 		1.1866 		5.7671
v 0.8342 		1.0871 		5.8892
v 0.7583 		0.9883 		5.9939
v 0.6844 		0.8919 		6.083
v 0.6138 		0.7999 		6.1584
v 0.5476 		0.7137 		6.2216
v 0.487 		0.6347 		6.2738
v 0.433 		0.5642 		6.3161
v 0.3866 		0.5038 		6.3492
v 0.3503 		0.4565 		6.3729
v 0.3331 		0.434 		6.3835
v 0.3204 		0.4176 		6.391
v 0.3107 		0.405 		6.3964
v 0.2233 		0.291 		6.4444
v 0.5032 		0.8716 		0
v 0.6018 		1.0424 		0.0531
v 0.6769 		1.1724 		0.1149
v 0.769 		1.3319 		0.231
v 0.8436 		1.4612 		0.3715
v 0.8951 		1.5503 		0.5023
v 0.9301 		1.611 		0.616
v 0.9535 		1.6516 		0.7095
v 0.9678 		1.6763 		0.7776
v 0.974 		1.6871 		0.8114
v 1 		1.7321 		0.963
v 1 		1.7321 		4.7695
v 0.978 		1.694 		4.957
v 0.961 		1.6645 		5.0687
v 0.9409 		1.6297 		5.1755
v 0.9156 		1.5858 		5.2883
v 0.8671 		1.5018 		5.4621
v 0.8091 		1.4015 		5.6253
v 0.7478 		1.2952 		5.7671
v 0.6852 		1.1867 		5.8892
v 0.6228 		1.0788 		5.9939
v 0.5621 		0.9736 		6.083
v 0.5041 		0.8732 		6.1584
v 0.4498 		0.7791 		6.2216
v 0.4 		0.6928 		6.2738
v 0.3556 		0.6159 		6.3161
v 0.3175 		0.5499 		6.3492
v 0.2877 		0.4983 		6.3729
v 0.2736 		0.4738 		6.3835
v 0.2632 		0.4558 		6.391
v 0.2552 		0.4421 		6.3964
v 0.1834 		0.3176 		6.4444
v 0.3851 		0.9298 		0
v 0.4606 		1.112 		0.0531
v 0.518 		1.2507 		0.1149
v 0.5886 		1.4209 		0.231
v 0.6457 		1.5588 		0.3715
v 0.685 		1.6539 		0.5023
v 0.7119 		1.7186 		0.616
v 0.7298 		1.7619 		0.7095
v 0.7407 		1.7883 		0.7776
v 0.7455 		1.7998 		0.8114
v 0.7654 		1.8478 		0.963
v 0.7654 		1.8478 		4.7695
v 0.7485 		1.8071 		4.957
v 0.7355 		1.7757 		5.0687
v 0.7201 		1.7386 		5.1755
v 0.7008 		1.6918 		5.2883
v 0.6636 		1.6021 		5.4621
v 0.6193 		1.4951 		5.6253
v 0.5723 		1.3818 		5.7671
v 0.5244 		1.266 		5.8892
v 0.4767 		1.1509 		5.9939
v 0.4302 		1.0387 		6.083
v 0.3858 		0.9315 		6.1584
v 0.3443 		0.8311 		6.2216
v 0.3061 		0.7391 		6.2738
v 0.2722 		0.6571 		6.3161
v 0.243 		0.5867 		6.3492
v 0.2202 		0.5316 		6.3729
v 0.2094 		0.5055 		6.3835
v 0.2014 		0.4863 		6.391
v 0.1953 		0.4716 		6.3964
v 0.1404 		0.3388 		6.4444
v 0.2605 		0.9721 		0
v 0.3115 		1.1626 		0.0531
v 0.3504 		1.3076 		0.1149
v 0.3981 		1.4856 		0.231
v 0.4367 		1.6298 		0.3715
v 0.4633 		1.7291 		0.5023
v 0.4814 		1.7968 		0.616
v 0.4936 		1.8421 		0.7095
v 0.501 		1.8697 		0.7776
v 0.5042 		1.8817 		0.8114
v 0.5176 		1.9319 		0.963
v 0.5176 		1.9319 		4.7695
v 0.5063 		1.8894 		4.957
v 0.4974 		1.8565 		5.0687
v 0.487 		1.8177 		5.1755
v 0.4739 		1.7688 		5.2883
v 0.4488 		1.6751 		5.4621
v 0.4188 		1.5632 		5.6253
v 0.3871 		1.4447 		5.7671
v 0.3547 		1.3236 		5.8892
v 0.3224 		1.2032 		5.9939
v 0.291 		1.0859 		6.083
v 0.261 		0.9739 		6.1584
v 0.2328 		0.8689 		6.2216
v 0.207 		0.7727 		6.2738
v 0.1841 		0.687 		6.3161
v 0.1644 		0.6134 		6.3492
v 0.1489 		0.5558 		6.3729
v 0.1416 		0.5285 		6.3835
v 0.1362 		0.5084 		6.391
v 0.1321 		0.4931 		6.3964
v 0.0949 		0.3543 		6.4444
v 0.1314 		0.9978 		0
v 0.1571 		1.1933 		0.0531
v 0.1767 		1.3421 		0.1149
v 0.2007 		1.5248 		0.231
v 0.2202 		1.6728 		0.3715
v 0.2337 		1.7748 		0.5023
v 0.2428 		1.8443 		0.616
v 0.2489 		1.8908 		0.7095
v 0.2526 		1.919 		0.7776
v 0.2543 		1.9314 		0.8114
v 0.2611 		1.9829 		0.963
v 0.2611 		1.9829 		4.7695
v 0.2553 		1.9393 		4.957
v 0.2509 		1.9055 		5.0687
v 0.2456 		1.8657 		5.1755
v 0.239 		1.8155 		5.2883
v 0.2264 		1.7193 		5.4621
v 0.2112 		1.6044 		5.6253
v 0.1952 		1.4828 		5.7671
v 0.1789 		1.3586 		5.8892
v 0.1626 		1.235 		5.9939
v 0.1467 		1.1146 		6.083
v 0.1316 		0.9996 		6.1584
v 0.1174 		0.8919 		6.2216
v 0.1044 		0.7931 		6.2738
v 0.0928 		0.7051 		6.3161
v 0.0829 		0.6296 		6.3492
v 0.0751 		0.5705 		6.3729
v 0.0714 		0.5424 		6.3835
v 0.0687 		0.5218 		6.391
v 0.0666 		0.5061 		6.3964
v 0.0479 		0.3636 		6.4444
# 1538 vertices

g group_0_16448250

usemtl color_16448250
s 0

f 1 	2 	3
f 2 	4 	3
f 3 	4 	5
f 4 	6 	5
f 5 	6 	7
f 6 	8 	7
f 7 	8 	9
f 8 	10 	9
f 9 	10 	11
f 10 	12 	11
f 11 	12 	13
f 12 	14 	13
f 13 	14 	15
f 14 	16 	15
f 15 	16 	17
f 16 	18 	17
f 17 	18 	19
f 18 	20 	19
f 19 	20 	21
f 20 	22 	21
f 21 	22 	23
f 22 	24 	23
f 23 	24 	25
f 24 	26 	25
f 25 	26 	27
f 26 	28 	27
f 27 	28 	29
f 28 	30 	29
f 29 	30 	31
f 30 	32 	31
f 31 	32 	33
f 32 	34 	33
f 33 	34 	35
f 34 	36 	35
f 35 	36 	37
f 36 	38 	37
f 37 	38 	39
f 38 	40 	39
f 39 	40 	41
f 40 	42 	41
f 41 	42 	43
f 42 	44 	43
f 43 	44 	45
f 44 	46 	45
f 45 	46 	47
f 46 	48 	47
f 47 	48 	49
f 48 	50 	49
f 49 	50 	51
f 50 	52 	51
f 51 	52 	53
f 52 	54 	53
f 53 	54 	55
f 54 	56 	55
f 55 	56 	57
f 56 	58 	57
f 57 	58 	59
f 58 	60 	59
f 59 	60 	61
f 60 	62 	61
f 61 	62 	63
f 62 	64 	63
f 63 	64 	65
f 66 	2 	1
f 2 	67 	4
f 67 	68 	4
f 4 	68 	6
f 68 	69 	6
f 6 	69 	8
f 69 	70 	8
f 8 	70 	10
f 70 	71 	10
f 10 	71 	12
f 71 	72 	12
f 12 	72 	14
f 72 	73 	14
f 14 	73 	16
f 73 	74 	16
f 16 	74 	18
f 74 	75 	18
f 18 	75 	20
f 75 	76 	20
f 20 	76 	22
f 76 	77 	22
f 22 	77 	24
f 77 	78 	24
f 24 	78 	26
f 78 	79 	26
f 26 	79 	28
f 79 	80 	28
f 28 	80 	30
f 80 	81 	30
f 30 	81 	32
f 81 	82 	32
f 32 	82 	34
f 82 	83 	34
f 34 	83 	36
f 83 	84 	36
f 36 	84 	38
f 84 	85 	38
f 38 	85 	40
f 85 	86 	40
f 40 	86 	42
f 86 	87 	42
f 42 	87 	44
f 87 	88 	44
f 44 	88 	46
f 88 	89 	46
f 46 	89 	48
f 89 	90 	48
f 48 	90 	50
f 90 	91 	50
f 50 	91 	52
f 91 	92 	52
f 52 	92 	54
f 92 	93 	54
f 54 	93 	56
f 93 	94 	56
f 56 	94 	58
f 94 	95 	58
f 58 	95 	60
f 95 	96 	60
f 60 	96 	62
f 96 	97 	62
f 62 	97 	64
f 97 	98 	64
f 64 	98 	65
f 66 	67 	2
f 67 	99 	68
f 99 	100 	68
f 68 	100 	69
f 100 	101 	69
f 69 	101 	70
f 101 	102 	70
f 70 	102 	71
f 102 	103 	71
f 71 	103 	72
f 103 	104 	72
f 72 	104 	73
f 104 	105 	73
f 73 	105 	74
f 105 	106 	74
f 74 	106 	75
f 106 	107 	75
f 75 	107 	76
f 107 	108 	76
f 76 	108 	77
f 108 	109 	77
f 77 	109 	78
f 109 	110 	78
f 78 	110 	79
f 110 	111 	79
f 79 	111 	80
f 111 	112 	80
f 80 	112 	81
f 112 	113 	81
f 81 	113 	82
f 113 	114 	82
f 82 	114 	83
f 114 	115 	83
f 83 	115 	84
f 115 	116 	84
f 84 	116 	85
f 116 	117 	85
f 85 	117 	86
f 117 	118 	86
f 86 	118 	87
f 118 	119 	87
f 87 	119 	88
f 119 	120 	88
f 88 	120 	89
f 120 	121 	89
f 89 	121 	90
f 121 	122 	90
f 90 	122 	91
f 122 	123 	91
f 91 	123 	92
f 123 	124 	92
f 92 	124 	93
f 124 	125 	93
f 93 	125 	94
f 125 	126 	94
f 94 	126 	95
f 126 	127 	95
f 95 	127 	96
f 127 	128 	96
f 96 	128 	97
f 128 	129 	97
f 97 	129 	98
f 129 	130 	98
f 98 	130 	65
f 66 	99 	67
f 99 	131 	100
f 131 	132 	100
f 100 	132 	101
f 132 	133 	101
f 101 	133 	102
f 133 	134 	102
f 102 	134 	103
f 134 	135 	103
f 103 	135 	104
f 135 	136 	104
f 104 	136 	105
f 136 	137 	105
f 105 	137 	106
f 137 	138 	106
f 106 	138 	107
f 138 	139 	107
f 107 	139 	108
f 139 	140 	108
f 108 	140 	109
f 140 	141 	109
f 109 	141 	110
f 141 	142 	110
f 110 	142 	111
f 142 	143 	111
f 111 	143 	112
f 143 	144 	112
f 112 	144 	113
f 144 	145 	113
f 113 	145 	114
f 145 	146 	114
f 114 	146 	115
f 146 	147 	115
f 115 	147 	116
f 147 	148 	116
f 116 	148 	117
f 148 	149 	117
f 117 	149 	118
f 149 	150 	118
f 118 	150 	119
f 150 	151 	119
f 119 	151 	120
f 151 	152 	120
f 120 	152 	121
f 152 	153 	121
f 121 	153 	122
f 153 	154 	122
f 122 	154 	123
f 154 	155 	123
f 123 	155 	124
f 155 	156 	124
f 124 	156 	125
f 156 	157 	125
f 125 	157 	126
f 157 	158 	126
f 126 	158 	127
f 158 	159 	127
f 127 	159 	128
f 159 	160 	128
f 128 	160 	129
f 160 	161 	129
f 129 	161 	130
f 161 	162 	130
f 130 	162 	65
f 66 	131 	99
f 131 	163 	132
f 163 	164 	132
f 132 	164 	133
f 164 	165 	133
f 133 	165 	134
f 165 	166 	134
f 134 	166 	135
f 166 	167 	135
f 135 	167 	136
f 167 	168 	136
f 136 	168 	137
f 168 	169 	137
f 137 	169 	138
f 169 	170 	138
f 138 	170 	139
f 170 	171 	139
f 139 	171 	140
f 171 	172 	140
f 140 	172 	141
f 172 	173 	141
f 141 	173 	142
f 173 	174 	142
f 142 	174 	143
f 174 	175 	143
f 143 	175 	144
f 175 	176 	144
f 144 	176 	145
f 176 	177 	145
f 145 	177 	146
f 177 	178 	146
f 146 	178 	147
f 178 	179 	147
f 147 	179 	148
f 179 	180 	148
f 148 	180 	149
f 180 	181 	149
f 149 	181 	150
f 181 	182 	150
f 150 	182 	151
f 182 	183 	151
f 151 	183 	152
f 183 	184 	152
f 152 	184 	153
f 184 	185 	153
f 153 	185 	154
f 185 	186 	154
f 154 	186 	155
f 186 	187 	155
f 155 	187 	156
f 187 	188 	156
f 156 	188 	157
f 188 	189 	157
f 157 	189 	158
f 189 	190 	158
f 158 	190 	159
f 190 	191 	159
f 159 	191 	160
f 191 	192 	160
f 160 	192 	161
f 192 	193 	161
f 161 	193 	162
f 193 	194 	162
f 162 	194 	65
f 66 	163 	131
f 163 	195 	164
f 195 	196 	164
f 164 	196 	165
f 196 	197 	165
f 165 	197 	166
f 197 	198 	166
f 166 	198 	167
f 198 	199 	167
f 167 	199 	168
f 199 	200 	168
f 168 	200 	169
f 200 	201 	169
f 169 	201 	170
f 201 	202 	170
f 170 	202 	171
f 202 	203 	171
f 171 	203 	172
f 203 	204 	172
f 172 	204 	173
f 204 	205 	173
f 173 	205 	174
f 205 	206 	174
f 174 	206 	175
f 206 	207 	175
f 175 	207 	176
f 207 	208 	176
f 176 	208 	177
f 208 	209 	177
f 177 	209 	178
f 209 	210 	178
f 178 	210 	179
f 210 	211 	179
f 179 	211 	180
f 211 	212 	180
f 180 	212 	181
f 212 	213 	181
f 181 	213 	182
f 213 	214 	182
f 182 	214 	183
f 214 	215 	183
f 183 	215 	184
f 215 	216 	184
f 184 	216 	185
f 216 	217 	185
f 185 	217 	186
f 217 	218 	186
f 186 	218 	187
f 218 	219 	187
f 187 	219 	188
f 219 	220 	188
f 188 	220 	189
f 220 	221 	189
f 189 	221 	190
f 221 	222 	190
f 190 	222 	191
f 222 	223 	191
f 191 	223 	192
f 223 	224 	192
f 192 	224 	193
f 224 	225 	193
f 193 	225 	194
f 225 	226 	194
f 194 	226 	65
f 66 	195 	163
f 195 	227 	196
f 227 	228 	196
f 196 	228 	197
f 228 	229 	197
f 197 	229 	198
f 229 	230 	198
f 198 	230 	199
f 230 	231 	199
f 199 	231 	200
f 231 	232 	200
f 200 	232 	201
f 232 	233 	201
f 201 	233 	202
f 233 	234 	202
f 202 	234 	203
f 234 	235 	203
f 203 	235 	204
f 235 	236 	204
f 204 	236 	205
f 236 	237 	205
f 205 	237 	206
f 237 	238 	206
f 206 	238 	207
f 238 	239 	207
f 207 	239 	208
f 239 	240 	208
f 208 	240 	209
f 240 	241 	209
f 209 	241 	210
f 241 	242 	210
f 210 	242 	211
f 242 	243 	211
f 211 	243 	212
f 243 	244 	212
f 212 	244 	213
f 244 	245 	213
f 213 	245 	214
f 245 	246 	214
f 214 	246 	215
f 246 	247 	215
f 215 	247 	216
f 247 	248 	216
f 216 	248 	217
f 248 	249 	217
f 217 	249 	218
f 249 	250 	218
f 218 	250 	219
f 250 	251 	219
f 219 	251 	220
f 251 	252 	220
f 220 	252 	221
f 252 	253 	221
f 221 	253 	222
f 253 	254 	222
f 222 	254 	223
f 254 	255 	223
f 223 	255 	224
f 255 	256 	224
f 224 	256 	225
f 256 	257 	225
f 225 	257 	226
f 257 	258 	226
f 226 	258 	65
f 66 	227 	195
f 227 	259 	228
f 259 	260 	228
f 228 	260 	229
f 260 	261 	229
f 229 	261 	230
f 261 	262 	230
f 230 	262 	231
f 262 	263 	231
f 231 	263 	232
f 263 	264 	232
f 232 	264 	233
f 264 	265 	233
f 233 	265 	234
f 265 	266 	234
f 234 	266 	235
f 266 	267 	235
f 235 	267 	236
f 267 	268 	236
f 236 	268 	237
f 268 	269 	237
f 237 	269 	238
f 269 	270 	238
f 238 	270 	239
f 270 	271 	239
f 239 	271 	240
f 271 	272 	240
f 240 	272 	241
f 272 	273 	241
f 241 	273 	242
f 273 	274 	242
f 242 	274 	243
f 274 	275 	243
f 243 	275 	244
f 275 	276 	244
f 244 	276 	245
f 276 	277 	245
f 245 	277 	246
f 277 	278 	246
f 246 	278 	247
f 278 	279 	247
f 247 	279 	248
f 279 	280 	248
f 248 	280 	249
f 280 	281 	249
f 249 	281 	250
f 281 	282 	250
f 250 	282 	251
f 282 	283 	251
f 251 	283 	252
f 283 	284 	252
f 252 	284 	253
f 284 	285 	253
f 253 	285 	254
f 285 	286 	254
f 254 	286 	255
f 286 	287 	255
f 255 	287 	256
f 287 	288 	256
f 256 	288 	257
f 288 	289 	257
f 257 	289 	258
f 289 	290 	258
f 258 	290 	65
f 66 	259 	227
f 259 	291 	260
f 291 	292 	260
f 260 	292 	261
f 292 	293 	261
f 261 	293 	262
f 293 	294 	262
f 262 	294 	263
f 294 	295 	263
f 263 	295 	264
f 295 	296 	264
f 264 	296 	265
f 296 	297 	265
f 265 	297 	266
f 297 	298 	266
f 266 	298 	267
f 298 	299 	267
f 267 	299 	268
f 299 	300 	268
f 268 	300 	269
f 300 	301 	269
f 269 	301 	270
f 301 	302 	270
f 270 	302 	271
f 302 	303 	271
f 271 	303 	272
f 303 	304 	272
f 272 	304 	273
f 304 	305 	273
f 273 	305 	274
f 305 	306 	274
f 274 	306 	275
f 306 	307 	275
f 275 	307 	276
f 307 	308 	276
f 276 	308 	277
f 308 	309 	277
f 277 	309 	278
f 309 	310 	278
f 278 	310 	279
f 310 	311 	279
f 279 	311 	280
f 311 	312 	280
f 280 	312 	281
f 312 	313 	281
f 281 	313 	282
f 313 	314 	282
f 282 	314 	283
f 314 	315 	283
f 283 	315 	284
f 315 	316 	284
f 284 	316 	285
f 316 	317 	285
f 285 	317 	286
f 317 	318 	286
f 286 	318 	287
f 318 	319 	287
f 287 	319 	288
f 319 	320 	288
f 288 	320 	289
f 320 	321 	289
f 289 	321 	290
f 321 	322 	290
f 290 	322 	65
f 66 	291 	259
f 291 	323 	292
f 323 	324 	292
f 292 	324 	293
f 324 	325 	293
f 293 	325 	294
f 325 	326 	294
f 294 	326 	295
f 326 	327 	295
f 295 	327 	296
f 327 	328 	296
f 296 	328 	297
f 328 	329 	297
f 297 	329 	298
f 329 	330 	298
f 298 	330 	299
f 330 	331 	299
f 299 	331 	300
f 331 	332 	300
f 300 	332 	301
f 332 	333 	301
f 301 	333 	302
f 333 	334 	302
f 302 	334 	303
f 334 	335 	303
f 303 	335 	304
f 335 	336 	304
f 304 	336 	305
f 336 	337 	305
f 305 	337 	306
f 337 	338 	306
f 306 	338 	307
f 338 	339 	307
f 307 	339 	308
f 339 	340 	308
f 308 	340 	309
f 340 	341 	309
f 309 	341 	310
f 341 	342 	310
f 310 	342 	311
f 342 	343 	311
f 311 	343 	312
f 343 	344 	312
f 312 	344 	313
f 344 	345 	313
f 313 	345 	314
f 345 	346 	314
f 314 	346 	315
f 346 	347 	315
f 315 	347 	316
f 347 	348 	316
f 316 	348 	317
f 348 	349 	317
f 317 	349 	318
f 349 	350 	318
f 318 	350 	319
f 350 	351 	319
f 319 	351 	320
f 351 	352 	320
f 320 	352 	321
f 352 	353 	321
f 321 	353 	322
f 353 	354 	322
f 322 	354 	65
f 66 	323 	291
f 323 	355 	324
f 355 	356 	324
f 324 	356 	325
f 356 	357 	325
f 325 	357 	326
f 357 	358 	326
f 326 	358 	327
f 358 	359 	327
f 327 	359 	328
f 359 	360 	328
f 328 	360 	329
f 360 	361 	329
f 329 	361 	330
f 361 	362 	330
f 330 	362 	331
f 362 	363 	331
f 331 	363 	332
f 363 	364 	332
f 332 	364 	333
f 364 	365 	333
f 333 	365 	334
f 365 	366 	334
f 334 	366 	335
f 366 	367 	335
f 335 	367 	336
f 367 	368 	336
f 336 	368 	337
f 368 	369 	337
f 337 	369 	338
f 369 	370 	338
f 338 	370 	339
f 370 	371 	339
f 339 	371 	340
f 371 	372 	340
f 340 	372 	341
f 372 	373 	341
f 341 	373 	342
f 373 	374 	342
f 342 	374 	343
f 374 	375 	343
f 343 	375 	344
f 375 	376 	344
f 344 	376 	345
f 376 	377 	345
f 345 	377 	346
f 377 	378 	346
f 346 	378 	347
f 378 	379 	347
f 347 	379 	348
f 379 	380 	348
f 348 	380 	349
f 380 	381 	349
f 349 	381 	350
f 381 	382 	350
f 350 	382 	351
f 382 	383 	351
f 351 	383 	352
f 383 	384 	352
f 352 	384 	353
f 384 	385 	353
f 353 	385 	354
f 385 	386 	354
f 354 	386 	65
f 66 	355 	323
f 355 	387 	356
f 387 	388 	356
f 356 	388 	357
f 388 	389 	357
f 357 	389 	358
f 389 	390 	358
f 358 	390 	359
f 390 	391 	359
f 359 	391 	360
f 391 	392 	360
f 360 	392 	361
f 392 	393 	361
f 361 	393 	362
f 393 	394 	362
f 362 	394 	363
f 394 	395 	363
f 363 	395 	364
f 395 	396 	364
f 364 	396 	365
f 396 	397 	365
f 365 	397 	366
f 397 	398 	366
f 366 	398 	367
f 398 	399 	367
f 367 	399 	368
f 399 	400 	368
f 368 	400 	369
f 400 	401 	369
f 369 	401 	370
f 401 	402 	370
f 370 	402 	371
f 402 	403 	371
f 371 	403 	372
f 403 	404 	372
f 372 	404 	373
f 404 	405 	373
f 373 	405 	374
f 405 	406 	374
f 374 	406 	375
f 406 	407 	375
f 375 	407 	376
f 407 	408 	376
f 376 	408 	377
f 408 	409 	377
f 377 	409 	378
f 409 	410 	378
f 378 	410 	379
f 410 	411 	379
f 379 	411 	380
f 411 	412 	380
f 380 	412 	381
f 412 	413 	381
f 381 	413 	382
f 413 	414 	382
f 382 	414 	383
f 414 	415 	383
f 383 	415 	384
f 415 	416 	384
f 384 	416 	385
f 416 	417 	385
f 385 	417 	386
f 417 	418 	386
f 386 	418 	65
f 66 	387 	355
f 387 	419 	388
f 419 	420 	388
f 388 	420 	389
f 420 	421 	389
f 389 	421 	390
f 421 	422 	390
f 390 	422 	391
f 422 	423 	391
f 391 	423 	392
f 423 	424 	392
f 392 	424 	393
f 424 	425 	393
f 393 	425 	394
f 425 	426 	394
f 394 	426 	395
f 426 	427 	395
f 395 	427 	396
f 427 	428 	396
f 396 	428 	397
f 428 	429 	397
f 397 	429 	398
f 429 	430 	398
f 398 	430 	399
f 430 	431 	399
f 399 	431 	400
f 431 	432 	400
f 400 	432 	401
f 432 	433 	401
f 401 	433 	402
f 433 	434 	402
f 402 	434 	403
f 434 	435 	403
f 403 	435 	404
f 435 	436 	404
f 404 	436 	405
f 436 	437 	405
f 405 	437 	406
f 437 	438 	406
f 406 	438 	407
f 438 	439 	407
f 407 	439 	408
f 439 	440 	408
f 408 	440 	409
f 440 	441 	409
f 409 	441 	410
f 441 	442 	410
f 410 	442 	411
f 442 	443 	411
f 411 	443 	412
f 443 	444 	412
f 412 	444 	413
f 444 	445 	413
f 413 	445 	414
f 445 	446 	414
f 414 	446 	415
f 446 	447 	415
f 415 	447 	416
f 447 	448 	416
f 416 	448 	417
f 448 	449 	417
f 417 	449 	418
f 449 	450 	418
f 418 	450 	65
f 66 	419 	387
f 419 	451 	420
f 451 	452 	420
f 420 	452 	421
f 452 	453 	421
f 421 	453 	422
f 453 	454 	422
f 422 	454 	423
f 454 	455 	423
f 423 	455 	424
f 455 	456 	424
f 424 	456 	425
f 456 	457 	425
f 425 	457 	426
f 457 	458 	426
f 426 	458 	427
f 458 	459 	427
f 427 	459 	428
f 459 	460 	428
f 428 	460 	429
f 460 	461 	429
f 429 	461 	430
f 461 	462 	430
f 430 	462 	431
f 462 	463 	431
f 431 	463 	432
f 463 	464 	432
f 432 	464 	433
f 464 	465 	433
f 433 	465 	434
f 465 	466 	434
f 434 	466 	435
f 466 	467 	435
f 435 	467 	436
f 467 	468 	436
f 436 	468 	437
f 468 	469 	437
f 437 	469 	438
f 469 	470 	438
f 438 	470 	439
f 470 	471 	439
f 439 	471 	440
f 471 	472 	440
f 440 	472 	441
f 472 	473 	441
f 441 	473 	442
f 473 	474 	442
f 442 	474 	443
f 474 	475 	443
f 443 	475 	444
f 475 	476 	444
f 444 	476 	445
f 476 	477 	445
f 445 	477 	446
f 477 	478 	446
f 446 	478 	447
f 478 	479 	447
f 447 	479 	448
f 479 	480 	448
f 448 	480 	449
f 480 	481 	449
f 449 	481 	450
f 481 	482 	450
f 450 	482 	65
f 66 	451 	419
f 451 	483 	452
f 483 	484 	452
f 452 	484 	453
f 484 	485 	453
f 453 	485 	454
f 485 	486 	454
f 454 	486 	455
f 486 	487 	455
f 455 	487 	456
f 487 	488 	456
f 456 	488 	457
f 488 	489 	457
f 457 	489 	458
f 489 	490 	458
f 458 	490 	459
f 490 	491 	459
f 459 	491 	460
f 491 	492 	460
f 460 	492 	461
f 492 	493 	461
f 461 	493 	462
f 493 	494 	462
f 462 	494 	463
f 494 	495 	463
f 463 	495 	464
f 495 	496 	464
f 464 	496 	465
f 496 	497 	465
f 465 	497 	466
f 497 	498 	466
f 466 	498 	467
f 498 	499 	467
f 467 	499 	468
f 499 	500 	468
f 468 	500 	469
f 500 	501 	469
f 469 	501 	470
f 501 	502 	470
f 470 	502 	471
f 502 	503 	471
f 471 	503 	472
f 503 	504 	472
f 472 	504 	473
f 504 	505 	473
f 473 	505 	474
f 505 	506 	474
f 474 	506 	475
f 506 	507 	475
f 475 	507 	476
f 507 	508 	476
f 476 	508 	477
f 508 	509 	477
f 477 	509 	478
f 509 	510 	478
f 478 	510 	479
f 510 	511 	479
f 479 	511 	480
f 511 	512 	480
f 480 	512 	481
f 512 	513 	481
f 481 	513 	482
f 513 	514 	482
f 482 	514 	65
f 66 	483 	451
f 483 	515 	484
f 515 	516 	484
f 484 	516 	485
f 516 	517 	485
f 485 	517 	486
f 517 	518 	486
f 486 	518 	487
f 518 	519 	487
f 487 	519 	488
f 519 	520 	488
f 488 	520 	489
f 520 	521 	489
f 489 	521 	490
f 521 	522 	490
f 490 	522 	491
f 522 	523 	491
f 491 	523 	492
f 523 	524 	492
f 492 	524 	493
f 524 	525 	493
f 493 	525 	494
f 525 	526 	494
f 494 	526 	495
f 526 	527 	495
f 495 	527 	496
f 527 	528 	496
f 496 	528 	497
f 528 	529 	497
f 497 	529 	498
f 529 	530 	498
f 498 	530 	499
f 530 	531 	499
f 499 	531 	500
f 531 	532 	500
f 500 	532 	501
f 532 	533 	501
f 501 	533 	502
f 533 	534 	502
f 502 	534 	503
f 534 	535 	503
f 503 	535 	504
f 535 	536 	504
f 504 	536 	505
f 536 	537 	505
f 505 	537 	506
f 537 	538 	506
f 506 	538 	507
f 538 	539 	507
f 507 	539 	508
f 539 	540 	508
f 508 	540 	509
f 540 	541 	509
f 509 	541 	510
f 541 	542 	510
f 510 	542 	511
f 542 	543 	511
f 511 	543 	512
f 543 	544 	512
f 512 	544 	513
f 544 	545 	513
f 513 	545 	514
f 545 	546 	514
f 514 	546 	65
f 66 	515 	483
f 515 	547 	516
f 547 	548 	516
f 516 	548 	517
f 548 	549 	517
f 517 	549 	518
f 549 	550 	518
f 518 	550 	519
f 550 	551 	519
f 519 	551 	520
f 551 	552 	520
f 520 	552 	521
f 552 	553 	521
f 521 	553 	522
f 553 	554 	522
f 522 	554 	523
f 554 	555 	523
f 523 	555 	524
f 555 	556 	524
f 524 	556 	525
f 556 	557 	525
f 525 	557 	526
f 557 	558 	526
f 526 	558 	527
f 558 	559 	527
f 527 	559 	528
f 559 	560 	528
f 528 	560 	529
f 560 	561 	529
f 529 	561 	530
f 561 	562 	530
f 530 	562 	531
f 562 	563 	531
f 531 	563 	532
f 563 	564 	532
f 532 	564 	533
f 564 	565 	533
f 533 	565 	534
f 565 	566 	534
f 534 	566 	535
f 566 	567 	535
f 535 	567 	536
f 567 	568 	536
f 536 	568 	537
f 568 	569 	537
f 537 	569 	538
f 569 	570 	538
f 538 	570 	539
f 570 	571 	539
f 539 	571 	540
f 571 	572 	540
f 540 	572 	541
f 572 	573 	541
f 541 	573 	542
f 573 	574 	542
f 542 	574 	543
f 574 	575 	543
f 543 	575 	544
f 575 	576 	544
f 544 	576 	545
f 576 	577 	545
f 545 	577 	546
f 577 	578 	546
f 546 	578 	65
f 66 	547 	515
f 547 	579 	548
f 579 	580 	548
f 548 	580 	549
f 580 	581 	549
f 549 	581 	550
f 581 	582 	550
f 550 	582 	551
f 582 	583 	551
f 551 	583 	552
f 583 	584 	552
f 552 	584 	553
f 584 	585 	553
f 553 	585 	554
f 585 	586 	554
f 554 	586 	555
f 586 	587 	555
f 555 	587 	556
f 587 	588 	556
f 556 	588 	557
f 588 	589 	557
f 557 	589 	558
f 589 	590 	558
f 558 	590 	559
f 590 	591 	559
f 559 	591 	560
f 591 	592 	560
f 560 	592 	561
f 592 	593 	561
f 561 	593 	562
f 593 	594 	562
f 562 	594 	563
f 594 	595 	563
f 563 	595 	564
f 595 	596 	564
f 564 	596 	565
f 596 	597 	565
f 565 	597 	566
f 597 	598 	566
f 566 	598 	567
f 598 	599 	567
f 567 	599 	568
f 599 	600 	568
f 568 	600 	569
f 600 	601 	569
f 569 	601 	570
f 601 	602 	570
f 570 	602 	571
f 602 	603 	571
f 571 	603 	572
f 603 	604 	572
f 572 	604 	573
f 604 	605 	573
f 573 	605 	574
f 605 	606 	574
f 574 	606 	575
f 606 	607 	575
f 575 	607 	576
f 607 	608 	576
f 576 	608 	577
f 608 	609 	577
f 577 	609 	578
f 609 	610 	578
f 578 	610 	65
f 66 	579 	547
f 579 	611 	580
f 611 	612 	580
f 580 	612 	581
f 612 	613 	581
f 581 	613 	582
f 613 	614 	582
f 582 	614 	583
f 614 	615 	583
f 583 	615 	584
f 615 	616 	584
f 584 	616 	585
f 616 	617 	585
f 585 	617 	586
f 617 	618 	586
f 586 	618 	587
f 618 	619 	587
f 587 	619 	588
f 619 	620 	588
f 588 	620 	589
f 620 	621 	589
f 589 	621 	590
f 621 	622 	590
f 590 	622 	591
f 622 	623 	591
f 591 	623 	592
f 623 	624 	592
f 592 	624 	593
f 624 	625 	593
f 593 	625 	594
f 625 	626 	594
f 594 	626 	595
f 626 	627 	595
f 595 	627 	596
f 627 	628 	596
f 596 	628 	597
f 628 	629 	597
f 597 	629 	598
f 629 	630 	598
f 598 	630 	599
f 630 	631 	599
f 599 	631 	600
f 631 	632 	600
f 600 	632 	601
f 632 	633 	601
f 601 	633 	602
f 633 	634 	602
f 602 	634 	603
f 634 	635 	603
f 603 	635 	604
f 635 	636 	604
f 604 	636 	605
f 636 	637 	605
f 605 	637 	606
f 637 	638 	606
f 606 	638 	607
f 638 	639 	607
f 607 	639 	608
f 639 	640 	608
f 608 	640 	609
f 640 	641 	609
f 609 	641 	610
f 641 	642 	610
f 610 	642 	65
f 66 	611 	579
f 611 	643 	612
f 643 	644 	612
f 612 	644 	613
f 644 	645 	613
f 613 	645 	614
f 645 	646 	614
f 614 	646 	615
f 646 	647 	615
f 615 	647 	616
f 647 	648 	616
f 616 	648 	617
f 648 	649 	617
f 617 	649 	618
f 649 	650 	618
f 618 	650 	619
f 650 	651 	619
f 619 	651 	620
f 651 	652 	620
f 620 	652 	621
f 652 	653 	621
f 621 	653 	622
f 653 	654 	622
f 622 	654 	623
f 654 	655 	623
f 623 	655 	624
f 655 	656 	624
f 624 	656 	625
f 656 	657 	625
f 625 	657 	626
f 657 	658 	626
f 626 	658 	627
f 658 	659 	627
f 627 	659 	628
f 659 	660 	628
f 628 	660 	629
f 660 	661 	629
f 629 	661 	630
f 661 	662 	630
f 630 	662 	631
f 662 	663 	631
f 631 	663 	632
f 663 	664 	632
f 632 	664 	633
f 664 	665 	633
f 633 	665 	634
f 665 	666 	634
f 634 	666 	635
f 666 	667 	635
f 635 	667 	636
f 667 	668 	636
f 636 	668 	637
f 668 	669 	637
f 637 	669 	638
f 669 	670 	638
f 638 	670 	639
f 670 	671 	639
f 639 	671 	640
f 671 	672 	640
f 640 	672 	641
f 672 	673 	641
f 641 	673 	642
f 673 	674 	642
f 642 	674 	65
f 66 	643 	611
f 643 	675 	644
f 675 	676 	644
f 644 	676 	645
f 676 	677 	645
f 645 	677 	646
f 677 	678 	646
f 646 	678 	647
f 678 	679 	647
f 647 	679 	648
f 679 	680 	648
f 648 	680 	649
f 680 	681 	649
f 649 	681 	650
f 681 	682 	650
f 650 	682 	651
f 682 	683 	651
f 651 	683 	652
f 683 	684 	652
f 652 	684 	653
f 684 	685 	653
f 653 	685 	654
f 685 	686 	654
f 654 	686 	655
f 686 	687 	655
f 655 	687 	656
f 687 	688 	656
f 656 	688 	657
f 688 	689 	657
f 657 	689 	658
f 689 	690 	658
f 658 	690 	659
f 690 	691 	659
f 659 	691 	660
f 691 	692 	660
f 660 	692 	661
f 692 	693 	661
f 661 	693 	662
f 693 	694 	662
f 662 	694 	663
f 694 	695 	663
f 663 	695 	664
f 695 	696 	664
f 664 	696 	665
f 696 	697 	665
f 665 	697 	666
f 697 	698 	666
f 666 	698 	667
f 698 	699 	667
f 667 	699 	668
f 699 	700 	668
f 668 	700 	669
f 700 	701 	669
f 669 	701 	670
f 701 	702 	670
f 670 	702 	671
f 702 	703 	671
f 671 	703 	672
f 703 	704 	672
f 672 	704 	673
f 704 	705 	673
f 673 	705 	674
f 705 	706 	674
f 674 	706 	65
f 66 	675 	643
f 675 	707 	676
f 707 	708 	676
f 676 	708 	677
f 708 	709 	677
f 677 	709 	678
f 709 	710 	678
f 678 	710 	679
f 710 	711 	679
f 679 	711 	680
f 711 	712 	680
f 680 	712 	681
f 712 	713 	681
f 681 	713 	682
f 713 	714 	682
f 682 	714 	683
f 714 	715 	683
f 683 	715 	684
f 715 	716 	684
f 684 	716 	685
f 716 	717 	685
f 685 	717 	686
f 717 	718 	686
f 686 	718 	687
f 718 	719 	687
f 687 	719 	688
f 719 	720 	688
f 688 	720 	689
f 720 	721 	689
f 689 	721 	690
f 721 	722 	690
f 690 	722 	691
f 722 	723 	691
f 691 	723 	692
f 723 	724 	692
f 692 	724 	693
f 724 	725 	693
f 693 	725 	694
f 725 	726 	694
f 694 	726 	695
f 726 	727 	695
f 695 	727 	696
f 727 	728 	696
f 696 	728 	697
f 728 	729 	697
f 697 	729 	698
f 729 	730 	698
f 698 	730 	699
f 730 	731 	699
f 699 	731 	700
f 731 	732 	700
f 700 	732 	701
f 732 	733 	701
f 701 	733 	702
f 733 	734 	702
f 702 	734 	703
f 734 	735 	703
f 703 	735 	704
f 735 	736 	704
f 704 	736 	705
f 736 	737 	705
f 705 	737 	706
f 737 	738 	706
f 706 	738 	65
f 66 	707 	675
f 707 	739 	708
f 739 	740 	708
f 708 	740 	709
f 740 	741 	709
f 709 	741 	710
f 741 	742 	710
f 710 	742 	711
f 742 	743 	711
f 711 	743 	712
f 743 	744 	712
f 712 	744 	713
f 744 	745 	713
f 713 	745 	714
f 745 	746 	714
f 714 	746 	715
f 746 	747 	715
f 715 	747 	716
f 747 	748 	716
f 716 	748 	717
f 748 	749 	717
f 717 	749 	718
f 749 	750 	718
f 718 	750 	719
f 750 	751 	719
f 719 	751 	720
f 751 	752 	720
f 720 	752 	721
f 752 	753 	721
f 721 	753 	722
f 753 	754 	722
f 722 	754 	723
f 754 	755 	723
f 723 	755 	724
f 755 	756 	724
f 724 	756 	725
f 756 	757 	725
f 725 	757 	726
f 757 	758 	726
f 726 	758 	727
f 758 	759 	727
f 727 	759 	728
f 759 	760 	728
f 728 	760 	729
f 760 	761 	729
f 729 	761 	730
f 761 	762 	730
f 730 	762 	731
f 762 	763 	731
f 731 	763 	732
f 763 	764 	732
f 732 	764 	733
f 764 	765 	733
f 733 	765 	734
f 765 	766 	734
f 734 	766 	735
f 766 	767 	735
f 735 	767 	736
f 767 	768 	736
f 736 	768 	737
f 768 	769 	737
f 737 	769 	738
f 769 	770 	738
f 738 	770 	65
f 66 	739 	707
f 739 	771 	740
f 771 	772 	740
f 740 	772 	741
f 772 	773 	741
f 741 	773 	742
f 773 	774 	742
f 742 	774 	743
f 774 	775 	743
f 743 	775 	744
f 775 	776 	744
f 744 	776 	745
f 776 	777 	745
f 745 	777 	746
f 777 	778 	746
f 746 	778 	747
f 778 	779 	747
f 747 	779 	748
f 779 	780 	748
f 748 	780 	749
f 780 	781 	749
f 749 	781 	750
f 781 	782 	750
f 750 	782 	751
f 782 	783 	751
f 751 	783 	752
f 783 	784 	752
f 752 	784 	753
f 784 	785 	753
f 753 	785 	754
f 785 	786 	754
f 754 	786 	755
f 786 	787 	755
f 755 	787 	756
f 787 	788 	756
f 756 	788 	757
f 788 	789 	757
f 757 	789 	758
f 789 	790 	758
f 758 	790 	759
f 790 	791 	759
f 759 	791 	760
f 791 	792 	760
f 760 	792 	761
f 792 	793 	761
f 761 	793 	762
f 793 	794 	762
f 762 	794 	763
f 794 	795 	763
f 763 	795 	764
f 795 	796 	764
f 764 	796 	765
f 796 	797 	765
f 765 	797 	766
f 797 	798 	766
f 766 	798 	767
f 798 	799 	767
f 767 	799 	768
f 799 	800 	768
f 768 	800 	769
f 800 	801 	769
f 769 	801 	770
f 801 	802 	770
f 770 	802 	65
f 66 	771 	739
f 771 	803 	772
f 803 	804 	772
f 772 	804 	773
f 804 	805 	773
f 773 	805 	774
f 805 	806 	774
f 774 	806 	775
f 806 	807 	775
f 775 	807 	776
f 807 	808 	776
f 776 	808 	777
f 808 	809 	777
f 777 	809 	778
f 809 	810 	778
f 778 	810 	779
f 810 	811 	779
f 779 	811 	780
f 811 	812 	780
f 780 	812 	781
f 812 	813 	781
f 781 	813 	782
f 813 	814 	782
f 782 	814 	783
f 814 	815 	783
f 783 	815 	784
f 815 	816 	784
f 784 	816 	785
f 816 	817 	785
f 785 	817 	786
f 817 	818 	786
f 786 	818 	787
f 818 	819 	787
f 787 	819 	788
f 819 	820 	788
f 788 	820 	789
f 820 	821 	789
f 789 	821 	790
f 821 	822 	790
f 790 	822 	791
f 822 	823 	791
f 791 	823 	792
f 823 	824 	792
f 792 	824 	793
f 824 	825 	793
f 793 	825 	794
f 825 	826 	794
f 794 	826 	795
f 826 	827 	795
f 795 	827 	796
f 827 	828 	796
f 796 	828 	797
f 828 	829 	797
f 797 	829 	798
f 829 	830 	798
f 798 	830 	799
f 830 	831 	799
f 799 	831 	800
f 831 	832 	800
f 800 	832 	801
f 832 	833 	801
f 801 	833 	802
f 833 	834 	802
f 802 	834 	65
f 66 	803 	771
f 803 	835 	804
f 835 	836 	804
f 804 	836 	805
f 836 	837 	805
f 805 	837 	806
f 837 	838 	806
f 806 	838 	807
f 838 	839 	807
f 807 	839 	808
f 839 	840 	808
f 808 	840 	809
f 840 	841 	809
f 809 	841 	810
f 841 	842 	810
f 810 	842 	811
f 842 	843 	811
f 811 	843 	812
f 843 	844 	812
f 812 	844 	813
f 844 	845 	813
f 813 	845 	814
f 845 	846 	814
f 814 	846 	815
f 846 	847 	815
f 815 	847 	816
f 847 	848 	816
f 816 	848 	817
f 848 	849 	817
f 817 	849 	818
f 849 	850 	818
f 818 	850 	819
f 850 	851 	819
f 819 	851 	820
f 851 	852 	820
f 820 	852 	821
f 852 	853 	821
f 821 	853 	822
f 853 	854 	822
f 822 	854 	823
f 854 	855 	823
f 823 	855 	824
f 855 	856 	824
f 824 	856 	825
f 856 	857 	825
f 825 	857 	826
f 857 	858 	826
f 826 	858 	827
f 858 	859 	827
f 827 	859 	828
f 859 	860 	828
f 828 	860 	829
f 860 	861 	829
f 829 	861 	830
f 861 	862 	830
f 830 	862 	831
f 862 	863 	831
f 831 	863 	832
f 863 	864 	832
f 832 	864 	833
f 864 	865 	833
f 833 	865 	834
f 865 	866 	834
f 834 	866 	65
f 66 	835 	803
f 835 	867 	836
f 867 	868 	836
f 836 	868 	837
f 868 	869 	837
f 837 	869 	838
f 869 	870 	838
f 838 	870 	839
f 870 	871 	839
f 839 	871 	840
f 871 	872 	840
f 840 	872 	841
f 872 	873 	841
f 841 	873 	842
f 873 	874 	842
f 842 	874 	843
f 874 	875 	843
f 843 	875 	844
f 875 	876 	844
f 844 	876 	845
f 876 	877 	845
f 845 	877 	846
f 877 	878 	846
f 846 	878 	847
f 878 	879 	847
f 847 	879 	848
f 879 	880 	848
f 848 	880 	849
f 880 	881 	849
f 849 	881 	850
f 881 	882 	850
f 850 	882 	851
f 882 	883 	851
f 851 	883 	852
f 883 	884 	852
f 852 	884 	853
f 884 	885 	853
f 853 	885 	854
f 885 	886 	854
f 854 	886 	855
f 886 	887 	855
f 855 	887 	856
f 887 	888 	856
f 856 	888 	857
f 888 	889 	857
f 857 	889 	858
f 889 	890 	858
f 858 	890 	859
f 890 	891 	859
f 859 	891 	860
f 891 	892 	860
f 860 	892 	861
f 892 	893 	861
f 861 	893 	862
f 893 	894 	862
f 862 	894 	863
f 894 	895 	863
f 863 	895 	864
f 895 	896 	864
f 864 	896 	865
f 896 	897 	865
f 865 	897 	866
f 897 	898 	866
f 866 	898 	65
f 66 	867 	835
f 867 	899 	868
f 899 	900 	868
f 868 	900 	869
f 900 	901 	869
f 869 	901 	870
f 901 	902 	870
f 870 	902 	871
f 902 	903 	871
f 871 	903 	872
f 903 	904 	872
f 872 	904 	873
f 904 	905 	873
f 873 	905 	874
f 905 	906 	874
f 874 	906 	875
f 906 	907 	875
f 875 	907 	876
f 907 	908 	876
f 876 	908 	877
f 908 	909 	877
f 877 	909 	878
f 909 	910 	878
f 878 	910 	879
f 910 	911 	879
f 879 	911 	880
f 911 	912 	880
f 880 	912 	881
f 912 	913 	881
f 881 	913 	882
f 913 	914 	882
f 882 	914 	883
f 914 	915 	883
f 883 	915 	884
f 915 	916 	884
f 884 	916 	885
f 916 	917 	885
f 885 	917 	886
f 917 	918 	886
f 886 	918 	887
f 918 	919 	887
f 887 	919 	888
f 919 	920 	888
f 888 	920 	889
f 920 	921 	889
f 889 	921 	890
f 921 	922 	890
f 890 	922 	891
f 922 	923 	891
f 891 	923 	892
f 923 	924 	892
f 892 	924 	893
f 924 	925 	893
f 893 	925 	894
f 925 	926 	894
f 894 	926 	895
f 926 	927 	895
f 895 	927 	896
f 927 	928 	896
f 896 	928 	897
f 928 	929 	897
f 897 	929 	898
f 929 	930 	898
f 898 	930 	65
f 66 	899 	867
f 899 	931 	900
f 931 	932 	900
f 900 	932 	901
f 932 	933 	901
f 901 	933 	902
f 933 	934 	902
f 902 	934 	903
f 934 	935 	903
f 903 	935 	904
f 935 	936 	904
f 904 	936 	905
f 936 	937 	905
f 905 	937 	906
f 937 	938 	906
f 906 	938 	907
f 938 	939 	907
f 907 	939 	908
f 939 	940 	908
f 908 	940 	909
f 940 	941 	909
f 909 	941 	910
f 941 	942 	910
f 910 	942 	911
f 942 	943 	911
f 911 	943 	912
f 943 	944 	912
f 912 	944 	913
f 944 	945 	913
f 913 	945 	914
f 945 	946 	914
f 914 	946 	915
f 946 	947 	915
f 915 	947 	916
f 947 	948 	916
f 916 	948 	917
f 948 	949 	917
f 917 	949 	918
f 949 	950 	918
f 918 	950 	919
f 950 	951 	919
f 919 	951 	920
f 951 	952 	920
f 920 	952 	921
f 952 	953 	921
f 921 	953 	922
f 953 	954 	922
f 922 	954 	923
f 954 	955 	923
f 923 	955 	924
f 955 	956 	924
f 924 	956 	925
f 956 	957 	925
f 925 	957 	926
f 957 	958 	926
f 926 	958 	927
f 958 	959 	927
f 927 	959 	928
f 959 	960 	928
f 928 	960 	929
f 960 	961 	929
f 929 	961 	930
f 961 	962 	930
f 930 	962 	65
f 66 	931 	899
f 931 	963 	932
f 963 	964 	932
f 932 	964 	933
f 964 	965 	933
f 933 	965 	934
f 965 	966 	934
f 934 	966 	935
f 966 	967 	935
f 935 	967 	936
f 967 	968 	936
f 936 	968 	937
f 968 	969 	937
f 937 	969 	938
f 969 	970 	938
f 938 	970 	939
f 970 	971 	939
f 939 	971 	940
f 971 	972 	940
f 940 	972 	941
f 972 	973 	941
f 941 	973 	942
f 973 	974 	942
f 942 	974 	943
f 974 	975 	943
f 943 	975 	944
f 975 	976 	944
f 944 	976 	945
f 976 	977 	945
f 945 	977 	946
f 977 	978 	946
f 946 	978 	947
f 978 	979 	947
f 947 	979 	948
f 979 	980 	948
f 948 	980 	949
f 980 	981 	949
f 949 	981 	950
f 981 	982 	950
f 950 	982 	951
f 982 	983 	951
f 951 	983 	952
f 983 	984 	952
f 952 	984 	953
f 984 	985 	953
f 953 	985 	954
f 985 	986 	954
f 954 	986 	955
f 986 	987 	955
f 955 	987 	956
f 987 	988 	956
f 956 	988 	957
f 988 	989 	957
f 957 	989 	958
f 989 	990 	958
f 958 	990 	959
f 990 	991 	959
f 959 	991 	960
f 991 	992 	960
f 960 	992 	961
f 992 	993 	961
f 961 	993 	962
f 993 	994 	962
f 962 	994 	65
f 66 	963 	931
f 963 	995 	964
f 995 	996 	964
f 964 	996 	965
f 996 	997 	965
f 965 	997 	966
f 997 	998 	966
f 966 	998 	967
f 998 	999 	967
f 967 	999 	968
f 999 	1000 	968
f 968 	1000 	969
f 1000 	1001 	969
f 969 	1001 	970
f 1001 	1002 	970
f 970 	1002 	971
f 1002 	1003 	971
f 971 	1003 	972
f 1003 	1004 	972
f 972 	1004 	973
f 1004 	1005 	973
f 973 	1005 	974
f 1005 	1006 	974
f 974 	1006 	975
f 1006 	1007 	975
f 975 	1007 	976
f 1007 	1008 	976
f 976 	1008 	977
f 1008 	1009 	977
f 977 	1009 	978
f 1009 	1010 	978
f 978 	1010 	979
f 1010 	1011 	979
f 979 	1011 	980
f 1011 	1012 	980
f 980 	1012 	981
f 1012 	1013 	981
f 981 	1013 	982
f 1013 	1014 	982
f 982 	1014 	983
f 1014 	1015 	983
f 983 	1015 	984
f 1015 	1016 	984
f 984 	1016 	985
f 1016 	1017 	985
f 985 	1017 	986
f 1017 	1018 	986
f 986 	1018 	987
f 1018 	1019 	987
f 987 	1019 	988
f 1019 	1020 	988
f 988 	1020 	989
f 1020 	1021 	989
f 989 	1021 	990
f 1021 	1022 	990
f 990 	1022 	991
f 1022 	1023 	991
f 991 	1023 	992
f 1023 	1024 	992
f 992 	1024 	993
f 1024 	1025 	993
f 993 	1025 	994
f 1025 	1026 	994
f 994 	1026 	65
f 66 	995 	963
f 995 	1027 	996
f 1027 	1028 	996
f 996 	1028 	997
f 1028 	1029 	997
f 997 	1029 	998
f 1029 	1030 	998
f 998 	1030 	999
f 1030 	1031 	999
f 999 	1031 	1000
f 1031 	1032 	1000
f 1000 	1032 	1001
f 1032 	1033 	1001
f 1001 	1033 	1002
f 1033 	1034 	1002
f 1002 	1034 	1003
f 1034 	1035 	1003
f 1003 	1035 	1004
f 1035 	1036 	1004
f 1004 	1036 	1005
f 1036 	1037 	1005
f 1005 	1037 	1006
f 1037 	1038 	1006
f 1006 	1038 	1007
f 1038 	1039 	1007
f 1007 	1039 	1008
f 1039 	1040 	1008
f 1008 	1040 	1009
f 1040 	1041 	1009
f 1009 	1041 	1010
f 1041 	1042 	1010
f 1010 	1042 	1011
f 1042 	1043 	1011
f 1011 	1043 	1012
f 1043 	1044 	1012
f 1012 	1044 	1013
f 1044 	1045 	1013
f 1013 	1045 	1014
f 1045 	1046 	1014
f 1014 	1046 	1015
f 1046 	1047 	1015
f 1015 	1047 	1016
f 1047 	1048 	1016
f 1016 	1048 	1017
f 1048 	1049 	1017
f 1017 	1049 	1018
f 1049 	1050 	1018
f 1018 	1050 	1019
f 1050 	1051 	1019
f 1019 	1051 	1020
f 1051 	1052 	1020
f 1020 	1052 	1021
f 1052 	1053 	1021
f 1021 	1053 	1022
f 1053 	1054 	1022
f 1022 	1054 	1023
f 1054 	1055 	1023
f 1023 	1055 	1024
f 1055 	1056 	1024
f 1024 	1056 	1025
f 1056 	1057 	1025
f 1025 	1057 	1026
f 1057 	1058 	1026
f 1026 	1058 	65
f 66 	1027 	995
f 1027 	1059 	1028
f 1059 	1060 	1028
f 1028 	1060 	1029
f 1060 	1061 	1029
f 1029 	1061 	1030
f 1061 	1062 	1030
f 1030 	1062 	1031
f 1062 	1063 	1031
f 1031 	1063 	1032
f 1063 	1064 	1032
f 1032 	1064 	1033
f 1064 	1065 	1033
f 1033 	1065 	1034
f 1065 	1066 	1034
f 1034 	1066 	1035
f 1066 	1067 	1035
f 1035 	1067 	1036
f 1067 	1068 	1036
f 1036 	1068 	1037
f 1068 	1069 	1037
f 1037 	1069 	1038
f 1069 	1070 	1038
f 1038 	1070 	1039
f 1070 	1071 	1039
f 1039 	1071 	1040
f 1071 	1072 	1040
f 1040 	1072 	1041
f 1072 	1073 	1041
f 1041 	1073 	1042
f 1073 	1074 	1042
f 1042 	1074 	1043
f 1074 	1075 	1043
f 1043 	1075 	1044
f 1075 	1076 	1044
f 1044 	1076 	1045
f 1076 	1077 	1045
f 1045 	1077 	1046
f 1077 	1078 	1046
f 1046 	1078 	1047
f 1078 	1079 	1047
f 1047 	1079 	1048
f 1079 	1080 	1048
f 1048 	1080 	1049
f 1080 	1081 	1049
f 1049 	1081 	1050
f 1081 	1082 	1050
f 1050 	1082 	1051
f 1082 	1083 	1051
f 1051 	1083 	1052
f 1083 	1084 	1052
f 1052 	1084 	1053
f 1084 	1085 	1053
f 1053 	1085 	1054
f 1085 	1086 	1054
f 1054 	1086 	1055
f 1086 	1087 	1055
f 1055 	1087 	1056
f 1087 	1088 	1056
f 1056 	1088 	1057
f 1088 	1089 	1057
f 1057 	1089 	1058
f 1089 	1090 	1058
f 1058 	1090 	65
f 66 	1059 	1027
f 1059 	1091 	1060
f 1091 	1092 	1060
f 1060 	1092 	1061
f 1092 	1093 	1061
f 1061 	1093 	1062
f 1093 	1094 	1062
f 1062 	1094 	1063
f 1094 	1095 	1063
f 1063 	1095 	1064
f 1095 	1096 	1064
f 1064 	1096 	1065
f 1096 	1097 	1065
f 1065 	1097 	1066
f 1097 	1098 	1066
f 1066 	1098 	1067
f 1098 	1099 	1067
f 1067 	1099 	1068
f 1099 	1100 	1068
f 1068 	1100 	1069
f 1100 	1101 	1069
f 1069 	1101 	1070
f 1101 	1102 	1070
f 1070 	1102 	1071
f 1102 	1103 	1071
f 1071 	1103 	1072
f 1103 	1104 	1072
f 1072 	1104 	1073
f 1104 	1105 	1073
f 1073 	1105 	1074
f 1105 	1106 	1074
f 1074 	1106 	1075
f 1106 	1107 	1075
f 1075 	1107 	1076
f 1107 	1108 	1076
f 1076 	1108 	1077
f 1108 	1109 	1077
f 1077 	1109 	1078
f 1109 	1110 	1078
f 1078 	1110 	1079
f 1110 	1111 	1079
f 1079 	1111 	1080
f 1111 	1112 	1080
f 1080 	1112 	1081
f 1112 	1113 	1081
f 1081 	1113 	1082
f 1113 	1114 	1082
f 1082 	1114 	1083
f 1114 	1115 	1083
f 1083 	1115 	1084
f 1115 	1116 	1084
f 1084 	1116 	1085
f 1116 	1117 	1085
f 1085 	1117 	1086
f 1117 	1118 	1086
f 1086 	1118 	1087
f 1118 	1119 	1087
f 1087 	1119 	1088
f 1119 	1120 	1088
f 1088 	1120 	1089
f 1120 	1121 	1089
f 1089 	1121 	1090
f 1121 	1122 	1090
f 1090 	1122 	65
f 66 	1091 	1059
f 1091 	1123 	1092
f 1123 	1124 	1092
f 1092 	1124 	1093
f 1124 	1125 	1093
f 1093 	1125 	1094
f 1125 	1126 	1094
f 1094 	1126 	1095
f 1126 	1127 	1095
f 1095 	1127 	1096
f 1127 	1128 	1096
f 1096 	1128 	1097
f 1128 	1129 	1097
f 1097 	1129 	1098
f 1129 	1130 	1098
f 1098 	1130 	1099
f 1130 	1131 	1099
f 1099 	1131 	1100
f 1131 	1132 	1100
f 1100 	1132 	1101
f 1132 	1133 	1101
f 1101 	1133 	1102
f 1133 	1134 	1102
f 1102 	1134 	1103
f 1134 	1135 	1103
f 1103 	1135 	1104
f 1135 	1136 	1104
f 1104 	1136 	1105
f 1136 	1137 	1105
f 1105 	1137 	1106
f 1137 	1138 	1106
f 1106 	1138 	1107
f 1138 	1139 	1107
f 1107 	1139 	1108
f 1139 	1140 	1108
f 1108 	1140 	1109
f 1140 	1141 	1109
f 1109 	1141 	1110
f 1141 	1142 	1110
f 1110 	1142 	1111
f 1142 	1143 	1111
f 1111 	1143 	1112
f 1143 	1144 	1112
f 1112 	1144 	1113
f 1144 	1145 	1113
f 1113 	1145 	1114
f 1145 	1146 	1114
f 1114 	1146 	1115
f 1146 	1147 	1115
f 1115 	1147 	1116
f 1147 	1148 	1116
f 1116 	1148 	1117
f 1148 	1149 	1117
f 1117 	1149 	1118
f 1149 	1150 	1118
f 1118 	1150 	1119
f 1150 	1151 	1119
f 1119 	1151 	1120
f 1151 	1152 	1120
f 1120 	1152 	1121
f 1152 	1153 	1121
f 1121 	1153 	1122
f 1153 	1154 	1122
f 1122 	1154 	65
f 66 	1123 	1091
f 1123 	1155 	1124
f 1155 	1156 	1124
f 1124 	1156 	1125
f 1156 	1157 	1125
f 1125 	1157 	1126
f 1157 	1158 	1126
f 1126 	1158 	1127
f 1158 	1159 	1127
f 1127 	1159 	1128
f 1159 	1160 	1128
f 1128 	1160 	1129
f 1160 	1161 	1129
f 1129 	1161 	1130
f 1161 	1162 	1130
f 1130 	1162 	1131
f 1162 	1163 	1131
f 1131 	1163 	1132
f 1163 	1164 	1132
f 1132 	1164 	1133
f 1164 	1165 	1133
f 1133 	1165 	1134
f 1165 	1166 	1134
f 1134 	1166 	1135
f 1166 	1167 	1135
f 1135 	1167 	1136
f 1167 	1168 	1136
f 1136 	1168 	1137
f 1168 	1169 	1137
f 1137 	1169 	1138
f 1169 	1170 	1138
f 1138 	1170 	1139
f 1170 	1171 	1139
f 1139 	1171 	1140
f 1171 	1172 	1140
f 1140 	1172 	1141
f 1172 	1173 	1141
f 1141 	1173 	1142
f 1173 	1174 	1142
f 1142 	1174 	1143
f 1174 	1175 	1143
f 1143 	1175 	1144
f 1175 	1176 	1144
f 1144 	1176 	1145
f 1176 	1177 	1145
f 1145 	1177 	1146
f 1177 	1178 	1146
f 1146 	1178 	1147
f 1178 	1179 	1147
f 1147 	1179 	1148
f 1179 	1180 	1148
f 1148 	1180 	1149
f 1180 	1181 	1149
f 1149 	1181 	1150
f 1181 	1182 	1150
f 1150 	1182 	1151
f 1182 	1183 	1151
f 1151 	1183 	1152
f 1183 	1184 	1152
f 1152 	1184 	1153
f 1184 	1185 	1153
f 1153 	1185 	1154
f 1185 	1186 	1154
f 1154 	1186 	65
f 66 	1155 	1123
f 1155 	1187 	1156
f 1187 	1188 	1156
f 1156 	1188 	1157
f 1188 	1189 	1157
f 1157 	1189 	1158
f 1189 	1190 	1158
f 1158 	1190 	1159
f 1190 	1191 	1159
f 1159 	1191 	1160
f 1191 	1192 	1160
f 1160 	1192 	1161
f 1192 	1193 	1161
f 1161 	1193 	1162
f 1193 	1194 	1162
f 1162 	1194 	1163
f 1194 	1195 	1163
f 1163 	1195 	1164
f 1195 	1196 	1164
f 1164 	1196 	1165
f 1196 	1197 	1165
f 1165 	1197 	1166
f 1197 	1198 	1166
f 1166 	1198 	1167
f 1198 	1199 	1167
f 1167 	1199 	1168
f 1199 	1200 	1168
f 1168 	1200 	1169
f 1200 	1201 	1169
f 1169 	1201 	1170
f 1201 	1202 	1170
f 1170 	1202 	1171
f 1202 	1203 	1171
f 1171 	1203 	1172
f 1203 	1204 	1172
f 1172 	1204 	1173
f 1204 	1205 	1173
f 1173 	1205 	1174
f 1205 	1206 	1174
f 1174 	1206 	1175
f 1206 	1207 	1175
f 1175 	1207 	1176
f 1207 	1208 	1176
f 1176 	1208 	1177
f 1208 	1209 	1177
f 1177 	1209 	1178
f 1209 	1210 	1178
f 1178 	1210 	1179
f 1210 	1211 	1179
f 1179 	1211 	1180
f 1211 	1212 	1180
f 1180 	1212 	1181
f 1212 	1213 	1181
f 1181 	1213 	1182
f 1213 	1214 	1182
f 1182 	1214 	1183
f 1214 	1215 	1183
f 1183 	1215 	1184
f 1215 	1216 	1184
f 1184 	1216 	1185
f 1216 	1217 	1185
f 1185 	1217 	1186
f 1217 	1218 	1186
f 1186 	1218 	65
f 66 	1187 	1155
f 1187 	1219 	1188
f 1219 	1220 	1188
f 1188 	1220 	1189
f 1220 	1221 	1189
f 1189 	1221 	1190
f 1221 	1222 	1190
f 1190 	1222 	1191
f 1222 	1223 	1191
f 1191 	1223 	1192
f 1223 	1224 	1192
f 1192 	1224 	1193
f 1224 	1225 	1193
f 1193 	1225 	1194
f 1225 	1226 	1194
f 1194 	1226 	1195
f 1226 	1227 	1195
f 1195 	1227 	1196
f 1227 	1228 	1196
f 1196 	1228 	1197
f 1228 	1229 	1197
f 1197 	1229 	1198
f 1229 	1230 	1198
f 1198 	1230 	1199
f 1230 	1231 	1199
f 1199 	1231 	1200
f 1231 	1232 	1200
f 1200 	1232 	1201
f 1232 	1233 	1201
f 1201 	1233 	1202
f 1233 	1234 	1202
f 1202 	1234 	1203
f 1234 	1235 	1203
f 1203 	1235 	1204
f 1235 	1236 	1204
f 1204 	1236 	1205
f 1236 	1237 	1205
f 1205 	1237 	1206
f 1237 	1238 	1206
f 1206 	1238 	1207
f 1238 	1239 	1207
f 1207 	1239 	1208
f 1239 	1240 	1208
f 1208 	1240 	1209
f 1240 	1241 	1209
f 1209 	1241 	1210
f 1241 	1242 	1210
f 1210 	1242 	1211
f 1242 	1243 	1211
f 1211 	1243 	1212
f 1243 	1244 	1212
f 1212 	1244 	1213
f 1244 	1245 	1213
f 1213 	1245 	1214
f 1245 	1246 	1214
f 1214 	1246 	1215
f 1246 	1247 	1215
f 1215 	1247 	1216
f 1247 	1248 	1216
f 1216 	1248 	1217
f 1248 	1249 	1217
f 1217 	1249 	1218
f 1249 	1250 	1218
f 1218 	1250 	65
f 66 	1219 	1187
f 1219 	1251 	1220
f 1251 	1252 	1220
f 1220 	1252 	1221
f 1252 	1253 	1221
f 1221 	1253 	1222
f 1253 	1254 	1222
f 1222 	1254 	1223
f 1254 	1255 	1223
f 1223 	1255 	1224
f 1255 	1256 	1224
f 1224 	1256 	1225
f 1256 	1257 	1225
f 1225 	1257 	1226
f 1257 	1258 	1226
f 1226 	1258 	1227
f 1258 	1259 	1227
f 1227 	1259 	1228
f 1259 	1260 	1228
f 1228 	1260 	1229
f 1260 	1261 	1229
f 1229 	1261 	1230
f 1261 	1262 	1230
f 1230 	1262 	1231
f 1262 	1263 	1231
f 1231 	1263 	1232
f 1263 	1264 	1232
f 1232 	1264 	1233
f 1264 	1265 	1233
f 1233 	1265 	1234
f 1265 	1266 	1234
f 1234 	1266 	1235
f 1266 	1267 	1235
f 1235 	1267 	1236
f 1267 	1268 	1236
f 1236 	1268 	1237
f 1268 	1269 	1237
f 1237 	1269 	1238
f 1269 	1270 	1238
f 1238 	1270 	1239
f 1270 	1271 	1239
f 1239 	1271 	1240
f 1271 	1272 	1240
f 1240 	1272 	1241
f 1272 	1273 	1241
f 1241 	1273 	1242
f 1273 	1274 	1242
f 1242 	1274 	1243
f 1274 	1275 	1243
f 1243 	1275 	1244
f 1275 	1276 	1244
f 1244 	1276 	1245
f 1276 	1277 	1245
f 1245 	1277 	1246
f 1277 	1278 	1246
f 1246 	1278 	1247
f 1278 	1279 	1247
f 1247 	1279 	1248
f 1279 	1280 	1248
f 1248 	1280 	1249
f 1280 	1281 	1249
f 1249 	1281 	1250
f 1281 	1282 	1250
f 1250 	1282 	65
f 66 	1251 	1219
f 1251 	1283 	1252
f 1283 	1284 	1252
f 1252 	1284 	1253
f 1284 	1285 	1253
f 1253 	1285 	1254
f 1285 	1286 	1254
f 1254 	1286 	1255
f 1286 	1287 	1255
f 1255 	1287 	1256
f 1287 	1288 	1256
f 1256 	1288 	1257
f 1288 	1289 	1257
f 1257 	1289 	1258
f 1289 	1290 	1258
f 1258 	1290 	1259
f 1290 	1291 	1259
f 1259 	1291 	1260
f 1291 	1292 	1260
f 1260 	1292 	1261
f 1292 	1293 	1261
f 1261 	1293 	1262
f 1293 	1294 	1262
f 1262 	1294 	1263
f 1294 	1295 	1263
f 1263 	1295 	1264
f 1295 	1296 	1264
f 1264 	1296 	1265
f 1296 	1297 	1265
f 1265 	1297 	1266
f 1297 	1298 	1266
f 1266 	1298 	1267
f 1298 	1299 	1267
f 1267 	1299 	1268
f 1299 	1300 	1268
f 1268 	1300 	1269
f 1300 	1301 	1269
f 1269 	1301 	1270
f 1301 	1302 	1270
f 1270 	1302 	1271
f 1302 	1303 	1271
f 1271 	1303 	1272
f 1303 	1304 	1272
f 1272 	1304 	1273
f 1304 	1305 	1273
f 1273 	1305 	1274
f 1305 	1306 	1274
f 1274 	1306 	1275
f 1306 	1307 	1275
f 1275 	1307 	1276
f 1307 	1308 	1276
f 1276 	1308 	1277
f 1308 	1309 	1277
f 1277 	1309 	1278
f 1309 	1310 	1278
f 1278 	1310 	1279
f 1310 	1311 	1279
f 1279 	1311 	1280
f 1311 	1312 	1280
f 1280 	1312 	1281
f 1312 	1313 	1281
f 1281 	1313 	1282
f 1313 	1314 	1282
f 1282 	1314 	65
f 66 	1283 	1251
f 1283 	1315 	1284
f 1315 	1316 	1284
f 1284 	1316 	1285
f 1316 	1317 	1285
f 1285 	1317 	1286
f 1317 	1318 	1286
f 1286 	1318 	1287
f 1318 	1319 	1287
f 1287 	1319 	1288
f 1319 	1320 	1288
f 1288 	1320 	1289
f 1320 	1321 	1289
f 1289 	1321 	1290
f 1321 	1322 	1290
f 1290 	1322 	1291
f 1322 	1323 	1291
f 1291 	1323 	1292
f 1323 	1324 	1292
f 1292 	1324 	1293
f 1324 	1325 	1293
f 1293 	1325 	1294
f 1325 	1326 	1294
f 1294 	1326 	1295
f 1326 	1327 	1295
f 1295 	1327 	1296
f 1327 	1328 	1296
f 1296 	1328 	1297
f 1328 	1329 	1297
f 1297 	1329 	1298
f 1329 	1330 	1298
f 1298 	1330 	1299
f 1330 	1331 	1299
f 1299 	1331 	1300
f 1331 	1332 	1300
f 1300 	1332 	1301
f 1332 	1333 	1301
f 1301 	1333 	1302
f 1333 	1334 	1302
f 1302 	1334 	1303
f 1334 	1335 	1303
f 1303 	1335 	1304
f 1335 	1336 	1304
f 1304 	1336 	1305
f 1336 	1337 	1305
f 1305 	1337 	1306
f 1337 	1338 	1306
f 1306 	1338 	1307
f 1338 	1339 	1307
f 1307 	1339 	1308
f 1339 	1340 	1308
f 1308 	1340 	1309
f 1340 	1341 	1309
f 1309 	1341 	1310
f 1341 	1342 	1310
f 1310 	1342 	1311
f 1342 	1343 	1311
f 1311 	1343 	1312
f 1343 	1344 	1312
f 1312 	1344 	1313
f 1344 	1345 	1313
f 1313 	1345 	1314
f 1345 	1346 	1314
f 1314 	1346 	65
f 66 	1315 	1283
f 1315 	1347 	1316
f 1347 	1348 	1316
f 1316 	1348 	1317
f 1348 	1349 	1317
f 1317 	1349 	1318
f 1349 	1350 	1318
f 1318 	1350 	1319
f 1350 	1351 	1319
f 1319 	1351 	1320
f 1351 	1352 	1320
f 1320 	1352 	1321
f 1352 	1353 	1321
f 1321 	1353 	1322
f 1353 	1354 	1322
f 1322 	1354 	1323
f 1354 	1355 	1323
f 1323 	1355 	1324
f 1355 	1356 	1324
f 1324 	1356 	1325
f 1356 	1357 	1325
f 1325 	1357 	1326
f 1357 	1358 	1326
f 1326 	1358 	1327
f 1358 	1359 	1327
f 1327 	1359 	1328
f 1359 	1360 	1328
f 1328 	1360 	1329
f 1360 	1361 	1329
f 1329 	1361 	1330
f 1361 	1362 	1330
f 1330 	1362 	1331
f 1362 	1363 	1331
f 1331 	1363 	1332
f 1363 	1364 	1332
f 1332 	1364 	1333
f 1364 	1365 	1333
f 1333 	1365 	1334
f 1365 	1366 	1334
f 1334 	1366 	1335
f 1366 	1367 	1335
f 1335 	1367 	1336
f 1367 	1368 	1336
f 1336 	1368 	1337
f 1368 	1369 	1337
f 1337 	1369 	1338
f 1369 	1370 	1338
f 1338 	1370 	1339
f 1370 	1371 	1339
f 1339 	1371 	1340
f 1371 	1372 	1340
f 1340 	1372 	1341
f 1372 	1373 	1341
f 1341 	1373 	1342
f 1373 	1374 	1342
f 1342 	1374 	1343
f 1374 	1375 	1343
f 1343 	1375 	1344
f 1375 	1376 	1344
f 1344 	1376 	1345
f 1376 	1377 	1345
f 1345 	1377 	1346
f 1377 	1378 	1346
f 1346 	1378 	65
f 66 	1347 	1315
f 1347 	1379 	1348
f 1379 	1380 	1348
f 1348 	1380 	1349
f 1380 	1381 	1349
f 1349 	1381 	1350
f 1381 	1382 	1350
f 1350 	1382 	1351
f 1382 	1383 	1351
f 1351 	1383 	1352
f 1383 	1384 	1352
f 1352 	1384 	1353
f 1384 	1385 	1353
f 1353 	1385 	1354
f 1385 	1386 	1354
f 1354 	1386 	1355
f 1386 	1387 	1355
f 1355 	1387 	1356
f 1387 	1388 	1356
f 1356 	1388 	1357
f 1388 	1389 	1357
f 1357 	1389 	1358
f 1389 	1390 	1358
f 1358 	1390 	1359
f 1390 	1391 	1359
f 1359 	1391 	1360
f 1391 	1392 	1360
f 1360 	1392 	1361
f 1392 	1393 	1361
f 1361 	1393 	1362
f 1393 	1394 	1362
f 1362 	1394 	1363
f 1394 	1395 	1363
f 1363 	1395 	1364
f 1395 	1396 	1364
f 1364 	1396 	1365
f 1396 	1397 	1365
f 1365 	1397 	1366
f 1397 	1398 	1366
f 1366 	1398 	1367
f 1398 	1399 	1367
f 1367 	1399 	1368
f 1399 	1400 	1368
f 1368 	1400 	1369
f 1400 	1401 	1369
f 1369 	1401 	1370
f 1401 	1402 	1370
f 1370 	1402 	1371
f 1402 	1403 	1371
f 1371 	1403 	1372
f 1403 	1404 	1372
f 1372 	1404 	1373
f 1404 	1405 	1373
f 1373 	1405 	1374
f 1405 	1406 	1374
f 1374 	1406 	1375
f 1406 	1407 	1375
f 1375 	1407 	1376
f 1407 	1408 	1376
f 1376 	1408 	1377
f 1408 	1409 	1377
f 1377 	1409 	1378
f 1409 	1410 	1378
f 1378 	1410 	65
f 66 	1379 	1347
f 1379 	1411 	1380
f 1411 	1412 	1380
f 1380 	1412 	1381
f 1412 	1413 	1381
f 1381 	1413 	1382
f 1413 	1414 	1382
f 1382 	1414 	1383
f 1414 	1415 	1383
f 1383 	1415 	1384
f 1415 	1416 	1384
f 1384 	1416 	1385
f 1416 	1417 	1385
f 1385 	1417 	1386
f 1417 	1418 	1386
f 1386 	1418 	1387
f 1418 	1419 	1387
f 1387 	1419 	1388
f 1419 	1420 	1388
f 1388 	1420 	1389
f 1420 	1421 	1389
f 1389 	1421 	1390
f 1421 	1422 	1390
f 1390 	1422 	1391
f 1422 	1423 	1391
f 1391 	1423 	1392
f 1423 	1424 	1392
f 1392 	1424 	1393
f 1424 	1425 	1393
f 1393 	1425 	1394
f 1425 	1426 	1394
f 1394 	1426 	1395
f 1426 	1427 	1395
f 1395 	1427 	1396
f 1427 	1428 	1396
f 1396 	1428 	1397
f 1428 	1429 	1397
f 1397 	1429 	1398
f 1429 	1430 	1398
f 1398 	1430 	1399
f 1430 	1431 	1399
f 1399 	1431 	1400
f 1431 	1432 	1400
f 1400 	1432 	1401
f 1432 	1433 	1401
f 1401 	1433 	1402
f 1433 	1434 	1402
f 1402 	1434 	1403
f 1434 	1435 	1403
f 1403 	1435 	1404
f 1435 	1436 	1404
f 1404 	1436 	1405
f 1436 	1437 	1405
f 1405 	1437 	1406
f 1437 	1438 	1406
f 1406 	1438 	1407
f 1438 	1439 	1407
f 1407 	1439 	1408
f 1439 	1440 	1408
f 1408 	1440 	1409
f 1440 	1441 	1409
f 1409 	1441 	1410
f 1441 	1442 	1410
f 1410 	1442 	65
f 66 	1411 	1379
f 1411 	1443 	1412
f 1443 	1444 	1412
f 1412 	1444 	1413
f 1444 	1445 	1413
f 1413 	1445 	1414
f 1445 	1446 	1414
f 1414 	1446 	1415
f 1446 	1447 	1415
f 1415 	1447 	1416
f 1447 	1448 	1416
f 1416 	1448 	1417
f 1448 	1449 	1417
f 1417 	1449 	1418
f 1449 	1450 	1418
f 1418 	1450 	1419
f 1450 	1451 	1419
f 1419 	1451 	1420
f 1451 	1452 	1420
f 1420 	1452 	1421
f 1452 	1453 	1421
f 1421 	1453 	1422
f 1453 	1454 	1422
f 1422 	1454 	1423
f 1454 	1455 	1423
f 1423 	1455 	1424
f 1455 	1456 	1424
f 1424 	1456 	1425
f 1456 	1457 	1425
f 1425 	1457 	1426
f 1457 	1458 	1426
f 1426 	1458 	1427
f 1458 	1459 	1427
f 1427 	1459 	1428
f 1459 	1460 	1428
f 1428 	1460 	1429
f 1460 	1461 	1429
f 1429 	1461 	1430
f 1461 	1462 	1430
f 1430 	1462 	1431
f 1462 	1463 	1431
f 1431 	1463 	1432
f 1463 	1464 	1432
f 1432 	1464 	1433
f 1464 	1465 	1433
f 1433 	1465 	1434
f 1465 	1466 	1434
f 1434 	1466 	1435
f 1466 	1467 	1435
f 1435 	1467 	1436
f 1467 	1468 	1436
f 1436 	1468 	1437
f 1468 	1469 	1437
f 1437 	1469 	1438
f 1469 	1470 	1438
f 1438 	1470 	1439
f 1470 	1471 	1439
f 1439 	1471 	1440
f 1471 	1472 	1440
f 1440 	1472 	1441
f 1472 	1473 	1441
f 1441 	1473 	1442
f 1473 	1474 	1442
f 1442 	1474 	65
f 66 	1443 	1411
f 1443 	1475 	1444
f 1475 	1476 	1444
f 1444 	1476 	1445
f 1476 	1477 	1445
f 1445 	1477 	1446
f 1477 	1478 	1446
f 1446 	1478 	1447
f 1478 	1479 	1447
f 1447 	1479 	1448
f 1479 	1480 	1448
f 1448 	1480 	1449
f 1480 	1481 	1449
f 1449 	1481 	1450
f 1481 	1482 	1450
f 1450 	1482 	1451
f 1482 	1483 	1451
f 1451 	1483 	1452
f 1483 	1484 	1452
f 1452 	1484 	1453
f 1484 	1485 	1453
f 1453 	1485 	1454
f 1485 	1486 	1454
f 1454 	1486 	1455
f 1486 	1487 	1455
f 1455 	1487 	1456
f 1487 	1488 	1456
f 1456 	1488 	1457
f 1488 	1489 	1457
f 1457 	1489 	1458
f 1489 	1490 	1458
f 1458 	1490 	1459
f 1490 	1491 	1459
f 1459 	1491 	1460
f 1491 	1492 	1460
f 1460 	1492 	1461
f 1492 	1493 	1461
f 1461 	1493 	1462
f 1493 	1494 	1462
f 1462 	1494 	1463
f 1494 	1495 	1463
f 1463 	1495 	1464
f 1495 	1496 	1464
f 1464 	1496 	1465
f 1496 	1497 	1465
f 1465 	1497 	1466
f 1497 	1498 	1466
f 1466 	1498 	1467
f 1498 	1499 	1467
f 1467 	1499 	1468
f 1499 	1500 	1468
f 1468 	1500 	1469
f 1500 	1501 	1469
f 1469 	1501 	1470
f 1501 	1502 	1470
f 1470 	1502 	1471
f 1502 	1503 	1471
f 1471 	1503 	1472
f 1503 	1504 	1472
f 1472 	1504 	1473
f 1504 	1505 	1473
f 1473 	1505 	1474
f 1505 	1506 	1474
f 1474 	1506 	65
f 66 	1475 	1443
f 1475 	1507 	1476
f 1507 	1508 	1476
f 1476 	1508 	1477
f 1508 	1509 	1477
f 1477 	1509 	1478
f 1509 	1510 	1478
f 1478 	1510 	1479
f 1510 	1511 	1479
f 1479 	1511 	1480
f 1511 	1512 	1480
f 1480 	1512 	1481
f 1512 	1513 	1481
f 1481 	1513 	1482
f 1513 	1514 	1482
f 1482 	1514 	1483
f 1514 	1515 	1483
f 1483 	1515 	1484
f 1515 	1516 	1484
f 1484 	1516 	1485
f 1516 	1517 	1485
f 1485 	1517 	1486
f 1517 	1518 	1486
f 1486 	1518 	1487
f 1518 	1519 	1487
f 1487 	1519 	1488
f 1519 	1520 	1488
f 1488 	1520 	1489
f 1520 	1521 	1489
f 1489 	1521 	1490
f 1521 	1522 	1490
f 1490 	1522 	1491
f 1522 	1523 	1491
f 1491 	1523 	1492
f 1523 	1524 	1492
f 1492 	1524 	1493
f 1524 	1525 	1493
f 1493 	1525 	1494
f 1525 	1526 	1494
f 1494 	1526 	1495
f 1526 	1527 	1495
f 1495 	1527 	1496
f 1527 	1528 	1496
f 1496 	1528 	1497
f 1528 	1529 	1497
f 1497 	1529 	1498
f 1529 	1530 	1498
f 1498 	1530 	1499
f 1530 	1531 	1499
f 1499 	1531 	1500
f 1531 	1532 	1500
f 1500 	1532 	1501
f 1532 	1533 	1501
f 1501 	1533 	1502
f 1533 	1534 	1502
f 1502 	1534 	1503
f 1534 	1535 	1503
f 1503 	1535 	1504
f 1535 	1536 	1504
f 1504 	1536 	1505
f 1536 	1537 	1505
f 1505 	1537 	1506
f 1537 	1538 	1506
f 1506 	1538 	65
f 66 	1507 	1475
f 1507 	1 	1508
f 1 	3 	1508
f 1508 	3 	1509
f 3 	5 	1509
f 1509 	5 	1510
f 5 	7 	1510
f 1510 	7 	1511
f 7 	9 	1511
f 1511 	9 	1512
f 9 	11 	1512
f 1512 	11 	1513
f 11 	13 	1513
f 1513 	13 	1514
f 13 	15 	1514
f 1514 	15 	1515
f 15 	17 	1515
f 1515 	17 	1516
f 17 	19 	1516
f 1516 	19 	1517
f 19 	21 	1517
f 1517 	21 	1518
f 21 	23 	1518
f 1518 	23 	1519
f 23 	25 	1519
f 1519 	25 	1520
f 25 	27 	1520
f 1520 	27 	1521
f 27 	29 	1521
f 1521 	29 	1522
f 29 	31 	1522
f 1522 	31 	1523
f 31 	33 	1523
f 1523 	33 	1524
f 33 	35 	1524
f 1524 	35 	1525
f 35 	37 	1525
f 1525 	37 	1526
f 37 	39 	1526
f 1526 	39 	1527
f 39 	41 	1527
f 1527 	41 	1528
f 41 	43 	1528
f 1528 	43 	1529
f 43 	45 	1529
f 1529 	45 	1530
f 45 	47 	1530
f 1530 	47 	1531
f 47 	49 	1531
f 1531 	49 	1532
f 49 	51 	1532
f 1532 	51 	1533
f 51 	53 	1533
f 1533 	53 	1534
f 53 	55 	1534
f 1534 	55 	1535
f 55 	57 	1535
f 1535 	57 	1536
f 57 	59 	1536
f 1536 	59 	1537
f 59 	61 	1537
f 1537 	61 	1538
f 61 	63 	1538
f 1538 	63 	65
f 66 	1 	1507
# 3072 faces

 #end of obj_0

o obj_1
v 0.1305 		-0.9914 		4.75
v 0 		-1 		4.75
v 0 		0 		4.75
v 0.2588 		-0.9659 		4.75
v 0.3827 		-0.9239 		4.75
v 0.5 		-0.866 		4.75
v 0.6088 		-0.7934 		4.75
v 0.7071 		-0.7071 		4.75
v 0.7934 		-0.6088 		4.75
v 0.866 		-0.5 		4.75
v 0.9239 		-0.3827 		4.75
v 0.9659 		-0.2588 		4.75
v 0.9914 		-0.1305 		4.75
v 1 		0 		4.75
v 0.9914 		0.1305 		4.75
v 0.9659 		0.2588 		4.75
v 0.9239 		0.3827 		4.75
v 0.866 		0.5 		4.75
v 0.7934 		0.6088 		4.75
v 0.7071 		0.7071 		4.75
v 0.6088 		0.7934 		4.75
v 0.5 		0.866 		4.75
v 0.3827 		0.9239 		4.75
v 0.2588 		0.9659 		4.75
v 0.1305 		0.9914 		4.75
v 0 		1 		4.75
v -0.1305 		0.9914 		4.75
v -0.2588 		0.9659 		4.75
v -0.3827 		0.9239 		4.75
v -0.5 		0.866 		4.75
v -0.6088 		0.7934 		4.75
v -0.7071 		0.7071 		4.75
v -0.7934 		0.6088 		4.75
v -0.866 		0.5 		4.75
v -0.9239 		0.3827 		4.75
v -0.9659 		0.2588 		4.75
v -0.9914 		0.1305 		4.75
v -1 		0 		4.75
v -0.9914 		-0.1305 		4.75
v -0.9659 		-0.2588 		4.75
v -0.9239 		-0.3827 		4.75
v -0.866 		-0.5 		4.75
v -0.7934 		-0.6088 		4.75
v -0.7071 		-0.7071 		4.75
v -0.6088 		-0.7934 		4.75
v -0.5 		-0.866 		4.75
v -0.3827 		-0.9239 		4.75
v -0.2588 		-0.9659 		4.75
v -0.1305 		-0.9914 		4.75
v 0 		-1 		6.75
v 0.1305 		-0.9914 		6.75
v 0 		0 		6.75
v 0.2588 		-0.9659 		6.75
v 0.3827 		-0.9239 		6.75
v 0.5 		-0.866 		6.75
v 0.6088 		-0.7934 		6.75
v 0.7071 		-0.7071 		6.75
v 0.7934 		-0.6088 		6.75
v 0.866 		-0.5 		6.75
v 0.9239 		-0.3827 		6.75
v 0.9659 		-0.2588 		6.75
v 0.9914 		-0.1305 		6.75
v 1 		0 		6.75
v 0.9914 		0.1305 		6.75
v 0.9659 		0.2588 		6.75
v 0.9239 		0.3827 		6.75
v 0.866 		0.5 		6.75
v 0.7934 		0.6088 		6.75
v 0.7071 		0.7071 		6.75
v 0.6088 		0.7934 		6.75
v 0.5 		0.866 		6.75
v 0.3827 		0.9239 		6.75
v 0.2588 		0.9659 		6.75
v 0.1305 		0.9914 		6.75
v 0 		1 		6.75
v -0.1305 		0.9914 		6.75
v -0.2588 		0.9659 		6.75
v -0.3827 		0.9239 		6.75
v -0.5 		0.866 		6.75
v -0.6088 		0.7934 		6.75
v -0.7071 		0.7071 		6.75
v -0.7934 		0.6088 		6.75
v -0.866 		0.5 		6.75
v -0.9239 		0.3827 		6.75
v -0.9659 		0.2588 		6.75
v -0.9914 		0.1305 		6.75
v -1 		0 		6.75
v -0.9914 		-0.1305 		6.75
v -0.9659 		-0.2588 		6.75
v -0.9239 		-0.3827 		6.75
v -0.866 		-0.5 		6.75
v -0.7934 		-0.6088 		6.75
v -0.7071 		-0.7071 		6.75
v -0.6088 		-0.7934 		6.75
v -0.5 		-0.866 		6.75
v -0.3827 		-0.9239 		6.75
v -0.2588 		-0.9659 		6.75
v -0.1305 		-0.9914 		6.75
# 98 vertices

g group_1_16448250

usemtl color_16448250
s 0

f 1539 	1540 	1541
f 1542 	1539 	1541
f 1543 	1542 	1541
f 1544 	1543 	1541
f 1545 	1544 	1541
f 1546 	1545 	1541
f 1547 	1546 	1541
f 1548 	1547 	1541
f 1549 	1548 	1541
f 1550 	1549 	1541
f 1551 	1550 	1541
f 1552 	1551 	1541
f 1553 	1552 	1541
f 1554 	1553 	1541
f 1555 	1554 	1541
f 1556 	1555 	1541
f 1557 	1556 	1541
f 1558 	1557 	1541
f 1559 	1558 	1541
f 1560 	1559 	1541
f 1561 	1560 	1541
f 1562 	1561 	1541
f 1563 	1562 	1541
f 1564 	1563 	1541
f 1565 	1564 	1541
f 1566 	1565 	1541
f 1567 	1566 	1541
f 1568 	1567 	1541
f 1569 	1568 	1541
f 1570 	1569 	1541
f 1571 	1570 	1541
f 1572 	1571 	1541
f 1573 	1572 	1541
f 1574 	1573 	1541
f 1575 	1574 	1541
f 1576 	1575 	1541
f 1577 	1576 	1541
f 1578 	1577 	1541
f 1579 	1578 	1541
f 1580 	1579 	1541
f 1581 	1580 	1541
f 1582 	1581 	1541
f 1583 	1582 	1541
f 1584 	1583 	1541
f 1585 	1584 	1541
f 1586 	1585 	1541
f 1587 	1586 	1541
f 1540 	1587 	1541
f 1588 	1589 	1590
f 1589 	1591 	1590
f 1591 	1592 	1590
f 1592 	1593 	1590
f 1593 	1594 	1590
f 1594 	1595 	1590
f 1595 	1596 	1590
f 1596 	1597 	1590
f 1597 	1598 	1590
f 1598 	1599 	1590
f 1599 	1600 	1590
f 1600 	1601 	1590
f 1601 	1602 	1590
f 1602 	1603 	1590
f 1603 	1604 	1590
f 1604 	1605 	1590
f 1605 	1606 	1590
f 1606 	1607 	1590
f 1607 	1608 	1590
f 1608 	1609 	1590
f 1609 	1610 	1590
f 1610 	1611 	1590
f 1611 	1612 	1590
f 1612 	1613 	1590
f 1613 	1614 	1590
f 1614 	1615 	1590
f 1615 	1616 	1590
f 1616 	1617 	1590
f 1617 	1618 	1590
f 1618 	1619 	1590
f 1619 	1620 	1590
f 1620 	1621 	1590
f 1621 	1622 	1590
f 1622 	1623 	1590
f 1623 	1624 	1590
f 1624 	1625 	1590
f 1625 	1626 	1590
f 1626 	1627 	1590
f 1627 	1628 	1590
f 1628 	1629 	1590
f 1629 	1630 	1590
f 1630 	1631 	1590
f 1631 	1632 	1590
f 1632 	1633 	1590
f 1633 	1634 	1590
f 1634 	1635 	1590
f 1635 	1636 	1590
f 1636 	1588 	1590
f 1540 	1539 	1539
f 1539 	1542 	1542
f 1542 	1543 	1543
f 1543 	1544 	1544
f 1544 	1545 	1545
f 1545 	1546 	1546
f 1546 	1547 	1547
f 1547 	1548 	1548
f 1548 	1549 	1549
f 1549 	1550 	1550
f 1550 	1551 	1551
f 1551 	1552 	1552
f 1552 	1553 	1553
f 1553 	1554 	1554
f 1554 	1555 	1555
f 1555 	1556 	1556
f 1556 	1557 	1557
f 1557 	1558 	1558
f 1558 	1559 	1559
f 1559 	1560 	1560
f 1560 	1561 	1561
f 1561 	1562 	1562
f 1562 	1563 	1563
f 1563 	1564 	1564
f 1564 	1565 	1565
f 1565 	1566 	1566
f 1566 	1567 	1567
f 1567 	1568 	1568
f 1568 	1569 	1569
f 1569 	1570 	1570
f 1570 	1571 	1571
f 1571 	1572 	1572
f 1572 	1573 	1573
f 1573 	1574 	1574
f 1574 	1575 	1575
f 1575 	1576 	1576
f 1576 	1577 	1577
f 1577 	1578 	1578
f 1578 	1579 	1579
f 1579 	1580 	1580
f 1580 	1581 	1581
f 1581 	1582 	1582
f 1582 	1583 	1583
f 1583 	1584 	1584
f 1584 	1585 	1585
f 1585 	1586 	1586
f 1586 	1587 	1587
f 1587 	1540 	1540
f 1540 	1539 	1589
f 1540 	1589 	1588
f 1539 	1542 	1591
f 1539 	1591 	1589
f 1542 	1543 	1592
f 1542 	1592 	1591
f 1543 	1544 	1593
f 1543 	1593 	1592
f 1544 	1545 	1594
f 1544 	1594 	1593
f 1545 	1546 	1595
f 1545 	1595 	1594
f 1546 	1547 	1596
f 1546 	1596 	1595
f 1547 	1548 	1597
f 1547 	1597 	1596
f 1548 	1549 	1598
f 1548 	1598 	1597
f 1549 	1550 	1599
f 1549 	1599 	1598
f 1550 	1551 	1600
f 1550 	1600 	1599
f 1551 	1552 	1601
f 1551 	1601 	1600
f 1552 	1553 	1602
f 1552 	1602 	1601
f 1553 	1554 	1603
f 1553 	1603 	1602
f 1554 	1555 	1604
f 1554 	1604 	1603
f 1555 	1556 	1605
f 1555 	1605 	1604
f 1556 	1557 	1606
f 1556 	1606 	1605
f 1557 	1558 	1607
f 1557 	1607 	1606
f 1558 	1559 	1608
f 1558 	1608 	1607
f 1559 	1560 	1609
f 1559 	1609 	1608
f 1560 	1561 	1610
f 1560 	1610 	1609
f 1561 	1562 	1611
f 1561 	1611 	1610
f 1562 	1563 	1612
f 1562 	1612 	1611
f 1563 	1564 	1613
f 1563 	1613 	1612
f 1564 	1565 	1614
f 1564 	1614 	1613
f 1565 	1566 	1615
f 1565 	1615 	1614
f 1566 	1567 	1616
f 1566 	1616 	1615
f 1567 	1568 	1617
f 1567 	1617 	1616
f 1568 	1569 	1618
f 1568 	1618 	1617
f 1569 	1570 	1619
f 1569 	1619 	1618
f 1570 	1571 	1620
f 1570 	1620 	1619
f 1571 	1572 	1621
f 1571 	1621 	1620
f 1572 	1573 	1622
f 1572 	1622 	1621
f 1573 	1574 	1623
f 1573 	1623 	1622
f 1574 	1575 	1624
f 1574 	1624 	1623
f 1575 	1576 	1625
f 1575 	1625 	1624
f 1576 	1577 	1626
f 1576 	1626 	1625
f 1577 	1578 	1627
f 1577 	1627 	1626
f 1578 	1579 	1628
f 1578 	1628 	1627
f 1579 	1580 	1629
f 1579 	1629 	1628
f 1580 	1581 	1630
f 1580 	1630 	1629
f 1581 	1582 	1631
f 1581 	1631 	1630
f 1582 	1583 	1632
f 1582 	1632 	1631
f 1583 	1584 	1633
f 1583 	1633 	1632
f 1584 	1585 	1634
f 1584 	1634 	1633
f 1585 	1586 	1635
f 1585 	1635 	1634
f 1586 	1587 	1636
f 1586 	1636 	1635
f 1587 	1540 	1588
f 1587 	1588 	1636
f 1588 	1589 	1589
f 1589 	1591 	1591
f 1591 	1592 	1592
f 1592 	1593 	1593
f 1593 	1594 	1594
f 1594 	1595 	1595
f 1595 	1596 	1596
f 1596 	1597 	1597
f 1597 	1598 	1598
f 1598 	1599 	1599
f 1599 	1600 	1600
f 1600 	1601 	1601
f 1601 	1602 	1602
f 1602 	1603 	1603
f 1603 	1604 	1604
f 1604 	1605 	1605
f 1605 	1606 	1606
f 1606 	1607 	1607
f 1607 	1608 	1608
f 1608 	1609 	1609
f 1609 	1610 	1610
f 1610 	1611 	1611
f 1611 	1612 	1612
f 1612 	1613 	1613
f 1613 	1614 	1614
f 1614 	1615 	1615
f 1615 	1616 	1616
f 1616 	1617 	1617
f 1617 	1618 	1618
f 1618 	1619 	1619
f 1619 	1620 	1620
f 1620 	1621 	1621
f 1621 	1622 	1622
f 1622 	1623 	1623
f 1623 	1624 	1624
f 1624 	1625 	1625
f 1625 	1626 	1626
f 1626 	1627 	1627
f 1627 	1628 	1628
f 1628 	1629 	1629
f 1629 	1630 	1630
f 1630 	1631 	1631
f 1631 	1632 	1632
f 1632 	1633 	1633
f 1633 	1634 	1634
f 1634 	1635 	1635
f 1635 	1636 	1636
f 1636 	1588 	1588
# 288 faces

 #end of obj_1

o obj_2
v 0.1436 		-1.0906 		6.4
v 0 		-1.1 		6.4
v 0 		0 		6.4
v 0.2847 		-1.0625 		6.4
v 0.421 		-1.0163 		6.4
v 0.55 		-0.9526 		6.4
v 0.6696 		-0.8727 		6.4
v 0.7778 		-0.7778 		6.4
v 0.8727 		-0.6696 		6.4
v 0.9526 		-0.55 		6.4
v 1.0163 		-0.421 		6.4
v 1.0625 		-0.2847 		6.4
v 1.0906 		-0.1436 		6.4
v 1.1 		0 		6.4
v 1.0906 		0.1436 		6.4
v 1.0625 		0.2847 		6.4
v 1.0163 		0.421 		6.4
v 0.9526 		0.55 		6.4
v 0.8727 		0.6696 		6.4
v 0.7778 		0.7778 		6.4
v 0.6696 		0.8727 		6.4
v 0.55 		0.9526 		6.4
v 0.421 		1.0163 		6.4
v 0.2847 		1.0625 		6.4
v 0.1436 		1.0906 		6.4
v 0 		1.1 		6.4
v -0.1436 		1.0906 		6.4
v -0.2847 		1.0625 		6.4
v -0.421 		1.0163 		6.4
v -0.55 		0.9526 		6.4
v -0.6696 		0.8727 		6.4
v -0.7778 		0.7778 		6.4
v -0.8727 		0.6696 		6.4
v -0.9526 		0.55 		6.4
v -1.0163 		0.421 		6.4
v -1.0625 		0.2847 		6.4
v -1.0906 		0.1436 		6.4
v -1.1 		0 		6.4
v -1.0906 		-0.1436 		6.4
v -1.0625 		-0.2847 		6.4
v -1.0163 		-0.421 		6.4
v -0.9526 		-0.55 		6.4
v -0.8727 		-0.6696 		6.4
v -0.7778 		-0.7778 		6.4
v -0.6696 		-0.8727 		6.4
v -0.55 		-0.9526 		6.4
v -0.421 		-1.0163 		6.4
v -0.2847 		-1.0625 		6.4
v -0.1436 		-1.0906 		6.4
v 0 		-1.1 		6.8
v 0.1436 		-1.0906 		6.8
v 0 		0 		6.8
v 0.2847 		-1.0625 		6.8
v 0.421 		-1.0163 		6.8
v 0.55 		-0.9526 		6.8
v 0.6696 		-0.8727 		6.8
v 0.7778 		-0.7778 		6.8
v 0.8727 		-0.6696 		6.8
v 0.9526 		-0.55 		6.8
v 1.0163 		-0.421 		6.8
v 1.0625 		-0.2847 		6.8
v 1.0906 		-0.1436 		6.8
v 1.1 		0 		6.8
v 1.0906 		0.1436 		6.8
v 1.0625 		0.2847 		6.8
v 1.0163 		0.421 		6.8
v 0.9526 		0.55 		6.8
v 0.8727 		0.6696 		6.8
v 0.7778 		0.7778 		6.8
v 0.6696 		0.8727 		6.8
v 0.55 		0.9526 		6.8
v 0.421 		1.0163 		6.8
v 0.2847 		1.0625 		6.8
v 0.1436 		1.0906 		6.8
v 0 		1.1 		6.8
v -0.1436 		1.0906 		6.8
v -0.2847 		1.0625 		6.8
v -0.421 		1.0163 		6.8
v -0.55 		0.9526 		6.8
v -0.6696 		0.8727 		6.8
v -0.7778 		0.7778 		6.8
v -0.8727 		0.6696 		6.8
v -0.9526 		0.55 		6.8
v -1.0163 		0.421 		6.8
v -1.0625 		0.2847 		6.8
v -1.0906 		0.1436 		6.8
v -1.1 		0 		6.8
v -1.0906 		-0.1436 		6.8
v -1.0625 		-0.2847 		6.8
v -1.0163 		-0.421 		6.8
v -0.9526 		-0.55 		6.8
v -0.8727 		-0.6696 		6.8
v -0.7778 		-0.7778 		6.8
v -0.6696 		-0.8727 		6.8
v -0.55 		-0.9526 		6.8
v -0.421 		-1.0163 		6.8
v -0.2847 		-1.0625 		6.8
v -0.1436 		-1.0906 		6.8
# 98 vertices

g group_2_1206582

usemtl color_1206582
s 0

f 1637 	1638 	1639
f 1640 	1637 	1639
f 1641 	1640 	1639
f 1642 	1641 	1639
f 1643 	1642 	1639
f 1644 	1643 	1639
f 1645 	1644 	1639
f 1646 	1645 	1639
f 1647 	1646 	1639
f 1648 	1647 	1639
f 1649 	1648 	1639
f 1650 	1649 	1639
f 1651 	1650 	1639
f 1652 	1651 	1639
f 1653 	1652 	1639
f 1654 	1653 	1639
f 1655 	1654 	1639
f 1656 	1655 	1639
f 1657 	1656 	1639
f 1658 	1657 	1639
f 1659 	1658 	1639
f 1660 	1659 	1639
f 1661 	1660 	1639
f 1662 	1661 	1639
f 1663 	1662 	1639
f 1664 	1663 	1639
f 1665 	1664 	1639
f 1666 	1665 	1639
f 1667 	1666 	1639
f 1668 	1667 	1639
f 1669 	1668 	1639
f 1670 	1669 	1639
f 1671 	1670 	1639
f 1672 	1671 	1639
f 1673 	1672 	1639
f 1674 	1673 	1639
f 1675 	1674 	1639
f 1676 	1675 	1639
f 1677 	1676 	1639
f 1678 	1677 	1639
f 1679 	1678 	1639
f 1680 	1679 	1639
f 1681 	1680 	1639
f 1682 	1681 	1639
f 1683 	1682 	1639
f 1684 	1683 	1639
f 1685 	1684 	1639
f 1638 	1685 	1639
f 1686 	1687 	1688
f 1687 	1689 	1688
f 1689 	1690 	1688
f 1690 	1691 	1688
f 1691 	1692 	1688
f 1692 	1693 	1688
f 1693 	1694 	1688
f 1694 	1695 	1688
f 1695 	1696 	1688
f 1696 	1697 	1688
f 1697 	1698 	1688
f 1698 	1699 	1688
f 1699 	1700 	1688
f 1700 	1701 	1688
f 1701 	1702 	1688
f 1702 	1703 	1688
f 1703 	1704 	1688
f 1704 	1705 	1688
f 1705 	1706 	1688
f 1706 	1707 	1688
f 1707 	1708 	1688
f 1708 	1709 	1688
f 1709 	1710 	1688
f 1710 	1711 	1688
f 1711 	1712 	1688
f 1712 	1713 	1688
f 1713 	1714 	1688
f 1714 	1715 	1688
f 1715 	1716 	1688
f 1716 	1717 	1688
f 1717 	1718 	1688
f 1718 	1719 	1688
f 1719 	1720 	1688
f 1720 	1721 	1688
f 1721 	1722 	1688
f 1722 	1723 	1688
f 1723 	1724 	1688
f 1724 	1725 	1688
f 1725 	1726 	1688
f 1726 	1727 	1688
f 1727 	1728 	1688
f 1728 	1729 	1688
f 1729 	1730 	1688
f 1730 	1731 	1688
f 1731 	1732 	1688
f 1732 	1733 	1688
f 1733 	1734 	1688
f 1734 	1686 	1688
f 1638 	1637 	1637
f 1637 	1640 	1640
f 1640 	1641 	1641
f 1641 	1642 	1642
f 1642 	1643 	1643
f 1643 	1644 	1644
f 1644 	1645 	1645
f 1645 	1646 	1646
f 1646 	1647 	1647
f 1647 	1648 	1648
f 1648 	1649 	1649
f 1649 	1650 	1650
f 1650 	1651 	1651
f 1651 	1652 	1652
f 1652 	1653 	1653
f 1653 	1654 	1654
f 1654 	1655 	1655
f 1655 	1656 	1656
f 1656 	1657 	1657
f 1657 	1658 	1658
f 1658 	1659 	1659
f 1659 	1660 	1660
f 1660 	1661 	1661
f 1661 	1662 	1662
f 1662 	1663 	1663
f 1663 	1664 	1664
f 1664 	1665 	1665
f 1665 	1666 	1666
f 1666 	1667 	1667
f 1667 	1668 	1668
f 1668 	1669 	1669
f 1669 	1670 	1670
f 1670 	1671 	1671
f 1671 	1672 	1672
f 1672 	1673 	1673
f 1673 	1674 	1674
f 1674 	1675 	1675
f 1675 	1676 	1676
f 1676 	1677 	1677
f 1677 	1678 	1678
f 1678 	1679 	1679
f 1679 	1680 	1680
f 1680 	1681 	1681
f 1681 	1682 	1682
f 1682 	1683 	1683
f 1683 	1684 	1684
f 1684 	1685 	1685
f 1685 	1638 	1638
f 1638 	1637 	1687
f 1638 	1687 	1686
f 1637 	1640 	1689
f 1637 	1689 	1687
f 1640 	1641 	1690
f 1640 	1690 	1689
f 1641 	1642 	1691
f 1641 	1691 	1690
f 1642 	1643 	1692
f 1642 	1692 	1691
f 1643 	1644 	1693
f 1643 	1693 	1692
f 1644 	1645 	1694
f 1644 	1694 	1693
f 1645 	1646 	1695
f 1645 	1695 	1694
f 1646 	1647 	1696
f 1646 	1696 	1695
f 1647 	1648 	1697
f 1647 	1697 	1696
f 1648 	1649 	1698
f 1648 	1698 	1697
f 1649 	1650 	1699
f 1649 	1699 	1698
f 1650 	1651 	1700
f 1650 	1700 	1699
f 1651 	1652 	1701
f 1651 	1701 	1700
f 1652 	1653 	1702
f 1652 	1702 	1701
f 1653 	1654 	1703
f 1653 	1703 	1702
f 1654 	1655 	1704
f 1654 	1704 	1703
f 1655 	1656 	1705
f 1655 	1705 	1704
f 1656 	1657 	1706
f 1656 	1706 	1705
f 1657 	1658 	1707
f 1657 	1707 	1706
f 1658 	1659 	1708
f 1658 	1708 	1707
f 1659 	1660 	1709
f 1659 	1709 	1708
f 1660 	1661 	1710
f 1660 	1710 	1709
f 1661 	1662 	1711
f 1661 	1711 	1710
f 1662 	1663 	1712
f 1662 	1712 	1711
f 1663 	1664 	1713
f 1663 	1713 	1712
f 1664 	1665 	1714
f 1664 	1714 	1713
f 1665 	1666 	1715
f 1665 	1715 	1714
f 1666 	1667 	1716
f 1666 	1716 	1715
f 1667 	1668 	1717
f 1667 	1717 	1716
f 1668 	1669 	1718
f 1668 	1718 	1717
f 1669 	1670 	1719
f 1669 	1719 	1718
f 1670 	1671 	1720
f 1670 	1720 	1719
f 1671 	1672 	1721
f 1671 	1721 	1720
f 1672 	1673 	1722
f 1672 	1722 	1721
f 1673 	1674 	1723
f 1673 	1723 	1722
f 1674 	1675 	1724
f 1674 	1724 	1723
f 1675 	1676 	1725
f 1675 	1725 	1724
f 1676 	1677 	1726
f 1676 	1726 	1725
f 1677 	1678 	1727
f 1677 	1727 	1726
f 1678 	1679 	1728
f 1678 	1728 	1727
f 1679 	1680 	1729
f 1679 	1729 	1728
f 1680 	1681 	1730
f 1680 	1730 	1729
f 1681 	1682 	1731
f 1681 	1731 	1730
f 1682 	1683 	1732
f 1682 	1732 	1731
f 1683 	1684 	1733
f 1683 	1733 	1732
f 1684 	1685 	1734
f 1684 	1734 	1733
f 1685 	1638 	1686
f 1685 	1686 	1734
f 1686 	1687 	1687
f 1687 	1689 	1689
f 1689 	1690 	1690
f 1690 	1691 	1691
f 1691 	1692 	1692
f 1692 	1693 	1693
f 1693 	1694 	1694
f 1694 	1695 	1695
f 1695 	1696 	1696
f 1696 	1697 	1697
f 1697 	1698 	1698
f 1698 	1699 	1699
f 1699 	1700 	1700
f 1700 	1701 	1701
f 1701 	1702 	1702
f 1702 	1703 	1703
f 1703 	1704 	1704
f 1704 	1705 	1705
f 1705 	1706 	1706
f 1706 	1707 	1707
f 1707 	1708 	1708
f 1708 	1709 	1709
f 1709 	1710 	1710
f 1710 	1711 	1711
f 1711 	1712 	1712
f 1712 	1713 	1713
f 1713 	1714 	1714
f 1714 	1715 	1715
f 1715 	1716 	1716
f 1716 	1717 	1717
f 1717 	1718 	1718
f 1718 	1719 	1719
f 1719 	1720 	1720
f 1720 	1721 	1721
f 1721 	1722 	1722
f 1722 	1723 	1723
f 1723 	1724 	1724
f 1724 	1725 	1725
f 1725 	1726 	1726
f 1726 	1727 	1727
f 1727 	1728 	1728
f 1728 	1729 	1729
f 1729 	1730 	1730
f 1730 	1731 	1731
f 1731 	1732 	1732
f 1732 	1733 	1733
f 1733 	1734 	1734
f 1734 	1686 	1686
# 288 faces

 #end of obj_2

o obj_3
v 0.2676 		-2.0325 		1.1
v 0 		-2.05 		1.1
v 0 		0 		1.1
v 0.5306 		-1.9801 		1.1
v 0.7845 		-1.894 		1.1
v 1.025 		-1.7754 		1.1
v 1.248 		-1.6264 		1.1
v 1.4496 		-1.4496 		1.1
v 1.6264 		-1.248 		1.1
v 1.7754 		-1.025 		1.1
v 1.894 		-0.7845 		1.1
v 1.9801 		-0.5306 		1.1
v 2.0325 		-0.2676 		1.1
v 2.05 		0 		1.1
v 2.0325 		0.2676 		1.1
v 1.9801 		0.5306 		1.1
v 1.894 		0.7845 		1.1
v 1.7754 		1.025 		1.1
v 1.6264 		1.248 		1.1
v 1.4496 		1.4496 		1.1
v 1.248 		1.6264 		1.1
v 1.025 		1.7754 		1.1
v 0.7845 		1.894 		1.1
v 0.5306 		1.9801 		1.1
v 0.2676 		2.0325 		1.1
v 0 		2.05 		1.1
v -0.2676 		2.0325 		1.1
v -0.5306 		1.9801 		1.1
v -0.7845 		1.894 		1.1
v -1.025 		1.7754 		1.1
v -1.248 		1.6264 		1.1
v -1.4496 		1.4496 		1.1
v -1.6264 		1.248 		1.1
v -1.7754 		1.025 		1.1
v -1.894 		0.7845 		1.1
v -1.9801 		0.5306 		1.1
v -2.0325 		0.2676 		1.1
v -2.05 		0 		1.1
v -2.0325 		-0.2676 		1.1
v -1.9801 		-0.5306 		1.1
v -1.894 		-0.7845 		1.1
v -1.7754 		-1.025 		1.1
v -1.6264 		-1.248 		1.1
v -1.4496 		-1.4496 		1.1
v -1.248 		-1.6264 		1.1
v -1.025 		-1.7754 		1.1
v -0.7845 		-1.894 		1.1
v -0.5306 		-1.9801 		1.1
v -0.2676 		-2.0325 		1.1
v 0 		-2.05 		4.6143
v 0.2676 		-2.0325 		4.6143
v 0 		0 		4.6143
v 0.5306 		-1.9801 		4.6143
v 0.7845 		-1.894 		4.6143
v 1.025 		-1.7754 		4.6143
v 1.248 		-1.6264 		4.6143
v 1.4496 		-1.4496 		4.6143
v 1.6264 		-1.248 		4.6143
v 1.7754 		-1.025 		4.6143
v 1.894 		-0.7845 		4.6143
v 1.9801 		-0.5306 		4.6143
v 2.0325 		-0.2676 		4.6143
v 2.05 		0 		4.6143
v 2.0325 		0.2676 		4.6143
v 1.9801 		0.5306 		4.6143
v 1.894 		0.7845 		4.6143
v 1.7754 		1.025 		4.6143
v 1.6264 		1.248 		4.6143
v 1.4496 		1.4496 		4.6143
v 1.248 		1.6264 		4.6143
v 1.025 		1.7754 		4.6143
v 0.7845 		1.894 		4.6143
v 0.5306 		1.9801 		4.6143
v 0.2676 		2.0325 		4.6143
v 0 		2.05 		4.6143
v -0.2676 		2.0325 		4.6143
v -0.5306 		1.9801 		4.6143
v -0.7845 		1.894 		4.6143
v -1.025 		1.7754 		4.6143
v -1.248 		1.6264 		4.6143
v -1.4496 		1.4496 		4.6143
v -1.6264 		1.248 		4.6143
v -1.7754 		1.025 		4.6143
v -1.894 		0.7845 		4.6143
v -1.9801 		0.5306 		4.6143
v -2.0325 		0.2676 		4.6143
v -2.05 		0 		4.6143
v -2.0325 		-0.2676 		4.6143
v -1.9801 		-0.5306 		4.6143
v -1.894 		-0.7845 		4.6143
v -1.7754 		-1.025 		4.6143
v -1.6264 		-1.248 		4.6143
v -1.4496 		-1.4496 		4.6143
v -1.248 		-1.6264 		4.6143
v -1.025 		-1.7754 		4.6143
v -0.7845 		-1.894 		4.6143
v -0.5306 		-1.9801 		4.6143
v -0.2676 		-2.0325 		4.6143
# 98 vertices

g group_3_1206582

usemtl color_1206582
s 0

f 1735 	1736 	1737
f 1738 	1735 	1737
f 1739 	1738 	1737
f 1740 	1739 	1737
f 1741 	1740 	1737
f 1742 	1741 	1737
f 1743 	1742 	1737
f 1744 	1743 	1737
f 1745 	1744 	1737
f 1746 	1745 	1737
f 1747 	1746 	1737
f 1748 	1747 	1737
f 1749 	1748 	1737
f 1750 	1749 	1737
f 1751 	1750 	1737
f 1752 	1751 	1737
f 1753 	1752 	1737
f 1754 	1753 	1737
f 1755 	1754 	1737
f 1756 	1755 	1737
f 1757 	1756 	1737
f 1758 	1757 	1737
f 1759 	1758 	1737
f 1760 	1759 	1737
f 1761 	1760 	1737
f 1762 	1761 	1737
f 1763 	1762 	1737
f 1764 	1763 	1737
f 1765 	1764 	1737
f 1766 	1765 	1737
f 1767 	1766 	1737
f 1768 	1767 	1737
f 1769 	1768 	1737
f 1770 	1769 	1737
f 1771 	1770 	1737
f 1772 	1771 	1737
f 1773 	1772 	1737
f 1774 	1773 	1737
f 1775 	1774 	1737
f 1776 	1775 	1737
f 1777 	1776 	1737
f 1778 	1777 	1737
f 1779 	1778 	1737
f 1780 	1779 	1737
f 1781 	1780 	1737
f 1782 	1781 	1737
f 1783 	1782 	1737
f 1736 	1783 	1737
f 1784 	1785 	1786
f 1785 	1787 	1786
f 1787 	1788 	1786
f 1788 	1789 	1786
f 1789 	1790 	1786
f 1790 	1791 	1786
f 1791 	1792 	1786
f 1792 	1793 	1786
f 1793 	1794 	1786
f 1794 	1795 	1786
f 1795 	1796 	1786
f 1796 	1797 	1786
f 1797 	1798 	1786
f 1798 	1799 	1786
f 1799 	1800 	1786
f 1800 	1801 	1786
f 1801 	1802 	1786
f 1802 	1803 	1786
f 1803 	1804 	1786
f 1804 	1805 	1786
f 1805 	1806 	1786
f 1806 	1807 	1786
f 1807 	1808 	1786
f 1808 	1809 	1786
f 1809 	1810 	1786
f 1810 	1811 	1786
f 1811 	1812 	1786
f 1812 	1813 	1786
f 1813 	1814 	1786
f 1814 	1815 	1786
f 1815 	1816 	1786
f 1816 	1817 	1786
f 1817 	1818 	1786
f 1818 	1819 	1786
f 1819 	1820 	1786
f 1820 	1821 	1786
f 1821 	1822 	1786
f 1822 	1823 	1786
f 1823 	1824 	1786
f 1824 	1825 	1786
f 1825 	1826 	1786
f 1826 	1827 	1786
f 1827 	1828 	1786
f 1828 	1829 	1786
f 1829 	1830 	1786
f 1830 	1831 	1786
f 1831 	1832 	1786
f 1832 	1784 	1786
f 1736 	1735 	1735
f 1735 	1738 	1738
f 1738 	1739 	1739
f 1739 	1740 	1740
f 1740 	1741 	1741
f 1741 	1742 	1742
f 1742 	1743 	1743
f 1743 	1744 	1744
f 1744 	1745 	1745
f 1745 	1746 	1746
f 1746 	1747 	1747
f 1747 	1748 	1748
f 1748 	1749 	1749
f 1749 	1750 	1750
f 1750 	1751 	1751
f 1751 	1752 	1752
f 1752 	1753 	1753
f 1753 	1754 	1754
f 1754 	1755 	1755
f 1755 	1756 	1756
f 1756 	1757 	1757
f 1757 	1758 	1758
f 1758 	1759 	1759
f 1759 	1760 	1760
f 1760 	1761 	1761
f 1761 	1762 	1762
f 1762 	1763 	1763
f 1763 	1764 	1764
f 1764 	1765 	1765
f 1765 	1766 	1766
f 1766 	1767 	1767
f 1767 	1768 	1768
f 1768 	1769 	1769
f 1769 	1770 	1770
f 1770 	1771 	1771
f 1771 	1772 	1772
f 1772 	1773 	1773
f 1773 	1774 	1774
f 1774 	1775 	1775
f 1775 	1776 	1776
f 1776 	1777 	1777
f 1777 	1778 	1778
f 1778 	1779 	1779
f 1779 	1780 	1780
f 1780 	1781 	1781
f 1781 	1782 	1782
f 1782 	1783 	1783
f 1783 	1736 	1736
f 1736 	1735 	1785
f 1736 	1785 	1784
f 1735 	1738 	1787
f 1735 	1787 	1785
f 1738 	1739 	1788
f 1738 	1788 	1787
f 1739 	1740 	1789
f 1739 	1789 	1788
f 1740 	1741 	1790
f 1740 	1790 	1789
f 1741 	1742 	1791
f 1741 	1791 	1790
f 1742 	1743 	1792
f 1742 	1792 	1791
f 1743 	1744 	1793
f 1743 	1793 	1792
f 1744 	1745 	1794
f 1744 	1794 	1793
f 1745 	1746 	1795
f 1745 	1795 	1794
f 1746 	1747 	1796
f 1746 	1796 	1795
f 1747 	1748 	1797
f 1747 	1797 	1796
f 1748 	1749 	1798
f 1748 	1798 	1797
f 1749 	1750 	1799
f 1749 	1799 	1798
f 1750 	1751 	1800
f 1750 	1800 	1799
f 1751 	1752 	1801
f 1751 	1801 	1800
f 1752 	1753 	1802
f 1752 	1802 	1801
f 1753 	1754 	1803
f 1753 	1803 	1802
f 1754 	1755 	1804
f 1754 	1804 	1803
f 1755 	1756 	1805
f 1755 	1805 	1804
f 1756 	1757 	1806
f 1756 	1806 	1805
f 1757 	1758 	1807
f 1757 	1807 	1806
f 1758 	1759 	1808
f 1758 	1808 	1807
f 1759 	1760 	1809
f 1759 	1809 	1808
f 1760 	1761 	1810
f 1760 	1810 	1809
f 1761 	1762 	1811
f 1761 	1811 	1810
f 1762 	1763 	1812
f 1762 	1812 	1811
f 1763 	1764 	1813
f 1763 	1813 	1812
f 1764 	1765 	1814
f 1764 	1814 	1813
f 1765 	1766 	1815
f 1765 	1815 	1814
f 1766 	1767 	1816
f 1766 	1816 	1815
f 1767 	1768 	1817
f 1767 	1817 	1816
f 1768 	1769 	1818
f 1768 	1818 	1817
f 1769 	1770 	1819
f 1769 	1819 	1818
f 1770 	1771 	1820
f 1770 	1820 	1819
f 1771 	1772 	1821
f 1771 	1821 	1820
f 1772 	1773 	1822
f 1772 	1822 	1821
f 1773 	1774 	1823
f 1773 	1823 	1822
f 1774 	1775 	1824
f 1774 	1824 	1823
f 1775 	1776 	1825
f 1775 	1825 	1824
f 1776 	1777 	1826
f 1776 	1826 	1825
f 1777 	1778 	1827
f 1777 	1827 	1826
f 1778 	1779 	1828
f 1778 	1828 	1827
f 1779 	1780 	1829
f 1779 	1829 	1828
f 1780 	1781 	1830
f 1780 	1830 	1829
f 1781 	1782 	1831
f 1781 	1831 	1830
f 1782 	1783 	1832
f 1782 	1832 	1831
f 1783 	1736 	1784
f 1783 	1784 	1832
f 1784 	1785 	1785
f 1785 	1787 	1787
f 1787 	1788 	1788
f 1788 	1789 	1789
f 1789 	1790 	1790
f 1790 	1791 	1791
f 1791 	1792 	1792
f 1792 	1793 	1793
f 1793 	1794 	1794
f 1794 	1795 	1795
f 1795 	1796 	1796
f 1796 	1797 	1797
f 1797 	1798 	1798
f 1798 	1799 	1799
f 1799 	1800 	1800
f 1800 	1801 	1801
f 1801 	1802 	1802
f 1802 	1803 	1803
f 1803 	1804 	1804
f 1804 	1805 	1805
f 1805 	1806 	1806
f 1806 	1807 	1807
f 1807 	1808 	1808
f 1808 	1809 	1809
f 1809 	1810 	1810
f 1810 	1811 	1811
f 1811 	1812 	1812
f 1812 	1813 	1813
f 1813 	1814 	1814
f 1814 	1815 	1815
f 1815 	1816 	1816
f 1816 	1817 	1817
f 1817 	1818 	1818
f 1818 	1819 	1819
f 1819 	1820 	1820
f 1820 	1821 	1821
f 1821 	1822 	1822
f 1822 	1823 	1823
f 1823 	1824 	1824
f 1824 	1825 	1825
f 1825 	1826 	1826
f 1826 	1827 	1827
f 1827 	1828 	1828
f 1828 	1829 	1829
f 1829 	1830 	1830
f 1830 	1831 	1831
f 1831 	1832 	1832
f 1832 	1784 	1784
# 288 faces

 #end of obj_3

