# Object Export From Tinkercad Server 2015

mtllib obj.mtl

o obj_0
v 5.7761 		-3.7684 		11.8731
v 5.8091 		-3.7486 		11.872
v 5.8109 		-3.7531 		11.8673
v 5.8117 		-3.7579 		11.8627
v 5.8113 		-3.7631 		11.8584
v 5.8099 		-3.7684 		11.8546
v 5.8074 		-3.7737 		11.8513
v 5.8039 		-3.7788 		11.8486
v 5.7996 		-3.7835 		11.8466
v 5.7945 		-3.7877 		11.8454
v 5.7889 		-3.7913 		11.8449
v 5.7828 		-3.7942 		11.8454
v 5.7766 		-3.7963 		11.8466
v 5.7703 		-3.7975 		11.8486
v 5.7641 		-3.7978 		11.8513
v 5.7583 		-3.7972 		11.8546
v 5.7531 		-3.7956 		11.8584
v 5.7485 		-3.7932 		11.8627
v 5.7447 		-3.79 		11.8673
v 5.7419 		-3.7861 		11.872
v 5.7401 		-3.7817 		11.8766
v 5.7393 		-3.7768 		11.8812
v 5.7397 		-3.7716 		11.8855
v 5.7412 		-3.7664 		11.8893
v 5.7436 		-3.7611 		11.8926
v 5.7471 		-3.756 		11.8953
v 5.7514 		-3.7513 		11.8973
v 5.7565 		-3.747 		11.8985
v 5.7621 		-3.7434 		11.899
v 5.7682 		-3.7405 		11.8985
v 5.7744 		-3.7384 		11.8973
v 5.7807 		-3.7372 		11.8953
v 5.7869 		-3.737 		11.8926
v 5.7927 		-3.7376 		11.8893
v 5.7979 		-3.7391 		11.8855
v 5.8025 		-3.7416 		11.8812
v 5.8063 		-3.7447 		11.8766
v 5.8444 		-3.7358 		11.859
v 5.8408 		-3.7269 		11.8684
v 5.8458 		-3.7455 		11.85
v 5.8451 		-3.7558 		11.8415
v 5.8422 		-3.7664 		11.8338
v 5.8373 		-3.7769 		11.8272
v 5.8304 		-3.787 		11.8218
v 5.8217 		-3.7964 		11.8178
v 5.8117 		-3.8048 		11.8154
v 5.8004 		-3.8121 		11.8146
v 5.7884 		-3.8178 		11.8154
v 5.7759 		-3.822 		11.8178
v 5.7634 		-3.8243 		11.8218
v 5.7511 		-3.8249 		11.8272
v 5.7396 		-3.8236 		11.8338
v 5.7291 		-3.8206 		11.8415
v 5.72 		-3.8158 		11.85
v 5.7124 		-3.8094 		11.859
v 5.7068 		-3.8017 		11.8684
v 5.7032 		-3.7928 		11.8777
v 5.7017 		-3.7831 		11.8868
v 5.7024 		-3.7728 		11.8953
v 5.7053 		-3.7622 		11.9029
v 5.7103 		-3.7518 		11.9096
v 5.7172 		-3.7416 		11.915
v 5.7258 		-3.7322 		11.9189
v 5.7359 		-3.7238 		11.9213
v 5.7471 		-3.7166 		11.9222
v 5.7592 		-3.7108 		11.9213
v 5.7717 		-3.7066 		11.9189
v 5.7842 		-3.7043 		11.915
v 5.7964 		-3.7037 		11.9096
v 5.808 		-3.705 		11.9029
v 5.8185 		-3.7081 		11.8953
v 5.8276 		-3.7128 		11.8868
v 5.8351 		-3.7192 		11.8777
v 5.8762 		-3.7167 		11.8485
v 5.8708 		-3.7035 		11.8624
v 5.8783 		-3.7312 		11.835
v 5.8773 		-3.7465 		11.8223
v 5.8729 		-3.7623 		11.8109
v 5.8655 		-3.7779 		11.801
v 5.8553 		-3.793 		11.793
v 5.8424 		-3.807 		11.7871
v 5.8274 		-3.8196 		11.7834
v 5.8107 		-3.8304 		11.7822
v 5.7927 		-3.839 		11.7834
v 5.7741 		-3.8451 		11.7871
v 5.7554 		-3.8487 		11.793
v 5.7372 		-3.8495 		11.801
v 5.72 		-3.8476 		11.8109
v 5.7043 		-3.843 		11.8223
v 5.6907 		-3.8359 		11.835
v 5.6795 		-3.8264 		11.8485
v 5.6711 		-3.8149 		11.8624
v 5.6657 		-3.8017 		11.8763
v 5.6635 		-3.7872 		11.8898
v 5.6646 		-3.7719 		11.9025
v 5.6689 		-3.7561 		11.914
v 5.6763 		-3.7405 		11.9238
v 5.6866 		-3.7254 		11.9319
v 5.6995 		-3.7114 		11.9378
v 5.7145 		-3.6988 		11.9414
v 5.7312 		-3.688 		11.9426
v 5.7492 		-3.6794 		11.9414
v 5.7678 		-3.6733 		11.9378
v 5.7865 		-3.6697 		11.9319
v 5.8047 		-3.6689 		11.9238
v 5.8219 		-3.6708 		11.914
v 5.8375 		-3.6754 		11.9025
v 5.8512 		-3.6825 		11.8898
v 5.8624 		-3.692 		11.8763
v 5.906 		-3.6959 		11.8358
v 5.8989 		-3.6785 		11.8542
v 5.9089 		-3.7151 		11.8179
v 5.9075 		-3.7354 		11.8012
v 5.9018 		-3.7561 		11.786
v 5.892 		-3.7768 		11.773
v 5.8784 		-3.7967 		11.7624
v 5.8614 		-3.8153 		11.7546
v 5.8416 		-3.8319 		11.7498
v 5.8195 		-3.8461 		11.7482
v 5.7958 		-3.8575 		11.7498
v 5.7712 		-3.8657 		11.7546
v 5.7465 		-3.8704 		11.7624
v 5.7224 		-3.8715 		11.773
v 5.6996 		-3.869 		11.786
v 5.679 		-3.8629 		11.8012
v 5.6609 		-3.8535 		11.8179
v 5.6462 		-3.8409 		11.8358
v 5.635 		-3.8257 		11.8542
v 5.6279 		-3.8083 		11.8726
v 5.625 		-3.7891 		11.8904
v 5.6265 		-3.7688 		11.9071
v 5.6322 		-3.748 		11.9223
v 5.642 		-3.7274 		11.9353
v 5.6555 		-3.7075 		11.9459
v 5.6725 		-3.6889 		11.9537
v 5.6924 		-3.6723 		11.9585
v 5.7145 		-3.658 		11.9601
v 5.7382 		-3.6467 		11.9585
v 5.7628 		-3.6385 		11.9537
v 5.7875 		-3.6338 		11.9459
v 5.8116 		-3.6327 		11.9353
v 5.8343 		-3.6352 		11.9223
v 5.855 		-3.6413 		11.9071
v 5.873 		-3.6507 		11.8904
v 5.8878 		-3.6632 		11.8726
v 5.9337 		-3.6736 		11.8209
v 5.925 		-3.6521 		11.8436
v 5.9373 		-3.6973 		11.7989
v 5.9355 		-3.7224 		11.7782
v 5.9285 		-3.7481 		11.7595
v 5.9164 		-3.7736 		11.7433
v 5.8996 		-3.7982 		11.7302
v 5.8786 		-3.8211 		11.7206
v 5.8541 		-3.8417 		11.7147
v 5.8268 		-3.8593 		11.7127
v 5.7975 		-3.8733 		11.7147
v 5.7671 		-3.8834 		11.7206
v 5.7366 		-3.8892 		11.7302
v 5.7068 		-3.8906 		11.7433
v 5.6787 		-3.8875 		11.7595
v 5.6532 		-3.88 		11.7782
v 5.6309 		-3.8683 		11.7989
v 5.6126 		-3.8528 		11.8209
v 5.5989 		-3.834 		11.8436
v 5.5901 		-3.8125 		11.8664
v 5.5866 		-3.7888 		11.8884
v 5.5883 		-3.7638 		11.9091
v 5.5954 		-3.7381 		11.9278
v 5.6075 		-3.7125 		11.944
v 5.6242 		-3.6879 		11.957
v 5.6452 		-3.665 		11.9667
v 5.6698 		-3.6444 		11.9726
v 5.6971 		-3.6268 		11.9746
v 5.7264 		-3.6128 		11.9726
v 5.7567 		-3.6027 		11.9667
v 5.7873 		-3.5969 		11.957
v 5.817 		-3.5956 		11.944
v 5.8451 		-3.5987 		11.9278
v 5.8707 		-3.6062 		11.9091
v 5.8929 		-3.6178 		11.8884
v 5.9112 		-3.6333 		11.8664
v 5.9591 		-3.65 		11.8041
v 5.9487 		-3.6245 		11.831
v 5.9633 		-3.678 		11.778
v 5.9613 		-3.7077 		11.7535
v 5.9529 		-3.7381 		11.7314
v 5.9386 		-3.7683 		11.7123
v 5.9187 		-3.7974 		11.6968
v 5.8939 		-3.8245 		11.6854
v 5.8649 		-3.8489 		11.6784
v 5.8326 		-3.8697 		11.676
v 5.7979 		-3.8863 		11.6784
v 5.762 		-3.8982 		11.6854
v 5.7259 		-3.9051 		11.6968
v 5.6906 		-3.9067 		11.7123
v 5.6574 		-3.903 		11.7314
v 5.6272 		-3.8941 		11.7535
v 5.6008 		-3.8803 		11.778
v 5.5792 		-3.862 		11.8041
v 5.563 		-3.8398 		11.831
v 5.5526 		-3.8143 		11.8579
v 5.5484 		-3.7863 		11.8839
v 5.5504 		-3.7566 		11.9084
v 5.5588 		-3.7262 		11.9305
v 5.5731 		-3.696 		11.9496
v 5.593 		-3.6669 		11.9651
v 5.6178 		-3.6398 		11.9765
v 5.6468 		-3.6155 		11.9835
v 5.6791 		-3.5947 		11.9859
v 5.7138 		-3.5781 		11.9835
v 5.7497 		-3.5661 		11.9765
v 5.7858 		-3.5593 		11.9651
v 5.8211 		-3.5576 		11.9496
v 5.8543 		-3.5613 		11.9305
v 5.8845 		-3.5702 		11.9084
v 5.9109 		-3.584 		11.8839
v 5.9325 		-3.6023 		11.8579
v 5.982 		-3.6253 		11.7853
v 5.97 		-3.596 		11.8162
v 5.9868 		-3.6574 		11.7554
v 5.9844 		-3.6914 		11.7273
v 5.9749 		-3.7263 		11.702
v 5.9584 		-3.7609 		11.6801
v 5.9356 		-3.7943 		11.6623
v 5.9072 		-3.8255 		11.6492
v 5.8739 		-3.8534 		11.6412
v 5.8368 		-3.8772 		11.6385
v 5.797 		-3.8963 		11.6412
v 5.7558 		-3.9099 		11.6492
v 5.7144 		-3.9178 		11.6623
v 5.674 		-3.9197 		11.6801
v 5.6359 		-3.9155 		11.702
v 5.6012 		-3.9053 		11.7273
v 5.571 		-3.8895 		11.7554
v 5.5462 		-3.8685 		11.7853
v 5.5275 		-3.843 		11.8162
v 5.5156 		-3.8137 		11.8471
v 5.5107 		-3.7816 		11.877
v 5.5131 		-3.7476 		11.9051
v 5.5227 		-3.7127 		11.9304
v 5.5391 		-3.678 		11.9523
v 5.5619 		-3.6446 		11.9701
v 5.5904 		-3.6135 		11.9832
v 5.6237 		-3.5856 		11.9912
v 5.6608 		-3.5618 		11.9939
v 5.7005 		-3.5427 		11.9912
v 5.7417 		-3.529 		11.9832
v 5.7832 		-3.5211 		11.9701
v 5.8236 		-3.5193 		11.9523
v 5.8617 		-3.5235 		11.9304
v 5.8964 		-3.5337 		11.9051
v 5.9266 		-3.5495 		11.877
v 5.9514 		-3.5705 		11.8471
v 6.0021 		-3.5995 		11.7649
v 5.9887 		-3.5667 		11.7995
v 6.0075 		-3.6355 		11.7314
v 6.0048 		-3.6736 		11.6999
v 5.9941 		-3.7127 		11.6715
v 5.9757 		-3.7516 		11.6469
v 5.9502 		-3.789 		11.627
v 5.9183 		-3.8239 		11.6123
v 5.881 		-3.8552 		11.6033
v 5.8394 		-3.8819 		11.6003
v 5.7948 		-3.9032 		11.6033
v 5.7486 		-3.9185 		11.6123
v 5.7022 		-3.9274 		11.627
v 5.6569 		-3.9295 		11.6469
v 5.6142 		-3.9247 		11.6715
v 5.5753 		-3.9133 		11.6999
v 5.5415 		-3.8956 		11.7314
v 5.5137 		-3.8721 		11.7649
v 5.4928 		-3.8435 		11.7995
v 5.4794 		-3.8107 		11.8341
v 5.474 		-3.7747 		11.8676
v 5.4767 		-3.7366 		11.8991
v 5.4874 		-3.6975 		11.9275
v 5.5058 		-3.6587 		11.952
v 5.5313 		-3.6212 		11.9719
v 5.5632 		-3.5863 		11.9866
v 5.6005 		-3.5551 		11.9956
v 5.6421 		-3.5284 		11.9986
v 5.6867 		-3.507 		11.9956
v 5.7329 		-3.4917 		11.9866
v 5.7793 		-3.4828 		11.9719
v 5.8246 		-3.4808 		11.952
v 5.8673 		-3.4855 		11.9275
v 5.9062 		-3.4969 		11.8991
v 5.94 		-3.5146 		11.8676
v 5.9678 		-3.5381 		11.8341
v 6.0193 		-3.573 		11.7429
v 6.0046 		-3.5369 		11.7809
v 6.0253 		-3.6126 		11.706
v 6.0223 		-3.6546 		11.6714
v 6.0106 		-3.6975 		11.6401
v 5.9903 		-3.7403 		11.6131
v 5.9622 		-3.7814 		11.5912
v 5.9271 		-3.8198 		11.575
v 5.8861 		-3.8542 		11.5652
v 5.8404 		-3.8836 		11.5618
v 5.7914 		-3.9071 		11.5652
v 5.7405 		-3.924 		11.575
v 5.6894 		-3.9337 		11.5912
v 5.6396 		-3.936 		11.6131
v 5.5926 		-3.9308 		11.6401
v 5.5499 		-3.9182 		11.6714
v 5.5126 		-3.8987 		11.706
v 5.4821 		-3.8729 		11.7429
v 5.4591 		-3.8414 		11.7809
v 5.4444 		-3.8053 		11.819
v 5.4384 		-3.7657 		11.8558
v 5.4414 		-3.7238 		11.8905
v 5.4531 		-3.6808 		11.9217
v 5.4734 		-3.6381 		11.9487
v 5.5015 		-3.5969 		11.9706
v 5.5366 		-3.5585 		11.9868
v 5.5776 		-3.5241 		11.9967
v 5.6233 		-3.4947 		12
v 5.6724 		-3.4712 		11.9967
v 5.7232 		-3.4544 		11.9868
v 5.7743 		-3.4447 		11.9706
v 5.8241 		-3.4424 		11.9487
v 5.8711 		-3.4476 		11.9217
v 5.9138 		-3.4601 		11.8905
v 5.9511 		-3.4796 		11.8558
v 5.9816 		-3.5055 		11.819
v 6.0336 		-3.5459 		11.7194
v 6.0177 		-3.5068 		11.7607
v 6.04 		-3.5888 		11.6795
v 6.0368 		-3.6343 		11.642
v 6.0241 		-3.6808 		11.6081
v 6.0022 		-3.7271 		11.5788
v 5.9717 		-3.7717 		11.5551
v 5.9337 		-3.8133 		11.5376
v 5.8892 		-3.8506 		11.5269
v 5.8397 		-3.8824 		11.5233
v 5.7866 		-3.9079 		11.5269
v 5.7315 		-3.9261 		11.5376
v 5.6762 		-3.9367 		11.5551
v 5.6222 		-3.9391 		11.5788
v 5.5713 		-3.9335 		11.6081
v 5.525 		-3.9199 		11.642
v 5.4847 		-3.8988 		11.6795
v 5.4515 		-3.8708 		11.7194
v 5.4266 		-3.8367 		11.7607
v 5.4107 		-3.7976 		11.8019
v 5.4042 		-3.7547 		11.8418
v 5.4074 		-3.7093 		11.8793
v 5.4202 		-3.6627 		11.9132
v 5.4421 		-3.6164 		11.9425
v 5.4726 		-3.5718 		11.9662
v 5.5106 		-3.5302 		11.9837
v 5.5551 		-3.493 		11.9944
v 5.6046 		-3.4611 		11.998
v 5.6577 		-3.4357 		11.9944
v 5.7127 		-3.4174 		11.9837
v 5.7681 		-3.4069 		11.9662
v 5.822 		-3.4044 		11.9425
v 5.873 		-3.41 		11.9132
v 5.9193 		-3.4236 		11.8793
v 5.9596 		-3.4447 		11.8418
v 5.9928 		-3.4728 		11.8019
v 6.0447 		-3.5185 		11.6948
v 6.0277 		-3.4767 		11.7389
v 6.0516 		-3.5644 		11.6521
v 6.0482 		-3.6129 		11.612
v 6.0346 		-3.6627 		11.5757
v 6.0111 		-3.7122 		11.5444
v 5.9786 		-3.7599 		11.5191
v 5.9379 		-3.8044 		11.5004
v 5.8904 		-3.8443 		11.4889
v 5.8374 		-3.8783 		11.4851
v 5.7806 		-3.9055 		11.4889
v 5.7217 		-3.925 		11.5004
v 5.6626 		-3.9363 		11.5191
v 5.6049 		-3.939 		11.5444
v 5.5504 		-3.9329 		11.5757
v 5.5009 		-3.9184 		11.612
v 5.4577 		-3.8958 		11.6521
v 5.4223 		-3.8658 		11.6948
v 5.3957 		-3.8294 		11.7389
v 5.3787 		-3.7876 		11.7829
v 5.3718 		-3.7417 		11.8257
v 5.3752 		-3.6931 		11.8658
v 5.3888 		-3.6433 		11.902
v 5.4123 		-3.5938 		11.9333
v 5.4448 		-3.5461 		11.9587
v 5.4855 		-3.5017 		11.9774
v 5.533 		-3.4618 		11.9888
v 5.586 		-3.4278 		11.9927
v 5.6428 		-3.4006 		11.9888
v 5.7016 		-3.3811 		11.9774
v 5.7608 		-3.3698 		11.9587
v 5.8185 		-3.3671 		11.9333
v 5.873 		-3.3732 		11.902
v 5.9225 		-3.3877 		11.8658
v 5.9656 		-3.4103 		11.8257
v 6.0011 		-3.4403 		11.7829
v 6.0527 		-3.4909 		11.6691
v 6.0347 		-3.4467 		11.7157
v 6.06 		-3.5394 		11.6239
v 6.0564 		-3.5907 		11.5815
v 6.0419 		-3.6434 		11.5432
v 6.0171 		-3.6957 		11.5101
v 5.9827 		-3.7462 		11.4833
v 5.9397 		-3.7931 		11.4636
v 5.8895 		-3.8353 		11.4514
v 5.8335 		-3.8713 		11.4474
v 5.7735 		-3.9 		11.4514
v 5.7112 		-3.9207 		11.4636
v 5.6486 		-3.9326 		11.4833
v 5.5876 		-3.9354 		11.5101
v 5.5301 		-3.929 		11.5432
v 5.4777 		-3.9137 		11.5815
v 5.4321 		-3.8898 		11.6239
v 5.3947 		-3.8581 		11.6691
v 5.3665 		-3.8196 		11.7157
v 5.3485 		-3.7754 		11.7623
v 5.3412 		-3.7269 		11.8075
v 5.3448 		-3.6755 		11.8499
v 5.3592 		-3.6229 		11.8882
v 5.384 		-3.5706 		11.9212
v 5.4184 		-3.5201 		11.9481
v 5.4614 		-3.4731 		11.9678
v 5.5117 		-3.431 		11.9799
v 5.5677 		-3.395 		11.984
v 5.6277 		-3.3662 		11.9799
v 5.69 		-3.3456 		11.9678
v 5.7525 		-3.3337 		11.9481
v 5.8135 		-3.3309 		11.9212
v 5.8711 		-3.3372 		11.8882
v 5.9235 		-3.3526 		11.8499
v 5.9691 		-3.3765 		11.8075
v 6.0065 		-3.4082 		11.7623
v 6.0574 		-3.4633 		11.6426
v 6.0385 		-3.4171 		11.6913
v 6.065 		-3.5141 		11.5953
v 6.0612 		-3.5678 		11.5509
v 6.0461 		-3.6229 		11.5108
v 6.0202 		-3.6777 		11.4762
v 5.9842 		-3.7305 		11.4481
v 5.9392 		-3.7797 		11.4275
v 5.8866 		-3.8238 		11.4148
v 5.828 		-3.8614 		11.4105
v 5.7652 		-3.8915 		11.4148
v 5.7 		-3.9131 		11.4275
v 5.6345 		-3.9256 		11.4481
v 5.5707 		-3.9285 		11.4762
v 5.5105 		-3.9219 		11.5108
v 5.4557 		-3.9058 		11.5509
v 5.4079 		-3.8808 		11.5953
v 5.3687 		-3.8476 		11.6426
v 5.3393 		-3.8073 		11.6913
v 5.3204 		-3.7611 		11.7401
v 5.3128 		-3.7103 		11.7874
v 5.3166 		-3.6566 		11.8317
v 5.3317 		-3.6015 		11.8718
v 5.3576 		-3.5467 		11.9064
v 5.3936 		-3.4939 		11.9345
v 5.4386 		-3.4447 		11.9552
v 5.4912 		-3.4006 		11.9679
v 5.5498 		-3.363 		11.9721
v 5.6126 		-3.3329 		11.9679
v 5.6778 		-3.3113 		11.9552
v 5.7433 		-3.2988 		11.9345
v 5.8071 		-3.2959 		11.9064
v 5.8673 		-3.3025 		11.8718
v 5.9221 		-3.3186 		11.8317
v 5.9699 		-3.3436 		11.7874
v 6.0091 		-3.3768 		11.7401
v 6.0588 		-3.436 		11.6154
v 6.0392 		-3.3881 		11.6659
v 6.0667 		-3.4887 		11.5664
v 6.0628 		-3.5444 		11.5204
v 6.0471 		-3.6015 		11.4788
v 6.0202 		-3.6583 		11.4429
v 5.9829 		-3.713 		11.4138
v 5.9362 		-3.764 		11.3924
v 5.8817 		-3.8097 		11.3792
v 5.8209 		-3.8488 		11.3748
v 5.7558 		-3.88 		11.3792
v 5.6883 		-3.9024 		11.3924
v 5.6204 		-3.9153 		11.4138
v 5.5542 		-3.9184 		11.4429
v 5.4917 		-3.9115 		11.4788
v 5.4349 		-3.8948 		11.5204
v 5.3854 		-3.8689 		11.5664
v 5.3448 		-3.8345 		11.6154
v 5.3142 		-3.7927 		11.6659
v 5.2947 		-3.7448 		11.7165
v 5.2868 		-3.6921 		11.7655
v 5.2907 		-3.6364 		11.8115
v 5.3063 		-3.5793 		11.8531
v 5.3332 		-3.5225 		11.889
v 5.3706 		-3.4678 		11.9181
v 5.4172 		-3.4168 		11.9395
v 5.4718 		-3.371 		11.9527
v 5.5325 		-3.332 		11.9571
v 5.5977 		-3.3008 		11.9527
v 5.6652 		-3.2784 		11.9395
v 5.7331 		-3.2655 		11.9181
v 5.7993 		-3.2624 		11.889
v 5.8617 		-3.2693 		11.8531
v 5.9186 		-3.286 		11.8115
v 5.968 		-3.3119 		11.7655
v 6.0087 		-3.3463 		11.7165
v 6.0569 		-3.4092 		11.5878
v 6.0368 		-3.3599 		11.6397
v 6.065 		-3.4633 		11.5374
v 6.061 		-3.5206 		11.4901
v 6.0449 		-3.5793 		11.4474
v 6.0172 		-3.6377 		11.4105
v 5.9789 		-3.6939 		11.3806
v 5.9309 		-3.7464 		11.3585
v 5.8749 		-3.7934 		11.345
v 5.8124 		-3.8335 		11.3405
v 5.7454 		-3.8656 		11.345
v 5.676 		-3.8886 		11.3585
v 5.6062 		-3.9019 		11.3806
v 5.5382 		-3.905 		11.4105
v 5.474 		-3.8979 		11.4474
v 5.4156 		-3.8808 		11.4901
v 5.3647 		-3.8541 		11.5374
v 5.3229 		-3.8188 		11.5878
v 5.2915 		-3.7758 		11.6397
v 5.2715 		-3.7266 		11.6917
v 5.2633 		-3.6724 		11.7421
v 5.2674 		-3.6152 		11.7894
v 5.2834 		-3.5564 		11.8321
v 5.3111 		-3.4981 		11.869
v 5.3495 		-3.4418 		11.8989
v 5.3974 		-3.3894 		11.921
v 5.4535 		-3.3424 		11.9345
v 5.5159 		-3.3023 		11.939
v 5.5829 		-3.2702 		11.9345
v 5.6523 		-3.2472 		11.921
v 5.7221 		-3.2339 		11.8989
v 5.7901 		-3.2307 		11.869
v 5.8543 		-3.2378 		11.8321
v 5.9128 		-3.255 		11.7894
v 5.9636 		-3.2816 		11.7421
v 6.0054 		-3.317 		11.6917
v 6.0517 		-3.3831 		11.5599
v 6.0312 		-3.3328 		11.6129
v 6.06 		-3.4382 		11.5086
v 6.0559 		-3.4966 		11.4604
v 6.0395 		-3.5565 		11.4168
v 6.0113 		-3.616 		11.3792
v 5.9721 		-3.6734 		11.3487
v 5.9233 		-3.7268 		11.3262
v 5.8661 		-3.7747 		11.3124
v 5.8024 		-3.8156 		11.3078
v 5.7342 		-3.8483 		11.3124
v 5.6634 		-3.8718 		11.3262
v 5.5922 		-3.8854 		11.3487
v 5.5229 		-3.8886 		11.3792
v 5.4574 		-3.8813 		11.4168
v 5.3979 		-3.8639 		11.4604
v 5.346 		-3.8367 		11.5086
v 5.3034 		-3.8007 		11.5599
v 5.2714 		-3.7569 		11.6129
v 5.2509 		-3.7066 		11.6659
v 5.2426 		-3.6514 		11.7173
v 5.2467 		-3.593 		11.7655
v 5.2631 		-3.5332 		11.8091
v 5.2913 		-3.4737 		11.8467
v 5.3305 		-3.4163 		11.8772
v 5.3794 		-3.3629 		11.8996
v 5.4365 		-3.315 		11.9134
v 5.5002 		-3.274 		11.9181
v 5.5684 		-3.2413 		11.9134
v 5.6392 		-3.2179 		11.8996
v 5.7104 		-3.2043 		11.8772
v 5.7797 		-3.2011 		11.8467
v 5.8452 		-3.2084 		11.8091
v 5.9048 		-3.2258 		11.7655
v 5.9566 		-3.253 		11.7173
v 5.9992 		-3.289 		11.6659
v 6.0433 		-3.3578 		11.5321
v 6.0225 		-3.307 		11.5857
v 6.0517 		-3.4136 		11.4801
v 6.0475 		-3.4727 		11.4314
v 6.0309 		-3.5332 		11.3873
v 6.0024 		-3.5934 		11.3492
v 5.9628 		-3.6514 		11.3184
v 5.9133 		-3.7055 		11.2956
v 5.8555 		-3.754 		11.2817
v 5.7911 		-3.7954 		11.277
v 5.7221 		-3.8285 		11.2817
v 5.6505 		-3.8522 		11.2956
v 5.5785 		-3.8659 		11.3184
v 5.5083 		-3.8691 		11.3492
v 5.4421 		-3.8618 		11.3873
v 5.3819 		-3.8441 		11.4314
v 5.3294 		-3.8167 		11.4801
v 5.2863 		-3.7802 		11.5321
v 5.254 		-3.7359 		11.5857
v 5.2332 		-3.6851 		11.6393
v 5.2248 		-3.6293 		11.6913
v 5.229 		-3.5702 		11.74
v 5.2456 		-3.5096 		11.7841
v 5.2741 		-3.4494 		11.8221
v 5.3137 		-3.3914 		11.853
v 5.3632 		-3.3374 		11.8757
v 5.421 		-3.2889 		11.8897
v 5.4854 		-3.2475 		11.8943
v 5.5544 		-3.2144 		11.8897
v 5.626 		-3.1907 		11.8757
v 5.698 		-3.177 		11.853
v 5.7682 		-3.1737 		11.8221
v 5.8344 		-3.1811 		11.7841
v 5.8946 		-3.1987 		11.74
v 5.9471 		-3.2262 		11.6913
v 5.9902 		-3.2627 		11.6393
v 6.0316 		-3.3336 		11.5044
v 6.0109 		-3.2826 		11.5582
v 6.0401 		-3.3896 		11.4523
v 6.0359 		-3.4489 		11.4033
v 6.0192 		-3.5097 		11.3591
v 5.9906 		-3.5701 		11.3209
v 5.9509 		-3.6284 		11.2899
v 5.9012 		-3.6826 		11.2671
v 5.8432 		-3.7313 		11.2531
v 5.7786 		-3.7728 		11.2484
v 5.7092 		-3.806 		11.2531
v 5.6374 		-3.8299 		11.2671
v 5.5651 		-3.8436 		11.2899
v 5.4947 		-3.8469 		11.3209
v 5.4282 		-3.8395 		11.3591
v 5.3677 		-3.8218 		11.4033
v 5.3151 		-3.7942 		11.4523
v 5.2718 		-3.7576 		11.5044
v 5.2393 		-3.7131 		11.5582
v 5.2185 		-3.6621 		11.612
v 5.2101 		-3.6061 		11.6642
v 5.2143 		-3.5468 		11.7132
v 5.2309 		-3.486 		11.7574
v 5.2596 		-3.4256 		11.7956
v 5.2993 		-3.3674 		11.8266
v 5.3489 		-3.3131 		11.8494
v 5.407 		-3.2644 		11.8634
v 5.4716 		-3.2229 		11.8681
v 5.5409 		-3.1897 		11.8634
v 5.6128 		-3.1658 		11.8494
v 5.6851 		-3.1521 		11.8266
v 5.7555 		-3.1488 		11.7956
v 5.822 		-3.1562 		11.7574
v 5.8824 		-3.1739 		11.7132
v 5.9351 		-3.2015 		11.6642
v 5.9783 		-3.2381 		11.612
v 5.6251 		-3.4979 		11.5582
# 650 vertices

g group_0_5122067

usemtl color_5122067
s 0

f 2 	1 	3
f 3 	1 	4
f 4 	1 	5
f 5 	1 	6
f 6 	1 	7
f 7 	1 	8
f 8 	1 	9
f 9 	1 	10
f 10 	1 	11
f 11 	1 	12
f 12 	1 	13
f 13 	1 	14
f 14 	1 	15
f 15 	1 	16
f 16 	1 	17
f 17 	1 	18
f 18 	1 	19
f 19 	1 	20
f 20 	1 	21
f 21 	1 	22
f 22 	1 	23
f 23 	1 	24
f 24 	1 	25
f 25 	1 	26
f 26 	1 	27
f 27 	1 	28
f 28 	1 	29
f 29 	1 	30
f 30 	1 	31
f 31 	1 	32
f 32 	1 	33
f 33 	1 	34
f 34 	1 	35
f 35 	1 	36
f 36 	1 	37
f 37 	1 	2
f 2 	3 	38
f 39 	2 	38
f 3 	4 	40
f 38 	3 	40
f 4 	5 	41
f 40 	4 	41
f 5 	6 	42
f 41 	5 	42
f 6 	7 	43
f 42 	6 	43
f 7 	8 	44
f 43 	7 	44
f 8 	9 	45
f 44 	8 	45
f 9 	10 	46
f 45 	9 	46
f 10 	11 	47
f 46 	10 	47
f 11 	12 	48
f 47 	11 	48
f 12 	13 	49
f 48 	12 	49
f 13 	14 	50
f 49 	13 	50
f 14 	15 	51
f 50 	14 	51
f 15 	16 	52
f 51 	15 	52
f 16 	17 	53
f 52 	16 	53
f 17 	18 	54
f 53 	17 	54
f 18 	19 	55
f 54 	18 	55
f 19 	20 	56
f 55 	19 	56
f 20 	21 	57
f 56 	20 	57
f 21 	22 	58
f 57 	21 	58
f 22 	23 	59
f 58 	22 	59
f 23 	24 	60
f 59 	23 	60
f 24 	25 	61
f 60 	24 	61
f 25 	26 	62
f 61 	25 	62
f 26 	27 	63
f 62 	26 	63
f 27 	28 	64
f 63 	27 	64
f 28 	29 	65
f 64 	28 	65
f 29 	30 	66
f 65 	29 	66
f 30 	31 	67
f 66 	30 	67
f 31 	32 	68
f 67 	31 	68
f 32 	33 	69
f 68 	32 	69
f 33 	34 	70
f 69 	33 	70
f 34 	35 	71
f 70 	34 	71
f 35 	36 	72
f 71 	35 	72
f 36 	37 	73
f 72 	36 	73
f 37 	2 	39
f 73 	37 	39
f 39 	38 	74
f 75 	39 	74
f 38 	40 	76
f 74 	38 	76
f 40 	41 	77
f 76 	40 	77
f 41 	42 	78
f 77 	41 	78
f 42 	43 	79
f 78 	42 	79
f 43 	44 	80
f 79 	43 	80
f 44 	45 	81
f 80 	44 	81
f 45 	46 	82
f 81 	45 	82
f 46 	47 	83
f 82 	46 	83
f 47 	48 	84
f 83 	47 	84
f 48 	49 	85
f 84 	48 	85
f 49 	50 	86
f 85 	49 	86
f 50 	51 	87
f 86 	50 	87
f 51 	52 	88
f 87 	51 	88
f 52 	53 	89
f 88 	52 	89
f 53 	54 	90
f 89 	53 	90
f 54 	55 	91
f 90 	54 	91
f 55 	56 	92
f 91 	55 	92
f 56 	57 	93
f 92 	56 	93
f 57 	58 	94
f 93 	57 	94
f 58 	59 	95
f 94 	58 	95
f 59 	60 	96
f 95 	59 	96
f 60 	61 	97
f 96 	60 	97
f 61 	62 	98
f 97 	61 	98
f 62 	63 	99
f 98 	62 	99
f 63 	64 	100
f 99 	63 	100
f 64 	65 	101
f 100 	64 	101
f 65 	66 	102
f 101 	65 	102
f 66 	67 	103
f 102 	66 	103
f 67 	68 	104
f 103 	67 	104
f 68 	69 	105
f 104 	68 	105
f 69 	70 	106
f 105 	69 	106
f 70 	71 	107
f 106 	70 	107
f 71 	72 	108
f 107 	71 	108
f 72 	73 	109
f 108 	72 	109
f 73 	39 	75
f 109 	73 	75
f 75 	74 	110
f 111 	75 	110
f 74 	76 	112
f 110 	74 	112
f 76 	77 	113
f 112 	76 	113
f 77 	78 	114
f 113 	77 	114
f 78 	79 	115
f 114 	78 	115
f 79 	80 	116
f 115 	79 	116
f 80 	81 	117
f 116 	80 	117
f 81 	82 	118
f 117 	81 	118
f 82 	83 	119
f 118 	82 	119
f 83 	84 	120
f 119 	83 	120
f 84 	85 	121
f 120 	84 	121
f 85 	86 	122
f 121 	85 	122
f 86 	87 	123
f 122 	86 	123
f 87 	88 	124
f 123 	87 	124
f 88 	89 	125
f 124 	88 	125
f 89 	90 	126
f 125 	89 	126
f 90 	91 	127
f 126 	90 	127
f 91 	92 	128
f 127 	91 	128
f 92 	93 	129
f 128 	92 	129
f 93 	94 	130
f 129 	93 	130
f 94 	95 	131
f 130 	94 	131
f 95 	96 	132
f 131 	95 	132
f 96 	97 	133
f 132 	96 	133
f 97 	98 	134
f 133 	97 	134
f 98 	99 	135
f 134 	98 	135
f 99 	100 	136
f 135 	99 	136
f 100 	101 	137
f 136 	100 	137
f 101 	102 	138
f 137 	101 	138
f 102 	103 	139
f 138 	102 	139
f 103 	104 	140
f 139 	103 	140
f 104 	105 	141
f 140 	104 	141
f 105 	106 	142
f 141 	105 	142
f 106 	107 	143
f 142 	106 	143
f 107 	108 	144
f 143 	107 	144
f 108 	109 	145
f 144 	108 	145
f 109 	75 	111
f 145 	109 	111
f 111 	110 	146
f 147 	111 	146
f 110 	112 	148
f 146 	110 	148
f 112 	113 	149
f 148 	112 	149
f 113 	114 	150
f 149 	113 	150
f 114 	115 	151
f 150 	114 	151
f 115 	116 	152
f 151 	115 	152
f 116 	117 	153
f 152 	116 	153
f 117 	118 	154
f 153 	117 	154
f 118 	119 	155
f 154 	118 	155
f 119 	120 	156
f 155 	119 	156
f 120 	121 	157
f 156 	120 	157
f 121 	122 	158
f 157 	121 	158
f 122 	123 	159
f 158 	122 	159
f 123 	124 	160
f 159 	123 	160
f 124 	125 	161
f 160 	124 	161
f 125 	126 	162
f 161 	125 	162
f 126 	127 	163
f 162 	126 	163
f 127 	128 	164
f 163 	127 	164
f 128 	129 	165
f 164 	128 	165
f 129 	130 	166
f 165 	129 	166
f 130 	131 	167
f 166 	130 	167
f 131 	132 	168
f 167 	131 	168
f 132 	133 	169
f 168 	132 	169
f 133 	134 	170
f 169 	133 	170
f 134 	135 	171
f 170 	134 	171
f 135 	136 	172
f 171 	135 	172
f 136 	137 	173
f 172 	136 	173
f 137 	138 	174
f 173 	137 	174
f 138 	139 	175
f 174 	138 	175
f 139 	140 	176
f 175 	139 	176
f 140 	141 	177
f 176 	140 	177
f 141 	142 	178
f 177 	141 	178
f 142 	143 	179
f 178 	142 	179
f 143 	144 	180
f 179 	143 	180
f 144 	145 	181
f 180 	144 	181
f 145 	111 	147
f 181 	145 	147
f 147 	146 	182
f 183 	147 	182
f 146 	148 	184
f 182 	146 	184
f 148 	149 	185
f 184 	148 	185
f 149 	150 	186
f 185 	149 	186
f 150 	151 	187
f 186 	150 	187
f 151 	152 	188
f 187 	151 	188
f 152 	153 	189
f 188 	152 	189
f 153 	154 	190
f 189 	153 	190
f 154 	155 	191
f 190 	154 	191
f 155 	156 	192
f 191 	155 	192
f 156 	157 	193
f 192 	156 	193
f 157 	158 	194
f 193 	157 	194
f 158 	159 	195
f 194 	158 	195
f 159 	160 	196
f 195 	159 	196
f 160 	161 	197
f 196 	160 	197
f 161 	162 	198
f 197 	161 	198
f 162 	163 	199
f 198 	162 	199
f 163 	164 	200
f 199 	163 	200
f 164 	165 	201
f 200 	164 	201
f 165 	166 	202
f 201 	165 	202
f 166 	167 	203
f 202 	166 	203
f 167 	168 	204
f 203 	167 	204
f 168 	169 	205
f 204 	168 	205
f 169 	170 	206
f 205 	169 	206
f 170 	171 	207
f 206 	170 	207
f 171 	172 	208
f 207 	171 	208
f 172 	173 	209
f 208 	172 	209
f 173 	174 	210
f 209 	173 	210
f 174 	175 	211
f 210 	174 	211
f 175 	176 	212
f 211 	175 	212
f 176 	177 	213
f 212 	176 	213
f 177 	178 	214
f 213 	177 	214
f 178 	179 	215
f 214 	178 	215
f 179 	180 	216
f 215 	179 	216
f 180 	181 	217
f 216 	180 	217
f 181 	147 	183
f 217 	181 	183
f 183 	182 	218
f 219 	183 	218
f 182 	184 	220
f 218 	182 	220
f 184 	185 	221
f 220 	184 	221
f 185 	186 	222
f 221 	185 	222
f 186 	187 	223
f 222 	186 	223
f 187 	188 	224
f 223 	187 	224
f 188 	189 	225
f 224 	188 	225
f 189 	190 	226
f 225 	189 	226
f 190 	191 	227
f 226 	190 	227
f 191 	192 	228
f 227 	191 	228
f 192 	193 	229
f 228 	192 	229
f 193 	194 	230
f 229 	193 	230
f 194 	195 	231
f 230 	194 	231
f 195 	196 	232
f 231 	195 	232
f 196 	197 	233
f 232 	196 	233
f 197 	198 	234
f 233 	197 	234
f 198 	199 	235
f 234 	198 	235
f 199 	200 	236
f 235 	199 	236
f 200 	201 	237
f 236 	200 	237
f 201 	202 	238
f 237 	201 	238
f 202 	203 	239
f 238 	202 	239
f 203 	204 	240
f 239 	203 	240
f 204 	205 	241
f 240 	204 	241
f 205 	206 	242
f 241 	205 	242
f 206 	207 	243
f 242 	206 	243
f 207 	208 	244
f 243 	207 	244
f 208 	209 	245
f 244 	208 	245
f 209 	210 	246
f 245 	209 	246
f 210 	211 	247
f 246 	210 	247
f 211 	212 	248
f 247 	211 	248
f 212 	213 	249
f 248 	212 	249
f 213 	214 	250
f 249 	213 	250
f 214 	215 	251
f 250 	214 	251
f 215 	216 	252
f 251 	215 	252
f 216 	217 	253
f 252 	216 	253
f 217 	183 	219
f 253 	217 	219
f 219 	218 	254
f 255 	219 	254
f 218 	220 	256
f 254 	218 	256
f 220 	221 	257
f 256 	220 	257
f 221 	222 	258
f 257 	221 	258
f 222 	223 	259
f 258 	222 	259
f 223 	224 	260
f 259 	223 	260
f 224 	225 	261
f 260 	224 	261
f 225 	226 	262
f 261 	225 	262
f 226 	227 	263
f 262 	226 	263
f 227 	228 	264
f 263 	227 	264
f 228 	229 	265
f 264 	228 	265
f 229 	230 	266
f 265 	229 	266
f 230 	231 	267
f 266 	230 	267
f 231 	232 	268
f 267 	231 	268
f 232 	233 	269
f 268 	232 	269
f 233 	234 	270
f 269 	233 	270
f 234 	235 	271
f 270 	234 	271
f 235 	236 	272
f 271 	235 	272
f 236 	237 	273
f 272 	236 	273
f 237 	238 	274
f 273 	237 	274
f 238 	239 	275
f 274 	238 	275
f 239 	240 	276
f 275 	239 	276
f 240 	241 	277
f 276 	240 	277
f 241 	242 	278
f 277 	241 	278
f 242 	243 	279
f 278 	242 	279
f 243 	244 	280
f 279 	243 	280
f 244 	245 	281
f 280 	244 	281
f 245 	246 	282
f 281 	245 	282
f 246 	247 	283
f 282 	246 	283
f 247 	248 	284
f 283 	247 	284
f 248 	249 	285
f 284 	248 	285
f 249 	250 	286
f 285 	249 	286
f 250 	251 	287
f 286 	250 	287
f 251 	252 	288
f 287 	251 	288
f 252 	253 	289
f 288 	252 	289
f 253 	219 	255
f 289 	253 	255
f 255 	254 	290
f 291 	255 	290
f 254 	256 	292
f 290 	254 	292
f 256 	257 	293
f 292 	256 	293
f 257 	258 	294
f 293 	257 	294
f 258 	259 	295
f 294 	258 	295
f 259 	260 	296
f 295 	259 	296
f 260 	261 	297
f 296 	260 	297
f 261 	262 	298
f 297 	261 	298
f 262 	263 	299
f 298 	262 	299
f 263 	264 	300
f 299 	263 	300
f 264 	265 	301
f 300 	264 	301
f 265 	266 	302
f 301 	265 	302
f 266 	267 	303
f 302 	266 	303
f 267 	268 	304
f 303 	267 	304
f 268 	269 	305
f 304 	268 	305
f 269 	270 	306
f 305 	269 	306
f 270 	271 	307
f 306 	270 	307
f 271 	272 	308
f 307 	271 	308
f 272 	273 	309
f 308 	272 	309
f 273 	274 	310
f 309 	273 	310
f 274 	275 	311
f 310 	274 	311
f 275 	276 	312
f 311 	275 	312
f 276 	277 	313
f 312 	276 	313
f 277 	278 	314
f 313 	277 	314
f 278 	279 	315
f 314 	278 	315
f 279 	280 	316
f 315 	279 	316
f 280 	281 	317
f 316 	280 	317
f 281 	282 	318
f 317 	281 	318
f 282 	283 	319
f 318 	282 	319
f 283 	284 	320
f 319 	283 	320
f 284 	285 	321
f 320 	284 	321
f 285 	286 	322
f 321 	285 	322
f 286 	287 	323
f 322 	286 	323
f 287 	288 	324
f 323 	287 	324
f 288 	289 	325
f 324 	288 	325
f 289 	255 	291
f 325 	289 	291
f 291 	290 	326
f 327 	291 	326
f 290 	292 	328
f 326 	290 	328
f 292 	293 	329
f 328 	292 	329
f 293 	294 	330
f 329 	293 	330
f 294 	295 	331
f 330 	294 	331
f 295 	296 	332
f 331 	295 	332
f 296 	297 	333
f 332 	296 	333
f 297 	298 	334
f 333 	297 	334
f 298 	299 	335
f 334 	298 	335
f 299 	300 	336
f 335 	299 	336
f 300 	301 	337
f 336 	300 	337
f 301 	302 	338
f 337 	301 	338
f 302 	303 	339
f 338 	302 	339
f 303 	304 	340
f 339 	303 	340
f 304 	305 	341
f 340 	304 	341
f 305 	306 	342
f 341 	305 	342
f 306 	307 	343
f 342 	306 	343
f 307 	308 	344
f 343 	307 	344
f 308 	309 	345
f 344 	308 	345
f 309 	310 	346
f 345 	309 	346
f 310 	311 	347
f 346 	310 	347
f 311 	312 	348
f 347 	311 	348
f 312 	313 	349
f 348 	312 	349
f 313 	314 	350
f 349 	313 	350
f 314 	315 	351
f 350 	314 	351
f 315 	316 	352
f 351 	315 	352
f 316 	317 	353
f 352 	316 	353
f 317 	318 	354
f 353 	317 	354
f 318 	319 	355
f 354 	318 	355
f 319 	320 	356
f 355 	319 	356
f 320 	321 	357
f 356 	320 	357
f 321 	322 	358
f 357 	321 	358
f 322 	323 	359
f 358 	322 	359
f 323 	324 	360
f 359 	323 	360
f 324 	325 	361
f 360 	324 	361
f 325 	291 	327
f 361 	325 	327
f 327 	326 	362
f 363 	327 	362
f 326 	328 	364
f 362 	326 	364
f 328 	329 	365
f 364 	328 	365
f 329 	330 	366
f 365 	329 	366
f 330 	331 	367
f 366 	330 	367
f 331 	332 	368
f 367 	331 	368
f 332 	333 	369
f 368 	332 	369
f 333 	334 	370
f 369 	333 	370
f 334 	335 	371
f 370 	334 	371
f 335 	336 	372
f 371 	335 	372
f 336 	337 	373
f 372 	336 	373
f 337 	338 	374
f 373 	337 	374
f 338 	339 	375
f 374 	338 	375
f 339 	340 	376
f 375 	339 	376
f 340 	341 	377
f 376 	340 	377
f 341 	342 	378
f 377 	341 	378
f 342 	343 	379
f 378 	342 	379
f 343 	344 	380
f 379 	343 	380
f 344 	345 	381
f 380 	344 	381
f 345 	346 	382
f 381 	345 	382
f 346 	347 	383
f 382 	346 	383
f 347 	348 	384
f 383 	347 	384
f 348 	349 	385
f 384 	348 	385
f 349 	350 	386
f 385 	349 	386
f 350 	351 	387
f 386 	350 	387
f 351 	352 	388
f 387 	351 	388
f 352 	353 	389
f 388 	352 	389
f 353 	354 	390
f 389 	353 	390
f 354 	355 	391
f 390 	354 	391
f 355 	356 	392
f 391 	355 	392
f 356 	357 	393
f 392 	356 	393
f 357 	358 	394
f 393 	357 	394
f 358 	359 	395
f 394 	358 	395
f 359 	360 	396
f 395 	359 	396
f 360 	361 	397
f 396 	360 	397
f 361 	327 	363
f 397 	361 	363
f 363 	362 	398
f 399 	363 	398
f 362 	364 	400
f 398 	362 	400
f 364 	365 	401
f 400 	364 	401
f 365 	366 	402
f 401 	365 	402
f 366 	367 	403
f 402 	366 	403
f 367 	368 	404
f 403 	367 	404
f 368 	369 	405
f 404 	368 	405
f 369 	370 	406
f 405 	369 	406
f 370 	371 	407
f 406 	370 	407
f 371 	372 	408
f 407 	371 	408
f 372 	373 	409
f 408 	372 	409
f 373 	374 	410
f 409 	373 	410
f 374 	375 	411
f 410 	374 	411
f 375 	376 	412
f 411 	375 	412
f 376 	377 	413
f 412 	376 	413
f 377 	378 	414
f 413 	377 	414
f 378 	379 	415
f 414 	378 	415
f 379 	380 	416
f 415 	379 	416
f 380 	381 	417
f 416 	380 	417
f 381 	382 	418
f 417 	381 	418
f 382 	383 	419
f 418 	382 	419
f 383 	384 	420
f 419 	383 	420
f 384 	385 	421
f 420 	384 	421
f 385 	386 	422
f 421 	385 	422
f 386 	387 	423
f 422 	386 	423
f 387 	388 	424
f 423 	387 	424
f 388 	389 	425
f 424 	388 	425
f 389 	390 	426
f 425 	389 	426
f 390 	391 	427
f 426 	390 	427
f 391 	392 	428
f 427 	391 	428
f 392 	393 	429
f 428 	392 	429
f 393 	394 	430
f 429 	393 	430
f 394 	395 	431
f 430 	394 	431
f 395 	396 	432
f 431 	395 	432
f 396 	397 	433
f 432 	396 	433
f 397 	363 	399
f 433 	397 	399
f 399 	398 	434
f 435 	399 	434
f 398 	400 	436
f 434 	398 	436
f 400 	401 	437
f 436 	400 	437
f 401 	402 	438
f 437 	401 	438
f 402 	403 	439
f 438 	402 	439
f 403 	404 	440
f 439 	403 	440
f 404 	405 	441
f 440 	404 	441
f 405 	406 	442
f 441 	405 	442
f 406 	407 	443
f 442 	406 	443
f 407 	408 	444
f 443 	407 	444
f 408 	409 	445
f 444 	408 	445
f 409 	410 	446
f 445 	409 	446
f 410 	411 	447
f 446 	410 	447
f 411 	412 	448
f 447 	411 	448
f 412 	413 	449
f 448 	412 	449
f 413 	414 	450
f 449 	413 	450
f 414 	415 	451
f 450 	414 	451
f 415 	416 	452
f 451 	415 	452
f 416 	417 	453
f 452 	416 	453
f 417 	418 	454
f 453 	417 	454
f 418 	419 	455
f 454 	418 	455
f 419 	420 	456
f 455 	419 	456
f 420 	421 	457
f 456 	420 	457
f 421 	422 	458
f 457 	421 	458
f 422 	423 	459
f 458 	422 	459
f 423 	424 	460
f 459 	423 	460
f 424 	425 	461
f 460 	424 	461
f 425 	426 	462
f 461 	425 	462
f 426 	427 	463
f 462 	426 	463
f 427 	428 	464
f 463 	427 	464
f 428 	429 	465
f 464 	428 	465
f 429 	430 	466
f 465 	429 	466
f 430 	431 	467
f 466 	430 	467
f 431 	432 	468
f 467 	431 	468
f 432 	433 	469
f 468 	432 	469
f 433 	399 	435
f 469 	433 	435
f 435 	434 	470
f 471 	435 	470
f 434 	436 	472
f 470 	434 	472
f 436 	437 	473
f 472 	436 	473
f 437 	438 	474
f 473 	437 	474
f 438 	439 	475
f 474 	438 	475
f 439 	440 	476
f 475 	439 	476
f 440 	441 	477
f 476 	440 	477
f 441 	442 	478
f 477 	441 	478
f 442 	443 	479
f 478 	442 	479
f 443 	444 	480
f 479 	443 	480
f 444 	445 	481
f 480 	444 	481
f 445 	446 	482
f 481 	445 	482
f 446 	447 	483
f 482 	446 	483
f 447 	448 	484
f 483 	447 	484
f 448 	449 	485
f 484 	448 	485
f 449 	450 	486
f 485 	449 	486
f 450 	451 	487
f 486 	450 	487
f 451 	452 	488
f 487 	451 	488
f 452 	453 	489
f 488 	452 	489
f 453 	454 	490
f 489 	453 	490
f 454 	455 	491
f 490 	454 	491
f 455 	456 	492
f 491 	455 	492
f 456 	457 	493
f 492 	456 	493
f 457 	458 	494
f 493 	457 	494
f 458 	459 	495
f 494 	458 	495
f 459 	460 	496
f 495 	459 	496
f 460 	461 	497
f 496 	460 	497
f 461 	462 	498
f 497 	461 	498
f 462 	463 	499
f 498 	462 	499
f 463 	464 	500
f 499 	463 	500
f 464 	465 	501
f 500 	464 	501
f 465 	466 	502
f 501 	465 	502
f 466 	467 	503
f 502 	466 	503
f 467 	468 	504
f 503 	467 	504
f 468 	469 	505
f 504 	468 	505
f 469 	435 	471
f 505 	469 	471
f 471 	470 	506
f 507 	471 	506
f 470 	472 	508
f 506 	470 	508
f 472 	473 	509
f 508 	472 	509
f 473 	474 	510
f 509 	473 	510
f 474 	475 	511
f 510 	474 	511
f 475 	476 	512
f 511 	475 	512
f 476 	477 	513
f 512 	476 	513
f 477 	478 	514
f 513 	477 	514
f 478 	479 	515
f 514 	478 	515
f 479 	480 	516
f 515 	479 	516
f 480 	481 	517
f 516 	480 	517
f 481 	482 	518
f 517 	481 	518
f 482 	483 	519
f 518 	482 	519
f 483 	484 	520
f 519 	483 	520
f 484 	485 	521
f 520 	484 	521
f 485 	486 	522
f 521 	485 	522
f 486 	487 	523
f 522 	486 	523
f 487 	488 	524
f 523 	487 	524
f 488 	489 	525
f 524 	488 	525
f 489 	490 	526
f 525 	489 	526
f 490 	491 	527
f 526 	490 	527
f 491 	492 	528
f 527 	491 	528
f 492 	493 	529
f 528 	492 	529
f 493 	494 	530
f 529 	493 	530
f 494 	495 	531
f 530 	494 	531
f 495 	496 	532
f 531 	495 	532
f 496 	497 	533
f 532 	496 	533
f 497 	498 	534
f 533 	497 	534
f 498 	499 	535
f 534 	498 	535
f 499 	500 	536
f 535 	499 	536
f 500 	501 	537
f 536 	500 	537
f 501 	502 	538
f 537 	501 	538
f 502 	503 	539
f 538 	502 	539
f 503 	504 	540
f 539 	503 	540
f 504 	505 	541
f 540 	504 	541
f 505 	471 	507
f 541 	505 	507
f 507 	506 	542
f 543 	507 	542
f 506 	508 	544
f 542 	506 	544
f 508 	509 	545
f 544 	508 	545
f 509 	510 	546
f 545 	509 	546
f 510 	511 	547
f 546 	510 	547
f 511 	512 	548
f 547 	511 	548
f 512 	513 	549
f 548 	512 	549
f 513 	514 	550
f 549 	513 	550
f 514 	515 	551
f 550 	514 	551
f 515 	516 	552
f 551 	515 	552
f 516 	517 	553
f 552 	516 	553
f 517 	518 	554
f 553 	517 	554
f 518 	519 	555
f 554 	518 	555
f 519 	520 	556
f 555 	519 	556
f 520 	521 	557
f 556 	520 	557
f 521 	522 	558
f 557 	521 	558
f 522 	523 	559
f 558 	522 	559
f 523 	524 	560
f 559 	523 	560
f 524 	525 	561
f 560 	524 	561
f 525 	526 	562
f 561 	525 	562
f 526 	527 	563
f 562 	526 	563
f 527 	528 	564
f 563 	527 	564
f 528 	529 	565
f 564 	528 	565
f 529 	530 	566
f 565 	529 	566
f 530 	531 	567
f 566 	530 	567
f 531 	532 	568
f 567 	531 	568
f 532 	533 	569
f 568 	532 	569
f 533 	534 	570
f 569 	533 	570
f 534 	535 	571
f 570 	534 	571
f 535 	536 	572
f 571 	535 	572
f 536 	537 	573
f 572 	536 	573
f 537 	538 	574
f 573 	537 	574
f 538 	539 	575
f 574 	538 	575
f 539 	540 	576
f 575 	539 	576
f 540 	541 	577
f 576 	540 	577
f 541 	507 	543
f 577 	541 	543
f 543 	542 	578
f 579 	543 	578
f 542 	544 	580
f 578 	542 	580
f 544 	545 	581
f 580 	544 	581
f 545 	546 	582
f 581 	545 	582
f 546 	547 	583
f 582 	546 	583
f 547 	548 	584
f 583 	547 	584
f 548 	549 	585
f 584 	548 	585
f 549 	550 	586
f 585 	549 	586
f 550 	551 	587
f 586 	550 	587
f 551 	552 	588
f 587 	551 	588
f 552 	553 	589
f 588 	552 	589
f 553 	554 	590
f 589 	553 	590
f 554 	555 	591
f 590 	554 	591
f 555 	556 	592
f 591 	555 	592
f 556 	557 	593
f 592 	556 	593
f 557 	558 	594
f 593 	557 	594
f 558 	559 	595
f 594 	558 	595
f 559 	560 	596
f 595 	559 	596
f 560 	561 	597
f 596 	560 	597
f 561 	562 	598
f 597 	561 	598
f 562 	563 	599
f 598 	562 	599
f 563 	564 	600
f 599 	563 	600
f 564 	565 	601
f 600 	564 	601
f 565 	566 	602
f 601 	565 	602
f 566 	567 	603
f 602 	566 	603
f 567 	568 	604
f 603 	567 	604
f 568 	569 	605
f 604 	568 	605
f 569 	570 	606
f 605 	569 	606
f 570 	571 	607
f 606 	570 	607
f 571 	572 	608
f 607 	571 	608
f 572 	573 	609
f 608 	572 	609
f 573 	574 	610
f 609 	573 	610
f 574 	575 	611
f 610 	574 	611
f 575 	576 	612
f 611 	575 	612
f 576 	577 	613
f 612 	576 	613
f 577 	543 	579
f 613 	577 	579
f 579 	578 	614
f 615 	579 	614
f 578 	580 	616
f 614 	578 	616
f 580 	581 	617
f 616 	580 	617
f 581 	582 	618
f 617 	581 	618
f 582 	583 	619
f 618 	582 	619
f 583 	584 	620
f 619 	583 	620
f 584 	585 	621
f 620 	584 	621
f 585 	586 	622
f 621 	585 	622
f 586 	587 	623
f 622 	586 	623
f 587 	588 	624
f 623 	587 	624
f 588 	589 	625
f 624 	588 	625
f 589 	590 	626
f 625 	589 	626
f 590 	591 	627
f 626 	590 	627
f 591 	592 	628
f 627 	591 	628
f 592 	593 	629
f 628 	592 	629
f 593 	594 	630
f 629 	593 	630
f 594 	595 	631
f 630 	594 	631
f 595 	596 	632
f 631 	595 	632
f 596 	597 	633
f 632 	596 	633
f 597 	598 	634
f 633 	597 	634
f 598 	599 	635
f 634 	598 	635
f 599 	600 	636
f 635 	599 	636
f 600 	601 	637
f 636 	600 	637
f 601 	602 	638
f 637 	601 	638
f 602 	603 	639
f 638 	602 	639
f 603 	604 	640
f 639 	603 	640
f 604 	605 	641
f 640 	604 	641
f 605 	606 	642
f 641 	605 	642
f 606 	607 	643
f 642 	606 	643
f 607 	608 	644
f 643 	607 	644
f 608 	609 	645
f 644 	608 	645
f 609 	610 	646
f 645 	609 	646
f 610 	611 	647
f 646 	610 	647
f 611 	612 	648
f 647 	611 	648
f 612 	613 	649
f 648 	612 	649
f 613 	579 	615
f 649 	613 	615
f 615 	614 	650
f 614 	616 	650
f 616 	617 	650
f 617 	618 	650
f 618 	619 	650
f 619 	620 	650
f 620 	621 	650
f 621 	622 	650
f 622 	623 	650
f 623 	624 	650
f 624 	625 	650
f 625 	626 	650
f 626 	627 	650
f 627 	628 	650
f 628 	629 	650
f 629 	630 	650
f 630 	631 	650
f 631 	632 	650
f 632 	633 	650
f 633 	634 	650
f 634 	635 	650
f 635 	636 	650
f 636 	637 	650
f 637 	638 	650
f 638 	639 	650
f 639 	640 	650
f 640 	641 	650
f 641 	642 	650
f 642 	643 	650
f 643 	644 	650
f 644 	645 	650
f 645 	646 	650
f 646 	647 	650
f 647 	648 	650
f 648 	649 	650
f 649 	615 	650
# 1296 faces

 #end of obj_0

o obj_1
v -7.7426 		-1.8051 		11.8731
v -7.7136 		-1.8304 		11.872
v -7.7172 		-1.8335 		11.8673
v -7.7217 		-1.8358 		11.8627
v -7.7267 		-1.837 		11.8584
v -7.7322 		-1.8373 		11.8546
v -7.7379 		-1.8365 		11.8513
v -7.7438 		-1.8348 		11.8486
v -7.7497 		-1.8321 		11.8466
v -7.7553 		-1.8286 		11.8454
v -7.7605 		-1.8244 		11.8449
v -7.7651 		-1.8195 		11.8454
v -7.769 		-1.8142 		11.8466
v -7.7721 		-1.8086 		11.8486
v -7.7742 		-1.8029 		11.8513
v -7.7754 		-1.7972 		11.8546
v -7.7756 		-1.7917 		11.8584
v -7.7747 		-1.7866 		11.8627
v -7.7728 		-1.782 		11.8673
v -7.77 		-1.7781 		11.872
v -7.7664 		-1.775 		11.8766
v -7.762 		-1.7728 		11.8812
v -7.7569 		-1.7715 		11.8855
v -7.7514 		-1.7713 		11.8893
v -7.7457 		-1.772 		11.8926
v -7.7398 		-1.7738 		11.8953
v -7.7339 		-1.7764 		11.8973
v -7.7283 		-1.7799 		11.8985
v -7.7231 		-1.7841 		11.899
v -7.7185 		-1.789 		11.8985
v -7.7146 		-1.7943 		11.8973
v -7.7115 		-1.7999 		11.8953
v -7.7094 		-1.8057 		11.8926
v -7.7082 		-1.8114 		11.8893
v -7.708 		-1.8169 		11.8855
v -7.7089 		-1.822 		11.8812
v -7.7108 		-1.8266 		11.8766
v -7.6905 		-1.86 		11.859
v -7.6831 		-1.8538 		11.8684
v -7.6993 		-1.8644 		11.85
v -7.7093 		-1.8669 		11.8415
v -7.7202 		-1.8674 		11.8338
v -7.7317 		-1.8659 		11.8272
v -7.7435 		-1.8625 		11.8218
v -7.7551 		-1.8572 		11.8178
v -7.7662 		-1.8502 		11.8154
v -7.7766 		-1.8418 		11.8146
v -7.7858 		-1.8321 		11.8154
v -7.7936 		-1.8215 		11.8178
v -7.7997 		-1.8103 		11.8218
v -7.804 		-1.7989 		11.8272
v -7.8064 		-1.7875 		11.8338
v -7.8067 		-1.7766 		11.8415
v -7.805 		-1.7664 		11.85
v -7.8013 		-1.7573 		11.859
v -7.7957 		-1.7495 		11.8684
v -7.7883 		-1.7434 		11.8777
v -7.7795 		-1.739 		11.8868
v -7.7695 		-1.7365 		11.8953
v -7.7586 		-1.736 		11.9029
v -7.7471 		-1.7374 		11.9096
v -7.7353 		-1.7409 		11.915
v -7.7237 		-1.7462 		11.9189
v -7.7126 		-1.7531 		11.9213
v -7.7022 		-1.7616 		11.9222
v -7.693 		-1.7713 		11.9213
v -7.6852 		-1.7818 		11.9189
v -7.6791 		-1.793 		11.915
v -7.6748 		-1.8045 		11.9096
v -7.6724 		-1.8159 		11.9029
v -7.6721 		-1.8268 		11.8953
v -7.6738 		-1.837 		11.8868
v -7.6775 		-1.8461 		11.8777
v -7.6625 		-1.8843 		11.8485
v -7.6516 		-1.8751 		11.8624
v -7.6756 		-1.8909 		11.835
v -7.6905 		-1.8946 		11.8223
v -7.7068 		-1.8954 		11.8109
v -7.724 		-1.8931 		11.801
v -7.7415 		-1.888 		11.793
v -7.7588 		-1.8801 		11.7871
v -7.7754 		-1.8698 		11.7834
v -7.7908 		-1.8572 		11.7822
v -7.8046 		-1.8428 		11.7834
v -7.8162 		-1.827 		11.7871
v -7.8253 		-1.8103 		11.793
v -7.8318 		-1.7932 		11.801
v -7.8353 		-1.7763 		11.8109
v -7.8357 		-1.76 		11.8223
v -7.8332 		-1.7448 		11.835
v -7.8276 		-1.7312 		11.8485
v -7.8193 		-1.7197 		11.8624
v -7.8084 		-1.7105 		11.8763
v -7.7953 		-1.7039 		11.8898
v -7.7803 		-1.7002 		11.9025
v -7.764 		-1.6994 		11.914
v -7.7469 		-1.7016 		11.9238
v -7.7294 		-1.7068 		11.9319
v -7.712 		-1.7146 		11.9378
v -7.6954 		-1.725 		11.9414
v -7.68 		-1.7376 		11.9426
v -7.6663 		-1.752 		11.9414
v -7.6547 		-1.7678 		11.9378
v -7.6455 		-1.7845 		11.9319
v -7.6391 		-1.8016 		11.9238
v -7.6356 		-1.8185 		11.914
v -7.6351 		-1.8348 		11.9025
v -7.6377 		-1.85 		11.8898
v -7.6432 		-1.8636 		11.8763
v -7.6335 		-1.9063 		11.8358
v -7.6191 		-1.8942 		11.8542
v -7.6508 		-1.915 		11.8179
v -7.6706 		-1.9199 		11.8012
v -7.6921 		-1.9209 		11.786
v -7.7148 		-1.918 		11.773
v -7.7379 		-1.9112 		11.7624
v -7.7608 		-1.9008 		11.7546
v -7.7828 		-1.8871 		11.7498
v -7.8031 		-1.8704 		11.7482
v -7.8213 		-1.8514 		11.7498
v -7.8366 		-1.8305 		11.7546
v -7.8487 		-1.8085 		11.7624
v -7.8572 		-1.7859 		11.773
v -7.8618 		-1.7635 		11.786
v -7.8625 		-1.742 		11.8012
v -7.8591 		-1.7219 		11.8179
v -7.8517 		-1.704 		11.8358
v -7.8407 		-1.6887 		11.8542
v -7.8263 		-1.6766 		11.8726
v -7.809 		-1.6679 		11.8904
v -7.7892 		-1.663 		11.9071
v -7.7677 		-1.662 		11.9223
v -7.745 		-1.6649 		11.9353
v -7.7219 		-1.6717 		11.9459
v -7.699 		-1.6821 		11.9537
v -7.677 		-1.6958 		11.9585
v -7.6567 		-1.7125 		11.9601
v -7.6385 		-1.7315 		11.9585
v -7.6232 		-1.7524 		11.9537
v -7.6111 		-1.7744 		11.9459
v -7.6026 		-1.797 		11.9353
v -7.598 		-1.8194 		11.9223
v -7.5973 		-1.8409 		11.9071
v -7.6007 		-1.861 		11.8904
v -7.6081 		-1.8789 		11.8726
v -7.6037 		-1.9258 		11.8209
v -7.586 		-1.9108 		11.8436
v -7.6252 		-1.9365 		11.7989
v -7.6495 		-1.9426 		11.7782
v -7.6761 		-1.9438 		11.7595
v -7.7042 		-1.9402 		11.7433
v -7.7328 		-1.9318 		11.7302
v -7.7611 		-1.919 		11.7206
v -7.7882 		-1.902 		11.7147
v -7.8133 		-1.8814 		11.7127
v -7.8357 		-1.8579 		11.7147
v -7.8547 		-1.8321 		11.7206
v -7.8697 		-1.8049 		11.7302
v -7.8802 		-1.777 		11.7433
v -7.8859 		-1.7493 		11.7595
v -7.8867 		-1.7227 		11.7782
v -7.8825 		-1.6979 		11.7989
v -7.8734 		-1.6758 		11.8209
v -7.8598 		-1.6569 		11.8436
v -7.842 		-1.6419 		11.8664
v -7.8206 		-1.6312 		11.8884
v -7.7962 		-1.6251 		11.9091
v -7.7696 		-1.6239 		11.9278
v -7.7416 		-1.6275 		11.944
v -7.713 		-1.6359 		11.957
v -7.6847 		-1.6487 		11.9667
v -7.6575 		-1.6657 		11.9726
v -7.6324 		-1.6863 		11.9746
v -7.61 		-1.7098 		11.9726
v -7.591 		-1.7356 		11.9667
v -7.576 		-1.7628 		11.957
v -7.5655 		-1.7907 		11.944
v -7.5598 		-1.8184 		11.9278
v -7.5591 		-1.845 		11.9091
v -7.5633 		-1.8698 		11.8884
v -7.5723 		-1.8919 		11.8664
v -7.5735 		-1.9426 		11.8041
v -7.5524 		-1.9249 		11.831
v -7.5988 		-1.9553 		11.778
v -7.6276 		-1.9625 		11.7535
v -7.6591 		-1.964 		11.7314
v -7.6923 		-1.9597 		11.7123
v -7.7261 		-1.9498 		11.6968
v -7.7596 		-1.9346 		11.6854
v -7.7917 		-1.9145 		11.6784
v -7.8214 		-1.8902 		11.676
v -7.8479 		-1.8623 		11.6784
v -7.8704 		-1.8318 		11.6854
v -7.8881 		-1.7996 		11.6968
v -7.9005 		-1.7666 		11.7123
v -7.9073 		-1.7339 		11.7314
v -7.9082 		-1.7024 		11.7535
v -7.9032 		-1.6731 		11.778
v -7.8925 		-1.6468 		11.8041
v -7.8764 		-1.6245 		11.831
v -7.8553 		-1.6067 		11.8579
v -7.83 		-1.5941 		11.8839
v -7.8011 		-1.5869 		11.9084
v -7.7697 		-1.5854 		11.9305
v -7.7365 		-1.5897 		11.9496
v -7.7027 		-1.5996 		11.9651
v -7.6692 		-1.6148 		11.9765
v -7.6371 		-1.6349 		11.9835
v -7.6073 		-1.6592 		11.9859
v -7.5808 		-1.6871 		11.9835
v -7.5584 		-1.7176 		11.9765
v -7.5407 		-1.7498 		11.9651
v -7.5283 		-1.7828 		11.9496
v -7.5215 		-1.8155 		11.9305
v -7.5206 		-1.847 		11.9084
v -7.5256 		-1.8763 		11.8839
v -7.5363 		-1.9025 		11.8579
v -7.5428 		-1.9567 		11.7853
v -7.5187 		-1.9363 		11.8162
v -7.5719 		-1.9712 		11.7554
v -7.605 		-1.9795 		11.7273
v -7.6411 		-1.9812 		11.702
v -7.6791 		-1.9763 		11.6801
v -7.718 		-1.9649 		11.6623
v -7.7564 		-1.9474 		11.6492
v -7.7932 		-1.9244 		11.6412
v -7.8273 		-1.8965 		11.6385
v -7.8577 		-1.8646 		11.6412
v -7.8835 		-1.8296 		11.6492
v -7.9038 		-1.7926 		11.6623
v -7.918 		-1.7548 		11.6801
v -7.9258 		-1.7172 		11.702
v -7.9268 		-1.6811 		11.7273
v -7.9211 		-1.6475 		11.7554
v -7.9088 		-1.6174 		11.7853
v -7.8903 		-1.5918 		11.8162
v -7.8662 		-1.5714 		11.8471
v -7.8371 		-1.5569 		11.877
v -7.804 		-1.5486 		11.9051
v -7.7679 		-1.5469 		11.9304
v -7.7299 		-1.5518 		11.9523
v -7.6911 		-1.5632 		11.9701
v -7.6527 		-1.5807 		11.9832
v -7.6158 		-1.6037 		11.9912
v -7.5817 		-1.6316 		11.9939
v -7.5513 		-1.6635 		11.9912
v -7.5256 		-1.6985 		11.9832
v -7.5052 		-1.7355 		11.9701
v -7.491 		-1.7733 		11.9523
v -7.4832 		-1.8109 		11.9304
v -7.4822 		-1.847 		11.9051
v -7.4879 		-1.8806 		11.877
v -7.5002 		-1.9107 		11.8471
v -7.5121 		-1.9679 		11.7649
v -7.4851 		-1.945 		11.7995
v -7.5447 		-1.9842 		11.7314
v -7.5818 		-1.9934 		11.6999
v -7.6223 		-1.9953 		11.6715
v -7.6649 		-1.9898 		11.6469
v -7.7084 		-1.9771 		11.627
v -7.7514 		-1.9575 		11.6123
v -7.7927 		-1.9317 		11.6033
v -7.8309 		-1.9004 		11.6003
v -7.865 		-1.8646 		11.6033
v -7.8939 		-1.8254 		11.6123
v -7.9166 		-1.784 		11.627
v -7.9326 		-1.7416 		11.6469
v -7.9413 		-1.6995 		11.6715
v -7.9425 		-1.659 		11.6999
v -7.9361 		-1.6213 		11.7314
v -7.9223 		-1.5876 		11.7649
v -7.9016 		-1.5589 		11.7995
v -7.8745 		-1.5361 		11.8341
v -7.8419 		-1.5198 		11.8676
v -7.8048 		-1.5106 		11.8991
v -7.7644 		-1.5087 		11.9275
v -7.7217 		-1.5142 		11.952
v -7.6783 		-1.5269 		11.9719
v -7.6352 		-1.5465 		11.9866
v -7.5939 		-1.5723 		11.9956
v -7.5557 		-1.6035 		11.9986
v -7.5216 		-1.6393 		11.9956
v -7.4928 		-1.6785 		11.9866
v -7.47 		-1.72 		11.9719
v -7.454 		-1.7624 		11.952
v -7.4453 		-1.8045 		11.9275
v -7.4442 		-1.845 		11.8991
v -7.4506 		-1.8826 		11.8676
v -7.4643 		-1.9163 		11.8341
v -7.4816 		-1.9761 		11.7429
v -7.4518 		-1.951 		11.7809
v -7.5174 		-1.994 		11.706
v -7.5582 		-2.0042 		11.6714
v -7.6027 		-2.0062 		11.6401
v -7.6496 		-2.0002 		11.6131
v -7.6975 		-1.9862 		11.5912
v -7.7448 		-1.9647 		11.575
v -7.7902 		-1.9363 		11.5652
v -7.8323 		-1.9019 		11.5618
v -7.8698 		-1.8625 		11.5652
v -7.9015 		-1.8194 		11.575
v -7.9266 		-1.7738 		11.5912
v -7.9441 		-1.7272 		11.6131
v -7.9537 		-1.6809 		11.6401
v -7.955 		-1.6363 		11.6714
v -7.9479 		-1.5949 		11.706
v -7.9328 		-1.5578 		11.7429
v -7.91 		-1.5262 		11.7809
v -7.8802 		-1.5011 		11.819
v -7.8444 		-1.4832 		11.8558
v -7.8036 		-1.473 		11.8905
v -7.7591 		-1.4709 		11.9217
v -7.7122 		-1.477 		11.9487
v -7.6643 		-1.491 		11.9706
v -7.617 		-1.5125 		11.9868
v -7.5716 		-1.5409 		11.9967
v -7.5295 		-1.5753 		12
v -7.492 		-1.6147 		11.9967
v -7.4603 		-1.6578 		11.9868
v -7.4353 		-1.7034 		11.9706
v -7.4177 		-1.75 		11.9487
v -7.4081 		-1.7963 		11.9217
v -7.4068 		-1.8409 		11.8905
v -7.4139 		-1.8823 		11.8558
v -7.429 		-1.9194 		11.819
v -7.4514 		-1.9813 		11.7194
v -7.4192 		-1.9541 		11.7607
v -7.4902 		-2.0007 		11.6795
v -7.5344 		-2.0117 		11.642
v -7.5827 		-2.0139 		11.6081
v -7.6335 		-2.0074 		11.5788
v -7.6853 		-1.9922 		11.5551
v -7.7366 		-1.9689 		11.5376
v -7.7858 		-1.9381 		11.5269
v -7.8314 		-1.9009 		11.5233
v -7.872 		-1.8582 		11.5269
v -7.9064 		-1.8115 		11.5376
v -7.9335 		-1.7621 		11.5551
v -7.9525 		-1.7116 		11.5788
v -7.9629 		-1.6614 		11.6081
v -7.9643 		-1.6132 		11.642
v -7.9566 		-1.5683 		11.6795
v -7.9402 		-1.5281 		11.7194
v -7.9155 		-1.4939 		11.7607
v -7.8833 		-1.4667 		11.8019
v -7.8445 		-1.4473 		11.8418
v -7.8003 		-1.4363 		11.8793
v -7.752 		-1.434 		11.9132
v -7.7012 		-1.4406 		11.9425
v -7.6494 		-1.4557 		11.9662
v -7.5981 		-1.4791 		11.9837
v -7.5489 		-1.5098 		11.9944
v -7.5033 		-1.5471 		11.998
v -7.4627 		-1.5897 		11.9944
v -7.4284 		-1.6364 		11.9837
v -7.4012 		-1.6858 		11.9662
v -7.3822 		-1.7364 		11.9425
v -7.3718 		-1.7865 		11.9132
v -7.3704 		-1.8348 		11.8793
v -7.3781 		-1.8797 		11.8418
v -7.3945 		-1.9198 		11.8019
v -7.4219 		-1.9834 		11.6948
v -7.3874 		-1.9543 		11.7389
v -7.4634 		-2.0041 		11.6521
v -7.5106 		-2.0159 		11.612
v -7.5622 		-2.0183 		11.5757
v -7.6165 		-2.0113 		11.5444
v -7.672 		-1.9951 		11.5191
v -7.7268 		-1.9702 		11.5004
v -7.7794 		-1.9373 		11.4889
v -7.8282 		-1.8974 		11.4851
v -7.8716 		-1.8518 		11.4889
v -7.9083 		-1.8019 		11.5004
v -7.9373 		-1.7491 		11.5191
v -7.9577 		-1.695 		11.5444
v -7.9688 		-1.6414 		11.5757
v -7.9703 		-1.5898 		11.612
v -7.9621 		-1.5417 		11.6521
v -7.9446 		-1.4988 		11.6948
v -7.9181 		-1.4622 		11.7389
v -7.8837 		-1.4331 		11.7829
v -7.8422 		-1.4124 		11.8257
v -7.7949 		-1.4006 		11.8658
v -7.7433 		-1.3982 		11.902
v -7.689 		-1.4052 		11.9333
v -7.6336 		-1.4214 		11.9587
v -7.5787 		-1.4463 		11.9774
v -7.5261 		-1.4792 		11.9888
v -7.4774 		-1.5191 		11.9927
v -7.434 		-1.5647 		11.9888
v -7.3972 		-1.6146 		11.9774
v -7.3682 		-1.6675 		11.9587
v -7.3478 		-1.7215 		11.9333
v -7.3368 		-1.7751 		11.902
v -7.3353 		-1.8267 		11.8658
v -7.3434 		-1.8748 		11.8257
v -7.361 		-1.9177 		11.7829
v -7.3932 		-1.9824 		11.6691
v -7.3567 		-1.9517 		11.7157
v -7.4371 		-2.0044 		11.6239
v -7.487 		-2.0168 		11.5815
v -7.5415 		-2.0193 		11.5432
v -7.599 		-2.0119 		11.5101
v -7.6576 		-1.9948 		11.4833
v -7.7156 		-1.9684 		11.4636
v -7.7712 		-1.9337 		11.4514
v -7.8227 		-1.8915 		11.4474
v -7.8686 		-1.8433 		11.4514
v -7.9075 		-1.7905 		11.4636
v -7.9381 		-1.7347 		11.4833
v -7.9597 		-1.6775 		11.5101
v -7.9714 		-1.6208 		11.5432
v -7.973 		-1.5663 		11.5815
v -7.9643 		-1.5155 		11.6239
v -7.9458 		-1.4701 		11.6691
v -7.9178 		-1.4314 		11.7157
v -7.8814 		-1.4006 		11.7623
v -7.8375 		-1.3787 		11.8075
v -7.7875 		-1.3663 		11.8499
v -7.733 		-1.3637 		11.8882
v -7.6756 		-1.3711 		11.9212
v -7.617 		-1.3883 		11.9481
v -7.559 		-1.4146 		11.9678
v -7.5034 		-1.4494 		11.9799
v -7.4519 		-1.4915 		11.984
v -7.406 		-1.5398 		11.9799
v -7.3671 		-1.5926 		11.9678
v -7.3364 		-1.6484 		11.9481
v -7.3149 		-1.7055 		11.9212
v -7.3032 		-1.7622 		11.8882
v -7.3016 		-1.8168 		11.8499
v -7.3102 		-1.8676 		11.8075
v -7.3288 		-1.913 		11.7623
v -7.3655 		-1.9784 		11.6426
v -7.3274 		-1.9462 		11.6913
v -7.4114 		-2.0013 		11.5953
v -7.4637 		-2.0143 		11.5509
v -7.5208 		-2.017 		11.5108
v -7.5809 		-2.0093 		11.4762
v -7.6422 		-1.9913 		11.4481
v -7.7029 		-1.9637 		11.4275
v -7.7611 		-1.9273 		11.4148
v -7.815 		-1.8832 		11.4105
v -7.8631 		-1.8328 		11.4148
v -7.9037 		-1.7775 		11.4275
v -7.9358 		-1.7191 		11.4481
v -7.9583 		-1.6593 		11.4762
v -7.9706 		-1.6 		11.5108
v -7.9723 		-1.5429 		11.5509
v -7.9632 		-1.4897 		11.5953
v -7.9438 		-1.4422 		11.6426
v -7.9146 		-1.4017 		11.6913
v -7.8764 		-1.3695 		11.7401
v -7.8305 		-1.3466 		11.7874
v -7.7782 		-1.3336 		11.8317
v -7.7212 		-1.3309 		11.8718
v -7.6611 		-1.3386 		11.9064
v -7.5997 		-1.3566 		11.9345
v -7.5391 		-1.3842 		11.9552
v -7.4809 		-1.4206 		11.9679
v -7.4269 		-1.4647 		11.9721
v -7.3789 		-1.5151 		11.9679
v -7.3382 		-1.5704 		11.9552
v -7.3061 		-1.6288 		11.9345
v -7.2836 		-1.6886 		11.9064
v -7.2713 		-1.748 		11.8718
v -7.2697 		-1.8051 		11.8317
v -7.2787 		-1.8582 		11.7874
v -7.2981 		-1.9057 		11.7401
v -7.3391 		-1.9713 		11.6154
v -7.2996 		-1.9379 		11.6659
v -7.3867 		-1.9951 		11.5664
v -7.441 		-2.0086 		11.5204
v -7.5001 		-2.0113 		11.4788
v -7.5624 		-2.0033 		11.4429
v -7.626 		-1.9847 		11.4138
v -7.6889 		-1.9561 		11.3924
v -7.7493 		-1.9184 		11.3792
v -7.8052 		-1.8726 		11.3748
v -7.855 		-1.8203 		11.3792
v -7.8972 		-1.763 		11.3924
v -7.9304 		-1.7024 		11.4138
v -7.9538 		-1.6404 		11.4429
v -7.9665 		-1.5789 		11.4788
v -7.9682 		-1.5197 		11.5204
v -7.9589 		-1.4646 		11.5664
v -7.9387 		-1.4154 		11.6154
v -7.9084 		-1.3734 		11.6659
v -7.8689 		-1.34 		11.7165
v -7.8212 		-1.3162 		11.7655
v -7.767 		-1.3027 		11.8115
v -7.7079 		-1.2999 		11.8531
v -7.6456 		-1.308 		11.889
v -7.582 		-1.3266 		11.9181
v -7.5191 		-1.3552 		11.9395
v -7.4587 		-1.3929 		11.9527
v -7.4028 		-1.4386 		11.9571
v -7.353 		-1.4909 		11.9527
v -7.3108 		-1.5483 		11.9395
v -7.2775 		-1.6088 		11.9181
v -7.2542 		-1.6708 		11.889
v -7.2415 		-1.7324 		11.8531
v -7.2398 		-1.7916 		11.8115
v -7.2491 		-1.8466 		11.7655
v -7.2693 		-1.8959 		11.7165
v -7.3142 		-1.9612 		11.5878
v -7.2736 		-1.9269 		11.6397
v -7.3632 		-1.9857 		11.5374
v -7.4189 		-1.9995 		11.4901
v -7.4797 		-2.0024 		11.4474
v -7.5438 		-1.9941 		11.4105
v -7.6091 		-1.975 		11.3806
v -7.6738 		-1.9456 		11.3585
v -7.7358 		-1.9068 		11.345
v -7.7933 		-1.8598 		11.3405
v -7.8445 		-1.806 		11.345
v -7.8878 		-1.7471 		11.3585
v -7.922 		-1.6848 		11.3806
v -7.946 		-1.6211 		11.4105
v -7.9591 		-1.5579 		11.4474
v -7.9609 		-1.497 		11.4901
v -7.9513 		-1.4404 		11.5374
v -7.9305 		-1.3898 		11.5878
v -7.8994 		-1.3466 		11.6397
v -7.8587 		-1.3123 		11.6917
v -7.8098 		-1.2878 		11.7421
v -7.7541 		-1.274 		11.7894
v -7.6932 		-1.2711 		11.8321
v -7.6292 		-1.2794 		11.869
v -7.5638 		-1.2985 		11.8989
v -7.4992 		-1.3279 		11.921
v -7.4371 		-1.3667 		11.9345
v -7.3797 		-1.4137 		11.939
v -7.3285 		-1.4674 		11.9345
v -7.2851 		-1.5264 		11.921
v -7.2509 		-1.5886 		11.8989
v -7.2269 		-1.6524 		11.869
v -7.2138 		-1.7156 		11.8321
v -7.2121 		-1.7765 		11.7894
v -7.2217 		-1.8331 		11.7421
v -7.2424 		-1.8837 		11.6917
v -7.291 		-1.9482 		11.5599
v -7.2495 		-1.9132 		11.6129
v -7.3408 		-1.9731 		11.5086
v -7.3977 		-1.9873 		11.4604
v -7.4597 		-1.9902 		11.4168
v -7.525 		-1.9817 		11.3792
v -7.5916 		-1.9622 		11.3487
v -7.6575 		-1.9323 		11.3262
v -7.7208 		-1.8927 		11.3124
v -7.7794 		-1.8448 		11.3078
v -7.8316 		-1.79 		11.3124
v -7.8758 		-1.7299 		11.3262
v -7.9106 		-1.6664 		11.3487
v -7.9351 		-1.6015 		11.3792
v -7.9485 		-1.537 		11.4168
v -7.9502 		-1.4749 		11.4604
v -7.9404 		-1.4172 		11.5086
v -7.9193 		-1.3656 		11.5599
v -7.8876 		-1.3216 		11.6129
v -7.8461 		-1.2866 		11.6659
v -7.7962 		-1.2616 		11.7173
v -7.7394 		-1.2475 		11.7655
v -7.6774 		-1.2446 		11.8091
v -7.6121 		-1.253 		11.8467
v -7.5454 		-1.2725 		11.8772
v -7.4795 		-1.3025 		11.8996
v -7.4163 		-1.3421 		11.9134
v -7.3577 		-1.39 		11.9181
v -7.3055 		-1.4448 		11.9134
v -7.2613 		-1.5049 		11.8996
v -7.2264 		-1.5683 		11.8772
v -7.2019 		-1.6333 		11.8467
v -7.1886 		-1.6978 		11.8091
v -7.1868 		-1.7598 		11.7655
v -7.1966 		-1.8176 		11.7173
v -7.2177 		-1.8692 		11.6659
v -7.2695 		-1.9324 		11.5321
v -7.2276 		-1.8969 		11.5857
v -7.32 		-1.9576 		11.4801
v -7.3775 		-1.9719 		11.4314
v -7.4402 		-1.9748 		11.3873
v -7.5063 		-1.9663 		11.3492
v -7.5737 		-1.9466 		11.3184
v -7.6404 		-1.9162 		11.2956
v -7.7043 		-1.8762 		11.2817
v -7.7636 		-1.8278 		11.277
v -7.8164 		-1.7723 		11.2817
v -7.8611 		-1.7116 		11.2956
v -7.8964 		-1.6474 		11.3184
v -7.9211 		-1.5816 		11.3492
v -7.9346 		-1.5164 		11.3873
v -7.9364 		-1.4536 		11.4314
v -7.9265 		-1.3952 		11.4801
v -7.9052 		-1.343 		11.5321
v -7.873 		-1.2985 		11.5857
v -7.8311 		-1.2631 		11.6393
v -7.7806 		-1.2379 		11.6913
v -7.7232 		-1.2236 		11.74
v -7.6604 		-1.2207 		11.7841
v -7.5944 		-1.2292 		11.8221
v -7.527 		-1.2489 		11.853
v -7.4603 		-1.2792 		11.8757
v -7.3963 		-1.3192 		11.8897
v -7.337 		-1.3677 		11.8943
v -7.2842 		-1.4231 		11.8897
v -7.2395 		-1.4839 		11.8757
v -7.2042 		-1.5481 		11.853
v -7.1795 		-1.6138 		11.8221
v -7.166 		-1.6791 		11.7841
v -7.1642 		-1.7418 		11.74
v -7.1741 		-1.8002 		11.6913
v -7.1954 		-1.8525 		11.6393
v -7.2501 		-1.9138 		11.5044
v -7.208 		-1.8783 		11.5582
v -7.3008 		-1.9392 		11.4523
v -7.3584 		-1.9535 		11.4033
v -7.4214 		-1.9565 		11.3591
v -7.4877 		-1.9479 		11.3209
v -7.5554 		-1.9281 		11.2899
v -7.6223 		-1.8977 		11.2671
v -7.6865 		-1.8575 		11.2531
v -7.7461 		-1.8089 		11.2484
v -7.7991 		-1.7532 		11.2531
v -7.8439 		-1.6922 		11.2671
v -7.8793 		-1.6277 		11.2899
v -7.9042 		-1.5618 		11.3209
v -7.9177 		-1.4963 		11.3591
v -7.9196 		-1.4333 		11.4033
v -7.9096 		-1.3747 		11.4523
v -7.8882 		-1.3222 		11.5044
v -7.8559 		-1.2776 		11.5582
v -7.8138 		-1.242 		11.612
v -7.7631 		-1.2167 		11.6642
v -7.7055 		-1.2024 		11.7132
v -7.6425 		-1.1994 		11.7574
v -7.5762 		-1.208 		11.7956
v -7.5085 		-1.2278 		11.8266
v -7.4416 		-1.2582 		11.8494
v -7.3774 		-1.2984 		11.8634
v -7.3178 		-1.347 		11.8681
v -7.2648 		-1.4027 		11.8634
v -7.22 		-1.4637 		11.8494
v -7.1846 		-1.5281 		11.8266
v -7.1597 		-1.5941 		11.7956
v -7.1462 		-1.6596 		11.7574
v -7.1443 		-1.7226 		11.7132
v -7.1543 		-1.7812 		11.6642
v -7.1757 		-1.8336 		11.612
v -7.5319 		-1.5779 		11.5582
# 650 vertices

g group_1_5122067

usemtl color_5122067
s 0

f 652 	651 	653
f 653 	651 	654
f 654 	651 	655
f 655 	651 	656
f 656 	651 	657
f 657 	651 	658
f 658 	651 	659
f 659 	651 	660
f 660 	651 	661
f 661 	651 	662
f 662 	651 	663
f 663 	651 	664
f 664 	651 	665
f 665 	651 	666
f 666 	651 	667
f 667 	651 	668
f 668 	651 	669
f 669 	651 	670
f 670 	651 	671
f 671 	651 	672
f 672 	651 	673
f 673 	651 	674
f 674 	651 	675
f 675 	651 	676
f 676 	651 	677
f 677 	651 	678
f 678 	651 	679
f 679 	651 	680
f 680 	651 	681
f 681 	651 	682
f 682 	651 	683
f 683 	651 	684
f 684 	651 	685
f 685 	651 	686
f 686 	651 	687
f 687 	651 	652
f 652 	653 	688
f 689 	652 	688
f 653 	654 	690
f 688 	653 	690
f 654 	655 	691
f 690 	654 	691
f 655 	656 	692
f 691 	655 	692
f 656 	657 	693
f 692 	656 	693
f 657 	658 	694
f 693 	657 	694
f 658 	659 	695
f 694 	658 	695
f 659 	660 	696
f 695 	659 	696
f 660 	661 	697
f 696 	660 	697
f 661 	662 	698
f 697 	661 	698
f 662 	663 	699
f 698 	662 	699
f 663 	664 	700
f 699 	663 	700
f 664 	665 	701
f 700 	664 	701
f 665 	666 	702
f 701 	665 	702
f 666 	667 	703
f 702 	666 	703
f 667 	668 	704
f 703 	667 	704
f 668 	669 	705
f 704 	668 	705
f 669 	670 	706
f 705 	669 	706
f 670 	671 	707
f 706 	670 	707
f 671 	672 	708
f 707 	671 	708
f 672 	673 	709
f 708 	672 	709
f 673 	674 	710
f 709 	673 	710
f 674 	675 	711
f 710 	674 	711
f 675 	676 	712
f 711 	675 	712
f 676 	677 	713
f 712 	676 	713
f 677 	678 	714
f 713 	677 	714
f 678 	679 	715
f 714 	678 	715
f 679 	680 	716
f 715 	679 	716
f 680 	681 	717
f 716 	680 	717
f 681 	682 	718
f 717 	681 	718
f 682 	683 	719
f 718 	682 	719
f 683 	684 	720
f 719 	683 	720
f 684 	685 	721
f 720 	684 	721
f 685 	686 	722
f 721 	685 	722
f 686 	687 	723
f 722 	686 	723
f 687 	652 	689
f 723 	687 	689
f 689 	688 	724
f 725 	689 	724
f 688 	690 	726
f 724 	688 	726
f 690 	691 	727
f 726 	690 	727
f 691 	692 	728
f 727 	691 	728
f 692 	693 	729
f 728 	692 	729
f 693 	694 	730
f 729 	693 	730
f 694 	695 	731
f 730 	694 	731
f 695 	696 	732
f 731 	695 	732
f 696 	697 	733
f 732 	696 	733
f 697 	698 	734
f 733 	697 	734
f 698 	699 	735
f 734 	698 	735
f 699 	700 	736
f 735 	699 	736
f 700 	701 	737
f 736 	700 	737
f 701 	702 	738
f 737 	701 	738
f 702 	703 	739
f 738 	702 	739
f 703 	704 	740
f 739 	703 	740
f 704 	705 	741
f 740 	704 	741
f 705 	706 	742
f 741 	705 	742
f 706 	707 	743
f 742 	706 	743
f 707 	708 	744
f 743 	707 	744
f 708 	709 	745
f 744 	708 	745
f 709 	710 	746
f 745 	709 	746
f 710 	711 	747
f 746 	710 	747
f 711 	712 	748
f 747 	711 	748
f 712 	713 	749
f 748 	712 	749
f 713 	714 	750
f 749 	713 	750
f 714 	715 	751
f 750 	714 	751
f 715 	716 	752
f 751 	715 	752
f 716 	717 	753
f 752 	716 	753
f 717 	718 	754
f 753 	717 	754
f 718 	719 	755
f 754 	718 	755
f 719 	720 	756
f 755 	719 	756
f 720 	721 	757
f 756 	720 	757
f 721 	722 	758
f 757 	721 	758
f 722 	723 	759
f 758 	722 	759
f 723 	689 	725
f 759 	723 	725
f 725 	724 	760
f 761 	725 	760
f 724 	726 	762
f 760 	724 	762
f 726 	727 	763
f 762 	726 	763
f 727 	728 	764
f 763 	727 	764
f 728 	729 	765
f 764 	728 	765
f 729 	730 	766
f 765 	729 	766
f 730 	731 	767
f 766 	730 	767
f 731 	732 	768
f 767 	731 	768
f 732 	733 	769
f 768 	732 	769
f 733 	734 	770
f 769 	733 	770
f 734 	735 	771
f 770 	734 	771
f 735 	736 	772
f 771 	735 	772
f 736 	737 	773
f 772 	736 	773
f 737 	738 	774
f 773 	737 	774
f 738 	739 	775
f 774 	738 	775
f 739 	740 	776
f 775 	739 	776
f 740 	741 	777
f 776 	740 	777
f 741 	742 	778
f 777 	741 	778
f 742 	743 	779
f 778 	742 	779
f 743 	744 	780
f 779 	743 	780
f 744 	745 	781
f 780 	744 	781
f 745 	746 	782
f 781 	745 	782
f 746 	747 	783
f 782 	746 	783
f 747 	748 	784
f 783 	747 	784
f 748 	749 	785
f 784 	748 	785
f 749 	750 	786
f 785 	749 	786
f 750 	751 	787
f 786 	750 	787
f 751 	752 	788
f 787 	751 	788
f 752 	753 	789
f 788 	752 	789
f 753 	754 	790
f 789 	753 	790
f 754 	755 	791
f 790 	754 	791
f 755 	756 	792
f 791 	755 	792
f 756 	757 	793
f 792 	756 	793
f 757 	758 	794
f 793 	757 	794
f 758 	759 	795
f 794 	758 	795
f 759 	725 	761
f 795 	759 	761
f 761 	760 	796
f 797 	761 	796
f 760 	762 	798
f 796 	760 	798
f 762 	763 	799
f 798 	762 	799
f 763 	764 	800
f 799 	763 	800
f 764 	765 	801
f 800 	764 	801
f 765 	766 	802
f 801 	765 	802
f 766 	767 	803
f 802 	766 	803
f 767 	768 	804
f 803 	767 	804
f 768 	769 	805
f 804 	768 	805
f 769 	770 	806
f 805 	769 	806
f 770 	771 	807
f 806 	770 	807
f 771 	772 	808
f 807 	771 	808
f 772 	773 	809
f 808 	772 	809
f 773 	774 	810
f 809 	773 	810
f 774 	775 	811
f 810 	774 	811
f 775 	776 	812
f 811 	775 	812
f 776 	777 	813
f 812 	776 	813
f 777 	778 	814
f 813 	777 	814
f 778 	779 	815
f 814 	778 	815
f 779 	780 	816
f 815 	779 	816
f 780 	781 	817
f 816 	780 	817
f 781 	782 	818
f 817 	781 	818
f 782 	783 	819
f 818 	782 	819
f 783 	784 	820
f 819 	783 	820
f 784 	785 	821
f 820 	784 	821
f 785 	786 	822
f 821 	785 	822
f 786 	787 	823
f 822 	786 	823
f 787 	788 	824
f 823 	787 	824
f 788 	789 	825
f 824 	788 	825
f 789 	790 	826
f 825 	789 	826
f 790 	791 	827
f 826 	790 	827
f 791 	792 	828
f 827 	791 	828
f 792 	793 	829
f 828 	792 	829
f 793 	794 	830
f 829 	793 	830
f 794 	795 	831
f 830 	794 	831
f 795 	761 	797
f 831 	795 	797
f 797 	796 	832
f 833 	797 	832
f 796 	798 	834
f 832 	796 	834
f 798 	799 	835
f 834 	798 	835
f 799 	800 	836
f 835 	799 	836
f 800 	801 	837
f 836 	800 	837
f 801 	802 	838
f 837 	801 	838
f 802 	803 	839
f 838 	802 	839
f 803 	804 	840
f 839 	803 	840
f 804 	805 	841
f 840 	804 	841
f 805 	806 	842
f 841 	805 	842
f 806 	807 	843
f 842 	806 	843
f 807 	808 	844
f 843 	807 	844
f 808 	809 	845
f 844 	808 	845
f 809 	810 	846
f 845 	809 	846
f 810 	811 	847
f 846 	810 	847
f 811 	812 	848
f 847 	811 	848
f 812 	813 	849
f 848 	812 	849
f 813 	814 	850
f 849 	813 	850
f 814 	815 	851
f 850 	814 	851
f 815 	816 	852
f 851 	815 	852
f 816 	817 	853
f 852 	816 	853
f 817 	818 	854
f 853 	817 	854
f 818 	819 	855
f 854 	818 	855
f 819 	820 	856
f 855 	819 	856
f 820 	821 	857
f 856 	820 	857
f 821 	822 	858
f 857 	821 	858
f 822 	823 	859
f 858 	822 	859
f 823 	824 	860
f 859 	823 	860
f 824 	825 	861
f 860 	824 	861
f 825 	826 	862
f 861 	825 	862
f 826 	827 	863
f 862 	826 	863
f 827 	828 	864
f 863 	827 	864
f 828 	829 	865
f 864 	828 	865
f 829 	830 	866
f 865 	829 	866
f 830 	831 	867
f 866 	830 	867
f 831 	797 	833
f 867 	831 	833
f 833 	832 	868
f 869 	833 	868
f 832 	834 	870
f 868 	832 	870
f 834 	835 	871
f 870 	834 	871
f 835 	836 	872
f 871 	835 	872
f 836 	837 	873
f 872 	836 	873
f 837 	838 	874
f 873 	837 	874
f 838 	839 	875
f 874 	838 	875
f 839 	840 	876
f 875 	839 	876
f 840 	841 	877
f 876 	840 	877
f 841 	842 	878
f 877 	841 	878
f 842 	843 	879
f 878 	842 	879
f 843 	844 	880
f 879 	843 	880
f 844 	845 	881
f 880 	844 	881
f 845 	846 	882
f 881 	845 	882
f 846 	847 	883
f 882 	846 	883
f 847 	848 	884
f 883 	847 	884
f 848 	849 	885
f 884 	848 	885
f 849 	850 	886
f 885 	849 	886
f 850 	851 	887
f 886 	850 	887
f 851 	852 	888
f 887 	851 	888
f 852 	853 	889
f 888 	852 	889
f 853 	854 	890
f 889 	853 	890
f 854 	855 	891
f 890 	854 	891
f 855 	856 	892
f 891 	855 	892
f 856 	857 	893
f 892 	856 	893
f 857 	858 	894
f 893 	857 	894
f 858 	859 	895
f 894 	858 	895
f 859 	860 	896
f 895 	859 	896
f 860 	861 	897
f 896 	860 	897
f 861 	862 	898
f 897 	861 	898
f 862 	863 	899
f 898 	862 	899
f 863 	864 	900
f 899 	863 	900
f 864 	865 	901
f 900 	864 	901
f 865 	866 	902
f 901 	865 	902
f 866 	867 	903
f 902 	866 	903
f 867 	833 	869
f 903 	867 	869
f 869 	868 	904
f 905 	869 	904
f 868 	870 	906
f 904 	868 	906
f 870 	871 	907
f 906 	870 	907
f 871 	872 	908
f 907 	871 	908
f 872 	873 	909
f 908 	872 	909
f 873 	874 	910
f 909 	873 	910
f 874 	875 	911
f 910 	874 	911
f 875 	876 	912
f 911 	875 	912
f 876 	877 	913
f 912 	876 	913
f 877 	878 	914
f 913 	877 	914
f 878 	879 	915
f 914 	878 	915
f 879 	880 	916
f 915 	879 	916
f 880 	881 	917
f 916 	880 	917
f 881 	882 	918
f 917 	881 	918
f 882 	883 	919
f 918 	882 	919
f 883 	884 	920
f 919 	883 	920
f 884 	885 	921
f 920 	884 	921
f 885 	886 	922
f 921 	885 	922
f 886 	887 	923
f 922 	886 	923
f 887 	888 	924
f 923 	887 	924
f 888 	889 	925
f 924 	888 	925
f 889 	890 	926
f 925 	889 	926
f 890 	891 	927
f 926 	890 	927
f 891 	892 	928
f 927 	891 	928
f 892 	893 	929
f 928 	892 	929
f 893 	894 	930
f 929 	893 	930
f 894 	895 	931
f 930 	894 	931
f 895 	896 	932
f 931 	895 	932
f 896 	897 	933
f 932 	896 	933
f 897 	898 	934
f 933 	897 	934
f 898 	899 	935
f 934 	898 	935
f 899 	900 	936
f 935 	899 	936
f 900 	901 	937
f 936 	900 	937
f 901 	902 	938
f 937 	901 	938
f 902 	903 	939
f 938 	902 	939
f 903 	869 	905
f 939 	903 	905
f 905 	904 	940
f 941 	905 	940
f 904 	906 	942
f 940 	904 	942
f 906 	907 	943
f 942 	906 	943
f 907 	908 	944
f 943 	907 	944
f 908 	909 	945
f 944 	908 	945
f 909 	910 	946
f 945 	909 	946
f 910 	911 	947
f 946 	910 	947
f 911 	912 	948
f 947 	911 	948
f 912 	913 	949
f 948 	912 	949
f 913 	914 	950
f 949 	913 	950
f 914 	915 	951
f 950 	914 	951
f 915 	916 	952
f 951 	915 	952
f 916 	917 	953
f 952 	916 	953
f 917 	918 	954
f 953 	917 	954
f 918 	919 	955
f 954 	918 	955
f 919 	920 	956
f 955 	919 	956
f 920 	921 	957
f 956 	920 	957
f 921 	922 	958
f 957 	921 	958
f 922 	923 	959
f 958 	922 	959
f 923 	924 	960
f 959 	923 	960
f 924 	925 	961
f 960 	924 	961
f 925 	926 	962
f 961 	925 	962
f 926 	927 	963
f 962 	926 	963
f 927 	928 	964
f 963 	927 	964
f 928 	929 	965
f 964 	928 	965
f 929 	930 	966
f 965 	929 	966
f 930 	931 	967
f 966 	930 	967
f 931 	932 	968
f 967 	931 	968
f 932 	933 	969
f 968 	932 	969
f 933 	934 	970
f 969 	933 	970
f 934 	935 	971
f 970 	934 	971
f 935 	936 	972
f 971 	935 	972
f 936 	937 	973
f 972 	936 	973
f 937 	938 	974
f 973 	937 	974
f 938 	939 	975
f 974 	938 	975
f 939 	905 	941
f 975 	939 	941
f 941 	940 	976
f 977 	941 	976
f 940 	942 	978
f 976 	940 	978
f 942 	943 	979
f 978 	942 	979
f 943 	944 	980
f 979 	943 	980
f 944 	945 	981
f 980 	944 	981
f 945 	946 	982
f 981 	945 	982
f 946 	947 	983
f 982 	946 	983
f 947 	948 	984
f 983 	947 	984
f 948 	949 	985
f 984 	948 	985
f 949 	950 	986
f 985 	949 	986
f 950 	951 	987
f 986 	950 	987
f 951 	952 	988
f 987 	951 	988
f 952 	953 	989
f 988 	952 	989
f 953 	954 	990
f 989 	953 	990
f 954 	955 	991
f 990 	954 	991
f 955 	956 	992
f 991 	955 	992
f 956 	957 	993
f 992 	956 	993
f 957 	958 	994
f 993 	957 	994
f 958 	959 	995
f 994 	958 	995
f 959 	960 	996
f 995 	959 	996
f 960 	961 	997
f 996 	960 	997
f 961 	962 	998
f 997 	961 	998
f 962 	963 	999
f 998 	962 	999
f 963 	964 	1000
f 999 	963 	1000
f 964 	965 	1001
f 1000 	964 	1001
f 965 	966 	1002
f 1001 	965 	1002
f 966 	967 	1003
f 1002 	966 	1003
f 967 	968 	1004
f 1003 	967 	1004
f 968 	969 	1005
f 1004 	968 	1005
f 969 	970 	1006
f 1005 	969 	1006
f 970 	971 	1007
f 1006 	970 	1007
f 971 	972 	1008
f 1007 	971 	1008
f 972 	973 	1009
f 1008 	972 	1009
f 973 	974 	1010
f 1009 	973 	1010
f 974 	975 	1011
f 1010 	974 	1011
f 975 	941 	977
f 1011 	975 	977
f 977 	976 	1012
f 1013 	977 	1012
f 976 	978 	1014
f 1012 	976 	1014
f 978 	979 	1015
f 1014 	978 	1015
f 979 	980 	1016
f 1015 	979 	1016
f 980 	981 	1017
f 1016 	980 	1017
f 981 	982 	1018
f 1017 	981 	1018
f 982 	983 	1019
f 1018 	982 	1019
f 983 	984 	1020
f 1019 	983 	1020
f 984 	985 	1021
f 1020 	984 	1021
f 985 	986 	1022
f 1021 	985 	1022
f 986 	987 	1023
f 1022 	986 	1023
f 987 	988 	1024
f 1023 	987 	1024
f 988 	989 	1025
f 1024 	988 	1025
f 989 	990 	1026
f 1025 	989 	1026
f 990 	991 	1027
f 1026 	990 	1027
f 991 	992 	1028
f 1027 	991 	1028
f 992 	993 	1029
f 1028 	992 	1029
f 993 	994 	1030
f 1029 	993 	1030
f 994 	995 	1031
f 1030 	994 	1031
f 995 	996 	1032
f 1031 	995 	1032
f 996 	997 	1033
f 1032 	996 	1033
f 997 	998 	1034
f 1033 	997 	1034
f 998 	999 	1035
f 1034 	998 	1035
f 999 	1000 	1036
f 1035 	999 	1036
f 1000 	1001 	1037
f 1036 	1000 	1037
f 1001 	1002 	1038
f 1037 	1001 	1038
f 1002 	1003 	1039
f 1038 	1002 	1039
f 1003 	1004 	1040
f 1039 	1003 	1040
f 1004 	1005 	1041
f 1040 	1004 	1041
f 1005 	1006 	1042
f 1041 	1005 	1042
f 1006 	1007 	1043
f 1042 	1006 	1043
f 1007 	1008 	1044
f 1043 	1007 	1044
f 1008 	1009 	1045
f 1044 	1008 	1045
f 1009 	1010 	1046
f 1045 	1009 	1046
f 1010 	1011 	1047
f 1046 	1010 	1047
f 1011 	977 	1013
f 1047 	1011 	1013
f 1013 	1012 	1048
f 1049 	1013 	1048
f 1012 	1014 	1050
f 1048 	1012 	1050
f 1014 	1015 	1051
f 1050 	1014 	1051
f 1015 	1016 	1052
f 1051 	1015 	1052
f 1016 	1017 	1053
f 1052 	1016 	1053
f 1017 	1018 	1054
f 1053 	1017 	1054
f 1018 	1019 	1055
f 1054 	1018 	1055
f 1019 	1020 	1056
f 1055 	1019 	1056
f 1020 	1021 	1057
f 1056 	1020 	1057
f 1021 	1022 	1058
f 1057 	1021 	1058
f 1022 	1023 	1059
f 1058 	1022 	1059
f 1023 	1024 	1060
f 1059 	1023 	1060
f 1024 	1025 	1061
f 1060 	1024 	1061
f 1025 	1026 	1062
f 1061 	1025 	1062
f 1026 	1027 	1063
f 1062 	1026 	1063
f 1027 	1028 	1064
f 1063 	1027 	1064
f 1028 	1029 	1065
f 1064 	1028 	1065
f 1029 	1030 	1066
f 1065 	1029 	1066
f 1030 	1031 	1067
f 1066 	1030 	1067
f 1031 	1032 	1068
f 1067 	1031 	1068
f 1032 	1033 	1069
f 1068 	1032 	1069
f 1033 	1034 	1070
f 1069 	1033 	1070
f 1034 	1035 	1071
f 1070 	1034 	1071
f 1035 	1036 	1072
f 1071 	1035 	1072
f 1036 	1037 	1073
f 1072 	1036 	1073
f 1037 	1038 	1074
f 1073 	1037 	1074
f 1038 	1039 	1075
f 1074 	1038 	1075
f 1039 	1040 	1076
f 1075 	1039 	1076
f 1040 	1041 	1077
f 1076 	1040 	1077
f 1041 	1042 	1078
f 1077 	1041 	1078
f 1042 	1043 	1079
f 1078 	1042 	1079
f 1043 	1044 	1080
f 1079 	1043 	1080
f 1044 	1045 	1081
f 1080 	1044 	1081
f 1045 	1046 	1082
f 1081 	1045 	1082
f 1046 	1047 	1083
f 1082 	1046 	1083
f 1047 	1013 	1049
f 1083 	1047 	1049
f 1049 	1048 	1084
f 1085 	1049 	1084
f 1048 	1050 	1086
f 1084 	1048 	1086
f 1050 	1051 	1087
f 1086 	1050 	1087
f 1051 	1052 	1088
f 1087 	1051 	1088
f 1052 	1053 	1089
f 1088 	1052 	1089
f 1053 	1054 	1090
f 1089 	1053 	1090
f 1054 	1055 	1091
f 1090 	1054 	1091
f 1055 	1056 	1092
f 1091 	1055 	1092
f 1056 	1057 	1093
f 1092 	1056 	1093
f 1057 	1058 	1094
f 1093 	1057 	1094
f 1058 	1059 	1095
f 1094 	1058 	1095
f 1059 	1060 	1096
f 1095 	1059 	1096
f 1060 	1061 	1097
f 1096 	1060 	1097
f 1061 	1062 	1098
f 1097 	1061 	1098
f 1062 	1063 	1099
f 1098 	1062 	1099
f 1063 	1064 	1100
f 1099 	1063 	1100
f 1064 	1065 	1101
f 1100 	1064 	1101
f 1065 	1066 	1102
f 1101 	1065 	1102
f 1066 	1067 	1103
f 1102 	1066 	1103
f 1067 	1068 	1104
f 1103 	1067 	1104
f 1068 	1069 	1105
f 1104 	1068 	1105
f 1069 	1070 	1106
f 1105 	1069 	1106
f 1070 	1071 	1107
f 1106 	1070 	1107
f 1071 	1072 	1108
f 1107 	1071 	1108
f 1072 	1073 	1109
f 1108 	1072 	1109
f 1073 	1074 	1110
f 1109 	1073 	1110
f 1074 	1075 	1111
f 1110 	1074 	1111
f 1075 	1076 	1112
f 1111 	1075 	1112
f 1076 	1077 	1113
f 1112 	1076 	1113
f 1077 	1078 	1114
f 1113 	1077 	1114
f 1078 	1079 	1115
f 1114 	1078 	1115
f 1079 	1080 	1116
f 1115 	1079 	1116
f 1080 	1081 	1117
f 1116 	1080 	1117
f 1081 	1082 	1118
f 1117 	1081 	1118
f 1082 	1083 	1119
f 1118 	1082 	1119
f 1083 	1049 	1085
f 1119 	1083 	1085
f 1085 	1084 	1120
f 1121 	1085 	1120
f 1084 	1086 	1122
f 1120 	1084 	1122
f 1086 	1087 	1123
f 1122 	1086 	1123
f 1087 	1088 	1124
f 1123 	1087 	1124
f 1088 	1089 	1125
f 1124 	1088 	1125
f 1089 	1090 	1126
f 1125 	1089 	1126
f 1090 	1091 	1127
f 1126 	1090 	1127
f 1091 	1092 	1128
f 1127 	1091 	1128
f 1092 	1093 	1129
f 1128 	1092 	1129
f 1093 	1094 	1130
f 1129 	1093 	1130
f 1094 	1095 	1131
f 1130 	1094 	1131
f 1095 	1096 	1132
f 1131 	1095 	1132
f 1096 	1097 	1133
f 1132 	1096 	1133
f 1097 	1098 	1134
f 1133 	1097 	1134
f 1098 	1099 	1135
f 1134 	1098 	1135
f 1099 	1100 	1136
f 1135 	1099 	1136
f 1100 	1101 	1137
f 1136 	1100 	1137
f 1101 	1102 	1138
f 1137 	1101 	1138
f 1102 	1103 	1139
f 1138 	1102 	1139
f 1103 	1104 	1140
f 1139 	1103 	1140
f 1104 	1105 	1141
f 1140 	1104 	1141
f 1105 	1106 	1142
f 1141 	1105 	1142
f 1106 	1107 	1143
f 1142 	1106 	1143
f 1107 	1108 	1144
f 1143 	1107 	1144
f 1108 	1109 	1145
f 1144 	1108 	1145
f 1109 	1110 	1146
f 1145 	1109 	1146
f 1110 	1111 	1147
f 1146 	1110 	1147
f 1111 	1112 	1148
f 1147 	1111 	1148
f 1112 	1113 	1149
f 1148 	1112 	1149
f 1113 	1114 	1150
f 1149 	1113 	1150
f 1114 	1115 	1151
f 1150 	1114 	1151
f 1115 	1116 	1152
f 1151 	1115 	1152
f 1116 	1117 	1153
f 1152 	1116 	1153
f 1117 	1118 	1154
f 1153 	1117 	1154
f 1118 	1119 	1155
f 1154 	1118 	1155
f 1119 	1085 	1121
f 1155 	1119 	1121
f 1121 	1120 	1156
f 1157 	1121 	1156
f 1120 	1122 	1158
f 1156 	1120 	1158
f 1122 	1123 	1159
f 1158 	1122 	1159
f 1123 	1124 	1160
f 1159 	1123 	1160
f 1124 	1125 	1161
f 1160 	1124 	1161
f 1125 	1126 	1162
f 1161 	1125 	1162
f 1126 	1127 	1163
f 1162 	1126 	1163
f 1127 	1128 	1164
f 1163 	1127 	1164
f 1128 	1129 	1165
f 1164 	1128 	1165
f 1129 	1130 	1166
f 1165 	1129 	1166
f 1130 	1131 	1167
f 1166 	1130 	1167
f 1131 	1132 	1168
f 1167 	1131 	1168
f 1132 	1133 	1169
f 1168 	1132 	1169
f 1133 	1134 	1170
f 1169 	1133 	1170
f 1134 	1135 	1171
f 1170 	1134 	1171
f 1135 	1136 	1172
f 1171 	1135 	1172
f 1136 	1137 	1173
f 1172 	1136 	1173
f 1137 	1138 	1174
f 1173 	1137 	1174
f 1138 	1139 	1175
f 1174 	1138 	1175
f 1139 	1140 	1176
f 1175 	1139 	1176
f 1140 	1141 	1177
f 1176 	1140 	1177
f 1141 	1142 	1178
f 1177 	1141 	1178
f 1142 	1143 	1179
f 1178 	1142 	1179
f 1143 	1144 	1180
f 1179 	1143 	1180
f 1144 	1145 	1181
f 1180 	1144 	1181
f 1145 	1146 	1182
f 1181 	1145 	1182
f 1146 	1147 	1183
f 1182 	1146 	1183
f 1147 	1148 	1184
f 1183 	1147 	1184
f 1148 	1149 	1185
f 1184 	1148 	1185
f 1149 	1150 	1186
f 1185 	1149 	1186
f 1150 	1151 	1187
f 1186 	1150 	1187
f 1151 	1152 	1188
f 1187 	1151 	1188
f 1152 	1153 	1189
f 1188 	1152 	1189
f 1153 	1154 	1190
f 1189 	1153 	1190
f 1154 	1155 	1191
f 1190 	1154 	1191
f 1155 	1121 	1157
f 1191 	1155 	1157
f 1157 	1156 	1192
f 1193 	1157 	1192
f 1156 	1158 	1194
f 1192 	1156 	1194
f 1158 	1159 	1195
f 1194 	1158 	1195
f 1159 	1160 	1196
f 1195 	1159 	1196
f 1160 	1161 	1197
f 1196 	1160 	1197
f 1161 	1162 	1198
f 1197 	1161 	1198
f 1162 	1163 	1199
f 1198 	1162 	1199
f 1163 	1164 	1200
f 1199 	1163 	1200
f 1164 	1165 	1201
f 1200 	1164 	1201
f 1165 	1166 	1202
f 1201 	1165 	1202
f 1166 	1167 	1203
f 1202 	1166 	1203
f 1167 	1168 	1204
f 1203 	1167 	1204
f 1168 	1169 	1205
f 1204 	1168 	1205
f 1169 	1170 	1206
f 1205 	1169 	1206
f 1170 	1171 	1207
f 1206 	1170 	1207
f 1171 	1172 	1208
f 1207 	1171 	1208
f 1172 	1173 	1209
f 1208 	1172 	1209
f 1173 	1174 	1210
f 1209 	1173 	1210
f 1174 	1175 	1211
f 1210 	1174 	1211
f 1175 	1176 	1212
f 1211 	1175 	1212
f 1176 	1177 	1213
f 1212 	1176 	1213
f 1177 	1178 	1214
f 1213 	1177 	1214
f 1178 	1179 	1215
f 1214 	1178 	1215
f 1179 	1180 	1216
f 1215 	1179 	1216
f 1180 	1181 	1217
f 1216 	1180 	1217
f 1181 	1182 	1218
f 1217 	1181 	1218
f 1182 	1183 	1219
f 1218 	1182 	1219
f 1183 	1184 	1220
f 1219 	1183 	1220
f 1184 	1185 	1221
f 1220 	1184 	1221
f 1185 	1186 	1222
f 1221 	1185 	1222
f 1186 	1187 	1223
f 1222 	1186 	1223
f 1187 	1188 	1224
f 1223 	1187 	1224
f 1188 	1189 	1225
f 1224 	1188 	1225
f 1189 	1190 	1226
f 1225 	1189 	1226
f 1190 	1191 	1227
f 1226 	1190 	1227
f 1191 	1157 	1193
f 1227 	1191 	1193
f 1193 	1192 	1228
f 1229 	1193 	1228
f 1192 	1194 	1230
f 1228 	1192 	1230
f 1194 	1195 	1231
f 1230 	1194 	1231
f 1195 	1196 	1232
f 1231 	1195 	1232
f 1196 	1197 	1233
f 1232 	1196 	1233
f 1197 	1198 	1234
f 1233 	1197 	1234
f 1198 	1199 	1235
f 1234 	1198 	1235
f 1199 	1200 	1236
f 1235 	1199 	1236
f 1200 	1201 	1237
f 1236 	1200 	1237
f 1201 	1202 	1238
f 1237 	1201 	1238
f 1202 	1203 	1239
f 1238 	1202 	1239
f 1203 	1204 	1240
f 1239 	1203 	1240
f 1204 	1205 	1241
f 1240 	1204 	1241
f 1205 	1206 	1242
f 1241 	1205 	1242
f 1206 	1207 	1243
f 1242 	1206 	1243
f 1207 	1208 	1244
f 1243 	1207 	1244
f 1208 	1209 	1245
f 1244 	1208 	1245
f 1209 	1210 	1246
f 1245 	1209 	1246
f 1210 	1211 	1247
f 1246 	1210 	1247
f 1211 	1212 	1248
f 1247 	1211 	1248
f 1212 	1213 	1249
f 1248 	1212 	1249
f 1213 	1214 	1250
f 1249 	1213 	1250
f 1214 	1215 	1251
f 1250 	1214 	1251
f 1215 	1216 	1252
f 1251 	1215 	1252
f 1216 	1217 	1253
f 1252 	1216 	1253
f 1217 	1218 	1254
f 1253 	1217 	1254
f 1218 	1219 	1255
f 1254 	1218 	1255
f 1219 	1220 	1256
f 1255 	1219 	1256
f 1220 	1221 	1257
f 1256 	1220 	1257
f 1221 	1222 	1258
f 1257 	1221 	1258
f 1222 	1223 	1259
f 1258 	1222 	1259
f 1223 	1224 	1260
f 1259 	1223 	1260
f 1224 	1225 	1261
f 1260 	1224 	1261
f 1225 	1226 	1262
f 1261 	1225 	1262
f 1226 	1227 	1263
f 1262 	1226 	1263
f 1227 	1193 	1229
f 1263 	1227 	1229
f 1229 	1228 	1264
f 1265 	1229 	1264
f 1228 	1230 	1266
f 1264 	1228 	1266
f 1230 	1231 	1267
f 1266 	1230 	1267
f 1231 	1232 	1268
f 1267 	1231 	1268
f 1232 	1233 	1269
f 1268 	1232 	1269
f 1233 	1234 	1270
f 1269 	1233 	1270
f 1234 	1235 	1271
f 1270 	1234 	1271
f 1235 	1236 	1272
f 1271 	1235 	1272
f 1236 	1237 	1273
f 1272 	1236 	1273
f 1237 	1238 	1274
f 1273 	1237 	1274
f 1238 	1239 	1275
f 1274 	1238 	1275
f 1239 	1240 	1276
f 1275 	1239 	1276
f 1240 	1241 	1277
f 1276 	1240 	1277
f 1241 	1242 	1278
f 1277 	1241 	1278
f 1242 	1243 	1279
f 1278 	1242 	1279
f 1243 	1244 	1280
f 1279 	1243 	1280
f 1244 	1245 	1281
f 1280 	1244 	1281
f 1245 	1246 	1282
f 1281 	1245 	1282
f 1246 	1247 	1283
f 1282 	1246 	1283
f 1247 	1248 	1284
f 1283 	1247 	1284
f 1248 	1249 	1285
f 1284 	1248 	1285
f 1249 	1250 	1286
f 1285 	1249 	1286
f 1250 	1251 	1287
f 1286 	1250 	1287
f 1251 	1252 	1288
f 1287 	1251 	1288
f 1252 	1253 	1289
f 1288 	1252 	1289
f 1253 	1254 	1290
f 1289 	1253 	1290
f 1254 	1255 	1291
f 1290 	1254 	1291
f 1255 	1256 	1292
f 1291 	1255 	1292
f 1256 	1257 	1293
f 1292 	1256 	1293
f 1257 	1258 	1294
f 1293 	1257 	1294
f 1258 	1259 	1295
f 1294 	1258 	1295
f 1259 	1260 	1296
f 1295 	1259 	1296
f 1260 	1261 	1297
f 1296 	1260 	1297
f 1261 	1262 	1298
f 1297 	1261 	1298
f 1262 	1263 	1299
f 1298 	1262 	1299
f 1263 	1229 	1265
f 1299 	1263 	1265
f 1265 	1264 	1300
f 1264 	1266 	1300
f 1266 	1267 	1300
f 1267 	1268 	1300
f 1268 	1269 	1300
f 1269 	1270 	1300
f 1270 	1271 	1300
f 1271 	1272 	1300
f 1272 	1273 	1300
f 1273 	1274 	1300
f 1274 	1275 	1300
f 1275 	1276 	1300
f 1276 	1277 	1300
f 1277 	1278 	1300
f 1278 	1279 	1300
f 1279 	1280 	1300
f 1280 	1281 	1300
f 1281 	1282 	1300
f 1282 	1283 	1300
f 1283 	1284 	1300
f 1284 	1285 	1300
f 1285 	1286 	1300
f 1286 	1287 	1300
f 1287 	1288 	1300
f 1288 	1289 	1300
f 1289 	1290 	1300
f 1290 	1291 	1300
f 1291 	1292 	1300
f 1292 	1293 	1300
f 1293 	1294 	1300
f 1294 	1295 	1300
f 1295 	1296 	1300
f 1296 	1297 	1300
f 1297 	1298 	1300
f 1298 	1299 	1300
f 1299 	1265 	1300
# 1296 faces

 #end of obj_1

o obj_2
v 3.8928 		4.6945 		11.8372
v 3.9223 		4.6743 		11.8515
v 3.9178 		4.6721 		11.856
v 3.9126 		4.6704 		11.8598
v 3.9067 		4.6695 		11.863
v 3.9005 		4.6693 		11.8653
v 3.8939 		4.6698 		11.8668
v 3.8873 		4.671 		11.8673
v 3.8809 		4.6729 		11.8669
v 3.8749 		4.6754 		11.8655
v 3.8693 		4.6785 		11.8633
v 3.8645 		4.682 		11.8602
v 3.8605 		4.6858 		11.8564
v 3.8575 		4.6899 		11.852
v 3.8555 		4.6941 		11.8471
v 3.8547 		4.6982 		11.8419
v 3.855 		4.7022 		11.8365
v 3.8565 		4.7059 		11.8311
v 3.859 		4.7093 		11.8259
v 3.8626 		4.7121 		11.821
v 3.867 		4.7144 		11.8165
v 3.8723 		4.716 		11.8126
v 3.8781 		4.7169 		11.8095
v 3.8844 		4.7172 		11.8072
v 3.891 		4.7166 		11.8057
v 3.8975 		4.7154 		11.8052
v 3.904 		4.7135 		11.8056
v 3.91 		4.711 		11.807
v 3.9156 		4.7079 		11.8092
v 3.9204 		4.7044 		11.8123
v 3.9244 		4.7006 		11.8161
v 3.9274 		4.6965 		11.8205
v 3.9294 		4.6924 		11.8253
v 3.9302 		4.6882 		11.8306
v 3.9299 		4.6842 		11.8359
v 3.9284 		4.6805 		11.8413
v 3.9259 		4.6772 		11.8466
v 3.9421 		4.6471 		11.8726
v 3.951 		4.6516 		11.8637
v 3.9316 		4.6439 		11.8803
v 3.92 		4.642 		11.8865
v 3.9074 		4.6416 		11.8912
v 3.8944 		4.6426 		11.8941
v 3.8813 		4.6451 		11.8951
v 3.8685 		4.6488 		11.8943
v 3.8564 		4.6539 		11.8916
v 3.8454 		4.6599 		11.8871
v 3.8358 		4.6669 		11.881
v 3.8278 		4.6746 		11.8735
v 3.8218 		4.6827 		11.8647
v 3.8179 		4.691 		11.855
v 3.8163 		4.6993 		11.8446
v 3.8169 		4.7072 		11.8338
v 3.8198 		4.7146 		11.8231
v 3.8249 		4.7213 		11.8126
v 3.832 		4.7269 		11.8028
v 3.8409 		4.7315 		11.7939
v 3.8513 		4.7347 		11.7862
v 3.863 		4.7366 		11.78
v 3.8755 		4.737 		11.7753
v 3.8885 		4.736 		11.7724
v 3.9016 		4.7335 		11.7714
v 3.9144 		4.7297 		11.7722
v 3.9265 		4.7247 		11.7749
v 3.9376 		4.7186 		11.7794
v 3.9472 		4.7116 		11.7855
v 3.9551 		4.704 		11.7931
v 3.9611 		4.6959 		11.8018
v 3.965 		4.6876 		11.8116
v 3.9667 		4.6793 		11.822
v 3.9661 		4.6713 		11.8327
v 3.9632 		4.6639 		11.8434
v 3.9581 		4.6573 		11.8539
v 3.9653 		4.6199 		11.8869
v 3.9786 		4.6266 		11.8737
v 3.9497 		4.6151 		11.8984
v 3.9323 		4.6123 		11.9077
v 3.9137 		4.6117 		11.9147
v 3.8943 		4.6132 		11.919
v 3.8747 		4.6168 		11.9205
v 3.8557 		4.6225 		11.9193
v 3.8376 		4.63 		11.9153
v 3.8212 		4.639 		11.9086
v 3.8068 		4.6494 		11.8995
v 3.795 		4.6609 		11.8882
v 3.786 		4.6729 		11.8752
v 3.7802 		4.6853 		11.8607
v 3.7778 		4.6976 		11.8452
v 3.7787 		4.7095 		11.8292
v 3.783 		4.7205 		11.8132
v 3.7906 		4.7304 		11.7976
v 3.8012 		4.7389 		11.783
v 3.8144 		4.7456 		11.7697
v 3.83 		4.7504 		11.7583
v 3.8474 		4.7532 		11.7489
v 3.8661 		4.7538 		11.742
v 3.8855 		4.7523 		11.7377
v 3.905 		4.7487 		11.7361
v 3.9241 		4.743 		11.7374
v 3.9421 		4.7356 		11.7414
v 3.9586 		4.7265 		11.7481
v 3.9729 		4.7161 		11.7572
v 3.9848 		4.7046 		11.7684
v 3.9937 		4.6926 		11.7815
v 3.9995 		4.6802 		11.796
v 4.002 		4.6679 		11.8115
v 4.001 		4.656 		11.8275
v 3.9967 		4.645 		11.8435
v 3.9892 		4.6351 		11.8591
v 3.9873 		4.5906 		11.8989
v 4.0049 		4.5995 		11.8814
v 3.9667 		4.5842 		11.9141
v 3.9438 		4.5806 		11.9264
v 3.9191 		4.5797 		11.9356
v 3.8934 		4.5818 		11.9412
v 3.8676 		4.5866 		11.9433
v 3.8424 		4.594 		11.9416
v 3.8186 		4.6039 		11.9363
v 3.7969 		4.6159 		11.9275
v 3.7779 		4.6297 		11.9155
v 3.7622 		4.6447 		11.9006
v 3.7504 		4.6607 		11.8834
v 3.7427 		4.6771 		11.8642
v 3.7395 		4.6933 		11.8437
v 3.7407 		4.709 		11.8226
v 3.7464 		4.7236 		11.8014
v 3.7564 		4.7367 		11.7809
v 3.7704 		4.7478 		11.7615
v 3.788 		4.7567 		11.744
v 3.8085 		4.7631 		11.7289
v 3.8315 		4.7668 		11.7165
v 3.8562 		4.7676 		11.7074
v 3.8818 		4.7656 		11.7017
v 3.9076 		4.7608 		11.6996
v 3.9328 		4.7533 		11.7013
v 3.9567 		4.7435 		11.7066
v 3.9784 		4.7315 		11.7154
v 3.9974 		4.7177 		11.7274
v 4.013 		4.7026 		11.7423
v 4.0249 		4.6866 		11.7596
v 4.0325 		4.6703 		11.7787
v 4.0358 		4.654 		11.7992
v 4.0345 		4.6384 		11.8203
v 4.0288 		4.6238 		11.8415
v 4.0188 		4.6107 		11.8621
v 4.008 		4.5595 		11.9084
v 4.0296 		4.5705 		11.8868
v 3.9825 		4.5516 		11.9272
v 3.9541 		4.5471 		11.9424
v 3.9236 		4.5461 		11.9537
v 3.892 		4.5486 		11.9608
v 3.8601 		4.5545 		11.9633
v 3.8289 		4.5637 		11.9612
v 3.7995 		4.5759 		11.9547
v 3.7726 		4.5907 		11.9438
v 3.7492 		4.6077 		11.929
v 3.7298 		4.6264 		11.9106
v 3.7152 		4.6461 		11.8892
v 3.7058 		4.6663 		11.8656
v 3.7017 		4.6864 		11.8403
v 3.7033 		4.7058 		11.8142
v 3.7103 		4.7238 		11.788
v 3.7227 		4.74 		11.7626
v 3.7399 		4.7538 		11.7387
v 3.7616 		4.7648 		11.7171
v 3.787 		4.7726 		11.6983
v 3.8154 		4.7772 		11.6831
v 3.8459 		4.7782 		11.6718
v 3.8776 		4.7757 		11.6647
v 3.9095 		4.7698 		11.6622
v 3.9407 		4.7606 		11.6643
v 3.9701 		4.7484 		11.6708
v 3.997 		4.7335 		11.6817
v 4.0204 		4.7165 		11.6965
v 4.0397 		4.6979 		11.7149
v 4.0543 		4.6782 		11.7363
v 4.0638 		4.6579 		11.7599
v 4.0678 		4.6378 		11.7852
v 4.0663 		4.6185 		11.8113
v 4.0593 		4.6005 		11.8375
v 4.0469 		4.5843 		11.8629
v 4.0271 		4.5268 		11.9154
v 4.0527 		4.5398 		11.8898
v 3.997 		4.5175 		11.9376
v 3.9634 		4.5121 		11.9556
v 3.9273 		4.5109 		11.969
v 3.8898 		4.5138 		11.9773
v 3.8521 		4.5209 		11.9803
v 3.8153 		4.5318 		11.9779
v 3.7804 		4.5462 		11.9701
v 3.7486 		4.5637 		11.9573
v 3.7209 		4.5838 		11.9397
v 3.698 		4.6059 		11.918
v 3.6807 		4.6292 		11.8927
v 3.6695 		4.6532 		11.8647
v 3.6648 		4.6769 		11.8348
v 3.6666 		4.6998 		11.8039
v 3.6749 		4.7212 		11.7729
v 3.6896 		4.7403 		11.7429
v 3.71 		4.7566 		11.7146
v 3.7356 		4.7696 		11.689
v 3.7657 		4.7789 		11.6669
v 3.7993 		4.7843 		11.6488
v 3.8354 		4.7855 		11.6354
v 3.8729 		4.7826 		11.6271
v 3.9106 		4.7755 		11.6241
v 3.9474 		4.7646 		11.6265
v 3.9823 		4.7502 		11.6343
v 4.0141 		4.7327 		11.6472
v 4.0418 		4.7126 		11.6647
v 4.0647 		4.6905 		11.6865
v 4.082 		4.6672 		11.7117
v 4.0932 		4.6432 		11.7398
v 4.0979 		4.6195 		11.7697
v 4.0961 		4.5966 		11.8006
v 4.0878 		4.5752 		11.8315
v 4.0732 		4.5561 		11.8616
v 4.0445 		4.4927 		11.9198
v 4.0739 		4.5076 		11.8905
v 4.01 		4.482 		11.9453
v 3.9715 		4.4759 		11.966
v 3.9301 		4.4745 		11.9813
v 3.8871 		4.4778 		11.9908
v 3.8438 		4.4859 		11.9943
v 3.8015 		4.4984 		11.9915
v 3.7616 		4.515 		11.9826
v 3.7251 		4.5351 		11.9679
v 3.6933 		4.5582 		11.9477
v 3.6671 		4.5835 		11.9228
v 3.6472 		4.6102 		11.8938
v 3.6344 		4.6377 		11.8616
v 3.6289 		4.665 		11.8273
v 3.631 		4.6912 		11.7919
v 3.6406 		4.7157 		11.7564
v 3.6573 		4.7376 		11.7219
v 3.6808 		4.7563 		11.6895
v 3.7102 		4.7713 		11.6601
v 3.7447 		4.782 		11.6347
v 3.7832 		4.7881 		11.614
v 3.8246 		4.7895 		11.5986
v 3.8676 		4.7861 		11.5891
v 3.9109 		4.7781 		11.5857
v 3.9532 		4.7656 		11.5884
v 3.9931 		4.749 		11.5973
v 4.0296 		4.7289 		11.6121
v 4.0614 		4.7058 		11.6322
v 4.0877 		4.6805 		11.6572
v 4.1075 		4.6537 		11.6862
v 4.1203 		4.6263 		11.7183
v 4.1258 		4.599 		11.7526
v 4.1237 		4.5727 		11.7881
v 4.1142 		4.5483 		11.8236
v 4.0974 		4.5264 		11.8581
v 4.0602 		4.4575 		11.9216
v 4.0931 		4.4743 		11.8887
v 4.0215 		4.4455 		11.9501
v 3.9783 		4.4386 		11.9733
v 3.9319 		4.4371 		11.9905
v 3.8838 		4.4409 		12.0012
v 3.8352 		4.4499 		12.0051
v 3.7879 		4.4639 		12.0019
v 3.7431 		4.4825 		11.992
v 3.7022 		4.505 		11.9754
v 3.6666 		4.5309 		11.9529
v 3.6372 		4.5592 		11.9249
v 3.6149 		4.5893 		11.8924
v 3.6005 		4.62 		11.8564
v 3.5944 		4.6506 		11.818
v 3.5967 		4.68 		11.7782
v 3.6075 		4.7074 		11.7384
v 3.6263 		4.732 		11.6998
v 3.6525 		4.753 		11.6635
v 3.6855 		4.7697 		11.6306
v 3.7242 		4.7817 		11.6021
v 3.7674 		4.7886 		11.5789
v 3.8137 		4.7902 		11.5617
v 3.8619 		4.7864 		11.551
v 3.9104 		4.7773 		11.5471
v 3.9578 		4.7633 		11.5502
v 4.0026 		4.7448 		11.5602
v 4.0434 		4.7222 		11.5767
v 4.0791 		4.6964 		11.5993
v 4.1085 		4.668 		11.6273
v 4.1307 		4.638 		11.6598
v 4.1451 		4.6072 		11.6958
v 4.1513 		4.5767 		11.7342
v 4.1489 		4.5472 		11.774
v 4.1382 		4.5198 		11.8138
v 4.1194 		4.4952 		11.8524
v 4.0739 		4.4215 		11.9208
v 4.1102 		4.4399 		11.8846
v 4.0314 		4.4083 		11.9521
v 3.9839 		4.4008 		11.9776
v 3.9328 		4.399 		11.9966
v 3.8798 		4.4032 		12.0083
v 3.8265 		4.4131 		12.0126
v 3.7743 		4.4286 		12.0091
v 3.7251 		4.449 		11.9982
v 3.6801 		4.4738 		11.98
v 3.6409 		4.5022 		11.9551
v 3.6086 		4.5334 		11.9244
v 3.5841 		4.5664 		11.8887
v 3.5683 		4.6003 		11.849
v 3.5615 		4.6339 		11.8067
v 3.5641 		4.6663 		11.763
v 3.5759 		4.6964 		11.7193
v 3.5966 		4.7235 		11.6768
v 3.6255 		4.7465 		11.6368
v 3.6617 		4.7649 		11.6006
v 3.7043 		4.7781 		11.5693
v 3.7518 		4.7857 		11.5437
v 3.8028 		4.7874 		11.5248
v 3.8558 		4.7833 		11.5131
v 3.9092 		4.7733 		11.5088
v 3.9613 		4.7579 		11.5122
v 4.0106 		4.7375 		11.5232
v 4.0555 		4.7127 		11.5414
v 4.0947 		4.6843 		11.5662
v 4.1271 		4.6531 		11.597
v 4.1515 		4.62 		11.6327
v 4.1674 		4.5862 		11.6723
v 4.1741 		4.5526 		11.7146
v 4.1715 		4.5202 		11.7583
v 4.1597 		4.49 		11.8021
v 4.1391 		4.463 		11.8446
v 4.0856 		4.385 		11.9173
v 4.1249 		4.4049 		11.8781
v 4.0395 		4.3707 		11.9513
v 3.988 		4.3625 		11.9789
v 3.9328 		4.3606 		11.9994
v 3.8753 		4.3651 		12.0122
v 3.8175 		4.3759 		12.0168
v 3.7611 		4.3926 		12.013
v 3.7077 		4.4147 		12.0012
v 3.659 		4.4416 		11.9815
v 3.6165 		4.4724 		11.9545
v 3.5815 		4.5062 		11.9212
v 3.555 		4.542 		11.8825
v 3.5378 		4.5786 		11.8396
v 3.5305 		4.615 		11.7938
v 3.5333 		4.6501 		11.7464
v 3.5461 		4.6828 		11.699
v 3.5685 		4.7121 		11.653
v 3.5998 		4.7371 		11.6097
v 3.6391 		4.757 		11.5704
v 3.6852 		4.7713 		11.5365
v 3.7366 		4.7795 		11.5089
v 3.7919 		4.7814 		11.4884
v 3.8493 		4.7769 		11.4756
v 3.9071 		4.7661 		11.471
v 3.9636 		4.7494 		11.4747
v 4.017 		4.7273 		11.4866
v 4.0657 		4.7004 		11.5063
v 4.1082 		4.6696 		11.5332
v 4.1432 		4.6358 		11.5666
v 4.1697 		4.6 		11.6053
v 4.1868 		4.5634 		11.6482
v 4.1941 		4.527 		11.694
v 4.1914 		4.4919 		11.7413
v 4.1786 		4.4592 		11.7888
v 4.1562 		4.4299 		11.8348
v 4.0952 		4.3481 		11.9113
v 4.1372 		4.3695 		11.8693
v 4.0459 		4.3328 		11.9476
v 3.9909 		4.3241 		11.9771
v 3.9318 		4.3221 		11.9991
v 3.8704 		4.3269 		12.0127
v 3.8085 		4.3384 		12.0176
v 3.7482 		4.3563 		12.0136
v 3.6911 		4.3799 		12.0009
v 3.639 		4.4087 		11.9799
v 3.5936 		4.4416 		11.9511
v 3.5561 		4.4778 		11.9154
v 3.5278 		4.516 		11.874
v 3.5094 		4.5552 		11.8282
v 3.5016 		4.5941 		11.7791
v 3.5046 		4.6317 		11.7285
v 3.5183 		4.6666 		11.6778
v 3.5422 		4.6979 		11.6286
v 3.5757 		4.7246 		11.5823
v 3.6177 		4.746 		11.5403
v 3.667 		4.7613 		11.504
v 3.722 		4.77 		11.4745
v 3.7811 		4.772 		11.4526
v 3.8425 		4.7672 		11.4389
v 3.9044 		4.7557 		11.434
v 3.9647 		4.7378 		11.438
v 4.0218 		4.7142 		11.4507
v 4.0739 		4.6854 		11.4718
v 4.1193 		4.6525 		11.5005
v 4.1568 		4.6163 		11.5362
v 4.1851 		4.5781 		11.5776
v 4.2035 		4.5389 		11.6235
v 4.2113 		4.5 		11.6725
v 4.2083 		4.4624 		11.7231
v 4.1946 		4.4275 		11.7738
v 4.1707 		4.3962 		11.823
v 4.1026 		4.3113 		11.9027
v 4.147 		4.3339 		11.8583
v 4.0505 		4.2951 		11.941
v 3.9923 		4.2859 		11.9723
v 3.9298 		4.2837 		11.9955
v 3.8649 		4.2888 		12.0099
v 3.7995 		4.301 		12.0151
v 3.7357 		4.3199 		12.0109
v 3.6754 		4.3449 		11.9974
v 3.6203 		4.3753 		11.9752
v 3.5723 		4.4101 		11.9447
v 3.5327 		4.4483 		11.9071
v 3.5027 		4.4888 		11.8633
v 3.4833 		4.5302 		11.8148
v 3.4751 		4.5714 		11.763
v 3.4782 		4.611 		11.7095
v 3.4926 		4.648 		11.6558
v 3.518 		4.6811 		11.6038
v 3.5534 		4.7093 		11.5548
v 3.5978 		4.7319 		11.5105
v 3.6499 		4.7481 		11.4721
v 3.7081 		4.7573 		11.4409
v 3.7706 		4.7595 		11.4177
v 3.8355 		4.7544 		11.4033
v 3.9008 		4.7422 		11.3981
v 3.9647 		4.7233 		11.4023
v 4.025 		4.6983 		11.4157
v 4.08 		4.6679 		11.438
v 4.1281 		4.6331 		11.4684
v 4.1677 		4.5949 		11.5061
v 4.1976 		4.5544 		11.5499
v 4.217 		4.513 		11.5984
v 4.2253 		4.4718 		11.6502
v 4.2221 		4.4322 		11.7037
v 4.2077 		4.3952 		11.7573
v 4.1824 		4.3621 		11.8094
v 4.1077 		4.2748 		11.8916
v 4.1542 		4.2984 		11.8452
v 4.0532 		4.2578 		11.9317
v 3.9923 		4.2481 		11.9644
v 3.9269 		4.2459 		11.9887
v 3.859 		4.2513 		12.0038
v 3.7906 		4.264 		12.0092
v 3.7238 		4.2838 		12.0048
v 3.6606 		4.3099 		11.9907
v 3.603 		4.3417 		11.9674
v 3.5528 		4.3782 		11.9356
v 3.5113 		4.4182 		11.8962
v 3.48 		4.4605 		11.8504
v 3.4597 		4.5038 		11.7996
v 3.451 		4.5469 		11.7454
v 3.4543 		4.5884 		11.6894
v 3.4694 		4.6271 		11.6333
v 3.4959 		4.6617 		11.5788
v 3.533 		4.6913 		11.5276
v 3.5795 		4.7149 		11.4812
v 3.634 		4.7318 		11.441
v 3.6949 		4.7415 		11.4083
v 3.7603 		4.7438 		11.384
v 3.8282 		4.7384 		11.369
v 3.8966 		4.7257 		11.3635
v 3.9634 		4.7059 		11.3679
v 4.0265 		4.6797 		11.382
v 4.0841 		4.6479 		11.4053
v 4.1344 		4.6115 		11.4371
v 4.1759 		4.5715 		11.4765
v 4.2072 		4.5292 		11.5223
v 4.2275 		4.4858 		11.5731
v 4.2361 		4.4427 		11.6273
v 4.2329 		4.4012 		11.6834
v 4.2177 		4.3626 		11.7395
v 4.1913 		4.3279 		11.7939
v 4.1106 		4.2388 		11.8781
v 4.1588 		4.2632 		11.83
v 4.0541 		4.2212 		11.9197
v 3.9909 		4.2112 		11.9536
v 3.9231 		4.2089 		11.9788
v 3.8527 		4.2144 		11.9944
v 3.7818 		4.2276 		12
v 3.7125 		4.2481 		11.9955
v 3.647 		4.2753 		11.9809
v 3.5873 		4.3082 		11.9567
v 3.5352 		4.346 		11.9237
v 3.4922 		4.3875 		11.8828
v 3.4597 		4.4313 		11.8354
v 3.4386 		4.4763 		11.7827
v 3.4297 		4.521 		11.7265
v 3.4331 		4.564 		11.6684
v 3.4488 		4.6041 		11.6102
v 3.4762 		4.64 		11.5538
v 3.5147 		4.6707 		11.5006
v 3.5629 		4.6951 		11.4525
v 3.6194 		4.7127 		11.4109
v 3.6825 		4.7228 		11.377
v 3.7503 		4.7251 		11.3518
v 3.8208 		4.7195 		11.3362
v 3.8917 		4.7063 		11.3306
v 3.9609 		4.6858 		11.3351
v 4.0264 		4.6587 		11.3497
v 4.0861 		4.6257 		11.3739
v 4.1383 		4.5879 		11.4069
v 4.1812 		4.5465 		11.4478
v 4.2137 		4.5026 		11.4952
v 4.2348 		4.4576 		11.5479
v 4.2437 		4.4129 		11.6041
v 4.2403 		4.3699 		11.6622
v 4.2247 		4.3298 		11.7203
v 4.1972 		4.2939 		11.7768
v 4.1111 		4.2036 		11.8623
v 4.1607 		4.2288 		11.8128
v 4.053 		4.1856 		11.9051
v 3.9881 		4.1752 		11.9399
v 3.9184 		4.1729 		11.9658
v 3.846 		4.1786 		11.9818
v 3.7731 		4.1922 		11.9876
v 3.7019 		4.2132 		11.9829
v 3.6346 		4.2411 		11.968
v 3.5733 		4.275 		11.9431
v 3.5197 		4.3139 		11.9092
v 3.4755 		4.3565 		11.8672
v 3.4421 		4.4016 		11.8184
v 3.4204 		4.4478 		11.7642
v 3.4112 		4.4937 		11.7065
v 3.4147 		4.5379 		11.6468
v 3.4309 		4.5792 		11.587
v 3.4591 		4.6161 		11.5289
v 3.4986 		4.6476 		11.4743
v 3.5481 		4.6727 		11.4249
v 3.6062 		4.6908 		11.3821
v 3.6711 		4.7011 		11.3472
v 3.7408 		4.7035 		11.3213
v 3.8132 		4.6978 		11.3053
v 3.8861 		4.6842 		11.2995
v 3.9573 		4.6631 		11.3042
v 4.0246 		4.6352 		11.3192
v 4.086 		4.6014 		11.344
v 4.1396 		4.5625 		11.3779
v 4.1838 		4.5199 		11.4199
v 4.2172 		4.4748 		11.4688
v 4.2388 		4.4286 		11.5229
v 4.248 		4.3827 		11.5807
v 4.2445 		4.3384 		11.6404
v 4.2284 		4.2972 		11.7001
v 4.2002 		4.2603 		11.7582
v 4.1094 		4.1696 		11.8443
v 4.1599 		4.1952 		11.7939
v 4.0501 		4.1512 		11.8879
v 3.984 		4.1406 		11.9235
v 3.9129 		4.1382 		11.9498
v 3.8391 		4.144 		11.9662
v 3.7648 		4.1579 		11.9721
v 3.6922 		4.1794 		11.9673
v 3.6236 		4.2078 		11.952
v 3.561 		4.2424 		11.9267
v 3.5064 		4.282 		11.8921
v 3.4613 		4.3254 		11.8493
v 3.4272 		4.3714 		11.7995
v 3.4052 		4.4185 		11.7443
v 3.3958 		4.4653 		11.6854
v 3.3994 		4.5104 		11.6246
v 3.4158 		4.5524 		11.5636
v 3.4446 		4.5901 		11.5044
v 3.4849 		4.6222 		11.4487
v 3.5354 		4.6479 		11.3983
v 3.5946 		4.6662 		11.3547
v 3.6608 		4.6768 		11.3192
v 3.7318 		4.6792 		11.2928
v 3.8056 		4.6734 		11.2764
v 3.88 		4.6595 		11.2705
v 3.9526 		4.6381 		11.2753
v 4.0212 		4.6096 		11.2906
v 4.0838 		4.5751 		11.3159
v 4.1384 		4.5355 		11.3505
v 4.1834 		4.492 		11.3933
v 4.2175 		4.4461 		11.4431
v 4.2396 		4.3989 		11.4983
v 4.2489 		4.3521 		11.5572
v 4.2454 		4.307 		11.618
v 4.2289 		4.265 		11.679
v 4.2002 		4.2274 		11.7382
v 4.1053 		4.1369 		11.8243
v 4.1564 		4.1628 		11.7733
v 4.0454 		4.1183 		11.8684
v 3.9785 		4.1076 		11.9043
v 3.9066 		4.1052 		11.931
v 3.8319 		4.1111 		11.9476
v 3.7567 		4.1251 		11.9535
v 3.6833 		4.1468 		11.9487
v 3.6139 		4.1756 		11.9333
v 3.5506 		4.2105 		11.9077
v 3.4953 		4.2506 		11.8726
v 3.4498 		4.2945 		11.8293
v 3.4153 		4.3411 		11.779
v 3.393 		4.3887 		11.7232
v 3.3835 		4.4361 		11.6636
v 3.3871 		4.4817 		11.602
v 3.4037 		4.5242 		11.5403
v 3.4329 		4.5623 		11.4804
v 3.4736 		4.5948 		11.4241
v 3.5247 		4.6207 		11.3731
v 3.5846 		4.6393 		11.329
v 3.6515 		4.65 		11.2931
v 3.7234 		4.6524 		11.2664
v 3.7981 		4.6465 		11.2498
v 3.8733 		4.6325 		11.2439
v 3.9467 		4.6108 		11.2487
v 4.0161 		4.582 		11.2641
v 4.0794 		4.5471 		11.2897
v 4.1347 		4.507 		11.3248
v 4.1802 		4.4631 		11.3681
v 4.2147 		4.4166 		11.4184
v 4.237 		4.3689 		11.4742
v 4.2465 		4.3215 		11.5338
v 4.2429 		4.2759 		11.5954
v 4.2263 		4.2334 		11.6571
v 4.1972 		4.1953 		11.717
v 4.099 		4.1058 		11.8023
v 4.1503 		4.1319 		11.7512
v 4.0389 		4.0872 		11.8467
v 3.9717 		4.0765 		11.8827
v 3.8995 		4.074 		11.9095
v 3.8246 		4.0799 		11.9261
v 3.7491 		4.094 		11.9321
v 3.6754 		4.1158 		11.9273
v 3.6057 		4.1447 		11.9118
v 3.5422 		4.1797 		11.8861
v 3.4867 		4.2199 		11.8509
v 3.441 		4.2641 		11.8074
v 3.4064 		4.3108 		11.7569
v 3.384 		4.3586 		11.7009
v 3.3744 		4.4062 		11.641
v 3.3781 		4.4519 		11.5792
v 3.3947 		4.4946 		11.5173
v 3.424 		4.5328 		11.4572
v 3.4649 		4.5655 		11.4007
v 3.5161 		4.5915 		11.3495
v 3.5763 		4.6102 		11.3052
v 3.6435 		4.6209 		11.2691
v 3.7156 		4.6233 		11.2424
v 3.7906 		4.6174 		11.2257
v 3.8661 		4.6034 		11.2197
v 3.9398 		4.5816 		11.2246
v 4.0094 		4.5527 		11.2401
v 4.073 		4.5176 		11.2658
v 4.1285 		4.4774 		11.3009
v 4.1742 		4.4333 		11.3444
v 4.2088 		4.3866 		11.395
v 4.2312 		4.3387 		11.451
v 4.2407 		4.2912 		11.5108
v 4.2371 		4.2454 		11.5726
v 4.2204 		4.2027 		11.6345
v 4.1912 		4.1645 		11.6946
v 3.8076 		4.3487 		11.5759
# 650 vertices

g group_2_5122067

usemtl color_5122067
s 0

f 1302 	1301 	1303
f 1303 	1301 	1304
f 1304 	1301 	1305
f 1305 	1301 	1306
f 1306 	1301 	1307
f 1307 	1301 	1308
f 1308 	1301 	1309
f 1309 	1301 	1310
f 1310 	1301 	1311
f 1311 	1301 	1312
f 1312 	1301 	1313
f 1313 	1301 	1314
f 1314 	1301 	1315
f 1315 	1301 	1316
f 1316 	1301 	1317
f 1317 	1301 	1318
f 1318 	1301 	1319
f 1319 	1301 	1320
f 1320 	1301 	1321
f 1321 	1301 	1322
f 1322 	1301 	1323
f 1323 	1301 	1324
f 1324 	1301 	1325
f 1325 	1301 	1326
f 1326 	1301 	1327
f 1327 	1301 	1328
f 1328 	1301 	1329
f 1329 	1301 	1330
f 1330 	1301 	1331
f 1331 	1301 	1332
f 1332 	1301 	1333
f 1333 	1301 	1334
f 1334 	1301 	1335
f 1335 	1301 	1336
f 1336 	1301 	1337
f 1337 	1301 	1302
f 1302 	1303 	1338
f 1339 	1302 	1338
f 1303 	1304 	1340
f 1338 	1303 	1340
f 1304 	1305 	1341
f 1340 	1304 	1341
f 1305 	1306 	1342
f 1341 	1305 	1342
f 1306 	1307 	1343
f 1342 	1306 	1343
f 1307 	1308 	1344
f 1343 	1307 	1344
f 1308 	1309 	1345
f 1344 	1308 	1345
f 1309 	1310 	1346
f 1345 	1309 	1346
f 1310 	1311 	1347
f 1346 	1310 	1347
f 1311 	1312 	1348
f 1347 	1311 	1348
f 1312 	1313 	1349
f 1348 	1312 	1349
f 1313 	1314 	1350
f 1349 	1313 	1350
f 1314 	1315 	1351
f 1350 	1314 	1351
f 1315 	1316 	1352
f 1351 	1315 	1352
f 1316 	1317 	1353
f 1352 	1316 	1353
f 1317 	1318 	1354
f 1353 	1317 	1354
f 1318 	1319 	1355
f 1354 	1318 	1355
f 1319 	1320 	1356
f 1355 	1319 	1356
f 1320 	1321 	1357
f 1356 	1320 	1357
f 1321 	1322 	1358
f 1357 	1321 	1358
f 1322 	1323 	1359
f 1358 	1322 	1359
f 1323 	1324 	1360
f 1359 	1323 	1360
f 1324 	1325 	1361
f 1360 	1324 	1361
f 1325 	1326 	1362
f 1361 	1325 	1362
f 1326 	1327 	1363
f 1362 	1326 	1363
f 1327 	1328 	1364
f 1363 	1327 	1364
f 1328 	1329 	1365
f 1364 	1328 	1365
f 1329 	1330 	1366
f 1365 	1329 	1366
f 1330 	1331 	1367
f 1366 	1330 	1367
f 1331 	1332 	1368
f 1367 	1331 	1368
f 1332 	1333 	1369
f 1368 	1332 	1369
f 1333 	1334 	1370
f 1369 	1333 	1370
f 1334 	1335 	1371
f 1370 	1334 	1371
f 1335 	1336 	1372
f 1371 	1335 	1372
f 1336 	1337 	1373
f 1372 	1336 	1373
f 1337 	1302 	1339
f 1373 	1337 	1339
f 1339 	1338 	1374
f 1375 	1339 	1374
f 1338 	1340 	1376
f 1374 	1338 	1376
f 1340 	1341 	1377
f 1376 	1340 	1377
f 1341 	1342 	1378
f 1377 	1341 	1378
f 1342 	1343 	1379
f 1378 	1342 	1379
f 1343 	1344 	1380
f 1379 	1343 	1380
f 1344 	1345 	1381
f 1380 	1344 	1381
f 1345 	1346 	1382
f 1381 	1345 	1382
f 1346 	1347 	1383
f 1382 	1346 	1383
f 1347 	1348 	1384
f 1383 	1347 	1384
f 1348 	1349 	1385
f 1384 	1348 	1385
f 1349 	1350 	1386
f 1385 	1349 	1386
f 1350 	1351 	1387
f 1386 	1350 	1387
f 1351 	1352 	1388
f 1387 	1351 	1388
f 1352 	1353 	1389
f 1388 	1352 	1389
f 1353 	1354 	1390
f 1389 	1353 	1390
f 1354 	1355 	1391
f 1390 	1354 	1391
f 1355 	1356 	1392
f 1391 	1355 	1392
f 1356 	1357 	1393
f 1392 	1356 	1393
f 1357 	1358 	1394
f 1393 	1357 	1394
f 1358 	1359 	1395
f 1394 	1358 	1395
f 1359 	1360 	1396
f 1395 	1359 	1396
f 1360 	1361 	1397
f 1396 	1360 	1397
f 1361 	1362 	1398
f 1397 	1361 	1398
f 1362 	1363 	1399
f 1398 	1362 	1399
f 1363 	1364 	1400
f 1399 	1363 	1400
f 1364 	1365 	1401
f 1400 	1364 	1401
f 1365 	1366 	1402
f 1401 	1365 	1402
f 1366 	1367 	1403
f 1402 	1366 	1403
f 1367 	1368 	1404
f 1403 	1367 	1404
f 1368 	1369 	1405
f 1404 	1368 	1405
f 1369 	1370 	1406
f 1405 	1369 	1406
f 1370 	1371 	1407
f 1406 	1370 	1407
f 1371 	1372 	1408
f 1407 	1371 	1408
f 1372 	1373 	1409
f 1408 	1372 	1409
f 1373 	1339 	1375
f 1409 	1373 	1375
f 1375 	1374 	1410
f 1411 	1375 	1410
f 1374 	1376 	1412
f 1410 	1374 	1412
f 1376 	1377 	1413
f 1412 	1376 	1413
f 1377 	1378 	1414
f 1413 	1377 	1414
f 1378 	1379 	1415
f 1414 	1378 	1415
f 1379 	1380 	1416
f 1415 	1379 	1416
f 1380 	1381 	1417
f 1416 	1380 	1417
f 1381 	1382 	1418
f 1417 	1381 	1418
f 1382 	1383 	1419
f 1418 	1382 	1419
f 1383 	1384 	1420
f 1419 	1383 	1420
f 1384 	1385 	1421
f 1420 	1384 	1421
f 1385 	1386 	1422
f 1421 	1385 	1422
f 1386 	1387 	1423
f 1422 	1386 	1423
f 1387 	1388 	1424
f 1423 	1387 	1424
f 1388 	1389 	1425
f 1424 	1388 	1425
f 1389 	1390 	1426
f 1425 	1389 	1426
f 1390 	1391 	1427
f 1426 	1390 	1427
f 1391 	1392 	1428
f 1427 	1391 	1428
f 1392 	1393 	1429
f 1428 	1392 	1429
f 1393 	1394 	1430
f 1429 	1393 	1430
f 1394 	1395 	1431
f 1430 	1394 	1431
f 1395 	1396 	1432
f 1431 	1395 	1432
f 1396 	1397 	1433
f 1432 	1396 	1433
f 1397 	1398 	1434
f 1433 	1397 	1434
f 1398 	1399 	1435
f 1434 	1398 	1435
f 1399 	1400 	1436
f 1435 	1399 	1436
f 1400 	1401 	1437
f 1436 	1400 	1437
f 1401 	1402 	1438
f 1437 	1401 	1438
f 1402 	1403 	1439
f 1438 	1402 	1439
f 1403 	1404 	1440
f 1439 	1403 	1440
f 1404 	1405 	1441
f 1440 	1404 	1441
f 1405 	1406 	1442
f 1441 	1405 	1442
f 1406 	1407 	1443
f 1442 	1406 	1443
f 1407 	1408 	1444
f 1443 	1407 	1444
f 1408 	1409 	1445
f 1444 	1408 	1445
f 1409 	1375 	1411
f 1445 	1409 	1411
f 1411 	1410 	1446
f 1447 	1411 	1446
f 1410 	1412 	1448
f 1446 	1410 	1448
f 1412 	1413 	1449
f 1448 	1412 	1449
f 1413 	1414 	1450
f 1449 	1413 	1450
f 1414 	1415 	1451
f 1450 	1414 	1451
f 1415 	1416 	1452
f 1451 	1415 	1452
f 1416 	1417 	1453
f 1452 	1416 	1453
f 1417 	1418 	1454
f 1453 	1417 	1454
f 1418 	1419 	1455
f 1454 	1418 	1455
f 1419 	1420 	1456
f 1455 	1419 	1456
f 1420 	1421 	1457
f 1456 	1420 	1457
f 1421 	1422 	1458
f 1457 	1421 	1458
f 1422 	1423 	1459
f 1458 	1422 	1459
f 1423 	1424 	1460
f 1459 	1423 	1460
f 1424 	1425 	1461
f 1460 	1424 	1461
f 1425 	1426 	1462
f 1461 	1425 	1462
f 1426 	1427 	1463
f 1462 	1426 	1463
f 1427 	1428 	1464
f 1463 	1427 	1464
f 1428 	1429 	1465
f 1464 	1428 	1465
f 1429 	1430 	1466
f 1465 	1429 	1466
f 1430 	1431 	1467
f 1466 	1430 	1467
f 1431 	1432 	1468
f 1467 	1431 	1468
f 1432 	1433 	1469
f 1468 	1432 	1469
f 1433 	1434 	1470
f 1469 	1433 	1470
f 1434 	1435 	1471
f 1470 	1434 	1471
f 1435 	1436 	1472
f 1471 	1435 	1472
f 1436 	1437 	1473
f 1472 	1436 	1473
f 1437 	1438 	1474
f 1473 	1437 	1474
f 1438 	1439 	1475
f 1474 	1438 	1475
f 1439 	1440 	1476
f 1475 	1439 	1476
f 1440 	1441 	1477
f 1476 	1440 	1477
f 1441 	1442 	1478
f 1477 	1441 	1478
f 1442 	1443 	1479
f 1478 	1442 	1479
f 1443 	1444 	1480
f 1479 	1443 	1480
f 1444 	1445 	1481
f 1480 	1444 	1481
f 1445 	1411 	1447
f 1481 	1445 	1447
f 1447 	1446 	1482
f 1483 	1447 	1482
f 1446 	1448 	1484
f 1482 	1446 	1484
f 1448 	1449 	1485
f 1484 	1448 	1485
f 1449 	1450 	1486
f 1485 	1449 	1486
f 1450 	1451 	1487
f 1486 	1450 	1487
f 1451 	1452 	1488
f 1487 	1451 	1488
f 1452 	1453 	1489
f 1488 	1452 	1489
f 1453 	1454 	1490
f 1489 	1453 	1490
f 1454 	1455 	1491
f 1490 	1454 	1491
f 1455 	1456 	1492
f 1491 	1455 	1492
f 1456 	1457 	1493
f 1492 	1456 	1493
f 1457 	1458 	1494
f 1493 	1457 	1494
f 1458 	1459 	1495
f 1494 	1458 	1495
f 1459 	1460 	1496
f 1495 	1459 	1496
f 1460 	1461 	1497
f 1496 	1460 	1497
f 1461 	1462 	1498
f 1497 	1461 	1498
f 1462 	1463 	1499
f 1498 	1462 	1499
f 1463 	1464 	1500
f 1499 	1463 	1500
f 1464 	1465 	1501
f 1500 	1464 	1501
f 1465 	1466 	1502
f 1501 	1465 	1502
f 1466 	1467 	1503
f 1502 	1466 	1503
f 1467 	1468 	1504
f 1503 	1467 	1504
f 1468 	1469 	1505
f 1504 	1468 	1505
f 1469 	1470 	1506
f 1505 	1469 	1506
f 1470 	1471 	1507
f 1506 	1470 	1507
f 1471 	1472 	1508
f 1507 	1471 	1508
f 1472 	1473 	1509
f 1508 	1472 	1509
f 1473 	1474 	1510
f 1509 	1473 	1510
f 1474 	1475 	1511
f 1510 	1474 	1511
f 1475 	1476 	1512
f 1511 	1475 	1512
f 1476 	1477 	1513
f 1512 	1476 	1513
f 1477 	1478 	1514
f 1513 	1477 	1514
f 1478 	1479 	1515
f 1514 	1478 	1515
f 1479 	1480 	1516
f 1515 	1479 	1516
f 1480 	1481 	1517
f 1516 	1480 	1517
f 1481 	1447 	1483
f 1517 	1481 	1483
f 1483 	1482 	1518
f 1519 	1483 	1518
f 1482 	1484 	1520
f 1518 	1482 	1520
f 1484 	1485 	1521
f 1520 	1484 	1521
f 1485 	1486 	1522
f 1521 	1485 	1522
f 1486 	1487 	1523
f 1522 	1486 	1523
f 1487 	1488 	1524
f 1523 	1487 	1524
f 1488 	1489 	1525
f 1524 	1488 	1525
f 1489 	1490 	1526
f 1525 	1489 	1526
f 1490 	1491 	1527
f 1526 	1490 	1527
f 1491 	1492 	1528
f 1527 	1491 	1528
f 1492 	1493 	1529
f 1528 	1492 	1529
f 1493 	1494 	1530
f 1529 	1493 	1530
f 1494 	1495 	1531
f 1530 	1494 	1531
f 1495 	1496 	1532
f 1531 	1495 	1532
f 1496 	1497 	1533
f 1532 	1496 	1533
f 1497 	1498 	1534
f 1533 	1497 	1534
f 1498 	1499 	1535
f 1534 	1498 	1535
f 1499 	1500 	1536
f 1535 	1499 	1536
f 1500 	1501 	1537
f 1536 	1500 	1537
f 1501 	1502 	1538
f 1537 	1501 	1538
f 1502 	1503 	1539
f 1538 	1502 	1539
f 1503 	1504 	1540
f 1539 	1503 	1540
f 1504 	1505 	1541
f 1540 	1504 	1541
f 1505 	1506 	1542
f 1541 	1505 	1542
f 1506 	1507 	1543
f 1542 	1506 	1543
f 1507 	1508 	1544
f 1543 	1507 	1544
f 1508 	1509 	1545
f 1544 	1508 	1545
f 1509 	1510 	1546
f 1545 	1509 	1546
f 1510 	1511 	1547
f 1546 	1510 	1547
f 1511 	1512 	1548
f 1547 	1511 	1548
f 1512 	1513 	1549
f 1548 	1512 	1549
f 1513 	1514 	1550
f 1549 	1513 	1550
f 1514 	1515 	1551
f 1550 	1514 	1551
f 1515 	1516 	1552
f 1551 	1515 	1552
f 1516 	1517 	1553
f 1552 	1516 	1553
f 1517 	1483 	1519
f 1553 	1517 	1519
f 1519 	1518 	1554
f 1555 	1519 	1554
f 1518 	1520 	1556
f 1554 	1518 	1556
f 1520 	1521 	1557
f 1556 	1520 	1557
f 1521 	1522 	1558
f 1557 	1521 	1558
f 1522 	1523 	1559
f 1558 	1522 	1559
f 1523 	1524 	1560
f 1559 	1523 	1560
f 1524 	1525 	1561
f 1560 	1524 	1561
f 1525 	1526 	1562
f 1561 	1525 	1562
f 1526 	1527 	1563
f 1562 	1526 	1563
f 1527 	1528 	1564
f 1563 	1527 	1564
f 1528 	1529 	1565
f 1564 	1528 	1565
f 1529 	1530 	1566
f 1565 	1529 	1566
f 1530 	1531 	1567
f 1566 	1530 	1567
f 1531 	1532 	1568
f 1567 	1531 	1568
f 1532 	1533 	1569
f 1568 	1532 	1569
f 1533 	1534 	1570
f 1569 	1533 	1570
f 1534 	1535 	1571
f 1570 	1534 	1571
f 1535 	1536 	1572
f 1571 	1535 	1572
f 1536 	1537 	1573
f 1572 	1536 	1573
f 1537 	1538 	1574
f 1573 	1537 	1574
f 1538 	1539 	1575
f 1574 	1538 	1575
f 1539 	1540 	1576
f 1575 	1539 	1576
f 1540 	1541 	1577
f 1576 	1540 	1577
f 1541 	1542 	1578
f 1577 	1541 	1578
f 1542 	1543 	1579
f 1578 	1542 	1579
f 1543 	1544 	1580
f 1579 	1543 	1580
f 1544 	1545 	1581
f 1580 	1544 	1581
f 1545 	1546 	1582
f 1581 	1545 	1582
f 1546 	1547 	1583
f 1582 	1546 	1583
f 1547 	1548 	1584
f 1583 	1547 	1584
f 1548 	1549 	1585
f 1584 	1548 	1585
f 1549 	1550 	1586
f 1585 	1549 	1586
f 1550 	1551 	1587
f 1586 	1550 	1587
f 1551 	1552 	1588
f 1587 	1551 	1588
f 1552 	1553 	1589
f 1588 	1552 	1589
f 1553 	1519 	1555
f 1589 	1553 	1555
f 1555 	1554 	1590
f 1591 	1555 	1590
f 1554 	1556 	1592
f 1590 	1554 	1592
f 1556 	1557 	1593
f 1592 	1556 	1593
f 1557 	1558 	1594
f 1593 	1557 	1594
f 1558 	1559 	1595
f 1594 	1558 	1595
f 1559 	1560 	1596
f 1595 	1559 	1596
f 1560 	1561 	1597
f 1596 	1560 	1597
f 1561 	1562 	1598
f 1597 	1561 	1598
f 1562 	1563 	1599
f 1598 	1562 	1599
f 1563 	1564 	1600
f 1599 	1563 	1600
f 1564 	1565 	1601
f 1600 	1564 	1601
f 1565 	1566 	1602
f 1601 	1565 	1602
f 1566 	1567 	1603
f 1602 	1566 	1603
f 1567 	1568 	1604
f 1603 	1567 	1604
f 1568 	1569 	1605
f 1604 	1568 	1605
f 1569 	1570 	1606
f 1605 	1569 	1606
f 1570 	1571 	1607
f 1606 	1570 	1607
f 1571 	1572 	1608
f 1607 	1571 	1608
f 1572 	1573 	1609
f 1608 	1572 	1609
f 1573 	1574 	1610
f 1609 	1573 	1610
f 1574 	1575 	1611
f 1610 	1574 	1611
f 1575 	1576 	1612
f 1611 	1575 	1612
f 1576 	1577 	1613
f 1612 	1576 	1613
f 1577 	1578 	1614
f 1613 	1577 	1614
f 1578 	1579 	1615
f 1614 	1578 	1615
f 1579 	1580 	1616
f 1615 	1579 	1616
f 1580 	1581 	1617
f 1616 	1580 	1617
f 1581 	1582 	1618
f 1617 	1581 	1618
f 1582 	1583 	1619
f 1618 	1582 	1619
f 1583 	1584 	1620
f 1619 	1583 	1620
f 1584 	1585 	1621
f 1620 	1584 	1621
f 1585 	1586 	1622
f 1621 	1585 	1622
f 1586 	1587 	1623
f 1622 	1586 	1623
f 1587 	1588 	1624
f 1623 	1587 	1624
f 1588 	1589 	1625
f 1624 	1588 	1625
f 1589 	1555 	1591
f 1625 	1589 	1591
f 1591 	1590 	1626
f 1627 	1591 	1626
f 1590 	1592 	1628
f 1626 	1590 	1628
f 1592 	1593 	1629
f 1628 	1592 	1629
f 1593 	1594 	1630
f 1629 	1593 	1630
f 1594 	1595 	1631
f 1630 	1594 	1631
f 1595 	1596 	1632
f 1631 	1595 	1632
f 1596 	1597 	1633
f 1632 	1596 	1633
f 1597 	1598 	1634
f 1633 	1597 	1634
f 1598 	1599 	1635
f 1634 	1598 	1635
f 1599 	1600 	1636
f 1635 	1599 	1636
f 1600 	1601 	1637
f 1636 	1600 	1637
f 1601 	1602 	1638
f 1637 	1601 	1638
f 1602 	1603 	1639
f 1638 	1602 	1639
f 1603 	1604 	1640
f 1639 	1603 	1640
f 1604 	1605 	1641
f 1640 	1604 	1641
f 1605 	1606 	1642
f 1641 	1605 	1642
f 1606 	1607 	1643
f 1642 	1606 	1643
f 1607 	1608 	1644
f 1643 	1607 	1644
f 1608 	1609 	1645
f 1644 	1608 	1645
f 1609 	1610 	1646
f 1645 	1609 	1646
f 1610 	1611 	1647
f 1646 	1610 	1647
f 1611 	1612 	1648
f 1647 	1611 	1648
f 1612 	1613 	1649
f 1648 	1612 	1649
f 1613 	1614 	1650
f 1649 	1613 	1650
f 1614 	1615 	1651
f 1650 	1614 	1651
f 1615 	1616 	1652
f 1651 	1615 	1652
f 1616 	1617 	1653
f 1652 	1616 	1653
f 1617 	1618 	1654
f 1653 	1617 	1654
f 1618 	1619 	1655
f 1654 	1618 	1655
f 1619 	1620 	1656
f 1655 	1619 	1656
f 1620 	1621 	1657
f 1656 	1620 	1657
f 1621 	1622 	1658
f 1657 	1621 	1658
f 1622 	1623 	1659
f 1658 	1622 	1659
f 1623 	1624 	1660
f 1659 	1623 	1660
f 1624 	1625 	1661
f 1660 	1624 	1661
f 1625 	1591 	1627
f 1661 	1625 	1627
f 1627 	1626 	1662
f 1663 	1627 	1662
f 1626 	1628 	1664
f 1662 	1626 	1664
f 1628 	1629 	1665
f 1664 	1628 	1665
f 1629 	1630 	1666
f 1665 	1629 	1666
f 1630 	1631 	1667
f 1666 	1630 	1667
f 1631 	1632 	1668
f 1667 	1631 	1668
f 1632 	1633 	1669
f 1668 	1632 	1669
f 1633 	1634 	1670
f 1669 	1633 	1670
f 1634 	1635 	1671
f 1670 	1634 	1671
f 1635 	1636 	1672
f 1671 	1635 	1672
f 1636 	1637 	1673
f 1672 	1636 	1673
f 1637 	1638 	1674
f 1673 	1637 	1674
f 1638 	1639 	1675
f 1674 	1638 	1675
f 1639 	1640 	1676
f 1675 	1639 	1676
f 1640 	1641 	1677
f 1676 	1640 	1677
f 1641 	1642 	1678
f 1677 	1641 	1678
f 1642 	1643 	1679
f 1678 	1642 	1679
f 1643 	1644 	1680
f 1679 	1643 	1680
f 1644 	1645 	1681
f 1680 	1644 	1681
f 1645 	1646 	1682
f 1681 	1645 	1682
f 1646 	1647 	1683
f 1682 	1646 	1683
f 1647 	1648 	1684
f 1683 	1647 	1684
f 1648 	1649 	1685
f 1684 	1648 	1685
f 1649 	1650 	1686
f 1685 	1649 	1686
f 1650 	1651 	1687
f 1686 	1650 	1687
f 1651 	1652 	1688
f 1687 	1651 	1688
f 1652 	1653 	1689
f 1688 	1652 	1689
f 1653 	1654 	1690
f 1689 	1653 	1690
f 1654 	1655 	1691
f 1690 	1654 	1691
f 1655 	1656 	1692
f 1691 	1655 	1692
f 1656 	1657 	1693
f 1692 	1656 	1693
f 1657 	1658 	1694
f 1693 	1657 	1694
f 1658 	1659 	1695
f 1694 	1658 	1695
f 1659 	1660 	1696
f 1695 	1659 	1696
f 1660 	1661 	1697
f 1696 	1660 	1697
f 1661 	1627 	1663
f 1697 	1661 	1663
f 1663 	1662 	1698
f 1699 	1663 	1698
f 1662 	1664 	1700
f 1698 	1662 	1700
f 1664 	1665 	1701
f 1700 	1664 	1701
f 1665 	1666 	1702
f 1701 	1665 	1702
f 1666 	1667 	1703
f 1702 	1666 	1703
f 1667 	1668 	1704
f 1703 	1667 	1704
f 1668 	1669 	1705
f 1704 	1668 	1705
f 1669 	1670 	1706
f 1705 	1669 	1706
f 1670 	1671 	1707
f 1706 	1670 	1707
f 1671 	1672 	1708
f 1707 	1671 	1708
f 1672 	1673 	1709
f 1708 	1672 	1709
f 1673 	1674 	1710
f 1709 	1673 	1710
f 1674 	1675 	1711
f 1710 	1674 	1711
f 1675 	1676 	1712
f 1711 	1675 	1712
f 1676 	1677 	1713
f 1712 	1676 	1713
f 1677 	1678 	1714
f 1713 	1677 	1714
f 1678 	1679 	1715
f 1714 	1678 	1715
f 1679 	1680 	1716
f 1715 	1679 	1716
f 1680 	1681 	1717
f 1716 	1680 	1717
f 1681 	1682 	1718
f 1717 	1681 	1718
f 1682 	1683 	1719
f 1718 	1682 	1719
f 1683 	1684 	1720
f 1719 	1683 	1720
f 1684 	1685 	1721
f 1720 	1684 	1721
f 1685 	1686 	1722
f 1721 	1685 	1722
f 1686 	1687 	1723
f 1722 	1686 	1723
f 1687 	1688 	1724
f 1723 	1687 	1724
f 1688 	1689 	1725
f 1724 	1688 	1725
f 1689 	1690 	1726
f 1725 	1689 	1726
f 1690 	1691 	1727
f 1726 	1690 	1727
f 1691 	1692 	1728
f 1727 	1691 	1728
f 1692 	1693 	1729
f 1728 	1692 	1729
f 1693 	1694 	1730
f 1729 	1693 	1730
f 1694 	1695 	1731
f 1730 	1694 	1731
f 1695 	1696 	1732
f 1731 	1695 	1732
f 1696 	1697 	1733
f 1732 	1696 	1733
f 1697 	1663 	1699
f 1733 	1697 	1699
f 1699 	1698 	1734
f 1735 	1699 	1734
f 1698 	1700 	1736
f 1734 	1698 	1736
f 1700 	1701 	1737
f 1736 	1700 	1737
f 1701 	1702 	1738
f 1737 	1701 	1738
f 1702 	1703 	1739
f 1738 	1702 	1739
f 1703 	1704 	1740
f 1739 	1703 	1740
f 1704 	1705 	1741
f 1740 	1704 	1741
f 1705 	1706 	1742
f 1741 	1705 	1742
f 1706 	1707 	1743
f 1742 	1706 	1743
f 1707 	1708 	1744
f 1743 	1707 	1744
f 1708 	1709 	1745
f 1744 	1708 	1745
f 1709 	1710 	1746
f 1745 	1709 	1746
f 1710 	1711 	1747
f 1746 	1710 	1747
f 1711 	1712 	1748
f 1747 	1711 	1748
f 1712 	1713 	1749
f 1748 	1712 	1749
f 1713 	1714 	1750
f 1749 	1713 	1750
f 1714 	1715 	1751
f 1750 	1714 	1751
f 1715 	1716 	1752
f 1751 	1715 	1752
f 1716 	1717 	1753
f 1752 	1716 	1753
f 1717 	1718 	1754
f 1753 	1717 	1754
f 1718 	1719 	1755
f 1754 	1718 	1755
f 1719 	1720 	1756
f 1755 	1719 	1756
f 1720 	1721 	1757
f 1756 	1720 	1757
f 1721 	1722 	1758
f 1757 	1721 	1758
f 1722 	1723 	1759
f 1758 	1722 	1759
f 1723 	1724 	1760
f 1759 	1723 	1760
f 1724 	1725 	1761
f 1760 	1724 	1761
f 1725 	1726 	1762
f 1761 	1725 	1762
f 1726 	1727 	1763
f 1762 	1726 	1763
f 1727 	1728 	1764
f 1763 	1727 	1764
f 1728 	1729 	1765
f 1764 	1728 	1765
f 1729 	1730 	1766
f 1765 	1729 	1766
f 1730 	1731 	1767
f 1766 	1730 	1767
f 1731 	1732 	1768
f 1767 	1731 	1768
f 1732 	1733 	1769
f 1768 	1732 	1769
f 1733 	1699 	1735
f 1769 	1733 	1735
f 1735 	1734 	1770
f 1771 	1735 	1770
f 1734 	1736 	1772
f 1770 	1734 	1772
f 1736 	1737 	1773
f 1772 	1736 	1773
f 1737 	1738 	1774
f 1773 	1737 	1774
f 1738 	1739 	1775
f 1774 	1738 	1775
f 1739 	1740 	1776
f 1775 	1739 	1776
f 1740 	1741 	1777
f 1776 	1740 	1777
f 1741 	1742 	1778
f 1777 	1741 	1778
f 1742 	1743 	1779
f 1778 	1742 	1779
f 1743 	1744 	1780
f 1779 	1743 	1780
f 1744 	1745 	1781
f 1780 	1744 	1781
f 1745 	1746 	1782
f 1781 	1745 	1782
f 1746 	1747 	1783
f 1782 	1746 	1783
f 1747 	1748 	1784
f 1783 	1747 	1784
f 1748 	1749 	1785
f 1784 	1748 	1785
f 1749 	1750 	1786
f 1785 	1749 	1786
f 1750 	1751 	1787
f 1786 	1750 	1787
f 1751 	1752 	1788
f 1787 	1751 	1788
f 1752 	1753 	1789
f 1788 	1752 	1789
f 1753 	1754 	1790
f 1789 	1753 	1790
f 1754 	1755 	1791
f 1790 	1754 	1791
f 1755 	1756 	1792
f 1791 	1755 	1792
f 1756 	1757 	1793
f 1792 	1756 	1793
f 1757 	1758 	1794
f 1793 	1757 	1794
f 1758 	1759 	1795
f 1794 	1758 	1795
f 1759 	1760 	1796
f 1795 	1759 	1796
f 1760 	1761 	1797
f 1796 	1760 	1797
f 1761 	1762 	1798
f 1797 	1761 	1798
f 1762 	1763 	1799
f 1798 	1762 	1799
f 1763 	1764 	1800
f 1799 	1763 	1800
f 1764 	1765 	1801
f 1800 	1764 	1801
f 1765 	1766 	1802
f 1801 	1765 	1802
f 1766 	1767 	1803
f 1802 	1766 	1803
f 1767 	1768 	1804
f 1803 	1767 	1804
f 1768 	1769 	1805
f 1804 	1768 	1805
f 1769 	1735 	1771
f 1805 	1769 	1771
f 1771 	1770 	1806
f 1807 	1771 	1806
f 1770 	1772 	1808
f 1806 	1770 	1808
f 1772 	1773 	1809
f 1808 	1772 	1809
f 1773 	1774 	1810
f 1809 	1773 	1810
f 1774 	1775 	1811
f 1810 	1774 	1811
f 1775 	1776 	1812
f 1811 	1775 	1812
f 1776 	1777 	1813
f 1812 	1776 	1813
f 1777 	1778 	1814
f 1813 	1777 	1814
f 1778 	1779 	1815
f 1814 	1778 	1815
f 1779 	1780 	1816
f 1815 	1779 	1816
f 1780 	1781 	1817
f 1816 	1780 	1817
f 1781 	1782 	1818
f 1817 	1781 	1818
f 1782 	1783 	1819
f 1818 	1782 	1819
f 1783 	1784 	1820
f 1819 	1783 	1820
f 1784 	1785 	1821
f 1820 	1784 	1821
f 1785 	1786 	1822
f 1821 	1785 	1822
f 1786 	1787 	1823
f 1822 	1786 	1823
f 1787 	1788 	1824
f 1823 	1787 	1824
f 1788 	1789 	1825
f 1824 	1788 	1825
f 1789 	1790 	1826
f 1825 	1789 	1826
f 1790 	1791 	1827
f 1826 	1790 	1827
f 1791 	1792 	1828
f 1827 	1791 	1828
f 1792 	1793 	1829
f 1828 	1792 	1829
f 1793 	1794 	1830
f 1829 	1793 	1830
f 1794 	1795 	1831
f 1830 	1794 	1831
f 1795 	1796 	1832
f 1831 	1795 	1832
f 1796 	1797 	1833
f 1832 	1796 	1833
f 1797 	1798 	1834
f 1833 	1797 	1834
f 1798 	1799 	1835
f 1834 	1798 	1835
f 1799 	1800 	1836
f 1835 	1799 	1836
f 1800 	1801 	1837
f 1836 	1800 	1837
f 1801 	1802 	1838
f 1837 	1801 	1838
f 1802 	1803 	1839
f 1838 	1802 	1839
f 1803 	1804 	1840
f 1839 	1803 	1840
f 1804 	1805 	1841
f 1840 	1804 	1841
f 1805 	1771 	1807
f 1841 	1805 	1807
f 1807 	1806 	1842
f 1843 	1807 	1842
f 1806 	1808 	1844
f 1842 	1806 	1844
f 1808 	1809 	1845
f 1844 	1808 	1845
f 1809 	1810 	1846
f 1845 	1809 	1846
f 1810 	1811 	1847
f 1846 	1810 	1847
f 1811 	1812 	1848
f 1847 	1811 	1848
f 1812 	1813 	1849
f 1848 	1812 	1849
f 1813 	1814 	1850
f 1849 	1813 	1850
f 1814 	1815 	1851
f 1850 	1814 	1851
f 1815 	1816 	1852
f 1851 	1815 	1852
f 1816 	1817 	1853
f 1852 	1816 	1853
f 1817 	1818 	1854
f 1853 	1817 	1854
f 1818 	1819 	1855
f 1854 	1818 	1855
f 1819 	1820 	1856
f 1855 	1819 	1856
f 1820 	1821 	1857
f 1856 	1820 	1857
f 1821 	1822 	1858
f 1857 	1821 	1858
f 1822 	1823 	1859
f 1858 	1822 	1859
f 1823 	1824 	1860
f 1859 	1823 	1860
f 1824 	1825 	1861
f 1860 	1824 	1861
f 1825 	1826 	1862
f 1861 	1825 	1862
f 1826 	1827 	1863
f 1862 	1826 	1863
f 1827 	1828 	1864
f 1863 	1827 	1864
f 1828 	1829 	1865
f 1864 	1828 	1865
f 1829 	1830 	1866
f 1865 	1829 	1866
f 1830 	1831 	1867
f 1866 	1830 	1867
f 1831 	1832 	1868
f 1867 	1831 	1868
f 1832 	1833 	1869
f 1868 	1832 	1869
f 1833 	1834 	1870
f 1869 	1833 	1870
f 1834 	1835 	1871
f 1870 	1834 	1871
f 1835 	1836 	1872
f 1871 	1835 	1872
f 1836 	1837 	1873
f 1872 	1836 	1873
f 1837 	1838 	1874
f 1873 	1837 	1874
f 1838 	1839 	1875
f 1874 	1838 	1875
f 1839 	1840 	1876
f 1875 	1839 	1876
f 1840 	1841 	1877
f 1876 	1840 	1877
f 1841 	1807 	1843
f 1877 	1841 	1843
f 1843 	1842 	1878
f 1879 	1843 	1878
f 1842 	1844 	1880
f 1878 	1842 	1880
f 1844 	1845 	1881
f 1880 	1844 	1881
f 1845 	1846 	1882
f 1881 	1845 	1882
f 1846 	1847 	1883
f 1882 	1846 	1883
f 1847 	1848 	1884
f 1883 	1847 	1884
f 1848 	1849 	1885
f 1884 	1848 	1885
f 1849 	1850 	1886
f 1885 	1849 	1886
f 1850 	1851 	1887
f 1886 	1850 	1887
f 1851 	1852 	1888
f 1887 	1851 	1888
f 1852 	1853 	1889
f 1888 	1852 	1889
f 1853 	1854 	1890
f 1889 	1853 	1890
f 1854 	1855 	1891
f 1890 	1854 	1891
f 1855 	1856 	1892
f 1891 	1855 	1892
f 1856 	1857 	1893
f 1892 	1856 	1893
f 1857 	1858 	1894
f 1893 	1857 	1894
f 1858 	1859 	1895
f 1894 	1858 	1895
f 1859 	1860 	1896
f 1895 	1859 	1896
f 1860 	1861 	1897
f 1896 	1860 	1897
f 1861 	1862 	1898
f 1897 	1861 	1898
f 1862 	1863 	1899
f 1898 	1862 	1899
f 1863 	1864 	1900
f 1899 	1863 	1900
f 1864 	1865 	1901
f 1900 	1864 	1901
f 1865 	1866 	1902
f 1901 	1865 	1902
f 1866 	1867 	1903
f 1902 	1866 	1903
f 1867 	1868 	1904
f 1903 	1867 	1904
f 1868 	1869 	1905
f 1904 	1868 	1905
f 1869 	1870 	1906
f 1905 	1869 	1906
f 1870 	1871 	1907
f 1906 	1870 	1907
f 1871 	1872 	1908
f 1907 	1871 	1908
f 1872 	1873 	1909
f 1908 	1872 	1909
f 1873 	1874 	1910
f 1909 	1873 	1910
f 1874 	1875 	1911
f 1910 	1874 	1911
f 1875 	1876 	1912
f 1911 	1875 	1912
f 1876 	1877 	1913
f 1912 	1876 	1913
f 1877 	1843 	1879
f 1913 	1877 	1879
f 1879 	1878 	1914
f 1915 	1879 	1914
f 1878 	1880 	1916
f 1914 	1878 	1916
f 1880 	1881 	1917
f 1916 	1880 	1917
f 1881 	1882 	1918
f 1917 	1881 	1918
f 1882 	1883 	1919
f 1918 	1882 	1919
f 1883 	1884 	1920
f 1919 	1883 	1920
f 1884 	1885 	1921
f 1920 	1884 	1921
f 1885 	1886 	1922
f 1921 	1885 	1922
f 1886 	1887 	1923
f 1922 	1886 	1923
f 1887 	1888 	1924
f 1923 	1887 	1924
f 1888 	1889 	1925
f 1924 	1888 	1925
f 1889 	1890 	1926
f 1925 	1889 	1926
f 1890 	1891 	1927
f 1926 	1890 	1927
f 1891 	1892 	1928
f 1927 	1891 	1928
f 1892 	1893 	1929
f 1928 	1892 	1929
f 1893 	1894 	1930
f 1929 	1893 	1930
f 1894 	1895 	1931
f 1930 	1894 	1931
f 1895 	1896 	1932
f 1931 	1895 	1932
f 1896 	1897 	1933
f 1932 	1896 	1933
f 1897 	1898 	1934
f 1933 	1897 	1934
f 1898 	1899 	1935
f 1934 	1898 	1935
f 1899 	1900 	1936
f 1935 	1899 	1936
f 1900 	1901 	1937
f 1936 	1900 	1937
f 1901 	1902 	1938
f 1937 	1901 	1938
f 1902 	1903 	1939
f 1938 	1902 	1939
f 1903 	1904 	1940
f 1939 	1903 	1940
f 1904 	1905 	1941
f 1940 	1904 	1941
f 1905 	1906 	1942
f 1941 	1905 	1942
f 1906 	1907 	1943
f 1942 	1906 	1943
f 1907 	1908 	1944
f 1943 	1907 	1944
f 1908 	1909 	1945
f 1944 	1908 	1945
f 1909 	1910 	1946
f 1945 	1909 	1946
f 1910 	1911 	1947
f 1946 	1910 	1947
f 1911 	1912 	1948
f 1947 	1911 	1948
f 1912 	1913 	1949
f 1948 	1912 	1949
f 1913 	1879 	1915
f 1949 	1913 	1915
f 1915 	1914 	1950
f 1914 	1916 	1950
f 1916 	1917 	1950
f 1917 	1918 	1950
f 1918 	1919 	1950
f 1919 	1920 	1950
f 1920 	1921 	1950
f 1921 	1922 	1950
f 1922 	1923 	1950
f 1923 	1924 	1950
f 1924 	1925 	1950
f 1925 	1926 	1950
f 1926 	1927 	1950
f 1927 	1928 	1950
f 1928 	1929 	1950
f 1929 	1930 	1950
f 1930 	1931 	1950
f 1931 	1932 	1950
f 1932 	1933 	1950
f 1933 	1934 	1950
f 1934 	1935 	1950
f 1935 	1936 	1950
f 1936 	1937 	1950
f 1937 	1938 	1950
f 1938 	1939 	1950
f 1939 	1940 	1950
f 1940 	1941 	1950
f 1941 	1942 	1950
f 1942 	1943 	1950
f 1943 	1944 	1950
f 1944 	1945 	1950
f 1945 	1946 	1950
f 1946 	1947 	1950
f 1947 	1948 	1950
f 1948 	1949 	1950
f 1949 	1915 	1950
# 1296 faces

 #end of obj_2

o obj_3
v 5.7761 		3.7684 		2.1269
v 5.8091 		3.7486 		2.128
v 5.8109 		3.7531 		2.1327
v 5.8117 		3.7579 		2.1373
v 5.8113 		3.7631 		2.1416
v 5.8099 		3.7684 		2.1454
v 5.8074 		3.7737 		2.1487
v 5.8039 		3.7788 		2.1514
v 5.7996 		3.7835 		2.1534
v 5.7945 		3.7877 		2.1546
v 5.7889 		3.7913 		2.1551
v 5.7828 		3.7942 		2.1546
v 5.7766 		3.7963 		2.1534
v 5.7703 		3.7975 		2.1514
v 5.7641 		3.7978 		2.1487
v 5.7583 		3.7972 		2.1454
v 5.7531 		3.7956 		2.1416
v 5.7485 		3.7932 		2.1373
v 5.7447 		3.79 		2.1327
v 5.7419 		3.7861 		2.128
v 5.7401 		3.7817 		2.1234
v 5.7393 		3.7768 		2.1188
v 5.7397 		3.7716 		2.1145
v 5.7412 		3.7664 		2.1107
v 5.7436 		3.7611 		2.1074
v 5.7471 		3.756 		2.1047
v 5.7514 		3.7513 		2.1027
v 5.7565 		3.747 		2.1015
v 5.7621 		3.7434 		2.101
v 5.7682 		3.7405 		2.1015
v 5.7744 		3.7384 		2.1027
v 5.7807 		3.7372 		2.1047
v 5.7869 		3.737 		2.1074
v 5.7927 		3.7376 		2.1107
v 5.7979 		3.7391 		2.1145
v 5.8025 		3.7416 		2.1188
v 5.8063 		3.7447 		2.1234
v 5.8444 		3.7358 		2.141
v 5.8408 		3.7269 		2.1316
v 5.8458 		3.7455 		2.15
v 5.8451 		3.7558 		2.1585
v 5.8422 		3.7664 		2.1662
v 5.8373 		3.7769 		2.1728
v 5.8304 		3.787 		2.1782
v 5.8217 		3.7964 		2.1822
v 5.8117 		3.8048 		2.1846
v 5.8004 		3.8121 		2.1854
v 5.7884 		3.8178 		2.1846
v 5.7759 		3.822 		2.1822
v 5.7634 		3.8243 		2.1782
v 5.7511 		3.8249 		2.1728
v 5.7396 		3.8236 		2.1662
v 5.7291 		3.8206 		2.1585
v 5.72 		3.8158 		2.15
v 5.7124 		3.8094 		2.141
v 5.7068 		3.8017 		2.1316
v 5.7032 		3.7928 		2.1223
v 5.7017 		3.7831 		2.1132
v 5.7024 		3.7728 		2.1047
v 5.7053 		3.7622 		2.0971
v 5.7103 		3.7518 		2.0904
v 5.7172 		3.7416 		2.085
v 5.7258 		3.7322 		2.0811
v 5.7359 		3.7238 		2.0787
v 5.7471 		3.7166 		2.0778
v 5.7592 		3.7108 		2.0787
v 5.7717 		3.7066 		2.0811
v 5.7842 		3.7043 		2.085
v 5.7964 		3.7037 		2.0904
v 5.808 		3.705 		2.0971
v 5.8185 		3.7081 		2.1047
v 5.8276 		3.7128 		2.1132
v 5.8351 		3.7192 		2.1223
v 5.8762 		3.7167 		2.1515
v 5.8708 		3.7035 		2.1376
v 5.8783 		3.7312 		2.165
v 5.8773 		3.7465 		2.1777
v 5.8729 		3.7623 		2.1891
v 5.8655 		3.7779 		2.199
v 5.8553 		3.793 		2.207
v 5.8424 		3.807 		2.2129
v 5.8274 		3.8196 		2.2166
v 5.8107 		3.8304 		2.2178
v 5.7927 		3.839 		2.2166
v 5.7741 		3.8451 		2.2129
v 5.7554 		3.8487 		2.207
v 5.7372 		3.8495 		2.199
v 5.72 		3.8476 		2.1891
v 5.7043 		3.843 		2.1777
v 5.6907 		3.8359 		2.165
v 5.6795 		3.8264 		2.1515
v 5.6711 		3.8149 		2.1376
v 5.6657 		3.8017 		2.1237
v 5.6635 		3.7872 		2.1102
v 5.6646 		3.7719 		2.0975
v 5.6689 		3.7561 		2.086
v 5.6763 		3.7405 		2.0762
v 5.6866 		3.7254 		2.0681
v 5.6995 		3.7114 		2.0622
v 5.7145 		3.6988 		2.0586
v 5.7312 		3.688 		2.0574
v 5.7492 		3.6794 		2.0586
v 5.7678 		3.6733 		2.0622
v 5.7865 		3.6697 		2.0681
v 5.8047 		3.6689 		2.0762
v 5.8219 		3.6708 		2.086
v 5.8375 		3.6754 		2.0975
v 5.8512 		3.6825 		2.1102
v 5.8624 		3.692 		2.1237
v 5.906 		3.6959 		2.1642
v 5.8989 		3.6785 		2.1458
v 5.9089 		3.7151 		2.1821
v 5.9075 		3.7354 		2.1988
v 5.9018 		3.7561 		2.214
v 5.892 		3.7768 		2.227
v 5.8784 		3.7967 		2.2376
v 5.8614 		3.8153 		2.2454
v 5.8416 		3.8319 		2.2502
v 5.8195 		3.8461 		2.2518
v 5.7958 		3.8575 		2.2502
v 5.7712 		3.8657 		2.2454
v 5.7465 		3.8704 		2.2376
v 5.7224 		3.8715 		2.227
v 5.6996 		3.869 		2.214
v 5.679 		3.8629 		2.1988
v 5.6609 		3.8535 		2.1821
v 5.6462 		3.8409 		2.1642
v 5.635 		3.8257 		2.1458
v 5.6279 		3.8083 		2.1274
v 5.625 		3.7891 		2.1096
v 5.6265 		3.7688 		2.0929
v 5.6322 		3.748 		2.0777
v 5.642 		3.7274 		2.0647
v 5.6555 		3.7075 		2.0541
v 5.6725 		3.6889 		2.0463
v 5.6924 		3.6723 		2.0415
v 5.7145 		3.658 		2.0399
v 5.7382 		3.6467 		2.0415
v 5.7628 		3.6385 		2.0463
v 5.7875 		3.6338 		2.0541
v 5.8116 		3.6327 		2.0647
v 5.8343 		3.6352 		2.0777
v 5.855 		3.6413 		2.0929
v 5.873 		3.6507 		2.1096
v 5.8878 		3.6632 		2.1274
v 5.9337 		3.6736 		2.1791
v 5.925 		3.6521 		2.1564
v 5.9373 		3.6973 		2.2011
v 5.9355 		3.7224 		2.2218
v 5.9285 		3.7481 		2.2405
v 5.9164 		3.7736 		2.2567
v 5.8996 		3.7982 		2.2698
v 5.8786 		3.8211 		2.2794
v 5.8541 		3.8417 		2.2853
v 5.8268 		3.8593 		2.2873
v 5.7975 		3.8733 		2.2853
v 5.7671 		3.8834 		2.2794
v 5.7366 		3.8892 		2.2698
v 5.7068 		3.8906 		2.2567
v 5.6787 		3.8875 		2.2405
v 5.6532 		3.88 		2.2218
v 5.6309 		3.8683 		2.2011
v 5.6126 		3.8528 		2.1791
v 5.5989 		3.834 		2.1564
v 5.5901 		3.8125 		2.1336
v 5.5866 		3.7888 		2.1116
v 5.5883 		3.7638 		2.0909
v 5.5954 		3.7381 		2.0722
v 5.6075 		3.7125 		2.056
v 5.6242 		3.6879 		2.043
v 5.6452 		3.665 		2.0333
v 5.6698 		3.6444 		2.0274
v 5.6971 		3.6268 		2.0254
v 5.7264 		3.6128 		2.0274
v 5.7567 		3.6027 		2.0333
v 5.7873 		3.5969 		2.043
v 5.817 		3.5956 		2.056
v 5.8451 		3.5987 		2.0722
v 5.8707 		3.6062 		2.0909
v 5.8929 		3.6178 		2.1116
v 5.9112 		3.6333 		2.1336
v 5.9591 		3.65 		2.1959
v 5.9487 		3.6245 		2.169
v 5.9633 		3.678 		2.222
v 5.9613 		3.7077 		2.2465
v 5.9529 		3.7381 		2.2686
v 5.9386 		3.7683 		2.2877
v 5.9187 		3.7974 		2.3032
v 5.8939 		3.8245 		2.3146
v 5.8649 		3.8489 		2.3216
v 5.8326 		3.8697 		2.324
v 5.7979 		3.8863 		2.3216
v 5.762 		3.8982 		2.3146
v 5.7259 		3.9051 		2.3032
v 5.6906 		3.9067 		2.2877
v 5.6574 		3.903 		2.2686
v 5.6272 		3.8941 		2.2465
v 5.6008 		3.8803 		2.222
v 5.5792 		3.862 		2.1959
v 5.563 		3.8398 		2.169
v 5.5526 		3.8143 		2.1421
v 5.5484 		3.7863 		2.1161
v 5.5504 		3.7566 		2.0916
v 5.5588 		3.7262 		2.0695
v 5.5731 		3.696 		2.0504
v 5.593 		3.6669 		2.0349
v 5.6178 		3.6398 		2.0235
v 5.6468 		3.6155 		2.0165
v 5.6791 		3.5947 		2.0141
v 5.7138 		3.5781 		2.0165
v 5.7497 		3.5661 		2.0235
v 5.7858 		3.5593 		2.0349
v 5.8211 		3.5576 		2.0504
v 5.8543 		3.5613 		2.0695
v 5.8845 		3.5702 		2.0916
v 5.9109 		3.584 		2.1161
v 5.9325 		3.6023 		2.1421
v 5.982 		3.6253 		2.2147
v 5.97 		3.596 		2.1838
v 5.9868 		3.6574 		2.2446
v 5.9844 		3.6914 		2.2727
v 5.9749 		3.7263 		2.298
v 5.9584 		3.7609 		2.3199
v 5.9356 		3.7943 		2.3377
v 5.9072 		3.8255 		2.3508
v 5.8739 		3.8534 		2.3588
v 5.8368 		3.8772 		2.3615
v 5.797 		3.8963 		2.3588
v 5.7558 		3.9099 		2.3508
v 5.7144 		3.9178 		2.3377
v 5.674 		3.9197 		2.3199
v 5.6359 		3.9155 		2.298
v 5.6012 		3.9053 		2.2727
v 5.571 		3.8895 		2.2446
v 5.5462 		3.8685 		2.2147
v 5.5275 		3.843 		2.1838
v 5.5156 		3.8137 		2.1529
v 5.5107 		3.7816 		2.123
v 5.5131 		3.7476 		2.0949
v 5.5227 		3.7127 		2.0696
v 5.5391 		3.678 		2.0477
v 5.5619 		3.6446 		2.0299
v 5.5904 		3.6135 		2.0168
v 5.6237 		3.5856 		2.0088
v 5.6608 		3.5618 		2.0061
v 5.7005 		3.5427 		2.0088
v 5.7417 		3.529 		2.0168
v 5.7832 		3.5211 		2.0299
v 5.8236 		3.5193 		2.0477
v 5.8617 		3.5235 		2.0696
v 5.8964 		3.5337 		2.0949
v 5.9266 		3.5495 		2.123
v 5.9514 		3.5705 		2.1529
v 6.0021 		3.5995 		2.2351
v 5.9887 		3.5667 		2.2005
v 6.0075 		3.6355 		2.2686
v 6.0048 		3.6736 		2.3001
v 5.9941 		3.7127 		2.3285
v 5.9757 		3.7516 		2.3531
v 5.9502 		3.789 		2.373
v 5.9183 		3.8239 		2.3877
v 5.881 		3.8552 		2.3967
v 5.8394 		3.8819 		2.3997
v 5.7948 		3.9032 		2.3967
v 5.7486 		3.9185 		2.3877
v 5.7022 		3.9274 		2.373
v 5.6569 		3.9295 		2.3531
v 5.6142 		3.9247 		2.3285
v 5.5753 		3.9133 		2.3001
v 5.5415 		3.8956 		2.2686
v 5.5137 		3.8721 		2.2351
v 5.4928 		3.8435 		2.2005
v 5.4794 		3.8107 		2.1659
v 5.474 		3.7747 		2.1324
v 5.4767 		3.7366 		2.1009
v 5.4874 		3.6975 		2.0725
v 5.5058 		3.6587 		2.048
v 5.5313 		3.6212 		2.0281
v 5.5632 		3.5863 		2.0134
v 5.6005 		3.5551 		2.0044
v 5.6421 		3.5284 		2.0014
v 5.6867 		3.507 		2.0044
v 5.7329 		3.4917 		2.0134
v 5.7793 		3.4828 		2.0281
v 5.8246 		3.4808 		2.048
v 5.8673 		3.4855 		2.0725
v 5.9062 		3.4969 		2.1009
v 5.94 		3.5146 		2.1324
v 5.9678 		3.5381 		2.1659
v 6.0193 		3.573 		2.2571
v 6.0046 		3.5369 		2.2191
v 6.0253 		3.6126 		2.294
v 6.0223 		3.6546 		2.3286
v 6.0106 		3.6975 		2.3599
v 5.9903 		3.7403 		2.3869
v 5.9622 		3.7814 		2.4088
v 5.9271 		3.8198 		2.425
v 5.8861 		3.8542 		2.4348
v 5.8404 		3.8836 		2.4382
v 5.7914 		3.9071 		2.4348
v 5.7405 		3.924 		2.425
v 5.6894 		3.9337 		2.4088
v 5.6396 		3.936 		2.3869
v 5.5926 		3.9308 		2.3599
v 5.5499 		3.9182 		2.3286
v 5.5126 		3.8987 		2.294
v 5.4821 		3.8729 		2.2571
v 5.4591 		3.8414 		2.2191
v 5.4444 		3.8053 		2.181
v 5.4384 		3.7657 		2.1442
v 5.4414 		3.7238 		2.1095
v 5.4531 		3.6808 		2.0783
v 5.4734 		3.6381 		2.0513
v 5.5015 		3.5969 		2.0294
v 5.5366 		3.5585 		2.0132
v 5.5776 		3.5241 		2.0033
v 5.6233 		3.4947 		2
v 5.6724 		3.4712 		2.0033
v 5.7232 		3.4544 		2.0132
v 5.7743 		3.4447 		2.0294
v 5.8241 		3.4424 		2.0513
v 5.8711 		3.4476 		2.0783
v 5.9138 		3.4601 		2.1095
v 5.9511 		3.4796 		2.1442
v 5.9816 		3.5055 		2.181
v 6.0336 		3.5459 		2.2806
v 6.0177 		3.5068 		2.2393
v 6.04 		3.5888 		2.3205
v 6.0368 		3.6343 		2.358
v 6.0241 		3.6808 		2.3919
v 6.0022 		3.7271 		2.4212
v 5.9717 		3.7717 		2.4449
v 5.9337 		3.8133 		2.4624
v 5.8892 		3.8506 		2.4731
v 5.8397 		3.8824 		2.4767
v 5.7866 		3.9079 		2.4731
v 5.7315 		3.9261 		2.4624
v 5.6762 		3.9367 		2.4449
v 5.6222 		3.9391 		2.4212
v 5.5713 		3.9335 		2.3919
v 5.525 		3.9199 		2.358
v 5.4847 		3.8988 		2.3205
v 5.4515 		3.8708 		2.2806
v 5.4266 		3.8367 		2.2393
v 5.4107 		3.7976 		2.1981
v 5.4042 		3.7547 		2.1582
v 5.4074 		3.7093 		2.1207
v 5.4202 		3.6627 		2.0868
v 5.4421 		3.6164 		2.0575
v 5.4726 		3.5718 		2.0338
v 5.5106 		3.5302 		2.0163
v 5.5551 		3.493 		2.0056
v 5.6046 		3.4611 		2.002
v 5.6577 		3.4357 		2.0056
v 5.7127 		3.4174 		2.0163
v 5.7681 		3.4069 		2.0338
v 5.822 		3.4044 		2.0575
v 5.873 		3.41 		2.0868
v 5.9193 		3.4236 		2.1207
v 5.9596 		3.4447 		2.1582
v 5.9928 		3.4728 		2.1981
v 6.0447 		3.5185 		2.3052
v 6.0277 		3.4767 		2.2611
v 6.0516 		3.5644 		2.3479
v 6.0482 		3.6129 		2.388
v 6.0346 		3.6627 		2.4243
v 6.0111 		3.7122 		2.4556
v 5.9786 		3.7599 		2.4809
v 5.9379 		3.8044 		2.4996
v 5.8904 		3.8443 		2.5111
v 5.8374 		3.8783 		2.5149
v 5.7806 		3.9055 		2.5111
v 5.7217 		3.925 		2.4996
v 5.6626 		3.9363 		2.4809
v 5.6049 		3.939 		2.4556
v 5.5504 		3.9329 		2.4243
v 5.5009 		3.9184 		2.388
v 5.4577 		3.8958 		2.3479
v 5.4223 		3.8658 		2.3052
v 5.3957 		3.8294 		2.2611
v 5.3787 		3.7876 		2.2171
v 5.3718 		3.7417 		2.1743
v 5.3752 		3.6931 		2.1342
v 5.3888 		3.6433 		2.098
v 5.4123 		3.5938 		2.0667
v 5.4448 		3.5461 		2.0413
v 5.4855 		3.5017 		2.0226
v 5.533 		3.4618 		2.0112
v 5.586 		3.4278 		2.0073
v 5.6428 		3.4006 		2.0112
v 5.7016 		3.3811 		2.0226
v 5.7608 		3.3698 		2.0413
v 5.8185 		3.3671 		2.0667
v 5.873 		3.3732 		2.098
v 5.9225 		3.3877 		2.1342
v 5.9656 		3.4103 		2.1743
v 6.0011 		3.4403 		2.2171
v 6.0527 		3.4909 		2.3309
v 6.0347 		3.4467 		2.2843
v 6.06 		3.5394 		2.3761
v 6.0564 		3.5907 		2.4185
v 6.0419 		3.6434 		2.4568
v 6.0171 		3.6957 		2.4899
v 5.9827 		3.7462 		2.5167
v 5.9397 		3.7931 		2.5364
v 5.8895 		3.8353 		2.5486
v 5.8335 		3.8713 		2.5526
v 5.7735 		3.9 		2.5486
v 5.7112 		3.9207 		2.5364
v 5.6486 		3.9326 		2.5167
v 5.5876 		3.9354 		2.4899
v 5.5301 		3.929 		2.4568
v 5.4777 		3.9137 		2.4185
v 5.4321 		3.8898 		2.3761
v 5.3947 		3.8581 		2.3309
v 5.3665 		3.8196 		2.2843
v 5.3485 		3.7754 		2.2377
v 5.3412 		3.7269 		2.1925
v 5.3448 		3.6755 		2.1501
v 5.3592 		3.6229 		2.1118
v 5.384 		3.5706 		2.0788
v 5.4184 		3.5201 		2.0519
v 5.4614 		3.4731 		2.0322
v 5.5117 		3.431 		2.0201
v 5.5677 		3.395 		2.016
v 5.6277 		3.3662 		2.0201
v 5.69 		3.3456 		2.0322
v 5.7525 		3.3337 		2.0519
v 5.8135 		3.3309 		2.0788
v 5.8711 		3.3372 		2.1118
v 5.9235 		3.3526 		2.1501
v 5.9691 		3.3765 		2.1925
v 6.0065 		3.4082 		2.2377
v 6.0574 		3.4633 		2.3574
v 6.0385 		3.4171 		2.3087
v 6.065 		3.5141 		2.4047
v 6.0612 		3.5678 		2.4491
v 6.0461 		3.6229 		2.4892
v 6.0202 		3.6777 		2.5238
v 5.9842 		3.7305 		2.5519
v 5.9392 		3.7797 		2.5725
v 5.8866 		3.8238 		2.5852
v 5.828 		3.8614 		2.5895
v 5.7652 		3.8915 		2.5852
v 5.7 		3.9131 		2.5725
v 5.6345 		3.9256 		2.5519
v 5.5707 		3.9285 		2.5238
v 5.5105 		3.9219 		2.4892
v 5.4557 		3.9058 		2.4491
v 5.4079 		3.8808 		2.4047
v 5.3687 		3.8476 		2.3574
v 5.3393 		3.8073 		2.3087
v 5.3204 		3.7611 		2.2599
v 5.3128 		3.7103 		2.2126
v 5.3166 		3.6566 		2.1683
v 5.3317 		3.6015 		2.1282
v 5.3576 		3.5467 		2.0936
v 5.3936 		3.4939 		2.0655
v 5.4386 		3.4447 		2.0448
v 5.4912 		3.4006 		2.0321
v 5.5498 		3.363 		2.0279
v 5.6126 		3.3329 		2.0321
v 5.6778 		3.3113 		2.0448
v 5.7433 		3.2988 		2.0655
v 5.8071 		3.2959 		2.0936
v 5.8673 		3.3025 		2.1282
v 5.9221 		3.3186 		2.1683
v 5.9699 		3.3436 		2.2126
v 6.0091 		3.3768 		2.2599
v 6.0588 		3.436 		2.3846
v 6.0392 		3.3881 		2.3341
v 6.0667 		3.4887 		2.4336
v 6.0628 		3.5444 		2.4796
v 6.0471 		3.6015 		2.5212
v 6.0202 		3.6583 		2.5571
v 5.9829 		3.713 		2.5862
v 5.9362 		3.764 		2.6076
v 5.8817 		3.8097 		2.6208
v 5.8209 		3.8488 		2.6252
v 5.7558 		3.88 		2.6208
v 5.6883 		3.9024 		2.6076
v 5.6204 		3.9153 		2.5862
v 5.5542 		3.9184 		2.5571
v 5.4917 		3.9115 		2.5212
v 5.4349 		3.8948 		2.4796
v 5.3854 		3.8689 		2.4336
v 5.3448 		3.8345 		2.3846
v 5.3142 		3.7927 		2.3341
v 5.2947 		3.7448 		2.2835
v 5.2868 		3.6921 		2.2345
v 5.2907 		3.6364 		2.1885
v 5.3063 		3.5793 		2.1469
v 5.3332 		3.5225 		2.111
v 5.3706 		3.4678 		2.0819
v 5.4172 		3.4168 		2.0605
v 5.4718 		3.371 		2.0473
v 5.5325 		3.332 		2.0429
v 5.5977 		3.3008 		2.0473
v 5.6652 		3.2784 		2.0605
v 5.7331 		3.2655 		2.0819
v 5.7993 		3.2624 		2.111
v 5.8617 		3.2693 		2.1469
v 5.9186 		3.286 		2.1885
v 5.968 		3.3119 		2.2345
v 6.0087 		3.3463 		2.2835
v 6.0569 		3.4092 		2.4122
v 6.0368 		3.3599 		2.3603
v 6.065 		3.4633 		2.4626
v 6.061 		3.5206 		2.5099
v 6.0449 		3.5793 		2.5526
v 6.0172 		3.6377 		2.5895
v 5.9789 		3.6939 		2.6194
v 5.9309 		3.7464 		2.6415
v 5.8749 		3.7934 		2.655
v 5.8124 		3.8335 		2.6595
v 5.7454 		3.8656 		2.655
v 5.676 		3.8886 		2.6415
v 5.6062 		3.9019 		2.6194
v 5.5382 		3.905 		2.5895
v 5.474 		3.8979 		2.5526
v 5.4156 		3.8808 		2.5099
v 5.3647 		3.8541 		2.4626
v 5.3229 		3.8188 		2.4122
v 5.2915 		3.7758 		2.3603
v 5.2715 		3.7266 		2.3083
v 5.2633 		3.6724 		2.2579
v 5.2674 		3.6152 		2.2106
v 5.2834 		3.5564 		2.1679
v 5.3111 		3.4981 		2.131
v 5.3495 		3.4418 		2.1011
v 5.3974 		3.3894 		2.079
v 5.4535 		3.3424 		2.0655
v 5.5159 		3.3023 		2.061
v 5.5829 		3.2702 		2.0655
v 5.6523 		3.2472 		2.079
v 5.7221 		3.2339 		2.1011
v 5.7901 		3.2307 		2.131
v 5.8543 		3.2378 		2.1679
v 5.9128 		3.255 		2.2106
v 5.9636 		3.2816 		2.2579
v 6.0054 		3.317 		2.3083
v 6.0517 		3.3831 		2.4401
v 6.0312 		3.3328 		2.3871
v 6.06 		3.4382 		2.4914
v 6.0559 		3.4966 		2.5396
v 6.0395 		3.5565 		2.5832
v 6.0113 		3.616 		2.6208
v 5.9721 		3.6734 		2.6513
v 5.9233 		3.7268 		2.6738
v 5.8661 		3.7747 		2.6876
v 5.8024 		3.8156 		2.6922
v 5.7342 		3.8483 		2.6876
v 5.6634 		3.8718 		2.6738
v 5.5922 		3.8854 		2.6513
v 5.5229 		3.8886 		2.6208
v 5.4574 		3.8813 		2.5832
v 5.3979 		3.8639 		2.5396
v 5.346 		3.8367 		2.4914
v 5.3034 		3.8007 		2.4401
v 5.2714 		3.7569 		2.3871
v 5.2509 		3.7066 		2.3341
v 5.2426 		3.6514 		2.2827
v 5.2467 		3.593 		2.2345
v 5.2631 		3.5332 		2.1909
v 5.2913 		3.4737 		2.1533
v 5.3305 		3.4163 		2.1228
v 5.3794 		3.3629 		2.1004
v 5.4365 		3.315 		2.0866
v 5.5002 		3.274 		2.0819
v 5.5684 		3.2413 		2.0866
v 5.6392 		3.2179 		2.1004
v 5.7104 		3.2043 		2.1228
v 5.7797 		3.2011 		2.1533
v 5.8452 		3.2084 		2.1909
v 5.9048 		3.2258 		2.2345
v 5.9566 		3.253 		2.2827
v 5.9992 		3.289 		2.3341
v 6.0433 		3.3578 		2.4679
v 6.0225 		3.307 		2.4143
v 6.0517 		3.4136 		2.5199
v 6.0475 		3.4727 		2.5686
v 6.0309 		3.5332 		2.6127
v 6.0024 		3.5934 		2.6508
v 5.9628 		3.6514 		2.6816
v 5.9133 		3.7055 		2.7044
v 5.8555 		3.754 		2.7183
v 5.7911 		3.7954 		2.723
v 5.7221 		3.8285 		2.7183
v 5.6505 		3.8522 		2.7044
v 5.5785 		3.8659 		2.6816
v 5.5083 		3.8691 		2.6508
v 5.4421 		3.8618 		2.6127
v 5.3819 		3.8441 		2.5686
v 5.3294 		3.8167 		2.5199
v 5.2863 		3.7802 		2.4679
v 5.254 		3.7359 		2.4143
v 5.2332 		3.6851 		2.3607
v 5.2248 		3.6293 		2.3087
v 5.229 		3.5702 		2.26
v 5.2456 		3.5096 		2.2159
v 5.2741 		3.4494 		2.1779
v 5.3137 		3.3914 		2.147
v 5.3632 		3.3374 		2.1243
v 5.421 		3.2889 		2.1103
v 5.4854 		3.2475 		2.1057
v 5.5544 		3.2144 		2.1103
v 5.626 		3.1907 		2.1243
v 5.698 		3.177 		2.147
v 5.7682 		3.1737 		2.1779
v 5.8344 		3.1811 		2.2159
v 5.8946 		3.1987 		2.26
v 5.9471 		3.2262 		2.3087
v 5.9902 		3.2627 		2.3607
v 6.0316 		3.3336 		2.4956
v 6.0109 		3.2826 		2.4418
v 6.0401 		3.3896 		2.5477
v 6.0359 		3.4489 		2.5967
v 6.0192 		3.5097 		2.6409
v 5.9906 		3.5701 		2.6791
v 5.9509 		3.6284 		2.7101
v 5.9012 		3.6826 		2.7329
v 5.8432 		3.7313 		2.7469
v 5.7786 		3.7728 		2.7516
v 5.7092 		3.806 		2.7469
v 5.6374 		3.8299 		2.7329
v 5.5651 		3.8436 		2.7101
v 5.4947 		3.8469 		2.6791
v 5.4282 		3.8395 		2.6409
v 5.3677 		3.8218 		2.5967
v 5.3151 		3.7942 		2.5477
v 5.2718 		3.7576 		2.4956
v 5.2393 		3.7131 		2.4418
v 5.2185 		3.6621 		2.388
v 5.2101 		3.6061 		2.3358
v 5.2143 		3.5468 		2.2868
v 5.2309 		3.486 		2.2426
v 5.2596 		3.4256 		2.2044
v 5.2993 		3.3674 		2.1734
v 5.3489 		3.3131 		2.1506
v 5.407 		3.2644 		2.1366
v 5.4716 		3.2229 		2.1319
v 5.5409 		3.1897 		2.1366
v 5.6128 		3.1658 		2.1506
v 5.6851 		3.1521 		2.1734
v 5.7555 		3.1488 		2.2044
v 5.822 		3.1562 		2.2426
v 5.8824 		3.1739 		2.2868
v 5.9351 		3.2015 		2.3358
v 5.9783 		3.2381 		2.388
v 5.6251 		3.4979 		2.4418
# 650 vertices

g group_3_5122067

usemtl color_5122067
s 0

f 1952 	1951 	1953
f 1953 	1951 	1954
f 1954 	1951 	1955
f 1955 	1951 	1956
f 1956 	1951 	1957
f 1957 	1951 	1958
f 1958 	1951 	1959
f 1959 	1951 	1960
f 1960 	1951 	1961
f 1961 	1951 	1962
f 1962 	1951 	1963
f 1963 	1951 	1964
f 1964 	1951 	1965
f 1965 	1951 	1966
f 1966 	1951 	1967
f 1967 	1951 	1968
f 1968 	1951 	1969
f 1969 	1951 	1970
f 1970 	1951 	1971
f 1971 	1951 	1972
f 1972 	1951 	1973
f 1973 	1951 	1974
f 1974 	1951 	1975
f 1975 	1951 	1976
f 1976 	1951 	1977
f 1977 	1951 	1978
f 1978 	1951 	1979
f 1979 	1951 	1980
f 1980 	1951 	1981
f 1981 	1951 	1982
f 1982 	1951 	1983
f 1983 	1951 	1984
f 1984 	1951 	1985
f 1985 	1951 	1986
f 1986 	1951 	1987
f 1987 	1951 	1952
f 1952 	1953 	1988
f 1989 	1952 	1988
f 1953 	1954 	1990
f 1988 	1953 	1990
f 1954 	1955 	1991
f 1990 	1954 	1991
f 1955 	1956 	1992
f 1991 	1955 	1992
f 1956 	1957 	1993
f 1992 	1956 	1993
f 1957 	1958 	1994
f 1993 	1957 	1994
f 1958 	1959 	1995
f 1994 	1958 	1995
f 1959 	1960 	1996
f 1995 	1959 	1996
f 1960 	1961 	1997
f 1996 	1960 	1997
f 1961 	1962 	1998
f 1997 	1961 	1998
f 1962 	1963 	1999
f 1998 	1962 	1999
f 1963 	1964 	2000
f 1999 	1963 	2000
f 1964 	1965 	2001
f 2000 	1964 	2001
f 1965 	1966 	2002
f 2001 	1965 	2002
f 1966 	1967 	2003
f 2002 	1966 	2003
f 1967 	1968 	2004
f 2003 	1967 	2004
f 1968 	1969 	2005
f 2004 	1968 	2005
f 1969 	1970 	2006
f 2005 	1969 	2006
f 1970 	1971 	2007
f 2006 	1970 	2007
f 1971 	1972 	2008
f 2007 	1971 	2008
f 1972 	1973 	2009
f 2008 	1972 	2009
f 1973 	1974 	2010
f 2009 	1973 	2010
f 1974 	1975 	2011
f 2010 	1974 	2011
f 1975 	1976 	2012
f 2011 	1975 	2012
f 1976 	1977 	2013
f 2012 	1976 	2013
f 1977 	1978 	2014
f 2013 	1977 	2014
f 1978 	1979 	2015
f 2014 	1978 	2015
f 1979 	1980 	2016
f 2015 	1979 	2016
f 1980 	1981 	2017
f 2016 	1980 	2017
f 1981 	1982 	2018
f 2017 	1981 	2018
f 1982 	1983 	2019
f 2018 	1982 	2019
f 1983 	1984 	2020
f 2019 	1983 	2020
f 1984 	1985 	2021
f 2020 	1984 	2021
f 1985 	1986 	2022
f 2021 	1985 	2022
f 1986 	1987 	2023
f 2022 	1986 	2023
f 1987 	1952 	1989
f 2023 	1987 	1989
f 1989 	1988 	2024
f 2025 	1989 	2024
f 1988 	1990 	2026
f 2024 	1988 	2026
f 1990 	1991 	2027
f 2026 	1990 	2027
f 1991 	1992 	2028
f 2027 	1991 	2028
f 1992 	1993 	2029
f 2028 	1992 	2029
f 1993 	1994 	2030
f 2029 	1993 	2030
f 1994 	1995 	2031
f 2030 	1994 	2031
f 1995 	1996 	2032
f 2031 	1995 	2032
f 1996 	1997 	2033
f 2032 	1996 	2033
f 1997 	1998 	2034
f 2033 	1997 	2034
f 1998 	1999 	2035
f 2034 	1998 	2035
f 1999 	2000 	2036
f 2035 	1999 	2036
f 2000 	2001 	2037
f 2036 	2000 	2037
f 2001 	2002 	2038
f 2037 	2001 	2038
f 2002 	2003 	2039
f 2038 	2002 	2039
f 2003 	2004 	2040
f 2039 	2003 	2040
f 2004 	2005 	2041
f 2040 	2004 	2041
f 2005 	2006 	2042
f 2041 	2005 	2042
f 2006 	2007 	2043
f 2042 	2006 	2043
f 2007 	2008 	2044
f 2043 	2007 	2044
f 2008 	2009 	2045
f 2044 	2008 	2045
f 2009 	2010 	2046
f 2045 	2009 	2046
f 2010 	2011 	2047
f 2046 	2010 	2047
f 2011 	2012 	2048
f 2047 	2011 	2048
f 2012 	2013 	2049
f 2048 	2012 	2049
f 2013 	2014 	2050
f 2049 	2013 	2050
f 2014 	2015 	2051
f 2050 	2014 	2051
f 2015 	2016 	2052
f 2051 	2015 	2052
f 2016 	2017 	2053
f 2052 	2016 	2053
f 2017 	2018 	2054
f 2053 	2017 	2054
f 2018 	2019 	2055
f 2054 	2018 	2055
f 2019 	2020 	2056
f 2055 	2019 	2056
f 2020 	2021 	2057
f 2056 	2020 	2057
f 2021 	2022 	2058
f 2057 	2021 	2058
f 2022 	2023 	2059
f 2058 	2022 	2059
f 2023 	1989 	2025
f 2059 	2023 	2025
f 2025 	2024 	2060
f 2061 	2025 	2060
f 2024 	2026 	2062
f 2060 	2024 	2062
f 2026 	2027 	2063
f 2062 	2026 	2063
f 2027 	2028 	2064
f 2063 	2027 	2064
f 2028 	2029 	2065
f 2064 	2028 	2065
f 2029 	2030 	2066
f 2065 	2029 	2066
f 2030 	2031 	2067
f 2066 	2030 	2067
f 2031 	2032 	2068
f 2067 	2031 	2068
f 2032 	2033 	2069
f 2068 	2032 	2069
f 2033 	2034 	2070
f 2069 	2033 	2070
f 2034 	2035 	2071
f 2070 	2034 	2071
f 2035 	2036 	2072
f 2071 	2035 	2072
f 2036 	2037 	2073
f 2072 	2036 	2073
f 2037 	2038 	2074
f 2073 	2037 	2074
f 2038 	2039 	2075
f 2074 	2038 	2075
f 2039 	2040 	2076
f 2075 	2039 	2076
f 2040 	2041 	2077
f 2076 	2040 	2077
f 2041 	2042 	2078
f 2077 	2041 	2078
f 2042 	2043 	2079
f 2078 	2042 	2079
f 2043 	2044 	2080
f 2079 	2043 	2080
f 2044 	2045 	2081
f 2080 	2044 	2081
f 2045 	2046 	2082
f 2081 	2045 	2082
f 2046 	2047 	2083
f 2082 	2046 	2083
f 2047 	2048 	2084
f 2083 	2047 	2084
f 2048 	2049 	2085
f 2084 	2048 	2085
f 2049 	2050 	2086
f 2085 	2049 	2086
f 2050 	2051 	2087
f 2086 	2050 	2087
f 2051 	2052 	2088
f 2087 	2051 	2088
f 2052 	2053 	2089
f 2088 	2052 	2089
f 2053 	2054 	2090
f 2089 	2053 	2090
f 2054 	2055 	2091
f 2090 	2054 	2091
f 2055 	2056 	2092
f 2091 	2055 	2092
f 2056 	2057 	2093
f 2092 	2056 	2093
f 2057 	2058 	2094
f 2093 	2057 	2094
f 2058 	2059 	2095
f 2094 	2058 	2095
f 2059 	2025 	2061
f 2095 	2059 	2061
f 2061 	2060 	2096
f 2097 	2061 	2096
f 2060 	2062 	2098
f 2096 	2060 	2098
f 2062 	2063 	2099
f 2098 	2062 	2099
f 2063 	2064 	2100
f 2099 	2063 	2100
f 2064 	2065 	2101
f 2100 	2064 	2101
f 2065 	2066 	2102
f 2101 	2065 	2102
f 2066 	2067 	2103
f 2102 	2066 	2103
f 2067 	2068 	2104
f 2103 	2067 	2104
f 2068 	2069 	2105
f 2104 	2068 	2105
f 2069 	2070 	2106
f 2105 	2069 	2106
f 2070 	2071 	2107
f 2106 	2070 	2107
f 2071 	2072 	2108
f 2107 	2071 	2108
f 2072 	2073 	2109
f 2108 	2072 	2109
f 2073 	2074 	2110
f 2109 	2073 	2110
f 2074 	2075 	2111
f 2110 	2074 	2111
f 2075 	2076 	2112
f 2111 	2075 	2112
f 2076 	2077 	2113
f 2112 	2076 	2113
f 2077 	2078 	2114
f 2113 	2077 	2114
f 2078 	2079 	2115
f 2114 	2078 	2115
f 2079 	2080 	2116
f 2115 	2079 	2116
f 2080 	2081 	2117
f 2116 	2080 	2117
f 2081 	2082 	2118
f 2117 	2081 	2118
f 2082 	2083 	2119
f 2118 	2082 	2119
f 2083 	2084 	2120
f 2119 	2083 	2120
f 2084 	2085 	2121
f 2120 	2084 	2121
f 2085 	2086 	2122
f 2121 	2085 	2122
f 2086 	2087 	2123
f 2122 	2086 	2123
f 2087 	2088 	2124
f 2123 	2087 	2124
f 2088 	2089 	2125
f 2124 	2088 	2125
f 2089 	2090 	2126
f 2125 	2089 	2126
f 2090 	2091 	2127
f 2126 	2090 	2127
f 2091 	2092 	2128
f 2127 	2091 	2128
f 2092 	2093 	2129
f 2128 	2092 	2129
f 2093 	2094 	2130
f 2129 	2093 	2130
f 2094 	2095 	2131
f 2130 	2094 	2131
f 2095 	2061 	2097
f 2131 	2095 	2097
f 2097 	2096 	2132
f 2133 	2097 	2132
f 2096 	2098 	2134
f 2132 	2096 	2134
f 2098 	2099 	2135
f 2134 	2098 	2135
f 2099 	2100 	2136
f 2135 	2099 	2136
f 2100 	2101 	2137
f 2136 	2100 	2137
f 2101 	2102 	2138
f 2137 	2101 	2138
f 2102 	2103 	2139
f 2138 	2102 	2139
f 2103 	2104 	2140
f 2139 	2103 	2140
f 2104 	2105 	2141
f 2140 	2104 	2141
f 2105 	2106 	2142
f 2141 	2105 	2142
f 2106 	2107 	2143
f 2142 	2106 	2143
f 2107 	2108 	2144
f 2143 	2107 	2144
f 2108 	2109 	2145
f 2144 	2108 	2145
f 2109 	2110 	2146
f 2145 	2109 	2146
f 2110 	2111 	2147
f 2146 	2110 	2147
f 2111 	2112 	2148
f 2147 	2111 	2148
f 2112 	2113 	2149
f 2148 	2112 	2149
f 2113 	2114 	2150
f 2149 	2113 	2150
f 2114 	2115 	2151
f 2150 	2114 	2151
f 2115 	2116 	2152
f 2151 	2115 	2152
f 2116 	2117 	2153
f 2152 	2116 	2153
f 2117 	2118 	2154
f 2153 	2117 	2154
f 2118 	2119 	2155
f 2154 	2118 	2155
f 2119 	2120 	2156
f 2155 	2119 	2156
f 2120 	2121 	2157
f 2156 	2120 	2157
f 2121 	2122 	2158
f 2157 	2121 	2158
f 2122 	2123 	2159
f 2158 	2122 	2159
f 2123 	2124 	2160
f 2159 	2123 	2160
f 2124 	2125 	2161
f 2160 	2124 	2161
f 2125 	2126 	2162
f 2161 	2125 	2162
f 2126 	2127 	2163
f 2162 	2126 	2163
f 2127 	2128 	2164
f 2163 	2127 	2164
f 2128 	2129 	2165
f 2164 	2128 	2165
f 2129 	2130 	2166
f 2165 	2129 	2166
f 2130 	2131 	2167
f 2166 	2130 	2167
f 2131 	2097 	2133
f 2167 	2131 	2133
f 2133 	2132 	2168
f 2169 	2133 	2168
f 2132 	2134 	2170
f 2168 	2132 	2170
f 2134 	2135 	2171
f 2170 	2134 	2171
f 2135 	2136 	2172
f 2171 	2135 	2172
f 2136 	2137 	2173
f 2172 	2136 	2173
f 2137 	2138 	2174
f 2173 	2137 	2174
f 2138 	2139 	2175
f 2174 	2138 	2175
f 2139 	2140 	2176
f 2175 	2139 	2176
f 2140 	2141 	2177
f 2176 	2140 	2177
f 2141 	2142 	2178
f 2177 	2141 	2178
f 2142 	2143 	2179
f 2178 	2142 	2179
f 2143 	2144 	2180
f 2179 	2143 	2180
f 2144 	2145 	2181
f 2180 	2144 	2181
f 2145 	2146 	2182
f 2181 	2145 	2182
f 2146 	2147 	2183
f 2182 	2146 	2183
f 2147 	2148 	2184
f 2183 	2147 	2184
f 2148 	2149 	2185
f 2184 	2148 	2185
f 2149 	2150 	2186
f 2185 	2149 	2186
f 2150 	2151 	2187
f 2186 	2150 	2187
f 2151 	2152 	2188
f 2187 	2151 	2188
f 2152 	2153 	2189
f 2188 	2152 	2189
f 2153 	2154 	2190
f 2189 	2153 	2190
f 2154 	2155 	2191
f 2190 	2154 	2191
f 2155 	2156 	2192
f 2191 	2155 	2192
f 2156 	2157 	2193
f 2192 	2156 	2193
f 2157 	2158 	2194
f 2193 	2157 	2194
f 2158 	2159 	2195
f 2194 	2158 	2195
f 2159 	2160 	2196
f 2195 	2159 	2196
f 2160 	2161 	2197
f 2196 	2160 	2197
f 2161 	2162 	2198
f 2197 	2161 	2198
f 2162 	2163 	2199
f 2198 	2162 	2199
f 2163 	2164 	2200
f 2199 	2163 	2200
f 2164 	2165 	2201
f 2200 	2164 	2201
f 2165 	2166 	2202
f 2201 	2165 	2202
f 2166 	2167 	2203
f 2202 	2166 	2203
f 2167 	2133 	2169
f 2203 	2167 	2169
f 2169 	2168 	2204
f 2205 	2169 	2204
f 2168 	2170 	2206
f 2204 	2168 	2206
f 2170 	2171 	2207
f 2206 	2170 	2207
f 2171 	2172 	2208
f 2207 	2171 	2208
f 2172 	2173 	2209
f 2208 	2172 	2209
f 2173 	2174 	2210
f 2209 	2173 	2210
f 2174 	2175 	2211
f 2210 	2174 	2211
f 2175 	2176 	2212
f 2211 	2175 	2212
f 2176 	2177 	2213
f 2212 	2176 	2213
f 2177 	2178 	2214
f 2213 	2177 	2214
f 2178 	2179 	2215
f 2214 	2178 	2215
f 2179 	2180 	2216
f 2215 	2179 	2216
f 2180 	2181 	2217
f 2216 	2180 	2217
f 2181 	2182 	2218
f 2217 	2181 	2218
f 2182 	2183 	2219
f 2218 	2182 	2219
f 2183 	2184 	2220
f 2219 	2183 	2220
f 2184 	2185 	2221
f 2220 	2184 	2221
f 2185 	2186 	2222
f 2221 	2185 	2222
f 2186 	2187 	2223
f 2222 	2186 	2223
f 2187 	2188 	2224
f 2223 	2187 	2224
f 2188 	2189 	2225
f 2224 	2188 	2225
f 2189 	2190 	2226
f 2225 	2189 	2226
f 2190 	2191 	2227
f 2226 	2190 	2227
f 2191 	2192 	2228
f 2227 	2191 	2228
f 2192 	2193 	2229
f 2228 	2192 	2229
f 2193 	2194 	2230
f 2229 	2193 	2230
f 2194 	2195 	2231
f 2230 	2194 	2231
f 2195 	2196 	2232
f 2231 	2195 	2232
f 2196 	2197 	2233
f 2232 	2196 	2233
f 2197 	2198 	2234
f 2233 	2197 	2234
f 2198 	2199 	2235
f 2234 	2198 	2235
f 2199 	2200 	2236
f 2235 	2199 	2236
f 2200 	2201 	2237
f 2236 	2200 	2237
f 2201 	2202 	2238
f 2237 	2201 	2238
f 2202 	2203 	2239
f 2238 	2202 	2239
f 2203 	2169 	2205
f 2239 	2203 	2205
f 2205 	2204 	2240
f 2241 	2205 	2240
f 2204 	2206 	2242
f 2240 	2204 	2242
f 2206 	2207 	2243
f 2242 	2206 	2243
f 2207 	2208 	2244
f 2243 	2207 	2244
f 2208 	2209 	2245
f 2244 	2208 	2245
f 2209 	2210 	2246
f 2245 	2209 	2246
f 2210 	2211 	2247
f 2246 	2210 	2247
f 2211 	2212 	2248
f 2247 	2211 	2248
f 2212 	2213 	2249
f 2248 	2212 	2249
f 2213 	2214 	2250
f 2249 	2213 	2250
f 2214 	2215 	2251
f 2250 	2214 	2251
f 2215 	2216 	2252
f 2251 	2215 	2252
f 2216 	2217 	2253
f 2252 	2216 	2253
f 2217 	2218 	2254
f 2253 	2217 	2254
f 2218 	2219 	2255
f 2254 	2218 	2255
f 2219 	2220 	2256
f 2255 	2219 	2256
f 2220 	2221 	2257
f 2256 	2220 	2257
f 2221 	2222 	2258
f 2257 	2221 	2258
f 2222 	2223 	2259
f 2258 	2222 	2259
f 2223 	2224 	2260
f 2259 	2223 	2260
f 2224 	2225 	2261
f 2260 	2224 	2261
f 2225 	2226 	2262
f 2261 	2225 	2262
f 2226 	2227 	2263
f 2262 	2226 	2263
f 2227 	2228 	2264
f 2263 	2227 	2264
f 2228 	2229 	2265
f 2264 	2228 	2265
f 2229 	2230 	2266
f 2265 	2229 	2266
f 2230 	2231 	2267
f 2266 	2230 	2267
f 2231 	2232 	2268
f 2267 	2231 	2268
f 2232 	2233 	2269
f 2268 	2232 	2269
f 2233 	2234 	2270
f 2269 	2233 	2270
f 2234 	2235 	2271
f 2270 	2234 	2271
f 2235 	2236 	2272
f 2271 	2235 	2272
f 2236 	2237 	2273
f 2272 	2236 	2273
f 2237 	2238 	2274
f 2273 	2237 	2274
f 2238 	2239 	2275
f 2274 	2238 	2275
f 2239 	2205 	2241
f 2275 	2239 	2241
f 2241 	2240 	2276
f 2277 	2241 	2276
f 2240 	2242 	2278
f 2276 	2240 	2278
f 2242 	2243 	2279
f 2278 	2242 	2279
f 2243 	2244 	2280
f 2279 	2243 	2280
f 2244 	2245 	2281
f 2280 	2244 	2281
f 2245 	2246 	2282
f 2281 	2245 	2282
f 2246 	2247 	2283
f 2282 	2246 	2283
f 2247 	2248 	2284
f 2283 	2247 	2284
f 2248 	2249 	2285
f 2284 	2248 	2285
f 2249 	2250 	2286
f 2285 	2249 	2286
f 2250 	2251 	2287
f 2286 	2250 	2287
f 2251 	2252 	2288
f 2287 	2251 	2288
f 2252 	2253 	2289
f 2288 	2252 	2289
f 2253 	2254 	2290
f 2289 	2253 	2290
f 2254 	2255 	2291
f 2290 	2254 	2291
f 2255 	2256 	2292
f 2291 	2255 	2292
f 2256 	2257 	2293
f 2292 	2256 	2293
f 2257 	2258 	2294
f 2293 	2257 	2294
f 2258 	2259 	2295
f 2294 	2258 	2295
f 2259 	2260 	2296
f 2295 	2259 	2296
f 2260 	2261 	2297
f 2296 	2260 	2297
f 2261 	2262 	2298
f 2297 	2261 	2298
f 2262 	2263 	2299
f 2298 	2262 	2299
f 2263 	2264 	2300
f 2299 	2263 	2300
f 2264 	2265 	2301
f 2300 	2264 	2301
f 2265 	2266 	2302
f 2301 	2265 	2302
f 2266 	2267 	2303
f 2302 	2266 	2303
f 2267 	2268 	2304
f 2303 	2267 	2304
f 2268 	2269 	2305
f 2304 	2268 	2305
f 2269 	2270 	2306
f 2305 	2269 	2306
f 2270 	2271 	2307
f 2306 	2270 	2307
f 2271 	2272 	2308
f 2307 	2271 	2308
f 2272 	2273 	2309
f 2308 	2272 	2309
f 2273 	2274 	2310
f 2309 	2273 	2310
f 2274 	2275 	2311
f 2310 	2274 	2311
f 2275 	2241 	2277
f 2311 	2275 	2277
f 2277 	2276 	2312
f 2313 	2277 	2312
f 2276 	2278 	2314
f 2312 	2276 	2314
f 2278 	2279 	2315
f 2314 	2278 	2315
f 2279 	2280 	2316
f 2315 	2279 	2316
f 2280 	2281 	2317
f 2316 	2280 	2317
f 2281 	2282 	2318
f 2317 	2281 	2318
f 2282 	2283 	2319
f 2318 	2282 	2319
f 2283 	2284 	2320
f 2319 	2283 	2320
f 2284 	2285 	2321
f 2320 	2284 	2321
f 2285 	2286 	2322
f 2321 	2285 	2322
f 2286 	2287 	2323
f 2322 	2286 	2323
f 2287 	2288 	2324
f 2323 	2287 	2324
f 2288 	2289 	2325
f 2324 	2288 	2325
f 2289 	2290 	2326
f 2325 	2289 	2326
f 2290 	2291 	2327
f 2326 	2290 	2327
f 2291 	2292 	2328
f 2327 	2291 	2328
f 2292 	2293 	2329
f 2328 	2292 	2329
f 2293 	2294 	2330
f 2329 	2293 	2330
f 2294 	2295 	2331
f 2330 	2294 	2331
f 2295 	2296 	2332
f 2331 	2295 	2332
f 2296 	2297 	2333
f 2332 	2296 	2333
f 2297 	2298 	2334
f 2333 	2297 	2334
f 2298 	2299 	2335
f 2334 	2298 	2335
f 2299 	2300 	2336
f 2335 	2299 	2336
f 2300 	2301 	2337
f 2336 	2300 	2337
f 2301 	2302 	2338
f 2337 	2301 	2338
f 2302 	2303 	2339
f 2338 	2302 	2339
f 2303 	2304 	2340
f 2339 	2303 	2340
f 2304 	2305 	2341
f 2340 	2304 	2341
f 2305 	2306 	2342
f 2341 	2305 	2342
f 2306 	2307 	2343
f 2342 	2306 	2343
f 2307 	2308 	2344
f 2343 	2307 	2344
f 2308 	2309 	2345
f 2344 	2308 	2345
f 2309 	2310 	2346
f 2345 	2309 	2346
f 2310 	2311 	2347
f 2346 	2310 	2347
f 2311 	2277 	2313
f 2347 	2311 	2313
f 2313 	2312 	2348
f 2349 	2313 	2348
f 2312 	2314 	2350
f 2348 	2312 	2350
f 2314 	2315 	2351
f 2350 	2314 	2351
f 2315 	2316 	2352
f 2351 	2315 	2352
f 2316 	2317 	2353
f 2352 	2316 	2353
f 2317 	2318 	2354
f 2353 	2317 	2354
f 2318 	2319 	2355
f 2354 	2318 	2355
f 2319 	2320 	2356
f 2355 	2319 	2356
f 2320 	2321 	2357
f 2356 	2320 	2357
f 2321 	2322 	2358
f 2357 	2321 	2358
f 2322 	2323 	2359
f 2358 	2322 	2359
f 2323 	2324 	2360
f 2359 	2323 	2360
f 2324 	2325 	2361
f 2360 	2324 	2361
f 2325 	2326 	2362
f 2361 	2325 	2362
f 2326 	2327 	2363
f 2362 	2326 	2363
f 2327 	2328 	2364
f 2363 	2327 	2364
f 2328 	2329 	2365
f 2364 	2328 	2365
f 2329 	2330 	2366
f 2365 	2329 	2366
f 2330 	2331 	2367
f 2366 	2330 	2367
f 2331 	2332 	2368
f 2367 	2331 	2368
f 2332 	2333 	2369
f 2368 	2332 	2369
f 2333 	2334 	2370
f 2369 	2333 	2370
f 2334 	2335 	2371
f 2370 	2334 	2371
f 2335 	2336 	2372
f 2371 	2335 	2372
f 2336 	2337 	2373
f 2372 	2336 	2373
f 2337 	2338 	2374
f 2373 	2337 	2374
f 2338 	2339 	2375
f 2374 	2338 	2375
f 2339 	2340 	2376
f 2375 	2339 	2376
f 2340 	2341 	2377
f 2376 	2340 	2377
f 2341 	2342 	2378
f 2377 	2341 	2378
f 2342 	2343 	2379
f 2378 	2342 	2379
f 2343 	2344 	2380
f 2379 	2343 	2380
f 2344 	2345 	2381
f 2380 	2344 	2381
f 2345 	2346 	2382
f 2381 	2345 	2382
f 2346 	2347 	2383
f 2382 	2346 	2383
f 2347 	2313 	2349
f 2383 	2347 	2349
f 2349 	2348 	2384
f 2385 	2349 	2384
f 2348 	2350 	2386
f 2384 	2348 	2386
f 2350 	2351 	2387
f 2386 	2350 	2387
f 2351 	2352 	2388
f 2387 	2351 	2388
f 2352 	2353 	2389
f 2388 	2352 	2389
f 2353 	2354 	2390
f 2389 	2353 	2390
f 2354 	2355 	2391
f 2390 	2354 	2391
f 2355 	2356 	2392
f 2391 	2355 	2392
f 2356 	2357 	2393
f 2392 	2356 	2393
f 2357 	2358 	2394
f 2393 	2357 	2394
f 2358 	2359 	2395
f 2394 	2358 	2395
f 2359 	2360 	2396
f 2395 	2359 	2396
f 2360 	2361 	2397
f 2396 	2360 	2397
f 2361 	2362 	2398
f 2397 	2361 	2398
f 2362 	2363 	2399
f 2398 	2362 	2399
f 2363 	2364 	2400
f 2399 	2363 	2400
f 2364 	2365 	2401
f 2400 	2364 	2401
f 2365 	2366 	2402
f 2401 	2365 	2402
f 2366 	2367 	2403
f 2402 	2366 	2403
f 2367 	2368 	2404
f 2403 	2367 	2404
f 2368 	2369 	2405
f 2404 	2368 	2405
f 2369 	2370 	2406
f 2405 	2369 	2406
f 2370 	2371 	2407
f 2406 	2370 	2407
f 2371 	2372 	2408
f 2407 	2371 	2408
f 2372 	2373 	2409
f 2408 	2372 	2409
f 2373 	2374 	2410
f 2409 	2373 	2410
f 2374 	2375 	2411
f 2410 	2374 	2411
f 2375 	2376 	2412
f 2411 	2375 	2412
f 2376 	2377 	2413
f 2412 	2376 	2413
f 2377 	2378 	2414
f 2413 	2377 	2414
f 2378 	2379 	2415
f 2414 	2378 	2415
f 2379 	2380 	2416
f 2415 	2379 	2416
f 2380 	2381 	2417
f 2416 	2380 	2417
f 2381 	2382 	2418
f 2417 	2381 	2418
f 2382 	2383 	2419
f 2418 	2382 	2419
f 2383 	2349 	2385
f 2419 	2383 	2385
f 2385 	2384 	2420
f 2421 	2385 	2420
f 2384 	2386 	2422
f 2420 	2384 	2422
f 2386 	2387 	2423
f 2422 	2386 	2423
f 2387 	2388 	2424
f 2423 	2387 	2424
f 2388 	2389 	2425
f 2424 	2388 	2425
f 2389 	2390 	2426
f 2425 	2389 	2426
f 2390 	2391 	2427
f 2426 	2390 	2427
f 2391 	2392 	2428
f 2427 	2391 	2428
f 2392 	2393 	2429
f 2428 	2392 	2429
f 2393 	2394 	2430
f 2429 	2393 	2430
f 2394 	2395 	2431
f 2430 	2394 	2431
f 2395 	2396 	2432
f 2431 	2395 	2432
f 2396 	2397 	2433
f 2432 	2396 	2433
f 2397 	2398 	2434
f 2433 	2397 	2434
f 2398 	2399 	2435
f 2434 	2398 	2435
f 2399 	2400 	2436
f 2435 	2399 	2436
f 2400 	2401 	2437
f 2436 	2400 	2437
f 2401 	2402 	2438
f 2437 	2401 	2438
f 2402 	2403 	2439
f 2438 	2402 	2439
f 2403 	2404 	2440
f 2439 	2403 	2440
f 2404 	2405 	2441
f 2440 	2404 	2441
f 2405 	2406 	2442
f 2441 	2405 	2442
f 2406 	2407 	2443
f 2442 	2406 	2443
f 2407 	2408 	2444
f 2443 	2407 	2444
f 2408 	2409 	2445
f 2444 	2408 	2445
f 2409 	2410 	2446
f 2445 	2409 	2446
f 2410 	2411 	2447
f 2446 	2410 	2447
f 2411 	2412 	2448
f 2447 	2411 	2448
f 2412 	2413 	2449
f 2448 	2412 	2449
f 2413 	2414 	2450
f 2449 	2413 	2450
f 2414 	2415 	2451
f 2450 	2414 	2451
f 2415 	2416 	2452
f 2451 	2415 	2452
f 2416 	2417 	2453
f 2452 	2416 	2453
f 2417 	2418 	2454
f 2453 	2417 	2454
f 2418 	2419 	2455
f 2454 	2418 	2455
f 2419 	2385 	2421
f 2455 	2419 	2421
f 2421 	2420 	2456
f 2457 	2421 	2456
f 2420 	2422 	2458
f 2456 	2420 	2458
f 2422 	2423 	2459
f 2458 	2422 	2459
f 2423 	2424 	2460
f 2459 	2423 	2460
f 2424 	2425 	2461
f 2460 	2424 	2461
f 2425 	2426 	2462
f 2461 	2425 	2462
f 2426 	2427 	2463
f 2462 	2426 	2463
f 2427 	2428 	2464
f 2463 	2427 	2464
f 2428 	2429 	2465
f 2464 	2428 	2465
f 2429 	2430 	2466
f 2465 	2429 	2466
f 2430 	2431 	2467
f 2466 	2430 	2467
f 2431 	2432 	2468
f 2467 	2431 	2468
f 2432 	2433 	2469
f 2468 	2432 	2469
f 2433 	2434 	2470
f 2469 	2433 	2470
f 2434 	2435 	2471
f 2470 	2434 	2471
f 2435 	2436 	2472
f 2471 	2435 	2472
f 2436 	2437 	2473
f 2472 	2436 	2473
f 2437 	2438 	2474
f 2473 	2437 	2474
f 2438 	2439 	2475
f 2474 	2438 	2475
f 2439 	2440 	2476
f 2475 	2439 	2476
f 2440 	2441 	2477
f 2476 	2440 	2477
f 2441 	2442 	2478
f 2477 	2441 	2478
f 2442 	2443 	2479
f 2478 	2442 	2479
f 2443 	2444 	2480
f 2479 	2443 	2480
f 2444 	2445 	2481
f 2480 	2444 	2481
f 2445 	2446 	2482
f 2481 	2445 	2482
f 2446 	2447 	2483
f 2482 	2446 	2483
f 2447 	2448 	2484
f 2483 	2447 	2484
f 2448 	2449 	2485
f 2484 	2448 	2485
f 2449 	2450 	2486
f 2485 	2449 	2486
f 2450 	2451 	2487
f 2486 	2450 	2487
f 2451 	2452 	2488
f 2487 	2451 	2488
f 2452 	2453 	2489
f 2488 	2452 	2489
f 2453 	2454 	2490
f 2489 	2453 	2490
f 2454 	2455 	2491
f 2490 	2454 	2491
f 2455 	2421 	2457
f 2491 	2455 	2457
f 2457 	2456 	2492
f 2493 	2457 	2492
f 2456 	2458 	2494
f 2492 	2456 	2494
f 2458 	2459 	2495
f 2494 	2458 	2495
f 2459 	2460 	2496
f 2495 	2459 	2496
f 2460 	2461 	2497
f 2496 	2460 	2497
f 2461 	2462 	2498
f 2497 	2461 	2498
f 2462 	2463 	2499
f 2498 	2462 	2499
f 2463 	2464 	2500
f 2499 	2463 	2500
f 2464 	2465 	2501
f 2500 	2464 	2501
f 2465 	2466 	2502
f 2501 	2465 	2502
f 2466 	2467 	2503
f 2502 	2466 	2503
f 2467 	2468 	2504
f 2503 	2467 	2504
f 2468 	2469 	2505
f 2504 	2468 	2505
f 2469 	2470 	2506
f 2505 	2469 	2506
f 2470 	2471 	2507
f 2506 	2470 	2507
f 2471 	2472 	2508
f 2507 	2471 	2508
f 2472 	2473 	2509
f 2508 	2472 	2509
f 2473 	2474 	2510
f 2509 	2473 	2510
f 2474 	2475 	2511
f 2510 	2474 	2511
f 2475 	2476 	2512
f 2511 	2475 	2512
f 2476 	2477 	2513
f 2512 	2476 	2513
f 2477 	2478 	2514
f 2513 	2477 	2514
f 2478 	2479 	2515
f 2514 	2478 	2515
f 2479 	2480 	2516
f 2515 	2479 	2516
f 2480 	2481 	2517
f 2516 	2480 	2517
f 2481 	2482 	2518
f 2517 	2481 	2518
f 2482 	2483 	2519
f 2518 	2482 	2519
f 2483 	2484 	2520
f 2519 	2483 	2520
f 2484 	2485 	2521
f 2520 	2484 	2521
f 2485 	2486 	2522
f 2521 	2485 	2522
f 2486 	2487 	2523
f 2522 	2486 	2523
f 2487 	2488 	2524
f 2523 	2487 	2524
f 2488 	2489 	2525
f 2524 	2488 	2525
f 2489 	2490 	2526
f 2525 	2489 	2526
f 2490 	2491 	2527
f 2526 	2490 	2527
f 2491 	2457 	2493
f 2527 	2491 	2493
f 2493 	2492 	2528
f 2529 	2493 	2528
f 2492 	2494 	2530
f 2528 	2492 	2530
f 2494 	2495 	2531
f 2530 	2494 	2531
f 2495 	2496 	2532
f 2531 	2495 	2532
f 2496 	2497 	2533
f 2532 	2496 	2533
f 2497 	2498 	2534
f 2533 	2497 	2534
f 2498 	2499 	2535
f 2534 	2498 	2535
f 2499 	2500 	2536
f 2535 	2499 	2536
f 2500 	2501 	2537
f 2536 	2500 	2537
f 2501 	2502 	2538
f 2537 	2501 	2538
f 2502 	2503 	2539
f 2538 	2502 	2539
f 2503 	2504 	2540
f 2539 	2503 	2540
f 2504 	2505 	2541
f 2540 	2504 	2541
f 2505 	2506 	2542
f 2541 	2505 	2542
f 2506 	2507 	2543
f 2542 	2506 	2543
f 2507 	2508 	2544
f 2543 	2507 	2544
f 2508 	2509 	2545
f 2544 	2508 	2545
f 2509 	2510 	2546
f 2545 	2509 	2546
f 2510 	2511 	2547
f 2546 	2510 	2547
f 2511 	2512 	2548
f 2547 	2511 	2548
f 2512 	2513 	2549
f 2548 	2512 	2549
f 2513 	2514 	2550
f 2549 	2513 	2550
f 2514 	2515 	2551
f 2550 	2514 	2551
f 2515 	2516 	2552
f 2551 	2515 	2552
f 2516 	2517 	2553
f 2552 	2516 	2553
f 2517 	2518 	2554
f 2553 	2517 	2554
f 2518 	2519 	2555
f 2554 	2518 	2555
f 2519 	2520 	2556
f 2555 	2519 	2556
f 2520 	2521 	2557
f 2556 	2520 	2557
f 2521 	2522 	2558
f 2557 	2521 	2558
f 2522 	2523 	2559
f 2558 	2522 	2559
f 2523 	2524 	2560
f 2559 	2523 	2560
f 2524 	2525 	2561
f 2560 	2524 	2561
f 2525 	2526 	2562
f 2561 	2525 	2562
f 2526 	2527 	2563
f 2562 	2526 	2563
f 2527 	2493 	2529
f 2563 	2527 	2529
f 2529 	2528 	2564
f 2565 	2529 	2564
f 2528 	2530 	2566
f 2564 	2528 	2566
f 2530 	2531 	2567
f 2566 	2530 	2567
f 2531 	2532 	2568
f 2567 	2531 	2568
f 2532 	2533 	2569
f 2568 	2532 	2569
f 2533 	2534 	2570
f 2569 	2533 	2570
f 2534 	2535 	2571
f 2570 	2534 	2571
f 2535 	2536 	2572
f 2571 	2535 	2572
f 2536 	2537 	2573
f 2572 	2536 	2573
f 2537 	2538 	2574
f 2573 	2537 	2574
f 2538 	2539 	2575
f 2574 	2538 	2575
f 2539 	2540 	2576
f 2575 	2539 	2576
f 2540 	2541 	2577
f 2576 	2540 	2577
f 2541 	2542 	2578
f 2577 	2541 	2578
f 2542 	2543 	2579
f 2578 	2542 	2579
f 2543 	2544 	2580
f 2579 	2543 	2580
f 2544 	2545 	2581
f 2580 	2544 	2581
f 2545 	2546 	2582
f 2581 	2545 	2582
f 2546 	2547 	2583
f 2582 	2546 	2583
f 2547 	2548 	2584
f 2583 	2547 	2584
f 2548 	2549 	2585
f 2584 	2548 	2585
f 2549 	2550 	2586
f 2585 	2549 	2586
f 2550 	2551 	2587
f 2586 	2550 	2587
f 2551 	2552 	2588
f 2587 	2551 	2588
f 2552 	2553 	2589
f 2588 	2552 	2589
f 2553 	2554 	2590
f 2589 	2553 	2590
f 2554 	2555 	2591
f 2590 	2554 	2591
f 2555 	2556 	2592
f 2591 	2555 	2592
f 2556 	2557 	2593
f 2592 	2556 	2593
f 2557 	2558 	2594
f 2593 	2557 	2594
f 2558 	2559 	2595
f 2594 	2558 	2595
f 2559 	2560 	2596
f 2595 	2559 	2596
f 2560 	2561 	2597
f 2596 	2560 	2597
f 2561 	2562 	2598
f 2597 	2561 	2598
f 2562 	2563 	2599
f 2598 	2562 	2599
f 2563 	2529 	2565
f 2599 	2563 	2565
f 2565 	2564 	2600
f 2564 	2566 	2600
f 2566 	2567 	2600
f 2567 	2568 	2600
f 2568 	2569 	2600
f 2569 	2570 	2600
f 2570 	2571 	2600
f 2571 	2572 	2600
f 2572 	2573 	2600
f 2573 	2574 	2600
f 2574 	2575 	2600
f 2575 	2576 	2600
f 2576 	2577 	2600
f 2577 	2578 	2600
f 2578 	2579 	2600
f 2579 	2580 	2600
f 2580 	2581 	2600
f 2581 	2582 	2600
f 2582 	2583 	2600
f 2583 	2584 	2600
f 2584 	2585 	2600
f 2585 	2586 	2600
f 2586 	2587 	2600
f 2587 	2588 	2600
f 2588 	2589 	2600
f 2589 	2590 	2600
f 2590 	2591 	2600
f 2591 	2592 	2600
f 2592 	2593 	2600
f 2593 	2594 	2600
f 2594 	2595 	2600
f 2595 	2596 	2600
f 2596 	2597 	2600
f 2597 	2598 	2600
f 2598 	2599 	2600
f 2599 	2565 	2600
# 1296 faces

 #end of obj_3

o obj_4
v -7.7426 		1.8051 		2.1269
v -7.7136 		1.8304 		2.128
v -7.7172 		1.8335 		2.1327
v -7.7217 		1.8358 		2.1373
v -7.7267 		1.837 		2.1416
v -7.7322 		1.8373 		2.1454
v -7.7379 		1.8365 		2.1487
v -7.7438 		1.8348 		2.1514
v -7.7497 		1.8321 		2.1534
v -7.7553 		1.8286 		2.1546
v -7.7605 		1.8244 		2.1551
v -7.7651 		1.8195 		2.1546
v -7.769 		1.8142 		2.1534
v -7.7721 		1.8086 		2.1514
v -7.7742 		1.8029 		2.1487
v -7.7754 		1.7972 		2.1454
v -7.7756 		1.7917 		2.1416
v -7.7747 		1.7866 		2.1373
v -7.7728 		1.782 		2.1327
v -7.77 		1.7781 		2.128
v -7.7664 		1.775 		2.1234
v -7.762 		1.7728 		2.1188
v -7.7569 		1.7715 		2.1145
v -7.7514 		1.7713 		2.1107
v -7.7457 		1.772 		2.1074
v -7.7398 		1.7738 		2.1047
v -7.7339 		1.7764 		2.1027
v -7.7283 		1.7799 		2.1015
v -7.7231 		1.7841 		2.101
v -7.7185 		1.789 		2.1015
v -7.7146 		1.7943 		2.1027
v -7.7115 		1.7999 		2.1047
v -7.7094 		1.8057 		2.1074
v -7.7082 		1.8114 		2.1107
v -7.708 		1.8169 		2.1145
v -7.7089 		1.822 		2.1188
v -7.7108 		1.8266 		2.1234
v -7.6905 		1.86 		2.141
v -7.6831 		1.8538 		2.1316
v -7.6993 		1.8644 		2.15
v -7.7093 		1.8669 		2.1585
v -7.7202 		1.8674 		2.1662
v -7.7317 		1.8659 		2.1728
v -7.7435 		1.8625 		2.1782
v -7.7551 		1.8572 		2.1822
v -7.7662 		1.8502 		2.1846
v -7.7766 		1.8418 		2.1854
v -7.7858 		1.8321 		2.1846
v -7.7936 		1.8215 		2.1822
v -7.7997 		1.8103 		2.1782
v -7.804 		1.7989 		2.1728
v -7.8064 		1.7875 		2.1662
v -7.8067 		1.7766 		2.1585
v -7.805 		1.7664 		2.15
v -7.8013 		1.7573 		2.141
v -7.7957 		1.7495 		2.1316
v -7.7883 		1.7434 		2.1223
v -7.7795 		1.739 		2.1132
v -7.7695 		1.7365 		2.1047
v -7.7586 		1.736 		2.0971
v -7.7471 		1.7374 		2.0904
v -7.7353 		1.7409 		2.085
v -7.7237 		1.7462 		2.0811
v -7.7126 		1.7531 		2.0787
v -7.7022 		1.7616 		2.0778
v -7.693 		1.7713 		2.0787
v -7.6852 		1.7818 		2.0811
v -7.6791 		1.793 		2.085
v -7.6748 		1.8045 		2.0904
v -7.6724 		1.8159 		2.0971
v -7.6721 		1.8268 		2.1047
v -7.6738 		1.837 		2.1132
v -7.6775 		1.8461 		2.1223
v -7.6625 		1.8843 		2.1515
v -7.6516 		1.8751 		2.1376
v -7.6756 		1.8909 		2.165
v -7.6905 		1.8946 		2.1777
v -7.7068 		1.8954 		2.1891
v -7.724 		1.8931 		2.199
v -7.7415 		1.888 		2.207
v -7.7588 		1.8801 		2.2129
v -7.7754 		1.8698 		2.2166
v -7.7908 		1.8572 		2.2178
v -7.8046 		1.8428 		2.2166
v -7.8162 		1.827 		2.2129
v -7.8253 		1.8103 		2.207
v -7.8318 		1.7932 		2.199
v -7.8353 		1.7763 		2.1891
v -7.8357 		1.76 		2.1777
v -7.8332 		1.7448 		2.165
v -7.8276 		1.7312 		2.1515
v -7.8193 		1.7197 		2.1376
v -7.8084 		1.7105 		2.1237
v -7.7953 		1.7039 		2.1102
v -7.7803 		1.7002 		2.0975
v -7.764 		1.6994 		2.086
v -7.7469 		1.7016 		2.0762
v -7.7294 		1.7068 		2.0681
v -7.712 		1.7146 		2.0622
v -7.6954 		1.725 		2.0586
v -7.68 		1.7376 		2.0574
v -7.6663 		1.752 		2.0586
v -7.6547 		1.7678 		2.0622
v -7.6455 		1.7845 		2.0681
v -7.6391 		1.8016 		2.0762
v -7.6356 		1.8185 		2.086
v -7.6351 		1.8348 		2.0975
v -7.6377 		1.85 		2.1102
v -7.6432 		1.8636 		2.1237
v -7.6335 		1.9063 		2.1642
v -7.6191 		1.8942 		2.1458
v -7.6508 		1.915 		2.1821
v -7.6706 		1.9199 		2.1988
v -7.6921 		1.9209 		2.214
v -7.7148 		1.918 		2.227
v -7.7379 		1.9112 		2.2376
v -7.7608 		1.9008 		2.2454
v -7.7828 		1.8871 		2.2502
v -7.8031 		1.8704 		2.2518
v -7.8213 		1.8514 		2.2502
v -7.8366 		1.8305 		2.2454
v -7.8487 		1.8085 		2.2376
v -7.8572 		1.7859 		2.227
v -7.8618 		1.7635 		2.214
v -7.8625 		1.742 		2.1988
v -7.8591 		1.7219 		2.1821
v -7.8517 		1.704 		2.1642
v -7.8407 		1.6887 		2.1458
v -7.8263 		1.6766 		2.1274
v -7.809 		1.6679 		2.1096
v -7.7892 		1.663 		2.0929
v -7.7677 		1.662 		2.0777
v -7.745 		1.6649 		2.0647
v -7.7219 		1.6717 		2.0541
v -7.699 		1.6821 		2.0463
v -7.677 		1.6958 		2.0415
v -7.6567 		1.7125 		2.0399
v -7.6385 		1.7315 		2.0415
v -7.6232 		1.7524 		2.0463
v -7.6111 		1.7744 		2.0541
v -7.6026 		1.797 		2.0647
v -7.598 		1.8194 		2.0777
v -7.5973 		1.8409 		2.0929
v -7.6007 		1.861 		2.1096
v -7.6081 		1.8789 		2.1274
v -7.6037 		1.9258 		2.1791
v -7.586 		1.9108 		2.1564
v -7.6252 		1.9365 		2.2011
v -7.6495 		1.9426 		2.2218
v -7.6761 		1.9438 		2.2405
v -7.7042 		1.9402 		2.2567
v -7.7328 		1.9318 		2.2698
v -7.7611 		1.919 		2.2794
v -7.7882 		1.902 		2.2853
v -7.8133 		1.8814 		2.2873
v -7.8357 		1.8579 		2.2853
v -7.8547 		1.8321 		2.2794
v -7.8697 		1.8049 		2.2698
v -7.8802 		1.777 		2.2567
v -7.8859 		1.7493 		2.2405
v -7.8867 		1.7227 		2.2218
v -7.8825 		1.6979 		2.2011
v -7.8734 		1.6758 		2.1791
v -7.8598 		1.6569 		2.1564
v -7.842 		1.6419 		2.1336
v -7.8206 		1.6312 		2.1116
v -7.7962 		1.6251 		2.0909
v -7.7696 		1.6239 		2.0722
v -7.7416 		1.6275 		2.056
v -7.713 		1.6359 		2.043
v -7.6847 		1.6487 		2.0333
v -7.6575 		1.6657 		2.0274
v -7.6324 		1.6863 		2.0254
v -7.61 		1.7098 		2.0274
v -7.591 		1.7356 		2.0333
v -7.576 		1.7628 		2.043
v -7.5655 		1.7907 		2.056
v -7.5598 		1.8184 		2.0722
v -7.5591 		1.845 		2.0909
v -7.5633 		1.8698 		2.1116
v -7.5723 		1.8919 		2.1336
v -7.5735 		1.9426 		2.1959
v -7.5524 		1.9249 		2.169
v -7.5988 		1.9553 		2.222
v -7.6276 		1.9625 		2.2465
v -7.6591 		1.964 		2.2686
v -7.6923 		1.9597 		2.2877
v -7.7261 		1.9498 		2.3032
v -7.7596 		1.9346 		2.3146
v -7.7917 		1.9145 		2.3216
v -7.8214 		1.8902 		2.324
v -7.8479 		1.8623 		2.3216
v -7.8704 		1.8318 		2.3146
v -7.8881 		1.7996 		2.3032
v -7.9005 		1.7666 		2.2877
v -7.9073 		1.7339 		2.2686
v -7.9082 		1.7024 		2.2465
v -7.9032 		1.6731 		2.222
v -7.8925 		1.6468 		2.1959
v -7.8764 		1.6245 		2.169
v -7.8553 		1.6067 		2.1421
v -7.83 		1.5941 		2.1161
v -7.8011 		1.5869 		2.0916
v -7.7697 		1.5854 		2.0695
v -7.7365 		1.5897 		2.0504
v -7.7027 		1.5996 		2.0349
v -7.6692 		1.6148 		2.0235
v -7.6371 		1.6349 		2.0165
v -7.6073 		1.6592 		2.0141
v -7.5808 		1.6871 		2.0165
v -7.5584 		1.7176 		2.0235
v -7.5407 		1.7498 		2.0349
v -7.5283 		1.7828 		2.0504
v -7.5215 		1.8155 		2.0695
v -7.5206 		1.847 		2.0916
v -7.5256 		1.8763 		2.1161
v -7.5363 		1.9025 		2.1421
v -7.5428 		1.9567 		2.2147
v -7.5187 		1.9363 		2.1838
v -7.5719 		1.9712 		2.2446
v -7.605 		1.9795 		2.2727
v -7.6411 		1.9812 		2.298
v -7.6791 		1.9763 		2.3199
v -7.718 		1.9649 		2.3377
v -7.7564 		1.9474 		2.3508
v -7.7932 		1.9244 		2.3588
v -7.8273 		1.8965 		2.3615
v -7.8577 		1.8646 		2.3588
v -7.8835 		1.8296 		2.3508
v -7.9038 		1.7926 		2.3377
v -7.918 		1.7548 		2.3199
v -7.9258 		1.7172 		2.298
v -7.9268 		1.6811 		2.2727
v -7.9211 		1.6475 		2.2446
v -7.9088 		1.6174 		2.2147
v -7.8903 		1.5918 		2.1838
v -7.8662 		1.5714 		2.1529
v -7.8371 		1.5569 		2.123
v -7.804 		1.5486 		2.0949
v -7.7679 		1.5469 		2.0696
v -7.7299 		1.5518 		2.0477
v -7.6911 		1.5632 		2.0299
v -7.6527 		1.5807 		2.0168
v -7.6158 		1.6037 		2.0088
v -7.5817 		1.6316 		2.0061
v -7.5513 		1.6635 		2.0088
v -7.5256 		1.6985 		2.0168
v -7.5052 		1.7355 		2.0299
v -7.491 		1.7733 		2.0477
v -7.4832 		1.8109 		2.0696
v -7.4822 		1.847 		2.0949
v -7.4879 		1.8806 		2.123
v -7.5002 		1.9107 		2.1529
v -7.5121 		1.9679 		2.2351
v -7.4851 		1.945 		2.2005
v -7.5447 		1.9842 		2.2686
v -7.5818 		1.9934 		2.3001
v -7.6223 		1.9953 		2.3285
v -7.6649 		1.9898 		2.3531
v -7.7084 		1.9771 		2.373
v -7.7514 		1.9575 		2.3877
v -7.7927 		1.9317 		2.3967
v -7.8309 		1.9004 		2.3997
v -7.865 		1.8646 		2.3967
v -7.8939 		1.8254 		2.3877
v -7.9166 		1.784 		2.373
v -7.9326 		1.7416 		2.3531
v -7.9413 		1.6995 		2.3285
v -7.9425 		1.659 		2.3001
v -7.9361 		1.6213 		2.2686
v -7.9223 		1.5876 		2.2351
v -7.9016 		1.5589 		2.2005
v -7.8745 		1.5361 		2.1659
v -7.8419 		1.5198 		2.1324
v -7.8048 		1.5106 		2.1009
v -7.7644 		1.5087 		2.0725
v -7.7217 		1.5142 		2.048
v -7.6783 		1.5269 		2.0281
v -7.6352 		1.5465 		2.0134
v -7.5939 		1.5723 		2.0044
v -7.5557 		1.6035 		2.0014
v -7.5216 		1.6393 		2.0044
v -7.4928 		1.6785 		2.0134
v -7.47 		1.72 		2.0281
v -7.454 		1.7624 		2.048
v -7.4453 		1.8045 		2.0725
v -7.4442 		1.845 		2.1009
v -7.4506 		1.8826 		2.1324
v -7.4643 		1.9163 		2.1659
v -7.4816 		1.9761 		2.2571
v -7.4518 		1.951 		2.2191
v -7.5174 		1.994 		2.294
v -7.5582 		2.0042 		2.3286
v -7.6027 		2.0062 		2.3599
v -7.6496 		2.0002 		2.3869
v -7.6975 		1.9862 		2.4088
v -7.7448 		1.9647 		2.425
v -7.7902 		1.9363 		2.4348
v -7.8323 		1.9019 		2.4382
v -7.8698 		1.8625 		2.4348
v -7.9015 		1.8194 		2.425
v -7.9266 		1.7738 		2.4088
v -7.9441 		1.7272 		2.3869
v -7.9537 		1.6809 		2.3599
v -7.955 		1.6363 		2.3286
v -7.9479 		1.5949 		2.294
v -7.9328 		1.5578 		2.2571
v -7.91 		1.5262 		2.2191
v -7.8802 		1.5011 		2.181
v -7.8444 		1.4832 		2.1442
v -7.8036 		1.473 		2.1095
v -7.7591 		1.4709 		2.0783
v -7.7122 		1.477 		2.0513
v -7.6643 		1.491 		2.0294
v -7.617 		1.5125 		2.0132
v -7.5716 		1.5409 		2.0033
v -7.5295 		1.5753 		2
v -7.492 		1.6147 		2.0033
v -7.4603 		1.6578 		2.0132
v -7.4353 		1.7034 		2.0294
v -7.4177 		1.75 		2.0513
v -7.4081 		1.7963 		2.0783
v -7.4068 		1.8409 		2.1095
v -7.4139 		1.8823 		2.1442
v -7.429 		1.9194 		2.181
v -7.4514 		1.9813 		2.2806
v -7.4192 		1.9541 		2.2393
v -7.4902 		2.0007 		2.3205
v -7.5344 		2.0117 		2.358
v -7.5827 		2.0139 		2.3919
v -7.6335 		2.0074 		2.4212
v -7.6853 		1.9922 		2.4449
v -7.7366 		1.9689 		2.4624
v -7.7858 		1.9381 		2.4731
v -7.8314 		1.9009 		2.4767
v -7.872 		1.8582 		2.4731
v -7.9064 		1.8115 		2.4624
v -7.9335 		1.7621 		2.4449
v -7.9525 		1.7116 		2.4212
v -7.9629 		1.6614 		2.3919
v -7.9643 		1.6132 		2.358
v -7.9566 		1.5683 		2.3205
v -7.9402 		1.5281 		2.2806
v -7.9155 		1.4939 		2.2393
v -7.8833 		1.4667 		2.1981
v -7.8445 		1.4473 		2.1582
v -7.8003 		1.4363 		2.1207
v -7.752 		1.434 		2.0868
v -7.7012 		1.4406 		2.0575
v -7.6494 		1.4557 		2.0338
v -7.5981 		1.4791 		2.0163
v -7.5489 		1.5098 		2.0056
v -7.5033 		1.5471 		2.002
v -7.4627 		1.5897 		2.0056
v -7.4284 		1.6364 		2.0163
v -7.4012 		1.6858 		2.0338
v -7.3822 		1.7364 		2.0575
v -7.3718 		1.7865 		2.0868
v -7.3704 		1.8348 		2.1207
v -7.3781 		1.8797 		2.1582
v -7.3945 		1.9198 		2.1981
v -7.4219 		1.9834 		2.3052
v -7.3874 		1.9543 		2.2611
v -7.4634 		2.0041 		2.3479
v -7.5106 		2.0159 		2.388
v -7.5622 		2.0183 		2.4243
v -7.6165 		2.0113 		2.4556
v -7.672 		1.9951 		2.4809
v -7.7268 		1.9702 		2.4996
v -7.7794 		1.9373 		2.5111
v -7.8282 		1.8974 		2.5149
v -7.8716 		1.8518 		2.5111
v -7.9083 		1.8019 		2.4996
v -7.9373 		1.7491 		2.4809
v -7.9577 		1.695 		2.4556
v -7.9688 		1.6414 		2.4243
v -7.9703 		1.5898 		2.388
v -7.9621 		1.5417 		2.3479
v -7.9446 		1.4988 		2.3052
v -7.9181 		1.4622 		2.2611
v -7.8837 		1.4331 		2.2171
v -7.8422 		1.4124 		2.1743
v -7.7949 		1.4006 		2.1342
v -7.7433 		1.3982 		2.098
v -7.689 		1.4052 		2.0667
v -7.6336 		1.4214 		2.0413
v -7.5787 		1.4463 		2.0226
v -7.5261 		1.4792 		2.0112
v -7.4774 		1.5191 		2.0073
v -7.434 		1.5647 		2.0112
v -7.3972 		1.6146 		2.0226
v -7.3682 		1.6675 		2.0413
v -7.3478 		1.7215 		2.0667
v -7.3368 		1.7751 		2.098
v -7.3353 		1.8267 		2.1342
v -7.3434 		1.8748 		2.1743
v -7.361 		1.9177 		2.2171
v -7.3932 		1.9824 		2.3309
v -7.3567 		1.9517 		2.2843
v -7.4371 		2.0044 		2.3761
v -7.487 		2.0168 		2.4185
v -7.5415 		2.0193 		2.4568
v -7.599 		2.0119 		2.4899
v -7.6576 		1.9948 		2.5167
v -7.7156 		1.9684 		2.5364
v -7.7712 		1.9337 		2.5486
v -7.8227 		1.8915 		2.5526
v -7.8686 		1.8433 		2.5486
v -7.9075 		1.7905 		2.5364
v -7.9381 		1.7347 		2.5167
v -7.9597 		1.6775 		2.4899
v -7.9714 		1.6208 		2.4568
v -7.973 		1.5663 		2.4185
v -7.9643 		1.5155 		2.3761
v -7.9458 		1.4701 		2.3309
v -7.9178 		1.4314 		2.2843
v -7.8814 		1.4006 		2.2377
v -7.8375 		1.3787 		2.1925
v -7.7875 		1.3663 		2.1501
v -7.733 		1.3637 		2.1118
v -7.6756 		1.3711 		2.0788
v -7.617 		1.3883 		2.0519
v -7.559 		1.4146 		2.0322
v -7.5034 		1.4494 		2.0201
v -7.4519 		1.4915 		2.016
v -7.406 		1.5398 		2.0201
v -7.3671 		1.5926 		2.0322
v -7.3364 		1.6484 		2.0519
v -7.3149 		1.7055 		2.0788
v -7.3032 		1.7622 		2.1118
v -7.3016 		1.8168 		2.1501
v -7.3102 		1.8676 		2.1925
v -7.3288 		1.913 		2.2377
v -7.3655 		1.9784 		2.3574
v -7.3274 		1.9462 		2.3087
v -7.4114 		2.0013 		2.4047
v -7.4637 		2.0143 		2.4491
v -7.5208 		2.017 		2.4892
v -7.5809 		2.0093 		2.5238
v -7.6422 		1.9913 		2.5519
v -7.7029 		1.9637 		2.5725
v -7.7611 		1.9273 		2.5852
v -7.815 		1.8832 		2.5895
v -7.8631 		1.8328 		2.5852
v -7.9037 		1.7775 		2.5725
v -7.9358 		1.7191 		2.5519
v -7.9583 		1.6593 		2.5238
v -7.9706 		1.6 		2.4892
v -7.9723 		1.5429 		2.4491
v -7.9632 		1.4897 		2.4047
v -7.9438 		1.4422 		2.3574
v -7.9146 		1.4017 		2.3087
v -7.8764 		1.3695 		2.2599
v -7.8305 		1.3466 		2.2126
v -7.7782 		1.3336 		2.1683
v -7.7212 		1.3309 		2.1282
v -7.6611 		1.3386 		2.0936
v -7.5997 		1.3566 		2.0655
v -7.5391 		1.3842 		2.0448
v -7.4809 		1.4206 		2.0321
v -7.4269 		1.4647 		2.0279
v -7.3789 		1.5151 		2.0321
v -7.3382 		1.5704 		2.0448
v -7.3061 		1.6288 		2.0655
v -7.2836 		1.6886 		2.0936
v -7.2713 		1.748 		2.1282
v -7.2697 		1.8051 		2.1683
v -7.2787 		1.8582 		2.2126
v -7.2981 		1.9057 		2.2599
v -7.3391 		1.9713 		2.3846
v -7.2996 		1.9379 		2.3341
v -7.3867 		1.9951 		2.4336
v -7.441 		2.0086 		2.4796
v -7.5001 		2.0113 		2.5212
v -7.5624 		2.0033 		2.5571
v -7.626 		1.9847 		2.5862
v -7.6889 		1.9561 		2.6076
v -7.7493 		1.9184 		2.6208
v -7.8052 		1.8726 		2.6252
v -7.855 		1.8203 		2.6208
v -7.8972 		1.763 		2.6076
v -7.9304 		1.7024 		2.5862
v -7.9538 		1.6404 		2.5571
v -7.9665 		1.5789 		2.5212
v -7.9682 		1.5197 		2.4796
v -7.9589 		1.4646 		2.4336
v -7.9387 		1.4154 		2.3846
v -7.9084 		1.3734 		2.3341
v -7.8689 		1.34 		2.2835
v -7.8212 		1.3162 		2.2345
v -7.767 		1.3027 		2.1885
v -7.7079 		1.2999 		2.1469
v -7.6456 		1.308 		2.111
v -7.582 		1.3266 		2.0819
v -7.5191 		1.3552 		2.0605
v -7.4587 		1.3929 		2.0473
v -7.4028 		1.4386 		2.0429
v -7.353 		1.4909 		2.0473
v -7.3108 		1.5483 		2.0605
v -7.2775 		1.6088 		2.0819
v -7.2542 		1.6708 		2.111
v -7.2415 		1.7324 		2.1469
v -7.2398 		1.7916 		2.1885
v -7.2491 		1.8466 		2.2345
v -7.2693 		1.8959 		2.2835
v -7.3142 		1.9612 		2.4122
v -7.2736 		1.9269 		2.3603
v -7.3632 		1.9857 		2.4626
v -7.4189 		1.9995 		2.5099
v -7.4797 		2.0024 		2.5526
v -7.5438 		1.9941 		2.5895
v -7.6091 		1.975 		2.6194
v -7.6738 		1.9456 		2.6415
v -7.7358 		1.9068 		2.655
v -7.7933 		1.8598 		2.6595
v -7.8445 		1.806 		2.655
v -7.8878 		1.7471 		2.6415
v -7.922 		1.6848 		2.6194
v -7.946 		1.6211 		2.5895
v -7.9591 		1.5579 		2.5526
v -7.9609 		1.497 		2.5099
v -7.9513 		1.4404 		2.4626
v -7.9305 		1.3898 		2.4122
v -7.8994 		1.3466 		2.3603
v -7.8587 		1.3123 		2.3083
v -7.8098 		1.2878 		2.2579
v -7.7541 		1.274 		2.2106
v -7.6932 		1.2711 		2.1679
v -7.6292 		1.2794 		2.131
v -7.5638 		1.2985 		2.1011
v -7.4992 		1.3279 		2.079
v -7.4371 		1.3667 		2.0655
v -7.3797 		1.4137 		2.061
v -7.3285 		1.4674 		2.0655
v -7.2851 		1.5264 		2.079
v -7.2509 		1.5886 		2.1011
v -7.2269 		1.6524 		2.131
v -7.2138 		1.7156 		2.1679
v -7.2121 		1.7765 		2.2106
v -7.2217 		1.8331 		2.2579
v -7.2424 		1.8837 		2.3083
v -7.291 		1.9482 		2.4401
v -7.2495 		1.9132 		2.3871
v -7.3408 		1.9731 		2.4914
v -7.3977 		1.9873 		2.5396
v -7.4597 		1.9902 		2.5832
v -7.525 		1.9817 		2.6208
v -7.5916 		1.9622 		2.6513
v -7.6575 		1.9323 		2.6738
v -7.7208 		1.8927 		2.6876
v -7.7794 		1.8448 		2.6922
v -7.8316 		1.79 		2.6876
v -7.8758 		1.7299 		2.6738
v -7.9106 		1.6664 		2.6513
v -7.9351 		1.6015 		2.6208
v -7.9485 		1.537 		2.5832
v -7.9502 		1.4749 		2.5396
v -7.9404 		1.4172 		2.4914
v -7.9193 		1.3656 		2.4401
v -7.8876 		1.3216 		2.3871
v -7.8461 		1.2866 		2.3341
v -7.7962 		1.2616 		2.2827
v -7.7394 		1.2475 		2.2345
v -7.6774 		1.2446 		2.1909
v -7.6121 		1.253 		2.1533
v -7.5454 		1.2725 		2.1228
v -7.4795 		1.3025 		2.1004
v -7.4163 		1.3421 		2.0866
v -7.3577 		1.39 		2.0819
v -7.3055 		1.4448 		2.0866
v -7.2613 		1.5049 		2.1004
v -7.2264 		1.5683 		2.1228
v -7.2019 		1.6333 		2.1533
v -7.1886 		1.6978 		2.1909
v -7.1868 		1.7598 		2.2345
v -7.1966 		1.8176 		2.2827
v -7.2177 		1.8692 		2.3341
v -7.2695 		1.9324 		2.4679
v -7.2276 		1.8969 		2.4143
v -7.32 		1.9576 		2.5199
v -7.3775 		1.9719 		2.5686
v -7.4402 		1.9748 		2.6127
v -7.5063 		1.9663 		2.6508
v -7.5737 		1.9466 		2.6816
v -7.6404 		1.9162 		2.7044
v -7.7043 		1.8762 		2.7183
v -7.7636 		1.8278 		2.723
v -7.8164 		1.7723 		2.7183
v -7.8611 		1.7116 		2.7044
v -7.8964 		1.6474 		2.6816
v -7.9211 		1.5816 		2.6508
v -7.9346 		1.5164 		2.6127
v -7.9364 		1.4536 		2.5686
v -7.9265 		1.3952 		2.5199
v -7.9052 		1.343 		2.4679
v -7.873 		1.2985 		2.4143
v -7.8311 		1.2631 		2.3607
v -7.7806 		1.2379 		2.3087
v -7.7232 		1.2236 		2.26
v -7.6604 		1.2207 		2.2159
v -7.5944 		1.2292 		2.1779
v -7.527 		1.2489 		2.147
v -7.4603 		1.2792 		2.1243
v -7.3963 		1.3192 		2.1103
v -7.337 		1.3677 		2.1057
v -7.2842 		1.4231 		2.1103
v -7.2395 		1.4839 		2.1243
v -7.2042 		1.5481 		2.147
v -7.1795 		1.6138 		2.1779
v -7.166 		1.6791 		2.2159
v -7.1642 		1.7418 		2.26
v -7.1741 		1.8002 		2.3087
v -7.1954 		1.8525 		2.3607
v -7.2501 		1.9138 		2.4956
v -7.208 		1.8783 		2.4418
v -7.3008 		1.9392 		2.5477
v -7.3584 		1.9535 		2.5967
v -7.4214 		1.9565 		2.6409
v -7.4877 		1.9479 		2.6791
v -7.5554 		1.9281 		2.7101
v -7.6223 		1.8977 		2.7329
v -7.6865 		1.8575 		2.7469
v -7.7461 		1.8089 		2.7516
v -7.7991 		1.7532 		2.7469
v -7.8439 		1.6922 		2.7329
v -7.8793 		1.6277 		2.7101
v -7.9042 		1.5618 		2.6791
v -7.9177 		1.4963 		2.6409
v -7.9196 		1.4333 		2.5967
v -7.9096 		1.3747 		2.5477
v -7.8882 		1.3222 		2.4956
v -7.8559 		1.2776 		2.4418
v -7.8138 		1.242 		2.388
v -7.7631 		1.2167 		2.3358
v -7.7055 		1.2024 		2.2868
v -7.6425 		1.1994 		2.2426
v -7.5762 		1.208 		2.2044
v -7.5085 		1.2278 		2.1734
v -7.4416 		1.2582 		2.1506
v -7.3774 		1.2984 		2.1366
v -7.3178 		1.347 		2.1319
v -7.2648 		1.4027 		2.1366
v -7.22 		1.4637 		2.1506
v -7.1846 		1.5281 		2.1734
v -7.1597 		1.5941 		2.2044
v -7.1462 		1.6596 		2.2426
v -7.1443 		1.7226 		2.2868
v -7.1543 		1.7812 		2.3358
v -7.1757 		1.8336 		2.388
v -7.5319 		1.5779 		2.4418
# 650 vertices

g group_4_5122067

usemtl color_5122067
s 0

f 2602 	2601 	2603
f 2603 	2601 	2604
f 2604 	2601 	2605
f 2605 	2601 	2606
f 2606 	2601 	2607
f 2607 	2601 	2608
f 2608 	2601 	2609
f 2609 	2601 	2610
f 2610 	2601 	2611
f 2611 	2601 	2612
f 2612 	2601 	2613
f 2613 	2601 	2614
f 2614 	2601 	2615
f 2615 	2601 	2616
f 2616 	2601 	2617
f 2617 	2601 	2618
f 2618 	2601 	2619
f 2619 	2601 	2620
f 2620 	2601 	2621
f 2621 	2601 	2622
f 2622 	2601 	2623
f 2623 	2601 	2624
f 2624 	2601 	2625
f 2625 	2601 	2626
f 2626 	2601 	2627
f 2627 	2601 	2628
f 2628 	2601 	2629
f 2629 	2601 	2630
f 2630 	2601 	2631
f 2631 	2601 	2632
f 2632 	2601 	2633
f 2633 	2601 	2634
f 2634 	2601 	2635
f 2635 	2601 	2636
f 2636 	2601 	2637
f 2637 	2601 	2602
f 2602 	2603 	2638
f 2639 	2602 	2638
f 2603 	2604 	2640
f 2638 	2603 	2640
f 2604 	2605 	2641
f 2640 	2604 	2641
f 2605 	2606 	2642
f 2641 	2605 	2642
f 2606 	2607 	2643
f 2642 	2606 	2643
f 2607 	2608 	2644
f 2643 	2607 	2644
f 2608 	2609 	2645
f 2644 	2608 	2645
f 2609 	2610 	2646
f 2645 	2609 	2646
f 2610 	2611 	2647
f 2646 	2610 	2647
f 2611 	2612 	2648
f 2647 	2611 	2648
f 2612 	2613 	2649
f 2648 	2612 	2649
f 2613 	2614 	2650
f 2649 	2613 	2650
f 2614 	2615 	2651
f 2650 	2614 	2651
f 2615 	2616 	2652
f 2651 	2615 	2652
f 2616 	2617 	2653
f 2652 	2616 	2653
f 2617 	2618 	2654
f 2653 	2617 	2654
f 2618 	2619 	2655
f 2654 	2618 	2655
f 2619 	2620 	2656
f 2655 	2619 	2656
f 2620 	2621 	2657
f 2656 	2620 	2657
f 2621 	2622 	2658
f 2657 	2621 	2658
f 2622 	2623 	2659
f 2658 	2622 	2659
f 2623 	2624 	2660
f 2659 	2623 	2660
f 2624 	2625 	2661
f 2660 	2624 	2661
f 2625 	2626 	2662
f 2661 	2625 	2662
f 2626 	2627 	2663
f 2662 	2626 	2663
f 2627 	2628 	2664
f 2663 	2627 	2664
f 2628 	2629 	2665
f 2664 	2628 	2665
f 2629 	2630 	2666
f 2665 	2629 	2666
f 2630 	2631 	2667
f 2666 	2630 	2667
f 2631 	2632 	2668
f 2667 	2631 	2668
f 2632 	2633 	2669
f 2668 	2632 	2669
f 2633 	2634 	2670
f 2669 	2633 	2670
f 2634 	2635 	2671
f 2670 	2634 	2671
f 2635 	2636 	2672
f 2671 	2635 	2672
f 2636 	2637 	2673
f 2672 	2636 	2673
f 2637 	2602 	2639
f 2673 	2637 	2639
f 2639 	2638 	2674
f 2675 	2639 	2674
f 2638 	2640 	2676
f 2674 	2638 	2676
f 2640 	2641 	2677
f 2676 	2640 	2677
f 2641 	2642 	2678
f 2677 	2641 	2678
f 2642 	2643 	2679
f 2678 	2642 	2679
f 2643 	2644 	2680
f 2679 	2643 	2680
f 2644 	2645 	2681
f 2680 	2644 	2681
f 2645 	2646 	2682
f 2681 	2645 	2682
f 2646 	2647 	2683
f 2682 	2646 	2683
f 2647 	2648 	2684
f 2683 	2647 	2684
f 2648 	2649 	2685
f 2684 	2648 	2685
f 2649 	2650 	2686
f 2685 	2649 	2686
f 2650 	2651 	2687
f 2686 	2650 	2687
f 2651 	2652 	2688
f 2687 	2651 	2688
f 2652 	2653 	2689
f 2688 	2652 	2689
f 2653 	2654 	2690
f 2689 	2653 	2690
f 2654 	2655 	2691
f 2690 	2654 	2691
f 2655 	2656 	2692
f 2691 	2655 	2692
f 2656 	2657 	2693
f 2692 	2656 	2693
f 2657 	2658 	2694
f 2693 	2657 	2694
f 2658 	2659 	2695
f 2694 	2658 	2695
f 2659 	2660 	2696
f 2695 	2659 	2696
f 2660 	2661 	2697
f 2696 	2660 	2697
f 2661 	2662 	2698
f 2697 	2661 	2698
f 2662 	2663 	2699
f 2698 	2662 	2699
f 2663 	2664 	2700
f 2699 	2663 	2700
f 2664 	2665 	2701
f 2700 	2664 	2701
f 2665 	2666 	2702
f 2701 	2665 	2702
f 2666 	2667 	2703
f 2702 	2666 	2703
f 2667 	2668 	2704
f 2703 	2667 	2704
f 2668 	2669 	2705
f 2704 	2668 	2705
f 2669 	2670 	2706
f 2705 	2669 	2706
f 2670 	2671 	2707
f 2706 	2670 	2707
f 2671 	2672 	2708
f 2707 	2671 	2708
f 2672 	2673 	2709
f 2708 	2672 	2709
f 2673 	2639 	2675
f 2709 	2673 	2675
f 2675 	2674 	2710
f 2711 	2675 	2710
f 2674 	2676 	2712
f 2710 	2674 	2712
f 2676 	2677 	2713
f 2712 	2676 	2713
f 2677 	2678 	2714
f 2713 	2677 	2714
f 2678 	2679 	2715
f 2714 	2678 	2715
f 2679 	2680 	2716
f 2715 	2679 	2716
f 2680 	2681 	2717
f 2716 	2680 	2717
f 2681 	2682 	2718
f 2717 	2681 	2718
f 2682 	2683 	2719
f 2718 	2682 	2719
f 2683 	2684 	2720
f 2719 	2683 	2720
f 2684 	2685 	2721
f 2720 	2684 	2721
f 2685 	2686 	2722
f 2721 	2685 	2722
f 2686 	2687 	2723
f 2722 	2686 	2723
f 2687 	2688 	2724
f 2723 	2687 	2724
f 2688 	2689 	2725
f 2724 	2688 	2725
f 2689 	2690 	2726
f 2725 	2689 	2726
f 2690 	2691 	2727
f 2726 	2690 	2727
f 2691 	2692 	2728
f 2727 	2691 	2728
f 2692 	2693 	2729
f 2728 	2692 	2729
f 2693 	2694 	2730
f 2729 	2693 	2730
f 2694 	2695 	2731
f 2730 	2694 	2731
f 2695 	2696 	2732
f 2731 	2695 	2732
f 2696 	2697 	2733
f 2732 	2696 	2733
f 2697 	2698 	2734
f 2733 	2697 	2734
f 2698 	2699 	2735
f 2734 	2698 	2735
f 2699 	2700 	2736
f 2735 	2699 	2736
f 2700 	2701 	2737
f 2736 	2700 	2737
f 2701 	2702 	2738
f 2737 	2701 	2738
f 2702 	2703 	2739
f 2738 	2702 	2739
f 2703 	2704 	2740
f 2739 	2703 	2740
f 2704 	2705 	2741
f 2740 	2704 	2741
f 2705 	2706 	2742
f 2741 	2705 	2742
f 2706 	2707 	2743
f 2742 	2706 	2743
f 2707 	2708 	2744
f 2743 	2707 	2744
f 2708 	2709 	2745
f 2744 	2708 	2745
f 2709 	2675 	2711
f 2745 	2709 	2711
f 2711 	2710 	2746
f 2747 	2711 	2746
f 2710 	2712 	2748
f 2746 	2710 	2748
f 2712 	2713 	2749
f 2748 	2712 	2749
f 2713 	2714 	2750
f 2749 	2713 	2750
f 2714 	2715 	2751
f 2750 	2714 	2751
f 2715 	2716 	2752
f 2751 	2715 	2752
f 2716 	2717 	2753
f 2752 	2716 	2753
f 2717 	2718 	2754
f 2753 	2717 	2754
f 2718 	2719 	2755
f 2754 	2718 	2755
f 2719 	2720 	2756
f 2755 	2719 	2756
f 2720 	2721 	2757
f 2756 	2720 	2757
f 2721 	2722 	2758
f 2757 	2721 	2758
f 2722 	2723 	2759
f 2758 	2722 	2759
f 2723 	2724 	2760
f 2759 	2723 	2760
f 2724 	2725 	2761
f 2760 	2724 	2761
f 2725 	2726 	2762
f 2761 	2725 	2762
f 2726 	2727 	2763
f 2762 	2726 	2763
f 2727 	2728 	2764
f 2763 	2727 	2764
f 2728 	2729 	2765
f 2764 	2728 	2765
f 2729 	2730 	2766
f 2765 	2729 	2766
f 2730 	2731 	2767
f 2766 	2730 	2767
f 2731 	2732 	2768
f 2767 	2731 	2768
f 2732 	2733 	2769
f 2768 	2732 	2769
f 2733 	2734 	2770
f 2769 	2733 	2770
f 2734 	2735 	2771
f 2770 	2734 	2771
f 2735 	2736 	2772
f 2771 	2735 	2772
f 2736 	2737 	2773
f 2772 	2736 	2773
f 2737 	2738 	2774
f 2773 	2737 	2774
f 2738 	2739 	2775
f 2774 	2738 	2775
f 2739 	2740 	2776
f 2775 	2739 	2776
f 2740 	2741 	2777
f 2776 	2740 	2777
f 2741 	2742 	2778
f 2777 	2741 	2778
f 2742 	2743 	2779
f 2778 	2742 	2779
f 2743 	2744 	2780
f 2779 	2743 	2780
f 2744 	2745 	2781
f 2780 	2744 	2781
f 2745 	2711 	2747
f 2781 	2745 	2747
f 2747 	2746 	2782
f 2783 	2747 	2782
f 2746 	2748 	2784
f 2782 	2746 	2784
f 2748 	2749 	2785
f 2784 	2748 	2785
f 2749 	2750 	2786
f 2785 	2749 	2786
f 2750 	2751 	2787
f 2786 	2750 	2787
f 2751 	2752 	2788
f 2787 	2751 	2788
f 2752 	2753 	2789
f 2788 	2752 	2789
f 2753 	2754 	2790
f 2789 	2753 	2790
f 2754 	2755 	2791
f 2790 	2754 	2791
f 2755 	2756 	2792
f 2791 	2755 	2792
f 2756 	2757 	2793
f 2792 	2756 	2793
f 2757 	2758 	2794
f 2793 	2757 	2794
f 2758 	2759 	2795
f 2794 	2758 	2795
f 2759 	2760 	2796
f 2795 	2759 	2796
f 2760 	2761 	2797
f 2796 	2760 	2797
f 2761 	2762 	2798
f 2797 	2761 	2798
f 2762 	2763 	2799
f 2798 	2762 	2799
f 2763 	2764 	2800
f 2799 	2763 	2800
f 2764 	2765 	2801
f 2800 	2764 	2801
f 2765 	2766 	2802
f 2801 	2765 	2802
f 2766 	2767 	2803
f 2802 	2766 	2803
f 2767 	2768 	2804
f 2803 	2767 	2804
f 2768 	2769 	2805
f 2804 	2768 	2805
f 2769 	2770 	2806
f 2805 	2769 	2806
f 2770 	2771 	2807
f 2806 	2770 	2807
f 2771 	2772 	2808
f 2807 	2771 	2808
f 2772 	2773 	2809
f 2808 	2772 	2809
f 2773 	2774 	2810
f 2809 	2773 	2810
f 2774 	2775 	2811
f 2810 	2774 	2811
f 2775 	2776 	2812
f 2811 	2775 	2812
f 2776 	2777 	2813
f 2812 	2776 	2813
f 2777 	2778 	2814
f 2813 	2777 	2814
f 2778 	2779 	2815
f 2814 	2778 	2815
f 2779 	2780 	2816
f 2815 	2779 	2816
f 2780 	2781 	2817
f 2816 	2780 	2817
f 2781 	2747 	2783
f 2817 	2781 	2783
f 2783 	2782 	2818
f 2819 	2783 	2818
f 2782 	2784 	2820
f 2818 	2782 	2820
f 2784 	2785 	2821
f 2820 	2784 	2821
f 2785 	2786 	2822
f 2821 	2785 	2822
f 2786 	2787 	2823
f 2822 	2786 	2823
f 2787 	2788 	2824
f 2823 	2787 	2824
f 2788 	2789 	2825
f 2824 	2788 	2825
f 2789 	2790 	2826
f 2825 	2789 	2826
f 2790 	2791 	2827
f 2826 	2790 	2827
f 2791 	2792 	2828
f 2827 	2791 	2828
f 2792 	2793 	2829
f 2828 	2792 	2829
f 2793 	2794 	2830
f 2829 	2793 	2830
f 2794 	2795 	2831
f 2830 	2794 	2831
f 2795 	2796 	2832
f 2831 	2795 	2832
f 2796 	2797 	2833
f 2832 	2796 	2833
f 2797 	2798 	2834
f 2833 	2797 	2834
f 2798 	2799 	2835
f 2834 	2798 	2835
f 2799 	2800 	2836
f 2835 	2799 	2836
f 2800 	2801 	2837
f 2836 	2800 	2837
f 2801 	2802 	2838
f 2837 	2801 	2838
f 2802 	2803 	2839
f 2838 	2802 	2839
f 2803 	2804 	2840
f 2839 	2803 	2840
f 2804 	2805 	2841
f 2840 	2804 	2841
f 2805 	2806 	2842
f 2841 	2805 	2842
f 2806 	2807 	2843
f 2842 	2806 	2843
f 2807 	2808 	2844
f 2843 	2807 	2844
f 2808 	2809 	2845
f 2844 	2808 	2845
f 2809 	2810 	2846
f 2845 	2809 	2846
f 2810 	2811 	2847
f 2846 	2810 	2847
f 2811 	2812 	2848
f 2847 	2811 	2848
f 2812 	2813 	2849
f 2848 	2812 	2849
f 2813 	2814 	2850
f 2849 	2813 	2850
f 2814 	2815 	2851
f 2850 	2814 	2851
f 2815 	2816 	2852
f 2851 	2815 	2852
f 2816 	2817 	2853
f 2852 	2816 	2853
f 2817 	2783 	2819
f 2853 	2817 	2819
f 2819 	2818 	2854
f 2855 	2819 	2854
f 2818 	2820 	2856
f 2854 	2818 	2856
f 2820 	2821 	2857
f 2856 	2820 	2857
f 2821 	2822 	2858
f 2857 	2821 	2858
f 2822 	2823 	2859
f 2858 	2822 	2859
f 2823 	2824 	2860
f 2859 	2823 	2860
f 2824 	2825 	2861
f 2860 	2824 	2861
f 2825 	2826 	2862
f 2861 	2825 	2862
f 2826 	2827 	2863
f 2862 	2826 	2863
f 2827 	2828 	2864
f 2863 	2827 	2864
f 2828 	2829 	2865
f 2864 	2828 	2865
f 2829 	2830 	2866
f 2865 	2829 	2866
f 2830 	2831 	2867
f 2866 	2830 	2867
f 2831 	2832 	2868
f 2867 	2831 	2868
f 2832 	2833 	2869
f 2868 	2832 	2869
f 2833 	2834 	2870
f 2869 	2833 	2870
f 2834 	2835 	2871
f 2870 	2834 	2871
f 2835 	2836 	2872
f 2871 	2835 	2872
f 2836 	2837 	2873
f 2872 	2836 	2873
f 2837 	2838 	2874
f 2873 	2837 	2874
f 2838 	2839 	2875
f 2874 	2838 	2875
f 2839 	2840 	2876
f 2875 	2839 	2876
f 2840 	2841 	2877
f 2876 	2840 	2877
f 2841 	2842 	2878
f 2877 	2841 	2878
f 2842 	2843 	2879
f 2878 	2842 	2879
f 2843 	2844 	2880
f 2879 	2843 	2880
f 2844 	2845 	2881
f 2880 	2844 	2881
f 2845 	2846 	2882
f 2881 	2845 	2882
f 2846 	2847 	2883
f 2882 	2846 	2883
f 2847 	2848 	2884
f 2883 	2847 	2884
f 2848 	2849 	2885
f 2884 	2848 	2885
f 2849 	2850 	2886
f 2885 	2849 	2886
f 2850 	2851 	2887
f 2886 	2850 	2887
f 2851 	2852 	2888
f 2887 	2851 	2888
f 2852 	2853 	2889
f 2888 	2852 	2889
f 2853 	2819 	2855
f 2889 	2853 	2855
f 2855 	2854 	2890
f 2891 	2855 	2890
f 2854 	2856 	2892
f 2890 	2854 	2892
f 2856 	2857 	2893
f 2892 	2856 	2893
f 2857 	2858 	2894
f 2893 	2857 	2894
f 2858 	2859 	2895
f 2894 	2858 	2895
f 2859 	2860 	2896
f 2895 	2859 	2896
f 2860 	2861 	2897
f 2896 	2860 	2897
f 2861 	2862 	2898
f 2897 	2861 	2898
f 2862 	2863 	2899
f 2898 	2862 	2899
f 2863 	2864 	2900
f 2899 	2863 	2900
f 2864 	2865 	2901
f 2900 	2864 	2901
f 2865 	2866 	2902
f 2901 	2865 	2902
f 2866 	2867 	2903
f 2902 	2866 	2903
f 2867 	2868 	2904
f 2903 	2867 	2904
f 2868 	2869 	2905
f 2904 	2868 	2905
f 2869 	2870 	2906
f 2905 	2869 	2906
f 2870 	2871 	2907
f 2906 	2870 	2907
f 2871 	2872 	2908
f 2907 	2871 	2908
f 2872 	2873 	2909
f 2908 	2872 	2909
f 2873 	2874 	2910
f 2909 	2873 	2910
f 2874 	2875 	2911
f 2910 	2874 	2911
f 2875 	2876 	2912
f 2911 	2875 	2912
f 2876 	2877 	2913
f 2912 	2876 	2913
f 2877 	2878 	2914
f 2913 	2877 	2914
f 2878 	2879 	2915
f 2914 	2878 	2915
f 2879 	2880 	2916
f 2915 	2879 	2916
f 2880 	2881 	2917
f 2916 	2880 	2917
f 2881 	2882 	2918
f 2917 	2881 	2918
f 2882 	2883 	2919
f 2918 	2882 	2919
f 2883 	2884 	2920
f 2919 	2883 	2920
f 2884 	2885 	2921
f 2920 	2884 	2921
f 2885 	2886 	2922
f 2921 	2885 	2922
f 2886 	2887 	2923
f 2922 	2886 	2923
f 2887 	2888 	2924
f 2923 	2887 	2924
f 2888 	2889 	2925
f 2924 	2888 	2925
f 2889 	2855 	2891
f 2925 	2889 	2891
f 2891 	2890 	2926
f 2927 	2891 	2926
f 2890 	2892 	2928
f 2926 	2890 	2928
f 2892 	2893 	2929
f 2928 	2892 	2929
f 2893 	2894 	2930
f 2929 	2893 	2930
f 2894 	2895 	2931
f 2930 	2894 	2931
f 2895 	2896 	2932
f 2931 	2895 	2932
f 2896 	2897 	2933
f 2932 	2896 	2933
f 2897 	2898 	2934
f 2933 	2897 	2934
f 2898 	2899 	2935
f 2934 	2898 	2935
f 2899 	2900 	2936
f 2935 	2899 	2936
f 2900 	2901 	2937
f 2936 	2900 	2937
f 2901 	2902 	2938
f 2937 	2901 	2938
f 2902 	2903 	2939
f 2938 	2902 	2939
f 2903 	2904 	2940
f 2939 	2903 	2940
f 2904 	2905 	2941
f 2940 	2904 	2941
f 2905 	2906 	2942
f 2941 	2905 	2942
f 2906 	2907 	2943
f 2942 	2906 	2943
f 2907 	2908 	2944
f 2943 	2907 	2944
f 2908 	2909 	2945
f 2944 	2908 	2945
f 2909 	2910 	2946
f 2945 	2909 	2946
f 2910 	2911 	2947
f 2946 	2910 	2947
f 2911 	2912 	2948
f 2947 	2911 	2948
f 2912 	2913 	2949
f 2948 	2912 	2949
f 2913 	2914 	2950
f 2949 	2913 	2950
f 2914 	2915 	2951
f 2950 	2914 	2951
f 2915 	2916 	2952
f 2951 	2915 	2952
f 2916 	2917 	2953
f 2952 	2916 	2953
f 2917 	2918 	2954
f 2953 	2917 	2954
f 2918 	2919 	2955
f 2954 	2918 	2955
f 2919 	2920 	2956
f 2955 	2919 	2956
f 2920 	2921 	2957
f 2956 	2920 	2957
f 2921 	2922 	2958
f 2957 	2921 	2958
f 2922 	2923 	2959
f 2958 	2922 	2959
f 2923 	2924 	2960
f 2959 	2923 	2960
f 2924 	2925 	2961
f 2960 	2924 	2961
f 2925 	2891 	2927
f 2961 	2925 	2927
f 2927 	2926 	2962
f 2963 	2927 	2962
f 2926 	2928 	2964
f 2962 	2926 	2964
f 2928 	2929 	2965
f 2964 	2928 	2965
f 2929 	2930 	2966
f 2965 	2929 	2966
f 2930 	2931 	2967
f 2966 	2930 	2967
f 2931 	2932 	2968
f 2967 	2931 	2968
f 2932 	2933 	2969
f 2968 	2932 	2969
f 2933 	2934 	2970
f 2969 	2933 	2970
f 2934 	2935 	2971
f 2970 	2934 	2971
f 2935 	2936 	2972
f 2971 	2935 	2972
f 2936 	2937 	2973
f 2972 	2936 	2973
f 2937 	2938 	2974
f 2973 	2937 	2974
f 2938 	2939 	2975
f 2974 	2938 	2975
f 2939 	2940 	2976
f 2975 	2939 	2976
f 2940 	2941 	2977
f 2976 	2940 	2977
f 2941 	2942 	2978
f 2977 	2941 	2978
f 2942 	2943 	2979
f 2978 	2942 	2979
f 2943 	2944 	2980
f 2979 	2943 	2980
f 2944 	2945 	2981
f 2980 	2944 	2981
f 2945 	2946 	2982
f 2981 	2945 	2982
f 2946 	2947 	2983
f 2982 	2946 	2983
f 2947 	2948 	2984
f 2983 	2947 	2984
f 2948 	2949 	2985
f 2984 	2948 	2985
f 2949 	2950 	2986
f 2985 	2949 	2986
f 2950 	2951 	2987
f 2986 	2950 	2987
f 2951 	2952 	2988
f 2987 	2951 	2988
f 2952 	2953 	2989
f 2988 	2952 	2989
f 2953 	2954 	2990
f 2989 	2953 	2990
f 2954 	2955 	2991
f 2990 	2954 	2991
f 2955 	2956 	2992
f 2991 	2955 	2992
f 2956 	2957 	2993
f 2992 	2956 	2993
f 2957 	2958 	2994
f 2993 	2957 	2994
f 2958 	2959 	2995
f 2994 	2958 	2995
f 2959 	2960 	2996
f 2995 	2959 	2996
f 2960 	2961 	2997
f 2996 	2960 	2997
f 2961 	2927 	2963
f 2997 	2961 	2963
f 2963 	2962 	2998
f 2999 	2963 	2998
f 2962 	2964 	3000
f 2998 	2962 	3000
f 2964 	2965 	3001
f 3000 	2964 	3001
f 2965 	2966 	3002
f 3001 	2965 	3002
f 2966 	2967 	3003
f 3002 	2966 	3003
f 2967 	2968 	3004
f 3003 	2967 	3004
f 2968 	2969 	3005
f 3004 	2968 	3005
f 2969 	2970 	3006
f 3005 	2969 	3006
f 2970 	2971 	3007
f 3006 	2970 	3007
f 2971 	2972 	3008
f 3007 	2971 	3008
f 2972 	2973 	3009
f 3008 	2972 	3009
f 2973 	2974 	3010
f 3009 	2973 	3010
f 2974 	2975 	3011
f 3010 	2974 	3011
f 2975 	2976 	3012
f 3011 	2975 	3012
f 2976 	2977 	3013
f 3012 	2976 	3013
f 2977 	2978 	3014
f 3013 	2977 	3014
f 2978 	2979 	3015
f 3014 	2978 	3015
f 2979 	2980 	3016
f 3015 	2979 	3016
f 2980 	2981 	3017
f 3016 	2980 	3017
f 2981 	2982 	3018
f 3017 	2981 	3018
f 2982 	2983 	3019
f 3018 	2982 	3019
f 2983 	2984 	3020
f 3019 	2983 	3020
f 2984 	2985 	3021
f 3020 	2984 	3021
f 2985 	2986 	3022
f 3021 	2985 	3022
f 2986 	2987 	3023
f 3022 	2986 	3023
f 2987 	2988 	3024
f 3023 	2987 	3024
f 2988 	2989 	3025
f 3024 	2988 	3025
f 2989 	2990 	3026
f 3025 	2989 	3026
f 2990 	2991 	3027
f 3026 	2990 	3027
f 2991 	2992 	3028
f 3027 	2991 	3028
f 2992 	2993 	3029
f 3028 	2992 	3029
f 2993 	2994 	3030
f 3029 	2993 	3030
f 2994 	2995 	3031
f 3030 	2994 	3031
f 2995 	2996 	3032
f 3031 	2995 	3032
f 2996 	2997 	3033
f 3032 	2996 	3033
f 2997 	2963 	2999
f 3033 	2997 	2999
f 2999 	2998 	3034
f 3035 	2999 	3034
f 2998 	3000 	3036
f 3034 	2998 	3036
f 3000 	3001 	3037
f 3036 	3000 	3037
f 3001 	3002 	3038
f 3037 	3001 	3038
f 3002 	3003 	3039
f 3038 	3002 	3039
f 3003 	3004 	3040
f 3039 	3003 	3040
f 3004 	3005 	3041
f 3040 	3004 	3041
f 3005 	3006 	3042
f 3041 	3005 	3042
f 3006 	3007 	3043
f 3042 	3006 	3043
f 3007 	3008 	3044
f 3043 	3007 	3044
f 3008 	3009 	3045
f 3044 	3008 	3045
f 3009 	3010 	3046
f 3045 	3009 	3046
f 3010 	3011 	3047
f 3046 	3010 	3047
f 3011 	3012 	3048
f 3047 	3011 	3048
f 3012 	3013 	3049
f 3048 	3012 	3049
f 3013 	3014 	3050
f 3049 	3013 	3050
f 3014 	3015 	3051
f 3050 	3014 	3051
f 3015 	3016 	3052
f 3051 	3015 	3052
f 3016 	3017 	3053
f 3052 	3016 	3053
f 3017 	3018 	3054
f 3053 	3017 	3054
f 3018 	3019 	3055
f 3054 	3018 	3055
f 3019 	3020 	3056
f 3055 	3019 	3056
f 3020 	3021 	3057
f 3056 	3020 	3057
f 3021 	3022 	3058
f 3057 	3021 	3058
f 3022 	3023 	3059
f 3058 	3022 	3059
f 3023 	3024 	3060
f 3059 	3023 	3060
f 3024 	3025 	3061
f 3060 	3024 	3061
f 3025 	3026 	3062
f 3061 	3025 	3062
f 3026 	3027 	3063
f 3062 	3026 	3063
f 3027 	3028 	3064
f 3063 	3027 	3064
f 3028 	3029 	3065
f 3064 	3028 	3065
f 3029 	3030 	3066
f 3065 	3029 	3066
f 3030 	3031 	3067
f 3066 	3030 	3067
f 3031 	3032 	3068
f 3067 	3031 	3068
f 3032 	3033 	3069
f 3068 	3032 	3069
f 3033 	2999 	3035
f 3069 	3033 	3035
f 3035 	3034 	3070
f 3071 	3035 	3070
f 3034 	3036 	3072
f 3070 	3034 	3072
f 3036 	3037 	3073
f 3072 	3036 	3073
f 3037 	3038 	3074
f 3073 	3037 	3074
f 3038 	3039 	3075
f 3074 	3038 	3075
f 3039 	3040 	3076
f 3075 	3039 	3076
f 3040 	3041 	3077
f 3076 	3040 	3077
f 3041 	3042 	3078
f 3077 	3041 	3078
f 3042 	3043 	3079
f 3078 	3042 	3079
f 3043 	3044 	3080
f 3079 	3043 	3080
f 3044 	3045 	3081
f 3080 	3044 	3081
f 3045 	3046 	3082
f 3081 	3045 	3082
f 3046 	3047 	3083
f 3082 	3046 	3083
f 3047 	3048 	3084
f 3083 	3047 	3084
f 3048 	3049 	3085
f 3084 	3048 	3085
f 3049 	3050 	3086
f 3085 	3049 	3086
f 3050 	3051 	3087
f 3086 	3050 	3087
f 3051 	3052 	3088
f 3087 	3051 	3088
f 3052 	3053 	3089
f 3088 	3052 	3089
f 3053 	3054 	3090
f 3089 	3053 	3090
f 3054 	3055 	3091
f 3090 	3054 	3091
f 3055 	3056 	3092
f 3091 	3055 	3092
f 3056 	3057 	3093
f 3092 	3056 	3093
f 3057 	3058 	3094
f 3093 	3057 	3094
f 3058 	3059 	3095
f 3094 	3058 	3095
f 3059 	3060 	3096
f 3095 	3059 	3096
f 3060 	3061 	3097
f 3096 	3060 	3097
f 3061 	3062 	3098
f 3097 	3061 	3098
f 3062 	3063 	3099
f 3098 	3062 	3099
f 3063 	3064 	3100
f 3099 	3063 	3100
f 3064 	3065 	3101
f 3100 	3064 	3101
f 3065 	3066 	3102
f 3101 	3065 	3102
f 3066 	3067 	3103
f 3102 	3066 	3103
f 3067 	3068 	3104
f 3103 	3067 	3104
f 3068 	3069 	3105
f 3104 	3068 	3105
f 3069 	3035 	3071
f 3105 	3069 	3071
f 3071 	3070 	3106
f 3107 	3071 	3106
f 3070 	3072 	3108
f 3106 	3070 	3108
f 3072 	3073 	3109
f 3108 	3072 	3109
f 3073 	3074 	3110
f 3109 	3073 	3110
f 3074 	3075 	3111
f 3110 	3074 	3111
f 3075 	3076 	3112
f 3111 	3075 	3112
f 3076 	3077 	3113
f 3112 	3076 	3113
f 3077 	3078 	3114
f 3113 	3077 	3114
f 3078 	3079 	3115
f 3114 	3078 	3115
f 3079 	3080 	3116
f 3115 	3079 	3116
f 3080 	3081 	3117
f 3116 	3080 	3117
f 3081 	3082 	3118
f 3117 	3081 	3118
f 3082 	3083 	3119
f 3118 	3082 	3119
f 3083 	3084 	3120
f 3119 	3083 	3120
f 3084 	3085 	3121
f 3120 	3084 	3121
f 3085 	3086 	3122
f 3121 	3085 	3122
f 3086 	3087 	3123
f 3122 	3086 	3123
f 3087 	3088 	3124
f 3123 	3087 	3124
f 3088 	3089 	3125
f 3124 	3088 	3125
f 3089 	3090 	3126
f 3125 	3089 	3126
f 3090 	3091 	3127
f 3126 	3090 	3127
f 3091 	3092 	3128
f 3127 	3091 	3128
f 3092 	3093 	3129
f 3128 	3092 	3129
f 3093 	3094 	3130
f 3129 	3093 	3130
f 3094 	3095 	3131
f 3130 	3094 	3131
f 3095 	3096 	3132
f 3131 	3095 	3132
f 3096 	3097 	3133
f 3132 	3096 	3133
f 3097 	3098 	3134
f 3133 	3097 	3134
f 3098 	3099 	3135
f 3134 	3098 	3135
f 3099 	3100 	3136
f 3135 	3099 	3136
f 3100 	3101 	3137
f 3136 	3100 	3137
f 3101 	3102 	3138
f 3137 	3101 	3138
f 3102 	3103 	3139
f 3138 	3102 	3139
f 3103 	3104 	3140
f 3139 	3103 	3140
f 3104 	3105 	3141
f 3140 	3104 	3141
f 3105 	3071 	3107
f 3141 	3105 	3107
f 3107 	3106 	3142
f 3143 	3107 	3142
f 3106 	3108 	3144
f 3142 	3106 	3144
f 3108 	3109 	3145
f 3144 	3108 	3145
f 3109 	3110 	3146
f 3145 	3109 	3146
f 3110 	3111 	3147
f 3146 	3110 	3147
f 3111 	3112 	3148
f 3147 	3111 	3148
f 3112 	3113 	3149
f 3148 	3112 	3149
f 3113 	3114 	3150
f 3149 	3113 	3150
f 3114 	3115 	3151
f 3150 	3114 	3151
f 3115 	3116 	3152
f 3151 	3115 	3152
f 3116 	3117 	3153
f 3152 	3116 	3153
f 3117 	3118 	3154
f 3153 	3117 	3154
f 3118 	3119 	3155
f 3154 	3118 	3155
f 3119 	3120 	3156
f 3155 	3119 	3156
f 3120 	3121 	3157
f 3156 	3120 	3157
f 3121 	3122 	3158
f 3157 	3121 	3158
f 3122 	3123 	3159
f 3158 	3122 	3159
f 3123 	3124 	3160
f 3159 	3123 	3160
f 3124 	3125 	3161
f 3160 	3124 	3161
f 3125 	3126 	3162
f 3161 	3125 	3162
f 3126 	3127 	3163
f 3162 	3126 	3163
f 3127 	3128 	3164
f 3163 	3127 	3164
f 3128 	3129 	3165
f 3164 	3128 	3165
f 3129 	3130 	3166
f 3165 	3129 	3166
f 3130 	3131 	3167
f 3166 	3130 	3167
f 3131 	3132 	3168
f 3167 	3131 	3168
f 3132 	3133 	3169
f 3168 	3132 	3169
f 3133 	3134 	3170
f 3169 	3133 	3170
f 3134 	3135 	3171
f 3170 	3134 	3171
f 3135 	3136 	3172
f 3171 	3135 	3172
f 3136 	3137 	3173
f 3172 	3136 	3173
f 3137 	3138 	3174
f 3173 	3137 	3174
f 3138 	3139 	3175
f 3174 	3138 	3175
f 3139 	3140 	3176
f 3175 	3139 	3176
f 3140 	3141 	3177
f 3176 	3140 	3177
f 3141 	3107 	3143
f 3177 	3141 	3143
f 3143 	3142 	3178
f 3179 	3143 	3178
f 3142 	3144 	3180
f 3178 	3142 	3180
f 3144 	3145 	3181
f 3180 	3144 	3181
f 3145 	3146 	3182
f 3181 	3145 	3182
f 3146 	3147 	3183
f 3182 	3146 	3183
f 3147 	3148 	3184
f 3183 	3147 	3184
f 3148 	3149 	3185
f 3184 	3148 	3185
f 3149 	3150 	3186
f 3185 	3149 	3186
f 3150 	3151 	3187
f 3186 	3150 	3187
f 3151 	3152 	3188
f 3187 	3151 	3188
f 3152 	3153 	3189
f 3188 	3152 	3189
f 3153 	3154 	3190
f 3189 	3153 	3190
f 3154 	3155 	3191
f 3190 	3154 	3191
f 3155 	3156 	3192
f 3191 	3155 	3192
f 3156 	3157 	3193
f 3192 	3156 	3193
f 3157 	3158 	3194
f 3193 	3157 	3194
f 3158 	3159 	3195
f 3194 	3158 	3195
f 3159 	3160 	3196
f 3195 	3159 	3196
f 3160 	3161 	3197
f 3196 	3160 	3197
f 3161 	3162 	3198
f 3197 	3161 	3198
f 3162 	3163 	3199
f 3198 	3162 	3199
f 3163 	3164 	3200
f 3199 	3163 	3200
f 3164 	3165 	3201
f 3200 	3164 	3201
f 3165 	3166 	3202
f 3201 	3165 	3202
f 3166 	3167 	3203
f 3202 	3166 	3203
f 3167 	3168 	3204
f 3203 	3167 	3204
f 3168 	3169 	3205
f 3204 	3168 	3205
f 3169 	3170 	3206
f 3205 	3169 	3206
f 3170 	3171 	3207
f 3206 	3170 	3207
f 3171 	3172 	3208
f 3207 	3171 	3208
f 3172 	3173 	3209
f 3208 	3172 	3209
f 3173 	3174 	3210
f 3209 	3173 	3210
f 3174 	3175 	3211
f 3210 	3174 	3211
f 3175 	3176 	3212
f 3211 	3175 	3212
f 3176 	3177 	3213
f 3212 	3176 	3213
f 3177 	3143 	3179
f 3213 	3177 	3179
f 3179 	3178 	3214
f 3215 	3179 	3214
f 3178 	3180 	3216
f 3214 	3178 	3216
f 3180 	3181 	3217
f 3216 	3180 	3217
f 3181 	3182 	3218
f 3217 	3181 	3218
f 3182 	3183 	3219
f 3218 	3182 	3219
f 3183 	3184 	3220
f 3219 	3183 	3220
f 3184 	3185 	3221
f 3220 	3184 	3221
f 3185 	3186 	3222
f 3221 	3185 	3222
f 3186 	3187 	3223
f 3222 	3186 	3223
f 3187 	3188 	3224
f 3223 	3187 	3224
f 3188 	3189 	3225
f 3224 	3188 	3225
f 3189 	3190 	3226
f 3225 	3189 	3226
f 3190 	3191 	3227
f 3226 	3190 	3227
f 3191 	3192 	3228
f 3227 	3191 	3228
f 3192 	3193 	3229
f 3228 	3192 	3229
f 3193 	3194 	3230
f 3229 	3193 	3230
f 3194 	3195 	3231
f 3230 	3194 	3231
f 3195 	3196 	3232
f 3231 	3195 	3232
f 3196 	3197 	3233
f 3232 	3196 	3233
f 3197 	3198 	3234
f 3233 	3197 	3234
f 3198 	3199 	3235
f 3234 	3198 	3235
f 3199 	3200 	3236
f 3235 	3199 	3236
f 3200 	3201 	3237
f 3236 	3200 	3237
f 3201 	3202 	3238
f 3237 	3201 	3238
f 3202 	3203 	3239
f 3238 	3202 	3239
f 3203 	3204 	3240
f 3239 	3203 	3240
f 3204 	3205 	3241
f 3240 	3204 	3241
f 3205 	3206 	3242
f 3241 	3205 	3242
f 3206 	3207 	3243
f 3242 	3206 	3243
f 3207 	3208 	3244
f 3243 	3207 	3244
f 3208 	3209 	3245
f 3244 	3208 	3245
f 3209 	3210 	3246
f 3245 	3209 	3246
f 3210 	3211 	3247
f 3246 	3210 	3247
f 3211 	3212 	3248
f 3247 	3211 	3248
f 3212 	3213 	3249
f 3248 	3212 	3249
f 3213 	3179 	3215
f 3249 	3213 	3215
f 3215 	3214 	3250
f 3214 	3216 	3250
f 3216 	3217 	3250
f 3217 	3218 	3250
f 3218 	3219 	3250
f 3219 	3220 	3250
f 3220 	3221 	3250
f 3221 	3222 	3250
f 3222 	3223 	3250
f 3223 	3224 	3250
f 3224 	3225 	3250
f 3225 	3226 	3250
f 3226 	3227 	3250
f 3227 	3228 	3250
f 3228 	3229 	3250
f 3229 	3230 	3250
f 3230 	3231 	3250
f 3231 	3232 	3250
f 3232 	3233 	3250
f 3233 	3234 	3250
f 3234 	3235 	3250
f 3235 	3236 	3250
f 3236 	3237 	3250
f 3237 	3238 	3250
f 3238 	3239 	3250
f 3239 	3240 	3250
f 3240 	3241 	3250
f 3241 	3242 	3250
f 3242 	3243 	3250
f 3243 	3244 	3250
f 3244 	3245 	3250
f 3245 	3246 	3250
f 3246 	3247 	3250
f 3247 	3248 	3250
f 3248 	3249 	3250
f 3249 	3215 	3250
# 1296 faces

 #end of obj_4

o obj_5
v 3.8928 		-4.6945 		2.1628
v 3.9223 		-4.6743 		2.1485
v 3.9178 		-4.6721 		2.144
v 3.9126 		-4.6704 		2.1402
v 3.9067 		-4.6695 		2.137
v 3.9005 		-4.6693 		2.1347
v 3.8939 		-4.6698 		2.1332
v 3.8873 		-4.671 		2.1327
v 3.8809 		-4.6729 		2.1331
v 3.8749 		-4.6754 		2.1345
v 3.8693 		-4.6785 		2.1367
v 3.8645 		-4.682 		2.1398
v 3.8605 		-4.6858 		2.1436
v 3.8575 		-4.6899 		2.148
v 3.8555 		-4.6941 		2.1529
v 3.8547 		-4.6982 		2.1581
v 3.855 		-4.7022 		2.1635
v 3.8565 		-4.7059 		2.1689
v 3.859 		-4.7093 		2.1741
v 3.8626 		-4.7121 		2.179
v 3.867 		-4.7144 		2.1835
v 3.8723 		-4.716 		2.1874
v 3.8781 		-4.7169 		2.1905
v 3.8844 		-4.7172 		2.1928
v 3.891 		-4.7166 		2.1943
v 3.8975 		-4.7154 		2.1948
v 3.904 		-4.7135 		2.1944
v 3.91 		-4.711 		2.193
v 3.9156 		-4.7079 		2.1908
v 3.9204 		-4.7044 		2.1877
v 3.9244 		-4.7006 		2.1839
v 3.9274 		-4.6965 		2.1795
v 3.9294 		-4.6924 		2.1747
v 3.9302 		-4.6882 		2.1694
v 3.9299 		-4.6842 		2.1641
v 3.9284 		-4.6805 		2.1587
v 3.9259 		-4.6772 		2.1534
v 3.9421 		-4.6471 		2.1274
v 3.951 		-4.6516 		2.1363
v 3.9316 		-4.6439 		2.1197
v 3.92 		-4.642 		2.1135
v 3.9074 		-4.6416 		2.1088
v 3.8944 		-4.6426 		2.1059
v 3.8813 		-4.6451 		2.1049
v 3.8685 		-4.6488 		2.1057
v 3.8564 		-4.6539 		2.1084
v 3.8454 		-4.6599 		2.1129
v 3.8358 		-4.6669 		2.119
v 3.8278 		-4.6746 		2.1265
v 3.8218 		-4.6827 		2.1353
v 3.8179 		-4.691 		2.145
v 3.8163 		-4.6993 		2.1554
v 3.8169 		-4.7072 		2.1662
v 3.8198 		-4.7146 		2.1769
v 3.8249 		-4.7213 		2.1874
v 3.832 		-4.7269 		2.1972
v 3.8409 		-4.7315 		2.2061
v 3.8513 		-4.7347 		2.2138
v 3.863 		-4.7366 		2.22
v 3.8755 		-4.737 		2.2247
v 3.8885 		-4.736 		2.2276
v 3.9016 		-4.7335 		2.2286
v 3.9144 		-4.7297 		2.2278
v 3.9265 		-4.7247 		2.2251
v 3.9376 		-4.7186 		2.2206
v 3.9472 		-4.7116 		2.2145
v 3.9551 		-4.704 		2.2069
v 3.9611 		-4.6959 		2.1982
v 3.965 		-4.6876 		2.1884
v 3.9667 		-4.6793 		2.178
v 3.9661 		-4.6713 		2.1673
v 3.9632 		-4.6639 		2.1566
v 3.9581 		-4.6573 		2.1461
v 3.9653 		-4.6199 		2.1131
v 3.9786 		-4.6266 		2.1263
v 3.9497 		-4.6151 		2.1016
v 3.9323 		-4.6123 		2.0923
v 3.9137 		-4.6117 		2.0853
v 3.8943 		-4.6132 		2.081
v 3.8747 		-4.6168 		2.0795
v 3.8557 		-4.6225 		2.0807
v 3.8376 		-4.63 		2.0847
v 3.8212 		-4.639 		2.0914
v 3.8068 		-4.6494 		2.1005
v 3.795 		-4.6609 		2.1118
v 3.786 		-4.6729 		2.1248
v 3.7802 		-4.6853 		2.1393
v 3.7778 		-4.6976 		2.1548
v 3.7787 		-4.7095 		2.1708
v 3.783 		-4.7205 		2.1868
v 3.7906 		-4.7304 		2.2024
v 3.8012 		-4.7389 		2.217
v 3.8144 		-4.7456 		2.2303
v 3.83 		-4.7504 		2.2417
v 3.8474 		-4.7532 		2.2511
v 3.8661 		-4.7538 		2.258
v 3.8855 		-4.7523 		2.2623
v 3.905 		-4.7487 		2.2639
v 3.9241 		-4.743 		2.2626
v 3.9421 		-4.7356 		2.2586
v 3.9586 		-4.7265 		2.2519
v 3.9729 		-4.7161 		2.2428
v 3.9848 		-4.7046 		2.2316
v 3.9937 		-4.6926 		2.2185
v 3.9995 		-4.6802 		2.204
v 4.002 		-4.6679 		2.1885
v 4.001 		-4.656 		2.1725
v 3.9967 		-4.645 		2.1565
v 3.9892 		-4.6351 		2.1409
v 3.9873 		-4.5906 		2.1011
v 4.0049 		-4.5995 		2.1186
v 3.9667 		-4.5842 		2.0859
v 3.9438 		-4.5806 		2.0736
v 3.9191 		-4.5797 		2.0644
v 3.8934 		-4.5818 		2.0588
v 3.8676 		-4.5866 		2.0567
v 3.8424 		-4.594 		2.0584
v 3.8186 		-4.6039 		2.0637
v 3.7969 		-4.6159 		2.0725
v 3.7779 		-4.6297 		2.0845
v 3.7622 		-4.6447 		2.0994
v 3.7504 		-4.6607 		2.1166
v 3.7427 		-4.6771 		2.1358
v 3.7395 		-4.6933 		2.1563
v 3.7407 		-4.709 		2.1774
v 3.7464 		-4.7236 		2.1986
v 3.7564 		-4.7367 		2.2191
v 3.7704 		-4.7478 		2.2385
v 3.788 		-4.7567 		2.256
v 3.8085 		-4.7631 		2.2711
v 3.8315 		-4.7668 		2.2835
v 3.8562 		-4.7676 		2.2926
v 3.8818 		-4.7656 		2.2983
v 3.9076 		-4.7608 		2.3004
v 3.9328 		-4.7533 		2.2987
v 3.9567 		-4.7435 		2.2934
v 3.9784 		-4.7315 		2.2846
v 3.9974 		-4.7177 		2.2726
v 4.013 		-4.7026 		2.2577
v 4.0249 		-4.6866 		2.2404
v 4.0325 		-4.6703 		2.2213
v 4.0358 		-4.654 		2.2008
v 4.0345 		-4.6384 		2.1797
v 4.0288 		-4.6238 		2.1585
v 4.0188 		-4.6107 		2.1379
v 4.008 		-4.5595 		2.0916
v 4.0296 		-4.5705 		2.1132
v 3.9825 		-4.5516 		2.0728
v 3.9541 		-4.5471 		2.0576
v 3.9236 		-4.5461 		2.0463
v 3.892 		-4.5486 		2.0392
v 3.8601 		-4.5545 		2.0367
v 3.8289 		-4.5637 		2.0388
v 3.7995 		-4.5759 		2.0453
v 3.7726 		-4.5907 		2.0562
v 3.7492 		-4.6077 		2.071
v 3.7298 		-4.6264 		2.0894
v 3.7152 		-4.6461 		2.1108
v 3.7058 		-4.6663 		2.1344
v 3.7017 		-4.6864 		2.1597
v 3.7033 		-4.7058 		2.1858
v 3.7103 		-4.7238 		2.212
v 3.7227 		-4.74 		2.2374
v 3.7399 		-4.7538 		2.2613
v 3.7616 		-4.7648 		2.2829
v 3.787 		-4.7726 		2.3017
v 3.8154 		-4.7772 		2.3169
v 3.8459 		-4.7782 		2.3282
v 3.8776 		-4.7757 		2.3353
v 3.9095 		-4.7698 		2.3378
v 3.9407 		-4.7606 		2.3357
v 3.9701 		-4.7484 		2.3292
v 3.997 		-4.7335 		2.3183
v 4.0204 		-4.7165 		2.3035
v 4.0397 		-4.6979 		2.2851
v 4.0543 		-4.6782 		2.2637
v 4.0638 		-4.6579 		2.2401
v 4.0678 		-4.6378 		2.2148
v 4.0663 		-4.6185 		2.1887
v 4.0593 		-4.6005 		2.1625
v 4.0469 		-4.5843 		2.1371
v 4.0271 		-4.5268 		2.0846
v 4.0527 		-4.5398 		2.1102
v 3.997 		-4.5175 		2.0624
v 3.9634 		-4.5121 		2.0444
v 3.9273 		-4.5109 		2.031
v 3.8898 		-4.5138 		2.0227
v 3.8521 		-4.5209 		2.0197
v 3.8153 		-4.5318 		2.0221
v 3.7804 		-4.5462 		2.0299
v 3.7486 		-4.5637 		2.0427
v 3.7209 		-4.5838 		2.0603
v 3.698 		-4.6059 		2.082
v 3.6807 		-4.6292 		2.1073
v 3.6695 		-4.6532 		2.1353
v 3.6648 		-4.6769 		2.1652
v 3.6666 		-4.6998 		2.1961
v 3.6749 		-4.7212 		2.2271
v 3.6896 		-4.7403 		2.2571
v 3.71 		-4.7566 		2.2854
v 3.7356 		-4.7696 		2.311
v 3.7657 		-4.7789 		2.3331
v 3.7993 		-4.7843 		2.3512
v 3.8354 		-4.7855 		2.3646
v 3.8729 		-4.7826 		2.3729
v 3.9106 		-4.7755 		2.3759
v 3.9474 		-4.7646 		2.3735
v 3.9823 		-4.7502 		2.3657
v 4.0141 		-4.7327 		2.3528
v 4.0418 		-4.7126 		2.3353
v 4.0647 		-4.6905 		2.3135
v 4.082 		-4.6672 		2.2883
v 4.0932 		-4.6432 		2.2602
v 4.0979 		-4.6195 		2.2303
v 4.0961 		-4.5966 		2.1994
v 4.0878 		-4.5752 		2.1685
v 4.0732 		-4.5561 		2.1384
v 4.0445 		-4.4927 		2.0802
v 4.0739 		-4.5076 		2.1095
v 4.01 		-4.482 		2.0547
v 3.9715 		-4.4759 		2.034
v 3.9301 		-4.4745 		2.0187
v 3.8871 		-4.4778 		2.0092
v 3.8438 		-4.4859 		2.0057
v 3.8015 		-4.4984 		2.0085
v 3.7616 		-4.515 		2.0174
v 3.7251 		-4.5351 		2.0321
v 3.6933 		-4.5582 		2.0523
v 3.6671 		-4.5835 		2.0772
v 3.6472 		-4.6102 		2.1062
v 3.6344 		-4.6377 		2.1384
v 3.6289 		-4.665 		2.1727
v 3.631 		-4.6912 		2.2081
v 3.6406 		-4.7157 		2.2436
v 3.6573 		-4.7376 		2.2781
v 3.6808 		-4.7563 		2.3105
v 3.7102 		-4.7713 		2.3399
v 3.7447 		-4.782 		2.3653
v 3.7832 		-4.7881 		2.386
v 3.8246 		-4.7895 		2.4014
v 3.8676 		-4.7861 		2.4109
v 3.9109 		-4.7781 		2.4143
v 3.9532 		-4.7656 		2.4116
v 3.9931 		-4.749 		2.4027
v 4.0296 		-4.7289 		2.3879
v 4.0614 		-4.7058 		2.3678
v 4.0877 		-4.6805 		2.3428
v 4.1075 		-4.6537 		2.3138
v 4.1203 		-4.6263 		2.2817
v 4.1258 		-4.599 		2.2474
v 4.1237 		-4.5727 		2.2119
v 4.1142 		-4.5483 		2.1764
v 4.0974 		-4.5264 		2.1419
v 4.0602 		-4.4575 		2.0784
v 4.0931 		-4.4743 		2.1113
v 4.0215 		-4.4455 		2.0499
v 3.9783 		-4.4386 		2.0267
v 3.9319 		-4.4371 		2.0095
v 3.8838 		-4.4409 		1.9988
v 3.8352 		-4.4499 		1.9949
v 3.7879 		-4.4639 		1.9981
v 3.7431 		-4.4825 		2.008
v 3.7022 		-4.505 		2.0246
v 3.6666 		-4.5309 		2.0471
v 3.6372 		-4.5592 		2.0751
v 3.6149 		-4.5893 		2.1076
v 3.6005 		-4.62 		2.1436
v 3.5944 		-4.6506 		2.182
v 3.5967 		-4.68 		2.2218
v 3.6075 		-4.7074 		2.2616
v 3.6263 		-4.732 		2.3002
v 3.6525 		-4.753 		2.3365
v 3.6855 		-4.7697 		2.3694
v 3.7242 		-4.7817 		2.3979
v 3.7674 		-4.7886 		2.4211
v 3.8137 		-4.7902 		2.4383
v 3.8619 		-4.7864 		2.449
v 3.9104 		-4.7773 		2.4529
v 3.9578 		-4.7633 		2.4498
v 4.0026 		-4.7448 		2.4398
v 4.0434 		-4.7222 		2.4233
v 4.0791 		-4.6964 		2.4007
v 4.1085 		-4.668 		2.3727
v 4.1307 		-4.638 		2.3402
v 4.1451 		-4.6072 		2.3042
v 4.1513 		-4.5767 		2.2658
v 4.1489 		-4.5472 		2.226
v 4.1382 		-4.5198 		2.1862
v 4.1194 		-4.4952 		2.1476
v 4.0739 		-4.4215 		2.0792
v 4.1102 		-4.4399 		2.1154
v 4.0314 		-4.4083 		2.0479
v 3.9839 		-4.4008 		2.0224
v 3.9328 		-4.399 		2.0034
v 3.8798 		-4.4032 		1.9917
v 3.8265 		-4.4131 		1.9874
v 3.7743 		-4.4286 		1.9909
v 3.7251 		-4.449 		2.0018
v 3.6801 		-4.4738 		2.02
v 3.6409 		-4.5022 		2.0449
v 3.6086 		-4.5334 		2.0756
v 3.5841 		-4.5664 		2.1113
v 3.5683 		-4.6003 		2.151
v 3.5615 		-4.6339 		2.1933
v 3.5641 		-4.6663 		2.237
v 3.5759 		-4.6964 		2.2807
v 3.5966 		-4.7235 		2.3232
v 3.6255 		-4.7465 		2.3632
v 3.6617 		-4.7649 		2.3994
v 3.7043 		-4.7781 		2.4307
v 3.7518 		-4.7857 		2.4563
v 3.8028 		-4.7874 		2.4752
v 3.8558 		-4.7833 		2.4869
v 3.9092 		-4.7733 		2.4912
v 3.9613 		-4.7579 		2.4878
v 4.0106 		-4.7375 		2.4768
v 4.0555 		-4.7127 		2.4586
v 4.0947 		-4.6843 		2.4338
v 4.1271 		-4.6531 		2.403
v 4.1515 		-4.62 		2.3673
v 4.1674 		-4.5862 		2.3277
v 4.1741 		-4.5526 		2.2854
v 4.1715 		-4.5202 		2.2417
v 4.1597 		-4.49 		2.1979
v 4.1391 		-4.463 		2.1554
v 4.0856 		-4.385 		2.0827
v 4.1249 		-4.4049 		2.1219
v 4.0395 		-4.3707 		2.0487
v 3.988 		-4.3625 		2.0211
v 3.9328 		-4.3606 		2.0006
v 3.8753 		-4.3651 		1.9878
v 3.8175 		-4.3759 		1.9832
v 3.7611 		-4.3926 		1.987
v 3.7077 		-4.4147 		1.9988
v 3.659 		-4.4416 		2.0185
v 3.6165 		-4.4724 		2.0455
v 3.5815 		-4.5062 		2.0788
v 3.555 		-4.542 		2.1175
v 3.5378 		-4.5786 		2.1604
v 3.5305 		-4.615 		2.2062
v 3.5333 		-4.6501 		2.2536
v 3.5461 		-4.6828 		2.301
v 3.5685 		-4.7121 		2.347
v 3.5998 		-4.7371 		2.3903
v 3.6391 		-4.757 		2.4296
v 3.6852 		-4.7713 		2.4635
v 3.7366 		-4.7795 		2.4911
v 3.7919 		-4.7814 		2.5116
v 3.8493 		-4.7769 		2.5244
v 3.9071 		-4.7661 		2.529
v 3.9636 		-4.7494 		2.5253
v 4.017 		-4.7273 		2.5134
v 4.0657 		-4.7004 		2.4937
v 4.1082 		-4.6696 		2.4668
v 4.1432 		-4.6358 		2.4334
v 4.1697 		-4.6 		2.3947
v 4.1868 		-4.5634 		2.3518
v 4.1941 		-4.527 		2.306
v 4.1914 		-4.4919 		2.2587
v 4.1786 		-4.4592 		2.2112
v 4.1562 		-4.4299 		2.1652
v 4.0952 		-4.3481 		2.0887
v 4.1372 		-4.3695 		2.1307
v 4.0459 		-4.3328 		2.0524
v 3.9909 		-4.3241 		2.0229
v 3.9318 		-4.3221 		2.0009
v 3.8704 		-4.3269 		1.9873
v 3.8085 		-4.3384 		1.9824
v 3.7482 		-4.3563 		1.9864
v 3.6911 		-4.3799 		1.9991
v 3.639 		-4.4087 		2.0201
v 3.5936 		-4.4416 		2.0489
v 3.5561 		-4.4778 		2.0846
v 3.5278 		-4.516 		2.126
v 3.5094 		-4.5552 		2.1718
v 3.5016 		-4.5941 		2.2209
v 3.5046 		-4.6317 		2.2715
v 3.5183 		-4.6666 		2.3222
v 3.5422 		-4.6979 		2.3714
v 3.5757 		-4.7246 		2.4177
v 3.6177 		-4.746 		2.4597
v 3.667 		-4.7613 		2.496
v 3.722 		-4.77 		2.5255
v 3.7811 		-4.772 		2.5474
v 3.8425 		-4.7672 		2.5611
v 3.9044 		-4.7557 		2.566
v 3.9647 		-4.7378 		2.562
v 4.0218 		-4.7142 		2.5493
v 4.0739 		-4.6854 		2.5282
v 4.1193 		-4.6525 		2.4995
v 4.1568 		-4.6163 		2.4638
v 4.1851 		-4.5781 		2.4224
v 4.2035 		-4.5389 		2.3765
v 4.2113 		-4.5 		2.3275
v 4.2083 		-4.4624 		2.2769
v 4.1946 		-4.4275 		2.2262
v 4.1707 		-4.3962 		2.177
v 4.1026 		-4.3113 		2.0973
v 4.147 		-4.3339 		2.1417
v 4.0505 		-4.2951 		2.059
v 3.9923 		-4.2859 		2.0277
v 3.9298 		-4.2837 		2.0045
v 3.8649 		-4.2888 		1.9901
v 3.7995 		-4.301 		1.9849
v 3.7357 		-4.3199 		1.9891
v 3.6754 		-4.3449 		2.0026
v 3.6203 		-4.3753 		2.0248
v 3.5723 		-4.4101 		2.0553
v 3.5327 		-4.4483 		2.0929
v 3.5027 		-4.4888 		2.1367
v 3.4833 		-4.5302 		2.1852
v 3.4751 		-4.5714 		2.237
v 3.4782 		-4.611 		2.2905
v 3.4926 		-4.648 		2.3442
v 3.518 		-4.6811 		2.3962
v 3.5534 		-4.7093 		2.4452
v 3.5978 		-4.7319 		2.4895
v 3.6499 		-4.7481 		2.5279
v 3.7081 		-4.7573 		2.5591
v 3.7706 		-4.7595 		2.5823
v 3.8355 		-4.7544 		2.5967
v 3.9008 		-4.7422 		2.6019
v 3.9647 		-4.7233 		2.5977
v 4.025 		-4.6983 		2.5843
v 4.08 		-4.6679 		2.562
v 4.1281 		-4.6331 		2.5316
v 4.1677 		-4.5949 		2.4939
v 4.1976 		-4.5544 		2.4501
v 4.217 		-4.513 		2.4016
v 4.2253 		-4.4718 		2.3498
v 4.2221 		-4.4322 		2.2963
v 4.2077 		-4.3952 		2.2427
v 4.1824 		-4.3621 		2.1906
v 4.1077 		-4.2748 		2.1084
v 4.1542 		-4.2984 		2.1548
v 4.0532 		-4.2578 		2.0683
v 3.9923 		-4.2481 		2.0356
v 3.9269 		-4.2459 		2.0113
v 3.859 		-4.2513 		1.9962
v 3.7906 		-4.264 		1.9908
v 3.7238 		-4.2838 		1.9952
v 3.6606 		-4.3099 		2.0093
v 3.603 		-4.3417 		2.0326
v 3.5528 		-4.3782 		2.0644
v 3.5113 		-4.4182 		2.1038
v 3.48 		-4.4605 		2.1496
v 3.4597 		-4.5038 		2.2004
v 3.451 		-4.5469 		2.2546
v 3.4543 		-4.5884 		2.3106
v 3.4694 		-4.6271 		2.3667
v 3.4959 		-4.6617 		2.4212
v 3.533 		-4.6913 		2.4724
v 3.5795 		-4.7149 		2.5188
v 3.634 		-4.7318 		2.559
v 3.6949 		-4.7415 		2.5917
v 3.7603 		-4.7438 		2.616
v 3.8282 		-4.7384 		2.631
v 3.8966 		-4.7257 		2.6365
v 3.9634 		-4.7059 		2.6321
v 4.0265 		-4.6797 		2.618
v 4.0841 		-4.6479 		2.5947
v 4.1344 		-4.6115 		2.5629
v 4.1759 		-4.5715 		2.5235
v 4.2072 		-4.5292 		2.4777
v 4.2275 		-4.4858 		2.4269
v 4.2361 		-4.4427 		2.3727
v 4.2329 		-4.4012 		2.3166
v 4.2177 		-4.3626 		2.2605
v 4.1913 		-4.3279 		2.2061
v 4.1106 		-4.2388 		2.1219
v 4.1588 		-4.2632 		2.17
v 4.0541 		-4.2212 		2.0803
v 3.9909 		-4.2112 		2.0464
v 3.9231 		-4.2089 		2.0212
v 3.8527 		-4.2144 		2.0056
v 3.7818 		-4.2276 		2
v 3.7125 		-4.2481 		2.0045
v 3.647 		-4.2753 		2.0191
v 3.5873 		-4.3082 		2.0433
v 3.5352 		-4.346 		2.0763
v 3.4922 		-4.3875 		2.1172
v 3.4597 		-4.4313 		2.1646
v 3.4386 		-4.4763 		2.2173
v 3.4297 		-4.521 		2.2735
v 3.4331 		-4.564 		2.3316
v 3.4488 		-4.6041 		2.3898
v 3.4762 		-4.64 		2.4462
v 3.5147 		-4.6707 		2.4994
v 3.5629 		-4.6951 		2.5475
v 3.6194 		-4.7127 		2.5891
v 3.6825 		-4.7228 		2.623
v 3.7503 		-4.7251 		2.6482
v 3.8208 		-4.7195 		2.6638
v 3.8917 		-4.7063 		2.6694
v 3.9609 		-4.6858 		2.6649
v 4.0264 		-4.6587 		2.6503
v 4.0861 		-4.6257 		2.6261
v 4.1383 		-4.5879 		2.5931
v 4.1812 		-4.5465 		2.5522
v 4.2137 		-4.5026 		2.5048
v 4.2348 		-4.4576 		2.4521
v 4.2437 		-4.4129 		2.3959
v 4.2403 		-4.3699 		2.3378
v 4.2247 		-4.3298 		2.2797
v 4.1972 		-4.2939 		2.2232
v 4.1111 		-4.2036 		2.1377
v 4.1607 		-4.2288 		2.1872
v 4.053 		-4.1856 		2.0949
v 3.9881 		-4.1752 		2.0601
v 3.9184 		-4.1729 		2.0342
v 3.846 		-4.1786 		2.0182
v 3.7731 		-4.1922 		2.0124
v 3.7019 		-4.2132 		2.0171
v 3.6346 		-4.2411 		2.032
v 3.5733 		-4.275 		2.0569
v 3.5197 		-4.3139 		2.0908
v 3.4755 		-4.3565 		2.1328
v 3.4421 		-4.4016 		2.1816
v 3.4204 		-4.4478 		2.2358
v 3.4112 		-4.4937 		2.2935
v 3.4147 		-4.5379 		2.3532
v 3.4309 		-4.5792 		2.413
v 3.4591 		-4.6161 		2.4711
v 3.4986 		-4.6476 		2.5257
v 3.5481 		-4.6727 		2.5751
v 3.6062 		-4.6908 		2.6179
v 3.6711 		-4.7011 		2.6528
v 3.7408 		-4.7035 		2.6787
v 3.8132 		-4.6978 		2.6947
v 3.8861 		-4.6842 		2.7005
v 3.9573 		-4.6631 		2.6958
v 4.0246 		-4.6352 		2.6808
v 4.086 		-4.6014 		2.656
v 4.1396 		-4.5625 		2.6221
v 4.1838 		-4.5199 		2.5801
v 4.2172 		-4.4748 		2.5312
v 4.2388 		-4.4286 		2.4771
v 4.248 		-4.3827 		2.4193
v 4.2445 		-4.3384 		2.3596
v 4.2284 		-4.2972 		2.2999
v 4.2002 		-4.2603 		2.2418
v 4.1094 		-4.1696 		2.1557
v 4.1599 		-4.1952 		2.2061
v 4.0501 		-4.1512 		2.1121
v 3.984 		-4.1406 		2.0765
v 3.9129 		-4.1382 		2.0502
v 3.8391 		-4.144 		2.0338
v 3.7648 		-4.1579 		2.0279
v 3.6922 		-4.1794 		2.0327
v 3.6236 		-4.2078 		2.048
v 3.561 		-4.2424 		2.0733
v 3.5064 		-4.282 		2.1079
v 3.4613 		-4.3254 		2.1507
v 3.4272 		-4.3714 		2.2005
v 3.4052 		-4.4185 		2.2557
v 3.3958 		-4.4653 		2.3146
v 3.3994 		-4.5104 		2.3754
v 3.4158 		-4.5524 		2.4364
v 3.4446 		-4.5901 		2.4956
v 3.4849 		-4.6222 		2.5513
v 3.5354 		-4.6479 		2.6017
v 3.5946 		-4.6662 		2.6453
v 3.6608 		-4.6768 		2.6808
v 3.7318 		-4.6792 		2.7072
v 3.8056 		-4.6734 		2.7236
v 3.88 		-4.6595 		2.7295
v 3.9526 		-4.6381 		2.7247
v 4.0212 		-4.6096 		2.7094
v 4.0838 		-4.5751 		2.6841
v 4.1384 		-4.5355 		2.6495
v 4.1834 		-4.492 		2.6067
v 4.2175 		-4.4461 		2.5569
v 4.2396 		-4.3989 		2.5017
v 4.2489 		-4.3521 		2.4428
v 4.2454 		-4.307 		2.382
v 4.2289 		-4.265 		2.321
v 4.2002 		-4.2274 		2.2618
v 4.1053 		-4.1369 		2.1757
v 4.1564 		-4.1628 		2.2267
v 4.0454 		-4.1183 		2.1316
v 3.9785 		-4.1076 		2.0957
v 3.9066 		-4.1052 		2.069
v 3.8319 		-4.1111 		2.0524
v 3.7567 		-4.1251 		2.0465
v 3.6833 		-4.1468 		2.0513
v 3.6139 		-4.1756 		2.0667
v 3.5506 		-4.2105 		2.0923
v 3.4953 		-4.2506 		2.1274
v 3.4498 		-4.2945 		2.1707
v 3.4153 		-4.3411 		2.221
v 3.393 		-4.3887 		2.2768
v 3.3835 		-4.4361 		2.3364
v 3.3871 		-4.4817 		2.398
v 3.4037 		-4.5242 		2.4597
v 3.4329 		-4.5623 		2.5196
v 3.4736 		-4.5948 		2.5759
v 3.5247 		-4.6207 		2.6269
v 3.5846 		-4.6393 		2.671
v 3.6515 		-4.65 		2.7069
v 3.7234 		-4.6524 		2.7336
v 3.7981 		-4.6465 		2.7502
v 3.8733 		-4.6325 		2.7561
v 3.9467 		-4.6108 		2.7513
v 4.0161 		-4.582 		2.7359
v 4.0794 		-4.5471 		2.7103
v 4.1347 		-4.507 		2.6752
v 4.1802 		-4.4631 		2.6319
v 4.2147 		-4.4166 		2.5816
v 4.237 		-4.3689 		2.5258
v 4.2465 		-4.3215 		2.4662
v 4.2429 		-4.2759 		2.4046
v 4.2263 		-4.2334 		2.3429
v 4.1972 		-4.1953 		2.283
v 4.099 		-4.1058 		2.1977
v 4.1503 		-4.1319 		2.2488
v 4.0389 		-4.0872 		2.1533
v 3.9717 		-4.0765 		2.1173
v 3.8995 		-4.074 		2.0905
v 3.8246 		-4.0799 		2.0739
v 3.7491 		-4.094 		2.0679
v 3.6754 		-4.1158 		2.0727
v 3.6057 		-4.1447 		2.0882
v 3.5422 		-4.1797 		2.1139
v 3.4867 		-4.2199 		2.1491
v 3.441 		-4.2641 		2.1926
v 3.4064 		-4.3108 		2.2431
v 3.384 		-4.3586 		2.2991
v 3.3744 		-4.4062 		2.359
v 3.3781 		-4.4519 		2.4208
v 3.3947 		-4.4946 		2.4827
v 3.424 		-4.5328 		2.5428
v 3.4649 		-4.5655 		2.5993
v 3.5161 		-4.5915 		2.6505
v 3.5763 		-4.6102 		2.6948
v 3.6435 		-4.6209 		2.7309
v 3.7156 		-4.6233 		2.7576
v 3.7906 		-4.6174 		2.7743
v 3.8661 		-4.6034 		2.7803
v 3.9398 		-4.5816 		2.7754
v 4.0094 		-4.5527 		2.7599
v 4.073 		-4.5176 		2.7342
v 4.1285 		-4.4774 		2.6991
v 4.1742 		-4.4333 		2.6556
v 4.2088 		-4.3866 		2.605
v 4.2312 		-4.3387 		2.549
v 4.2407 		-4.2912 		2.4892
v 4.2371 		-4.2454 		2.4274
v 4.2204 		-4.2027 		2.3655
v 4.1912 		-4.1645 		2.3054
v 3.8076 		-4.3487 		2.4241
# 650 vertices

g group_5_5122067

usemtl color_5122067
s 0

f 3252 	3251 	3253
f 3253 	3251 	3254
f 3254 	3251 	3255
f 3255 	3251 	3256
f 3256 	3251 	3257
f 3257 	3251 	3258
f 3258 	3251 	3259
f 3259 	3251 	3260
f 3260 	3251 	3261
f 3261 	3251 	3262
f 3262 	3251 	3263
f 3263 	3251 	3264
f 3264 	3251 	3265
f 3265 	3251 	3266
f 3266 	3251 	3267
f 3267 	3251 	3268
f 3268 	3251 	3269
f 3269 	3251 	3270
f 3270 	3251 	3271
f 3271 	3251 	3272
f 3272 	3251 	3273
f 3273 	3251 	3274
f 3274 	3251 	3275
f 3275 	3251 	3276
f 3276 	3251 	3277
f 3277 	3251 	3278
f 3278 	3251 	3279
f 3279 	3251 	3280
f 3280 	3251 	3281
f 3281 	3251 	3282
f 3282 	3251 	3283
f 3283 	3251 	3284
f 3284 	3251 	3285
f 3285 	3251 	3286
f 3286 	3251 	3287
f 3287 	3251 	3252
f 3252 	3253 	3288
f 3289 	3252 	3288
f 3253 	3254 	3290
f 3288 	3253 	3290
f 3254 	3255 	3291
f 3290 	3254 	3291
f 3255 	3256 	3292
f 3291 	3255 	3292
f 3256 	3257 	3293
f 3292 	3256 	3293
f 3257 	3258 	3294
f 3293 	3257 	3294
f 3258 	3259 	3295
f 3294 	3258 	3295
f 3259 	3260 	3296
f 3295 	3259 	3296
f 3260 	3261 	3297
f 3296 	3260 	3297
f 3261 	3262 	3298
f 3297 	3261 	3298
f 3262 	3263 	3299
f 3298 	3262 	3299
f 3263 	3264 	3300
f 3299 	3263 	3300
f 3264 	3265 	3301
f 3300 	3264 	3301
f 3265 	3266 	3302
f 3301 	3265 	3302
f 3266 	3267 	3303
f 3302 	3266 	3303
f 3267 	3268 	3304
f 3303 	3267 	3304
f 3268 	3269 	3305
f 3304 	3268 	3305
f 3269 	3270 	3306
f 3305 	3269 	3306
f 3270 	3271 	3307
f 3306 	3270 	3307
f 3271 	3272 	3308
f 3307 	3271 	3308
f 3272 	3273 	3309
f 3308 	3272 	3309
f 3273 	3274 	3310
f 3309 	3273 	3310
f 3274 	3275 	3311
f 3310 	3274 	3311
f 3275 	3276 	3312
f 3311 	3275 	3312
f 3276 	3277 	3313
f 3312 	3276 	3313
f 3277 	3278 	3314
f 3313 	3277 	3314
f 3278 	3279 	3315
f 3314 	3278 	3315
f 3279 	3280 	3316
f 3315 	3279 	3316
f 3280 	3281 	3317
f 3316 	3280 	3317
f 3281 	3282 	3318
f 3317 	3281 	3318
f 3282 	3283 	3319
f 3318 	3282 	3319
f 3283 	3284 	3320
f 3319 	3283 	3320
f 3284 	3285 	3321
f 3320 	3284 	3321
f 3285 	3286 	3322
f 3321 	3285 	3322
f 3286 	3287 	3323
f 3322 	3286 	3323
f 3287 	3252 	3289
f 3323 	3287 	3289
f 3289 	3288 	3324
f 3325 	3289 	3324
f 3288 	3290 	3326
f 3324 	3288 	3326
f 3290 	3291 	3327
f 3326 	3290 	3327
f 3291 	3292 	3328
f 3327 	3291 	3328
f 3292 	3293 	3329
f 3328 	3292 	3329
f 3293 	3294 	3330
f 3329 	3293 	3330
f 3294 	3295 	3331
f 3330 	3294 	3331
f 3295 	3296 	3332
f 3331 	3295 	3332
f 3296 	3297 	3333
f 3332 	3296 	3333
f 3297 	3298 	3334
f 3333 	3297 	3334
f 3298 	3299 	3335
f 3334 	3298 	3335
f 3299 	3300 	3336
f 3335 	3299 	3336
f 3300 	3301 	3337
f 3336 	3300 	3337
f 3301 	3302 	3338
f 3337 	3301 	3338
f 3302 	3303 	3339
f 3338 	3302 	3339
f 3303 	3304 	3340
f 3339 	3303 	3340
f 3304 	3305 	3341
f 3340 	3304 	3341
f 3305 	3306 	3342
f 3341 	3305 	3342
f 3306 	3307 	3343
f 3342 	3306 	3343
f 3307 	3308 	3344
f 3343 	3307 	3344
f 3308 	3309 	3345
f 3344 	3308 	3345
f 3309 	3310 	3346
f 3345 	3309 	3346
f 3310 	3311 	3347
f 3346 	3310 	3347
f 3311 	3312 	3348
f 3347 	3311 	3348
f 3312 	3313 	3349
f 3348 	3312 	3349
f 3313 	3314 	3350
f 3349 	3313 	3350
f 3314 	3315 	3351
f 3350 	3314 	3351
f 3315 	3316 	3352
f 3351 	3315 	3352
f 3316 	3317 	3353
f 3352 	3316 	3353
f 3317 	3318 	3354
f 3353 	3317 	3354
f 3318 	3319 	3355
f 3354 	3318 	3355
f 3319 	3320 	3356
f 3355 	3319 	3356
f 3320 	3321 	3357
f 3356 	3320 	3357
f 3321 	3322 	3358
f 3357 	3321 	3358
f 3322 	3323 	3359
f 3358 	3322 	3359
f 3323 	3289 	3325
f 3359 	3323 	3325
f 3325 	3324 	3360
f 3361 	3325 	3360
f 3324 	3326 	3362
f 3360 	3324 	3362
f 3326 	3327 	3363
f 3362 	3326 	3363
f 3327 	3328 	3364
f 3363 	3327 	3364
f 3328 	3329 	3365
f 3364 	3328 	3365
f 3329 	3330 	3366
f 3365 	3329 	3366
f 3330 	3331 	3367
f 3366 	3330 	3367
f 3331 	3332 	3368
f 3367 	3331 	3368
f 3332 	3333 	3369
f 3368 	3332 	3369
f 3333 	3334 	3370
f 3369 	3333 	3370
f 3334 	3335 	3371
f 3370 	3334 	3371
f 3335 	3336 	3372
f 3371 	3335 	3372
f 3336 	3337 	3373
f 3372 	3336 	3373
f 3337 	3338 	3374
f 3373 	3337 	3374
f 3338 	3339 	3375
f 3374 	3338 	3375
f 3339 	3340 	3376
f 3375 	3339 	3376
f 3340 	3341 	3377
f 3376 	3340 	3377
f 3341 	3342 	3378
f 3377 	3341 	3378
f 3342 	3343 	3379
f 3378 	3342 	3379
f 3343 	3344 	3380
f 3379 	3343 	3380
f 3344 	3345 	3381
f 3380 	3344 	3381
f 3345 	3346 	3382
f 3381 	3345 	3382
f 3346 	3347 	3383
f 3382 	3346 	3383
f 3347 	3348 	3384
f 3383 	3347 	3384
f 3348 	3349 	3385
f 3384 	3348 	3385
f 3349 	3350 	3386
f 3385 	3349 	3386
f 3350 	3351 	3387
f 3386 	3350 	3387
f 3351 	3352 	3388
f 3387 	3351 	3388
f 3352 	3353 	3389
f 3388 	3352 	3389
f 3353 	3354 	3390
f 3389 	3353 	3390
f 3354 	3355 	3391
f 3390 	3354 	3391
f 3355 	3356 	3392
f 3391 	3355 	3392
f 3356 	3357 	3393
f 3392 	3356 	3393
f 3357 	3358 	3394
f 3393 	3357 	3394
f 3358 	3359 	3395
f 3394 	3358 	3395
f 3359 	3325 	3361
f 3395 	3359 	3361
f 3361 	3360 	3396
f 3397 	3361 	3396
f 3360 	3362 	3398
f 3396 	3360 	3398
f 3362 	3363 	3399
f 3398 	3362 	3399
f 3363 	3364 	3400
f 3399 	3363 	3400
f 3364 	3365 	3401
f 3400 	3364 	3401
f 3365 	3366 	3402
f 3401 	3365 	3402
f 3366 	3367 	3403
f 3402 	3366 	3403
f 3367 	3368 	3404
f 3403 	3367 	3404
f 3368 	3369 	3405
f 3404 	3368 	3405
f 3369 	3370 	3406
f 3405 	3369 	3406
f 3370 	3371 	3407
f 3406 	3370 	3407
f 3371 	3372 	3408
f 3407 	3371 	3408
f 3372 	3373 	3409
f 3408 	3372 	3409
f 3373 	3374 	3410
f 3409 	3373 	3410
f 3374 	3375 	3411
f 3410 	3374 	3411
f 3375 	3376 	3412
f 3411 	3375 	3412
f 3376 	3377 	3413
f 3412 	3376 	3413
f 3377 	3378 	3414
f 3413 	3377 	3414
f 3378 	3379 	3415
f 3414 	3378 	3415
f 3379 	3380 	3416
f 3415 	3379 	3416
f 3380 	3381 	3417
f 3416 	3380 	3417
f 3381 	3382 	3418
f 3417 	3381 	3418
f 3382 	3383 	3419
f 3418 	3382 	3419
f 3383 	3384 	3420
f 3419 	3383 	3420
f 3384 	3385 	3421
f 3420 	3384 	3421
f 3385 	3386 	3422
f 3421 	3385 	3422
f 3386 	3387 	3423
f 3422 	3386 	3423
f 3387 	3388 	3424
f 3423 	3387 	3424
f 3388 	3389 	3425
f 3424 	3388 	3425
f 3389 	3390 	3426
f 3425 	3389 	3426
f 3390 	3391 	3427
f 3426 	3390 	3427
f 3391 	3392 	3428
f 3427 	3391 	3428
f 3392 	3393 	3429
f 3428 	3392 	3429
f 3393 	3394 	3430
f 3429 	3393 	3430
f 3394 	3395 	3431
f 3430 	3394 	3431
f 3395 	3361 	3397
f 3431 	3395 	3397
f 3397 	3396 	3432
f 3433 	3397 	3432
f 3396 	3398 	3434
f 3432 	3396 	3434
f 3398 	3399 	3435
f 3434 	3398 	3435
f 3399 	3400 	3436
f 3435 	3399 	3436
f 3400 	3401 	3437
f 3436 	3400 	3437
f 3401 	3402 	3438
f 3437 	3401 	3438
f 3402 	3403 	3439
f 3438 	3402 	3439
f 3403 	3404 	3440
f 3439 	3403 	3440
f 3404 	3405 	3441
f 3440 	3404 	3441
f 3405 	3406 	3442
f 3441 	3405 	3442
f 3406 	3407 	3443
f 3442 	3406 	3443
f 3407 	3408 	3444
f 3443 	3407 	3444
f 3408 	3409 	3445
f 3444 	3408 	3445
f 3409 	3410 	3446
f 3445 	3409 	3446
f 3410 	3411 	3447
f 3446 	3410 	3447
f 3411 	3412 	3448
f 3447 	3411 	3448
f 3412 	3413 	3449
f 3448 	3412 	3449
f 3413 	3414 	3450
f 3449 	3413 	3450
f 3414 	3415 	3451
f 3450 	3414 	3451
f 3415 	3416 	3452
f 3451 	3415 	3452
f 3416 	3417 	3453
f 3452 	3416 	3453
f 3417 	3418 	3454
f 3453 	3417 	3454
f 3418 	3419 	3455
f 3454 	3418 	3455
f 3419 	3420 	3456
f 3455 	3419 	3456
f 3420 	3421 	3457
f 3456 	3420 	3457
f 3421 	3422 	3458
f 3457 	3421 	3458
f 3422 	3423 	3459
f 3458 	3422 	3459
f 3423 	3424 	3460
f 3459 	3423 	3460
f 3424 	3425 	3461
f 3460 	3424 	3461
f 3425 	3426 	3462
f 3461 	3425 	3462
f 3426 	3427 	3463
f 3462 	3426 	3463
f 3427 	3428 	3464
f 3463 	3427 	3464
f 3428 	3429 	3465
f 3464 	3428 	3465
f 3429 	3430 	3466
f 3465 	3429 	3466
f 3430 	3431 	3467
f 3466 	3430 	3467
f 3431 	3397 	3433
f 3467 	3431 	3433
f 3433 	3432 	3468
f 3469 	3433 	3468
f 3432 	3434 	3470
f 3468 	3432 	3470
f 3434 	3435 	3471
f 3470 	3434 	3471
f 3435 	3436 	3472
f 3471 	3435 	3472
f 3436 	3437 	3473
f 3472 	3436 	3473
f 3437 	3438 	3474
f 3473 	3437 	3474
f 3438 	3439 	3475
f 3474 	3438 	3475
f 3439 	3440 	3476
f 3475 	3439 	3476
f 3440 	3441 	3477
f 3476 	3440 	3477
f 3441 	3442 	3478
f 3477 	3441 	3478
f 3442 	3443 	3479
f 3478 	3442 	3479
f 3443 	3444 	3480
f 3479 	3443 	3480
f 3444 	3445 	3481
f 3480 	3444 	3481
f 3445 	3446 	3482
f 3481 	3445 	3482
f 3446 	3447 	3483
f 3482 	3446 	3483
f 3447 	3448 	3484
f 3483 	3447 	3484
f 3448 	3449 	3485
f 3484 	3448 	3485
f 3449 	3450 	3486
f 3485 	3449 	3486
f 3450 	3451 	3487
f 3486 	3450 	3487
f 3451 	3452 	3488
f 3487 	3451 	3488
f 3452 	3453 	3489
f 3488 	3452 	3489
f 3453 	3454 	3490
f 3489 	3453 	3490
f 3454 	3455 	3491
f 3490 	3454 	3491
f 3455 	3456 	3492
f 3491 	3455 	3492
f 3456 	3457 	3493
f 3492 	3456 	3493
f 3457 	3458 	3494
f 3493 	3457 	3494
f 3458 	3459 	3495
f 3494 	3458 	3495
f 3459 	3460 	3496
f 3495 	3459 	3496
f 3460 	3461 	3497
f 3496 	3460 	3497
f 3461 	3462 	3498
f 3497 	3461 	3498
f 3462 	3463 	3499
f 3498 	3462 	3499
f 3463 	3464 	3500
f 3499 	3463 	3500
f 3464 	3465 	3501
f 3500 	3464 	3501
f 3465 	3466 	3502
f 3501 	3465 	3502
f 3466 	3467 	3503
f 3502 	3466 	3503
f 3467 	3433 	3469
f 3503 	3467 	3469
f 3469 	3468 	3504
f 3505 	3469 	3504
f 3468 	3470 	3506
f 3504 	3468 	3506
f 3470 	3471 	3507
f 3506 	3470 	3507
f 3471 	3472 	3508
f 3507 	3471 	3508
f 3472 	3473 	3509
f 3508 	3472 	3509
f 3473 	3474 	3510
f 3509 	3473 	3510
f 3474 	3475 	3511
f 3510 	3474 	3511
f 3475 	3476 	3512
f 3511 	3475 	3512
f 3476 	3477 	3513
f 3512 	3476 	3513
f 3477 	3478 	3514
f 3513 	3477 	3514
f 3478 	3479 	3515
f 3514 	3478 	3515
f 3479 	3480 	3516
f 3515 	3479 	3516
f 3480 	3481 	3517
f 3516 	3480 	3517
f 3481 	3482 	3518
f 3517 	3481 	3518
f 3482 	3483 	3519
f 3518 	3482 	3519
f 3483 	3484 	3520
f 3519 	3483 	3520
f 3484 	3485 	3521
f 3520 	3484 	3521
f 3485 	3486 	3522
f 3521 	3485 	3522
f 3486 	3487 	3523
f 3522 	3486 	3523
f 3487 	3488 	3524
f 3523 	3487 	3524
f 3488 	3489 	3525
f 3524 	3488 	3525
f 3489 	3490 	3526
f 3525 	3489 	3526
f 3490 	3491 	3527
f 3526 	3490 	3527
f 3491 	3492 	3528
f 3527 	3491 	3528
f 3492 	3493 	3529
f 3528 	3492 	3529
f 3493 	3494 	3530
f 3529 	3493 	3530
f 3494 	3495 	3531
f 3530 	3494 	3531
f 3495 	3496 	3532
f 3531 	3495 	3532
f 3496 	3497 	3533
f 3532 	3496 	3533
f 3497 	3498 	3534
f 3533 	3497 	3534
f 3498 	3499 	3535
f 3534 	3498 	3535
f 3499 	3500 	3536
f 3535 	3499 	3536
f 3500 	3501 	3537
f 3536 	3500 	3537
f 3501 	3502 	3538
f 3537 	3501 	3538
f 3502 	3503 	3539
f 3538 	3502 	3539
f 3503 	3469 	3505
f 3539 	3503 	3505
f 3505 	3504 	3540
f 3541 	3505 	3540
f 3504 	3506 	3542
f 3540 	3504 	3542
f 3506 	3507 	3543
f 3542 	3506 	3543
f 3507 	3508 	3544
f 3543 	3507 	3544
f 3508 	3509 	3545
f 3544 	3508 	3545
f 3509 	3510 	3546
f 3545 	3509 	3546
f 3510 	3511 	3547
f 3546 	3510 	3547
f 3511 	3512 	3548
f 3547 	3511 	3548
f 3512 	3513 	3549
f 3548 	3512 	3549
f 3513 	3514 	3550
f 3549 	3513 	3550
f 3514 	3515 	3551
f 3550 	3514 	3551
f 3515 	3516 	3552
f 3551 	3515 	3552
f 3516 	3517 	3553
f 3552 	3516 	3553
f 3517 	3518 	3554
f 3553 	3517 	3554
f 3518 	3519 	3555
f 3554 	3518 	3555
f 3519 	3520 	3556
f 3555 	3519 	3556
f 3520 	3521 	3557
f 3556 	3520 	3557
f 3521 	3522 	3558
f 3557 	3521 	3558
f 3522 	3523 	3559
f 3558 	3522 	3559
f 3523 	3524 	3560
f 3559 	3523 	3560
f 3524 	3525 	3561
f 3560 	3524 	3561
f 3525 	3526 	3562
f 3561 	3525 	3562
f 3526 	3527 	3563
f 3562 	3526 	3563
f 3527 	3528 	3564
f 3563 	3527 	3564
f 3528 	3529 	3565
f 3564 	3528 	3565
f 3529 	3530 	3566
f 3565 	3529 	3566
f 3530 	3531 	3567
f 3566 	3530 	3567
f 3531 	3532 	3568
f 3567 	3531 	3568
f 3532 	3533 	3569
f 3568 	3532 	3569
f 3533 	3534 	3570
f 3569 	3533 	3570
f 3534 	3535 	3571
f 3570 	3534 	3571
f 3535 	3536 	3572
f 3571 	3535 	3572
f 3536 	3537 	3573
f 3572 	3536 	3573
f 3537 	3538 	3574
f 3573 	3537 	3574
f 3538 	3539 	3575
f 3574 	3538 	3575
f 3539 	3505 	3541
f 3575 	3539 	3541
f 3541 	3540 	3576
f 3577 	3541 	3576
f 3540 	3542 	3578
f 3576 	3540 	3578
f 3542 	3543 	3579
f 3578 	3542 	3579
f 3543 	3544 	3580
f 3579 	3543 	3580
f 3544 	3545 	3581
f 3580 	3544 	3581
f 3545 	3546 	3582
f 3581 	3545 	3582
f 3546 	3547 	3583
f 3582 	3546 	3583
f 3547 	3548 	3584
f 3583 	3547 	3584
f 3548 	3549 	3585
f 3584 	3548 	3585
f 3549 	3550 	3586
f 3585 	3549 	3586
f 3550 	3551 	3587
f 3586 	3550 	3587
f 3551 	3552 	3588
f 3587 	3551 	3588
f 3552 	3553 	3589
f 3588 	3552 	3589
f 3553 	3554 	3590
f 3589 	3553 	3590
f 3554 	3555 	3591
f 3590 	3554 	3591
f 3555 	3556 	3592
f 3591 	3555 	3592
f 3556 	3557 	3593
f 3592 	3556 	3593
f 3557 	3558 	3594
f 3593 	3557 	3594
f 3558 	3559 	3595
f 3594 	3558 	3595
f 3559 	3560 	3596
f 3595 	3559 	3596
f 3560 	3561 	3597
f 3596 	3560 	3597
f 3561 	3562 	3598
f 3597 	3561 	3598
f 3562 	3563 	3599
f 3598 	3562 	3599
f 3563 	3564 	3600
f 3599 	3563 	3600
f 3564 	3565 	3601
f 3600 	3564 	3601
f 3565 	3566 	3602
f 3601 	3565 	3602
f 3566 	3567 	3603
f 3602 	3566 	3603
f 3567 	3568 	3604
f 3603 	3567 	3604
f 3568 	3569 	3605
f 3604 	3568 	3605
f 3569 	3570 	3606
f 3605 	3569 	3606
f 3570 	3571 	3607
f 3606 	3570 	3607
f 3571 	3572 	3608
f 3607 	3571 	3608
f 3572 	3573 	3609
f 3608 	3572 	3609
f 3573 	3574 	3610
f 3609 	3573 	3610
f 3574 	3575 	3611
f 3610 	3574 	3611
f 3575 	3541 	3577
f 3611 	3575 	3577
f 3577 	3576 	3612
f 3613 	3577 	3612
f 3576 	3578 	3614
f 3612 	3576 	3614
f 3578 	3579 	3615
f 3614 	3578 	3615
f 3579 	3580 	3616
f 3615 	3579 	3616
f 3580 	3581 	3617
f 3616 	3580 	3617
f 3581 	3582 	3618
f 3617 	3581 	3618
f 3582 	3583 	3619
f 3618 	3582 	3619
f 3583 	3584 	3620
f 3619 	3583 	3620
f 3584 	3585 	3621
f 3620 	3584 	3621
f 3585 	3586 	3622
f 3621 	3585 	3622
f 3586 	3587 	3623
f 3622 	3586 	3623
f 3587 	3588 	3624
f 3623 	3587 	3624
f 3588 	3589 	3625
f 3624 	3588 	3625
f 3589 	3590 	3626
f 3625 	3589 	3626
f 3590 	3591 	3627
f 3626 	3590 	3627
f 3591 	3592 	3628
f 3627 	3591 	3628
f 3592 	3593 	3629
f 3628 	3592 	3629
f 3593 	3594 	3630
f 3629 	3593 	3630
f 3594 	3595 	3631
f 3630 	3594 	3631
f 3595 	3596 	3632
f 3631 	3595 	3632
f 3596 	3597 	3633
f 3632 	3596 	3633
f 3597 	3598 	3634
f 3633 	3597 	3634
f 3598 	3599 	3635
f 3634 	3598 	3635
f 3599 	3600 	3636
f 3635 	3599 	3636
f 3600 	3601 	3637
f 3636 	3600 	3637
f 3601 	3602 	3638
f 3637 	3601 	3638
f 3602 	3603 	3639
f 3638 	3602 	3639
f 3603 	3604 	3640
f 3639 	3603 	3640
f 3604 	3605 	3641
f 3640 	3604 	3641
f 3605 	3606 	3642
f 3641 	3605 	3642
f 3606 	3607 	3643
f 3642 	3606 	3643
f 3607 	3608 	3644
f 3643 	3607 	3644
f 3608 	3609 	3645
f 3644 	3608 	3645
f 3609 	3610 	3646
f 3645 	3609 	3646
f 3610 	3611 	3647
f 3646 	3610 	3647
f 3611 	3577 	3613
f 3647 	3611 	3613
f 3613 	3612 	3648
f 3649 	3613 	3648
f 3612 	3614 	3650
f 3648 	3612 	3650
f 3614 	3615 	3651
f 3650 	3614 	3651
f 3615 	3616 	3652
f 3651 	3615 	3652
f 3616 	3617 	3653
f 3652 	3616 	3653
f 3617 	3618 	3654
f 3653 	3617 	3654
f 3618 	3619 	3655
f 3654 	3618 	3655
f 3619 	3620 	3656
f 3655 	3619 	3656
f 3620 	3621 	3657
f 3656 	3620 	3657
f 3621 	3622 	3658
f 3657 	3621 	3658
f 3622 	3623 	3659
f 3658 	3622 	3659
f 3623 	3624 	3660
f 3659 	3623 	3660
f 3624 	3625 	3661
f 3660 	3624 	3661
f 3625 	3626 	3662
f 3661 	3625 	3662
f 3626 	3627 	3663
f 3662 	3626 	3663
f 3627 	3628 	3664
f 3663 	3627 	3664
f 3628 	3629 	3665
f 3664 	3628 	3665
f 3629 	3630 	3666
f 3665 	3629 	3666
f 3630 	3631 	3667
f 3666 	3630 	3667
f 3631 	3632 	3668
f 3667 	3631 	3668
f 3632 	3633 	3669
f 3668 	3632 	3669
f 3633 	3634 	3670
f 3669 	3633 	3670
f 3634 	3635 	3671
f 3670 	3634 	3671
f 3635 	3636 	3672
f 3671 	3635 	3672
f 3636 	3637 	3673
f 3672 	3636 	3673
f 3637 	3638 	3674
f 3673 	3637 	3674
f 3638 	3639 	3675
f 3674 	3638 	3675
f 3639 	3640 	3676
f 3675 	3639 	3676
f 3640 	3641 	3677
f 3676 	3640 	3677
f 3641 	3642 	3678
f 3677 	3641 	3678
f 3642 	3643 	3679
f 3678 	3642 	3679
f 3643 	3644 	3680
f 3679 	3643 	3680
f 3644 	3645 	3681
f 3680 	3644 	3681
f 3645 	3646 	3682
f 3681 	3645 	3682
f 3646 	3647 	3683
f 3682 	3646 	3683
f 3647 	3613 	3649
f 3683 	3647 	3649
f 3649 	3648 	3684
f 3685 	3649 	3684
f 3648 	3650 	3686
f 3684 	3648 	3686
f 3650 	3651 	3687
f 3686 	3650 	3687
f 3651 	3652 	3688
f 3687 	3651 	3688
f 3652 	3653 	3689
f 3688 	3652 	3689
f 3653 	3654 	3690
f 3689 	3653 	3690
f 3654 	3655 	3691
f 3690 	3654 	3691
f 3655 	3656 	3692
f 3691 	3655 	3692
f 3656 	3657 	3693
f 3692 	3656 	3693
f 3657 	3658 	3694
f 3693 	3657 	3694
f 3658 	3659 	3695
f 3694 	3658 	3695
f 3659 	3660 	3696
f 3695 	3659 	3696
f 3660 	3661 	3697
f 3696 	3660 	3697
f 3661 	3662 	3698
f 3697 	3661 	3698
f 3662 	3663 	3699
f 3698 	3662 	3699
f 3663 	3664 	3700
f 3699 	3663 	3700
f 3664 	3665 	3701
f 3700 	3664 	3701
f 3665 	3666 	3702
f 3701 	3665 	3702
f 3666 	3667 	3703
f 3702 	3666 	3703
f 3667 	3668 	3704
f 3703 	3667 	3704
f 3668 	3669 	3705
f 3704 	3668 	3705
f 3669 	3670 	3706
f 3705 	3669 	3706
f 3670 	3671 	3707
f 3706 	3670 	3707
f 3671 	3672 	3708
f 3707 	3671 	3708
f 3672 	3673 	3709
f 3708 	3672 	3709
f 3673 	3674 	3710
f 3709 	3673 	3710
f 3674 	3675 	3711
f 3710 	3674 	3711
f 3675 	3676 	3712
f 3711 	3675 	3712
f 3676 	3677 	3713
f 3712 	3676 	3713
f 3677 	3678 	3714
f 3713 	3677 	3714
f 3678 	3679 	3715
f 3714 	3678 	3715
f 3679 	3680 	3716
f 3715 	3679 	3716
f 3680 	3681 	3717
f 3716 	3680 	3717
f 3681 	3682 	3718
f 3717 	3681 	3718
f 3682 	3683 	3719
f 3718 	3682 	3719
f 3683 	3649 	3685
f 3719 	3683 	3685
f 3685 	3684 	3720
f 3721 	3685 	3720
f 3684 	3686 	3722
f 3720 	3684 	3722
f 3686 	3687 	3723
f 3722 	3686 	3723
f 3687 	3688 	3724
f 3723 	3687 	3724
f 3688 	3689 	3725
f 3724 	3688 	3725
f 3689 	3690 	3726
f 3725 	3689 	3726
f 3690 	3691 	3727
f 3726 	3690 	3727
f 3691 	3692 	3728
f 3727 	3691 	3728
f 3692 	3693 	3729
f 3728 	3692 	3729
f 3693 	3694 	3730
f 3729 	3693 	3730
f 3694 	3695 	3731
f 3730 	3694 	3731
f 3695 	3696 	3732
f 3731 	3695 	3732
f 3696 	3697 	3733
f 3732 	3696 	3733
f 3697 	3698 	3734
f 3733 	3697 	3734
f 3698 	3699 	3735
f 3734 	3698 	3735
f 3699 	3700 	3736
f 3735 	3699 	3736
f 3700 	3701 	3737
f 3736 	3700 	3737
f 3701 	3702 	3738
f 3737 	3701 	3738
f 3702 	3703 	3739
f 3738 	3702 	3739
f 3703 	3704 	3740
f 3739 	3703 	3740
f 3704 	3705 	3741
f 3740 	3704 	3741
f 3705 	3706 	3742
f 3741 	3705 	3742
f 3706 	3707 	3743
f 3742 	3706 	3743
f 3707 	3708 	3744
f 3743 	3707 	3744
f 3708 	3709 	3745
f 3744 	3708 	3745
f 3709 	3710 	3746
f 3745 	3709 	3746
f 3710 	3711 	3747
f 3746 	3710 	3747
f 3711 	3712 	3748
f 3747 	3711 	3748
f 3712 	3713 	3749
f 3748 	3712 	3749
f 3713 	3714 	3750
f 3749 	3713 	3750
f 3714 	3715 	3751
f 3750 	3714 	3751
f 3715 	3716 	3752
f 3751 	3715 	3752
f 3716 	3717 	3753
f 3752 	3716 	3753
f 3717 	3718 	3754
f 3753 	3717 	3754
f 3718 	3719 	3755
f 3754 	3718 	3755
f 3719 	3685 	3721
f 3755 	3719 	3721
f 3721 	3720 	3756
f 3757 	3721 	3756
f 3720 	3722 	3758
f 3756 	3720 	3758
f 3722 	3723 	3759
f 3758 	3722 	3759
f 3723 	3724 	3760
f 3759 	3723 	3760
f 3724 	3725 	3761
f 3760 	3724 	3761
f 3725 	3726 	3762
f 3761 	3725 	3762
f 3726 	3727 	3763
f 3762 	3726 	3763
f 3727 	3728 	3764
f 3763 	3727 	3764
f 3728 	3729 	3765
f 3764 	3728 	3765
f 3729 	3730 	3766
f 3765 	3729 	3766
f 3730 	3731 	3767
f 3766 	3730 	3767
f 3731 	3732 	3768
f 3767 	3731 	3768
f 3732 	3733 	3769
f 3768 	3732 	3769
f 3733 	3734 	3770
f 3769 	3733 	3770
f 3734 	3735 	3771
f 3770 	3734 	3771
f 3735 	3736 	3772
f 3771 	3735 	3772
f 3736 	3737 	3773
f 3772 	3736 	3773
f 3737 	3738 	3774
f 3773 	3737 	3774
f 3738 	3739 	3775
f 3774 	3738 	3775
f 3739 	3740 	3776
f 3775 	3739 	3776
f 3740 	3741 	3777
f 3776 	3740 	3777
f 3741 	3742 	3778
f 3777 	3741 	3778
f 3742 	3743 	3779
f 3778 	3742 	3779
f 3743 	3744 	3780
f 3779 	3743 	3780
f 3744 	3745 	3781
f 3780 	3744 	3781
f 3745 	3746 	3782
f 3781 	3745 	3782
f 3746 	3747 	3783
f 3782 	3746 	3783
f 3747 	3748 	3784
f 3783 	3747 	3784
f 3748 	3749 	3785
f 3784 	3748 	3785
f 3749 	3750 	3786
f 3785 	3749 	3786
f 3750 	3751 	3787
f 3786 	3750 	3787
f 3751 	3752 	3788
f 3787 	3751 	3788
f 3752 	3753 	3789
f 3788 	3752 	3789
f 3753 	3754 	3790
f 3789 	3753 	3790
f 3754 	3755 	3791
f 3790 	3754 	3791
f 3755 	3721 	3757
f 3791 	3755 	3757
f 3757 	3756 	3792
f 3793 	3757 	3792
f 3756 	3758 	3794
f 3792 	3756 	3794
f 3758 	3759 	3795
f 3794 	3758 	3795
f 3759 	3760 	3796
f 3795 	3759 	3796
f 3760 	3761 	3797
f 3796 	3760 	3797
f 3761 	3762 	3798
f 3797 	3761 	3798
f 3762 	3763 	3799
f 3798 	3762 	3799
f 3763 	3764 	3800
f 3799 	3763 	3800
f 3764 	3765 	3801
f 3800 	3764 	3801
f 3765 	3766 	3802
f 3801 	3765 	3802
f 3766 	3767 	3803
f 3802 	3766 	3803
f 3767 	3768 	3804
f 3803 	3767 	3804
f 3768 	3769 	3805
f 3804 	3768 	3805
f 3769 	3770 	3806
f 3805 	3769 	3806
f 3770 	3771 	3807
f 3806 	3770 	3807
f 3771 	3772 	3808
f 3807 	3771 	3808
f 3772 	3773 	3809
f 3808 	3772 	3809
f 3773 	3774 	3810
f 3809 	3773 	3810
f 3774 	3775 	3811
f 3810 	3774 	3811
f 3775 	3776 	3812
f 3811 	3775 	3812
f 3776 	3777 	3813
f 3812 	3776 	3813
f 3777 	3778 	3814
f 3813 	3777 	3814
f 3778 	3779 	3815
f 3814 	3778 	3815
f 3779 	3780 	3816
f 3815 	3779 	3816
f 3780 	3781 	3817
f 3816 	3780 	3817
f 3781 	3782 	3818
f 3817 	3781 	3818
f 3782 	3783 	3819
f 3818 	3782 	3819
f 3783 	3784 	3820
f 3819 	3783 	3820
f 3784 	3785 	3821
f 3820 	3784 	3821
f 3785 	3786 	3822
f 3821 	3785 	3822
f 3786 	3787 	3823
f 3822 	3786 	3823
f 3787 	3788 	3824
f 3823 	3787 	3824
f 3788 	3789 	3825
f 3824 	3788 	3825
f 3789 	3790 	3826
f 3825 	3789 	3826
f 3790 	3791 	3827
f 3826 	3790 	3827
f 3791 	3757 	3793
f 3827 	3791 	3793
f 3793 	3792 	3828
f 3829 	3793 	3828
f 3792 	3794 	3830
f 3828 	3792 	3830
f 3794 	3795 	3831
f 3830 	3794 	3831
f 3795 	3796 	3832
f 3831 	3795 	3832
f 3796 	3797 	3833
f 3832 	3796 	3833
f 3797 	3798 	3834
f 3833 	3797 	3834
f 3798 	3799 	3835
f 3834 	3798 	3835
f 3799 	3800 	3836
f 3835 	3799 	3836
f 3800 	3801 	3837
f 3836 	3800 	3837
f 3801 	3802 	3838
f 3837 	3801 	3838
f 3802 	3803 	3839
f 3838 	3802 	3839
f 3803 	3804 	3840
f 3839 	3803 	3840
f 3804 	3805 	3841
f 3840 	3804 	3841
f 3805 	3806 	3842
f 3841 	3805 	3842
f 3806 	3807 	3843
f 3842 	3806 	3843
f 3807 	3808 	3844
f 3843 	3807 	3844
f 3808 	3809 	3845
f 3844 	3808 	3845
f 3809 	3810 	3846
f 3845 	3809 	3846
f 3810 	3811 	3847
f 3846 	3810 	3847
f 3811 	3812 	3848
f 3847 	3811 	3848
f 3812 	3813 	3849
f 3848 	3812 	3849
f 3813 	3814 	3850
f 3849 	3813 	3850
f 3814 	3815 	3851
f 3850 	3814 	3851
f 3815 	3816 	3852
f 3851 	3815 	3852
f 3816 	3817 	3853
f 3852 	3816 	3853
f 3817 	3818 	3854
f 3853 	3817 	3854
f 3818 	3819 	3855
f 3854 	3818 	3855
f 3819 	3820 	3856
f 3855 	3819 	3856
f 3820 	3821 	3857
f 3856 	3820 	3857
f 3821 	3822 	3858
f 3857 	3821 	3858
f 3822 	3823 	3859
f 3858 	3822 	3859
f 3823 	3824 	3860
f 3859 	3823 	3860
f 3824 	3825 	3861
f 3860 	3824 	3861
f 3825 	3826 	3862
f 3861 	3825 	3862
f 3826 	3827 	3863
f 3862 	3826 	3863
f 3827 	3793 	3829
f 3863 	3827 	3829
f 3829 	3828 	3864
f 3865 	3829 	3864
f 3828 	3830 	3866
f 3864 	3828 	3866
f 3830 	3831 	3867
f 3866 	3830 	3867
f 3831 	3832 	3868
f 3867 	3831 	3868
f 3832 	3833 	3869
f 3868 	3832 	3869
f 3833 	3834 	3870
f 3869 	3833 	3870
f 3834 	3835 	3871
f 3870 	3834 	3871
f 3835 	3836 	3872
f 3871 	3835 	3872
f 3836 	3837 	3873
f 3872 	3836 	3873
f 3837 	3838 	3874
f 3873 	3837 	3874
f 3838 	3839 	3875
f 3874 	3838 	3875
f 3839 	3840 	3876
f 3875 	3839 	3876
f 3840 	3841 	3877
f 3876 	3840 	3877
f 3841 	3842 	3878
f 3877 	3841 	3878
f 3842 	3843 	3879
f 3878 	3842 	3879
f 3843 	3844 	3880
f 3879 	3843 	3880
f 3844 	3845 	3881
f 3880 	3844 	3881
f 3845 	3846 	3882
f 3881 	3845 	3882
f 3846 	3847 	3883
f 3882 	3846 	3883
f 3847 	3848 	3884
f 3883 	3847 	3884
f 3848 	3849 	3885
f 3884 	3848 	3885
f 3849 	3850 	3886
f 3885 	3849 	3886
f 3850 	3851 	3887
f 3886 	3850 	3887
f 3851 	3852 	3888
f 3887 	3851 	3888
f 3852 	3853 	3889
f 3888 	3852 	3889
f 3853 	3854 	3890
f 3889 	3853 	3890
f 3854 	3855 	3891
f 3890 	3854 	3891
f 3855 	3856 	3892
f 3891 	3855 	3892
f 3856 	3857 	3893
f 3892 	3856 	3893
f 3857 	3858 	3894
f 3893 	3857 	3894
f 3858 	3859 	3895
f 3894 	3858 	3895
f 3859 	3860 	3896
f 3895 	3859 	3896
f 3860 	3861 	3897
f 3896 	3860 	3897
f 3861 	3862 	3898
f 3897 	3861 	3898
f 3862 	3863 	3899
f 3898 	3862 	3899
f 3863 	3829 	3865
f 3899 	3863 	3865
f 3865 	3864 	3900
f 3864 	3866 	3900
f 3866 	3867 	3900
f 3867 	3868 	3900
f 3868 	3869 	3900
f 3869 	3870 	3900
f 3870 	3871 	3900
f 3871 	3872 	3900
f 3872 	3873 	3900
f 3873 	3874 	3900
f 3874 	3875 	3900
f 3875 	3876 	3900
f 3876 	3877 	3900
f 3877 	3878 	3900
f 3878 	3879 	3900
f 3879 	3880 	3900
f 3880 	3881 	3900
f 3881 	3882 	3900
f 3882 	3883 	3900
f 3883 	3884 	3900
f 3884 	3885 	3900
f 3885 	3886 	3900
f 3886 	3887 	3900
f 3887 	3888 	3900
f 3888 	3889 	3900
f 3889 	3890 	3900
f 3890 	3891 	3900
f 3891 	3892 	3900
f 3892 	3893 	3900
f 3893 	3894 	3900
f 3894 	3895 	3900
f 3895 	3896 	3900
f 3896 	3897 	3900
f 3897 	3898 	3900
f 3898 	3899 	3900
f 3899 	3865 	3900
# 1296 faces

 #end of obj_5

o obj_6
v 0 		4.9497 		11.9497
v -1.4358 		4.9074 		11.9074
v -1.4235 		4.8231 		11.9917
v -1.3869 		4.7402 		12.0746
v -1.3265 		4.6602 		12.1546
v -1.2434 		4.5844 		12.2304
v -1.1391 		4.5141 		12.3007
v -1.0153 		4.4506 		12.3642
v -0.8741 		4.3948 		12.42
v -0.7179 		4.3479 		12.4669
v -0.5495 		4.3105 		12.5043
v -0.3716 		4.2833 		12.5315
v -0.1874 		4.2669 		12.5479
v 0 		4.2613 		12.5535
v 0.1874 		4.2669 		12.5479
v 0.3716 		4.2833 		12.5315
v 0.5495 		4.3105 		12.5043
v 0.7179 		4.3479 		12.4669
v 0.8741 		4.3948 		12.42
v 1.0153 		4.4506 		12.3642
v 1.1391 		4.5141 		12.3007
v 1.2434 		4.5844 		12.2304
v 1.3265 		4.6602 		12.1546
v 1.3869 		4.7402 		12.0746
v 1.4235 		4.8231 		11.9917
v 1.4358 		4.9074 		11.9074
v 1.4235 		4.9917 		11.8231
v 1.3869 		5.0746 		11.7402
v 1.3265 		5.1546 		11.6602
v 1.2434 		5.2304 		11.5844
v 1.1391 		5.3007 		11.5141
v 1.0153 		5.3642 		11.4506
v 0.8741 		5.42 		11.3948
v 0.7179 		5.4669 		11.3479
v 0.5495 		5.5043 		11.3105
v 0.3716 		5.5315 		11.2833
v 0.1874 		5.5479 		11.2669
v 0 		5.5535 		11.2613
v -0.1874 		5.5479 		11.2669
v -0.3716 		5.5315 		11.2833
v -0.5495 		5.5043 		11.3105
v -0.7179 		5.4669 		11.3479
v -0.8741 		5.42 		11.3948
v -1.0153 		5.3642 		11.4506
v -1.1391 		5.3007 		11.5141
v -1.2434 		5.2304 		11.5844
v -1.3265 		5.1546 		11.6602
v -1.3869 		5.0746 		11.7402
v -1.4235 		4.9917 		11.8231
v -2.8227 		4.6139 		11.9483
v -2.847 		4.7811 		11.7811
v -2.75 		4.4495 		12.1127
v -2.6303 		4.2908 		12.2713
v -2.4656 		4.1405 		12.4216
v -2.2587 		4.0012 		12.561
v -2.0131 		3.8752 		12.687
v -1.7331 		3.7647 		12.7974
v -1.4235 		3.6716 		12.8905
v -1.0895 		3.5975 		12.9647
v -0.7369 		3.5437 		13.0185
v -0.3716 		3.511 		13.0512
v 0 		3.5 		13.0622
v 0.3716 		3.511 		13.0512
v 0.7369 		3.5437 		13.0185
v 1.0895 		3.5975 		12.9647
v 1.4235 		3.6716 		12.8905
v 1.7331 		3.7647 		12.7974
v 2.0131 		3.8752 		12.687
v 2.2587 		4.0012 		12.561
v 2.4656 		4.1405 		12.4216
v 2.6303 		4.2908 		12.2713
v 2.75 		4.4495 		12.1127
v 2.8227 		4.6139 		11.9483
v 2.847 		4.7811 		11.7811
v 2.8227 		4.9483 		11.6139
v 2.75 		5.1127 		11.4495
v 2.6303 		5.2713 		11.2908
v 2.4656 		5.4216 		11.1405
v 2.2587 		5.561 		11.0012
v 2.0131 		5.687 		10.8752
v 1.7331 		5.7974 		10.7647
v 1.4235 		5.8905 		10.6716
v 1.0895 		5.9647 		10.5975
v 0.7369 		6.0185 		10.5437
v 0.3716 		6.0512 		10.511
v 0 		6.0622 		10.5
v -0.3716 		6.0512 		10.511
v -0.7369 		6.0185 		10.5437
v -1.0895 		5.9647 		10.5975
v -1.4235 		5.8905 		10.6716
v -1.7331 		5.7974 		10.7647
v -2.0131 		5.687 		10.8752
v -2.2587 		5.561 		11.0012
v -2.4656 		5.4216 		11.1405
v -2.6303 		5.2713 		11.2908
v -2.75 		5.1127 		11.4495
v -2.8227 		4.9483 		11.6139
v -4.1735 		4.3257 		11.8202
v -4.2095 		4.573 		11.573
v -4.0661 		4.0827 		12.0632
v -3.8891 		3.8481 		12.2978
v -3.6455 		3.6259 		12.5201
v -3.3396 		3.4199 		12.7261
v -2.9766 		3.2336 		12.9124
v -2.5626 		3.0702 		13.0757
v -2.1048 		2.9326 		13.2134
v -1.6109 		2.823 		13.323
v -1.0895 		2.7433 		13.4026
v -0.5495 		2.695 		13.451
v 0 		2.6788 		13.4672
v 0.5495 		2.695 		13.451
v 1.0895 		2.7433 		13.4026
v 1.6109 		2.823 		13.323
v 2.1048 		2.9326 		13.2134
v 2.5626 		3.0702 		13.0757
v 2.9766 		3.2336 		12.9124
v 3.3396 		3.4199 		12.7261
v 3.6455 		3.6259 		12.5201
v 3.8891 		3.8481 		12.2978
v 4.0661 		4.0827 		12.0632
v 4.1735 		4.3257 		11.8202
v 4.2095 		4.573 		11.573
v 4.1735 		4.8202 		11.3257
v 4.0661 		5.0632 		11.0827
v 3.8891 		5.2978 		10.8481
v 3.6455 		5.5201 		10.6259
v 3.3396 		5.7261 		10.4199
v 2.9766 		5.9124 		10.2336
v 2.5626 		6.0757 		10.0702
v 2.1048 		6.2134 		9.9326
v 1.6109 		6.323 		9.823
v 1.0895 		6.4026 		9.7433
v 0.5495 		6.451 		9.695
v 0 		6.4672 		9.6788
v -0.5495 		6.451 		9.695
v -1.0895 		6.4026 		9.7433
v -1.6109 		6.323 		9.823
v -2.1048 		6.2134 		9.9326
v -2.5626 		6.0757 		10.0702
v -2.9766 		5.9124 		10.2336
v -3.3396 		5.7261 		10.4199
v -3.6455 		5.5201 		10.6259
v -3.8891 		5.2978 		10.8481
v -4.0661 		5.0632 		11.0827
v -4.1735 		4.8202 		11.3257
v -5.4529 		3.9636 		11.6096
v -5.5 		4.2866 		11.2866
v -5.3126 		3.6461 		11.9272
v -5.0813 		3.3395 		12.2337
v -4.7631 		3.0492 		12.524
v -4.3634 		2.78 		12.7932
v -3.8891 		2.5366 		13.0366
v -3.3482 		2.3232 		13.2501
v -2.75 		2.1433 		13.4299
v -2.1048 		2.0001 		13.5731
v -1.4235 		1.8961 		13.6772
v -0.7179 		1.8329 		13.7403
v 0 		1.8117 		13.7615
v 0.7179 		1.8329 		13.7403
v 1.4235 		1.8961 		13.6772
v 2.1048 		2.0001 		13.5731
v 2.75 		2.1433 		13.4299
v 3.3482 		2.3232 		13.2501
v 3.8891 		2.5366 		13.0366
v 4.3634 		2.78 		12.7932
v 4.7631 		3.0492 		12.524
v 5.0813 		3.3395 		12.2337
v 5.3126 		3.6461 		11.9272
v 5.4529 		3.9636 		11.6096
v 5.5 		4.2866 		11.2866
v 5.4529 		4.6096 		10.9636
v 5.3126 		4.9272 		10.6461
v 5.0813 		5.2337 		10.3395
v 4.7631 		5.524 		10.0492
v 4.3634 		5.7932 		9.78
v 3.8891 		6.0366 		9.5366
v 3.3482 		6.2501 		9.3232
v 2.75 		6.4299 		9.1433
v 2.1048 		6.5731 		9.0001
v 1.4235 		6.6772 		8.8961
v 0.7179 		6.7403 		8.8329
v 0 		6.7615 		8.8117
v -0.7179 		6.7403 		8.8329
v -1.4235 		6.6772 		8.8961
v -2.1048 		6.5731 		9.0001
v -2.75 		6.4299 		9.1433
v -3.3482 		6.2501 		9.3232
v -3.8891 		6.0366 		9.5366
v -4.3634 		5.7932 		9.78
v -4.7631 		5.524 		10.0492
v -5.0813 		5.2337 		10.3395
v -5.3126 		4.9272 		10.6461
v -5.4529 		4.6096 		10.9636
v -6.6391 		3.5336 		11.3202
v -6.6964 		3.9269 		10.9269
v -6.4682 		3.147 		11.7068
v -6.1866 		2.7738 		12.08
v -5.7992 		2.4203 		12.4335
v -5.3126 		2.0926 		12.7612
v -4.7351 		1.7962 		13.0576
v -4.0765 		1.5364 		13.3174
v -3.3482 		1.3174 		13.5364
v -2.5626 		1.1431 		13.7107
v -1.7331 		1.0164 		13.8374
v -0.8741 		0.9395 		13.9143
v 0 		0.9137 		13.9401
v 0.8741 		0.9395 		13.9143
v 1.7331 		1.0164 		13.8374
v 2.5626 		1.1431 		13.7107
v 3.3482 		1.3174 		13.5364
v 4.0765 		1.5364 		13.3174
v 4.7351 		1.7962 		13.0576
v 5.3126 		2.0926 		12.7612
v 5.7992 		2.4203 		12.4335
v 6.1866 		2.7738 		12.08
v 6.4682 		3.147 		11.7068
v 6.6391 		3.5336 		11.3202
v 6.6964 		3.9269 		10.9269
v 6.6391 		4.3202 		10.5336
v 6.4682 		4.7068 		10.147
v 6.1866 		5.08 		9.7738
v 5.7992 		5.4335 		9.4203
v 5.3126 		5.7612 		9.0926
v 4.7351 		6.0576 		8.7962
v 4.0765 		6.3174 		8.5364
v 3.3482 		6.5364 		8.3174
v 2.5626 		6.7107 		8.1431
v 1.7331 		6.8374 		8.0164
v 0.8741 		6.9143 		7.9395
v 0 		6.9401 		7.9137
v -0.8741 		6.9143 		7.9395
v -1.7331 		6.8374 		8.0164
v -2.5626 		6.7107 		8.1431
v -3.3482 		6.5364 		8.3174
v -4.0765 		6.3174 		8.5364
v -4.7351 		6.0576 		8.7962
v -5.3126 		5.7612 		9.0926
v -5.7992 		5.4335 		9.4203
v -6.1866 		5.08 		9.7738
v -6.4682 		4.7068 		10.147
v -6.6391 		4.3202 		10.5336
v -7.7116 		3.0432 		10.9568
v -7.7782 		3.5 		10.5
v -7.5131 		2.5941 		11.4059
v -7.1861 		2.1606 		11.8394
v -6.7361 		1.75 		12.25
v -6.1708 		1.3693 		12.6307
v -5.5 		1.0251 		12.9749
v -4.7351 		0.7233 		13.2767
v -3.8891 		0.4689 		13.5311
v -2.9766 		0.2664 		13.7336
v -2.0131 		0.1193 		13.8807
v -1.0153 		0.0299 		13.9701
v 0 		0 		14
v 1.0153 		0.0299 		13.9701
v 2.0131 		0.1193 		13.8807
v 2.9766 		0.2664 		13.7336
v 3.8891 		0.4689 		13.5311
v 4.7351 		0.7233 		13.2767
v 5.5 		1.0251 		12.9749
v 6.1708 		1.3693 		12.6307
v 6.7361 		1.75 		12.25
v 7.1861 		2.1606 		11.8394
v 7.5131 		2.5941 		11.4059
v 7.7116 		3.0432 		10.9568
v 7.7782 		3.5 		10.5
v 7.7116 		3.9568 		10.0432
v 7.5131 		4.4059 		9.5941
v 7.1861 		4.8394 		9.1606
v 6.7361 		5.25 		8.75
v 6.1708 		5.6307 		8.3693
v 5.5 		5.9749 		8.0251
v 4.7351 		6.2767 		7.7233
v 3.8891 		6.5311 		7.4689
v 2.9766 		6.7336 		7.2664
v 2.0131 		6.8807 		7.1193
v 1.0153 		6.9701 		7.0299
v 0 		7 		7
v -1.0153 		6.9701 		7.0299
v -2.0131 		6.8807 		7.1193
v -2.9766 		6.7336 		7.2664
v -3.8891 		6.5311 		7.4689
v -4.7351 		6.2767 		7.7233
v -5.5 		5.9749 		8.0251
v -6.1708 		5.6307 		8.3693
v -6.7361 		5.25 		8.75
v -7.1861 		4.8394 		9.1606
v -7.5131 		4.4059 		9.5941
v -7.7116 		3.9568 		10.0432
v -8.6522 		2.5007 		10.5258
v -8.7269 		3.0132 		10.0132
v -8.4295 		1.9969 		11.0296
v -8.0626 		1.5105 		11.516
v -7.5577 		1.0498 		11.9767
v -6.9235 		0.6227 		12.4038
v -6.1708 		0.2365 		12.79
v -5.3126 		-0.1022 		13.1286
v -4.3634 		-0.3876 		13.414
v -3.3396 		-0.6148 		13.6412
v -2.2587 		-0.7799 		13.8063
v -1.1391 		-0.8801 		13.9065
v 0 		-0.9137 		13.9401
v 1.1391 		-0.8801 		13.9065
v 2.2587 		-0.7799 		13.8063
v 3.3396 		-0.6148 		13.6412
v 4.3634 		-0.3876 		13.414
v 5.3126 		-0.1022 		13.1286
v 6.1708 		0.2365 		12.79
v 6.9235 		0.6227 		12.4038
v 7.5577 		1.0498 		11.9767
v 8.0626 		1.5105 		11.516
v 8.4295 		1.9969 		11.0296
v 8.6522 		2.5007 		10.5258
v 8.7269 		3.0132 		10.0132
v 8.6522 		3.5258 		9.5007
v 8.4295 		4.0296 		8.9969
v 8.0626 		4.516 		8.5105
v 7.5577 		4.9767 		8.0498
v 6.9235 		5.4038 		7.6227
v 6.1708 		5.79 		7.2365
v 5.3126 		6.1286 		6.8978
v 4.3634 		6.414 		6.6124
v 3.3396 		6.6412 		6.3852
v 2.2587 		6.8063 		6.2201
v 1.1391 		6.9065 		6.1199
v 0 		6.9401 		6.0863
v -1.1391 		6.9065 		6.1199
v -2.2587 		6.8063 		6.2201
v -3.3396 		6.6412 		6.3852
v -4.3634 		6.414 		6.6124
v -5.3126 		6.1286 		6.8978
v -6.1708 		5.79 		7.2365
v -6.9235 		5.4038 		7.6227
v -7.5577 		4.9767 		8.0498
v -8.0626 		4.516 		8.5105
v -8.4295 		4.0296 		8.9969
v -8.6522 		3.5258 		9.5007
v -9.4448 		1.9154 		10.0344
v -9.5263 		2.4749 		9.4749
v -9.2017 		1.3654 		10.5843
v -8.8011 		0.8345 		11.1153
v -8.25 		0.3316 		11.6182
v -7.5577 		-0.1346 		12.0844
v -6.7361 		-0.5562 		12.506
v -5.7992 		-0.9259 		12.8757
v -4.7631 		-1.2374 		13.1872
v -3.6455 		-1.4854 		13.4352
v -2.4656 		-1.6657 		13.6154
v -1.2434 		-1.7751 		13.7248
v 0 		-1.8117 		13.7615
v 1.2434 		-1.7751 		13.7248
v 2.4656 		-1.6657 		13.6154
v 3.6455 		-1.4854 		13.4352
v 4.7631 		-1.2374 		13.1872
v 5.7992 		-0.9259 		12.8757
v 6.7361 		-0.5562 		12.506
v 7.5577 		-0.1346 		12.0844
v 8.25 		0.3316 		11.6182
v 8.8011 		0.8345 		11.1153
v 9.2017 		1.3654 		10.5843
v 9.4448 		1.9154 		10.0344
v 9.5263 		2.4749 		9.4749
v 9.4448 		3.0344 		8.9154
v 9.2017 		3.5843 		8.3654
v 8.8011 		4.1153 		7.8345
v 8.25 		4.6182 		7.3316
v 7.5577 		5.0844 		6.8654
v 6.7361 		5.506 		6.4438
v 5.7992 		5.8757 		6.0741
v 4.7631 		6.1872 		5.7626
v 3.6455 		6.4352 		5.5146
v 2.4656 		6.6154 		5.3343
v 1.2434 		6.7248 		5.2249
v 0 		6.7615 		5.1883
v -1.2434 		6.7248 		5.2249
v -2.4656 		6.6154 		5.3343
v -3.6455 		6.4352 		5.5146
v -4.7631 		6.1872 		5.7626
v -5.7992 		5.8757 		6.0741
v -6.7361 		5.506 		6.4438
v -7.5577 		5.0844 		6.8654
v -8.25 		4.6182 		7.3316
v -8.8011 		4.1153 		7.8345
v -9.2017 		3.5843 		8.3654
v -9.4448 		3.0344 		8.9154
v -10.0757 		1.2973 		9.4911
v -10.1627 		1.8942 		8.8942
v -9.8164 		0.7106 		10.0778
v -9.3891 		0.1442 		10.6442
v -8.8011 		-0.3923 		11.1807
v -8.0626 		-0.8897 		11.678
v -7.1861 		-1.3394 		12.1278
v -6.1866 		-1.7338 		12.5222
v -5.0813 		-2.0661 		12.8545
v -3.8891 		-2.3307 		13.1191
v -2.6303 		-2.523 		13.3113
v -1.3265 		-2.6397 		13.428
v 0 		-2.6788 		13.4672
v 1.3265 		-2.6397 		13.428
v 2.6303 		-2.523 		13.3113
v 3.8891 		-2.3307 		13.1191
v 5.0813 		-2.0661 		12.8545
v 6.1866 		-1.7338 		12.5222
v 7.1861 		-1.3394 		12.1278
v 8.0626 		-0.8897 		11.678
v 8.8011 		-0.3923 		11.1807
v 9.3891 		0.1442 		10.6442
v 9.8164 		0.7106 		10.0778
v 10.0757 		1.2973 		9.4911
v 10.1627 		1.8942 		8.8942
v 10.0757 		2.4911 		8.2973
v 9.8164 		3.0778 		7.7106
v 9.3891 		3.6442 		7.1442
v 8.8011 		4.1807 		6.6077
v 8.0626 		4.678 		6.1103
v 7.1861 		5.1278 		5.6606
v 6.1866 		5.5222 		5.2662
v 5.0813 		5.8545 		4.9339
v 3.8891 		6.1191 		4.6693
v 2.6303 		6.3113 		4.477
v 1.3265 		6.428 		4.3603
v 0 		6.4672 		4.3212
v -1.3265 		6.428 		4.3603
v -2.6303 		6.3113 		4.477
v -3.8891 		6.1191 		4.6693
v -5.0813 		5.8545 		4.9339
v -6.1866 		5.5222 		5.2662
v -7.1861 		5.1278 		5.6606
v -8.0626 		4.678 		6.1103
v -8.8011 		4.1807 		6.6077
v -9.3891 		3.6442 		7.1442
v -9.8164 		3.0778 		7.7106
v -10.0757 		2.4911 		8.2973
v -10.5343 		0.657 		8.9051
v -10.6252 		1.2811 		8.2811
v -10.2631 		0.0437 		9.5185
v -9.8164 		-0.5486 		10.1107
v -9.2017 		-1.1095 		10.6716
v -8.4295 		-1.6295 		11.1916
v -7.5131 		-2.0997 		11.6618
v -6.4682 		-2.512 		12.0742
v -5.3126 		-2.8595 		12.4216
v -4.0661 		-3.1361 		12.6982
v -2.75 		-3.3371 		12.8993
v -1.3869 		-3.4591 		13.0213
v 0 		-3.5 		13.0622
v 1.3869 		-3.4591 		13.0213
v 2.75 		-3.3371 		12.8993
v 4.0661 		-3.1361 		12.6982
v 5.3126 		-2.8595 		12.4216
v 6.4682 		-2.512 		12.0742
v 7.5131 		-2.0997 		11.6618
v 8.4295 		-1.6295 		11.1916
v 9.2017 		-1.1095 		10.6716
v 9.8164 		-0.5486 		10.1107
v 10.2631 		0.0437 		9.5185
v 10.5343 		0.657 		8.9051
v 10.6252 		1.2811 		8.2811
v 10.5343 		1.9051 		7.657
v 10.2631 		2.5185 		7.0437
v 9.8164 		3.1107 		6.4514
v 9.2017 		3.6716 		5.8905
v 8.4295 		4.1916 		5.3705
v 7.5131 		4.6618 		4.9003
v 6.4682 		5.0742 		4.488
v 5.3126 		5.4216 		4.1405
v 4.0661 		5.6982 		3.8639
v 2.75 		5.8993 		3.6629
v 1.3869 		6.0213 		3.5409
v 0 		6.0622 		3.5
v -1.3869 		6.0213 		3.5409
v -2.75 		5.8993 		3.6629
v -4.0661 		5.6982 		3.8639
v -5.3126 		5.4216 		4.1405
v -6.4682 		5.0742 		4.488
v -7.5131 		4.6618 		4.9003
v -8.4295 		4.1916 		5.3705
v -9.2017 		3.6716 		5.8905
v -9.8164 		3.1107 		6.4514
v -10.2631 		2.5185 		7.0437
v -10.5343 		1.9051 		7.657
v -10.8126 		0.0055 		8.2866
v -10.9059 		0.6461 		7.6461
v -10.5343 		-0.6241 		8.9162
v -10.0757 		-1.2319 		9.5241
v -9.4448 		-1.8076 		10.0998
v -8.6522 		-2.3414 		10.6335
v -7.7116 		-2.824 		11.1161
v -6.6391 		-3.2472 		11.5394
v -5.4529 		-3.6039 		11.896
v -4.1735 		-3.8878 		12.1799
v -2.8227 		-4.0941 		12.3863
v -1.4235 		-4.2193 		12.5115
v 0 		-4.2613 		12.5535
v 1.4235 		-4.2193 		12.5115
v 2.8227 		-4.0941 		12.3863
v 4.1735 		-3.8878 		12.1799
v 5.4529 		-3.6039 		11.896
v 6.6391 		-3.2472 		11.5394
v 7.7116 		-2.824 		11.1161
v 8.6522 		-2.3414 		10.6335
v 9.4448 		-1.8076 		10.0998
v 10.0757 		-1.2319 		9.5241
v 10.5343 		-0.6241 		8.9162
v 10.8126 		0.0055 		8.2866
v 10.9059 		0.6461 		7.6461
v 10.8126 		1.2866 		7.0055
v 10.5343 		1.9162 		6.3759
v 10.0757 		2.5241 		5.7681
v 9.4448 		3.0998 		5.1924
v 8.6522 		3.6335 		4.6586
v 7.7116 		4.1161 		4.176
v 6.6391 		4.5394 		3.7528
v 5.4529 		4.896 		3.3961
v 4.1735 		5.1799 		3.1122
v 2.8227 		5.3863 		2.9059
v 1.4235 		5.5115 		2.7807
v 0 		5.5535 		2.7387
v -1.4235 		5.5115 		2.7807
v -2.8227 		5.3863 		2.9059
v -4.1735 		5.1799 		3.1122
v -5.4529 		4.896 		3.3961
v -6.6391 		4.5394 		3.7528
v -7.7116 		4.1161 		4.176
v -8.6522 		3.6335 		4.6586
v -9.4448 		3.0998 		5.1924
v -10.0757 		2.5241 		5.7681
v -10.5343 		1.9162 		6.3759
v -10.8126 		1.2866 		7.0055
v -10.9059 		-0.6461 		7.6461
v -11 		0 		7
v -10.6252 		-1.2811 		8.2811
v -10.1627 		-1.8942 		8.8942
v -9.5263 		-2.4749 		9.4749
v -8.7269 		-3.0132 		10.0132
v -7.7782 		-3.5 		10.5
v -6.6964 		-3.9269 		10.9269
v -5.5 		-4.2866 		11.2866
v -4.2095 		-4.573 		11.573
v -2.847 		-4.7811 		11.7811
v -1.4358 		-4.9074 		11.9074
v 0 		-4.9497 		11.9497
v 1.4358 		-4.9074 		11.9074
v 2.847 		-4.7811 		11.7811
v 4.2095 		-4.573 		11.573
v 5.5 		-4.2866 		11.2866
v 6.6964 		-3.9269 		10.9269
v 7.7782 		-3.5 		10.5
v 8.7269 		-3.0132 		10.0132
v 9.5263 		-2.4749 		9.4749
v 10.1627 		-1.8942 		8.8942
v 10.6252 		-1.2811 		8.2811
v 10.9059 		-0.6461 		7.6461
v 11 		0 		7
v 10.9059 		0.6461 		6.3539
v 10.6252 		1.2811 		5.7189
v 10.1627 		1.8942 		5.1058
v 9.5263 		2.4749 		4.5251
v 8.7269 		3.0132 		3.9868
v 7.7782 		3.5 		3.5
v 6.6964 		3.9269 		3.0731
v 5.5 		4.2866 		2.7134
v 4.2095 		4.573 		2.427
v 2.847 		4.7811 		2.2189
v 1.4358 		4.9074 		2.0926
v 0 		4.9497 		2.0503
v -1.4358 		4.9074 		2.0926
v -2.847 		4.7811 		2.2189
v -4.2095 		4.573 		2.427
v -5.5 		4.2866 		2.7134
v -6.6964 		3.9269 		3.0731
v -7.7782 		3.5 		3.5
v -8.7269 		3.0132 		3.9868
v -9.5263 		2.4749 		4.5251
v -10.1627 		1.8942 		5.1058
v -10.6252 		1.2811 		5.7189
v -10.9059 		0.6461 		6.3539
v -10.8126 		-1.2866 		6.9945
v -10.9059 		-0.6461 		6.3539
v -10.5343 		-1.9162 		7.6241
v -10.0757 		-2.5241 		8.2319
v -9.4448 		-3.0998 		8.8076
v -8.6522 		-3.6335 		9.3414
v -7.7116 		-4.1161 		9.824
v -6.6391 		-4.5394 		10.2472
v -5.4529 		-4.896 		10.6039
v -4.1735 		-5.1799 		10.8878
v -2.8227 		-5.3863 		11.0941
v -1.4235 		-5.5115 		11.2193
v 0 		-5.5535 		11.2613
v 1.4235 		-5.5115 		11.2193
v 2.8227 		-5.3863 		11.0941
v 4.1735 		-5.1799 		10.8878
v 5.4529 		-4.896 		10.6039
v 6.6391 		-4.5394 		10.2472
v 7.7116 		-4.1161 		9.824
v 8.6522 		-3.6335 		9.3414
v 9.4448 		-3.0998 		8.8076
v 10.0757 		-2.5241 		8.2319
v 10.5343 		-1.9162 		7.6241
v 10.8126 		-1.2866 		6.9945
v 10.9059 		-0.6461 		6.3539
v 10.8126 		-0.0055 		5.7134
v 10.5343 		0.6241 		5.0838
v 10.0757 		1.2319 		4.4759
v 9.4448 		1.8076 		3.9002
v 8.6522 		2.3414 		3.3665
v 7.7116 		2.824 		2.8839
v 6.6391 		3.2472 		2.4606
v 5.4529 		3.6039 		2.104
v 4.1735 		3.8878 		1.8201
v 2.8227 		4.0941 		1.6137
v 1.4235 		4.2193 		1.4885
v 0 		4.2613 		1.4465
v -1.4235 		4.2193 		1.4885
v -2.8227 		4.0941 		1.6137
v -4.1735 		3.8878 		1.8201
v -5.4529 		3.6039 		2.104
v -6.6391 		3.2472 		2.4606
v -7.7116 		2.824 		2.8839
v -8.6522 		2.3414 		3.3665
v -9.4448 		1.8076 		3.9002
v -10.0757 		1.2319 		4.4759
v -10.5343 		0.6241 		5.0838
v -10.8126 		-0.0055 		5.7134
v -10.5343 		-1.9051 		6.343
v -10.6252 		-1.2811 		5.7189
v -10.2631 		-2.5185 		6.9563
v -9.8164 		-3.1107 		7.5486
v -9.2017 		-3.6716 		8.1095
v -8.4295 		-4.1916 		8.6295
v -7.5131 		-4.6618 		9.0997
v -6.4682 		-5.0742 		9.512
v -5.3126 		-5.4216 		9.8595
v -4.0661 		-5.6982 		10.1361
v -2.75 		-5.8993 		10.3371
v -1.3869 		-6.0213 		10.4591
v 0 		-6.0622 		10.5
v 1.3869 		-6.0213 		10.4591
v 2.75 		-5.8993 		10.3371
v 4.0661 		-5.6982 		10.1361
v 5.3126 		-5.4216 		9.8595
v 6.4682 		-5.0742 		9.512
v 7.5131 		-4.6618 		9.0997
v 8.4295 		-4.1916 		8.6295
v 9.2017 		-3.6716 		8.1095
v 9.8164 		-3.1107 		7.5486
v 10.2631 		-2.5185 		6.9563
v 10.5343 		-1.9051 		6.343
v 10.6252 		-1.2811 		5.7189
v 10.5343 		-0.657 		5.0949
v 10.2631 		-0.0437 		4.4815
v 9.8164 		0.5486 		3.8893
v 9.2017 		1.1095 		3.3284
v 8.4295 		1.6295 		2.8084
v 7.5131 		2.0997 		2.3382
v 6.4682 		2.512 		1.9258
v 5.3126 		2.8595 		1.5784
v 4.0661 		3.1361 		1.3018
v 2.75 		3.3371 		1.1007
v 1.3869 		3.4591 		0.9787
v 0 		3.5 		0.9378
v -1.3869 		3.4591 		0.9787
v -2.75 		3.3371 		1.1007
v -4.0661 		3.1361 		1.3018
v -5.3126 		2.8595 		1.5784
v -6.4682 		2.512 		1.9258
v -7.5131 		2.0997 		2.3382
v -8.4295 		1.6295 		2.8084
v -9.2017 		1.1095 		3.3284
v -9.8164 		0.5486 		3.8893
v -10.2631 		-0.0437 		4.4815
v -10.5343 		-0.657 		5.0949
v -10.0757 		-2.4911 		5.7027
v -10.1627 		-1.8942 		5.1058
v -9.8164 		-3.0778 		6.2894
v -9.3891 		-3.6442 		6.8558
v -8.8011 		-4.1807 		7.3923
v -8.0626 		-4.678 		7.8897
v -7.1861 		-5.1278 		8.3394
v -6.1866 		-5.5222 		8.7338
v -5.0813 		-5.8545 		9.0661
v -3.8891 		-6.1191 		9.3307
v -2.6303 		-6.3113 		9.523
v -1.3265 		-6.428 		9.6397
v 0 		-6.4672 		9.6788
v 1.3265 		-6.428 		9.6397
v 2.6303 		-6.3113 		9.523
v 3.8891 		-6.1191 		9.3307
v 5.0813 		-5.8545 		9.0661
v 6.1866 		-5.5222 		8.7338
v 7.1861 		-5.1278 		8.3394
v 8.0626 		-4.678 		7.8897
v 8.8011 		-4.1807 		7.3923
v 9.3891 		-3.6442 		6.8558
v 9.8164 		-3.0778 		6.2894
v 10.0757 		-2.4911 		5.7027
v 10.1627 		-1.8942 		5.1058
v 10.0757 		-1.2973 		4.5089
v 9.8164 		-0.7106 		3.9222
v 9.3891 		-0.1442 		3.3558
v 8.8011 		0.3923 		2.8193
v 8.0626 		0.8897 		2.322
v 7.1861 		1.3394 		1.8722
v 6.1866 		1.7338 		1.4778
v 5.0813 		2.0661 		1.1455
v 3.8891 		2.3307 		0.8809
v 2.6303 		2.523 		0.6887
v 1.3265 		2.6397 		0.572
v 0 		2.6788 		0.5328
v -1.3265 		2.6397 		0.572
v -2.6303 		2.523 		0.6887
v -3.8891 		2.3307 		0.8809
v -5.0813 		2.0661 		1.1455
v -6.1866 		1.7338 		1.4778
v -7.1861 		1.3394 		1.8722
v -8.0626 		0.8897 		2.322
v -8.8011 		0.3923 		2.8193
v -9.3891 		-0.1442 		3.3558
v -9.8164 		-0.7106 		3.9222
v -10.0757 		-1.2973 		4.5089
v -9.4448 		-3.0344 		5.0846
v -9.5263 		-2.4749 		4.5251
v -9.2017 		-3.5843 		5.6346
v -8.8011 		-4.1153 		6.1655
v -8.25 		-4.6182 		6.6684
v -7.5577 		-5.0844 		7.1346
v -6.7361 		-5.506 		7.5562
v -5.7992 		-5.8757 		7.9259
v -4.7631 		-6.1872 		8.2374
v -3.6455 		-6.4352 		8.4854
v -2.4656 		-6.6154 		8.6657
v -1.2434 		-6.7248 		8.7751
v 0 		-6.7615 		8.8117
v 1.2434 		-6.7248 		8.7751
v 2.4656 		-6.6154 		8.6657
v 3.6455 		-6.4352 		8.4854
v 4.7631 		-6.1872 		8.2374
v 5.7992 		-5.8757 		7.9259
v 6.7361 		-5.506 		7.5562
v 7.5577 		-5.0844 		7.1346
v 8.25 		-4.6182 		6.6684
v 8.8011 		-4.1153 		6.1655
v 9.2017 		-3.5843 		5.6346
v 9.4448 		-3.0344 		5.0846
v 9.5263 		-2.4749 		4.5251
v 9.4448 		-1.9154 		3.9656
v 9.2017 		-1.3654 		3.4157
v 8.8011 		-0.8345 		2.8847
v 8.25 		-0.3316 		2.3818
v 7.5577 		0.1346 		1.9156
v 6.7361 		0.5562 		1.494
v 5.7992 		0.9259 		1.1243
v 4.7631 		1.2374 		0.8128
v 3.6455 		1.4854 		0.5648
v 2.4656 		1.6657 		0.3846
v 1.2434 		1.7751 		0.2752
v 0 		1.8117 		0.2385
v -1.2434 		1.7751 		0.2752
v -2.4656 		1.6657 		0.3846
v -3.6455 		1.4854 		0.5648
v -4.7631 		1.2374 		0.8128
v -5.7992 		0.9259 		1.1243
v -6.7361 		0.5562 		1.494
v -7.5577 		0.1346 		1.9156
v -8.25 		-0.3316 		2.3818
v -8.8011 		-0.8345 		2.8847
v -9.2017 		-1.3654 		3.4157
v -9.4448 		-1.9154 		3.9656
v -8.6522 		-3.5258 		4.4993
v -8.7269 		-3.0132 		3.9868
v -8.4295 		-4.0296 		5.0031
v -8.0626 		-4.516 		5.4895
v -7.5577 		-4.9767 		5.9502
v -6.9235 		-5.4038 		6.3773
v -6.1708 		-5.79 		6.7635
v -5.3126 		-6.1286 		7.1022
v -4.3634 		-6.414 		7.3876
v -3.3396 		-6.6412 		7.6148
v -2.2587 		-6.8063 		7.7799
v -1.1391 		-6.9065 		7.8801
v 0 		-6.9401 		7.9137
v 1.1391 		-6.9065 		7.8801
v 2.2587 		-6.8063 		7.7799
v 3.3396 		-6.6412 		7.6148
v 4.3634 		-6.414 		7.3876
v 5.3126 		-6.1286 		7.1022
v 6.1708 		-5.79 		6.7635
v 6.9235 		-5.4038 		6.3773
v 7.5577 		-4.9767 		5.9502
v 8.0626 		-4.516 		5.4895
v 8.4295 		-4.0296 		5.0031
v 8.6522 		-3.5258 		4.4993
v 8.7269 		-3.0132 		3.9868
v 8.6522 		-2.5007 		3.4742
v 8.4295 		-1.9969 		2.9704
v 8.0626 		-1.5105 		2.484
v 7.5577 		-1.0498 		2.0233
v 6.9235 		-0.6227 		1.5962
v 6.1708 		-0.2365 		1.21
v 5.3126 		0.1022 		0.8714
v 4.3634 		0.3876 		0.586
v 3.3396 		0.6148 		0.3588
v 2.2587 		0.7799 		0.1937
v 1.1391 		0.8801 		0.0935
v 0 		0.9137 		0.0599
v -1.1391 		0.8801 		0.0935
v -2.2587 		0.7799 		0.1937
v -3.3396 		0.6148 		0.3588
v -4.3634 		0.3876 		0.586
v -5.3126 		0.1022 		0.8714
v -6.1708 		-0.2365 		1.21
v -6.9235 		-0.6227 		1.5962
v -7.5577 		-1.0498 		2.0233
v -8.0626 		-1.5105 		2.484
v -8.4295 		-1.9969 		2.9704
v -8.6522 		-2.5007 		3.4742
v -7.7116 		-3.9568 		3.9568
v -7.7782 		-3.5 		3.5
v -7.5131 		-4.4059 		4.4059
v -7.1861 		-4.8394 		4.8394
v -6.7361 		-5.25 		5.25
v -6.1708 		-5.6307 		5.6307
v -5.5 		-5.9749 		5.9749
v -4.7351 		-6.2767 		6.2767
v -3.8891 		-6.5311 		6.5311
v -2.9766 		-6.7336 		6.7336
v -2.0131 		-6.8807 		6.8807
v -1.0153 		-6.9701 		6.9701
v 0 		-7 		7
v 1.0153 		-6.9701 		6.9701
v 2.0131 		-6.8807 		6.8807
v 2.9766 		-6.7336 		6.7336
v 3.8891 		-6.5311 		6.5311
v 4.7351 		-6.2767 		6.2767
v 5.5 		-5.9749 		5.9749
v 6.1708 		-5.6307 		5.6307
v 6.7361 		-5.25 		5.25
v 7.1861 		-4.8394 		4.8394
v 7.5131 		-4.4059 		4.4059
v 7.7116 		-3.9568 		3.9568
v 7.7782 		-3.5 		3.5
v 7.7116 		-3.0432 		3.0432
v 7.5131 		-2.5941 		2.5941
v 7.1861 		-2.1606 		2.1606
v 6.7361 		-1.75 		1.75
v 6.1708 		-1.3693 		1.3693
v 5.5 		-1.0251 		1.0251
v 4.7351 		-0.7233 		0.7233
v 3.8891 		-0.4689 		0.4689
v 2.9766 		-0.2664 		0.2664
v 2.0131 		-0.1193 		0.1193
v 1.0153 		-0.0299 		0.0299
v 0 		0 		0
v -1.0153 		-0.0299 		0.0299
v -2.0131 		-0.1193 		0.1193
v -2.9766 		-0.2664 		0.2664
v -3.8891 		-0.4689 		0.4689
v -4.7351 		-0.7233 		0.7233
v -5.5 		-1.0251 		1.0251
v -6.1708 		-1.3693 		1.3693
v -6.7361 		-1.75 		1.75
v -7.1861 		-2.1606 		2.1606
v -7.5131 		-2.5941 		2.5941
v -7.7116 		-3.0432 		3.0432
v -6.6391 		-4.3202 		3.4664
v -6.6964 		-3.9269 		3.0731
v -6.4682 		-4.7068 		3.853
v -6.1866 		-5.08 		4.2262
v -5.7992 		-5.4335 		4.5797
v -5.3126 		-5.7612 		4.9074
v -4.7351 		-6.0576 		5.2038
v -4.0765 		-6.3174 		5.4636
v -3.3482 		-6.5364 		5.6826
v -2.5626 		-6.7107 		5.8569
v -1.7331 		-6.8374 		5.9836
v -0.8741 		-6.9143 		6.0605
v 0 		-6.9401 		6.0863
v 0.8741 		-6.9143 		6.0605
v 1.7331 		-6.8374 		5.9836
v 2.5626 		-6.7107 		5.8569
v 3.3482 		-6.5364 		5.6826
v 4.0765 		-6.3174 		5.4636
v 4.7351 		-6.0576 		5.2038
v 5.3126 		-5.7612 		4.9074
v 5.7992 		-5.4335 		4.5797
v 6.1866 		-5.08 		4.2262
v 6.4682 		-4.7068 		3.853
v 6.6391 		-4.3202 		3.4664
v 6.6964 		-3.9269 		3.0731
v 6.6391 		-3.5336 		2.6798
v 6.4682 		-3.147 		2.2932
v 6.1866 		-2.7738 		1.92
v 5.7992 		-2.4203 		1.5665
v 5.3126 		-2.0926 		1.2388
v 4.7351 		-1.7962 		0.9424
v 4.0765 		-1.5364 		0.6826
v 3.3482 		-1.3174 		0.4636
v 2.5626 		-1.1431 		0.2893
v 1.7331 		-1.0164 		0.1626
v 0.8741 		-0.9395 		0.0857
v 0 		-0.9137 		0.0599
v -0.8741 		-0.9395 		0.0857
v -1.7331 		-1.0164 		0.1626
v -2.5626 		-1.1431 		0.2893
v -3.3482 		-1.3174 		0.4636
v -4.0765 		-1.5364 		0.6826
v -4.7351 		-1.7962 		0.9424
v -5.3126 		-2.0926 		1.2388
v -5.7992 		-2.4203 		1.5665
v -6.1866 		-2.7738 		1.92
v -6.4682 		-3.147 		2.2932
v -6.6391 		-3.5336 		2.6798
v -5.4529 		-4.6096 		3.0364
v -5.5 		-4.2866 		2.7134
v -5.3126 		-4.9272 		3.3539
v -5.0813 		-5.2337 		3.6605
v -4.7631 		-5.524 		3.9508
v -4.3634 		-5.7932 		4.22
v -3.8891 		-6.0366 		4.4634
v -3.3482 		-6.2501 		4.6768
v -2.75 		-6.4299 		4.8567
v -2.1048 		-6.5731 		4.9999
v -1.4235 		-6.6772 		5.1039
v -0.7179 		-6.7403 		5.1671
v 0 		-6.7615 		5.1883
v 0.7179 		-6.7403 		5.1671
v 1.4235 		-6.6772 		5.1039
v 2.1048 		-6.5731 		4.9999
v 2.75 		-6.4299 		4.8567
v 3.3482 		-6.2501 		4.6768
v 3.8891 		-6.0366 		4.4634
v 4.3634 		-5.7932 		4.22
v 4.7631 		-5.524 		3.9508
v 5.0813 		-5.2337 		3.6605
v 5.3126 		-4.9272 		3.3539
v 5.4529 		-4.6096 		3.0364
v 5.5 		-4.2866 		2.7134
v 5.4529 		-3.9636 		2.3904
v 5.3126 		-3.6461 		2.0728
v 5.0813 		-3.3395 		1.7663
v 4.7631 		-3.0492 		1.476
v 4.3634 		-2.78 		1.2068
v 3.8891 		-2.5366 		0.9634
v 3.3482 		-2.3232 		0.7499
v 2.75 		-2.1433 		0.5701
v 2.1048 		-2.0001 		0.4269
v 1.4235 		-1.8961 		0.3228
v 0.7179 		-1.8329 		0.2597
v 0 		-1.8117 		0.2385
v -0.7179 		-1.8329 		0.2597
v -1.4235 		-1.8961 		0.3228
v -2.1048 		-2.0001 		0.4269
v -2.75 		-2.1433 		0.5701
v -3.3482 		-2.3232 		0.7499
v -3.8891 		-2.5366 		0.9634
v -4.3634 		-2.78 		1.2068
v -4.7631 		-3.0492 		1.476
v -5.0813 		-3.3395 		1.7663
v -5.3126 		-3.6461 		2.0728
v -5.4529 		-3.9636 		2.3904
v -4.1735 		-4.8202 		2.6743
v -4.2095 		-4.573 		2.427
v -4.0661 		-5.0632 		2.9173
v -3.8891 		-5.2978 		3.1519
v -3.6455 		-5.5201 		3.3741
v -3.3396 		-5.7261 		3.5801
v -2.9766 		-5.9124 		3.7664
v -2.5626 		-6.0757 		3.9298
v -2.1048 		-6.2134 		4.0674
v -1.6109 		-6.323 		4.177
v -1.0895 		-6.4026 		4.2567
v -0.5495 		-6.451 		4.305
v 0 		-6.4672 		4.3212
v 0.5495 		-6.451 		4.305
v 1.0895 		-6.4026 		4.2567
v 1.6109 		-6.323 		4.177
v 2.1048 		-6.2134 		4.0674
v 2.5626 		-6.0757 		3.9298
v 2.9766 		-5.9124 		3.7664
v 3.3396 		-5.7261 		3.5801
v 3.6455 		-5.5201 		3.3741
v 3.8891 		-5.2978 		3.1519
v 4.0661 		-5.0632 		2.9173
v 4.1735 		-4.8202 		2.6743
v 4.2095 		-4.573 		2.427
v 4.1735 		-4.3257 		2.1798
v 4.0661 		-4.0827 		1.9368
v 3.8891 		-3.8481 		1.7022
v 3.6455 		-3.6259 		1.4799
v 3.3396 		-3.4199 		1.2739
v 2.9766 		-3.2336 		1.0876
v 2.5626 		-3.0702 		0.9243
v 2.1048 		-2.9326 		0.7866
v 1.6109 		-2.823 		0.677
v 1.0895 		-2.7433 		0.5974
v 0.5495 		-2.695 		0.549
v 0 		-2.6788 		0.5328
v -0.5495 		-2.695 		0.549
v -1.0895 		-2.7433 		0.5974
v -1.6109 		-2.823 		0.677
v -2.1048 		-2.9326 		0.7866
v -2.5626 		-3.0702 		0.9243
v -2.9766 		-3.2336 		1.0876
v -3.3396 		-3.4199 		1.2739
v -3.6455 		-3.6259 		1.4799
v -3.8891 		-3.8481 		1.7022
v -4.0661 		-4.0827 		1.9368
v -4.1735 		-4.3257 		2.1798
v -2.8227 		-4.9483 		2.3861
v -2.847 		-4.7811 		2.2189
v -2.75 		-5.1127 		2.5505
v -2.6303 		-5.2713 		2.7092
v -2.4656 		-5.4216 		2.8595
v -2.2587 		-5.561 		2.9988
v -2.0131 		-5.687 		3.1248
v -1.7331 		-5.7974 		3.2353
v -1.4235 		-5.8905 		3.3284
v -1.0895 		-5.9647 		3.4025
v -0.7369 		-6.0185 		3.4563
v -0.3716 		-6.0512 		3.489
v 0 		-6.0622 		3.5
v 0.3716 		-6.0512 		3.489
v 0.7369 		-6.0185 		3.4563
v 1.0895 		-5.9647 		3.4025
v 1.4235 		-5.8905 		3.3284
v 1.7331 		-5.7974 		3.2353
v 2.0131 		-5.687 		3.1248
v 2.2587 		-5.561 		2.9988
v 2.4656 		-5.4216 		2.8595
v 2.6303 		-5.2713 		2.7092
v 2.75 		-5.1127 		2.5505
v 2.8227 		-4.9483 		2.3861
v 2.847 		-4.7811 		2.2189
v 2.8227 		-4.6139 		2.0517
v 2.75 		-4.4495 		1.8873
v 2.6303 		-4.2908 		1.7287
v 2.4656 		-4.1405 		1.5784
v 2.2587 		-4.0012 		1.439
v 2.0131 		-3.8752 		1.313
v 1.7331 		-3.7647 		1.2026
v 1.4235 		-3.6716 		1.1095
v 1.0895 		-3.5975 		1.0353
v 0.7369 		-3.5437 		0.9815
v 0.3716 		-3.511 		0.9488
v 0 		-3.5 		0.9378
v -0.3716 		-3.511 		0.9488
v -0.7369 		-3.5437 		0.9815
v -1.0895 		-3.5975 		1.0353
v -1.4235 		-3.6716 		1.1095
v -1.7331 		-3.7647 		1.2026
v -2.0131 		-3.8752 		1.313
v -2.2587 		-4.0012 		1.439
v -2.4656 		-4.1405 		1.5784
v -2.6303 		-4.2908 		1.7287
v -2.75 		-4.4495 		1.8873
v -2.8227 		-4.6139 		2.0517
v -1.4235 		-4.9917 		2.1769
v -1.4358 		-4.9074 		2.0926
v -1.3869 		-5.0746 		2.2598
v -1.3265 		-5.1546 		2.3398
v -1.2434 		-5.2304 		2.4156
v -1.1391 		-5.3007 		2.4859
v -1.0153 		-5.3642 		2.5494
v -0.8741 		-5.42 		2.6052
v -0.7179 		-5.4669 		2.6521
v -0.5495 		-5.5043 		2.6895
v -0.3716 		-5.5315 		2.7167
v -0.1874 		-5.5479 		2.7331
v 0 		-5.5535 		2.7387
v 0.1874 		-5.5479 		2.7331
v 0.3716 		-5.5315 		2.7167
v 0.5495 		-5.5043 		2.6895
v 0.7179 		-5.4669 		2.6521
v 0.8741 		-5.42 		2.6052
v 1.0153 		-5.3642 		2.5494
v 1.1391 		-5.3007 		2.4859
v 1.2434 		-5.2304 		2.4156
v 1.3265 		-5.1546 		2.3398
v 1.3869 		-5.0746 		2.2598
v 1.4235 		-4.9917 		2.1769
v 1.4358 		-4.9074 		2.0926
v 1.4235 		-4.8231 		2.0083
v 1.3869 		-4.7402 		1.9254
v 1.3265 		-4.6602 		1.8454
v 1.2434 		-4.5844 		1.7696
v 1.1391 		-4.5141 		1.6993
v 1.0153 		-4.4506 		1.6358
v 0.8741 		-4.3948 		1.58
v 0.7179 		-4.3479 		1.5331
v 0.5495 		-4.3105 		1.4957
v 0.3716 		-4.2833 		1.4685
v 0.1874 		-4.2669 		1.4521
v 0 		-4.2613 		1.4465
v -0.1874 		-4.2669 		1.4521
v -0.3716 		-4.2833 		1.4685
v -0.5495 		-4.3105 		1.4957
v -0.7179 		-4.3479 		1.5331
v -0.8741 		-4.3948 		1.58
v -1.0153 		-4.4506 		1.6358
v -1.1391 		-4.5141 		1.6993
v -1.2434 		-4.5844 		1.7696
v -1.3265 		-4.6602 		1.8454
v -1.3869 		-4.7402 		1.9254
v -1.4235 		-4.8231 		2.0083
v 0 		-4.9497 		2.0503
# 1106 vertices

g group_6_6306067

usemtl color_6306067
s 0

f 3901 	3902 	3903
f 3901 	3903 	3904
f 3901 	3904 	3905
f 3901 	3905 	3906
f 3901 	3906 	3907
f 3901 	3907 	3908
f 3901 	3908 	3909
f 3901 	3909 	3910
f 3901 	3910 	3911
f 3901 	3911 	3912
f 3901 	3912 	3913
f 3901 	3913 	3914
f 3901 	3914 	3915
f 3901 	3915 	3916
f 3901 	3916 	3917
f 3901 	3917 	3918
f 3901 	3918 	3919
f 3901 	3919 	3920
f 3901 	3920 	3921
f 3901 	3921 	3922
f 3901 	3922 	3923
f 3901 	3923 	3924
f 3901 	3924 	3925
f 3901 	3925 	3926
f 3901 	3926 	3927
f 3901 	3927 	3928
f 3901 	3928 	3929
f 3901 	3929 	3930
f 3901 	3930 	3931
f 3901 	3931 	3932
f 3901 	3932 	3933
f 3901 	3933 	3934
f 3901 	3934 	3935
f 3901 	3935 	3936
f 3901 	3936 	3937
f 3901 	3937 	3938
f 3901 	3938 	3939
f 3901 	3939 	3940
f 3901 	3940 	3941
f 3901 	3941 	3942
f 3901 	3942 	3943
f 3901 	3943 	3944
f 3901 	3944 	3945
f 3901 	3945 	3946
f 3901 	3946 	3947
f 3901 	3947 	3948
f 3901 	3948 	3949
f 3901 	3949 	3902
f 3903 	3902 	3950
f 3902 	3951 	3950
f 3904 	3903 	3952
f 3903 	3950 	3952
f 3905 	3904 	3953
f 3904 	3952 	3953
f 3906 	3905 	3954
f 3905 	3953 	3954
f 3907 	3906 	3955
f 3906 	3954 	3955
f 3908 	3907 	3956
f 3907 	3955 	3956
f 3909 	3908 	3957
f 3908 	3956 	3957
f 3910 	3909 	3958
f 3909 	3957 	3958
f 3911 	3910 	3959
f 3910 	3958 	3959
f 3912 	3911 	3960
f 3911 	3959 	3960
f 3913 	3912 	3961
f 3912 	3960 	3961
f 3914 	3913 	3962
f 3913 	3961 	3962
f 3915 	3914 	3963
f 3914 	3962 	3963
f 3916 	3915 	3964
f 3915 	3963 	3964
f 3917 	3916 	3965
f 3916 	3964 	3965
f 3918 	3917 	3966
f 3917 	3965 	3966
f 3919 	3918 	3967
f 3918 	3966 	3967
f 3920 	3919 	3968
f 3919 	3967 	3968
f 3921 	3920 	3969
f 3920 	3968 	3969
f 3922 	3921 	3970
f 3921 	3969 	3970
f 3923 	3922 	3971
f 3922 	3970 	3971
f 3924 	3923 	3972
f 3923 	3971 	3972
f 3925 	3924 	3973
f 3924 	3972 	3973
f 3926 	3925 	3974
f 3925 	3973 	3974
f 3927 	3926 	3975
f 3926 	3974 	3975
f 3928 	3927 	3976
f 3927 	3975 	3976
f 3929 	3928 	3977
f 3928 	3976 	3977
f 3930 	3929 	3978
f 3929 	3977 	3978
f 3931 	3930 	3979
f 3930 	3978 	3979
f 3932 	3931 	3980
f 3931 	3979 	3980
f 3933 	3932 	3981
f 3932 	3980 	3981
f 3934 	3933 	3982
f 3933 	3981 	3982
f 3935 	3934 	3983
f 3934 	3982 	3983
f 3936 	3935 	3984
f 3935 	3983 	3984
f 3937 	3936 	3985
f 3936 	3984 	3985
f 3938 	3937 	3986
f 3937 	3985 	3986
f 3939 	3938 	3987
f 3938 	3986 	3987
f 3940 	3939 	3988
f 3939 	3987 	3988
f 3941 	3940 	3989
f 3940 	3988 	3989
f 3942 	3941 	3990
f 3941 	3989 	3990
f 3943 	3942 	3991
f 3942 	3990 	3991
f 3944 	3943 	3992
f 3943 	3991 	3992
f 3945 	3944 	3993
f 3944 	3992 	3993
f 3946 	3945 	3994
f 3945 	3993 	3994
f 3947 	3946 	3995
f 3946 	3994 	3995
f 3948 	3947 	3996
f 3947 	3995 	3996
f 3949 	3948 	3997
f 3948 	3996 	3997
f 3902 	3949 	3951
f 3949 	3997 	3951
f 3950 	3951 	3998
f 3951 	3999 	3998
f 3952 	3950 	4000
f 3950 	3998 	4000
f 3953 	3952 	4001
f 3952 	4000 	4001
f 3954 	3953 	4002
f 3953 	4001 	4002
f 3955 	3954 	4003
f 3954 	4002 	4003
f 3956 	3955 	4004
f 3955 	4003 	4004
f 3957 	3956 	4005
f 3956 	4004 	4005
f 3958 	3957 	4006
f 3957 	4005 	4006
f 3959 	3958 	4007
f 3958 	4006 	4007
f 3960 	3959 	4008
f 3959 	4007 	4008
f 3961 	3960 	4009
f 3960 	4008 	4009
f 3962 	3961 	4010
f 3961 	4009 	4010
f 3963 	3962 	4011
f 3962 	4010 	4011
f 3964 	3963 	4012
f 3963 	4011 	4012
f 3965 	3964 	4013
f 3964 	4012 	4013
f 3966 	3965 	4014
f 3965 	4013 	4014
f 3967 	3966 	4015
f 3966 	4014 	4015
f 3968 	3967 	4016
f 3967 	4015 	4016
f 3969 	3968 	4017
f 3968 	4016 	4017
f 3970 	3969 	4018
f 3969 	4017 	4018
f 3971 	3970 	4019
f 3970 	4018 	4019
f 3972 	3971 	4020
f 3971 	4019 	4020
f 3973 	3972 	4021
f 3972 	4020 	4021
f 3974 	3973 	4022
f 3973 	4021 	4022
f 3975 	3974 	4023
f 3974 	4022 	4023
f 3976 	3975 	4024
f 3975 	4023 	4024
f 3977 	3976 	4025
f 3976 	4024 	4025
f 3978 	3977 	4026
f 3977 	4025 	4026
f 3979 	3978 	4027
f 3978 	4026 	4027
f 3980 	3979 	4028
f 3979 	4027 	4028
f 3981 	3980 	4029
f 3980 	4028 	4029
f 3982 	3981 	4030
f 3981 	4029 	4030
f 3983 	3982 	4031
f 3982 	4030 	4031
f 3984 	3983 	4032
f 3983 	4031 	4032
f 3985 	3984 	4033
f 3984 	4032 	4033
f 3986 	3985 	4034
f 3985 	4033 	4034
f 3987 	3986 	4035
f 3986 	4034 	4035
f 3988 	3987 	4036
f 3987 	4035 	4036
f 3989 	3988 	4037
f 3988 	4036 	4037
f 3990 	3989 	4038
f 3989 	4037 	4038
f 3991 	3990 	4039
f 3990 	4038 	4039
f 3992 	3991 	4040
f 3991 	4039 	4040
f 3993 	3992 	4041
f 3992 	4040 	4041
f 3994 	3993 	4042
f 3993 	4041 	4042
f 3995 	3994 	4043
f 3994 	4042 	4043
f 3996 	3995 	4044
f 3995 	4043 	4044
f 3997 	3996 	4045
f 3996 	4044 	4045
f 3951 	3997 	3999
f 3997 	4045 	3999
f 3998 	3999 	4046
f 3999 	4047 	4046
f 4000 	3998 	4048
f 3998 	4046 	4048
f 4001 	4000 	4049
f 4000 	4048 	4049
f 4002 	4001 	4050
f 4001 	4049 	4050
f 4003 	4002 	4051
f 4002 	4050 	4051
f 4004 	4003 	4052
f 4003 	4051 	4052
f 4005 	4004 	4053
f 4004 	4052 	4053
f 4006 	4005 	4054
f 4005 	4053 	4054
f 4007 	4006 	4055
f 4006 	4054 	4055
f 4008 	4007 	4056
f 4007 	4055 	4056
f 4009 	4008 	4057
f 4008 	4056 	4057
f 4010 	4009 	4058
f 4009 	4057 	4058
f 4011 	4010 	4059
f 4010 	4058 	4059
f 4012 	4011 	4060
f 4011 	4059 	4060
f 4013 	4012 	4061
f 4012 	4060 	4061
f 4014 	4013 	4062
f 4013 	4061 	4062
f 4015 	4014 	4063
f 4014 	4062 	4063
f 4016 	4015 	4064
f 4015 	4063 	4064
f 4017 	4016 	4065
f 4016 	4064 	4065
f 4018 	4017 	4066
f 4017 	4065 	4066
f 4019 	4018 	4067
f 4018 	4066 	4067
f 4020 	4019 	4068
f 4019 	4067 	4068
f 4021 	4020 	4069
f 4020 	4068 	4069
f 4022 	4021 	4070
f 4021 	4069 	4070
f 4023 	4022 	4071
f 4022 	4070 	4071
f 4024 	4023 	4072
f 4023 	4071 	4072
f 4025 	4024 	4073
f 4024 	4072 	4073
f 4026 	4025 	4074
f 4025 	4073 	4074
f 4027 	4026 	4075
f 4026 	4074 	4075
f 4028 	4027 	4076
f 4027 	4075 	4076
f 4029 	4028 	4077
f 4028 	4076 	4077
f 4030 	4029 	4078
f 4029 	4077 	4078
f 4031 	4030 	4079
f 4030 	4078 	4079
f 4032 	4031 	4080
f 4031 	4079 	4080
f 4033 	4032 	4081
f 4032 	4080 	4081
f 4034 	4033 	4082
f 4033 	4081 	4082
f 4035 	4034 	4083
f 4034 	4082 	4083
f 4036 	4035 	4084
f 4035 	4083 	4084
f 4037 	4036 	4085
f 4036 	4084 	4085
f 4038 	4037 	4086
f 4037 	4085 	4086
f 4039 	4038 	4087
f 4038 	4086 	4087
f 4040 	4039 	4088
f 4039 	4087 	4088
f 4041 	4040 	4089
f 4040 	4088 	4089
f 4042 	4041 	4090
f 4041 	4089 	4090
f 4043 	4042 	4091
f 4042 	4090 	4091
f 4044 	4043 	4092
f 4043 	4091 	4092
f 4045 	4044 	4093
f 4044 	4092 	4093
f 3999 	4045 	4047
f 4045 	4093 	4047
f 4046 	4047 	4094
f 4047 	4095 	4094
f 4048 	4046 	4096
f 4046 	4094 	4096
f 4049 	4048 	4097
f 4048 	4096 	4097
f 4050 	4049 	4098
f 4049 	4097 	4098
f 4051 	4050 	4099
f 4050 	4098 	4099
f 4052 	4051 	4100
f 4051 	4099 	4100
f 4053 	4052 	4101
f 4052 	4100 	4101
f 4054 	4053 	4102
f 4053 	4101 	4102
f 4055 	4054 	4103
f 4054 	4102 	4103
f 4056 	4055 	4104
f 4055 	4103 	4104
f 4057 	4056 	4105
f 4056 	4104 	4105
f 4058 	4057 	4106
f 4057 	4105 	4106
f 4059 	4058 	4107
f 4058 	4106 	4107
f 4060 	4059 	4108
f 4059 	4107 	4108
f 4061 	4060 	4109
f 4060 	4108 	4109
f 4062 	4061 	4110
f 4061 	4109 	4110
f 4063 	4062 	4111
f 4062 	4110 	4111
f 4064 	4063 	4112
f 4063 	4111 	4112
f 4065 	4064 	4113
f 4064 	4112 	4113
f 4066 	4065 	4114
f 4065 	4113 	4114
f 4067 	4066 	4115
f 4066 	4114 	4115
f 4068 	4067 	4116
f 4067 	4115 	4116
f 4069 	4068 	4117
f 4068 	4116 	4117
f 4070 	4069 	4118
f 4069 	4117 	4118
f 4071 	4070 	4119
f 4070 	4118 	4119
f 4072 	4071 	4120
f 4071 	4119 	4120
f 4073 	4072 	4121
f 4072 	4120 	4121
f 4074 	4073 	4122
f 4073 	4121 	4122
f 4075 	4074 	4123
f 4074 	4122 	4123
f 4076 	4075 	4124
f 4075 	4123 	4124
f 4077 	4076 	4125
f 4076 	4124 	4125
f 4078 	4077 	4126
f 4077 	4125 	4126
f 4079 	4078 	4127
f 4078 	4126 	4127
f 4080 	4079 	4128
f 4079 	4127 	4128
f 4081 	4080 	4129
f 4080 	4128 	4129
f 4082 	4081 	4130
f 4081 	4129 	4130
f 4083 	4082 	4131
f 4082 	4130 	4131
f 4084 	4083 	4132
f 4083 	4131 	4132
f 4085 	4084 	4133
f 4084 	4132 	4133
f 4086 	4085 	4134
f 4085 	4133 	4134
f 4087 	4086 	4135
f 4086 	4134 	4135
f 4088 	4087 	4136
f 4087 	4135 	4136
f 4089 	4088 	4137
f 4088 	4136 	4137
f 4090 	4089 	4138
f 4089 	4137 	4138
f 4091 	4090 	4139
f 4090 	4138 	4139
f 4092 	4091 	4140
f 4091 	4139 	4140
f 4093 	4092 	4141
f 4092 	4140 	4141
f 4047 	4093 	4095
f 4093 	4141 	4095
f 4094 	4095 	4142
f 4095 	4143 	4142
f 4096 	4094 	4144
f 4094 	4142 	4144
f 4097 	4096 	4145
f 4096 	4144 	4145
f 4098 	4097 	4146
f 4097 	4145 	4146
f 4099 	4098 	4147
f 4098 	4146 	4147
f 4100 	4099 	4148
f 4099 	4147 	4148
f 4101 	4100 	4149
f 4100 	4148 	4149
f 4102 	4101 	4150
f 4101 	4149 	4150
f 4103 	4102 	4151
f 4102 	4150 	4151
f 4104 	4103 	4152
f 4103 	4151 	4152
f 4105 	4104 	4153
f 4104 	4152 	4153
f 4106 	4105 	4154
f 4105 	4153 	4154
f 4107 	4106 	4155
f 4106 	4154 	4155
f 4108 	4107 	4156
f 4107 	4155 	4156
f 4109 	4108 	4157
f 4108 	4156 	4157
f 4110 	4109 	4158
f 4109 	4157 	4158
f 4111 	4110 	4159
f 4110 	4158 	4159
f 4112 	4111 	4160
f 4111 	4159 	4160
f 4113 	4112 	4161
f 4112 	4160 	4161
f 4114 	4113 	4162
f 4113 	4161 	4162
f 4115 	4114 	4163
f 4114 	4162 	4163
f 4116 	4115 	4164
f 4115 	4163 	4164
f 4117 	4116 	4165
f 4116 	4164 	4165
f 4118 	4117 	4166
f 4117 	4165 	4166
f 4119 	4118 	4167
f 4118 	4166 	4167
f 4120 	4119 	4168
f 4119 	4167 	4168
f 4121 	4120 	4169
f 4120 	4168 	4169
f 4122 	4121 	4170
f 4121 	4169 	4170
f 4123 	4122 	4171
f 4122 	4170 	4171
f 4124 	4123 	4172
f 4123 	4171 	4172
f 4125 	4124 	4173
f 4124 	4172 	4173
f 4126 	4125 	4174
f 4125 	4173 	4174
f 4127 	4126 	4175
f 4126 	4174 	4175
f 4128 	4127 	4176
f 4127 	4175 	4176
f 4129 	4128 	4177
f 4128 	4176 	4177
f 4130 	4129 	4178
f 4129 	4177 	4178
f 4131 	4130 	4179
f 4130 	4178 	4179
f 4132 	4131 	4180
f 4131 	4179 	4180
f 4133 	4132 	4181
f 4132 	4180 	4181
f 4134 	4133 	4182
f 4133 	4181 	4182
f 4135 	4134 	4183
f 4134 	4182 	4183
f 4136 	4135 	4184
f 4135 	4183 	4184
f 4137 	4136 	4185
f 4136 	4184 	4185
f 4138 	4137 	4186
f 4137 	4185 	4186
f 4139 	4138 	4187
f 4138 	4186 	4187
f 4140 	4139 	4188
f 4139 	4187 	4188
f 4141 	4140 	4189
f 4140 	4188 	4189
f 4095 	4141 	4143
f 4141 	4189 	4143
f 4142 	4143 	4190
f 4143 	4191 	4190
f 4144 	4142 	4192
f 4142 	4190 	4192
f 4145 	4144 	4193
f 4144 	4192 	4193
f 4146 	4145 	4194
f 4145 	4193 	4194
f 4147 	4146 	4195
f 4146 	4194 	4195
f 4148 	4147 	4196
f 4147 	4195 	4196
f 4149 	4148 	4197
f 4148 	4196 	4197
f 4150 	4149 	4198
f 4149 	4197 	4198
f 4151 	4150 	4199
f 4150 	4198 	4199
f 4152 	4151 	4200
f 4151 	4199 	4200
f 4153 	4152 	4201
f 4152 	4200 	4201
f 4154 	4153 	4202
f 4153 	4201 	4202
f 4155 	4154 	4203
f 4154 	4202 	4203
f 4156 	4155 	4204
f 4155 	4203 	4204
f 4157 	4156 	4205
f 4156 	4204 	4205
f 4158 	4157 	4206
f 4157 	4205 	4206
f 4159 	4158 	4207
f 4158 	4206 	4207
f 4160 	4159 	4208
f 4159 	4207 	4208
f 4161 	4160 	4209
f 4160 	4208 	4209
f 4162 	4161 	4210
f 4161 	4209 	4210
f 4163 	4162 	4211
f 4162 	4210 	4211
f 4164 	4163 	4212
f 4163 	4211 	4212
f 4165 	4164 	4213
f 4164 	4212 	4213
f 4166 	4165 	4214
f 4165 	4213 	4214
f 4167 	4166 	4215
f 4166 	4214 	4215
f 4168 	4167 	4216
f 4167 	4215 	4216
f 4169 	4168 	4217
f 4168 	4216 	4217
f 4170 	4169 	4218
f 4169 	4217 	4218
f 4171 	4170 	4219
f 4170 	4218 	4219
f 4172 	4171 	4220
f 4171 	4219 	4220
f 4173 	4172 	4221
f 4172 	4220 	4221
f 4174 	4173 	4222
f 4173 	4221 	4222
f 4175 	4174 	4223
f 4174 	4222 	4223
f 4176 	4175 	4224
f 4175 	4223 	4224
f 4177 	4176 	4225
f 4176 	4224 	4225
f 4178 	4177 	4226
f 4177 	4225 	4226
f 4179 	4178 	4227
f 4178 	4226 	4227
f 4180 	4179 	4228
f 4179 	4227 	4228
f 4181 	4180 	4229
f 4180 	4228 	4229
f 4182 	4181 	4230
f 4181 	4229 	4230
f 4183 	4182 	4231
f 4182 	4230 	4231
f 4184 	4183 	4232
f 4183 	4231 	4232
f 4185 	4184 	4233
f 4184 	4232 	4233
f 4186 	4185 	4234
f 4185 	4233 	4234
f 4187 	4186 	4235
f 4186 	4234 	4235
f 4188 	4187 	4236
f 4187 	4235 	4236
f 4189 	4188 	4237
f 4188 	4236 	4237
f 4143 	4189 	4191
f 4189 	4237 	4191
f 4190 	4191 	4238
f 4191 	4239 	4238
f 4192 	4190 	4240
f 4190 	4238 	4240
f 4193 	4192 	4241
f 4192 	4240 	4241
f 4194 	4193 	4242
f 4193 	4241 	4242
f 4195 	4194 	4243
f 4194 	4242 	4243
f 4196 	4195 	4244
f 4195 	4243 	4244
f 4197 	4196 	4245
f 4196 	4244 	4245
f 4198 	4197 	4246
f 4197 	4245 	4246
f 4199 	4198 	4247
f 4198 	4246 	4247
f 4200 	4199 	4248
f 4199 	4247 	4248
f 4201 	4200 	4249
f 4200 	4248 	4249
f 4202 	4201 	4250
f 4201 	4249 	4250
f 4203 	4202 	4251
f 4202 	4250 	4251
f 4204 	4203 	4252
f 4203 	4251 	4252
f 4205 	4204 	4253
f 4204 	4252 	4253
f 4206 	4205 	4254
f 4205 	4253 	4254
f 4207 	4206 	4255
f 4206 	4254 	4255
f 4208 	4207 	4256
f 4207 	4255 	4256
f 4209 	4208 	4257
f 4208 	4256 	4257
f 4210 	4209 	4258
f 4209 	4257 	4258
f 4211 	4210 	4259
f 4210 	4258 	4259
f 4212 	4211 	4260
f 4211 	4259 	4260
f 4213 	4212 	4261
f 4212 	4260 	4261
f 4214 	4213 	4262
f 4213 	4261 	4262
f 4215 	4214 	4263
f 4214 	4262 	4263
f 4216 	4215 	4264
f 4215 	4263 	4264
f 4217 	4216 	4265
f 4216 	4264 	4265
f 4218 	4217 	4266
f 4217 	4265 	4266
f 4219 	4218 	4267
f 4218 	4266 	4267
f 4220 	4219 	4268
f 4219 	4267 	4268
f 4221 	4220 	4269
f 4220 	4268 	4269
f 4222 	4221 	4270
f 4221 	4269 	4270
f 4223 	4222 	4271
f 4222 	4270 	4271
f 4224 	4223 	4272
f 4223 	4271 	4272
f 4225 	4224 	4273
f 4224 	4272 	4273
f 4226 	4225 	4274
f 4225 	4273 	4274
f 4227 	4226 	4275
f 4226 	4274 	4275
f 4228 	4227 	4276
f 4227 	4275 	4276
f 4229 	4228 	4277
f 4228 	4276 	4277
f 4230 	4229 	4278
f 4229 	4277 	4278
f 4231 	4230 	4279
f 4230 	4278 	4279
f 4232 	4231 	4280
f 4231 	4279 	4280
f 4233 	4232 	4281
f 4232 	4280 	4281
f 4234 	4233 	4282
f 4233 	4281 	4282
f 4235 	4234 	4283
f 4234 	4282 	4283
f 4236 	4235 	4284
f 4235 	4283 	4284
f 4237 	4236 	4285
f 4236 	4284 	4285
f 4191 	4237 	4239
f 4237 	4285 	4239
f 4238 	4239 	4286
f 4239 	4287 	4286
f 4240 	4238 	4288
f 4238 	4286 	4288
f 4241 	4240 	4289
f 4240 	4288 	4289
f 4242 	4241 	4290
f 4241 	4289 	4290
f 4243 	4242 	4291
f 4242 	4290 	4291
f 4244 	4243 	4292
f 4243 	4291 	4292
f 4245 	4244 	4293
f 4244 	4292 	4293
f 4246 	4245 	4294
f 4245 	4293 	4294
f 4247 	4246 	4295
f 4246 	4294 	4295
f 4248 	4247 	4296
f 4247 	4295 	4296
f 4249 	4248 	4297
f 4248 	4296 	4297
f 4250 	4249 	4298
f 4249 	4297 	4298
f 4251 	4250 	4299
f 4250 	4298 	4299
f 4252 	4251 	4300
f 4251 	4299 	4300
f 4253 	4252 	4301
f 4252 	4300 	4301
f 4254 	4253 	4302
f 4253 	4301 	4302
f 4255 	4254 	4303
f 4254 	4302 	4303
f 4256 	4255 	4304
f 4255 	4303 	4304
f 4257 	4256 	4305
f 4256 	4304 	4305
f 4258 	4257 	4306
f 4257 	4305 	4306
f 4259 	4258 	4307
f 4258 	4306 	4307
f 4260 	4259 	4308
f 4259 	4307 	4308
f 4261 	4260 	4309
f 4260 	4308 	4309
f 4262 	4261 	4310
f 4261 	4309 	4310
f 4263 	4262 	4311
f 4262 	4310 	4311
f 4264 	4263 	4312
f 4263 	4311 	4312
f 4265 	4264 	4313
f 4264 	4312 	4313
f 4266 	4265 	4314
f 4265 	4313 	4314
f 4267 	4266 	4315
f 4266 	4314 	4315
f 4268 	4267 	4316
f 4267 	4315 	4316
f 4269 	4268 	4317
f 4268 	4316 	4317
f 4270 	4269 	4318
f 4269 	4317 	4318
f 4271 	4270 	4319
f 4270 	4318 	4319
f 4272 	4271 	4320
f 4271 	4319 	4320
f 4273 	4272 	4321
f 4272 	4320 	4321
f 4274 	4273 	4322
f 4273 	4321 	4322
f 4275 	4274 	4323
f 4274 	4322 	4323
f 4276 	4275 	4324
f 4275 	4323 	4324
f 4277 	4276 	4325
f 4276 	4324 	4325
f 4278 	4277 	4326
f 4277 	4325 	4326
f 4279 	4278 	4327
f 4278 	4326 	4327
f 4280 	4279 	4328
f 4279 	4327 	4328
f 4281 	4280 	4329
f 4280 	4328 	4329
f 4282 	4281 	4330
f 4281 	4329 	4330
f 4283 	4282 	4331
f 4282 	4330 	4331
f 4284 	4283 	4332
f 4283 	4331 	4332
f 4285 	4284 	4333
f 4284 	4332 	4333
f 4239 	4285 	4287
f 4285 	4333 	4287
f 4286 	4287 	4334
f 4287 	4335 	4334
f 4288 	4286 	4336
f 4286 	4334 	4336
f 4289 	4288 	4337
f 4288 	4336 	4337
f 4290 	4289 	4338
f 4289 	4337 	4338
f 4291 	4290 	4339
f 4290 	4338 	4339
f 4292 	4291 	4340
f 4291 	4339 	4340
f 4293 	4292 	4341
f 4292 	4340 	4341
f 4294 	4293 	4342
f 4293 	4341 	4342
f 4295 	4294 	4343
f 4294 	4342 	4343
f 4296 	4295 	4344
f 4295 	4343 	4344
f 4297 	4296 	4345
f 4296 	4344 	4345
f 4298 	4297 	4346
f 4297 	4345 	4346
f 4299 	4298 	4347
f 4298 	4346 	4347
f 4300 	4299 	4348
f 4299 	4347 	4348
f 4301 	4300 	4349
f 4300 	4348 	4349
f 4302 	4301 	4350
f 4301 	4349 	4350
f 4303 	4302 	4351
f 4302 	4350 	4351
f 4304 	4303 	4352
f 4303 	4351 	4352
f 4305 	4304 	4353
f 4304 	4352 	4353
f 4306 	4305 	4354
f 4305 	4353 	4354
f 4307 	4306 	4355
f 4306 	4354 	4355
f 4308 	4307 	4356
f 4307 	4355 	4356
f 4309 	4308 	4357
f 4308 	4356 	4357
f 4310 	4309 	4358
f 4309 	4357 	4358
f 4311 	4310 	4359
f 4310 	4358 	4359
f 4312 	4311 	4360
f 4311 	4359 	4360
f 4313 	4312 	4361
f 4312 	4360 	4361
f 4314 	4313 	4362
f 4313 	4361 	4362
f 4315 	4314 	4363
f 4314 	4362 	4363
f 4316 	4315 	4364
f 4315 	4363 	4364
f 4317 	4316 	4365
f 4316 	4364 	4365
f 4318 	4317 	4366
f 4317 	4365 	4366
f 4319 	4318 	4367
f 4318 	4366 	4367
f 4320 	4319 	4368
f 4319 	4367 	4368
f 4321 	4320 	4369
f 4320 	4368 	4369
f 4322 	4321 	4370
f 4321 	4369 	4370
f 4323 	4322 	4371
f 4322 	4370 	4371
f 4324 	4323 	4372
f 4323 	4371 	4372
f 4325 	4324 	4373
f 4324 	4372 	4373
f 4326 	4325 	4374
f 4325 	4373 	4374
f 4327 	4326 	4375
f 4326 	4374 	4375
f 4328 	4327 	4376
f 4327 	4375 	4376
f 4329 	4328 	4377
f 4328 	4376 	4377
f 4330 	4329 	4378
f 4329 	4377 	4378
f 4331 	4330 	4379
f 4330 	4378 	4379
f 4332 	4331 	4380
f 4331 	4379 	4380
f 4333 	4332 	4381
f 4332 	4380 	4381
f 4287 	4333 	4335
f 4333 	4381 	4335
f 4334 	4335 	4382
f 4335 	4383 	4382
f 4336 	4334 	4384
f 4334 	4382 	4384
f 4337 	4336 	4385
f 4336 	4384 	4385
f 4338 	4337 	4386
f 4337 	4385 	4386
f 4339 	4338 	4387
f 4338 	4386 	4387
f 4340 	4339 	4388
f 4339 	4387 	4388
f 4341 	4340 	4389
f 4340 	4388 	4389
f 4342 	4341 	4390
f 4341 	4389 	4390
f 4343 	4342 	4391
f 4342 	4390 	4391
f 4344 	4343 	4392
f 4343 	4391 	4392
f 4345 	4344 	4393
f 4344 	4392 	4393
f 4346 	4345 	4394
f 4345 	4393 	4394
f 4347 	4346 	4395
f 4346 	4394 	4395
f 4348 	4347 	4396
f 4347 	4395 	4396
f 4349 	4348 	4397
f 4348 	4396 	4397
f 4350 	4349 	4398
f 4349 	4397 	4398
f 4351 	4350 	4399
f 4350 	4398 	4399
f 4352 	4351 	4400
f 4351 	4399 	4400
f 4353 	4352 	4401
f 4352 	4400 	4401
f 4354 	4353 	4402
f 4353 	4401 	4402
f 4355 	4354 	4403
f 4354 	4402 	4403
f 4356 	4355 	4404
f 4355 	4403 	4404
f 4357 	4356 	4405
f 4356 	4404 	4405
f 4358 	4357 	4406
f 4357 	4405 	4406
f 4359 	4358 	4407
f 4358 	4406 	4407
f 4360 	4359 	4408
f 4359 	4407 	4408
f 4361 	4360 	4409
f 4360 	4408 	4409
f 4362 	4361 	4410
f 4361 	4409 	4410
f 4363 	4362 	4411
f 4362 	4410 	4411
f 4364 	4363 	4412
f 4363 	4411 	4412
f 4365 	4364 	4413
f 4364 	4412 	4413
f 4366 	4365 	4414
f 4365 	4413 	4414
f 4367 	4366 	4415
f 4366 	4414 	4415
f 4368 	4367 	4416
f 4367 	4415 	4416
f 4369 	4368 	4417
f 4368 	4416 	4417
f 4370 	4369 	4418
f 4369 	4417 	4418
f 4371 	4370 	4419
f 4370 	4418 	4419
f 4372 	4371 	4420
f 4371 	4419 	4420
f 4373 	4372 	4421
f 4372 	4420 	4421
f 4374 	4373 	4422
f 4373 	4421 	4422
f 4375 	4374 	4423
f 4374 	4422 	4423
f 4376 	4375 	4424
f 4375 	4423 	4424
f 4377 	4376 	4425
f 4376 	4424 	4425
f 4378 	4377 	4426
f 4377 	4425 	4426
f 4379 	4378 	4427
f 4378 	4426 	4427
f 4380 	4379 	4428
f 4379 	4427 	4428
f 4381 	4380 	4429
f 4380 	4428 	4429
f 4335 	4381 	4383
f 4381 	4429 	4383
f 4382 	4383 	4430
f 4383 	4431 	4430
f 4384 	4382 	4432
f 4382 	4430 	4432
f 4385 	4384 	4433
f 4384 	4432 	4433
f 4386 	4385 	4434
f 4385 	4433 	4434
f 4387 	4386 	4435
f 4386 	4434 	4435
f 4388 	4387 	4436
f 4387 	4435 	4436
f 4389 	4388 	4437
f 4388 	4436 	4437
f 4390 	4389 	4438
f 4389 	4437 	4438
f 4391 	4390 	4439
f 4390 	4438 	4439
f 4392 	4391 	4440
f 4391 	4439 	4440
f 4393 	4392 	4441
f 4392 	4440 	4441
f 4394 	4393 	4442
f 4393 	4441 	4442
f 4395 	4394 	4443
f 4394 	4442 	4443
f 4396 	4395 	4444
f 4395 	4443 	4444
f 4397 	4396 	4445
f 4396 	4444 	4445
f 4398 	4397 	4446
f 4397 	4445 	4446
f 4399 	4398 	4447
f 4398 	4446 	4447
f 4400 	4399 	4448
f 4399 	4447 	4448
f 4401 	4400 	4449
f 4400 	4448 	4449
f 4402 	4401 	4450
f 4401 	4449 	4450
f 4403 	4402 	4451
f 4402 	4450 	4451
f 4404 	4403 	4452
f 4403 	4451 	4452
f 4405 	4404 	4453
f 4404 	4452 	4453
f 4406 	4405 	4454
f 4405 	4453 	4454
f 4407 	4406 	4455
f 4406 	4454 	4455
f 4408 	4407 	4456
f 4407 	4455 	4456
f 4409 	4408 	4457
f 4408 	4456 	4457
f 4410 	4409 	4458
f 4409 	4457 	4458
f 4411 	4410 	4459
f 4410 	4458 	4459
f 4412 	4411 	4460
f 4411 	4459 	4460
f 4413 	4412 	4461
f 4412 	4460 	4461
f 4414 	4413 	4462
f 4413 	4461 	4462
f 4415 	4414 	4463
f 4414 	4462 	4463
f 4416 	4415 	4464
f 4415 	4463 	4464
f 4417 	4416 	4465
f 4416 	4464 	4465
f 4418 	4417 	4466
f 4417 	4465 	4466
f 4419 	4418 	4467
f 4418 	4466 	4467
f 4420 	4419 	4468
f 4419 	4467 	4468
f 4421 	4420 	4469
f 4420 	4468 	4469
f 4422 	4421 	4470
f 4421 	4469 	4470
f 4423 	4422 	4471
f 4422 	4470 	4471
f 4424 	4423 	4472
f 4423 	4471 	4472
f 4425 	4424 	4473
f 4424 	4472 	4473
f 4426 	4425 	4474
f 4425 	4473 	4474
f 4427 	4426 	4475
f 4426 	4474 	4475
f 4428 	4427 	4476
f 4427 	4475 	4476
f 4429 	4428 	4477
f 4428 	4476 	4477
f 4383 	4429 	4431
f 4429 	4477 	4431
f 4430 	4431 	4478
f 4431 	4479 	4478
f 4432 	4430 	4480
f 4430 	4478 	4480
f 4433 	4432 	4481
f 4432 	4480 	4481
f 4434 	4433 	4482
f 4433 	4481 	4482
f 4435 	4434 	4483
f 4434 	4482 	4483
f 4436 	4435 	4484
f 4435 	4483 	4484
f 4437 	4436 	4485
f 4436 	4484 	4485
f 4438 	4437 	4486
f 4437 	4485 	4486
f 4439 	4438 	4487
f 4438 	4486 	4487
f 4440 	4439 	4488
f 4439 	4487 	4488
f 4441 	4440 	4489
f 4440 	4488 	4489
f 4442 	4441 	4490
f 4441 	4489 	4490
f 4443 	4442 	4491
f 4442 	4490 	4491
f 4444 	4443 	4492
f 4443 	4491 	4492
f 4445 	4444 	4493
f 4444 	4492 	4493
f 4446 	4445 	4494
f 4445 	4493 	4494
f 4447 	4446 	4495
f 4446 	4494 	4495
f 4448 	4447 	4496
f 4447 	4495 	4496
f 4449 	4448 	4497
f 4448 	4496 	4497
f 4450 	4449 	4498
f 4449 	4497 	4498
f 4451 	4450 	4499
f 4450 	4498 	4499
f 4452 	4451 	4500
f 4451 	4499 	4500
f 4453 	4452 	4501
f 4452 	4500 	4501
f 4454 	4453 	4502
f 4453 	4501 	4502
f 4455 	4454 	4503
f 4454 	4502 	4503
f 4456 	4455 	4504
f 4455 	4503 	4504
f 4457 	4456 	4505
f 4456 	4504 	4505
f 4458 	4457 	4506
f 4457 	4505 	4506
f 4459 	4458 	4507
f 4458 	4506 	4507
f 4460 	4459 	4508
f 4459 	4507 	4508
f 4461 	4460 	4509
f 4460 	4508 	4509
f 4462 	4461 	4510
f 4461 	4509 	4510
f 4463 	4462 	4511
f 4462 	4510 	4511
f 4464 	4463 	4512
f 4463 	4511 	4512
f 4465 	4464 	4513
f 4464 	4512 	4513
f 4466 	4465 	4514
f 4465 	4513 	4514
f 4467 	4466 	4515
f 4466 	4514 	4515
f 4468 	4467 	4516
f 4467 	4515 	4516
f 4469 	4468 	4517
f 4468 	4516 	4517
f 4470 	4469 	4518
f 4469 	4517 	4518
f 4471 	4470 	4519
f 4470 	4518 	4519
f 4472 	4471 	4520
f 4471 	4519 	4520
f 4473 	4472 	4521
f 4472 	4520 	4521
f 4474 	4473 	4522
f 4473 	4521 	4522
f 4475 	4474 	4523
f 4474 	4522 	4523
f 4476 	4475 	4524
f 4475 	4523 	4524
f 4477 	4476 	4525
f 4476 	4524 	4525
f 4431 	4477 	4479
f 4477 	4525 	4479
f 4478 	4479 	4526
f 4479 	4527 	4526
f 4480 	4478 	4528
f 4478 	4526 	4528
f 4481 	4480 	4529
f 4480 	4528 	4529
f 4482 	4481 	4530
f 4481 	4529 	4530
f 4483 	4482 	4531
f 4482 	4530 	4531
f 4484 	4483 	4532
f 4483 	4531 	4532
f 4485 	4484 	4533
f 4484 	4532 	4533
f 4486 	4485 	4534
f 4485 	4533 	4534
f 4487 	4486 	4535
f 4486 	4534 	4535
f 4488 	4487 	4536
f 4487 	4535 	4536
f 4489 	4488 	4537
f 4488 	4536 	4537
f 4490 	4489 	4538
f 4489 	4537 	4538
f 4491 	4490 	4539
f 4490 	4538 	4539
f 4492 	4491 	4540
f 4491 	4539 	4540
f 4493 	4492 	4541
f 4492 	4540 	4541
f 4494 	4493 	4542
f 4493 	4541 	4542
f 4495 	4494 	4543
f 4494 	4542 	4543
f 4496 	4495 	4544
f 4495 	4543 	4544
f 4497 	4496 	4545
f 4496 	4544 	4545
f 4498 	4497 	4546
f 4497 	4545 	4546
f 4499 	4498 	4547
f 4498 	4546 	4547
f 4500 	4499 	4548
f 4499 	4547 	4548
f 4501 	4500 	4549
f 4500 	4548 	4549
f 4502 	4501 	4550
f 4501 	4549 	4550
f 4503 	4502 	4551
f 4502 	4550 	4551
f 4504 	4503 	4552
f 4503 	4551 	4552
f 4505 	4504 	4553
f 4504 	4552 	4553
f 4506 	4505 	4554
f 4505 	4553 	4554
f 4507 	4506 	4555
f 4506 	4554 	4555
f 4508 	4507 	4556
f 4507 	4555 	4556
f 4509 	4508 	4557
f 4508 	4556 	4557
f 4510 	4509 	4558
f 4509 	4557 	4558
f 4511 	4510 	4559
f 4510 	4558 	4559
f 4512 	4511 	4560
f 4511 	4559 	4560
f 4513 	4512 	4561
f 4512 	4560 	4561
f 4514 	4513 	4562
f 4513 	4561 	4562
f 4515 	4514 	4563
f 4514 	4562 	4563
f 4516 	4515 	4564
f 4515 	4563 	4564
f 4517 	4516 	4565
f 4516 	4564 	4565
f 4518 	4517 	4566
f 4517 	4565 	4566
f 4519 	4518 	4567
f 4518 	4566 	4567
f 4520 	4519 	4568
f 4519 	4567 	4568
f 4521 	4520 	4569
f 4520 	4568 	4569
f 4522 	4521 	4570
f 4521 	4569 	4570
f 4523 	4522 	4571
f 4522 	4570 	4571
f 4524 	4523 	4572
f 4523 	4571 	4572
f 4525 	4524 	4573
f 4524 	4572 	4573
f 4479 	4525 	4527
f 4525 	4573 	4527
f 4526 	4527 	4574
f 4527 	4575 	4574
f 4528 	4526 	4576
f 4526 	4574 	4576
f 4529 	4528 	4577
f 4528 	4576 	4577
f 4530 	4529 	4578
f 4529 	4577 	4578
f 4531 	4530 	4579
f 4530 	4578 	4579
f 4532 	4531 	4580
f 4531 	4579 	4580
f 4533 	4532 	4581
f 4532 	4580 	4581
f 4534 	4533 	4582
f 4533 	4581 	4582
f 4535 	4534 	4583
f 4534 	4582 	4583
f 4536 	4535 	4584
f 4535 	4583 	4584
f 4537 	4536 	4585
f 4536 	4584 	4585
f 4538 	4537 	4586
f 4537 	4585 	4586
f 4539 	4538 	4587
f 4538 	4586 	4587
f 4540 	4539 	4588
f 4539 	4587 	4588
f 4541 	4540 	4589
f 4540 	4588 	4589
f 4542 	4541 	4590
f 4541 	4589 	4590
f 4543 	4542 	4591
f 4542 	4590 	4591
f 4544 	4543 	4592
f 4543 	4591 	4592
f 4545 	4544 	4593
f 4544 	4592 	4593
f 4546 	4545 	4594
f 4545 	4593 	4594
f 4547 	4546 	4595
f 4546 	4594 	4595
f 4548 	4547 	4596
f 4547 	4595 	4596
f 4549 	4548 	4597
f 4548 	4596 	4597
f 4550 	4549 	4598
f 4549 	4597 	4598
f 4551 	4550 	4599
f 4550 	4598 	4599
f 4552 	4551 	4600
f 4551 	4599 	4600
f 4553 	4552 	4601
f 4552 	4600 	4601
f 4554 	4553 	4602
f 4553 	4601 	4602
f 4555 	4554 	4603
f 4554 	4602 	4603
f 4556 	4555 	4604
f 4555 	4603 	4604
f 4557 	4556 	4605
f 4556 	4604 	4605
f 4558 	4557 	4606
f 4557 	4605 	4606
f 4559 	4558 	4607
f 4558 	4606 	4607
f 4560 	4559 	4608
f 4559 	4607 	4608
f 4561 	4560 	4609
f 4560 	4608 	4609
f 4562 	4561 	4610
f 4561 	4609 	4610
f 4563 	4562 	4611
f 4562 	4610 	4611
f 4564 	4563 	4612
f 4563 	4611 	4612
f 4565 	4564 	4613
f 4564 	4612 	4613
f 4566 	4565 	4614
f 4565 	4613 	4614
f 4567 	4566 	4615
f 4566 	4614 	4615
f 4568 	4567 	4616
f 4567 	4615 	4616
f 4569 	4568 	4617
f 4568 	4616 	4617
f 4570 	4569 	4618
f 4569 	4617 	4618
f 4571 	4570 	4619
f 4570 	4618 	4619
f 4572 	4571 	4620
f 4571 	4619 	4620
f 4573 	4572 	4621
f 4572 	4620 	4621
f 4527 	4573 	4575
f 4573 	4621 	4575
f 4574 	4575 	4622
f 4575 	4623 	4622
f 4576 	4574 	4624
f 4574 	4622 	4624
f 4577 	4576 	4625
f 4576 	4624 	4625
f 4578 	4577 	4626
f 4577 	4625 	4626
f 4579 	4578 	4627
f 4578 	4626 	4627
f 4580 	4579 	4628
f 4579 	4627 	4628
f 4581 	4580 	4629
f 4580 	4628 	4629
f 4582 	4581 	4630
f 4581 	4629 	4630
f 4583 	4582 	4631
f 4582 	4630 	4631
f 4584 	4583 	4632
f 4583 	4631 	4632
f 4585 	4584 	4633
f 4584 	4632 	4633
f 4586 	4585 	4634
f 4585 	4633 	4634
f 4587 	4586 	4635
f 4586 	4634 	4635
f 4588 	4587 	4636
f 4587 	4635 	4636
f 4589 	4588 	4637
f 4588 	4636 	4637
f 4590 	4589 	4638
f 4589 	4637 	4638
f 4591 	4590 	4639
f 4590 	4638 	4639
f 4592 	4591 	4640
f 4591 	4639 	4640
f 4593 	4592 	4641
f 4592 	4640 	4641
f 4594 	4593 	4642
f 4593 	4641 	4642
f 4595 	4594 	4643
f 4594 	4642 	4643
f 4596 	4595 	4644
f 4595 	4643 	4644
f 4597 	4596 	4645
f 4596 	4644 	4645
f 4598 	4597 	4646
f 4597 	4645 	4646
f 4599 	4598 	4647
f 4598 	4646 	4647
f 4600 	4599 	4648
f 4599 	4647 	4648
f 4601 	4600 	4649
f 4600 	4648 	4649
f 4602 	4601 	4650
f 4601 	4649 	4650
f 4603 	4602 	4651
f 4602 	4650 	4651
f 4604 	4603 	4652
f 4603 	4651 	4652
f 4605 	4604 	4653
f 4604 	4652 	4653
f 4606 	4605 	4654
f 4605 	4653 	4654
f 4607 	4606 	4655
f 4606 	4654 	4655
f 4608 	4607 	4656
f 4607 	4655 	4656
f 4609 	4608 	4657
f 4608 	4656 	4657
f 4610 	4609 	4658
f 4609 	4657 	4658
f 4611 	4610 	4659
f 4610 	4658 	4659
f 4612 	4611 	4660
f 4611 	4659 	4660
f 4613 	4612 	4661
f 4612 	4660 	4661
f 4614 	4613 	4662
f 4613 	4661 	4662
f 4615 	4614 	4663
f 4614 	4662 	4663
f 4616 	4615 	4664
f 4615 	4663 	4664
f 4617 	4616 	4665
f 4616 	4664 	4665
f 4618 	4617 	4666
f 4617 	4665 	4666
f 4619 	4618 	4667
f 4618 	4666 	4667
f 4620 	4619 	4668
f 4619 	4667 	4668
f 4621 	4620 	4669
f 4620 	4668 	4669
f 4575 	4621 	4623
f 4621 	4669 	4623
f 4622 	4623 	4670
f 4623 	4671 	4670
f 4624 	4622 	4672
f 4622 	4670 	4672
f 4625 	4624 	4673
f 4624 	4672 	4673
f 4626 	4625 	4674
f 4625 	4673 	4674
f 4627 	4626 	4675
f 4626 	4674 	4675
f 4628 	4627 	4676
f 4627 	4675 	4676
f 4629 	4628 	4677
f 4628 	4676 	4677
f 4630 	4629 	4678
f 4629 	4677 	4678
f 4631 	4630 	4679
f 4630 	4678 	4679
f 4632 	4631 	4680
f 4631 	4679 	4680
f 4633 	4632 	4681
f 4632 	4680 	4681
f 4634 	4633 	4682
f 4633 	4681 	4682
f 4635 	4634 	4683
f 4634 	4682 	4683
f 4636 	4635 	4684
f 4635 	4683 	4684
f 4637 	4636 	4685
f 4636 	4684 	4685
f 4638 	4637 	4686
f 4637 	4685 	4686
f 4639 	4638 	4687
f 4638 	4686 	4687
f 4640 	4639 	4688
f 4639 	4687 	4688
f 4641 	4640 	4689
f 4640 	4688 	4689
f 4642 	4641 	4690
f 4641 	4689 	4690
f 4643 	4642 	4691
f 4642 	4690 	4691
f 4644 	4643 	4692
f 4643 	4691 	4692
f 4645 	4644 	4693
f 4644 	4692 	4693
f 4646 	4645 	4694
f 4645 	4693 	4694
f 4647 	4646 	4695
f 4646 	4694 	4695
f 4648 	4647 	4696
f 4647 	4695 	4696
f 4649 	4648 	4697
f 4648 	4696 	4697
f 4650 	4649 	4698
f 4649 	4697 	4698
f 4651 	4650 	4699
f 4650 	4698 	4699
f 4652 	4651 	4700
f 4651 	4699 	4700
f 4653 	4652 	4701
f 4652 	4700 	4701
f 4654 	4653 	4702
f 4653 	4701 	4702
f 4655 	4654 	4703
f 4654 	4702 	4703
f 4656 	4655 	4704
f 4655 	4703 	4704
f 4657 	4656 	4705
f 4656 	4704 	4705
f 4658 	4657 	4706
f 4657 	4705 	4706
f 4659 	4658 	4707
f 4658 	4706 	4707
f 4660 	4659 	4708
f 4659 	4707 	4708
f 4661 	4660 	4709
f 4660 	4708 	4709
f 4662 	4661 	4710
f 4661 	4709 	4710
f 4663 	4662 	4711
f 4662 	4710 	4711
f 4664 	4663 	4712
f 4663 	4711 	4712
f 4665 	4664 	4713
f 4664 	4712 	4713
f 4666 	4665 	4714
f 4665 	4713 	4714
f 4667 	4666 	4715
f 4666 	4714 	4715
f 4668 	4667 	4716
f 4667 	4715 	4716
f 4669 	4668 	4717
f 4668 	4716 	4717
f 4623 	4669 	4671
f 4669 	4717 	4671
f 4670 	4671 	4718
f 4671 	4719 	4718
f 4672 	4670 	4720
f 4670 	4718 	4720
f 4673 	4672 	4721
f 4672 	4720 	4721
f 4674 	4673 	4722
f 4673 	4721 	4722
f 4675 	4674 	4723
f 4674 	4722 	4723
f 4676 	4675 	4724
f 4675 	4723 	4724
f 4677 	4676 	4725
f 4676 	4724 	4725
f 4678 	4677 	4726
f 4677 	4725 	4726
f 4679 	4678 	4727
f 4678 	4726 	4727
f 4680 	4679 	4728
f 4679 	4727 	4728
f 4681 	4680 	4729
f 4680 	4728 	4729
f 4682 	4681 	4730
f 4681 	4729 	4730
f 4683 	4682 	4731
f 4682 	4730 	4731
f 4684 	4683 	4732
f 4683 	4731 	4732
f 4685 	4684 	4733
f 4684 	4732 	4733
f 4686 	4685 	4734
f 4685 	4733 	4734
f 4687 	4686 	4735
f 4686 	4734 	4735
f 4688 	4687 	4736
f 4687 	4735 	4736
f 4689 	4688 	4737
f 4688 	4736 	4737
f 4690 	4689 	4738
f 4689 	4737 	4738
f 4691 	4690 	4739
f 4690 	4738 	4739
f 4692 	4691 	4740
f 4691 	4739 	4740
f 4693 	4692 	4741
f 4692 	4740 	4741
f 4694 	4693 	4742
f 4693 	4741 	4742
f 4695 	4694 	4743
f 4694 	4742 	4743
f 4696 	4695 	4744
f 4695 	4743 	4744
f 4697 	4696 	4745
f 4696 	4744 	4745
f 4698 	4697 	4746
f 4697 	4745 	4746
f 4699 	4698 	4747
f 4698 	4746 	4747
f 4700 	4699 	4748
f 4699 	4747 	4748
f 4701 	4700 	4749
f 4700 	4748 	4749
f 4702 	4701 	4750
f 4701 	4749 	4750
f 4703 	4702 	4751
f 4702 	4750 	4751
f 4704 	4703 	4752
f 4703 	4751 	4752
f 4705 	4704 	4753
f 4704 	4752 	4753
f 4706 	4705 	4754
f 4705 	4753 	4754
f 4707 	4706 	4755
f 4706 	4754 	4755
f 4708 	4707 	4756
f 4707 	4755 	4756
f 4709 	4708 	4757
f 4708 	4756 	4757
f 4710 	4709 	4758
f 4709 	4757 	4758
f 4711 	4710 	4759
f 4710 	4758 	4759
f 4712 	4711 	4760
f 4711 	4759 	4760
f 4713 	4712 	4761
f 4712 	4760 	4761
f 4714 	4713 	4762
f 4713 	4761 	4762
f 4715 	4714 	4763
f 4714 	4762 	4763
f 4716 	4715 	4764
f 4715 	4763 	4764
f 4717 	4716 	4765
f 4716 	4764 	4765
f 4671 	4717 	4719
f 4717 	4765 	4719
f 4718 	4719 	4766
f 4719 	4767 	4766
f 4720 	4718 	4768
f 4718 	4766 	4768
f 4721 	4720 	4769
f 4720 	4768 	4769
f 4722 	4721 	4770
f 4721 	4769 	4770
f 4723 	4722 	4771
f 4722 	4770 	4771
f 4724 	4723 	4772
f 4723 	4771 	4772
f 4725 	4724 	4773
f 4724 	4772 	4773
f 4726 	4725 	4774
f 4725 	4773 	4774
f 4727 	4726 	4775
f 4726 	4774 	4775
f 4728 	4727 	4776
f 4727 	4775 	4776
f 4729 	4728 	4777
f 4728 	4776 	4777
f 4730 	4729 	4778
f 4729 	4777 	4778
f 4731 	4730 	4779
f 4730 	4778 	4779
f 4732 	4731 	4780
f 4731 	4779 	4780
f 4733 	4732 	4781
f 4732 	4780 	4781
f 4734 	4733 	4782
f 4733 	4781 	4782
f 4735 	4734 	4783
f 4734 	4782 	4783
f 4736 	4735 	4784
f 4735 	4783 	4784
f 4737 	4736 	4785
f 4736 	4784 	4785
f 4738 	4737 	4786
f 4737 	4785 	4786
f 4739 	4738 	4787
f 4738 	4786 	4787
f 4740 	4739 	4788
f 4739 	4787 	4788
f 4741 	4740 	4789
f 4740 	4788 	4789
f 4742 	4741 	4790
f 4741 	4789 	4790
f 4743 	4742 	4791
f 4742 	4790 	4791
f 4744 	4743 	4792
f 4743 	4791 	4792
f 4745 	4744 	4793
f 4744 	4792 	4793
f 4746 	4745 	4794
f 4745 	4793 	4794
f 4747 	4746 	4795
f 4746 	4794 	4795
f 4748 	4747 	4796
f 4747 	4795 	4796
f 4749 	4748 	4797
f 4748 	4796 	4797
f 4750 	4749 	4798
f 4749 	4797 	4798
f 4751 	4750 	4799
f 4750 	4798 	4799
f 4752 	4751 	4800
f 4751 	4799 	4800
f 4753 	4752 	4801
f 4752 	4800 	4801
f 4754 	4753 	4802
f 4753 	4801 	4802
f 4755 	4754 	4803
f 4754 	4802 	4803
f 4756 	4755 	4804
f 4755 	4803 	4804
f 4757 	4756 	4805
f 4756 	4804 	4805
f 4758 	4757 	4806
f 4757 	4805 	4806
f 4759 	4758 	4807
f 4758 	4806 	4807
f 4760 	4759 	4808
f 4759 	4807 	4808
f 4761 	4760 	4809
f 4760 	4808 	4809
f 4762 	4761 	4810
f 4761 	4809 	4810
f 4763 	4762 	4811
f 4762 	4810 	4811
f 4764 	4763 	4812
f 4763 	4811 	4812
f 4765 	4764 	4813
f 4764 	4812 	4813
f 4719 	4765 	4767
f 4765 	4813 	4767
f 4766 	4767 	4814
f 4767 	4815 	4814
f 4768 	4766 	4816
f 4766 	4814 	4816
f 4769 	4768 	4817
f 4768 	4816 	4817
f 4770 	4769 	4818
f 4769 	4817 	4818
f 4771 	4770 	4819
f 4770 	4818 	4819
f 4772 	4771 	4820
f 4771 	4819 	4820
f 4773 	4772 	4821
f 4772 	4820 	4821
f 4774 	4773 	4822
f 4773 	4821 	4822
f 4775 	4774 	4823
f 4774 	4822 	4823
f 4776 	4775 	4824
f 4775 	4823 	4824
f 4777 	4776 	4825
f 4776 	4824 	4825
f 4778 	4777 	4826
f 4777 	4825 	4826
f 4779 	4778 	4827
f 4778 	4826 	4827
f 4780 	4779 	4828
f 4779 	4827 	4828
f 4781 	4780 	4829
f 4780 	4828 	4829
f 4782 	4781 	4830
f 4781 	4829 	4830
f 4783 	4782 	4831
f 4782 	4830 	4831
f 4784 	4783 	4832
f 4783 	4831 	4832
f 4785 	4784 	4833
f 4784 	4832 	4833
f 4786 	4785 	4834
f 4785 	4833 	4834
f 4787 	4786 	4835
f 4786 	4834 	4835
f 4788 	4787 	4836
f 4787 	4835 	4836
f 4789 	4788 	4837
f 4788 	4836 	4837
f 4790 	4789 	4838
f 4789 	4837 	4838
f 4791 	4790 	4839
f 4790 	4838 	4839
f 4792 	4791 	4840
f 4791 	4839 	4840
f 4793 	4792 	4841
f 4792 	4840 	4841
f 4794 	4793 	4842
f 4793 	4841 	4842
f 4795 	4794 	4843
f 4794 	4842 	4843
f 4796 	4795 	4844
f 4795 	4843 	4844
f 4797 	4796 	4845
f 4796 	4844 	4845
f 4798 	4797 	4846
f 4797 	4845 	4846
f 4799 	4798 	4847
f 4798 	4846 	4847
f 4800 	4799 	4848
f 4799 	4847 	4848
f 4801 	4800 	4849
f 4800 	4848 	4849
f 4802 	4801 	4850
f 4801 	4849 	4850
f 4803 	4802 	4851
f 4802 	4850 	4851
f 4804 	4803 	4852
f 4803 	4851 	4852
f 4805 	4804 	4853
f 4804 	4852 	4853
f 4806 	4805 	4854
f 4805 	4853 	4854
f 4807 	4806 	4855
f 4806 	4854 	4855
f 4808 	4807 	4856
f 4807 	4855 	4856
f 4809 	4808 	4857
f 4808 	4856 	4857
f 4810 	4809 	4858
f 4809 	4857 	4858
f 4811 	4810 	4859
f 4810 	4858 	4859
f 4812 	4811 	4860
f 4811 	4859 	4860
f 4813 	4812 	4861
f 4812 	4860 	4861
f 4767 	4813 	4815
f 4813 	4861 	4815
f 4814 	4815 	4862
f 4815 	4863 	4862
f 4816 	4814 	4864
f 4814 	4862 	4864
f 4817 	4816 	4865
f 4816 	4864 	4865
f 4818 	4817 	4866
f 4817 	4865 	4866
f 4819 	4818 	4867
f 4818 	4866 	4867
f 4820 	4819 	4868
f 4819 	4867 	4868
f 4821 	4820 	4869
f 4820 	4868 	4869
f 4822 	4821 	4870
f 4821 	4869 	4870
f 4823 	4822 	4871
f 4822 	4870 	4871
f 4824 	4823 	4872
f 4823 	4871 	4872
f 4825 	4824 	4873
f 4824 	4872 	4873
f 4826 	4825 	4874
f 4825 	4873 	4874
f 4827 	4826 	4875
f 4826 	4874 	4875
f 4828 	4827 	4876
f 4827 	4875 	4876
f 4829 	4828 	4877
f 4828 	4876 	4877
f 4830 	4829 	4878
f 4829 	4877 	4878
f 4831 	4830 	4879
f 4830 	4878 	4879
f 4832 	4831 	4880
f 4831 	4879 	4880
f 4833 	4832 	4881
f 4832 	4880 	4881
f 4834 	4833 	4882
f 4833 	4881 	4882
f 4835 	4834 	4883
f 4834 	4882 	4883
f 4836 	4835 	4884
f 4835 	4883 	4884
f 4837 	4836 	4885
f 4836 	4884 	4885
f 4838 	4837 	4886
f 4837 	4885 	4886
f 4839 	4838 	4887
f 4838 	4886 	4887
f 4840 	4839 	4888
f 4839 	4887 	4888
f 4841 	4840 	4889
f 4840 	4888 	4889
f 4842 	4841 	4890
f 4841 	4889 	4890
f 4843 	4842 	4891
f 4842 	4890 	4891
f 4844 	4843 	4892
f 4843 	4891 	4892
f 4845 	4844 	4893
f 4844 	4892 	4893
f 4846 	4845 	4894
f 4845 	4893 	4894
f 4847 	4846 	4895
f 4846 	4894 	4895
f 4848 	4847 	4896
f 4847 	4895 	4896
f 4849 	4848 	4897
f 4848 	4896 	4897
f 4850 	4849 	4898
f 4849 	4897 	4898
f 4851 	4850 	4899
f 4850 	4898 	4899
f 4852 	4851 	4900
f 4851 	4899 	4900
f 4853 	4852 	4901
f 4852 	4900 	4901
f 4854 	4853 	4902
f 4853 	4901 	4902
f 4855 	4854 	4903
f 4854 	4902 	4903
f 4856 	4855 	4904
f 4855 	4903 	4904
f 4857 	4856 	4905
f 4856 	4904 	4905
f 4858 	4857 	4906
f 4857 	4905 	4906
f 4859 	4858 	4907
f 4858 	4906 	4907
f 4860 	4859 	4908
f 4859 	4907 	4908
f 4861 	4860 	4909
f 4860 	4908 	4909
f 4815 	4861 	4863
f 4861 	4909 	4863
f 4862 	4863 	4910
f 4863 	4911 	4910
f 4864 	4862 	4912
f 4862 	4910 	4912
f 4865 	4864 	4913
f 4864 	4912 	4913
f 4866 	4865 	4914
f 4865 	4913 	4914
f 4867 	4866 	4915
f 4866 	4914 	4915
f 4868 	4867 	4916
f 4867 	4915 	4916
f 4869 	4868 	4917
f 4868 	4916 	4917
f 4870 	4869 	4918
f 4869 	4917 	4918
f 4871 	4870 	4919
f 4870 	4918 	4919
f 4872 	4871 	4920
f 4871 	4919 	4920
f 4873 	4872 	4921
f 4872 	4920 	4921
f 4874 	4873 	4922
f 4873 	4921 	4922
f 4875 	4874 	4923
f 4874 	4922 	4923
f 4876 	4875 	4924
f 4875 	4923 	4924
f 4877 	4876 	4925
f 4876 	4924 	4925
f 4878 	4877 	4926
f 4877 	4925 	4926
f 4879 	4878 	4927
f 4878 	4926 	4927
f 4880 	4879 	4928
f 4879 	4927 	4928
f 4881 	4880 	4929
f 4880 	4928 	4929
f 4882 	4881 	4930
f 4881 	4929 	4930
f 4883 	4882 	4931
f 4882 	4930 	4931
f 4884 	4883 	4932
f 4883 	4931 	4932
f 4885 	4884 	4933
f 4884 	4932 	4933
f 4886 	4885 	4934
f 4885 	4933 	4934
f 4887 	4886 	4935
f 4886 	4934 	4935
f 4888 	4887 	4936
f 4887 	4935 	4936
f 4889 	4888 	4937
f 4888 	4936 	4937
f 4890 	4889 	4938
f 4889 	4937 	4938
f 4891 	4890 	4939
f 4890 	4938 	4939
f 4892 	4891 	4940
f 4891 	4939 	4940
f 4893 	4892 	4941
f 4892 	4940 	4941
f 4894 	4893 	4942
f 4893 	4941 	4942
f 4895 	4894 	4943
f 4894 	4942 	4943
f 4896 	4895 	4944
f 4895 	4943 	4944
f 4897 	4896 	4945
f 4896 	4944 	4945
f 4898 	4897 	4946
f 4897 	4945 	4946
f 4899 	4898 	4947
f 4898 	4946 	4947
f 4900 	4899 	4948
f 4899 	4947 	4948
f 4901 	4900 	4949
f 4900 	4948 	4949
f 4902 	4901 	4950
f 4901 	4949 	4950
f 4903 	4902 	4951
f 4902 	4950 	4951
f 4904 	4903 	4952
f 4903 	4951 	4952
f 4905 	4904 	4953
f 4904 	4952 	4953
f 4906 	4905 	4954
f 4905 	4953 	4954
f 4907 	4906 	4955
f 4906 	4954 	4955
f 4908 	4907 	4956
f 4907 	4955 	4956
f 4909 	4908 	4957
f 4908 	4956 	4957
f 4863 	4909 	4911
f 4909 	4957 	4911
f 4910 	4911 	4958
f 4911 	4959 	4958
f 4912 	4910 	4960
f 4910 	4958 	4960
f 4913 	4912 	4961
f 4912 	4960 	4961
f 4914 	4913 	4962
f 4913 	4961 	4962
f 4915 	4914 	4963
f 4914 	4962 	4963
f 4916 	4915 	4964
f 4915 	4963 	4964
f 4917 	4916 	4965
f 4916 	4964 	4965
f 4918 	4917 	4966
f 4917 	4965 	4966
f 4919 	4918 	4967
f 4918 	4966 	4967
f 4920 	4919 	4968
f 4919 	4967 	4968
f 4921 	4920 	4969
f 4920 	4968 	4969
f 4922 	4921 	4970
f 4921 	4969 	4970
f 4923 	4922 	4971
f 4922 	4970 	4971
f 4924 	4923 	4972
f 4923 	4971 	4972
f 4925 	4924 	4973
f 4924 	4972 	4973
f 4926 	4925 	4974
f 4925 	4973 	4974
f 4927 	4926 	4975
f 4926 	4974 	4975
f 4928 	4927 	4976
f 4927 	4975 	4976
f 4929 	4928 	4977
f 4928 	4976 	4977
f 4930 	4929 	4978
f 4929 	4977 	4978
f 4931 	4930 	4979
f 4930 	4978 	4979
f 4932 	4931 	4980
f 4931 	4979 	4980
f 4933 	4932 	4981
f 4932 	4980 	4981
f 4934 	4933 	4982
f 4933 	4981 	4982
f 4935 	4934 	4983
f 4934 	4982 	4983
f 4936 	4935 	4984
f 4935 	4983 	4984
f 4937 	4936 	4985
f 4936 	4984 	4985
f 4938 	4937 	4986
f 4937 	4985 	4986
f 4939 	4938 	4987
f 4938 	4986 	4987
f 4940 	4939 	4988
f 4939 	4987 	4988
f 4941 	4940 	4989
f 4940 	4988 	4989
f 4942 	4941 	4990
f 4941 	4989 	4990
f 4943 	4942 	4991
f 4942 	4990 	4991
f 4944 	4943 	4992
f 4943 	4991 	4992
f 4945 	4944 	4993
f 4944 	4992 	4993
f 4946 	4945 	4994
f 4945 	4993 	4994
f 4947 	4946 	4995
f 4946 	4994 	4995
f 4948 	4947 	4996
f 4947 	4995 	4996
f 4949 	4948 	4997
f 4948 	4996 	4997
f 4950 	4949 	4998
f 4949 	4997 	4998
f 4951 	4950 	4999
f 4950 	4998 	4999
f 4952 	4951 	5000
f 4951 	4999 	5000
f 4953 	4952 	5001
f 4952 	5000 	5001
f 4954 	4953 	5002
f 4953 	5001 	5002
f 4955 	4954 	5003
f 4954 	5002 	5003
f 4956 	4955 	5004
f 4955 	5003 	5004
f 4957 	4956 	5005
f 4956 	5004 	5005
f 4911 	4957 	4959
f 4957 	5005 	4959
f 4958 	4959 	5006
f 4960 	4958 	5006
f 4961 	4960 	5006
f 4962 	4961 	5006
f 4963 	4962 	5006
f 4964 	4963 	5006
f 4965 	4964 	5006
f 4966 	4965 	5006
f 4967 	4966 	5006
f 4968 	4967 	5006
f 4969 	4968 	5006
f 4970 	4969 	5006
f 4971 	4970 	5006
f 4972 	4971 	5006
f 4973 	4972 	5006
f 4974 	4973 	5006
f 4975 	4974 	5006
f 4976 	4975 	5006
f 4977 	4976 	5006
f 4978 	4977 	5006
f 4979 	4978 	5006
f 4980 	4979 	5006
f 4981 	4980 	5006
f 4982 	4981 	5006
f 4983 	4982 	5006
f 4984 	4983 	5006
f 4985 	4984 	5006
f 4986 	4985 	5006
f 4987 	4986 	5006
f 4988 	4987 	5006
f 4989 	4988 	5006
f 4990 	4989 	5006
f 4991 	4990 	5006
f 4992 	4991 	5006
f 4993 	4992 	5006
f 4994 	4993 	5006
f 4995 	4994 	5006
f 4996 	4995 	5006
f 4997 	4996 	5006
f 4998 	4997 	5006
f 4999 	4998 	5006
f 5000 	4999 	5006
f 5001 	5000 	5006
f 5002 	5001 	5006
f 5003 	5002 	5006
f 5004 	5003 	5006
f 5005 	5004 	5006
f 4959 	5005 	5006
# 2208 faces

 #end of obj_6

o obj_7
v 5.7761 		0.7812 		13.1105
v 5.8091 		0.7943 		13.0957
v 5.8109 		0.7879 		13.0955
v 5.8117 		0.7812 		13.0957
v 5.8113 		0.7745 		13.0964
v 5.8099 		0.768 		13.0974
v 5.8074 		0.762 		13.0988
v 5.8039 		0.7565 		13.1004
v 5.7996 		0.7517 		13.1024
v 5.7945 		0.7479 		13.1045
v 5.7889 		0.745 		13.1068
v 5.7828 		0.7433 		13.1091
v 5.7766 		0.7426 		13.1115
v 5.7703 		0.7432 		13.1137
v 5.7641 		0.7449 		13.1158
v 5.7583 		0.7477 		13.1177
v 5.7531 		0.7515 		13.1193
v 5.7485 		0.7563 		13.1207
v 5.7447 		0.7617 		13.1216
v 5.7419 		0.7678 		13.1222
v 5.7401 		0.7742 		13.1224
v 5.7393 		0.7809 		13.1221
v 5.7397 		0.7876 		13.1215
v 5.7412 		0.7941 		13.1205
v 5.7436 		0.8001 		13.1191
v 5.7471 		0.8056 		13.1174
v 5.7514 		0.8104 		13.1155
v 5.7565 		0.8142 		13.1133
v 5.7621 		0.8171 		13.1111
v 5.7682 		0.8188 		13.1087
v 5.7744 		0.8195 		13.1064
v 5.7807 		0.8189 		13.1042
v 5.7869 		0.8172 		13.102
v 5.7927 		0.8144 		13.1001
v 5.7979 		0.8106 		13.0985
v 5.8025 		0.8058 		13.0972
v 5.8063 		0.8004 		13.0962
v 5.8444 		0.7943 		13.0774
v 5.8408 		0.8071 		13.0778
v 5.8458 		0.781 		13.0779
v 5.8451 		0.7677 		13.0792
v 5.8422 		0.7548 		13.0812
v 5.8373 		0.7427 		13.0839
v 5.8304 		0.7317 		13.0873
v 5.8217 		0.7223 		13.0912
v 5.8117 		0.7146 		13.0954
v 5.8004 		0.7089 		13.0999
v 5.7884 		0.7054 		13.1046
v 5.7759 		0.7042 		13.1092
v 5.7634 		0.7053 		13.1137
v 5.7511 		0.7087 		13.1179
v 5.7396 		0.7143 		13.1217
v 5.7291 		0.7219 		13.125
v 5.72 		0.7313 		13.1276
v 5.7124 		0.7422 		13.1295
v 5.7068 		0.7543 		13.1307
v 5.7032 		0.7671 		13.131
v 5.7017 		0.7804 		13.1305
v 5.7024 		0.7937 		13.1292
v 5.7053 		0.8066 		13.1272
v 5.7103 		0.8187 		13.1245
v 5.7172 		0.8297 		13.1211
v 5.7258 		0.8391 		13.1173
v 5.7359 		0.8468 		13.113
v 5.7471 		0.8525 		13.1085
v 5.7592 		0.856 		13.1038
v 5.7717 		0.8572 		13.0992
v 5.7842 		0.8561 		13.0947
v 5.7964 		0.8527 		13.0905
v 5.808 		0.8471 		13.0867
v 5.8185 		0.8395 		13.0835
v 5.8276 		0.8301 		13.0808
v 5.8351 		0.8192 		13.0789
v 5.8762 		0.8003 		13.0565
v 5.8708 		0.8195 		13.057
v 5.8783 		0.7805 		13.0572
v 5.8773 		0.7607 		13.0591
v 5.8729 		0.7415 		13.0621
v 5.8655 		0.7234 		13.0662
v 5.8553 		0.7071 		13.0712
v 5.8424 		0.693 		13.0769
v 5.8274 		0.6815 		13.0833
v 5.8107 		0.6731 		13.09
v 5.7927 		0.6679 		13.097
v 5.7741 		0.666 		13.1039
v 5.7554 		0.6677 		13.1106
v 5.7372 		0.6728 		13.1168
v 5.72 		0.6811 		13.1225
v 5.7043 		0.6925 		13.1273
v 5.6907 		0.7065 		13.1312
v 5.6795 		0.7227 		13.1341
v 5.6711 		0.7407 		13.1358
v 5.6657 		0.7599 		13.1363
v 5.6635 		0.7797 		13.1356
v 5.6646 		0.7995 		13.1337
v 5.6689 		0.8187 		13.1307
v 5.6763 		0.8368 		13.1266
v 5.6866 		0.8531 		13.1216
v 5.6995 		0.8672 		13.1159
v 5.7145 		0.8787 		13.1095
v 5.7312 		0.8871 		13.1028
v 5.7492 		0.8923 		13.0958
v 5.7678 		0.8941 		13.0889
v 5.7865 		0.8925 		13.0822
v 5.8047 		0.8874 		13.076
v 5.8219 		0.8791 		13.0703
v 5.8375 		0.8677 		13.0655
v 5.8512 		0.8537 		13.0616
v 5.8624 		0.8375 		13.0587
v 5.906 		0.806 		13.0328
v 5.8989 		0.8313 		13.0335
v 5.9089 		0.7798 		13.0337
v 5.9075 		0.7536 		13.0362
v 5.9018 		0.7282 		13.0402
v 5.892 		0.7044 		13.0456
v 5.8784 		0.6828 		13.0522
v 5.8614 		0.6642 		13.0598
v 5.8416 		0.649 		13.0682
v 5.8195 		0.6378 		13.0771
v 5.7958 		0.6309 		13.0863
v 5.7712 		0.6286 		13.0954
v 5.7465 		0.6308 		13.1043
v 5.7224 		0.6375 		13.1126
v 5.6996 		0.6485 		13.12
v 5.679 		0.6635 		13.1264
v 5.6609 		0.682 		13.1316
v 5.6462 		0.7034 		13.1354
v 5.635 		0.7272 		13.1376
v 5.6279 		0.7526 		13.1383
v 5.625 		0.7787 		13.1373
v 5.6265 		0.8049 		13.1348
v 5.6322 		0.8303 		13.1308
v 5.642 		0.8542 		13.1255
v 5.6555 		0.8757 		13.1189
v 5.6725 		0.8944 		13.1113
v 5.6924 		0.9095 		13.1029
v 5.7145 		0.9207 		13.094
v 5.7382 		0.9276 		13.0848
v 5.7628 		0.93 		13.0757
v 5.7875 		0.9278 		13.0668
v 5.8116 		0.9211 		13.0585
v 5.8343 		0.9101 		13.0511
v 5.855 		0.8951 		13.0447
v 5.873 		0.8766 		13.0395
v 5.8878 		0.8551 		13.0357
v 5.9337 		0.8112 		13.0066
v 5.925 		0.8426 		13.0074
v 5.9373 		0.7789 		13.0077
v 5.9355 		0.7466 		13.0108
v 5.9285 		0.7152 		13.0157
v 5.9164 		0.6857 		13.0224
v 5.8996 		0.659 		13.0305
v 5.8786 		0.636 		13.0399
v 5.8541 		0.6173 		13.0503
v 5.8268 		0.6035 		13.0613
v 5.7975 		0.5949 		13.0726
v 5.7671 		0.592 		13.0839
v 5.7366 		0.5947 		13.0949
v 5.7068 		0.603 		13.1051
v 5.6787 		0.6166 		13.1143
v 5.6532 		0.6351 		13.1222
v 5.6309 		0.658 		13.1286
v 5.6126 		0.6845 		13.1333
v 5.5989 		0.7139 		13.1361
v 5.5901 		0.7452 		13.1369
v 5.5866 		0.7775 		13.1357
v 5.5883 		0.8099 		13.1326
v 5.5954 		0.8413 		13.1277
v 5.6075 		0.8708 		13.1211
v 5.6242 		0.8974 		13.1129
v 5.6452 		0.9205 		13.1035
v 5.6698 		0.9392 		13.0931
v 5.6971 		0.953 		13.0821
v 5.7264 		0.9615 		13.0708
v 5.7567 		0.9645 		13.0595
v 5.7873 		0.9617 		13.0486
v 5.817 		0.9535 		13.0383
v 5.8451 		0.9398 		13.0291
v 5.8707 		0.9213 		13.0212
v 5.8929 		0.8985 		13.0148
v 5.9112 		0.8719 		13.0102
v 5.9591 		0.816 		12.9779
v 5.9487 		0.8531 		12.9789
v 5.9633 		0.7778 		12.9793
v 5.9613 		0.7395 		12.983
v 5.9529 		0.7024 		12.9888
v 5.9386 		0.6675 		12.9967
v 5.9187 		0.636 		13.0063
v 5.8939 		0.6087 		13.0174
v 5.8649 		0.5866 		13.0297
v 5.8326 		0.5702 		13.0427
v 5.7979 		0.5601 		13.0561
v 5.762 		0.5566 		13.0695
v 5.7259 		0.5598 		13.0824
v 5.6906 		0.5696 		13.0945
v 5.6574 		0.5858 		13.1054
v 5.6272 		0.6077 		13.1148
v 5.6008 		0.6347 		13.1224
v 5.5792 		0.6661 		13.1279
v 5.563 		0.7009 		13.1312
v 5.5526 		0.7379 		13.1321
v 5.5484 		0.7762 		13.1308
v 5.5504 		0.8144 		13.1271
v 5.5588 		0.8516 		13.1213
v 5.5731 		0.8864 		13.1134
v 5.593 		0.918 		13.1038
v 5.6178 		0.9452 		13.0927
v 5.6468 		0.9674 		13.0804
v 5.6791 		0.9837 		13.0674
v 5.7138 		0.9938 		13.054
v 5.7497 		0.9973 		13.0406
v 5.7858 		0.9941 		13.0277
v 5.8211 		0.9843 		13.0156
v 5.8543 		0.9682 		13.0047
v 5.8845 		0.9463 		12.9953
v 5.9109 		0.9192 		12.9877
v 5.9325 		0.8878 		12.9822
v 5.982 		0.8203 		12.9472
v 5.97 		0.8628 		12.9483
v 5.9868 		0.7764 		12.9488
v 5.9844 		0.7325 		12.953
v 5.9749 		0.6899 		12.9597
v 5.9584 		0.6499 		12.9687
v 5.9356 		0.6137 		12.9797
v 5.9072 		0.5825 		12.9925
v 5.8739 		0.5571 		13.0066
v 5.8368 		0.5383 		13.0215
v 5.797 		0.5267 		13.0369
v 5.7558 		0.5227 		13.0522
v 5.7144 		0.5264 		13.0671
v 5.674 		0.5377 		13.0809
v 5.6359 		0.5561 		13.0934
v 5.6012 		0.5813 		13.1042
v 5.571 		0.6123 		13.1129
v 5.5462 		0.6483 		13.1192
v 5.5275 		0.6882 		13.123
v 5.5156 		0.7307 		13.1241
v 5.5107 		0.7746 		13.1225
v 5.5131 		0.8185 		13.1183
v 5.5227 		0.8611 		13.1116
v 5.5391 		0.9011 		13.1026
v 5.5619 		0.9373 		13.0915
v 5.5904 		0.9685 		13.0788
v 5.6237 		0.9939 		13.0647
v 5.6608 		1.0127 		13.0498
v 5.7005 		1.0242 		13.0344
v 5.7417 		1.0282 		13.0191
v 5.7832 		1.0246 		13.0042
v 5.8236 		1.0133 		12.9903
v 5.8617 		0.9948 		12.9778
v 5.8964 		0.9697 		12.9671
v 5.9266 		0.9387 		12.9584
v 5.9514 		0.9027 		12.9521
v 6.0021 		0.824 		12.9145
v 5.9887 		0.8717 		12.9158
v 6.0075 		0.7749 		12.9163
v 6.0048 		0.7257 		12.921
v 5.9941 		0.6779 		12.9285
v 5.9757 		0.6331 		12.9386
v 5.9502 		0.5926 		12.951
v 5.9183 		0.5575 		12.9653
v 5.881 		0.529 		12.9811
v 5.8394 		0.508 		12.9978
v 5.7948 		0.4951 		13.015
v 5.7486 		0.4906 		13.0322
v 5.7022 		0.4947 		13.0489
v 5.6569 		0.5073 		13.0644
v 5.6142 		0.528 		13.0784
v 5.5753 		0.5562 		13.0905
v 5.5415 		0.591 		13.1002
v 5.5137 		0.6313 		13.1073
v 5.4928 		0.676 		13.1115
v 5.4794 		0.7236 		13.1128
v 5.474 		0.7728 		13.111
v 5.4767 		0.822 		13.1063
v 5.4874 		0.8697 		13.0988
v 5.5058 		0.9146 		13.0887
v 5.5313 		0.9551 		13.0763
v 5.5632 		0.9901 		13.062
v 5.6005 		1.0186 		13.0462
v 5.6421 		1.0396 		13.0295
v 5.6867 		1.0526 		13.0123
v 5.7329 		1.0571 		12.9951
v 5.7793 		1.053 		12.9784
v 5.8246 		1.0404 		12.9629
v 5.8673 		1.0196 		12.9489
v 5.9062 		0.9915 		12.9368
v 5.94 		0.9567 		12.9271
v 5.9678 		0.9164 		12.92
v 6.0193 		0.8272 		12.8802
v 6.0046 		0.8796 		12.8816
v 6.0253 		0.7731 		12.8821
v 6.0223 		0.719 		12.8873
v 6.0106 		0.6665 		12.8956
v 5.9903 		0.6172 		12.9067
v 5.9622 		0.5726 		12.9203
v 5.9271 		0.534 		12.9361
v 5.8861 		0.5027 		12.9534
v 5.8404 		0.4796 		12.9718
v 5.7914 		0.4653 		12.9908
v 5.7405 		0.4604 		13.0097
v 5.6894 		0.4649 		13.028
v 5.6396 		0.4788 		13.0451
v 5.5926 		0.5016 		13.0605
v 5.5499 		0.5326 		13.0738
v 5.5126 		0.5708 		13.0844
v 5.4821 		0.6152 		13.0922
v 5.4591 		0.6643 		13.0969
v 5.4444 		0.7167 		13.0983
v 5.4384 		0.7708 		13.0964
v 5.4414 		0.825 		13.0912
v 5.4531 		0.8775 		13.0829
v 5.4734 		0.9268 		13.0718
v 5.5015 		0.9714 		13.0582
v 5.5366 		1.0099 		13.0424
v 5.5776 		1.0413 		13.0251
v 5.6233 		1.0644 		13.0067
v 5.6724 		1.0786 		12.9877
v 5.7232 		1.0836 		12.9688
v 5.7743 		1.079 		12.9505
v 5.8241 		1.0652 		12.9334
v 5.8711 		1.0424 		12.918
v 5.9138 		1.0114 		12.9047
v 5.9511 		0.9731 		12.8941
v 5.9816 		0.9288 		12.8863
v 6.0336 		0.8298 		12.8445
v 6.0177 		0.8866 		12.846
v 6.04 		0.7712 		12.8466
v 6.0368 		0.7126 		12.8522
v 6.0241 		0.6557 		12.8612
v 6.0022 		0.6023 		12.8732
v 5.9717 		0.5539 		12.888
v 5.9337 		0.5122 		12.905
v 5.8892 		0.4782 		12.9238
v 5.8397 		0.4532 		12.9437
v 5.7866 		0.4377 		12.9643
v 5.7315 		0.4324 		12.9848
v 5.6762 		0.4373 		13.0046
v 5.6222 		0.4523 		13.0231
v 5.5713 		0.477 		13.0398
v 5.525 		0.5106 		13.0542
v 5.4847 		0.552 		13.0658
v 5.4515 		0.6001 		13.0742
v 5.4266 		0.6533 		13.0792
v 5.4107 		0.7101 		13.0807
v 5.4042 		0.7687 		13.0787
v 5.4074 		0.8274 		13.0731
v 5.4202 		0.8843 		13.0641
v 5.4421 		0.9377 		13.052
v 5.4726 		0.986 		13.0373
v 5.5106 		1.0278 		13.0202
v 5.5551 		1.0617 		13.0015
v 5.6046 		1.0867 		12.9815
v 5.6577 		1.1022 		12.961
v 5.7127 		1.1075 		12.9405
v 5.7681 		1.1026 		12.9207
v 5.822 		1.0876 		12.9021
v 5.873 		1.0629 		12.8854
v 5.9193 		1.0293 		12.8711
v 5.9596 		0.9879 		12.8595
v 5.9928 		0.9398 		12.8511
v 6.0447 		0.8318 		12.8077
v 6.0277 		0.8925 		12.8093
v 6.0516 		0.7691 		12.8099
v 6.0482 		0.7064 		12.8159
v 6.0346 		0.6456 		12.8255
v 6.0111 		0.5885 		12.8384
v 5.9786 		0.5368 		12.8541
v 5.9379 		0.4921 		12.8724
v 5.8904 		0.4559 		12.8924
v 5.8374 		0.4291 		12.9138
v 5.7806 		0.4125 		12.9357
v 5.7217 		0.4068 		12.9577
v 5.6626 		0.4121 		12.9788
v 5.6049 		0.4281 		12.9987
v 5.5504 		0.4545 		13.0165
v 5.5009 		0.4904 		13.0319
v 5.4577 		0.5348 		13.0442
v 5.4223 		0.5862 		13.0533
v 5.3957 		0.6431 		13.0587
v 5.3787 		0.7038 		13.0603
v 5.3718 		0.7665 		13.0581
v 5.3752 		0.8292 		13.0521
v 5.3888 		0.89 		13.0425
v 5.4123 		0.9471 		13.0296
v 5.4448 		0.9988 		13.0138
v 5.4855 		1.0435 		12.9956
v 5.533 		1.0797 		12.9755
v 5.586 		1.1065 		12.9542
v 5.6428 		1.123 		12.9322
v 5.7016 		1.1288 		12.9103
v 5.7608 		1.1235 		12.8891
v 5.8185 		1.1074 		12.8693
v 5.873 		1.0811 		12.8514
v 5.9225 		1.0452 		12.8361
v 5.9656 		1.0008 		12.8237
v 6.0011 		0.9494 		12.8147
v 6.0527 		0.8331 		12.77
v 6.0347 		0.8973 		12.7717
v 6.06 		0.7669 		12.7723
v 6.0564 		0.7006 		12.7787
v 6.0419 		0.6363 		12.7888
v 6.0171 		0.5759 		12.8024
v 5.9827 		0.5213 		12.8191
v 5.9397 		0.474 		12.8384
v 5.8895 		0.4357 		12.8596
v 5.8335 		0.4074 		12.8822
v 5.7735 		0.3899 		12.9054
v 5.7112 		0.3839 		12.9286
v 5.6486 		0.3894 		12.951
v 5.5876 		0.4064 		12.9719
v 5.5301 		0.4343 		12.9908
v 5.4777 		0.4722 		13.007
v 5.4321 		0.5191 		13.0201
v 5.3947 		0.5735 		13.0296
v 5.3665 		0.6336 		13.0354
v 5.3485 		0.6978 		13.0371
v 5.3412 		0.7641 		13.0347
v 5.3448 		0.8304 		13.0284
v 5.3592 		0.8947 		13.0182
v 5.384 		0.9551 		13.0046
v 5.4184 		1.0097 		12.9879
v 5.4614 		1.0569 		12.9687
v 5.5117 		1.0953 		12.9474
v 5.5677 		1.1236 		12.9249
v 5.6277 		1.1411 		12.9016
v 5.69 		1.1471 		12.8785
v 5.7525 		1.1415 		12.8561
v 5.8135 		1.1246 		12.8351
v 5.8711 		1.0967 		12.8162
v 5.9235 		1.0587 		12.8
v 5.9691 		1.0119 		12.7869
v 6.0065 		0.9575 		12.7774
v 6.0574 		0.8338 		12.7317
v 6.0385 		0.901 		12.7335
v 6.065 		0.7645 		12.7342
v 6.0612 		0.6952 		12.7408
v 6.0461 		0.6278 		12.7514
v 6.0202 		0.5646 		12.7657
v 5.9842 		0.5075 		12.7832
v 5.9392 		0.4581 		12.8033
v 5.8866 		0.4179 		12.8255
v 5.828 		0.3883 		12.8491
v 5.7652 		0.37 		12.8734
v 5.7 		0.3637 		12.8977
v 5.6345 		0.3695 		12.9211
v 5.5707 		0.3873 		12.9431
v 5.5105 		0.4165 		12.9628
v 5.4557 		0.4562 		12.9798
v 5.4079 		0.5052 		12.9935
v 5.3687 		0.5621 		13.0035
v 5.3393 		0.6251 		13.0094
v 5.3204 		0.6923 		13.0112
v 5.3128 		0.7616 		13.0088
v 5.3166 		0.831 		13.0021
v 5.3317 		0.8983 		12.9915
v 5.3576 		0.9615 		12.9773
v 5.3936 		1.0186 		12.9598
v 5.4386 		1.0681 		12.9397
v 5.4912 		1.1082 		12.9174
v 5.5498 		1.1378 		12.8938
v 5.6126 		1.1561 		12.8695
v 5.6778 		1.1624 		12.8453
v 5.7433 		1.1566 		12.8218
v 5.8071 		1.1388 		12.7999
v 5.8673 		1.1097 		12.7801
v 5.9221 		1.0699 		12.7632
v 5.9699 		1.0209 		12.7495
v 6.0091 		0.964 		12.7395
v 6.0588 		0.8339 		12.6932
v 6.0392 		0.9036 		12.6951
v 6.0667 		0.762 		12.6958
v 6.0628 		0.6901 		12.7027
v 6.0471 		0.6203 		12.7136
v 6.0202 		0.5548 		12.7284
v 5.9829 		0.4955 		12.7465
v 5.9362 		0.4443 		12.7674
v 5.8817 		0.4027 		12.7905
v 5.8209 		0.3719 		12.815
v 5.7558 		0.353 		12.8401
v 5.6883 		0.3464 		12.8653
v 5.6204 		0.3525 		12.8896
v 5.5542 		0.3709 		12.9123
v 5.4917 		0.4012 		12.9328
v 5.4349 		0.4424 		12.9504
v 5.3854 		0.4932 		12.9646
v 5.3448 		0.5522 		12.975
v 5.3142 		0.6175 		12.9812
v 5.2947 		0.6871 		12.983
v 5.2868 		0.759 		12.9805
v 5.2907 		0.8309 		12.9736
v 5.3063 		0.9007 		12.9626
v 5.3332 		0.9663 		12.9478
v 5.3706 		1.0255 		12.9297
v 5.4172 		1.0768 		12.9088
v 5.4718 		1.1184 		12.8858
v 5.5325 		1.1491 		12.8613
v 5.5977 		1.1681 		12.8361
v 5.6652 		1.1746 		12.8109
v 5.7331 		1.1686 		12.7866
v 5.7993 		1.1502 		12.7639
v 5.8617 		1.1199 		12.7434
v 5.9186 		1.0787 		12.7258
v 5.968 		1.0279 		12.7116
v 6.0087 		0.9689 		12.7013
v 6.0569 		0.8334 		12.6547
v 6.0368 		0.905 		12.6566
v 6.065 		0.7595 		12.6574
v 6.061 		0.6855 		12.6644
v 6.0449 		0.6138 		12.6757
v 6.0172 		0.5465 		12.6909
v 5.9789 		0.4855 		12.7095
v 5.9309 		0.4329 		12.731
v 5.8749 		0.3901 		12.7547
v 5.8124 		0.3585 		12.7799
v 5.7454 		0.339 		12.8058
v 5.676 		0.3323 		12.8316
v 5.6062 		0.3385 		12.8566
v 5.5382 		0.3574 		12.88
v 5.474 		0.3885 		12.901
v 5.4156 		0.4309 		12.9191
v 5.3647 		0.4831 		12.9337
v 5.3229 		0.5437 		12.9443
v 5.2915 		0.6109 		12.9507
v 5.2715 		0.6825 		12.9526
v 5.2633 		0.7564 		12.95
v 5.2674 		0.8303 		12.9429
v 5.2834 		0.902 		12.9316
v 5.3111 		0.9694 		12.9164
v 5.3495 		1.0303 		12.8978
v 5.3974 		1.083 		12.8763
v 5.4535 		1.1258 		12.8526
v 5.5159 		1.1574 		12.8275
v 5.5829 		1.1768 		12.8016
v 5.6523 		1.1836 		12.7757
v 5.7221 		1.1774 		12.7508
v 5.7901 		1.1584 		12.7274
v 5.8543 		1.1273 		12.7063
v 5.9128 		1.085 		12.6882
v 5.9636 		1.0327 		12.6736
v 6.0054 		0.9721 		12.663
v 6.0517 		0.8322 		12.6166
v 6.0312 		0.9052 		12.6185
v 6.06 		0.7568 		12.6192
v 6.0559 		0.6815 		12.6264
v 6.0395 		0.6083 		12.638
v 6.0113 		0.5396 		12.6535
v 5.9721 		0.4775 		12.6724
v 5.9233 		0.4238 		12.6943
v 5.8661 		0.3802 		12.7185
v 5.8024 		0.348 		12.7441
v 5.7342 		0.3282 		12.7705
v 5.6634 		0.3213 		12.7969
v 5.5922 		0.3276 		12.8224
v 5.5229 		0.3469 		12.8462
v 5.4574 		0.3786 		12.8677
v 5.3979 		0.4218 		12.8861
v 5.346 		0.4751 		12.901
v 5.3034 		0.5369 		12.9118
v 5.2714 		0.6053 		12.9183
v 5.2509 		0.6783 		12.9203
v 5.2426 		0.7537 		12.9176
v 5.2467 		0.829 		12.9104
v 5.2631 		0.9022 		12.8989
v 5.2913 		0.9709 		12.8834
v 5.3305 		1.033 		12.8644
v 5.3794 		1.0867 		12.8425
v 5.4365 		1.1303 		12.8183
v 5.5002 		1.1625 		12.7927
v 5.5684 		1.1823 		12.7663
v 5.6392 		1.1892 		12.7399
v 5.7104 		1.1829 		12.7145
v 5.7797 		1.1636 		12.6906
v 5.8452 		1.1319 		12.6692
v 5.9048 		1.0887 		12.6507
v 5.9566 		1.0354 		12.6358
v 5.9992 		0.9736 		12.625
v 6.0433 		0.8303 		12.579
v 6.0225 		0.9042 		12.581
v 6.0517 		0.7541 		12.5817
v 6.0475 		0.6779 		12.589
v 6.0309 		0.6039 		12.6007
v 6.0024 		0.5344 		12.6163
v 5.9628 		0.4716 		12.6355
v 5.9133 		0.4173 		12.6577
v 5.8555 		0.3732 		12.6821
v 5.7911 		0.3406 		12.7081
v 5.7221 		0.3205 		12.7348
v 5.6505 		0.3136 		12.7614
v 5.5785 		0.3199 		12.7872
v 5.5083 		0.3395 		12.8113
v 5.4421 		0.3716 		12.833
v 5.3819 		0.4152 		12.8517
v 5.3294 		0.4691 		12.8667
v 5.2863 		0.5317 		12.8777
v 5.254 		0.6009 		12.8843
v 5.2332 		0.6747 		12.8862
v 5.2248 		0.7509 		12.8835
v 5.229 		0.8272 		12.8762
v 5.2456 		0.9012 		12.8646
v 5.2741 		0.9706 		12.8489
v 5.3137 		1.0335 		12.8297
v 5.3632 		1.0878 		12.8075
v 5.421 		1.1319 		12.7831
v 5.4854 		1.1645 		12.7572
v 5.5544 		1.1846 		12.7304
v 5.626 		1.1915 		12.7038
v 5.698 		1.1851 		12.678
v 5.7682 		1.1656 		12.6539
v 5.8344 		1.1335 		12.6322
v 5.8946 		1.0898 		12.6135
v 5.9471 		1.0359 		12.5985
v 5.9902 		0.9734 		12.5875
v 6.0316 		0.8279 		12.5423
v 6.0109 		0.902 		12.5443
v 6.0401 		0.7514 		12.545
v 6.0359 		0.6749 		12.5524
v 6.0192 		0.6006 		12.5641
v 5.9906 		0.5309 		12.5798
v 5.9509 		0.4678 		12.5991
v 5.9012 		0.4133 		12.6213
v 5.8432 		0.369 		12.6458
v 5.7786 		0.3363 		12.6719
v 5.7092 		0.3161 		12.6987
v 5.6374 		0.3091 		12.7254
v 5.5651 		0.3156 		12.7513
v 5.4947 		0.3352 		12.7755
v 5.4282 		0.3674 		12.7973
v 5.3677 		0.4112 		12.816
v 5.3151 		0.4653 		12.8311
v 5.2718 		0.5281 		12.8422
v 5.2393 		0.5976 		12.8488
v 5.2185 		0.6717 		12.8507
v 5.2101 		0.7482 		12.848
v 5.2143 		0.8247 		12.8407
v 5.2309 		0.899 		12.829
v 5.2596 		0.9687 		12.8133
v 5.2993 		1.0318 		12.794
v 5.3489 		1.0863 		12.7717
v 5.407 		1.1306 		12.7472
v 5.4716 		1.1633 		12.7212
v 5.5409 		1.1835 		12.6944
v 5.6128 		1.1905 		12.6676
v 5.6851 		1.184 		12.6417
v 5.7555 		1.1644 		12.6175
v 5.822 		1.1322 		12.5957
v 5.8824 		1.0884 		12.577
v 5.9351 		1.0343 		12.5619
v 5.9783 		0.9715 		12.5509
v 5.6251 		0.7498 		12.6965
# 650 vertices

g group_7_5122067

usemtl color_5122067
s 0

f 5008 	5007 	5009
f 5009 	5007 	5010
f 5010 	5007 	5011
f 5011 	5007 	5012
f 5012 	5007 	5013
f 5013 	5007 	5014
f 5014 	5007 	5015
f 5015 	5007 	5016
f 5016 	5007 	5017
f 5017 	5007 	5018
f 5018 	5007 	5019
f 5019 	5007 	5020
f 5020 	5007 	5021
f 5021 	5007 	5022
f 5022 	5007 	5023
f 5023 	5007 	5024
f 5024 	5007 	5025
f 5025 	5007 	5026
f 5026 	5007 	5027
f 5027 	5007 	5028
f 5028 	5007 	5029
f 5029 	5007 	5030
f 5030 	5007 	5031
f 5031 	5007 	5032
f 5032 	5007 	5033
f 5033 	5007 	5034
f 5034 	5007 	5035
f 5035 	5007 	5036
f 5036 	5007 	5037
f 5037 	5007 	5038
f 5038 	5007 	5039
f 5039 	5007 	5040
f 5040 	5007 	5041
f 5041 	5007 	5042
f 5042 	5007 	5043
f 5043 	5007 	5008
f 5008 	5009 	5044
f 5045 	5008 	5044
f 5009 	5010 	5046
f 5044 	5009 	5046
f 5010 	5011 	5047
f 5046 	5010 	5047
f 5011 	5012 	5048
f 5047 	5011 	5048
f 5012 	5013 	5049
f 5048 	5012 	5049
f 5013 	5014 	5050
f 5049 	5013 	5050
f 5014 	5015 	5051
f 5050 	5014 	5051
f 5015 	5016 	5052
f 5051 	5015 	5052
f 5016 	5017 	5053
f 5052 	5016 	5053
f 5017 	5018 	5054
f 5053 	5017 	5054
f 5018 	5019 	5055
f 5054 	5018 	5055
f 5019 	5020 	5056
f 5055 	5019 	5056
f 5020 	5021 	5057
f 5056 	5020 	5057
f 5021 	5022 	5058
f 5057 	5021 	5058
f 5022 	5023 	5059
f 5058 	5022 	5059
f 5023 	5024 	5060
f 5059 	5023 	5060
f 5024 	5025 	5061
f 5060 	5024 	5061
f 5025 	5026 	5062
f 5061 	5025 	5062
f 5026 	5027 	5063
f 5062 	5026 	5063
f 5027 	5028 	5064
f 5063 	5027 	5064
f 5028 	5029 	5065
f 5064 	5028 	5065
f 5029 	5030 	5066
f 5065 	5029 	5066
f 5030 	5031 	5067
f 5066 	5030 	5067
f 5031 	5032 	5068
f 5067 	5031 	5068
f 5032 	5033 	5069
f 5068 	5032 	5069
f 5033 	5034 	5070
f 5069 	5033 	5070
f 5034 	5035 	5071
f 5070 	5034 	5071
f 5035 	5036 	5072
f 5071 	5035 	5072
f 5036 	5037 	5073
f 5072 	5036 	5073
f 5037 	5038 	5074
f 5073 	5037 	5074
f 5038 	5039 	5075
f 5074 	5038 	5075
f 5039 	5040 	5076
f 5075 	5039 	5076
f 5040 	5041 	5077
f 5076 	5040 	5077
f 5041 	5042 	5078
f 5077 	5041 	5078
f 5042 	5043 	5079
f 5078 	5042 	5079
f 5043 	5008 	5045
f 5079 	5043 	5045
f 5045 	5044 	5080
f 5081 	5045 	5080
f 5044 	5046 	5082
f 5080 	5044 	5082
f 5046 	5047 	5083
f 5082 	5046 	5083
f 5047 	5048 	5084
f 5083 	5047 	5084
f 5048 	5049 	5085
f 5084 	5048 	5085
f 5049 	5050 	5086
f 5085 	5049 	5086
f 5050 	5051 	5087
f 5086 	5050 	5087
f 5051 	5052 	5088
f 5087 	5051 	5088
f 5052 	5053 	5089
f 5088 	5052 	5089
f 5053 	5054 	5090
f 5089 	5053 	5090
f 5054 	5055 	5091
f 5090 	5054 	5091
f 5055 	5056 	5092
f 5091 	5055 	5092
f 5056 	5057 	5093
f 5092 	5056 	5093
f 5057 	5058 	5094
f 5093 	5057 	5094
f 5058 	5059 	5095
f 5094 	5058 	5095
f 5059 	5060 	5096
f 5095 	5059 	5096
f 5060 	5061 	5097
f 5096 	5060 	5097
f 5061 	5062 	5098
f 5097 	5061 	5098
f 5062 	5063 	5099
f 5098 	5062 	5099
f 5063 	5064 	5100
f 5099 	5063 	5100
f 5064 	5065 	5101
f 5100 	5064 	5101
f 5065 	5066 	5102
f 5101 	5065 	5102
f 5066 	5067 	5103
f 5102 	5066 	5103
f 5067 	5068 	5104
f 5103 	5067 	5104
f 5068 	5069 	5105
f 5104 	5068 	5105
f 5069 	5070 	5106
f 5105 	5069 	5106
f 5070 	5071 	5107
f 5106 	5070 	5107
f 5071 	5072 	5108
f 5107 	5071 	5108
f 5072 	5073 	5109
f 5108 	5072 	5109
f 5073 	5074 	5110
f 5109 	5073 	5110
f 5074 	5075 	5111
f 5110 	5074 	5111
f 5075 	5076 	5112
f 5111 	5075 	5112
f 5076 	5077 	5113
f 5112 	5076 	5113
f 5077 	5078 	5114
f 5113 	5077 	5114
f 5078 	5079 	5115
f 5114 	5078 	5115
f 5079 	5045 	5081
f 5115 	5079 	5081
f 5081 	5080 	5116
f 5117 	5081 	5116
f 5080 	5082 	5118
f 5116 	5080 	5118
f 5082 	5083 	5119
f 5118 	5082 	5119
f 5083 	5084 	5120
f 5119 	5083 	5120
f 5084 	5085 	5121
f 5120 	5084 	5121
f 5085 	5086 	5122
f 5121 	5085 	5122
f 5086 	5087 	5123
f 5122 	5086 	5123
f 5087 	5088 	5124
f 5123 	5087 	5124
f 5088 	5089 	5125
f 5124 	5088 	5125
f 5089 	5090 	5126
f 5125 	5089 	5126
f 5090 	5091 	5127
f 5126 	5090 	5127
f 5091 	5092 	5128
f 5127 	5091 	5128
f 5092 	5093 	5129
f 5128 	5092 	5129
f 5093 	5094 	5130
f 5129 	5093 	5130
f 5094 	5095 	5131
f 5130 	5094 	5131
f 5095 	5096 	5132
f 5131 	5095 	5132
f 5096 	5097 	5133
f 5132 	5096 	5133
f 5097 	5098 	5134
f 5133 	5097 	5134
f 5098 	5099 	5135
f 5134 	5098 	5135
f 5099 	5100 	5136
f 5135 	5099 	5136
f 5100 	5101 	5137
f 5136 	5100 	5137
f 5101 	5102 	5138
f 5137 	5101 	5138
f 5102 	5103 	5139
f 5138 	5102 	5139
f 5103 	5104 	5140
f 5139 	5103 	5140
f 5104 	5105 	5141
f 5140 	5104 	5141
f 5105 	5106 	5142
f 5141 	5105 	5142
f 5106 	5107 	5143
f 5142 	5106 	5143
f 5107 	5108 	5144
f 5143 	5107 	5144
f 5108 	5109 	5145
f 5144 	5108 	5145
f 5109 	5110 	5146
f 5145 	5109 	5146
f 5110 	5111 	5147
f 5146 	5110 	5147
f 5111 	5112 	5148
f 5147 	5111 	5148
f 5112 	5113 	5149
f 5148 	5112 	5149
f 5113 	5114 	5150
f 5149 	5113 	5150
f 5114 	5115 	5151
f 5150 	5114 	5151
f 5115 	5081 	5117
f 5151 	5115 	5117
f 5117 	5116 	5152
f 5153 	5117 	5152
f 5116 	5118 	5154
f 5152 	5116 	5154
f 5118 	5119 	5155
f 5154 	5118 	5155
f 5119 	5120 	5156
f 5155 	5119 	5156
f 5120 	5121 	5157
f 5156 	5120 	5157
f 5121 	5122 	5158
f 5157 	5121 	5158
f 5122 	5123 	5159
f 5158 	5122 	5159
f 5123 	5124 	5160
f 5159 	5123 	5160
f 5124 	5125 	5161
f 5160 	5124 	5161
f 5125 	5126 	5162
f 5161 	5125 	5162
f 5126 	5127 	5163
f 5162 	5126 	5163
f 5127 	5128 	5164
f 5163 	5127 	5164
f 5128 	5129 	5165
f 5164 	5128 	5165
f 5129 	5130 	5166
f 5165 	5129 	5166
f 5130 	5131 	5167
f 5166 	5130 	5167
f 5131 	5132 	5168
f 5167 	5131 	5168
f 5132 	5133 	5169
f 5168 	5132 	5169
f 5133 	5134 	5170
f 5169 	5133 	5170
f 5134 	5135 	5171
f 5170 	5134 	5171
f 5135 	5136 	5172
f 5171 	5135 	5172
f 5136 	5137 	5173
f 5172 	5136 	5173
f 5137 	5138 	5174
f 5173 	5137 	5174
f 5138 	5139 	5175
f 5174 	5138 	5175
f 5139 	5140 	5176
f 5175 	5139 	5176
f 5140 	5141 	5177
f 5176 	5140 	5177
f 5141 	5142 	5178
f 5177 	5141 	5178
f 5142 	5143 	5179
f 5178 	5142 	5179
f 5143 	5144 	5180
f 5179 	5143 	5180
f 5144 	5145 	5181
f 5180 	5144 	5181
f 5145 	5146 	5182
f 5181 	5145 	5182
f 5146 	5147 	5183
f 5182 	5146 	5183
f 5147 	5148 	5184
f 5183 	5147 	5184
f 5148 	5149 	5185
f 5184 	5148 	5185
f 5149 	5150 	5186
f 5185 	5149 	5186
f 5150 	5151 	5187
f 5186 	5150 	5187
f 5151 	5117 	5153
f 5187 	5151 	5153
f 5153 	5152 	5188
f 5189 	5153 	5188
f 5152 	5154 	5190
f 5188 	5152 	5190
f 5154 	5155 	5191
f 5190 	5154 	5191
f 5155 	5156 	5192
f 5191 	5155 	5192
f 5156 	5157 	5193
f 5192 	5156 	5193
f 5157 	5158 	5194
f 5193 	5157 	5194
f 5158 	5159 	5195
f 5194 	5158 	5195
f 5159 	5160 	5196
f 5195 	5159 	5196
f 5160 	5161 	5197
f 5196 	5160 	5197
f 5161 	5162 	5198
f 5197 	5161 	5198
f 5162 	5163 	5199
f 5198 	5162 	5199
f 5163 	5164 	5200
f 5199 	5163 	5200
f 5164 	5165 	5201
f 5200 	5164 	5201
f 5165 	5166 	5202
f 5201 	5165 	5202
f 5166 	5167 	5203
f 5202 	5166 	5203
f 5167 	5168 	5204
f 5203 	5167 	5204
f 5168 	5169 	5205
f 5204 	5168 	5205
f 5169 	5170 	5206
f 5205 	5169 	5206
f 5170 	5171 	5207
f 5206 	5170 	5207
f 5171 	5172 	5208
f 5207 	5171 	5208
f 5172 	5173 	5209
f 5208 	5172 	5209
f 5173 	5174 	5210
f 5209 	5173 	5210
f 5174 	5175 	5211
f 5210 	5174 	5211
f 5175 	5176 	5212
f 5211 	5175 	5212
f 5176 	5177 	5213
f 5212 	5176 	5213
f 5177 	5178 	5214
f 5213 	5177 	5214
f 5178 	5179 	5215
f 5214 	5178 	5215
f 5179 	5180 	5216
f 5215 	5179 	5216
f 5180 	5181 	5217
f 5216 	5180 	5217
f 5181 	5182 	5218
f 5217 	5181 	5218
f 5182 	5183 	5219
f 5218 	5182 	5219
f 5183 	5184 	5220
f 5219 	5183 	5220
f 5184 	5185 	5221
f 5220 	5184 	5221
f 5185 	5186 	5222
f 5221 	5185 	5222
f 5186 	5187 	5223
f 5222 	5186 	5223
f 5187 	5153 	5189
f 5223 	5187 	5189
f 5189 	5188 	5224
f 5225 	5189 	5224
f 5188 	5190 	5226
f 5224 	5188 	5226
f 5190 	5191 	5227
f 5226 	5190 	5227
f 5191 	5192 	5228
f 5227 	5191 	5228
f 5192 	5193 	5229
f 5228 	5192 	5229
f 5193 	5194 	5230
f 5229 	5193 	5230
f 5194 	5195 	5231
f 5230 	5194 	5231
f 5195 	5196 	5232
f 5231 	5195 	5232
f 5196 	5197 	5233
f 5232 	5196 	5233
f 5197 	5198 	5234
f 5233 	5197 	5234
f 5198 	5199 	5235
f 5234 	5198 	5235
f 5199 	5200 	5236
f 5235 	5199 	5236
f 5200 	5201 	5237
f 5236 	5200 	5237
f 5201 	5202 	5238
f 5237 	5201 	5238
f 5202 	5203 	5239
f 5238 	5202 	5239
f 5203 	5204 	5240
f 5239 	5203 	5240
f 5204 	5205 	5241
f 5240 	5204 	5241
f 5205 	5206 	5242
f 5241 	5205 	5242
f 5206 	5207 	5243
f 5242 	5206 	5243
f 5207 	5208 	5244
f 5243 	5207 	5244
f 5208 	5209 	5245
f 5244 	5208 	5245
f 5209 	5210 	5246
f 5245 	5209 	5246
f 5210 	5211 	5247
f 5246 	5210 	5247
f 5211 	5212 	5248
f 5247 	5211 	5248
f 5212 	5213 	5249
f 5248 	5212 	5249
f 5213 	5214 	5250
f 5249 	5213 	5250
f 5214 	5215 	5251
f 5250 	5214 	5251
f 5215 	5216 	5252
f 5251 	5215 	5252
f 5216 	5217 	5253
f 5252 	5216 	5253
f 5217 	5218 	5254
f 5253 	5217 	5254
f 5218 	5219 	5255
f 5254 	5218 	5255
f 5219 	5220 	5256
f 5255 	5219 	5256
f 5220 	5221 	5257
f 5256 	5220 	5257
f 5221 	5222 	5258
f 5257 	5221 	5258
f 5222 	5223 	5259
f 5258 	5222 	5259
f 5223 	5189 	5225
f 5259 	5223 	5225
f 5225 	5224 	5260
f 5261 	5225 	5260
f 5224 	5226 	5262
f 5260 	5224 	5262
f 5226 	5227 	5263
f 5262 	5226 	5263
f 5227 	5228 	5264
f 5263 	5227 	5264
f 5228 	5229 	5265
f 5264 	5228 	5265
f 5229 	5230 	5266
f 5265 	5229 	5266
f 5230 	5231 	5267
f 5266 	5230 	5267
f 5231 	5232 	5268
f 5267 	5231 	5268
f 5232 	5233 	5269
f 5268 	5232 	5269
f 5233 	5234 	5270
f 5269 	5233 	5270
f 5234 	5235 	5271
f 5270 	5234 	5271
f 5235 	5236 	5272
f 5271 	5235 	5272
f 5236 	5237 	5273
f 5272 	5236 	5273
f 5237 	5238 	5274
f 5273 	5237 	5274
f 5238 	5239 	5275
f 5274 	5238 	5275
f 5239 	5240 	5276
f 5275 	5239 	5276
f 5240 	5241 	5277
f 5276 	5240 	5277
f 5241 	5242 	5278
f 5277 	5241 	5278
f 5242 	5243 	5279
f 5278 	5242 	5279
f 5243 	5244 	5280
f 5279 	5243 	5280
f 5244 	5245 	5281
f 5280 	5244 	5281
f 5245 	5246 	5282
f 5281 	5245 	5282
f 5246 	5247 	5283
f 5282 	5246 	5283
f 5247 	5248 	5284
f 5283 	5247 	5284
f 5248 	5249 	5285
f 5284 	5248 	5285
f 5249 	5250 	5286
f 5285 	5249 	5286
f 5250 	5251 	5287
f 5286 	5250 	5287
f 5251 	5252 	5288
f 5287 	5251 	5288
f 5252 	5253 	5289
f 5288 	5252 	5289
f 5253 	5254 	5290
f 5289 	5253 	5290
f 5254 	5255 	5291
f 5290 	5254 	5291
f 5255 	5256 	5292
f 5291 	5255 	5292
f 5256 	5257 	5293
f 5292 	5256 	5293
f 5257 	5258 	5294
f 5293 	5257 	5294
f 5258 	5259 	5295
f 5294 	5258 	5295
f 5259 	5225 	5261
f 5295 	5259 	5261
f 5261 	5260 	5296
f 5297 	5261 	5296
f 5260 	5262 	5298
f 5296 	5260 	5298
f 5262 	5263 	5299
f 5298 	5262 	5299
f 5263 	5264 	5300
f 5299 	5263 	5300
f 5264 	5265 	5301
f 5300 	5264 	5301
f 5265 	5266 	5302
f 5301 	5265 	5302
f 5266 	5267 	5303
f 5302 	5266 	5303
f 5267 	5268 	5304
f 5303 	5267 	5304
f 5268 	5269 	5305
f 5304 	5268 	5305
f 5269 	5270 	5306
f 5305 	5269 	5306
f 5270 	5271 	5307
f 5306 	5270 	5307
f 5271 	5272 	5308
f 5307 	5271 	5308
f 5272 	5273 	5309
f 5308 	5272 	5309
f 5273 	5274 	5310
f 5309 	5273 	5310
f 5274 	5275 	5311
f 5310 	5274 	5311
f 5275 	5276 	5312
f 5311 	5275 	5312
f 5276 	5277 	5313
f 5312 	5276 	5313
f 5277 	5278 	5314
f 5313 	5277 	5314
f 5278 	5279 	5315
f 5314 	5278 	5315
f 5279 	5280 	5316
f 5315 	5279 	5316
f 5280 	5281 	5317
f 5316 	5280 	5317
f 5281 	5282 	5318
f 5317 	5281 	5318
f 5282 	5283 	5319
f 5318 	5282 	5319
f 5283 	5284 	5320
f 5319 	5283 	5320
f 5284 	5285 	5321
f 5320 	5284 	5321
f 5285 	5286 	5322
f 5321 	5285 	5322
f 5286 	5287 	5323
f 5322 	5286 	5323
f 5287 	5288 	5324
f 5323 	5287 	5324
f 5288 	5289 	5325
f 5324 	5288 	5325
f 5289 	5290 	5326
f 5325 	5289 	5326
f 5290 	5291 	5327
f 5326 	5290 	5327
f 5291 	5292 	5328
f 5327 	5291 	5328
f 5292 	5293 	5329
f 5328 	5292 	5329
f 5293 	5294 	5330
f 5329 	5293 	5330
f 5294 	5295 	5331
f 5330 	5294 	5331
f 5295 	5261 	5297
f 5331 	5295 	5297
f 5297 	5296 	5332
f 5333 	5297 	5332
f 5296 	5298 	5334
f 5332 	5296 	5334
f 5298 	5299 	5335
f 5334 	5298 	5335
f 5299 	5300 	5336
f 5335 	5299 	5336
f 5300 	5301 	5337
f 5336 	5300 	5337
f 5301 	5302 	5338
f 5337 	5301 	5338
f 5302 	5303 	5339
f 5338 	5302 	5339
f 5303 	5304 	5340
f 5339 	5303 	5340
f 5304 	5305 	5341
f 5340 	5304 	5341
f 5305 	5306 	5342
f 5341 	5305 	5342
f 5306 	5307 	5343
f 5342 	5306 	5343
f 5307 	5308 	5344
f 5343 	5307 	5344
f 5308 	5309 	5345
f 5344 	5308 	5345
f 5309 	5310 	5346
f 5345 	5309 	5346
f 5310 	5311 	5347
f 5346 	5310 	5347
f 5311 	5312 	5348
f 5347 	5311 	5348
f 5312 	5313 	5349
f 5348 	5312 	5349
f 5313 	5314 	5350
f 5349 	5313 	5350
f 5314 	5315 	5351
f 5350 	5314 	5351
f 5315 	5316 	5352
f 5351 	5315 	5352
f 5316 	5317 	5353
f 5352 	5316 	5353
f 5317 	5318 	5354
f 5353 	5317 	5354
f 5318 	5319 	5355
f 5354 	5318 	5355
f 5319 	5320 	5356
f 5355 	5319 	5356
f 5320 	5321 	5357
f 5356 	5320 	5357
f 5321 	5322 	5358
f 5357 	5321 	5358
f 5322 	5323 	5359
f 5358 	5322 	5359
f 5323 	5324 	5360
f 5359 	5323 	5360
f 5324 	5325 	5361
f 5360 	5324 	5361
f 5325 	5326 	5362
f 5361 	5325 	5362
f 5326 	5327 	5363
f 5362 	5326 	5363
f 5327 	5328 	5364
f 5363 	5327 	5364
f 5328 	5329 	5365
f 5364 	5328 	5365
f 5329 	5330 	5366
f 5365 	5329 	5366
f 5330 	5331 	5367
f 5366 	5330 	5367
f 5331 	5297 	5333
f 5367 	5331 	5333
f 5333 	5332 	5368
f 5369 	5333 	5368
f 5332 	5334 	5370
f 5368 	5332 	5370
f 5334 	5335 	5371
f 5370 	5334 	5371
f 5335 	5336 	5372
f 5371 	5335 	5372
f 5336 	5337 	5373
f 5372 	5336 	5373
f 5337 	5338 	5374
f 5373 	5337 	5374
f 5338 	5339 	5375
f 5374 	5338 	5375
f 5339 	5340 	5376
f 5375 	5339 	5376
f 5340 	5341 	5377
f 5376 	5340 	5377
f 5341 	5342 	5378
f 5377 	5341 	5378
f 5342 	5343 	5379
f 5378 	5342 	5379
f 5343 	5344 	5380
f 5379 	5343 	5380
f 5344 	5345 	5381
f 5380 	5344 	5381
f 5345 	5346 	5382
f 5381 	5345 	5382
f 5346 	5347 	5383
f 5382 	5346 	5383
f 5347 	5348 	5384
f 5383 	5347 	5384
f 5348 	5349 	5385
f 5384 	5348 	5385
f 5349 	5350 	5386
f 5385 	5349 	5386
f 5350 	5351 	5387
f 5386 	5350 	5387
f 5351 	5352 	5388
f 5387 	5351 	5388
f 5352 	5353 	5389
f 5388 	5352 	5389
f 5353 	5354 	5390
f 5389 	5353 	5390
f 5354 	5355 	5391
f 5390 	5354 	5391
f 5355 	5356 	5392
f 5391 	5355 	5392
f 5356 	5357 	5393
f 5392 	5356 	5393
f 5357 	5358 	5394
f 5393 	5357 	5394
f 5358 	5359 	5395
f 5394 	5358 	5395
f 5359 	5360 	5396
f 5395 	5359 	5396
f 5360 	5361 	5397
f 5396 	5360 	5397
f 5361 	5362 	5398
f 5397 	5361 	5398
f 5362 	5363 	5399
f 5398 	5362 	5399
f 5363 	5364 	5400
f 5399 	5363 	5400
f 5364 	5365 	5401
f 5400 	5364 	5401
f 5365 	5366 	5402
f 5401 	5365 	5402
f 5366 	5367 	5403
f 5402 	5366 	5403
f 5367 	5333 	5369
f 5403 	5367 	5369
f 5369 	5368 	5404
f 5405 	5369 	5404
f 5368 	5370 	5406
f 5404 	5368 	5406
f 5370 	5371 	5407
f 5406 	5370 	5407
f 5371 	5372 	5408
f 5407 	5371 	5408
f 5372 	5373 	5409
f 5408 	5372 	5409
f 5373 	5374 	5410
f 5409 	5373 	5410
f 5374 	5375 	5411
f 5410 	5374 	5411
f 5375 	5376 	5412
f 5411 	5375 	5412
f 5376 	5377 	5413
f 5412 	5376 	5413
f 5377 	5378 	5414
f 5413 	5377 	5414
f 5378 	5379 	5415
f 5414 	5378 	5415
f 5379 	5380 	5416
f 5415 	5379 	5416
f 5380 	5381 	5417
f 5416 	5380 	5417
f 5381 	5382 	5418
f 5417 	5381 	5418
f 5382 	5383 	5419
f 5418 	5382 	5419
f 5383 	5384 	5420
f 5419 	5383 	5420
f 5384 	5385 	5421
f 5420 	5384 	5421
f 5385 	5386 	5422
f 5421 	5385 	5422
f 5386 	5387 	5423
f 5422 	5386 	5423
f 5387 	5388 	5424
f 5423 	5387 	5424
f 5388 	5389 	5425
f 5424 	5388 	5425
f 5389 	5390 	5426
f 5425 	5389 	5426
f 5390 	5391 	5427
f 5426 	5390 	5427
f 5391 	5392 	5428
f 5427 	5391 	5428
f 5392 	5393 	5429
f 5428 	5392 	5429
f 5393 	5394 	5430
f 5429 	5393 	5430
f 5394 	5395 	5431
f 5430 	5394 	5431
f 5395 	5396 	5432
f 5431 	5395 	5432
f 5396 	5397 	5433
f 5432 	5396 	5433
f 5397 	5398 	5434
f 5433 	5397 	5434
f 5398 	5399 	5435
f 5434 	5398 	5435
f 5399 	5400 	5436
f 5435 	5399 	5436
f 5400 	5401 	5437
f 5436 	5400 	5437
f 5401 	5402 	5438
f 5437 	5401 	5438
f 5402 	5403 	5439
f 5438 	5402 	5439
f 5403 	5369 	5405
f 5439 	5403 	5405
f 5405 	5404 	5440
f 5441 	5405 	5440
f 5404 	5406 	5442
f 5440 	5404 	5442
f 5406 	5407 	5443
f 5442 	5406 	5443
f 5407 	5408 	5444
f 5443 	5407 	5444
f 5408 	5409 	5445
f 5444 	5408 	5445
f 5409 	5410 	5446
f 5445 	5409 	5446
f 5410 	5411 	5447
f 5446 	5410 	5447
f 5411 	5412 	5448
f 5447 	5411 	5448
f 5412 	5413 	5449
f 5448 	5412 	5449
f 5413 	5414 	5450
f 5449 	5413 	5450
f 5414 	5415 	5451
f 5450 	5414 	5451
f 5415 	5416 	5452
f 5451 	5415 	5452
f 5416 	5417 	5453
f 5452 	5416 	5453
f 5417 	5418 	5454
f 5453 	5417 	5454
f 5418 	5419 	5455
f 5454 	5418 	5455
f 5419 	5420 	5456
f 5455 	5419 	5456
f 5420 	5421 	5457
f 5456 	5420 	5457
f 5421 	5422 	5458
f 5457 	5421 	5458
f 5422 	5423 	5459
f 5458 	5422 	5459
f 5423 	5424 	5460
f 5459 	5423 	5460
f 5424 	5425 	5461
f 5460 	5424 	5461
f 5425 	5426 	5462
f 5461 	5425 	5462
f 5426 	5427 	5463
f 5462 	5426 	5463
f 5427 	5428 	5464
f 5463 	5427 	5464
f 5428 	5429 	5465
f 5464 	5428 	5465
f 5429 	5430 	5466
f 5465 	5429 	5466
f 5430 	5431 	5467
f 5466 	5430 	5467
f 5431 	5432 	5468
f 5467 	5431 	5468
f 5432 	5433 	5469
f 5468 	5432 	5469
f 5433 	5434 	5470
f 5469 	5433 	5470
f 5434 	5435 	5471
f 5470 	5434 	5471
f 5435 	5436 	5472
f 5471 	5435 	5472
f 5436 	5437 	5473
f 5472 	5436 	5473
f 5437 	5438 	5474
f 5473 	5437 	5474
f 5438 	5439 	5475
f 5474 	5438 	5475
f 5439 	5405 	5441
f 5475 	5439 	5441
f 5441 	5440 	5476
f 5477 	5441 	5476
f 5440 	5442 	5478
f 5476 	5440 	5478
f 5442 	5443 	5479
f 5478 	5442 	5479
f 5443 	5444 	5480
f 5479 	5443 	5480
f 5444 	5445 	5481
f 5480 	5444 	5481
f 5445 	5446 	5482
f 5481 	5445 	5482
f 5446 	5447 	5483
f 5482 	5446 	5483
f 5447 	5448 	5484
f 5483 	5447 	5484
f 5448 	5449 	5485
f 5484 	5448 	5485
f 5449 	5450 	5486
f 5485 	5449 	5486
f 5450 	5451 	5487
f 5486 	5450 	5487
f 5451 	5452 	5488
f 5487 	5451 	5488
f 5452 	5453 	5489
f 5488 	5452 	5489
f 5453 	5454 	5490
f 5489 	5453 	5490
f 5454 	5455 	5491
f 5490 	5454 	5491
f 5455 	5456 	5492
f 5491 	5455 	5492
f 5456 	5457 	5493
f 5492 	5456 	5493
f 5457 	5458 	5494
f 5493 	5457 	5494
f 5458 	5459 	5495
f 5494 	5458 	5495
f 5459 	5460 	5496
f 5495 	5459 	5496
f 5460 	5461 	5497
f 5496 	5460 	5497
f 5461 	5462 	5498
f 5497 	5461 	5498
f 5462 	5463 	5499
f 5498 	5462 	5499
f 5463 	5464 	5500
f 5499 	5463 	5500
f 5464 	5465 	5501
f 5500 	5464 	5501
f 5465 	5466 	5502
f 5501 	5465 	5502
f 5466 	5467 	5503
f 5502 	5466 	5503
f 5467 	5468 	5504
f 5503 	5467 	5504
f 5468 	5469 	5505
f 5504 	5468 	5505
f 5469 	5470 	5506
f 5505 	5469 	5506
f 5470 	5471 	5507
f 5506 	5470 	5507
f 5471 	5472 	5508
f 5507 	5471 	5508
f 5472 	5473 	5509
f 5508 	5472 	5509
f 5473 	5474 	5510
f 5509 	5473 	5510
f 5474 	5475 	5511
f 5510 	5474 	5511
f 5475 	5441 	5477
f 5511 	5475 	5477
f 5477 	5476 	5512
f 5513 	5477 	5512
f 5476 	5478 	5514
f 5512 	5476 	5514
f 5478 	5479 	5515
f 5514 	5478 	5515
f 5479 	5480 	5516
f 5515 	5479 	5516
f 5480 	5481 	5517
f 5516 	5480 	5517
f 5481 	5482 	5518
f 5517 	5481 	5518
f 5482 	5483 	5519
f 5518 	5482 	5519
f 5483 	5484 	5520
f 5519 	5483 	5520
f 5484 	5485 	5521
f 5520 	5484 	5521
f 5485 	5486 	5522
f 5521 	5485 	5522
f 5486 	5487 	5523
f 5522 	5486 	5523
f 5487 	5488 	5524
f 5523 	5487 	5524
f 5488 	5489 	5525
f 5524 	5488 	5525
f 5489 	5490 	5526
f 5525 	5489 	5526
f 5490 	5491 	5527
f 5526 	5490 	5527
f 5491 	5492 	5528
f 5527 	5491 	5528
f 5492 	5493 	5529
f 5528 	5492 	5529
f 5493 	5494 	5530
f 5529 	5493 	5530
f 5494 	5495 	5531
f 5530 	5494 	5531
f 5495 	5496 	5532
f 5531 	5495 	5532
f 5496 	5497 	5533
f 5532 	5496 	5533
f 5497 	5498 	5534
f 5533 	5497 	5534
f 5498 	5499 	5535
f 5534 	5498 	5535
f 5499 	5500 	5536
f 5535 	5499 	5536
f 5500 	5501 	5537
f 5536 	5500 	5537
f 5501 	5502 	5538
f 5537 	5501 	5538
f 5502 	5503 	5539
f 5538 	5502 	5539
f 5503 	5504 	5540
f 5539 	5503 	5540
f 5504 	5505 	5541
f 5540 	5504 	5541
f 5505 	5506 	5542
f 5541 	5505 	5542
f 5506 	5507 	5543
f 5542 	5506 	5543
f 5507 	5508 	5544
f 5543 	5507 	5544
f 5508 	5509 	5545
f 5544 	5508 	5545
f 5509 	5510 	5546
f 5545 	5509 	5546
f 5510 	5511 	5547
f 5546 	5510 	5547
f 5511 	5477 	5513
f 5547 	5511 	5513
f 5513 	5512 	5548
f 5549 	5513 	5548
f 5512 	5514 	5550
f 5548 	5512 	5550
f 5514 	5515 	5551
f 5550 	5514 	5551
f 5515 	5516 	5552
f 5551 	5515 	5552
f 5516 	5517 	5553
f 5552 	5516 	5553
f 5517 	5518 	5554
f 5553 	5517 	5554
f 5518 	5519 	5555
f 5554 	5518 	5555
f 5519 	5520 	5556
f 5555 	5519 	5556
f 5520 	5521 	5557
f 5556 	5520 	5557
f 5521 	5522 	5558
f 5557 	5521 	5558
f 5522 	5523 	5559
f 5558 	5522 	5559
f 5523 	5524 	5560
f 5559 	5523 	5560
f 5524 	5525 	5561
f 5560 	5524 	5561
f 5525 	5526 	5562
f 5561 	5525 	5562
f 5526 	5527 	5563
f 5562 	5526 	5563
f 5527 	5528 	5564
f 5563 	5527 	5564
f 5528 	5529 	5565
f 5564 	5528 	5565
f 5529 	5530 	5566
f 5565 	5529 	5566
f 5530 	5531 	5567
f 5566 	5530 	5567
f 5531 	5532 	5568
f 5567 	5531 	5568
f 5532 	5533 	5569
f 5568 	5532 	5569
f 5533 	5534 	5570
f 5569 	5533 	5570
f 5534 	5535 	5571
f 5570 	5534 	5571
f 5535 	5536 	5572
f 5571 	5535 	5572
f 5536 	5537 	5573
f 5572 	5536 	5573
f 5537 	5538 	5574
f 5573 	5537 	5574
f 5538 	5539 	5575
f 5574 	5538 	5575
f 5539 	5540 	5576
f 5575 	5539 	5576
f 5540 	5541 	5577
f 5576 	5540 	5577
f 5541 	5542 	5578
f 5577 	5541 	5578
f 5542 	5543 	5579
f 5578 	5542 	5579
f 5543 	5544 	5580
f 5579 	5543 	5580
f 5544 	5545 	5581
f 5580 	5544 	5581
f 5545 	5546 	5582
f 5581 	5545 	5582
f 5546 	5547 	5583
f 5582 	5546 	5583
f 5547 	5513 	5549
f 5583 	5547 	5549
f 5549 	5548 	5584
f 5585 	5549 	5584
f 5548 	5550 	5586
f 5584 	5548 	5586
f 5550 	5551 	5587
f 5586 	5550 	5587
f 5551 	5552 	5588
f 5587 	5551 	5588
f 5552 	5553 	5589
f 5588 	5552 	5589
f 5553 	5554 	5590
f 5589 	5553 	5590
f 5554 	5555 	5591
f 5590 	5554 	5591
f 5555 	5556 	5592
f 5591 	5555 	5592
f 5556 	5557 	5593
f 5592 	5556 	5593
f 5557 	5558 	5594
f 5593 	5557 	5594
f 5558 	5559 	5595
f 5594 	5558 	5595
f 5559 	5560 	5596
f 5595 	5559 	5596
f 5560 	5561 	5597
f 5596 	5560 	5597
f 5561 	5562 	5598
f 5597 	5561 	5598
f 5562 	5563 	5599
f 5598 	5562 	5599
f 5563 	5564 	5600
f 5599 	5563 	5600
f 5564 	5565 	5601
f 5600 	5564 	5601
f 5565 	5566 	5602
f 5601 	5565 	5602
f 5566 	5567 	5603
f 5602 	5566 	5603
f 5567 	5568 	5604
f 5603 	5567 	5604
f 5568 	5569 	5605
f 5604 	5568 	5605
f 5569 	5570 	5606
f 5605 	5569 	5606
f 5570 	5571 	5607
f 5606 	5570 	5607
f 5571 	5572 	5608
f 5607 	5571 	5608
f 5572 	5573 	5609
f 5608 	5572 	5609
f 5573 	5574 	5610
f 5609 	5573 	5610
f 5574 	5575 	5611
f 5610 	5574 	5611
f 5575 	5576 	5612
f 5611 	5575 	5612
f 5576 	5577 	5613
f 5612 	5576 	5613
f 5577 	5578 	5614
f 5613 	5577 	5614
f 5578 	5579 	5615
f 5614 	5578 	5615
f 5579 	5580 	5616
f 5615 	5579 	5616
f 5580 	5581 	5617
f 5616 	5580 	5617
f 5581 	5582 	5618
f 5617 	5581 	5618
f 5582 	5583 	5619
f 5618 	5582 	5619
f 5583 	5549 	5585
f 5619 	5583 	5585
f 5585 	5584 	5620
f 5621 	5585 	5620
f 5584 	5586 	5622
f 5620 	5584 	5622
f 5586 	5587 	5623
f 5622 	5586 	5623
f 5587 	5588 	5624
f 5623 	5587 	5624
f 5588 	5589 	5625
f 5624 	5588 	5625
f 5589 	5590 	5626
f 5625 	5589 	5626
f 5590 	5591 	5627
f 5626 	5590 	5627
f 5591 	5592 	5628
f 5627 	5591 	5628
f 5592 	5593 	5629
f 5628 	5592 	5629
f 5593 	5594 	5630
f 5629 	5593 	5630
f 5594 	5595 	5631
f 5630 	5594 	5631
f 5595 	5596 	5632
f 5631 	5595 	5632
f 5596 	5597 	5633
f 5632 	5596 	5633
f 5597 	5598 	5634
f 5633 	5597 	5634
f 5598 	5599 	5635
f 5634 	5598 	5635
f 5599 	5600 	5636
f 5635 	5599 	5636
f 5600 	5601 	5637
f 5636 	5600 	5637
f 5601 	5602 	5638
f 5637 	5601 	5638
f 5602 	5603 	5639
f 5638 	5602 	5639
f 5603 	5604 	5640
f 5639 	5603 	5640
f 5604 	5605 	5641
f 5640 	5604 	5641
f 5605 	5606 	5642
f 5641 	5605 	5642
f 5606 	5607 	5643
f 5642 	5606 	5643
f 5607 	5608 	5644
f 5643 	5607 	5644
f 5608 	5609 	5645
f 5644 	5608 	5645
f 5609 	5610 	5646
f 5645 	5609 	5646
f 5610 	5611 	5647
f 5646 	5610 	5647
f 5611 	5612 	5648
f 5647 	5611 	5648
f 5612 	5613 	5649
f 5648 	5612 	5649
f 5613 	5614 	5650
f 5649 	5613 	5650
f 5614 	5615 	5651
f 5650 	5614 	5651
f 5615 	5616 	5652
f 5651 	5615 	5652
f 5616 	5617 	5653
f 5652 	5616 	5653
f 5617 	5618 	5654
f 5653 	5617 	5654
f 5618 	5619 	5655
f 5654 	5618 	5655
f 5619 	5585 	5621
f 5655 	5619 	5621
f 5621 	5620 	5656
f 5620 	5622 	5656
f 5622 	5623 	5656
f 5623 	5624 	5656
f 5624 	5625 	5656
f 5625 	5626 	5656
f 5626 	5627 	5656
f 5627 	5628 	5656
f 5628 	5629 	5656
f 5629 	5630 	5656
f 5630 	5631 	5656
f 5631 	5632 	5656
f 5632 	5633 	5656
f 5633 	5634 	5656
f 5634 	5635 	5656
f 5635 	5636 	5656
f 5636 	5637 	5656
f 5637 	5638 	5656
f 5638 	5639 	5656
f 5639 	5640 	5656
f 5640 	5641 	5656
f 5641 	5642 	5656
f 5642 	5643 	5656
f 5643 	5644 	5656
f 5644 	5645 	5656
f 5645 	5646 	5656
f 5646 	5647 	5656
f 5647 	5648 	5656
f 5648 	5649 	5656
f 5649 	5650 	5656
f 5650 	5651 	5656
f 5651 	5652 	5656
f 5652 	5653 	5656
f 5653 	5654 	5656
f 5654 	5655 	5656
f 5655 	5621 	5656
# 1296 faces

 #end of obj_7

o obj_8
v -7.7426 		2.1694 		11.7223
v -7.7136 		2.1507 		11.7393
v -7.7172 		2.1452 		11.7382
v -7.7217 		2.1404 		11.7365
v -7.7267 		2.1365 		11.7344
v -7.7322 		2.1336 		11.7319
v -7.7379 		2.1317 		11.729
v -7.7438 		2.1311 		11.7258
v -7.7497 		2.1315 		11.7226
v -7.7553 		2.1331 		11.7192
v -7.7605 		2.1359 		11.7159
v -7.7651 		2.1396 		11.7128
v -7.769 		2.1442 		11.7099
v -7.7721 		2.1496 		11.7073
v -7.7742 		2.1555 		11.7052
v -7.7754 		2.1619 		11.7035
v -7.7756 		2.1685 		11.7023
v -7.7747 		2.1752 		11.7017
v -7.7728 		2.1816 		11.7017
v -7.77 		2.1877 		11.7023
v -7.7664 		2.1932 		11.7034
v -7.762 		2.198 		11.7051
v -7.7569 		2.2019 		11.7072
v -7.7514 		2.2048 		11.7097
v -7.7457 		2.2066 		11.7126
v -7.7398 		2.2073 		11.7158
v -7.7339 		2.2068 		11.719
v -7.7283 		2.2052 		11.7224
v -7.7231 		2.2025 		11.7257
v -7.7185 		2.1988 		11.7288
v -7.7146 		2.1942 		11.7317
v -7.7115 		2.1888 		11.7343
v -7.7094 		2.1828 		11.7364
v -7.7082 		2.1764 		11.7381
v -7.708 		2.1698 		11.7393
v -7.7089 		2.1632 		11.7399
v -7.7108 		2.1567 		11.7399
v -7.6905 		2.1206 		11.7511
v -7.6831 		2.1316 		11.7533
v -7.6993 		2.1111 		11.7478
v -7.7093 		2.1033 		11.7435
v -7.7202 		2.0975 		11.7385
v -7.7317 		2.0939 		11.7327
v -7.7435 		2.0925 		11.7265
v -7.7551 		2.0935 		11.7199
v -7.7662 		2.0967 		11.7133
v -7.7766 		2.1021 		11.7067
v -7.7858 		2.1095 		11.7005
v -7.7936 		2.1187 		11.6947
v -7.7997 		2.1294 		11.6896
v -7.804 		2.1413 		11.6853
v -7.8064 		2.154 		11.682
v -7.8067 		2.1672 		11.6797
v -7.805 		2.1804 		11.6785
v -7.8013 		2.1933 		11.6784
v -7.7957 		2.2054 		11.6796
v -7.7883 		2.2163 		11.6818
v -7.7795 		2.2258 		11.6851
v -7.7695 		2.2336 		11.6893
v -7.7586 		2.2394 		11.6944
v -7.7471 		2.243 		11.7002
v -7.7353 		2.2444 		11.7064
v -7.7237 		2.2435 		11.7129
v -7.7126 		2.2403 		11.7196
v -7.7022 		2.2349 		11.7261
v -7.693 		2.2275 		11.7324
v -7.6852 		2.2183 		11.7382
v -7.6791 		2.2075 		11.7433
v -7.6748 		2.1956 		11.7476
v -7.6724 		2.1829 		11.7509
v -7.6721 		2.1697 		11.7532
v -7.6738 		2.1565 		11.7544
v -7.6775 		2.1437 		11.7544
v -7.6625 		2.096 		11.7608
v -7.6516 		2.1123 		11.7642
v -7.6756 		2.0818 		11.7559
v -7.6905 		2.0702 		11.7496
v -7.7068 		2.0616 		11.742
v -7.724 		2.0562 		11.7335
v -7.7415 		2.0541 		11.7242
v -7.7588 		2.0555 		11.7144
v -7.7754 		2.0603 		11.7045
v -7.7908 		2.0683 		11.6948
v -7.8046 		2.0794 		11.6854
v -7.8162 		2.0931 		11.6768
v -7.8253 		2.1091 		11.6692
v -7.8318 		2.1268 		11.6628
v -7.8353 		2.1458 		11.6578
v -7.8357 		2.1654 		11.6544
v -7.8332 		2.1851 		11.6526
v -7.8276 		2.2042 		11.6526
v -7.8193 		2.2223 		11.6542
v -7.8084 		2.2386 		11.6576
v -7.7953 		2.2528 		11.6625
v -7.7803 		2.2644 		11.6688
v -7.764 		2.273 		11.6764
v -7.7469 		2.2784 		11.6849
v -7.7294 		2.2805 		11.6942
v -7.712 		2.2791 		11.704
v -7.6954 		2.2743 		11.7139
v -7.68 		2.2663 		11.7236
v -7.6663 		2.2552 		11.733
v -7.6547 		2.2415 		11.7416
v -7.6455 		2.2255 		11.7492
v -7.6391 		2.2078 		11.7556
v -7.6356 		2.1888 		11.7606
v -7.6351 		2.1692 		11.764
v -7.6377 		2.1495 		11.7658
v -7.6432 		2.1304 		11.7658
v -7.6335 		2.0714 		11.7674
v -7.6191 		2.093 		11.7718
v -7.6508 		2.0527 		11.7609
v -7.6706 		2.0374 		11.7525
v -7.6921 		2.026 		11.7425
v -7.7148 		2.0188 		11.7312
v -7.7379 		2.0161 		11.7189
v -7.7608 		2.0179 		11.7061
v -7.7828 		2.0243 		11.693
v -7.8031 		2.0349 		11.6801
v -7.8213 		2.0495 		11.6677
v -7.8366 		2.0676 		11.6564
v -7.8487 		2.0887 		11.6463
v -7.8572 		2.1122 		11.6378
v -7.8618 		2.1373 		11.6312
v -7.8625 		2.1632 		11.6267
v -7.8591 		2.1892 		11.6244
v -7.8517 		2.2145 		11.6243
v -7.8407 		2.2383 		11.6265
v -7.8263 		2.2599 		11.6309
v -7.809 		2.2787 		11.6374
v -7.7892 		2.294 		11.6458
v -7.7677 		2.3054 		11.6558
v -7.745 		2.3125 		11.6671
v -7.7219 		2.3153 		11.6793
v -7.699 		2.3134 		11.6922
v -7.677 		2.3071 		11.7053
v -7.6567 		2.2965 		11.7182
v -7.6385 		2.2819 		11.7306
v -7.6232 		2.2637 		11.7419
v -7.6111 		2.2426 		11.752
v -7.6026 		2.2192 		11.7605
v -7.598 		2.1941 		11.7671
v -7.5973 		2.1682 		11.7716
v -7.6007 		2.1421 		11.7739
v -7.6081 		2.1168 		11.774
v -7.6037 		2.0471 		11.7706
v -7.586 		2.0738 		11.7761
v -7.6252 		2.024 		11.7626
v -7.6495 		2.0051 		11.7523
v -7.6761 		1.991 		11.7399
v -7.7042 		1.9821 		11.726
v -7.7328 		1.9788 		11.7108
v -7.7611 		1.9811 		11.6949
v -7.7882 		1.9889 		11.6787
v -7.8133 		2.002 		11.6628
v -7.8357 		2.02 		11.6475
v -7.8547 		2.0424 		11.6335
v -7.8697 		2.0685 		11.621
v -7.8802 		2.0975 		11.6106
v -7.8859 		2.1285 		11.6024
v -7.8867 		2.1605 		11.5968
v -7.8825 		2.1927 		11.5939
v -7.8734 		2.2239 		11.5939
v -7.8598 		2.2534 		11.5966
v -7.842 		2.2801 		11.602
v -7.8206 		2.3032 		11.6101
v -7.7962 		2.3221 		11.6204
v -7.7696 		2.3362 		11.6327
v -7.7416 		2.3451 		11.6467
v -7.713 		2.3484 		11.6619
v -7.6847 		2.3462 		11.6778
v -7.6575 		2.3383 		11.694
v -7.6324 		2.3252 		11.7099
v -7.61 		2.3072 		11.7252
v -7.591 		2.2848 		11.7392
v -7.576 		2.2587 		11.7516
v -7.5655 		2.2297 		11.7621
v -7.5598 		2.1987 		11.7703
v -7.5591 		2.1667 		11.7759
v -7.5633 		2.1345 		11.7788
v -7.5723 		2.1033 		11.7788
v -7.5735 		2.0233 		11.7706
v -7.5524 		2.0549 		11.7771
v -7.5988 		1.9959 		11.7612
v -7.6276 		1.9735 		11.7489
v -7.6591 		1.9569 		11.7343
v -7.6923 		1.9464 		11.7178
v -7.7261 		1.9424 		11.6998
v -7.7596 		1.9451 		11.681
v -7.7917 		1.9544 		11.6619
v -7.8214 		1.9699 		11.643
v -7.8479 		1.9913 		11.625
v -7.8704 		2.0178 		11.6084
v -7.8881 		2.0486 		11.5936
v -7.9005 		2.0829 		11.5813
v -7.9073 		2.1196 		11.5716
v -7.9082 		2.1575 		11.565
v -7.9032 		2.1955 		11.5616
v -7.8925 		2.2325 		11.5615
v -7.8764 		2.2673 		11.5647
v -7.8553 		2.2989 		11.5712
v -7.83 		2.3263 		11.5807
v -7.8011 		2.3487 		11.5929
v -7.7697 		2.3653 		11.6075
v -7.7365 		2.3758 		11.624
v -7.7027 		2.3798 		11.642
v -7.6692 		2.3771 		11.6608
v -7.6371 		2.3678 		11.6799
v -7.6073 		2.3523 		11.6988
v -7.5808 		2.3309 		11.7168
v -7.5584 		2.3044 		11.7334
v -7.5407 		2.2736 		11.7482
v -7.5283 		2.2393 		11.7605
v -7.5215 		2.2026 		11.7702
v -7.5206 		2.1647 		11.7768
v -7.5256 		2.1267 		11.7802
v -7.5363 		2.0897 		11.7803
v -7.5428 		2.0001 		11.7673
v -7.5187 		2.0364 		11.7748
v -7.5719 		1.9687 		11.7565
v -7.605 		1.943 		11.7424
v -7.6411 		1.9239 		11.7257
v -7.6791 		1.9119 		11.7067
v -7.718 		1.9073 		11.6861
v -7.7564 		1.9104 		11.6645
v -7.7932 		1.9211 		11.6426
v -7.8273 		1.9389 		11.6209
v -7.8577 		1.9634 		11.6003
v -7.8835 		1.9938 		11.5812
v -7.9038 		2.0292 		11.5643
v -7.918 		2.0685 		11.5501
v -7.9258 		2.1105 		11.539
v -7.9268 		2.154 		11.5314
v -7.9211 		2.1977 		11.5275
v -7.9088 		2.2401 		11.5274
v -7.8903 		2.28 		11.5311
v -7.8662 		2.3163 		11.5385
v -7.8371 		2.3477 		11.5494
v -7.804 		2.3734 		11.5634
v -7.7679 		2.3925 		11.5802
v -7.7299 		2.4045 		11.5991
v -7.6911 		2.409 		11.6197
v -7.6527 		2.406 		11.6413
v -7.6158 		2.3953 		11.6633
v -7.5817 		2.3775 		11.6849
v -7.5513 		2.353 		11.7056
v -7.5256 		2.3226 		11.7247
v -7.5052 		2.2872 		11.7416
v -7.491 		2.2479 		11.7558
v -7.4832 		2.2059 		11.7668
v -7.4822 		2.1624 		11.7744
v -7.4879 		2.1187 		11.7784
v -7.5002 		2.0763 		11.7785
v -7.5121 		1.9778 		11.7608
v -7.4851 		2.0184 		11.7691
v -7.5447 		1.9426 		11.7486
v -7.5818 		1.9138 		11.7329
v -7.6223 		1.8923 		11.7141
v -7.6649 		1.8789 		11.6929
v -7.7084 		1.8738 		11.6698
v -7.7514 		1.8772 		11.6456
v -7.7927 		1.8891 		11.621
v -7.8309 		1.9091 		11.5967
v -7.865 		1.9366 		11.5736
v -7.8939 		1.9706 		11.5522
v -7.9166 		2.0103 		11.5333
v -7.9326 		2.0544 		11.5174
v -7.9413 		2.1015 		11.5049
v -7.9425 		2.1502 		11.4964
v -7.9361 		2.1991 		11.492
v -7.9223 		2.2467 		11.4919
v -7.9016 		2.2914 		11.4961
v -7.8745 		2.332 		11.5044
v -7.8419 		2.3673 		11.5166
v -7.8048 		2.396 		11.5323
v -7.7644 		2.4175 		11.5511
v -7.7217 		2.4309 		11.5723
v -7.6783 		2.436 		11.5954
v -7.6352 		2.4326 		11.6196
v -7.5939 		2.4207 		11.6442
v -7.5557 		2.4007 		11.6684
v -7.5216 		2.3732 		11.6916
v -7.4928 		2.3392 		11.713
v -7.47 		2.2995 		11.7319
v -7.454 		2.2554 		11.7478
v -7.4453 		2.2083 		11.7602
v -7.4442 		2.1596 		11.7687
v -7.4506 		2.1107 		11.7731
v -7.4643 		2.0631 		11.7733
v -7.4816 		1.9564 		11.751
v -7.4518 		2.0011 		11.7602
v -7.5174 		1.9177 		11.7376
v -7.5582 		1.886 		11.7203
v -7.6027 		1.8624 		11.6997
v -7.6496 		1.8476 		11.6763
v -7.6975 		1.842 		11.6509
v -7.7448 		1.8458 		11.6243
v -7.7902 		1.8589 		11.5972
v -7.8323 		1.8809 		11.5705
v -7.8698 		1.9111 		11.5451
v -7.9015 		1.9485 		11.5215
v -7.9266 		1.9922 		11.5007
v -7.9441 		2.0407 		11.4832
v -7.9537 		2.0925 		11.4696
v -7.955 		2.1461 		11.4602
v -7.9479 		2.1999 		11.4554
v -7.9328 		2.2522 		11.4552
v -7.91 		2.3014 		11.4598
v -7.8802 		2.3461 		11.4689
v -7.8444 		2.3848 		11.4824
v -7.8036 		2.4165 		11.4997
v -7.7591 		2.4401 		11.5203
v -7.7122 		2.4549 		11.5437
v -7.6643 		2.4605 		11.5691
v -7.617 		2.4567 		11.5957
v -7.5716 		2.4436 		11.6228
v -7.5295 		2.4216 		11.6494
v -7.492 		2.3914 		11.6749
v -7.4603 		2.354 		11.6984
v -7.4353 		2.3103 		11.7192
v -7.4177 		2.2618 		11.7367
v -7.4081 		2.21 		11.7504
v -7.4068 		2.1564 		11.7598
v -7.4139 		2.1026 		11.7646
v -7.429 		2.0503 		11.7647
v -7.4514 		1.9362 		11.7381
v -7.4192 		1.9846 		11.748
v -7.4902 		1.8942 		11.7236
v -7.5344 		1.8599 		11.7049
v -7.5827 		1.8343 		11.6825
v -7.6335 		1.8183 		11.6572
v -7.6853 		1.8122 		11.6297
v -7.7366 		1.8164 		11.6008
v -7.7858 		1.8305 		11.5715
v -7.8314 		1.8543 		11.5426
v -7.872 		1.887 		11.515
v -7.9064 		1.9277 		11.4895
v -7.9335 		1.9749 		11.467
v -7.9525 		2.0275 		11.448
v -7.9629 		2.0836 		11.4332
v -7.9643 		2.1417 		11.4231
v -7.9566 		2.2 		11.4178
v -7.9402 		2.2566 		11.4177
v -7.9155 		2.31 		11.4226
v -7.8833 		2.3583 		11.4325
v -7.8445 		2.4003 		11.4471
v -7.8003 		2.4346 		11.4658
v -7.752 		2.4602 		11.4882
v -7.7012 		2.4762 		11.5135
v -7.6494 		2.4823 		11.541
v -7.5981 		2.4782 		11.5698
v -7.5489 		2.464 		11.5992
v -7.5033 		2.4402 		11.6281
v -7.4627 		2.4075 		11.6557
v -7.4284 		2.3669 		11.6811
v -7.4012 		2.3196 		11.7037
v -7.3822 		2.2671 		11.7227
v -7.3718 		2.2109 		11.7374
v -7.3704 		2.1528 		11.7476
v -7.3781 		2.0946 		11.7528
v -7.3945 		2.0379 		11.753
v -7.4219 		1.9172 		11.7222
v -7.3874 		1.969 		11.7328
v -7.4634 		1.8724 		11.7067
v -7.5106 		1.8357 		11.6866
v -7.5622 		1.8084 		11.6627
v -7.6165 		1.7912 		11.6356
v -7.672 		1.7847 		11.6062
v -7.7268 		1.7891 		11.5754
v -7.7794 		1.8043 		11.544
v -7.8282 		1.8297 		11.5131
v -7.8716 		1.8647 		11.4836
v -7.9083 		1.9081 		11.4563
v -7.9373 		1.9587 		11.4322
v -7.9577 		2.0149 		11.412
v -7.9688 		2.0749 		11.3961
v -7.9703 		2.137 		11.3853
v -7.9621 		2.1993 		11.3797
v -7.9446 		2.2599 		11.3795
v -7.9181 		2.3169 		11.3848
v -7.8837 		2.3687 		11.3954
v -7.8422 		2.4136 		11.4109
v -7.7949 		2.4502 		11.431
v -7.7433 		2.4776 		11.4549
v -7.689 		2.4947 		11.482
v -7.6336 		2.5012 		11.5114
v -7.5787 		2.4968 		11.5422
v -7.5261 		2.4816 		11.5736
v -7.4774 		2.4562 		11.6045
v -7.434 		2.4212 		11.634
v -7.3972 		2.3778 		11.6613
v -7.3682 		2.3272 		11.6854
v -7.3478 		2.2711 		11.7056
v -7.3368 		2.211 		11.7215
v -7.3353 		2.1489 		11.7323
v -7.3434 		2.0866 		11.7379
v -7.361 		2.026 		11.7381
v -7.3932 		1.8998 		11.7033
v -7.3567 		1.9545 		11.7145
v -7.4371 		1.8523 		11.6869
v -7.487 		1.8135 		11.6657
v -7.5415 		1.7846 		11.6404
v -7.599 		1.7665 		11.6118
v -7.6576 		1.7597 		11.5807
v -7.7156 		1.7643 		11.5481
v -7.7712 		1.7804 		11.5149
v -7.8227 		1.8073 		11.4823
v -7.8686 		1.8442 		11.4511
v -7.9075 		1.8901 		11.4223
v -7.9381 		1.9436 		11.3968
v -7.9597 		2.003 		11.3754
v -7.9714 		2.0664 		11.3586
v -7.973 		2.1321 		11.3471
v -7.9643 		2.198 		11.3412
v -7.9458 		2.262 		11.3411
v -7.9178 		2.3223 		11.3467
v -7.8814 		2.377 		11.3578
v -7.8375 		2.4245 		11.3743
v -7.7875 		2.4633 		11.3955
v -7.733 		2.4922 		11.4208
v -7.6756 		2.5103 		11.4494
v -7.617 		2.5172 		11.4805
v -7.559 		2.5125 		11.5131
v -7.5034 		2.4965 		11.5462
v -7.4519 		2.4696 		11.5789
v -7.406 		2.4326 		11.6101
v -7.3671 		2.3867 		11.6389
v -7.3364 		2.3332 		11.6644
v -7.3149 		2.2738 		11.6858
v -7.3032 		2.2104 		11.7026
v -7.3016 		2.1447 		11.714
v -7.3102 		2.0788 		11.72
v -7.3288 		2.0148 		11.7201
v -7.3655 		1.8839 		11.6817
v -7.3274 		1.9411 		11.6934
v -7.4114 		1.8342 		11.6645
v -7.4637 		1.7936 		11.6423
v -7.5208 		1.7634 		11.6159
v -7.5809 		1.7444 		11.5859
v -7.6422 		1.7372 		11.5534
v -7.7029 		1.7421 		11.5192
v -7.7611 		1.7589 		11.4846
v -7.815 		1.7871 		11.4504
v -7.8631 		1.8257 		11.4177
v -7.9037 		1.8738 		11.3876
v -7.9358 		1.9297 		11.3609
v -7.9583 		1.9919 		11.3385
v -7.9706 		2.0583 		11.321
v -7.9723 		2.127 		11.309
v -7.9632 		2.196 		11.3028
v -7.9438 		2.263 		11.3026
v -7.9146 		2.3261 		11.3084
v -7.8764 		2.3833 		11.3202
v -7.8305 		2.433 		11.3373
v -7.7782 		2.4736 		11.3595
v -7.7212 		2.5038 		11.386
v -7.6611 		2.5228 		11.4159
v -7.5997 		2.53 		11.4485
v -7.5391 		2.5251 		11.4826
v -7.4809 		2.5083 		11.5173
v -7.4269 		2.4802 		11.5515
v -7.3789 		2.4415 		11.5842
v -7.3382 		2.3934 		11.6143
v -7.3061 		2.3375 		11.641
v -7.2836 		2.2754 		11.6634
v -7.2713 		2.2089 		11.6809
v -7.2697 		2.1402 		11.6929
v -7.2787 		2.0713 		11.6991
v -7.2981 		2.0042 		11.6993
v -7.3391 		1.8697 		11.6575
v -7.2996 		1.929 		11.6696
v -7.3867 		1.8182 		11.6396
v -7.441 		1.7761 		11.6167
v -7.5001 		1.7448 		11.5892
v -7.5624 		1.7251 		11.5582
v -7.626 		1.7176 		11.5244
v -7.6889 		1.7227 		11.489
v -7.7493 		1.7401 		11.4531
v -7.8052 		1.7693 		11.4176
v -7.855 		1.8094 		11.3837
v -7.8972 		1.8592 		11.3525
v -7.9304 		1.9172 		11.3248
v -7.9538 		1.9816 		11.3016
v -7.9665 		2.0505 		11.2834
v -7.9682 		2.1218 		11.271
v -7.9589 		2.1933 		11.2646
v -7.9387 		2.2628 		11.2644
v -7.9084 		2.3282 		11.2705
v -7.8689 		2.3875 		11.2826
v -7.8212 		2.439 		11.3004
v -7.767 		2.4811 		11.3234
v -7.7079 		2.5125 		11.3509
v -7.6456 		2.5321 		11.3819
v -7.582 		2.5396 		11.4157
v -7.5191 		2.5345 		11.451
v -7.4587 		2.5171 		11.487
v -7.4028 		2.4879 		11.5225
v -7.353 		2.4478 		11.5563
v -7.3108 		2.398 		11.5876
v -7.2775 		2.34 		11.6152
v -7.2542 		2.2756 		11.6385
v -7.2415 		2.2067 		11.6566
v -7.2398 		2.1354 		11.6691
v -7.2491 		2.064 		11.6755
v -7.2693 		1.9945 		11.6757
v -7.3142 		1.8573 		11.6308
v -7.2736 		1.9183 		11.6433
v -7.3632 		1.8043 		11.6125
v -7.4189 		1.7611 		11.5889
v -7.4797 		1.7289 		11.5607
v -7.5438 		1.7086 		11.5287
v -7.6091 		1.701 		11.494
v -7.6738 		1.7062 		11.4577
v -7.7358 		1.7241 		11.4207
v -7.7933 		1.7541 		11.3842
v -7.8445 		1.7953 		11.3494
v -7.8878 		1.8465 		11.3173
v -7.922 		1.9062 		11.2889
v -7.946 		1.9724 		11.265
v -7.9591 		2.0432 		11.2463
v -7.9609 		2.1164 		11.2335
v -7.9513 		2.1899 		11.2269
v -7.9305 		2.2613 		11.2268
v -7.8994 		2.3286 		11.233
v -7.8587 		2.3896 		11.2455
v -7.8098 		2.4425 		11.2638
v -7.7541 		2.4858 		11.2874
v -7.6932 		2.518 		11.3156
v -7.6292 		2.5382 		11.3476
v -7.5638 		2.5459 		11.3822
v -7.4992 		2.5407 		11.4186
v -7.4371 		2.5228 		11.4556
v -7.3797 		2.4928 		11.492
v -7.3285 		2.4516 		11.5268
v -7.2851 		2.4004 		11.559
v -7.2509 		2.3407 		11.5874
v -7.2269 		2.2745 		11.6113
v -7.2138 		2.2037 		11.6299
v -7.2121 		2.1305 		11.6428
v -7.2217 		2.057 		11.6494
v -7.2424 		1.9856 		11.6495
v -7.291 		1.8468 		11.6019
v -7.2495 		1.909 		11.6147
v -7.3408 		1.7928 		11.5832
v -7.3977 		1.7487 		11.5592
v -7.4597 		1.7159 		11.5304
v -7.525 		1.6953 		11.4978
v -7.5916 		1.6875 		11.4625
v -7.6575 		1.6928 		11.4254
v -7.7208 		1.711 		11.3877
v -7.7794 		1.7416 		11.3505
v -7.8316 		1.7836 		11.3151
v -7.8758 		1.8358 		11.2823
v -7.9106 		1.8966 		11.2533
v -7.9351 		1.9641 		11.229
v -7.9485 		2.0363 		11.2099
v -7.9502 		2.111 		11.1969
v -7.9404 		2.1859 		11.1902
v -7.9193 		2.2588 		11.19
v -7.8876 		2.3273 		11.1963
v -7.8461 		2.3895 		11.2091
v -7.7962 		2.4435 		11.2277
v -7.7394 		2.4876 		11.2518
v -7.6774 		2.5204 		11.2806
v -7.6121 		2.5411 		11.3131
v -7.5454 		2.5489 		11.3485
v -7.4795 		2.5436 		11.3856
v -7.4163 		2.5253 		11.4233
v -7.3577 		2.4947 		11.4604
v -7.3055 		2.4527 		11.4959
v -7.2613 		2.4005 		11.5287
v -7.2264 		2.3397 		11.5577
v -7.2019 		2.2722 		11.582
v -7.1886 		2.2 		11.601
v -7.1868 		2.1253 		11.6141
v -7.1966 		2.0504 		11.6208
v -7.2177 		1.9776 		11.621
v -7.2695 		1.8383 		11.571
v -7.2276 		1.9012 		11.5839
v -7.32 		1.7837 		11.5521
v -7.3775 		1.7391 		11.5278
v -7.4402 		1.7059 		11.4987
v -7.5063 		1.685 		11.4658
v -7.5737 		1.6771 		11.43
v -7.6404 		1.6825 		11.3925
v -7.7043 		1.7009 		11.3543
v -7.7636 		1.7319 		11.3168
v -7.8164 		1.7744 		11.2809
v -7.8611 		1.8272 		11.2477
v -7.8964 		1.8887 		11.2184
v -7.9211 		1.957 		11.1938
v -7.9346 		2.03 		11.1745
v -7.9364 		2.1056 		11.1613
v -7.9265 		2.1813 		11.1545
v -7.9052 		2.255 		11.1543
v -7.873 		2.3244 		11.1608
v -7.8311 		2.3873 		11.1736
v -7.7806 		2.4419 		11.1925
v -7.7232 		2.4865 		11.2169
v -7.6604 		2.5197 		11.246
v -7.5944 		2.5406 		11.2789
v -7.527 		2.5485 		11.3147
v -7.4603 		2.5431 		11.3522
v -7.3963 		2.5247 		11.3903
v -7.337 		2.4937 		11.4279
v -7.2842 		2.4512 		11.4638
v -7.2395 		2.3984 		11.4969
v -7.2042 		2.3369 		11.5263
v -7.1795 		2.2686 		11.5509
v -7.166 		2.1956 		11.5701
v -7.1642 		2.12 		11.5834
v -7.1741 		2.0443 		11.5902
v -7.1954 		1.9706 		11.5904
v -7.2501 		1.8318 		11.5384
v -7.208 		1.895 		11.5513
v -7.3008 		1.777 		11.5194
v -7.3584 		1.7323 		11.495
v -7.4214 		1.6989 		11.4658
v -7.4877 		1.678 		11.4327
v -7.5554 		1.6701 		11.3968
v -7.6223 		1.6754 		11.3591
v -7.6865 		1.694 		11.3209
v -7.7461 		1.725 		11.2831
v -7.7991 		1.7677 		11.2471
v -7.8439 		1.8207 		11.2139
v -7.8793 		1.8824 		11.1844
v -7.9042 		1.951 		11.1597
v -7.9177 		2.0243 		11.1404
v -7.9196 		2.1001 		11.1271
v -7.9096 		2.1762 		11.1203
v -7.8882 		2.2502 		11.1201
v -7.8559 		2.3198 		11.1265
v -7.8138 		2.383 		11.1395
v -7.7631 		2.4378 		11.1584
v -7.7055 		2.4825 		11.1829
v -7.6425 		2.5159 		11.2121
v -7.5762 		2.5368 		11.2452
v -7.5085 		2.5447 		11.2811
v -7.4416 		2.5394 		11.3187
v -7.3774 		2.5208 		11.357
v -7.3178 		2.4898 		11.3947
v -7.2648 		2.4471 		11.4308
v -7.22 		2.3941 		11.464
v -7.1846 		2.3324 		11.4934
v -7.1597 		2.2638 		11.5182
v -7.1462 		2.1905 		11.5375
v -7.1443 		2.1147 		11.5508
v -7.1543 		2.0386 		11.5576
v -7.1757 		1.9646 		11.5578
v -7.5319 		2.1074 		11.3389
# 650 vertices

g group_8_5122067

usemtl color_5122067
s 0

f 5658 	5657 	5659
f 5659 	5657 	5660
f 5660 	5657 	5661
f 5661 	5657 	5662
f 5662 	5657 	5663
f 5663 	5657 	5664
f 5664 	5657 	5665
f 5665 	5657 	5666
f 5666 	5657 	5667
f 5667 	5657 	5668
f 5668 	5657 	5669
f 5669 	5657 	5670
f 5670 	5657 	5671
f 5671 	5657 	5672
f 5672 	5657 	5673
f 5673 	5657 	5674
f 5674 	5657 	5675
f 5675 	5657 	5676
f 5676 	5657 	5677
f 5677 	5657 	5678
f 5678 	5657 	5679
f 5679 	5657 	5680
f 5680 	5657 	5681
f 5681 	5657 	5682
f 5682 	5657 	5683
f 5683 	5657 	5684
f 5684 	5657 	5685
f 5685 	5657 	5686
f 5686 	5657 	5687
f 5687 	5657 	5688
f 5688 	5657 	5689
f 5689 	5657 	5690
f 5690 	5657 	5691
f 5691 	5657 	5692
f 5692 	5657 	5693
f 5693 	5657 	5658
f 5658 	5659 	5694
f 5695 	5658 	5694
f 5659 	5660 	5696
f 5694 	5659 	5696
f 5660 	5661 	5697
f 5696 	5660 	5697
f 5661 	5662 	5698
f 5697 	5661 	5698
f 5662 	5663 	5699
f 5698 	5662 	5699
f 5663 	5664 	5700
f 5699 	5663 	5700
f 5664 	5665 	5701
f 5700 	5664 	5701
f 5665 	5666 	5702
f 5701 	5665 	5702
f 5666 	5667 	5703
f 5702 	5666 	5703
f 5667 	5668 	5704
f 5703 	5667 	5704
f 5668 	5669 	5705
f 5704 	5668 	5705
f 5669 	5670 	5706
f 5705 	5669 	5706
f 5670 	5671 	5707
f 5706 	5670 	5707
f 5671 	5672 	5708
f 5707 	5671 	5708
f 5672 	5673 	5709
f 5708 	5672 	5709
f 5673 	5674 	5710
f 5709 	5673 	5710
f 5674 	5675 	5711
f 5710 	5674 	5711
f 5675 	5676 	5712
f 5711 	5675 	5712
f 5676 	5677 	5713
f 5712 	5676 	5713
f 5677 	5678 	5714
f 5713 	5677 	5714
f 5678 	5679 	5715
f 5714 	5678 	5715
f 5679 	5680 	5716
f 5715 	5679 	5716
f 5680 	5681 	5717
f 5716 	5680 	5717
f 5681 	5682 	5718
f 5717 	5681 	5718
f 5682 	5683 	5719
f 5718 	5682 	5719
f 5683 	5684 	5720
f 5719 	5683 	5720
f 5684 	5685 	5721
f 5720 	5684 	5721
f 5685 	5686 	5722
f 5721 	5685 	5722
f 5686 	5687 	5723
f 5722 	5686 	5723
f 5687 	5688 	5724
f 5723 	5687 	5724
f 5688 	5689 	5725
f 5724 	5688 	5725
f 5689 	5690 	5726
f 5725 	5689 	5726
f 5690 	5691 	5727
f 5726 	5690 	5727
f 5691 	5692 	5728
f 5727 	5691 	5728
f 5692 	5693 	5729
f 5728 	5692 	5729
f 5693 	5658 	5695
f 5729 	5693 	5695
f 5695 	5694 	5730
f 5731 	5695 	5730
f 5694 	5696 	5732
f 5730 	5694 	5732
f 5696 	5697 	5733
f 5732 	5696 	5733
f 5697 	5698 	5734
f 5733 	5697 	5734
f 5698 	5699 	5735
f 5734 	5698 	5735
f 5699 	5700 	5736
f 5735 	5699 	5736
f 5700 	5701 	5737
f 5736 	5700 	5737
f 5701 	5702 	5738
f 5737 	5701 	5738
f 5702 	5703 	5739
f 5738 	5702 	5739
f 5703 	5704 	5740
f 5739 	5703 	5740
f 5704 	5705 	5741
f 5740 	5704 	5741
f 5705 	5706 	5742
f 5741 	5705 	5742
f 5706 	5707 	5743
f 5742 	5706 	5743
f 5707 	5708 	5744
f 5743 	5707 	5744
f 5708 	5709 	5745
f 5744 	5708 	5745
f 5709 	5710 	5746
f 5745 	5709 	5746
f 5710 	5711 	5747
f 5746 	5710 	5747
f 5711 	5712 	5748
f 5747 	5711 	5748
f 5712 	5713 	5749
f 5748 	5712 	5749
f 5713 	5714 	5750
f 5749 	5713 	5750
f 5714 	5715 	5751
f 5750 	5714 	5751
f 5715 	5716 	5752
f 5751 	5715 	5752
f 5716 	5717 	5753
f 5752 	5716 	5753
f 5717 	5718 	5754
f 5753 	5717 	5754
f 5718 	5719 	5755
f 5754 	5718 	5755
f 5719 	5720 	5756
f 5755 	5719 	5756
f 5720 	5721 	5757
f 5756 	5720 	5757
f 5721 	5722 	5758
f 5757 	5721 	5758
f 5722 	5723 	5759
f 5758 	5722 	5759
f 5723 	5724 	5760
f 5759 	5723 	5760
f 5724 	5725 	5761
f 5760 	5724 	5761
f 5725 	5726 	5762
f 5761 	5725 	5762
f 5726 	5727 	5763
f 5762 	5726 	5763
f 5727 	5728 	5764
f 5763 	5727 	5764
f 5728 	5729 	5765
f 5764 	5728 	5765
f 5729 	5695 	5731
f 5765 	5729 	5731
f 5731 	5730 	5766
f 5767 	5731 	5766
f 5730 	5732 	5768
f 5766 	5730 	5768
f 5732 	5733 	5769
f 5768 	5732 	5769
f 5733 	5734 	5770
f 5769 	5733 	5770
f 5734 	5735 	5771
f 5770 	5734 	5771
f 5735 	5736 	5772
f 5771 	5735 	5772
f 5736 	5737 	5773
f 5772 	5736 	5773
f 5737 	5738 	5774
f 5773 	5737 	5774
f 5738 	5739 	5775
f 5774 	5738 	5775
f 5739 	5740 	5776
f 5775 	5739 	5776
f 5740 	5741 	5777
f 5776 	5740 	5777
f 5741 	5742 	5778
f 5777 	5741 	5778
f 5742 	5743 	5779
f 5778 	5742 	5779
f 5743 	5744 	5780
f 5779 	5743 	5780
f 5744 	5745 	5781
f 5780 	5744 	5781
f 5745 	5746 	5782
f 5781 	5745 	5782
f 5746 	5747 	5783
f 5782 	5746 	5783
f 5747 	5748 	5784
f 5783 	5747 	5784
f 5748 	5749 	5785
f 5784 	5748 	5785
f 5749 	5750 	5786
f 5785 	5749 	5786
f 5750 	5751 	5787
f 5786 	5750 	5787
f 5751 	5752 	5788
f 5787 	5751 	5788
f 5752 	5753 	5789
f 5788 	5752 	5789
f 5753 	5754 	5790
f 5789 	5753 	5790
f 5754 	5755 	5791
f 5790 	5754 	5791
f 5755 	5756 	5792
f 5791 	5755 	5792
f 5756 	5757 	5793
f 5792 	5756 	5793
f 5757 	5758 	5794
f 5793 	5757 	5794
f 5758 	5759 	5795
f 5794 	5758 	5795
f 5759 	5760 	5796
f 5795 	5759 	5796
f 5760 	5761 	5797
f 5796 	5760 	5797
f 5761 	5762 	5798
f 5797 	5761 	5798
f 5762 	5763 	5799
f 5798 	5762 	5799
f 5763 	5764 	5800
f 5799 	5763 	5800
f 5764 	5765 	5801
f 5800 	5764 	5801
f 5765 	5731 	5767
f 5801 	5765 	5767
f 5767 	5766 	5802
f 5803 	5767 	5802
f 5766 	5768 	5804
f 5802 	5766 	5804
f 5768 	5769 	5805
f 5804 	5768 	5805
f 5769 	5770 	5806
f 5805 	5769 	5806
f 5770 	5771 	5807
f 5806 	5770 	5807
f 5771 	5772 	5808
f 5807 	5771 	5808
f 5772 	5773 	5809
f 5808 	5772 	5809
f 5773 	5774 	5810
f 5809 	5773 	5810
f 5774 	5775 	5811
f 5810 	5774 	5811
f 5775 	5776 	5812
f 5811 	5775 	5812
f 5776 	5777 	5813
f 5812 	5776 	5813
f 5777 	5778 	5814
f 5813 	5777 	5814
f 5778 	5779 	5815
f 5814 	5778 	5815
f 5779 	5780 	5816
f 5815 	5779 	5816
f 5780 	5781 	5817
f 5816 	5780 	5817
f 5781 	5782 	5818
f 5817 	5781 	5818
f 5782 	5783 	5819
f 5818 	5782 	5819
f 5783 	5784 	5820
f 5819 	5783 	5820
f 5784 	5785 	5821
f 5820 	5784 	5821
f 5785 	5786 	5822
f 5821 	5785 	5822
f 5786 	5787 	5823
f 5822 	5786 	5823
f 5787 	5788 	5824
f 5823 	5787 	5824
f 5788 	5789 	5825
f 5824 	5788 	5825
f 5789 	5790 	5826
f 5825 	5789 	5826
f 5790 	5791 	5827
f 5826 	5790 	5827
f 5791 	5792 	5828
f 5827 	5791 	5828
f 5792 	5793 	5829
f 5828 	5792 	5829
f 5793 	5794 	5830
f 5829 	5793 	5830
f 5794 	5795 	5831
f 5830 	5794 	5831
f 5795 	5796 	5832
f 5831 	5795 	5832
f 5796 	5797 	5833
f 5832 	5796 	5833
f 5797 	5798 	5834
f 5833 	5797 	5834
f 5798 	5799 	5835
f 5834 	5798 	5835
f 5799 	5800 	5836
f 5835 	5799 	5836
f 5800 	5801 	5837
f 5836 	5800 	5837
f 5801 	5767 	5803
f 5837 	5801 	5803
f 5803 	5802 	5838
f 5839 	5803 	5838
f 5802 	5804 	5840
f 5838 	5802 	5840
f 5804 	5805 	5841
f 5840 	5804 	5841
f 5805 	5806 	5842
f 5841 	5805 	5842
f 5806 	5807 	5843
f 5842 	5806 	5843
f 5807 	5808 	5844
f 5843 	5807 	5844
f 5808 	5809 	5845
f 5844 	5808 	5845
f 5809 	5810 	5846
f 5845 	5809 	5846
f 5810 	5811 	5847
f 5846 	5810 	5847
f 5811 	5812 	5848
f 5847 	5811 	5848
f 5812 	5813 	5849
f 5848 	5812 	5849
f 5813 	5814 	5850
f 5849 	5813 	5850
f 5814 	5815 	5851
f 5850 	5814 	5851
f 5815 	5816 	5852
f 5851 	5815 	5852
f 5816 	5817 	5853
f 5852 	5816 	5853
f 5817 	5818 	5854
f 5853 	5817 	5854
f 5818 	5819 	5855
f 5854 	5818 	5855
f 5819 	5820 	5856
f 5855 	5819 	5856
f 5820 	5821 	5857
f 5856 	5820 	5857
f 5821 	5822 	5858
f 5857 	5821 	5858
f 5822 	5823 	5859
f 5858 	5822 	5859
f 5823 	5824 	5860
f 5859 	5823 	5860
f 5824 	5825 	5861
f 5860 	5824 	5861
f 5825 	5826 	5862
f 5861 	5825 	5862
f 5826 	5827 	5863
f 5862 	5826 	5863
f 5827 	5828 	5864
f 5863 	5827 	5864
f 5828 	5829 	5865
f 5864 	5828 	5865
f 5829 	5830 	5866
f 5865 	5829 	5866
f 5830 	5831 	5867
f 5866 	5830 	5867
f 5831 	5832 	5868
f 5867 	5831 	5868
f 5832 	5833 	5869
f 5868 	5832 	5869
f 5833 	5834 	5870
f 5869 	5833 	5870
f 5834 	5835 	5871
f 5870 	5834 	5871
f 5835 	5836 	5872
f 5871 	5835 	5872
f 5836 	5837 	5873
f 5872 	5836 	5873
f 5837 	5803 	5839
f 5873 	5837 	5839
f 5839 	5838 	5874
f 5875 	5839 	5874
f 5838 	5840 	5876
f 5874 	5838 	5876
f 5840 	5841 	5877
f 5876 	5840 	5877
f 5841 	5842 	5878
f 5877 	5841 	5878
f 5842 	5843 	5879
f 5878 	5842 	5879
f 5843 	5844 	5880
f 5879 	5843 	5880
f 5844 	5845 	5881
f 5880 	5844 	5881
f 5845 	5846 	5882
f 5881 	5845 	5882
f 5846 	5847 	5883
f 5882 	5846 	5883
f 5847 	5848 	5884
f 5883 	5847 	5884
f 5848 	5849 	5885
f 5884 	5848 	5885
f 5849 	5850 	5886
f 5885 	5849 	5886
f 5850 	5851 	5887
f 5886 	5850 	5887
f 5851 	5852 	5888
f 5887 	5851 	5888
f 5852 	5853 	5889
f 5888 	5852 	5889
f 5853 	5854 	5890
f 5889 	5853 	5890
f 5854 	5855 	5891
f 5890 	5854 	5891
f 5855 	5856 	5892
f 5891 	5855 	5892
f 5856 	5857 	5893
f 5892 	5856 	5893
f 5857 	5858 	5894
f 5893 	5857 	5894
f 5858 	5859 	5895
f 5894 	5858 	5895
f 5859 	5860 	5896
f 5895 	5859 	5896
f 5860 	5861 	5897
f 5896 	5860 	5897
f 5861 	5862 	5898
f 5897 	5861 	5898
f 5862 	5863 	5899
f 5898 	5862 	5899
f 5863 	5864 	5900
f 5899 	5863 	5900
f 5864 	5865 	5901
f 5900 	5864 	5901
f 5865 	5866 	5902
f 5901 	5865 	5902
f 5866 	5867 	5903
f 5902 	5866 	5903
f 5867 	5868 	5904
f 5903 	5867 	5904
f 5868 	5869 	5905
f 5904 	5868 	5905
f 5869 	5870 	5906
f 5905 	5869 	5906
f 5870 	5871 	5907
f 5906 	5870 	5907
f 5871 	5872 	5908
f 5907 	5871 	5908
f 5872 	5873 	5909
f 5908 	5872 	5909
f 5873 	5839 	5875
f 5909 	5873 	5875
f 5875 	5874 	5910
f 5911 	5875 	5910
f 5874 	5876 	5912
f 5910 	5874 	5912
f 5876 	5877 	5913
f 5912 	5876 	5913
f 5877 	5878 	5914
f 5913 	5877 	5914
f 5878 	5879 	5915
f 5914 	5878 	5915
f 5879 	5880 	5916
f 5915 	5879 	5916
f 5880 	5881 	5917
f 5916 	5880 	5917
f 5881 	5882 	5918
f 5917 	5881 	5918
f 5882 	5883 	5919
f 5918 	5882 	5919
f 5883 	5884 	5920
f 5919 	5883 	5920
f 5884 	5885 	5921
f 5920 	5884 	5921
f 5885 	5886 	5922
f 5921 	5885 	5922
f 5886 	5887 	5923
f 5922 	5886 	5923
f 5887 	5888 	5924
f 5923 	5887 	5924
f 5888 	5889 	5925
f 5924 	5888 	5925
f 5889 	5890 	5926
f 5925 	5889 	5926
f 5890 	5891 	5927
f 5926 	5890 	5927
f 5891 	5892 	5928
f 5927 	5891 	5928
f 5892 	5893 	5929
f 5928 	5892 	5929
f 5893 	5894 	5930
f 5929 	5893 	5930
f 5894 	5895 	5931
f 5930 	5894 	5931
f 5895 	5896 	5932
f 5931 	5895 	5932
f 5896 	5897 	5933
f 5932 	5896 	5933
f 5897 	5898 	5934
f 5933 	5897 	5934
f 5898 	5899 	5935
f 5934 	5898 	5935
f 5899 	5900 	5936
f 5935 	5899 	5936
f 5900 	5901 	5937
f 5936 	5900 	5937
f 5901 	5902 	5938
f 5937 	5901 	5938
f 5902 	5903 	5939
f 5938 	5902 	5939
f 5903 	5904 	5940
f 5939 	5903 	5940
f 5904 	5905 	5941
f 5940 	5904 	5941
f 5905 	5906 	5942
f 5941 	5905 	5942
f 5906 	5907 	5943
f 5942 	5906 	5943
f 5907 	5908 	5944
f 5943 	5907 	5944
f 5908 	5909 	5945
f 5944 	5908 	5945
f 5909 	5875 	5911
f 5945 	5909 	5911
f 5911 	5910 	5946
f 5947 	5911 	5946
f 5910 	5912 	5948
f 5946 	5910 	5948
f 5912 	5913 	5949
f 5948 	5912 	5949
f 5913 	5914 	5950
f 5949 	5913 	5950
f 5914 	5915 	5951
f 5950 	5914 	5951
f 5915 	5916 	5952
f 5951 	5915 	5952
f 5916 	5917 	5953
f 5952 	5916 	5953
f 5917 	5918 	5954
f 5953 	5917 	5954
f 5918 	5919 	5955
f 5954 	5918 	5955
f 5919 	5920 	5956
f 5955 	5919 	5956
f 5920 	5921 	5957
f 5956 	5920 	5957
f 5921 	5922 	5958
f 5957 	5921 	5958
f 5922 	5923 	5959
f 5958 	5922 	5959
f 5923 	5924 	5960
f 5959 	5923 	5960
f 5924 	5925 	5961
f 5960 	5924 	5961
f 5925 	5926 	5962
f 5961 	5925 	5962
f 5926 	5927 	5963
f 5962 	5926 	5963
f 5927 	5928 	5964
f 5963 	5927 	5964
f 5928 	5929 	5965
f 5964 	5928 	5965
f 5929 	5930 	5966
f 5965 	5929 	5966
f 5930 	5931 	5967
f 5966 	5930 	5967
f 5931 	5932 	5968
f 5967 	5931 	5968
f 5932 	5933 	5969
f 5968 	5932 	5969
f 5933 	5934 	5970
f 5969 	5933 	5970
f 5934 	5935 	5971
f 5970 	5934 	5971
f 5935 	5936 	5972
f 5971 	5935 	5972
f 5936 	5937 	5973
f 5972 	5936 	5973
f 5937 	5938 	5974
f 5973 	5937 	5974
f 5938 	5939 	5975
f 5974 	5938 	5975
f 5939 	5940 	5976
f 5975 	5939 	5976
f 5940 	5941 	5977
f 5976 	5940 	5977
f 5941 	5942 	5978
f 5977 	5941 	5978
f 5942 	5943 	5979
f 5978 	5942 	5979
f 5943 	5944 	5980
f 5979 	5943 	5980
f 5944 	5945 	5981
f 5980 	5944 	5981
f 5945 	5911 	5947
f 5981 	5945 	5947
f 5947 	5946 	5982
f 5983 	5947 	5982
f 5946 	5948 	5984
f 5982 	5946 	5984
f 5948 	5949 	5985
f 5984 	5948 	5985
f 5949 	5950 	5986
f 5985 	5949 	5986
f 5950 	5951 	5987
f 5986 	5950 	5987
f 5951 	5952 	5988
f 5987 	5951 	5988
f 5952 	5953 	5989
f 5988 	5952 	5989
f 5953 	5954 	5990
f 5989 	5953 	5990
f 5954 	5955 	5991
f 5990 	5954 	5991
f 5955 	5956 	5992
f 5991 	5955 	5992
f 5956 	5957 	5993
f 5992 	5956 	5993
f 5957 	5958 	5994
f 5993 	5957 	5994
f 5958 	5959 	5995
f 5994 	5958 	5995
f 5959 	5960 	5996
f 5995 	5959 	5996
f 5960 	5961 	5997
f 5996 	5960 	5997
f 5961 	5962 	5998
f 5997 	5961 	5998
f 5962 	5963 	5999
f 5998 	5962 	5999
f 5963 	5964 	6000
f 5999 	5963 	6000
f 5964 	5965 	6001
f 6000 	5964 	6001
f 5965 	5966 	6002
f 6001 	5965 	6002
f 5966 	5967 	6003
f 6002 	5966 	6003
f 5967 	5968 	6004
f 6003 	5967 	6004
f 5968 	5969 	6005
f 6004 	5968 	6005
f 5969 	5970 	6006
f 6005 	5969 	6006
f 5970 	5971 	6007
f 6006 	5970 	6007
f 5971 	5972 	6008
f 6007 	5971 	6008
f 5972 	5973 	6009
f 6008 	5972 	6009
f 5973 	5974 	6010
f 6009 	5973 	6010
f 5974 	5975 	6011
f 6010 	5974 	6011
f 5975 	5976 	6012
f 6011 	5975 	6012
f 5976 	5977 	6013
f 6012 	5976 	6013
f 5977 	5978 	6014
f 6013 	5977 	6014
f 5978 	5979 	6015
f 6014 	5978 	6015
f 5979 	5980 	6016
f 6015 	5979 	6016
f 5980 	5981 	6017
f 6016 	5980 	6017
f 5981 	5947 	5983
f 6017 	5981 	5983
f 5983 	5982 	6018
f 6019 	5983 	6018
f 5982 	5984 	6020
f 6018 	5982 	6020
f 5984 	5985 	6021
f 6020 	5984 	6021
f 5985 	5986 	6022
f 6021 	5985 	6022
f 5986 	5987 	6023
f 6022 	5986 	6023
f 5987 	5988 	6024
f 6023 	5987 	6024
f 5988 	5989 	6025
f 6024 	5988 	6025
f 5989 	5990 	6026
f 6025 	5989 	6026
f 5990 	5991 	6027
f 6026 	5990 	6027
f 5991 	5992 	6028
f 6027 	5991 	6028
f 5992 	5993 	6029
f 6028 	5992 	6029
f 5993 	5994 	6030
f 6029 	5993 	6030
f 5994 	5995 	6031
f 6030 	5994 	6031
f 5995 	5996 	6032
f 6031 	5995 	6032
f 5996 	5997 	6033
f 6032 	5996 	6033
f 5997 	5998 	6034
f 6033 	5997 	6034
f 5998 	5999 	6035
f 6034 	5998 	6035
f 5999 	6000 	6036
f 6035 	5999 	6036
f 6000 	6001 	6037
f 6036 	6000 	6037
f 6001 	6002 	6038
f 6037 	6001 	6038
f 6002 	6003 	6039
f 6038 	6002 	6039
f 6003 	6004 	6040
f 6039 	6003 	6040
f 6004 	6005 	6041
f 6040 	6004 	6041
f 6005 	6006 	6042
f 6041 	6005 	6042
f 6006 	6007 	6043
f 6042 	6006 	6043
f 6007 	6008 	6044
f 6043 	6007 	6044
f 6008 	6009 	6045
f 6044 	6008 	6045
f 6009 	6010 	6046
f 6045 	6009 	6046
f 6010 	6011 	6047
f 6046 	6010 	6047
f 6011 	6012 	6048
f 6047 	6011 	6048
f 6012 	6013 	6049
f 6048 	6012 	6049
f 6013 	6014 	6050
f 6049 	6013 	6050
f 6014 	6015 	6051
f 6050 	6014 	6051
f 6015 	6016 	6052
f 6051 	6015 	6052
f 6016 	6017 	6053
f 6052 	6016 	6053
f 6017 	5983 	6019
f 6053 	6017 	6019
f 6019 	6018 	6054
f 6055 	6019 	6054
f 6018 	6020 	6056
f 6054 	6018 	6056
f 6020 	6021 	6057
f 6056 	6020 	6057
f 6021 	6022 	6058
f 6057 	6021 	6058
f 6022 	6023 	6059
f 6058 	6022 	6059
f 6023 	6024 	6060
f 6059 	6023 	6060
f 6024 	6025 	6061
f 6060 	6024 	6061
f 6025 	6026 	6062
f 6061 	6025 	6062
f 6026 	6027 	6063
f 6062 	6026 	6063
f 6027 	6028 	6064
f 6063 	6027 	6064
f 6028 	6029 	6065
f 6064 	6028 	6065
f 6029 	6030 	6066
f 6065 	6029 	6066
f 6030 	6031 	6067
f 6066 	6030 	6067
f 6031 	6032 	6068
f 6067 	6031 	6068
f 6032 	6033 	6069
f 6068 	6032 	6069
f 6033 	6034 	6070
f 6069 	6033 	6070
f 6034 	6035 	6071
f 6070 	6034 	6071
f 6035 	6036 	6072
f 6071 	6035 	6072
f 6036 	6037 	6073
f 6072 	6036 	6073
f 6037 	6038 	6074
f 6073 	6037 	6074
f 6038 	6039 	6075
f 6074 	6038 	6075
f 6039 	6040 	6076
f 6075 	6039 	6076
f 6040 	6041 	6077
f 6076 	6040 	6077
f 6041 	6042 	6078
f 6077 	6041 	6078
f 6042 	6043 	6079
f 6078 	6042 	6079
f 6043 	6044 	6080
f 6079 	6043 	6080
f 6044 	6045 	6081
f 6080 	6044 	6081
f 6045 	6046 	6082
f 6081 	6045 	6082
f 6046 	6047 	6083
f 6082 	6046 	6083
f 6047 	6048 	6084
f 6083 	6047 	6084
f 6048 	6049 	6085
f 6084 	6048 	6085
f 6049 	6050 	6086
f 6085 	6049 	6086
f 6050 	6051 	6087
f 6086 	6050 	6087
f 6051 	6052 	6088
f 6087 	6051 	6088
f 6052 	6053 	6089
f 6088 	6052 	6089
f 6053 	6019 	6055
f 6089 	6053 	6055
f 6055 	6054 	6090
f 6091 	6055 	6090
f 6054 	6056 	6092
f 6090 	6054 	6092
f 6056 	6057 	6093
f 6092 	6056 	6093
f 6057 	6058 	6094
f 6093 	6057 	6094
f 6058 	6059 	6095
f 6094 	6058 	6095
f 6059 	6060 	6096
f 6095 	6059 	6096
f 6060 	6061 	6097
f 6096 	6060 	6097
f 6061 	6062 	6098
f 6097 	6061 	6098
f 6062 	6063 	6099
f 6098 	6062 	6099
f 6063 	6064 	6100
f 6099 	6063 	6100
f 6064 	6065 	6101
f 6100 	6064 	6101
f 6065 	6066 	6102
f 6101 	6065 	6102
f 6066 	6067 	6103
f 6102 	6066 	6103
f 6067 	6068 	6104
f 6103 	6067 	6104
f 6068 	6069 	6105
f 6104 	6068 	6105
f 6069 	6070 	6106
f 6105 	6069 	6106
f 6070 	6071 	6107
f 6106 	6070 	6107
f 6071 	6072 	6108
f 6107 	6071 	6108
f 6072 	6073 	6109
f 6108 	6072 	6109
f 6073 	6074 	6110
f 6109 	6073 	6110
f 6074 	6075 	6111
f 6110 	6074 	6111
f 6075 	6076 	6112
f 6111 	6075 	6112
f 6076 	6077 	6113
f 6112 	6076 	6113
f 6077 	6078 	6114
f 6113 	6077 	6114
f 6078 	6079 	6115
f 6114 	6078 	6115
f 6079 	6080 	6116
f 6115 	6079 	6116
f 6080 	6081 	6117
f 6116 	6080 	6117
f 6081 	6082 	6118
f 6117 	6081 	6118
f 6082 	6083 	6119
f 6118 	6082 	6119
f 6083 	6084 	6120
f 6119 	6083 	6120
f 6084 	6085 	6121
f 6120 	6084 	6121
f 6085 	6086 	6122
f 6121 	6085 	6122
f 6086 	6087 	6123
f 6122 	6086 	6123
f 6087 	6088 	6124
f 6123 	6087 	6124
f 6088 	6089 	6125
f 6124 	6088 	6125
f 6089 	6055 	6091
f 6125 	6089 	6091
f 6091 	6090 	6126
f 6127 	6091 	6126
f 6090 	6092 	6128
f 6126 	6090 	6128
f 6092 	6093 	6129
f 6128 	6092 	6129
f 6093 	6094 	6130
f 6129 	6093 	6130
f 6094 	6095 	6131
f 6130 	6094 	6131
f 6095 	6096 	6132
f 6131 	6095 	6132
f 6096 	6097 	6133
f 6132 	6096 	6133
f 6097 	6098 	6134
f 6133 	6097 	6134
f 6098 	6099 	6135
f 6134 	6098 	6135
f 6099 	6100 	6136
f 6135 	6099 	6136
f 6100 	6101 	6137
f 6136 	6100 	6137
f 6101 	6102 	6138
f 6137 	6101 	6138
f 6102 	6103 	6139
f 6138 	6102 	6139
f 6103 	6104 	6140
f 6139 	6103 	6140
f 6104 	6105 	6141
f 6140 	6104 	6141
f 6105 	6106 	6142
f 6141 	6105 	6142
f 6106 	6107 	6143
f 6142 	6106 	6143
f 6107 	6108 	6144
f 6143 	6107 	6144
f 6108 	6109 	6145
f 6144 	6108 	6145
f 6109 	6110 	6146
f 6145 	6109 	6146
f 6110 	6111 	6147
f 6146 	6110 	6147
f 6111 	6112 	6148
f 6147 	6111 	6148
f 6112 	6113 	6149
f 6148 	6112 	6149
f 6113 	6114 	6150
f 6149 	6113 	6150
f 6114 	6115 	6151
f 6150 	6114 	6151
f 6115 	6116 	6152
f 6151 	6115 	6152
f 6116 	6117 	6153
f 6152 	6116 	6153
f 6117 	6118 	6154
f 6153 	6117 	6154
f 6118 	6119 	6155
f 6154 	6118 	6155
f 6119 	6120 	6156
f 6155 	6119 	6156
f 6120 	6121 	6157
f 6156 	6120 	6157
f 6121 	6122 	6158
f 6157 	6121 	6158
f 6122 	6123 	6159
f 6158 	6122 	6159
f 6123 	6124 	6160
f 6159 	6123 	6160
f 6124 	6125 	6161
f 6160 	6124 	6161
f 6125 	6091 	6127
f 6161 	6125 	6127
f 6127 	6126 	6162
f 6163 	6127 	6162
f 6126 	6128 	6164
f 6162 	6126 	6164
f 6128 	6129 	6165
f 6164 	6128 	6165
f 6129 	6130 	6166
f 6165 	6129 	6166
f 6130 	6131 	6167
f 6166 	6130 	6167
f 6131 	6132 	6168
f 6167 	6131 	6168
f 6132 	6133 	6169
f 6168 	6132 	6169
f 6133 	6134 	6170
f 6169 	6133 	6170
f 6134 	6135 	6171
f 6170 	6134 	6171
f 6135 	6136 	6172
f 6171 	6135 	6172
f 6136 	6137 	6173
f 6172 	6136 	6173
f 6137 	6138 	6174
f 6173 	6137 	6174
f 6138 	6139 	6175
f 6174 	6138 	6175
f 6139 	6140 	6176
f 6175 	6139 	6176
f 6140 	6141 	6177
f 6176 	6140 	6177
f 6141 	6142 	6178
f 6177 	6141 	6178
f 6142 	6143 	6179
f 6178 	6142 	6179
f 6143 	6144 	6180
f 6179 	6143 	6180
f 6144 	6145 	6181
f 6180 	6144 	6181
f 6145 	6146 	6182
f 6181 	6145 	6182
f 6146 	6147 	6183
f 6182 	6146 	6183
f 6147 	6148 	6184
f 6183 	6147 	6184
f 6148 	6149 	6185
f 6184 	6148 	6185
f 6149 	6150 	6186
f 6185 	6149 	6186
f 6150 	6151 	6187
f 6186 	6150 	6187
f 6151 	6152 	6188
f 6187 	6151 	6188
f 6152 	6153 	6189
f 6188 	6152 	6189
f 6153 	6154 	6190
f 6189 	6153 	6190
f 6154 	6155 	6191
f 6190 	6154 	6191
f 6155 	6156 	6192
f 6191 	6155 	6192
f 6156 	6157 	6193
f 6192 	6156 	6193
f 6157 	6158 	6194
f 6193 	6157 	6194
f 6158 	6159 	6195
f 6194 	6158 	6195
f 6159 	6160 	6196
f 6195 	6159 	6196
f 6160 	6161 	6197
f 6196 	6160 	6197
f 6161 	6127 	6163
f 6197 	6161 	6163
f 6163 	6162 	6198
f 6199 	6163 	6198
f 6162 	6164 	6200
f 6198 	6162 	6200
f 6164 	6165 	6201
f 6200 	6164 	6201
f 6165 	6166 	6202
f 6201 	6165 	6202
f 6166 	6167 	6203
f 6202 	6166 	6203
f 6167 	6168 	6204
f 6203 	6167 	6204
f 6168 	6169 	6205
f 6204 	6168 	6205
f 6169 	6170 	6206
f 6205 	6169 	6206
f 6170 	6171 	6207
f 6206 	6170 	6207
f 6171 	6172 	6208
f 6207 	6171 	6208
f 6172 	6173 	6209
f 6208 	6172 	6209
f 6173 	6174 	6210
f 6209 	6173 	6210
f 6174 	6175 	6211
f 6210 	6174 	6211
f 6175 	6176 	6212
f 6211 	6175 	6212
f 6176 	6177 	6213
f 6212 	6176 	6213
f 6177 	6178 	6214
f 6213 	6177 	6214
f 6178 	6179 	6215
f 6214 	6178 	6215
f 6179 	6180 	6216
f 6215 	6179 	6216
f 6180 	6181 	6217
f 6216 	6180 	6217
f 6181 	6182 	6218
f 6217 	6181 	6218
f 6182 	6183 	6219
f 6218 	6182 	6219
f 6183 	6184 	6220
f 6219 	6183 	6220
f 6184 	6185 	6221
f 6220 	6184 	6221
f 6185 	6186 	6222
f 6221 	6185 	6222
f 6186 	6187 	6223
f 6222 	6186 	6223
f 6187 	6188 	6224
f 6223 	6187 	6224
f 6188 	6189 	6225
f 6224 	6188 	6225
f 6189 	6190 	6226
f 6225 	6189 	6226
f 6190 	6191 	6227
f 6226 	6190 	6227
f 6191 	6192 	6228
f 6227 	6191 	6228
f 6192 	6193 	6229
f 6228 	6192 	6229
f 6193 	6194 	6230
f 6229 	6193 	6230
f 6194 	6195 	6231
f 6230 	6194 	6231
f 6195 	6196 	6232
f 6231 	6195 	6232
f 6196 	6197 	6233
f 6232 	6196 	6233
f 6197 	6163 	6199
f 6233 	6197 	6199
f 6199 	6198 	6234
f 6235 	6199 	6234
f 6198 	6200 	6236
f 6234 	6198 	6236
f 6200 	6201 	6237
f 6236 	6200 	6237
f 6201 	6202 	6238
f 6237 	6201 	6238
f 6202 	6203 	6239
f 6238 	6202 	6239
f 6203 	6204 	6240
f 6239 	6203 	6240
f 6204 	6205 	6241
f 6240 	6204 	6241
f 6205 	6206 	6242
f 6241 	6205 	6242
f 6206 	6207 	6243
f 6242 	6206 	6243
f 6207 	6208 	6244
f 6243 	6207 	6244
f 6208 	6209 	6245
f 6244 	6208 	6245
f 6209 	6210 	6246
f 6245 	6209 	6246
f 6210 	6211 	6247
f 6246 	6210 	6247
f 6211 	6212 	6248
f 6247 	6211 	6248
f 6212 	6213 	6249
f 6248 	6212 	6249
f 6213 	6214 	6250
f 6249 	6213 	6250
f 6214 	6215 	6251
f 6250 	6214 	6251
f 6215 	6216 	6252
f 6251 	6215 	6252
f 6216 	6217 	6253
f 6252 	6216 	6253
f 6217 	6218 	6254
f 6253 	6217 	6254
f 6218 	6219 	6255
f 6254 	6218 	6255
f 6219 	6220 	6256
f 6255 	6219 	6256
f 6220 	6221 	6257
f 6256 	6220 	6257
f 6221 	6222 	6258
f 6257 	6221 	6258
f 6222 	6223 	6259
f 6258 	6222 	6259
f 6223 	6224 	6260
f 6259 	6223 	6260
f 6224 	6225 	6261
f 6260 	6224 	6261
f 6225 	6226 	6262
f 6261 	6225 	6262
f 6226 	6227 	6263
f 6262 	6226 	6263
f 6227 	6228 	6264
f 6263 	6227 	6264
f 6228 	6229 	6265
f 6264 	6228 	6265
f 6229 	6230 	6266
f 6265 	6229 	6266
f 6230 	6231 	6267
f 6266 	6230 	6267
f 6231 	6232 	6268
f 6267 	6231 	6268
f 6232 	6233 	6269
f 6268 	6232 	6269
f 6233 	6199 	6235
f 6269 	6233 	6235
f 6235 	6234 	6270
f 6271 	6235 	6270
f 6234 	6236 	6272
f 6270 	6234 	6272
f 6236 	6237 	6273
f 6272 	6236 	6273
f 6237 	6238 	6274
f 6273 	6237 	6274
f 6238 	6239 	6275
f 6274 	6238 	6275
f 6239 	6240 	6276
f 6275 	6239 	6276
f 6240 	6241 	6277
f 6276 	6240 	6277
f 6241 	6242 	6278
f 6277 	6241 	6278
f 6242 	6243 	6279
f 6278 	6242 	6279
f 6243 	6244 	6280
f 6279 	6243 	6280
f 6244 	6245 	6281
f 6280 	6244 	6281
f 6245 	6246 	6282
f 6281 	6245 	6282
f 6246 	6247 	6283
f 6282 	6246 	6283
f 6247 	6248 	6284
f 6283 	6247 	6284
f 6248 	6249 	6285
f 6284 	6248 	6285
f 6249 	6250 	6286
f 6285 	6249 	6286
f 6250 	6251 	6287
f 6286 	6250 	6287
f 6251 	6252 	6288
f 6287 	6251 	6288
f 6252 	6253 	6289
f 6288 	6252 	6289
f 6253 	6254 	6290
f 6289 	6253 	6290
f 6254 	6255 	6291
f 6290 	6254 	6291
f 6255 	6256 	6292
f 6291 	6255 	6292
f 6256 	6257 	6293
f 6292 	6256 	6293
f 6257 	6258 	6294
f 6293 	6257 	6294
f 6258 	6259 	6295
f 6294 	6258 	6295
f 6259 	6260 	6296
f 6295 	6259 	6296
f 6260 	6261 	6297
f 6296 	6260 	6297
f 6261 	6262 	6298
f 6297 	6261 	6298
f 6262 	6263 	6299
f 6298 	6262 	6299
f 6263 	6264 	6300
f 6299 	6263 	6300
f 6264 	6265 	6301
f 6300 	6264 	6301
f 6265 	6266 	6302
f 6301 	6265 	6302
f 6266 	6267 	6303
f 6302 	6266 	6303
f 6267 	6268 	6304
f 6303 	6267 	6304
f 6268 	6269 	6305
f 6304 	6268 	6305
f 6269 	6235 	6271
f 6305 	6269 	6271
f 6271 	6270 	6306
f 6270 	6272 	6306
f 6272 	6273 	6306
f 6273 	6274 	6306
f 6274 	6275 	6306
f 6275 	6276 	6306
f 6276 	6277 	6306
f 6277 	6278 	6306
f 6278 	6279 	6306
f 6279 	6280 	6306
f 6280 	6281 	6306
f 6281 	6282 	6306
f 6282 	6283 	6306
f 6283 	6284 	6306
f 6284 	6285 	6306
f 6285 	6286 	6306
f 6286 	6287 	6306
f 6287 	6288 	6306
f 6288 	6289 	6306
f 6289 	6290 	6306
f 6290 	6291 	6306
f 6291 	6292 	6306
f 6292 	6293 	6306
f 6293 	6294 	6306
f 6294 	6295 	6306
f 6295 	6296 	6306
f 6296 	6297 	6306
f 6297 	6298 	6306
f 6298 	6299 	6306
f 6299 	6300 	6306
f 6300 	6301 	6306
f 6301 	6302 	6306
f 6302 	6303 	6306
f 6303 	6304 	6306
f 6304 	6305 	6306
f 6305 	6271 	6306
# 1296 faces

 #end of obj_8

o obj_9
v 3.8928 		6.74 		7.1009
v 3.9223 		6.7358 		7.1253
v 3.9178 		6.7373 		7.13
v 3.9126 		6.7389 		7.1339
v 3.9067 		6.7405 		7.1368
v 3.9005 		6.742 		7.1386
v 3.8939 		6.7434 		7.1393
v 3.8873 		6.7446 		7.1388
v 3.8809 		6.7456 		7.1371
v 3.8749 		6.7465 		7.1344
v 3.8693 		6.747 		7.1307
v 3.8645 		6.7474 		7.126
v 3.8605 		6.7474 		7.1206
v 3.8575 		6.7472 		7.1146
v 3.8555 		6.7467 		7.1082
v 3.8547 		6.7459 		7.1016
v 3.855 		6.7449 		7.095
v 3.8565 		6.7437 		7.0885
v 3.859 		6.7424 		7.0825
v 3.8626 		6.7409 		7.077
v 3.867 		6.7394 		7.0722
v 3.8723 		6.7378 		7.0683
v 3.8781 		6.7362 		7.0654
v 3.8844 		6.7347 		7.0636
v 3.891 		6.7333 		7.063
v 3.8975 		6.7321 		7.0635
v 3.904 		6.731 		7.0651
v 3.91 		6.7302 		7.0679
v 3.9156 		6.7296 		7.0716
v 3.9204 		6.7293 		7.0762
v 3.9244 		6.7293 		7.0816
v 3.9274 		6.7295 		7.0876
v 3.9294 		6.73 		7.094
v 3.9302 		6.7308 		7.1007
v 3.9299 		6.7318 		7.1073
v 3.9284 		6.733 		7.1137
v 3.9259 		6.7343 		7.1198
v 3.9421 		6.7314 		7.1594
v 3.951 		6.7284 		7.1499
v 3.9316 		6.7346 		7.1672
v 3.92 		6.7377 		7.1729
v 3.9074 		6.7407 		7.1765
v 3.8944 		6.7435 		7.1778
v 3.8813 		6.7459 		7.1768
v 3.8685 		6.748 		7.1735
v 3.8564 		6.7496 		7.1681
v 3.8454 		6.7508 		7.1606
v 3.8358 		6.7514 		7.1514
v 3.8278 		6.7515 		7.1406
v 3.8218 		6.751 		7.1287
v 3.8179 		6.75 		7.1159
v 3.8163 		6.7485 		7.1027
v 3.8169 		6.7465 		7.0895
v 3.8198 		6.7442 		7.0767
v 3.8249 		6.7415 		7.0646
v 3.832 		6.7386 		7.0537
v 3.8409 		6.7355 		7.0442
v 3.8513 		6.7323 		7.0365
v 3.863 		6.7292 		7.0307
v 3.8755 		6.7262 		7.0271
v 3.8885 		6.7235 		7.0258
v 3.9016 		6.721 		7.0268
v 3.9144 		6.7189 		7.0301
v 3.9265 		6.7173 		7.0355
v 3.9376 		6.7161 		7.043
v 3.9472 		6.7155 		7.0522
v 3.9551 		6.7154 		7.063
v 3.9611 		6.7159 		7.0749
v 3.965 		6.7169 		7.0877
v 3.9667 		6.7184 		7.1009
v 3.9661 		6.7204 		7.1141
v 3.9632 		6.7227 		7.1269
v 3.9581 		6.7254 		7.139
v 3.9653 		6.7223 		7.1888
v 3.9786 		6.7177 		7.1747
v 3.9497 		6.727 		7.2003
v 3.9323 		6.7317 		7.2089
v 3.9137 		6.7361 		7.2143
v 3.8943 		6.7403 		7.2162
v 3.8747 		6.7439 		7.2147
v 3.8557 		6.747 		7.2099
v 3.8376 		6.7495 		7.2017
v 3.8212 		6.7512 		7.1906
v 3.8068 		6.7521 		7.1768
v 3.795 		6.7522 		7.1608
v 3.786 		6.7515 		7.143
v 3.7802 		6.75 		7.124
v 3.7778 		6.7478 		7.1043
v 3.7787 		6.7449 		7.0846
v 3.783 		6.7413 		7.0655
v 3.7906 		6.7373 		7.0475
v 3.8012 		6.733 		7.0312
v 3.8144 		6.7284 		7.0171
v 3.83 		6.7237 		7.0055
v 3.8474 		6.719 		6.997
v 3.8661 		6.7146 		6.9916
v 3.8855 		6.7104 		6.9897
v 3.905 		6.7068 		6.9911
v 3.9241 		6.7037 		6.996
v 3.9421 		6.7012 		7.0041
v 3.9586 		6.6995 		7.0153
v 3.9729 		6.6986 		7.0291
v 3.9848 		6.6985 		7.0451
v 3.9937 		6.6992 		7.0629
v 3.9995 		6.7007 		7.0819
v 4.002 		6.7029 		7.1015
v 4.001 		6.7058 		7.1212
v 3.9967 		6.7094 		7.1404
v 3.9892 		6.7134 		7.1584
v 3.9873 		6.7101 		7.218
v 4.0049 		6.704 		7.1993
v 3.9667 		6.7163 		7.2332
v 3.9438 		6.7225 		7.2445
v 3.9191 		6.7283 		7.2516
v 3.8934 		6.7338 		7.2542
v 3.8676 		6.7386 		7.2522
v 3.8424 		6.7427 		7.2458
v 3.8186 		6.746 		7.2351
v 3.7969 		6.7482 		7.2204
v 3.7779 		6.7495 		7.2021
v 3.7622 		6.7496 		7.181
v 3.7504 		6.7487 		7.1574
v 3.7427 		6.7467 		7.1323
v 3.7395 		6.7437 		7.1064
v 3.7407 		6.7399 		7.0803
v 3.7464 		6.7352 		7.055
v 3.7564 		6.7299 		7.0313
v 3.7704 		6.7241 		7.0097
v 3.788 		6.7181 		6.991
v 3.8085 		6.7119 		6.9758
v 3.8315 		6.7057 		6.9645
v 3.8562 		6.6998 		6.9574
v 3.8818 		6.6944 		6.9548
v 3.9076 		6.6895 		6.9568
v 3.9328 		6.6854 		6.9632
v 3.9567 		6.6822 		6.9739
v 3.9784 		6.6799 		6.9886
v 3.9974 		6.6787 		7.0069
v 4.013 		6.6786 		7.0281
v 4.0249 		6.6795 		7.0516
v 4.0325 		6.6815 		7.0767
v 4.0358 		6.6844 		7.1027
v 4.0345 		6.6883 		7.1287
v 4.0288 		6.693 		7.154
v 4.0188 		6.6983 		7.1778
v 4.008 		6.6948 		7.2467
v 4.0296 		6.6873 		7.2236
v 3.9825 		6.7025 		7.2655
v 3.9541 		6.7101 		7.2795
v 3.9236 		6.7174 		7.2883
v 3.892 		6.7241 		7.2915
v 3.8601 		6.7301 		7.2891
v 3.8289 		6.7352 		7.2811
v 3.7995 		6.7392 		7.2678
v 3.7726 		6.7419 		7.2497
v 3.7492 		6.7435 		7.2271
v 3.7298 		6.7437 		7.201
v 3.7152 		6.7425 		7.1719
v 3.7058 		6.7401 		7.1409
v 3.7017 		6.7364 		7.1088
v 3.7033 		6.7316 		7.0766
v 3.7103 		6.7259 		7.0454
v 3.7227 		6.7193 		7.016
v 3.7399 		6.7122 		6.9894
v 3.7616 		6.7047 		6.9663
v 3.787 		6.697 		6.9475
v 3.8154 		6.6894 		6.9335
v 3.8459 		6.6821 		6.9247
v 3.8776 		6.6754 		6.9215
v 3.9095 		6.6694 		6.9239
v 3.9407 		6.6643 		6.9319
v 3.9701 		6.6604 		6.9452
v 3.997 		6.6576 		6.9633
v 4.0204 		6.656 		6.9859
v 4.0397 		6.6559 		7.012
v 4.0543 		6.657 		7.0411
v 4.0638 		6.6594 		7.0721
v 4.0678 		6.6631 		7.1042
v 4.0663 		6.6679 		7.1364
v 4.0593 		6.6736 		7.1676
v 4.0469 		6.6802 		7.197
v 4.0271 		6.6767 		7.2748
v 4.0527 		6.6678 		7.2475
v 3.997 		6.6857 		7.2971
v 3.9634 		6.6947 		7.3136
v 3.9273 		6.7033 		7.324
v 3.8898 		6.7113 		7.3277
v 3.8521 		6.7183 		7.3249
v 3.8153 		6.7243 		7.3155
v 3.7804 		6.7291 		7.2998
v 3.7486 		6.7324 		7.2783
v 3.7209 		6.7342 		7.2516
v 3.698 		6.7344 		7.2207
v 3.6807 		6.733 		7.1863
v 3.6695 		6.7301 		7.1496
v 3.6648 		6.7258 		7.1116
v 3.6666 		6.7201 		7.0736
v 3.6749 		6.7133 		7.0366
v 3.6896 		6.7056 		7.0018
v 3.71 		6.6972 		6.9703
v 3.7356 		6.6883 		6.943
v 3.7657 		6.6792 		6.9207
v 3.7993 		6.6702 		6.9042
v 3.8354 		6.6616 		6.8939
v 3.8729 		6.6537 		6.8901
v 3.9106 		6.6466 		6.8929
v 3.9474 		6.6406 		6.9023
v 3.9823 		6.6358 		6.918
v 4.0141 		6.6325 		6.9395
v 4.0418 		6.6307 		6.9662
v 4.0647 		6.6305 		6.9972
v 4.082 		6.6319 		7.0315
v 4.0932 		6.6348 		7.0683
v 4.0979 		6.6391 		7.1062
v 4.0961 		6.6448 		7.1443
v 4.0878 		6.6516 		7.1812
v 4.0732 		6.6593 		7.216
v 4.0445 		6.6557 		7.302
v 4.0739 		6.6455 		7.2707
v 4.01 		6.6661 		7.3276
v 3.9715 		6.6764 		7.3466
v 3.9301 		6.6862 		7.3584
v 3.8871 		6.6954 		7.3628
v 3.8438 		6.7035 		7.3595
v 3.8015 		6.7104 		7.3487
v 3.7616 		6.7158 		7.3307
v 3.7251 		6.7196 		7.306
v 3.6933 		6.7217 		7.2755
v 3.6671 		6.7219 		7.2399
v 3.6472 		6.7204 		7.2005
v 3.6344 		6.717 		7.1584
v 3.6289 		6.7121 		7.1148
v 3.631 		6.7056 		7.0712
v 3.6406 		6.6978 		7.0288
v 3.6573 		6.6889 		6.9889
v 3.6808 		6.6792 		6.9527
v 3.7102 		6.669 		6.9214
v 3.7447 		6.6586 		6.8959
v 3.7832 		6.6483 		6.8769
v 3.8246 		6.6384 		6.865
v 3.8676 		6.6293 		6.8607
v 3.9109 		6.6212 		6.864
v 3.9532 		6.6143 		6.8748
v 3.9931 		6.6089 		6.8928
v 4.0296 		6.6051 		6.9174
v 4.0614 		6.603 		6.948
v 4.0877 		6.6028 		6.9835
v 4.1075 		6.6043 		7.0229
v 4.1203 		6.6076 		7.0651
v 4.1258 		6.6126 		7.1086
v 4.1237 		6.6191 		7.1523
v 4.1142 		6.6269 		7.1947
v 4.0974 		6.6358 		7.2346
v 4.0602 		6.6321 		7.3282
v 4.0931 		6.6206 		7.2931
v 4.0215 		6.6437 		7.3568
v 3.9783 		6.6553 		7.3781
v 3.9319 		6.6663 		7.3913
v 3.8838 		6.6766 		7.3962
v 3.8352 		6.6857 		7.3925
v 3.7879 		6.6934 		7.3804
v 3.7431 		6.6995 		7.3603
v 3.7022 		6.7037 		7.3326
v 3.6666 		6.706 		7.2984
v 3.6372 		6.7063 		7.2586
v 3.6149 		6.7046 		7.2144
v 3.6005 		6.7008 		7.1672
v 3.5944 		6.6953 		7.1184
v 3.5967 		6.688 		7.0695
v 3.6075 		6.6792 		7.0219
v 3.6263 		6.6693 		6.9772
v 3.6525 		6.6584 		6.9367
v 3.6855 		6.647 		6.9016
v 3.7242 		6.6353 		6.873
v 3.7674 		6.6238 		6.8517
v 3.8137 		6.6128 		6.8384
v 3.8619 		6.6025 		6.8336
v 3.9104 		6.5934 		6.8372
v 3.9578 		6.5857 		6.8493
v 4.0026 		6.5796 		6.8695
v 4.0434 		6.5754 		6.8971
v 4.0791 		6.573 		6.9314
v 4.1085 		6.5728 		6.9712
v 4.1307 		6.5745 		7.0154
v 4.1451 		6.5782 		7.0626
v 4.1513 		6.5838 		7.1114
v 4.1489 		6.5911 		7.1603
v 4.1382 		6.5998 		7.2078
v 4.1194 		6.6098 		7.2525
v 4.0739 		6.606 		7.353
v 4.1102 		6.5934 		7.3144
v 4.0314 		6.6188 		7.3845
v 3.9839 		6.6315 		7.4079
v 3.9328 		6.6437 		7.4225
v 3.8798 		6.655 		7.4279
v 3.8265 		6.665 		7.4239
v 3.7743 		6.6735 		7.4105
v 3.7251 		6.6801 		7.3883
v 3.6801 		6.6848 		7.3579
v 3.6409 		6.6874 		7.3203
v 3.6086 		6.6877 		7.2765
v 3.5841 		6.6858 		7.2279
v 3.5683 		6.6817 		7.1759
v 3.5615 		6.6755 		7.1222
v 3.5641 		6.6675 		7.0684
v 3.5759 		6.6579 		7.0162
v 3.5966 		6.647 		6.967
v 3.6255 		6.635 		6.9224
v 3.6617 		6.6224 		6.8838
v 3.7043 		6.6096 		6.8523
v 3.7518 		6.5969 		6.8289
v 3.8028 		6.5848 		6.8143
v 3.8558 		6.5735 		6.8089
v 3.9092 		6.5635 		6.813
v 3.9613 		6.555 		6.8263
v 4.0106 		6.5483 		6.8485
v 4.0555 		6.5436 		6.8789
v 4.0947 		6.5411 		6.9166
v 4.1271 		6.5408 		6.9604
v 4.1515 		6.5427 		7.009
v 4.1674 		6.5468 		7.0609
v 4.1741 		6.5529 		7.1146
v 4.1715 		6.5609 		7.1684
v 4.1597 		6.5705 		7.2207
v 4.1391 		6.5815 		7.2698
v 4.0856 		6.5777 		7.3764
v 4.1249 		6.5641 		7.3346
v 4.0395 		6.5916 		7.4106
v 3.988 		6.6054 		7.4359
v 3.9328 		6.6185 		7.4517
v 3.8753 		6.6307 		7.4575
v 3.8175 		6.6416 		7.4532
v 3.7611 		6.6508 		7.4387
v 3.7077 		6.658 		7.4147
v 3.659 		6.6631 		7.3818
v 3.6165 		6.6658 		7.3409
v 3.5815 		6.6662 		7.2935
v 3.555 		6.6641 		7.2408
v 3.5378 		6.6597 		7.1846
v 3.5305 		6.653 		7.1264
v 3.5333 		6.6444 		7.0681
v 3.5461 		6.6339 		7.0115
v 3.5685 		6.6221 		6.9582
v 3.5998 		6.6091 		6.9099
v 3.6391 		6.5955 		6.8681
v 3.6852 		6.5816 		6.834
v 3.7366 		6.5679 		6.8086
v 3.7919 		6.5547 		6.7928
v 3.8493 		6.5425 		6.787
v 3.9071 		6.5316 		6.7914
v 3.9636 		6.5224 		6.8058
v 4.017 		6.5152 		6.8298
v 4.0657 		6.5101 		6.8628
v 4.1082 		6.5074 		6.9036
v 4.1432 		6.507 		6.951
v 4.1697 		6.5091 		7.0037
v 4.1868 		6.5135 		7.06
v 4.1941 		6.5202 		7.1181
v 4.1914 		6.5289 		7.1764
v 4.1786 		6.5393 		7.233
v 4.1562 		6.5512 		7.2863
v 4.0952 		6.5474 		7.3982
v 4.1372 		6.5328 		7.3535
v 4.0459 		6.5622 		7.4347
v 3.9909 		6.5769 		7.4618
v 3.9318 		6.591 		7.4787
v 3.8704 		6.6041 		7.4849
v 3.8085 		6.6157 		7.4802
v 3.7482 		6.6255 		7.4648
v 3.6911 		6.6333 		7.4391
v 3.639 		6.6387 		7.4039
v 3.5936 		6.6416 		7.3602
v 3.5561 		6.642 		7.3095
v 3.5278 		6.6398 		7.2532
v 3.5094 		6.635 		7.193
v 3.5016 		6.6279 		7.1308
v 3.5046 		6.6186 		7.0685
v 3.5183 		6.6075 		7.0079
v 3.5422 		6.5948 		6.951
v 3.5757 		6.581 		6.8993
v 3.6177 		6.5664 		6.8546
v 3.667 		6.5516 		6.8181
v 3.722 		6.5369 		6.791
v 3.7811 		6.5228 		6.7741
v 3.8425 		6.5097 		6.7679
v 3.9044 		6.4981 		6.7726
v 3.9647 		6.4883 		6.788
v 4.0218 		6.4805 		6.8137
v 4.0739 		6.4751 		6.8489
v 4.1193 		6.4722 		6.8926
v 4.1568 		6.4718 		6.9433
v 4.1851 		6.474 		6.9996
v 4.2035 		6.4788 		7.0598
v 4.2113 		6.4859 		7.122
v 4.2083 		6.4952 		7.1843
v 4.1946 		6.5063 		7.2449
v 4.1707 		6.519 		7.3018
v 4.1026 		6.5153 		7.4182
v 4.147 		6.4999 		7.3709
v 4.0505 		6.531 		7.4567
v 3.9923 		6.5465 		7.4854
v 3.9298 		6.5614 		7.5033
v 3.8649 		6.5752 		7.5098
v 3.7995 		6.5875 		7.5049
v 3.7357 		6.5979 		7.4886
v 3.6754 		6.606 		7.4614
v 3.6203 		6.6118 		7.4242
v 3.5723 		6.6149 		7.378
v 3.5327 		6.6153 		7.3244
v 3.5027 		6.6129 		7.2648
v 3.4833 		6.6079 		7.2012
v 3.4751 		6.6004 		7.1355
v 3.4782 		6.5906 		7.0696
v 3.4926 		6.5788 		7.0056
v 3.518 		6.5654 		6.9453
v 3.5534 		6.5508 		6.8907
v 3.5978 		6.5354 		6.8434
v 3.6499 		6.5197 		6.8049
v 3.7081 		6.5041 		6.7762
v 3.7706 		6.4892 		6.7583
v 3.8355 		6.4754 		6.7518
v 3.9008 		6.4632 		6.7567
v 3.9647 		6.4528 		6.773
v 4.025 		6.4446 		6.8002
v 4.08 		6.4388 		6.8374
v 4.1281 		6.4357 		6.8836
v 4.1677 		6.4353 		6.9372
v 4.1976 		6.4377 		6.9968
v 4.217 		6.4427 		7.0604
v 4.2253 		6.4502 		7.1261
v 4.2221 		6.46 		7.192
v 4.2077 		6.4718 		7.256
v 4.1824 		6.4852 		7.3163
v 4.1077 		6.4816 		7.4361
v 4.1542 		6.4654 		7.3867
v 4.0532 		6.498 		7.4765
v 3.9923 		6.5143 		7.5065
v 3.9269 		6.5298 		7.5252
v 3.859 		6.5443 		7.5321
v 3.7906 		6.5571 		7.5269
v 3.7238 		6.568 		7.5098
v 3.6606 		6.5766 		7.4814
v 3.603 		6.5826 		7.4424
v 3.5528 		6.5858 		7.3941
v 3.5113 		6.5862 		7.338
v 3.48 		6.5838 		7.2757
v 3.4597 		6.5785 		7.2091
v 3.451 		6.5707 		7.1403
v 3.4543 		6.5604 		7.0714
v 3.4694 		6.5481 		7.0044
v 3.4959 		6.534 		6.9413
v 3.533 		6.5187 		6.8842
v 3.5795 		6.5026 		6.8347
v 3.634 		6.4862 		6.7943
v 3.6949 		6.4699 		6.7644
v 3.7603 		6.4543 		6.7456
v 3.8282 		6.4399 		6.7388
v 3.8966 		6.427 		6.7439
v 3.9634 		6.4162 		6.761
v 4.0265 		6.4076 		6.7895
v 4.0841 		6.4016 		6.8284
v 4.1344 		6.3983 		6.8767
v 4.1759 		6.3979 		6.9329
v 4.2072 		6.4004 		6.9952
v 4.2275 		6.4056 		7.0617
v 4.2361 		6.4135 		7.1305
v 4.2329 		6.4238 		7.1995
v 4.2177 		6.4361 		7.2665
v 4.1913 		6.4501 		7.3295
v 4.1106 		6.4466 		7.452
v 4.1588 		6.4299 		7.4007
v 4.0541 		6.4636 		7.4939
v 3.9909 		6.4805 		7.525
v 3.9231 		6.4966 		7.5444
v 3.8527 		6.5116 		7.5515
v 3.7818 		6.5249 		7.5462
v 3.7125 		6.5362 		7.5285
v 3.647 		6.5451 		7.499
v 3.5873 		6.5513 		7.4586
v 3.5352 		6.5547 		7.4085
v 3.4922 		6.5551 		7.3503
v 3.4597 		6.5525 		7.2857
v 3.4386 		6.5471 		7.2167
v 3.4297 		6.539 		7.1453
v 3.4331 		6.5283 		7.0738
v 3.4488 		6.5155 		7.0043
v 3.4762 		6.501 		6.939
v 3.5147 		6.4851 		6.8798
v 3.5629 		6.4684 		6.8284
v 3.6194 		6.4513 		6.7866
v 3.6825 		6.4345 		6.7555
v 3.7503 		6.4183 		6.7361
v 3.8208 		6.4034 		6.729
v 3.8917 		6.39 		6.7343
v 3.9609 		6.3788 		6.752
v 4.0264 		6.3699 		6.7815
v 4.0861 		6.3637 		6.8219
v 4.1383 		6.3603 		6.872
v 4.1812 		6.3599 		6.9302
v 4.2137 		6.3624 		6.9948
v 4.2348 		6.3679 		7.0638
v 4.2437 		6.376 		7.1352
v 4.2403 		6.3867 		7.2067
v 4.2247 		6.3994 		7.2761
v 4.1972 		6.414 		7.3415
v 4.1111 		6.4105 		7.4657
v 4.1607 		6.3934 		7.413
v 4.053 		6.4281 		7.5087
v 3.9881 		6.4454 		7.5407
v 3.9184 		6.462 		7.5607
v 3.846 		6.4774 		7.568
v 3.7731 		6.4911 		7.5625
v 3.7019 		6.5027 		7.5443
v 3.6346 		6.5118 		7.514
v 3.5733 		6.5182 		7.4724
v 3.5197 		6.5217 		7.421
v 3.4755 		6.5221 		7.3611
v 3.4421 		6.5195 		7.2947
v 3.4204 		6.5139 		7.2238
v 3.4112 		6.5055 		7.1504
v 3.4147 		6.4946 		7.0769
v 3.4309 		6.4814 		7.0055
v 3.4591 		6.4665 		6.9384
v 3.4986 		6.4502 		6.8775
v 3.5481 		6.433 		6.8247
v 3.6062 		6.4155 		6.7817
v 3.6711 		6.3981 		6.7497
v 3.7408 		6.3815 		6.7298
v 3.8132 		6.3661 		6.7225
v 3.8861 		6.3524 		6.728
v 3.9573 		6.3408 		6.7462
v 4.0246 		6.3317 		6.7765
v 4.086 		6.3253 		6.818
v 4.1396 		6.3219 		6.8695
v 4.1838 		6.3214 		6.9293
v 4.2172 		6.324 		6.9957
v 4.2388 		6.3296 		7.0667
v 4.248 		6.338 		7.14
v 4.2445 		6.349 		7.2135
v 4.2284 		6.3621 		7.2849
v 4.2002 		6.3771 		7.3521
v 4.1094 		6.3738 		7.4771
v 4.1599 		6.3562 		7.4233
v 4.0501 		6.3916 		7.5209
v 3.984 		6.4093 		7.5535
v 3.9129 		6.4262 		7.5739
v 3.8391 		6.4419 		7.5813
v 3.7648 		6.4559 		7.5757
v 3.6922 		6.4677 		7.5572
v 3.6236 		6.477 		7.5263
v 3.561 		6.4835 		7.4839
v 3.5064 		6.4871 		7.4314
v 3.4613 		6.4875 		7.3704
v 3.4272 		6.4848 		7.3027
v 3.4052 		6.4791 		7.2304
v 3.3958 		6.4706 		7.1556
v 3.3994 		6.4594 		7.0807
v 3.4158 		6.446 		7.0079
v 3.4446 		6.4308 		6.9394
v 3.4849 		6.4141 		6.8773
v 3.5354 		6.3966 		6.8235
v 3.5946 		6.3788 		6.7797
v 3.6608 		6.3611 		6.7471
v 3.7318 		6.3442 		6.7268
v 3.8056 		6.3285 		6.7193
v 3.88 		6.3145 		6.7249
v 3.9526 		6.3027 		6.7435
v 4.0212 		6.2934 		6.7744
v 4.0838 		6.2869 		6.8167
v 4.1384 		6.2833 		6.8692
v 4.1834 		6.2829 		6.9302
v 4.2175 		6.2856 		6.9979
v 4.2396 		6.2913 		7.0702
v 4.2489 		6.2998 		7.145
v 4.2454 		6.311 		7.2199
v 4.2289 		6.3244 		7.2927
v 4.2002 		6.3396 		7.3612
v 4.1053 		6.3365 		7.486
v 4.1564 		6.3188 		7.4316
v 4.0454 		6.3546 		7.5304
v 3.9785 		6.3724 		7.5634
v 3.9066 		6.3896 		7.5839
v 3.8319 		6.4054 		7.5915
v 3.7567 		6.4196 		7.5858
v 3.6833 		6.4315 		7.567
v 3.6139 		6.4409 		7.5358
v 3.5506 		6.4475 		7.4929
v 3.4953 		6.4511 		7.4399
v 3.4498 		6.4515 		7.3781
v 3.4153 		6.4488 		7.3097
v 3.393 		6.4431 		7.2365
v 3.3835 		6.4344 		7.1609
v 3.3871 		6.4232 		7.0851
v 3.4037 		6.4096 		7.0114
v 3.4329 		6.3942 		6.9421
v 3.4736 		6.3773 		6.8793
v 3.5247 		6.3596 		6.8249
v 3.5846 		6.3416 		6.7806
v 3.6515 		6.3237 		6.7476
v 3.7234 		6.3066 		6.727
v 3.7981 		6.2907 		6.7195
v 3.8733 		6.2766 		6.7252
v 3.9467 		6.2646 		6.7439
v 4.0161 		6.2552 		6.7752
v 4.0794 		6.2486 		6.818
v 4.1347 		6.245 		6.8711
v 4.1802 		6.2446 		6.9328
v 4.2147 		6.2473 		7.0013
v 4.237 		6.253 		7.0745
v 4.2465 		6.2617 		7.1501
v 4.2429 		6.273 		7.2259
v 4.2263 		6.2865 		7.2996
v 4.1972 		6.302 		7.3688
v 4.099 		6.299 		7.4925
v 4.1503 		6.2812 		7.4379
v 4.0389 		6.3172 		7.537
v 3.9717 		6.3351 		7.5701
v 3.8995 		6.3523 		7.5908
v 3.8246 		6.3682 		7.5984
v 3.7491 		6.3824 		7.5927
v 3.6754 		6.3944 		7.5738
v 3.6057 		6.4039 		7.5424
v 3.5422 		6.4105 		7.4994
v 3.4867 		6.4141 		7.4462
v 3.441 		6.4145 		7.3842
v 3.4064 		6.4118 		7.3155
v 3.384 		6.406 		7.242
v 3.3744 		6.3973 		7.1661
v 3.3781 		6.386 		7.09
v 3.3947 		6.3724 		7.0161
v 3.424 		6.3569 		6.9465
v 3.4649 		6.34 		6.8835
v 3.5161 		6.3222 		6.8289
v 3.5763 		6.3041 		6.7844
v 3.6435 		6.2862 		6.7513
v 3.7156 		6.269 		6.7306
v 3.7906 		6.253 		6.723
v 3.8661 		6.2389 		6.7287
v 3.9398 		6.2269 		6.7476
v 4.0094 		6.2174 		6.779
v 4.073 		6.2108 		6.822
v 4.1285 		6.2072 		6.8752
v 4.1742 		6.2068 		6.9372
v 4.2088 		6.2095 		7.0059
v 4.2312 		6.2153 		7.0794
v 4.2407 		6.2239 		7.1553
v 4.2371 		6.2353 		7.2314
v 4.2204 		6.2489 		7.3053
v 4.1912 		6.2644 		7.3749
v 3.8076 		6.3106 		7.1607
# 650 vertices

g group_9_5122067

usemtl color_5122067
s 0

f 6308 	6307 	6309
f 6309 	6307 	6310
f 6310 	6307 	6311
f 6311 	6307 	6312
f 6312 	6307 	6313
f 6313 	6307 	6314
f 6314 	6307 	6315
f 6315 	6307 	6316
f 6316 	6307 	6317
f 6317 	6307 	6318
f 6318 	6307 	6319
f 6319 	6307 	6320
f 6320 	6307 	6321
f 6321 	6307 	6322
f 6322 	6307 	6323
f 6323 	6307 	6324
f 6324 	6307 	6325
f 6325 	6307 	6326
f 6326 	6307 	6327
f 6327 	6307 	6328
f 6328 	6307 	6329
f 6329 	6307 	6330
f 6330 	6307 	6331
f 6331 	6307 	6332
f 6332 	6307 	6333
f 6333 	6307 	6334
f 6334 	6307 	6335
f 6335 	6307 	6336
f 6336 	6307 	6337
f 6337 	6307 	6338
f 6338 	6307 	6339
f 6339 	6307 	6340
f 6340 	6307 	6341
f 6341 	6307 	6342
f 6342 	6307 	6343
f 6343 	6307 	6308
f 6308 	6309 	6344
f 6345 	6308 	6344
f 6309 	6310 	6346
f 6344 	6309 	6346
f 6310 	6311 	6347
f 6346 	6310 	6347
f 6311 	6312 	6348
f 6347 	6311 	6348
f 6312 	6313 	6349
f 6348 	6312 	6349
f 6313 	6314 	6350
f 6349 	6313 	6350
f 6314 	6315 	6351
f 6350 	6314 	6351
f 6315 	6316 	6352
f 6351 	6315 	6352
f 6316 	6317 	6353
f 6352 	6316 	6353
f 6317 	6318 	6354
f 6353 	6317 	6354
f 6318 	6319 	6355
f 6354 	6318 	6355
f 6319 	6320 	6356
f 6355 	6319 	6356
f 6320 	6321 	6357
f 6356 	6320 	6357
f 6321 	6322 	6358
f 6357 	6321 	6358
f 6322 	6323 	6359
f 6358 	6322 	6359
f 6323 	6324 	6360
f 6359 	6323 	6360
f 6324 	6325 	6361
f 6360 	6324 	6361
f 6325 	6326 	6362
f 6361 	6325 	6362
f 6326 	6327 	6363
f 6362 	6326 	6363
f 6327 	6328 	6364
f 6363 	6327 	6364
f 6328 	6329 	6365
f 6364 	6328 	6365
f 6329 	6330 	6366
f 6365 	6329 	6366
f 6330 	6331 	6367
f 6366 	6330 	6367
f 6331 	6332 	6368
f 6367 	6331 	6368
f 6332 	6333 	6369
f 6368 	6332 	6369
f 6333 	6334 	6370
f 6369 	6333 	6370
f 6334 	6335 	6371
f 6370 	6334 	6371
f 6335 	6336 	6372
f 6371 	6335 	6372
f 6336 	6337 	6373
f 6372 	6336 	6373
f 6337 	6338 	6374
f 6373 	6337 	6374
f 6338 	6339 	6375
f 6374 	6338 	6375
f 6339 	6340 	6376
f 6375 	6339 	6376
f 6340 	6341 	6377
f 6376 	6340 	6377
f 6341 	6342 	6378
f 6377 	6341 	6378
f 6342 	6343 	6379
f 6378 	6342 	6379
f 6343 	6308 	6345
f 6379 	6343 	6345
f 6345 	6344 	6380
f 6381 	6345 	6380
f 6344 	6346 	6382
f 6380 	6344 	6382
f 6346 	6347 	6383
f 6382 	6346 	6383
f 6347 	6348 	6384
f 6383 	6347 	6384
f 6348 	6349 	6385
f 6384 	6348 	6385
f 6349 	6350 	6386
f 6385 	6349 	6386
f 6350 	6351 	6387
f 6386 	6350 	6387
f 6351 	6352 	6388
f 6387 	6351 	6388
f 6352 	6353 	6389
f 6388 	6352 	6389
f 6353 	6354 	6390
f 6389 	6353 	6390
f 6354 	6355 	6391
f 6390 	6354 	6391
f 6355 	6356 	6392
f 6391 	6355 	6392
f 6356 	6357 	6393
f 6392 	6356 	6393
f 6357 	6358 	6394
f 6393 	6357 	6394
f 6358 	6359 	6395
f 6394 	6358 	6395
f 6359 	6360 	6396
f 6395 	6359 	6396
f 6360 	6361 	6397
f 6396 	6360 	6397
f 6361 	6362 	6398
f 6397 	6361 	6398
f 6362 	6363 	6399
f 6398 	6362 	6399
f 6363 	6364 	6400
f 6399 	6363 	6400
f 6364 	6365 	6401
f 6400 	6364 	6401
f 6365 	6366 	6402
f 6401 	6365 	6402
f 6366 	6367 	6403
f 6402 	6366 	6403
f 6367 	6368 	6404
f 6403 	6367 	6404
f 6368 	6369 	6405
f 6404 	6368 	6405
f 6369 	6370 	6406
f 6405 	6369 	6406
f 6370 	6371 	6407
f 6406 	6370 	6407
f 6371 	6372 	6408
f 6407 	6371 	6408
f 6372 	6373 	6409
f 6408 	6372 	6409
f 6373 	6374 	6410
f 6409 	6373 	6410
f 6374 	6375 	6411
f 6410 	6374 	6411
f 6375 	6376 	6412
f 6411 	6375 	6412
f 6376 	6377 	6413
f 6412 	6376 	6413
f 6377 	6378 	6414
f 6413 	6377 	6414
f 6378 	6379 	6415
f 6414 	6378 	6415
f 6379 	6345 	6381
f 6415 	6379 	6381
f 6381 	6380 	6416
f 6417 	6381 	6416
f 6380 	6382 	6418
f 6416 	6380 	6418
f 6382 	6383 	6419
f 6418 	6382 	6419
f 6383 	6384 	6420
f 6419 	6383 	6420
f 6384 	6385 	6421
f 6420 	6384 	6421
f 6385 	6386 	6422
f 6421 	6385 	6422
f 6386 	6387 	6423
f 6422 	6386 	6423
f 6387 	6388 	6424
f 6423 	6387 	6424
f 6388 	6389 	6425
f 6424 	6388 	6425
f 6389 	6390 	6426
f 6425 	6389 	6426
f 6390 	6391 	6427
f 6426 	6390 	6427
f 6391 	6392 	6428
f 6427 	6391 	6428
f 6392 	6393 	6429
f 6428 	6392 	6429
f 6393 	6394 	6430
f 6429 	6393 	6430
f 6394 	6395 	6431
f 6430 	6394 	6431
f 6395 	6396 	6432
f 6431 	6395 	6432
f 6396 	6397 	6433
f 6432 	6396 	6433
f 6397 	6398 	6434
f 6433 	6397 	6434
f 6398 	6399 	6435
f 6434 	6398 	6435
f 6399 	6400 	6436
f 6435 	6399 	6436
f 6400 	6401 	6437
f 6436 	6400 	6437
f 6401 	6402 	6438
f 6437 	6401 	6438
f 6402 	6403 	6439
f 6438 	6402 	6439
f 6403 	6404 	6440
f 6439 	6403 	6440
f 6404 	6405 	6441
f 6440 	6404 	6441
f 6405 	6406 	6442
f 6441 	6405 	6442
f 6406 	6407 	6443
f 6442 	6406 	6443
f 6407 	6408 	6444
f 6443 	6407 	6444
f 6408 	6409 	6445
f 6444 	6408 	6445
f 6409 	6410 	6446
f 6445 	6409 	6446
f 6410 	6411 	6447
f 6446 	6410 	6447
f 6411 	6412 	6448
f 6447 	6411 	6448
f 6412 	6413 	6449
f 6448 	6412 	6449
f 6413 	6414 	6450
f 6449 	6413 	6450
f 6414 	6415 	6451
f 6450 	6414 	6451
f 6415 	6381 	6417
f 6451 	6415 	6417
f 6417 	6416 	6452
f 6453 	6417 	6452
f 6416 	6418 	6454
f 6452 	6416 	6454
f 6418 	6419 	6455
f 6454 	6418 	6455
f 6419 	6420 	6456
f 6455 	6419 	6456
f 6420 	6421 	6457
f 6456 	6420 	6457
f 6421 	6422 	6458
f 6457 	6421 	6458
f 6422 	6423 	6459
f 6458 	6422 	6459
f 6423 	6424 	6460
f 6459 	6423 	6460
f 6424 	6425 	6461
f 6460 	6424 	6461
f 6425 	6426 	6462
f 6461 	6425 	6462
f 6426 	6427 	6463
f 6462 	6426 	6463
f 6427 	6428 	6464
f 6463 	6427 	6464
f 6428 	6429 	6465
f 6464 	6428 	6465
f 6429 	6430 	6466
f 6465 	6429 	6466
f 6430 	6431 	6467
f 6466 	6430 	6467
f 6431 	6432 	6468
f 6467 	6431 	6468
f 6432 	6433 	6469
f 6468 	6432 	6469
f 6433 	6434 	6470
f 6469 	6433 	6470
f 6434 	6435 	6471
f 6470 	6434 	6471
f 6435 	6436 	6472
f 6471 	6435 	6472
f 6436 	6437 	6473
f 6472 	6436 	6473
f 6437 	6438 	6474
f 6473 	6437 	6474
f 6438 	6439 	6475
f 6474 	6438 	6475
f 6439 	6440 	6476
f 6475 	6439 	6476
f 6440 	6441 	6477
f 6476 	6440 	6477
f 6441 	6442 	6478
f 6477 	6441 	6478
f 6442 	6443 	6479
f 6478 	6442 	6479
f 6443 	6444 	6480
f 6479 	6443 	6480
f 6444 	6445 	6481
f 6480 	6444 	6481
f 6445 	6446 	6482
f 6481 	6445 	6482
f 6446 	6447 	6483
f 6482 	6446 	6483
f 6447 	6448 	6484
f 6483 	6447 	6484
f 6448 	6449 	6485
f 6484 	6448 	6485
f 6449 	6450 	6486
f 6485 	6449 	6486
f 6450 	6451 	6487
f 6486 	6450 	6487
f 6451 	6417 	6453
f 6487 	6451 	6453
f 6453 	6452 	6488
f 6489 	6453 	6488
f 6452 	6454 	6490
f 6488 	6452 	6490
f 6454 	6455 	6491
f 6490 	6454 	6491
f 6455 	6456 	6492
f 6491 	6455 	6492
f 6456 	6457 	6493
f 6492 	6456 	6493
f 6457 	6458 	6494
f 6493 	6457 	6494
f 6458 	6459 	6495
f 6494 	6458 	6495
f 6459 	6460 	6496
f 6495 	6459 	6496
f 6460 	6461 	6497
f 6496 	6460 	6497
f 6461 	6462 	6498
f 6497 	6461 	6498
f 6462 	6463 	6499
f 6498 	6462 	6499
f 6463 	6464 	6500
f 6499 	6463 	6500
f 6464 	6465 	6501
f 6500 	6464 	6501
f 6465 	6466 	6502
f 6501 	6465 	6502
f 6466 	6467 	6503
f 6502 	6466 	6503
f 6467 	6468 	6504
f 6503 	6467 	6504
f 6468 	6469 	6505
f 6504 	6468 	6505
f 6469 	6470 	6506
f 6505 	6469 	6506
f 6470 	6471 	6507
f 6506 	6470 	6507
f 6471 	6472 	6508
f 6507 	6471 	6508
f 6472 	6473 	6509
f 6508 	6472 	6509
f 6473 	6474 	6510
f 6509 	6473 	6510
f 6474 	6475 	6511
f 6510 	6474 	6511
f 6475 	6476 	6512
f 6511 	6475 	6512
f 6476 	6477 	6513
f 6512 	6476 	6513
f 6477 	6478 	6514
f 6513 	6477 	6514
f 6478 	6479 	6515
f 6514 	6478 	6515
f 6479 	6480 	6516
f 6515 	6479 	6516
f 6480 	6481 	6517
f 6516 	6480 	6517
f 6481 	6482 	6518
f 6517 	6481 	6518
f 6482 	6483 	6519
f 6518 	6482 	6519
f 6483 	6484 	6520
f 6519 	6483 	6520
f 6484 	6485 	6521
f 6520 	6484 	6521
f 6485 	6486 	6522
f 6521 	6485 	6522
f 6486 	6487 	6523
f 6522 	6486 	6523
f 6487 	6453 	6489
f 6523 	6487 	6489
f 6489 	6488 	6524
f 6525 	6489 	6524
f 6488 	6490 	6526
f 6524 	6488 	6526
f 6490 	6491 	6527
f 6526 	6490 	6527
f 6491 	6492 	6528
f 6527 	6491 	6528
f 6492 	6493 	6529
f 6528 	6492 	6529
f 6493 	6494 	6530
f 6529 	6493 	6530
f 6494 	6495 	6531
f 6530 	6494 	6531
f 6495 	6496 	6532
f 6531 	6495 	6532
f 6496 	6497 	6533
f 6532 	6496 	6533
f 6497 	6498 	6534
f 6533 	6497 	6534
f 6498 	6499 	6535
f 6534 	6498 	6535
f 6499 	6500 	6536
f 6535 	6499 	6536
f 6500 	6501 	6537
f 6536 	6500 	6537
f 6501 	6502 	6538
f 6537 	6501 	6538
f 6502 	6503 	6539
f 6538 	6502 	6539
f 6503 	6504 	6540
f 6539 	6503 	6540
f 6504 	6505 	6541
f 6540 	6504 	6541
f 6505 	6506 	6542
f 6541 	6505 	6542
f 6506 	6507 	6543
f 6542 	6506 	6543
f 6507 	6508 	6544
f 6543 	6507 	6544
f 6508 	6509 	6545
f 6544 	6508 	6545
f 6509 	6510 	6546
f 6545 	6509 	6546
f 6510 	6511 	6547
f 6546 	6510 	6547
f 6511 	6512 	6548
f 6547 	6511 	6548
f 6512 	6513 	6549
f 6548 	6512 	6549
f 6513 	6514 	6550
f 6549 	6513 	6550
f 6514 	6515 	6551
f 6550 	6514 	6551
f 6515 	6516 	6552
f 6551 	6515 	6552
f 6516 	6517 	6553
f 6552 	6516 	6553
f 6517 	6518 	6554
f 6553 	6517 	6554
f 6518 	6519 	6555
f 6554 	6518 	6555
f 6519 	6520 	6556
f 6555 	6519 	6556
f 6520 	6521 	6557
f 6556 	6520 	6557
f 6521 	6522 	6558
f 6557 	6521 	6558
f 6522 	6523 	6559
f 6558 	6522 	6559
f 6523 	6489 	6525
f 6559 	6523 	6525
f 6525 	6524 	6560
f 6561 	6525 	6560
f 6524 	6526 	6562
f 6560 	6524 	6562
f 6526 	6527 	6563
f 6562 	6526 	6563
f 6527 	6528 	6564
f 6563 	6527 	6564
f 6528 	6529 	6565
f 6564 	6528 	6565
f 6529 	6530 	6566
f 6565 	6529 	6566
f 6530 	6531 	6567
f 6566 	6530 	6567
f 6531 	6532 	6568
f 6567 	6531 	6568
f 6532 	6533 	6569
f 6568 	6532 	6569
f 6533 	6534 	6570
f 6569 	6533 	6570
f 6534 	6535 	6571
f 6570 	6534 	6571
f 6535 	6536 	6572
f 6571 	6535 	6572
f 6536 	6537 	6573
f 6572 	6536 	6573
f 6537 	6538 	6574
f 6573 	6537 	6574
f 6538 	6539 	6575
f 6574 	6538 	6575
f 6539 	6540 	6576
f 6575 	6539 	6576
f 6540 	6541 	6577
f 6576 	6540 	6577
f 6541 	6542 	6578
f 6577 	6541 	6578
f 6542 	6543 	6579
f 6578 	6542 	6579
f 6543 	6544 	6580
f 6579 	6543 	6580
f 6544 	6545 	6581
f 6580 	6544 	6581
f 6545 	6546 	6582
f 6581 	6545 	6582
f 6546 	6547 	6583
f 6582 	6546 	6583
f 6547 	6548 	6584
f 6583 	6547 	6584
f 6548 	6549 	6585
f 6584 	6548 	6585
f 6549 	6550 	6586
f 6585 	6549 	6586
f 6550 	6551 	6587
f 6586 	6550 	6587
f 6551 	6552 	6588
f 6587 	6551 	6588
f 6552 	6553 	6589
f 6588 	6552 	6589
f 6553 	6554 	6590
f 6589 	6553 	6590
f 6554 	6555 	6591
f 6590 	6554 	6591
f 6555 	6556 	6592
f 6591 	6555 	6592
f 6556 	6557 	6593
f 6592 	6556 	6593
f 6557 	6558 	6594
f 6593 	6557 	6594
f 6558 	6559 	6595
f 6594 	6558 	6595
f 6559 	6525 	6561
f 6595 	6559 	6561
f 6561 	6560 	6596
f 6597 	6561 	6596
f 6560 	6562 	6598
f 6596 	6560 	6598
f 6562 	6563 	6599
f 6598 	6562 	6599
f 6563 	6564 	6600
f 6599 	6563 	6600
f 6564 	6565 	6601
f 6600 	6564 	6601
f 6565 	6566 	6602
f 6601 	6565 	6602
f 6566 	6567 	6603
f 6602 	6566 	6603
f 6567 	6568 	6604
f 6603 	6567 	6604
f 6568 	6569 	6605
f 6604 	6568 	6605
f 6569 	6570 	6606
f 6605 	6569 	6606
f 6570 	6571 	6607
f 6606 	6570 	6607
f 6571 	6572 	6608
f 6607 	6571 	6608
f 6572 	6573 	6609
f 6608 	6572 	6609
f 6573 	6574 	6610
f 6609 	6573 	6610
f 6574 	6575 	6611
f 6610 	6574 	6611
f 6575 	6576 	6612
f 6611 	6575 	6612
f 6576 	6577 	6613
f 6612 	6576 	6613
f 6577 	6578 	6614
f 6613 	6577 	6614
f 6578 	6579 	6615
f 6614 	6578 	6615
f 6579 	6580 	6616
f 6615 	6579 	6616
f 6580 	6581 	6617
f 6616 	6580 	6617
f 6581 	6582 	6618
f 6617 	6581 	6618
f 6582 	6583 	6619
f 6618 	6582 	6619
f 6583 	6584 	6620
f 6619 	6583 	6620
f 6584 	6585 	6621
f 6620 	6584 	6621
f 6585 	6586 	6622
f 6621 	6585 	6622
f 6586 	6587 	6623
f 6622 	6586 	6623
f 6587 	6588 	6624
f 6623 	6587 	6624
f 6588 	6589 	6625
f 6624 	6588 	6625
f 6589 	6590 	6626
f 6625 	6589 	6626
f 6590 	6591 	6627
f 6626 	6590 	6627
f 6591 	6592 	6628
f 6627 	6591 	6628
f 6592 	6593 	6629
f 6628 	6592 	6629
f 6593 	6594 	6630
f 6629 	6593 	6630
f 6594 	6595 	6631
f 6630 	6594 	6631
f 6595 	6561 	6597
f 6631 	6595 	6597
f 6597 	6596 	6632
f 6633 	6597 	6632
f 6596 	6598 	6634
f 6632 	6596 	6634
f 6598 	6599 	6635
f 6634 	6598 	6635
f 6599 	6600 	6636
f 6635 	6599 	6636
f 6600 	6601 	6637
f 6636 	6600 	6637
f 6601 	6602 	6638
f 6637 	6601 	6638
f 6602 	6603 	6639
f 6638 	6602 	6639
f 6603 	6604 	6640
f 6639 	6603 	6640
f 6604 	6605 	6641
f 6640 	6604 	6641
f 6605 	6606 	6642
f 6641 	6605 	6642
f 6606 	6607 	6643
f 6642 	6606 	6643
f 6607 	6608 	6644
f 6643 	6607 	6644
f 6608 	6609 	6645
f 6644 	6608 	6645
f 6609 	6610 	6646
f 6645 	6609 	6646
f 6610 	6611 	6647
f 6646 	6610 	6647
f 6611 	6612 	6648
f 6647 	6611 	6648
f 6612 	6613 	6649
f 6648 	6612 	6649
f 6613 	6614 	6650
f 6649 	6613 	6650
f 6614 	6615 	6651
f 6650 	6614 	6651
f 6615 	6616 	6652
f 6651 	6615 	6652
f 6616 	6617 	6653
f 6652 	6616 	6653
f 6617 	6618 	6654
f 6653 	6617 	6654
f 6618 	6619 	6655
f 6654 	6618 	6655
f 6619 	6620 	6656
f 6655 	6619 	6656
f 6620 	6621 	6657
f 6656 	6620 	6657
f 6621 	6622 	6658
f 6657 	6621 	6658
f 6622 	6623 	6659
f 6658 	6622 	6659
f 6623 	6624 	6660
f 6659 	6623 	6660
f 6624 	6625 	6661
f 6660 	6624 	6661
f 6625 	6626 	6662
f 6661 	6625 	6662
f 6626 	6627 	6663
f 6662 	6626 	6663
f 6627 	6628 	6664
f 6663 	6627 	6664
f 6628 	6629 	6665
f 6664 	6628 	6665
f 6629 	6630 	6666
f 6665 	6629 	6666
f 6630 	6631 	6667
f 6666 	6630 	6667
f 6631 	6597 	6633
f 6667 	6631 	6633
f 6633 	6632 	6668
f 6669 	6633 	6668
f 6632 	6634 	6670
f 6668 	6632 	6670
f 6634 	6635 	6671
f 6670 	6634 	6671
f 6635 	6636 	6672
f 6671 	6635 	6672
f 6636 	6637 	6673
f 6672 	6636 	6673
f 6637 	6638 	6674
f 6673 	6637 	6674
f 6638 	6639 	6675
f 6674 	6638 	6675
f 6639 	6640 	6676
f 6675 	6639 	6676
f 6640 	6641 	6677
f 6676 	6640 	6677
f 6641 	6642 	6678
f 6677 	6641 	6678
f 6642 	6643 	6679
f 6678 	6642 	6679
f 6643 	6644 	6680
f 6679 	6643 	6680
f 6644 	6645 	6681
f 6680 	6644 	6681
f 6645 	6646 	6682
f 6681 	6645 	6682
f 6646 	6647 	6683
f 6682 	6646 	6683
f 6647 	6648 	6684
f 6683 	6647 	6684
f 6648 	6649 	6685
f 6684 	6648 	6685
f 6649 	6650 	6686
f 6685 	6649 	6686
f 6650 	6651 	6687
f 6686 	6650 	6687
f 6651 	6652 	6688
f 6687 	6651 	6688
f 6652 	6653 	6689
f 6688 	6652 	6689
f 6653 	6654 	6690
f 6689 	6653 	6690
f 6654 	6655 	6691
f 6690 	6654 	6691
f 6655 	6656 	6692
f 6691 	6655 	6692
f 6656 	6657 	6693
f 6692 	6656 	6693
f 6657 	6658 	6694
f 6693 	6657 	6694
f 6658 	6659 	6695
f 6694 	6658 	6695
f 6659 	6660 	6696
f 6695 	6659 	6696
f 6660 	6661 	6697
f 6696 	6660 	6697
f 6661 	6662 	6698
f 6697 	6661 	6698
f 6662 	6663 	6699
f 6698 	6662 	6699
f 6663 	6664 	6700
f 6699 	6663 	6700
f 6664 	6665 	6701
f 6700 	6664 	6701
f 6665 	6666 	6702
f 6701 	6665 	6702
f 6666 	6667 	6703
f 6702 	6666 	6703
f 6667 	6633 	6669
f 6703 	6667 	6669
f 6669 	6668 	6704
f 6705 	6669 	6704
f 6668 	6670 	6706
f 6704 	6668 	6706
f 6670 	6671 	6707
f 6706 	6670 	6707
f 6671 	6672 	6708
f 6707 	6671 	6708
f 6672 	6673 	6709
f 6708 	6672 	6709
f 6673 	6674 	6710
f 6709 	6673 	6710
f 6674 	6675 	6711
f 6710 	6674 	6711
f 6675 	6676 	6712
f 6711 	6675 	6712
f 6676 	6677 	6713
f 6712 	6676 	6713
f 6677 	6678 	6714
f 6713 	6677 	6714
f 6678 	6679 	6715
f 6714 	6678 	6715
f 6679 	6680 	6716
f 6715 	6679 	6716
f 6680 	6681 	6717
f 6716 	6680 	6717
f 6681 	6682 	6718
f 6717 	6681 	6718
f 6682 	6683 	6719
f 6718 	6682 	6719
f 6683 	6684 	6720
f 6719 	6683 	6720
f 6684 	6685 	6721
f 6720 	6684 	6721
f 6685 	6686 	6722
f 6721 	6685 	6722
f 6686 	6687 	6723
f 6722 	6686 	6723
f 6687 	6688 	6724
f 6723 	6687 	6724
f 6688 	6689 	6725
f 6724 	6688 	6725
f 6689 	6690 	6726
f 6725 	6689 	6726
f 6690 	6691 	6727
f 6726 	6690 	6727
f 6691 	6692 	6728
f 6727 	6691 	6728
f 6692 	6693 	6729
f 6728 	6692 	6729
f 6693 	6694 	6730
f 6729 	6693 	6730
f 6694 	6695 	6731
f 6730 	6694 	6731
f 6695 	6696 	6732
f 6731 	6695 	6732
f 6696 	6697 	6733
f 6732 	6696 	6733
f 6697 	6698 	6734
f 6733 	6697 	6734
f 6698 	6699 	6735
f 6734 	6698 	6735
f 6699 	6700 	6736
f 6735 	6699 	6736
f 6700 	6701 	6737
f 6736 	6700 	6737
f 6701 	6702 	6738
f 6737 	6701 	6738
f 6702 	6703 	6739
f 6738 	6702 	6739
f 6703 	6669 	6705
f 6739 	6703 	6705
f 6705 	6704 	6740
f 6741 	6705 	6740
f 6704 	6706 	6742
f 6740 	6704 	6742
f 6706 	6707 	6743
f 6742 	6706 	6743
f 6707 	6708 	6744
f 6743 	6707 	6744
f 6708 	6709 	6745
f 6744 	6708 	6745
f 6709 	6710 	6746
f 6745 	6709 	6746
f 6710 	6711 	6747
f 6746 	6710 	6747
f 6711 	6712 	6748
f 6747 	6711 	6748
f 6712 	6713 	6749
f 6748 	6712 	6749
f 6713 	6714 	6750
f 6749 	6713 	6750
f 6714 	6715 	6751
f 6750 	6714 	6751
f 6715 	6716 	6752
f 6751 	6715 	6752
f 6716 	6717 	6753
f 6752 	6716 	6753
f 6717 	6718 	6754
f 6753 	6717 	6754
f 6718 	6719 	6755
f 6754 	6718 	6755
f 6719 	6720 	6756
f 6755 	6719 	6756
f 6720 	6721 	6757
f 6756 	6720 	6757
f 6721 	6722 	6758
f 6757 	6721 	6758
f 6722 	6723 	6759
f 6758 	6722 	6759
f 6723 	6724 	6760
f 6759 	6723 	6760
f 6724 	6725 	6761
f 6760 	6724 	6761
f 6725 	6726 	6762
f 6761 	6725 	6762
f 6726 	6727 	6763
f 6762 	6726 	6763
f 6727 	6728 	6764
f 6763 	6727 	6764
f 6728 	6729 	6765
f 6764 	6728 	6765
f 6729 	6730 	6766
f 6765 	6729 	6766
f 6730 	6731 	6767
f 6766 	6730 	6767
f 6731 	6732 	6768
f 6767 	6731 	6768
f 6732 	6733 	6769
f 6768 	6732 	6769
f 6733 	6734 	6770
f 6769 	6733 	6770
f 6734 	6735 	6771
f 6770 	6734 	6771
f 6735 	6736 	6772
f 6771 	6735 	6772
f 6736 	6737 	6773
f 6772 	6736 	6773
f 6737 	6738 	6774
f 6773 	6737 	6774
f 6738 	6739 	6775
f 6774 	6738 	6775
f 6739 	6705 	6741
f 6775 	6739 	6741
f 6741 	6740 	6776
f 6777 	6741 	6776
f 6740 	6742 	6778
f 6776 	6740 	6778
f 6742 	6743 	6779
f 6778 	6742 	6779
f 6743 	6744 	6780
f 6779 	6743 	6780
f 6744 	6745 	6781
f 6780 	6744 	6781
f 6745 	6746 	6782
f 6781 	6745 	6782
f 6746 	6747 	6783
f 6782 	6746 	6783
f 6747 	6748 	6784
f 6783 	6747 	6784
f 6748 	6749 	6785
f 6784 	6748 	6785
f 6749 	6750 	6786
f 6785 	6749 	6786
f 6750 	6751 	6787
f 6786 	6750 	6787
f 6751 	6752 	6788
f 6787 	6751 	6788
f 6752 	6753 	6789
f 6788 	6752 	6789
f 6753 	6754 	6790
f 6789 	6753 	6790
f 6754 	6755 	6791
f 6790 	6754 	6791
f 6755 	6756 	6792
f 6791 	6755 	6792
f 6756 	6757 	6793
f 6792 	6756 	6793
f 6757 	6758 	6794
f 6793 	6757 	6794
f 6758 	6759 	6795
f 6794 	6758 	6795
f 6759 	6760 	6796
f 6795 	6759 	6796
f 6760 	6761 	6797
f 6796 	6760 	6797
f 6761 	6762 	6798
f 6797 	6761 	6798
f 6762 	6763 	6799
f 6798 	6762 	6799
f 6763 	6764 	6800
f 6799 	6763 	6800
f 6764 	6765 	6801
f 6800 	6764 	6801
f 6765 	6766 	6802
f 6801 	6765 	6802
f 6766 	6767 	6803
f 6802 	6766 	6803
f 6767 	6768 	6804
f 6803 	6767 	6804
f 6768 	6769 	6805
f 6804 	6768 	6805
f 6769 	6770 	6806
f 6805 	6769 	6806
f 6770 	6771 	6807
f 6806 	6770 	6807
f 6771 	6772 	6808
f 6807 	6771 	6808
f 6772 	6773 	6809
f 6808 	6772 	6809
f 6773 	6774 	6810
f 6809 	6773 	6810
f 6774 	6775 	6811
f 6810 	6774 	6811
f 6775 	6741 	6777
f 6811 	6775 	6777
f 6777 	6776 	6812
f 6813 	6777 	6812
f 6776 	6778 	6814
f 6812 	6776 	6814
f 6778 	6779 	6815
f 6814 	6778 	6815
f 6779 	6780 	6816
f 6815 	6779 	6816
f 6780 	6781 	6817
f 6816 	6780 	6817
f 6781 	6782 	6818
f 6817 	6781 	6818
f 6782 	6783 	6819
f 6818 	6782 	6819
f 6783 	6784 	6820
f 6819 	6783 	6820
f 6784 	6785 	6821
f 6820 	6784 	6821
f 6785 	6786 	6822
f 6821 	6785 	6822
f 6786 	6787 	6823
f 6822 	6786 	6823
f 6787 	6788 	6824
f 6823 	6787 	6824
f 6788 	6789 	6825
f 6824 	6788 	6825
f 6789 	6790 	6826
f 6825 	6789 	6826
f 6790 	6791 	6827
f 6826 	6790 	6827
f 6791 	6792 	6828
f 6827 	6791 	6828
f 6792 	6793 	6829
f 6828 	6792 	6829
f 6793 	6794 	6830
f 6829 	6793 	6830
f 6794 	6795 	6831
f 6830 	6794 	6831
f 6795 	6796 	6832
f 6831 	6795 	6832
f 6796 	6797 	6833
f 6832 	6796 	6833
f 6797 	6798 	6834
f 6833 	6797 	6834
f 6798 	6799 	6835
f 6834 	6798 	6835
f 6799 	6800 	6836
f 6835 	6799 	6836
f 6800 	6801 	6837
f 6836 	6800 	6837
f 6801 	6802 	6838
f 6837 	6801 	6838
f 6802 	6803 	6839
f 6838 	6802 	6839
f 6803 	6804 	6840
f 6839 	6803 	6840
f 6804 	6805 	6841
f 6840 	6804 	6841
f 6805 	6806 	6842
f 6841 	6805 	6842
f 6806 	6807 	6843
f 6842 	6806 	6843
f 6807 	6808 	6844
f 6843 	6807 	6844
f 6808 	6809 	6845
f 6844 	6808 	6845
f 6809 	6810 	6846
f 6845 	6809 	6846
f 6810 	6811 	6847
f 6846 	6810 	6847
f 6811 	6777 	6813
f 6847 	6811 	6813
f 6813 	6812 	6848
f 6849 	6813 	6848
f 6812 	6814 	6850
f 6848 	6812 	6850
f 6814 	6815 	6851
f 6850 	6814 	6851
f 6815 	6816 	6852
f 6851 	6815 	6852
f 6816 	6817 	6853
f 6852 	6816 	6853
f 6817 	6818 	6854
f 6853 	6817 	6854
f 6818 	6819 	6855
f 6854 	6818 	6855
f 6819 	6820 	6856
f 6855 	6819 	6856
f 6820 	6821 	6857
f 6856 	6820 	6857
f 6821 	6822 	6858
f 6857 	6821 	6858
f 6822 	6823 	6859
f 6858 	6822 	6859
f 6823 	6824 	6860
f 6859 	6823 	6860
f 6824 	6825 	6861
f 6860 	6824 	6861
f 6825 	6826 	6862
f 6861 	6825 	6862
f 6826 	6827 	6863
f 6862 	6826 	6863
f 6827 	6828 	6864
f 6863 	6827 	6864
f 6828 	6829 	6865
f 6864 	6828 	6865
f 6829 	6830 	6866
f 6865 	6829 	6866
f 6830 	6831 	6867
f 6866 	6830 	6867
f 6831 	6832 	6868
f 6867 	6831 	6868
f 6832 	6833 	6869
f 6868 	6832 	6869
f 6833 	6834 	6870
f 6869 	6833 	6870
f 6834 	6835 	6871
f 6870 	6834 	6871
f 6835 	6836 	6872
f 6871 	6835 	6872
f 6836 	6837 	6873
f 6872 	6836 	6873
f 6837 	6838 	6874
f 6873 	6837 	6874
f 6838 	6839 	6875
f 6874 	6838 	6875
f 6839 	6840 	6876
f 6875 	6839 	6876
f 6840 	6841 	6877
f 6876 	6840 	6877
f 6841 	6842 	6878
f 6877 	6841 	6878
f 6842 	6843 	6879
f 6878 	6842 	6879
f 6843 	6844 	6880
f 6879 	6843 	6880
f 6844 	6845 	6881
f 6880 	6844 	6881
f 6845 	6846 	6882
f 6881 	6845 	6882
f 6846 	6847 	6883
f 6882 	6846 	6883
f 6847 	6813 	6849
f 6883 	6847 	6849
f 6849 	6848 	6884
f 6885 	6849 	6884
f 6848 	6850 	6886
f 6884 	6848 	6886
f 6850 	6851 	6887
f 6886 	6850 	6887
f 6851 	6852 	6888
f 6887 	6851 	6888
f 6852 	6853 	6889
f 6888 	6852 	6889
f 6853 	6854 	6890
f 6889 	6853 	6890
f 6854 	6855 	6891
f 6890 	6854 	6891
f 6855 	6856 	6892
f 6891 	6855 	6892
f 6856 	6857 	6893
f 6892 	6856 	6893
f 6857 	6858 	6894
f 6893 	6857 	6894
f 6858 	6859 	6895
f 6894 	6858 	6895
f 6859 	6860 	6896
f 6895 	6859 	6896
f 6860 	6861 	6897
f 6896 	6860 	6897
f 6861 	6862 	6898
f 6897 	6861 	6898
f 6862 	6863 	6899
f 6898 	6862 	6899
f 6863 	6864 	6900
f 6899 	6863 	6900
f 6864 	6865 	6901
f 6900 	6864 	6901
f 6865 	6866 	6902
f 6901 	6865 	6902
f 6866 	6867 	6903
f 6902 	6866 	6903
f 6867 	6868 	6904
f 6903 	6867 	6904
f 6868 	6869 	6905
f 6904 	6868 	6905
f 6869 	6870 	6906
f 6905 	6869 	6906
f 6870 	6871 	6907
f 6906 	6870 	6907
f 6871 	6872 	6908
f 6907 	6871 	6908
f 6872 	6873 	6909
f 6908 	6872 	6909
f 6873 	6874 	6910
f 6909 	6873 	6910
f 6874 	6875 	6911
f 6910 	6874 	6911
f 6875 	6876 	6912
f 6911 	6875 	6912
f 6876 	6877 	6913
f 6912 	6876 	6913
f 6877 	6878 	6914
f 6913 	6877 	6914
f 6878 	6879 	6915
f 6914 	6878 	6915
f 6879 	6880 	6916
f 6915 	6879 	6916
f 6880 	6881 	6917
f 6916 	6880 	6917
f 6881 	6882 	6918
f 6917 	6881 	6918
f 6882 	6883 	6919
f 6918 	6882 	6919
f 6883 	6849 	6885
f 6919 	6883 	6885
f 6885 	6884 	6920
f 6921 	6885 	6920
f 6884 	6886 	6922
f 6920 	6884 	6922
f 6886 	6887 	6923
f 6922 	6886 	6923
f 6887 	6888 	6924
f 6923 	6887 	6924
f 6888 	6889 	6925
f 6924 	6888 	6925
f 6889 	6890 	6926
f 6925 	6889 	6926
f 6890 	6891 	6927
f 6926 	6890 	6927
f 6891 	6892 	6928
f 6927 	6891 	6928
f 6892 	6893 	6929
f 6928 	6892 	6929
f 6893 	6894 	6930
f 6929 	6893 	6930
f 6894 	6895 	6931
f 6930 	6894 	6931
f 6895 	6896 	6932
f 6931 	6895 	6932
f 6896 	6897 	6933
f 6932 	6896 	6933
f 6897 	6898 	6934
f 6933 	6897 	6934
f 6898 	6899 	6935
f 6934 	6898 	6935
f 6899 	6900 	6936
f 6935 	6899 	6936
f 6900 	6901 	6937
f 6936 	6900 	6937
f 6901 	6902 	6938
f 6937 	6901 	6938
f 6902 	6903 	6939
f 6938 	6902 	6939
f 6903 	6904 	6940
f 6939 	6903 	6940
f 6904 	6905 	6941
f 6940 	6904 	6941
f 6905 	6906 	6942
f 6941 	6905 	6942
f 6906 	6907 	6943
f 6942 	6906 	6943
f 6907 	6908 	6944
f 6943 	6907 	6944
f 6908 	6909 	6945
f 6944 	6908 	6945
f 6909 	6910 	6946
f 6945 	6909 	6946
f 6910 	6911 	6947
f 6946 	6910 	6947
f 6911 	6912 	6948
f 6947 	6911 	6948
f 6912 	6913 	6949
f 6948 	6912 	6949
f 6913 	6914 	6950
f 6949 	6913 	6950
f 6914 	6915 	6951
f 6950 	6914 	6951
f 6915 	6916 	6952
f 6951 	6915 	6952
f 6916 	6917 	6953
f 6952 	6916 	6953
f 6917 	6918 	6954
f 6953 	6917 	6954
f 6918 	6919 	6955
f 6954 	6918 	6955
f 6919 	6885 	6921
f 6955 	6919 	6921
f 6921 	6920 	6956
f 6920 	6922 	6956
f 6922 	6923 	6956
f 6923 	6924 	6956
f 6924 	6925 	6956
f 6925 	6926 	6956
f 6926 	6927 	6956
f 6927 	6928 	6956
f 6928 	6929 	6956
f 6929 	6930 	6956
f 6930 	6931 	6956
f 6931 	6932 	6956
f 6932 	6933 	6956
f 6933 	6934 	6956
f 6934 	6935 	6956
f 6935 	6936 	6956
f 6936 	6937 	6956
f 6937 	6938 	6956
f 6938 	6939 	6956
f 6939 	6940 	6956
f 6940 	6941 	6956
f 6941 	6942 	6956
f 6942 	6943 	6956
f 6943 	6944 	6956
f 6944 	6945 	6956
f 6945 	6946 	6956
f 6946 	6947 	6956
f 6947 	6948 	6956
f 6948 	6949 	6956
f 6949 	6950 	6956
f 6950 	6951 	6956
f 6951 	6952 	6956
f 6952 	6953 	6956
f 6953 	6954 	6956
f 6954 	6955 	6956
f 6955 	6921 	6956
# 1296 faces

 #end of obj_9

o obj_10
v 5.7761 		-0.7812 		0.8895
v 5.8091 		-0.7943 		0.9043
v 5.8109 		-0.7879 		0.9045
v 5.8117 		-0.7812 		0.9043
v 5.8113 		-0.7745 		0.9036
v 5.8099 		-0.768 		0.9026
v 5.8074 		-0.762 		0.9012
v 5.8039 		-0.7565 		0.8996
v 5.7996 		-0.7517 		0.8976
v 5.7945 		-0.7479 		0.8955
v 5.7889 		-0.745 		0.8932
v 5.7828 		-0.7433 		0.8909
v 5.7766 		-0.7426 		0.8885
v 5.7703 		-0.7432 		0.8863
v 5.7641 		-0.7449 		0.8842
v 5.7583 		-0.7477 		0.8823
v 5.7531 		-0.7515 		0.8807
v 5.7485 		-0.7563 		0.8793
v 5.7447 		-0.7617 		0.8784
v 5.7419 		-0.7678 		0.8778
v 5.7401 		-0.7742 		0.8776
v 5.7393 		-0.7809 		0.8779
v 5.7397 		-0.7876 		0.8785
v 5.7412 		-0.7941 		0.8795
v 5.7436 		-0.8001 		0.8809
v 5.7471 		-0.8056 		0.8826
v 5.7514 		-0.8104 		0.8845
v 5.7565 		-0.8142 		0.8867
v 5.7621 		-0.8171 		0.8889
v 5.7682 		-0.8188 		0.8913
v 5.7744 		-0.8195 		0.8936
v 5.7807 		-0.8189 		0.8958
v 5.7869 		-0.8172 		0.898
v 5.7927 		-0.8144 		0.8999
v 5.7979 		-0.8106 		0.9015
v 5.8025 		-0.8058 		0.9028
v 5.8063 		-0.8004 		0.9038
v 5.8444 		-0.7943 		0.9226
v 5.8408 		-0.8071 		0.9222
v 5.8458 		-0.781 		0.9221
v 5.8451 		-0.7677 		0.9208
v 5.8422 		-0.7548 		0.9188
v 5.8373 		-0.7427 		0.9161
v 5.8304 		-0.7317 		0.9127
v 5.8217 		-0.7223 		0.9088
v 5.8117 		-0.7146 		0.9046
v 5.8004 		-0.7089 		0.9001
v 5.7884 		-0.7054 		0.8954
v 5.7759 		-0.7042 		0.8908
v 5.7634 		-0.7053 		0.8863
v 5.7511 		-0.7087 		0.8821
v 5.7396 		-0.7143 		0.8783
v 5.7291 		-0.7219 		0.875
v 5.72 		-0.7313 		0.8724
v 5.7124 		-0.7422 		0.8705
v 5.7068 		-0.7543 		0.8693
v 5.7032 		-0.7671 		0.869
v 5.7017 		-0.7804 		0.8695
v 5.7024 		-0.7937 		0.8708
v 5.7053 		-0.8066 		0.8728
v 5.7103 		-0.8187 		0.8755
v 5.7172 		-0.8297 		0.8789
v 5.7258 		-0.8391 		0.8827
v 5.7359 		-0.8468 		0.887
v 5.7471 		-0.8525 		0.8915
v 5.7592 		-0.856 		0.8962
v 5.7717 		-0.8572 		0.9008
v 5.7842 		-0.8561 		0.9053
v 5.7964 		-0.8527 		0.9095
v 5.808 		-0.8471 		0.9133
v 5.8185 		-0.8395 		0.9165
v 5.8276 		-0.8301 		0.9192
v 5.8351 		-0.8192 		0.9211
v 5.8762 		-0.8003 		0.9435
v 5.8708 		-0.8195 		0.943
v 5.8783 		-0.7805 		0.9428
v 5.8773 		-0.7607 		0.9409
v 5.8729 		-0.7415 		0.9379
v 5.8655 		-0.7234 		0.9338
v 5.8553 		-0.7071 		0.9288
v 5.8424 		-0.693 		0.9231
v 5.8274 		-0.6815 		0.9167
v 5.8107 		-0.6731 		0.91
v 5.7927 		-0.6679 		0.903
v 5.7741 		-0.666 		0.8961
v 5.7554 		-0.6677 		0.8894
v 5.7372 		-0.6728 		0.8832
v 5.72 		-0.6811 		0.8775
v 5.7043 		-0.6925 		0.8727
v 5.6907 		-0.7065 		0.8688
v 5.6795 		-0.7227 		0.8659
v 5.6711 		-0.7407 		0.8642
v 5.6657 		-0.7599 		0.8637
v 5.6635 		-0.7797 		0.8644
v 5.6646 		-0.7995 		0.8663
v 5.6689 		-0.8187 		0.8693
v 5.6763 		-0.8368 		0.8734
v 5.6866 		-0.8531 		0.8784
v 5.6995 		-0.8672 		0.8841
v 5.7145 		-0.8787 		0.8905
v 5.7312 		-0.8871 		0.8972
v 5.7492 		-0.8923 		0.9042
v 5.7678 		-0.8941 		0.9111
v 5.7865 		-0.8925 		0.9178
v 5.8047 		-0.8874 		0.924
v 5.8219 		-0.8791 		0.9297
v 5.8375 		-0.8677 		0.9345
v 5.8512 		-0.8537 		0.9384
v 5.8624 		-0.8375 		0.9413
v 5.906 		-0.806 		0.9672
v 5.8989 		-0.8313 		0.9665
v 5.9089 		-0.7798 		0.9663
v 5.9075 		-0.7536 		0.9638
v 5.9018 		-0.7282 		0.9598
v 5.892 		-0.7044 		0.9544
v 5.8784 		-0.6828 		0.9478
v 5.8614 		-0.6642 		0.9402
v 5.8416 		-0.649 		0.9318
v 5.8195 		-0.6378 		0.9229
v 5.7958 		-0.6309 		0.9137
v 5.7712 		-0.6286 		0.9046
v 5.7465 		-0.6308 		0.8957
v 5.7224 		-0.6375 		0.8874
v 5.6996 		-0.6485 		0.88
v 5.679 		-0.6635 		0.8736
v 5.6609 		-0.682 		0.8684
v 5.6462 		-0.7034 		0.8646
v 5.635 		-0.7272 		0.8624
v 5.6279 		-0.7526 		0.8617
v 5.625 		-0.7787 		0.8627
v 5.6265 		-0.8049 		0.8652
v 5.6322 		-0.8303 		0.8692
v 5.642 		-0.8542 		0.8745
v 5.6555 		-0.8757 		0.8811
v 5.6725 		-0.8944 		0.8887
v 5.6924 		-0.9095 		0.8971
v 5.7145 		-0.9207 		0.906
v 5.7382 		-0.9276 		0.9152
v 5.7628 		-0.93 		0.9243
v 5.7875 		-0.9278 		0.9332
v 5.8116 		-0.9211 		0.9415
v 5.8343 		-0.9101 		0.9489
v 5.855 		-0.8951 		0.9553
v 5.873 		-0.8766 		0.9605
v 5.8878 		-0.8551 		0.9643
v 5.9337 		-0.8112 		0.9934
v 5.925 		-0.8426 		0.9926
v 5.9373 		-0.7789 		0.9923
v 5.9355 		-0.7466 		0.9892
v 5.9285 		-0.7152 		0.9843
v 5.9164 		-0.6857 		0.9776
v 5.8996 		-0.659 		0.9695
v 5.8786 		-0.636 		0.9601
v 5.8541 		-0.6173 		0.9497
v 5.8268 		-0.6035 		0.9387
v 5.7975 		-0.5949 		0.9274
v 5.7671 		-0.592 		0.9161
v 5.7366 		-0.5947 		0.9051
v 5.7068 		-0.603 		0.8949
v 5.6787 		-0.6166 		0.8857
v 5.6532 		-0.6351 		0.8778
v 5.6309 		-0.658 		0.8714
v 5.6126 		-0.6845 		0.8667
v 5.5989 		-0.7139 		0.8639
v 5.5901 		-0.7452 		0.8631
v 5.5866 		-0.7775 		0.8643
v 5.5883 		-0.8099 		0.8674
v 5.5954 		-0.8413 		0.8723
v 5.6075 		-0.8708 		0.8789
v 5.6242 		-0.8974 		0.8871
v 5.6452 		-0.9205 		0.8965
v 5.6698 		-0.9392 		0.9069
v 5.6971 		-0.953 		0.9179
v 5.7264 		-0.9615 		0.9292
v 5.7567 		-0.9645 		0.9405
v 5.7873 		-0.9617 		0.9514
v 5.817 		-0.9535 		0.9617
v 5.8451 		-0.9398 		0.9709
v 5.8707 		-0.9213 		0.9788
v 5.8929 		-0.8985 		0.9852
v 5.9112 		-0.8719 		0.9898
v 5.9591 		-0.816 		1.0221
v 5.9487 		-0.8531 		1.0211
v 5.9633 		-0.7778 		1.0207
v 5.9613 		-0.7395 		1.017
v 5.9529 		-0.7024 		1.0112
v 5.9386 		-0.6675 		1.0033
v 5.9187 		-0.636 		0.9937
v 5.8939 		-0.6087 		0.9826
v 5.8649 		-0.5866 		0.9703
v 5.8326 		-0.5702 		0.9573
v 5.7979 		-0.5601 		0.9439
v 5.762 		-0.5566 		0.9305
v 5.7259 		-0.5598 		0.9176
v 5.6906 		-0.5696 		0.9055
v 5.6574 		-0.5858 		0.8946
v 5.6272 		-0.6077 		0.8852
v 5.6008 		-0.6347 		0.8776
v 5.5792 		-0.6661 		0.8721
v 5.563 		-0.7009 		0.8688
v 5.5526 		-0.7379 		0.8679
v 5.5484 		-0.7762 		0.8692
v 5.5504 		-0.8144 		0.8729
v 5.5588 		-0.8516 		0.8787
v 5.5731 		-0.8864 		0.8866
v 5.593 		-0.918 		0.8962
v 5.6178 		-0.9452 		0.9073
v 5.6468 		-0.9674 		0.9196
v 5.6791 		-0.9837 		0.9326
v 5.7138 		-0.9938 		0.946
v 5.7497 		-0.9973 		0.9594
v 5.7858 		-0.9941 		0.9723
v 5.8211 		-0.9843 		0.9844
v 5.8543 		-0.9682 		0.9953
v 5.8845 		-0.9463 		1.0047
v 5.9109 		-0.9192 		1.0123
v 5.9325 		-0.8878 		1.0178
v 5.982 		-0.8203 		1.0528
v 5.97 		-0.8628 		1.0517
v 5.9868 		-0.7764 		1.0512
v 5.9844 		-0.7325 		1.047
v 5.9749 		-0.6899 		1.0403
v 5.9584 		-0.6499 		1.0313
v 5.9356 		-0.6137 		1.0203
v 5.9072 		-0.5825 		1.0075
v 5.8739 		-0.5571 		0.9934
v 5.8368 		-0.5383 		0.9785
v 5.797 		-0.5267 		0.9631
v 5.7558 		-0.5227 		0.9478
v 5.7144 		-0.5264 		0.9329
v 5.674 		-0.5377 		0.9191
v 5.6359 		-0.5561 		0.9066
v 5.6012 		-0.5813 		0.8958
v 5.571 		-0.6123 		0.8871
v 5.5462 		-0.6483 		0.8808
v 5.5275 		-0.6882 		0.877
v 5.5156 		-0.7307 		0.8759
v 5.5107 		-0.7746 		0.8775
v 5.5131 		-0.8185 		0.8817
v 5.5227 		-0.8611 		0.8884
v 5.5391 		-0.9011 		0.8974
v 5.5619 		-0.9373 		0.9085
v 5.5904 		-0.9685 		0.9212
v 5.6237 		-0.9939 		0.9353
v 5.6608 		-1.0127 		0.9502
v 5.7005 		-1.0242 		0.9656
v 5.7417 		-1.0282 		0.9809
v 5.7832 		-1.0246 		0.9958
v 5.8236 		-1.0133 		1.0097
v 5.8617 		-0.9948 		1.0222
v 5.8964 		-0.9697 		1.0329
v 5.9266 		-0.9387 		1.0416
v 5.9514 		-0.9027 		1.0479
v 6.0021 		-0.824 		1.0855
v 5.9887 		-0.8717 		1.0842
v 6.0075 		-0.7749 		1.0837
v 6.0048 		-0.7257 		1.079
v 5.9941 		-0.6779 		1.0715
v 5.9757 		-0.6331 		1.0614
v 5.9502 		-0.5926 		1.049
v 5.9183 		-0.5575 		1.0347
v 5.881 		-0.529 		1.0189
v 5.8394 		-0.508 		1.0022
v 5.7948 		-0.4951 		0.985
v 5.7486 		-0.4906 		0.9678
v 5.7022 		-0.4947 		0.9511
v 5.6569 		-0.5073 		0.9356
v 5.6142 		-0.528 		0.9216
v 5.5753 		-0.5562 		0.9095
v 5.5415 		-0.591 		0.8998
v 5.5137 		-0.6313 		0.8927
v 5.4928 		-0.676 		0.8885
v 5.4794 		-0.7236 		0.8872
v 5.474 		-0.7728 		0.889
v 5.4767 		-0.822 		0.8937
v 5.4874 		-0.8697 		0.9012
v 5.5058 		-0.9146 		0.9113
v 5.5313 		-0.9551 		0.9237
v 5.5632 		-0.9901 		0.938
v 5.6005 		-1.0186 		0.9538
v 5.6421 		-1.0396 		0.9705
v 5.6867 		-1.0526 		0.9877
v 5.7329 		-1.0571 		1.0049
v 5.7793 		-1.053 		1.0216
v 5.8246 		-1.0404 		1.0371
v 5.8673 		-1.0196 		1.0511
v 5.9062 		-0.9915 		1.0632
v 5.94 		-0.9567 		1.0729
v 5.9678 		-0.9164 		1.08
v 6.0193 		-0.8272 		1.1198
v 6.0046 		-0.8796 		1.1184
v 6.0253 		-0.7731 		1.1179
v 6.0223 		-0.719 		1.1127
v 6.0106 		-0.6665 		1.1044
v 5.9903 		-0.6172 		1.0933
v 5.9622 		-0.5726 		1.0797
v 5.9271 		-0.534 		1.0639
v 5.8861 		-0.5027 		1.0466
v 5.8404 		-0.4796 		1.0282
v 5.7914 		-0.4653 		1.0092
v 5.7405 		-0.4604 		0.9903
v 5.6894 		-0.4649 		0.972
v 5.6396 		-0.4788 		0.9549
v 5.5926 		-0.5016 		0.9395
v 5.5499 		-0.5326 		0.9262
v 5.5126 		-0.5708 		0.9156
v 5.4821 		-0.6152 		0.9078
v 5.4591 		-0.6643 		0.9031
v 5.4444 		-0.7167 		0.9017
v 5.4384 		-0.7708 		0.9036
v 5.4414 		-0.825 		0.9088
v 5.4531 		-0.8775 		0.9171
v 5.4734 		-0.9268 		0.9282
v 5.5015 		-0.9714 		0.9418
v 5.5366 		-1.0099 		0.9576
v 5.5776 		-1.0413 		0.9749
v 5.6233 		-1.0644 		0.9933
v 5.6724 		-1.0786 		1.0123
v 5.7232 		-1.0836 		1.0312
v 5.7743 		-1.079 		1.0495
v 5.8241 		-1.0652 		1.0666
v 5.8711 		-1.0424 		1.082
v 5.9138 		-1.0114 		1.0953
v 5.9511 		-0.9731 		1.1059
v 5.9816 		-0.9288 		1.1137
v 6.0336 		-0.8298 		1.1555
v 6.0177 		-0.8866 		1.154
v 6.04 		-0.7712 		1.1534
v 6.0368 		-0.7126 		1.1478
v 6.0241 		-0.6557 		1.1388
v 6.0022 		-0.6023 		1.1268
v 5.9717 		-0.5539 		1.112
v 5.9337 		-0.5122 		1.095
v 5.8892 		-0.4782 		1.0762
v 5.8397 		-0.4532 		1.0563
v 5.7866 		-0.4377 		1.0357
v 5.7315 		-0.4324 		1.0152
v 5.6762 		-0.4373 		0.9954
v 5.6222 		-0.4523 		0.9769
v 5.5713 		-0.477 		0.9602
v 5.525 		-0.5106 		0.9458
v 5.4847 		-0.552 		0.9342
v 5.4515 		-0.6001 		0.9258
v 5.4266 		-0.6533 		0.9208
v 5.4107 		-0.7101 		0.9193
v 5.4042 		-0.7687 		0.9213
v 5.4074 		-0.8274 		0.9269
v 5.4202 		-0.8843 		0.9359
v 5.4421 		-0.9377 		0.948
v 5.4726 		-0.986 		0.9627
v 5.5106 		-1.0278 		0.9798
v 5.5551 		-1.0617 		0.9985
v 5.6046 		-1.0867 		1.0185
v 5.6577 		-1.1022 		1.039
v 5.7127 		-1.1075 		1.0595
v 5.7681 		-1.1026 		1.0793
v 5.822 		-1.0876 		1.0979
v 5.873 		-1.0629 		1.1146
v 5.9193 		-1.0293 		1.1289
v 5.9596 		-0.9879 		1.1405
v 5.9928 		-0.9398 		1.1489
v 6.0447 		-0.8318 		1.1923
v 6.0277 		-0.8925 		1.1907
v 6.0516 		-0.7691 		1.1901
v 6.0482 		-0.7064 		1.1841
v 6.0346 		-0.6456 		1.1745
v 6.0111 		-0.5885 		1.1616
v 5.9786 		-0.5368 		1.1459
v 5.9379 		-0.4921 		1.1276
v 5.8904 		-0.4559 		1.1076
v 5.8374 		-0.4291 		1.0862
v 5.7806 		-0.4125 		1.0643
v 5.7217 		-0.4068 		1.0423
v 5.6626 		-0.4121 		1.0212
v 5.6049 		-0.4281 		1.0013
v 5.5504 		-0.4545 		0.9835
v 5.5009 		-0.4904 		0.9681
v 5.4577 		-0.5348 		0.9558
v 5.4223 		-0.5862 		0.9467
v 5.3957 		-0.6431 		0.9413
v 5.3787 		-0.7038 		0.9397
v 5.3718 		-0.7665 		0.9419
v 5.3752 		-0.8292 		0.9479
v 5.3888 		-0.89 		0.9575
v 5.4123 		-0.9471 		0.9704
v 5.4448 		-0.9988 		0.9862
v 5.4855 		-1.0435 		1.0044
v 5.533 		-1.0797 		1.0245
v 5.586 		-1.1065 		1.0458
v 5.6428 		-1.123 		1.0678
v 5.7016 		-1.1288 		1.0897
v 5.7608 		-1.1235 		1.1109
v 5.8185 		-1.1074 		1.1307
v 5.873 		-1.0811 		1.1486
v 5.9225 		-1.0452 		1.1639
v 5.9656 		-1.0008 		1.1763
v 6.0011 		-0.9494 		1.1853
v 6.0527 		-0.8331 		1.23
v 6.0347 		-0.8973 		1.2283
v 6.06 		-0.7669 		1.2277
v 6.0564 		-0.7006 		1.2213
v 6.0419 		-0.6363 		1.2112
v 6.0171 		-0.5759 		1.1976
v 5.9827 		-0.5213 		1.1809
v 5.9397 		-0.474 		1.1616
v 5.8895 		-0.4357 		1.1404
v 5.8335 		-0.4074 		1.1178
v 5.7735 		-0.3899 		1.0946
v 5.7112 		-0.3839 		1.0714
v 5.6486 		-0.3894 		1.049
v 5.5876 		-0.4064 		1.0281
v 5.5301 		-0.4343 		1.0092
v 5.4777 		-0.4722 		0.993
v 5.4321 		-0.5191 		0.9799
v 5.3947 		-0.5735 		0.9704
v 5.3665 		-0.6336 		0.9646
v 5.3485 		-0.6978 		0.9629
v 5.3412 		-0.7641 		0.9653
v 5.3448 		-0.8304 		0.9716
v 5.3592 		-0.8947 		0.9818
v 5.384 		-0.9551 		0.9954
v 5.4184 		-1.0097 		1.0121
v 5.4614 		-1.0569 		1.0313
v 5.5117 		-1.0953 		1.0526
v 5.5677 		-1.1236 		1.0751
v 5.6277 		-1.1411 		1.0984
v 5.69 		-1.1471 		1.1215
v 5.7525 		-1.1415 		1.1439
v 5.8135 		-1.1246 		1.1649
v 5.8711 		-1.0967 		1.1838
v 5.9235 		-1.0587 		1.2
v 5.9691 		-1.0119 		1.2131
v 6.0065 		-0.9575 		1.2226
v 6.0574 		-0.8338 		1.2683
v 6.0385 		-0.901 		1.2665
v 6.065 		-0.7645 		1.2658
v 6.0612 		-0.6952 		1.2592
v 6.0461 		-0.6278 		1.2486
v 6.0202 		-0.5646 		1.2343
v 5.9842 		-0.5075 		1.2168
v 5.9392 		-0.4581 		1.1967
v 5.8866 		-0.4179 		1.1745
v 5.828 		-0.3883 		1.1509
v 5.7652 		-0.37 		1.1266
v 5.7 		-0.3637 		1.1023
v 5.6345 		-0.3695 		1.0789
v 5.5707 		-0.3873 		1.0569
v 5.5105 		-0.4165 		1.0372
v 5.4557 		-0.4562 		1.0202
v 5.4079 		-0.5052 		1.0065
v 5.3687 		-0.5621 		0.9965
v 5.3393 		-0.6251 		0.9906
v 5.3204 		-0.6923 		0.9888
v 5.3128 		-0.7616 		0.9912
v 5.3166 		-0.831 		0.9979
v 5.3317 		-0.8983 		1.0085
v 5.3576 		-0.9615 		1.0227
v 5.3936 		-1.0186 		1.0402
v 5.4386 		-1.0681 		1.0603
v 5.4912 		-1.1082 		1.0826
v 5.5498 		-1.1378 		1.1062
v 5.6126 		-1.1561 		1.1305
v 5.6778 		-1.1624 		1.1547
v 5.7433 		-1.1566 		1.1782
v 5.8071 		-1.1388 		1.2001
v 5.8673 		-1.1097 		1.2199
v 5.9221 		-1.0699 		1.2368
v 5.9699 		-1.0209 		1.2505
v 6.0091 		-0.964 		1.2605
v 6.0588 		-0.8339 		1.3068
v 6.0392 		-0.9036 		1.3049
v 6.0667 		-0.762 		1.3042
v 6.0628 		-0.6901 		1.2973
v 6.0471 		-0.6203 		1.2864
v 6.0202 		-0.5548 		1.2716
v 5.9829 		-0.4955 		1.2535
v 5.9362 		-0.4443 		1.2326
v 5.8817 		-0.4027 		1.2095
v 5.8209 		-0.3719 		1.185
v 5.7558 		-0.353 		1.1599
v 5.6883 		-0.3464 		1.1347
v 5.6204 		-0.3525 		1.1104
v 5.5542 		-0.3709 		1.0877
v 5.4917 		-0.4012 		1.0672
v 5.4349 		-0.4424 		1.0496
v 5.3854 		-0.4932 		1.0354
v 5.3448 		-0.5522 		1.025
v 5.3142 		-0.6175 		1.0188
v 5.2947 		-0.6871 		1.017
v 5.2868 		-0.759 		1.0195
v 5.2907 		-0.8309 		1.0264
v 5.3063 		-0.9007 		1.0374
v 5.3332 		-0.9663 		1.0522
v 5.3706 		-1.0255 		1.0703
v 5.4172 		-1.0768 		1.0912
v 5.4718 		-1.1184 		1.1142
v 5.5325 		-1.1491 		1.1387
v 5.5977 		-1.1681 		1.1639
v 5.6652 		-1.1746 		1.1891
v 5.7331 		-1.1686 		1.2134
v 5.7993 		-1.1502 		1.2361
v 5.8617 		-1.1199 		1.2566
v 5.9186 		-1.0787 		1.2742
v 5.968 		-1.0279 		1.2884
v 6.0087 		-0.9689 		1.2987
v 6.0569 		-0.8334 		1.3453
v 6.0368 		-0.905 		1.3434
v 6.065 		-0.7595 		1.3426
v 6.061 		-0.6855 		1.3356
v 6.0449 		-0.6138 		1.3243
v 6.0172 		-0.5465 		1.3091
v 5.9789 		-0.4855 		1.2905
v 5.9309 		-0.4329 		1.269
v 5.8749 		-0.3901 		1.2453
v 5.8124 		-0.3585 		1.2201
v 5.7454 		-0.339 		1.1942
v 5.676 		-0.3323 		1.1684
v 5.6062 		-0.3385 		1.1434
v 5.5382 		-0.3574 		1.12
v 5.474 		-0.3885 		1.099
v 5.4156 		-0.4309 		1.0809
v 5.3647 		-0.4831 		1.0663
v 5.3229 		-0.5437 		1.0557
v 5.2915 		-0.6109 		1.0493
v 5.2715 		-0.6825 		1.0474
v 5.2633 		-0.7564 		1.05
v 5.2674 		-0.8303 		1.0571
v 5.2834 		-0.902 		1.0684
v 5.3111 		-0.9694 		1.0836
v 5.3495 		-1.0303 		1.1022
v 5.3974 		-1.083 		1.1237
v 5.4535 		-1.1258 		1.1474
v 5.5159 		-1.1574 		1.1725
v 5.5829 		-1.1768 		1.1984
v 5.6523 		-1.1836 		1.2243
v 5.7221 		-1.1774 		1.2492
v 5.7901 		-1.1584 		1.2726
v 5.8543 		-1.1273 		1.2937
v 5.9128 		-1.085 		1.3118
v 5.9636 		-1.0327 		1.3264
v 6.0054 		-0.9721 		1.337
v 6.0517 		-0.8322 		1.3834
v 6.0312 		-0.9052 		1.3815
v 6.06 		-0.7568 		1.3808
v 6.0559 		-0.6815 		1.3736
v 6.0395 		-0.6083 		1.362
v 6.0113 		-0.5396 		1.3465
v 5.9721 		-0.4775 		1.3276
v 5.9233 		-0.4238 		1.3057
v 5.8661 		-0.3802 		1.2815
v 5.8024 		-0.348 		1.2559
v 5.7342 		-0.3282 		1.2295
v 5.6634 		-0.3213 		1.2031
v 5.5922 		-0.3276 		1.1776
v 5.5229 		-0.3469 		1.1538
v 5.4574 		-0.3786 		1.1323
v 5.3979 		-0.4218 		1.1139
v 5.346 		-0.4751 		1.099
v 5.3034 		-0.5369 		1.0882
v 5.2714 		-0.6053 		1.0817
v 5.2509 		-0.6783 		1.0797
v 5.2426 		-0.7537 		1.0824
v 5.2467 		-0.829 		1.0896
v 5.2631 		-0.9022 		1.1011
v 5.2913 		-0.9709 		1.1166
v 5.3305 		-1.033 		1.1356
v 5.3794 		-1.0867 		1.1575
v 5.4365 		-1.1303 		1.1817
v 5.5002 		-1.1625 		1.2073
v 5.5684 		-1.1823 		1.2337
v 5.6392 		-1.1892 		1.2601
v 5.7104 		-1.1829 		1.2855
v 5.7797 		-1.1636 		1.3094
v 5.8452 		-1.1319 		1.3308
v 5.9048 		-1.0887 		1.3493
v 5.9566 		-1.0354 		1.3642
v 5.9992 		-0.9736 		1.375
v 6.0433 		-0.8303 		1.421
v 6.0225 		-0.9042 		1.419
v 6.0517 		-0.7541 		1.4183
v 6.0475 		-0.6779 		1.411
v 6.0309 		-0.6039 		1.3993
v 6.0024 		-0.5344 		1.3837
v 5.9628 		-0.4716 		1.3645
v 5.9133 		-0.4173 		1.3423
v 5.8555 		-0.3732 		1.3179
v 5.7911 		-0.3406 		1.2919
v 5.7221 		-0.3205 		1.2652
v 5.6505 		-0.3136 		1.2386
v 5.5785 		-0.3199 		1.2128
v 5.5083 		-0.3395 		1.1887
v 5.4421 		-0.3716 		1.167
v 5.3819 		-0.4152 		1.1483
v 5.3294 		-0.4691 		1.1333
v 5.2863 		-0.5317 		1.1223
v 5.254 		-0.6009 		1.1157
v 5.2332 		-0.6747 		1.1138
v 5.2248 		-0.7509 		1.1165
v 5.229 		-0.8272 		1.1238
v 5.2456 		-0.9012 		1.1354
v 5.2741 		-0.9706 		1.1511
v 5.3137 		-1.0335 		1.1703
v 5.3632 		-1.0878 		1.1925
v 5.421 		-1.1319 		1.2169
v 5.4854 		-1.1645 		1.2428
v 5.5544 		-1.1846 		1.2696
v 5.626 		-1.1915 		1.2962
v 5.698 		-1.1851 		1.322
v 5.7682 		-1.1656 		1.3461
v 5.8344 		-1.1335 		1.3678
v 5.8946 		-1.0898 		1.3865
v 5.9471 		-1.0359 		1.4015
v 5.9902 		-0.9734 		1.4125
v 6.0316 		-0.8279 		1.4577
v 6.0109 		-0.902 		1.4557
v 6.0401 		-0.7514 		1.455
v 6.0359 		-0.6749 		1.4476
v 6.0192 		-0.6006 		1.4359
v 5.9906 		-0.5309 		1.4202
v 5.9509 		-0.4678 		1.4009
v 5.9012 		-0.4133 		1.3787
v 5.8432 		-0.369 		1.3542
v 5.7786 		-0.3363 		1.3281
v 5.7092 		-0.3161 		1.3013
v 5.6374 		-0.3091 		1.2746
v 5.5651 		-0.3156 		1.2487
v 5.4947 		-0.3352 		1.2245
v 5.4282 		-0.3674 		1.2027
v 5.3677 		-0.4112 		1.184
v 5.3151 		-0.4653 		1.1689
v 5.2718 		-0.5281 		1.1578
v 5.2393 		-0.5976 		1.1512
v 5.2185 		-0.6717 		1.1493
v 5.2101 		-0.7482 		1.152
v 5.2143 		-0.8247 		1.1593
v 5.2309 		-0.899 		1.171
v 5.2596 		-0.9687 		1.1867
v 5.2993 		-1.0318 		1.206
v 5.3489 		-1.0863 		1.2283
v 5.407 		-1.1306 		1.2528
v 5.4716 		-1.1633 		1.2788
v 5.5409 		-1.1835 		1.3056
v 5.6128 		-1.1905 		1.3324
v 5.6851 		-1.184 		1.3583
v 5.7555 		-1.1644 		1.3825
v 5.822 		-1.1322 		1.4043
v 5.8824 		-1.0884 		1.423
v 5.9351 		-1.0343 		1.4381
v 5.9783 		-0.9715 		1.4491
v 5.6251 		-0.7498 		1.3035
# 650 vertices

g group_10_5122067

usemtl color_5122067
s 0

f 6958 	6957 	6959
f 6959 	6957 	6960
f 6960 	6957 	6961
f 6961 	6957 	6962
f 6962 	6957 	6963
f 6963 	6957 	6964
f 6964 	6957 	6965
f 6965 	6957 	6966
f 6966 	6957 	6967
f 6967 	6957 	6968
f 6968 	6957 	6969
f 6969 	6957 	6970
f 6970 	6957 	6971
f 6971 	6957 	6972
f 6972 	6957 	6973
f 6973 	6957 	6974
f 6974 	6957 	6975
f 6975 	6957 	6976
f 6976 	6957 	6977
f 6977 	6957 	6978
f 6978 	6957 	6979
f 6979 	6957 	6980
f 6980 	6957 	6981
f 6981 	6957 	6982
f 6982 	6957 	6983
f 6983 	6957 	6984
f 6984 	6957 	6985
f 6985 	6957 	6986
f 6986 	6957 	6987
f 6987 	6957 	6988
f 6988 	6957 	6989
f 6989 	6957 	6990
f 6990 	6957 	6991
f 6991 	6957 	6992
f 6992 	6957 	6993
f 6993 	6957 	6958
f 6958 	6959 	6994
f 6995 	6958 	6994
f 6959 	6960 	6996
f 6994 	6959 	6996
f 6960 	6961 	6997
f 6996 	6960 	6997
f 6961 	6962 	6998
f 6997 	6961 	6998
f 6962 	6963 	6999
f 6998 	6962 	6999
f 6963 	6964 	7000
f 6999 	6963 	7000
f 6964 	6965 	7001
f 7000 	6964 	7001
f 6965 	6966 	7002
f 7001 	6965 	7002
f 6966 	6967 	7003
f 7002 	6966 	7003
f 6967 	6968 	7004
f 7003 	6967 	7004
f 6968 	6969 	7005
f 7004 	6968 	7005
f 6969 	6970 	7006
f 7005 	6969 	7006
f 6970 	6971 	7007
f 7006 	6970 	7007
f 6971 	6972 	7008
f 7007 	6971 	7008
f 6972 	6973 	7009
f 7008 	6972 	7009
f 6973 	6974 	7010
f 7009 	6973 	7010
f 6974 	6975 	7011
f 7010 	6974 	7011
f 6975 	6976 	7012
f 7011 	6975 	7012
f 6976 	6977 	7013
f 7012 	6976 	7013
f 6977 	6978 	7014
f 7013 	6977 	7014
f 6978 	6979 	7015
f 7014 	6978 	7015
f 6979 	6980 	7016
f 7015 	6979 	7016
f 6980 	6981 	7017
f 7016 	6980 	7017
f 6981 	6982 	7018
f 7017 	6981 	7018
f 6982 	6983 	7019
f 7018 	6982 	7019
f 6983 	6984 	7020
f 7019 	6983 	7020
f 6984 	6985 	7021
f 7020 	6984 	7021
f 6985 	6986 	7022
f 7021 	6985 	7022
f 6986 	6987 	7023
f 7022 	6986 	7023
f 6987 	6988 	7024
f 7023 	6987 	7024
f 6988 	6989 	7025
f 7024 	6988 	7025
f 6989 	6990 	7026
f 7025 	6989 	7026
f 6990 	6991 	7027
f 7026 	6990 	7027
f 6991 	6992 	7028
f 7027 	6991 	7028
f 6992 	6993 	7029
f 7028 	6992 	7029
f 6993 	6958 	6995
f 7029 	6993 	6995
f 6995 	6994 	7030
f 7031 	6995 	7030
f 6994 	6996 	7032
f 7030 	6994 	7032
f 6996 	6997 	7033
f 7032 	6996 	7033
f 6997 	6998 	7034
f 7033 	6997 	7034
f 6998 	6999 	7035
f 7034 	6998 	7035
f 6999 	7000 	7036
f 7035 	6999 	7036
f 7000 	7001 	7037
f 7036 	7000 	7037
f 7001 	7002 	7038
f 7037 	7001 	7038
f 7002 	7003 	7039
f 7038 	7002 	7039
f 7003 	7004 	7040
f 7039 	7003 	7040
f 7004 	7005 	7041
f 7040 	7004 	7041
f 7005 	7006 	7042
f 7041 	7005 	7042
f 7006 	7007 	7043
f 7042 	7006 	7043
f 7007 	7008 	7044
f 7043 	7007 	7044
f 7008 	7009 	7045
f 7044 	7008 	7045
f 7009 	7010 	7046
f 7045 	7009 	7046
f 7010 	7011 	7047
f 7046 	7010 	7047
f 7011 	7012 	7048
f 7047 	7011 	7048
f 7012 	7013 	7049
f 7048 	7012 	7049
f 7013 	7014 	7050
f 7049 	7013 	7050
f 7014 	7015 	7051
f 7050 	7014 	7051
f 7015 	7016 	7052
f 7051 	7015 	7052
f 7016 	7017 	7053
f 7052 	7016 	7053
f 7017 	7018 	7054
f 7053 	7017 	7054
f 7018 	7019 	7055
f 7054 	7018 	7055
f 7019 	7020 	7056
f 7055 	7019 	7056
f 7020 	7021 	7057
f 7056 	7020 	7057
f 7021 	7022 	7058
f 7057 	7021 	7058
f 7022 	7023 	7059
f 7058 	7022 	7059
f 7023 	7024 	7060
f 7059 	7023 	7060
f 7024 	7025 	7061
f 7060 	7024 	7061
f 7025 	7026 	7062
f 7061 	7025 	7062
f 7026 	7027 	7063
f 7062 	7026 	7063
f 7027 	7028 	7064
f 7063 	7027 	7064
f 7028 	7029 	7065
f 7064 	7028 	7065
f 7029 	6995 	7031
f 7065 	7029 	7031
f 7031 	7030 	7066
f 7067 	7031 	7066
f 7030 	7032 	7068
f 7066 	7030 	7068
f 7032 	7033 	7069
f 7068 	7032 	7069
f 7033 	7034 	7070
f 7069 	7033 	7070
f 7034 	7035 	7071
f 7070 	7034 	7071
f 7035 	7036 	7072
f 7071 	7035 	7072
f 7036 	7037 	7073
f 7072 	7036 	7073
f 7037 	7038 	7074
f 7073 	7037 	7074
f 7038 	7039 	7075
f 7074 	7038 	7075
f 7039 	7040 	7076
f 7075 	7039 	7076
f 7040 	7041 	7077
f 7076 	7040 	7077
f 7041 	7042 	7078
f 7077 	7041 	7078
f 7042 	7043 	7079
f 7078 	7042 	7079
f 7043 	7044 	7080
f 7079 	7043 	7080
f 7044 	7045 	7081
f 7080 	7044 	7081
f 7045 	7046 	7082
f 7081 	7045 	7082
f 7046 	7047 	7083
f 7082 	7046 	7083
f 7047 	7048 	7084
f 7083 	7047 	7084
f 7048 	7049 	7085
f 7084 	7048 	7085
f 7049 	7050 	7086
f 7085 	7049 	7086
f 7050 	7051 	7087
f 7086 	7050 	7087
f 7051 	7052 	7088
f 7087 	7051 	7088
f 7052 	7053 	7089
f 7088 	7052 	7089
f 7053 	7054 	7090
f 7089 	7053 	7090
f 7054 	7055 	7091
f 7090 	7054 	7091
f 7055 	7056 	7092
f 7091 	7055 	7092
f 7056 	7057 	7093
f 7092 	7056 	7093
f 7057 	7058 	7094
f 7093 	7057 	7094
f 7058 	7059 	7095
f 7094 	7058 	7095
f 7059 	7060 	7096
f 7095 	7059 	7096
f 7060 	7061 	7097
f 7096 	7060 	7097
f 7061 	7062 	7098
f 7097 	7061 	7098
f 7062 	7063 	7099
f 7098 	7062 	7099
f 7063 	7064 	7100
f 7099 	7063 	7100
f 7064 	7065 	7101
f 7100 	7064 	7101
f 7065 	7031 	7067
f 7101 	7065 	7067
f 7067 	7066 	7102
f 7103 	7067 	7102
f 7066 	7068 	7104
f 7102 	7066 	7104
f 7068 	7069 	7105
f 7104 	7068 	7105
f 7069 	7070 	7106
f 7105 	7069 	7106
f 7070 	7071 	7107
f 7106 	7070 	7107
f 7071 	7072 	7108
f 7107 	7071 	7108
f 7072 	7073 	7109
f 7108 	7072 	7109
f 7073 	7074 	7110
f 7109 	7073 	7110
f 7074 	7075 	7111
f 7110 	7074 	7111
f 7075 	7076 	7112
f 7111 	7075 	7112
f 7076 	7077 	7113
f 7112 	7076 	7113
f 7077 	7078 	7114
f 7113 	7077 	7114
f 7078 	7079 	7115
f 7114 	7078 	7115
f 7079 	7080 	7116
f 7115 	7079 	7116
f 7080 	7081 	7117
f 7116 	7080 	7117
f 7081 	7082 	7118
f 7117 	7081 	7118
f 7082 	7083 	7119
f 7118 	7082 	7119
f 7083 	7084 	7120
f 7119 	7083 	7120
f 7084 	7085 	7121
f 7120 	7084 	7121
f 7085 	7086 	7122
f 7121 	7085 	7122
f 7086 	7087 	7123
f 7122 	7086 	7123
f 7087 	7088 	7124
f 7123 	7087 	7124
f 7088 	7089 	7125
f 7124 	7088 	7125
f 7089 	7090 	7126
f 7125 	7089 	7126
f 7090 	7091 	7127
f 7126 	7090 	7127
f 7091 	7092 	7128
f 7127 	7091 	7128
f 7092 	7093 	7129
f 7128 	7092 	7129
f 7093 	7094 	7130
f 7129 	7093 	7130
f 7094 	7095 	7131
f 7130 	7094 	7131
f 7095 	7096 	7132
f 7131 	7095 	7132
f 7096 	7097 	7133
f 7132 	7096 	7133
f 7097 	7098 	7134
f 7133 	7097 	7134
f 7098 	7099 	7135
f 7134 	7098 	7135
f 7099 	7100 	7136
f 7135 	7099 	7136
f 7100 	7101 	7137
f 7136 	7100 	7137
f 7101 	7067 	7103
f 7137 	7101 	7103
f 7103 	7102 	7138
f 7139 	7103 	7138
f 7102 	7104 	7140
f 7138 	7102 	7140
f 7104 	7105 	7141
f 7140 	7104 	7141
f 7105 	7106 	7142
f 7141 	7105 	7142
f 7106 	7107 	7143
f 7142 	7106 	7143
f 7107 	7108 	7144
f 7143 	7107 	7144
f 7108 	7109 	7145
f 7144 	7108 	7145
f 7109 	7110 	7146
f 7145 	7109 	7146
f 7110 	7111 	7147
f 7146 	7110 	7147
f 7111 	7112 	7148
f 7147 	7111 	7148
f 7112 	7113 	7149
f 7148 	7112 	7149
f 7113 	7114 	7150
f 7149 	7113 	7150
f 7114 	7115 	7151
f 7150 	7114 	7151
f 7115 	7116 	7152
f 7151 	7115 	7152
f 7116 	7117 	7153
f 7152 	7116 	7153
f 7117 	7118 	7154
f 7153 	7117 	7154
f 7118 	7119 	7155
f 7154 	7118 	7155
f 7119 	7120 	7156
f 7155 	7119 	7156
f 7120 	7121 	7157
f 7156 	7120 	7157
f 7121 	7122 	7158
f 7157 	7121 	7158
f 7122 	7123 	7159
f 7158 	7122 	7159
f 7123 	7124 	7160
f 7159 	7123 	7160
f 7124 	7125 	7161
f 7160 	7124 	7161
f 7125 	7126 	7162
f 7161 	7125 	7162
f 7126 	7127 	7163
f 7162 	7126 	7163
f 7127 	7128 	7164
f 7163 	7127 	7164
f 7128 	7129 	7165
f 7164 	7128 	7165
f 7129 	7130 	7166
f 7165 	7129 	7166
f 7130 	7131 	7167
f 7166 	7130 	7167
f 7131 	7132 	7168
f 7167 	7131 	7168
f 7132 	7133 	7169
f 7168 	7132 	7169
f 7133 	7134 	7170
f 7169 	7133 	7170
f 7134 	7135 	7171
f 7170 	7134 	7171
f 7135 	7136 	7172
f 7171 	7135 	7172
f 7136 	7137 	7173
f 7172 	7136 	7173
f 7137 	7103 	7139
f 7173 	7137 	7139
f 7139 	7138 	7174
f 7175 	7139 	7174
f 7138 	7140 	7176
f 7174 	7138 	7176
f 7140 	7141 	7177
f 7176 	7140 	7177
f 7141 	7142 	7178
f 7177 	7141 	7178
f 7142 	7143 	7179
f 7178 	7142 	7179
f 7143 	7144 	7180
f 7179 	7143 	7180
f 7144 	7145 	7181
f 7180 	7144 	7181
f 7145 	7146 	7182
f 7181 	7145 	7182
f 7146 	7147 	7183
f 7182 	7146 	7183
f 7147 	7148 	7184
f 7183 	7147 	7184
f 7148 	7149 	7185
f 7184 	7148 	7185
f 7149 	7150 	7186
f 7185 	7149 	7186
f 7150 	7151 	7187
f 7186 	7150 	7187
f 7151 	7152 	7188
f 7187 	7151 	7188
f 7152 	7153 	7189
f 7188 	7152 	7189
f 7153 	7154 	7190
f 7189 	7153 	7190
f 7154 	7155 	7191
f 7190 	7154 	7191
f 7155 	7156 	7192
f 7191 	7155 	7192
f 7156 	7157 	7193
f 7192 	7156 	7193
f 7157 	7158 	7194
f 7193 	7157 	7194
f 7158 	7159 	7195
f 7194 	7158 	7195
f 7159 	7160 	7196
f 7195 	7159 	7196
f 7160 	7161 	7197
f 7196 	7160 	7197
f 7161 	7162 	7198
f 7197 	7161 	7198
f 7162 	7163 	7199
f 7198 	7162 	7199
f 7163 	7164 	7200
f 7199 	7163 	7200
f 7164 	7165 	7201
f 7200 	7164 	7201
f 7165 	7166 	7202
f 7201 	7165 	7202
f 7166 	7167 	7203
f 7202 	7166 	7203
f 7167 	7168 	7204
f 7203 	7167 	7204
f 7168 	7169 	7205
f 7204 	7168 	7205
f 7169 	7170 	7206
f 7205 	7169 	7206
f 7170 	7171 	7207
f 7206 	7170 	7207
f 7171 	7172 	7208
f 7207 	7171 	7208
f 7172 	7173 	7209
f 7208 	7172 	7209
f 7173 	7139 	7175
f 7209 	7173 	7175
f 7175 	7174 	7210
f 7211 	7175 	7210
f 7174 	7176 	7212
f 7210 	7174 	7212
f 7176 	7177 	7213
f 7212 	7176 	7213
f 7177 	7178 	7214
f 7213 	7177 	7214
f 7178 	7179 	7215
f 7214 	7178 	7215
f 7179 	7180 	7216
f 7215 	7179 	7216
f 7180 	7181 	7217
f 7216 	7180 	7217
f 7181 	7182 	7218
f 7217 	7181 	7218
f 7182 	7183 	7219
f 7218 	7182 	7219
f 7183 	7184 	7220
f 7219 	7183 	7220
f 7184 	7185 	7221
f 7220 	7184 	7221
f 7185 	7186 	7222
f 7221 	7185 	7222
f 7186 	7187 	7223
f 7222 	7186 	7223
f 7187 	7188 	7224
f 7223 	7187 	7224
f 7188 	7189 	7225
f 7224 	7188 	7225
f 7189 	7190 	7226
f 7225 	7189 	7226
f 7190 	7191 	7227
f 7226 	7190 	7227
f 7191 	7192 	7228
f 7227 	7191 	7228
f 7192 	7193 	7229
f 7228 	7192 	7229
f 7193 	7194 	7230
f 7229 	7193 	7230
f 7194 	7195 	7231
f 7230 	7194 	7231
f 7195 	7196 	7232
f 7231 	7195 	7232
f 7196 	7197 	7233
f 7232 	7196 	7233
f 7197 	7198 	7234
f 7233 	7197 	7234
f 7198 	7199 	7235
f 7234 	7198 	7235
f 7199 	7200 	7236
f 7235 	7199 	7236
f 7200 	7201 	7237
f 7236 	7200 	7237
f 7201 	7202 	7238
f 7237 	7201 	7238
f 7202 	7203 	7239
f 7238 	7202 	7239
f 7203 	7204 	7240
f 7239 	7203 	7240
f 7204 	7205 	7241
f 7240 	7204 	7241
f 7205 	7206 	7242
f 7241 	7205 	7242
f 7206 	7207 	7243
f 7242 	7206 	7243
f 7207 	7208 	7244
f 7243 	7207 	7244
f 7208 	7209 	7245
f 7244 	7208 	7245
f 7209 	7175 	7211
f 7245 	7209 	7211
f 7211 	7210 	7246
f 7247 	7211 	7246
f 7210 	7212 	7248
f 7246 	7210 	7248
f 7212 	7213 	7249
f 7248 	7212 	7249
f 7213 	7214 	7250
f 7249 	7213 	7250
f 7214 	7215 	7251
f 7250 	7214 	7251
f 7215 	7216 	7252
f 7251 	7215 	7252
f 7216 	7217 	7253
f 7252 	7216 	7253
f 7217 	7218 	7254
f 7253 	7217 	7254
f 7218 	7219 	7255
f 7254 	7218 	7255
f 7219 	7220 	7256
f 7255 	7219 	7256
f 7220 	7221 	7257
f 7256 	7220 	7257
f 7221 	7222 	7258
f 7257 	7221 	7258
f 7222 	7223 	7259
f 7258 	7222 	7259
f 7223 	7224 	7260
f 7259 	7223 	7260
f 7224 	7225 	7261
f 7260 	7224 	7261
f 7225 	7226 	7262
f 7261 	7225 	7262
f 7226 	7227 	7263
f 7262 	7226 	7263
f 7227 	7228 	7264
f 7263 	7227 	7264
f 7228 	7229 	7265
f 7264 	7228 	7265
f 7229 	7230 	7266
f 7265 	7229 	7266
f 7230 	7231 	7267
f 7266 	7230 	7267
f 7231 	7232 	7268
f 7267 	7231 	7268
f 7232 	7233 	7269
f 7268 	7232 	7269
f 7233 	7234 	7270
f 7269 	7233 	7270
f 7234 	7235 	7271
f 7270 	7234 	7271
f 7235 	7236 	7272
f 7271 	7235 	7272
f 7236 	7237 	7273
f 7272 	7236 	7273
f 7237 	7238 	7274
f 7273 	7237 	7274
f 7238 	7239 	7275
f 7274 	7238 	7275
f 7239 	7240 	7276
f 7275 	7239 	7276
f 7240 	7241 	7277
f 7276 	7240 	7277
f 7241 	7242 	7278
f 7277 	7241 	7278
f 7242 	7243 	7279
f 7278 	7242 	7279
f 7243 	7244 	7280
f 7279 	7243 	7280
f 7244 	7245 	7281
f 7280 	7244 	7281
f 7245 	7211 	7247
f 7281 	7245 	7247
f 7247 	7246 	7282
f 7283 	7247 	7282
f 7246 	7248 	7284
f 7282 	7246 	7284
f 7248 	7249 	7285
f 7284 	7248 	7285
f 7249 	7250 	7286
f 7285 	7249 	7286
f 7250 	7251 	7287
f 7286 	7250 	7287
f 7251 	7252 	7288
f 7287 	7251 	7288
f 7252 	7253 	7289
f 7288 	7252 	7289
f 7253 	7254 	7290
f 7289 	7253 	7290
f 7254 	7255 	7291
f 7290 	7254 	7291
f 7255 	7256 	7292
f 7291 	7255 	7292
f 7256 	7257 	7293
f 7292 	7256 	7293
f 7257 	7258 	7294
f 7293 	7257 	7294
f 7258 	7259 	7295
f 7294 	7258 	7295
f 7259 	7260 	7296
f 7295 	7259 	7296
f 7260 	7261 	7297
f 7296 	7260 	7297
f 7261 	7262 	7298
f 7297 	7261 	7298
f 7262 	7263 	7299
f 7298 	7262 	7299
f 7263 	7264 	7300
f 7299 	7263 	7300
f 7264 	7265 	7301
f 7300 	7264 	7301
f 7265 	7266 	7302
f 7301 	7265 	7302
f 7266 	7267 	7303
f 7302 	7266 	7303
f 7267 	7268 	7304
f 7303 	7267 	7304
f 7268 	7269 	7305
f 7304 	7268 	7305
f 7269 	7270 	7306
f 7305 	7269 	7306
f 7270 	7271 	7307
f 7306 	7270 	7307
f 7271 	7272 	7308
f 7307 	7271 	7308
f 7272 	7273 	7309
f 7308 	7272 	7309
f 7273 	7274 	7310
f 7309 	7273 	7310
f 7274 	7275 	7311
f 7310 	7274 	7311
f 7275 	7276 	7312
f 7311 	7275 	7312
f 7276 	7277 	7313
f 7312 	7276 	7313
f 7277 	7278 	7314
f 7313 	7277 	7314
f 7278 	7279 	7315
f 7314 	7278 	7315
f 7279 	7280 	7316
f 7315 	7279 	7316
f 7280 	7281 	7317
f 7316 	7280 	7317
f 7281 	7247 	7283
f 7317 	7281 	7283
f 7283 	7282 	7318
f 7319 	7283 	7318
f 7282 	7284 	7320
f 7318 	7282 	7320
f 7284 	7285 	7321
f 7320 	7284 	7321
f 7285 	7286 	7322
f 7321 	7285 	7322
f 7286 	7287 	7323
f 7322 	7286 	7323
f 7287 	7288 	7324
f 7323 	7287 	7324
f 7288 	7289 	7325
f 7324 	7288 	7325
f 7289 	7290 	7326
f 7325 	7289 	7326
f 7290 	7291 	7327
f 7326 	7290 	7327
f 7291 	7292 	7328
f 7327 	7291 	7328
f 7292 	7293 	7329
f 7328 	7292 	7329
f 7293 	7294 	7330
f 7329 	7293 	7330
f 7294 	7295 	7331
f 7330 	7294 	7331
f 7295 	7296 	7332
f 7331 	7295 	7332
f 7296 	7297 	7333
f 7332 	7296 	7333
f 7297 	7298 	7334
f 7333 	7297 	7334
f 7298 	7299 	7335
f 7334 	7298 	7335
f 7299 	7300 	7336
f 7335 	7299 	7336
f 7300 	7301 	7337
f 7336 	7300 	7337
f 7301 	7302 	7338
f 7337 	7301 	7338
f 7302 	7303 	7339
f 7338 	7302 	7339
f 7303 	7304 	7340
f 7339 	7303 	7340
f 7304 	7305 	7341
f 7340 	7304 	7341
f 7305 	7306 	7342
f 7341 	7305 	7342
f 7306 	7307 	7343
f 7342 	7306 	7343
f 7307 	7308 	7344
f 7343 	7307 	7344
f 7308 	7309 	7345
f 7344 	7308 	7345
f 7309 	7310 	7346
f 7345 	7309 	7346
f 7310 	7311 	7347
f 7346 	7310 	7347
f 7311 	7312 	7348
f 7347 	7311 	7348
f 7312 	7313 	7349
f 7348 	7312 	7349
f 7313 	7314 	7350
f 7349 	7313 	7350
f 7314 	7315 	7351
f 7350 	7314 	7351
f 7315 	7316 	7352
f 7351 	7315 	7352
f 7316 	7317 	7353
f 7352 	7316 	7353
f 7317 	7283 	7319
f 7353 	7317 	7319
f 7319 	7318 	7354
f 7355 	7319 	7354
f 7318 	7320 	7356
f 7354 	7318 	7356
f 7320 	7321 	7357
f 7356 	7320 	7357
f 7321 	7322 	7358
f 7357 	7321 	7358
f 7322 	7323 	7359
f 7358 	7322 	7359
f 7323 	7324 	7360
f 7359 	7323 	7360
f 7324 	7325 	7361
f 7360 	7324 	7361
f 7325 	7326 	7362
f 7361 	7325 	7362
f 7326 	7327 	7363
f 7362 	7326 	7363
f 7327 	7328 	7364
f 7363 	7327 	7364
f 7328 	7329 	7365
f 7364 	7328 	7365
f 7329 	7330 	7366
f 7365 	7329 	7366
f 7330 	7331 	7367
f 7366 	7330 	7367
f 7331 	7332 	7368
f 7367 	7331 	7368
f 7332 	7333 	7369
f 7368 	7332 	7369
f 7333 	7334 	7370
f 7369 	7333 	7370
f 7334 	7335 	7371
f 7370 	7334 	7371
f 7335 	7336 	7372
f 7371 	7335 	7372
f 7336 	7337 	7373
f 7372 	7336 	7373
f 7337 	7338 	7374
f 7373 	7337 	7374
f 7338 	7339 	7375
f 7374 	7338 	7375
f 7339 	7340 	7376
f 7375 	7339 	7376
f 7340 	7341 	7377
f 7376 	7340 	7377
f 7341 	7342 	7378
f 7377 	7341 	7378
f 7342 	7343 	7379
f 7378 	7342 	7379
f 7343 	7344 	7380
f 7379 	7343 	7380
f 7344 	7345 	7381
f 7380 	7344 	7381
f 7345 	7346 	7382
f 7381 	7345 	7382
f 7346 	7347 	7383
f 7382 	7346 	7383
f 7347 	7348 	7384
f 7383 	7347 	7384
f 7348 	7349 	7385
f 7384 	7348 	7385
f 7349 	7350 	7386
f 7385 	7349 	7386
f 7350 	7351 	7387
f 7386 	7350 	7387
f 7351 	7352 	7388
f 7387 	7351 	7388
f 7352 	7353 	7389
f 7388 	7352 	7389
f 7353 	7319 	7355
f 7389 	7353 	7355
f 7355 	7354 	7390
f 7391 	7355 	7390
f 7354 	7356 	7392
f 7390 	7354 	7392
f 7356 	7357 	7393
f 7392 	7356 	7393
f 7357 	7358 	7394
f 7393 	7357 	7394
f 7358 	7359 	7395
f 7394 	7358 	7395
f 7359 	7360 	7396
f 7395 	7359 	7396
f 7360 	7361 	7397
f 7396 	7360 	7397
f 7361 	7362 	7398
f 7397 	7361 	7398
f 7362 	7363 	7399
f 7398 	7362 	7399
f 7363 	7364 	7400
f 7399 	7363 	7400
f 7364 	7365 	7401
f 7400 	7364 	7401
f 7365 	7366 	7402
f 7401 	7365 	7402
f 7366 	7367 	7403
f 7402 	7366 	7403
f 7367 	7368 	7404
f 7403 	7367 	7404
f 7368 	7369 	7405
f 7404 	7368 	7405
f 7369 	7370 	7406
f 7405 	7369 	7406
f 7370 	7371 	7407
f 7406 	7370 	7407
f 7371 	7372 	7408
f 7407 	7371 	7408
f 7372 	7373 	7409
f 7408 	7372 	7409
f 7373 	7374 	7410
f 7409 	7373 	7410
f 7374 	7375 	7411
f 7410 	7374 	7411
f 7375 	7376 	7412
f 7411 	7375 	7412
f 7376 	7377 	7413
f 7412 	7376 	7413
f 7377 	7378 	7414
f 7413 	7377 	7414
f 7378 	7379 	7415
f 7414 	7378 	7415
f 7379 	7380 	7416
f 7415 	7379 	7416
f 7380 	7381 	7417
f 7416 	7380 	7417
f 7381 	7382 	7418
f 7417 	7381 	7418
f 7382 	7383 	7419
f 7418 	7382 	7419
f 7383 	7384 	7420
f 7419 	7383 	7420
f 7384 	7385 	7421
f 7420 	7384 	7421
f 7385 	7386 	7422
f 7421 	7385 	7422
f 7386 	7387 	7423
f 7422 	7386 	7423
f 7387 	7388 	7424
f 7423 	7387 	7424
f 7388 	7389 	7425
f 7424 	7388 	7425
f 7389 	7355 	7391
f 7425 	7389 	7391
f 7391 	7390 	7426
f 7427 	7391 	7426
f 7390 	7392 	7428
f 7426 	7390 	7428
f 7392 	7393 	7429
f 7428 	7392 	7429
f 7393 	7394 	7430
f 7429 	7393 	7430
f 7394 	7395 	7431
f 7430 	7394 	7431
f 7395 	7396 	7432
f 7431 	7395 	7432
f 7396 	7397 	7433
f 7432 	7396 	7433
f 7397 	7398 	7434
f 7433 	7397 	7434
f 7398 	7399 	7435
f 7434 	7398 	7435
f 7399 	7400 	7436
f 7435 	7399 	7436
f 7400 	7401 	7437
f 7436 	7400 	7437
f 7401 	7402 	7438
f 7437 	7401 	7438
f 7402 	7403 	7439
f 7438 	7402 	7439
f 7403 	7404 	7440
f 7439 	7403 	7440
f 7404 	7405 	7441
f 7440 	7404 	7441
f 7405 	7406 	7442
f 7441 	7405 	7442
f 7406 	7407 	7443
f 7442 	7406 	7443
f 7407 	7408 	7444
f 7443 	7407 	7444
f 7408 	7409 	7445
f 7444 	7408 	7445
f 7409 	7410 	7446
f 7445 	7409 	7446
f 7410 	7411 	7447
f 7446 	7410 	7447
f 7411 	7412 	7448
f 7447 	7411 	7448
f 7412 	7413 	7449
f 7448 	7412 	7449
f 7413 	7414 	7450
f 7449 	7413 	7450
f 7414 	7415 	7451
f 7450 	7414 	7451
f 7415 	7416 	7452
f 7451 	7415 	7452
f 7416 	7417 	7453
f 7452 	7416 	7453
f 7417 	7418 	7454
f 7453 	7417 	7454
f 7418 	7419 	7455
f 7454 	7418 	7455
f 7419 	7420 	7456
f 7455 	7419 	7456
f 7420 	7421 	7457
f 7456 	7420 	7457
f 7421 	7422 	7458
f 7457 	7421 	7458
f 7422 	7423 	7459
f 7458 	7422 	7459
f 7423 	7424 	7460
f 7459 	7423 	7460
f 7424 	7425 	7461
f 7460 	7424 	7461
f 7425 	7391 	7427
f 7461 	7425 	7427
f 7427 	7426 	7462
f 7463 	7427 	7462
f 7426 	7428 	7464
f 7462 	7426 	7464
f 7428 	7429 	7465
f 7464 	7428 	7465
f 7429 	7430 	7466
f 7465 	7429 	7466
f 7430 	7431 	7467
f 7466 	7430 	7467
f 7431 	7432 	7468
f 7467 	7431 	7468
f 7432 	7433 	7469
f 7468 	7432 	7469
f 7433 	7434 	7470
f 7469 	7433 	7470
f 7434 	7435 	7471
f 7470 	7434 	7471
f 7435 	7436 	7472
f 7471 	7435 	7472
f 7436 	7437 	7473
f 7472 	7436 	7473
f 7437 	7438 	7474
f 7473 	7437 	7474
f 7438 	7439 	7475
f 7474 	7438 	7475
f 7439 	7440 	7476
f 7475 	7439 	7476
f 7440 	7441 	7477
f 7476 	7440 	7477
f 7441 	7442 	7478
f 7477 	7441 	7478
f 7442 	7443 	7479
f 7478 	7442 	7479
f 7443 	7444 	7480
f 7479 	7443 	7480
f 7444 	7445 	7481
f 7480 	7444 	7481
f 7445 	7446 	7482
f 7481 	7445 	7482
f 7446 	7447 	7483
f 7482 	7446 	7483
f 7447 	7448 	7484
f 7483 	7447 	7484
f 7448 	7449 	7485
f 7484 	7448 	7485
f 7449 	7450 	7486
f 7485 	7449 	7486
f 7450 	7451 	7487
f 7486 	7450 	7487
f 7451 	7452 	7488
f 7487 	7451 	7488
f 7452 	7453 	7489
f 7488 	7452 	7489
f 7453 	7454 	7490
f 7489 	7453 	7490
f 7454 	7455 	7491
f 7490 	7454 	7491
f 7455 	7456 	7492
f 7491 	7455 	7492
f 7456 	7457 	7493
f 7492 	7456 	7493
f 7457 	7458 	7494
f 7493 	7457 	7494
f 7458 	7459 	7495
f 7494 	7458 	7495
f 7459 	7460 	7496
f 7495 	7459 	7496
f 7460 	7461 	7497
f 7496 	7460 	7497
f 7461 	7427 	7463
f 7497 	7461 	7463
f 7463 	7462 	7498
f 7499 	7463 	7498
f 7462 	7464 	7500
f 7498 	7462 	7500
f 7464 	7465 	7501
f 7500 	7464 	7501
f 7465 	7466 	7502
f 7501 	7465 	7502
f 7466 	7467 	7503
f 7502 	7466 	7503
f 7467 	7468 	7504
f 7503 	7467 	7504
f 7468 	7469 	7505
f 7504 	7468 	7505
f 7469 	7470 	7506
f 7505 	7469 	7506
f 7470 	7471 	7507
f 7506 	7470 	7507
f 7471 	7472 	7508
f 7507 	7471 	7508
f 7472 	7473 	7509
f 7508 	7472 	7509
f 7473 	7474 	7510
f 7509 	7473 	7510
f 7474 	7475 	7511
f 7510 	7474 	7511
f 7475 	7476 	7512
f 7511 	7475 	7512
f 7476 	7477 	7513
f 7512 	7476 	7513
f 7477 	7478 	7514
f 7513 	7477 	7514
f 7478 	7479 	7515
f 7514 	7478 	7515
f 7479 	7480 	7516
f 7515 	7479 	7516
f 7480 	7481 	7517
f 7516 	7480 	7517
f 7481 	7482 	7518
f 7517 	7481 	7518
f 7482 	7483 	7519
f 7518 	7482 	7519
f 7483 	7484 	7520
f 7519 	7483 	7520
f 7484 	7485 	7521
f 7520 	7484 	7521
f 7485 	7486 	7522
f 7521 	7485 	7522
f 7486 	7487 	7523
f 7522 	7486 	7523
f 7487 	7488 	7524
f 7523 	7487 	7524
f 7488 	7489 	7525
f 7524 	7488 	7525
f 7489 	7490 	7526
f 7525 	7489 	7526
f 7490 	7491 	7527
f 7526 	7490 	7527
f 7491 	7492 	7528
f 7527 	7491 	7528
f 7492 	7493 	7529
f 7528 	7492 	7529
f 7493 	7494 	7530
f 7529 	7493 	7530
f 7494 	7495 	7531
f 7530 	7494 	7531
f 7495 	7496 	7532
f 7531 	7495 	7532
f 7496 	7497 	7533
f 7532 	7496 	7533
f 7497 	7463 	7499
f 7533 	7497 	7499
f 7499 	7498 	7534
f 7535 	7499 	7534
f 7498 	7500 	7536
f 7534 	7498 	7536
f 7500 	7501 	7537
f 7536 	7500 	7537
f 7501 	7502 	7538
f 7537 	7501 	7538
f 7502 	7503 	7539
f 7538 	7502 	7539
f 7503 	7504 	7540
f 7539 	7503 	7540
f 7504 	7505 	7541
f 7540 	7504 	7541
f 7505 	7506 	7542
f 7541 	7505 	7542
f 7506 	7507 	7543
f 7542 	7506 	7543
f 7507 	7508 	7544
f 7543 	7507 	7544
f 7508 	7509 	7545
f 7544 	7508 	7545
f 7509 	7510 	7546
f 7545 	7509 	7546
f 7510 	7511 	7547
f 7546 	7510 	7547
f 7511 	7512 	7548
f 7547 	7511 	7548
f 7512 	7513 	7549
f 7548 	7512 	7549
f 7513 	7514 	7550
f 7549 	7513 	7550
f 7514 	7515 	7551
f 7550 	7514 	7551
f 7515 	7516 	7552
f 7551 	7515 	7552
f 7516 	7517 	7553
f 7552 	7516 	7553
f 7517 	7518 	7554
f 7553 	7517 	7554
f 7518 	7519 	7555
f 7554 	7518 	7555
f 7519 	7520 	7556
f 7555 	7519 	7556
f 7520 	7521 	7557
f 7556 	7520 	7557
f 7521 	7522 	7558
f 7557 	7521 	7558
f 7522 	7523 	7559
f 7558 	7522 	7559
f 7523 	7524 	7560
f 7559 	7523 	7560
f 7524 	7525 	7561
f 7560 	7524 	7561
f 7525 	7526 	7562
f 7561 	7525 	7562
f 7526 	7527 	7563
f 7562 	7526 	7563
f 7527 	7528 	7564
f 7563 	7527 	7564
f 7528 	7529 	7565
f 7564 	7528 	7565
f 7529 	7530 	7566
f 7565 	7529 	7566
f 7530 	7531 	7567
f 7566 	7530 	7567
f 7531 	7532 	7568
f 7567 	7531 	7568
f 7532 	7533 	7569
f 7568 	7532 	7569
f 7533 	7499 	7535
f 7569 	7533 	7535
f 7535 	7534 	7570
f 7571 	7535 	7570
f 7534 	7536 	7572
f 7570 	7534 	7572
f 7536 	7537 	7573
f 7572 	7536 	7573
f 7537 	7538 	7574
f 7573 	7537 	7574
f 7538 	7539 	7575
f 7574 	7538 	7575
f 7539 	7540 	7576
f 7575 	7539 	7576
f 7540 	7541 	7577
f 7576 	7540 	7577
f 7541 	7542 	7578
f 7577 	7541 	7578
f 7542 	7543 	7579
f 7578 	7542 	7579
f 7543 	7544 	7580
f 7579 	7543 	7580
f 7544 	7545 	7581
f 7580 	7544 	7581
f 7545 	7546 	7582
f 7581 	7545 	7582
f 7546 	7547 	7583
f 7582 	7546 	7583
f 7547 	7548 	7584
f 7583 	7547 	7584
f 7548 	7549 	7585
f 7584 	7548 	7585
f 7549 	7550 	7586
f 7585 	7549 	7586
f 7550 	7551 	7587
f 7586 	7550 	7587
f 7551 	7552 	7588
f 7587 	7551 	7588
f 7552 	7553 	7589
f 7588 	7552 	7589
f 7553 	7554 	7590
f 7589 	7553 	7590
f 7554 	7555 	7591
f 7590 	7554 	7591
f 7555 	7556 	7592
f 7591 	7555 	7592
f 7556 	7557 	7593
f 7592 	7556 	7593
f 7557 	7558 	7594
f 7593 	7557 	7594
f 7558 	7559 	7595
f 7594 	7558 	7595
f 7559 	7560 	7596
f 7595 	7559 	7596
f 7560 	7561 	7597
f 7596 	7560 	7597
f 7561 	7562 	7598
f 7597 	7561 	7598
f 7562 	7563 	7599
f 7598 	7562 	7599
f 7563 	7564 	7600
f 7599 	7563 	7600
f 7564 	7565 	7601
f 7600 	7564 	7601
f 7565 	7566 	7602
f 7601 	7565 	7602
f 7566 	7567 	7603
f 7602 	7566 	7603
f 7567 	7568 	7604
f 7603 	7567 	7604
f 7568 	7569 	7605
f 7604 	7568 	7605
f 7569 	7535 	7571
f 7605 	7569 	7571
f 7571 	7570 	7606
f 7570 	7572 	7606
f 7572 	7573 	7606
f 7573 	7574 	7606
f 7574 	7575 	7606
f 7575 	7576 	7606
f 7576 	7577 	7606
f 7577 	7578 	7606
f 7578 	7579 	7606
f 7579 	7580 	7606
f 7580 	7581 	7606
f 7581 	7582 	7606
f 7582 	7583 	7606
f 7583 	7584 	7606
f 7584 	7585 	7606
f 7585 	7586 	7606
f 7586 	7587 	7606
f 7587 	7588 	7606
f 7588 	7589 	7606
f 7589 	7590 	7606
f 7590 	7591 	7606
f 7591 	7592 	7606
f 7592 	7593 	7606
f 7593 	7594 	7606
f 7594 	7595 	7606
f 7595 	7596 	7606
f 7596 	7597 	7606
f 7597 	7598 	7606
f 7598 	7599 	7606
f 7599 	7600 	7606
f 7600 	7601 	7606
f 7601 	7602 	7606
f 7602 	7603 	7606
f 7603 	7604 	7606
f 7604 	7605 	7606
f 7605 	7571 	7606
# 1296 faces

 #end of obj_10

o obj_11
v -7.7426 		-2.1694 		2.2777
v -7.7136 		-2.1507 		2.2607
v -7.7172 		-2.1452 		2.2618
v -7.7217 		-2.1404 		2.2635
v -7.7267 		-2.1365 		2.2656
v -7.7322 		-2.1336 		2.2681
v -7.7379 		-2.1317 		2.271
v -7.7438 		-2.1311 		2.2742
v -7.7497 		-2.1315 		2.2774
v -7.7553 		-2.1331 		2.2808
v -7.7605 		-2.1359 		2.2841
v -7.7651 		-2.1396 		2.2872
v -7.769 		-2.1442 		2.2901
v -7.7721 		-2.1496 		2.2927
v -7.7742 		-2.1555 		2.2948
v -7.7754 		-2.1619 		2.2965
v -7.7756 		-2.1685 		2.2977
v -7.7747 		-2.1752 		2.2983
v -7.7728 		-2.1816 		2.2983
v -7.77 		-2.1877 		2.2977
v -7.7664 		-2.1932 		2.2966
v -7.762 		-2.198 		2.2949
v -7.7569 		-2.2019 		2.2928
v -7.7514 		-2.2048 		2.2903
v -7.7457 		-2.2066 		2.2874
v -7.7398 		-2.2073 		2.2842
v -7.7339 		-2.2068 		2.281
v -7.7283 		-2.2052 		2.2776
v -7.7231 		-2.2025 		2.2743
v -7.7185 		-2.1988 		2.2712
v -7.7146 		-2.1942 		2.2683
v -7.7115 		-2.1888 		2.2657
v -7.7094 		-2.1828 		2.2636
v -7.7082 		-2.1764 		2.2619
v -7.708 		-2.1698 		2.2607
v -7.7089 		-2.1632 		2.2601
v -7.7108 		-2.1567 		2.2601
v -7.6905 		-2.1206 		2.2489
v -7.6831 		-2.1316 		2.2467
v -7.6993 		-2.1111 		2.2522
v -7.7093 		-2.1033 		2.2565
v -7.7202 		-2.0975 		2.2615
v -7.7317 		-2.0939 		2.2673
v -7.7435 		-2.0925 		2.2735
v -7.7551 		-2.0935 		2.2801
v -7.7662 		-2.0967 		2.2867
v -7.7766 		-2.1021 		2.2933
v -7.7858 		-2.1095 		2.2995
v -7.7936 		-2.1187 		2.3053
v -7.7997 		-2.1294 		2.3104
v -7.804 		-2.1413 		2.3147
v -7.8064 		-2.154 		2.318
v -7.8067 		-2.1672 		2.3203
v -7.805 		-2.1804 		2.3215
v -7.8013 		-2.1933 		2.3216
v -7.7957 		-2.2054 		2.3204
v -7.7883 		-2.2163 		2.3182
v -7.7795 		-2.2258 		2.3149
v -7.7695 		-2.2336 		2.3107
v -7.7586 		-2.2394 		2.3056
v -7.7471 		-2.243 		2.2998
v -7.7353 		-2.2444 		2.2936
v -7.7237 		-2.2435 		2.2871
v -7.7126 		-2.2403 		2.2804
v -7.7022 		-2.2349 		2.2739
v -7.693 		-2.2275 		2.2676
v -7.6852 		-2.2183 		2.2618
v -7.6791 		-2.2075 		2.2567
v -7.6748 		-2.1956 		2.2524
v -7.6724 		-2.1829 		2.2491
v -7.6721 		-2.1697 		2.2468
v -7.6738 		-2.1565 		2.2456
v -7.6775 		-2.1437 		2.2456
v -7.6625 		-2.096 		2.2392
v -7.6516 		-2.1123 		2.2358
v -7.6756 		-2.0818 		2.2441
v -7.6905 		-2.0702 		2.2504
v -7.7068 		-2.0616 		2.258
v -7.724 		-2.0562 		2.2665
v -7.7415 		-2.0541 		2.2758
v -7.7588 		-2.0555 		2.2856
v -7.7754 		-2.0603 		2.2955
v -7.7908 		-2.0683 		2.3052
v -7.8046 		-2.0794 		2.3146
v -7.8162 		-2.0931 		2.3232
v -7.8253 		-2.1091 		2.3308
v -7.8318 		-2.1268 		2.3372
v -7.8353 		-2.1458 		2.3422
v -7.8357 		-2.1654 		2.3456
v -7.8332 		-2.1851 		2.3474
v -7.8276 		-2.2042 		2.3474
v -7.8193 		-2.2223 		2.3458
v -7.8084 		-2.2386 		2.3424
v -7.7953 		-2.2528 		2.3375
v -7.7803 		-2.2644 		2.3312
v -7.764 		-2.273 		2.3236
v -7.7469 		-2.2784 		2.3151
v -7.7294 		-2.2805 		2.3058
v -7.712 		-2.2791 		2.296
v -7.6954 		-2.2743 		2.2861
v -7.68 		-2.2663 		2.2764
v -7.6663 		-2.2552 		2.267
v -7.6547 		-2.2415 		2.2584
v -7.6455 		-2.2255 		2.2508
v -7.6391 		-2.2078 		2.2444
v -7.6356 		-2.1888 		2.2394
v -7.6351 		-2.1692 		2.236
v -7.6377 		-2.1495 		2.2342
v -7.6432 		-2.1304 		2.2342
v -7.6335 		-2.0714 		2.2326
v -7.6191 		-2.093 		2.2282
v -7.6508 		-2.0527 		2.2391
v -7.6706 		-2.0374 		2.2475
v -7.6921 		-2.026 		2.2575
v -7.7148 		-2.0188 		2.2688
v -7.7379 		-2.0161 		2.2811
v -7.7608 		-2.0179 		2.2939
v -7.7828 		-2.0243 		2.307
v -7.8031 		-2.0349 		2.3199
v -7.8213 		-2.0495 		2.3323
v -7.8366 		-2.0676 		2.3436
v -7.8487 		-2.0887 		2.3537
v -7.8572 		-2.1122 		2.3622
v -7.8618 		-2.1373 		2.3688
v -7.8625 		-2.1632 		2.3733
v -7.8591 		-2.1892 		2.3756
v -7.8517 		-2.2145 		2.3757
v -7.8407 		-2.2383 		2.3735
v -7.8263 		-2.2599 		2.3691
v -7.809 		-2.2787 		2.3626
v -7.7892 		-2.294 		2.3542
v -7.7677 		-2.3054 		2.3442
v -7.745 		-2.3125 		2.3329
v -7.7219 		-2.3153 		2.3207
v -7.699 		-2.3134 		2.3078
v -7.677 		-2.3071 		2.2947
v -7.6567 		-2.2965 		2.2818
v -7.6385 		-2.2819 		2.2694
v -7.6232 		-2.2637 		2.2581
v -7.6111 		-2.2426 		2.248
v -7.6026 		-2.2192 		2.2395
v -7.598 		-2.1941 		2.2329
v -7.5973 		-2.1682 		2.2284
v -7.6007 		-2.1421 		2.2261
v -7.6081 		-2.1168 		2.226
v -7.6037 		-2.0471 		2.2294
v -7.586 		-2.0738 		2.2239
v -7.6252 		-2.024 		2.2374
v -7.6495 		-2.0051 		2.2477
v -7.6761 		-1.991 		2.2601
v -7.7042 		-1.9821 		2.274
v -7.7328 		-1.9788 		2.2892
v -7.7611 		-1.9811 		2.3051
v -7.7882 		-1.9889 		2.3213
v -7.8133 		-2.002 		2.3372
v -7.8357 		-2.02 		2.3525
v -7.8547 		-2.0424 		2.3665
v -7.8697 		-2.0685 		2.379
v -7.8802 		-2.0975 		2.3894
v -7.8859 		-2.1285 		2.3976
v -7.8867 		-2.1605 		2.4032
v -7.8825 		-2.1927 		2.4061
v -7.8734 		-2.2239 		2.4061
v -7.8598 		-2.2534 		2.4034
v -7.842 		-2.2801 		2.398
v -7.8206 		-2.3032 		2.3899
v -7.7962 		-2.3221 		2.3796
v -7.7696 		-2.3362 		2.3673
v -7.7416 		-2.3451 		2.3533
v -7.713 		-2.3484 		2.3381
v -7.6847 		-2.3462 		2.3222
v -7.6575 		-2.3383 		2.306
v -7.6324 		-2.3252 		2.2901
v -7.61 		-2.3072 		2.2748
v -7.591 		-2.2848 		2.2608
v -7.576 		-2.2587 		2.2484
v -7.5655 		-2.2297 		2.2379
v -7.5598 		-2.1987 		2.2297
v -7.5591 		-2.1667 		2.2241
v -7.5633 		-2.1345 		2.2212
v -7.5723 		-2.1033 		2.2212
v -7.5735 		-2.0233 		2.2294
v -7.5524 		-2.0549 		2.2229
v -7.5988 		-1.9959 		2.2388
v -7.6276 		-1.9735 		2.2511
v -7.6591 		-1.9569 		2.2657
v -7.6923 		-1.9464 		2.2822
v -7.7261 		-1.9424 		2.3002
v -7.7596 		-1.9451 		2.319
v -7.7917 		-1.9544 		2.3381
v -7.8214 		-1.9699 		2.357
v -7.8479 		-1.9913 		2.375
v -7.8704 		-2.0178 		2.3916
v -7.8881 		-2.0486 		2.4064
v -7.9005 		-2.0829 		2.4187
v -7.9073 		-2.1196 		2.4284
v -7.9082 		-2.1575 		2.435
v -7.9032 		-2.1955 		2.4384
v -7.8925 		-2.2325 		2.4385
v -7.8764 		-2.2673 		2.4353
v -7.8553 		-2.2989 		2.4288
v -7.83 		-2.3263 		2.4193
v -7.8011 		-2.3487 		2.4071
v -7.7697 		-2.3653 		2.3925
v -7.7365 		-2.3758 		2.376
v -7.7027 		-2.3798 		2.358
v -7.6692 		-2.3771 		2.3392
v -7.6371 		-2.3678 		2.3201
v -7.6073 		-2.3523 		2.3012
v -7.5808 		-2.3309 		2.2832
v -7.5584 		-2.3044 		2.2666
v -7.5407 		-2.2736 		2.2518
v -7.5283 		-2.2393 		2.2395
v -7.5215 		-2.2026 		2.2298
v -7.5206 		-2.1647 		2.2232
v -7.5256 		-2.1267 		2.2198
v -7.5363 		-2.0897 		2.2197
v -7.5428 		-2.0001 		2.2327
v -7.5187 		-2.0364 		2.2252
v -7.5719 		-1.9687 		2.2435
v -7.605 		-1.943 		2.2576
v -7.6411 		-1.9239 		2.2743
v -7.6791 		-1.9119 		2.2933
v -7.718 		-1.9073 		2.3139
v -7.7564 		-1.9104 		2.3355
v -7.7932 		-1.9211 		2.3574
v -7.8273 		-1.9389 		2.3791
v -7.8577 		-1.9634 		2.3997
v -7.8835 		-1.9938 		2.4188
v -7.9038 		-2.0292 		2.4357
v -7.918 		-2.0685 		2.4499
v -7.9258 		-2.1105 		2.461
v -7.9268 		-2.154 		2.4686
v -7.9211 		-2.1977 		2.4725
v -7.9088 		-2.2401 		2.4726
v -7.8903 		-2.28 		2.4689
v -7.8662 		-2.3163 		2.4615
v -7.8371 		-2.3477 		2.4506
v -7.804 		-2.3734 		2.4366
v -7.7679 		-2.3925 		2.4198
v -7.7299 		-2.4045 		2.4009
v -7.6911 		-2.409 		2.3803
v -7.6527 		-2.406 		2.3587
v -7.6158 		-2.3953 		2.3367
v -7.5817 		-2.3775 		2.3151
v -7.5513 		-2.353 		2.2944
v -7.5256 		-2.3226 		2.2753
v -7.5052 		-2.2872 		2.2584
v -7.491 		-2.2479 		2.2442
v -7.4832 		-2.2059 		2.2332
v -7.4822 		-2.1624 		2.2256
v -7.4879 		-2.1187 		2.2216
v -7.5002 		-2.0763 		2.2215
v -7.5121 		-1.9778 		2.2392
v -7.4851 		-2.0184 		2.2309
v -7.5447 		-1.9426 		2.2514
v -7.5818 		-1.9138 		2.2671
v -7.6223 		-1.8923 		2.2859
v -7.6649 		-1.8789 		2.3071
v -7.7084 		-1.8738 		2.3302
v -7.7514 		-1.8772 		2.3544
v -7.7927 		-1.8891 		2.379
v -7.8309 		-1.9091 		2.4033
v -7.865 		-1.9366 		2.4264
v -7.8939 		-1.9706 		2.4478
v -7.9166 		-2.0103 		2.4667
v -7.9326 		-2.0544 		2.4826
v -7.9413 		-2.1015 		2.4951
v -7.9425 		-2.1502 		2.5036
v -7.9361 		-2.1991 		2.508
v -7.9223 		-2.2467 		2.5081
v -7.9016 		-2.2914 		2.5039
v -7.8745 		-2.332 		2.4956
v -7.8419 		-2.3673 		2.4834
v -7.8048 		-2.396 		2.4677
v -7.7644 		-2.4175 		2.4489
v -7.7217 		-2.4309 		2.4277
v -7.6783 		-2.436 		2.4046
v -7.6352 		-2.4326 		2.3804
v -7.5939 		-2.4207 		2.3558
v -7.5557 		-2.4007 		2.3316
v -7.5216 		-2.3732 		2.3084
v -7.4928 		-2.3392 		2.287
v -7.47 		-2.2995 		2.2681
v -7.454 		-2.2554 		2.2522
v -7.4453 		-2.2083 		2.2398
v -7.4442 		-2.1596 		2.2313
v -7.4506 		-2.1107 		2.2269
v -7.4643 		-2.0631 		2.2267
v -7.4816 		-1.9564 		2.249
v -7.4518 		-2.0011 		2.2398
v -7.5174 		-1.9177 		2.2624
v -7.5582 		-1.886 		2.2797
v -7.6027 		-1.8624 		2.3003
v -7.6496 		-1.8476 		2.3237
v -7.6975 		-1.842 		2.3491
v -7.7448 		-1.8458 		2.3757
v -7.7902 		-1.8589 		2.4028
v -7.8323 		-1.8809 		2.4295
v -7.8698 		-1.9111 		2.4549
v -7.9015 		-1.9485 		2.4785
v -7.9266 		-1.9922 		2.4993
v -7.9441 		-2.0407 		2.5168
v -7.9537 		-2.0925 		2.5304
v -7.955 		-2.1461 		2.5398
v -7.9479 		-2.1999 		2.5446
v -7.9328 		-2.2522 		2.5448
v -7.91 		-2.3014 		2.5402
v -7.8802 		-2.3461 		2.5311
v -7.8444 		-2.3848 		2.5176
v -7.8036 		-2.4165 		2.5003
v -7.7591 		-2.4401 		2.4797
v -7.7122 		-2.4549 		2.4563
v -7.6643 		-2.4605 		2.4309
v -7.617 		-2.4567 		2.4043
v -7.5716 		-2.4436 		2.3772
v -7.5295 		-2.4216 		2.3506
v -7.492 		-2.3914 		2.3251
v -7.4603 		-2.354 		2.3016
v -7.4353 		-2.3103 		2.2808
v -7.4177 		-2.2618 		2.2633
v -7.4081 		-2.21 		2.2496
v -7.4068 		-2.1564 		2.2402
v -7.4139 		-2.1026 		2.2354
v -7.429 		-2.0503 		2.2353
v -7.4514 		-1.9362 		2.2619
v -7.4192 		-1.9846 		2.252
v -7.4902 		-1.8942 		2.2764
v -7.5344 		-1.8599 		2.2951
v -7.5827 		-1.8343 		2.3175
v -7.6335 		-1.8183 		2.3428
v -7.6853 		-1.8122 		2.3703
v -7.7366 		-1.8164 		2.3992
v -7.7858 		-1.8305 		2.4285
v -7.8314 		-1.8543 		2.4574
v -7.872 		-1.887 		2.485
v -7.9064 		-1.9277 		2.5105
v -7.9335 		-1.9749 		2.533
v -7.9525 		-2.0275 		2.552
v -7.9629 		-2.0836 		2.5668
v -7.9643 		-2.1417 		2.5769
v -7.9566 		-2.2 		2.5822
v -7.9402 		-2.2566 		2.5823
v -7.9155 		-2.31 		2.5774
v -7.8833 		-2.3583 		2.5675
v -7.8445 		-2.4003 		2.5529
v -7.8003 		-2.4346 		2.5342
v -7.752 		-2.4602 		2.5118
v -7.7012 		-2.4762 		2.4865
v -7.6494 		-2.4823 		2.459
v -7.5981 		-2.4782 		2.4302
v -7.5489 		-2.464 		2.4008
v -7.5033 		-2.4402 		2.3719
v -7.4627 		-2.4075 		2.3443
v -7.4284 		-2.3669 		2.3189
v -7.4012 		-2.3196 		2.2963
v -7.3822 		-2.2671 		2.2773
v -7.3718 		-2.2109 		2.2626
v -7.3704 		-2.1528 		2.2524
v -7.3781 		-2.0946 		2.2472
v -7.3945 		-2.0379 		2.247
v -7.4219 		-1.9172 		2.2778
v -7.3874 		-1.969 		2.2672
v -7.4634 		-1.8724 		2.2933
v -7.5106 		-1.8357 		2.3134
v -7.5622 		-1.8084 		2.3373
v -7.6165 		-1.7912 		2.3644
v -7.672 		-1.7847 		2.3938
v -7.7268 		-1.7891 		2.4246
v -7.7794 		-1.8043 		2.456
v -7.8282 		-1.8297 		2.4869
v -7.8716 		-1.8647 		2.5164
v -7.9083 		-1.9081 		2.5437
v -7.9373 		-1.9587 		2.5678
v -7.9577 		-2.0149 		2.588
v -7.9688 		-2.0749 		2.6039
v -7.9703 		-2.137 		2.6147
v -7.9621 		-2.1993 		2.6203
v -7.9446 		-2.2599 		2.6205
v -7.9181 		-2.3169 		2.6152
v -7.8837 		-2.3687 		2.6046
v -7.8422 		-2.4136 		2.5891
v -7.7949 		-2.4502 		2.569
v -7.7433 		-2.4776 		2.5451
v -7.689 		-2.4947 		2.518
v -7.6336 		-2.5012 		2.4886
v -7.5787 		-2.4968 		2.4578
v -7.5261 		-2.4816 		2.4264
v -7.4774 		-2.4562 		2.3955
v -7.434 		-2.4212 		2.366
v -7.3972 		-2.3778 		2.3387
v -7.3682 		-2.3272 		2.3146
v -7.3478 		-2.2711 		2.2944
v -7.3368 		-2.211 		2.2785
v -7.3353 		-2.1489 		2.2677
v -7.3434 		-2.0866 		2.2621
v -7.361 		-2.026 		2.2619
v -7.3932 		-1.8998 		2.2967
v -7.3567 		-1.9545 		2.2855
v -7.4371 		-1.8523 		2.3131
v -7.487 		-1.8135 		2.3343
v -7.5415 		-1.7846 		2.3596
v -7.599 		-1.7665 		2.3882
v -7.6576 		-1.7597 		2.4193
v -7.7156 		-1.7643 		2.4519
v -7.7712 		-1.7804 		2.4851
v -7.8227 		-1.8073 		2.5177
v -7.8686 		-1.8442 		2.5489
v -7.9075 		-1.8901 		2.5777
v -7.9381 		-1.9436 		2.6032
v -7.9597 		-2.003 		2.6246
v -7.9714 		-2.0664 		2.6414
v -7.973 		-2.1321 		2.6529
v -7.9643 		-2.198 		2.6588
v -7.9458 		-2.262 		2.6589
v -7.9178 		-2.3223 		2.6533
v -7.8814 		-2.377 		2.6422
v -7.8375 		-2.4245 		2.6257
v -7.7875 		-2.4633 		2.6045
v -7.733 		-2.4922 		2.5792
v -7.6756 		-2.5103 		2.5506
v -7.617 		-2.5172 		2.5195
v -7.559 		-2.5125 		2.4869
v -7.5034 		-2.4965 		2.4538
v -7.4519 		-2.4696 		2.4211
v -7.406 		-2.4326 		2.3899
v -7.3671 		-2.3867 		2.3611
v -7.3364 		-2.3332 		2.3356
v -7.3149 		-2.2738 		2.3142
v -7.3032 		-2.2104 		2.2974
v -7.3016 		-2.1447 		2.286
v -7.3102 		-2.0788 		2.28
v -7.3288 		-2.0148 		2.2799
v -7.3655 		-1.8839 		2.3183
v -7.3274 		-1.9411 		2.3066
v -7.4114 		-1.8342 		2.3355
v -7.4637 		-1.7936 		2.3577
v -7.5208 		-1.7634 		2.3841
v -7.5809 		-1.7444 		2.4141
v -7.6422 		-1.7372 		2.4466
v -7.7029 		-1.7421 		2.4808
v -7.7611 		-1.7589 		2.5154
v -7.815 		-1.7871 		2.5496
v -7.8631 		-1.8257 		2.5823
v -7.9037 		-1.8738 		2.6124
v -7.9358 		-1.9297 		2.6391
v -7.9583 		-1.9919 		2.6615
v -7.9706 		-2.0583 		2.679
v -7.9723 		-2.127 		2.691
v -7.9632 		-2.196 		2.6972
v -7.9438 		-2.263 		2.6974
v -7.9146 		-2.3261 		2.6916
v -7.8764 		-2.3833 		2.6798
v -7.8305 		-2.433 		2.6627
v -7.7782 		-2.4736 		2.6405
v -7.7212 		-2.5038 		2.614
v -7.6611 		-2.5228 		2.5841
v -7.5997 		-2.53 		2.5515
v -7.5391 		-2.5251 		2.5174
v -7.4809 		-2.5083 		2.4827
v -7.4269 		-2.4802 		2.4485
v -7.3789 		-2.4415 		2.4158
v -7.3382 		-2.3934 		2.3857
v -7.3061 		-2.3375 		2.359
v -7.2836 		-2.2754 		2.3366
v -7.2713 		-2.2089 		2.3191
v -7.2697 		-2.1402 		2.3071
v -7.2787 		-2.0713 		2.3009
v -7.2981 		-2.0042 		2.3007
v -7.3391 		-1.8697 		2.3425
v -7.2996 		-1.929 		2.3304
v -7.3867 		-1.8182 		2.3604
v -7.441 		-1.7761 		2.3833
v -7.5001 		-1.7448 		2.4108
v -7.5624 		-1.7251 		2.4418
v -7.626 		-1.7176 		2.4756
v -7.6889 		-1.7227 		2.511
v -7.7493 		-1.7401 		2.5469
v -7.8052 		-1.7693 		2.5824
v -7.855 		-1.8094 		2.6163
v -7.8972 		-1.8592 		2.6475
v -7.9304 		-1.9172 		2.6752
v -7.9538 		-1.9816 		2.6984
v -7.9665 		-2.0505 		2.7166
v -7.9682 		-2.1218 		2.729
v -7.9589 		-2.1933 		2.7354
v -7.9387 		-2.2628 		2.7356
v -7.9084 		-2.3282 		2.7295
v -7.8689 		-2.3875 		2.7174
v -7.8212 		-2.439 		2.6996
v -7.767 		-2.4811 		2.6766
v -7.7079 		-2.5125 		2.6491
v -7.6456 		-2.5321 		2.6181
v -7.582 		-2.5396 		2.5843
v -7.5191 		-2.5345 		2.549
v -7.4587 		-2.5171 		2.513
v -7.4028 		-2.4879 		2.4775
v -7.353 		-2.4478 		2.4437
v -7.3108 		-2.398 		2.4124
v -7.2775 		-2.34 		2.3848
v -7.2542 		-2.2756 		2.3615
v -7.2415 		-2.2067 		2.3434
v -7.2398 		-2.1354 		2.3309
v -7.2491 		-2.064 		2.3245
v -7.2693 		-1.9945 		2.3243
v -7.3142 		-1.8573 		2.3692
v -7.2736 		-1.9183 		2.3567
v -7.3632 		-1.8043 		2.3875
v -7.4189 		-1.7611 		2.4111
v -7.4797 		-1.7289 		2.4393
v -7.5438 		-1.7086 		2.4713
v -7.6091 		-1.701 		2.506
v -7.6738 		-1.7062 		2.5423
v -7.7358 		-1.7241 		2.5793
v -7.7933 		-1.7541 		2.6158
v -7.8445 		-1.7953 		2.6506
v -7.8878 		-1.8465 		2.6827
v -7.922 		-1.9062 		2.7111
v -7.946 		-1.9724 		2.735
v -7.9591 		-2.0432 		2.7537
v -7.9609 		-2.1164 		2.7665
v -7.9513 		-2.1899 		2.7731
v -7.9305 		-2.2613 		2.7732
v -7.8994 		-2.3286 		2.767
v -7.8587 		-2.3896 		2.7545
v -7.8098 		-2.4425 		2.7362
v -7.7541 		-2.4858 		2.7126
v -7.6932 		-2.518 		2.6844
v -7.6292 		-2.5382 		2.6524
v -7.5638 		-2.5459 		2.6178
v -7.4992 		-2.5407 		2.5814
v -7.4371 		-2.5228 		2.5444
v -7.3797 		-2.4928 		2.508
v -7.3285 		-2.4516 		2.4732
v -7.2851 		-2.4004 		2.441
v -7.2509 		-2.3407 		2.4126
v -7.2269 		-2.2745 		2.3887
v -7.2138 		-2.2037 		2.3701
v -7.2121 		-2.1305 		2.3572
v -7.2217 		-2.057 		2.3506
v -7.2424 		-1.9856 		2.3505
v -7.291 		-1.8468 		2.3981
v -7.2495 		-1.909 		2.3853
v -7.3408 		-1.7928 		2.4168
v -7.3977 		-1.7487 		2.4408
v -7.4597 		-1.7159 		2.4696
v -7.525 		-1.6953 		2.5022
v -7.5916 		-1.6875 		2.5375
v -7.6575 		-1.6928 		2.5746
v -7.7208 		-1.711 		2.6123
v -7.7794 		-1.7416 		2.6495
v -7.8316 		-1.7836 		2.6849
v -7.8758 		-1.8358 		2.7177
v -7.9106 		-1.8966 		2.7467
v -7.9351 		-1.9641 		2.771
v -7.9485 		-2.0363 		2.7901
v -7.9502 		-2.111 		2.8031
v -7.9404 		-2.1859 		2.8098
v -7.9193 		-2.2588 		2.81
v -7.8876 		-2.3273 		2.8037
v -7.8461 		-2.3895 		2.7909
v -7.7962 		-2.4435 		2.7723
v -7.7394 		-2.4876 		2.7482
v -7.6774 		-2.5204 		2.7194
v -7.6121 		-2.5411 		2.6869
v -7.5454 		-2.5489 		2.6515
v -7.4795 		-2.5436 		2.6144
v -7.4163 		-2.5253 		2.5767
v -7.3577 		-2.4947 		2.5396
v -7.3055 		-2.4527 		2.5041
v -7.2613 		-2.4005 		2.4713
v -7.2264 		-2.3397 		2.4423
v -7.2019 		-2.2722 		2.418
v -7.1886 		-2.2 		2.399
v -7.1868 		-2.1253 		2.3859
v -7.1966 		-2.0504 		2.3792
v -7.2177 		-1.9776 		2.379
v -7.2695 		-1.8383 		2.429
v -7.2276 		-1.9012 		2.4161
v -7.32 		-1.7837 		2.4479
v -7.3775 		-1.7391 		2.4722
v -7.4402 		-1.7059 		2.5013
v -7.5063 		-1.685 		2.5342
v -7.5737 		-1.6771 		2.57
v -7.6404 		-1.6825 		2.6075
v -7.7043 		-1.7009 		2.6457
v -7.7636 		-1.7319 		2.6832
v -7.8164 		-1.7744 		2.7191
v -7.8611 		-1.8272 		2.7523
v -7.8964 		-1.8887 		2.7816
v -7.9211 		-1.957 		2.8062
v -7.9346 		-2.03 		2.8255
v -7.9364 		-2.1056 		2.8387
v -7.9265 		-2.1813 		2.8455
v -7.9052 		-2.255 		2.8457
v -7.873 		-2.3244 		2.8392
v -7.8311 		-2.3873 		2.8264
v -7.7806 		-2.4419 		2.8075
v -7.7232 		-2.4865 		2.7831
v -7.6604 		-2.5197 		2.754
v -7.5944 		-2.5406 		2.7211
v -7.527 		-2.5485 		2.6853
v -7.4603 		-2.5431 		2.6478
v -7.3963 		-2.5247 		2.6097
v -7.337 		-2.4937 		2.5721
v -7.2842 		-2.4512 		2.5362
v -7.2395 		-2.3984 		2.5031
v -7.2042 		-2.3369 		2.4737
v -7.1795 		-2.2686 		2.4491
v -7.166 		-2.1956 		2.4299
v -7.1642 		-2.12 		2.4166
v -7.1741 		-2.0443 		2.4098
v -7.1954 		-1.9706 		2.4096
v -7.2501 		-1.8318 		2.4616
v -7.208 		-1.895 		2.4487
v -7.3008 		-1.777 		2.4806
v -7.3584 		-1.7323 		2.505
v -7.4214 		-1.6989 		2.5342
v -7.4877 		-1.678 		2.5673
v -7.5554 		-1.6701 		2.6032
v -7.6223 		-1.6754 		2.6409
v -7.6865 		-1.694 		2.6791
v -7.7461 		-1.725 		2.7169
v -7.7991 		-1.7677 		2.7529
v -7.8439 		-1.8207 		2.7861
v -7.8793 		-1.8824 		2.8156
v -7.9042 		-1.951 		2.8403
v -7.9177 		-2.0243 		2.8596
v -7.9196 		-2.1001 		2.8729
v -7.9096 		-2.1762 		2.8797
v -7.8882 		-2.2502 		2.8799
v -7.8559 		-2.3198 		2.8735
v -7.8138 		-2.383 		2.8605
v -7.7631 		-2.4378 		2.8416
v -7.7055 		-2.4825 		2.8171
v -7.6425 		-2.5159 		2.7879
v -7.5762 		-2.5368 		2.7548
v -7.5085 		-2.5447 		2.7189
v -7.4416 		-2.5394 		2.6813
v -7.3774 		-2.5208 		2.643
v -7.3178 		-2.4898 		2.6053
v -7.2648 		-2.4471 		2.5692
v -7.22 		-2.3941 		2.536
v -7.1846 		-2.3324 		2.5066
v -7.1597 		-2.2638 		2.4818
v -7.1462 		-2.1905 		2.4625
v -7.1443 		-2.1147 		2.4492
v -7.1543 		-2.0386 		2.4424
v -7.1757 		-1.9646 		2.4422
v -7.5319 		-2.1074 		2.6611
# 650 vertices

g group_11_5122067

usemtl color_5122067
s 0

f 7608 	7607 	7609
f 7609 	7607 	7610
f 7610 	7607 	7611
f 7611 	7607 	7612
f 7612 	7607 	7613
f 7613 	7607 	7614
f 7614 	7607 	7615
f 7615 	7607 	7616
f 7616 	7607 	7617
f 7617 	7607 	7618
f 7618 	7607 	7619
f 7619 	7607 	7620
f 7620 	7607 	7621
f 7621 	7607 	7622
f 7622 	7607 	7623
f 7623 	7607 	7624
f 7624 	7607 	7625
f 7625 	7607 	7626
f 7626 	7607 	7627
f 7627 	7607 	7628
f 7628 	7607 	7629
f 7629 	7607 	7630
f 7630 	7607 	7631
f 7631 	7607 	7632
f 7632 	7607 	7633
f 7633 	7607 	7634
f 7634 	7607 	7635
f 7635 	7607 	7636
f 7636 	7607 	7637
f 7637 	7607 	7638
f 7638 	7607 	7639
f 7639 	7607 	7640
f 7640 	7607 	7641
f 7641 	7607 	7642
f 7642 	7607 	7643
f 7643 	7607 	7608
f 7608 	7609 	7644
f 7645 	7608 	7644
f 7609 	7610 	7646
f 7644 	7609 	7646
f 7610 	7611 	7647
f 7646 	7610 	7647
f 7611 	7612 	7648
f 7647 	7611 	7648
f 7612 	7613 	7649
f 7648 	7612 	7649
f 7613 	7614 	7650
f 7649 	7613 	7650
f 7614 	7615 	7651
f 7650 	7614 	7651
f 7615 	7616 	7652
f 7651 	7615 	7652
f 7616 	7617 	7653
f 7652 	7616 	7653
f 7617 	7618 	7654
f 7653 	7617 	7654
f 7618 	7619 	7655
f 7654 	7618 	7655
f 7619 	7620 	7656
f 7655 	7619 	7656
f 7620 	7621 	7657
f 7656 	7620 	7657
f 7621 	7622 	7658
f 7657 	7621 	7658
f 7622 	7623 	7659
f 7658 	7622 	7659
f 7623 	7624 	7660
f 7659 	7623 	7660
f 7624 	7625 	7661
f 7660 	7624 	7661
f 7625 	7626 	7662
f 7661 	7625 	7662
f 7626 	7627 	7663
f 7662 	7626 	7663
f 7627 	7628 	7664
f 7663 	7627 	7664
f 7628 	7629 	7665
f 7664 	7628 	7665
f 7629 	7630 	7666
f 7665 	7629 	7666
f 7630 	7631 	7667
f 7666 	7630 	7667
f 7631 	7632 	7668
f 7667 	7631 	7668
f 7632 	7633 	7669
f 7668 	7632 	7669
f 7633 	7634 	7670
f 7669 	7633 	7670
f 7634 	7635 	7671
f 7670 	7634 	7671
f 7635 	7636 	7672
f 7671 	7635 	7672
f 7636 	7637 	7673
f 7672 	7636 	7673
f 7637 	7638 	7674
f 7673 	7637 	7674
f 7638 	7639 	7675
f 7674 	7638 	7675
f 7639 	7640 	7676
f 7675 	7639 	7676
f 7640 	7641 	7677
f 7676 	7640 	7677
f 7641 	7642 	7678
f 7677 	7641 	7678
f 7642 	7643 	7679
f 7678 	7642 	7679
f 7643 	7608 	7645
f 7679 	7643 	7645
f 7645 	7644 	7680
f 7681 	7645 	7680
f 7644 	7646 	7682
f 7680 	7644 	7682
f 7646 	7647 	7683
f 7682 	7646 	7683
f 7647 	7648 	7684
f 7683 	7647 	7684
f 7648 	7649 	7685
f 7684 	7648 	7685
f 7649 	7650 	7686
f 7685 	7649 	7686
f 7650 	7651 	7687
f 7686 	7650 	7687
f 7651 	7652 	7688
f 7687 	7651 	7688
f 7652 	7653 	7689
f 7688 	7652 	7689
f 7653 	7654 	7690
f 7689 	7653 	7690
f 7654 	7655 	7691
f 7690 	7654 	7691
f 7655 	7656 	7692
f 7691 	7655 	7692
f 7656 	7657 	7693
f 7692 	7656 	7693
f 7657 	7658 	7694
f 7693 	7657 	7694
f 7658 	7659 	7695
f 7694 	7658 	7695
f 7659 	7660 	7696
f 7695 	7659 	7696
f 7660 	7661 	7697
f 7696 	7660 	7697
f 7661 	7662 	7698
f 7697 	7661 	7698
f 7662 	7663 	7699
f 7698 	7662 	7699
f 7663 	7664 	7700
f 7699 	7663 	7700
f 7664 	7665 	7701
f 7700 	7664 	7701
f 7665 	7666 	7702
f 7701 	7665 	7702
f 7666 	7667 	7703
f 7702 	7666 	7703
f 7667 	7668 	7704
f 7703 	7667 	7704
f 7668 	7669 	7705
f 7704 	7668 	7705
f 7669 	7670 	7706
f 7705 	7669 	7706
f 7670 	7671 	7707
f 7706 	7670 	7707
f 7671 	7672 	7708
f 7707 	7671 	7708
f 7672 	7673 	7709
f 7708 	7672 	7709
f 7673 	7674 	7710
f 7709 	7673 	7710
f 7674 	7675 	7711
f 7710 	7674 	7711
f 7675 	7676 	7712
f 7711 	7675 	7712
f 7676 	7677 	7713
f 7712 	7676 	7713
f 7677 	7678 	7714
f 7713 	7677 	7714
f 7678 	7679 	7715
f 7714 	7678 	7715
f 7679 	7645 	7681
f 7715 	7679 	7681
f 7681 	7680 	7716
f 7717 	7681 	7716
f 7680 	7682 	7718
f 7716 	7680 	7718
f 7682 	7683 	7719
f 7718 	7682 	7719
f 7683 	7684 	7720
f 7719 	7683 	7720
f 7684 	7685 	7721
f 7720 	7684 	7721
f 7685 	7686 	7722
f 7721 	7685 	7722
f 7686 	7687 	7723
f 7722 	7686 	7723
f 7687 	7688 	7724
f 7723 	7687 	7724
f 7688 	7689 	7725
f 7724 	7688 	7725
f 7689 	7690 	7726
f 7725 	7689 	7726
f 7690 	7691 	7727
f 7726 	7690 	7727
f 7691 	7692 	7728
f 7727 	7691 	7728
f 7692 	7693 	7729
f 7728 	7692 	7729
f 7693 	7694 	7730
f 7729 	7693 	7730
f 7694 	7695 	7731
f 7730 	7694 	7731
f 7695 	7696 	7732
f 7731 	7695 	7732
f 7696 	7697 	7733
f 7732 	7696 	7733
f 7697 	7698 	7734
f 7733 	7697 	7734
f 7698 	7699 	7735
f 7734 	7698 	7735
f 7699 	7700 	7736
f 7735 	7699 	7736
f 7700 	7701 	7737
f 7736 	7700 	7737
f 7701 	7702 	7738
f 7737 	7701 	7738
f 7702 	7703 	7739
f 7738 	7702 	7739
f 7703 	7704 	7740
f 7739 	7703 	7740
f 7704 	7705 	7741
f 7740 	7704 	7741
f 7705 	7706 	7742
f 7741 	7705 	7742
f 7706 	7707 	7743
f 7742 	7706 	7743
f 7707 	7708 	7744
f 7743 	7707 	7744
f 7708 	7709 	7745
f 7744 	7708 	7745
f 7709 	7710 	7746
f 7745 	7709 	7746
f 7710 	7711 	7747
f 7746 	7710 	7747
f 7711 	7712 	7748
f 7747 	7711 	7748
f 7712 	7713 	7749
f 7748 	7712 	7749
f 7713 	7714 	7750
f 7749 	7713 	7750
f 7714 	7715 	7751
f 7750 	7714 	7751
f 7715 	7681 	7717
f 7751 	7715 	7717
f 7717 	7716 	7752
f 7753 	7717 	7752
f 7716 	7718 	7754
f 7752 	7716 	7754
f 7718 	7719 	7755
f 7754 	7718 	7755
f 7719 	7720 	7756
f 7755 	7719 	7756
f 7720 	7721 	7757
f 7756 	7720 	7757
f 7721 	7722 	7758
f 7757 	7721 	7758
f 7722 	7723 	7759
f 7758 	7722 	7759
f 7723 	7724 	7760
f 7759 	7723 	7760
f 7724 	7725 	7761
f 7760 	7724 	7761
f 7725 	7726 	7762
f 7761 	7725 	7762
f 7726 	7727 	7763
f 7762 	7726 	7763
f 7727 	7728 	7764
f 7763 	7727 	7764
f 7728 	7729 	7765
f 7764 	7728 	7765
f 7729 	7730 	7766
f 7765 	7729 	7766
f 7730 	7731 	7767
f 7766 	7730 	7767
f 7731 	7732 	7768
f 7767 	7731 	7768
f 7732 	7733 	7769
f 7768 	7732 	7769
f 7733 	7734 	7770
f 7769 	7733 	7770
f 7734 	7735 	7771
f 7770 	7734 	7771
f 7735 	7736 	7772
f 7771 	7735 	7772
f 7736 	7737 	7773
f 7772 	7736 	7773
f 7737 	7738 	7774
f 7773 	7737 	7774
f 7738 	7739 	7775
f 7774 	7738 	7775
f 7739 	7740 	7776
f 7775 	7739 	7776
f 7740 	7741 	7777
f 7776 	7740 	7777
f 7741 	7742 	7778
f 7777 	7741 	7778
f 7742 	7743 	7779
f 7778 	7742 	7779
f 7743 	7744 	7780
f 7779 	7743 	7780
f 7744 	7745 	7781
f 7780 	7744 	7781
f 7745 	7746 	7782
f 7781 	7745 	7782
f 7746 	7747 	7783
f 7782 	7746 	7783
f 7747 	7748 	7784
f 7783 	7747 	7784
f 7748 	7749 	7785
f 7784 	7748 	7785
f 7749 	7750 	7786
f 7785 	7749 	7786
f 7750 	7751 	7787
f 7786 	7750 	7787
f 7751 	7717 	7753
f 7787 	7751 	7753
f 7753 	7752 	7788
f 7789 	7753 	7788
f 7752 	7754 	7790
f 7788 	7752 	7790
f 7754 	7755 	7791
f 7790 	7754 	7791
f 7755 	7756 	7792
f 7791 	7755 	7792
f 7756 	7757 	7793
f 7792 	7756 	7793
f 7757 	7758 	7794
f 7793 	7757 	7794
f 7758 	7759 	7795
f 7794 	7758 	7795
f 7759 	7760 	7796
f 7795 	7759 	7796
f 7760 	7761 	7797
f 7796 	7760 	7797
f 7761 	7762 	7798
f 7797 	7761 	7798
f 7762 	7763 	7799
f 7798 	7762 	7799
f 7763 	7764 	7800
f 7799 	7763 	7800
f 7764 	7765 	7801
f 7800 	7764 	7801
f 7765 	7766 	7802
f 7801 	7765 	7802
f 7766 	7767 	7803
f 7802 	7766 	7803
f 7767 	7768 	7804
f 7803 	7767 	7804
f 7768 	7769 	7805
f 7804 	7768 	7805
f 7769 	7770 	7806
f 7805 	7769 	7806
f 7770 	7771 	7807
f 7806 	7770 	7807
f 7771 	7772 	7808
f 7807 	7771 	7808
f 7772 	7773 	7809
f 7808 	7772 	7809
f 7773 	7774 	7810
f 7809 	7773 	7810
f 7774 	7775 	7811
f 7810 	7774 	7811
f 7775 	7776 	7812
f 7811 	7775 	7812
f 7776 	7777 	7813
f 7812 	7776 	7813
f 7777 	7778 	7814
f 7813 	7777 	7814
f 7778 	7779 	7815
f 7814 	7778 	7815
f 7779 	7780 	7816
f 7815 	7779 	7816
f 7780 	7781 	7817
f 7816 	7780 	7817
f 7781 	7782 	7818
f 7817 	7781 	7818
f 7782 	7783 	7819
f 7818 	7782 	7819
f 7783 	7784 	7820
f 7819 	7783 	7820
f 7784 	7785 	7821
f 7820 	7784 	7821
f 7785 	7786 	7822
f 7821 	7785 	7822
f 7786 	7787 	7823
f 7822 	7786 	7823
f 7787 	7753 	7789
f 7823 	7787 	7789
f 7789 	7788 	7824
f 7825 	7789 	7824
f 7788 	7790 	7826
f 7824 	7788 	7826
f 7790 	7791 	7827
f 7826 	7790 	7827
f 7791 	7792 	7828
f 7827 	7791 	7828
f 7792 	7793 	7829
f 7828 	7792 	7829
f 7793 	7794 	7830
f 7829 	7793 	7830
f 7794 	7795 	7831
f 7830 	7794 	7831
f 7795 	7796 	7832
f 7831 	7795 	7832
f 7796 	7797 	7833
f 7832 	7796 	7833
f 7797 	7798 	7834
f 7833 	7797 	7834
f 7798 	7799 	7835
f 7834 	7798 	7835
f 7799 	7800 	7836
f 7835 	7799 	7836
f 7800 	7801 	7837
f 7836 	7800 	7837
f 7801 	7802 	7838
f 7837 	7801 	7838
f 7802 	7803 	7839
f 7838 	7802 	7839
f 7803 	7804 	7840
f 7839 	7803 	7840
f 7804 	7805 	7841
f 7840 	7804 	7841
f 7805 	7806 	7842
f 7841 	7805 	7842
f 7806 	7807 	7843
f 7842 	7806 	7843
f 7807 	7808 	7844
f 7843 	7807 	7844
f 7808 	7809 	7845
f 7844 	7808 	7845
f 7809 	7810 	7846
f 7845 	7809 	7846
f 7810 	7811 	7847
f 7846 	7810 	7847
f 7811 	7812 	7848
f 7847 	7811 	7848
f 7812 	7813 	7849
f 7848 	7812 	7849
f 7813 	7814 	7850
f 7849 	7813 	7850
f 7814 	7815 	7851
f 7850 	7814 	7851
f 7815 	7816 	7852
f 7851 	7815 	7852
f 7816 	7817 	7853
f 7852 	7816 	7853
f 7817 	7818 	7854
f 7853 	7817 	7854
f 7818 	7819 	7855
f 7854 	7818 	7855
f 7819 	7820 	7856
f 7855 	7819 	7856
f 7820 	7821 	7857
f 7856 	7820 	7857
f 7821 	7822 	7858
f 7857 	7821 	7858
f 7822 	7823 	7859
f 7858 	7822 	7859
f 7823 	7789 	7825
f 7859 	7823 	7825
f 7825 	7824 	7860
f 7861 	7825 	7860
f 7824 	7826 	7862
f 7860 	7824 	7862
f 7826 	7827 	7863
f 7862 	7826 	7863
f 7827 	7828 	7864
f 7863 	7827 	7864
f 7828 	7829 	7865
f 7864 	7828 	7865
f 7829 	7830 	7866
f 7865 	7829 	7866
f 7830 	7831 	7867
f 7866 	7830 	7867
f 7831 	7832 	7868
f 7867 	7831 	7868
f 7832 	7833 	7869
f 7868 	7832 	7869
f 7833 	7834 	7870
f 7869 	7833 	7870
f 7834 	7835 	7871
f 7870 	7834 	7871
f 7835 	7836 	7872
f 7871 	7835 	7872
f 7836 	7837 	7873
f 7872 	7836 	7873
f 7837 	7838 	7874
f 7873 	7837 	7874
f 7838 	7839 	7875
f 7874 	7838 	7875
f 7839 	7840 	7876
f 7875 	7839 	7876
f 7840 	7841 	7877
f 7876 	7840 	7877
f 7841 	7842 	7878
f 7877 	7841 	7878
f 7842 	7843 	7879
f 7878 	7842 	7879
f 7843 	7844 	7880
f 7879 	7843 	7880
f 7844 	7845 	7881
f 7880 	7844 	7881
f 7845 	7846 	7882
f 7881 	7845 	7882
f 7846 	7847 	7883
f 7882 	7846 	7883
f 7847 	7848 	7884
f 7883 	7847 	7884
f 7848 	7849 	7885
f 7884 	7848 	7885
f 7849 	7850 	7886
f 7885 	7849 	7886
f 7850 	7851 	7887
f 7886 	7850 	7887
f 7851 	7852 	7888
f 7887 	7851 	7888
f 7852 	7853 	7889
f 7888 	7852 	7889
f 7853 	7854 	7890
f 7889 	7853 	7890
f 7854 	7855 	7891
f 7890 	7854 	7891
f 7855 	7856 	7892
f 7891 	7855 	7892
f 7856 	7857 	7893
f 7892 	7856 	7893
f 7857 	7858 	7894
f 7893 	7857 	7894
f 7858 	7859 	7895
f 7894 	7858 	7895
f 7859 	7825 	7861
f 7895 	7859 	7861
f 7861 	7860 	7896
f 7897 	7861 	7896
f 7860 	7862 	7898
f 7896 	7860 	7898
f 7862 	7863 	7899
f 7898 	7862 	7899
f 7863 	7864 	7900
f 7899 	7863 	7900
f 7864 	7865 	7901
f 7900 	7864 	7901
f 7865 	7866 	7902
f 7901 	7865 	7902
f 7866 	7867 	7903
f 7902 	7866 	7903
f 7867 	7868 	7904
f 7903 	7867 	7904
f 7868 	7869 	7905
f 7904 	7868 	7905
f 7869 	7870 	7906
f 7905 	7869 	7906
f 7870 	7871 	7907
f 7906 	7870 	7907
f 7871 	7872 	7908
f 7907 	7871 	7908
f 7872 	7873 	7909
f 7908 	7872 	7909
f 7873 	7874 	7910
f 7909 	7873 	7910
f 7874 	7875 	7911
f 7910 	7874 	7911
f 7875 	7876 	7912
f 7911 	7875 	7912
f 7876 	7877 	7913
f 7912 	7876 	7913
f 7877 	7878 	7914
f 7913 	7877 	7914
f 7878 	7879 	7915
f 7914 	7878 	7915
f 7879 	7880 	7916
f 7915 	7879 	7916
f 7880 	7881 	7917
f 7916 	7880 	7917
f 7881 	7882 	7918
f 7917 	7881 	7918
f 7882 	7883 	7919
f 7918 	7882 	7919
f 7883 	7884 	7920
f 7919 	7883 	7920
f 7884 	7885 	7921
f 7920 	7884 	7921
f 7885 	7886 	7922
f 7921 	7885 	7922
f 7886 	7887 	7923
f 7922 	7886 	7923
f 7887 	7888 	7924
f 7923 	7887 	7924
f 7888 	7889 	7925
f 7924 	7888 	7925
f 7889 	7890 	7926
f 7925 	7889 	7926
f 7890 	7891 	7927
f 7926 	7890 	7927
f 7891 	7892 	7928
f 7927 	7891 	7928
f 7892 	7893 	7929
f 7928 	7892 	7929
f 7893 	7894 	7930
f 7929 	7893 	7930
f 7894 	7895 	7931
f 7930 	7894 	7931
f 7895 	7861 	7897
f 7931 	7895 	7897
f 7897 	7896 	7932
f 7933 	7897 	7932
f 7896 	7898 	7934
f 7932 	7896 	7934
f 7898 	7899 	7935
f 7934 	7898 	7935
f 7899 	7900 	7936
f 7935 	7899 	7936
f 7900 	7901 	7937
f 7936 	7900 	7937
f 7901 	7902 	7938
f 7937 	7901 	7938
f 7902 	7903 	7939
f 7938 	7902 	7939
f 7903 	7904 	7940
f 7939 	7903 	7940
f 7904 	7905 	7941
f 7940 	7904 	7941
f 7905 	7906 	7942
f 7941 	7905 	7942
f 7906 	7907 	7943
f 7942 	7906 	7943
f 7907 	7908 	7944
f 7943 	7907 	7944
f 7908 	7909 	7945
f 7944 	7908 	7945
f 7909 	7910 	7946
f 7945 	7909 	7946
f 7910 	7911 	7947
f 7946 	7910 	7947
f 7911 	7912 	7948
f 7947 	7911 	7948
f 7912 	7913 	7949
f 7948 	7912 	7949
f 7913 	7914 	7950
f 7949 	7913 	7950
f 7914 	7915 	7951
f 7950 	7914 	7951
f 7915 	7916 	7952
f 7951 	7915 	7952
f 7916 	7917 	7953
f 7952 	7916 	7953
f 7917 	7918 	7954
f 7953 	7917 	7954
f 7918 	7919 	7955
f 7954 	7918 	7955
f 7919 	7920 	7956
f 7955 	7919 	7956
f 7920 	7921 	7957
f 7956 	7920 	7957
f 7921 	7922 	7958
f 7957 	7921 	7958
f 7922 	7923 	7959
f 7958 	7922 	7959
f 7923 	7924 	7960
f 7959 	7923 	7960
f 7924 	7925 	7961
f 7960 	7924 	7961
f 7925 	7926 	7962
f 7961 	7925 	7962
f 7926 	7927 	7963
f 7962 	7926 	7963
f 7927 	7928 	7964
f 7963 	7927 	7964
f 7928 	7929 	7965
f 7964 	7928 	7965
f 7929 	7930 	7966
f 7965 	7929 	7966
f 7930 	7931 	7967
f 7966 	7930 	7967
f 7931 	7897 	7933
f 7967 	7931 	7933
f 7933 	7932 	7968
f 7969 	7933 	7968
f 7932 	7934 	7970
f 7968 	7932 	7970
f 7934 	7935 	7971
f 7970 	7934 	7971
f 7935 	7936 	7972
f 7971 	7935 	7972
f 7936 	7937 	7973
f 7972 	7936 	7973
f 7937 	7938 	7974
f 7973 	7937 	7974
f 7938 	7939 	7975
f 7974 	7938 	7975
f 7939 	7940 	7976
f 7975 	7939 	7976
f 7940 	7941 	7977
f 7976 	7940 	7977
f 7941 	7942 	7978
f 7977 	7941 	7978
f 7942 	7943 	7979
f 7978 	7942 	7979
f 7943 	7944 	7980
f 7979 	7943 	7980
f 7944 	7945 	7981
f 7980 	7944 	7981
f 7945 	7946 	7982
f 7981 	7945 	7982
f 7946 	7947 	7983
f 7982 	7946 	7983
f 7947 	7948 	7984
f 7983 	7947 	7984
f 7948 	7949 	7985
f 7984 	7948 	7985
f 7949 	7950 	7986
f 7985 	7949 	7986
f 7950 	7951 	7987
f 7986 	7950 	7987
f 7951 	7952 	7988
f 7987 	7951 	7988
f 7952 	7953 	7989
f 7988 	7952 	7989
f 7953 	7954 	7990
f 7989 	7953 	7990
f 7954 	7955 	7991
f 7990 	7954 	7991
f 7955 	7956 	7992
f 7991 	7955 	7992
f 7956 	7957 	7993
f 7992 	7956 	7993
f 7957 	7958 	7994
f 7993 	7957 	7994
f 7958 	7959 	7995
f 7994 	7958 	7995
f 7959 	7960 	7996
f 7995 	7959 	7996
f 7960 	7961 	7997
f 7996 	7960 	7997
f 7961 	7962 	7998
f 7997 	7961 	7998
f 7962 	7963 	7999
f 7998 	7962 	7999
f 7963 	7964 	8000
f 7999 	7963 	8000
f 7964 	7965 	8001
f 8000 	7964 	8001
f 7965 	7966 	8002
f 8001 	7965 	8002
f 7966 	7967 	8003
f 8002 	7966 	8003
f 7967 	7933 	7969
f 8003 	7967 	7969
f 7969 	7968 	8004
f 8005 	7969 	8004
f 7968 	7970 	8006
f 8004 	7968 	8006
f 7970 	7971 	8007
f 8006 	7970 	8007
f 7971 	7972 	8008
f 8007 	7971 	8008
f 7972 	7973 	8009
f 8008 	7972 	8009
f 7973 	7974 	8010
f 8009 	7973 	8010
f 7974 	7975 	8011
f 8010 	7974 	8011
f 7975 	7976 	8012
f 8011 	7975 	8012
f 7976 	7977 	8013
f 8012 	7976 	8013
f 7977 	7978 	8014
f 8013 	7977 	8014
f 7978 	7979 	8015
f 8014 	7978 	8015
f 7979 	7980 	8016
f 8015 	7979 	8016
f 7980 	7981 	8017
f 8016 	7980 	8017
f 7981 	7982 	8018
f 8017 	7981 	8018
f 7982 	7983 	8019
f 8018 	7982 	8019
f 7983 	7984 	8020
f 8019 	7983 	8020
f 7984 	7985 	8021
f 8020 	7984 	8021
f 7985 	7986 	8022
f 8021 	7985 	8022
f 7986 	7987 	8023
f 8022 	7986 	8023
f 7987 	7988 	8024
f 8023 	7987 	8024
f 7988 	7989 	8025
f 8024 	7988 	8025
f 7989 	7990 	8026
f 8025 	7989 	8026
f 7990 	7991 	8027
f 8026 	7990 	8027
f 7991 	7992 	8028
f 8027 	7991 	8028
f 7992 	7993 	8029
f 8028 	7992 	8029
f 7993 	7994 	8030
f 8029 	7993 	8030
f 7994 	7995 	8031
f 8030 	7994 	8031
f 7995 	7996 	8032
f 8031 	7995 	8032
f 7996 	7997 	8033
f 8032 	7996 	8033
f 7997 	7998 	8034
f 8033 	7997 	8034
f 7998 	7999 	8035
f 8034 	7998 	8035
f 7999 	8000 	8036
f 8035 	7999 	8036
f 8000 	8001 	8037
f 8036 	8000 	8037
f 8001 	8002 	8038
f 8037 	8001 	8038
f 8002 	8003 	8039
f 8038 	8002 	8039
f 8003 	7969 	8005
f 8039 	8003 	8005
f 8005 	8004 	8040
f 8041 	8005 	8040
f 8004 	8006 	8042
f 8040 	8004 	8042
f 8006 	8007 	8043
f 8042 	8006 	8043
f 8007 	8008 	8044
f 8043 	8007 	8044
f 8008 	8009 	8045
f 8044 	8008 	8045
f 8009 	8010 	8046
f 8045 	8009 	8046
f 8010 	8011 	8047
f 8046 	8010 	8047
f 8011 	8012 	8048
f 8047 	8011 	8048
f 8012 	8013 	8049
f 8048 	8012 	8049
f 8013 	8014 	8050
f 8049 	8013 	8050
f 8014 	8015 	8051
f 8050 	8014 	8051
f 8015 	8016 	8052
f 8051 	8015 	8052
f 8016 	8017 	8053
f 8052 	8016 	8053
f 8017 	8018 	8054
f 8053 	8017 	8054
f 8018 	8019 	8055
f 8054 	8018 	8055
f 8019 	8020 	8056
f 8055 	8019 	8056
f 8020 	8021 	8057
f 8056 	8020 	8057
f 8021 	8022 	8058
f 8057 	8021 	8058
f 8022 	8023 	8059
f 8058 	8022 	8059
f 8023 	8024 	8060
f 8059 	8023 	8060
f 8024 	8025 	8061
f 8060 	8024 	8061
f 8025 	8026 	8062
f 8061 	8025 	8062
f 8026 	8027 	8063
f 8062 	8026 	8063
f 8027 	8028 	8064
f 8063 	8027 	8064
f 8028 	8029 	8065
f 8064 	8028 	8065
f 8029 	8030 	8066
f 8065 	8029 	8066
f 8030 	8031 	8067
f 8066 	8030 	8067
f 8031 	8032 	8068
f 8067 	8031 	8068
f 8032 	8033 	8069
f 8068 	8032 	8069
f 8033 	8034 	8070
f 8069 	8033 	8070
f 8034 	8035 	8071
f 8070 	8034 	8071
f 8035 	8036 	8072
f 8071 	8035 	8072
f 8036 	8037 	8073
f 8072 	8036 	8073
f 8037 	8038 	8074
f 8073 	8037 	8074
f 8038 	8039 	8075
f 8074 	8038 	8075
f 8039 	8005 	8041
f 8075 	8039 	8041
f 8041 	8040 	8076
f 8077 	8041 	8076
f 8040 	8042 	8078
f 8076 	8040 	8078
f 8042 	8043 	8079
f 8078 	8042 	8079
f 8043 	8044 	8080
f 8079 	8043 	8080
f 8044 	8045 	8081
f 8080 	8044 	8081
f 8045 	8046 	8082
f 8081 	8045 	8082
f 8046 	8047 	8083
f 8082 	8046 	8083
f 8047 	8048 	8084
f 8083 	8047 	8084
f 8048 	8049 	8085
f 8084 	8048 	8085
f 8049 	8050 	8086
f 8085 	8049 	8086
f 8050 	8051 	8087
f 8086 	8050 	8087
f 8051 	8052 	8088
f 8087 	8051 	8088
f 8052 	8053 	8089
f 8088 	8052 	8089
f 8053 	8054 	8090
f 8089 	8053 	8090
f 8054 	8055 	8091
f 8090 	8054 	8091
f 8055 	8056 	8092
f 8091 	8055 	8092
f 8056 	8057 	8093
f 8092 	8056 	8093
f 8057 	8058 	8094
f 8093 	8057 	8094
f 8058 	8059 	8095
f 8094 	8058 	8095
f 8059 	8060 	8096
f 8095 	8059 	8096
f 8060 	8061 	8097
f 8096 	8060 	8097
f 8061 	8062 	8098
f 8097 	8061 	8098
f 8062 	8063 	8099
f 8098 	8062 	8099
f 8063 	8064 	8100
f 8099 	8063 	8100
f 8064 	8065 	8101
f 8100 	8064 	8101
f 8065 	8066 	8102
f 8101 	8065 	8102
f 8066 	8067 	8103
f 8102 	8066 	8103
f 8067 	8068 	8104
f 8103 	8067 	8104
f 8068 	8069 	8105
f 8104 	8068 	8105
f 8069 	8070 	8106
f 8105 	8069 	8106
f 8070 	8071 	8107
f 8106 	8070 	8107
f 8071 	8072 	8108
f 8107 	8071 	8108
f 8072 	8073 	8109
f 8108 	8072 	8109
f 8073 	8074 	8110
f 8109 	8073 	8110
f 8074 	8075 	8111
f 8110 	8074 	8111
f 8075 	8041 	8077
f 8111 	8075 	8077
f 8077 	8076 	8112
f 8113 	8077 	8112
f 8076 	8078 	8114
f 8112 	8076 	8114
f 8078 	8079 	8115
f 8114 	8078 	8115
f 8079 	8080 	8116
f 8115 	8079 	8116
f 8080 	8081 	8117
f 8116 	8080 	8117
f 8081 	8082 	8118
f 8117 	8081 	8118
f 8082 	8083 	8119
f 8118 	8082 	8119
f 8083 	8084 	8120
f 8119 	8083 	8120
f 8084 	8085 	8121
f 8120 	8084 	8121
f 8085 	8086 	8122
f 8121 	8085 	8122
f 8086 	8087 	8123
f 8122 	8086 	8123
f 8087 	8088 	8124
f 8123 	8087 	8124
f 8088 	8089 	8125
f 8124 	8088 	8125
f 8089 	8090 	8126
f 8125 	8089 	8126
f 8090 	8091 	8127
f 8126 	8090 	8127
f 8091 	8092 	8128
f 8127 	8091 	8128
f 8092 	8093 	8129
f 8128 	8092 	8129
f 8093 	8094 	8130
f 8129 	8093 	8130
f 8094 	8095 	8131
f 8130 	8094 	8131
f 8095 	8096 	8132
f 8131 	8095 	8132
f 8096 	8097 	8133
f 8132 	8096 	8133
f 8097 	8098 	8134
f 8133 	8097 	8134
f 8098 	8099 	8135
f 8134 	8098 	8135
f 8099 	8100 	8136
f 8135 	8099 	8136
f 8100 	8101 	8137
f 8136 	8100 	8137
f 8101 	8102 	8138
f 8137 	8101 	8138
f 8102 	8103 	8139
f 8138 	8102 	8139
f 8103 	8104 	8140
f 8139 	8103 	8140
f 8104 	8105 	8141
f 8140 	8104 	8141
f 8105 	8106 	8142
f 8141 	8105 	8142
f 8106 	8107 	8143
f 8142 	8106 	8143
f 8107 	8108 	8144
f 8143 	8107 	8144
f 8108 	8109 	8145
f 8144 	8108 	8145
f 8109 	8110 	8146
f 8145 	8109 	8146
f 8110 	8111 	8147
f 8146 	8110 	8147
f 8111 	8077 	8113
f 8147 	8111 	8113
f 8113 	8112 	8148
f 8149 	8113 	8148
f 8112 	8114 	8150
f 8148 	8112 	8150
f 8114 	8115 	8151
f 8150 	8114 	8151
f 8115 	8116 	8152
f 8151 	8115 	8152
f 8116 	8117 	8153
f 8152 	8116 	8153
f 8117 	8118 	8154
f 8153 	8117 	8154
f 8118 	8119 	8155
f 8154 	8118 	8155
f 8119 	8120 	8156
f 8155 	8119 	8156
f 8120 	8121 	8157
f 8156 	8120 	8157
f 8121 	8122 	8158
f 8157 	8121 	8158
f 8122 	8123 	8159
f 8158 	8122 	8159
f 8123 	8124 	8160
f 8159 	8123 	8160
f 8124 	8125 	8161
f 8160 	8124 	8161
f 8125 	8126 	8162
f 8161 	8125 	8162
f 8126 	8127 	8163
f 8162 	8126 	8163
f 8127 	8128 	8164
f 8163 	8127 	8164
f 8128 	8129 	8165
f 8164 	8128 	8165
f 8129 	8130 	8166
f 8165 	8129 	8166
f 8130 	8131 	8167
f 8166 	8130 	8167
f 8131 	8132 	8168
f 8167 	8131 	8168
f 8132 	8133 	8169
f 8168 	8132 	8169
f 8133 	8134 	8170
f 8169 	8133 	8170
f 8134 	8135 	8171
f 8170 	8134 	8171
f 8135 	8136 	8172
f 8171 	8135 	8172
f 8136 	8137 	8173
f 8172 	8136 	8173
f 8137 	8138 	8174
f 8173 	8137 	8174
f 8138 	8139 	8175
f 8174 	8138 	8175
f 8139 	8140 	8176
f 8175 	8139 	8176
f 8140 	8141 	8177
f 8176 	8140 	8177
f 8141 	8142 	8178
f 8177 	8141 	8178
f 8142 	8143 	8179
f 8178 	8142 	8179
f 8143 	8144 	8180
f 8179 	8143 	8180
f 8144 	8145 	8181
f 8180 	8144 	8181
f 8145 	8146 	8182
f 8181 	8145 	8182
f 8146 	8147 	8183
f 8182 	8146 	8183
f 8147 	8113 	8149
f 8183 	8147 	8149
f 8149 	8148 	8184
f 8185 	8149 	8184
f 8148 	8150 	8186
f 8184 	8148 	8186
f 8150 	8151 	8187
f 8186 	8150 	8187
f 8151 	8152 	8188
f 8187 	8151 	8188
f 8152 	8153 	8189
f 8188 	8152 	8189
f 8153 	8154 	8190
f 8189 	8153 	8190
f 8154 	8155 	8191
f 8190 	8154 	8191
f 8155 	8156 	8192
f 8191 	8155 	8192
f 8156 	8157 	8193
f 8192 	8156 	8193
f 8157 	8158 	8194
f 8193 	8157 	8194
f 8158 	8159 	8195
f 8194 	8158 	8195
f 8159 	8160 	8196
f 8195 	8159 	8196
f 8160 	8161 	8197
f 8196 	8160 	8197
f 8161 	8162 	8198
f 8197 	8161 	8198
f 8162 	8163 	8199
f 8198 	8162 	8199
f 8163 	8164 	8200
f 8199 	8163 	8200
f 8164 	8165 	8201
f 8200 	8164 	8201
f 8165 	8166 	8202
f 8201 	8165 	8202
f 8166 	8167 	8203
f 8202 	8166 	8203
f 8167 	8168 	8204
f 8203 	8167 	8204
f 8168 	8169 	8205
f 8204 	8168 	8205
f 8169 	8170 	8206
f 8205 	8169 	8206
f 8170 	8171 	8207
f 8206 	8170 	8207
f 8171 	8172 	8208
f 8207 	8171 	8208
f 8172 	8173 	8209
f 8208 	8172 	8209
f 8173 	8174 	8210
f 8209 	8173 	8210
f 8174 	8175 	8211
f 8210 	8174 	8211
f 8175 	8176 	8212
f 8211 	8175 	8212
f 8176 	8177 	8213
f 8212 	8176 	8213
f 8177 	8178 	8214
f 8213 	8177 	8214
f 8178 	8179 	8215
f 8214 	8178 	8215
f 8179 	8180 	8216
f 8215 	8179 	8216
f 8180 	8181 	8217
f 8216 	8180 	8217
f 8181 	8182 	8218
f 8217 	8181 	8218
f 8182 	8183 	8219
f 8218 	8182 	8219
f 8183 	8149 	8185
f 8219 	8183 	8185
f 8185 	8184 	8220
f 8221 	8185 	8220
f 8184 	8186 	8222
f 8220 	8184 	8222
f 8186 	8187 	8223
f 8222 	8186 	8223
f 8187 	8188 	8224
f 8223 	8187 	8224
f 8188 	8189 	8225
f 8224 	8188 	8225
f 8189 	8190 	8226
f 8225 	8189 	8226
f 8190 	8191 	8227
f 8226 	8190 	8227
f 8191 	8192 	8228
f 8227 	8191 	8228
f 8192 	8193 	8229
f 8228 	8192 	8229
f 8193 	8194 	8230
f 8229 	8193 	8230
f 8194 	8195 	8231
f 8230 	8194 	8231
f 8195 	8196 	8232
f 8231 	8195 	8232
f 8196 	8197 	8233
f 8232 	8196 	8233
f 8197 	8198 	8234
f 8233 	8197 	8234
f 8198 	8199 	8235
f 8234 	8198 	8235
f 8199 	8200 	8236
f 8235 	8199 	8236
f 8200 	8201 	8237
f 8236 	8200 	8237
f 8201 	8202 	8238
f 8237 	8201 	8238
f 8202 	8203 	8239
f 8238 	8202 	8239
f 8203 	8204 	8240
f 8239 	8203 	8240
f 8204 	8205 	8241
f 8240 	8204 	8241
f 8205 	8206 	8242
f 8241 	8205 	8242
f 8206 	8207 	8243
f 8242 	8206 	8243
f 8207 	8208 	8244
f 8243 	8207 	8244
f 8208 	8209 	8245
f 8244 	8208 	8245
f 8209 	8210 	8246
f 8245 	8209 	8246
f 8210 	8211 	8247
f 8246 	8210 	8247
f 8211 	8212 	8248
f 8247 	8211 	8248
f 8212 	8213 	8249
f 8248 	8212 	8249
f 8213 	8214 	8250
f 8249 	8213 	8250
f 8214 	8215 	8251
f 8250 	8214 	8251
f 8215 	8216 	8252
f 8251 	8215 	8252
f 8216 	8217 	8253
f 8252 	8216 	8253
f 8217 	8218 	8254
f 8253 	8217 	8254
f 8218 	8219 	8255
f 8254 	8218 	8255
f 8219 	8185 	8221
f 8255 	8219 	8221
f 8221 	8220 	8256
f 8220 	8222 	8256
f 8222 	8223 	8256
f 8223 	8224 	8256
f 8224 	8225 	8256
f 8225 	8226 	8256
f 8226 	8227 	8256
f 8227 	8228 	8256
f 8228 	8229 	8256
f 8229 	8230 	8256
f 8230 	8231 	8256
f 8231 	8232 	8256
f 8232 	8233 	8256
f 8233 	8234 	8256
f 8234 	8235 	8256
f 8235 	8236 	8256
f 8236 	8237 	8256
f 8237 	8238 	8256
f 8238 	8239 	8256
f 8239 	8240 	8256
f 8240 	8241 	8256
f 8241 	8242 	8256
f 8242 	8243 	8256
f 8243 	8244 	8256
f 8244 	8245 	8256
f 8245 	8246 	8256
f 8246 	8247 	8256
f 8247 	8248 	8256
f 8248 	8249 	8256
f 8249 	8250 	8256
f 8250 	8251 	8256
f 8251 	8252 	8256
f 8252 	8253 	8256
f 8253 	8254 	8256
f 8254 	8255 	8256
f 8255 	8221 	8256
# 1296 faces

 #end of obj_11

o obj_12
v 3.8928 		-6.74 		6.8991
v 3.9223 		-6.7358 		6.8747
v 3.9178 		-6.7373 		6.87
v 3.9126 		-6.7389 		6.8661
v 3.9067 		-6.7405 		6.8632
v 3.9005 		-6.742 		6.8614
v 3.8939 		-6.7434 		6.8607
v 3.8873 		-6.7446 		6.8612
v 3.8809 		-6.7456 		6.8629
v 3.8749 		-6.7465 		6.8656
v 3.8693 		-6.747 		6.8693
v 3.8645 		-6.7474 		6.874
v 3.8605 		-6.7474 		6.8794
v 3.8575 		-6.7472 		6.8854
v 3.8555 		-6.7467 		6.8918
v 3.8547 		-6.7459 		6.8984
v 3.855 		-6.7449 		6.905
v 3.8565 		-6.7437 		6.9115
v 3.859 		-6.7424 		6.9175
v 3.8626 		-6.7409 		6.923
v 3.867 		-6.7394 		6.9278
v 3.8723 		-6.7378 		6.9317
v 3.8781 		-6.7362 		6.9346
v 3.8844 		-6.7347 		6.9364
v 3.891 		-6.7333 		6.937
v 3.8975 		-6.7321 		6.9365
v 3.904 		-6.731 		6.9349
v 3.91 		-6.7302 		6.9321
v 3.9156 		-6.7296 		6.9284
v 3.9204 		-6.7293 		6.9238
v 3.9244 		-6.7293 		6.9184
v 3.9274 		-6.7295 		6.9124
v 3.9294 		-6.73 		6.906
v 3.9302 		-6.7308 		6.8993
v 3.9299 		-6.7318 		6.8927
v 3.9284 		-6.733 		6.8863
v 3.9259 		-6.7343 		6.8802
v 3.9421 		-6.7314 		6.8406
v 3.951 		-6.7284 		6.8501
v 3.9316 		-6.7346 		6.8328
v 3.92 		-6.7377 		6.8271
v 3.9074 		-6.7407 		6.8235
v 3.8944 		-6.7435 		6.8222
v 3.8813 		-6.7459 		6.8232
v 3.8685 		-6.748 		6.8265
v 3.8564 		-6.7496 		6.8319
v 3.8454 		-6.7508 		6.8394
v 3.8358 		-6.7514 		6.8486
v 3.8278 		-6.7515 		6.8594
v 3.8218 		-6.751 		6.8713
v 3.8179 		-6.75 		6.8841
v 3.8163 		-6.7485 		6.8973
v 3.8169 		-6.7465 		6.9105
v 3.8198 		-6.7442 		6.9233
v 3.8249 		-6.7415 		6.9354
v 3.832 		-6.7386 		6.9463
v 3.8409 		-6.7355 		6.9558
v 3.8513 		-6.7323 		6.9635
v 3.863 		-6.7292 		6.9693
v 3.8755 		-6.7262 		6.9729
v 3.8885 		-6.7235 		6.9742
v 3.9016 		-6.721 		6.9732
v 3.9144 		-6.7189 		6.9699
v 3.9265 		-6.7173 		6.9645
v 3.9376 		-6.7161 		6.957
v 3.9472 		-6.7155 		6.9478
v 3.9551 		-6.7154 		6.937
v 3.9611 		-6.7159 		6.9251
v 3.965 		-6.7169 		6.9123
v 3.9667 		-6.7184 		6.8991
v 3.9661 		-6.7204 		6.8859
v 3.9632 		-6.7227 		6.8731
v 3.9581 		-6.7254 		6.861
v 3.9653 		-6.7223 		6.8112
v 3.9786 		-6.7177 		6.8253
v 3.9497 		-6.727 		6.7997
v 3.9323 		-6.7317 		6.7911
v 3.9137 		-6.7361 		6.7857
v 3.8943 		-6.7403 		6.7838
v 3.8747 		-6.7439 		6.7853
v 3.8557 		-6.747 		6.7901
v 3.8376 		-6.7495 		6.7983
v 3.8212 		-6.7512 		6.8094
v 3.8068 		-6.7521 		6.8232
v 3.795 		-6.7522 		6.8392
v 3.786 		-6.7515 		6.857
v 3.7802 		-6.75 		6.876
v 3.7778 		-6.7478 		6.8957
v 3.7787 		-6.7449 		6.9154
v 3.783 		-6.7413 		6.9345
v 3.7906 		-6.7373 		6.9525
v 3.8012 		-6.733 		6.9688
v 3.8144 		-6.7284 		6.9829
v 3.83 		-6.7237 		6.9945
v 3.8474 		-6.719 		7.003
v 3.8661 		-6.7146 		7.0084
v 3.8855 		-6.7104 		7.0103
v 3.905 		-6.7068 		7.0089
v 3.9241 		-6.7037 		7.004
v 3.9421 		-6.7012 		6.9959
v 3.9586 		-6.6995 		6.9847
v 3.9729 		-6.6986 		6.9709
v 3.9848 		-6.6985 		6.9549
v 3.9937 		-6.6992 		6.9371
v 3.9995 		-6.7007 		6.9181
v 4.002 		-6.7029 		6.8985
v 4.001 		-6.7058 		6.8788
v 3.9967 		-6.7094 		6.8596
v 3.9892 		-6.7134 		6.8416
v 3.9873 		-6.7101 		6.782
v 4.0049 		-6.704 		6.8007
v 3.9667 		-6.7163 		6.7668
v 3.9438 		-6.7225 		6.7555
v 3.9191 		-6.7283 		6.7484
v 3.8934 		-6.7338 		6.7458
v 3.8676 		-6.7386 		6.7478
v 3.8424 		-6.7427 		6.7542
v 3.8186 		-6.746 		6.7649
v 3.7969 		-6.7482 		6.7796
v 3.7779 		-6.7495 		6.7979
v 3.7622 		-6.7496 		6.819
v 3.7504 		-6.7487 		6.8426
v 3.7427 		-6.7467 		6.8677
v 3.7395 		-6.7437 		6.8936
v 3.7407 		-6.7399 		6.9197
v 3.7464 		-6.7352 		6.945
v 3.7564 		-6.7299 		6.9687
v 3.7704 		-6.7241 		6.9903
v 3.788 		-6.7181 		7.009
v 3.8085 		-6.7119 		7.0242
v 3.8315 		-6.7057 		7.0355
v 3.8562 		-6.6998 		7.0426
v 3.8818 		-6.6944 		7.0452
v 3.9076 		-6.6895 		7.0432
v 3.9328 		-6.6854 		7.0368
v 3.9567 		-6.6822 		7.0261
v 3.9784 		-6.6799 		7.0114
v 3.9974 		-6.6787 		6.9931
v 4.013 		-6.6786 		6.9719
v 4.0249 		-6.6795 		6.9484
v 4.0325 		-6.6815 		6.9233
v 4.0358 		-6.6844 		6.8973
v 4.0345 		-6.6883 		6.8713
v 4.0288 		-6.693 		6.846
v 4.0188 		-6.6983 		6.8222
v 4.008 		-6.6948 		6.7533
v 4.0296 		-6.6873 		6.7764
v 3.9825 		-6.7025 		6.7345
v 3.9541 		-6.7101 		6.7205
v 3.9236 		-6.7174 		6.7117
v 3.892 		-6.7241 		6.7085
v 3.8601 		-6.7301 		6.7109
v 3.8289 		-6.7352 		6.7189
v 3.7995 		-6.7392 		6.7322
v 3.7726 		-6.7419 		6.7503
v 3.7492 		-6.7435 		6.7729
v 3.7298 		-6.7437 		6.799
v 3.7152 		-6.7425 		6.8281
v 3.7058 		-6.7401 		6.8591
v 3.7017 		-6.7364 		6.8912
v 3.7033 		-6.7316 		6.9234
v 3.7103 		-6.7259 		6.9546
v 3.7227 		-6.7193 		6.984
v 3.7399 		-6.7122 		7.0106
v 3.7616 		-6.7047 		7.0337
v 3.787 		-6.697 		7.0525
v 3.8154 		-6.6894 		7.0665
v 3.8459 		-6.6821 		7.0753
v 3.8776 		-6.6754 		7.0785
v 3.9095 		-6.6694 		7.0761
v 3.9407 		-6.6643 		7.0681
v 3.9701 		-6.6604 		7.0548
v 3.997 		-6.6576 		7.0367
v 4.0204 		-6.656 		7.0141
v 4.0397 		-6.6559 		6.988
v 4.0543 		-6.657 		6.9589
v 4.0638 		-6.6594 		6.9279
v 4.0678 		-6.6631 		6.8958
v 4.0663 		-6.6679 		6.8636
v 4.0593 		-6.6736 		6.8324
v 4.0469 		-6.6802 		6.803
v 4.0271 		-6.6767 		6.7252
v 4.0527 		-6.6678 		6.7525
v 3.997 		-6.6857 		6.7029
v 3.9634 		-6.6947 		6.6864
v 3.9273 		-6.7033 		6.676
v 3.8898 		-6.7113 		6.6723
v 3.8521 		-6.7183 		6.6751
v 3.8153 		-6.7243 		6.6845
v 3.7804 		-6.7291 		6.7002
v 3.7486 		-6.7324 		6.7217
v 3.7209 		-6.7342 		6.7484
v 3.698 		-6.7344 		6.7793
v 3.6807 		-6.733 		6.8137
v 3.6695 		-6.7301 		6.8504
v 3.6648 		-6.7258 		6.8884
v 3.6666 		-6.7201 		6.9264
v 3.6749 		-6.7133 		6.9634
v 3.6896 		-6.7056 		6.9982
v 3.71 		-6.6972 		7.0297
v 3.7356 		-6.6883 		7.057
v 3.7657 		-6.6792 		7.0793
v 3.7993 		-6.6702 		7.0958
v 3.8354 		-6.6616 		7.1061
v 3.8729 		-6.6537 		7.1099
v 3.9106 		-6.6466 		7.1071
v 3.9474 		-6.6406 		7.0977
v 3.9823 		-6.6358 		7.082
v 4.0141 		-6.6325 		7.0605
v 4.0418 		-6.6307 		7.0338
v 4.0647 		-6.6305 		7.0028
v 4.082 		-6.6319 		6.9685
v 4.0932 		-6.6348 		6.9317
v 4.0979 		-6.6391 		6.8938
v 4.0961 		-6.6448 		6.8557
v 4.0878 		-6.6516 		6.8188
v 4.0732 		-6.6593 		6.784
v 4.0445 		-6.6557 		6.698
v 4.0739 		-6.6455 		6.7293
v 4.01 		-6.6661 		6.6724
v 3.9715 		-6.6764 		6.6534
v 3.9301 		-6.6862 		6.6416
v 3.8871 		-6.6954 		6.6372
v 3.8438 		-6.7035 		6.6405
v 3.8015 		-6.7104 		6.6513
v 3.7616 		-6.7158 		6.6693
v 3.7251 		-6.7196 		6.694
v 3.6933 		-6.7217 		6.7245
v 3.6671 		-6.7219 		6.7601
v 3.6472 		-6.7204 		6.7995
v 3.6344 		-6.717 		6.8416
v 3.6289 		-6.7121 		6.8852
v 3.631 		-6.7056 		6.9288
v 3.6406 		-6.6978 		6.9712
v 3.6573 		-6.6889 		7.0111
v 3.6808 		-6.6792 		7.0473
v 3.7102 		-6.669 		7.0786
v 3.7447 		-6.6586 		7.1041
v 3.7832 		-6.6483 		7.1231
v 3.8246 		-6.6384 		7.135
v 3.8676 		-6.6293 		7.1393
v 3.9109 		-6.6212 		7.136
v 3.9532 		-6.6143 		7.1252
v 3.9931 		-6.6089 		7.1072
v 4.0296 		-6.6051 		7.0826
v 4.0614 		-6.603 		7.052
v 4.0877 		-6.6028 		7.0165
v 4.1075 		-6.6043 		6.9771
v 4.1203 		-6.6076 		6.9349
v 4.1258 		-6.6126 		6.8914
v 4.1237 		-6.6191 		6.8477
v 4.1142 		-6.6269 		6.8053
v 4.0974 		-6.6358 		6.7654
v 4.0602 		-6.6321 		6.6718
v 4.0931 		-6.6206 		6.7069
v 4.0215 		-6.6437 		6.6432
v 3.9783 		-6.6553 		6.6219
v 3.9319 		-6.6663 		6.6087
v 3.8838 		-6.6766 		6.6038
v 3.8352 		-6.6857 		6.6075
v 3.7879 		-6.6934 		6.6196
v 3.7431 		-6.6995 		6.6397
v 3.7022 		-6.7037 		6.6674
v 3.6666 		-6.706 		6.7016
v 3.6372 		-6.7063 		6.7414
v 3.6149 		-6.7046 		6.7856
v 3.6005 		-6.7008 		6.8328
v 3.5944 		-6.6953 		6.8816
v 3.5967 		-6.688 		6.9305
v 3.6075 		-6.6792 		6.9781
v 3.6263 		-6.6693 		7.0228
v 3.6525 		-6.6584 		7.0633
v 3.6855 		-6.647 		7.0984
v 3.7242 		-6.6353 		7.127
v 3.7674 		-6.6238 		7.1483
v 3.8137 		-6.6128 		7.1616
v 3.8619 		-6.6025 		7.1664
v 3.9104 		-6.5934 		7.1628
v 3.9578 		-6.5857 		7.1507
v 4.0026 		-6.5796 		7.1305
v 4.0434 		-6.5754 		7.1029
v 4.0791 		-6.573 		7.0686
v 4.1085 		-6.5728 		7.0288
v 4.1307 		-6.5745 		6.9846
v 4.1451 		-6.5782 		6.9374
v 4.1513 		-6.5838 		6.8886
v 4.1489 		-6.5911 		6.8397
v 4.1382 		-6.5998 		6.7922
v 4.1194 		-6.6098 		6.7475
v 4.0739 		-6.606 		6.647
v 4.1102 		-6.5934 		6.6856
v 4.0314 		-6.6188 		6.6155
v 3.9839 		-6.6315 		6.5921
v 3.9328 		-6.6437 		6.5775
v 3.8798 		-6.655 		6.5721
v 3.8265 		-6.665 		6.5761
v 3.7743 		-6.6735 		6.5895
v 3.7251 		-6.6801 		6.6117
v 3.6801 		-6.6848 		6.6421
v 3.6409 		-6.6874 		6.6797
v 3.6086 		-6.6877 		6.7235
v 3.5841 		-6.6858 		6.7721
v 3.5683 		-6.6817 		6.8241
v 3.5615 		-6.6755 		6.8778
v 3.5641 		-6.6675 		6.9316
v 3.5759 		-6.6579 		6.9838
v 3.5966 		-6.647 		7.033
v 3.6255 		-6.635 		7.0776
v 3.6617 		-6.6224 		7.1162
v 3.7043 		-6.6096 		7.1477
v 3.7518 		-6.5969 		7.1711
v 3.8028 		-6.5848 		7.1857
v 3.8558 		-6.5735 		7.1911
v 3.9092 		-6.5635 		7.187
v 3.9613 		-6.555 		7.1737
v 4.0106 		-6.5483 		7.1515
v 4.0555 		-6.5436 		7.1211
v 4.0947 		-6.5411 		7.0834
v 4.1271 		-6.5408 		7.0396
v 4.1515 		-6.5427 		6.991
v 4.1674 		-6.5468 		6.9391
v 4.1741 		-6.5529 		6.8854
v 4.1715 		-6.5609 		6.8316
v 4.1597 		-6.5705 		6.7793
v 4.1391 		-6.5815 		6.7302
v 4.0856 		-6.5777 		6.6236
v 4.1249 		-6.5641 		6.6654
v 4.0395 		-6.5916 		6.5894
v 3.988 		-6.6054 		6.5641
v 3.9328 		-6.6185 		6.5483
v 3.8753 		-6.6307 		6.5425
v 3.8175 		-6.6416 		6.5468
v 3.7611 		-6.6508 		6.5613
v 3.7077 		-6.658 		6.5853
v 3.659 		-6.6631 		6.6182
v 3.6165 		-6.6658 		6.6591
v 3.5815 		-6.6662 		6.7065
v 3.555 		-6.6641 		6.7592
v 3.5378 		-6.6597 		6.8154
v 3.5305 		-6.653 		6.8736
v 3.5333 		-6.6444 		6.9319
v 3.5461 		-6.6339 		6.9885
v 3.5685 		-6.6221 		7.0418
v 3.5998 		-6.6091 		7.0901
v 3.6391 		-6.5955 		7.1319
v 3.6852 		-6.5816 		7.166
v 3.7366 		-6.5679 		7.1914
v 3.7919 		-6.5547 		7.2072
v 3.8493 		-6.5425 		7.213
v 3.9071 		-6.5316 		7.2086
v 3.9636 		-6.5224 		7.1942
v 4.017 		-6.5152 		7.1702
v 4.0657 		-6.5101 		7.1372
v 4.1082 		-6.5074 		7.0964
v 4.1432 		-6.507 		7.049
v 4.1697 		-6.5091 		6.9963
v 4.1868 		-6.5135 		6.94
v 4.1941 		-6.5202 		6.8819
v 4.1914 		-6.5289 		6.8236
v 4.1786 		-6.5393 		6.767
v 4.1562 		-6.5512 		6.7137
v 4.0952 		-6.5474 		6.6018
v 4.1372 		-6.5328 		6.6465
v 4.0459 		-6.5622 		6.5653
v 3.9909 		-6.5769 		6.5382
v 3.9318 		-6.591 		6.5213
v 3.8704 		-6.6041 		6.5151
v 3.8085 		-6.6157 		6.5198
v 3.7482 		-6.6255 		6.5352
v 3.6911 		-6.6333 		6.5609
v 3.639 		-6.6387 		6.5961
v 3.5936 		-6.6416 		6.6398
v 3.5561 		-6.642 		6.6905
v 3.5278 		-6.6398 		6.7468
v 3.5094 		-6.635 		6.807
v 3.5016 		-6.6279 		6.8692
v 3.5046 		-6.6186 		6.9315
v 3.5183 		-6.6075 		6.9921
v 3.5422 		-6.5948 		7.049
v 3.5757 		-6.581 		7.1007
v 3.6177 		-6.5664 		7.1454
v 3.667 		-6.5516 		7.1819
v 3.722 		-6.5369 		7.209
v 3.7811 		-6.5228 		7.2259
v 3.8425 		-6.5097 		7.2321
v 3.9044 		-6.4981 		7.2274
v 3.9647 		-6.4883 		7.212
v 4.0218 		-6.4805 		7.1863
v 4.0739 		-6.4751 		7.1511
v 4.1193 		-6.4722 		7.1074
v 4.1568 		-6.4718 		7.0567
v 4.1851 		-6.474 		7.0004
v 4.2035 		-6.4788 		6.9402
v 4.2113 		-6.4859 		6.878
v 4.2083 		-6.4952 		6.8157
v 4.1946 		-6.5063 		6.7551
v 4.1707 		-6.519 		6.6982
v 4.1026 		-6.5153 		6.5818
v 4.147 		-6.4999 		6.6291
v 4.0505 		-6.531 		6.5433
v 3.9923 		-6.5465 		6.5146
v 3.9298 		-6.5614 		6.4967
v 3.8649 		-6.5752 		6.4902
v 3.7995 		-6.5875 		6.4951
v 3.7357 		-6.5979 		6.5114
v 3.6754 		-6.606 		6.5386
v 3.6203 		-6.6118 		6.5758
v 3.5723 		-6.6149 		6.622
v 3.5327 		-6.6153 		6.6756
v 3.5027 		-6.6129 		6.7352
v 3.4833 		-6.6079 		6.7988
v 3.4751 		-6.6004 		6.8645
v 3.4782 		-6.5906 		6.9304
v 3.4926 		-6.5788 		6.9944
v 3.518 		-6.5654 		7.0547
v 3.5534 		-6.5508 		7.1093
v 3.5978 		-6.5354 		7.1566
v 3.6499 		-6.5197 		7.1951
v 3.7081 		-6.5041 		7.2238
v 3.7706 		-6.4892 		7.2417
v 3.8355 		-6.4754 		7.2482
v 3.9008 		-6.4632 		7.2433
v 3.9647 		-6.4528 		7.227
v 4.025 		-6.4446 		7.1998
v 4.08 		-6.4388 		7.1626
v 4.1281 		-6.4357 		7.1164
v 4.1677 		-6.4353 		7.0628
v 4.1976 		-6.4377 		7.0032
v 4.217 		-6.4427 		6.9396
v 4.2253 		-6.4502 		6.8739
v 4.2221 		-6.46 		6.808
v 4.2077 		-6.4718 		6.744
v 4.1824 		-6.4852 		6.6837
v 4.1077 		-6.4816 		6.5639
v 4.1542 		-6.4654 		6.6133
v 4.0532 		-6.498 		6.5235
v 3.9923 		-6.5143 		6.4935
v 3.9269 		-6.5298 		6.4748
v 3.859 		-6.5443 		6.4679
v 3.7906 		-6.5571 		6.4731
v 3.7238 		-6.568 		6.4902
v 3.6606 		-6.5766 		6.5186
v 3.603 		-6.5826 		6.5576
v 3.5528 		-6.5858 		6.6059
v 3.5113 		-6.5862 		6.662
v 3.48 		-6.5838 		6.7243
v 3.4597 		-6.5785 		6.7909
v 3.451 		-6.5707 		6.8597
v 3.4543 		-6.5604 		6.9286
v 3.4694 		-6.5481 		6.9956
v 3.4959 		-6.534 		7.0587
v 3.533 		-6.5187 		7.1158
v 3.5795 		-6.5026 		7.1653
v 3.634 		-6.4862 		7.2057
v 3.6949 		-6.4699 		7.2356
v 3.7603 		-6.4543 		7.2544
v 3.8282 		-6.4399 		7.2612
v 3.8966 		-6.427 		7.2561
v 3.9634 		-6.4162 		7.239
v 4.0265 		-6.4076 		7.2105
v 4.0841 		-6.4016 		7.1716
v 4.1344 		-6.3983 		7.1233
v 4.1759 		-6.3979 		7.0671
v 4.2072 		-6.4004 		7.0048
v 4.2275 		-6.4056 		6.9383
v 4.2361 		-6.4135 		6.8695
v 4.2329 		-6.4238 		6.8005
v 4.2177 		-6.4361 		6.7335
v 4.1913 		-6.4501 		6.6705
v 4.1106 		-6.4466 		6.548
v 4.1588 		-6.4299 		6.5993
v 4.0541 		-6.4636 		6.5061
v 3.9909 		-6.4805 		6.475
v 3.9231 		-6.4966 		6.4556
v 3.8527 		-6.5116 		6.4485
v 3.7818 		-6.5249 		6.4538
v 3.7125 		-6.5362 		6.4715
v 3.647 		-6.5451 		6.501
v 3.5873 		-6.5513 		6.5414
v 3.5352 		-6.5547 		6.5915
v 3.4922 		-6.5551 		6.6497
v 3.4597 		-6.5525 		6.7143
v 3.4386 		-6.5471 		6.7833
v 3.4297 		-6.539 		6.8547
v 3.4331 		-6.5283 		6.9262
v 3.4488 		-6.5155 		6.9957
v 3.4762 		-6.501 		7.061
v 3.5147 		-6.4851 		7.1202
v 3.5629 		-6.4684 		7.1716
v 3.6194 		-6.4513 		7.2134
v 3.6825 		-6.4345 		7.2445
v 3.7503 		-6.4183 		7.2639
v 3.8208 		-6.4034 		7.271
v 3.8917 		-6.39 		7.2657
v 3.9609 		-6.3788 		7.248
v 4.0264 		-6.3699 		7.2185
v 4.0861 		-6.3637 		7.1781
v 4.1383 		-6.3603 		7.128
v 4.1812 		-6.3599 		7.0698
v 4.2137 		-6.3624 		7.0052
v 4.2348 		-6.3679 		6.9362
v 4.2437 		-6.376 		6.8648
v 4.2403 		-6.3867 		6.7933
v 4.2247 		-6.3994 		6.7239
v 4.1972 		-6.414 		6.6585
v 4.1111 		-6.4105 		6.5343
v 4.1607 		-6.3934 		6.587
v 4.053 		-6.4281 		6.4913
v 3.9881 		-6.4454 		6.4593
v 3.9184 		-6.462 		6.4393
v 3.846 		-6.4774 		6.432
v 3.7731 		-6.4911 		6.4375
v 3.7019 		-6.5027 		6.4557
v 3.6346 		-6.5118 		6.486
v 3.5733 		-6.5182 		6.5276
v 3.5197 		-6.5217 		6.579
v 3.4755 		-6.5221 		6.6389
v 3.4421 		-6.5195 		6.7053
v 3.4204 		-6.5139 		6.7762
v 3.4112 		-6.5055 		6.8496
v 3.4147 		-6.4946 		6.9231
v 3.4309 		-6.4814 		6.9945
v 3.4591 		-6.4665 		7.0616
v 3.4986 		-6.4502 		7.1225
v 3.5481 		-6.433 		7.1753
v 3.6062 		-6.4155 		7.2183
v 3.6711 		-6.3981 		7.2503
v 3.7408 		-6.3815 		7.2702
v 3.8132 		-6.3661 		7.2775
v 3.8861 		-6.3524 		7.272
v 3.9573 		-6.3408 		7.2538
v 4.0246 		-6.3317 		7.2235
v 4.086 		-6.3253 		7.182
v 4.1396 		-6.3219 		7.1305
v 4.1838 		-6.3214 		7.0707
v 4.2172 		-6.324 		7.0043
v 4.2388 		-6.3296 		6.9333
v 4.248 		-6.338 		6.86
v 4.2445 		-6.349 		6.7865
v 4.2284 		-6.3621 		6.7151
v 4.2002 		-6.3771 		6.6479
v 4.1094 		-6.3738 		6.5229
v 4.1599 		-6.3562 		6.5767
v 4.0501 		-6.3916 		6.4791
v 3.984 		-6.4093 		6.4465
v 3.9129 		-6.4262 		6.4261
v 3.8391 		-6.4419 		6.4187
v 3.7648 		-6.4559 		6.4243
v 3.6922 		-6.4677 		6.4428
v 3.6236 		-6.477 		6.4737
v 3.561 		-6.4835 		6.5161
v 3.5064 		-6.4871 		6.5686
v 3.4613 		-6.4875 		6.6296
v 3.4272 		-6.4848 		6.6973
v 3.4052 		-6.4791 		6.7696
v 3.3958 		-6.4706 		6.8444
v 3.3994 		-6.4594 		6.9193
v 3.4158 		-6.446 		6.9921
v 3.4446 		-6.4308 		7.0606
v 3.4849 		-6.4141 		7.1227
v 3.5354 		-6.3966 		7.1765
v 3.5946 		-6.3788 		7.2203
v 3.6608 		-6.3611 		7.2529
v 3.7318 		-6.3442 		7.2732
v 3.8056 		-6.3285 		7.2807
v 3.88 		-6.3145 		7.2751
v 3.9526 		-6.3027 		7.2565
v 4.0212 		-6.2934 		7.2256
v 4.0838 		-6.2869 		7.1833
v 4.1384 		-6.2833 		7.1308
v 4.1834 		-6.2829 		7.0698
v 4.2175 		-6.2856 		7.0021
v 4.2396 		-6.2913 		6.9298
v 4.2489 		-6.2998 		6.855
v 4.2454 		-6.311 		6.7801
v 4.2289 		-6.3244 		6.7073
v 4.2002 		-6.3396 		6.6388
v 4.1053 		-6.3365 		6.514
v 4.1564 		-6.3188 		6.5684
v 4.0454 		-6.3546 		6.4696
v 3.9785 		-6.3724 		6.4366
v 3.9066 		-6.3896 		6.4161
v 3.8319 		-6.4054 		6.4085
v 3.7567 		-6.4196 		6.4142
v 3.6833 		-6.4315 		6.433
v 3.6139 		-6.4409 		6.4642
v 3.5506 		-6.4475 		6.5071
v 3.4953 		-6.4511 		6.5601
v 3.4498 		-6.4515 		6.6219
v 3.4153 		-6.4488 		6.6903
v 3.393 		-6.4431 		6.7635
v 3.3835 		-6.4344 		6.8391
v 3.3871 		-6.4232 		6.9149
v 3.4037 		-6.4096 		6.9886
v 3.4329 		-6.3942 		7.0579
v 3.4736 		-6.3773 		7.1207
v 3.5247 		-6.3596 		7.1751
v 3.5846 		-6.3416 		7.2194
v 3.6515 		-6.3237 		7.2524
v 3.7234 		-6.3066 		7.273
v 3.7981 		-6.2907 		7.2805
v 3.8733 		-6.2766 		7.2748
v 3.9467 		-6.2646 		7.2561
v 4.0161 		-6.2552 		7.2248
v 4.0794 		-6.2486 		7.182
v 4.1347 		-6.245 		7.1289
v 4.1802 		-6.2446 		7.0672
v 4.2147 		-6.2473 		6.9987
v 4.237 		-6.253 		6.9255
v 4.2465 		-6.2617 		6.8499
v 4.2429 		-6.273 		6.7741
v 4.2263 		-6.2865 		6.7004
v 4.1972 		-6.302 		6.6312
v 4.099 		-6.299 		6.5075
v 4.1503 		-6.2812 		6.5621
v 4.0389 		-6.3172 		6.463
v 3.9717 		-6.3351 		6.4299
v 3.8995 		-6.3523 		6.4092
v 3.8246 		-6.3682 		6.4016
v 3.7491 		-6.3824 		6.4073
v 3.6754 		-6.3944 		6.4262
v 3.6057 		-6.4039 		6.4576
v 3.5422 		-6.4105 		6.5006
v 3.4867 		-6.4141 		6.5538
v 3.441 		-6.4145 		6.6158
v 3.4064 		-6.4118 		6.6845
v 3.384 		-6.406 		6.758
v 3.3744 		-6.3973 		6.8339
v 3.3781 		-6.386 		6.91
v 3.3947 		-6.3724 		6.9839
v 3.424 		-6.3569 		7.0535
v 3.4649 		-6.34 		7.1165
v 3.5161 		-6.3222 		7.1711
v 3.5763 		-6.3041 		7.2156
v 3.6435 		-6.2862 		7.2487
v 3.7156 		-6.269 		7.2694
v 3.7906 		-6.253 		7.277
v 3.8661 		-6.2389 		7.2713
v 3.9398 		-6.2269 		7.2524
v 4.0094 		-6.2174 		7.221
v 4.073 		-6.2108 		7.178
v 4.1285 		-6.2072 		7.1248
v 4.1742 		-6.2068 		7.0628
v 4.2088 		-6.2095 		6.9941
v 4.2312 		-6.2153 		6.9206
v 4.2407 		-6.2239 		6.8447
v 4.2371 		-6.2353 		6.7686
v 4.2204 		-6.2489 		6.6947
v 4.1912 		-6.2644 		6.6251
v 3.8076 		-6.3106 		6.8393
# 650 vertices

g group_12_5122067

usemtl color_5122067
s 0

f 8258 	8257 	8259
f 8259 	8257 	8260
f 8260 	8257 	8261
f 8261 	8257 	8262
f 8262 	8257 	8263
f 8263 	8257 	8264
f 8264 	8257 	8265
f 8265 	8257 	8266
f 8266 	8257 	8267
f 8267 	8257 	8268
f 8268 	8257 	8269
f 8269 	8257 	8270
f 8270 	8257 	8271
f 8271 	8257 	8272
f 8272 	8257 	8273
f 8273 	8257 	8274
f 8274 	8257 	8275
f 8275 	8257 	8276
f 8276 	8257 	8277
f 8277 	8257 	8278
f 8278 	8257 	8279
f 8279 	8257 	8280
f 8280 	8257 	8281
f 8281 	8257 	8282
f 8282 	8257 	8283
f 8283 	8257 	8284
f 8284 	8257 	8285
f 8285 	8257 	8286
f 8286 	8257 	8287
f 8287 	8257 	8288
f 8288 	8257 	8289
f 8289 	8257 	8290
f 8290 	8257 	8291
f 8291 	8257 	8292
f 8292 	8257 	8293
f 8293 	8257 	8258
f 8258 	8259 	8294
f 8295 	8258 	8294
f 8259 	8260 	8296
f 8294 	8259 	8296
f 8260 	8261 	8297
f 8296 	8260 	8297
f 8261 	8262 	8298
f 8297 	8261 	8298
f 8262 	8263 	8299
f 8298 	8262 	8299
f 8263 	8264 	8300
f 8299 	8263 	8300
f 8264 	8265 	8301
f 8300 	8264 	8301
f 8265 	8266 	8302
f 8301 	8265 	8302
f 8266 	8267 	8303
f 8302 	8266 	8303
f 8267 	8268 	8304
f 8303 	8267 	8304
f 8268 	8269 	8305
f 8304 	8268 	8305
f 8269 	8270 	8306
f 8305 	8269 	8306
f 8270 	8271 	8307
f 8306 	8270 	8307
f 8271 	8272 	8308
f 8307 	8271 	8308
f 8272 	8273 	8309
f 8308 	8272 	8309
f 8273 	8274 	8310
f 8309 	8273 	8310
f 8274 	8275 	8311
f 8310 	8274 	8311
f 8275 	8276 	8312
f 8311 	8275 	8312
f 8276 	8277 	8313
f 8312 	8276 	8313
f 8277 	8278 	8314
f 8313 	8277 	8314
f 8278 	8279 	8315
f 8314 	8278 	8315
f 8279 	8280 	8316
f 8315 	8279 	8316
f 8280 	8281 	8317
f 8316 	8280 	8317
f 8281 	8282 	8318
f 8317 	8281 	8318
f 8282 	8283 	8319
f 8318 	8282 	8319
f 8283 	8284 	8320
f 8319 	8283 	8320
f 8284 	8285 	8321
f 8320 	8284 	8321
f 8285 	8286 	8322
f 8321 	8285 	8322
f 8286 	8287 	8323
f 8322 	8286 	8323
f 8287 	8288 	8324
f 8323 	8287 	8324
f 8288 	8289 	8325
f 8324 	8288 	8325
f 8289 	8290 	8326
f 8325 	8289 	8326
f 8290 	8291 	8327
f 8326 	8290 	8327
f 8291 	8292 	8328
f 8327 	8291 	8328
f 8292 	8293 	8329
f 8328 	8292 	8329
f 8293 	8258 	8295
f 8329 	8293 	8295
f 8295 	8294 	8330
f 8331 	8295 	8330
f 8294 	8296 	8332
f 8330 	8294 	8332
f 8296 	8297 	8333
f 8332 	8296 	8333
f 8297 	8298 	8334
f 8333 	8297 	8334
f 8298 	8299 	8335
f 8334 	8298 	8335
f 8299 	8300 	8336
f 8335 	8299 	8336
f 8300 	8301 	8337
f 8336 	8300 	8337
f 8301 	8302 	8338
f 8337 	8301 	8338
f 8302 	8303 	8339
f 8338 	8302 	8339
f 8303 	8304 	8340
f 8339 	8303 	8340
f 8304 	8305 	8341
f 8340 	8304 	8341
f 8305 	8306 	8342
f 8341 	8305 	8342
f 8306 	8307 	8343
f 8342 	8306 	8343
f 8307 	8308 	8344
f 8343 	8307 	8344
f 8308 	8309 	8345
f 8344 	8308 	8345
f 8309 	8310 	8346
f 8345 	8309 	8346
f 8310 	8311 	8347
f 8346 	8310 	8347
f 8311 	8312 	8348
f 8347 	8311 	8348
f 8312 	8313 	8349
f 8348 	8312 	8349
f 8313 	8314 	8350
f 8349 	8313 	8350
f 8314 	8315 	8351
f 8350 	8314 	8351
f 8315 	8316 	8352
f 8351 	8315 	8352
f 8316 	8317 	8353
f 8352 	8316 	8353
f 8317 	8318 	8354
f 8353 	8317 	8354
f 8318 	8319 	8355
f 8354 	8318 	8355
f 8319 	8320 	8356
f 8355 	8319 	8356
f 8320 	8321 	8357
f 8356 	8320 	8357
f 8321 	8322 	8358
f 8357 	8321 	8358
f 8322 	8323 	8359
f 8358 	8322 	8359
f 8323 	8324 	8360
f 8359 	8323 	8360
f 8324 	8325 	8361
f 8360 	8324 	8361
f 8325 	8326 	8362
f 8361 	8325 	8362
f 8326 	8327 	8363
f 8362 	8326 	8363
f 8327 	8328 	8364
f 8363 	8327 	8364
f 8328 	8329 	8365
f 8364 	8328 	8365
f 8329 	8295 	8331
f 8365 	8329 	8331
f 8331 	8330 	8366
f 8367 	8331 	8366
f 8330 	8332 	8368
f 8366 	8330 	8368
f 8332 	8333 	8369
f 8368 	8332 	8369
f 8333 	8334 	8370
f 8369 	8333 	8370
f 8334 	8335 	8371
f 8370 	8334 	8371
f 8335 	8336 	8372
f 8371 	8335 	8372
f 8336 	8337 	8373
f 8372 	8336 	8373
f 8337 	8338 	8374
f 8373 	8337 	8374
f 8338 	8339 	8375
f 8374 	8338 	8375
f 8339 	8340 	8376
f 8375 	8339 	8376
f 8340 	8341 	8377
f 8376 	8340 	8377
f 8341 	8342 	8378
f 8377 	8341 	8378
f 8342 	8343 	8379
f 8378 	8342 	8379
f 8343 	8344 	8380
f 8379 	8343 	8380
f 8344 	8345 	8381
f 8380 	8344 	8381
f 8345 	8346 	8382
f 8381 	8345 	8382
f 8346 	8347 	8383
f 8382 	8346 	8383
f 8347 	8348 	8384
f 8383 	8347 	8384
f 8348 	8349 	8385
f 8384 	8348 	8385
f 8349 	8350 	8386
f 8385 	8349 	8386
f 8350 	8351 	8387
f 8386 	8350 	8387
f 8351 	8352 	8388
f 8387 	8351 	8388
f 8352 	8353 	8389
f 8388 	8352 	8389
f 8353 	8354 	8390
f 8389 	8353 	8390
f 8354 	8355 	8391
f 8390 	8354 	8391
f 8355 	8356 	8392
f 8391 	8355 	8392
f 8356 	8357 	8393
f 8392 	8356 	8393
f 8357 	8358 	8394
f 8393 	8357 	8394
f 8358 	8359 	8395
f 8394 	8358 	8395
f 8359 	8360 	8396
f 8395 	8359 	8396
f 8360 	8361 	8397
f 8396 	8360 	8397
f 8361 	8362 	8398
f 8397 	8361 	8398
f 8362 	8363 	8399
f 8398 	8362 	8399
f 8363 	8364 	8400
f 8399 	8363 	8400
f 8364 	8365 	8401
f 8400 	8364 	8401
f 8365 	8331 	8367
f 8401 	8365 	8367
f 8367 	8366 	8402
f 8403 	8367 	8402
f 8366 	8368 	8404
f 8402 	8366 	8404
f 8368 	8369 	8405
f 8404 	8368 	8405
f 8369 	8370 	8406
f 8405 	8369 	8406
f 8370 	8371 	8407
f 8406 	8370 	8407
f 8371 	8372 	8408
f 8407 	8371 	8408
f 8372 	8373 	8409
f 8408 	8372 	8409
f 8373 	8374 	8410
f 8409 	8373 	8410
f 8374 	8375 	8411
f 8410 	8374 	8411
f 8375 	8376 	8412
f 8411 	8375 	8412
f 8376 	8377 	8413
f 8412 	8376 	8413
f 8377 	8378 	8414
f 8413 	8377 	8414
f 8378 	8379 	8415
f 8414 	8378 	8415
f 8379 	8380 	8416
f 8415 	8379 	8416
f 8380 	8381 	8417
f 8416 	8380 	8417
f 8381 	8382 	8418
f 8417 	8381 	8418
f 8382 	8383 	8419
f 8418 	8382 	8419
f 8383 	8384 	8420
f 8419 	8383 	8420
f 8384 	8385 	8421
f 8420 	8384 	8421
f 8385 	8386 	8422
f 8421 	8385 	8422
f 8386 	8387 	8423
f 8422 	8386 	8423
f 8387 	8388 	8424
f 8423 	8387 	8424
f 8388 	8389 	8425
f 8424 	8388 	8425
f 8389 	8390 	8426
f 8425 	8389 	8426
f 8390 	8391 	8427
f 8426 	8390 	8427
f 8391 	8392 	8428
f 8427 	8391 	8428
f 8392 	8393 	8429
f 8428 	8392 	8429
f 8393 	8394 	8430
f 8429 	8393 	8430
f 8394 	8395 	8431
f 8430 	8394 	8431
f 8395 	8396 	8432
f 8431 	8395 	8432
f 8396 	8397 	8433
f 8432 	8396 	8433
f 8397 	8398 	8434
f 8433 	8397 	8434
f 8398 	8399 	8435
f 8434 	8398 	8435
f 8399 	8400 	8436
f 8435 	8399 	8436
f 8400 	8401 	8437
f 8436 	8400 	8437
f 8401 	8367 	8403
f 8437 	8401 	8403
f 8403 	8402 	8438
f 8439 	8403 	8438
f 8402 	8404 	8440
f 8438 	8402 	8440
f 8404 	8405 	8441
f 8440 	8404 	8441
f 8405 	8406 	8442
f 8441 	8405 	8442
f 8406 	8407 	8443
f 8442 	8406 	8443
f 8407 	8408 	8444
f 8443 	8407 	8444
f 8408 	8409 	8445
f 8444 	8408 	8445
f 8409 	8410 	8446
f 8445 	8409 	8446
f 8410 	8411 	8447
f 8446 	8410 	8447
f 8411 	8412 	8448
f 8447 	8411 	8448
f 8412 	8413 	8449
f 8448 	8412 	8449
f 8413 	8414 	8450
f 8449 	8413 	8450
f 8414 	8415 	8451
f 8450 	8414 	8451
f 8415 	8416 	8452
f 8451 	8415 	8452
f 8416 	8417 	8453
f 8452 	8416 	8453
f 8417 	8418 	8454
f 8453 	8417 	8454
f 8418 	8419 	8455
f 8454 	8418 	8455
f 8419 	8420 	8456
f 8455 	8419 	8456
f 8420 	8421 	8457
f 8456 	8420 	8457
f 8421 	8422 	8458
f 8457 	8421 	8458
f 8422 	8423 	8459
f 8458 	8422 	8459
f 8423 	8424 	8460
f 8459 	8423 	8460
f 8424 	8425 	8461
f 8460 	8424 	8461
f 8425 	8426 	8462
f 8461 	8425 	8462
f 8426 	8427 	8463
f 8462 	8426 	8463
f 8427 	8428 	8464
f 8463 	8427 	8464
f 8428 	8429 	8465
f 8464 	8428 	8465
f 8429 	8430 	8466
f 8465 	8429 	8466
f 8430 	8431 	8467
f 8466 	8430 	8467
f 8431 	8432 	8468
f 8467 	8431 	8468
f 8432 	8433 	8469
f 8468 	8432 	8469
f 8433 	8434 	8470
f 8469 	8433 	8470
f 8434 	8435 	8471
f 8470 	8434 	8471
f 8435 	8436 	8472
f 8471 	8435 	8472
f 8436 	8437 	8473
f 8472 	8436 	8473
f 8437 	8403 	8439
f 8473 	8437 	8439
f 8439 	8438 	8474
f 8475 	8439 	8474
f 8438 	8440 	8476
f 8474 	8438 	8476
f 8440 	8441 	8477
f 8476 	8440 	8477
f 8441 	8442 	8478
f 8477 	8441 	8478
f 8442 	8443 	8479
f 8478 	8442 	8479
f 8443 	8444 	8480
f 8479 	8443 	8480
f 8444 	8445 	8481
f 8480 	8444 	8481
f 8445 	8446 	8482
f 8481 	8445 	8482
f 8446 	8447 	8483
f 8482 	8446 	8483
f 8447 	8448 	8484
f 8483 	8447 	8484
f 8448 	8449 	8485
f 8484 	8448 	8485
f 8449 	8450 	8486
f 8485 	8449 	8486
f 8450 	8451 	8487
f 8486 	8450 	8487
f 8451 	8452 	8488
f 8487 	8451 	8488
f 8452 	8453 	8489
f 8488 	8452 	8489
f 8453 	8454 	8490
f 8489 	8453 	8490
f 8454 	8455 	8491
f 8490 	8454 	8491
f 8455 	8456 	8492
f 8491 	8455 	8492
f 8456 	8457 	8493
f 8492 	8456 	8493
f 8457 	8458 	8494
f 8493 	8457 	8494
f 8458 	8459 	8495
f 8494 	8458 	8495
f 8459 	8460 	8496
f 8495 	8459 	8496
f 8460 	8461 	8497
f 8496 	8460 	8497
f 8461 	8462 	8498
f 8497 	8461 	8498
f 8462 	8463 	8499
f 8498 	8462 	8499
f 8463 	8464 	8500
f 8499 	8463 	8500
f 8464 	8465 	8501
f 8500 	8464 	8501
f 8465 	8466 	8502
f 8501 	8465 	8502
f 8466 	8467 	8503
f 8502 	8466 	8503
f 8467 	8468 	8504
f 8503 	8467 	8504
f 8468 	8469 	8505
f 8504 	8468 	8505
f 8469 	8470 	8506
f 8505 	8469 	8506
f 8470 	8471 	8507
f 8506 	8470 	8507
f 8471 	8472 	8508
f 8507 	8471 	8508
f 8472 	8473 	8509
f 8508 	8472 	8509
f 8473 	8439 	8475
f 8509 	8473 	8475
f 8475 	8474 	8510
f 8511 	8475 	8510
f 8474 	8476 	8512
f 8510 	8474 	8512
f 8476 	8477 	8513
f 8512 	8476 	8513
f 8477 	8478 	8514
f 8513 	8477 	8514
f 8478 	8479 	8515
f 8514 	8478 	8515
f 8479 	8480 	8516
f 8515 	8479 	8516
f 8480 	8481 	8517
f 8516 	8480 	8517
f 8481 	8482 	8518
f 8517 	8481 	8518
f 8482 	8483 	8519
f 8518 	8482 	8519
f 8483 	8484 	8520
f 8519 	8483 	8520
f 8484 	8485 	8521
f 8520 	8484 	8521
f 8485 	8486 	8522
f 8521 	8485 	8522
f 8486 	8487 	8523
f 8522 	8486 	8523
f 8487 	8488 	8524
f 8523 	8487 	8524
f 8488 	8489 	8525
f 8524 	8488 	8525
f 8489 	8490 	8526
f 8525 	8489 	8526
f 8490 	8491 	8527
f 8526 	8490 	8527
f 8491 	8492 	8528
f 8527 	8491 	8528
f 8492 	8493 	8529
f 8528 	8492 	8529
f 8493 	8494 	8530
f 8529 	8493 	8530
f 8494 	8495 	8531
f 8530 	8494 	8531
f 8495 	8496 	8532
f 8531 	8495 	8532
f 8496 	8497 	8533
f 8532 	8496 	8533
f 8497 	8498 	8534
f 8533 	8497 	8534
f 8498 	8499 	8535
f 8534 	8498 	8535
f 8499 	8500 	8536
f 8535 	8499 	8536
f 8500 	8501 	8537
f 8536 	8500 	8537
f 8501 	8502 	8538
f 8537 	8501 	8538
f 8502 	8503 	8539
f 8538 	8502 	8539
f 8503 	8504 	8540
f 8539 	8503 	8540
f 8504 	8505 	8541
f 8540 	8504 	8541
f 8505 	8506 	8542
f 8541 	8505 	8542
f 8506 	8507 	8543
f 8542 	8506 	8543
f 8507 	8508 	8544
f 8543 	8507 	8544
f 8508 	8509 	8545
f 8544 	8508 	8545
f 8509 	8475 	8511
f 8545 	8509 	8511
f 8511 	8510 	8546
f 8547 	8511 	8546
f 8510 	8512 	8548
f 8546 	8510 	8548
f 8512 	8513 	8549
f 8548 	8512 	8549
f 8513 	8514 	8550
f 8549 	8513 	8550
f 8514 	8515 	8551
f 8550 	8514 	8551
f 8515 	8516 	8552
f 8551 	8515 	8552
f 8516 	8517 	8553
f 8552 	8516 	8553
f 8517 	8518 	8554
f 8553 	8517 	8554
f 8518 	8519 	8555
f 8554 	8518 	8555
f 8519 	8520 	8556
f 8555 	8519 	8556
f 8520 	8521 	8557
f 8556 	8520 	8557
f 8521 	8522 	8558
f 8557 	8521 	8558
f 8522 	8523 	8559
f 8558 	8522 	8559
f 8523 	8524 	8560
f 8559 	8523 	8560
f 8524 	8525 	8561
f 8560 	8524 	8561
f 8525 	8526 	8562
f 8561 	8525 	8562
f 8526 	8527 	8563
f 8562 	8526 	8563
f 8527 	8528 	8564
f 8563 	8527 	8564
f 8528 	8529 	8565
f 8564 	8528 	8565
f 8529 	8530 	8566
f 8565 	8529 	8566
f 8530 	8531 	8567
f 8566 	8530 	8567
f 8531 	8532 	8568
f 8567 	8531 	8568
f 8532 	8533 	8569
f 8568 	8532 	8569
f 8533 	8534 	8570
f 8569 	8533 	8570
f 8534 	8535 	8571
f 8570 	8534 	8571
f 8535 	8536 	8572
f 8571 	8535 	8572
f 8536 	8537 	8573
f 8572 	8536 	8573
f 8537 	8538 	8574
f 8573 	8537 	8574
f 8538 	8539 	8575
f 8574 	8538 	8575
f 8539 	8540 	8576
f 8575 	8539 	8576
f 8540 	8541 	8577
f 8576 	8540 	8577
f 8541 	8542 	8578
f 8577 	8541 	8578
f 8542 	8543 	8579
f 8578 	8542 	8579
f 8543 	8544 	8580
f 8579 	8543 	8580
f 8544 	8545 	8581
f 8580 	8544 	8581
f 8545 	8511 	8547
f 8581 	8545 	8547
f 8547 	8546 	8582
f 8583 	8547 	8582
f 8546 	8548 	8584
f 8582 	8546 	8584
f 8548 	8549 	8585
f 8584 	8548 	8585
f 8549 	8550 	8586
f 8585 	8549 	8586
f 8550 	8551 	8587
f 8586 	8550 	8587
f 8551 	8552 	8588
f 8587 	8551 	8588
f 8552 	8553 	8589
f 8588 	8552 	8589
f 8553 	8554 	8590
f 8589 	8553 	8590
f 8554 	8555 	8591
f 8590 	8554 	8591
f 8555 	8556 	8592
f 8591 	8555 	8592
f 8556 	8557 	8593
f 8592 	8556 	8593
f 8557 	8558 	8594
f 8593 	8557 	8594
f 8558 	8559 	8595
f 8594 	8558 	8595
f 8559 	8560 	8596
f 8595 	8559 	8596
f 8560 	8561 	8597
f 8596 	8560 	8597
f 8561 	8562 	8598
f 8597 	8561 	8598
f 8562 	8563 	8599
f 8598 	8562 	8599
f 8563 	8564 	8600
f 8599 	8563 	8600
f 8564 	8565 	8601
f 8600 	8564 	8601
f 8565 	8566 	8602
f 8601 	8565 	8602
f 8566 	8567 	8603
f 8602 	8566 	8603
f 8567 	8568 	8604
f 8603 	8567 	8604
f 8568 	8569 	8605
f 8604 	8568 	8605
f 8569 	8570 	8606
f 8605 	8569 	8606
f 8570 	8571 	8607
f 8606 	8570 	8607
f 8571 	8572 	8608
f 8607 	8571 	8608
f 8572 	8573 	8609
f 8608 	8572 	8609
f 8573 	8574 	8610
f 8609 	8573 	8610
f 8574 	8575 	8611
f 8610 	8574 	8611
f 8575 	8576 	8612
f 8611 	8575 	8612
f 8576 	8577 	8613
f 8612 	8576 	8613
f 8577 	8578 	8614
f 8613 	8577 	8614
f 8578 	8579 	8615
f 8614 	8578 	8615
f 8579 	8580 	8616
f 8615 	8579 	8616
f 8580 	8581 	8617
f 8616 	8580 	8617
f 8581 	8547 	8583
f 8617 	8581 	8583
f 8583 	8582 	8618
f 8619 	8583 	8618
f 8582 	8584 	8620
f 8618 	8582 	8620
f 8584 	8585 	8621
f 8620 	8584 	8621
f 8585 	8586 	8622
f 8621 	8585 	8622
f 8586 	8587 	8623
f 8622 	8586 	8623
f 8587 	8588 	8624
f 8623 	8587 	8624
f 8588 	8589 	8625
f 8624 	8588 	8625
f 8589 	8590 	8626
f 8625 	8589 	8626
f 8590 	8591 	8627
f 8626 	8590 	8627
f 8591 	8592 	8628
f 8627 	8591 	8628
f 8592 	8593 	8629
f 8628 	8592 	8629
f 8593 	8594 	8630
f 8629 	8593 	8630
f 8594 	8595 	8631
f 8630 	8594 	8631
f 8595 	8596 	8632
f 8631 	8595 	8632
f 8596 	8597 	8633
f 8632 	8596 	8633
f 8597 	8598 	8634
f 8633 	8597 	8634
f 8598 	8599 	8635
f 8634 	8598 	8635
f 8599 	8600 	8636
f 8635 	8599 	8636
f 8600 	8601 	8637
f 8636 	8600 	8637
f 8601 	8602 	8638
f 8637 	8601 	8638
f 8602 	8603 	8639
f 8638 	8602 	8639
f 8603 	8604 	8640
f 8639 	8603 	8640
f 8604 	8605 	8641
f 8640 	8604 	8641
f 8605 	8606 	8642
f 8641 	8605 	8642
f 8606 	8607 	8643
f 8642 	8606 	8643
f 8607 	8608 	8644
f 8643 	8607 	8644
f 8608 	8609 	8645
f 8644 	8608 	8645
f 8609 	8610 	8646
f 8645 	8609 	8646
f 8610 	8611 	8647
f 8646 	8610 	8647
f 8611 	8612 	8648
f 8647 	8611 	8648
f 8612 	8613 	8649
f 8648 	8612 	8649
f 8613 	8614 	8650
f 8649 	8613 	8650
f 8614 	8615 	8651
f 8650 	8614 	8651
f 8615 	8616 	8652
f 8651 	8615 	8652
f 8616 	8617 	8653
f 8652 	8616 	8653
f 8617 	8583 	8619
f 8653 	8617 	8619
f 8619 	8618 	8654
f 8655 	8619 	8654
f 8618 	8620 	8656
f 8654 	8618 	8656
f 8620 	8621 	8657
f 8656 	8620 	8657
f 8621 	8622 	8658
f 8657 	8621 	8658
f 8622 	8623 	8659
f 8658 	8622 	8659
f 8623 	8624 	8660
f 8659 	8623 	8660
f 8624 	8625 	8661
f 8660 	8624 	8661
f 8625 	8626 	8662
f 8661 	8625 	8662
f 8626 	8627 	8663
f 8662 	8626 	8663
f 8627 	8628 	8664
f 8663 	8627 	8664
f 8628 	8629 	8665
f 8664 	8628 	8665
f 8629 	8630 	8666
f 8665 	8629 	8666
f 8630 	8631 	8667
f 8666 	8630 	8667
f 8631 	8632 	8668
f 8667 	8631 	8668
f 8632 	8633 	8669
f 8668 	8632 	8669
f 8633 	8634 	8670
f 8669 	8633 	8670
f 8634 	8635 	8671
f 8670 	8634 	8671
f 8635 	8636 	8672
f 8671 	8635 	8672
f 8636 	8637 	8673
f 8672 	8636 	8673
f 8637 	8638 	8674
f 8673 	8637 	8674
f 8638 	8639 	8675
f 8674 	8638 	8675
f 8639 	8640 	8676
f 8675 	8639 	8676
f 8640 	8641 	8677
f 8676 	8640 	8677
f 8641 	8642 	8678
f 8677 	8641 	8678
f 8642 	8643 	8679
f 8678 	8642 	8679
f 8643 	8644 	8680
f 8679 	8643 	8680
f 8644 	8645 	8681
f 8680 	8644 	8681
f 8645 	8646 	8682
f 8681 	8645 	8682
f 8646 	8647 	8683
f 8682 	8646 	8683
f 8647 	8648 	8684
f 8683 	8647 	8684
f 8648 	8649 	8685
f 8684 	8648 	8685
f 8649 	8650 	8686
f 8685 	8649 	8686
f 8650 	8651 	8687
f 8686 	8650 	8687
f 8651 	8652 	8688
f 8687 	8651 	8688
f 8652 	8653 	8689
f 8688 	8652 	8689
f 8653 	8619 	8655
f 8689 	8653 	8655
f 8655 	8654 	8690
f 8691 	8655 	8690
f 8654 	8656 	8692
f 8690 	8654 	8692
f 8656 	8657 	8693
f 8692 	8656 	8693
f 8657 	8658 	8694
f 8693 	8657 	8694
f 8658 	8659 	8695
f 8694 	8658 	8695
f 8659 	8660 	8696
f 8695 	8659 	8696
f 8660 	8661 	8697
f 8696 	8660 	8697
f 8661 	8662 	8698
f 8697 	8661 	8698
f 8662 	8663 	8699
f 8698 	8662 	8699
f 8663 	8664 	8700
f 8699 	8663 	8700
f 8664 	8665 	8701
f 8700 	8664 	8701
f 8665 	8666 	8702
f 8701 	8665 	8702
f 8666 	8667 	8703
f 8702 	8666 	8703
f 8667 	8668 	8704
f 8703 	8667 	8704
f 8668 	8669 	8705
f 8704 	8668 	8705
f 8669 	8670 	8706
f 8705 	8669 	8706
f 8670 	8671 	8707
f 8706 	8670 	8707
f 8671 	8672 	8708
f 8707 	8671 	8708
f 8672 	8673 	8709
f 8708 	8672 	8709
f 8673 	8674 	8710
f 8709 	8673 	8710
f 8674 	8675 	8711
f 8710 	8674 	8711
f 8675 	8676 	8712
f 8711 	8675 	8712
f 8676 	8677 	8713
f 8712 	8676 	8713
f 8677 	8678 	8714
f 8713 	8677 	8714
f 8678 	8679 	8715
f 8714 	8678 	8715
f 8679 	8680 	8716
f 8715 	8679 	8716
f 8680 	8681 	8717
f 8716 	8680 	8717
f 8681 	8682 	8718
f 8717 	8681 	8718
f 8682 	8683 	8719
f 8718 	8682 	8719
f 8683 	8684 	8720
f 8719 	8683 	8720
f 8684 	8685 	8721
f 8720 	8684 	8721
f 8685 	8686 	8722
f 8721 	8685 	8722
f 8686 	8687 	8723
f 8722 	8686 	8723
f 8687 	8688 	8724
f 8723 	8687 	8724
f 8688 	8689 	8725
f 8724 	8688 	8725
f 8689 	8655 	8691
f 8725 	8689 	8691
f 8691 	8690 	8726
f 8727 	8691 	8726
f 8690 	8692 	8728
f 8726 	8690 	8728
f 8692 	8693 	8729
f 8728 	8692 	8729
f 8693 	8694 	8730
f 8729 	8693 	8730
f 8694 	8695 	8731
f 8730 	8694 	8731
f 8695 	8696 	8732
f 8731 	8695 	8732
f 8696 	8697 	8733
f 8732 	8696 	8733
f 8697 	8698 	8734
f 8733 	8697 	8734
f 8698 	8699 	8735
f 8734 	8698 	8735
f 8699 	8700 	8736
f 8735 	8699 	8736
f 8700 	8701 	8737
f 8736 	8700 	8737
f 8701 	8702 	8738
f 8737 	8701 	8738
f 8702 	8703 	8739
f 8738 	8702 	8739
f 8703 	8704 	8740
f 8739 	8703 	8740
f 8704 	8705 	8741
f 8740 	8704 	8741
f 8705 	8706 	8742
f 8741 	8705 	8742
f 8706 	8707 	8743
f 8742 	8706 	8743
f 8707 	8708 	8744
f 8743 	8707 	8744
f 8708 	8709 	8745
f 8744 	8708 	8745
f 8709 	8710 	8746
f 8745 	8709 	8746
f 8710 	8711 	8747
f 8746 	8710 	8747
f 8711 	8712 	8748
f 8747 	8711 	8748
f 8712 	8713 	8749
f 8748 	8712 	8749
f 8713 	8714 	8750
f 8749 	8713 	8750
f 8714 	8715 	8751
f 8750 	8714 	8751
f 8715 	8716 	8752
f 8751 	8715 	8752
f 8716 	8717 	8753
f 8752 	8716 	8753
f 8717 	8718 	8754
f 8753 	8717 	8754
f 8718 	8719 	8755
f 8754 	8718 	8755
f 8719 	8720 	8756
f 8755 	8719 	8756
f 8720 	8721 	8757
f 8756 	8720 	8757
f 8721 	8722 	8758
f 8757 	8721 	8758
f 8722 	8723 	8759
f 8758 	8722 	8759
f 8723 	8724 	8760
f 8759 	8723 	8760
f 8724 	8725 	8761
f 8760 	8724 	8761
f 8725 	8691 	8727
f 8761 	8725 	8727
f 8727 	8726 	8762
f 8763 	8727 	8762
f 8726 	8728 	8764
f 8762 	8726 	8764
f 8728 	8729 	8765
f 8764 	8728 	8765
f 8729 	8730 	8766
f 8765 	8729 	8766
f 8730 	8731 	8767
f 8766 	8730 	8767
f 8731 	8732 	8768
f 8767 	8731 	8768
f 8732 	8733 	8769
f 8768 	8732 	8769
f 8733 	8734 	8770
f 8769 	8733 	8770
f 8734 	8735 	8771
f 8770 	8734 	8771
f 8735 	8736 	8772
f 8771 	8735 	8772
f 8736 	8737 	8773
f 8772 	8736 	8773
f 8737 	8738 	8774
f 8773 	8737 	8774
f 8738 	8739 	8775
f 8774 	8738 	8775
f 8739 	8740 	8776
f 8775 	8739 	8776
f 8740 	8741 	8777
f 8776 	8740 	8777
f 8741 	8742 	8778
f 8777 	8741 	8778
f 8742 	8743 	8779
f 8778 	8742 	8779
f 8743 	8744 	8780
f 8779 	8743 	8780
f 8744 	8745 	8781
f 8780 	8744 	8781
f 8745 	8746 	8782
f 8781 	8745 	8782
f 8746 	8747 	8783
f 8782 	8746 	8783
f 8747 	8748 	8784
f 8783 	8747 	8784
f 8748 	8749 	8785
f 8784 	8748 	8785
f 8749 	8750 	8786
f 8785 	8749 	8786
f 8750 	8751 	8787
f 8786 	8750 	8787
f 8751 	8752 	8788
f 8787 	8751 	8788
f 8752 	8753 	8789
f 8788 	8752 	8789
f 8753 	8754 	8790
f 8789 	8753 	8790
f 8754 	8755 	8791
f 8790 	8754 	8791
f 8755 	8756 	8792
f 8791 	8755 	8792
f 8756 	8757 	8793
f 8792 	8756 	8793
f 8757 	8758 	8794
f 8793 	8757 	8794
f 8758 	8759 	8795
f 8794 	8758 	8795
f 8759 	8760 	8796
f 8795 	8759 	8796
f 8760 	8761 	8797
f 8796 	8760 	8797
f 8761 	8727 	8763
f 8797 	8761 	8763
f 8763 	8762 	8798
f 8799 	8763 	8798
f 8762 	8764 	8800
f 8798 	8762 	8800
f 8764 	8765 	8801
f 8800 	8764 	8801
f 8765 	8766 	8802
f 8801 	8765 	8802
f 8766 	8767 	8803
f 8802 	8766 	8803
f 8767 	8768 	8804
f 8803 	8767 	8804
f 8768 	8769 	8805
f 8804 	8768 	8805
f 8769 	8770 	8806
f 8805 	8769 	8806
f 8770 	8771 	8807
f 8806 	8770 	8807
f 8771 	8772 	8808
f 8807 	8771 	8808
f 8772 	8773 	8809
f 8808 	8772 	8809
f 8773 	8774 	8810
f 8809 	8773 	8810
f 8774 	8775 	8811
f 8810 	8774 	8811
f 8775 	8776 	8812
f 8811 	8775 	8812
f 8776 	8777 	8813
f 8812 	8776 	8813
f 8777 	8778 	8814
f 8813 	8777 	8814
f 8778 	8779 	8815
f 8814 	8778 	8815
f 8779 	8780 	8816
f 8815 	8779 	8816
f 8780 	8781 	8817
f 8816 	8780 	8817
f 8781 	8782 	8818
f 8817 	8781 	8818
f 8782 	8783 	8819
f 8818 	8782 	8819
f 8783 	8784 	8820
f 8819 	8783 	8820
f 8784 	8785 	8821
f 8820 	8784 	8821
f 8785 	8786 	8822
f 8821 	8785 	8822
f 8786 	8787 	8823
f 8822 	8786 	8823
f 8787 	8788 	8824
f 8823 	8787 	8824
f 8788 	8789 	8825
f 8824 	8788 	8825
f 8789 	8790 	8826
f 8825 	8789 	8826
f 8790 	8791 	8827
f 8826 	8790 	8827
f 8791 	8792 	8828
f 8827 	8791 	8828
f 8792 	8793 	8829
f 8828 	8792 	8829
f 8793 	8794 	8830
f 8829 	8793 	8830
f 8794 	8795 	8831
f 8830 	8794 	8831
f 8795 	8796 	8832
f 8831 	8795 	8832
f 8796 	8797 	8833
f 8832 	8796 	8833
f 8797 	8763 	8799
f 8833 	8797 	8799
f 8799 	8798 	8834
f 8835 	8799 	8834
f 8798 	8800 	8836
f 8834 	8798 	8836
f 8800 	8801 	8837
f 8836 	8800 	8837
f 8801 	8802 	8838
f 8837 	8801 	8838
f 8802 	8803 	8839
f 8838 	8802 	8839
f 8803 	8804 	8840
f 8839 	8803 	8840
f 8804 	8805 	8841
f 8840 	8804 	8841
f 8805 	8806 	8842
f 8841 	8805 	8842
f 8806 	8807 	8843
f 8842 	8806 	8843
f 8807 	8808 	8844
f 8843 	8807 	8844
f 8808 	8809 	8845
f 8844 	8808 	8845
f 8809 	8810 	8846
f 8845 	8809 	8846
f 8810 	8811 	8847
f 8846 	8810 	8847
f 8811 	8812 	8848
f 8847 	8811 	8848
f 8812 	8813 	8849
f 8848 	8812 	8849
f 8813 	8814 	8850
f 8849 	8813 	8850
f 8814 	8815 	8851
f 8850 	8814 	8851
f 8815 	8816 	8852
f 8851 	8815 	8852
f 8816 	8817 	8853
f 8852 	8816 	8853
f 8817 	8818 	8854
f 8853 	8817 	8854
f 8818 	8819 	8855
f 8854 	8818 	8855
f 8819 	8820 	8856
f 8855 	8819 	8856
f 8820 	8821 	8857
f 8856 	8820 	8857
f 8821 	8822 	8858
f 8857 	8821 	8858
f 8822 	8823 	8859
f 8858 	8822 	8859
f 8823 	8824 	8860
f 8859 	8823 	8860
f 8824 	8825 	8861
f 8860 	8824 	8861
f 8825 	8826 	8862
f 8861 	8825 	8862
f 8826 	8827 	8863
f 8862 	8826 	8863
f 8827 	8828 	8864
f 8863 	8827 	8864
f 8828 	8829 	8865
f 8864 	8828 	8865
f 8829 	8830 	8866
f 8865 	8829 	8866
f 8830 	8831 	8867
f 8866 	8830 	8867
f 8831 	8832 	8868
f 8867 	8831 	8868
f 8832 	8833 	8869
f 8868 	8832 	8869
f 8833 	8799 	8835
f 8869 	8833 	8835
f 8835 	8834 	8870
f 8871 	8835 	8870
f 8834 	8836 	8872
f 8870 	8834 	8872
f 8836 	8837 	8873
f 8872 	8836 	8873
f 8837 	8838 	8874
f 8873 	8837 	8874
f 8838 	8839 	8875
f 8874 	8838 	8875
f 8839 	8840 	8876
f 8875 	8839 	8876
f 8840 	8841 	8877
f 8876 	8840 	8877
f 8841 	8842 	8878
f 8877 	8841 	8878
f 8842 	8843 	8879
f 8878 	8842 	8879
f 8843 	8844 	8880
f 8879 	8843 	8880
f 8844 	8845 	8881
f 8880 	8844 	8881
f 8845 	8846 	8882
f 8881 	8845 	8882
f 8846 	8847 	8883
f 8882 	8846 	8883
f 8847 	8848 	8884
f 8883 	8847 	8884
f 8848 	8849 	8885
f 8884 	8848 	8885
f 8849 	8850 	8886
f 8885 	8849 	8886
f 8850 	8851 	8887
f 8886 	8850 	8887
f 8851 	8852 	8888
f 8887 	8851 	8888
f 8852 	8853 	8889
f 8888 	8852 	8889
f 8853 	8854 	8890
f 8889 	8853 	8890
f 8854 	8855 	8891
f 8890 	8854 	8891
f 8855 	8856 	8892
f 8891 	8855 	8892
f 8856 	8857 	8893
f 8892 	8856 	8893
f 8857 	8858 	8894
f 8893 	8857 	8894
f 8858 	8859 	8895
f 8894 	8858 	8895
f 8859 	8860 	8896
f 8895 	8859 	8896
f 8860 	8861 	8897
f 8896 	8860 	8897
f 8861 	8862 	8898
f 8897 	8861 	8898
f 8862 	8863 	8899
f 8898 	8862 	8899
f 8863 	8864 	8900
f 8899 	8863 	8900
f 8864 	8865 	8901
f 8900 	8864 	8901
f 8865 	8866 	8902
f 8901 	8865 	8902
f 8866 	8867 	8903
f 8902 	8866 	8903
f 8867 	8868 	8904
f 8903 	8867 	8904
f 8868 	8869 	8905
f 8904 	8868 	8905
f 8869 	8835 	8871
f 8905 	8869 	8871
f 8871 	8870 	8906
f 8870 	8872 	8906
f 8872 	8873 	8906
f 8873 	8874 	8906
f 8874 	8875 	8906
f 8875 	8876 	8906
f 8876 	8877 	8906
f 8877 	8878 	8906
f 8878 	8879 	8906
f 8879 	8880 	8906
f 8880 	8881 	8906
f 8881 	8882 	8906
f 8882 	8883 	8906
f 8883 	8884 	8906
f 8884 	8885 	8906
f 8885 	8886 	8906
f 8886 	8887 	8906
f 8887 	8888 	8906
f 8888 	8889 	8906
f 8889 	8890 	8906
f 8890 	8891 	8906
f 8891 	8892 	8906
f 8892 	8893 	8906
f 8893 	8894 	8906
f 8894 	8895 	8906
f 8895 	8896 	8906
f 8896 	8897 	8906
f 8897 	8898 	8906
f 8898 	8899 	8906
f 8899 	8900 	8906
f 8900 	8901 	8906
f 8901 	8902 	8906
f 8902 	8903 	8906
f 8903 	8904 	8906
f 8904 	8905 	8906
f 8905 	8871 	8906
# 1296 faces

 #end of obj_12

