# Object Export From Tinkercad Server 2015

mtllib obj.mtl

o obj_0
v -5.7944 		-6.9424 		0.6632
v -4.6295 		-6.9712 		0.6632
v -9.1317 		-3.625 		0.81
v -9.093 		-4.5061 		0.81
v -8.9784 		-5.3724 		0.81
v -8.7891 		-6.2085 		0.81
v -9.0549 		-4.4987 		0.6632
v -9.093 		-3.625 		0.6632
v -8.9412 		-5.3573 		0.6632
v -8.7534 		-6.1864 		0.6632
v -8.6136 		-6.6113 		0.6632
v -8.6293 		-6.623 		0.7302
v -8.6322 		-6.6252 		0.7426
v -8.5662 		-6.5756 		0.5963
v -6.88 		-6.7739 		0.5189
v -5.7644 		-6.8571 		0.5189
v -4.6295 		-6.885 		0.5189
v -6.7822 		-6.6369 		0.3796
v -5.7152 		-6.7165 		0.3796
v -4.6295 		-6.7431 		0.3796
v -6.7221 		-6.5529 		0.3209
v -6.8709 		-6.5362 		0.3223
v -6.861 		-6.5373 		0.3222
v -6.9138 		-6.5316 		0.3228
v -6.2614 		-6.5792 		0.3155
v -6.2291 		-6.5813 		0.3153
v -5.698 		-6.615 		0.3113
v -5.6799 		-6.6162 		0.3113
v -6.1429 		-6.5867 		0.3146
v -5.1299 		-6.6255 		0.3084
v -4.9537 		-6.6296 		0.3083
v -4.6295 		-6.637 		0.3079
v -5.5218 		-6.6189 		0.3104
v -5.1562 		-6.6249 		0.3085
v -5.7947 		-3.74 		0.2523
v -5.8046 		-3.625 		0.2523
v -5.7647 		-3.8532 		0.2523
v -5.7152 		-3.9623 		0.2523
v -5.6473 		-4.0656 		0.2523
v -4.6295 		-3.625 		0.2475
v -5.5618 		-4.1614 		0.2523
v -5.4604 		-4.248 		0.2523
v -5.3449 		-4.3241 		0.2523
v -5.217 		-4.3882 		0.2523
v -5.0793 		-4.4391 		0.2523
v -4.9338 		-4.4762 		0.2523
v -4.7828 		-4.4987 		0.2523
v -4.6295 		-4.5061 		0.2523
v -6.9598 		-3.625 		0.2666
v -6.9397 		-3.8532 		0.2666
v -6.8803 		-4.0773 		0.2666
v -6.7825 		-4.2937 		0.2666
v -6.6475 		-4.4987 		0.2666
v -5.7947 		-5.1381 		0.2666
v -5.5213 		-5.2394 		0.2666
v -5.2326 		-5.3127 		0.2666
v -4.9338 		-5.3573 		0.2666
v -4.6295 		-5.3724 		0.2666
v -7.0658 		-5.4518 		0.2903
v -6.4782 		-4.6888 		0.2666
v -6.2772 		-4.8605 		0.2666
v -6.0482 		-5.0112 		0.2666
v -6.727 		-5.6748 		0.2903
v -6.3522 		-5.8624 		0.2903
v -5.948 		-6.0118 		0.2903
v -5.5213 		-6.1205 		0.2903
v -5.0793 		-6.1864 		0.2903
v -4.6295 		-6.2085 		0.2903
v -8.5111 		-6.5344 		0.5189
v -7.957 		-6.6369 		0.5189
v -8.5111 		-6.5344 		0.5188
v -8.4179 		-6.4645 		0.442
v -8.3424 		-6.4078 		0.3796
v -8.4321 		-6.4751 		0.4537
v -7.8123 		-6.5057 		0.3796
v -8.3423 		-6.4077 		0.3795
v -7.7519 		-6.4511 		0.3396
v -8.2923 		-6.3702 		0.3511
v -8.2909 		-6.3704 		0.3511
v -7.9554 		-6.4206 		0.3439
v -7.5411 		-6.4701 		0.3346
v -7.3901 		-6.4849 		0.3318
v -8.9784 		-3.625 		0.5188
v -8.9412 		-4.4762 		0.5188
v -8.8302 		-5.3127 		0.5188
v -8.6315 		-4.0201 		0.3085
v -8.6416 		-3.7772 		0.3082
v -8.0455 		-3.9623 		0.2903
v -8.6478 		-3.625 		0.3079
v -8.0749 		-3.625 		0.2903
v -7.9576 		-4.2937 		0.2903
v -8.6182 		-4.4264 		0.3114
v -8.6198 		-4.4128 		0.3113
v -8.6274 		-4.1591 		0.3095
v -8.6311 		-4.035 		0.3086
v -8.6059 		-4.5354 		0.3125
v -8.7891 		-3.625 		0.3795
v -8.7534 		-4.4391 		0.3795
v -8.5074 		-5.3361 		0.3228
v -7.8126 		-4.6137 		0.2903
v -8.5706 		-4.849 		0.3156
v -8.5782 		-4.7813 		0.3149
v -8.5131 		-5.3061 		0.3223
v -8.5354 		-5.1944 		0.3209
v -8.5637 		-4.9167 		0.3166
v -7.6134 		-4.9167 		0.2903
v -7.3631 		-5.1978 		0.2903
v -8.5122 		-5.3111 		0.3224
v -8.6471 		-5.2394 		0.3795
v -8.6471 		-6.1205 		0.5188
v -8.4808 		-5.4889 		0.3267
v -8.4475 		-5.6799 		0.3314
v -8.2009 		-5.6799 		0.3228
v -8.4251 		-5.8089 		0.3346
v -8.373 		-6.0672 		0.3425
v -8.3998 		-5.9667 		0.3397
v -7.8126 		-6.0118 		0.3228
v -8.3503 		-6.1524 		0.3449
v -7.37 		-6.303 		0.3228
v -8.4725 		-6.0118 		0.3795
v -1.2587 		-0.8362 		1.2751
v -0.9167 		-0.8423 		1.2405
v -0.9166 		-0.8422 		1.2404
v -1.4467 		-0.7443 		1.2404
v -0.9682 		-0.8796 		1.2689
v -0.9667 		-0.8798 		1.2689
v -1.3727 		-0.8191 		1.2775
v -1.5071 		-0.7989 		1.2804
v -2.1435 		-0.7381 		1.2934
v -1.889 		-0.7631 		1.2886
v -1.7179 		-0.7799 		1.2854
v -0.8414 		-0.7858 		1.1783
v -1.0581 		-1.5701 		1.2971
v -1.4464 		-1.2382 		1.2971
v -1.889 		-0.9471 		1.2971
v -0.8143 		-1.5539 		1.2882
v -0.8339 		-1.4411 		1.2853
v -0.9003 		-1.1289 		1.2759
v -0.8592 		-1.2833 		1.2803
v -0.7865 		-1.2382 		1.2405
v -1.4464 		-2.6364 		1.3297
v -1.6456 		-2.3333 		1.3297
v -1.8959 		-2.0523 		1.3297
v -0.6885 		-2.401 		1.3044
v -0.6785 		-2.4894 		1.3053
v -0.6858 		-2.4246 		1.3046
v -0.7236 		-2.0556 		1.2991
v -0.7445 		-1.9508 		1.2978
v -0.7459 		-1.9439 		1.2977
v -0.7515 		-1.9139 		1.2971
v -0.6119 		-2.0106 		1.2405
v -1.2135 		-3.2877 		1.3297
v -1.1841 		-3.625 		1.3297
v -1.3014 		-2.9563 		1.3297
v -0.6112 		-3.625 		1.312
v -0.6212 		-3.3813 		1.3117
v -0.6274 		-3.2299 		1.3115
v -0.6266 		-3.2491 		1.3115
v -0.6356 		-2.9552 		1.3095
v -0.6392 		-2.8372 		1.3087
v -0.6408 		-2.8236 		1.3086
v -0.5056 		-2.811 		1.2405
v -0.4699 		-3.625 		1.2405
v -2.4768 		-0.6132 		1.2404
v -2.5369 		-0.6971 		1.2991
v -2.3881 		-0.7138 		1.2977
v -2.381 		-0.7146 		1.2976
v -2.3452 		-0.7183 		1.2971
v -3.5791 		-0.6338 		1.3087
v -3.5438 		-0.5335 		1.2404
v -3.4152 		-0.6442 		1.3076
v -3.0868 		-0.665 		1.3051
v -3.561 		-0.635 		1.3086
v -2.9976 		-0.6707 		1.3044
v -2.9068 		-0.6759 		1.3034
v -4.6295 		-0.507 		1.2404
v -4.082 		-0.6255 		1.3114
v -3.9169 		-0.6282 		1.3105
v -4.6295 		-0.613 		1.3121
v -4.426 		-0.6177 		1.3119
v -4.1028 		-0.6251 		1.3115
v -2.532 		-1.5753 		1.3297
v -2.9068 		-1.3876 		1.3297
v -3.311 		-1.2382 		1.3297
v -0.5056 		-4.4391 		1.2405
v -0.6392 		-4.4128 		1.3087
v -0.6279 		-4.035 		1.3114
v -0.6316 		-4.1591 		1.3105
v -0.6174 		-3.7772 		1.3118
v -0.6275 		-4.0201 		1.3115
v -1.8959 		-5.1978 		1.3297
v -1.6456 		-4.9167 		1.3297
v -1.4464 		-4.6137 		1.3297
v -0.7468 		-5.3111 		1.2976
v -0.7459 		-5.3061 		1.2977
v -0.7516 		-5.3361 		1.2971
v -0.6884 		-4.849 		1.3044
v -0.6953 		-4.9167 		1.3034
v -0.7236 		-5.1944 		1.2991
v -0.6808 		-4.7813 		1.3051
v -0.6119 		-5.2394 		1.2405
v -1.889 		-6.303 		1.2971
v -1.4464 		-6.0118 		1.2971
v -1.0581 		-5.6799 		1.2971
v -0.9681 		-6.3704 		1.2689
v -0.9667 		-6.3702 		1.2689
v -0.9087 		-6.1524 		1.275
v -0.886 		-6.0672 		1.2775
v -0.8339 		-5.8089 		1.2853
v -0.8592 		-5.9667 		1.2803
v -0.8115 		-5.6799 		1.2886
v -0.7782 		-5.4889 		1.2933
v -0.7865 		-6.0118 		1.2405
v -1.7179 		-6.4701 		1.2854
v -1.8689 		-6.4849 		1.2882
v -1.3036 		-6.4206 		1.276
v -1.5071 		-6.4511 		1.2804
v -0.9167 		-6.4077 		1.2405
v -0.9166 		-6.4078 		1.2404
v -0.8411 		-6.4645 		1.178
v -3.5791 		-6.6162 		1.3087
v -3.5438 		-6.7165 		1.2404
v -3.7372 		-6.6189 		1.3095
v -4.1028 		-6.6249 		1.3115
v -4.1291 		-6.6255 		1.3115
v -4.3053 		-6.6296 		1.3117
v -4.6295 		-6.637 		1.3121
v -4.6295 		-6.7431 		1.2404
v -3.0299 		-6.5813 		1.3047
v -3.1161 		-6.5867 		1.3053
v -3.561 		-6.615 		1.3086
v -2.4768 		-6.6369 		1.2404
v -2.5369 		-6.5529 		1.2991
v -2.9976 		-6.5792 		1.3044
v -2.398 		-6.5373 		1.2978
v -2.3452 		-6.5316 		1.2971
v -2.3881 		-6.5362 		1.2977
v -2.6115 		-4.4987 		1.3533
v -2.4765 		-4.2937 		1.3533
v -2.3787 		-4.0773 		1.3533
v -2.3193 		-3.8532 		1.3533
v -2.2992 		-3.625 		1.3533
v -4.6295 		-3.625 		1.3725
v -3.6117 		-4.0656 		1.3677
v -3.5438 		-3.9623 		1.3677
v -3.4943 		-3.8532 		1.3677
v -3.4643 		-3.74 		1.3677
v -3.4544 		-3.625 		1.3677
v -5.7152 		-6.7165 		1.2404
v -5.177 		-6.6245 		1.3114
v -5.3421 		-6.6218 		1.3105
v -5.6799 		-6.6162 		1.3087
v -4.833 		-6.6323 		1.3119
v -5.1562 		-6.6249 		1.3115
v -6.7822 		-6.6369 		1.2404
v -5.8046 		-3.625 		1.3677
v -5.7947 		-3.74 		1.3677
v -5.7647 		-3.8532 		1.3677
v -5.7152 		-3.9623 		1.3677
v -5.6473 		-4.0656 		1.3677
v -5.5618 		-4.1614 		1.3677
v -5.4604 		-4.248 		1.3677
v -5.3449 		-4.3241 		1.3677
v -5.217 		-4.3882 		1.3677
v -5.0793 		-4.4391 		1.3677
v -4.9338 		-4.4762 		1.3677
v -4.7828 		-4.4987 		1.3677
v -4.6295 		-4.5061 		1.3677
v -6.9598 		-3.625 		1.3533
v -6.9397 		-3.8532 		1.3533
v -6.8803 		-4.0773 		1.3533
v -6.7825 		-4.2937 		1.3533
v -6.6475 		-4.4987 		1.3533
v -5.5218 		-0.6311 		1.3095
v -5.1299 		-0.6245 		1.3115
v -5.7152 		-0.5335 		1.2404
v -4.9537 		-0.6204 		1.3117
v -6.7822 		-0.6132 		1.2404
v -6.2291 		-0.6687 		1.3047
v -6.1429 		-0.6633 		1.3053
v -5.698 		-0.635 		1.3086
v -5.6799 		-0.6338 		1.3087
v -5.7947 		-5.1381 		1.3533
v -6.7221 		-0.6971 		1.2991
v -5.5213 		-5.2394 		1.3533
v -6.2614 		-0.6708 		1.3044
v -6.861 		-0.7127 		1.2978
v -6.9138 		-0.7184 		1.2971
v -6.8709 		-0.7138 		1.2977
v -5.2326 		-5.3127 		1.3533
v -4.9338 		-5.3573 		1.3533
v -4.6295 		-5.3724 		1.3533
v -5.1562 		-0.6251 		1.3115
v -6.4782 		-4.6888 		1.3533
v -5.0793 		-1.0636 		1.3297
v -6.2772 		-4.8605 		1.3533
v -4.6295 		-1.0416 		1.3297
v -5.5213 		-1.1295 		1.3297
v -6.0482 		-5.0112 		1.3533
v -5.948 		-1.2382 		1.3297
v -6.3522 		-1.3876 		1.3297
v -7.0658 		-5.4518 		1.3297
v -6.727 		-1.5753 		1.3297
v -6.727 		-5.6748 		1.3297
v -6.3522 		-5.8624 		1.3297
v -5.948 		-6.0118 		1.3297
v -4.6295 		-1.8777 		1.3533
v -4.9338 		-1.8927 		1.3533
v -5.5213 		-6.1205 		1.3297
v -5.2326 		-1.9373 		1.3533
v -5.0793 		-6.1864 		1.3297
v -5.5213 		-2.0106 		1.3533
v -4.6295 		-6.2085 		1.3297
v -8.7891 		-1.0416 		0.81
v -5.7947 		-2.1119 		1.3533
v -8.9784 		-1.8777 		0.81
v -9.093 		-2.7439 		0.81
v -2.2995 		-6.885 		0.81
v -1.1844 		-6.7431 		0.81
v -0.6108 		-6.637 		0.81
v -4.6295 		-7 		0.81
v -3.4646 		-6.9424 		0.6632
v -2.3196 		-6.8571 		0.6632
v -1.2141 		-6.7165 		0.6632
v -0.6454 		-6.6113 		0.6632
v -0.6296 		-6.623 		0.7299
v -0.6267 		-6.6251 		0.7423
v -0.7018 		-6.5691 		0.5839
v -0.6932 		-6.5756 		0.596
v -0.4699 		-6.2085 		0.81
v -0.2806 		-5.3724 		0.81
v -0.166 		-4.5061 		0.81
v -0.1272 		-3.625 		0.81
v -0.5056 		-6.1864 		0.6632
v -0.3178 		-5.3573 		0.6632
v -0.2041 		-4.4987 		0.6632
v -0.166 		-3.625 		0.6632
v -1.302 		-6.6369 		0.5189
v -0.7479 		-6.5344 		0.5189
v -1.4467 		-6.5057 		0.3796
v -0.7479 		-6.5344 		0.5188
v -0.8414 		-6.4642 		0.4417
v -0.8272 		-6.4749 		0.4534
v -0.9166 		-6.4078 		0.3796
v -1.5071 		-6.4511 		0.3396
v -2.1435 		-6.5119 		0.3266
v -1.889 		-6.4869 		0.3314
v -1.7179 		-6.4701 		0.3346
v -1.3727 		-6.4309 		0.3425
v -1.2587 		-6.4138 		0.3449
v -0.9682 		-6.3704 		0.3511
v -0.9667 		-6.3702 		0.3511
v -0.9167 		-6.4077 		0.3795
v -0.4288 		-5.3127 		0.5188
v -0.3178 		-4.4762 		0.5188
v -0.2806 		-3.625 		0.5188
v -0.6408 		-4.4264 		0.3114
v -1.3014 		-4.2937 		0.2903
v -0.6356 		-4.2948 		0.3105
v -0.6392 		-4.4128 		0.3113
v -1.2135 		-3.9623 		0.2903
v -0.6274 		-4.0201 		0.3085
v -0.6212 		-3.8687 		0.3083
v -0.6266 		-4.0009 		0.3085
v -1.1841 		-3.625 		0.2903
v -0.6112 		-3.625 		0.3079
v -0.5056 		-4.4391 		0.3795
v -0.4699 		-3.625 		0.3795
v -0.7515 		-5.3361 		0.3228
v -1.8959 		-5.1978 		0.2903
v -1.6456 		-4.9167 		0.2903
v -0.7459 		-5.3061 		0.3223
v -0.7445 		-5.2992 		0.3222
v -1.4464 		-4.6137 		0.2903
v -0.6885 		-4.849 		0.3156
v -0.7236 		-5.1944 		0.3209
v -0.6785 		-4.7606 		0.3147
v -0.6858 		-4.8254 		0.3153
v -8.6323 		-0.6249 		0.7423
v -8.7534 		-1.0636 		0.6632
v -0.166 		-2.7439 		0.81
v -8.6294 		-0.627 		0.7299
v -0.2806 		-1.8777 		0.81
v -8.9412 		-1.8927 		0.6632
v -0.4699 		-1.0416 		0.81
v -9.0549 		-2.7513 		0.6632
v -0.2041 		-2.7513 		0.6632
v -0.3178 		-1.8927 		0.6632
v -8.5658 		-0.6744 		0.596
v -8.5572 		-0.6809 		0.5839
v -0.5056 		-1.0636 		0.6632
v -0.6454 		-0.6387 		0.6632
v -0.6297 		-0.627 		0.7302
v -5.7644 		-0.3929 		0.5189
v -4.6295 		-0.365 		0.5189
v -0.6268 		-0.6248 		0.7426
v -6.88 		-0.4761 		0.5189
v -5.7152 		-0.5335 		0.3796
v -4.6295 		-0.507 		0.3796
v -6.7822 		-0.6132 		0.3796
v -0.6928 		-0.6744 		0.5963
v -0.7479 		-0.7156 		0.5189
v -1.302 		-0.6132 		0.5189
v -0.7479 		-0.7156 		0.5188
v -4.6295 		-0.613 		0.3079
v -4.833 		-0.6177 		0.3081
v -5.1562 		-0.6251 		0.3085
v -5.177 		-0.6255 		0.3086
v -0.8411 		-0.7855 		0.442
v -0.9166 		-0.8422 		0.3796
v -0.8269 		-0.7749 		0.4537
v -1.4467 		-0.7443 		0.3796
v -0.9167 		-0.8423 		0.3795
v -5.3421 		-0.6282 		0.3095
v -5.6799 		-0.6338 		0.3113
v -6.1722 		-0.665 		0.3149
v -6.2614 		-0.6707 		0.3155
v -6.3522 		-0.6759 		0.3166
v -6.7221 		-0.6971 		0.3209
v -5.698 		-0.635 		0.3113
v -5.8438 		-0.6442 		0.3124
v -6.8709 		-0.7138 		0.3223
v -6.878 		-0.7146 		0.3224
v -6.9138 		-0.7183 		0.3228
v -1.5071 		-0.7989 		0.3396
v -0.9667 		-0.8798 		0.3511
v -0.9681 		-0.8796 		0.3511
v -1.3036 		-0.8294 		0.3439
v -1.7179 		-0.7799 		0.3346
v -1.8689 		-0.7651 		0.3318
v -0.6119 		-1.1295 		0.5188
v -5.0793 		-1.0636 		0.2903
v -4.6295 		-1.0416 		0.2903
v -5.5213 		-1.1295 		0.2903
v -5.948 		-1.2382 		0.2903
v -0.7782 		-1.7611 		0.3267
v -0.8115 		-1.5701 		0.3314
v -1.0581 		-1.5701 		0.3228
v -6.3522 		-1.3876 		0.2903
v -6.727 		-1.5753 		0.2903
v -0.8339 		-1.4411 		0.3346
v -0.886 		-1.1828 		0.3425
v -0.8592 		-1.2833 		0.3397
v -1.4464 		-1.2382 		0.3228
v -0.9087 		-1.0976 		0.3449
v -1.889 		-0.9471 		0.3228
v -4.6295 		-1.8777 		0.2666
v -4.9338 		-1.8927 		0.2666
v -5.2326 		-1.9373 		0.2666
v -0.7865 		-1.2382 		0.3795
v -5.5213 		-2.0106 		0.2666
v -5.7947 		-2.1119 		0.2666
v -0.3178 		-2.7738 		0.5188
v -0.4288 		-1.9373 		0.5188
v -7.0658 		-1.7982 		0.2903
v -6.0482 		-2.2388 		0.2666
v -6.2772 		-2.3895 		0.2666
v -0.7516 		-1.9139 		0.3228
v -6.4782 		-2.5612 		0.2666
v -1.4464 		-2.6364 		0.2903
v -0.6884 		-2.401 		0.3156
v -0.6808 		-2.4687 		0.3149
v -0.7459 		-1.9439 		0.3223
v -0.7236 		-2.0556 		0.3209
v -0.6953 		-2.3333 		0.3166
v -1.6456 		-2.3333 		0.2903
v -1.8959 		-2.0523 		0.2903
v -0.7468 		-1.9389 		0.3224
v -4.7828 		-2.7513 		0.2523
v -4.6295 		-2.7439 		0.2523
v -4.9338 		-2.7738 		0.2523
v -5.0793 		-2.811 		0.2523
v -5.217 		-2.8618 		0.2523
v -0.6119 		-2.0106 		0.3795
v -5.3449 		-2.9259 		0.2523
v -5.4604 		-3.002 		0.2523
v -3.7377 		-1.1295 		1.3297
v -4.1797 		-1.0636 		1.3297
v -2.7808 		-2.5612 		1.3533
v -2.9818 		-2.3895 		1.3533
v -3.2108 		-2.2388 		1.3533
v -2.1932 		-1.7982 		1.3297
v -3.4643 		-2.1119 		1.3533
v -3.7377 		-2.0106 		1.3533
v -4.0264 		-1.9373 		1.3533
v -4.3252 		-1.8927 		1.3533
v -2.3193 		-3.3969 		1.3533
v -2.3787 		-3.1728 		1.3533
v -2.4765 		-2.9563 		1.3533
v -2.6115 		-2.7513 		1.3533
v -3.6972 		-3.0886 		1.3677
v -3.7986 		-3.002 		1.3677
v -3.9141 		-2.9259 		1.3677
v -4.042 		-2.8618 		1.3677
v -4.1797 		-2.811 		1.3677
v -4.3252 		-2.7738 		1.3677
v -4.4762 		-2.7513 		1.3677
v -4.6295 		-2.7439 		1.3677
v -3.4643 		-3.51 		1.3677
v -3.4943 		-3.3969 		1.3677
v -3.5438 		-3.2877 		1.3677
v -3.6117 		-3.1845 		1.3677
v -1.302 		-0.6132 		1.1011
v -6.0482 		-2.2388 		1.3533
v -0.8272 		-0.7751 		1.1666
v -0.7479 		-0.7156 		1.1011
v -0.7479 		-0.7156 		1.1011
v -2.379 		-0.4761 		1.1011
v -6.2772 		-2.3895 		1.3533
v -6.4782 		-2.5612 		1.3533
v -3.4946 		-0.3929 		1.1011
v -4.6295 		-0.365 		1.1011
v -7.0658 		-1.7982 		1.3297
v -1.2141 		-0.5335 		0.9568
v -0.7018 		-0.6809 		1.0361
v -0.6932 		-0.6744 		1.024
v -0.6454 		-0.6387 		0.9568
v -2.3196 		-0.3929 		0.9568
v -4.4762 		-4.4987 		1.3677
v -4.3252 		-4.4762 		1.3677
v -4.1797 		-4.4391 		1.3677
v -4.042 		-4.3882 		1.3677
v -3.9141 		-4.3241 		1.3677
v -3.7986 		-4.248 		1.3677
v -3.6972 		-4.1614 		1.3677
v -4.7828 		-2.7513 		1.3677
v -4.9338 		-2.7738 		1.3677
v -5.0793 		-2.811 		1.3677
v -5.217 		-2.8618 		1.3677
v -5.3449 		-2.9259 		1.3677
v -5.4604 		-3.002 		1.3677
v -5.5618 		-3.0886 		1.3677
v -0.6275 		-3.2299 		0.3085
v -0.6174 		-3.4728 		0.3082
v -1.2135 		-3.2877 		0.2903
v -1.3014 		-2.9563 		0.2903
v -0.6408 		-2.8236 		0.3114
v -3.2108 		-5.0112 		1.3533
v -0.6392 		-2.8372 		0.3113
v -0.6316 		-3.0909 		0.3095
v -0.6279 		-3.215 		0.3086
v -2.9818 		-4.8605 		1.3533
v -0.6531 		-2.7146 		0.3125
v -2.7808 		-4.6888 		1.3533
v -2.1932 		-5.4518 		1.3297
v -0.5056 		-2.811 		0.3795
v -4.3252 		-5.3573 		1.3533
v -4.0264 		-5.3127 		1.3533
v -3.7377 		-5.2394 		1.3533
v -2.379 		-0.4761 		0.5189
v -3.4643 		-5.1381 		1.3533
v -3.4946 		-0.3929 		0.5189
v -2.4768 		-0.6132 		0.3796
v -3.5438 		-0.5335 		0.3796
v -2.5369 		-0.6971 		0.3209
v -4.1797 		-6.1864 		1.3297
v -2.3881 		-0.7138 		0.3223
v -2.398 		-0.7127 		0.3222
v -2.3452 		-0.7184 		0.3228
v -2.9976 		-0.6708 		0.3155
v -3.0299 		-0.6687 		0.3153
v -3.7377 		-6.1205 		1.3297
v -3.561 		-0.635 		0.3113
v -3.5791 		-0.6338 		0.3113
v -3.1161 		-0.6633 		0.3146
v -4.1291 		-0.6245 		0.3084
v -4.3053 		-0.6204 		0.3083
v -3.311 		-6.0118 		1.3297
v -3.7372 		-0.6311 		0.3104
v -4.1028 		-0.6251 		0.3085
v -2.9068 		-5.8624 		1.3297
v -2.532 		-5.6748 		1.3297
v -2.532 		-1.5753 		0.2903
v -2.9068 		-1.3876 		0.2903
v -3.311 		-1.2382 		0.2903
v -3.7377 		-1.1295 		0.2903
v -4.1797 		-1.0636 		0.2903
v -4.6295 		-6.885 		1.1011
v -3.4946 		-6.8571 		1.1011
v -2.379 		-6.7739 		1.1011
v -1.302 		-6.6369 		1.1011
v -0.7479 		-6.5344 		1.1011
v -0.7479 		-6.5344 		1.1011
v -0.8269 		-6.4751 		1.1663
v -4.6295 		-6.9712 		0.9568
v -3.4646 		-6.9424 		0.9568
v -2.3196 		-6.8571 		0.9568
v -1.2141 		-6.7165 		0.9568
v -2.1932 		-1.7982 		0.2903
v -0.6454 		-6.6113 		0.9568
v -0.6928 		-6.5756 		1.0237
v -2.7808 		-2.5612 		0.2666
v -0.7015 		-6.5692 		1.0358
v -0.6268 		-6.6252 		0.8774
v -0.6297 		-6.623 		0.8897
v -0.6119 		-6.1205 		1.1011
v -6.878 		-6.5354 		1.2976
v -6.8709 		-6.5362 		1.2977
v -0.4288 		-5.3127 		1.1011
v -6.9138 		-6.5317 		1.2971
v -5.6473 		-3.1845 		1.3677
v -5.7152 		-3.2877 		1.3677
v -5.7647 		-3.3969 		1.3677
v -5.7947 		-3.51 		1.3677
v -6.6475 		-2.7513 		1.3533
v -6.7825 		-2.9563 		1.3533
v -6.8803 		-3.1728 		1.3533
v -6.9397 		-3.3969 		1.3533
v -7.8123 		-0.7443 		1.2404
v -7.3901 		-0.7651 		1.2882
v -7.7519 		-0.7989 		1.2804
v -7.5411 		-0.7799 		1.2854
v -8.3424 		-0.8422 		1.2404
v -8.3423 		-0.8423 		1.2405
v -7.9554 		-0.8294 		1.276
v -8.2923 		-0.8798 		1.2689
v -8.2909 		-0.8796 		1.2689
v -8.4179 		-0.7855 		1.178
v -7.37 		-0.9471 		1.2971
v -7.8126 		-1.2382 		1.2971
v -8.2009 		-1.5701 		1.2971
v -8.3503 		-1.0976 		1.275
v -8.373 		-1.1828 		1.2775
v -8.4251 		-1.4411 		1.2853
v -8.3998 		-1.2833 		1.2803
v -8.4475 		-1.5701 		1.2886
v -8.4808 		-1.7611 		1.2933
v -8.4725 		-1.2382 		1.2405
v -7.3631 		-2.0523 		1.3297
v -7.6134 		-2.3333 		1.3297
v -7.8126 		-2.6364 		1.3297
v -8.5122 		-1.9389 		1.2976
v -8.5131 		-1.9439 		1.2977
v -8.5074 		-1.9139 		1.2971
v -8.5706 		-2.401 		1.3044
v -8.5637 		-2.3333 		1.3034
v -8.5354 		-2.0556 		1.2991
v -8.5782 		-2.4687 		1.3051
v -8.6471 		-2.0106 		1.2405
v -7.9576 		-2.9563 		1.3297
v -8.0455 		-3.2877 		1.3297
v -8.0749 		-3.625 		1.3297
v -8.6059 		-2.7146 		1.3075
v -8.6182 		-2.8236 		1.3086
v -8.6274 		-3.0909 		1.3105
v -8.6311 		-3.215 		1.3114
v -8.6315 		-3.2299 		1.3115
v -8.6198 		-2.8372 		1.3087
v -8.6416 		-3.4728 		1.3118
v -8.6478 		-3.625 		1.312
v -8.7534 		-2.811 		1.2405
v -8.7891 		-3.625 		1.2405
v -5.7644 		-0.3929 		1.1011
v -6.88 		-0.4761 		1.1011
v -7.957 		-0.6132 		1.1011
v -8.5111 		-0.7156 		1.1011
v -8.5111 		-0.7156 		1.1011
v -8.4321 		-0.7749 		1.1663
v -4.6295 		-0.2788 		0.9568
v -5.7944 		-0.3076 		0.9568
v -6.9394 		-0.3929 		0.9568
v -8.0449 		-0.5335 		0.9568
v -8.6136 		-0.6387 		0.9568
v -8.5662 		-0.6744 		1.0237
v -8.5575 		-0.6808 		1.0358
v -8.6322 		-0.6248 		0.8774
v -8.6293 		-0.627 		0.8897
v -8.6471 		-1.1295 		1.1011
v -8.8302 		-1.9373 		1.1011
v -8.9412 		-2.7738 		1.1011
v -8.9784 		-3.625 		1.1011
v -8.7534 		-1.0636 		0.9568
v -8.9412 		-1.8927 		0.9568
v -9.0549 		-2.7513 		0.9568
v -9.093 		-3.625 		0.9568
v -6.7221 		-6.5529 		1.2991
v -5.8438 		-6.6058 		1.3076
v -6.1722 		-6.585 		1.3051
v -5.698 		-6.615 		1.3086
v -6.2614 		-6.5793 		1.3044
v -6.3522 		-6.5741 		1.3034
v -8.2908 		-6.3704 		1.2689
v -8.2923 		-6.3702 		1.2689
v -8.0003 		-6.4138 		1.2751
v -8.3423 		-6.4077 		1.2405
v -8.3424 		-6.4078 		1.2404
v -7.8123 		-6.5057 		1.2404
v -7.8863 		-6.4309 		1.2775
v -7.7519 		-6.4511 		1.2804
v -7.1155 		-6.5119 		1.2934
v -7.37 		-6.4869 		1.2886
v -7.5411 		-6.4701 		1.2854
v -8.4176 		-6.4642 		1.1783
v -8.0455 		-3.9623 		1.3297
v -7.9576 		-4.2937 		1.3297
v -8.6378 		-3.8687 		1.3117
v -8.6316 		-4.0201 		1.3115
v -8.6324 		-4.0009 		1.3115
v -8.6234 		-4.2948 		1.3095
v -8.6198 		-4.4128 		1.3087
v -8.6182 		-4.4264 		1.3086
v -8.7534 		-4.4391 		1.2405
v -7.8126 		-4.6137 		1.3297
v -7.6134 		-4.9167 		1.3297
v -7.3631 		-5.1978 		1.3297
v -8.5705 		-4.849 		1.3044
v -8.5805 		-4.7606 		1.3053
v -8.5732 		-4.8254 		1.3046
v -8.5354 		-5.1944 		1.2991
v -8.5145 		-5.2992 		1.2978
v -8.5131 		-5.3061 		1.2977
v -8.5075 		-5.3361 		1.2971
v -8.6471 		-5.2394 		1.2405
v -0.6119 		-5.2394 		0.3795
v -0.6119 		-6.1205 		0.5188
v -1.889 		-6.303 		0.3228
v -1.4464 		-6.0118 		0.3228
v -0.8339 		-5.8089 		0.3346
v -0.8592 		-5.9667 		0.3397
v -0.9003 		-6.1211 		0.344
v -1.0581 		-5.6799 		0.3228
v -0.8143 		-5.6961 		0.3318
v -0.7865 		-6.0118 		0.3795
v -3.4946 		-6.8571 		0.5189
v -2.379 		-6.7739 		0.5189
v -3.5438 		-6.7165 		0.3796
v -2.4768 		-6.6369 		0.3796
v -4.426 		-6.6323 		0.3081
v -4.1028 		-6.6249 		0.3085
v -4.082 		-6.6245 		0.3086
v -3.9169 		-6.6218 		0.3095
v -3.5791 		-6.6162 		0.3113
v -3.0868 		-6.585 		0.3149
v -2.9976 		-6.5793 		0.3155
v -2.9068 		-6.5741 		0.3166
v -2.5369 		-6.5529 		0.3209
v -3.561 		-6.615 		0.3113
v -3.4152 		-6.6058 		0.3124
v -2.3881 		-6.5362 		0.3223
v -2.381 		-6.5354 		0.3224
v -2.3452 		-6.5317 		0.3228
v -2.6115 		-4.4987 		0.2666
v -2.4765 		-4.2937 		0.2666
v -2.3787 		-4.0773 		0.2666
v -2.3193 		-3.8532 		0.2666
v -2.2992 		-3.625 		0.2666
v -3.6117 		-4.0656 		0.2523
v -3.5438 		-3.9623 		0.2523
v -3.4943 		-3.8532 		0.2523
v -3.4643 		-3.74 		0.2523
v -3.4544 		-3.625 		0.2523
v -4.4762 		-4.4987 		0.2523
v -4.3252 		-4.4762 		0.2523
v -4.1797 		-4.4391 		0.2523
v -4.042 		-4.3882 		0.2523
v -3.9141 		-4.3241 		0.2523
v -5.5618 		-3.0886 		0.2523
v -5.6473 		-3.1845 		0.2523
v -5.7152 		-3.2877 		0.2523
v -5.7647 		-3.3969 		0.2523
v -5.7947 		-3.51 		0.2523
v -6.6475 		-2.7513 		0.2666
v -6.7825 		-2.9563 		0.2666
v -6.8803 		-3.1728 		0.2666
v -6.9397 		-3.3969 		0.2666
v -7.957 		-0.6132 		0.5189
v -8.5111 		-0.7156 		0.5189
v -7.8123 		-0.7443 		0.3796
v -8.5111 		-0.7156 		0.5188
v -8.4176 		-0.7858 		0.4417
v -8.4318 		-0.7751 		0.4534
v -8.3424 		-0.8422 		0.3796
v -7.7519 		-0.7989 		0.3396
v -7.1155 		-0.7381 		0.3266
v -7.37 		-0.7631 		0.3314
v -7.5411 		-0.7799 		0.3346
v -7.8863 		-0.8191 		0.3425
v -8.0003 		-0.8362 		0.3449
v -8.2908 		-0.8796 		0.3511
v -8.2923 		-0.8798 		0.3511
v -8.3423 		-0.8423 		0.3795
v -8.6471 		-1.1295 		0.5188
v -7.37 		-0.9471 		0.3228
v -7.8126 		-1.2382 		0.3228
v -8.4251 		-1.4411 		0.3346
v -8.3998 		-1.2833 		0.3397
v -8.3587 		-1.1289 		0.344
v -8.2009 		-1.5701 		0.3228
v -8.4447 		-1.5539 		0.3318
v -8.4725 		-1.2382 		0.3795
v -8.8302 		-1.9373 		0.5188
v -8.9412 		-2.7738 		0.5188
v -8.5075 		-1.9139 		0.3228
v -7.3631 		-2.0523 		0.2903
v -7.6134 		-2.3333 		0.2903
v -8.5131 		-1.9439 		0.3223
v -7.8126 		-2.6364 		0.2903
v -8.5145 		-1.9508 		0.3222
v -3.4646 		-0.3076 		0.9568
v -0.6296 		-0.627 		0.89
v -0.6267 		-0.6249 		0.8777
v -0.3178 		-2.7738 		1.1011
v -0.2806 		-3.625 		1.1011
v -0.4288 		-1.9373 		1.1011
v -0.6119 		-1.1295 		1.1011
v -0.2041 		-2.7513 		0.9568
v -0.166 		-3.625 		0.9568
v -0.3178 		-1.8927 		0.9568
v -0.5056 		-1.0636 		0.9568
v -1.4467 		-6.5057 		1.2404
v -1.3014 		-4.2937 		1.3297
v -1.2135 		-3.9623 		1.3297
v -0.6531 		-4.5354 		1.3075
v -0.6408 		-4.4264 		1.3086
v -0.3178 		-4.4762 		1.1011
v -0.5056 		-6.1864 		0.9568
v -0.3178 		-5.3573 		0.9568
v -0.2041 		-4.4987 		0.9568
v -0.6108 		-0.613 		0.81
v -1.1844 		-0.507 		0.81
v -2.2995 		-0.365 		0.81
v -3.4544 		-0.2788 		0.81
v -4.6295 		-0.25 		0.81
v -1.2141 		-0.5335 		0.6632
v -2.3196 		-0.3929 		0.6632
v -3.4646 		-0.3076 		0.6632
v -4.6295 		-0.2788 		0.6632
v -0.7015 		-0.6808 		0.5842
v -3.7986 		-4.248 		0.2523
v -3.6972 		-4.1614 		0.2523
v -2.1932 		-5.4518 		0.2903
v -3.2108 		-5.0112 		0.2666
v -2.9818 		-4.8605 		0.2666
v -2.7808 		-4.6888 		0.2666
v -4.3252 		-5.3573 		0.2666
v -4.0264 		-5.3127 		0.2666
v -3.7377 		-5.2394 		0.2666
v -3.4643 		-5.1381 		0.2666
v -4.1797 		-6.1864 		0.2903
v -3.7377 		-6.1205 		0.2903
v -3.311 		-6.0118 		0.2903
v -2.9068 		-5.8624 		0.2903
v -2.532 		-5.6748 		0.2903
v -8.5705 		-2.401 		0.3156
v -8.5354 		-2.0556 		0.3209
v -8.5805 		-2.4894 		0.3147
v -8.5732 		-2.4246 		0.3153
v -8.6471 		-2.0106 		0.3795
v -8.6182 		-2.8236 		0.3114
v -7.9576 		-2.9563 		0.2903
v -8.0455 		-3.2877 		0.2903
v -8.6234 		-2.9552 		0.3105
v -8.6198 		-2.8372 		0.3113
v -8.6316 		-3.2299 		0.3085
v -8.6378 		-3.3813 		0.3083
v -8.6324 		-3.2491 		0.3085
v -8.7534 		-2.811 		0.3795
v -8.6482 		-6.637 		0.81
v -8.0746 		-6.7431 		0.81
v -6.9595 		-6.885 		0.81
v -5.8046 		-6.9712 		0.81
v -8.0449 		-6.7165 		0.6632
v -6.9394 		-6.8571 		0.6632
v -8.5575 		-6.5692 		0.5842
v -8.2009 		-5.6799 		1.2971
v -7.8126 		-6.0118 		1.2971
v -7.37 		-6.303 		1.2971
v -8.4447 		-5.6961 		1.2882
v -8.4251 		-5.8089 		1.2853
v -8.3587 		-6.1211 		1.2759
v -8.3998 		-5.9667 		1.2803
v -8.4725 		-6.0118 		1.2405
v -7.957 		-6.6369 		1.1011
v -8.4318 		-6.4749 		1.1666
v -8.5111 		-6.5344 		1.1011
v -8.5111 		-6.5344 		1.1011
v -6.88 		-6.7739 		1.1011
v -5.7644 		-6.8571 		1.1011
v -2.9818 		-2.3895 		0.2666
v -3.2108 		-2.2388 		0.2666
v -3.4643 		-2.1119 		0.2666
v -3.7377 		-2.0106 		0.2666
v -4.0264 		-1.9373 		0.2666
v -8.0449 		-6.7165 		0.9568
v -8.5572 		-6.5691 		1.0361
v -8.5658 		-6.5756 		1.024
v -8.6136 		-6.6113 		0.9568
v -4.3252 		-1.8927 		0.2666
v -6.9394 		-6.8571 		0.9568
v -5.7944 		-6.9424 		0.9568
v -8.6294 		-6.623 		0.89
v -8.6323 		-6.6251 		0.8777
v -2.3193 		-3.3969 		0.2666
v -2.3787 		-3.1728 		0.2666
v -8.9412 		-4.4762 		1.1011
v -8.8302 		-5.3127 		1.1011
v -8.6471 		-6.1205 		1.1011
v -9.0549 		-4.4987 		0.9568
v -8.9412 		-5.3573 		0.9568
v -8.7534 		-6.1864 		0.9568
v -5.8046 		-0.2788 		0.81
v -6.9595 		-0.365 		0.81
v -8.0746 		-0.507 		0.81
v -8.6482 		-0.613 		0.81
v -5.7944 		-0.3076 		0.6632
v -6.9394 		-0.3929 		0.6632
v -8.0449 		-0.5335 		0.6632
v -8.6136 		-0.6387 		0.6632
v -2.4765 		-2.9563 		0.2666
v -2.6115 		-2.7513 		0.2666
v -3.6972 		-3.0886 		0.2523
v -3.7986 		-3.002 		0.2523
v -3.9141 		-2.9259 		0.2523
v -4.042 		-2.8618 		0.2523
v -4.1797 		-2.811 		0.2523
v -4.3252 		-2.7738 		0.2523
v -4.4762 		-2.7513 		0.2523
v -3.4643 		-3.51 		0.2523
v -3.4943 		-3.3969 		0.2523
v -3.5438 		-3.2877 		0.2523
v -3.6117 		-3.1845 		0.2523
v -3.4544 		-6.9712 		0.81
# 922 vertices

g group_0_-1719284250

usemtl color_-1719284250
s 0

f 4 	5 	898
f 3 	7 	4
f 7 	3 	8
f 7 	9 	4
f 4 	9 	5
f 9 	10 	5
f 5 	10 	6
f 10 	11 	12
f 10 	12 	6
f 6 	12 	13
f 85 	9 	7
f 9 	85 	110
f 9 	110 	10
f 10 	14 	11
f 1 	16 	17
f 16 	19 	20
f 16 	20 	17
f 1 	17 	2
f 15 	19 	16
f 19 	15 	18
f 19 	30 	20
f 28 	33 	19
f 23 	18 	22
f 22 	18 	24
f 21 	18 	23
f 18 	21 	25
f 18 	25 	26
f 28 	19 	27
f 29 	19 	26
f 27 	19 	29
f 18 	26 	19
f 31 	20 	30
f 32 	20 	31
f 33 	34 	19
f 30 	19 	34
f 35 	36 	40
f 40 	37 	35
f 40 	38 	37
f 40 	39 	38
f 40 	41 	39
f 40 	43 	42
f 57 	47 	48
f 40 	48 	47
f 42 	41 	40
f 40 	44 	43
f 44 	40 	45
f 46 	45 	40
f 47 	46 	40
f 50 	49 	35
f 49 	36 	35
f 35 	37 	50
f 51 	50 	37
f 37 	38 	51
f 52 	51 	38
f 53 	52 	39
f 38 	39 	52
f 39 	41 	53
f 55 	46 	56
f 54 	44 	45
f 45 	55 	54
f 46 	55 	45
f 56 	47 	57
f 56 	46 	47
f 48 	58 	57
f 61 	62 	59
f 62 	44 	54
f 43 	44 	62
f 53 	41 	60
f 60 	42 	61
f 41 	42 	60
f 42 	43 	61
f 61 	43 	62
f 65 	23 	64
f 64 	55 	65
f 66 	57 	67
f 62 	63 	59
f 62 	54 	63
f 63 	54 	64
f 55 	64 	54
f 65 	55 	56
f 56 	66 	65
f 57 	66 	56
f 68 	67 	58
f 67 	57 	58
f 64 	22 	24
f 119 	64 	24
f 22 	64 	23
f 25 	21 	65
f 23 	65 	21
f 29 	66 	27
f 66 	29 	65
f 29 	26 	65
f 25 	65 	26
f 67 	33 	66
f 33 	28 	66
f 27 	66 	28
f 33 	67 	34
f 68 	31 	67
f 31 	30 	67
f 34 	67 	30
f 31 	68 	32
f 69 	71 	70
f 864 	110 	69
f 73 	75 	72
f 74 	72 	75
f 73 	76 	75
f 73 	72 	120
f 75 	70 	74
f 71 	74 	70
f 70 	18 	15
f 70 	75 	18
f 76 	78 	79
f 76 	79 	80
f 77 	75 	80
f 76 	80 	75
f 75 	77 	81
f 75 	81 	82
f 24 	18 	82
f 75 	82 	18
f 84 	8 	83
f 8 	84 	7
f 84 	85 	7
f 84 	83 	98
f 109 	84 	98
f 84 	109 	85
f 86 	87 	88
f 87 	89 	90
f 87 	90 	88
f 94 	91 	93
f 92 	93 	91
f 88 	91 	94
f 88 	94 	95
f 88 	95 	86
f 91 	96 	92
f 96 	98 	92
f 90 	49 	50
f 90 	50 	88
f 88 	51 	91
f 50 	51 	88
f 100 	91 	52
f 52 	91 	51
f 52 	53 	100
f 97 	98 	83
f 94 	98 	95
f 87 	86 	97
f 95 	97 	86
f 89 	87 	97
f 93 	98 	94
f 97 	95 	98
f 93 	92 	98
f 91 	100 	96
f 101 	102 	100
f 102 	96 	100
f 105 	106 	104
f 103 	104 	106
f 105 	101 	106
f 100 	106 	101
f 108 	107 	99
f 108 	103 	107
f 106 	107 	103
f 107 	61 	59
f 106 	100 	53
f 107 	106 	60
f 53 	60 	106
f 60 	61 	107
f 101 	105 	98
f 102 	101 	98
f 109 	98 	105
f 104 	109 	105
f 102 	98 	96
f 104 	103 	109
f 103 	108 	109
f 99 	109 	108
f 111 	112 	109
f 71 	69 	110
f 864 	10 	110
f 120 	110 	85
f 110 	120 	72
f 110 	72 	74
f 110 	74 	71
f 99 	113 	111
f 112 	111 	113
f 109 	99 	111
f 114 	112 	113
f 115 	116 	117
f 116 	114 	117
f 113 	117 	114
f 115 	117 	118
f 117 	79 	118
f 78 	118 	79
f 81 	77 	119
f 80 	119 	77
f 117 	119 	80
f 117 	80 	79
f 24 	82 	119
f 119 	82 	81
f 113 	99 	107
f 107 	59 	113
f 113 	59 	117
f 119 	117 	63
f 59 	63 	117
f 63 	64 	119
f 120 	85 	109
f 73 	120 	76
f 118 	78 	76
f 120 	118 	76
f 109 	112 	120
f 112 	114 	120
f 116 	120 	114
f 116 	115 	120
f 118 	120 	115
f 124 	121 	122
f 123 	124 	122
f 125 	122 	121
f 126 	122 	125
f 126 	125 	138
f 127 	121 	124
f 128 	127 	124
f 129 	130 	164
f 131 	124 	130
f 164 	130 	124
f 124 	131 	128
f 132 	124 	123
f 127 	134 	121
f 127 	128 	134
f 131 	134 	128
f 129 	135 	130
f 123 	140 	132
f 122 	140 	123
f 133 	138 	134
f 137 	133 	136
f 125 	134 	138
f 138 	133 	139
f 137 	139 	133
f 121 	134 	125
f 135 	134 	131
f 131 	130 	135
f 139 	137 	140
f 136 	140 	137
f 126 	138 	122
f 140 	122 	138
f 139 	140 	138
f 146 	141 	145
f 144 	141 	146
f 148 	141 	147
f 144 	147 	141
f 144 	151 	147
f 147 	151 	148
f 149 	142 	148
f 141 	148 	142
f 133 	142 	150
f 149 	150 	142
f 149 	151 	150
f 133 	143 	142
f 133 	134 	143
f 150 	136 	133
f 145 	162 	146
f 146 	151 	144
f 140 	136 	151
f 136 	150 	151
f 151 	149 	148
f 151 	804 	805
f 151 	805 	140
f 152 	157 	159
f 152 	159 	154
f 159 	160 	154
f 153 	155 	156
f 157 	152 	158
f 158 	152 	156
f 153 	156 	152
f 161 	154 	160
f 154 	145 	141
f 161 	145 	154
f 159 	162 	160
f 159 	157 	162
f 158 	162 	157
f 162 	158 	163
f 156 	163 	158
f 155 	163 	156
f 161 	162 	145
f 151 	146 	162
f 160 	162 	161
f 804 	151 	162
f 163 	802 	162
f 165 	166 	164
f 166 	167 	164
f 167 	168 	164
f 129 	164 	168
f 171 	170 	173
f 172 	170 	171
f 169 	173 	170
f 175 	170 	174
f 172 	174 	170
f 164 	170 	175
f 164 	175 	165
f 170 	176 	177
f 170 	177 	178
f 170 	178 	169
f 177 	176 	181
f 180 	181 	176
f 179 	180 	176
f 511 	170 	164
f 167 	182 	168
f 171 	184 	172
f 178 	177 	478
f 181 	478 	177
f 178 	477 	169
f 478 	181 	180
f 135 	129 	168
f 175 	174 	183
f 163 	187 	185
f 187 	188 	185
f 186 	185 	188
f 155 	189 	163
f 189 	190 	163
f 187 	163 	190
f 544 	191 	192
f 198 	197 	192
f 195 	199 	192
f 191 	194 	195
f 191 	195 	192
f 204 	196 	191
f 196 	194 	191
f 193 	192 	197
f 198 	192 	199
f 193 	197 	200
f 198 	185 	197
f 199 	195 	201
f 194 	201 	195
f 196 	201 	194
f 185 	198 	201
f 200 	197 	185
f 199 	201 	198
f 202 	216 	203
f 214 	217 	202
f 206 	207 	205
f 203 	205 	207
f 203 	207 	208
f 204 	203 	209
f 210 	209 	203
f 208 	210 	203
f 204 	209 	211
f 212 	204 	211
f 196 	204 	212
f 206 	218 	207
f 210 	208 	213
f 207 	213 	208
f 201 	211 	213
f 212 	211 	201
f 211 	209 	213
f 210 	213 	209
f 212 	201 	196
f 214 	202 	215
f 205 	203 	216
f 202 	217 	216
f 213 	207 	218
f 218 	219 	213
f 220 	213 	219
f 225 	222 	224
f 223 	224 	222
f 221 	223 	222
f 227 	228 	226
f 225 	226 	228
f 228 	222 	225
f 221 	222 	231
f 230 	231 	222
f 229 	230 	222
f 229 	222 	232
f 229 	232 	234
f 233 	234 	232
f 237 	232 	236
f 235 	232 	237
f 233 	232 	235
f 215 	236 	232
f 239 	811 	240
f 240 	811 	812
f 240 	812 	241
f 241 	812 	153
f 241 	153 	242
f 523 	243 	522
f 244 	245 	243
f 245 	246 	243
f 246 	247 	243
f 247 	248 	243
f 245 	244 	239
f 245 	239 	240
f 245 	240 	246
f 246 	240 	241
f 246 	241 	247
f 250 	228 	254
f 253 	254 	228
f 227 	253 	228
f 256 	257 	243
f 257 	258 	243
f 258 	259 	243
f 259 	260 	243
f 260 	261 	243
f 261 	262 	243
f 263 	243 	262
f 264 	243 	263
f 265 	243 	264
f 266 	243 	265
f 267 	243 	266
f 243 	267 	268
f 285 	265 	264
f 266 	291 	267
f 267 	292 	268
f 267 	291 	292
f 270 	256 	269
f 256 	270 	257
f 257 	271 	258
f 270 	271 	257
f 258 	272 	259
f 271 	272 	258
f 272 	273 	259
f 259 	273 	260
f 704 	273 	272
f 274 	293 	276
f 704 	705 	273
f 179 	176 	277
f 275 	277 	176
f 275 	176 	276
f 276 	278 	279
f 276 	279 	280
f 276 	280 	281
f 276 	281 	282
f 283 	264 	263
f 279 	278 	286
f 284 	286 	278
f 285 	264 	283
f 609 	610 	278
f 278 	288 	289
f 278 	289 	287
f 278 	287 	284
f 265 	285 	290
f 287 	300 	284
f 265 	290 	266
f 266 	290 	291
f 176 	653 	276
f 309 	290 	285
f 280 	279 	300
f 286 	300 	279
f 286 	284 	300
f 294 	261 	260
f 273 	294 	260
f 261 	294 	296
f 297 	277 	295
f 261 	296 	262
f 277 	275 	295
f 262 	299 	263
f 293 	274 	295
f 281 	298 	282
f 282 	298 	274
f 262 	296 	299
f 299 	283 	263
f 295 	274 	298
f 705 	294 	273
f 294 	302 	296
f 705 	302 	294
f 296 	302 	304
f 301 	619 	303
f 297 	179 	277
f 299 	305 	283
f 293 	295 	275
f 280 	300 	298
f 281 	280 	298
f 304 	299 	296
f 300 	287 	301
f 289 	301 	287
f 619 	301 	288
f 289 	288 	301
f 299 	304 	305
f 283 	305 	306
f 598 	676 	305
f 306 	285 	283
f 307 	295 	308
f 306 	309 	285
f 311 	291 	290
f 308 	310 	526
f 290 	309 	311
f 291 	311 	313
f 310 	312 	527
f 300 	301 	312
f 295 	307 	297
f 295 	298 	308
f 308 	298 	310
f 298 	300 	310
f 310 	300 	312
f 321 	2 	322
f 318 	324 	319
f 318 	323 	324
f 325 	326 	324
f 319 	324 	326
f 319 	326 	327
f 319 	327 	320
f 2 	724 	322
f 323 	725 	338
f 323 	338 	324
f 324 	328 	329
f 324 	329 	325
f 324 	338 	328
f 320 	327 	330
f 330 	334 	335
f 335 	331 	330
f 334 	330 	327
f 327 	326 	334
f 325 	334 	326
f 336 	332 	331
f 331 	335 	336
f 332 	336 	337
f 332 	337 	333
f 329 	328 	715
f 715 	334 	329
f 334 	325 	329
f 334 	354 	335
f 339 	328 	338
f 338 	341 	339
f 338 	342 	343
f 343 	341 	338
f 338 	340 	342
f 344 	342 	340
f 345 	340 	348
f 347 	348 	340
f 340 	345 	349
f 340 	349 	350
f 351 	353 	350
f 352 	353 	351
f 340 	350 	353
f 340 	353 	344
f 355 	336 	335
f 335 	354 	355
f 336 	356 	337
f 355 	356 	336
f 357 	358 	360
f 359 	360 	358
f 359 	358 	361
f 362 	359 	361
f 362 	361 	364
f 363 	364 	361
f 363 	361 	365
f 364 	367 	362
f 366 	363 	365
f 354 	367 	355
f 355 	368 	356
f 368 	355 	367
f 360 	367 	357
f 367 	364 	368
f 363 	368 	364
f 366 	368 	363
f 367 	360 	359
f 367 	359 	362
f 372 	369 	371
f 373 	372 	371
f 373 	371 	374
f 371 	370 	742
f 373 	714 	372
f 373 	374 	376
f 375 	376 	374
f 357 	377 	358
f 375 	374 	378
f 377 	378 	374
f 377 	374 	358
f 380 	314 	379
f 379 	382 	380
f 314 	384 	316
f 380 	384 	314
f 386 	317 	316
f 384 	386 	316
f 386 	8 	317
f 381 	387 	388
f 317 	8 	3
f 389 	390 	782
f 387 	454 	388
f 782 	380 	389
f 381 	388 	383
f 383 	388 	391
f 384 	792 	386
f 383 	391 	385
f 392 	393 	391
f 385 	391 	393
f 385 	393 	396
f 385 	396 	819
f 387 	453 	454
f 398 	394 	395
f 395 	399 	398
f 398 	400 	394
f 399 	408 	398
f 398 	418 	400
f 391 	401 	392
f 394 	400 	397
f 402 	404 	403
f 400 	768 	397
f 397 	768 	766
f 399 	405 	406
f 399 	406 	407
f 399 	407 	408
f 410 	412 	409
f 411 	409 	412
f 410 	413 	412
f 414 	398 	408
f 415 	398 	414
f 431 	450 	409
f 398 	416 	417
f 398 	417 	418
f 419 	400 	418
f 421 	398 	420
f 416 	398 	421
f 415 	420 	398
f 774 	775 	400
f 423 	424 	400
f 774 	400 	424
f 422 	423 	400
f 419 	422 	400
f 412 	403 	411
f 404 	411 	403
f 407 	406 	432
f 432 	406 	433
f 405 	433 	406
f 432 	414 	408
f 432 	408 	407
f 421 	435 	416
f 413 	426 	427
f 413 	427 	428
f 425 	412 	428
f 413 	428 	412
f 430 	412 	429
f 425 	429 	412
f 418 	439 	419
f 418 	417 	439
f 388 	431 	391
f 404 	402 	431
f 402 	828 	431
f 415 	434 	420
f 414 	434 	415
f 432 	434 	414
f 420 	434 	421
f 435 	421 	434
f 431 	409 	411
f 431 	411 	404
f 417 	416 	435
f 437 	436 	438
f 422 	419 	439
f 417 	435 	439
f 441 	437 	438
f 439 	440 	422
f 423 	422 	440
f 438 	444 	441
f 443 	441 	444
f 442 	443 	444
f 440 	457 	455
f 448 	432 	433
f 442 	450 	443
f 449 	434 	432
f 448 	449 	432
f 442 	444 	445
f 444 	427 	445
f 426 	445 	427
f 435 	434 	451
f 429 	425 	446
f 428 	446 	425
f 446 	428 	444
f 427 	444 	428
f 446 	430 	429
f 456 	440 	439
f 448 	433 	447
f 434 	449 	451
f 435 	451 	452
f 413 	410 	450
f 410 	409 	450
f 450 	445 	413
f 450 	441 	443
f 470 	469 	447
f 449 	448 	471
f 437 	450 	474
f 441 	450 	437
f 450 	442 	445
f 426 	413 	445
f 453 	337 	356
f 452 	451 	473
f 337 	453 	387
f 431 	388 	454
f 452 	439 	435
f 452 	456 	439
f 440 	456 	457
f 454 	450 	431
f 436 	458 	438
f 461 	462 	460
f 457 	459 	455
f 465 	466 	464
f 463 	464 	466
f 460 	466 	461
f 465 	461 	466
f 438 	458 	467
f 468 	467 	458
f 452 	475 	456
f 468 	463 	467
f 466 	467 	463
f 469 	448 	447
f 469 	471 	448
f 449 	471 	472
f 451 	449 	472
f 451 	472 	473
f 453 	474 	454
f 473 	475 	452
f 454 	474 	450
f 476 	457 	456
f 461 	465 	546
f 462 	461 	546
f 474 	546 	465
f 464 	474 	465
f 456 	475 	476
f 478 	297 	486
f 183 	182 	166
f 167 	166 	182
f 135 	168 	182
f 184 	183 	174
f 175 	183 	165
f 166 	165 	183
f 174 	172 	184
f 173 	477 	171
f 184 	171 	477
f 178 	478 	477
f 173 	169 	477
f 478 	180 	297
f 179 	297 	180
f 479 	482 	480
f 143 	482 	479
f 482 	182 	480
f 480 	182 	481
f 481 	183 	483
f 182 	183 	481
f 482 	143 	134
f 482 	134 	135
f 482 	135 	182
f 492 	480 	481
f 481 	483 	493
f 484 	477 	485
f 184 	477 	484
f 485 	486 	496
f 486 	307 	497
f 183 	184 	483
f 483 	184 	484
f 478 	486 	485
f 478 	485 	477
f 486 	297 	307
f 248 	242 	487
f 500 	488 	489
f 489 	142 	490
f 502 	479 	491
f 490 	479 	502
f 479 	480 	491
f 491 	480 	492
f 242 	152 	487
f 242 	153 	152
f 487 	152 	154
f 487 	154 	488
f 488 	154 	141
f 488 	141 	489
f 489 	141 	142
f 142 	143 	490
f 490 	143 	479
f 492 	481 	493
f 493 	483 	494
f 494 	484 	495
f 483 	484 	494
f 484 	485 	495
f 495 	485 	496
f 496 	486 	497
f 497 	307 	498
f 248 	499 	243
f 499 	500 	243
f 500 	501 	243
f 501 	502 	243
f 491 	243 	502
f 492 	243 	491
f 493 	243 	492
f 494 	243 	493
f 495 	243 	494
f 496 	243 	495
f 497 	243 	496
f 498 	243 	497
f 487 	499 	248
f 499 	488 	500
f 499 	487 	488
f 489 	501 	500
f 501 	489 	490
f 501 	490 	502
f 132 	503 	124
f 507 	503 	506
f 505 	506 	503
f 132 	505 	503
f 503 	508 	124
f 507 	515 	503
f 164 	124 	508
f 508 	511 	164
f 312 	301 	315
f 301 	303 	315
f 170 	512 	176
f 504 	315 	303
f 511 	512 	170
f 514 	503 	515
f 504 	513 	509
f 504 	303 	513
f 513 	629 	509
f 517 	514 	516
f 514 	515 	516
f 514 	518 	503
f 247 	242 	248
f 247 	241 	242
f 519 	243 	268
f 519 	520 	243
f 510 	630 	605
f 520 	521 	243
f 521 	522 	243
f 523 	524 	243
f 524 	525 	243
f 525 	244 	243
f 513 	621 	629
f 519 	548 	520
f 498 	307 	308
f 498 	308 	526
f 474 	464 	463
f 474 	463 	468
f 474 	468 	458
f 474 	458 	436
f 436 	437 	474
f 524 	544 	525
f 533 	534 	535
f 365 	534 	366
f 525 	238 	244
f 534 	365 	535
f 238 	239 	244
f 537 	539 	536
f 540 	536 	539
f 533 	535 	541
f 540 	541 	535
f 536 	540 	535
f 538 	545 	542
f 460 	543 	536
f 537 	536 	543
f 544 	524 	542
f 544 	238 	525
f 543 	546 	537
f 462 	543 	460
f 365 	893 	535
f 535 	894 	536
f 542 	545 	191
f 545 	204 	191
f 542 	191 	544
f 546 	356 	368
f 544 	192 	238
f 192 	193 	238
f 356 	546 	453
f 474 	453 	546
f 204 	545 	203
f 368 	541 	546
f 547 	268 	292
f 268 	547 	519
f 368 	366 	534
f 368 	534 	533
f 533 	541 	368
f 548 	519 	547
f 539 	546 	540
f 541 	540 	546
f 549 	521 	520
f 537 	546 	539
f 462 	546 	543
f 520 	548 	549
f 521 	549 	551
f 551 	522 	521
f 523 	522 	538
f 551 	538 	522
f 523 	538 	542
f 524 	523 	542
f 550 	403 	553
f 292 	556 	547
f 412 	553 	403
f 550 	554 	552
f 553 	554 	550
f 568 	549 	548
f 554 	399 	552
f 553 	561 	554
f 552 	399 	395
f 551 	572 	538
f 557 	553 	559
f 558 	553 	557
f 555 	553 	558
f 412 	430 	553
f 559 	553 	430
f 561 	553 	560
f 555 	560 	553
f 292 	313 	556
f 547 	556 	562
f 565 	554 	561
f 563 	554 	565
f 564 	554 	563
f 562 	548 	547
f 567 	399 	566
f 405 	399 	567
f 554 	566 	399
f 548 	562 	568
f 229 	568 	230
f 566 	554 	570
f 569 	570 	554
f 564 	569 	554
f 430 	446 	559
f 571 	551 	549
f 446 	574 	559
f 549 	568 	571
f 571 	572 	551
f 574 	558 	557
f 560 	555 	575
f 558 	575 	555
f 572 	545 	538
f 575 	565 	561
f 575 	561 	560
f 569 	564 	576
f 563 	576 	564
f 313 	226 	556
f 226 	225 	556
f 569 	577 	570
f 556 	224 	223
f 567 	566 	577
f 570 	577 	566
f 556 	223 	562
f 567 	433 	405
f 562 	230 	568
f 562 	231 	230
f 444 	573 	446
f 237 	236 	571
f 573 	574 	446
f 571 	202 	572
f 880 	881 	573
f 572 	203 	545
f 572 	202 	203
f 226 	313 	227
f 557 	559 	574
f 224 	556 	225
f 574 	575 	558
f 223 	221 	562
f 231 	562 	221
f 568 	229 	234
f 565 	576 	563
f 568 	234 	233
f 568 	233 	235
f 565 	575 	576
f 568 	235 	571
f 237 	571 	235
f 577 	569 	576
f 202 	571 	236
f 236 	215 	202
f 579 	228 	578
f 576 	888 	577
f 228 	579 	222
f 222 	580 	232
f 433 	567 	577
f 222 	579 	580
f 232 	580 	581
f 584 	581 	583
f 582 	583 	581
f 581 	588 	591
f 591 	593 	581
f 883 	576 	575
f 586 	578 	585
f 578 	586 	579
f 577 	447 	433
f 579 	587 	580
f 579 	586 	587
f 438 	467 	589
f 580 	588 	581
f 589 	444 	438
f 587 	588 	580
f 589 	573 	444
f 590 	591 	588
f 466 	592 	467
f 582 	581 	593
f 291 	313 	292
f 305 	304 	598
f 587 	319 	588
f 306 	305 	680
f 588 	594 	595
f 588 	595 	590
f 306 	677 	309
f 320 	594 	319
f 588 	319 	594
f 583 	596 	584
f 220 	584 	596
f 583 	582 	596
f 220 	596 	213
f 304 	597 	598
f 597 	304 	600
f 310 	527 	526
f 312 	528 	527
f 312 	315 	528
f 528 	315 	529
f 529 	504 	530
f 315 	504 	529
f 504 	509 	530
f 531 	530 	509
f 510 	532 	531
f 509 	510 	531
f 526 	243 	498
f 527 	243 	526
f 528 	243 	527
f 529 	243 	528
f 530 	243 	529
f 531 	243 	530
f 532 	243 	531
f 601 	243 	532
f 601 	602 	243
f 602 	603 	243
f 603 	604 	243
f 604 	256 	243
f 605 	532 	510
f 605 	601 	532
f 606 	602 	601
f 601 	605 	606
f 602 	606 	607
f 602 	607 	603
f 607 	608 	603
f 603 	608 	604
f 604 	269 	256
f 608 	269 	604
f 640 	607 	606
f 642 	269 	608
f 288 	278 	610
f 610 	609 	612
f 611 	612 	609
f 613 	614 	609
f 609 	615 	611
f 615 	614 	617
f 616 	617 	614
f 609 	614 	615
f 655 	609 	278
f 609 	618 	613
f 612 	619 	610
f 615 	619 	611
f 618 	628 	613
f 288 	610 	619
f 620 	513 	303
f 303 	619 	620
f 617 	620 	615
f 615 	620 	619
f 612 	611 	619
f 623 	620 	622
f 617 	622 	620
f 616 	622 	617
f 622 	616 	614
f 622 	628 	623
f 621 	620 	624
f 625 	624 	620
f 623 	625 	620
f 624 	626 	621
f 621 	626 	627
f 634 	621 	627
f 628 	622 	614
f 623 	628 	625
f 628 	639 	626
f 626 	624 	628
f 628 	624 	625
f 614 	613 	628
f 629 	510 	509
f 629 	630 	510
f 636 	635 	630
f 633 	637 	630
f 513 	620 	621
f 629 	632 	633
f 630 	629 	633
f 629 	621 	634
f 629 	634 	632
f 631 	630 	635
f 636 	630 	637
f 643 	631 	638
f 635 	638 	631
f 627 	626 	639
f 637 	633 	639
f 633 	632 	639
f 632 	634 	639
f 627 	639 	634
f 638 	635 	651
f 635 	636 	651
f 639 	636 	637
f 605 	630 	631
f 605 	631 	606
f 631 	640 	606
f 641 	608 	607
f 640 	641 	607
f 641 	642 	608
f 641 	649 	642
f 638 	651 	643
f 643 	644 	640
f 643 	640 	631
f 646 	641 	645
f 647 	641 	646
f 640 	645 	641
f 645 	640 	648
f 644 	648 	640
f 650 	642 	649
f 647 	649 	641
f 651 	648 	644
f 651 	644 	643
f 651 	636 	639
f 651 	652 	646
f 651 	646 	645
f 651 	645 	648
f 651 	671 	652
f 650 	649 	652
f 649 	647 	652
f 646 	652 	647
f 176 	512 	653
f 276 	654 	278
f 653 	654 	276
f 655 	278 	654
f 658 	655 	657
f 656 	657 	655
f 655 	658 	609
f 662 	655 	654
f 662 	664 	655
f 664 	665 	655
f 658 	618 	609
f 659 	660 	512
f 512 	660 	653
f 653 	661 	654
f 660 	661 	653
f 661 	662 	654
f 662 	663 	664
f 656 	655 	665
f 661 	903 	662
f 662 	666 	667
f 662 	667 	663
f 662 	903 	666
f 618 	658 	668
f 657 	668 	658
f 657 	656 	668
f 618 	668 	628
f 628 	669 	639
f 668 	669 	628
f 669 	670 	639
f 669 	674 	670
f 670 	651 	639
f 670 	671 	651
f 670 	675 	671
f 665 	672 	668
f 665 	668 	656
f 665 	664 	672
f 663 	672 	664
f 672 	673 	668
f 668 	673 	669
f 673 	674 	669
f 674 	675 	670
f 673 	317 	674
f 674 	3 	675
f 317 	3 	674
f 904 	314 	666
f 667 	672 	663
f 672 	316 	673
f 316 	317 	673
f 690 	255 	600
f 597 	600 	255
f 598 	597 	255
f 676 	598 	255
f 677 	249 	679
f 678 	249 	677
f 252 	679 	249
f 255 	249 	681
f 676 	255 	681
f 680 	681 	249
f 678 	680 	249
f 252 	249 	251
f 250 	251 	249
f 250 	249 	228
f 878 	249 	255
f 680 	305 	681
f 681 	305 	676
f 680 	678 	306
f 306 	678 	677
f 679 	309 	677
f 309 	251 	311
f 251 	250 	311
f 254 	311 	250
f 309 	679 	252
f 309 	252 	251
f 311 	253 	313
f 227 	313 	253
f 311 	254 	253
f 682 	683 	685
f 684 	682 	685
f 686 	687 	685
f 684 	685 	687
f 683 	682 	870
f 684 	687 	688
f 689 	688 	687
f 689 	687 	692
f 692 	687 	691
f 255 	691 	687
f 255 	690 	691
f 686 	693 	687
f 269 	694 	270
f 642 	694 	269
f 694 	695 	270
f 701 	695 	700
f 695 	271 	270
f 694 	699 	695
f 642 	650 	696
f 698 	694 	696
f 697 	694 	698
f 642 	696 	694
f 697 	699 	694
f 700 	695 	699
f 700 	699 	702
f 699 	697 	702
f 698 	702 	697
f 702 	698 	652
f 698 	696 	652
f 650 	652 	696
f 702 	701 	700
f 695 	703 	271
f 271 	703 	272
f 704 	272 	703
f 711 	712 	704
f 704 	865 	705
f 708 	703 	707
f 706 	703 	708
f 695 	707 	703
f 701 	707 	695
f 710 	703 	709
f 706 	709 	703
f 703 	710 	704
f 711 	704 	710
f 865 	704 	712
f 711 	713 	712
f 702 	713 	708
f 702 	708 	707
f 702 	707 	701
f 709 	706 	713
f 708 	713 	706
f 712 	713 	868
f 872 	868 	713
f 713 	711 	710
f 713 	710 	709
f 702 	896 	713
f 371 	743 	374
f 367 	354 	714
f 372 	714 	369
f 376 	714 	373
f 714 	376 	375
f 714 	375 	378
f 714 	378 	367
f 378 	377 	367
f 357 	367 	377
f 715 	328 	339
f 341 	715 	339
f 343 	715 	341
f 354 	334 	715
f 715 	714 	354
f 346 	716 	347
f 347 	716 	348
f 348 	716 	717
f 349 	345 	717
f 348 	717 	345
f 351 	350 	717
f 349 	717 	350
f 720 	721 	719
f 718 	719 	721
f 721 	720 	717
f 351 	717 	720
f 351 	720 	352
f 718 	721 	722
f 721 	369 	722
f 721 	717 	370
f 721 	370 	371
f 721 	371 	369
f 723 	715 	343
f 343 	342 	723
f 344 	723 	342
f 353 	723 	344
f 715 	723 	714
f 352 	720 	353
f 723 	353 	720
f 719 	723 	720
f 723 	722 	714
f 369 	714 	722
f 723 	719 	718
f 723 	718 	722
f 2 	17 	724
f 322 	724 	725
f 724 	727 	725
f 322 	725 	323
f 17 	726 	724
f 726 	17 	20
f 727 	724 	726
f 735 	727 	726
f 725 	727 	340
f 346 	347 	727
f 340 	727 	347
f 725 	340 	338
f 20 	32 	728
f 20 	728 	729
f 20 	729 	730
f 731 	726 	730
f 732 	726 	731
f 20 	730 	726
f 726 	733 	734
f 726 	734 	735
f 736 	727 	735
f 738 	726 	737
f 726 	732 	737
f 726 	738 	733
f 736 	739 	727
f 739 	740 	727
f 740 	741 	727
f 346 	727 	741
f 743 	371 	742
f 744 	374 	743
f 742 	748 	743
f 374 	744 	358
f 744 	745 	358
f 361 	358 	745
f 361 	746 	365
f 361 	745 	746
f 745 	750 	751
f 745 	751 	746
f 748 	742 	747
f 743 	749 	744
f 743 	748 	749
f 744 	750 	745
f 744 	749 	750
f 40 	830 	829
f 40 	747 	830
f 40 	748 	747
f 40 	749 	748
f 40 	750 	749
f 40 	751 	750
f 835 	752 	753
f 752 	40 	753
f 476 	757 	457
f 758 	459 	757
f 470 	40 	469
f 40 	471 	469
f 40 	472 	471
f 40 	473 	472
f 40 	475 	473
f 40 	476 	475
f 40 	757 	476
f 40 	758 	757
f 40 	759 	758
f 40 	760 	759
f 40 	761 	760
f 40 	36 	761
f 763 	795 	762
f 757 	459 	457
f 459 	758 	762
f 758 	759 	762
f 762 	759 	763
f 764 	763 	760
f 759 	760 	763
f 764 	761 	765
f 761 	764 	760
f 761 	36 	765
f 765 	36 	49
f 767 	766 	769
f 766 	770 	771
f 771 	769 	766
f 768 	770 	766
f 770 	768 	772
f 773 	768 	776
f 776 	768 	775
f 400 	775 	768
f 778 	768 	777
f 773 	777 	768
f 784 	777 	773
f 773 	776 	784
f 777 	784 	778
f 779 	781 	778
f 780 	781 	779
f 768 	778 	781
f 768 	781 	772
f 390 	767 	782
f 769 	782 	767
f 771 	782 	769
f 424 	783 	774
f 775 	774 	783
f 775 	783 	776
f 783 	784 	776
f 779 	778 	784
f 787 	788 	786
f 785 	786 	788
f 784 	788 	787
f 780 	779 	787
f 784 	787 	779
f 788 	793 	789
f 788 	789 	785
f 783 	424 	440
f 423 	440 	424
f 440 	455 	783
f 783 	455 	784
f 794 	788 	784
f 790 	782 	771
f 771 	770 	790
f 772 	790 	770
f 781 	790 	772
f 790 	848 	782
f 780 	787 	781
f 790 	781 	787
f 786 	790 	787
f 786 	785 	790
f 789 	790 	785
f 791 	384 	380
f 782 	791 	380
f 791 	792 	384
f 386 	83 	8
f 792 	83 	386
f 782 	848 	791
f 794 	784 	455
f 795 	788 	794
f 762 	795 	794
f 796 	793 	795
f 788 	795 	793
f 795 	797 	798
f 795 	798 	796
f 508 	503 	518
f 518 	799 	508
f 518 	822 	799
f 508 	799 	511
f 511 	659 	512
f 799 	659 	511
f 819 	820 	801
f 385 	819 	801
f 800 	514 	517
f 518 	821 	822
f 163 	803 	802
f 804 	162 	802
f 140 	505 	132
f 506 	505 	805
f 140 	805 	505
f 803 	806 	802
f 803 	807 	806
f 802 	808 	804
f 802 	806 	808
f 804 	809 	805
f 804 	808 	809
f 517 	516 	809
f 805 	809 	516
f 800 	517 	809
f 805 	516 	515
f 805 	515 	507
f 805 	507 	506
f 807 	333 	381
f 806 	807 	381
f 806 	383 	808
f 806 	381 	383
f 808 	385 	809
f 808 	383 	385
f 809 	801 	800
f 385 	801 	809
f 215 	232 	810
f 215 	810 	214
f 217 	214 	810
f 810 	218 	216
f 206 	205 	218
f 205 	216 	218
f 217 	810 	216
f 219 	218 	810
f 581 	810 	232
f 810 	581 	584
f 810 	584 	220
f 810 	220 	219
f 193 	239 	238
f 193 	811 	239
f 193 	200 	813
f 200 	185 	813
f 814 	811 	813
f 813 	811 	193
f 190 	812 	187
f 811 	188 	812
f 187 	812 	188
f 188 	811 	186
f 814 	186 	811
f 155 	153 	189
f 812 	189 	153
f 812 	190 	189
f 814 	185 	186
f 185 	814 	813
f 213 	599 	201
f 599 	213 	596
f 201 	599 	815
f 599 	818 	815
f 185 	201 	815
f 185 	815 	803
f 815 	807 	803
f 185 	803 	163
f 593 	816 	596
f 593 	596 	582
f 593 	591 	816
f 590 	816 	591
f 596 	816 	817
f 599 	596 	817
f 818 	599 	817
f 817 	332 	818
f 807 	815 	818
f 595 	594 	330
f 320 	330 	594
f 330 	816 	595
f 595 	816 	590
f 816 	330 	331
f 817 	816 	331
f 332 	817 	331
f 818 	333 	807
f 818 	332 	333
f 800 	801 	820
f 819 	396 	820
f 800 	820 	514
f 518 	514 	821
f 820 	821 	514
f 822 	823 	799
f 826 	822 	821
f 822 	827 	823
f 826 	827 	822
f 799 	823 	659
f 824 	820 	396
f 392 	824 	393
f 396 	393 	824
f 824 	825 	820
f 820 	825 	821
f 825 	826 	821
f 825 	552 	826
f 402 	403 	828
f 401 	828 	403
f 391 	828 	401
f 391 	431 	828
f 403 	824 	401
f 401 	824 	392
f 824 	550 	825
f 403 	550 	824
f 550 	552 	825
f 552 	395 	826
f 826 	395 	827
f 333 	387 	381
f 333 	337 	387
f 752 	48 	40
f 754 	753 	40
f 40 	755 	754
f 40 	756 	755
f 756 	40 	829
f 831 	370 	717
f 370 	831 	834
f 834 	831 	833
f 370 	834 	742
f 834 	747 	742
f 832 	829 	833
f 833 	829 	830
f 830 	834 	833
f 830 	747 	834
f 838 	832 	842
f 835 	58 	752
f 752 	58 	48
f 753 	836 	835
f 836 	753 	754
f 836 	754 	837
f 838 	837 	755
f 755 	837 	754
f 838 	755 	756
f 838 	756 	832
f 832 	756 	829
f 731 	839 	840
f 738 	840 	841
f 836 	837 	840
f 716 	741 	843
f 740 	843 	741
f 740 	739 	843
f 842 	843 	739
f 716 	843 	831
f 843 	832 	833
f 843 	833 	831
f 716 	831 	717
f 68 	58 	835
f 68 	835 	839
f 839 	836 	840
f 839 	835 	836
f 841 	840 	837
f 841 	837 	838
f 841 	838 	842
f 843 	842 	832
f 741 	716 	346
f 729 	728 	839
f 839 	728 	68
f 32 	68 	728
f 737 	732 	840
f 731 	840 	732
f 839 	731 	730
f 729 	839 	730
f 840 	738 	737
f 841 	733 	738
f 734 	733 	841
f 739 	736 	842
f 735 	842 	736
f 735 	734 	842
f 841 	842 	734
f 282 	274 	276
f 275 	276 	293
f 798 	797 	845
f 844 	845 	797
f 797 	846 	847
f 797 	847 	844
f 459 	794 	455
f 459 	762 	794
f 848 	857 	791
f 789 	793 	848
f 790 	789 	848
f 796 	848 	793
f 798 	848 	796
f 845 	848 	798
f 845 	844 	848
f 847 	848 	844
f 848 	847 	857
f 846 	857 	847
f 849 	846 	850
f 797 	850 	846
f 850 	851 	852
f 850 	852 	853
f 850 	853 	849
f 852 	851 	854
f 851 	90 	855
f 851 	855 	856
f 851 	856 	854
f 855 	97 	856
f 856 	857 	854
f 90 	89 	855
f 795 	763 	797
f 797 	763 	764
f 764 	850 	797
f 764 	765 	850
f 851 	850 	765
f 851 	49 	90
f 765 	49 	851
f 857 	792 	791
f 792 	97 	83
f 857 	97 	792
f 846 	849 	857
f 853 	857 	849
f 857 	856 	97
f 89 	97 	855
f 853 	852 	857
f 852 	854 	857
f 858 	13 	859
f 858 	6 	13
f 861 	2 	321
f 862 	859 	13
f 11 	862 	12
f 12 	862 	13
f 859 	862 	863
f 862 	70 	15
f 859 	863 	860
f 860 	863 	1
f 862 	15 	863
f 863 	16 	1
f 15 	16 	863
f 860 	1 	861
f 2 	861 	1
f 69 	70 	864
f 14 	864 	70
f 10 	864 	14
f 11 	14 	862
f 70 	862 	14
f 705 	866 	302
f 865 	866 	705
f 302 	866 	867
f 682 	866 	870
f 302 	867 	304
f 600 	304 	867
f 869 	865 	868
f 868 	865 	712
f 866 	865 	870
f 870 	865 	871
f 869 	871 	865
f 682 	684 	866
f 688 	689 	866
f 692 	867 	866
f 871 	869 	872
f 868 	872 	869
f 872 	685 	870
f 872 	870 	871
f 713 	897 	872
f 688 	866 	684
f 692 	866 	689
f 692 	691 	867
f 690 	600 	867
f 690 	867 	691
f 683 	870 	685
f 686 	872 	693
f 685 	872 	686
f 693 	873 	687
f 875 	873 	874
f 876 	873 	875
f 693 	874 	873
f 687 	873 	877
f 255 	687 	877
f 878 	255 	877
f 249 	578 	228
f 249 	878 	578
f 910 	592 	466
f 592 	879 	467
f 589 	467 	879
f 589 	880 	573
f 589 	879 	880
f 574 	573 	881
f 913 	880 	879
f 882 	575 	574
f 881 	882 	574
f 882 	883 	575
f 876 	885 	873
f 884 	873 	885
f 887 	884 	886
f 885 	886 	884
f 883 	888 	576
f 873 	884 	889
f 873 	889 	877
f 877 	889 	890
f 889 	861 	890
f 877 	890 	878
f 878 	585 	578
f 878 	890 	585
f 858 	859 	892
f 891 	892 	859
f 900 	6 	892
f 447 	577 	888
f 912 	913 	879
f 880 	914 	881
f 914 	915 	881
f 881 	915 	882
f 883 	882 	916
f 916 	917 	883
f 917 	470 	888
f 888 	470 	447
f 365 	746 	893
f 535 	893 	894
f 859 	884 	891
f 887 	891 	884
f 884 	860 	889
f 884 	859 	860
f 861 	889 	860
f 890 	861 	321
f 890 	321 	585
f 652 	895 	702
f 895 	652 	671
f 895 	896 	702
f 897 	713 	896
f 899 	896 	895
f 872 	874 	693
f 897 	875 	874
f 897 	874 	872
f 671 	898 	895
f 671 	675 	898
f 898 	899 	895
f 896 	900 	897
f 899 	900 	896
f 900 	887 	886
f 900 	886 	897
f 897 	886 	885
f 897 	885 	876
f 897 	876 	875
f 675 	3 	4
f 4 	898 	675
f 898 	5 	899
f 6 	900 	899
f 5 	6 	899
f 900 	892 	891
f 900 	891 	887
f 858 	892 	6
f 659 	901 	660
f 901 	659 	823
f 901 	902 	660
f 660 	902 	661
f 902 	903 	661
f 902 	907 	903
f 904 	666 	903
f 823 	827 	905
f 905 	901 	823
f 901 	906 	902
f 905 	906 	901
f 906 	907 	902
f 907 	908 	382
f 907 	382 	903
f 908 	907 	389
f 908 	380 	382
f 389 	380 	908
f 903 	382 	379
f 903 	379 	904
f 827 	394 	905
f 395 	394 	827
f 394 	397 	905
f 909 	460 	536
f 536 	894 	909
f 910 	460 	909
f 910 	466 	460
f 918 	893 	746
f 919 	894 	893
f 909 	894 	920
f 879 	592 	912
f 592 	911 	912
f 911 	592 	910
f 914 	880 	913
f 882 	915 	916
f 888 	883 	917
f 918 	746 	751
f 893 	918 	919
f 919 	920 	894
f 909 	921 	910
f 909 	920 	921
f 921 	911 	910
f 751 	40 	918
f 40 	919 	918
f 40 	920 	919
f 40 	921 	920
f 921 	40 	911
f 40 	912 	911
f 40 	913 	912
f 914 	913 	40
f 40 	915 	914
f 40 	916 	915
f 40 	917 	916
f 40 	470 	917
f 585 	922 	586
f 585 	321 	922
f 318 	586 	922
f 322 	922 	321
f 922 	323 	318
f 922 	322 	323
f 318 	587 	586
f 319 	587 	318
f 905 	397 	906
f 766 	906 	397
f 906 	766 	907
f 390 	389 	907
f 907 	766 	390
f 767 	390 	766
f 667 	666 	314
f 314 	904 	379
f 667 	314 	672
f 316 	672 	314
# 1840 faces

 #end of obj_0

o obj_1
v -5.8171 		1.8076 		0.6632
v -4.6522 		1.7788 		0.6632
v -9.1545 		5.125 		0.81
v -9.1158 		4.2439 		0.81
v -9.0012 		3.3776 		0.81
v -8.8118 		2.5415 		0.81
v -9.0777 		4.2513 		0.6632
v -9.1158 		5.125 		0.6632
v -8.964 		3.3927 		0.6632
v -8.7761 		2.5636 		0.6632
v -8.6363 		2.1387 		0.6632
v -8.6521 		2.127 		0.7302
v -8.655 		2.1248 		0.7426
v -8.5889 		2.1744 		0.5963
v -6.9028 		1.9761 		0.5189
v -5.7871 		1.8929 		0.5189
v -4.6522 		1.865 		0.5189
v -6.805 		2.1131 		0.3796
v -5.7379 		2.0335 		0.3796
v -4.6522 		2.0069 		0.3796
v -6.7449 		2.1971 		0.3209
v -6.8937 		2.2138 		0.3223
v -6.8838 		2.2127 		0.3222
v -6.9366 		2.2184 		0.3228
v -6.2841 		2.1708 		0.3155
v -6.2519 		2.1687 		0.3153
v -5.7208 		2.135 		0.3113
v -5.7026 		2.1338 		0.3113
v -6.1657 		2.1633 		0.3146
v -5.1527 		2.1245 		0.3084
v -4.9764 		2.1204 		0.3083
v -4.6522 		2.113 		0.3079
v -5.5446 		2.1311 		0.3104
v -5.179 		2.1251 		0.3085
v -5.8174 		5.01 		0.2523
v -5.8273 		5.125 		0.2523
v -5.7874 		4.8968 		0.2523
v -5.7379 		4.7877 		0.2523
v -5.6701 		4.6844 		0.2523
v -4.6522 		5.125 		0.2475
v -5.5846 		4.5886 		0.2523
v -5.4831 		4.502 		0.2523
v -5.3676 		4.4259 		0.2523
v -5.2398 		4.3618 		0.2523
v -5.1021 		4.3109 		0.2523
v -4.9565 		4.2738 		0.2523
v -4.8056 		4.2513 		0.2523
v -4.6522 		4.2439 		0.2523
v -6.9826 		5.125 		0.2666
v -6.9625 		4.8968 		0.2666
v -6.9031 		4.6727 		0.2666
v -6.8053 		4.4563 		0.2666
v -6.6702 		4.2513 		0.2666
v -5.8174 		3.6119 		0.2666
v -5.5441 		3.5106 		0.2666
v -5.2554 		3.4373 		0.2666
v -4.9565 		3.3927 		0.2666
v -4.6522 		3.3776 		0.2666
v -7.0885 		3.2982 		0.2903
v -6.501 		4.0612 		0.2666
v -6.2999 		3.8895 		0.2666
v -6.071 		3.7388 		0.2666
v -6.7497 		3.0752 		0.2903
v -6.375 		2.8876 		0.2903
v -5.9708 		2.7382 		0.2903
v -5.5441 		2.6295 		0.2903
v -5.1021 		2.5636 		0.2903
v -4.6522 		2.5415 		0.2903
v -8.5338 		2.2156 		0.5189
v -7.9797 		2.1131 		0.5189
v -8.5338 		2.2156 		0.5188
v -8.4407 		2.2855 		0.442
v -8.3651 		2.3422 		0.3796
v -8.4549 		2.2749 		0.4537
v -7.8351 		2.2443 		0.3796
v -8.3651 		2.3423 		0.3795
v -7.7746 		2.2989 		0.3396
v -8.315 		2.3798 		0.3511
v -8.3136 		2.3796 		0.3511
v -7.9782 		2.3294 		0.3439
v -7.5638 		2.2799 		0.3346
v -7.4128 		2.2651 		0.3318
v -9.0012 		5.125 		0.5188
v -8.964 		4.2738 		0.5188
v -8.8529 		3.4373 		0.5188
v -8.6543 		4.7299 		0.3085
v -8.6643 		4.9728 		0.3082
v -8.0682 		4.7877 		0.2903
v -8.6706 		5.125 		0.3079
v -8.0977 		5.125 		0.2903
v -7.9803 		4.4563 		0.2903
v -8.6409 		4.3236 		0.3114
v -8.6426 		4.3372 		0.3113
v -8.6502 		4.5909 		0.3095
v -8.6539 		4.715 		0.3086
v -8.6287 		4.2146 		0.3125
v -8.8118 		5.125 		0.3795
v -8.7761 		4.3109 		0.3795
v -8.5302 		3.4139 		0.3228
v -7.8354 		4.1363 		0.2903
v -8.5934 		3.901 		0.3156
v -8.601 		3.9687 		0.3149
v -8.5358 		3.4439 		0.3223
v -8.5582 		3.5556 		0.3209
v -8.5865 		3.8333 		0.3166
v -7.6361 		3.8333 		0.2903
v -7.3859 		3.5522 		0.2903
v -8.5349 		3.4389 		0.3224
v -8.6699 		3.5106 		0.3795
v -8.6699 		2.6295 		0.5188
v -8.5035 		3.2611 		0.3267
v -8.4703 		3.0701 		0.3314
v -8.2237 		3.0701 		0.3228
v -8.4478 		2.9411 		0.3346
v -8.3958 		2.6828 		0.3425
v -8.4226 		2.7833 		0.3397
v -7.8354 		2.7382 		0.3228
v -8.373 		2.5976 		0.3449
v -7.3928 		2.447 		0.3228
v -8.4952 		2.7382 		0.3795
v -1.2815 		7.9138 		1.2751
v -0.9394 		7.9077 		1.2405
v -0.9394 		7.9078 		1.2404
v -1.4694 		8.0057 		1.2404
v -0.9909 		7.8704 		1.2689
v -0.9894 		7.8702 		1.2689
v -1.3954 		7.9309 		1.2775
v -1.5299 		7.9511 		1.2804
v -2.1662 		8.0119 		1.2934
v -1.9117 		7.9869 		1.2886
v -1.7406 		7.9701 		1.2854
v -0.8642 		7.9642 		1.1783
v -1.0808 		7.1799 		1.2971
v -1.4691 		7.5118 		1.2971
v -1.9117 		7.8029 		1.2971
v -0.837 		7.1961 		1.2882
v -0.8567 		7.3089 		1.2853
v -0.9231 		7.6211 		1.2759
v -0.8819 		7.4667 		1.2803
v -0.8093 		7.5118 		1.2405
v -1.4691 		6.1136 		1.3297
v -1.6684 		6.4167 		1.3297
v -1.9186 		6.6977 		1.3297
v -0.7112 		6.349 		1.3044
v -0.7013 		6.2606 		1.3053
v -0.7086 		6.3254 		1.3046
v -0.7463 		6.6944 		1.2991
v -0.7673 		6.7992 		1.2978
v -0.7686 		6.8061 		1.2977
v -0.7743 		6.8361 		1.2971
v -0.6346 		6.7394 		1.2405
v -1.2363 		5.4623 		1.3297
v -1.2068 		5.125 		1.3297
v -1.3242 		5.7937 		1.3297
v -0.6339 		5.125 		1.312
v -0.6439 		5.3687 		1.3117
v -0.6501 		5.5201 		1.3115
v -0.6493 		5.5009 		1.3115
v -0.6584 		5.7948 		1.3095
v -0.6619 		5.9128 		1.3087
v -0.6636 		5.9264 		1.3086
v -0.5284 		5.939 		1.2405
v -0.4927 		5.125 		1.2405
v -2.4995 		8.1368 		1.2404
v -2.5596 		8.0529 		1.2991
v -2.4108 		8.0362 		1.2977
v -2.4037 		8.0354 		1.2976
v -2.368 		8.0317 		1.2971
v -3.6019 		8.1162 		1.3087
v -3.5666 		8.2165 		1.2404
v -3.438 		8.1058 		1.3076
v -3.1095 		8.085 		1.3051
v -3.5837 		8.115 		1.3086
v -3.0203 		8.0793 		1.3044
v -2.9295 		8.0741 		1.3034
v -4.6522 		8.243 		1.2404
v -4.1048 		8.1245 		1.3114
v -3.9397 		8.1218 		1.3105
v -4.6522 		8.137 		1.3121
v -4.4488 		8.1323 		1.3119
v -4.1255 		8.1249 		1.3115
v -2.5548 		7.1747 		1.3297
v -2.9295 		7.3624 		1.3297
v -3.3337 		7.5118 		1.3297
v -0.5284 		4.3109 		1.2405
v -0.6619 		4.3372 		1.3087
v -0.6506 		4.715 		1.3114
v -0.6543 		4.5909 		1.3105
v -0.6402 		4.9728 		1.3118
v -0.6502 		4.7299 		1.3115
v -1.9186 		3.5522 		1.3297
v -1.6684 		3.8333 		1.3297
v -1.4691 		4.1363 		1.3297
v -0.7696 		3.4389 		1.2976
v -0.7687 		3.4439 		1.2977
v -0.7743 		3.4139 		1.2971
v -0.7111 		3.901 		1.3044
v -0.718 		3.8333 		1.3034
v -0.7463 		3.5556 		1.2991
v -0.7035 		3.9687 		1.3051
v -0.6346 		3.5106 		1.2405
v -1.9117 		2.447 		1.2971
v -1.4691 		2.7382 		1.2971
v -1.0808 		3.0701 		1.2971
v -0.9909 		2.3796 		1.2689
v -0.9895 		2.3798 		1.2689
v -0.9315 		2.5976 		1.275
v -0.9087 		2.6828 		1.2775
v -0.8567 		2.9411 		1.2853
v -0.8819 		2.7833 		1.2803
v -0.8342 		3.0701 		1.2886
v -0.801 		3.2611 		1.2933
v -0.8093 		2.7382 		1.2405
v -1.7407 		2.2799 		1.2854
v -1.8917 		2.2651 		1.2882
v -1.3263 		2.3294 		1.276
v -1.5299 		2.2989 		1.2804
v -0.9394 		2.3423 		1.2405
v -0.9394 		2.3422 		1.2404
v -0.8638 		2.2855 		1.178
v -3.6019 		2.1338 		1.3087
v -3.5666 		2.0335 		1.2404
v -3.7599 		2.1311 		1.3095
v -4.1255 		2.1251 		1.3115
v -4.1518 		2.1245 		1.3115
v -4.3281 		2.1204 		1.3117
v -4.6522 		2.113 		1.3121
v -4.6522 		2.0069 		1.2404
v -3.0526 		2.1687 		1.3047
v -3.1388 		2.1633 		1.3053
v -3.5837 		2.135 		1.3086
v -2.4995 		2.1131 		1.2404
v -2.5596 		2.1971 		1.2991
v -3.0204 		2.1708 		1.3044
v -2.4207 		2.2127 		1.2978
v -2.3679 		2.2184 		1.2971
v -2.4108 		2.2138 		1.2977
v -2.6343 		4.2513 		1.3533
v -2.4992 		4.4563 		1.3533
v -2.4014 		4.6727 		1.3533
v -2.342 		4.8968 		1.3533
v -2.3219 		5.125 		1.3533
v -4.6522 		5.125 		1.3725
v -3.6344 		4.6844 		1.3677
v -3.5666 		4.7877 		1.3677
v -3.5171 		4.8968 		1.3677
v -3.4871 		5.01 		1.3677
v -3.4772 		5.125 		1.3677
v -5.7379 		2.0335 		1.2404
v -5.1997 		2.1255 		1.3114
v -5.3648 		2.1282 		1.3105
v -5.7026 		2.1338 		1.3087
v -4.8557 		2.1177 		1.3119
v -5.179 		2.1251 		1.3115
v -6.805 		2.1131 		1.2404
v -5.8273 		5.125 		1.3677
v -5.8174 		5.01 		1.3677
v -5.7874 		4.8968 		1.3677
v -5.7379 		4.7877 		1.3677
v -5.6701 		4.6844 		1.3677
v -5.5846 		4.5886 		1.3677
v -5.4831 		4.502 		1.3677
v -5.3676 		4.4259 		1.3677
v -5.2398 		4.3618 		1.3677
v -5.1021 		4.3109 		1.3677
v -4.9565 		4.2738 		1.3677
v -4.8056 		4.2513 		1.3677
v -4.6522 		4.2439 		1.3677
v -6.9826 		5.125 		1.3533
v -6.9625 		4.8968 		1.3533
v -6.9031 		4.6727 		1.3533
v -6.8053 		4.4563 		1.3533
v -6.6702 		4.2513 		1.3533
v -5.5446 		8.1189 		1.3095
v -5.1527 		8.1255 		1.3115
v -5.7379 		8.2165 		1.2404
v -4.9764 		8.1296 		1.3117
v -6.805 		8.1368 		1.2404
v -6.2519 		8.0813 		1.3047
v -6.1657 		8.0867 		1.3053
v -5.7208 		8.115 		1.3086
v -5.7026 		8.1162 		1.3087
v -5.8174 		3.6119 		1.3533
v -6.7449 		8.0529 		1.2991
v -5.5441 		3.5106 		1.3533
v -6.2841 		8.0792 		1.3044
v -6.8838 		8.0373 		1.2978
v -6.9366 		8.0316 		1.2971
v -6.8937 		8.0362 		1.2977
v -5.2554 		3.4373 		1.3533
v -4.9565 		3.3927 		1.3533
v -4.6522 		3.3776 		1.3533
v -5.179 		8.1249 		1.3115
v -6.501 		4.0612 		1.3533
v -5.1021 		7.6864 		1.3297
v -6.2999 		3.8895 		1.3533
v -4.6522 		7.7084 		1.3297
v -5.5441 		7.6205 		1.3297
v -6.071 		3.7388 		1.3533
v -5.9708 		7.5118 		1.3297
v -6.375 		7.3624 		1.3297
v -7.0885 		3.2982 		1.3297
v -6.7497 		7.1747 		1.3297
v -6.7497 		3.0752 		1.3297
v -6.375 		2.8876 		1.3297
v -5.9708 		2.7382 		1.3297
v -4.6522 		6.8723 		1.3533
v -4.9565 		6.8573 		1.3533
v -5.5441 		2.6295 		1.3297
v -5.2554 		6.8127 		1.3533
v -5.1021 		2.5636 		1.3297
v -5.5441 		6.7394 		1.3533
v -4.6522 		2.5415 		1.3297
v -8.8118 		7.7084 		0.81
v -5.8174 		6.6381 		1.3533
v -9.0012 		6.8723 		0.81
v -9.1158 		6.0061 		0.81
v -2.3222 		1.865 		0.81
v -1.2071 		2.0069 		0.81
v -0.6336 		2.113 		0.81
v -4.6522 		1.75 		0.81
v -3.4874 		1.8076 		0.6632
v -2.3423 		1.8929 		0.6632
v -1.2369 		2.0335 		0.6632
v -0.6682 		2.1387 		0.6632
v -0.6524 		2.127 		0.7299
v -0.6495 		2.1249 		0.7423
v -0.7246 		2.1809 		0.5839
v -0.716 		2.1744 		0.596
v -0.4927 		2.5415 		0.81
v -0.3033 		3.3776 		0.81
v -0.1887 		4.2439 		0.81
v -0.15 		5.125 		0.81
v -0.5284 		2.5636 		0.6632
v -0.3405 		3.3927 		0.6632
v -0.2268 		4.2513 		0.6632
v -0.1887 		5.125 		0.6632
v -1.3248 		2.1131 		0.5189
v -0.7707 		2.2156 		0.5189
v -1.4694 		2.2443 		0.3796
v -0.7707 		2.2156 		0.5188
v -0.8642 		2.2858 		0.4417
v -0.85 		2.2751 		0.4534
v -0.9394 		2.3422 		0.3796
v -1.5299 		2.2989 		0.3396
v -2.1662 		2.2381 		0.3266
v -1.9117 		2.2631 		0.3314
v -1.7406 		2.2799 		0.3346
v -1.3954 		2.3191 		0.3425
v -1.2815 		2.3362 		0.3449
v -0.9909 		2.3796 		0.3511
v -0.9894 		2.3798 		0.3511
v -0.9394 		2.3423 		0.3795
v -0.4516 		3.4373 		0.5188
v -0.3405 		4.2738 		0.5188
v -0.3033 		5.125 		0.5188
v -0.6636 		4.3236 		0.3114
v -1.3242 		4.4563 		0.2903
v -0.6584 		4.4552 		0.3105
v -0.6619 		4.3372 		0.3113
v -1.2363 		4.7877 		0.2903
v -0.6501 		4.7299 		0.3085
v -0.6439 		4.8813 		0.3083
v -0.6493 		4.7491 		0.3085
v -1.2068 		5.125 		0.2903
v -0.6339 		5.125 		0.3079
v -0.5284 		4.3109 		0.3795
v -0.4927 		5.125 		0.3795
v -0.7743 		3.4139 		0.3228
v -1.9186 		3.5522 		0.2903
v -1.6684 		3.8333 		0.2903
v -0.7686 		3.4439 		0.3223
v -0.7673 		3.4508 		0.3222
v -1.4691 		4.1363 		0.2903
v -0.7112 		3.901 		0.3156
v -0.7463 		3.5556 		0.3209
v -0.7013 		3.9894 		0.3147
v -0.7086 		3.9246 		0.3153
v -8.655 		8.1251 		0.7423
v -8.7761 		7.6864 		0.6632
v -0.1887 		6.0061 		0.81
v -8.6521 		8.123 		0.7299
v -0.3033 		6.8723 		0.81
v -8.964 		6.8573 		0.6632
v -0.4927 		7.7084 		0.81
v -9.0777 		5.9987 		0.6632
v -0.2268 		5.9987 		0.6632
v -0.3405 		6.8573 		0.6632
v -8.5885 		8.0756 		0.596
v -8.5799 		8.0691 		0.5839
v -0.5284 		7.6864 		0.6632
v -0.6682 		8.1113 		0.6632
v -0.6524 		8.123 		0.7302
v -5.7871 		8.3571 		0.5189
v -4.6522 		8.385 		0.5189
v -0.6495 		8.1252 		0.7426
v -6.9028 		8.2739 		0.5189
v -5.7379 		8.2165 		0.3796
v -4.6522 		8.243 		0.3796
v -6.805 		8.1368 		0.3796
v -0.7156 		8.0756 		0.5963
v -0.7707 		8.0344 		0.5189
v -1.3248 		8.1368 		0.5189
v -0.7707 		8.0344 		0.5188
v -4.6522 		8.137 		0.3079
v -4.8557 		8.1323 		0.3081
v -5.179 		8.1249 		0.3085
v -5.1997 		8.1245 		0.3086
v -0.8638 		7.9645 		0.442
v -0.9394 		7.9078 		0.3796
v -0.8496 		7.9751 		0.4537
v -1.4694 		8.0057 		0.3796
v -0.9394 		7.9077 		0.3795
v -5.3648 		8.1218 		0.3095
v -5.7026 		8.1162 		0.3113
v -6.195 		8.085 		0.3149
v -6.2842 		8.0793 		0.3155
v -6.375 		8.0741 		0.3166
v -6.7449 		8.0529 		0.3209
v -5.7208 		8.115 		0.3113
v -5.8665 		8.1058 		0.3124
v -6.8937 		8.0362 		0.3223
v -6.9008 		8.0354 		0.3224
v -6.9365 		8.0317 		0.3228
v -1.5299 		7.9511 		0.3396
v -0.9895 		7.8702 		0.3511
v -0.9909 		7.8704 		0.3511
v -1.3263 		7.9206 		0.3439
v -1.7407 		7.9701 		0.3346
v -1.8917 		7.9849 		0.3318
v -0.6346 		7.6205 		0.5188
v -5.1021 		7.6864 		0.2903
v -4.6522 		7.7084 		0.2903
v -5.5441 		7.6205 		0.2903
v -5.9708 		7.5118 		0.2903
v -0.801 		6.9889 		0.3267
v -0.8342 		7.1799 		0.3314
v -1.0808 		7.1799 		0.3228
v -6.375 		7.3624 		0.2903
v -6.7497 		7.1747 		0.2903
v -0.8567 		7.3089 		0.3346
v -0.9087 		7.5672 		0.3425
v -0.8819 		7.4667 		0.3397
v -1.4691 		7.5118 		0.3228
v -0.9315 		7.6524 		0.3449
v -1.9117 		7.8029 		0.3228
v -4.6522 		6.8723 		0.2666
v -4.9565 		6.8573 		0.2666
v -5.2554 		6.8127 		0.2666
v -0.8093 		7.5118 		0.3795
v -5.5441 		6.7394 		0.2666
v -5.8174 		6.6381 		0.2666
v -0.3405 		5.9762 		0.5188
v -0.4516 		6.8127 		0.5188
v -7.0885 		6.9518 		0.2903
v -6.071 		6.5112 		0.2666
v -6.2999 		6.3605 		0.2666
v -0.7743 		6.8361 		0.3228
v -6.501 		6.1888 		0.2666
v -1.4691 		6.1136 		0.2903
v -0.7111 		6.349 		0.3156
v -0.7035 		6.2813 		0.3149
v -0.7687 		6.8061 		0.3223
v -0.7463 		6.6944 		0.3209
v -0.718 		6.4167 		0.3166
v -1.6684 		6.4167 		0.2903
v -1.9186 		6.6977 		0.2903
v -0.7696 		6.8111 		0.3224
v -4.8056 		5.9987 		0.2523
v -4.6522 		6.0061 		0.2523
v -4.9565 		5.9762 		0.2523
v -5.1021 		5.939 		0.2523
v -5.2398 		5.8882 		0.2523
v -0.6346 		6.7394 		0.3795
v -5.3676 		5.8241 		0.2523
v -5.4831 		5.748 		0.2523
v -3.7604 		7.6205 		1.3297
v -4.2024 		7.6864 		1.3297
v -2.8035 		6.1888 		1.3533
v -3.0046 		6.3605 		1.3533
v -3.2335 		6.5112 		1.3533
v -2.216 		6.9518 		1.3297
v -3.4871 		6.6381 		1.3533
v -3.7604 		6.7394 		1.3533
v -4.0491 		6.8127 		1.3533
v -4.348 		6.8573 		1.3533
v -2.342 		5.3531 		1.3533
v -2.4014 		5.5772 		1.3533
v -2.4992 		5.7937 		1.3533
v -2.6343 		5.9987 		1.3533
v -3.7199 		5.6614 		1.3677
v -3.8214 		5.748 		1.3677
v -3.9369 		5.8241 		1.3677
v -4.0647 		5.8882 		1.3677
v -4.2024 		5.939 		1.3677
v -4.348 		5.9762 		1.3677
v -4.4989 		5.9987 		1.3677
v -4.6522 		6.0061 		1.3677
v -3.4871 		5.24 		1.3677
v -3.5171 		5.3531 		1.3677
v -3.5666 		5.4623 		1.3677
v -3.6344 		5.5655 		1.3677
v -1.3248 		8.1368 		1.1011
v -6.071 		6.5112 		1.3533
v -0.85 		7.9749 		1.1666
v -0.7707 		8.0344 		1.1011
v -0.7707 		8.0344 		1.1011
v -2.4017 		8.2739 		1.1011
v -6.2999 		6.3605 		1.3533
v -6.501 		6.1888 		1.3533
v -3.5174 		8.3571 		1.1011
v -4.6522 		8.385 		1.1011
v -7.0885 		6.9518 		1.3297
v -1.2369 		8.2165 		0.9568
v -0.7246 		8.0691 		1.0361
v -0.716 		8.0756 		1.024
v -0.6682 		8.1113 		0.9568
v -2.3423 		8.3571 		0.9568
v -4.4989 		4.2513 		1.3677
v -4.348 		4.2738 		1.3677
v -4.2024 		4.3109 		1.3677
v -4.0647 		4.3618 		1.3677
v -3.9369 		4.4259 		1.3677
v -3.8214 		4.502 		1.3677
v -3.7199 		4.5886 		1.3677
v -4.8056 		5.9987 		1.3677
v -4.9565 		5.9762 		1.3677
v -5.1021 		5.939 		1.3677
v -5.2398 		5.8882 		1.3677
v -5.3676 		5.8241 		1.3677
v -5.4831 		5.748 		1.3677
v -5.5846 		5.6614 		1.3677
v -0.6502 		5.5201 		0.3085
v -0.6402 		5.2772 		0.3082
v -1.2363 		5.4623 		0.2903
v -1.3242 		5.7937 		0.2903
v -0.6636 		5.9264 		0.3114
v -3.2335 		3.7388 		1.3533
v -0.6619 		5.9128 		0.3113
v -0.6543 		5.6591 		0.3095
v -0.6506 		5.535 		0.3086
v -3.0046 		3.8895 		1.3533
v -0.6758 		6.0354 		0.3125
v -2.8035 		4.0612 		1.3533
v -2.216 		3.2982 		1.3297
v -0.5284 		5.939 		0.3795
v -4.348 		3.3927 		1.3533
v -4.0491 		3.4373 		1.3533
v -3.7604 		3.5106 		1.3533
v -2.4017 		8.2739 		0.5189
v -3.4871 		3.6119 		1.3533
v -3.5174 		8.3571 		0.5189
v -2.4995 		8.1368 		0.3796
v -3.5666 		8.2165 		0.3796
v -2.5596 		8.0529 		0.3209
v -4.2024 		2.5636 		1.3297
v -2.4108 		8.0362 		0.3223
v -2.4207 		8.0373 		0.3222
v -2.3679 		8.0316 		0.3228
v -3.0204 		8.0792 		0.3155
v -3.0526 		8.0813 		0.3153
v -3.7604 		2.6295 		1.3297
v -3.5837 		8.115 		0.3113
v -3.6019 		8.1162 		0.3113
v -3.1388 		8.0867 		0.3146
v -4.1518 		8.1255 		0.3084
v -4.3281 		8.1296 		0.3083
v -3.3337 		2.7382 		1.3297
v -3.7599 		8.1189 		0.3104
v -4.1255 		8.1249 		0.3085
v -2.9295 		2.8876 		1.3297
v -2.5548 		3.0752 		1.3297
v -2.5548 		7.1747 		0.2903
v -2.9295 		7.3624 		0.2903
v -3.3337 		7.5118 		0.2903
v -3.7604 		7.6205 		0.2903
v -4.2024 		7.6864 		0.2903
v -4.6522 		1.865 		1.1011
v -3.5174 		1.8929 		1.1011
v -2.4017 		1.9761 		1.1011
v -1.3248 		2.1131 		1.1011
v -0.7707 		2.2156 		1.1011
v -0.7707 		2.2156 		1.1011
v -0.8496 		2.2749 		1.1663
v -4.6522 		1.7788 		0.9568
v -3.4874 		1.8076 		0.9568
v -2.3423 		1.8929 		0.9568
v -1.2369 		2.0335 		0.9568
v -2.216 		6.9518 		0.2903
v -0.6682 		2.1387 		0.9568
v -0.7156 		2.1744 		1.0237
v -2.8035 		6.1888 		0.2666
v -0.7242 		2.1808 		1.0358
v -0.6495 		2.1248 		0.8774
v -0.6524 		2.127 		0.8897
v -0.6346 		2.6295 		1.1011
v -6.9008 		2.2146 		1.2976
v -6.8937 		2.2138 		1.2977
v -0.4516 		3.4373 		1.1011
v -6.9365 		2.2183 		1.2971
v -5.6701 		5.5655 		1.3677
v -5.7379 		5.4623 		1.3677
v -5.7874 		5.3531 		1.3677
v -5.8174 		5.24 		1.3677
v -6.6702 		5.9987 		1.3533
v -6.8053 		5.7937 		1.3533
v -6.9031 		5.5772 		1.3533
v -6.9625 		5.3531 		1.3533
v -7.8351 		8.0057 		1.2404
v -7.4128 		7.9849 		1.2882
v -7.7746 		7.9511 		1.2804
v -7.5638 		7.9701 		1.2854
v -8.3651 		7.9078 		1.2404
v -8.3651 		7.9077 		1.2405
v -7.9782 		7.9206 		1.276
v -8.315 		7.8702 		1.2689
v -8.3136 		7.8704 		1.2689
v -8.4407 		7.9645 		1.178
v -7.3928 		7.8029 		1.2971
v -7.8354 		7.5118 		1.2971
v -8.2237 		7.1799 		1.2971
v -8.373 		7.6524 		1.275
v -8.3958 		7.5672 		1.2775
v -8.4478 		7.3089 		1.2853
v -8.4226 		7.4667 		1.2803
v -8.4703 		7.1799 		1.2886
v -8.5035 		6.9889 		1.2933
v -8.4952 		7.5118 		1.2405
v -7.3859 		6.6977 		1.3297
v -7.6361 		6.4167 		1.3297
v -7.8354 		6.1136 		1.3297
v -8.5349 		6.8111 		1.2976
v -8.5358 		6.8061 		1.2977
v -8.5302 		6.8361 		1.2971
v -8.5934 		6.349 		1.3044
v -8.5865 		6.4167 		1.3034
v -8.5582 		6.6944 		1.2991
v -8.601 		6.2813 		1.3051
v -8.6699 		6.7394 		1.2405
v -7.9803 		5.7937 		1.3297
v -8.0682 		5.4623 		1.3297
v -8.0977 		5.125 		1.3297
v -8.6287 		6.0354 		1.3075
v -8.6409 		5.9264 		1.3086
v -8.6502 		5.6591 		1.3105
v -8.6539 		5.535 		1.3114
v -8.6543 		5.5201 		1.3115
v -8.6426 		5.9128 		1.3087
v -8.6643 		5.2772 		1.3118
v -8.6706 		5.125 		1.312
v -8.7761 		5.939 		1.2405
v -8.8118 		5.125 		1.2405
v -5.7871 		8.3571 		1.1011
v -6.9028 		8.2739 		1.1011
v -7.9797 		8.1368 		1.1011
v -8.5338 		8.0344 		1.1011
v -8.5338 		8.0344 		1.1011
v -8.4549 		7.9751 		1.1663
v -4.6522 		8.4712 		0.9568
v -5.8171 		8.4424 		0.9568
v -6.9622 		8.3571 		0.9568
v -8.0676 		8.2165 		0.9568
v -8.6363 		8.1113 		0.9568
v -8.5889 		8.0756 		1.0237
v -8.5803 		8.0692 		1.0358
v -8.655 		8.1252 		0.8774
v -8.6521 		8.123 		0.8897
v -8.6699 		7.6205 		1.1011
v -8.8529 		6.8127 		1.1011
v -8.964 		5.9762 		1.1011
v -9.0012 		5.125 		1.1011
v -8.7761 		7.6864 		0.9568
v -8.964 		6.8573 		0.9568
v -9.0777 		5.9987 		0.9568
v -9.1158 		5.125 		0.9568
v -6.7449 		2.1971 		1.2991
v -5.8665 		2.1442 		1.3076
v -6.195 		2.165 		1.3051
v -5.7208 		2.135 		1.3086
v -6.2842 		2.1707 		1.3044
v -6.375 		2.1759 		1.3034
v -8.3136 		2.3796 		1.2689
v -8.3151 		2.3798 		1.2689
v -8.023 		2.3362 		1.2751
v -8.3651 		2.3423 		1.2405
v -8.3651 		2.3422 		1.2404
v -7.8351 		2.2443 		1.2404
v -7.9091 		2.3191 		1.2775
v -7.7746 		2.2989 		1.2804
v -7.1383 		2.2381 		1.2934
v -7.3928 		2.2631 		1.2886
v -7.5639 		2.2799 		1.2854
v -8.4403 		2.2858 		1.1783
v -8.0682 		4.7877 		1.3297
v -7.9803 		4.4563 		1.3297
v -8.6606 		4.8813 		1.3117
v -8.6544 		4.7299 		1.3115
v -8.6552 		4.7491 		1.3115
v -8.6461 		4.4552 		1.3095
v -8.6426 		4.3372 		1.3087
v -8.6409 		4.3236 		1.3086
v -8.7761 		4.3109 		1.2405
v -7.8354 		4.1363 		1.3297
v -7.6361 		3.8333 		1.3297
v -7.3859 		3.5522 		1.3297
v -8.5933 		3.901 		1.3044
v -8.6032 		3.9894 		1.3053
v -8.5959 		3.9246 		1.3046
v -8.5582 		3.5556 		1.2991
v -8.5372 		3.4508 		1.2978
v -8.5359 		3.4439 		1.2977
v -8.5302 		3.4139 		1.2971
v -8.6699 		3.5106 		1.2405
v -0.6346 		3.5106 		0.3795
v -0.6346 		2.6295 		0.5188
v -1.9117 		2.447 		0.3228
v -1.4691 		2.7382 		0.3228
v -0.8567 		2.9411 		0.3346
v -0.8819 		2.7833 		0.3397
v -0.9231 		2.6289 		0.344
v -1.0808 		3.0701 		0.3228
v -0.837 		3.0539 		0.3318
v -0.8093 		2.7382 		0.3795
v -3.5174 		1.8929 		0.5189
v -2.4017 		1.9761 		0.5189
v -3.5666 		2.0335 		0.3796
v -2.4995 		2.1131 		0.3796
v -4.4488 		2.1177 		0.3081
v -4.1255 		2.1251 		0.3085
v -4.1048 		2.1255 		0.3086
v -3.9397 		2.1282 		0.3095
v -3.6019 		2.1338 		0.3113
v -3.1095 		2.165 		0.3149
v -3.0203 		2.1707 		0.3155
v -2.9295 		2.1759 		0.3166
v -2.5596 		2.1971 		0.3209
v -3.5837 		2.135 		0.3113
v -3.438 		2.1442 		0.3124
v -2.4108 		2.2138 		0.3223
v -2.4037 		2.2146 		0.3224
v -2.368 		2.2183 		0.3228
v -2.6343 		4.2513 		0.2666
v -2.4992 		4.4563 		0.2666
v -2.4014 		4.6727 		0.2666
v -2.342 		4.8968 		0.2666
v -2.3219 		5.125 		0.2666
v -3.6344 		4.6844 		0.2523
v -3.5666 		4.7877 		0.2523
v -3.5171 		4.8968 		0.2523
v -3.4871 		5.01 		0.2523
v -3.4772 		5.125 		0.2523
v -4.4989 		4.2513 		0.2523
v -4.348 		4.2738 		0.2523
v -4.2024 		4.3109 		0.2523
v -4.0647 		4.3618 		0.2523
v -3.9369 		4.4259 		0.2523
v -5.5846 		5.6614 		0.2523
v -5.6701 		5.5655 		0.2523
v -5.7379 		5.4623 		0.2523
v -5.7874 		5.3531 		0.2523
v -5.8174 		5.24 		0.2523
v -6.6702 		5.9987 		0.2666
v -6.8053 		5.7937 		0.2666
v -6.9031 		5.5772 		0.2666
v -6.9625 		5.3531 		0.2666
v -7.9797 		8.1368 		0.5189
v -8.5338 		8.0344 		0.5189
v -7.8351 		8.0057 		0.3796
v -8.5338 		8.0344 		0.5188
v -8.4403 		7.9642 		0.4417
v -8.4545 		7.9749 		0.4534
v -8.3651 		7.9078 		0.3796
v -7.7746 		7.9511 		0.3396
v -7.1383 		8.0119 		0.3266
v -7.3928 		7.9869 		0.3314
v -7.5639 		7.9701 		0.3346
v -7.9091 		7.9309 		0.3425
v -8.023 		7.9138 		0.3449
v -8.3136 		7.8704 		0.3511
v -8.3151 		7.8702 		0.3511
v -8.3651 		7.9077 		0.3795
v -8.6699 		7.6205 		0.5188
v -7.3928 		7.8029 		0.3228
v -7.8354 		7.5118 		0.3228
v -8.4478 		7.3089 		0.3346
v -8.4226 		7.4667 		0.3397
v -8.3814 		7.6211 		0.344
v -8.2237 		7.1799 		0.3228
v -8.4675 		7.1961 		0.3318
v -8.4952 		7.5118 		0.3795
v -8.8529 		6.8127 		0.5188
v -8.964 		5.9762 		0.5188
v -8.5302 		6.8361 		0.3228
v -7.3859 		6.6977 		0.2903
v -7.6361 		6.4167 		0.2903
v -8.5359 		6.8061 		0.3223
v -7.8354 		6.1136 		0.2903
v -8.5372 		6.7992 		0.3222
v -3.4874 		8.4424 		0.9568
v -0.6524 		8.123 		0.89
v -0.6495 		8.1251 		0.8777
v -0.3405 		5.9762 		1.1011
v -0.3033 		5.125 		1.1011
v -0.4516 		6.8127 		1.1011
v -0.6346 		7.6205 		1.1011
v -0.2268 		5.9987 		0.9568
v -0.1887 		5.125 		0.9568
v -0.3405 		6.8573 		0.9568
v -0.5284 		7.6864 		0.9568
v -1.4694 		2.2443 		1.2404
v -1.3242 		4.4563 		1.3297
v -1.2363 		4.7877 		1.3297
v -0.6758 		4.2146 		1.3075
v -0.6636 		4.3236 		1.3086
v -0.3405 		4.2738 		1.1011
v -0.5284 		2.5636 		0.9568
v -0.3405 		3.3927 		0.9568
v -0.2268 		4.2513 		0.9568
v -0.6336 		8.137 		0.81
v -1.2071 		8.243 		0.81
v -2.3222 		8.385 		0.81
v -3.4772 		8.4712 		0.81
v -4.6522 		8.5 		0.81
v -1.2369 		8.2165 		0.6632
v -2.3423 		8.3571 		0.6632
v -3.4874 		8.4424 		0.6632
v -4.6522 		8.4712 		0.6632
v -0.7242 		8.0692 		0.5842
v -3.8214 		4.502 		0.2523
v -3.7199 		4.5886 		0.2523
v -2.216 		3.2982 		0.2903
v -3.2335 		3.7388 		0.2666
v -3.0046 		3.8895 		0.2666
v -2.8035 		4.0612 		0.2666
v -4.348 		3.3927 		0.2666
v -4.0491 		3.4373 		0.2666
v -3.7604 		3.5106 		0.2666
v -3.4871 		3.6119 		0.2666
v -4.2024 		2.5636 		0.2903
v -3.7604 		2.6295 		0.2903
v -3.3337 		2.7382 		0.2903
v -2.9295 		2.8876 		0.2903
v -2.5548 		3.0752 		0.2903
v -8.5933 		6.349 		0.3156
v -8.5582 		6.6944 		0.3209
v -8.6032 		6.2606 		0.3147
v -8.5959 		6.3254 		0.3153
v -8.6699 		6.7394 		0.3795
v -8.6409 		5.9264 		0.3114
v -7.9803 		5.7937 		0.2903
v -8.0682 		5.4623 		0.2903
v -8.6461 		5.7948 		0.3105
v -8.6426 		5.9128 		0.3113
v -8.6544 		5.5201 		0.3085
v -8.6606 		5.3687 		0.3083
v -8.6552 		5.5009 		0.3085
v -8.7761 		5.939 		0.3795
v -8.6709 		2.113 		0.81
v -8.0974 		2.0069 		0.81
v -6.9823 		1.865 		0.81
v -5.8273 		1.7788 		0.81
v -8.0676 		2.0335 		0.6632
v -6.9622 		1.8929 		0.6632
v -8.5803 		2.1808 		0.5842
v -8.2237 		3.0701 		1.2971
v -7.8354 		2.7382 		1.2971
v -7.3928 		2.447 		1.2971
v -8.4675 		3.0539 		1.2882
v -8.4478 		2.9411 		1.2853
v -8.3814 		2.6289 		1.2759
v -8.4226 		2.7833 		1.2803
v -8.4952 		2.7382 		1.2405
v -7.9797 		2.1131 		1.1011
v -8.4545 		2.2751 		1.1666
v -8.5338 		2.2156 		1.1011
v -8.5338 		2.2156 		1.1011
v -6.9028 		1.9761 		1.1011
v -5.7871 		1.8929 		1.1011
v -3.0046 		6.3605 		0.2666
v -3.2335 		6.5112 		0.2666
v -3.4871 		6.6381 		0.2666
v -3.7604 		6.7394 		0.2666
v -4.0491 		6.8127 		0.2666
v -8.0676 		2.0335 		0.9568
v -8.5799 		2.1809 		1.0361
v -8.5885 		2.1744 		1.024
v -8.6363 		2.1387 		0.9568
v -4.348 		6.8573 		0.2666
v -6.9622 		1.8929 		0.9568
v -5.8171 		1.8076 		0.9568
v -8.6521 		2.127 		0.89
v -8.655 		2.1249 		0.8777
v -2.342 		5.3531 		0.2666
v -2.4014 		5.5772 		0.2666
v -8.964 		4.2738 		1.1011
v -8.8529 		3.4373 		1.1011
v -8.6699 		2.6295 		1.1011
v -9.0777 		4.2513 		0.9568
v -8.964 		3.3927 		0.9568
v -8.7761 		2.5636 		0.9568
v -5.8273 		8.4712 		0.81
v -6.9823 		8.385 		0.81
v -8.0974 		8.243 		0.81
v -8.6709 		8.137 		0.81
v -5.8171 		8.4424 		0.6632
v -6.9622 		8.3571 		0.6632
v -8.0676 		8.2165 		0.6632
v -8.6363 		8.1113 		0.6632
v -2.4992 		5.7937 		0.2666
v -2.6343 		5.9987 		0.2666
v -3.7199 		5.6614 		0.2523
v -3.8214 		5.748 		0.2523
v -3.9369 		5.8241 		0.2523
v -4.0647 		5.8882 		0.2523
v -4.2024 		5.939 		0.2523
v -4.348 		5.9762 		0.2523
v -4.4989 		5.9987 		0.2523
v -3.4871 		5.24 		0.2523
v -3.5171 		5.3531 		0.2523
v -3.5666 		5.4623 		0.2523
v -3.6344 		5.5655 		0.2523
v -3.4772 		1.7788 		0.81
# 922 vertices

g group_1_-1719284250

usemtl color_-1719284250
s 0

f 926 	927 	1820
f 925 	929 	926
f 929 	925 	930
f 929 	931 	926
f 926 	931 	927
f 931 	932 	927
f 927 	932 	928
f 932 	933 	934
f 932 	934 	928
f 928 	934 	935
f 1007 	931 	929
f 931 	1007 	1032
f 931 	1032 	932
f 932 	936 	933
f 923 	938 	939
f 938 	941 	942
f 938 	942 	939
f 923 	939 	924
f 937 	941 	938
f 941 	937 	940
f 941 	952 	942
f 950 	955 	941
f 945 	940 	944
f 944 	940 	946
f 943 	940 	945
f 940 	943 	947
f 940 	947 	948
f 950 	941 	949
f 951 	941 	948
f 949 	941 	951
f 940 	948 	941
f 953 	942 	952
f 954 	942 	953
f 955 	956 	941
f 952 	941 	956
f 957 	958 	962
f 962 	959 	957
f 962 	960 	959
f 962 	961 	960
f 962 	963 	961
f 962 	965 	964
f 979 	969 	970
f 962 	970 	969
f 964 	963 	962
f 962 	966 	965
f 966 	962 	967
f 968 	967 	962
f 969 	968 	962
f 972 	971 	957
f 971 	958 	957
f 957 	959 	972
f 973 	972 	959
f 959 	960 	973
f 974 	973 	960
f 975 	974 	961
f 960 	961 	974
f 961 	963 	975
f 977 	968 	978
f 976 	966 	967
f 967 	977 	976
f 968 	977 	967
f 978 	969 	979
f 978 	968 	969
f 970 	980 	979
f 983 	984 	981
f 984 	966 	976
f 965 	966 	984
f 975 	963 	982
f 982 	964 	983
f 963 	964 	982
f 964 	965 	983
f 983 	965 	984
f 987 	945 	986
f 986 	977 	987
f 988 	979 	989
f 984 	985 	981
f 984 	976 	985
f 985 	976 	986
f 977 	986 	976
f 987 	977 	978
f 978 	988 	987
f 979 	988 	978
f 990 	989 	980
f 989 	979 	980
f 986 	944 	946
f 1041 	986 	946
f 944 	986 	945
f 947 	943 	987
f 945 	987 	943
f 951 	988 	949
f 988 	951 	987
f 951 	948 	987
f 947 	987 	948
f 989 	955 	988
f 955 	950 	988
f 949 	988 	950
f 955 	989 	956
f 990 	953 	989
f 953 	952 	989
f 956 	989 	952
f 953 	990 	954
f 991 	993 	992
f 1786 	1032 	991
f 995 	997 	994
f 996 	994 	997
f 995 	998 	997
f 995 	994 	1042
f 997 	992 	996
f 993 	996 	992
f 992 	940 	937
f 992 	997 	940
f 998 	1000 	1001
f 998 	1001 	1002
f 999 	997 	1002
f 998 	1002 	997
f 997 	999 	1003
f 997 	1003 	1004
f 946 	940 	1004
f 997 	1004 	940
f 1006 	930 	1005
f 930 	1006 	929
f 1006 	1007 	929
f 1006 	1005 	1020
f 1031 	1006 	1020
f 1006 	1031 	1007
f 1008 	1009 	1010
f 1009 	1011 	1012
f 1009 	1012 	1010
f 1016 	1013 	1015
f 1014 	1015 	1013
f 1010 	1013 	1016
f 1010 	1016 	1017
f 1010 	1017 	1008
f 1013 	1018 	1014
f 1018 	1020 	1014
f 1012 	971 	972
f 1012 	972 	1010
f 1010 	973 	1013
f 972 	973 	1010
f 1022 	1013 	974
f 974 	1013 	973
f 974 	975 	1022
f 1019 	1020 	1005
f 1016 	1020 	1017
f 1009 	1008 	1019
f 1017 	1019 	1008
f 1011 	1009 	1019
f 1015 	1020 	1016
f 1019 	1017 	1020
f 1015 	1014 	1020
f 1013 	1022 	1018
f 1023 	1024 	1022
f 1024 	1018 	1022
f 1027 	1028 	1026
f 1025 	1026 	1028
f 1027 	1023 	1028
f 1022 	1028 	1023
f 1030 	1029 	1021
f 1030 	1025 	1029
f 1028 	1029 	1025
f 1029 	983 	981
f 1028 	1022 	975
f 1029 	1028 	982
f 975 	982 	1028
f 982 	983 	1029
f 1023 	1027 	1020
f 1024 	1023 	1020
f 1031 	1020 	1027
f 1026 	1031 	1027
f 1024 	1020 	1018
f 1026 	1025 	1031
f 1025 	1030 	1031
f 1021 	1031 	1030
f 1033 	1034 	1031
f 993 	991 	1032
f 1786 	932 	1032
f 1042 	1032 	1007
f 1032 	1042 	994
f 1032 	994 	996
f 1032 	996 	993
f 1021 	1035 	1033
f 1034 	1033 	1035
f 1031 	1021 	1033
f 1036 	1034 	1035
f 1037 	1038 	1039
f 1038 	1036 	1039
f 1035 	1039 	1036
f 1037 	1039 	1040
f 1039 	1001 	1040
f 1000 	1040 	1001
f 1003 	999 	1041
f 1002 	1041 	999
f 1039 	1041 	1002
f 1039 	1002 	1001
f 946 	1004 	1041
f 1041 	1004 	1003
f 1035 	1021 	1029
f 1029 	981 	1035
f 1035 	981 	1039
f 1041 	1039 	985
f 981 	985 	1039
f 985 	986 	1041
f 1042 	1007 	1031
f 995 	1042 	998
f 1040 	1000 	998
f 1042 	1040 	998
f 1031 	1034 	1042
f 1034 	1036 	1042
f 1038 	1042 	1036
f 1038 	1037 	1042
f 1040 	1042 	1037
f 1046 	1043 	1044
f 1045 	1046 	1044
f 1047 	1044 	1043
f 1048 	1044 	1047
f 1048 	1047 	1060
f 1049 	1043 	1046
f 1050 	1049 	1046
f 1051 	1052 	1086
f 1053 	1046 	1052
f 1086 	1052 	1046
f 1046 	1053 	1050
f 1054 	1046 	1045
f 1049 	1056 	1043
f 1049 	1050 	1056
f 1053 	1056 	1050
f 1051 	1057 	1052
f 1045 	1062 	1054
f 1044 	1062 	1045
f 1055 	1060 	1056
f 1059 	1055 	1058
f 1047 	1056 	1060
f 1060 	1055 	1061
f 1059 	1061 	1055
f 1043 	1056 	1047
f 1057 	1056 	1053
f 1053 	1052 	1057
f 1061 	1059 	1062
f 1058 	1062 	1059
f 1048 	1060 	1044
f 1062 	1044 	1060
f 1061 	1062 	1060
f 1068 	1063 	1067
f 1066 	1063 	1068
f 1070 	1063 	1069
f 1066 	1069 	1063
f 1066 	1073 	1069
f 1069 	1073 	1070
f 1071 	1064 	1070
f 1063 	1070 	1064
f 1055 	1064 	1072
f 1071 	1072 	1064
f 1071 	1073 	1072
f 1055 	1065 	1064
f 1055 	1056 	1065
f 1072 	1058 	1055
f 1067 	1084 	1068
f 1068 	1073 	1066
f 1062 	1058 	1073
f 1058 	1072 	1073
f 1073 	1071 	1070
f 1073 	1726 	1727
f 1073 	1727 	1062
f 1074 	1079 	1081
f 1074 	1081 	1076
f 1081 	1082 	1076
f 1075 	1077 	1078
f 1079 	1074 	1080
f 1080 	1074 	1078
f 1075 	1078 	1074
f 1083 	1076 	1082
f 1076 	1067 	1063
f 1083 	1067 	1076
f 1081 	1084 	1082
f 1081 	1079 	1084
f 1080 	1084 	1079
f 1084 	1080 	1085
f 1078 	1085 	1080
f 1077 	1085 	1078
f 1083 	1084 	1067
f 1073 	1068 	1084
f 1082 	1084 	1083
f 1726 	1073 	1084
f 1085 	1724 	1084
f 1087 	1088 	1086
f 1088 	1089 	1086
f 1089 	1090 	1086
f 1051 	1086 	1090
f 1093 	1092 	1095
f 1094 	1092 	1093
f 1091 	1095 	1092
f 1097 	1092 	1096
f 1094 	1096 	1092
f 1086 	1092 	1097
f 1086 	1097 	1087
f 1092 	1098 	1099
f 1092 	1099 	1100
f 1092 	1100 	1091
f 1099 	1098 	1103
f 1102 	1103 	1098
f 1101 	1102 	1098
f 1433 	1092 	1086
f 1089 	1104 	1090
f 1093 	1106 	1094
f 1100 	1099 	1400
f 1103 	1400 	1099
f 1100 	1399 	1091
f 1400 	1103 	1102
f 1057 	1051 	1090
f 1097 	1096 	1105
f 1085 	1109 	1107
f 1109 	1110 	1107
f 1108 	1107 	1110
f 1077 	1111 	1085
f 1111 	1112 	1085
f 1109 	1085 	1112
f 1466 	1113 	1114
f 1120 	1119 	1114
f 1117 	1121 	1114
f 1113 	1116 	1117
f 1113 	1117 	1114
f 1126 	1118 	1113
f 1118 	1116 	1113
f 1115 	1114 	1119
f 1120 	1114 	1121
f 1115 	1119 	1122
f 1120 	1107 	1119
f 1121 	1117 	1123
f 1116 	1123 	1117
f 1118 	1123 	1116
f 1107 	1120 	1123
f 1122 	1119 	1107
f 1121 	1123 	1120
f 1124 	1138 	1125
f 1136 	1139 	1124
f 1128 	1129 	1127
f 1125 	1127 	1129
f 1125 	1129 	1130
f 1126 	1125 	1131
f 1132 	1131 	1125
f 1130 	1132 	1125
f 1126 	1131 	1133
f 1134 	1126 	1133
f 1118 	1126 	1134
f 1128 	1140 	1129
f 1132 	1130 	1135
f 1129 	1135 	1130
f 1123 	1133 	1135
f 1134 	1133 	1123
f 1133 	1131 	1135
f 1132 	1135 	1131
f 1134 	1123 	1118
f 1136 	1124 	1137
f 1127 	1125 	1138
f 1124 	1139 	1138
f 1135 	1129 	1140
f 1140 	1141 	1135
f 1142 	1135 	1141
f 1147 	1144 	1146
f 1145 	1146 	1144
f 1143 	1145 	1144
f 1149 	1150 	1148
f 1147 	1148 	1150
f 1150 	1144 	1147
f 1143 	1144 	1153
f 1152 	1153 	1144
f 1151 	1152 	1144
f 1151 	1144 	1154
f 1151 	1154 	1156
f 1155 	1156 	1154
f 1159 	1154 	1158
f 1157 	1154 	1159
f 1155 	1154 	1157
f 1137 	1158 	1154
f 1161 	1733 	1162
f 1162 	1733 	1734
f 1162 	1734 	1163
f 1163 	1734 	1075
f 1163 	1075 	1164
f 1445 	1165 	1444
f 1166 	1167 	1165
f 1167 	1168 	1165
f 1168 	1169 	1165
f 1169 	1170 	1165
f 1167 	1166 	1161
f 1167 	1161 	1162
f 1167 	1162 	1168
f 1168 	1162 	1163
f 1168 	1163 	1169
f 1172 	1150 	1176
f 1175 	1176 	1150
f 1149 	1175 	1150
f 1178 	1179 	1165
f 1179 	1180 	1165
f 1180 	1181 	1165
f 1181 	1182 	1165
f 1182 	1183 	1165
f 1183 	1184 	1165
f 1185 	1165 	1184
f 1186 	1165 	1185
f 1187 	1165 	1186
f 1188 	1165 	1187
f 1189 	1165 	1188
f 1165 	1189 	1190
f 1207 	1187 	1186
f 1188 	1213 	1189
f 1189 	1214 	1190
f 1189 	1213 	1214
f 1192 	1178 	1191
f 1178 	1192 	1179
f 1179 	1193 	1180
f 1192 	1193 	1179
f 1180 	1194 	1181
f 1193 	1194 	1180
f 1194 	1195 	1181
f 1181 	1195 	1182
f 1626 	1195 	1194
f 1196 	1215 	1198
f 1626 	1627 	1195
f 1101 	1098 	1199
f 1197 	1199 	1098
f 1197 	1098 	1198
f 1198 	1200 	1201
f 1198 	1201 	1202
f 1198 	1202 	1203
f 1198 	1203 	1204
f 1205 	1186 	1185
f 1201 	1200 	1208
f 1206 	1208 	1200
f 1207 	1186 	1205
f 1531 	1532 	1200
f 1200 	1210 	1211
f 1200 	1211 	1209
f 1200 	1209 	1206
f 1187 	1207 	1212
f 1209 	1222 	1206
f 1187 	1212 	1188
f 1188 	1212 	1213
f 1098 	1575 	1198
f 1231 	1212 	1207
f 1202 	1201 	1222
f 1208 	1222 	1201
f 1208 	1206 	1222
f 1216 	1183 	1182
f 1195 	1216 	1182
f 1183 	1216 	1218
f 1219 	1199 	1217
f 1183 	1218 	1184
f 1199 	1197 	1217
f 1184 	1221 	1185
f 1215 	1196 	1217
f 1203 	1220 	1204
f 1204 	1220 	1196
f 1184 	1218 	1221
f 1221 	1205 	1185
f 1217 	1196 	1220
f 1627 	1216 	1195
f 1216 	1224 	1218
f 1627 	1224 	1216
f 1218 	1224 	1226
f 1223 	1541 	1225
f 1219 	1101 	1199
f 1221 	1227 	1205
f 1215 	1217 	1197
f 1202 	1222 	1220
f 1203 	1202 	1220
f 1226 	1221 	1218
f 1222 	1209 	1223
f 1211 	1223 	1209
f 1541 	1223 	1210
f 1211 	1210 	1223
f 1221 	1226 	1227
f 1205 	1227 	1228
f 1520 	1598 	1227
f 1228 	1207 	1205
f 1229 	1217 	1230
f 1228 	1231 	1207
f 1233 	1213 	1212
f 1230 	1232 	1448
f 1212 	1231 	1233
f 1213 	1233 	1235
f 1232 	1234 	1449
f 1222 	1223 	1234
f 1217 	1229 	1219
f 1217 	1220 	1230
f 1230 	1220 	1232
f 1220 	1222 	1232
f 1232 	1222 	1234
f 1243 	924 	1244
f 1240 	1246 	1241
f 1240 	1245 	1246
f 1247 	1248 	1246
f 1241 	1246 	1248
f 1241 	1248 	1249
f 1241 	1249 	1242
f 924 	1646 	1244
f 1245 	1647 	1260
f 1245 	1260 	1246
f 1246 	1250 	1251
f 1246 	1251 	1247
f 1246 	1260 	1250
f 1242 	1249 	1252
f 1252 	1256 	1257
f 1257 	1253 	1252
f 1256 	1252 	1249
f 1249 	1248 	1256
f 1247 	1256 	1248
f 1258 	1254 	1253
f 1253 	1257 	1258
f 1254 	1258 	1259
f 1254 	1259 	1255
f 1251 	1250 	1637
f 1637 	1256 	1251
f 1256 	1247 	1251
f 1256 	1276 	1257
f 1261 	1250 	1260
f 1260 	1263 	1261
f 1260 	1264 	1265
f 1265 	1263 	1260
f 1260 	1262 	1264
f 1266 	1264 	1262
f 1267 	1262 	1270
f 1269 	1270 	1262
f 1262 	1267 	1271
f 1262 	1271 	1272
f 1273 	1275 	1272
f 1274 	1275 	1273
f 1262 	1272 	1275
f 1262 	1275 	1266
f 1277 	1258 	1257
f 1257 	1276 	1277
f 1258 	1278 	1259
f 1277 	1278 	1258
f 1279 	1280 	1282
f 1281 	1282 	1280
f 1281 	1280 	1283
f 1284 	1281 	1283
f 1284 	1283 	1286
f 1285 	1286 	1283
f 1285 	1283 	1287
f 1286 	1289 	1284
f 1288 	1285 	1287
f 1276 	1289 	1277
f 1277 	1290 	1278
f 1290 	1277 	1289
f 1282 	1289 	1279
f 1289 	1286 	1290
f 1285 	1290 	1286
f 1288 	1290 	1285
f 1289 	1282 	1281
f 1289 	1281 	1284
f 1294 	1291 	1293
f 1295 	1294 	1293
f 1295 	1293 	1296
f 1293 	1292 	1664
f 1295 	1636 	1294
f 1295 	1296 	1298
f 1297 	1298 	1296
f 1279 	1299 	1280
f 1297 	1296 	1300
f 1299 	1300 	1296
f 1299 	1296 	1280
f 1302 	1236 	1301
f 1301 	1304 	1302
f 1236 	1306 	1238
f 1302 	1306 	1236
f 1308 	1239 	1238
f 1306 	1308 	1238
f 1308 	930 	1239
f 1303 	1309 	1310
f 1239 	930 	925
f 1311 	1312 	1704
f 1309 	1376 	1310
f 1704 	1302 	1311
f 1303 	1310 	1305
f 1305 	1310 	1313
f 1306 	1714 	1308
f 1305 	1313 	1307
f 1314 	1315 	1313
f 1307 	1313 	1315
f 1307 	1315 	1318
f 1307 	1318 	1741
f 1309 	1375 	1376
f 1320 	1316 	1317
f 1317 	1321 	1320
f 1320 	1322 	1316
f 1321 	1330 	1320
f 1320 	1340 	1322
f 1313 	1323 	1314
f 1316 	1322 	1319
f 1324 	1326 	1325
f 1322 	1690 	1319
f 1319 	1690 	1688
f 1321 	1327 	1328
f 1321 	1328 	1329
f 1321 	1329 	1330
f 1332 	1334 	1331
f 1333 	1331 	1334
f 1332 	1335 	1334
f 1336 	1320 	1330
f 1337 	1320 	1336
f 1353 	1372 	1331
f 1320 	1338 	1339
f 1320 	1339 	1340
f 1341 	1322 	1340
f 1343 	1320 	1342
f 1338 	1320 	1343
f 1337 	1342 	1320
f 1696 	1697 	1322
f 1345 	1346 	1322
f 1696 	1322 	1346
f 1344 	1345 	1322
f 1341 	1344 	1322
f 1334 	1325 	1333
f 1326 	1333 	1325
f 1329 	1328 	1354
f 1354 	1328 	1355
f 1327 	1355 	1328
f 1354 	1336 	1330
f 1354 	1330 	1329
f 1343 	1357 	1338
f 1335 	1348 	1349
f 1335 	1349 	1350
f 1347 	1334 	1350
f 1335 	1350 	1334
f 1352 	1334 	1351
f 1347 	1351 	1334
f 1340 	1361 	1341
f 1340 	1339 	1361
f 1310 	1353 	1313
f 1326 	1324 	1353
f 1324 	1750 	1353
f 1337 	1356 	1342
f 1336 	1356 	1337
f 1354 	1356 	1336
f 1342 	1356 	1343
f 1357 	1343 	1356
f 1353 	1331 	1333
f 1353 	1333 	1326
f 1339 	1338 	1357
f 1359 	1358 	1360
f 1344 	1341 	1361
f 1339 	1357 	1361
f 1363 	1359 	1360
f 1361 	1362 	1344
f 1345 	1344 	1362
f 1360 	1366 	1363
f 1365 	1363 	1366
f 1364 	1365 	1366
f 1362 	1379 	1377
f 1370 	1354 	1355
f 1364 	1372 	1365
f 1371 	1356 	1354
f 1370 	1371 	1354
f 1364 	1366 	1367
f 1366 	1349 	1367
f 1348 	1367 	1349
f 1357 	1356 	1373
f 1351 	1347 	1368
f 1350 	1368 	1347
f 1368 	1350 	1366
f 1349 	1366 	1350
f 1368 	1352 	1351
f 1378 	1362 	1361
f 1370 	1355 	1369
f 1356 	1371 	1373
f 1357 	1373 	1374
f 1335 	1332 	1372
f 1332 	1331 	1372
f 1372 	1367 	1335
f 1372 	1363 	1365
f 1392 	1391 	1369
f 1371 	1370 	1393
f 1359 	1372 	1396
f 1363 	1372 	1359
f 1372 	1364 	1367
f 1348 	1335 	1367
f 1375 	1259 	1278
f 1374 	1373 	1395
f 1259 	1375 	1309
f 1353 	1310 	1376
f 1374 	1361 	1357
f 1374 	1378 	1361
f 1362 	1378 	1379
f 1376 	1372 	1353
f 1358 	1380 	1360
f 1383 	1384 	1382
f 1379 	1381 	1377
f 1387 	1388 	1386
f 1385 	1386 	1388
f 1382 	1388 	1383
f 1387 	1383 	1388
f 1360 	1380 	1389
f 1390 	1389 	1380
f 1374 	1397 	1378
f 1390 	1385 	1389
f 1388 	1389 	1385
f 1391 	1370 	1369
f 1391 	1393 	1370
f 1371 	1393 	1394
f 1373 	1371 	1394
f 1373 	1394 	1395
f 1375 	1396 	1376
f 1395 	1397 	1374
f 1376 	1396 	1372
f 1398 	1379 	1378
f 1383 	1387 	1468
f 1384 	1383 	1468
f 1396 	1468 	1387
f 1386 	1396 	1387
f 1378 	1397 	1398
f 1400 	1219 	1408
f 1105 	1104 	1088
f 1089 	1088 	1104
f 1057 	1090 	1104
f 1106 	1105 	1096
f 1097 	1105 	1087
f 1088 	1087 	1105
f 1096 	1094 	1106
f 1095 	1399 	1093
f 1106 	1093 	1399
f 1100 	1400 	1399
f 1095 	1091 	1399
f 1400 	1102 	1219
f 1101 	1219 	1102
f 1401 	1404 	1402
f 1065 	1404 	1401
f 1404 	1104 	1402
f 1402 	1104 	1403
f 1403 	1105 	1405
f 1104 	1105 	1403
f 1404 	1065 	1056
f 1404 	1056 	1057
f 1404 	1057 	1104
f 1414 	1402 	1403
f 1403 	1405 	1415
f 1406 	1399 	1407
f 1106 	1399 	1406
f 1407 	1408 	1418
f 1408 	1229 	1419
f 1105 	1106 	1405
f 1405 	1106 	1406
f 1400 	1408 	1407
f 1400 	1407 	1399
f 1408 	1219 	1229
f 1170 	1164 	1409
f 1422 	1410 	1411
f 1411 	1064 	1412
f 1424 	1401 	1413
f 1412 	1401 	1424
f 1401 	1402 	1413
f 1413 	1402 	1414
f 1164 	1074 	1409
f 1164 	1075 	1074
f 1409 	1074 	1076
f 1409 	1076 	1410
f 1410 	1076 	1063
f 1410 	1063 	1411
f 1411 	1063 	1064
f 1064 	1065 	1412
f 1412 	1065 	1401
f 1414 	1403 	1415
f 1415 	1405 	1416
f 1416 	1406 	1417
f 1405 	1406 	1416
f 1406 	1407 	1417
f 1417 	1407 	1418
f 1418 	1408 	1419
f 1419 	1229 	1420
f 1170 	1421 	1165
f 1421 	1422 	1165
f 1422 	1423 	1165
f 1423 	1424 	1165
f 1413 	1165 	1424
f 1414 	1165 	1413
f 1415 	1165 	1414
f 1416 	1165 	1415
f 1417 	1165 	1416
f 1418 	1165 	1417
f 1419 	1165 	1418
f 1420 	1165 	1419
f 1409 	1421 	1170
f 1421 	1410 	1422
f 1421 	1409 	1410
f 1411 	1423 	1422
f 1423 	1411 	1412
f 1423 	1412 	1424
f 1054 	1425 	1046
f 1429 	1425 	1428
f 1427 	1428 	1425
f 1054 	1427 	1425
f 1425 	1430 	1046
f 1429 	1437 	1425
f 1086 	1046 	1430
f 1430 	1433 	1086
f 1234 	1223 	1237
f 1223 	1225 	1237
f 1092 	1434 	1098
f 1426 	1237 	1225
f 1433 	1434 	1092
f 1436 	1425 	1437
f 1426 	1435 	1431
f 1426 	1225 	1435
f 1435 	1551 	1431
f 1439 	1436 	1438
f 1436 	1437 	1438
f 1436 	1440 	1425
f 1169 	1164 	1170
f 1169 	1163 	1164
f 1441 	1165 	1190
f 1441 	1442 	1165
f 1432 	1552 	1527
f 1442 	1443 	1165
f 1443 	1444 	1165
f 1445 	1446 	1165
f 1446 	1447 	1165
f 1447 	1166 	1165
f 1435 	1543 	1551
f 1441 	1470 	1442
f 1420 	1229 	1230
f 1420 	1230 	1448
f 1396 	1386 	1385
f 1396 	1385 	1390
f 1396 	1390 	1380
f 1396 	1380 	1358
f 1358 	1359 	1396
f 1446 	1466 	1447
f 1455 	1456 	1457
f 1287 	1456 	1288
f 1447 	1160 	1166
f 1456 	1287 	1457
f 1160 	1161 	1166
f 1459 	1461 	1458
f 1462 	1458 	1461
f 1455 	1457 	1463
f 1462 	1463 	1457
f 1458 	1462 	1457
f 1460 	1467 	1464
f 1382 	1465 	1458
f 1459 	1458 	1465
f 1466 	1446 	1464
f 1466 	1160 	1447
f 1465 	1468 	1459
f 1384 	1465 	1382
f 1287 	1815 	1457
f 1457 	1816 	1458
f 1464 	1467 	1113
f 1467 	1126 	1113
f 1464 	1113 	1466
f 1468 	1278 	1290
f 1466 	1114 	1160
f 1114 	1115 	1160
f 1278 	1468 	1375
f 1396 	1375 	1468
f 1126 	1467 	1125
f 1290 	1463 	1468
f 1469 	1190 	1214
f 1190 	1469 	1441
f 1290 	1288 	1456
f 1290 	1456 	1455
f 1455 	1463 	1290
f 1470 	1441 	1469
f 1461 	1468 	1462
f 1463 	1462 	1468
f 1471 	1443 	1442
f 1459 	1468 	1461
f 1384 	1468 	1465
f 1442 	1470 	1471
f 1443 	1471 	1473
f 1473 	1444 	1443
f 1445 	1444 	1460
f 1473 	1460 	1444
f 1445 	1460 	1464
f 1446 	1445 	1464
f 1472 	1325 	1475
f 1214 	1478 	1469
f 1334 	1475 	1325
f 1472 	1476 	1474
f 1475 	1476 	1472
f 1490 	1471 	1470
f 1476 	1321 	1474
f 1475 	1483 	1476
f 1474 	1321 	1317
f 1473 	1494 	1460
f 1479 	1475 	1481
f 1480 	1475 	1479
f 1477 	1475 	1480
f 1334 	1352 	1475
f 1481 	1475 	1352
f 1483 	1475 	1482
f 1477 	1482 	1475
f 1214 	1235 	1478
f 1469 	1478 	1484
f 1487 	1476 	1483
f 1485 	1476 	1487
f 1486 	1476 	1485
f 1484 	1470 	1469
f 1489 	1321 	1488
f 1327 	1321 	1489
f 1476 	1488 	1321
f 1470 	1484 	1490
f 1151 	1490 	1152
f 1488 	1476 	1492
f 1491 	1492 	1476
f 1486 	1491 	1476
f 1352 	1368 	1481
f 1493 	1473 	1471
f 1368 	1496 	1481
f 1471 	1490 	1493
f 1493 	1494 	1473
f 1496 	1480 	1479
f 1482 	1477 	1497
f 1480 	1497 	1477
f 1494 	1467 	1460
f 1497 	1487 	1483
f 1497 	1483 	1482
f 1491 	1486 	1498
f 1485 	1498 	1486
f 1235 	1148 	1478
f 1148 	1147 	1478
f 1491 	1499 	1492
f 1478 	1146 	1145
f 1489 	1488 	1499
f 1492 	1499 	1488
f 1478 	1145 	1484
f 1489 	1355 	1327
f 1484 	1152 	1490
f 1484 	1153 	1152
f 1366 	1495 	1368
f 1159 	1158 	1493
f 1495 	1496 	1368
f 1493 	1124 	1494
f 1802 	1803 	1495
f 1494 	1125 	1467
f 1494 	1124 	1125
f 1148 	1235 	1149
f 1479 	1481 	1496
f 1146 	1478 	1147
f 1496 	1497 	1480
f 1145 	1143 	1484
f 1153 	1484 	1143
f 1490 	1151 	1156
f 1487 	1498 	1485
f 1490 	1156 	1155
f 1490 	1155 	1157
f 1487 	1497 	1498
f 1490 	1157 	1493
f 1159 	1493 	1157
f 1499 	1491 	1498
f 1124 	1493 	1158
f 1158 	1137 	1124
f 1501 	1150 	1500
f 1498 	1810 	1499
f 1150 	1501 	1144
f 1144 	1502 	1154
f 1355 	1489 	1499
f 1144 	1501 	1502
f 1154 	1502 	1503
f 1506 	1503 	1505
f 1504 	1505 	1503
f 1503 	1510 	1513
f 1513 	1515 	1503
f 1805 	1498 	1497
f 1508 	1500 	1507
f 1500 	1508 	1501
f 1499 	1369 	1355
f 1501 	1509 	1502
f 1501 	1508 	1509
f 1360 	1389 	1511
f 1502 	1510 	1503
f 1511 	1366 	1360
f 1509 	1510 	1502
f 1511 	1495 	1366
f 1512 	1513 	1510
f 1388 	1514 	1389
f 1504 	1503 	1515
f 1213 	1235 	1214
f 1227 	1226 	1520
f 1509 	1241 	1510
f 1228 	1227 	1602
f 1510 	1516 	1517
f 1510 	1517 	1512
f 1228 	1599 	1231
f 1242 	1516 	1241
f 1510 	1241 	1516
f 1505 	1518 	1506
f 1142 	1506 	1518
f 1505 	1504 	1518
f 1142 	1518 	1135
f 1226 	1519 	1520
f 1519 	1226 	1522
f 1232 	1449 	1448
f 1234 	1450 	1449
f 1234 	1237 	1450
f 1450 	1237 	1451
f 1451 	1426 	1452
f 1237 	1426 	1451
f 1426 	1431 	1452
f 1453 	1452 	1431
f 1432 	1454 	1453
f 1431 	1432 	1453
f 1448 	1165 	1420
f 1449 	1165 	1448
f 1450 	1165 	1449
f 1451 	1165 	1450
f 1452 	1165 	1451
f 1453 	1165 	1452
f 1454 	1165 	1453
f 1523 	1165 	1454
f 1523 	1524 	1165
f 1524 	1525 	1165
f 1525 	1526 	1165
f 1526 	1178 	1165
f 1527 	1454 	1432
f 1527 	1523 	1454
f 1528 	1524 	1523
f 1523 	1527 	1528
f 1524 	1528 	1529
f 1524 	1529 	1525
f 1529 	1530 	1525
f 1525 	1530 	1526
f 1526 	1191 	1178
f 1530 	1191 	1526
f 1562 	1529 	1528
f 1564 	1191 	1530
f 1210 	1200 	1532
f 1532 	1531 	1534
f 1533 	1534 	1531
f 1535 	1536 	1531
f 1531 	1537 	1533
f 1537 	1536 	1539
f 1538 	1539 	1536
f 1531 	1536 	1537
f 1577 	1531 	1200
f 1531 	1540 	1535
f 1534 	1541 	1532
f 1537 	1541 	1533
f 1540 	1550 	1535
f 1210 	1532 	1541
f 1542 	1435 	1225
f 1225 	1541 	1542
f 1539 	1542 	1537
f 1537 	1542 	1541
f 1534 	1533 	1541
f 1545 	1542 	1544
f 1539 	1544 	1542
f 1538 	1544 	1539
f 1544 	1538 	1536
f 1544 	1550 	1545
f 1543 	1542 	1546
f 1547 	1546 	1542
f 1545 	1547 	1542
f 1546 	1548 	1543
f 1543 	1548 	1549
f 1556 	1543 	1549
f 1550 	1544 	1536
f 1545 	1550 	1547
f 1550 	1561 	1548
f 1548 	1546 	1550
f 1550 	1546 	1547
f 1536 	1535 	1550
f 1551 	1432 	1431
f 1551 	1552 	1432
f 1558 	1557 	1552
f 1555 	1559 	1552
f 1435 	1542 	1543
f 1551 	1554 	1555
f 1552 	1551 	1555
f 1551 	1543 	1556
f 1551 	1556 	1554
f 1553 	1552 	1557
f 1558 	1552 	1559
f 1565 	1553 	1560
f 1557 	1560 	1553
f 1549 	1548 	1561
f 1559 	1555 	1561
f 1555 	1554 	1561
f 1554 	1556 	1561
f 1549 	1561 	1556
f 1560 	1557 	1573
f 1557 	1558 	1573
f 1561 	1558 	1559
f 1527 	1552 	1553
f 1527 	1553 	1528
f 1553 	1562 	1528
f 1563 	1530 	1529
f 1562 	1563 	1529
f 1563 	1564 	1530
f 1563 	1571 	1564
f 1560 	1573 	1565
f 1565 	1566 	1562
f 1565 	1562 	1553
f 1568 	1563 	1567
f 1569 	1563 	1568
f 1562 	1567 	1563
f 1567 	1562 	1570
f 1566 	1570 	1562
f 1572 	1564 	1571
f 1569 	1571 	1563
f 1573 	1570 	1566
f 1573 	1566 	1565
f 1573 	1558 	1561
f 1573 	1574 	1568
f 1573 	1568 	1567
f 1573 	1567 	1570
f 1573 	1593 	1574
f 1572 	1571 	1574
f 1571 	1569 	1574
f 1568 	1574 	1569
f 1098 	1434 	1575
f 1198 	1576 	1200
f 1575 	1576 	1198
f 1577 	1200 	1576
f 1580 	1577 	1579
f 1578 	1579 	1577
f 1577 	1580 	1531
f 1584 	1577 	1576
f 1584 	1586 	1577
f 1586 	1587 	1577
f 1580 	1540 	1531
f 1581 	1582 	1434
f 1434 	1582 	1575
f 1575 	1583 	1576
f 1582 	1583 	1575
f 1583 	1584 	1576
f 1584 	1585 	1586
f 1578 	1577 	1587
f 1583 	1825 	1584
f 1584 	1588 	1589
f 1584 	1589 	1585
f 1584 	1825 	1588
f 1540 	1580 	1590
f 1579 	1590 	1580
f 1579 	1578 	1590
f 1540 	1590 	1550
f 1550 	1591 	1561
f 1590 	1591 	1550
f 1591 	1592 	1561
f 1591 	1596 	1592
f 1592 	1573 	1561
f 1592 	1593 	1573
f 1592 	1597 	1593
f 1587 	1594 	1590
f 1587 	1590 	1578
f 1587 	1586 	1594
f 1585 	1594 	1586
f 1594 	1595 	1590
f 1590 	1595 	1591
f 1595 	1596 	1591
f 1596 	1597 	1592
f 1595 	1239 	1596
f 1596 	925 	1597
f 1239 	925 	1596
f 1826 	1236 	1588
f 1589 	1594 	1585
f 1594 	1238 	1595
f 1238 	1239 	1595
f 1612 	1177 	1522
f 1519 	1522 	1177
f 1520 	1519 	1177
f 1598 	1520 	1177
f 1599 	1171 	1601
f 1600 	1171 	1599
f 1174 	1601 	1171
f 1177 	1171 	1603
f 1598 	1177 	1603
f 1602 	1603 	1171
f 1600 	1602 	1171
f 1174 	1171 	1173
f 1172 	1173 	1171
f 1172 	1171 	1150
f 1800 	1171 	1177
f 1602 	1227 	1603
f 1603 	1227 	1598
f 1602 	1600 	1228
f 1228 	1600 	1599
f 1601 	1231 	1599
f 1231 	1173 	1233
f 1173 	1172 	1233
f 1176 	1233 	1172
f 1231 	1601 	1174
f 1231 	1174 	1173
f 1233 	1175 	1235
f 1149 	1235 	1175
f 1233 	1176 	1175
f 1604 	1605 	1607
f 1606 	1604 	1607
f 1608 	1609 	1607
f 1606 	1607 	1609
f 1605 	1604 	1792
f 1606 	1609 	1610
f 1611 	1610 	1609
f 1611 	1609 	1614
f 1614 	1609 	1613
f 1177 	1613 	1609
f 1177 	1612 	1613
f 1608 	1615 	1609
f 1191 	1616 	1192
f 1564 	1616 	1191
f 1616 	1617 	1192
f 1623 	1617 	1622
f 1617 	1193 	1192
f 1616 	1621 	1617
f 1564 	1572 	1618
f 1620 	1616 	1618
f 1619 	1616 	1620
f 1564 	1618 	1616
f 1619 	1621 	1616
f 1622 	1617 	1621
f 1622 	1621 	1624
f 1621 	1619 	1624
f 1620 	1624 	1619
f 1624 	1620 	1574
f 1620 	1618 	1574
f 1572 	1574 	1618
f 1624 	1623 	1622
f 1617 	1625 	1193
f 1193 	1625 	1194
f 1626 	1194 	1625
f 1633 	1634 	1626
f 1626 	1787 	1627
f 1630 	1625 	1629
f 1628 	1625 	1630
f 1617 	1629 	1625
f 1623 	1629 	1617
f 1632 	1625 	1631
f 1628 	1631 	1625
f 1625 	1632 	1626
f 1633 	1626 	1632
f 1787 	1626 	1634
f 1633 	1635 	1634
f 1624 	1635 	1630
f 1624 	1630 	1629
f 1624 	1629 	1623
f 1631 	1628 	1635
f 1630 	1635 	1628
f 1634 	1635 	1790
f 1794 	1790 	1635
f 1635 	1633 	1632
f 1635 	1632 	1631
f 1624 	1818 	1635
f 1293 	1665 	1296
f 1289 	1276 	1636
f 1294 	1636 	1291
f 1298 	1636 	1295
f 1636 	1298 	1297
f 1636 	1297 	1300
f 1636 	1300 	1289
f 1300 	1299 	1289
f 1279 	1289 	1299
f 1637 	1250 	1261
f 1263 	1637 	1261
f 1265 	1637 	1263
f 1276 	1256 	1637
f 1637 	1636 	1276
f 1268 	1638 	1269
f 1269 	1638 	1270
f 1270 	1638 	1639
f 1271 	1267 	1639
f 1270 	1639 	1267
f 1273 	1272 	1639
f 1271 	1639 	1272
f 1642 	1643 	1641
f 1640 	1641 	1643
f 1643 	1642 	1639
f 1273 	1639 	1642
f 1273 	1642 	1274
f 1640 	1643 	1644
f 1643 	1291 	1644
f 1643 	1639 	1292
f 1643 	1292 	1293
f 1643 	1293 	1291
f 1645 	1637 	1265
f 1265 	1264 	1645
f 1266 	1645 	1264
f 1275 	1645 	1266
f 1637 	1645 	1636
f 1274 	1642 	1275
f 1645 	1275 	1642
f 1641 	1645 	1642
f 1645 	1644 	1636
f 1291 	1636 	1644
f 1645 	1641 	1640
f 1645 	1640 	1644
f 924 	939 	1646
f 1244 	1646 	1647
f 1646 	1649 	1647
f 1244 	1647 	1245
f 939 	1648 	1646
f 1648 	939 	942
f 1649 	1646 	1648
f 1657 	1649 	1648
f 1647 	1649 	1262
f 1268 	1269 	1649
f 1262 	1649 	1269
f 1647 	1262 	1260
f 942 	954 	1650
f 942 	1650 	1651
f 942 	1651 	1652
f 1653 	1648 	1652
f 1654 	1648 	1653
f 942 	1652 	1648
f 1648 	1655 	1656
f 1648 	1656 	1657
f 1658 	1649 	1657
f 1660 	1648 	1659
f 1648 	1654 	1659
f 1648 	1660 	1655
f 1658 	1661 	1649
f 1661 	1662 	1649
f 1662 	1663 	1649
f 1268 	1649 	1663
f 1665 	1293 	1664
f 1666 	1296 	1665
f 1664 	1670 	1665
f 1296 	1666 	1280
f 1666 	1667 	1280
f 1283 	1280 	1667
f 1283 	1668 	1287
f 1283 	1667 	1668
f 1667 	1672 	1673
f 1667 	1673 	1668
f 1670 	1664 	1669
f 1665 	1671 	1666
f 1665 	1670 	1671
f 1666 	1672 	1667
f 1666 	1671 	1672
f 962 	1752 	1751
f 962 	1669 	1752
f 962 	1670 	1669
f 962 	1671 	1670
f 962 	1672 	1671
f 962 	1673 	1672
f 1757 	1674 	1675
f 1674 	962 	1675
f 1398 	1679 	1379
f 1680 	1381 	1679
f 1392 	962 	1391
f 962 	1393 	1391
f 962 	1394 	1393
f 962 	1395 	1394
f 962 	1397 	1395
f 962 	1398 	1397
f 962 	1679 	1398
f 962 	1680 	1679
f 962 	1681 	1680
f 962 	1682 	1681
f 962 	1683 	1682
f 962 	958 	1683
f 1685 	1717 	1684
f 1679 	1381 	1379
f 1381 	1680 	1684
f 1680 	1681 	1684
f 1684 	1681 	1685
f 1686 	1685 	1682
f 1681 	1682 	1685
f 1686 	1683 	1687
f 1683 	1686 	1682
f 1683 	958 	1687
f 1687 	958 	971
f 1689 	1688 	1691
f 1688 	1692 	1693
f 1693 	1691 	1688
f 1690 	1692 	1688
f 1692 	1690 	1694
f 1695 	1690 	1698
f 1698 	1690 	1697
f 1322 	1697 	1690
f 1700 	1690 	1699
f 1695 	1699 	1690
f 1706 	1699 	1695
f 1695 	1698 	1706
f 1699 	1706 	1700
f 1701 	1703 	1700
f 1702 	1703 	1701
f 1690 	1700 	1703
f 1690 	1703 	1694
f 1312 	1689 	1704
f 1691 	1704 	1689
f 1693 	1704 	1691
f 1346 	1705 	1696
f 1697 	1696 	1705
f 1697 	1705 	1698
f 1705 	1706 	1698
f 1701 	1700 	1706
f 1709 	1710 	1708
f 1707 	1708 	1710
f 1706 	1710 	1709
f 1702 	1701 	1709
f 1706 	1709 	1701
f 1710 	1715 	1711
f 1710 	1711 	1707
f 1705 	1346 	1362
f 1345 	1362 	1346
f 1362 	1377 	1705
f 1705 	1377 	1706
f 1716 	1710 	1706
f 1712 	1704 	1693
f 1693 	1692 	1712
f 1694 	1712 	1692
f 1703 	1712 	1694
f 1712 	1770 	1704
f 1702 	1709 	1703
f 1712 	1703 	1709
f 1708 	1712 	1709
f 1708 	1707 	1712
f 1711 	1712 	1707
f 1713 	1306 	1302
f 1704 	1713 	1302
f 1713 	1714 	1306
f 1308 	1005 	930
f 1714 	1005 	1308
f 1704 	1770 	1713
f 1716 	1706 	1377
f 1717 	1710 	1716
f 1684 	1717 	1716
f 1718 	1715 	1717
f 1710 	1717 	1715
f 1717 	1719 	1720
f 1717 	1720 	1718
f 1430 	1425 	1440
f 1440 	1721 	1430
f 1440 	1744 	1721
f 1430 	1721 	1433
f 1433 	1581 	1434
f 1721 	1581 	1433
f 1741 	1742 	1723
f 1307 	1741 	1723
f 1722 	1436 	1439
f 1440 	1743 	1744
f 1085 	1725 	1724
f 1726 	1084 	1724
f 1062 	1427 	1054
f 1428 	1427 	1727
f 1062 	1727 	1427
f 1725 	1728 	1724
f 1725 	1729 	1728
f 1724 	1730 	1726
f 1724 	1728 	1730
f 1726 	1731 	1727
f 1726 	1730 	1731
f 1439 	1438 	1731
f 1727 	1731 	1438
f 1722 	1439 	1731
f 1727 	1438 	1437
f 1727 	1437 	1429
f 1727 	1429 	1428
f 1729 	1255 	1303
f 1728 	1729 	1303
f 1728 	1305 	1730
f 1728 	1303 	1305
f 1730 	1307 	1731
f 1730 	1305 	1307
f 1731 	1723 	1722
f 1307 	1723 	1731
f 1137 	1154 	1732
f 1137 	1732 	1136
f 1139 	1136 	1732
f 1732 	1140 	1138
f 1128 	1127 	1140
f 1127 	1138 	1140
f 1139 	1732 	1138
f 1141 	1140 	1732
f 1503 	1732 	1154
f 1732 	1503 	1506
f 1732 	1506 	1142
f 1732 	1142 	1141
f 1115 	1161 	1160
f 1115 	1733 	1161
f 1115 	1122 	1735
f 1122 	1107 	1735
f 1736 	1733 	1735
f 1735 	1733 	1115
f 1112 	1734 	1109
f 1733 	1110 	1734
f 1109 	1734 	1110
f 1110 	1733 	1108
f 1736 	1108 	1733
f 1077 	1075 	1111
f 1734 	1111 	1075
f 1734 	1112 	1111
f 1736 	1107 	1108
f 1107 	1736 	1735
f 1135 	1521 	1123
f 1521 	1135 	1518
f 1123 	1521 	1737
f 1521 	1740 	1737
f 1107 	1123 	1737
f 1107 	1737 	1725
f 1737 	1729 	1725
f 1107 	1725 	1085
f 1515 	1738 	1518
f 1515 	1518 	1504
f 1515 	1513 	1738
f 1512 	1738 	1513
f 1518 	1738 	1739
f 1521 	1518 	1739
f 1740 	1521 	1739
f 1739 	1254 	1740
f 1729 	1737 	1740
f 1517 	1516 	1252
f 1242 	1252 	1516
f 1252 	1738 	1517
f 1517 	1738 	1512
f 1738 	1252 	1253
f 1739 	1738 	1253
f 1254 	1739 	1253
f 1740 	1255 	1729
f 1740 	1254 	1255
f 1722 	1723 	1742
f 1741 	1318 	1742
f 1722 	1742 	1436
f 1440 	1436 	1743
f 1742 	1743 	1436
f 1744 	1745 	1721
f 1748 	1744 	1743
f 1744 	1749 	1745
f 1748 	1749 	1744
f 1721 	1745 	1581
f 1746 	1742 	1318
f 1314 	1746 	1315
f 1318 	1315 	1746
f 1746 	1747 	1742
f 1742 	1747 	1743
f 1747 	1748 	1743
f 1747 	1474 	1748
f 1324 	1325 	1750
f 1323 	1750 	1325
f 1313 	1750 	1323
f 1313 	1353 	1750
f 1325 	1746 	1323
f 1323 	1746 	1314
f 1746 	1472 	1747
f 1325 	1472 	1746
f 1472 	1474 	1747
f 1474 	1317 	1748
f 1748 	1317 	1749
f 1255 	1309 	1303
f 1255 	1259 	1309
f 1674 	970 	962
f 1676 	1675 	962
f 962 	1677 	1676
f 962 	1678 	1677
f 1678 	962 	1751
f 1753 	1292 	1639
f 1292 	1753 	1756
f 1756 	1753 	1755
f 1292 	1756 	1664
f 1756 	1669 	1664
f 1754 	1751 	1755
f 1755 	1751 	1752
f 1752 	1756 	1755
f 1752 	1669 	1756
f 1760 	1754 	1764
f 1757 	980 	1674
f 1674 	980 	970
f 1675 	1758 	1757
f 1758 	1675 	1676
f 1758 	1676 	1759
f 1760 	1759 	1677
f 1677 	1759 	1676
f 1760 	1677 	1678
f 1760 	1678 	1754
f 1754 	1678 	1751
f 1653 	1761 	1762
f 1660 	1762 	1763
f 1758 	1759 	1762
f 1638 	1663 	1765
f 1662 	1765 	1663
f 1662 	1661 	1765
f 1764 	1765 	1661
f 1638 	1765 	1753
f 1765 	1754 	1755
f 1765 	1755 	1753
f 1638 	1753 	1639
f 990 	980 	1757
f 990 	1757 	1761
f 1761 	1758 	1762
f 1761 	1757 	1758
f 1763 	1762 	1759
f 1763 	1759 	1760
f 1763 	1760 	1764
f 1765 	1764 	1754
f 1663 	1638 	1268
f 1651 	1650 	1761
f 1761 	1650 	990
f 954 	990 	1650
f 1659 	1654 	1762
f 1653 	1762 	1654
f 1761 	1653 	1652
f 1651 	1761 	1652
f 1762 	1660 	1659
f 1763 	1655 	1660
f 1656 	1655 	1763
f 1661 	1658 	1764
f 1657 	1764 	1658
f 1657 	1656 	1764
f 1763 	1764 	1656
f 1204 	1196 	1198
f 1197 	1198 	1215
f 1720 	1719 	1767
f 1766 	1767 	1719
f 1719 	1768 	1769
f 1719 	1769 	1766
f 1381 	1716 	1377
f 1381 	1684 	1716
f 1770 	1779 	1713
f 1711 	1715 	1770
f 1712 	1711 	1770
f 1718 	1770 	1715
f 1720 	1770 	1718
f 1767 	1770 	1720
f 1767 	1766 	1770
f 1769 	1770 	1766
f 1770 	1769 	1779
f 1768 	1779 	1769
f 1771 	1768 	1772
f 1719 	1772 	1768
f 1772 	1773 	1774
f 1772 	1774 	1775
f 1772 	1775 	1771
f 1774 	1773 	1776
f 1773 	1012 	1777
f 1773 	1777 	1778
f 1773 	1778 	1776
f 1777 	1019 	1778
f 1778 	1779 	1776
f 1012 	1011 	1777
f 1717 	1685 	1719
f 1719 	1685 	1686
f 1686 	1772 	1719
f 1686 	1687 	1772
f 1773 	1772 	1687
f 1773 	971 	1012
f 1687 	971 	1773
f 1779 	1714 	1713
f 1714 	1019 	1005
f 1779 	1019 	1714
f 1768 	1771 	1779
f 1775 	1779 	1771
f 1779 	1778 	1019
f 1011 	1019 	1777
f 1775 	1774 	1779
f 1774 	1776 	1779
f 1780 	935 	1781
f 1780 	928 	935
f 1783 	924 	1243
f 1784 	1781 	935
f 933 	1784 	934
f 934 	1784 	935
f 1781 	1784 	1785
f 1784 	992 	937
f 1781 	1785 	1782
f 1782 	1785 	923
f 1784 	937 	1785
f 1785 	938 	923
f 937 	938 	1785
f 1782 	923 	1783
f 924 	1783 	923
f 991 	992 	1786
f 936 	1786 	992
f 932 	1786 	936
f 933 	936 	1784
f 992 	1784 	936
f 1627 	1788 	1224
f 1787 	1788 	1627
f 1224 	1788 	1789
f 1604 	1788 	1792
f 1224 	1789 	1226
f 1522 	1226 	1789
f 1791 	1787 	1790
f 1790 	1787 	1634
f 1788 	1787 	1792
f 1792 	1787 	1793
f 1791 	1793 	1787
f 1604 	1606 	1788
f 1610 	1611 	1788
f 1614 	1789 	1788
f 1793 	1791 	1794
f 1790 	1794 	1791
f 1794 	1607 	1792
f 1794 	1792 	1793
f 1635 	1819 	1794
f 1610 	1788 	1606
f 1614 	1788 	1611
f 1614 	1613 	1789
f 1612 	1522 	1789
f 1612 	1789 	1613
f 1605 	1792 	1607
f 1608 	1794 	1615
f 1607 	1794 	1608
f 1615 	1795 	1609
f 1797 	1795 	1796
f 1798 	1795 	1797
f 1615 	1796 	1795
f 1609 	1795 	1799
f 1177 	1609 	1799
f 1800 	1177 	1799
f 1171 	1500 	1150
f 1171 	1800 	1500
f 1832 	1514 	1388
f 1514 	1801 	1389
f 1511 	1389 	1801
f 1511 	1802 	1495
f 1511 	1801 	1802
f 1496 	1495 	1803
f 1835 	1802 	1801
f 1804 	1497 	1496
f 1803 	1804 	1496
f 1804 	1805 	1497
f 1798 	1807 	1795
f 1806 	1795 	1807
f 1809 	1806 	1808
f 1807 	1808 	1806
f 1805 	1810 	1498
f 1795 	1806 	1811
f 1795 	1811 	1799
f 1799 	1811 	1812
f 1811 	1783 	1812
f 1799 	1812 	1800
f 1800 	1507 	1500
f 1800 	1812 	1507
f 1780 	1781 	1814
f 1813 	1814 	1781
f 1822 	928 	1814
f 1369 	1499 	1810
f 1834 	1835 	1801
f 1802 	1836 	1803
f 1836 	1837 	1803
f 1803 	1837 	1804
f 1805 	1804 	1838
f 1838 	1839 	1805
f 1839 	1392 	1810
f 1810 	1392 	1369
f 1287 	1668 	1815
f 1457 	1815 	1816
f 1781 	1806 	1813
f 1809 	1813 	1806
f 1806 	1782 	1811
f 1806 	1781 	1782
f 1783 	1811 	1782
f 1812 	1783 	1243
f 1812 	1243 	1507
f 1574 	1817 	1624
f 1817 	1574 	1593
f 1817 	1818 	1624
f 1819 	1635 	1818
f 1821 	1818 	1817
f 1794 	1796 	1615
f 1819 	1797 	1796
f 1819 	1796 	1794
f 1593 	1820 	1817
f 1593 	1597 	1820
f 1820 	1821 	1817
f 1818 	1822 	1819
f 1821 	1822 	1818
f 1822 	1809 	1808
f 1822 	1808 	1819
f 1819 	1808 	1807
f 1819 	1807 	1798
f 1819 	1798 	1797
f 1597 	925 	926
f 926 	1820 	1597
f 1820 	927 	1821
f 928 	1822 	1821
f 927 	928 	1821
f 1822 	1814 	1813
f 1822 	1813 	1809
f 1780 	1814 	928
f 1581 	1823 	1582
f 1823 	1581 	1745
f 1823 	1824 	1582
f 1582 	1824 	1583
f 1824 	1825 	1583
f 1824 	1829 	1825
f 1826 	1588 	1825
f 1745 	1749 	1827
f 1827 	1823 	1745
f 1823 	1828 	1824
f 1827 	1828 	1823
f 1828 	1829 	1824
f 1829 	1830 	1304
f 1829 	1304 	1825
f 1830 	1829 	1311
f 1830 	1302 	1304
f 1311 	1302 	1830
f 1825 	1304 	1301
f 1825 	1301 	1826
f 1749 	1316 	1827
f 1317 	1316 	1749
f 1316 	1319 	1827
f 1831 	1382 	1458
f 1458 	1816 	1831
f 1832 	1382 	1831
f 1832 	1388 	1382
f 1840 	1815 	1668
f 1841 	1816 	1815
f 1831 	1816 	1842
f 1801 	1514 	1834
f 1514 	1833 	1834
f 1833 	1514 	1832
f 1836 	1802 	1835
f 1804 	1837 	1838
f 1810 	1805 	1839
f 1840 	1668 	1673
f 1815 	1840 	1841
f 1841 	1842 	1816
f 1831 	1843 	1832
f 1831 	1842 	1843
f 1843 	1833 	1832
f 1673 	962 	1840
f 962 	1841 	1840
f 962 	1842 	1841
f 962 	1843 	1842
f 1843 	962 	1833
f 962 	1834 	1833
f 962 	1835 	1834
f 1836 	1835 	962
f 962 	1837 	1836
f 962 	1838 	1837
f 962 	1839 	1838
f 962 	1392 	1839
f 1507 	1844 	1508
f 1507 	1243 	1844
f 1240 	1508 	1844
f 1244 	1844 	1243
f 1844 	1245 	1240
f 1844 	1244 	1245
f 1240 	1509 	1508
f 1241 	1509 	1240
f 1827 	1319 	1828
f 1688 	1828 	1319
f 1828 	1688 	1829
f 1312 	1311 	1829
f 1829 	1688 	1312
f 1689 	1312 	1688
f 1589 	1588 	1236
f 1236 	1826 	1301
f 1589 	1236 	1594
f 1238 	1594 	1236
# 1840 faces

 #end of obj_1

o obj_2
v 3.8329 		1.7576 		0.6632
v 4.9978 		1.7288 		0.6632
v 0.4955 		5.075 		0.81
v 0.5342 		4.1939 		0.81
v 0.6488 		3.3276 		0.81
v 0.8382 		2.4916 		0.81
v 0.5723 		4.2013 		0.6632
v 0.5342 		5.075 		0.6632
v 0.686 		3.3427 		0.6632
v 0.8739 		2.5136 		0.6632
v 1.0137 		2.0887 		0.6632
v 0.9979 		2.077 		0.7302
v 0.995 		2.0748 		0.7426
v 1.0611 		2.1244 		0.5963
v 2.7472 		1.9261 		0.5189
v 3.8629 		1.8429 		0.5189
v 4.9978 		1.815 		0.5189
v 2.845 		2.0632 		0.3796
v 3.9121 		1.9835 		0.3796
v 4.9978 		1.957 		0.3796
v 2.9051 		2.1471 		0.3209
v 2.7563 		2.1638 		0.3223
v 2.7662 		2.1627 		0.3222
v 2.7134 		2.1684 		0.3228
v 3.3659 		2.1208 		0.3155
v 3.3981 		2.1187 		0.3153
v 3.9292 		2.085 		0.3113
v 3.9474 		2.0838 		0.3113
v 3.4843 		2.1133 		0.3146
v 4.4973 		2.0745 		0.3084
v 4.6736 		2.0704 		0.3083
v 4.9978 		2.063 		0.3079
v 4.1054 		2.0811 		0.3104
v 4.471 		2.0751 		0.3085
v 3.8326 		4.96 		0.2523
v 3.8227 		5.075 		0.2523
v 3.8626 		4.8468 		0.2523
v 3.9121 		4.7377 		0.2523
v 3.9799 		4.6344 		0.2523
v 4.9978 		5.075 		0.2475
v 4.0654 		4.5386 		0.2523
v 4.1669 		4.452 		0.2523
v 4.2824 		4.3759 		0.2523
v 4.4102 		4.3118 		0.2523
v 4.5479 		4.2609 		0.2523
v 4.6935 		4.2238 		0.2523
v 4.8444 		4.2013 		0.2523
v 4.9978 		4.1939 		0.2523
v 2.6674 		5.075 		0.2666
v 2.6875 		4.8468 		0.2666
v 2.7469 		4.6227 		0.2666
v 2.8447 		4.4063 		0.2666
v 2.9798 		4.2013 		0.2666
v 3.8326 		3.5619 		0.2666
v 4.1059 		3.4606 		0.2666
v 4.3946 		3.3873 		0.2666
v 4.6935 		3.3427 		0.2666
v 4.9978 		3.3276 		0.2666
v 2.5615 		3.2482 		0.2903
v 3.149 		4.0112 		0.2666
v 3.3501 		3.8395 		0.2666
v 3.579 		3.6888 		0.2666
v 2.9003 		3.0252 		0.2903
v 3.275 		2.8376 		0.2903
v 3.6792 		2.6882 		0.2903
v 4.1059 		2.5795 		0.2903
v 4.5479 		2.5136 		0.2903
v 4.9978 		2.4916 		0.2903
v 1.1162 		2.1656 		0.5189
v 1.6703 		2.0632 		0.5189
v 1.1162 		2.1656 		0.5188
v 1.2093 		2.2355 		0.442
v 1.2849 		2.2922 		0.3796
v 1.1951 		2.2249 		0.4537
v 1.8149 		2.1943 		0.3796
v 1.2849 		2.2923 		0.3795
v 1.8754 		2.2489 		0.3396
v 1.335 		2.3298 		0.3511
v 1.3364 		2.3296 		0.3511
v 1.6718 		2.2794 		0.3439
v 2.0862 		2.2299 		0.3346
v 2.2372 		2.2151 		0.3318
v 0.6488 		5.075 		0.5188
v 0.686 		4.2238 		0.5188
v 0.7971 		3.3873 		0.5188
v 0.9957 		4.6799 		0.3085
v 0.9857 		4.9228 		0.3082
v 1.5818 		4.7377 		0.2903
v 0.9794 		5.075 		0.3079
v 1.5523 		5.075 		0.2903
v 1.6697 		4.4063 		0.2903
v 1.0091 		4.2736 		0.3114
v 1.0074 		4.2872 		0.3113
v 0.9998 		4.5409 		0.3095
v 0.9961 		4.665 		0.3086
v 1.0213 		4.1646 		0.3125
v 0.8382 		5.075 		0.3795
v 0.8739 		4.2609 		0.3795
v 1.1198 		3.3639 		0.3228
v 1.8146 		4.0863 		0.2903
v 1.0566 		3.851 		0.3156
v 1.049 		3.9187 		0.3149
v 1.1142 		3.3939 		0.3223
v 1.0918 		3.5056 		0.3209
v 1.0635 		3.7833 		0.3166
v 2.0139 		3.7833 		0.2903
v 2.2641 		3.5022 		0.2903
v 1.1151 		3.3889 		0.3224
v 0.9801 		3.4606 		0.3795
v 0.9801 		2.5795 		0.5188
v 1.1465 		3.2111 		0.3267
v 1.1797 		3.0201 		0.3314
v 1.4263 		3.0201 		0.3228
v 1.2022 		2.8911 		0.3346
v 1.2542 		2.6328 		0.3425
v 1.2274 		2.7333 		0.3397
v 1.8146 		2.6882 		0.3228
v 1.277 		2.5476 		0.3449
v 2.2572 		2.3971 		0.3228
v 1.1548 		2.6882 		0.3795
v 8.3685 		7.8638 		1.2751
v 8.7106 		7.8577 		1.2405
v 8.7106 		7.8578 		1.2404
v 8.1806 		7.9557 		1.2404
v 8.6591 		7.8204 		1.2689
v 8.6606 		7.8202 		1.2689
v 8.2546 		7.8809 		1.2775
v 8.1201 		7.9011 		1.2804
v 7.4838 		7.9619 		1.2934
v 7.7383 		7.9369 		1.2886
v 7.9094 		7.9201 		1.2854
v 8.7858 		7.9142 		1.1783
v 8.5692 		7.1299 		1.2971
v 8.1809 		7.4618 		1.2971
v 7.7383 		7.7529 		1.2971
v 8.813 		7.1461 		1.2882
v 8.7933 		7.2589 		1.2853
v 8.7269 		7.5711 		1.2759
v 8.7681 		7.4167 		1.2803
v 8.8407 		7.4618 		1.2405
v 8.1809 		6.0636 		1.3297
v 7.9816 		6.3667 		1.3297
v 7.7314 		6.6477 		1.3297
v 8.9388 		6.299 		1.3044
v 8.9487 		6.2106 		1.3053
v 8.9414 		6.2754 		1.3046
v 8.9037 		6.6444 		1.2991
v 8.8827 		6.7492 		1.2978
v 8.8814 		6.7561 		1.2977
v 8.8757 		6.7861 		1.2971
v 9.0154 		6.6894 		1.2405
v 8.4137 		5.4123 		1.3297
v 8.4432 		5.075 		1.3297
v 8.3258 		5.7437 		1.3297
v 9.0161 		5.075 		1.312
v 9.0061 		5.3187 		1.3117
v 8.9999 		5.4701 		1.3115
v 9.0007 		5.4509 		1.3115
v 8.9916 		5.7448 		1.3095
v 8.9881 		5.8628 		1.3087
v 8.9864 		5.8764 		1.3086
v 9.1216 		5.889 		1.2405
v 9.1573 		5.075 		1.2405
v 7.1505 		8.0868 		1.2404
v 7.0904 		8.0029 		1.2991
v 7.2392 		7.9862 		1.2977
v 7.2463 		7.9854 		1.2976
v 7.282 		7.9817 		1.2971
v 6.0481 		8.0662 		1.3087
v 6.0834 		8.1665 		1.2404
v 6.212 		8.0558 		1.3076
v 6.5405 		8.035 		1.3051
v 6.0663 		8.065 		1.3086
v 6.6297 		8.0293 		1.3044
v 6.7205 		8.0241 		1.3034
v 4.9978 		8.193 		1.2404
v 5.5452 		8.0745 		1.3114
v 5.7103 		8.0718 		1.3105
v 4.9978 		8.087 		1.3121
v 5.2012 		8.0823 		1.3119
v 5.5245 		8.0749 		1.3115
v 7.0952 		7.1247 		1.3297
v 6.7205 		7.3124 		1.3297
v 6.3163 		7.4618 		1.3297
v 9.1216 		4.2609 		1.2405
v 8.9881 		4.2872 		1.3087
v 8.9994 		4.665 		1.3114
v 8.9957 		4.5409 		1.3105
v 9.0098 		4.9228 		1.3118
v 8.9998 		4.6799 		1.3115
v 7.7314 		3.5022 		1.3297
v 7.9816 		3.7833 		1.3297
v 8.1809 		4.0863 		1.3297
v 8.8804 		3.3889 		1.2976
v 8.8813 		3.3939 		1.2977
v 8.8757 		3.3639 		1.2971
v 8.9389 		3.851 		1.3044
v 8.932 		3.7833 		1.3034
v 8.9037 		3.5056 		1.2991
v 8.9465 		3.9187 		1.3051
v 9.0154 		3.4606 		1.2405
v 7.7383 		2.3971 		1.2971
v 8.1809 		2.6882 		1.2971
v 8.5692 		3.0201 		1.2971
v 8.6591 		2.3296 		1.2689
v 8.6605 		2.3298 		1.2689
v 8.7185 		2.5476 		1.275
v 8.7413 		2.6328 		1.2775
v 8.7933 		2.8911 		1.2853
v 8.7681 		2.7333 		1.2803
v 8.8158 		3.0201 		1.2886
v 8.849 		3.2111 		1.2933
v 8.8407 		2.6882 		1.2405
v 7.9093 		2.2299 		1.2854
v 7.7583 		2.2151 		1.2882
v 8.3237 		2.2794 		1.276
v 8.1201 		2.2489 		1.2804
v 8.7106 		2.2923 		1.2405
v 8.7106 		2.2922 		1.2404
v 8.7862 		2.2355 		1.178
v 6.0481 		2.0838 		1.3087
v 6.0834 		1.9835 		1.2404
v 5.8901 		2.0811 		1.3095
v 5.5245 		2.0751 		1.3115
v 5.4982 		2.0745 		1.3115
v 5.3219 		2.0704 		1.3117
v 4.9978 		2.063 		1.3121
v 4.9978 		1.957 		1.2404
v 6.5974 		2.1187 		1.3047
v 6.5112 		2.1133 		1.3053
v 6.0663 		2.085 		1.3086
v 7.1505 		2.0632 		1.2404
v 7.0904 		2.1471 		1.2991
v 6.6296 		2.1208 		1.3044
v 7.2293 		2.1627 		1.2978
v 7.2821 		2.1684 		1.2971
v 7.2392 		2.1638 		1.2977
v 7.0157 		4.2013 		1.3533
v 7.1508 		4.4063 		1.3533
v 7.2486 		4.6227 		1.3533
v 7.308 		4.8468 		1.3533
v 7.3281 		5.075 		1.3533
v 4.9978 		5.075 		1.3725
v 6.0156 		4.6344 		1.3677
v 6.0834 		4.7377 		1.3677
v 6.1329 		4.8468 		1.3677
v 6.1629 		4.96 		1.3677
v 6.1728 		5.075 		1.3677
v 3.9121 		1.9835 		1.2404
v 4.4503 		2.0755 		1.3114
v 4.2852 		2.0782 		1.3105
v 3.9474 		2.0838 		1.3087
v 4.7943 		2.0677 		1.3119
v 4.471 		2.0751 		1.3115
v 2.845 		2.0632 		1.2404
v 3.8227 		5.075 		1.3677
v 3.8326 		4.96 		1.3677
v 3.8626 		4.8468 		1.3677
v 3.9121 		4.7377 		1.3677
v 3.9799 		4.6344 		1.3677
v 4.0654 		4.5386 		1.3677
v 4.1669 		4.452 		1.3677
v 4.2824 		4.3759 		1.3677
v 4.4102 		4.3118 		1.3677
v 4.5479 		4.2609 		1.3677
v 4.6935 		4.2238 		1.3677
v 4.8444 		4.2013 		1.3677
v 4.9978 		4.1939 		1.3677
v 2.6674 		5.075 		1.3533
v 2.6875 		4.8468 		1.3533
v 2.7469 		4.6227 		1.3533
v 2.8447 		4.4063 		1.3533
v 2.9798 		4.2013 		1.3533
v 4.1054 		8.0689 		1.3095
v 4.4973 		8.0755 		1.3115
v 3.9121 		8.1665 		1.2404
v 4.6736 		8.0796 		1.3117
v 2.845 		8.0868 		1.2404
v 3.3981 		8.0313 		1.3047
v 3.4843 		8.0367 		1.3053
v 3.9292 		8.065 		1.3086
v 3.9474 		8.0662 		1.3087
v 3.8326 		3.5619 		1.3533
v 2.9051 		8.0029 		1.2991
v 4.1059 		3.4606 		1.3533
v 3.3659 		8.0292 		1.3044
v 2.7662 		7.9873 		1.2978
v 2.7134 		7.9816 		1.2971
v 2.7563 		7.9862 		1.2977
v 4.3946 		3.3873 		1.3533
v 4.6935 		3.3427 		1.3533
v 4.9978 		3.3276 		1.3533
v 4.471 		8.0749 		1.3115
v 3.149 		4.0112 		1.3533
v 4.5479 		7.6364 		1.3297
v 3.3501 		3.8395 		1.3533
v 4.9978 		7.6584 		1.3297
v 4.1059 		7.5705 		1.3297
v 3.579 		3.6888 		1.3533
v 3.6792 		7.4618 		1.3297
v 3.275 		7.3124 		1.3297
v 2.5615 		3.2482 		1.3297
v 2.9003 		7.1247 		1.3297
v 2.9003 		3.0252 		1.3297
v 3.275 		2.8376 		1.3297
v 3.6792 		2.6882 		1.3297
v 4.9978 		6.8223 		1.3533
v 4.6935 		6.8073 		1.3533
v 4.1059 		2.5795 		1.3297
v 4.3946 		6.7627 		1.3533
v 4.5479 		2.5136 		1.3297
v 4.1059 		6.6894 		1.3533
v 4.9978 		2.4916 		1.3297
v 0.8382 		7.6584 		0.81
v 3.8326 		6.5881 		1.3533
v 0.6488 		6.8223 		0.81
v 0.5342 		5.9561 		0.81
v 7.3278 		1.815 		0.81
v 8.4429 		1.957 		0.81
v 9.0164 		2.063 		0.81
v 4.9978 		1.7 		0.81
v 6.1626 		1.7576 		0.6632
v 7.3077 		1.8429 		0.6632
v 8.4131 		1.9835 		0.6632
v 8.9818 		2.0887 		0.6632
v 8.9976 		2.077 		0.7299
v 9.0005 		2.0749 		0.7423
v 8.9254 		2.1309 		0.5839
v 8.934 		2.1244 		0.596
v 9.1573 		2.4916 		0.81
v 9.3467 		3.3276 		0.81
v 9.4613 		4.1939 		0.81
v 9.5 		5.075 		0.81
v 9.1216 		2.5136 		0.6632
v 9.3095 		3.3427 		0.6632
v 9.4232 		4.2013 		0.6632
v 9.4613 		5.075 		0.6632
v 8.3252 		2.0632 		0.5189
v 8.8793 		2.1656 		0.5189
v 8.1806 		2.1943 		0.3796
v 8.8793 		2.1656 		0.5188
v 8.7858 		2.2358 		0.4417
v 8.8 		2.2251 		0.4534
v 8.7106 		2.2922 		0.3796
v 8.1201 		2.2489 		0.3396
v 7.4838 		2.1881 		0.3266
v 7.7383 		2.2131 		0.3314
v 7.9094 		2.2299 		0.3346
v 8.2546 		2.2691 		0.3425
v 8.3685 		2.2862 		0.3449
v 8.6591 		2.3296 		0.3511
v 8.6606 		2.3298 		0.3511
v 8.7106 		2.2923 		0.3795
v 9.1984 		3.3873 		0.5188
v 9.3095 		4.2238 		0.5188
v 9.3467 		5.075 		0.5188
v 8.9864 		4.2736 		0.3114
v 8.3258 		4.4063 		0.2903
v 8.9916 		4.4052 		0.3105
v 8.9881 		4.2872 		0.3113
v 8.4137 		4.7377 		0.2903
v 8.9999 		4.6799 		0.3085
v 9.0061 		4.8313 		0.3083
v 9.0007 		4.6991 		0.3085
v 8.4432 		5.075 		0.2903
v 9.0161 		5.075 		0.3079
v 9.1216 		4.2609 		0.3795
v 9.1573 		5.075 		0.3795
v 8.8757 		3.3639 		0.3228
v 7.7314 		3.5022 		0.2903
v 7.9816 		3.7833 		0.2903
v 8.8814 		3.3939 		0.3223
v 8.8827 		3.4008 		0.3222
v 8.1809 		4.0863 		0.2903
v 8.9388 		3.851 		0.3156
v 8.9037 		3.5056 		0.3209
v 8.9487 		3.9394 		0.3147
v 8.9414 		3.8746 		0.3153
v 0.995 		8.0751 		0.7423
v 0.8739 		7.6364 		0.6632
v 9.4613 		5.9561 		0.81
v 0.9979 		8.073 		0.7299
v 9.3467 		6.8223 		0.81
v 0.686 		6.8073 		0.6632
v 9.1573 		7.6584 		0.81
v 0.5723 		5.9487 		0.6632
v 9.4232 		5.9487 		0.6632
v 9.3095 		6.8073 		0.6632
v 1.0615 		8.0256 		0.596
v 1.0701 		8.0191 		0.5839
v 9.1216 		7.6364 		0.6632
v 8.9818 		8.0613 		0.6632
v 8.9976 		8.073 		0.7302
v 3.8629 		8.3071 		0.5189
v 4.9978 		8.335 		0.5189
v 9.0005 		8.0752 		0.7426
v 2.7472 		8.2239 		0.5189
v 3.9121 		8.1665 		0.3796
v 4.9978 		8.193 		0.3796
v 2.845 		8.0868 		0.3796
v 8.9344 		8.0256 		0.5963
v 8.8793 		7.9844 		0.5189
v 8.3252 		8.0868 		0.5189
v 8.8793 		7.9844 		0.5188
v 4.9978 		8.087 		0.3079
v 4.7943 		8.0823 		0.3081
v 4.471 		8.0749 		0.3085
v 4.4503 		8.0745 		0.3086
v 8.7862 		7.9145 		0.442
v 8.7106 		7.8578 		0.3796
v 8.8004 		7.9251 		0.4537
v 8.1806 		7.9557 		0.3796
v 8.7106 		7.8577 		0.3795
v 4.2852 		8.0718 		0.3095
v 3.9474 		8.0662 		0.3113
v 3.455 		8.035 		0.3149
v 3.3658 		8.0293 		0.3155
v 3.275 		8.0241 		0.3166
v 2.9051 		8.0029 		0.3209
v 3.9292 		8.065 		0.3113
v 3.7835 		8.0558 		0.3124
v 2.7563 		7.9862 		0.3223
v 2.7492 		7.9854 		0.3224
v 2.7135 		7.9817 		0.3228
v 8.1201 		7.9011 		0.3396
v 8.6605 		7.8202 		0.3511
v 8.6591 		7.8204 		0.3511
v 8.3237 		7.8706 		0.3439
v 7.9093 		7.9201 		0.3346
v 7.7583 		7.9349 		0.3318
v 9.0154 		7.5705 		0.5188
v 4.5479 		7.6364 		0.2903
v 4.9978 		7.6584 		0.2903
v 4.1059 		7.5705 		0.2903
v 3.6792 		7.4618 		0.2903
v 8.849 		6.9389 		0.3267
v 8.8158 		7.1299 		0.3314
v 8.5692 		7.1299 		0.3228
v 3.275 		7.3124 		0.2903
v 2.9003 		7.1247 		0.2903
v 8.7933 		7.2589 		0.3346
v 8.7413 		7.5172 		0.3425
v 8.7681 		7.4167 		0.3397
v 8.1809 		7.4618 		0.3228
v 8.7185 		7.6024 		0.3449
v 7.7383 		7.7529 		0.3228
v 4.9978 		6.8223 		0.2666
v 4.6935 		6.8073 		0.2666
v 4.3946 		6.7627 		0.2666
v 8.8407 		7.4618 		0.3795
v 4.1059 		6.6894 		0.2666
v 3.8326 		6.5881 		0.2666
v 9.3095 		5.9262 		0.5188
v 9.1984 		6.7627 		0.5188
v 2.5615 		6.9018 		0.2903
v 3.579 		6.4612 		0.2666
v 3.3501 		6.3105 		0.2666
v 8.8757 		6.7861 		0.3228
v 3.149 		6.1388 		0.2666
v 8.1809 		6.0636 		0.2903
v 8.9389 		6.299 		0.3156
v 8.9465 		6.2313 		0.3149
v 8.8813 		6.7561 		0.3223
v 8.9037 		6.6444 		0.3209
v 8.932 		6.3667 		0.3166
v 7.9816 		6.3667 		0.2903
v 7.7314 		6.6477 		0.2903
v 8.8804 		6.7611 		0.3224
v 4.8444 		5.9487 		0.2523
v 4.9978 		5.9561 		0.2523
v 4.6935 		5.9262 		0.2523
v 4.5479 		5.889 		0.2523
v 4.4102 		5.8382 		0.2523
v 9.0154 		6.6894 		0.3795
v 4.2824 		5.7741 		0.2523
v 4.1669 		5.698 		0.2523
v 5.8896 		7.5705 		1.3297
v 5.4476 		7.6364 		1.3297
v 6.8465 		6.1388 		1.3533
v 6.6454 		6.3105 		1.3533
v 6.4165 		6.4612 		1.3533
v 7.434 		6.9018 		1.3297
v 6.1629 		6.5881 		1.3533
v 5.8896 		6.6894 		1.3533
v 5.6009 		6.7627 		1.3533
v 5.302 		6.8073 		1.3533
v 7.308 		5.3031 		1.3533
v 7.2486 		5.5272 		1.3533
v 7.1508 		5.7437 		1.3533
v 7.0157 		5.9487 		1.3533
v 5.9301 		5.6114 		1.3677
v 5.8286 		5.698 		1.3677
v 5.7131 		5.7741 		1.3677
v 5.5853 		5.8382 		1.3677
v 5.4476 		5.889 		1.3677
v 5.302 		5.9262 		1.3677
v 5.1511 		5.9487 		1.3677
v 4.9978 		5.9561 		1.3677
v 6.1629 		5.19 		1.3677
v 6.1329 		5.3031 		1.3677
v 6.0834 		5.4123 		1.3677
v 6.0156 		5.5155 		1.3677
v 8.3252 		8.0868 		1.1011
v 3.579 		6.4612 		1.3533
v 8.8 		7.9249 		1.1666
v 8.8793 		7.9844 		1.1011
v 8.8793 		7.9844 		1.1011
v 7.2483 		8.2239 		1.1011
v 3.3501 		6.3105 		1.3533
v 3.149 		6.1388 		1.3533
v 6.1326 		8.3071 		1.1011
v 4.9978 		8.335 		1.1011
v 2.5615 		6.9018 		1.3297
v 8.4131 		8.1665 		0.9568
v 8.9254 		8.0191 		1.0361
v 8.934 		8.0256 		1.024
v 8.9818 		8.0613 		0.9568
v 7.3077 		8.3071 		0.9568
v 5.1511 		4.2013 		1.3677
v 5.302 		4.2238 		1.3677
v 5.4476 		4.2609 		1.3677
v 5.5853 		4.3118 		1.3677
v 5.7131 		4.3759 		1.3677
v 5.8286 		4.452 		1.3677
v 5.9301 		4.5386 		1.3677
v 4.8444 		5.9487 		1.3677
v 4.6935 		5.9262 		1.3677
v 4.5479 		5.889 		1.3677
v 4.4102 		5.8382 		1.3677
v 4.2824 		5.7741 		1.3677
v 4.1669 		5.698 		1.3677
v 4.0654 		5.6114 		1.3677
v 8.9998 		5.4701 		0.3085
v 9.0098 		5.2272 		0.3082
v 8.4137 		5.4123 		0.2903
v 8.3258 		5.7437 		0.2903
v 8.9864 		5.8764 		0.3114
v 6.4165 		3.6888 		1.3533
v 8.9881 		5.8628 		0.3113
v 8.9957 		5.6091 		0.3095
v 8.9994 		5.485 		0.3086
v 6.6454 		3.8395 		1.3533
v 8.9742 		5.9854 		0.3125
v 6.8465 		4.0112 		1.3533
v 7.434 		3.2482 		1.3297
v 9.1216 		5.889 		0.3795
v 5.302 		3.3427 		1.3533
v 5.6009 		3.3873 		1.3533
v 5.8896 		3.4606 		1.3533
v 7.2483 		8.2239 		0.5189
v 6.1629 		3.5619 		1.3533
v 6.1326 		8.3071 		0.5189
v 7.1505 		8.0868 		0.3796
v 6.0834 		8.1665 		0.3796
v 7.0904 		8.0029 		0.3209
v 5.4476 		2.5136 		1.3297
v 7.2392 		7.9862 		0.3223
v 7.2293 		7.9873 		0.3222
v 7.2821 		7.9816 		0.3228
v 6.6296 		8.0292 		0.3155
v 6.5974 		8.0313 		0.3153
v 5.8896 		2.5795 		1.3297
v 6.0663 		8.065 		0.3113
v 6.0481 		8.0662 		0.3113
v 6.5112 		8.0367 		0.3146
v 5.4982 		8.0755 		0.3084
v 5.3219 		8.0796 		0.3083
v 6.3163 		2.6882 		1.3297
v 5.8901 		8.0689 		0.3104
v 5.5245 		8.0749 		0.3085
v 6.7205 		2.8376 		1.3297
v 7.0952 		3.0252 		1.3297
v 7.0952 		7.1247 		0.2903
v 6.7205 		7.3124 		0.2903
v 6.3163 		7.4618 		0.2903
v 5.8896 		7.5705 		0.2903
v 5.4476 		7.6364 		0.2903
v 4.9978 		1.815 		1.1011
v 6.1326 		1.8429 		1.1011
v 7.2483 		1.9261 		1.1011
v 8.3252 		2.0632 		1.1011
v 8.8793 		2.1656 		1.1011
v 8.8793 		2.1656 		1.1011
v 8.8004 		2.2249 		1.1663
v 4.9978 		1.7288 		0.9568
v 6.1626 		1.7576 		0.9568
v 7.3077 		1.8429 		0.9568
v 8.4131 		1.9835 		0.9568
v 7.434 		6.9018 		0.2903
v 8.9818 		2.0887 		0.9568
v 8.9344 		2.1244 		1.0237
v 6.8465 		6.1388 		0.2666
v 8.9258 		2.1308 		1.0358
v 9.0005 		2.0748 		0.8774
v 8.9976 		2.077 		0.8897
v 9.0154 		2.5795 		1.1011
v 2.7492 		2.1646 		1.2976
v 2.7563 		2.1638 		1.2977
v 9.1984 		3.3873 		1.1011
v 2.7135 		2.1683 		1.2971
v 3.9799 		5.5155 		1.3677
v 3.9121 		5.4123 		1.3677
v 3.8626 		5.3031 		1.3677
v 3.8326 		5.19 		1.3677
v 2.9798 		5.9487 		1.3533
v 2.8447 		5.7437 		1.3533
v 2.7469 		5.5272 		1.3533
v 2.6875 		5.3031 		1.3533
v 1.8149 		7.9557 		1.2404
v 2.2372 		7.9349 		1.2882
v 1.8754 		7.9011 		1.2804
v 2.0862 		7.9201 		1.2854
v 1.2849 		7.8578 		1.2404
v 1.2849 		7.8577 		1.2405
v 1.6718 		7.8706 		1.276
v 1.335 		7.8202 		1.2689
v 1.3364 		7.8204 		1.2689
v 1.2093 		7.9145 		1.178
v 2.2572 		7.7529 		1.2971
v 1.8146 		7.4618 		1.2971
v 1.4263 		7.1299 		1.2971
v 1.277 		7.6024 		1.275
v 1.2542 		7.5172 		1.2775
v 1.2022 		7.2589 		1.2853
v 1.2274 		7.4167 		1.2803
v 1.1797 		7.1299 		1.2886
v 1.1465 		6.9389 		1.2933
v 1.1548 		7.4618 		1.2405
v 2.2641 		6.6477 		1.3297
v 2.0139 		6.3667 		1.3297
v 1.8146 		6.0636 		1.3297
v 1.1151 		6.7611 		1.2976
v 1.1142 		6.7561 		1.2977
v 1.1198 		6.7861 		1.2971
v 1.0566 		6.299 		1.3044
v 1.0635 		6.3667 		1.3034
v 1.0918 		6.6444 		1.2991
v 1.049 		6.2313 		1.3051
v 0.9801 		6.6894 		1.2405
v 1.6697 		5.7437 		1.3297
v 1.5818 		5.4123 		1.3297
v 1.5523 		5.075 		1.3297
v 1.0213 		5.9854 		1.3075
v 1.0091 		5.8764 		1.3086
v 0.9998 		5.6091 		1.3105
v 0.9961 		5.485 		1.3114
v 0.9957 		5.4701 		1.3115
v 1.0074 		5.8628 		1.3087
v 0.9857 		5.2272 		1.3118
v 0.9794 		5.075 		1.312
v 0.8739 		5.889 		1.2405
v 0.8382 		5.075 		1.2405
v 3.8629 		8.3071 		1.1011
v 2.7472 		8.2239 		1.1011
v 1.6703 		8.0868 		1.1011
v 1.1162 		7.9844 		1.1011
v 1.1162 		7.9844 		1.1011
v 1.1951 		7.9251 		1.1663
v 4.9978 		8.4212 		0.9568
v 3.8329 		8.3924 		0.9568
v 2.6878 		8.3071 		0.9568
v 1.5824 		8.1665 		0.9568
v 1.0137 		8.0613 		0.9568
v 1.0611 		8.0256 		1.0237
v 1.0697 		8.0192 		1.0358
v 0.995 		8.0752 		0.8774
v 0.9979 		8.073 		0.8897
v 0.9801 		7.5705 		1.1011
v 0.7971 		6.7627 		1.1011
v 0.686 		5.9262 		1.1011
v 0.6488 		5.075 		1.1011
v 0.8739 		7.6364 		0.9568
v 0.686 		6.8073 		0.9568
v 0.5723 		5.9487 		0.9568
v 0.5342 		5.075 		0.9568
v 2.9051 		2.1471 		1.2991
v 3.7835 		2.0942 		1.3076
v 3.455 		2.115 		1.3051
v 3.9292 		2.085 		1.3086
v 3.3658 		2.1207 		1.3044
v 3.275 		2.1259 		1.3034
v 1.3364 		2.3296 		1.2689
v 1.3349 		2.3298 		1.2689
v 1.627 		2.2862 		1.2751
v 1.2849 		2.2923 		1.2405
v 1.2849 		2.2922 		1.2404
v 1.8149 		2.1943 		1.2404
v 1.7409 		2.2691 		1.2775
v 1.8754 		2.2489 		1.2804
v 2.5117 		2.1881 		1.2934
v 2.2572 		2.2131 		1.2886
v 2.0861 		2.2299 		1.2854
v 1.2097 		2.2358 		1.1783
v 1.5818 		4.7377 		1.3297
v 1.6697 		4.4063 		1.3297
v 0.9894 		4.8313 		1.3117
v 0.9956 		4.6799 		1.3115
v 0.9948 		4.6991 		1.3115
v 1.0039 		4.4052 		1.3095
v 1.0074 		4.2872 		1.3087
v 1.0091 		4.2736 		1.3086
v 0.8739 		4.2609 		1.2405
v 1.8146 		4.0863 		1.3297
v 2.0139 		3.7833 		1.3297
v 2.2641 		3.5022 		1.3297
v 1.0567 		3.851 		1.3044
v 1.0468 		3.9394 		1.3053
v 1.0541 		3.8746 		1.3046
v 1.0918 		3.5056 		1.2991
v 1.1128 		3.4008 		1.2978
v 1.1141 		3.3939 		1.2977
v 1.1198 		3.3639 		1.2971
v 0.9801 		3.4606 		1.2405
v 9.0154 		3.4606 		0.3795
v 9.0154 		2.5795 		0.5188
v 7.7383 		2.3971 		0.3228
v 8.1809 		2.6882 		0.3228
v 8.7933 		2.8911 		0.3346
v 8.7681 		2.7333 		0.3397
v 8.7269 		2.5789 		0.344
v 8.5692 		3.0201 		0.3228
v 8.813 		3.0039 		0.3318
v 8.8407 		2.6882 		0.3795
v 6.1326 		1.8429 		0.5189
v 7.2483 		1.9261 		0.5189
v 6.0834 		1.9835 		0.3796
v 7.1505 		2.0632 		0.3796
v 5.2012 		2.0677 		0.3081
v 5.5245 		2.0751 		0.3085
v 5.5452 		2.0755 		0.3086
v 5.7103 		2.0782 		0.3095
v 6.0481 		2.0838 		0.3113
v 6.5405 		2.115 		0.3149
v 6.6297 		2.1207 		0.3155
v 6.7205 		2.1259 		0.3166
v 7.0904 		2.1471 		0.3209
v 6.0663 		2.085 		0.3113
v 6.212 		2.0942 		0.3124
v 7.2392 		2.1638 		0.3223
v 7.2463 		2.1646 		0.3224
v 7.282 		2.1683 		0.3228
v 7.0157 		4.2013 		0.2666
v 7.1508 		4.4063 		0.2666
v 7.2486 		4.6227 		0.2666
v 7.308 		4.8468 		0.2666
v 7.3281 		5.075 		0.2666
v 6.0156 		4.6344 		0.2523
v 6.0834 		4.7377 		0.2523
v 6.1329 		4.8468 		0.2523
v 6.1629 		4.96 		0.2523
v 6.1728 		5.075 		0.2523
v 5.1511 		4.2013 		0.2523
v 5.302 		4.2238 		0.2523
v 5.4476 		4.2609 		0.2523
v 5.5853 		4.3118 		0.2523
v 5.7131 		4.3759 		0.2523
v 4.0654 		5.6114 		0.2523
v 3.9799 		5.5155 		0.2523
v 3.9121 		5.4123 		0.2523
v 3.8626 		5.3031 		0.2523
v 3.8326 		5.19 		0.2523
v 2.9798 		5.9487 		0.2666
v 2.8447 		5.7437 		0.2666
v 2.7469 		5.5272 		0.2666
v 2.6875 		5.3031 		0.2666
v 1.6703 		8.0868 		0.5189
v 1.1162 		7.9844 		0.5189
v 1.8149 		7.9557 		0.3796
v 1.1162 		7.9844 		0.5188
v 1.2097 		7.9142 		0.4417
v 1.1955 		7.9249 		0.4534
v 1.2849 		7.8578 		0.3796
v 1.8754 		7.9011 		0.3396
v 2.5117 		7.9619 		0.3266
v 2.2572 		7.9369 		0.3314
v 2.0861 		7.9201 		0.3346
v 1.7409 		7.8809 		0.3425
v 1.627 		7.8638 		0.3449
v 1.3364 		7.8204 		0.3511
v 1.3349 		7.8202 		0.3511
v 1.2849 		7.8577 		0.3795
v 0.9801 		7.5705 		0.5188
v 2.2572 		7.7529 		0.3228
v 1.8146 		7.4618 		0.3228
v 1.2022 		7.2589 		0.3346
v 1.2274 		7.4167 		0.3397
v 1.2686 		7.5711 		0.344
v 1.4263 		7.1299 		0.3228
v 1.1825 		7.1461 		0.3318
v 1.1548 		7.4618 		0.3795
v 0.7971 		6.7627 		0.5188
v 0.686 		5.9262 		0.5188
v 1.1198 		6.7861 		0.3228
v 2.2641 		6.6477 		0.2903
v 2.0139 		6.3667 		0.2903
v 1.1141 		6.7561 		0.3223
v 1.8146 		6.0636 		0.2903
v 1.1128 		6.7492 		0.3222
v 6.1626 		8.3924 		0.9568
v 8.9976 		8.073 		0.89
v 9.0005 		8.0751 		0.8777
v 9.3095 		5.9262 		1.1011
v 9.3467 		5.075 		1.1011
v 9.1984 		6.7627 		1.1011
v 9.0154 		7.5705 		1.1011
v 9.4232 		5.9487 		0.9568
v 9.4613 		5.075 		0.9568
v 9.3095 		6.8073 		0.9568
v 9.1216 		7.6364 		0.9568
v 8.1806 		2.1943 		1.2404
v 8.3258 		4.4063 		1.3297
v 8.4137 		4.7377 		1.3297
v 8.9742 		4.1646 		1.3075
v 8.9864 		4.2736 		1.3086
v 9.3095 		4.2238 		1.1011
v 9.1216 		2.5136 		0.9568
v 9.3095 		3.3427 		0.9568
v 9.4232 		4.2013 		0.9568
v 9.0164 		8.087 		0.81
v 8.4429 		8.193 		0.81
v 7.3278 		8.335 		0.81
v 6.1728 		8.4212 		0.81
v 4.9978 		8.45 		0.81
v 8.4131 		8.1665 		0.6632
v 7.3077 		8.3071 		0.6632
v 6.1626 		8.3924 		0.6632
v 4.9978 		8.4212 		0.6632
v 8.9258 		8.0192 		0.5842
v 5.8286 		4.452 		0.2523
v 5.9301 		4.5386 		0.2523
v 7.434 		3.2482 		0.2903
v 6.4165 		3.6888 		0.2666
v 6.6454 		3.8395 		0.2666
v 6.8465 		4.0112 		0.2666
v 5.302 		3.3427 		0.2666
v 5.6009 		3.3873 		0.2666
v 5.8896 		3.4606 		0.2666
v 6.1629 		3.5619 		0.2666
v 5.4476 		2.5136 		0.2903
v 5.8896 		2.5795 		0.2903
v 6.3163 		2.6882 		0.2903
v 6.7205 		2.8376 		0.2903
v 7.0952 		3.0252 		0.2903
v 1.0567 		6.299 		0.3156
v 1.0918 		6.6444 		0.3209
v 1.0468 		6.2106 		0.3147
v 1.0541 		6.2754 		0.3153
v 0.9801 		6.6894 		0.3795
v 1.0091 		5.8764 		0.3114
v 1.6697 		5.7437 		0.2903
v 1.5818 		5.4123 		0.2903
v 1.0039 		5.7448 		0.3105
v 1.0074 		5.8628 		0.3113
v 0.9956 		5.4701 		0.3085
v 0.9894 		5.3187 		0.3083
v 0.9948 		5.4509 		0.3085
v 0.8739 		5.889 		0.3795
v 0.9791 		2.063 		0.81
v 1.5526 		1.957 		0.81
v 2.6677 		1.815 		0.81
v 3.8227 		1.7288 		0.81
v 1.5824 		1.9835 		0.6632
v 2.6878 		1.8429 		0.6632
v 1.0697 		2.1308 		0.5842
v 1.4263 		3.0201 		1.2971
v 1.8146 		2.6882 		1.2971
v 2.2572 		2.3971 		1.2971
v 1.1825 		3.0039 		1.2882
v 1.2022 		2.8911 		1.2853
v 1.2686 		2.5789 		1.2759
v 1.2274 		2.7333 		1.2803
v 1.1548 		2.6882 		1.2405
v 1.6703 		2.0632 		1.1011
v 1.1955 		2.2251 		1.1666
v 1.1162 		2.1656 		1.1011
v 1.1162 		2.1656 		1.1011
v 2.7472 		1.9261 		1.1011
v 3.8629 		1.8429 		1.1011
v 6.6454 		6.3105 		0.2666
v 6.4165 		6.4612 		0.2666
v 6.1629 		6.5881 		0.2666
v 5.8896 		6.6894 		0.2666
v 5.6009 		6.7627 		0.2666
v 1.5824 		1.9835 		0.9568
v 1.0701 		2.1309 		1.0361
v 1.0615 		2.1244 		1.024
v 1.0137 		2.0887 		0.9568
v 5.302 		6.8073 		0.2666
v 2.6878 		1.8429 		0.9568
v 3.8329 		1.7576 		0.9568
v 0.9979 		2.077 		0.89
v 0.995 		2.0749 		0.8777
v 7.308 		5.3031 		0.2666
v 7.2486 		5.5272 		0.2666
v 0.686 		4.2238 		1.1011
v 0.7971 		3.3873 		1.1011
v 0.9801 		2.5795 		1.1011
v 0.5723 		4.2013 		0.9568
v 0.686 		3.3427 		0.9568
v 0.8739 		2.5136 		0.9568
v 3.8227 		8.4212 		0.81
v 2.6677 		8.335 		0.81
v 1.5526 		8.193 		0.81
v 0.9791 		8.087 		0.81
v 3.8329 		8.3924 		0.6632
v 2.6878 		8.3071 		0.6632
v 1.5824 		8.1665 		0.6632
v 1.0137 		8.0613 		0.6632
v 7.1508 		5.7437 		0.2666
v 7.0157 		5.9487 		0.2666
v 5.9301 		5.6114 		0.2523
v 5.8286 		5.698 		0.2523
v 5.7131 		5.7741 		0.2523
v 5.5853 		5.8382 		0.2523
v 5.4476 		5.889 		0.2523
v 5.302 		5.9262 		0.2523
v 5.1511 		5.9487 		0.2523
v 6.1629 		5.19 		0.2523
v 6.1329 		5.3031 		0.2523
v 6.0834 		5.4123 		0.2523
v 6.0156 		5.5155 		0.2523
v 6.1728 		1.7288 		0.81
# 922 vertices

g group_2_-1719284250

usemtl color_-1719284250
s 0

f 1848 	1849 	2742
f 1847 	1851 	1848
f 1851 	1847 	1852
f 1851 	1853 	1848
f 1848 	1853 	1849
f 1853 	1854 	1849
f 1849 	1854 	1850
f 1854 	1855 	1856
f 1854 	1856 	1850
f 1850 	1856 	1857
f 1929 	1853 	1851
f 1853 	1929 	1954
f 1853 	1954 	1854
f 1854 	1858 	1855
f 1845 	1860 	1861
f 1860 	1863 	1864
f 1860 	1864 	1861
f 1845 	1861 	1846
f 1859 	1863 	1860
f 1863 	1859 	1862
f 1863 	1874 	1864
f 1872 	1877 	1863
f 1867 	1862 	1866
f 1866 	1862 	1868
f 1865 	1862 	1867
f 1862 	1865 	1869
f 1862 	1869 	1870
f 1872 	1863 	1871
f 1873 	1863 	1870
f 1871 	1863 	1873
f 1862 	1870 	1863
f 1875 	1864 	1874
f 1876 	1864 	1875
f 1877 	1878 	1863
f 1874 	1863 	1878
f 1879 	1880 	1884
f 1884 	1881 	1879
f 1884 	1882 	1881
f 1884 	1883 	1882
f 1884 	1885 	1883
f 1884 	1887 	1886
f 1901 	1891 	1892
f 1884 	1892 	1891
f 1886 	1885 	1884
f 1884 	1888 	1887
f 1888 	1884 	1889
f 1890 	1889 	1884
f 1891 	1890 	1884
f 1894 	1893 	1879
f 1893 	1880 	1879
f 1879 	1881 	1894
f 1895 	1894 	1881
f 1881 	1882 	1895
f 1896 	1895 	1882
f 1897 	1896 	1883
f 1882 	1883 	1896
f 1883 	1885 	1897
f 1899 	1890 	1900
f 1898 	1888 	1889
f 1889 	1899 	1898
f 1890 	1899 	1889
f 1900 	1891 	1901
f 1900 	1890 	1891
f 1892 	1902 	1901
f 1905 	1906 	1903
f 1906 	1888 	1898
f 1887 	1888 	1906
f 1897 	1885 	1904
f 1904 	1886 	1905
f 1885 	1886 	1904
f 1886 	1887 	1905
f 1905 	1887 	1906
f 1909 	1867 	1908
f 1908 	1899 	1909
f 1910 	1901 	1911
f 1906 	1907 	1903
f 1906 	1898 	1907
f 1907 	1898 	1908
f 1899 	1908 	1898
f 1909 	1899 	1900
f 1900 	1910 	1909
f 1901 	1910 	1900
f 1912 	1911 	1902
f 1911 	1901 	1902
f 1908 	1866 	1868
f 1963 	1908 	1868
f 1866 	1908 	1867
f 1869 	1865 	1909
f 1867 	1909 	1865
f 1873 	1910 	1871
f 1910 	1873 	1909
f 1873 	1870 	1909
f 1869 	1909 	1870
f 1911 	1877 	1910
f 1877 	1872 	1910
f 1871 	1910 	1872
f 1877 	1911 	1878
f 1912 	1875 	1911
f 1875 	1874 	1911
f 1878 	1911 	1874
f 1875 	1912 	1876
f 1913 	1915 	1914
f 2708 	1954 	1913
f 1917 	1919 	1916
f 1918 	1916 	1919
f 1917 	1920 	1919
f 1917 	1916 	1964
f 1919 	1914 	1918
f 1915 	1918 	1914
f 1914 	1862 	1859
f 1914 	1919 	1862
f 1920 	1922 	1923
f 1920 	1923 	1924
f 1921 	1919 	1924
f 1920 	1924 	1919
f 1919 	1921 	1925
f 1919 	1925 	1926
f 1868 	1862 	1926
f 1919 	1926 	1862
f 1928 	1852 	1927
f 1852 	1928 	1851
f 1928 	1929 	1851
f 1928 	1927 	1942
f 1953 	1928 	1942
f 1928 	1953 	1929
f 1930 	1931 	1932
f 1931 	1933 	1934
f 1931 	1934 	1932
f 1938 	1935 	1937
f 1936 	1937 	1935
f 1932 	1935 	1938
f 1932 	1938 	1939
f 1932 	1939 	1930
f 1935 	1940 	1936
f 1940 	1942 	1936
f 1934 	1893 	1894
f 1934 	1894 	1932
f 1932 	1895 	1935
f 1894 	1895 	1932
f 1944 	1935 	1896
f 1896 	1935 	1895
f 1896 	1897 	1944
f 1941 	1942 	1927
f 1938 	1942 	1939
f 1931 	1930 	1941
f 1939 	1941 	1930
f 1933 	1931 	1941
f 1937 	1942 	1938
f 1941 	1939 	1942
f 1937 	1936 	1942
f 1935 	1944 	1940
f 1945 	1946 	1944
f 1946 	1940 	1944
f 1949 	1950 	1948
f 1947 	1948 	1950
f 1949 	1945 	1950
f 1944 	1950 	1945
f 1952 	1951 	1943
f 1952 	1947 	1951
f 1950 	1951 	1947
f 1951 	1905 	1903
f 1950 	1944 	1897
f 1951 	1950 	1904
f 1897 	1904 	1950
f 1904 	1905 	1951
f 1945 	1949 	1942
f 1946 	1945 	1942
f 1953 	1942 	1949
f 1948 	1953 	1949
f 1946 	1942 	1940
f 1948 	1947 	1953
f 1947 	1952 	1953
f 1943 	1953 	1952
f 1955 	1956 	1953
f 1915 	1913 	1954
f 2708 	1854 	1954
f 1964 	1954 	1929
f 1954 	1964 	1916
f 1954 	1916 	1918
f 1954 	1918 	1915
f 1943 	1957 	1955
f 1956 	1955 	1957
f 1953 	1943 	1955
f 1958 	1956 	1957
f 1959 	1960 	1961
f 1960 	1958 	1961
f 1957 	1961 	1958
f 1959 	1961 	1962
f 1961 	1923 	1962
f 1922 	1962 	1923
f 1925 	1921 	1963
f 1924 	1963 	1921
f 1961 	1963 	1924
f 1961 	1924 	1923
f 1868 	1926 	1963
f 1963 	1926 	1925
f 1957 	1943 	1951
f 1951 	1903 	1957
f 1957 	1903 	1961
f 1963 	1961 	1907
f 1903 	1907 	1961
f 1907 	1908 	1963
f 1964 	1929 	1953
f 1917 	1964 	1920
f 1962 	1922 	1920
f 1964 	1962 	1920
f 1953 	1956 	1964
f 1956 	1958 	1964
f 1960 	1964 	1958
f 1960 	1959 	1964
f 1962 	1964 	1959
f 1968 	1965 	1966
f 1967 	1968 	1966
f 1969 	1966 	1965
f 1970 	1966 	1969
f 1970 	1969 	1982
f 1971 	1965 	1968
f 1972 	1971 	1968
f 1973 	1974 	2008
f 1975 	1968 	1974
f 2008 	1974 	1968
f 1968 	1975 	1972
f 1976 	1968 	1967
f 1971 	1978 	1965
f 1971 	1972 	1978
f 1975 	1978 	1972
f 1973 	1979 	1974
f 1967 	1984 	1976
f 1966 	1984 	1967
f 1977 	1982 	1978
f 1981 	1977 	1980
f 1969 	1978 	1982
f 1982 	1977 	1983
f 1981 	1983 	1977
f 1965 	1978 	1969
f 1979 	1978 	1975
f 1975 	1974 	1979
f 1983 	1981 	1984
f 1980 	1984 	1981
f 1970 	1982 	1966
f 1984 	1966 	1982
f 1983 	1984 	1982
f 1990 	1985 	1989
f 1988 	1985 	1990
f 1992 	1985 	1991
f 1988 	1991 	1985
f 1988 	1995 	1991
f 1991 	1995 	1992
f 1993 	1986 	1992
f 1985 	1992 	1986
f 1977 	1986 	1994
f 1993 	1994 	1986
f 1993 	1995 	1994
f 1977 	1987 	1986
f 1977 	1978 	1987
f 1994 	1980 	1977
f 1989 	2006 	1990
f 1990 	1995 	1988
f 1984 	1980 	1995
f 1980 	1994 	1995
f 1995 	1993 	1992
f 1995 	2648 	2649
f 1995 	2649 	1984
f 1996 	2001 	2003
f 1996 	2003 	1998
f 2003 	2004 	1998
f 1997 	1999 	2000
f 2001 	1996 	2002
f 2002 	1996 	2000
f 1997 	2000 	1996
f 2005 	1998 	2004
f 1998 	1989 	1985
f 2005 	1989 	1998
f 2003 	2006 	2004
f 2003 	2001 	2006
f 2002 	2006 	2001
f 2006 	2002 	2007
f 2000 	2007 	2002
f 1999 	2007 	2000
f 2005 	2006 	1989
f 1995 	1990 	2006
f 2004 	2006 	2005
f 2648 	1995 	2006
f 2007 	2646 	2006
f 2009 	2010 	2008
f 2010 	2011 	2008
f 2011 	2012 	2008
f 1973 	2008 	2012
f 2015 	2014 	2017
f 2016 	2014 	2015
f 2013 	2017 	2014
f 2019 	2014 	2018
f 2016 	2018 	2014
f 2008 	2014 	2019
f 2008 	2019 	2009
f 2014 	2020 	2021
f 2014 	2021 	2022
f 2014 	2022 	2013
f 2021 	2020 	2025
f 2024 	2025 	2020
f 2023 	2024 	2020
f 2355 	2014 	2008
f 2011 	2026 	2012
f 2015 	2028 	2016
f 2022 	2021 	2322
f 2025 	2322 	2021
f 2022 	2321 	2013
f 2322 	2025 	2024
f 1979 	1973 	2012
f 2019 	2018 	2027
f 2007 	2031 	2029
f 2031 	2032 	2029
f 2030 	2029 	2032
f 1999 	2033 	2007
f 2033 	2034 	2007
f 2031 	2007 	2034
f 2388 	2035 	2036
f 2042 	2041 	2036
f 2039 	2043 	2036
f 2035 	2038 	2039
f 2035 	2039 	2036
f 2048 	2040 	2035
f 2040 	2038 	2035
f 2037 	2036 	2041
f 2042 	2036 	2043
f 2037 	2041 	2044
f 2042 	2029 	2041
f 2043 	2039 	2045
f 2038 	2045 	2039
f 2040 	2045 	2038
f 2029 	2042 	2045
f 2044 	2041 	2029
f 2043 	2045 	2042
f 2046 	2060 	2047
f 2058 	2061 	2046
f 2050 	2051 	2049
f 2047 	2049 	2051
f 2047 	2051 	2052
f 2048 	2047 	2053
f 2054 	2053 	2047
f 2052 	2054 	2047
f 2048 	2053 	2055
f 2056 	2048 	2055
f 2040 	2048 	2056
f 2050 	2062 	2051
f 2054 	2052 	2057
f 2051 	2057 	2052
f 2045 	2055 	2057
f 2056 	2055 	2045
f 2055 	2053 	2057
f 2054 	2057 	2053
f 2056 	2045 	2040
f 2058 	2046 	2059
f 2049 	2047 	2060
f 2046 	2061 	2060
f 2057 	2051 	2062
f 2062 	2063 	2057
f 2064 	2057 	2063
f 2069 	2066 	2068
f 2067 	2068 	2066
f 2065 	2067 	2066
f 2071 	2072 	2070
f 2069 	2070 	2072
f 2072 	2066 	2069
f 2065 	2066 	2075
f 2074 	2075 	2066
f 2073 	2074 	2066
f 2073 	2066 	2076
f 2073 	2076 	2078
f 2077 	2078 	2076
f 2081 	2076 	2080
f 2079 	2076 	2081
f 2077 	2076 	2079
f 2059 	2080 	2076
f 2083 	2655 	2084
f 2084 	2655 	2656
f 2084 	2656 	2085
f 2085 	2656 	1997
f 2085 	1997 	2086
f 2367 	2087 	2366
f 2088 	2089 	2087
f 2089 	2090 	2087
f 2090 	2091 	2087
f 2091 	2092 	2087
f 2089 	2088 	2083
f 2089 	2083 	2084
f 2089 	2084 	2090
f 2090 	2084 	2085
f 2090 	2085 	2091
f 2094 	2072 	2098
f 2097 	2098 	2072
f 2071 	2097 	2072
f 2100 	2101 	2087
f 2101 	2102 	2087
f 2102 	2103 	2087
f 2103 	2104 	2087
f 2104 	2105 	2087
f 2105 	2106 	2087
f 2107 	2087 	2106
f 2108 	2087 	2107
f 2109 	2087 	2108
f 2110 	2087 	2109
f 2111 	2087 	2110
f 2087 	2111 	2112
f 2129 	2109 	2108
f 2110 	2135 	2111
f 2111 	2136 	2112
f 2111 	2135 	2136
f 2114 	2100 	2113
f 2100 	2114 	2101
f 2101 	2115 	2102
f 2114 	2115 	2101
f 2102 	2116 	2103
f 2115 	2116 	2102
f 2116 	2117 	2103
f 2103 	2117 	2104
f 2548 	2117 	2116
f 2118 	2137 	2120
f 2548 	2549 	2117
f 2023 	2020 	2121
f 2119 	2121 	2020
f 2119 	2020 	2120
f 2120 	2122 	2123
f 2120 	2123 	2124
f 2120 	2124 	2125
f 2120 	2125 	2126
f 2127 	2108 	2107
f 2123 	2122 	2130
f 2128 	2130 	2122
f 2129 	2108 	2127
f 2453 	2454 	2122
f 2122 	2132 	2133
f 2122 	2133 	2131
f 2122 	2131 	2128
f 2109 	2129 	2134
f 2131 	2144 	2128
f 2109 	2134 	2110
f 2110 	2134 	2135
f 2020 	2497 	2120
f 2153 	2134 	2129
f 2124 	2123 	2144
f 2130 	2144 	2123
f 2130 	2128 	2144
f 2138 	2105 	2104
f 2117 	2138 	2104
f 2105 	2138 	2140
f 2141 	2121 	2139
f 2105 	2140 	2106
f 2121 	2119 	2139
f 2106 	2143 	2107
f 2137 	2118 	2139
f 2125 	2142 	2126
f 2126 	2142 	2118
f 2106 	2140 	2143
f 2143 	2127 	2107
f 2139 	2118 	2142
f 2549 	2138 	2117
f 2138 	2146 	2140
f 2549 	2146 	2138
f 2140 	2146 	2148
f 2145 	2463 	2147
f 2141 	2023 	2121
f 2143 	2149 	2127
f 2137 	2139 	2119
f 2124 	2144 	2142
f 2125 	2124 	2142
f 2148 	2143 	2140
f 2144 	2131 	2145
f 2133 	2145 	2131
f 2463 	2145 	2132
f 2133 	2132 	2145
f 2143 	2148 	2149
f 2127 	2149 	2150
f 2442 	2520 	2149
f 2150 	2129 	2127
f 2151 	2139 	2152
f 2150 	2153 	2129
f 2155 	2135 	2134
f 2152 	2154 	2370
f 2134 	2153 	2155
f 2135 	2155 	2157
f 2154 	2156 	2371
f 2144 	2145 	2156
f 2139 	2151 	2141
f 2139 	2142 	2152
f 2152 	2142 	2154
f 2142 	2144 	2154
f 2154 	2144 	2156
f 2165 	1846 	2166
f 2162 	2168 	2163
f 2162 	2167 	2168
f 2169 	2170 	2168
f 2163 	2168 	2170
f 2163 	2170 	2171
f 2163 	2171 	2164
f 1846 	2568 	2166
f 2167 	2569 	2182
f 2167 	2182 	2168
f 2168 	2172 	2173
f 2168 	2173 	2169
f 2168 	2182 	2172
f 2164 	2171 	2174
f 2174 	2178 	2179
f 2179 	2175 	2174
f 2178 	2174 	2171
f 2171 	2170 	2178
f 2169 	2178 	2170
f 2180 	2176 	2175
f 2175 	2179 	2180
f 2176 	2180 	2181
f 2176 	2181 	2177
f 2173 	2172 	2559
f 2559 	2178 	2173
f 2178 	2169 	2173
f 2178 	2198 	2179
f 2183 	2172 	2182
f 2182 	2185 	2183
f 2182 	2186 	2187
f 2187 	2185 	2182
f 2182 	2184 	2186
f 2188 	2186 	2184
f 2189 	2184 	2192
f 2191 	2192 	2184
f 2184 	2189 	2193
f 2184 	2193 	2194
f 2195 	2197 	2194
f 2196 	2197 	2195
f 2184 	2194 	2197
f 2184 	2197 	2188
f 2199 	2180 	2179
f 2179 	2198 	2199
f 2180 	2200 	2181
f 2199 	2200 	2180
f 2201 	2202 	2204
f 2203 	2204 	2202
f 2203 	2202 	2205
f 2206 	2203 	2205
f 2206 	2205 	2208
f 2207 	2208 	2205
f 2207 	2205 	2209
f 2208 	2211 	2206
f 2210 	2207 	2209
f 2198 	2211 	2199
f 2199 	2212 	2200
f 2212 	2199 	2211
f 2204 	2211 	2201
f 2211 	2208 	2212
f 2207 	2212 	2208
f 2210 	2212 	2207
f 2211 	2204 	2203
f 2211 	2203 	2206
f 2216 	2213 	2215
f 2217 	2216 	2215
f 2217 	2215 	2218
f 2215 	2214 	2586
f 2217 	2558 	2216
f 2217 	2218 	2220
f 2219 	2220 	2218
f 2201 	2221 	2202
f 2219 	2218 	2222
f 2221 	2222 	2218
f 2221 	2218 	2202
f 2224 	2158 	2223
f 2223 	2226 	2224
f 2158 	2228 	2160
f 2224 	2228 	2158
f 2230 	2161 	2160
f 2228 	2230 	2160
f 2230 	1852 	2161
f 2225 	2231 	2232
f 2161 	1852 	1847
f 2233 	2234 	2626
f 2231 	2298 	2232
f 2626 	2224 	2233
f 2225 	2232 	2227
f 2227 	2232 	2235
f 2228 	2636 	2230
f 2227 	2235 	2229
f 2236 	2237 	2235
f 2229 	2235 	2237
f 2229 	2237 	2240
f 2229 	2240 	2663
f 2231 	2297 	2298
f 2242 	2238 	2239
f 2239 	2243 	2242
f 2242 	2244 	2238
f 2243 	2252 	2242
f 2242 	2262 	2244
f 2235 	2245 	2236
f 2238 	2244 	2241
f 2246 	2248 	2247
f 2244 	2612 	2241
f 2241 	2612 	2610
f 2243 	2249 	2250
f 2243 	2250 	2251
f 2243 	2251 	2252
f 2254 	2256 	2253
f 2255 	2253 	2256
f 2254 	2257 	2256
f 2258 	2242 	2252
f 2259 	2242 	2258
f 2275 	2294 	2253
f 2242 	2260 	2261
f 2242 	2261 	2262
f 2263 	2244 	2262
f 2265 	2242 	2264
f 2260 	2242 	2265
f 2259 	2264 	2242
f 2618 	2619 	2244
f 2267 	2268 	2244
f 2618 	2244 	2268
f 2266 	2267 	2244
f 2263 	2266 	2244
f 2256 	2247 	2255
f 2248 	2255 	2247
f 2251 	2250 	2276
f 2276 	2250 	2277
f 2249 	2277 	2250
f 2276 	2258 	2252
f 2276 	2252 	2251
f 2265 	2279 	2260
f 2257 	2270 	2271
f 2257 	2271 	2272
f 2269 	2256 	2272
f 2257 	2272 	2256
f 2274 	2256 	2273
f 2269 	2273 	2256
f 2262 	2283 	2263
f 2262 	2261 	2283
f 2232 	2275 	2235
f 2248 	2246 	2275
f 2246 	2672 	2275
f 2259 	2278 	2264
f 2258 	2278 	2259
f 2276 	2278 	2258
f 2264 	2278 	2265
f 2279 	2265 	2278
f 2275 	2253 	2255
f 2275 	2255 	2248
f 2261 	2260 	2279
f 2281 	2280 	2282
f 2266 	2263 	2283
f 2261 	2279 	2283
f 2285 	2281 	2282
f 2283 	2284 	2266
f 2267 	2266 	2284
f 2282 	2288 	2285
f 2287 	2285 	2288
f 2286 	2287 	2288
f 2284 	2301 	2299
f 2292 	2276 	2277
f 2286 	2294 	2287
f 2293 	2278 	2276
f 2292 	2293 	2276
f 2286 	2288 	2289
f 2288 	2271 	2289
f 2270 	2289 	2271
f 2279 	2278 	2295
f 2273 	2269 	2290
f 2272 	2290 	2269
f 2290 	2272 	2288
f 2271 	2288 	2272
f 2290 	2274 	2273
f 2300 	2284 	2283
f 2292 	2277 	2291
f 2278 	2293 	2295
f 2279 	2295 	2296
f 2257 	2254 	2294
f 2254 	2253 	2294
f 2294 	2289 	2257
f 2294 	2285 	2287
f 2314 	2313 	2291
f 2293 	2292 	2315
f 2281 	2294 	2318
f 2285 	2294 	2281
f 2294 	2286 	2289
f 2270 	2257 	2289
f 2297 	2181 	2200
f 2296 	2295 	2317
f 2181 	2297 	2231
f 2275 	2232 	2298
f 2296 	2283 	2279
f 2296 	2300 	2283
f 2284 	2300 	2301
f 2298 	2294 	2275
f 2280 	2302 	2282
f 2305 	2306 	2304
f 2301 	2303 	2299
f 2309 	2310 	2308
f 2307 	2308 	2310
f 2304 	2310 	2305
f 2309 	2305 	2310
f 2282 	2302 	2311
f 2312 	2311 	2302
f 2296 	2319 	2300
f 2312 	2307 	2311
f 2310 	2311 	2307
f 2313 	2292 	2291
f 2313 	2315 	2292
f 2293 	2315 	2316
f 2295 	2293 	2316
f 2295 	2316 	2317
f 2297 	2318 	2298
f 2317 	2319 	2296
f 2298 	2318 	2294
f 2320 	2301 	2300
f 2305 	2309 	2390
f 2306 	2305 	2390
f 2318 	2390 	2309
f 2308 	2318 	2309
f 2300 	2319 	2320
f 2322 	2141 	2330
f 2027 	2026 	2010
f 2011 	2010 	2026
f 1979 	2012 	2026
f 2028 	2027 	2018
f 2019 	2027 	2009
f 2010 	2009 	2027
f 2018 	2016 	2028
f 2017 	2321 	2015
f 2028 	2015 	2321
f 2022 	2322 	2321
f 2017 	2013 	2321
f 2322 	2024 	2141
f 2023 	2141 	2024
f 2323 	2326 	2324
f 1987 	2326 	2323
f 2326 	2026 	2324
f 2324 	2026 	2325
f 2325 	2027 	2327
f 2026 	2027 	2325
f 2326 	1987 	1978
f 2326 	1978 	1979
f 2326 	1979 	2026
f 2336 	2324 	2325
f 2325 	2327 	2337
f 2328 	2321 	2329
f 2028 	2321 	2328
f 2329 	2330 	2340
f 2330 	2151 	2341
f 2027 	2028 	2327
f 2327 	2028 	2328
f 2322 	2330 	2329
f 2322 	2329 	2321
f 2330 	2141 	2151
f 2092 	2086 	2331
f 2344 	2332 	2333
f 2333 	1986 	2334
f 2346 	2323 	2335
f 2334 	2323 	2346
f 2323 	2324 	2335
f 2335 	2324 	2336
f 2086 	1996 	2331
f 2086 	1997 	1996
f 2331 	1996 	1998
f 2331 	1998 	2332
f 2332 	1998 	1985
f 2332 	1985 	2333
f 2333 	1985 	1986
f 1986 	1987 	2334
f 2334 	1987 	2323
f 2336 	2325 	2337
f 2337 	2327 	2338
f 2338 	2328 	2339
f 2327 	2328 	2338
f 2328 	2329 	2339
f 2339 	2329 	2340
f 2340 	2330 	2341
f 2341 	2151 	2342
f 2092 	2343 	2087
f 2343 	2344 	2087
f 2344 	2345 	2087
f 2345 	2346 	2087
f 2335 	2087 	2346
f 2336 	2087 	2335
f 2337 	2087 	2336
f 2338 	2087 	2337
f 2339 	2087 	2338
f 2340 	2087 	2339
f 2341 	2087 	2340
f 2342 	2087 	2341
f 2331 	2343 	2092
f 2343 	2332 	2344
f 2343 	2331 	2332
f 2333 	2345 	2344
f 2345 	2333 	2334
f 2345 	2334 	2346
f 1976 	2347 	1968
f 2351 	2347 	2350
f 2349 	2350 	2347
f 1976 	2349 	2347
f 2347 	2352 	1968
f 2351 	2359 	2347
f 2008 	1968 	2352
f 2352 	2355 	2008
f 2156 	2145 	2159
f 2145 	2147 	2159
f 2014 	2356 	2020
f 2348 	2159 	2147
f 2355 	2356 	2014
f 2358 	2347 	2359
f 2348 	2357 	2353
f 2348 	2147 	2357
f 2357 	2473 	2353
f 2361 	2358 	2360
f 2358 	2359 	2360
f 2358 	2362 	2347
f 2091 	2086 	2092
f 2091 	2085 	2086
f 2363 	2087 	2112
f 2363 	2364 	2087
f 2354 	2474 	2449
f 2364 	2365 	2087
f 2365 	2366 	2087
f 2367 	2368 	2087
f 2368 	2369 	2087
f 2369 	2088 	2087
f 2357 	2465 	2473
f 2363 	2392 	2364
f 2342 	2151 	2152
f 2342 	2152 	2370
f 2318 	2308 	2307
f 2318 	2307 	2312
f 2318 	2312 	2302
f 2318 	2302 	2280
f 2280 	2281 	2318
f 2368 	2388 	2369
f 2377 	2378 	2379
f 2209 	2378 	2210
f 2369 	2082 	2088
f 2378 	2209 	2379
f 2082 	2083 	2088
f 2381 	2383 	2380
f 2384 	2380 	2383
f 2377 	2379 	2385
f 2384 	2385 	2379
f 2380 	2384 	2379
f 2382 	2389 	2386
f 2304 	2387 	2380
f 2381 	2380 	2387
f 2388 	2368 	2386
f 2388 	2082 	2369
f 2387 	2390 	2381
f 2306 	2387 	2304
f 2209 	2737 	2379
f 2379 	2738 	2380
f 2386 	2389 	2035
f 2389 	2048 	2035
f 2386 	2035 	2388
f 2390 	2200 	2212
f 2388 	2036 	2082
f 2036 	2037 	2082
f 2200 	2390 	2297
f 2318 	2297 	2390
f 2048 	2389 	2047
f 2212 	2385 	2390
f 2391 	2112 	2136
f 2112 	2391 	2363
f 2212 	2210 	2378
f 2212 	2378 	2377
f 2377 	2385 	2212
f 2392 	2363 	2391
f 2383 	2390 	2384
f 2385 	2384 	2390
f 2393 	2365 	2364
f 2381 	2390 	2383
f 2306 	2390 	2387
f 2364 	2392 	2393
f 2365 	2393 	2395
f 2395 	2366 	2365
f 2367 	2366 	2382
f 2395 	2382 	2366
f 2367 	2382 	2386
f 2368 	2367 	2386
f 2394 	2247 	2397
f 2136 	2400 	2391
f 2256 	2397 	2247
f 2394 	2398 	2396
f 2397 	2398 	2394
f 2412 	2393 	2392
f 2398 	2243 	2396
f 2397 	2405 	2398
f 2396 	2243 	2239
f 2395 	2416 	2382
f 2401 	2397 	2403
f 2402 	2397 	2401
f 2399 	2397 	2402
f 2256 	2274 	2397
f 2403 	2397 	2274
f 2405 	2397 	2404
f 2399 	2404 	2397
f 2136 	2157 	2400
f 2391 	2400 	2406
f 2409 	2398 	2405
f 2407 	2398 	2409
f 2408 	2398 	2407
f 2406 	2392 	2391
f 2411 	2243 	2410
f 2249 	2243 	2411
f 2398 	2410 	2243
f 2392 	2406 	2412
f 2073 	2412 	2074
f 2410 	2398 	2414
f 2413 	2414 	2398
f 2408 	2413 	2398
f 2274 	2290 	2403
f 2415 	2395 	2393
f 2290 	2418 	2403
f 2393 	2412 	2415
f 2415 	2416 	2395
f 2418 	2402 	2401
f 2404 	2399 	2419
f 2402 	2419 	2399
f 2416 	2389 	2382
f 2419 	2409 	2405
f 2419 	2405 	2404
f 2413 	2408 	2420
f 2407 	2420 	2408
f 2157 	2070 	2400
f 2070 	2069 	2400
f 2413 	2421 	2414
f 2400 	2068 	2067
f 2411 	2410 	2421
f 2414 	2421 	2410
f 2400 	2067 	2406
f 2411 	2277 	2249
f 2406 	2074 	2412
f 2406 	2075 	2074
f 2288 	2417 	2290
f 2081 	2080 	2415
f 2417 	2418 	2290
f 2415 	2046 	2416
f 2724 	2725 	2417
f 2416 	2047 	2389
f 2416 	2046 	2047
f 2070 	2157 	2071
f 2401 	2403 	2418
f 2068 	2400 	2069
f 2418 	2419 	2402
f 2067 	2065 	2406
f 2075 	2406 	2065
f 2412 	2073 	2078
f 2409 	2420 	2407
f 2412 	2078 	2077
f 2412 	2077 	2079
f 2409 	2419 	2420
f 2412 	2079 	2415
f 2081 	2415 	2079
f 2421 	2413 	2420
f 2046 	2415 	2080
f 2080 	2059 	2046
f 2423 	2072 	2422
f 2420 	2732 	2421
f 2072 	2423 	2066
f 2066 	2424 	2076
f 2277 	2411 	2421
f 2066 	2423 	2424
f 2076 	2424 	2425
f 2428 	2425 	2427
f 2426 	2427 	2425
f 2425 	2432 	2435
f 2435 	2437 	2425
f 2727 	2420 	2419
f 2430 	2422 	2429
f 2422 	2430 	2423
f 2421 	2291 	2277
f 2423 	2431 	2424
f 2423 	2430 	2431
f 2282 	2311 	2433
f 2424 	2432 	2425
f 2433 	2288 	2282
f 2431 	2432 	2424
f 2433 	2417 	2288
f 2434 	2435 	2432
f 2310 	2436 	2311
f 2426 	2425 	2437
f 2135 	2157 	2136
f 2149 	2148 	2442
f 2431 	2163 	2432
f 2150 	2149 	2524
f 2432 	2438 	2439
f 2432 	2439 	2434
f 2150 	2521 	2153
f 2164 	2438 	2163
f 2432 	2163 	2438
f 2427 	2440 	2428
f 2064 	2428 	2440
f 2427 	2426 	2440
f 2064 	2440 	2057
f 2148 	2441 	2442
f 2441 	2148 	2444
f 2154 	2371 	2370
f 2156 	2372 	2371
f 2156 	2159 	2372
f 2372 	2159 	2373
f 2373 	2348 	2374
f 2159 	2348 	2373
f 2348 	2353 	2374
f 2375 	2374 	2353
f 2354 	2376 	2375
f 2353 	2354 	2375
f 2370 	2087 	2342
f 2371 	2087 	2370
f 2372 	2087 	2371
f 2373 	2087 	2372
f 2374 	2087 	2373
f 2375 	2087 	2374
f 2376 	2087 	2375
f 2445 	2087 	2376
f 2445 	2446 	2087
f 2446 	2447 	2087
f 2447 	2448 	2087
f 2448 	2100 	2087
f 2449 	2376 	2354
f 2449 	2445 	2376
f 2450 	2446 	2445
f 2445 	2449 	2450
f 2446 	2450 	2451
f 2446 	2451 	2447
f 2451 	2452 	2447
f 2447 	2452 	2448
f 2448 	2113 	2100
f 2452 	2113 	2448
f 2484 	2451 	2450
f 2486 	2113 	2452
f 2132 	2122 	2454
f 2454 	2453 	2456
f 2455 	2456 	2453
f 2457 	2458 	2453
f 2453 	2459 	2455
f 2459 	2458 	2461
f 2460 	2461 	2458
f 2453 	2458 	2459
f 2499 	2453 	2122
f 2453 	2462 	2457
f 2456 	2463 	2454
f 2459 	2463 	2455
f 2462 	2472 	2457
f 2132 	2454 	2463
f 2464 	2357 	2147
f 2147 	2463 	2464
f 2461 	2464 	2459
f 2459 	2464 	2463
f 2456 	2455 	2463
f 2467 	2464 	2466
f 2461 	2466 	2464
f 2460 	2466 	2461
f 2466 	2460 	2458
f 2466 	2472 	2467
f 2465 	2464 	2468
f 2469 	2468 	2464
f 2467 	2469 	2464
f 2468 	2470 	2465
f 2465 	2470 	2471
f 2478 	2465 	2471
f 2472 	2466 	2458
f 2467 	2472 	2469
f 2472 	2483 	2470
f 2470 	2468 	2472
f 2472 	2468 	2469
f 2458 	2457 	2472
f 2473 	2354 	2353
f 2473 	2474 	2354
f 2480 	2479 	2474
f 2477 	2481 	2474
f 2357 	2464 	2465
f 2473 	2476 	2477
f 2474 	2473 	2477
f 2473 	2465 	2478
f 2473 	2478 	2476
f 2475 	2474 	2479
f 2480 	2474 	2481
f 2487 	2475 	2482
f 2479 	2482 	2475
f 2471 	2470 	2483
f 2481 	2477 	2483
f 2477 	2476 	2483
f 2476 	2478 	2483
f 2471 	2483 	2478
f 2482 	2479 	2495
f 2479 	2480 	2495
f 2483 	2480 	2481
f 2449 	2474 	2475
f 2449 	2475 	2450
f 2475 	2484 	2450
f 2485 	2452 	2451
f 2484 	2485 	2451
f 2485 	2486 	2452
f 2485 	2493 	2486
f 2482 	2495 	2487
f 2487 	2488 	2484
f 2487 	2484 	2475
f 2490 	2485 	2489
f 2491 	2485 	2490
f 2484 	2489 	2485
f 2489 	2484 	2492
f 2488 	2492 	2484
f 2494 	2486 	2493
f 2491 	2493 	2485
f 2495 	2492 	2488
f 2495 	2488 	2487
f 2495 	2480 	2483
f 2495 	2496 	2490
f 2495 	2490 	2489
f 2495 	2489 	2492
f 2495 	2515 	2496
f 2494 	2493 	2496
f 2493 	2491 	2496
f 2490 	2496 	2491
f 2020 	2356 	2497
f 2120 	2498 	2122
f 2497 	2498 	2120
f 2499 	2122 	2498
f 2502 	2499 	2501
f 2500 	2501 	2499
f 2499 	2502 	2453
f 2506 	2499 	2498
f 2506 	2508 	2499
f 2508 	2509 	2499
f 2502 	2462 	2453
f 2503 	2504 	2356
f 2356 	2504 	2497
f 2497 	2505 	2498
f 2504 	2505 	2497
f 2505 	2506 	2498
f 2506 	2507 	2508
f 2500 	2499 	2509
f 2505 	2747 	2506
f 2506 	2510 	2511
f 2506 	2511 	2507
f 2506 	2747 	2510
f 2462 	2502 	2512
f 2501 	2512 	2502
f 2501 	2500 	2512
f 2462 	2512 	2472
f 2472 	2513 	2483
f 2512 	2513 	2472
f 2513 	2514 	2483
f 2513 	2518 	2514
f 2514 	2495 	2483
f 2514 	2515 	2495
f 2514 	2519 	2515
f 2509 	2516 	2512
f 2509 	2512 	2500
f 2509 	2508 	2516
f 2507 	2516 	2508
f 2516 	2517 	2512
f 2512 	2517 	2513
f 2517 	2518 	2513
f 2518 	2519 	2514
f 2517 	2161 	2518
f 2518 	1847 	2519
f 2161 	1847 	2518
f 2748 	2158 	2510
f 2511 	2516 	2507
f 2516 	2160 	2517
f 2160 	2161 	2517
f 2534 	2099 	2444
f 2441 	2444 	2099
f 2442 	2441 	2099
f 2520 	2442 	2099
f 2521 	2093 	2523
f 2522 	2093 	2521
f 2096 	2523 	2093
f 2099 	2093 	2525
f 2520 	2099 	2525
f 2524 	2525 	2093
f 2522 	2524 	2093
f 2096 	2093 	2095
f 2094 	2095 	2093
f 2094 	2093 	2072
f 2722 	2093 	2099
f 2524 	2149 	2525
f 2525 	2149 	2520
f 2524 	2522 	2150
f 2150 	2522 	2521
f 2523 	2153 	2521
f 2153 	2095 	2155
f 2095 	2094 	2155
f 2098 	2155 	2094
f 2153 	2523 	2096
f 2153 	2096 	2095
f 2155 	2097 	2157
f 2071 	2157 	2097
f 2155 	2098 	2097
f 2526 	2527 	2529
f 2528 	2526 	2529
f 2530 	2531 	2529
f 2528 	2529 	2531
f 2527 	2526 	2714
f 2528 	2531 	2532
f 2533 	2532 	2531
f 2533 	2531 	2536
f 2536 	2531 	2535
f 2099 	2535 	2531
f 2099 	2534 	2535
f 2530 	2537 	2531
f 2113 	2538 	2114
f 2486 	2538 	2113
f 2538 	2539 	2114
f 2545 	2539 	2544
f 2539 	2115 	2114
f 2538 	2543 	2539
f 2486 	2494 	2540
f 2542 	2538 	2540
f 2541 	2538 	2542
f 2486 	2540 	2538
f 2541 	2543 	2538
f 2544 	2539 	2543
f 2544 	2543 	2546
f 2543 	2541 	2546
f 2542 	2546 	2541
f 2546 	2542 	2496
f 2542 	2540 	2496
f 2494 	2496 	2540
f 2546 	2545 	2544
f 2539 	2547 	2115
f 2115 	2547 	2116
f 2548 	2116 	2547
f 2555 	2556 	2548
f 2548 	2709 	2549
f 2552 	2547 	2551
f 2550 	2547 	2552
f 2539 	2551 	2547
f 2545 	2551 	2539
f 2554 	2547 	2553
f 2550 	2553 	2547
f 2547 	2554 	2548
f 2555 	2548 	2554
f 2709 	2548 	2556
f 2555 	2557 	2556
f 2546 	2557 	2552
f 2546 	2552 	2551
f 2546 	2551 	2545
f 2553 	2550 	2557
f 2552 	2557 	2550
f 2556 	2557 	2712
f 2716 	2712 	2557
f 2557 	2555 	2554
f 2557 	2554 	2553
f 2546 	2740 	2557
f 2215 	2587 	2218
f 2211 	2198 	2558
f 2216 	2558 	2213
f 2220 	2558 	2217
f 2558 	2220 	2219
f 2558 	2219 	2222
f 2558 	2222 	2211
f 2222 	2221 	2211
f 2201 	2211 	2221
f 2559 	2172 	2183
f 2185 	2559 	2183
f 2187 	2559 	2185
f 2198 	2178 	2559
f 2559 	2558 	2198
f 2190 	2560 	2191
f 2191 	2560 	2192
f 2192 	2560 	2561
f 2193 	2189 	2561
f 2192 	2561 	2189
f 2195 	2194 	2561
f 2193 	2561 	2194
f 2564 	2565 	2563
f 2562 	2563 	2565
f 2565 	2564 	2561
f 2195 	2561 	2564
f 2195 	2564 	2196
f 2562 	2565 	2566
f 2565 	2213 	2566
f 2565 	2561 	2214
f 2565 	2214 	2215
f 2565 	2215 	2213
f 2567 	2559 	2187
f 2187 	2186 	2567
f 2188 	2567 	2186
f 2197 	2567 	2188
f 2559 	2567 	2558
f 2196 	2564 	2197
f 2567 	2197 	2564
f 2563 	2567 	2564
f 2567 	2566 	2558
f 2213 	2558 	2566
f 2567 	2563 	2562
f 2567 	2562 	2566
f 1846 	1861 	2568
f 2166 	2568 	2569
f 2568 	2571 	2569
f 2166 	2569 	2167
f 1861 	2570 	2568
f 2570 	1861 	1864
f 2571 	2568 	2570
f 2579 	2571 	2570
f 2569 	2571 	2184
f 2190 	2191 	2571
f 2184 	2571 	2191
f 2569 	2184 	2182
f 1864 	1876 	2572
f 1864 	2572 	2573
f 1864 	2573 	2574
f 2575 	2570 	2574
f 2576 	2570 	2575
f 1864 	2574 	2570
f 2570 	2577 	2578
f 2570 	2578 	2579
f 2580 	2571 	2579
f 2582 	2570 	2581
f 2570 	2576 	2581
f 2570 	2582 	2577
f 2580 	2583 	2571
f 2583 	2584 	2571
f 2584 	2585 	2571
f 2190 	2571 	2585
f 2587 	2215 	2586
f 2588 	2218 	2587
f 2586 	2592 	2587
f 2218 	2588 	2202
f 2588 	2589 	2202
f 2205 	2202 	2589
f 2205 	2590 	2209
f 2205 	2589 	2590
f 2589 	2594 	2595
f 2589 	2595 	2590
f 2592 	2586 	2591
f 2587 	2593 	2588
f 2587 	2592 	2593
f 2588 	2594 	2589
f 2588 	2593 	2594
f 1884 	2674 	2673
f 1884 	2591 	2674
f 1884 	2592 	2591
f 1884 	2593 	2592
f 1884 	2594 	2593
f 1884 	2595 	2594
f 2679 	2596 	2597
f 2596 	1884 	2597
f 2320 	2601 	2301
f 2602 	2303 	2601
f 2314 	1884 	2313
f 1884 	2315 	2313
f 1884 	2316 	2315
f 1884 	2317 	2316
f 1884 	2319 	2317
f 1884 	2320 	2319
f 1884 	2601 	2320
f 1884 	2602 	2601
f 1884 	2603 	2602
f 1884 	2604 	2603
f 1884 	2605 	2604
f 1884 	1880 	2605
f 2607 	2639 	2606
f 2601 	2303 	2301
f 2303 	2602 	2606
f 2602 	2603 	2606
f 2606 	2603 	2607
f 2608 	2607 	2604
f 2603 	2604 	2607
f 2608 	2605 	2609
f 2605 	2608 	2604
f 2605 	1880 	2609
f 2609 	1880 	1893
f 2611 	2610 	2613
f 2610 	2614 	2615
f 2615 	2613 	2610
f 2612 	2614 	2610
f 2614 	2612 	2616
f 2617 	2612 	2620
f 2620 	2612 	2619
f 2244 	2619 	2612
f 2622 	2612 	2621
f 2617 	2621 	2612
f 2628 	2621 	2617
f 2617 	2620 	2628
f 2621 	2628 	2622
f 2623 	2625 	2622
f 2624 	2625 	2623
f 2612 	2622 	2625
f 2612 	2625 	2616
f 2234 	2611 	2626
f 2613 	2626 	2611
f 2615 	2626 	2613
f 2268 	2627 	2618
f 2619 	2618 	2627
f 2619 	2627 	2620
f 2627 	2628 	2620
f 2623 	2622 	2628
f 2631 	2632 	2630
f 2629 	2630 	2632
f 2628 	2632 	2631
f 2624 	2623 	2631
f 2628 	2631 	2623
f 2632 	2637 	2633
f 2632 	2633 	2629
f 2627 	2268 	2284
f 2267 	2284 	2268
f 2284 	2299 	2627
f 2627 	2299 	2628
f 2638 	2632 	2628
f 2634 	2626 	2615
f 2615 	2614 	2634
f 2616 	2634 	2614
f 2625 	2634 	2616
f 2634 	2692 	2626
f 2624 	2631 	2625
f 2634 	2625 	2631
f 2630 	2634 	2631
f 2630 	2629 	2634
f 2633 	2634 	2629
f 2635 	2228 	2224
f 2626 	2635 	2224
f 2635 	2636 	2228
f 2230 	1927 	1852
f 2636 	1927 	2230
f 2626 	2692 	2635
f 2638 	2628 	2299
f 2639 	2632 	2638
f 2606 	2639 	2638
f 2640 	2637 	2639
f 2632 	2639 	2637
f 2639 	2641 	2642
f 2639 	2642 	2640
f 2352 	2347 	2362
f 2362 	2643 	2352
f 2362 	2666 	2643
f 2352 	2643 	2355
f 2355 	2503 	2356
f 2643 	2503 	2355
f 2663 	2664 	2645
f 2229 	2663 	2645
f 2644 	2358 	2361
f 2362 	2665 	2666
f 2007 	2647 	2646
f 2648 	2006 	2646
f 1984 	2349 	1976
f 2350 	2349 	2649
f 1984 	2649 	2349
f 2647 	2650 	2646
f 2647 	2651 	2650
f 2646 	2652 	2648
f 2646 	2650 	2652
f 2648 	2653 	2649
f 2648 	2652 	2653
f 2361 	2360 	2653
f 2649 	2653 	2360
f 2644 	2361 	2653
f 2649 	2360 	2359
f 2649 	2359 	2351
f 2649 	2351 	2350
f 2651 	2177 	2225
f 2650 	2651 	2225
f 2650 	2227 	2652
f 2650 	2225 	2227
f 2652 	2229 	2653
f 2652 	2227 	2229
f 2653 	2645 	2644
f 2229 	2645 	2653
f 2059 	2076 	2654
f 2059 	2654 	2058
f 2061 	2058 	2654
f 2654 	2062 	2060
f 2050 	2049 	2062
f 2049 	2060 	2062
f 2061 	2654 	2060
f 2063 	2062 	2654
f 2425 	2654 	2076
f 2654 	2425 	2428
f 2654 	2428 	2064
f 2654 	2064 	2063
f 2037 	2083 	2082
f 2037 	2655 	2083
f 2037 	2044 	2657
f 2044 	2029 	2657
f 2658 	2655 	2657
f 2657 	2655 	2037
f 2034 	2656 	2031
f 2655 	2032 	2656
f 2031 	2656 	2032
f 2032 	2655 	2030
f 2658 	2030 	2655
f 1999 	1997 	2033
f 2656 	2033 	1997
f 2656 	2034 	2033
f 2658 	2029 	2030
f 2029 	2658 	2657
f 2057 	2443 	2045
f 2443 	2057 	2440
f 2045 	2443 	2659
f 2443 	2662 	2659
f 2029 	2045 	2659
f 2029 	2659 	2647
f 2659 	2651 	2647
f 2029 	2647 	2007
f 2437 	2660 	2440
f 2437 	2440 	2426
f 2437 	2435 	2660
f 2434 	2660 	2435
f 2440 	2660 	2661
f 2443 	2440 	2661
f 2662 	2443 	2661
f 2661 	2176 	2662
f 2651 	2659 	2662
f 2439 	2438 	2174
f 2164 	2174 	2438
f 2174 	2660 	2439
f 2439 	2660 	2434
f 2660 	2174 	2175
f 2661 	2660 	2175
f 2176 	2661 	2175
f 2662 	2177 	2651
f 2662 	2176 	2177
f 2644 	2645 	2664
f 2663 	2240 	2664
f 2644 	2664 	2358
f 2362 	2358 	2665
f 2664 	2665 	2358
f 2666 	2667 	2643
f 2670 	2666 	2665
f 2666 	2671 	2667
f 2670 	2671 	2666
f 2643 	2667 	2503
f 2668 	2664 	2240
f 2236 	2668 	2237
f 2240 	2237 	2668
f 2668 	2669 	2664
f 2664 	2669 	2665
f 2669 	2670 	2665
f 2669 	2396 	2670
f 2246 	2247 	2672
f 2245 	2672 	2247
f 2235 	2672 	2245
f 2235 	2275 	2672
f 2247 	2668 	2245
f 2245 	2668 	2236
f 2668 	2394 	2669
f 2247 	2394 	2668
f 2394 	2396 	2669
f 2396 	2239 	2670
f 2670 	2239 	2671
f 2177 	2231 	2225
f 2177 	2181 	2231
f 2596 	1892 	1884
f 2598 	2597 	1884
f 1884 	2599 	2598
f 1884 	2600 	2599
f 2600 	1884 	2673
f 2675 	2214 	2561
f 2214 	2675 	2678
f 2678 	2675 	2677
f 2214 	2678 	2586
f 2678 	2591 	2586
f 2676 	2673 	2677
f 2677 	2673 	2674
f 2674 	2678 	2677
f 2674 	2591 	2678
f 2682 	2676 	2686
f 2679 	1902 	2596
f 2596 	1902 	1892
f 2597 	2680 	2679
f 2680 	2597 	2598
f 2680 	2598 	2681
f 2682 	2681 	2599
f 2599 	2681 	2598
f 2682 	2599 	2600
f 2682 	2600 	2676
f 2676 	2600 	2673
f 2575 	2683 	2684
f 2582 	2684 	2685
f 2680 	2681 	2684
f 2560 	2585 	2687
f 2584 	2687 	2585
f 2584 	2583 	2687
f 2686 	2687 	2583
f 2560 	2687 	2675
f 2687 	2676 	2677
f 2687 	2677 	2675
f 2560 	2675 	2561
f 1912 	1902 	2679
f 1912 	2679 	2683
f 2683 	2680 	2684
f 2683 	2679 	2680
f 2685 	2684 	2681
f 2685 	2681 	2682
f 2685 	2682 	2686
f 2687 	2686 	2676
f 2585 	2560 	2190
f 2573 	2572 	2683
f 2683 	2572 	1912
f 1876 	1912 	2572
f 2581 	2576 	2684
f 2575 	2684 	2576
f 2683 	2575 	2574
f 2573 	2683 	2574
f 2684 	2582 	2581
f 2685 	2577 	2582
f 2578 	2577 	2685
f 2583 	2580 	2686
f 2579 	2686 	2580
f 2579 	2578 	2686
f 2685 	2686 	2578
f 2126 	2118 	2120
f 2119 	2120 	2137
f 2642 	2641 	2689
f 2688 	2689 	2641
f 2641 	2690 	2691
f 2641 	2691 	2688
f 2303 	2638 	2299
f 2303 	2606 	2638
f 2692 	2701 	2635
f 2633 	2637 	2692
f 2634 	2633 	2692
f 2640 	2692 	2637
f 2642 	2692 	2640
f 2689 	2692 	2642
f 2689 	2688 	2692
f 2691 	2692 	2688
f 2692 	2691 	2701
f 2690 	2701 	2691
f 2693 	2690 	2694
f 2641 	2694 	2690
f 2694 	2695 	2696
f 2694 	2696 	2697
f 2694 	2697 	2693
f 2696 	2695 	2698
f 2695 	1934 	2699
f 2695 	2699 	2700
f 2695 	2700 	2698
f 2699 	1941 	2700
f 2700 	2701 	2698
f 1934 	1933 	2699
f 2639 	2607 	2641
f 2641 	2607 	2608
f 2608 	2694 	2641
f 2608 	2609 	2694
f 2695 	2694 	2609
f 2695 	1893 	1934
f 2609 	1893 	2695
f 2701 	2636 	2635
f 2636 	1941 	1927
f 2701 	1941 	2636
f 2690 	2693 	2701
f 2697 	2701 	2693
f 2701 	2700 	1941
f 1933 	1941 	2699
f 2697 	2696 	2701
f 2696 	2698 	2701
f 2702 	1857 	2703
f 2702 	1850 	1857
f 2705 	1846 	2165
f 2706 	2703 	1857
f 1855 	2706 	1856
f 1856 	2706 	1857
f 2703 	2706 	2707
f 2706 	1914 	1859
f 2703 	2707 	2704
f 2704 	2707 	1845
f 2706 	1859 	2707
f 2707 	1860 	1845
f 1859 	1860 	2707
f 2704 	1845 	2705
f 1846 	2705 	1845
f 1913 	1914 	2708
f 1858 	2708 	1914
f 1854 	2708 	1858
f 1855 	1858 	2706
f 1914 	2706 	1858
f 2549 	2710 	2146
f 2709 	2710 	2549
f 2146 	2710 	2711
f 2526 	2710 	2714
f 2146 	2711 	2148
f 2444 	2148 	2711
f 2713 	2709 	2712
f 2712 	2709 	2556
f 2710 	2709 	2714
f 2714 	2709 	2715
f 2713 	2715 	2709
f 2526 	2528 	2710
f 2532 	2533 	2710
f 2536 	2711 	2710
f 2715 	2713 	2716
f 2712 	2716 	2713
f 2716 	2529 	2714
f 2716 	2714 	2715
f 2557 	2741 	2716
f 2532 	2710 	2528
f 2536 	2710 	2533
f 2536 	2535 	2711
f 2534 	2444 	2711
f 2534 	2711 	2535
f 2527 	2714 	2529
f 2530 	2716 	2537
f 2529 	2716 	2530
f 2537 	2717 	2531
f 2719 	2717 	2718
f 2720 	2717 	2719
f 2537 	2718 	2717
f 2531 	2717 	2721
f 2099 	2531 	2721
f 2722 	2099 	2721
f 2093 	2422 	2072
f 2093 	2722 	2422
f 2754 	2436 	2310
f 2436 	2723 	2311
f 2433 	2311 	2723
f 2433 	2724 	2417
f 2433 	2723 	2724
f 2418 	2417 	2725
f 2757 	2724 	2723
f 2726 	2419 	2418
f 2725 	2726 	2418
f 2726 	2727 	2419
f 2720 	2729 	2717
f 2728 	2717 	2729
f 2731 	2728 	2730
f 2729 	2730 	2728
f 2727 	2732 	2420
f 2717 	2728 	2733
f 2717 	2733 	2721
f 2721 	2733 	2734
f 2733 	2705 	2734
f 2721 	2734 	2722
f 2722 	2429 	2422
f 2722 	2734 	2429
f 2702 	2703 	2736
f 2735 	2736 	2703
f 2744 	1850 	2736
f 2291 	2421 	2732
f 2756 	2757 	2723
f 2724 	2758 	2725
f 2758 	2759 	2725
f 2725 	2759 	2726
f 2727 	2726 	2760
f 2760 	2761 	2727
f 2761 	2314 	2732
f 2732 	2314 	2291
f 2209 	2590 	2737
f 2379 	2737 	2738
f 2703 	2728 	2735
f 2731 	2735 	2728
f 2728 	2704 	2733
f 2728 	2703 	2704
f 2705 	2733 	2704
f 2734 	2705 	2165
f 2734 	2165 	2429
f 2496 	2739 	2546
f 2739 	2496 	2515
f 2739 	2740 	2546
f 2741 	2557 	2740
f 2743 	2740 	2739
f 2716 	2718 	2537
f 2741 	2719 	2718
f 2741 	2718 	2716
f 2515 	2742 	2739
f 2515 	2519 	2742
f 2742 	2743 	2739
f 2740 	2744 	2741
f 2743 	2744 	2740
f 2744 	2731 	2730
f 2744 	2730 	2741
f 2741 	2730 	2729
f 2741 	2729 	2720
f 2741 	2720 	2719
f 2519 	1847 	1848
f 1848 	2742 	2519
f 2742 	1849 	2743
f 1850 	2744 	2743
f 1849 	1850 	2743
f 2744 	2736 	2735
f 2744 	2735 	2731
f 2702 	2736 	1850
f 2503 	2745 	2504
f 2745 	2503 	2667
f 2745 	2746 	2504
f 2504 	2746 	2505
f 2746 	2747 	2505
f 2746 	2751 	2747
f 2748 	2510 	2747
f 2667 	2671 	2749
f 2749 	2745 	2667
f 2745 	2750 	2746
f 2749 	2750 	2745
f 2750 	2751 	2746
f 2751 	2752 	2226
f 2751 	2226 	2747
f 2752 	2751 	2233
f 2752 	2224 	2226
f 2233 	2224 	2752
f 2747 	2226 	2223
f 2747 	2223 	2748
f 2671 	2238 	2749
f 2239 	2238 	2671
f 2238 	2241 	2749
f 2753 	2304 	2380
f 2380 	2738 	2753
f 2754 	2304 	2753
f 2754 	2310 	2304
f 2762 	2737 	2590
f 2763 	2738 	2737
f 2753 	2738 	2764
f 2723 	2436 	2756
f 2436 	2755 	2756
f 2755 	2436 	2754
f 2758 	2724 	2757
f 2726 	2759 	2760
f 2732 	2727 	2761
f 2762 	2590 	2595
f 2737 	2762 	2763
f 2763 	2764 	2738
f 2753 	2765 	2754
f 2753 	2764 	2765
f 2765 	2755 	2754
f 2595 	1884 	2762
f 1884 	2763 	2762
f 1884 	2764 	2763
f 1884 	2765 	2764
f 2765 	1884 	2755
f 1884 	2756 	2755
f 1884 	2757 	2756
f 2758 	2757 	1884
f 1884 	2759 	2758
f 1884 	2760 	2759
f 1884 	2761 	2760
f 1884 	2314 	2761
f 2429 	2766 	2430
f 2429 	2165 	2766
f 2162 	2430 	2766
f 2166 	2766 	2165
f 2766 	2167 	2162
f 2766 	2166 	2167
f 2162 	2431 	2430
f 2163 	2431 	2162
f 2749 	2241 	2750
f 2610 	2750 	2241
f 2750 	2610 	2751
f 2234 	2233 	2751
f 2751 	2610 	2234
f 2611 	2234 	2610
f 2511 	2510 	2158
f 2158 	2748 	2223
f 2511 	2158 	2516
f 2160 	2516 	2158
# 1840 faces

 #end of obj_2

o obj_3
v 3.8556 		-6.9924 		0.6632
v 5.0205 		-7.0212 		0.6632
v 0.5183 		-3.675 		0.81
v 0.557 		-4.5561 		0.81
v 0.6716 		-5.4224 		0.81
v 0.8609 		-6.2585 		0.81
v 0.5951 		-4.5487 		0.6632
v 0.557 		-3.675 		0.6632
v 0.7088 		-5.4073 		0.6632
v 0.8966 		-6.2364 		0.6632
v 1.0364 		-6.6613 		0.6632
v 1.0207 		-6.673 		0.7302
v 1.0178 		-6.6752 		0.7426
v 1.0838 		-6.6256 		0.5963
v 2.77 		-6.8239 		0.5189
v 3.8856 		-6.9071 		0.5189
v 5.0205 		-6.935 		0.5189
v 2.8678 		-6.6869 		0.3796
v 3.9348 		-6.7665 		0.3796
v 5.0205 		-6.7931 		0.3796
v 2.9279 		-6.6029 		0.3209
v 2.7791 		-6.5862 		0.3223
v 2.789 		-6.5873 		0.3222
v 2.7362 		-6.5816 		0.3228
v 3.3886 		-6.6292 		0.3155
v 3.4209 		-6.6313 		0.3153
v 3.952 		-6.665 		0.3113
v 3.9701 		-6.6662 		0.3113
v 3.5071 		-6.6367 		0.3146
v 4.5201 		-6.6755 		0.3084
v 4.6963 		-6.6796 		0.3083
v 5.0205 		-6.687 		0.3079
v 4.1282 		-6.6689 		0.3104
v 4.4938 		-6.6749 		0.3085
v 3.8553 		-3.79 		0.2523
v 3.8454 		-3.675 		0.2523
v 3.8853 		-3.9032 		0.2523
v 3.9348 		-4.0123 		0.2523
v 4.0027 		-4.1156 		0.2523
v 5.0205 		-3.675 		0.2475
v 4.0882 		-4.2114 		0.2523
v 4.1896 		-4.298 		0.2523
v 4.3051 		-4.3741 		0.2523
v 4.433 		-4.4382 		0.2523
v 4.5707 		-4.4891 		0.2523
v 4.7162 		-4.5262 		0.2523
v 4.8672 		-4.5487 		0.2523
v 5.0205 		-4.5561 		0.2523
v 2.6902 		-3.675 		0.2666
v 2.7103 		-3.9032 		0.2666
v 2.7697 		-4.1273 		0.2666
v 2.8675 		-4.3437 		0.2666
v 3.0025 		-4.5487 		0.2666
v 3.8553 		-5.1881 		0.2666
v 4.1287 		-5.2894 		0.2666
v 4.4174 		-5.3627 		0.2666
v 4.7162 		-5.4073 		0.2666
v 5.0205 		-5.4224 		0.2666
v 2.5842 		-5.5018 		0.2903
v 3.1718 		-4.7388 		0.2666
v 3.3728 		-4.9105 		0.2666
v 3.6018 		-5.0612 		0.2666
v 2.923 		-5.7248 		0.2903
v 3.2978 		-5.9124 		0.2903
v 3.702 		-6.0618 		0.2903
v 4.1287 		-6.1705 		0.2903
v 4.5707 		-6.2364 		0.2903
v 5.0205 		-6.2585 		0.2903
v 1.1389 		-6.5844 		0.5189
v 1.693 		-6.6869 		0.5189
v 1.1389 		-6.5844 		0.5188
v 1.2321 		-6.5145 		0.442
v 1.3076 		-6.4578 		0.3796
v 1.2179 		-6.5251 		0.4537
v 1.8377 		-6.5557 		0.3796
v 1.3077 		-6.4577 		0.3795
v 1.8981 		-6.5011 		0.3396
v 1.3577 		-6.4202 		0.3511
v 1.3591 		-6.4204 		0.3511
v 1.6946 		-6.4706 		0.3439
v 2.1089 		-6.5201 		0.3346
v 2.2599 		-6.5349 		0.3318
v 0.6716 		-3.675 		0.5188
v 0.7088 		-4.5262 		0.5188
v 0.8198 		-5.3627 		0.5188
v 1.0185 		-4.0701 		0.3085
v 1.0084 		-3.8272 		0.3082
v 1.6045 		-4.0123 		0.2903
v 1.0022 		-3.675 		0.3079
v 1.5751 		-3.675 		0.2903
v 1.6924 		-4.3437 		0.2903
v 1.0318 		-4.4764 		0.3114
v 1.0302 		-4.4628 		0.3113
v 1.0226 		-4.2091 		0.3095
v 1.0189 		-4.085 		0.3086
v 1.0441 		-4.5854 		0.3125
v 0.8609 		-3.675 		0.3795
v 0.8966 		-4.4891 		0.3795
v 1.1426 		-5.3861 		0.3228
v 1.8374 		-4.6637 		0.2903
v 1.0794 		-4.899 		0.3156
v 1.0718 		-4.8313 		0.3149
v 1.1369 		-5.3561 		0.3223
v 1.1146 		-5.2444 		0.3209
v 1.0863 		-4.9667 		0.3166
v 2.0366 		-4.9667 		0.2903
v 2.2869 		-5.2478 		0.2903
v 1.1378 		-5.3611 		0.3224
v 1.0029 		-5.2894 		0.3795
v 1.0029 		-6.1705 		0.5188
v 1.1692 		-5.5389 		0.3267
v 1.2025 		-5.7299 		0.3314
v 1.4491 		-5.7299 		0.3228
v 1.2249 		-5.8589 		0.3346
v 1.277 		-6.1172 		0.3425
v 1.2502 		-6.0167 		0.3397
v 1.8374 		-6.0618 		0.3228
v 1.2997 		-6.2024 		0.3449
v 2.28 		-6.353 		0.3228
v 1.1775 		-6.0618 		0.3795
v 8.3913 		-0.8862 		1.2751
v 8.7333 		-0.8923 		1.2405
v 8.7334 		-0.8922 		1.2404
v 8.2033 		-0.7943 		1.2404
v 8.6818 		-0.9296 		1.2689
v 8.6833 		-0.9298 		1.2689
v 8.2773 		-0.8691 		1.2775
v 8.1429 		-0.8489 		1.2804
v 7.5065 		-0.7881 		1.2934
v 7.761 		-0.8131 		1.2886
v 7.9321 		-0.8299 		1.2854
v 8.8086 		-0.8358 		1.1783
v 8.5919 		-1.6201 		1.2971
v 8.2036 		-1.2882 		1.2971
v 7.761 		-0.9971 		1.2971
v 8.8357 		-1.6039 		1.2882
v 8.8161 		-1.4911 		1.2853
v 8.7497 		-1.1789 		1.2759
v 8.7908 		-1.3333 		1.2803
v 8.8635 		-1.2882 		1.2405
v 8.2036 		-2.6864 		1.3297
v 8.0044 		-2.3833 		1.3297
v 7.7541 		-2.1023 		1.3297
v 8.9615 		-2.451 		1.3044
v 8.9715 		-2.5394 		1.3053
v 8.9642 		-2.4746 		1.3046
v 8.9264 		-2.1056 		1.2991
v 8.9055 		-2.0008 		1.2978
v 8.9041 		-1.9939 		1.2977
v 8.8985 		-1.9639 		1.2971
v 9.0381 		-2.0606 		1.2405
v 8.4365 		-3.3377 		1.3297
v 8.4659 		-3.675 		1.3297
v 8.3486 		-3.0063 		1.3297
v 9.0388 		-3.675 		1.312
v 9.0288 		-3.4313 		1.3117
v 9.0226 		-3.2799 		1.3115
v 9.0234 		-3.2991 		1.3115
v 9.0144 		-3.0052 		1.3095
v 9.0108 		-2.8872 		1.3087
v 9.0092 		-2.8736 		1.3086
v 9.1444 		-2.861 		1.2405
v 9.1801 		-3.675 		1.2405
v 7.1732 		-0.6632 		1.2404
v 7.1131 		-0.7471 		1.2991
v 7.2619 		-0.7638 		1.2977
v 7.269 		-0.7646 		1.2976
v 7.3048 		-0.7683 		1.2971
v 6.0709 		-0.6838 		1.3087
v 6.1062 		-0.5835 		1.2404
v 6.2348 		-0.6942 		1.3076
v 6.5632 		-0.715 		1.3051
v 6.089 		-0.685 		1.3086
v 6.6524 		-0.7207 		1.3044
v 6.7432 		-0.7259 		1.3034
v 5.0205 		-0.557 		1.2404
v 5.568 		-0.6755 		1.3114
v 5.7331 		-0.6782 		1.3105
v 5.0205 		-0.663 		1.3121
v 5.224 		-0.6677 		1.3119
v 5.5472 		-0.6751 		1.3115
v 7.118 		-1.6253 		1.3297
v 6.7432 		-1.4376 		1.3297
v 6.339 		-1.2882 		1.3297
v 9.1444 		-4.4891 		1.2405
v 9.0108 		-4.4628 		1.3087
v 9.0221 		-4.085 		1.3114
v 9.0184 		-4.2091 		1.3105
v 9.0326 		-3.8272 		1.3118
v 9.0225 		-4.0701 		1.3115
v 7.7541 		-5.2478 		1.3297
v 8.0044 		-4.9667 		1.3297
v 8.2036 		-4.6637 		1.3297
v 8.9032 		-5.3611 		1.2976
v 8.9041 		-5.3561 		1.2977
v 8.8984 		-5.3861 		1.2971
v 8.9616 		-4.899 		1.3044
v 8.9547 		-4.9667 		1.3034
v 8.9264 		-5.2444 		1.2991
v 8.9692 		-4.8313 		1.3051
v 9.0381 		-5.2894 		1.2405
v 7.761 		-6.353 		1.2971
v 8.2036 		-6.0618 		1.2971
v 8.5919 		-5.7299 		1.2971
v 8.6819 		-6.4204 		1.2689
v 8.6833 		-6.4202 		1.2689
v 8.7413 		-6.2024 		1.275
v 8.764 		-6.1172 		1.2775
v 8.8161 		-5.8589 		1.2853
v 8.7908 		-6.0167 		1.2803
v 8.8385 		-5.7299 		1.2886
v 8.8718 		-5.5389 		1.2933
v 8.8635 		-6.0618 		1.2405
v 7.9321 		-6.5201 		1.2854
v 7.7811 		-6.5349 		1.2882
v 8.3464 		-6.4706 		1.276
v 8.1429 		-6.5011 		1.2804
v 8.7333 		-6.4577 		1.2405
v 8.7334 		-6.4578 		1.2404
v 8.8089 		-6.5145 		1.178
v 6.0709 		-6.6662 		1.3087
v 6.1062 		-6.7665 		1.2404
v 5.9128 		-6.6689 		1.3095
v 5.5472 		-6.6749 		1.3115
v 5.5209 		-6.6755 		1.3115
v 5.3447 		-6.6796 		1.3117
v 5.0205 		-6.687 		1.3121
v 5.0205 		-6.7931 		1.2404
v 6.6201 		-6.6313 		1.3047
v 6.5339 		-6.6367 		1.3053
v 6.089 		-6.665 		1.3086
v 7.1732 		-6.6869 		1.2404
v 7.1131 		-6.6029 		1.2991
v 6.6524 		-6.6292 		1.3044
v 7.252 		-6.5873 		1.2978
v 7.3048 		-6.5816 		1.2971
v 7.2619 		-6.5862 		1.2977
v 7.0385 		-4.5487 		1.3533
v 7.1735 		-4.3437 		1.3533
v 7.2713 		-4.1273 		1.3533
v 7.3307 		-3.9032 		1.3533
v 7.3508 		-3.675 		1.3533
v 5.0205 		-3.675 		1.3725
v 6.0383 		-4.1156 		1.3677
v 6.1062 		-4.0123 		1.3677
v 6.1557 		-3.9032 		1.3677
v 6.1857 		-3.79 		1.3677
v 6.1956 		-3.675 		1.3677
v 3.9348 		-6.7665 		1.2404
v 4.473 		-6.6745 		1.3114
v 4.3079 		-6.6718 		1.3105
v 3.9701 		-6.6662 		1.3087
v 4.817 		-6.6823 		1.3119
v 4.4938 		-6.6749 		1.3115
v 2.8678 		-6.6869 		1.2404
v 3.8454 		-3.675 		1.3677
v 3.8553 		-3.79 		1.3677
v 3.8853 		-3.9032 		1.3677
v 3.9348 		-4.0123 		1.3677
v 4.0027 		-4.1156 		1.3677
v 4.0882 		-4.2114 		1.3677
v 4.1896 		-4.298 		1.3677
v 4.3051 		-4.3741 		1.3677
v 4.433 		-4.4382 		1.3677
v 4.5707 		-4.4891 		1.3677
v 4.7162 		-4.5262 		1.3677
v 4.8672 		-4.5487 		1.3677
v 5.0205 		-4.5561 		1.3677
v 2.6902 		-3.675 		1.3533
v 2.7103 		-3.9032 		1.3533
v 2.7697 		-4.1273 		1.3533
v 2.8675 		-4.3437 		1.3533
v 3.0025 		-4.5487 		1.3533
v 4.1282 		-0.6811 		1.3095
v 4.5201 		-0.6745 		1.3115
v 3.9348 		-0.5835 		1.2404
v 4.6963 		-0.6704 		1.3117
v 2.8678 		-0.6632 		1.2404
v 3.4209 		-0.7187 		1.3047
v 3.5071 		-0.7133 		1.3053
v 3.952 		-0.685 		1.3086
v 3.9701 		-0.6838 		1.3087
v 3.8553 		-5.1881 		1.3533
v 2.9279 		-0.7471 		1.2991
v 4.1287 		-5.2894 		1.3533
v 3.3886 		-0.7208 		1.3044
v 2.789 		-0.7627 		1.2978
v 2.7362 		-0.7684 		1.2971
v 2.7791 		-0.7638 		1.2977
v 4.4174 		-5.3627 		1.3533
v 4.7162 		-5.4073 		1.3533
v 5.0205 		-5.4224 		1.3533
v 4.4938 		-0.6751 		1.3115
v 3.1718 		-4.7388 		1.3533
v 4.5707 		-1.1136 		1.3297
v 3.3728 		-4.9105 		1.3533
v 5.0205 		-1.0916 		1.3297
v 4.1287 		-1.1795 		1.3297
v 3.6018 		-5.0612 		1.3533
v 3.702 		-1.2882 		1.3297
v 3.2978 		-1.4376 		1.3297
v 2.5842 		-5.5018 		1.3297
v 2.923 		-1.6253 		1.3297
v 2.923 		-5.7248 		1.3297
v 3.2978 		-5.9124 		1.3297
v 3.702 		-6.0618 		1.3297
v 5.0205 		-1.9277 		1.3533
v 4.7162 		-1.9427 		1.3533
v 4.1287 		-6.1705 		1.3297
v 4.4174 		-1.9873 		1.3533
v 4.5707 		-6.2364 		1.3297
v 4.1287 		-2.0606 		1.3533
v 5.0205 		-6.2585 		1.3297
v 0.8609 		-1.0916 		0.81
v 3.8553 		-2.1619 		1.3533
v 0.6716 		-1.9277 		0.81
v 0.557 		-2.7939 		0.81
v 7.3505 		-6.935 		0.81
v 8.4656 		-6.7931 		0.81
v 9.0392 		-6.687 		0.81
v 5.0205 		-7.05 		0.81
v 6.1854 		-6.9924 		0.6632
v 7.3304 		-6.9071 		0.6632
v 8.4359 		-6.7665 		0.6632
v 9.0046 		-6.6613 		0.6632
v 9.0204 		-6.673 		0.7299
v 9.0233 		-6.6751 		0.7423
v 8.9482 		-6.6191 		0.5839
v 8.9568 		-6.6256 		0.596
v 9.1801 		-6.2585 		0.81
v 9.3694 		-5.4224 		0.81
v 9.484 		-4.5561 		0.81
v 9.5228 		-3.675 		0.81
v 9.1444 		-6.2364 		0.6632
v 9.3322 		-5.4073 		0.6632
v 9.4459 		-4.5487 		0.6632
v 9.484 		-3.675 		0.6632
v 8.348 		-6.6869 		0.5189
v 8.9021 		-6.5844 		0.5189
v 8.2033 		-6.5557 		0.3796
v 8.9021 		-6.5844 		0.5188
v 8.8086 		-6.5142 		0.4417
v 8.8228 		-6.5249 		0.4534
v 8.7334 		-6.4578 		0.3796
v 8.1429 		-6.5011 		0.3396
v 7.5065 		-6.5619 		0.3266
v 7.761 		-6.5369 		0.3314
v 7.9321 		-6.5201 		0.3346
v 8.2773 		-6.4809 		0.3425
v 8.3913 		-6.4638 		0.3449
v 8.6818 		-6.4204 		0.3511
v 8.6833 		-6.4202 		0.3511
v 8.7333 		-6.4577 		0.3795
v 9.2212 		-5.3627 		0.5188
v 9.3322 		-4.5262 		0.5188
v 9.3694 		-3.675 		0.5188
v 9.0092 		-4.4764 		0.3114
v 8.3486 		-4.3437 		0.2903
v 9.0144 		-4.3448 		0.3105
v 9.0108 		-4.4628 		0.3113
v 8.4365 		-4.0123 		0.2903
v 9.0226 		-4.0701 		0.3085
v 9.0288 		-3.9187 		0.3083
v 9.0234 		-4.0509 		0.3085
v 8.4659 		-3.675 		0.2903
v 9.0388 		-3.675 		0.3079
v 9.1444 		-4.4891 		0.3795
v 9.1801 		-3.675 		0.3795
v 8.8985 		-5.3861 		0.3228
v 7.7541 		-5.2478 		0.2903
v 8.0044 		-4.9667 		0.2903
v 8.9041 		-5.3561 		0.3223
v 8.9055 		-5.3492 		0.3222
v 8.2036 		-4.6637 		0.2903
v 8.9615 		-4.899 		0.3156
v 8.9264 		-5.2444 		0.3209
v 8.9715 		-4.8106 		0.3147
v 8.9642 		-4.8754 		0.3153
v 1.0177 		-0.6749 		0.7423
v 0.8966 		-1.1136 		0.6632
v 9.484 		-2.7939 		0.81
v 1.0206 		-0.677 		0.7299
v 9.3694 		-1.9277 		0.81
v 0.7088 		-1.9427 		0.6632
v 9.1801 		-1.0916 		0.81
v 0.5951 		-2.8013 		0.6632
v 9.4459 		-2.8013 		0.6632
v 9.3322 		-1.9427 		0.6632
v 1.0842 		-0.7244 		0.596
v 1.0928 		-0.7309 		0.5839
v 9.1444 		-1.1136 		0.6632
v 9.0046 		-0.6887 		0.6632
v 9.0203 		-0.677 		0.7302
v 3.8856 		-0.4429 		0.5189
v 5.0205 		-0.415 		0.5189
v 9.0232 		-0.6748 		0.7426
v 2.77 		-0.5261 		0.5189
v 3.9348 		-0.5835 		0.3796
v 5.0205 		-0.557 		0.3796
v 2.8678 		-0.6632 		0.3796
v 8.9572 		-0.7244 		0.5963
v 8.9021 		-0.7656 		0.5189
v 8.348 		-0.6632 		0.5189
v 8.9021 		-0.7656 		0.5188
v 5.0205 		-0.663 		0.3079
v 4.817 		-0.6677 		0.3081
v 4.4938 		-0.6751 		0.3085
v 4.473 		-0.6755 		0.3086
v 8.8089 		-0.8355 		0.442
v 8.7334 		-0.8922 		0.3796
v 8.8231 		-0.8249 		0.4537
v 8.2033 		-0.7943 		0.3796
v 8.7333 		-0.8923 		0.3795
v 4.3079 		-0.6782 		0.3095
v 3.9701 		-0.6838 		0.3113
v 3.4778 		-0.715 		0.3149
v 3.3886 		-0.7207 		0.3155
v 3.2978 		-0.7259 		0.3166
v 2.9279 		-0.7471 		0.3209
v 3.952 		-0.685 		0.3113
v 3.8062 		-0.6942 		0.3124
v 2.7791 		-0.7638 		0.3223
v 2.772 		-0.7646 		0.3224
v 2.7362 		-0.7683 		0.3228
v 8.1429 		-0.8489 		0.3396
v 8.6833 		-0.9298 		0.3511
v 8.6819 		-0.9296 		0.3511
v 8.3464 		-0.8794 		0.3439
v 7.9321 		-0.8299 		0.3346
v 7.7811 		-0.8151 		0.3318
v 9.0381 		-1.1795 		0.5188
v 4.5707 		-1.1136 		0.2903
v 5.0205 		-1.0916 		0.2903
v 4.1287 		-1.1795 		0.2903
v 3.702 		-1.2882 		0.2903
v 8.8718 		-1.8111 		0.3267
v 8.8385 		-1.6201 		0.3314
v 8.5919 		-1.6201 		0.3228
v 3.2978 		-1.4376 		0.2903
v 2.923 		-1.6253 		0.2903
v 8.8161 		-1.4911 		0.3346
v 8.764 		-1.2328 		0.3425
v 8.7908 		-1.3333 		0.3397
v 8.2036 		-1.2882 		0.3228
v 8.7413 		-1.1476 		0.3449
v 7.761 		-0.9971 		0.3228
v 5.0205 		-1.9277 		0.2666
v 4.7162 		-1.9427 		0.2666
v 4.4174 		-1.9873 		0.2666
v 8.8635 		-1.2882 		0.3795
v 4.1287 		-2.0606 		0.2666
v 3.8553 		-2.1619 		0.2666
v 9.3322 		-2.8238 		0.5188
v 9.2212 		-1.9873 		0.5188
v 2.5842 		-1.8482 		0.2903
v 3.6018 		-2.2888 		0.2666
v 3.3728 		-2.4395 		0.2666
v 8.8984 		-1.9639 		0.3228
v 3.1718 		-2.6112 		0.2666
v 8.2036 		-2.6864 		0.2903
v 8.9616 		-2.451 		0.3156
v 8.9692 		-2.5187 		0.3149
v 8.9041 		-1.9939 		0.3223
v 8.9264 		-2.1056 		0.3209
v 8.9547 		-2.3833 		0.3166
v 8.0044 		-2.3833 		0.2903
v 7.7541 		-2.1023 		0.2903
v 8.9032 		-1.9889 		0.3224
v 4.8672 		-2.8013 		0.2523
v 5.0205 		-2.7939 		0.2523
v 4.7162 		-2.8238 		0.2523
v 4.5707 		-2.861 		0.2523
v 4.433 		-2.9118 		0.2523
v 9.0381 		-2.0606 		0.3795
v 4.3051 		-2.9759 		0.2523
v 4.1896 		-3.052 		0.2523
v 5.9123 		-1.1795 		1.3297
v 5.4703 		-1.1136 		1.3297
v 6.8692 		-2.6112 		1.3533
v 6.6682 		-2.4395 		1.3533
v 6.4392 		-2.2888 		1.3533
v 7.4568 		-1.8482 		1.3297
v 6.1857 		-2.1619 		1.3533
v 5.9123 		-2.0606 		1.3533
v 5.6236 		-1.9873 		1.3533
v 5.3248 		-1.9427 		1.3533
v 7.3307 		-3.4469 		1.3533
v 7.2713 		-3.2228 		1.3533
v 7.1735 		-3.0063 		1.3533
v 7.0385 		-2.8013 		1.3533
v 5.9528 		-3.1386 		1.3677
v 5.8514 		-3.052 		1.3677
v 5.7359 		-2.9759 		1.3677
v 5.608 		-2.9118 		1.3677
v 5.4703 		-2.861 		1.3677
v 5.3248 		-2.8238 		1.3677
v 5.1738 		-2.8013 		1.3677
v 5.0205 		-2.7939 		1.3677
v 6.1857 		-3.56 		1.3677
v 6.1557 		-3.4469 		1.3677
v 6.1062 		-3.3377 		1.3677
v 6.0383 		-3.2345 		1.3677
v 8.348 		-0.6632 		1.1011
v 3.6018 		-2.2888 		1.3533
v 8.8228 		-0.8251 		1.1666
v 8.9021 		-0.7656 		1.1011
v 8.9021 		-0.7656 		1.1011
v 7.271 		-0.5261 		1.1011
v 3.3728 		-2.4395 		1.3533
v 3.1718 		-2.6112 		1.3533
v 6.1554 		-0.4429 		1.1011
v 5.0205 		-0.415 		1.1011
v 2.5842 		-1.8482 		1.3297
v 8.4359 		-0.5835 		0.9568
v 8.9482 		-0.7309 		1.0361
v 8.9568 		-0.7244 		1.024
v 9.0046 		-0.6887 		0.9568
v 7.3304 		-0.4429 		0.9568
v 5.1738 		-4.5487 		1.3677
v 5.3248 		-4.5262 		1.3677
v 5.4703 		-4.4891 		1.3677
v 5.608 		-4.4382 		1.3677
v 5.7359 		-4.3741 		1.3677
v 5.8514 		-4.298 		1.3677
v 5.9528 		-4.2114 		1.3677
v 4.8672 		-2.8013 		1.3677
v 4.7162 		-2.8238 		1.3677
v 4.5707 		-2.861 		1.3677
v 4.433 		-2.9118 		1.3677
v 4.3051 		-2.9759 		1.3677
v 4.1896 		-3.052 		1.3677
v 4.0882 		-3.1386 		1.3677
v 9.0225 		-3.2799 		0.3085
v 9.0326 		-3.5228 		0.3082
v 8.4365 		-3.3377 		0.2903
v 8.3486 		-3.0063 		0.2903
v 9.0092 		-2.8736 		0.3114
v 6.4392 		-5.0612 		1.3533
v 9.0108 		-2.8872 		0.3113
v 9.0184 		-3.1409 		0.3095
v 9.0221 		-3.265 		0.3086
v 6.6682 		-4.9105 		1.3533
v 8.9969 		-2.7646 		0.3125
v 6.8692 		-4.7388 		1.3533
v 7.4568 		-5.5018 		1.3297
v 9.1444 		-2.861 		0.3795
v 5.3248 		-5.4073 		1.3533
v 5.6236 		-5.3627 		1.3533
v 5.9123 		-5.2894 		1.3533
v 7.271 		-0.5261 		0.5189
v 6.1857 		-5.1881 		1.3533
v 6.1554 		-0.4429 		0.5189
v 7.1732 		-0.6632 		0.3796
v 6.1062 		-0.5835 		0.3796
v 7.1131 		-0.7471 		0.3209
v 5.4703 		-6.2364 		1.3297
v 7.2619 		-0.7638 		0.3223
v 7.252 		-0.7627 		0.3222
v 7.3048 		-0.7684 		0.3228
v 6.6524 		-0.7208 		0.3155
v 6.6201 		-0.7187 		0.3153
v 5.9123 		-6.1705 		1.3297
v 6.089 		-0.685 		0.3113
v 6.0709 		-0.6838 		0.3113
v 6.5339 		-0.7133 		0.3146
v 5.5209 		-0.6745 		0.3084
v 5.3447 		-0.6704 		0.3083
v 6.339 		-6.0618 		1.3297
v 5.9128 		-0.6811 		0.3104
v 5.5472 		-0.6751 		0.3085
v 6.7432 		-5.9124 		1.3297
v 7.118 		-5.7248 		1.3297
v 7.118 		-1.6253 		0.2903
v 6.7432 		-1.4376 		0.2903
v 6.339 		-1.2882 		0.2903
v 5.9123 		-1.1795 		0.2903
v 5.4703 		-1.1136 		0.2903
v 5.0205 		-6.935 		1.1011
v 6.1554 		-6.9071 		1.1011
v 7.271 		-6.8239 		1.1011
v 8.348 		-6.6869 		1.1011
v 8.9021 		-6.5844 		1.1011
v 8.9021 		-6.5844 		1.1011
v 8.8231 		-6.5251 		1.1663
v 5.0205 		-7.0212 		0.9568
v 6.1854 		-6.9924 		0.9568
v 7.3304 		-6.9071 		0.9568
v 8.4359 		-6.7665 		0.9568
v 7.4568 		-1.8482 		0.2903
v 9.0046 		-6.6613 		0.9568
v 8.9572 		-6.6256 		1.0237
v 6.8692 		-2.6112 		0.2666
v 8.9485 		-6.6192 		1.0358
v 9.0232 		-6.6752 		0.8774
v 9.0203 		-6.673 		0.8897
v 9.0381 		-6.1705 		1.1011
v 2.772 		-6.5854 		1.2976
v 2.7791 		-6.5862 		1.2977
v 9.2212 		-5.3627 		1.1011
v 2.7362 		-6.5817 		1.2971
v 4.0027 		-3.2345 		1.3677
v 3.9348 		-3.3377 		1.3677
v 3.8853 		-3.4469 		1.3677
v 3.8553 		-3.56 		1.3677
v 3.0025 		-2.8013 		1.3533
v 2.8675 		-3.0063 		1.3533
v 2.7697 		-3.2228 		1.3533
v 2.7103 		-3.4469 		1.3533
v 1.8377 		-0.7943 		1.2404
v 2.2599 		-0.8151 		1.2882
v 1.8981 		-0.8489 		1.2804
v 2.1089 		-0.8299 		1.2854
v 1.3076 		-0.8922 		1.2404
v 1.3077 		-0.8923 		1.2405
v 1.6946 		-0.8794 		1.276
v 1.3577 		-0.9298 		1.2689
v 1.3591 		-0.9296 		1.2689
v 1.2321 		-0.8355 		1.178
v 2.28 		-0.9971 		1.2971
v 1.8374 		-1.2882 		1.2971
v 1.4491 		-1.6201 		1.2971
v 1.2997 		-1.1476 		1.275
v 1.277 		-1.2328 		1.2775
v 1.2249 		-1.4911 		1.2853
v 1.2502 		-1.3333 		1.2803
v 1.2025 		-1.6201 		1.2886
v 1.1692 		-1.8111 		1.2933
v 1.1775 		-1.2882 		1.2405
v 2.2869 		-2.1023 		1.3297
v 2.0366 		-2.3833 		1.3297
v 1.8374 		-2.6864 		1.3297
v 1.1378 		-1.9889 		1.2976
v 1.1369 		-1.9939 		1.2977
v 1.1426 		-1.9639 		1.2971
v 1.0794 		-2.451 		1.3044
v 1.0863 		-2.3833 		1.3034
v 1.1146 		-2.1056 		1.2991
v 1.0718 		-2.5187 		1.3051
v 1.0029 		-2.0606 		1.2405
v 1.6924 		-3.0063 		1.3297
v 1.6045 		-3.3377 		1.3297
v 1.5751 		-3.675 		1.3297
v 1.0441 		-2.7646 		1.3075
v 1.0318 		-2.8736 		1.3086
v 1.0226 		-3.1409 		1.3105
v 1.0189 		-3.265 		1.3114
v 1.0185 		-3.2799 		1.3115
v 1.0302 		-2.8872 		1.3087
v 1.0084 		-3.5228 		1.3118
v 1.0022 		-3.675 		1.312
v 0.8966 		-2.861 		1.2405
v 0.8609 		-3.675 		1.2405
v 3.8856 		-0.4429 		1.1011
v 2.77 		-0.5261 		1.1011
v 1.693 		-0.6632 		1.1011
v 1.1389 		-0.7656 		1.1011
v 1.1389 		-0.7656 		1.1011
v 1.2179 		-0.8249 		1.1663
v 5.0205 		-0.3288 		0.9568
v 3.8556 		-0.3576 		0.9568
v 2.7106 		-0.4429 		0.9568
v 1.6051 		-0.5835 		0.9568
v 1.0364 		-0.6887 		0.9568
v 1.0838 		-0.7244 		1.0237
v 1.0925 		-0.7308 		1.0358
v 1.0178 		-0.6748 		0.8774
v 1.0207 		-0.677 		0.8897
v 1.0029 		-1.1795 		1.1011
v 0.8198 		-1.9873 		1.1011
v 0.7088 		-2.8238 		1.1011
v 0.6716 		-3.675 		1.1011
v 0.8966 		-1.1136 		0.9568
v 0.7088 		-1.9427 		0.9568
v 0.5951 		-2.8013 		0.9568
v 0.557 		-3.675 		0.9568
v 2.9279 		-6.6029 		1.2991
v 3.8062 		-6.6558 		1.3076
v 3.4778 		-6.635 		1.3051
v 3.952 		-6.665 		1.3086
v 3.3886 		-6.6293 		1.3044
v 3.2978 		-6.6241 		1.3034
v 1.3592 		-6.4204 		1.2689
v 1.3577 		-6.4202 		1.2689
v 1.6497 		-6.4638 		1.2751
v 1.3077 		-6.4577 		1.2405
v 1.3076 		-6.4578 		1.2404
v 1.8377 		-6.5557 		1.2404
v 1.7637 		-6.4809 		1.2775
v 1.8981 		-6.5011 		1.2804
v 2.5345 		-6.5619 		1.2934
v 2.28 		-6.5369 		1.2886
v 2.1089 		-6.5201 		1.2854
v 1.2324 		-6.5142 		1.1783
v 1.6045 		-4.0123 		1.3297
v 1.6924 		-4.3437 		1.3297
v 1.0122 		-3.9187 		1.3117
v 1.0184 		-4.0701 		1.3115
v 1.0176 		-4.0509 		1.3115
v 1.0266 		-4.3448 		1.3095
v 1.0302 		-4.4628 		1.3087
v 1.0318 		-4.4764 		1.3086
v 0.8966 		-4.4891 		1.2405
v 1.8374 		-4.6637 		1.3297
v 2.0366 		-4.9667 		1.3297
v 2.2869 		-5.2478 		1.3297
v 1.0795 		-4.899 		1.3044
v 1.0695 		-4.8106 		1.3053
v 1.0768 		-4.8754 		1.3046
v 1.1146 		-5.2444 		1.2991
v 1.1355 		-5.3492 		1.2978
v 1.1369 		-5.3561 		1.2977
v 1.1425 		-5.3861 		1.2971
v 1.0029 		-5.2894 		1.2405
v 9.0381 		-5.2894 		0.3795
v 9.0381 		-6.1705 		0.5188
v 7.761 		-6.353 		0.3228
v 8.2036 		-6.0618 		0.3228
v 8.8161 		-5.8589 		0.3346
v 8.7908 		-6.0167 		0.3397
v 8.7497 		-6.1711 		0.344
v 8.5919 		-5.7299 		0.3228
v 8.8357 		-5.7461 		0.3318
v 8.8635 		-6.0618 		0.3795
v 6.1554 		-6.9071 		0.5189
v 7.271 		-6.8239 		0.5189
v 6.1062 		-6.7665 		0.3796
v 7.1732 		-6.6869 		0.3796
v 5.224 		-6.6823 		0.3081
v 5.5472 		-6.6749 		0.3085
v 5.568 		-6.6745 		0.3086
v 5.7331 		-6.6718 		0.3095
v 6.0709 		-6.6662 		0.3113
v 6.5632 		-6.635 		0.3149
v 6.6524 		-6.6293 		0.3155
v 6.7432 		-6.6241 		0.3166
v 7.1131 		-6.6029 		0.3209
v 6.089 		-6.665 		0.3113
v 6.2348 		-6.6558 		0.3124
v 7.2619 		-6.5862 		0.3223
v 7.269 		-6.5854 		0.3224
v 7.3048 		-6.5817 		0.3228
v 7.0385 		-4.5487 		0.2666
v 7.1735 		-4.3437 		0.2666
v 7.2713 		-4.1273 		0.2666
v 7.3307 		-3.9032 		0.2666
v 7.3508 		-3.675 		0.2666
v 6.0383 		-4.1156 		0.2523
v 6.1062 		-4.0123 		0.2523
v 6.1557 		-3.9032 		0.2523
v 6.1857 		-3.79 		0.2523
v 6.1956 		-3.675 		0.2523
v 5.1738 		-4.5487 		0.2523
v 5.3248 		-4.5262 		0.2523
v 5.4703 		-4.4891 		0.2523
v 5.608 		-4.4382 		0.2523
v 5.7359 		-4.3741 		0.2523
v 4.0882 		-3.1386 		0.2523
v 4.0027 		-3.2345 		0.2523
v 3.9348 		-3.3377 		0.2523
v 3.8853 		-3.4469 		0.2523
v 3.8553 		-3.56 		0.2523
v 3.0025 		-2.8013 		0.2666
v 2.8675 		-3.0063 		0.2666
v 2.7697 		-3.2228 		0.2666
v 2.7103 		-3.4469 		0.2666
v 1.693 		-0.6632 		0.5189
v 1.1389 		-0.7656 		0.5189
v 1.8377 		-0.7943 		0.3796
v 1.1389 		-0.7656 		0.5188
v 1.2324 		-0.8358 		0.4417
v 1.2182 		-0.8251 		0.4534
v 1.3076 		-0.8922 		0.3796
v 1.8981 		-0.8489 		0.3396
v 2.5345 		-0.7881 		0.3266
v 2.28 		-0.8131 		0.3314
v 2.1089 		-0.8299 		0.3346
v 1.7637 		-0.8691 		0.3425
v 1.6497 		-0.8862 		0.3449
v 1.3592 		-0.9296 		0.3511
v 1.3577 		-0.9298 		0.3511
v 1.3077 		-0.8923 		0.3795
v 1.0029 		-1.1795 		0.5188
v 2.28 		-0.9971 		0.3228
v 1.8374 		-1.2882 		0.3228
v 1.2249 		-1.4911 		0.3346
v 1.2502 		-1.3333 		0.3397
v 1.2913 		-1.1789 		0.344
v 1.4491 		-1.6201 		0.3228
v 1.2053 		-1.6039 		0.3318
v 1.1775 		-1.2882 		0.3795
v 0.8198 		-1.9873 		0.5188
v 0.7088 		-2.8238 		0.5188
v 1.1425 		-1.9639 		0.3228
v 2.2869 		-2.1023 		0.2903
v 2.0366 		-2.3833 		0.2903
v 1.1369 		-1.9939 		0.3223
v 1.8374 		-2.6864 		0.2903
v 1.1355 		-2.0008 		0.3222
v 6.1854 		-0.3576 		0.9568
v 9.0204 		-0.677 		0.89
v 9.0233 		-0.6749 		0.8777
v 9.3322 		-2.8238 		1.1011
v 9.3694 		-3.675 		1.1011
v 9.2212 		-1.9873 		1.1011
v 9.0381 		-1.1795 		1.1011
v 9.4459 		-2.8013 		0.9568
v 9.484 		-3.675 		0.9568
v 9.3322 		-1.9427 		0.9568
v 9.1444 		-1.1136 		0.9568
v 8.2033 		-6.5557 		1.2404
v 8.3486 		-4.3437 		1.3297
v 8.4365 		-4.0123 		1.3297
v 8.9969 		-4.5854 		1.3075
v 9.0092 		-4.4764 		1.3086
v 9.3322 		-4.5262 		1.1011
v 9.1444 		-6.2364 		0.9568
v 9.3322 		-5.4073 		0.9568
v 9.4459 		-4.5487 		0.9568
v 9.0392 		-0.663 		0.81
v 8.4656 		-0.557 		0.81
v 7.3505 		-0.415 		0.81
v 6.1956 		-0.3288 		0.81
v 5.0205 		-0.3 		0.81
v 8.4359 		-0.5835 		0.6632
v 7.3304 		-0.4429 		0.6632
v 6.1854 		-0.3576 		0.6632
v 5.0205 		-0.3288 		0.6632
v 8.9485 		-0.7308 		0.5842
v 5.8514 		-4.298 		0.2523
v 5.9528 		-4.2114 		0.2523
v 7.4568 		-5.5018 		0.2903
v 6.4392 		-5.0612 		0.2666
v 6.6682 		-4.9105 		0.2666
v 6.8692 		-4.7388 		0.2666
v 5.3248 		-5.4073 		0.2666
v 5.6236 		-5.3627 		0.2666
v 5.9123 		-5.2894 		0.2666
v 6.1857 		-5.1881 		0.2666
v 5.4703 		-6.2364 		0.2903
v 5.9123 		-6.1705 		0.2903
v 6.339 		-6.0618 		0.2903
v 6.7432 		-5.9124 		0.2903
v 7.118 		-5.7248 		0.2903
v 1.0795 		-2.451 		0.3156
v 1.1146 		-2.1056 		0.3209
v 1.0695 		-2.5394 		0.3147
v 1.0768 		-2.4746 		0.3153
v 1.0029 		-2.0606 		0.3795
v 1.0318 		-2.8736 		0.3114
v 1.6924 		-3.0063 		0.2903
v 1.6045 		-3.3377 		0.2903
v 1.0266 		-3.0052 		0.3105
v 1.0302 		-2.8872 		0.3113
v 1.0184 		-3.2799 		0.3085
v 1.0122 		-3.4313 		0.3083
v 1.0176 		-3.2991 		0.3085
v 0.8966 		-2.861 		0.3795
v 1.0018 		-6.687 		0.81
v 1.5754 		-6.7931 		0.81
v 2.6905 		-6.935 		0.81
v 3.8454 		-7.0212 		0.81
v 1.6051 		-6.7665 		0.6632
v 2.7106 		-6.9071 		0.6632
v 1.0925 		-6.6192 		0.5842
v 1.4491 		-5.7299 		1.2971
v 1.8374 		-6.0618 		1.2971
v 2.28 		-6.353 		1.2971
v 1.2053 		-5.7461 		1.2882
v 1.2249 		-5.8589 		1.2853
v 1.2913 		-6.1711 		1.2759
v 1.2502 		-6.0167 		1.2803
v 1.1775 		-6.0618 		1.2405
v 1.693 		-6.6869 		1.1011
v 1.2182 		-6.5249 		1.1666
v 1.1389 		-6.5844 		1.1011
v 1.1389 		-6.5844 		1.1011
v 2.77 		-6.8239 		1.1011
v 3.8856 		-6.9071 		1.1011
v 6.6682 		-2.4395 		0.2666
v 6.4392 		-2.2888 		0.2666
v 6.1857 		-2.1619 		0.2666
v 5.9123 		-2.0606 		0.2666
v 5.6236 		-1.9873 		0.2666
v 1.6051 		-6.7665 		0.9568
v 1.0928 		-6.6191 		1.0361
v 1.0842 		-6.6256 		1.024
v 1.0364 		-6.6613 		0.9568
v 5.3248 		-1.9427 		0.2666
v 2.7106 		-6.9071 		0.9568
v 3.8556 		-6.9924 		0.9568
v 1.0206 		-6.673 		0.89
v 1.0177 		-6.6751 		0.8777
v 7.3307 		-3.4469 		0.2666
v 7.2713 		-3.2228 		0.2666
v 0.7088 		-4.5262 		1.1011
v 0.8198 		-5.3627 		1.1011
v 1.0029 		-6.1705 		1.1011
v 0.5951 		-4.5487 		0.9568
v 0.7088 		-5.4073 		0.9568
v 0.8966 		-6.2364 		0.9568
v 3.8454 		-0.3288 		0.81
v 2.6905 		-0.415 		0.81
v 1.5754 		-0.557 		0.81
v 1.0018 		-0.663 		0.81
v 3.8556 		-0.3576 		0.6632
v 2.7106 		-0.4429 		0.6632
v 1.6051 		-0.5835 		0.6632
v 1.0364 		-0.6887 		0.6632
v 7.1735 		-3.0063 		0.2666
v 7.0385 		-2.8013 		0.2666
v 5.9528 		-3.1386 		0.2523
v 5.8514 		-3.052 		0.2523
v 5.7359 		-2.9759 		0.2523
v 5.608 		-2.9118 		0.2523
v 5.4703 		-2.861 		0.2523
v 5.3248 		-2.8238 		0.2523
v 5.1738 		-2.8013 		0.2523
v 6.1857 		-3.56 		0.2523
v 6.1557 		-3.4469 		0.2523
v 6.1062 		-3.3377 		0.2523
v 6.0383 		-3.2345 		0.2523
v 6.1956 		-7.0212 		0.81
# 922 vertices

g group_3_-1719284250

usemtl color_-1719284250
s 0

f 2770 	2771 	3664
f 2769 	2773 	2770
f 2773 	2769 	2774
f 2773 	2775 	2770
f 2770 	2775 	2771
f 2775 	2776 	2771
f 2771 	2776 	2772
f 2776 	2777 	2778
f 2776 	2778 	2772
f 2772 	2778 	2779
f 2851 	2775 	2773
f 2775 	2851 	2876
f 2775 	2876 	2776
f 2776 	2780 	2777
f 2767 	2782 	2783
f 2782 	2785 	2786
f 2782 	2786 	2783
f 2767 	2783 	2768
f 2781 	2785 	2782
f 2785 	2781 	2784
f 2785 	2796 	2786
f 2794 	2799 	2785
f 2789 	2784 	2788
f 2788 	2784 	2790
f 2787 	2784 	2789
f 2784 	2787 	2791
f 2784 	2791 	2792
f 2794 	2785 	2793
f 2795 	2785 	2792
f 2793 	2785 	2795
f 2784 	2792 	2785
f 2797 	2786 	2796
f 2798 	2786 	2797
f 2799 	2800 	2785
f 2796 	2785 	2800
f 2801 	2802 	2806
f 2806 	2803 	2801
f 2806 	2804 	2803
f 2806 	2805 	2804
f 2806 	2807 	2805
f 2806 	2809 	2808
f 2823 	2813 	2814
f 2806 	2814 	2813
f 2808 	2807 	2806
f 2806 	2810 	2809
f 2810 	2806 	2811
f 2812 	2811 	2806
f 2813 	2812 	2806
f 2816 	2815 	2801
f 2815 	2802 	2801
f 2801 	2803 	2816
f 2817 	2816 	2803
f 2803 	2804 	2817
f 2818 	2817 	2804
f 2819 	2818 	2805
f 2804 	2805 	2818
f 2805 	2807 	2819
f 2821 	2812 	2822
f 2820 	2810 	2811
f 2811 	2821 	2820
f 2812 	2821 	2811
f 2822 	2813 	2823
f 2822 	2812 	2813
f 2814 	2824 	2823
f 2827 	2828 	2825
f 2828 	2810 	2820
f 2809 	2810 	2828
f 2819 	2807 	2826
f 2826 	2808 	2827
f 2807 	2808 	2826
f 2808 	2809 	2827
f 2827 	2809 	2828
f 2831 	2789 	2830
f 2830 	2821 	2831
f 2832 	2823 	2833
f 2828 	2829 	2825
f 2828 	2820 	2829
f 2829 	2820 	2830
f 2821 	2830 	2820
f 2831 	2821 	2822
f 2822 	2832 	2831
f 2823 	2832 	2822
f 2834 	2833 	2824
f 2833 	2823 	2824
f 2830 	2788 	2790
f 2885 	2830 	2790
f 2788 	2830 	2789
f 2791 	2787 	2831
f 2789 	2831 	2787
f 2795 	2832 	2793
f 2832 	2795 	2831
f 2795 	2792 	2831
f 2791 	2831 	2792
f 2833 	2799 	2832
f 2799 	2794 	2832
f 2793 	2832 	2794
f 2799 	2833 	2800
f 2834 	2797 	2833
f 2797 	2796 	2833
f 2800 	2833 	2796
f 2797 	2834 	2798
f 2835 	2837 	2836
f 3630 	2876 	2835
f 2839 	2841 	2838
f 2840 	2838 	2841
f 2839 	2842 	2841
f 2839 	2838 	2886
f 2841 	2836 	2840
f 2837 	2840 	2836
f 2836 	2784 	2781
f 2836 	2841 	2784
f 2842 	2844 	2845
f 2842 	2845 	2846
f 2843 	2841 	2846
f 2842 	2846 	2841
f 2841 	2843 	2847
f 2841 	2847 	2848
f 2790 	2784 	2848
f 2841 	2848 	2784
f 2850 	2774 	2849
f 2774 	2850 	2773
f 2850 	2851 	2773
f 2850 	2849 	2864
f 2875 	2850 	2864
f 2850 	2875 	2851
f 2852 	2853 	2854
f 2853 	2855 	2856
f 2853 	2856 	2854
f 2860 	2857 	2859
f 2858 	2859 	2857
f 2854 	2857 	2860
f 2854 	2860 	2861
f 2854 	2861 	2852
f 2857 	2862 	2858
f 2862 	2864 	2858
f 2856 	2815 	2816
f 2856 	2816 	2854
f 2854 	2817 	2857
f 2816 	2817 	2854
f 2866 	2857 	2818
f 2818 	2857 	2817
f 2818 	2819 	2866
f 2863 	2864 	2849
f 2860 	2864 	2861
f 2853 	2852 	2863
f 2861 	2863 	2852
f 2855 	2853 	2863
f 2859 	2864 	2860
f 2863 	2861 	2864
f 2859 	2858 	2864
f 2857 	2866 	2862
f 2867 	2868 	2866
f 2868 	2862 	2866
f 2871 	2872 	2870
f 2869 	2870 	2872
f 2871 	2867 	2872
f 2866 	2872 	2867
f 2874 	2873 	2865
f 2874 	2869 	2873
f 2872 	2873 	2869
f 2873 	2827 	2825
f 2872 	2866 	2819
f 2873 	2872 	2826
f 2819 	2826 	2872
f 2826 	2827 	2873
f 2867 	2871 	2864
f 2868 	2867 	2864
f 2875 	2864 	2871
f 2870 	2875 	2871
f 2868 	2864 	2862
f 2870 	2869 	2875
f 2869 	2874 	2875
f 2865 	2875 	2874
f 2877 	2878 	2875
f 2837 	2835 	2876
f 3630 	2776 	2876
f 2886 	2876 	2851
f 2876 	2886 	2838
f 2876 	2838 	2840
f 2876 	2840 	2837
f 2865 	2879 	2877
f 2878 	2877 	2879
f 2875 	2865 	2877
f 2880 	2878 	2879
f 2881 	2882 	2883
f 2882 	2880 	2883
f 2879 	2883 	2880
f 2881 	2883 	2884
f 2883 	2845 	2884
f 2844 	2884 	2845
f 2847 	2843 	2885
f 2846 	2885 	2843
f 2883 	2885 	2846
f 2883 	2846 	2845
f 2790 	2848 	2885
f 2885 	2848 	2847
f 2879 	2865 	2873
f 2873 	2825 	2879
f 2879 	2825 	2883
f 2885 	2883 	2829
f 2825 	2829 	2883
f 2829 	2830 	2885
f 2886 	2851 	2875
f 2839 	2886 	2842
f 2884 	2844 	2842
f 2886 	2884 	2842
f 2875 	2878 	2886
f 2878 	2880 	2886
f 2882 	2886 	2880
f 2882 	2881 	2886
f 2884 	2886 	2881
f 2890 	2887 	2888
f 2889 	2890 	2888
f 2891 	2888 	2887
f 2892 	2888 	2891
f 2892 	2891 	2904
f 2893 	2887 	2890
f 2894 	2893 	2890
f 2895 	2896 	2930
f 2897 	2890 	2896
f 2930 	2896 	2890
f 2890 	2897 	2894
f 2898 	2890 	2889
f 2893 	2900 	2887
f 2893 	2894 	2900
f 2897 	2900 	2894
f 2895 	2901 	2896
f 2889 	2906 	2898
f 2888 	2906 	2889
f 2899 	2904 	2900
f 2903 	2899 	2902
f 2891 	2900 	2904
f 2904 	2899 	2905
f 2903 	2905 	2899
f 2887 	2900 	2891
f 2901 	2900 	2897
f 2897 	2896 	2901
f 2905 	2903 	2906
f 2902 	2906 	2903
f 2892 	2904 	2888
f 2906 	2888 	2904
f 2905 	2906 	2904
f 2912 	2907 	2911
f 2910 	2907 	2912
f 2914 	2907 	2913
f 2910 	2913 	2907
f 2910 	2917 	2913
f 2913 	2917 	2914
f 2915 	2908 	2914
f 2907 	2914 	2908
f 2899 	2908 	2916
f 2915 	2916 	2908
f 2915 	2917 	2916
f 2899 	2909 	2908
f 2899 	2900 	2909
f 2916 	2902 	2899
f 2911 	2928 	2912
f 2912 	2917 	2910
f 2906 	2902 	2917
f 2902 	2916 	2917
f 2917 	2915 	2914
f 2917 	3570 	3571
f 2917 	3571 	2906
f 2918 	2923 	2925
f 2918 	2925 	2920
f 2925 	2926 	2920
f 2919 	2921 	2922
f 2923 	2918 	2924
f 2924 	2918 	2922
f 2919 	2922 	2918
f 2927 	2920 	2926
f 2920 	2911 	2907
f 2927 	2911 	2920
f 2925 	2928 	2926
f 2925 	2923 	2928
f 2924 	2928 	2923
f 2928 	2924 	2929
f 2922 	2929 	2924
f 2921 	2929 	2922
f 2927 	2928 	2911
f 2917 	2912 	2928
f 2926 	2928 	2927
f 3570 	2917 	2928
f 2929 	3568 	2928
f 2931 	2932 	2930
f 2932 	2933 	2930
f 2933 	2934 	2930
f 2895 	2930 	2934
f 2937 	2936 	2939
f 2938 	2936 	2937
f 2935 	2939 	2936
f 2941 	2936 	2940
f 2938 	2940 	2936
f 2930 	2936 	2941
f 2930 	2941 	2931
f 2936 	2942 	2943
f 2936 	2943 	2944
f 2936 	2944 	2935
f 2943 	2942 	2947
f 2946 	2947 	2942
f 2945 	2946 	2942
f 3277 	2936 	2930
f 2933 	2948 	2934
f 2937 	2950 	2938
f 2944 	2943 	3244
f 2947 	3244 	2943
f 2944 	3243 	2935
f 3244 	2947 	2946
f 2901 	2895 	2934
f 2941 	2940 	2949
f 2929 	2953 	2951
f 2953 	2954 	2951
f 2952 	2951 	2954
f 2921 	2955 	2929
f 2955 	2956 	2929
f 2953 	2929 	2956
f 3310 	2957 	2958
f 2964 	2963 	2958
f 2961 	2965 	2958
f 2957 	2960 	2961
f 2957 	2961 	2958
f 2970 	2962 	2957
f 2962 	2960 	2957
f 2959 	2958 	2963
f 2964 	2958 	2965
f 2959 	2963 	2966
f 2964 	2951 	2963
f 2965 	2961 	2967
f 2960 	2967 	2961
f 2962 	2967 	2960
f 2951 	2964 	2967
f 2966 	2963 	2951
f 2965 	2967 	2964
f 2968 	2982 	2969
f 2980 	2983 	2968
f 2972 	2973 	2971
f 2969 	2971 	2973
f 2969 	2973 	2974
f 2970 	2969 	2975
f 2976 	2975 	2969
f 2974 	2976 	2969
f 2970 	2975 	2977
f 2978 	2970 	2977
f 2962 	2970 	2978
f 2972 	2984 	2973
f 2976 	2974 	2979
f 2973 	2979 	2974
f 2967 	2977 	2979
f 2978 	2977 	2967
f 2977 	2975 	2979
f 2976 	2979 	2975
f 2978 	2967 	2962
f 2980 	2968 	2981
f 2971 	2969 	2982
f 2968 	2983 	2982
f 2979 	2973 	2984
f 2984 	2985 	2979
f 2986 	2979 	2985
f 2991 	2988 	2990
f 2989 	2990 	2988
f 2987 	2989 	2988
f 2993 	2994 	2992
f 2991 	2992 	2994
f 2994 	2988 	2991
f 2987 	2988 	2997
f 2996 	2997 	2988
f 2995 	2996 	2988
f 2995 	2988 	2998
f 2995 	2998 	3000
f 2999 	3000 	2998
f 3003 	2998 	3002
f 3001 	2998 	3003
f 2999 	2998 	3001
f 2981 	3002 	2998
f 3005 	3577 	3006
f 3006 	3577 	3578
f 3006 	3578 	3007
f 3007 	3578 	2919
f 3007 	2919 	3008
f 3289 	3009 	3288
f 3010 	3011 	3009
f 3011 	3012 	3009
f 3012 	3013 	3009
f 3013 	3014 	3009
f 3011 	3010 	3005
f 3011 	3005 	3006
f 3011 	3006 	3012
f 3012 	3006 	3007
f 3012 	3007 	3013
f 3016 	2994 	3020
f 3019 	3020 	2994
f 2993 	3019 	2994
f 3022 	3023 	3009
f 3023 	3024 	3009
f 3024 	3025 	3009
f 3025 	3026 	3009
f 3026 	3027 	3009
f 3027 	3028 	3009
f 3029 	3009 	3028
f 3030 	3009 	3029
f 3031 	3009 	3030
f 3032 	3009 	3031
f 3033 	3009 	3032
f 3009 	3033 	3034
f 3051 	3031 	3030
f 3032 	3057 	3033
f 3033 	3058 	3034
f 3033 	3057 	3058
f 3036 	3022 	3035
f 3022 	3036 	3023
f 3023 	3037 	3024
f 3036 	3037 	3023
f 3024 	3038 	3025
f 3037 	3038 	3024
f 3038 	3039 	3025
f 3025 	3039 	3026
f 3470 	3039 	3038
f 3040 	3059 	3042
f 3470 	3471 	3039
f 2945 	2942 	3043
f 3041 	3043 	2942
f 3041 	2942 	3042
f 3042 	3044 	3045
f 3042 	3045 	3046
f 3042 	3046 	3047
f 3042 	3047 	3048
f 3049 	3030 	3029
f 3045 	3044 	3052
f 3050 	3052 	3044
f 3051 	3030 	3049
f 3375 	3376 	3044
f 3044 	3054 	3055
f 3044 	3055 	3053
f 3044 	3053 	3050
f 3031 	3051 	3056
f 3053 	3066 	3050
f 3031 	3056 	3032
f 3032 	3056 	3057
f 2942 	3419 	3042
f 3075 	3056 	3051
f 3046 	3045 	3066
f 3052 	3066 	3045
f 3052 	3050 	3066
f 3060 	3027 	3026
f 3039 	3060 	3026
f 3027 	3060 	3062
f 3063 	3043 	3061
f 3027 	3062 	3028
f 3043 	3041 	3061
f 3028 	3065 	3029
f 3059 	3040 	3061
f 3047 	3064 	3048
f 3048 	3064 	3040
f 3028 	3062 	3065
f 3065 	3049 	3029
f 3061 	3040 	3064
f 3471 	3060 	3039
f 3060 	3068 	3062
f 3471 	3068 	3060
f 3062 	3068 	3070
f 3067 	3385 	3069
f 3063 	2945 	3043
f 3065 	3071 	3049
f 3059 	3061 	3041
f 3046 	3066 	3064
f 3047 	3046 	3064
f 3070 	3065 	3062
f 3066 	3053 	3067
f 3055 	3067 	3053
f 3385 	3067 	3054
f 3055 	3054 	3067
f 3065 	3070 	3071
f 3049 	3071 	3072
f 3364 	3442 	3071
f 3072 	3051 	3049
f 3073 	3061 	3074
f 3072 	3075 	3051
f 3077 	3057 	3056
f 3074 	3076 	3292
f 3056 	3075 	3077
f 3057 	3077 	3079
f 3076 	3078 	3293
f 3066 	3067 	3078
f 3061 	3073 	3063
f 3061 	3064 	3074
f 3074 	3064 	3076
f 3064 	3066 	3076
f 3076 	3066 	3078
f 3087 	2768 	3088
f 3084 	3090 	3085
f 3084 	3089 	3090
f 3091 	3092 	3090
f 3085 	3090 	3092
f 3085 	3092 	3093
f 3085 	3093 	3086
f 2768 	3490 	3088
f 3089 	3491 	3104
f 3089 	3104 	3090
f 3090 	3094 	3095
f 3090 	3095 	3091
f 3090 	3104 	3094
f 3086 	3093 	3096
f 3096 	3100 	3101
f 3101 	3097 	3096
f 3100 	3096 	3093
f 3093 	3092 	3100
f 3091 	3100 	3092
f 3102 	3098 	3097
f 3097 	3101 	3102
f 3098 	3102 	3103
f 3098 	3103 	3099
f 3095 	3094 	3481
f 3481 	3100 	3095
f 3100 	3091 	3095
f 3100 	3120 	3101
f 3105 	3094 	3104
f 3104 	3107 	3105
f 3104 	3108 	3109
f 3109 	3107 	3104
f 3104 	3106 	3108
f 3110 	3108 	3106
f 3111 	3106 	3114
f 3113 	3114 	3106
f 3106 	3111 	3115
f 3106 	3115 	3116
f 3117 	3119 	3116
f 3118 	3119 	3117
f 3106 	3116 	3119
f 3106 	3119 	3110
f 3121 	3102 	3101
f 3101 	3120 	3121
f 3102 	3122 	3103
f 3121 	3122 	3102
f 3123 	3124 	3126
f 3125 	3126 	3124
f 3125 	3124 	3127
f 3128 	3125 	3127
f 3128 	3127 	3130
f 3129 	3130 	3127
f 3129 	3127 	3131
f 3130 	3133 	3128
f 3132 	3129 	3131
f 3120 	3133 	3121
f 3121 	3134 	3122
f 3134 	3121 	3133
f 3126 	3133 	3123
f 3133 	3130 	3134
f 3129 	3134 	3130
f 3132 	3134 	3129
f 3133 	3126 	3125
f 3133 	3125 	3128
f 3138 	3135 	3137
f 3139 	3138 	3137
f 3139 	3137 	3140
f 3137 	3136 	3508
f 3139 	3480 	3138
f 3139 	3140 	3142
f 3141 	3142 	3140
f 3123 	3143 	3124
f 3141 	3140 	3144
f 3143 	3144 	3140
f 3143 	3140 	3124
f 3146 	3080 	3145
f 3145 	3148 	3146
f 3080 	3150 	3082
f 3146 	3150 	3080
f 3152 	3083 	3082
f 3150 	3152 	3082
f 3152 	2774 	3083
f 3147 	3153 	3154
f 3083 	2774 	2769
f 3155 	3156 	3548
f 3153 	3220 	3154
f 3548 	3146 	3155
f 3147 	3154 	3149
f 3149 	3154 	3157
f 3150 	3558 	3152
f 3149 	3157 	3151
f 3158 	3159 	3157
f 3151 	3157 	3159
f 3151 	3159 	3162
f 3151 	3162 	3585
f 3153 	3219 	3220
f 3164 	3160 	3161
f 3161 	3165 	3164
f 3164 	3166 	3160
f 3165 	3174 	3164
f 3164 	3184 	3166
f 3157 	3167 	3158
f 3160 	3166 	3163
f 3168 	3170 	3169
f 3166 	3534 	3163
f 3163 	3534 	3532
f 3165 	3171 	3172
f 3165 	3172 	3173
f 3165 	3173 	3174
f 3176 	3178 	3175
f 3177 	3175 	3178
f 3176 	3179 	3178
f 3180 	3164 	3174
f 3181 	3164 	3180
f 3197 	3216 	3175
f 3164 	3182 	3183
f 3164 	3183 	3184
f 3185 	3166 	3184
f 3187 	3164 	3186
f 3182 	3164 	3187
f 3181 	3186 	3164
f 3540 	3541 	3166
f 3189 	3190 	3166
f 3540 	3166 	3190
f 3188 	3189 	3166
f 3185 	3188 	3166
f 3178 	3169 	3177
f 3170 	3177 	3169
f 3173 	3172 	3198
f 3198 	3172 	3199
f 3171 	3199 	3172
f 3198 	3180 	3174
f 3198 	3174 	3173
f 3187 	3201 	3182
f 3179 	3192 	3193
f 3179 	3193 	3194
f 3191 	3178 	3194
f 3179 	3194 	3178
f 3196 	3178 	3195
f 3191 	3195 	3178
f 3184 	3205 	3185
f 3184 	3183 	3205
f 3154 	3197 	3157
f 3170 	3168 	3197
f 3168 	3594 	3197
f 3181 	3200 	3186
f 3180 	3200 	3181
f 3198 	3200 	3180
f 3186 	3200 	3187
f 3201 	3187 	3200
f 3197 	3175 	3177
f 3197 	3177 	3170
f 3183 	3182 	3201
f 3203 	3202 	3204
f 3188 	3185 	3205
f 3183 	3201 	3205
f 3207 	3203 	3204
f 3205 	3206 	3188
f 3189 	3188 	3206
f 3204 	3210 	3207
f 3209 	3207 	3210
f 3208 	3209 	3210
f 3206 	3223 	3221
f 3214 	3198 	3199
f 3208 	3216 	3209
f 3215 	3200 	3198
f 3214 	3215 	3198
f 3208 	3210 	3211
f 3210 	3193 	3211
f 3192 	3211 	3193
f 3201 	3200 	3217
f 3195 	3191 	3212
f 3194 	3212 	3191
f 3212 	3194 	3210
f 3193 	3210 	3194
f 3212 	3196 	3195
f 3222 	3206 	3205
f 3214 	3199 	3213
f 3200 	3215 	3217
f 3201 	3217 	3218
f 3179 	3176 	3216
f 3176 	3175 	3216
f 3216 	3211 	3179
f 3216 	3207 	3209
f 3236 	3235 	3213
f 3215 	3214 	3237
f 3203 	3216 	3240
f 3207 	3216 	3203
f 3216 	3208 	3211
f 3192 	3179 	3211
f 3219 	3103 	3122
f 3218 	3217 	3239
f 3103 	3219 	3153
f 3197 	3154 	3220
f 3218 	3205 	3201
f 3218 	3222 	3205
f 3206 	3222 	3223
f 3220 	3216 	3197
f 3202 	3224 	3204
f 3227 	3228 	3226
f 3223 	3225 	3221
f 3231 	3232 	3230
f 3229 	3230 	3232
f 3226 	3232 	3227
f 3231 	3227 	3232
f 3204 	3224 	3233
f 3234 	3233 	3224
f 3218 	3241 	3222
f 3234 	3229 	3233
f 3232 	3233 	3229
f 3235 	3214 	3213
f 3235 	3237 	3214
f 3215 	3237 	3238
f 3217 	3215 	3238
f 3217 	3238 	3239
f 3219 	3240 	3220
f 3239 	3241 	3218
f 3220 	3240 	3216
f 3242 	3223 	3222
f 3227 	3231 	3312
f 3228 	3227 	3312
f 3240 	3312 	3231
f 3230 	3240 	3231
f 3222 	3241 	3242
f 3244 	3063 	3252
f 2949 	2948 	2932
f 2933 	2932 	2948
f 2901 	2934 	2948
f 2950 	2949 	2940
f 2941 	2949 	2931
f 2932 	2931 	2949
f 2940 	2938 	2950
f 2939 	3243 	2937
f 2950 	2937 	3243
f 2944 	3244 	3243
f 2939 	2935 	3243
f 3244 	2946 	3063
f 2945 	3063 	2946
f 3245 	3248 	3246
f 2909 	3248 	3245
f 3248 	2948 	3246
f 3246 	2948 	3247
f 3247 	2949 	3249
f 2948 	2949 	3247
f 3248 	2909 	2900
f 3248 	2900 	2901
f 3248 	2901 	2948
f 3258 	3246 	3247
f 3247 	3249 	3259
f 3250 	3243 	3251
f 2950 	3243 	3250
f 3251 	3252 	3262
f 3252 	3073 	3263
f 2949 	2950 	3249
f 3249 	2950 	3250
f 3244 	3252 	3251
f 3244 	3251 	3243
f 3252 	3063 	3073
f 3014 	3008 	3253
f 3266 	3254 	3255
f 3255 	2908 	3256
f 3268 	3245 	3257
f 3256 	3245 	3268
f 3245 	3246 	3257
f 3257 	3246 	3258
f 3008 	2918 	3253
f 3008 	2919 	2918
f 3253 	2918 	2920
f 3253 	2920 	3254
f 3254 	2920 	2907
f 3254 	2907 	3255
f 3255 	2907 	2908
f 2908 	2909 	3256
f 3256 	2909 	3245
f 3258 	3247 	3259
f 3259 	3249 	3260
f 3260 	3250 	3261
f 3249 	3250 	3260
f 3250 	3251 	3261
f 3261 	3251 	3262
f 3262 	3252 	3263
f 3263 	3073 	3264
f 3014 	3265 	3009
f 3265 	3266 	3009
f 3266 	3267 	3009
f 3267 	3268 	3009
f 3257 	3009 	3268
f 3258 	3009 	3257
f 3259 	3009 	3258
f 3260 	3009 	3259
f 3261 	3009 	3260
f 3262 	3009 	3261
f 3263 	3009 	3262
f 3264 	3009 	3263
f 3253 	3265 	3014
f 3265 	3254 	3266
f 3265 	3253 	3254
f 3255 	3267 	3266
f 3267 	3255 	3256
f 3267 	3256 	3268
f 2898 	3269 	2890
f 3273 	3269 	3272
f 3271 	3272 	3269
f 2898 	3271 	3269
f 3269 	3274 	2890
f 3273 	3281 	3269
f 2930 	2890 	3274
f 3274 	3277 	2930
f 3078 	3067 	3081
f 3067 	3069 	3081
f 2936 	3278 	2942
f 3270 	3081 	3069
f 3277 	3278 	2936
f 3280 	3269 	3281
f 3270 	3279 	3275
f 3270 	3069 	3279
f 3279 	3395 	3275
f 3283 	3280 	3282
f 3280 	3281 	3282
f 3280 	3284 	3269
f 3013 	3008 	3014
f 3013 	3007 	3008
f 3285 	3009 	3034
f 3285 	3286 	3009
f 3276 	3396 	3371
f 3286 	3287 	3009
f 3287 	3288 	3009
f 3289 	3290 	3009
f 3290 	3291 	3009
f 3291 	3010 	3009
f 3279 	3387 	3395
f 3285 	3314 	3286
f 3264 	3073 	3074
f 3264 	3074 	3292
f 3240 	3230 	3229
f 3240 	3229 	3234
f 3240 	3234 	3224
f 3240 	3224 	3202
f 3202 	3203 	3240
f 3290 	3310 	3291
f 3299 	3300 	3301
f 3131 	3300 	3132
f 3291 	3004 	3010
f 3300 	3131 	3301
f 3004 	3005 	3010
f 3303 	3305 	3302
f 3306 	3302 	3305
f 3299 	3301 	3307
f 3306 	3307 	3301
f 3302 	3306 	3301
f 3304 	3311 	3308
f 3226 	3309 	3302
f 3303 	3302 	3309
f 3310 	3290 	3308
f 3310 	3004 	3291
f 3309 	3312 	3303
f 3228 	3309 	3226
f 3131 	3659 	3301
f 3301 	3660 	3302
f 3308 	3311 	2957
f 3311 	2970 	2957
f 3308 	2957 	3310
f 3312 	3122 	3134
f 3310 	2958 	3004
f 2958 	2959 	3004
f 3122 	3312 	3219
f 3240 	3219 	3312
f 2970 	3311 	2969
f 3134 	3307 	3312
f 3313 	3034 	3058
f 3034 	3313 	3285
f 3134 	3132 	3300
f 3134 	3300 	3299
f 3299 	3307 	3134
f 3314 	3285 	3313
f 3305 	3312 	3306
f 3307 	3306 	3312
f 3315 	3287 	3286
f 3303 	3312 	3305
f 3228 	3312 	3309
f 3286 	3314 	3315
f 3287 	3315 	3317
f 3317 	3288 	3287
f 3289 	3288 	3304
f 3317 	3304 	3288
f 3289 	3304 	3308
f 3290 	3289 	3308
f 3316 	3169 	3319
f 3058 	3322 	3313
f 3178 	3319 	3169
f 3316 	3320 	3318
f 3319 	3320 	3316
f 3334 	3315 	3314
f 3320 	3165 	3318
f 3319 	3327 	3320
f 3318 	3165 	3161
f 3317 	3338 	3304
f 3323 	3319 	3325
f 3324 	3319 	3323
f 3321 	3319 	3324
f 3178 	3196 	3319
f 3325 	3319 	3196
f 3327 	3319 	3326
f 3321 	3326 	3319
f 3058 	3079 	3322
f 3313 	3322 	3328
f 3331 	3320 	3327
f 3329 	3320 	3331
f 3330 	3320 	3329
f 3328 	3314 	3313
f 3333 	3165 	3332
f 3171 	3165 	3333
f 3320 	3332 	3165
f 3314 	3328 	3334
f 2995 	3334 	2996
f 3332 	3320 	3336
f 3335 	3336 	3320
f 3330 	3335 	3320
f 3196 	3212 	3325
f 3337 	3317 	3315
f 3212 	3340 	3325
f 3315 	3334 	3337
f 3337 	3338 	3317
f 3340 	3324 	3323
f 3326 	3321 	3341
f 3324 	3341 	3321
f 3338 	3311 	3304
f 3341 	3331 	3327
f 3341 	3327 	3326
f 3335 	3330 	3342
f 3329 	3342 	3330
f 3079 	2992 	3322
f 2992 	2991 	3322
f 3335 	3343 	3336
f 3322 	2990 	2989
f 3333 	3332 	3343
f 3336 	3343 	3332
f 3322 	2989 	3328
f 3333 	3199 	3171
f 3328 	2996 	3334
f 3328 	2997 	2996
f 3210 	3339 	3212
f 3003 	3002 	3337
f 3339 	3340 	3212
f 3337 	2968 	3338
f 3646 	3647 	3339
f 3338 	2969 	3311
f 3338 	2968 	2969
f 2992 	3079 	2993
f 3323 	3325 	3340
f 2990 	3322 	2991
f 3340 	3341 	3324
f 2989 	2987 	3328
f 2997 	3328 	2987
f 3334 	2995 	3000
f 3331 	3342 	3329
f 3334 	3000 	2999
f 3334 	2999 	3001
f 3331 	3341 	3342
f 3334 	3001 	3337
f 3003 	3337 	3001
f 3343 	3335 	3342
f 2968 	3337 	3002
f 3002 	2981 	2968
f 3345 	2994 	3344
f 3342 	3654 	3343
f 2994 	3345 	2988
f 2988 	3346 	2998
f 3199 	3333 	3343
f 2988 	3345 	3346
f 2998 	3346 	3347
f 3350 	3347 	3349
f 3348 	3349 	3347
f 3347 	3354 	3357
f 3357 	3359 	3347
f 3649 	3342 	3341
f 3352 	3344 	3351
f 3344 	3352 	3345
f 3343 	3213 	3199
f 3345 	3353 	3346
f 3345 	3352 	3353
f 3204 	3233 	3355
f 3346 	3354 	3347
f 3355 	3210 	3204
f 3353 	3354 	3346
f 3355 	3339 	3210
f 3356 	3357 	3354
f 3232 	3358 	3233
f 3348 	3347 	3359
f 3057 	3079 	3058
f 3071 	3070 	3364
f 3353 	3085 	3354
f 3072 	3071 	3446
f 3354 	3360 	3361
f 3354 	3361 	3356
f 3072 	3443 	3075
f 3086 	3360 	3085
f 3354 	3085 	3360
f 3349 	3362 	3350
f 2986 	3350 	3362
f 3349 	3348 	3362
f 2986 	3362 	2979
f 3070 	3363 	3364
f 3363 	3070 	3366
f 3076 	3293 	3292
f 3078 	3294 	3293
f 3078 	3081 	3294
f 3294 	3081 	3295
f 3295 	3270 	3296
f 3081 	3270 	3295
f 3270 	3275 	3296
f 3297 	3296 	3275
f 3276 	3298 	3297
f 3275 	3276 	3297
f 3292 	3009 	3264
f 3293 	3009 	3292
f 3294 	3009 	3293
f 3295 	3009 	3294
f 3296 	3009 	3295
f 3297 	3009 	3296
f 3298 	3009 	3297
f 3367 	3009 	3298
f 3367 	3368 	3009
f 3368 	3369 	3009
f 3369 	3370 	3009
f 3370 	3022 	3009
f 3371 	3298 	3276
f 3371 	3367 	3298
f 3372 	3368 	3367
f 3367 	3371 	3372
f 3368 	3372 	3373
f 3368 	3373 	3369
f 3373 	3374 	3369
f 3369 	3374 	3370
f 3370 	3035 	3022
f 3374 	3035 	3370
f 3406 	3373 	3372
f 3408 	3035 	3374
f 3054 	3044 	3376
f 3376 	3375 	3378
f 3377 	3378 	3375
f 3379 	3380 	3375
f 3375 	3381 	3377
f 3381 	3380 	3383
f 3382 	3383 	3380
f 3375 	3380 	3381
f 3421 	3375 	3044
f 3375 	3384 	3379
f 3378 	3385 	3376
f 3381 	3385 	3377
f 3384 	3394 	3379
f 3054 	3376 	3385
f 3386 	3279 	3069
f 3069 	3385 	3386
f 3383 	3386 	3381
f 3381 	3386 	3385
f 3378 	3377 	3385
f 3389 	3386 	3388
f 3383 	3388 	3386
f 3382 	3388 	3383
f 3388 	3382 	3380
f 3388 	3394 	3389
f 3387 	3386 	3390
f 3391 	3390 	3386
f 3389 	3391 	3386
f 3390 	3392 	3387
f 3387 	3392 	3393
f 3400 	3387 	3393
f 3394 	3388 	3380
f 3389 	3394 	3391
f 3394 	3405 	3392
f 3392 	3390 	3394
f 3394 	3390 	3391
f 3380 	3379 	3394
f 3395 	3276 	3275
f 3395 	3396 	3276
f 3402 	3401 	3396
f 3399 	3403 	3396
f 3279 	3386 	3387
f 3395 	3398 	3399
f 3396 	3395 	3399
f 3395 	3387 	3400
f 3395 	3400 	3398
f 3397 	3396 	3401
f 3402 	3396 	3403
f 3409 	3397 	3404
f 3401 	3404 	3397
f 3393 	3392 	3405
f 3403 	3399 	3405
f 3399 	3398 	3405
f 3398 	3400 	3405
f 3393 	3405 	3400
f 3404 	3401 	3417
f 3401 	3402 	3417
f 3405 	3402 	3403
f 3371 	3396 	3397
f 3371 	3397 	3372
f 3397 	3406 	3372
f 3407 	3374 	3373
f 3406 	3407 	3373
f 3407 	3408 	3374
f 3407 	3415 	3408
f 3404 	3417 	3409
f 3409 	3410 	3406
f 3409 	3406 	3397
f 3412 	3407 	3411
f 3413 	3407 	3412
f 3406 	3411 	3407
f 3411 	3406 	3414
f 3410 	3414 	3406
f 3416 	3408 	3415
f 3413 	3415 	3407
f 3417 	3414 	3410
f 3417 	3410 	3409
f 3417 	3402 	3405
f 3417 	3418 	3412
f 3417 	3412 	3411
f 3417 	3411 	3414
f 3417 	3437 	3418
f 3416 	3415 	3418
f 3415 	3413 	3418
f 3412 	3418 	3413
f 2942 	3278 	3419
f 3042 	3420 	3044
f 3419 	3420 	3042
f 3421 	3044 	3420
f 3424 	3421 	3423
f 3422 	3423 	3421
f 3421 	3424 	3375
f 3428 	3421 	3420
f 3428 	3430 	3421
f 3430 	3431 	3421
f 3424 	3384 	3375
f 3425 	3426 	3278
f 3278 	3426 	3419
f 3419 	3427 	3420
f 3426 	3427 	3419
f 3427 	3428 	3420
f 3428 	3429 	3430
f 3422 	3421 	3431
f 3427 	3669 	3428
f 3428 	3432 	3433
f 3428 	3433 	3429
f 3428 	3669 	3432
f 3384 	3424 	3434
f 3423 	3434 	3424
f 3423 	3422 	3434
f 3384 	3434 	3394
f 3394 	3435 	3405
f 3434 	3435 	3394
f 3435 	3436 	3405
f 3435 	3440 	3436
f 3436 	3417 	3405
f 3436 	3437 	3417
f 3436 	3441 	3437
f 3431 	3438 	3434
f 3431 	3434 	3422
f 3431 	3430 	3438
f 3429 	3438 	3430
f 3438 	3439 	3434
f 3434 	3439 	3435
f 3439 	3440 	3435
f 3440 	3441 	3436
f 3439 	3083 	3440
f 3440 	2769 	3441
f 3083 	2769 	3440
f 3670 	3080 	3432
f 3433 	3438 	3429
f 3438 	3082 	3439
f 3082 	3083 	3439
f 3456 	3021 	3366
f 3363 	3366 	3021
f 3364 	3363 	3021
f 3442 	3364 	3021
f 3443 	3015 	3445
f 3444 	3015 	3443
f 3018 	3445 	3015
f 3021 	3015 	3447
f 3442 	3021 	3447
f 3446 	3447 	3015
f 3444 	3446 	3015
f 3018 	3015 	3017
f 3016 	3017 	3015
f 3016 	3015 	2994
f 3644 	3015 	3021
f 3446 	3071 	3447
f 3447 	3071 	3442
f 3446 	3444 	3072
f 3072 	3444 	3443
f 3445 	3075 	3443
f 3075 	3017 	3077
f 3017 	3016 	3077
f 3020 	3077 	3016
f 3075 	3445 	3018
f 3075 	3018 	3017
f 3077 	3019 	3079
f 2993 	3079 	3019
f 3077 	3020 	3019
f 3448 	3449 	3451
f 3450 	3448 	3451
f 3452 	3453 	3451
f 3450 	3451 	3453
f 3449 	3448 	3636
f 3450 	3453 	3454
f 3455 	3454 	3453
f 3455 	3453 	3458
f 3458 	3453 	3457
f 3021 	3457 	3453
f 3021 	3456 	3457
f 3452 	3459 	3453
f 3035 	3460 	3036
f 3408 	3460 	3035
f 3460 	3461 	3036
f 3467 	3461 	3466
f 3461 	3037 	3036
f 3460 	3465 	3461
f 3408 	3416 	3462
f 3464 	3460 	3462
f 3463 	3460 	3464
f 3408 	3462 	3460
f 3463 	3465 	3460
f 3466 	3461 	3465
f 3466 	3465 	3468
f 3465 	3463 	3468
f 3464 	3468 	3463
f 3468 	3464 	3418
f 3464 	3462 	3418
f 3416 	3418 	3462
f 3468 	3467 	3466
f 3461 	3469 	3037
f 3037 	3469 	3038
f 3470 	3038 	3469
f 3477 	3478 	3470
f 3470 	3631 	3471
f 3474 	3469 	3473
f 3472 	3469 	3474
f 3461 	3473 	3469
f 3467 	3473 	3461
f 3476 	3469 	3475
f 3472 	3475 	3469
f 3469 	3476 	3470
f 3477 	3470 	3476
f 3631 	3470 	3478
f 3477 	3479 	3478
f 3468 	3479 	3474
f 3468 	3474 	3473
f 3468 	3473 	3467
f 3475 	3472 	3479
f 3474 	3479 	3472
f 3478 	3479 	3634
f 3638 	3634 	3479
f 3479 	3477 	3476
f 3479 	3476 	3475
f 3468 	3662 	3479
f 3137 	3509 	3140
f 3133 	3120 	3480
f 3138 	3480 	3135
f 3142 	3480 	3139
f 3480 	3142 	3141
f 3480 	3141 	3144
f 3480 	3144 	3133
f 3144 	3143 	3133
f 3123 	3133 	3143
f 3481 	3094 	3105
f 3107 	3481 	3105
f 3109 	3481 	3107
f 3120 	3100 	3481
f 3481 	3480 	3120
f 3112 	3482 	3113
f 3113 	3482 	3114
f 3114 	3482 	3483
f 3115 	3111 	3483
f 3114 	3483 	3111
f 3117 	3116 	3483
f 3115 	3483 	3116
f 3486 	3487 	3485
f 3484 	3485 	3487
f 3487 	3486 	3483
f 3117 	3483 	3486
f 3117 	3486 	3118
f 3484 	3487 	3488
f 3487 	3135 	3488
f 3487 	3483 	3136
f 3487 	3136 	3137
f 3487 	3137 	3135
f 3489 	3481 	3109
f 3109 	3108 	3489
f 3110 	3489 	3108
f 3119 	3489 	3110
f 3481 	3489 	3480
f 3118 	3486 	3119
f 3489 	3119 	3486
f 3485 	3489 	3486
f 3489 	3488 	3480
f 3135 	3480 	3488
f 3489 	3485 	3484
f 3489 	3484 	3488
f 2768 	2783 	3490
f 3088 	3490 	3491
f 3490 	3493 	3491
f 3088 	3491 	3089
f 2783 	3492 	3490
f 3492 	2783 	2786
f 3493 	3490 	3492
f 3501 	3493 	3492
f 3491 	3493 	3106
f 3112 	3113 	3493
f 3106 	3493 	3113
f 3491 	3106 	3104
f 2786 	2798 	3494
f 2786 	3494 	3495
f 2786 	3495 	3496
f 3497 	3492 	3496
f 3498 	3492 	3497
f 2786 	3496 	3492
f 3492 	3499 	3500
f 3492 	3500 	3501
f 3502 	3493 	3501
f 3504 	3492 	3503
f 3492 	3498 	3503
f 3492 	3504 	3499
f 3502 	3505 	3493
f 3505 	3506 	3493
f 3506 	3507 	3493
f 3112 	3493 	3507
f 3509 	3137 	3508
f 3510 	3140 	3509
f 3508 	3514 	3509
f 3140 	3510 	3124
f 3510 	3511 	3124
f 3127 	3124 	3511
f 3127 	3512 	3131
f 3127 	3511 	3512
f 3511 	3516 	3517
f 3511 	3517 	3512
f 3514 	3508 	3513
f 3509 	3515 	3510
f 3509 	3514 	3515
f 3510 	3516 	3511
f 3510 	3515 	3516
f 2806 	3596 	3595
f 2806 	3513 	3596
f 2806 	3514 	3513
f 2806 	3515 	3514
f 2806 	3516 	3515
f 2806 	3517 	3516
f 3601 	3518 	3519
f 3518 	2806 	3519
f 3242 	3523 	3223
f 3524 	3225 	3523
f 3236 	2806 	3235
f 2806 	3237 	3235
f 2806 	3238 	3237
f 2806 	3239 	3238
f 2806 	3241 	3239
f 2806 	3242 	3241
f 2806 	3523 	3242
f 2806 	3524 	3523
f 2806 	3525 	3524
f 2806 	3526 	3525
f 2806 	3527 	3526
f 2806 	2802 	3527
f 3529 	3561 	3528
f 3523 	3225 	3223
f 3225 	3524 	3528
f 3524 	3525 	3528
f 3528 	3525 	3529
f 3530 	3529 	3526
f 3525 	3526 	3529
f 3530 	3527 	3531
f 3527 	3530 	3526
f 3527 	2802 	3531
f 3531 	2802 	2815
f 3533 	3532 	3535
f 3532 	3536 	3537
f 3537 	3535 	3532
f 3534 	3536 	3532
f 3536 	3534 	3538
f 3539 	3534 	3542
f 3542 	3534 	3541
f 3166 	3541 	3534
f 3544 	3534 	3543
f 3539 	3543 	3534
f 3550 	3543 	3539
f 3539 	3542 	3550
f 3543 	3550 	3544
f 3545 	3547 	3544
f 3546 	3547 	3545
f 3534 	3544 	3547
f 3534 	3547 	3538
f 3156 	3533 	3548
f 3535 	3548 	3533
f 3537 	3548 	3535
f 3190 	3549 	3540
f 3541 	3540 	3549
f 3541 	3549 	3542
f 3549 	3550 	3542
f 3545 	3544 	3550
f 3553 	3554 	3552
f 3551 	3552 	3554
f 3550 	3554 	3553
f 3546 	3545 	3553
f 3550 	3553 	3545
f 3554 	3559 	3555
f 3554 	3555 	3551
f 3549 	3190 	3206
f 3189 	3206 	3190
f 3206 	3221 	3549
f 3549 	3221 	3550
f 3560 	3554 	3550
f 3556 	3548 	3537
f 3537 	3536 	3556
f 3538 	3556 	3536
f 3547 	3556 	3538
f 3556 	3614 	3548
f 3546 	3553 	3547
f 3556 	3547 	3553
f 3552 	3556 	3553
f 3552 	3551 	3556
f 3555 	3556 	3551
f 3557 	3150 	3146
f 3548 	3557 	3146
f 3557 	3558 	3150
f 3152 	2849 	2774
f 3558 	2849 	3152
f 3548 	3614 	3557
f 3560 	3550 	3221
f 3561 	3554 	3560
f 3528 	3561 	3560
f 3562 	3559 	3561
f 3554 	3561 	3559
f 3561 	3563 	3564
f 3561 	3564 	3562
f 3274 	3269 	3284
f 3284 	3565 	3274
f 3284 	3588 	3565
f 3274 	3565 	3277
f 3277 	3425 	3278
f 3565 	3425 	3277
f 3585 	3586 	3567
f 3151 	3585 	3567
f 3566 	3280 	3283
f 3284 	3587 	3588
f 2929 	3569 	3568
f 3570 	2928 	3568
f 2906 	3271 	2898
f 3272 	3271 	3571
f 2906 	3571 	3271
f 3569 	3572 	3568
f 3569 	3573 	3572
f 3568 	3574 	3570
f 3568 	3572 	3574
f 3570 	3575 	3571
f 3570 	3574 	3575
f 3283 	3282 	3575
f 3571 	3575 	3282
f 3566 	3283 	3575
f 3571 	3282 	3281
f 3571 	3281 	3273
f 3571 	3273 	3272
f 3573 	3099 	3147
f 3572 	3573 	3147
f 3572 	3149 	3574
f 3572 	3147 	3149
f 3574 	3151 	3575
f 3574 	3149 	3151
f 3575 	3567 	3566
f 3151 	3567 	3575
f 2981 	2998 	3576
f 2981 	3576 	2980
f 2983 	2980 	3576
f 3576 	2984 	2982
f 2972 	2971 	2984
f 2971 	2982 	2984
f 2983 	3576 	2982
f 2985 	2984 	3576
f 3347 	3576 	2998
f 3576 	3347 	3350
f 3576 	3350 	2986
f 3576 	2986 	2985
f 2959 	3005 	3004
f 2959 	3577 	3005
f 2959 	2966 	3579
f 2966 	2951 	3579
f 3580 	3577 	3579
f 3579 	3577 	2959
f 2956 	3578 	2953
f 3577 	2954 	3578
f 2953 	3578 	2954
f 2954 	3577 	2952
f 3580 	2952 	3577
f 2921 	2919 	2955
f 3578 	2955 	2919
f 3578 	2956 	2955
f 3580 	2951 	2952
f 2951 	3580 	3579
f 2979 	3365 	2967
f 3365 	2979 	3362
f 2967 	3365 	3581
f 3365 	3584 	3581
f 2951 	2967 	3581
f 2951 	3581 	3569
f 3581 	3573 	3569
f 2951 	3569 	2929
f 3359 	3582 	3362
f 3359 	3362 	3348
f 3359 	3357 	3582
f 3356 	3582 	3357
f 3362 	3582 	3583
f 3365 	3362 	3583
f 3584 	3365 	3583
f 3583 	3098 	3584
f 3573 	3581 	3584
f 3361 	3360 	3096
f 3086 	3096 	3360
f 3096 	3582 	3361
f 3361 	3582 	3356
f 3582 	3096 	3097
f 3583 	3582 	3097
f 3098 	3583 	3097
f 3584 	3099 	3573
f 3584 	3098 	3099
f 3566 	3567 	3586
f 3585 	3162 	3586
f 3566 	3586 	3280
f 3284 	3280 	3587
f 3586 	3587 	3280
f 3588 	3589 	3565
f 3592 	3588 	3587
f 3588 	3593 	3589
f 3592 	3593 	3588
f 3565 	3589 	3425
f 3590 	3586 	3162
f 3158 	3590 	3159
f 3162 	3159 	3590
f 3590 	3591 	3586
f 3586 	3591 	3587
f 3591 	3592 	3587
f 3591 	3318 	3592
f 3168 	3169 	3594
f 3167 	3594 	3169
f 3157 	3594 	3167
f 3157 	3197 	3594
f 3169 	3590 	3167
f 3167 	3590 	3158
f 3590 	3316 	3591
f 3169 	3316 	3590
f 3316 	3318 	3591
f 3318 	3161 	3592
f 3592 	3161 	3593
f 3099 	3153 	3147
f 3099 	3103 	3153
f 3518 	2814 	2806
f 3520 	3519 	2806
f 2806 	3521 	3520
f 2806 	3522 	3521
f 3522 	2806 	3595
f 3597 	3136 	3483
f 3136 	3597 	3600
f 3600 	3597 	3599
f 3136 	3600 	3508
f 3600 	3513 	3508
f 3598 	3595 	3599
f 3599 	3595 	3596
f 3596 	3600 	3599
f 3596 	3513 	3600
f 3604 	3598 	3608
f 3601 	2824 	3518
f 3518 	2824 	2814
f 3519 	3602 	3601
f 3602 	3519 	3520
f 3602 	3520 	3603
f 3604 	3603 	3521
f 3521 	3603 	3520
f 3604 	3521 	3522
f 3604 	3522 	3598
f 3598 	3522 	3595
f 3497 	3605 	3606
f 3504 	3606 	3607
f 3602 	3603 	3606
f 3482 	3507 	3609
f 3506 	3609 	3507
f 3506 	3505 	3609
f 3608 	3609 	3505
f 3482 	3609 	3597
f 3609 	3598 	3599
f 3609 	3599 	3597
f 3482 	3597 	3483
f 2834 	2824 	3601
f 2834 	3601 	3605
f 3605 	3602 	3606
f 3605 	3601 	3602
f 3607 	3606 	3603
f 3607 	3603 	3604
f 3607 	3604 	3608
f 3609 	3608 	3598
f 3507 	3482 	3112
f 3495 	3494 	3605
f 3605 	3494 	2834
f 2798 	2834 	3494
f 3503 	3498 	3606
f 3497 	3606 	3498
f 3605 	3497 	3496
f 3495 	3605 	3496
f 3606 	3504 	3503
f 3607 	3499 	3504
f 3500 	3499 	3607
f 3505 	3502 	3608
f 3501 	3608 	3502
f 3501 	3500 	3608
f 3607 	3608 	3500
f 3048 	3040 	3042
f 3041 	3042 	3059
f 3564 	3563 	3611
f 3610 	3611 	3563
f 3563 	3612 	3613
f 3563 	3613 	3610
f 3225 	3560 	3221
f 3225 	3528 	3560
f 3614 	3623 	3557
f 3555 	3559 	3614
f 3556 	3555 	3614
f 3562 	3614 	3559
f 3564 	3614 	3562
f 3611 	3614 	3564
f 3611 	3610 	3614
f 3613 	3614 	3610
f 3614 	3613 	3623
f 3612 	3623 	3613
f 3615 	3612 	3616
f 3563 	3616 	3612
f 3616 	3617 	3618
f 3616 	3618 	3619
f 3616 	3619 	3615
f 3618 	3617 	3620
f 3617 	2856 	3621
f 3617 	3621 	3622
f 3617 	3622 	3620
f 3621 	2863 	3622
f 3622 	3623 	3620
f 2856 	2855 	3621
f 3561 	3529 	3563
f 3563 	3529 	3530
f 3530 	3616 	3563
f 3530 	3531 	3616
f 3617 	3616 	3531
f 3617 	2815 	2856
f 3531 	2815 	3617
f 3623 	3558 	3557
f 3558 	2863 	2849
f 3623 	2863 	3558
f 3612 	3615 	3623
f 3619 	3623 	3615
f 3623 	3622 	2863
f 2855 	2863 	3621
f 3619 	3618 	3623
f 3618 	3620 	3623
f 3624 	2779 	3625
f 3624 	2772 	2779
f 3627 	2768 	3087
f 3628 	3625 	2779
f 2777 	3628 	2778
f 2778 	3628 	2779
f 3625 	3628 	3629
f 3628 	2836 	2781
f 3625 	3629 	3626
f 3626 	3629 	2767
f 3628 	2781 	3629
f 3629 	2782 	2767
f 2781 	2782 	3629
f 3626 	2767 	3627
f 2768 	3627 	2767
f 2835 	2836 	3630
f 2780 	3630 	2836
f 2776 	3630 	2780
f 2777 	2780 	3628
f 2836 	3628 	2780
f 3471 	3632 	3068
f 3631 	3632 	3471
f 3068 	3632 	3633
f 3448 	3632 	3636
f 3068 	3633 	3070
f 3366 	3070 	3633
f 3635 	3631 	3634
f 3634 	3631 	3478
f 3632 	3631 	3636
f 3636 	3631 	3637
f 3635 	3637 	3631
f 3448 	3450 	3632
f 3454 	3455 	3632
f 3458 	3633 	3632
f 3637 	3635 	3638
f 3634 	3638 	3635
f 3638 	3451 	3636
f 3638 	3636 	3637
f 3479 	3663 	3638
f 3454 	3632 	3450
f 3458 	3632 	3455
f 3458 	3457 	3633
f 3456 	3366 	3633
f 3456 	3633 	3457
f 3449 	3636 	3451
f 3452 	3638 	3459
f 3451 	3638 	3452
f 3459 	3639 	3453
f 3641 	3639 	3640
f 3642 	3639 	3641
f 3459 	3640 	3639
f 3453 	3639 	3643
f 3021 	3453 	3643
f 3644 	3021 	3643
f 3015 	3344 	2994
f 3015 	3644 	3344
f 3676 	3358 	3232
f 3358 	3645 	3233
f 3355 	3233 	3645
f 3355 	3646 	3339
f 3355 	3645 	3646
f 3340 	3339 	3647
f 3679 	3646 	3645
f 3648 	3341 	3340
f 3647 	3648 	3340
f 3648 	3649 	3341
f 3642 	3651 	3639
f 3650 	3639 	3651
f 3653 	3650 	3652
f 3651 	3652 	3650
f 3649 	3654 	3342
f 3639 	3650 	3655
f 3639 	3655 	3643
f 3643 	3655 	3656
f 3655 	3627 	3656
f 3643 	3656 	3644
f 3644 	3351 	3344
f 3644 	3656 	3351
f 3624 	3625 	3658
f 3657 	3658 	3625
f 3666 	2772 	3658
f 3213 	3343 	3654
f 3678 	3679 	3645
f 3646 	3680 	3647
f 3680 	3681 	3647
f 3647 	3681 	3648
f 3649 	3648 	3682
f 3682 	3683 	3649
f 3683 	3236 	3654
f 3654 	3236 	3213
f 3131 	3512 	3659
f 3301 	3659 	3660
f 3625 	3650 	3657
f 3653 	3657 	3650
f 3650 	3626 	3655
f 3650 	3625 	3626
f 3627 	3655 	3626
f 3656 	3627 	3087
f 3656 	3087 	3351
f 3418 	3661 	3468
f 3661 	3418 	3437
f 3661 	3662 	3468
f 3663 	3479 	3662
f 3665 	3662 	3661
f 3638 	3640 	3459
f 3663 	3641 	3640
f 3663 	3640 	3638
f 3437 	3664 	3661
f 3437 	3441 	3664
f 3664 	3665 	3661
f 3662 	3666 	3663
f 3665 	3666 	3662
f 3666 	3653 	3652
f 3666 	3652 	3663
f 3663 	3652 	3651
f 3663 	3651 	3642
f 3663 	3642 	3641
f 3441 	2769 	2770
f 2770 	3664 	3441
f 3664 	2771 	3665
f 2772 	3666 	3665
f 2771 	2772 	3665
f 3666 	3658 	3657
f 3666 	3657 	3653
f 3624 	3658 	2772
f 3425 	3667 	3426
f 3667 	3425 	3589
f 3667 	3668 	3426
f 3426 	3668 	3427
f 3668 	3669 	3427
f 3668 	3673 	3669
f 3670 	3432 	3669
f 3589 	3593 	3671
f 3671 	3667 	3589
f 3667 	3672 	3668
f 3671 	3672 	3667
f 3672 	3673 	3668
f 3673 	3674 	3148
f 3673 	3148 	3669
f 3674 	3673 	3155
f 3674 	3146 	3148
f 3155 	3146 	3674
f 3669 	3148 	3145
f 3669 	3145 	3670
f 3593 	3160 	3671
f 3161 	3160 	3593
f 3160 	3163 	3671
f 3675 	3226 	3302
f 3302 	3660 	3675
f 3676 	3226 	3675
f 3676 	3232 	3226
f 3684 	3659 	3512
f 3685 	3660 	3659
f 3675 	3660 	3686
f 3645 	3358 	3678
f 3358 	3677 	3678
f 3677 	3358 	3676
f 3680 	3646 	3679
f 3648 	3681 	3682
f 3654 	3649 	3683
f 3684 	3512 	3517
f 3659 	3684 	3685
f 3685 	3686 	3660
f 3675 	3687 	3676
f 3675 	3686 	3687
f 3687 	3677 	3676
f 3517 	2806 	3684
f 2806 	3685 	3684
f 2806 	3686 	3685
f 2806 	3687 	3686
f 3687 	2806 	3677
f 2806 	3678 	3677
f 2806 	3679 	3678
f 3680 	3679 	2806
f 2806 	3681 	3680
f 2806 	3682 	3681
f 2806 	3683 	3682
f 2806 	3236 	3683
f 3351 	3688 	3352
f 3351 	3087 	3688
f 3084 	3352 	3688
f 3088 	3688 	3087
f 3688 	3089 	3084
f 3688 	3088 	3089
f 3084 	3353 	3352
f 3085 	3353 	3084
f 3671 	3163 	3672
f 3532 	3672 	3163
f 3672 	3532 	3673
f 3156 	3155 	3673
f 3673 	3532 	3156
f 3533 	3156 	3532
f 3433 	3432 	3080
f 3080 	3670 	3145
f 3433 	3080 	3438
f 3082 	3438 	3080
# 1840 faces

 #end of obj_3

