# Object Export From Tinkercad Server 2015

mtllib obj.mtl

o obj_0
v 10 		9.1889 		3.0187
v 10 		9.252 		3.014
v 10 		9.3117 		3
v 10 		9.364 		3.027
v -10 		-8.1 		3
v -10 		-8.673 		2.533
v 10 		9.577 		3.017
v -10 		-8.533 		2.657
v 10 		9.6841 		3
v 10 		-7.27 		3.014
v 10 		-7.2075 		3.0187
v -10 		-8.373 		2.766
v 10 		-7.3297 		3
v 10 		-7.383 		3.027
v -10 		-8.1973 		2.8573
v -10 		-8.1 		2
v 10 		-8.1 		3
v 10 		-8.673 		2.533
v -10 		-8.954 		2.091
v 10 		-8.533 		2.657
v 10 		-7.595 		3.017
v -10 		-8.886 		2.248
v 10 		-8.373 		2.766
v 10 		-7.7027 		3
v -10 		-8.791 		2.396
v 10 		10.668 		1.133
v 10 		10.6606 		1.0025
v 10 		10.4846 		2
v 10 		-8.1973 		2.8573
v 10 		10.655 		2.533
v 10 		10.544 		1.859
v 10 		10.514 		2.657
v 10 		10.354 		2.766
v 10 		10.612 		1.624
v 10 		10.654 		1.381
v 10 		-8.954 		2.091
v 10 		10.935 		2.091
v 10 		10.773 		1.133
v 10 		-8.886 		2.248
v 10 		10.867 		1.281
v 10 		10.935 		1.438
v 10 		10.977 		1.6
v 10 		10.991 		1.765
v 10 		10.977 		1.929
v 10 		10.867 		2.248
v 10 		-8.791 		2.396
v 10 		-8.6797 		1.0038
v 10 		-8.687 		1.133
v 10 		10.773 		2.396
v 10 		-8.563 		1.859
v 10 		-8.5029 		2
v 10 		10.1783 		2.8573
v 10 		10.09 		2.9868
v 10 		-8.631 		1.624
v 10 		-8.673 		1.381
v 10 		-8.995 		1.929
v 10 		-9.009 		1.765
v 10 		-8.995 		1.6
v 10 		-8.954 		1.438
v 10 		-8.886 		1.281
v 10 		-8.791 		1.133
v 10 		-8.1 		2
v -10 		-7.595 		3.017
v -10 		-7.7027 		3
v -10 		-7.383 		3.027
v -10 		-7.2075 		3.0187
v -10 		-7.27 		3.014
v -10 		-7.3297 		3
v 10 		10.09 		2
v 10 		10.09 		3
v -10 		9.252 		3.014
v -10 		9.1889 		3.0187
v -10 		9.3117 		3
v -10 		9.364 		3.027
v -10 		9.577 		3.017
v -10 		9.6841 		3
v -10 		10.6606 		1.0025
v -10 		10.668 		1.133
v -10 		10.544 		1.859
v -10 		10.4846 		2
v -10 		10.612 		1.624
v -10 		10.654 		1.381
v -10 		10.977 		1.929
v -10 		10.991 		1.765
v -10 		10.977 		1.6
v -10 		10.935 		1.438
v -10 		10.867 		1.281
v -10 		10.773 		1.133
v -10 		-8.687 		1.133
v -10 		-8.6797 		1.0038
v -10 		-8.5029 		2
v -10 		-8.563 		1.859
v -10 		-8.995 		1.929
v -10 		-9.009 		1.765
v -10 		-8.631 		1.624
v -10 		-8.673 		1.381
v -10 		-8.791 		1.133
v -10 		-8.886 		1.281
v -10 		-8.954 		1.438
v -10 		-8.995 		1.6
v -10 		10.354 		2.766
v -10 		10.514 		2.657
v -10 		10.655 		2.533
v -10 		10.773 		2.396
v -10 		10.867 		2.248
v -10 		10.935 		2.091
v -10 		10.09 		2.9868
v -10 		10.1783 		2.8573
v -10 		10.09 		2
v -10 		10.09 		3
# 110 vertices

g group_0_6383466

usemtl color_6383466
s 0

f 1 	2 	4
f 2 	3 	4
f 4 	3 	7
f 9 	7 	3
f 11 	14 	10
f 13 	10 	14
f 14 	21 	13
f 13 	21 	24
f 40 	41 	35
f 34 	43 	31
f 26 	38 	35
f 27 	38 	26
f 40 	35 	38
f 44 	31 	43
f 43 	34 	42
f 42 	34 	41
f 51 	36 	50
f 54 	50 	57
f 56 	57 	50
f 55 	54 	59
f 59 	60 	55
f 60 	61 	55
f 48 	55 	61
f 47 	48 	61
f 58 	59 	54
f 57 	58 	54
f 17 	29 	62
f 17 	64 	5
f 95 	54 	55
f 20 	18 	62
f 51 	62 	18
f 14 	11 	65
f 29 	23 	62
f 46 	51 	18
f 36 	51 	39
f 56 	50 	36
f 46 	39 	51
f 23 	20 	62
f 52 	69 	33
f 33 	69 	32
f 49 	30 	28
f 45 	49 	28
f 32 	69 	30
f 37 	45 	28
f 28 	31 	37
f 44 	37 	31
f 35 	41 	34
f 12 	8 	23
f 32 	101 	33
f 53 	69 	52
f 28 	30 	69
f 101 	52 	33
f 70 	9 	53
f 69 	53 	9
f 9 	3 	69
f 62 	69 	3
f 3 	13 	62
f 13 	24 	62
f 17 	62 	24
f 72 	74 	71
f 73 	71 	74
f 75 	73 	74
f 73 	75 	76
f 104 	49 	45
f 66 	67 	65
f 67 	68 	65
f 30 	49 	104
f 64 	63 	68
f 65 	68 	63
f 83 	84 	79
f 80 	106 	79
f 81 	79 	84
f 82 	81 	86
f 86 	87 	82
f 87 	88 	82
f 78 	82 	88
f 77 	78 	88
f 85 	86 	81
f 84 	85 	81
f 45 	105 	104
f 89 	90 	97
f 57 	56 	94
f 96 	99 	95
f 96 	89 	97
f 96 	97 	98
f 96 	98 	99
f 100 	95 	99
f 94 	95 	100
f 93 	92 	94
f 91 	92 	19
f 52 	101 	108
f 108 	107 	52
f 29 	15 	23
f 16 	15 	5
f 12 	16 	8
f 86 	85 	42
f 15 	16 	12
f 85 	84 	42
f 15 	29 	17
f 25 	6 	91
f 8 	16 	6
f 91 	6 	16
f 22 	25 	91
f 19 	22 	91
f 93 	19 	92
f 95 	94 	92
f 37 	106 	45
f 95 	55 	96
f 96 	55 	89
f 8 	18 	20
f 104 	80 	103
f 105 	80 	104
f 106 	80 	105
f 83 	79 	106
f 80 	109 	103
f 102 	103 	109
f 102 	109 	101
f 108 	101 	109
f 30 	104 	103
f 107 	108 	109
f 30 	103 	32
f 102 	32 	103
f 32 	102 	101
f 22 	19 	39
f 37 	44 	106
f 5 	64 	16
f 68 	16 	64
f 68 	73 	16
f 109 	16 	73
f 73 	76 	109
f 107 	109 	76
f 110 	107 	76
f 105 	45 	106
f 53 	52 	107
f 20 	23 	8
f 76 	9 	70
f 22 	39 	46
f 73 	68 	3
f 6 	18 	8
f 83 	44 	84
f 110 	76 	70
f 83 	106 	44
f 107 	70 	53
f 91 	62 	51
f 2 	1 	71
f 70 	107 	110
f 2 	71 	3
f 51 	50 	92
f 50 	54 	92
f 91 	16 	62
f 17 	5 	15
f 12 	23 	15
f 36 	39 	19
f 67 	66 	10
f 81 	35 	34
f 13 	68 	10
f 72 	1 	4
f 6 	25 	18
f 1 	72 	71
f 46 	18 	25
f 21 	63 	24
f 64 	24 	63
f 43 	84 	44
f 3 	71 	73
f 76 	7 	9
f 75 	7 	76
f 77 	88 	27
f 88 	38 	27
f 74 	4 	7
f 38 	88 	40
f 75 	74 	7
f 46 	25 	22
f 3 	68 	13
f 74 	72 	4
f 89 	55 	48
f 93 	94 	56
f 77 	27 	78
f 24 	64 	17
f 14 	65 	63
f 79 	31 	28
f 31 	79 	34
f 81 	34 	79
f 21 	14 	63
f 82 	35 	81
f 58 	100 	59
f 58 	57 	100
f 26 	35 	78
f 82 	78 	35
f 66 	65 	11
f 47 	90 	48
f 11 	10 	66
f 87 	40 	88
f 87 	86 	40
f 41 	40 	86
f 86 	42 	41
f 84 	43 	42
f 36 	19 	56
f 26 	78 	27
f 80 	79 	28
f 59 	99 	60
f 100 	99 	59
f 89 	48 	90
f 51 	92 	91
f 54 	95 	92
f 93 	56 	19
f 47 	61 	90
f 97 	90 	61
f 97 	61 	98
f 60 	98 	61
f 98 	60 	99
f 57 	94 	100
f 67 	10 	68
f 69 	109 	28
f 80 	28 	109
f 62 	16 	69
f 16 	109 	69
# 216 faces

 #end of obj_0

o obj_1
v 8.5 		6.0086 		1.1305
v 8.5 		6 		1
v 8.5 		7 		1
v 8.5 		6.0341 		1.2588
v 8.5 		6.0761 		1.3827
v 8.5 		6.134 		1.5
v 8.5 		6.2066 		1.6088
v 8.5 		6.2929 		1.7071
v 8.5 		6.3912 		1.7934
v 8.5 		6.5 		1.866
v 8.5 		6.6173 		1.9239
v 8.5 		6.7412 		1.9659
v 8.5 		6.8695 		1.9914
v 8.5 		7 		2
v 8.5 		7.1305 		1.9914
v 8.5 		7.2588 		1.9659
v 8.5 		7.3827 		1.9239
v 8.5 		7.5 		1.866
v 8.5 		7.6088 		1.7934
v 8.5 		7.7071 		1.7071
v 8.5 		7.7934 		1.6088
v 8.5 		7.866 		1.5
v 8.5 		7.9239 		1.3827
v 8.5 		7.9659 		1.2588
v 8.5 		7.9914 		1.1305
v 8.5 		8 		1
v 8.5 		7.9914 		0.8695
v 8.5 		7.9659 		0.7412
v 8.5 		7.9239 		0.6173
v 8.5 		7.866 		0.5
v 8.5 		7.7934 		0.3912
v 8.5 		7.7071 		0.2929
v 8.5 		7.6088 		0.2066
v 8.5 		7.5 		0.134
v 8.5 		7.3827 		0.0761
v 8.5 		7.2588 		0.0341
v 8.5 		7.1305 		0.0086
v 8.5 		7 		0
v 8.5 		6.8695 		0.0086
v 8.5 		6.7412 		0.0341
v 8.5 		6.6173 		0.0761
v 8.5 		6.5 		0.134
v 8.5 		6.3912 		0.2066
v 8.5 		6.2929 		0.2929
v 8.5 		6.2066 		0.3912
v 8.5 		6.134 		0.5
v 8.5 		6.0761 		0.6173
v 8.5 		6.0341 		0.7412
v 8.5 		6.0086 		0.8695
v -8.5 		6 		1
v -8.5 		6.0086 		1.1305
v -8.5 		7 		1
v -8.5 		6.0341 		1.2588
v -8.5 		6.0761 		1.3827
v -8.5 		6.134 		1.5
v -8.5 		6.2066 		1.6088
v -8.5 		6.2929 		1.7071
v -8.5 		6.3912 		1.7934
v -8.5 		6.5 		1.866
v -8.5 		6.6173 		1.9239
v -8.5 		6.7412 		1.9659
v -8.5 		6.8695 		1.9914
v -8.5 		7 		2
v -8.5 		7.1305 		1.9914
v -8.5 		7.2588 		1.9659
v -8.5 		7.3827 		1.9239
v -8.5 		7.5 		1.866
v -8.5 		7.6088 		1.7934
v -8.5 		7.7071 		1.7071
v -8.5 		7.7934 		1.6088
v -8.5 		7.866 		1.5
v -8.5 		7.9239 		1.3827
v -8.5 		7.9659 		1.2588
v -8.5 		7.9914 		1.1305
v -8.5 		8 		1
v -8.5 		7.9914 		0.8695
v -8.5 		7.9659 		0.7412
v -8.5 		7.9239 		0.6173
v -8.5 		7.866 		0.5
v -8.5 		7.7934 		0.3912
v -8.5 		7.7071 		0.2929
v -8.5 		7.6088 		0.2066
v -8.5 		7.5 		0.134
v -8.5 		7.3827 		0.0761
v -8.5 		7.2588 		0.0341
v -8.5 		7.1305 		0.0086
v -8.5 		7 		0
v -8.5 		6.8695 		0.0086
v -8.5 		6.7412 		0.0341
v -8.5 		6.6173 		0.0761
v -8.5 		6.5 		0.134
v -8.5 		6.3912 		0.2066
v -8.5 		6.2929 		0.2929
v -8.5 		6.2066 		0.3912
v -8.5 		6.134 		0.5
v -8.5 		6.0761 		0.6173
v -8.5 		6.0341 		0.7412
v -8.5 		6.0086 		0.8695
# 98 vertices

g group_1_-1711604998

usemtl color_-1711604998
s 0

f 111 	112 	113
f 114 	111 	113
f 115 	114 	113
f 116 	115 	113
f 117 	116 	113
f 118 	117 	113
f 119 	118 	113
f 120 	119 	113
f 121 	120 	113
f 122 	121 	113
f 123 	122 	113
f 124 	123 	113
f 125 	124 	113
f 126 	125 	113
f 127 	126 	113
f 128 	127 	113
f 129 	128 	113
f 130 	129 	113
f 131 	130 	113
f 132 	131 	113
f 133 	132 	113
f 134 	133 	113
f 135 	134 	113
f 136 	135 	113
f 137 	136 	113
f 138 	137 	113
f 139 	138 	113
f 140 	139 	113
f 141 	140 	113
f 142 	141 	113
f 143 	142 	113
f 144 	143 	113
f 145 	144 	113
f 146 	145 	113
f 147 	146 	113
f 148 	147 	113
f 149 	148 	113
f 150 	149 	113
f 151 	150 	113
f 152 	151 	113
f 153 	152 	113
f 154 	153 	113
f 155 	154 	113
f 156 	155 	113
f 157 	156 	113
f 158 	157 	113
f 159 	158 	113
f 112 	159 	113
f 160 	161 	162
f 161 	163 	162
f 163 	164 	162
f 164 	165 	162
f 165 	166 	162
f 166 	167 	162
f 167 	168 	162
f 168 	169 	162
f 169 	170 	162
f 170 	171 	162
f 171 	172 	162
f 172 	173 	162
f 173 	174 	162
f 174 	175 	162
f 175 	176 	162
f 176 	177 	162
f 177 	178 	162
f 178 	179 	162
f 179 	180 	162
f 180 	181 	162
f 181 	182 	162
f 182 	183 	162
f 183 	184 	162
f 184 	185 	162
f 185 	186 	162
f 186 	187 	162
f 187 	188 	162
f 188 	189 	162
f 189 	190 	162
f 190 	191 	162
f 191 	192 	162
f 192 	193 	162
f 193 	194 	162
f 194 	195 	162
f 195 	196 	162
f 196 	197 	162
f 197 	198 	162
f 198 	199 	162
f 199 	200 	162
f 200 	201 	162
f 201 	202 	162
f 202 	203 	162
f 203 	204 	162
f 204 	205 	162
f 205 	206 	162
f 206 	207 	162
f 207 	208 	162
f 208 	160 	162
f 112 	111 	111
f 111 	114 	114
f 114 	115 	115
f 115 	116 	116
f 116 	117 	117
f 117 	118 	118
f 118 	119 	119
f 119 	120 	120
f 120 	121 	121
f 121 	122 	122
f 122 	123 	123
f 123 	124 	124
f 124 	125 	125
f 125 	126 	126
f 126 	127 	127
f 127 	128 	128
f 128 	129 	129
f 129 	130 	130
f 130 	131 	131
f 131 	132 	132
f 132 	133 	133
f 133 	134 	134
f 134 	135 	135
f 135 	136 	136
f 136 	137 	137
f 137 	138 	138
f 138 	139 	139
f 139 	140 	140
f 140 	141 	141
f 141 	142 	142
f 142 	143 	143
f 143 	144 	144
f 144 	145 	145
f 145 	146 	146
f 146 	147 	147
f 147 	148 	148
f 148 	149 	149
f 149 	150 	150
f 150 	151 	151
f 151 	152 	152
f 152 	153 	153
f 153 	154 	154
f 154 	155 	155
f 155 	156 	156
f 156 	157 	157
f 157 	158 	158
f 158 	159 	159
f 159 	112 	112
f 112 	111 	161
f 112 	161 	160
f 111 	114 	163
f 111 	163 	161
f 114 	115 	164
f 114 	164 	163
f 115 	116 	165
f 115 	165 	164
f 116 	117 	166
f 116 	166 	165
f 117 	118 	167
f 117 	167 	166
f 118 	119 	168
f 118 	168 	167
f 119 	120 	169
f 119 	169 	168
f 120 	121 	170
f 120 	170 	169
f 121 	122 	171
f 121 	171 	170
f 122 	123 	172
f 122 	172 	171
f 123 	124 	173
f 123 	173 	172
f 124 	125 	174
f 124 	174 	173
f 125 	126 	175
f 125 	175 	174
f 126 	127 	176
f 126 	176 	175
f 127 	128 	177
f 127 	177 	176
f 128 	129 	178
f 128 	178 	177
f 129 	130 	179
f 129 	179 	178
f 130 	131 	180
f 130 	180 	179
f 131 	132 	181
f 131 	181 	180
f 132 	133 	182
f 132 	182 	181
f 133 	134 	183
f 133 	183 	182
f 134 	135 	184
f 134 	184 	183
f 135 	136 	185
f 135 	185 	184
f 136 	137 	186
f 136 	186 	185
f 137 	138 	187
f 137 	187 	186
f 138 	139 	188
f 138 	188 	187
f 139 	140 	189
f 139 	189 	188
f 140 	141 	190
f 140 	190 	189
f 141 	142 	191
f 141 	191 	190
f 142 	143 	192
f 142 	192 	191
f 143 	144 	193
f 143 	193 	192
f 144 	145 	194
f 144 	194 	193
f 145 	146 	195
f 145 	195 	194
f 146 	147 	196
f 146 	196 	195
f 147 	148 	197
f 147 	197 	196
f 148 	149 	198
f 148 	198 	197
f 149 	150 	199
f 149 	199 	198
f 150 	151 	200
f 150 	200 	199
f 151 	152 	201
f 151 	201 	200
f 152 	153 	202
f 152 	202 	201
f 153 	154 	203
f 153 	203 	202
f 154 	155 	204
f 154 	204 	203
f 155 	156 	205
f 155 	205 	204
f 156 	157 	206
f 156 	206 	205
f 157 	158 	207
f 157 	207 	206
f 158 	159 	208
f 158 	208 	207
f 159 	112 	160
f 159 	160 	208
f 160 	161 	161
f 161 	163 	163
f 163 	164 	164
f 164 	165 	165
f 165 	166 	166
f 166 	167 	167
f 167 	168 	168
f 168 	169 	169
f 169 	170 	170
f 170 	171 	171
f 171 	172 	172
f 172 	173 	173
f 173 	174 	174
f 174 	175 	175
f 175 	176 	176
f 176 	177 	177
f 177 	178 	178
f 178 	179 	179
f 179 	180 	180
f 180 	181 	181
f 181 	182 	182
f 182 	183 	183
f 183 	184 	184
f 184 	185 	185
f 185 	186 	186
f 186 	187 	187
f 187 	188 	188
f 188 	189 	189
f 189 	190 	190
f 190 	191 	191
f 191 	192 	192
f 192 	193 	193
f 193 	194 	194
f 194 	195 	195
f 195 	196 	196
f 196 	197 	197
f 197 	198 	198
f 198 	199 	199
f 199 	200 	200
f 200 	201 	201
f 201 	202 	202
f 202 	203 	203
f 203 	204 	204
f 204 	205 	205
f 205 	206 	206
f 206 	207 	207
f 207 	208 	208
f 208 	160 	160
# 288 faces

 #end of obj_1

o obj_2
v 8.5 		-5.9914 		1.1305
v 8.5 		-6 		1
v 8.5 		-5 		1
v 8.5 		-5.9659 		1.2588
v 8.5 		-5.9239 		1.3827
v 8.5 		-5.866 		1.5
v 8.5 		-5.7934 		1.6088
v 8.5 		-5.7071 		1.7071
v 8.5 		-5.6088 		1.7934
v 8.5 		-5.5 		1.866
v 8.5 		-5.3827 		1.9239
v 8.5 		-5.2588 		1.9659
v 8.5 		-5.1305 		1.9914
v 8.5 		-5 		2
v 8.5 		-4.8695 		1.9914
v 8.5 		-4.7412 		1.9659
v 8.5 		-4.6173 		1.9239
v 8.5 		-4.5 		1.866
v 8.5 		-4.3912 		1.7934
v 8.5 		-4.2929 		1.7071
v 8.5 		-4.2066 		1.6088
v 8.5 		-4.134 		1.5
v 8.5 		-4.0761 		1.3827
v 8.5 		-4.0341 		1.2588
v 8.5 		-4.0086 		1.1305
v 8.5 		-4 		1
v 8.5 		-4.0086 		0.8695
v 8.5 		-4.0341 		0.7412
v 8.5 		-4.0761 		0.6173
v 8.5 		-4.134 		0.5
v 8.5 		-4.2066 		0.3912
v 8.5 		-4.2929 		0.2929
v 8.5 		-4.3912 		0.2066
v 8.5 		-4.5 		0.134
v 8.5 		-4.6173 		0.0761
v 8.5 		-4.7412 		0.0341
v 8.5 		-4.8695 		0.0086
v 8.5 		-5 		0
v 8.5 		-5.1305 		0.0086
v 8.5 		-5.2588 		0.0341
v 8.5 		-5.3827 		0.0761
v 8.5 		-5.5 		0.134
v 8.5 		-5.6088 		0.2066
v 8.5 		-5.7071 		0.2929
v 8.5 		-5.7934 		0.3912
v 8.5 		-5.866 		0.5
v 8.5 		-5.9239 		0.6173
v 8.5 		-5.9659 		0.7412
v 8.5 		-5.9914 		0.8695
v -8.5 		-6 		1
v -8.5 		-5.9914 		1.1305
v -8.5 		-5 		1
v -8.5 		-5.9659 		1.2588
v -8.5 		-5.9239 		1.3827
v -8.5 		-5.866 		1.5
v -8.5 		-5.7934 		1.6088
v -8.5 		-5.7071 		1.7071
v -8.5 		-5.6088 		1.7934
v -8.5 		-5.5 		1.866
v -8.5 		-5.3827 		1.9239
v -8.5 		-5.2588 		1.9659
v -8.5 		-5.1305 		1.9914
v -8.5 		-5 		2
v -8.5 		-4.8695 		1.9914
v -8.5 		-4.7412 		1.9659
v -8.5 		-4.6173 		1.9239
v -8.5 		-4.5 		1.866
v -8.5 		-4.3912 		1.7934
v -8.5 		-4.2929 		1.7071
v -8.5 		-4.2066 		1.6088
v -8.5 		-4.134 		1.5
v -8.5 		-4.0761 		1.3827
v -8.5 		-4.0341 		1.2588
v -8.5 		-4.0086 		1.1305
v -8.5 		-4 		1
v -8.5 		-4.0086 		0.8695
v -8.5 		-4.0341 		0.7412
v -8.5 		-4.0761 		0.6173
v -8.5 		-4.134 		0.5
v -8.5 		-4.2066 		0.3912
v -8.5 		-4.2929 		0.2929
v -8.5 		-4.3912 		0.2066
v -8.5 		-4.5 		0.134
v -8.5 		-4.6173 		0.0761
v -8.5 		-4.7412 		0.0341
v -8.5 		-4.8695 		0.0086
v -8.5 		-5 		0
v -8.5 		-5.1305 		0.0086
v -8.5 		-5.2588 		0.0341
v -8.5 		-5.3827 		0.0761
v -8.5 		-5.5 		0.134
v -8.5 		-5.6088 		0.2066
v -8.5 		-5.7071 		0.2929
v -8.5 		-5.7934 		0.3912
v -8.5 		-5.866 		0.5
v -8.5 		-5.9239 		0.6173
v -8.5 		-5.9659 		0.7412
v -8.5 		-5.9914 		0.8695
# 98 vertices

g group_2_-1711604998

usemtl color_-1711604998
s 0

f 209 	210 	211
f 212 	209 	211
f 213 	212 	211
f 214 	213 	211
f 215 	214 	211
f 216 	215 	211
f 217 	216 	211
f 218 	217 	211
f 219 	218 	211
f 220 	219 	211
f 221 	220 	211
f 222 	221 	211
f 223 	222 	211
f 224 	223 	211
f 225 	224 	211
f 226 	225 	211
f 227 	226 	211
f 228 	227 	211
f 229 	228 	211
f 230 	229 	211
f 231 	230 	211
f 232 	231 	211
f 233 	232 	211
f 234 	233 	211
f 235 	234 	211
f 236 	235 	211
f 237 	236 	211
f 238 	237 	211
f 239 	238 	211
f 240 	239 	211
f 241 	240 	211
f 242 	241 	211
f 243 	242 	211
f 244 	243 	211
f 245 	244 	211
f 246 	245 	211
f 247 	246 	211
f 248 	247 	211
f 249 	248 	211
f 250 	249 	211
f 251 	250 	211
f 252 	251 	211
f 253 	252 	211
f 254 	253 	211
f 255 	254 	211
f 256 	255 	211
f 257 	256 	211
f 210 	257 	211
f 258 	259 	260
f 259 	261 	260
f 261 	262 	260
f 262 	263 	260
f 263 	264 	260
f 264 	265 	260
f 265 	266 	260
f 266 	267 	260
f 267 	268 	260
f 268 	269 	260
f 269 	270 	260
f 270 	271 	260
f 271 	272 	260
f 272 	273 	260
f 273 	274 	260
f 274 	275 	260
f 275 	276 	260
f 276 	277 	260
f 277 	278 	260
f 278 	279 	260
f 279 	280 	260
f 280 	281 	260
f 281 	282 	260
f 282 	283 	260
f 283 	284 	260
f 284 	285 	260
f 285 	286 	260
f 286 	287 	260
f 287 	288 	260
f 288 	289 	260
f 289 	290 	260
f 290 	291 	260
f 291 	292 	260
f 292 	293 	260
f 293 	294 	260
f 294 	295 	260
f 295 	296 	260
f 296 	297 	260
f 297 	298 	260
f 298 	299 	260
f 299 	300 	260
f 300 	301 	260
f 301 	302 	260
f 302 	303 	260
f 303 	304 	260
f 304 	305 	260
f 305 	306 	260
f 306 	258 	260
f 210 	209 	209
f 209 	212 	212
f 212 	213 	213
f 213 	214 	214
f 214 	215 	215
f 215 	216 	216
f 216 	217 	217
f 217 	218 	218
f 218 	219 	219
f 219 	220 	220
f 220 	221 	221
f 221 	222 	222
f 222 	223 	223
f 223 	224 	224
f 224 	225 	225
f 225 	226 	226
f 226 	227 	227
f 227 	228 	228
f 228 	229 	229
f 229 	230 	230
f 230 	231 	231
f 231 	232 	232
f 232 	233 	233
f 233 	234 	234
f 234 	235 	235
f 235 	236 	236
f 236 	237 	237
f 237 	238 	238
f 238 	239 	239
f 239 	240 	240
f 240 	241 	241
f 241 	242 	242
f 242 	243 	243
f 243 	244 	244
f 244 	245 	245
f 245 	246 	246
f 246 	247 	247
f 247 	248 	248
f 248 	249 	249
f 249 	250 	250
f 250 	251 	251
f 251 	252 	252
f 252 	253 	253
f 253 	254 	254
f 254 	255 	255
f 255 	256 	256
f 256 	257 	257
f 257 	210 	210
f 210 	209 	259
f 210 	259 	258
f 209 	212 	261
f 209 	261 	259
f 212 	213 	262
f 212 	262 	261
f 213 	214 	263
f 213 	263 	262
f 214 	215 	264
f 214 	264 	263
f 215 	216 	265
f 215 	265 	264
f 216 	217 	266
f 216 	266 	265
f 217 	218 	267
f 217 	267 	266
f 218 	219 	268
f 218 	268 	267
f 219 	220 	269
f 219 	269 	268
f 220 	221 	270
f 220 	270 	269
f 221 	222 	271
f 221 	271 	270
f 222 	223 	272
f 222 	272 	271
f 223 	224 	273
f 223 	273 	272
f 224 	225 	274
f 224 	274 	273
f 225 	226 	275
f 225 	275 	274
f 226 	227 	276
f 226 	276 	275
f 227 	228 	277
f 227 	277 	276
f 228 	229 	278
f 228 	278 	277
f 229 	230 	279
f 229 	279 	278
f 230 	231 	280
f 230 	280 	279
f 231 	232 	281
f 231 	281 	280
f 232 	233 	282
f 232 	282 	281
f 233 	234 	283
f 233 	283 	282
f 234 	235 	284
f 234 	284 	283
f 235 	236 	285
f 235 	285 	284
f 236 	237 	286
f 236 	286 	285
f 237 	238 	287
f 237 	287 	286
f 238 	239 	288
f 238 	288 	287
f 239 	240 	289
f 239 	289 	288
f 240 	241 	290
f 240 	290 	289
f 241 	242 	291
f 241 	291 	290
f 242 	243 	292
f 242 	292 	291
f 243 	244 	293
f 243 	293 	292
f 244 	245 	294
f 244 	294 	293
f 245 	246 	295
f 245 	295 	294
f 246 	247 	296
f 246 	296 	295
f 247 	248 	297
f 247 	297 	296
f 248 	249 	298
f 248 	298 	297
f 249 	250 	299
f 249 	299 	298
f 250 	251 	300
f 250 	300 	299
f 251 	252 	301
f 251 	301 	300
f 252 	253 	302
f 252 	302 	301
f 253 	254 	303
f 253 	303 	302
f 254 	255 	304
f 254 	304 	303
f 255 	256 	305
f 255 	305 	304
f 256 	257 	306
f 256 	306 	305
f 257 	210 	258
f 257 	258 	306
f 258 	259 	259
f 259 	261 	261
f 261 	262 	262
f 262 	263 	263
f 263 	264 	264
f 264 	265 	265
f 265 	266 	266
f 266 	267 	267
f 267 	268 	268
f 268 	269 	269
f 269 	270 	270
f 270 	271 	271
f 271 	272 	272
f 272 	273 	273
f 273 	274 	274
f 274 	275 	275
f 275 	276 	276
f 276 	277 	277
f 277 	278 	278
f 278 	279 	279
f 279 	280 	280
f 280 	281 	281
f 281 	282 	282
f 282 	283 	283
f 283 	284 	284
f 284 	285 	285
f 285 	286 	286
f 286 	287 	287
f 287 	288 	288
f 288 	289 	289
f 289 	290 	290
f 290 	291 	291
f 291 	292 	292
f 292 	293 	293
f 293 	294 	294
f 294 	295 	295
f 295 	296 	296
f 296 	297 	297
f 297 	298 	298
f 298 	299 	299
f 299 	300 	300
f 300 	301 	301
f 301 	302 	302
f 302 	303 	303
f 303 	304 	304
f 304 	305 	305
f 305 	306 	306
f 306 	258 	258
# 288 faces

 #end of obj_2

o obj_3
v 8.5 		0.0086 		1.1305
v 8.5 		0 		1
v 8.5 		1 		1
v 8.5 		0.0341 		1.2588
v 8.5 		0.0761 		1.3827
v 8.5 		0.134 		1.5
v 8.5 		0.2066 		1.6088
v 8.5 		0.2929 		1.7071
v 8.5 		0.3912 		1.7934
v 8.5 		0.5 		1.866
v 8.5 		0.6173 		1.9239
v 8.5 		0.7412 		1.9659
v 8.5 		0.8695 		1.9914
v 8.5 		1 		2
v 8.5 		1.1305 		1.9914
v 8.5 		1.2588 		1.9659
v 8.5 		1.3827 		1.9239
v 8.5 		1.5 		1.866
v 8.5 		1.6088 		1.7934
v 8.5 		1.7071 		1.7071
v 8.5 		1.7934 		1.6088
v 8.5 		1.866 		1.5
v 8.5 		1.9239 		1.3827
v 8.5 		1.9659 		1.2588
v 8.5 		1.9914 		1.1305
v 8.5 		2 		1
v 8.5 		1.9914 		0.8695
v 8.5 		1.9659 		0.7412
v 8.5 		1.9239 		0.6173
v 8.5 		1.866 		0.5
v 8.5 		1.7934 		0.3912
v 8.5 		1.7071 		0.2929
v 8.5 		1.6088 		0.2066
v 8.5 		1.5 		0.134
v 8.5 		1.3827 		0.0761
v 8.5 		1.2588 		0.0341
v 8.5 		1.1305 		0.0086
v 8.5 		1 		0
v 8.5 		0.8695 		0.0086
v 8.5 		0.7412 		0.0341
v 8.5 		0.6173 		0.0761
v 8.5 		0.5 		0.134
v 8.5 		0.3912 		0.2066
v 8.5 		0.2929 		0.2929
v 8.5 		0.2066 		0.3912
v 8.5 		0.134 		0.5
v 8.5 		0.0761 		0.6173
v 8.5 		0.0341 		0.7412
v 8.5 		0.0086 		0.8695
v -8.5 		0 		1
v -8.5 		0.0086 		1.1305
v -8.5 		1 		1
v -8.5 		0.0341 		1.2588
v -8.5 		0.0761 		1.3827
v -8.5 		0.134 		1.5
v -8.5 		0.2066 		1.6088
v -8.5 		0.2929 		1.7071
v -8.5 		0.3912 		1.7934
v -8.5 		0.5 		1.866
v -8.5 		0.6173 		1.9239
v -8.5 		0.7412 		1.9659
v -8.5 		0.8695 		1.9914
v -8.5 		1 		2
v -8.5 		1.1305 		1.9914
v -8.5 		1.2588 		1.9659
v -8.5 		1.3827 		1.9239
v -8.5 		1.5 		1.866
v -8.5 		1.6088 		1.7934
v -8.5 		1.7071 		1.7071
v -8.5 		1.7934 		1.6088
v -8.5 		1.866 		1.5
v -8.5 		1.9239 		1.3827
v -8.5 		1.9659 		1.2588
v -8.5 		1.9914 		1.1305
v -8.5 		2 		1
v -8.5 		1.9914 		0.8695
v -8.5 		1.9659 		0.7412
v -8.5 		1.9239 		0.6173
v -8.5 		1.866 		0.5
v -8.5 		1.7934 		0.3912
v -8.5 		1.7071 		0.2929
v -8.5 		1.6088 		0.2066
v -8.5 		1.5 		0.134
v -8.5 		1.3827 		0.0761
v -8.5 		1.2588 		0.0341
v -8.5 		1.1305 		0.0086
v -8.5 		1 		0
v -8.5 		0.8695 		0.0086
v -8.5 		0.7412 		0.0341
v -8.5 		0.6173 		0.0761
v -8.5 		0.5 		0.134
v -8.5 		0.3912 		0.2066
v -8.5 		0.2929 		0.2929
v -8.5 		0.2066 		0.3912
v -8.5 		0.134 		0.5
v -8.5 		0.0761 		0.6173
v -8.5 		0.0341 		0.7412
v -8.5 		0.0086 		0.8695
# 98 vertices

g group_3_-1711604998

usemtl color_-1711604998
s 0

f 307 	308 	309
f 310 	307 	309
f 311 	310 	309
f 312 	311 	309
f 313 	312 	309
f 314 	313 	309
f 315 	314 	309
f 316 	315 	309
f 317 	316 	309
f 318 	317 	309
f 319 	318 	309
f 320 	319 	309
f 321 	320 	309
f 322 	321 	309
f 323 	322 	309
f 324 	323 	309
f 325 	324 	309
f 326 	325 	309
f 327 	326 	309
f 328 	327 	309
f 329 	328 	309
f 330 	329 	309
f 331 	330 	309
f 332 	331 	309
f 333 	332 	309
f 334 	333 	309
f 335 	334 	309
f 336 	335 	309
f 337 	336 	309
f 338 	337 	309
f 339 	338 	309
f 340 	339 	309
f 341 	340 	309
f 342 	341 	309
f 343 	342 	309
f 344 	343 	309
f 345 	344 	309
f 346 	345 	309
f 347 	346 	309
f 348 	347 	309
f 349 	348 	309
f 350 	349 	309
f 351 	350 	309
f 352 	351 	309
f 353 	352 	309
f 354 	353 	309
f 355 	354 	309
f 308 	355 	309
f 356 	357 	358
f 357 	359 	358
f 359 	360 	358
f 360 	361 	358
f 361 	362 	358
f 362 	363 	358
f 363 	364 	358
f 364 	365 	358
f 365 	366 	358
f 366 	367 	358
f 367 	368 	358
f 368 	369 	358
f 369 	370 	358
f 370 	371 	358
f 371 	372 	358
f 372 	373 	358
f 373 	374 	358
f 374 	375 	358
f 375 	376 	358
f 376 	377 	358
f 377 	378 	358
f 378 	379 	358
f 379 	380 	358
f 380 	381 	358
f 381 	382 	358
f 382 	383 	358
f 383 	384 	358
f 384 	385 	358
f 385 	386 	358
f 386 	387 	358
f 387 	388 	358
f 388 	389 	358
f 389 	390 	358
f 390 	391 	358
f 391 	392 	358
f 392 	393 	358
f 393 	394 	358
f 394 	395 	358
f 395 	396 	358
f 396 	397 	358
f 397 	398 	358
f 398 	399 	358
f 399 	400 	358
f 400 	401 	358
f 401 	402 	358
f 402 	403 	358
f 403 	404 	358
f 404 	356 	358
f 308 	307 	307
f 307 	310 	310
f 310 	311 	311
f 311 	312 	312
f 312 	313 	313
f 313 	314 	314
f 314 	315 	315
f 315 	316 	316
f 316 	317 	317
f 317 	318 	318
f 318 	319 	319
f 319 	320 	320
f 320 	321 	321
f 321 	322 	322
f 322 	323 	323
f 323 	324 	324
f 324 	325 	325
f 325 	326 	326
f 326 	327 	327
f 327 	328 	328
f 328 	329 	329
f 329 	330 	330
f 330 	331 	331
f 331 	332 	332
f 332 	333 	333
f 333 	334 	334
f 334 	335 	335
f 335 	336 	336
f 336 	337 	337
f 337 	338 	338
f 338 	339 	339
f 339 	340 	340
f 340 	341 	341
f 341 	342 	342
f 342 	343 	343
f 343 	344 	344
f 344 	345 	345
f 345 	346 	346
f 346 	347 	347
f 347 	348 	348
f 348 	349 	349
f 349 	350 	350
f 350 	351 	351
f 351 	352 	352
f 352 	353 	353
f 353 	354 	354
f 354 	355 	355
f 355 	308 	308
f 308 	307 	357
f 308 	357 	356
f 307 	310 	359
f 307 	359 	357
f 310 	311 	360
f 310 	360 	359
f 311 	312 	361
f 311 	361 	360
f 312 	313 	362
f 312 	362 	361
f 313 	314 	363
f 313 	363 	362
f 314 	315 	364
f 314 	364 	363
f 315 	316 	365
f 315 	365 	364
f 316 	317 	366
f 316 	366 	365
f 317 	318 	367
f 317 	367 	366
f 318 	319 	368
f 318 	368 	367
f 319 	320 	369
f 319 	369 	368
f 320 	321 	370
f 320 	370 	369
f 321 	322 	371
f 321 	371 	370
f 322 	323 	372
f 322 	372 	371
f 323 	324 	373
f 323 	373 	372
f 324 	325 	374
f 324 	374 	373
f 325 	326 	375
f 325 	375 	374
f 326 	327 	376
f 326 	376 	375
f 327 	328 	377
f 327 	377 	376
f 328 	329 	378
f 328 	378 	377
f 329 	330 	379
f 329 	379 	378
f 330 	331 	380
f 330 	380 	379
f 331 	332 	381
f 331 	381 	380
f 332 	333 	382
f 332 	382 	381
f 333 	334 	383
f 333 	383 	382
f 334 	335 	384
f 334 	384 	383
f 335 	336 	385
f 335 	385 	384
f 336 	337 	386
f 336 	386 	385
f 337 	338 	387
f 337 	387 	386
f 338 	339 	388
f 338 	388 	387
f 339 	340 	389
f 339 	389 	388
f 340 	341 	390
f 340 	390 	389
f 341 	342 	391
f 341 	391 	390
f 342 	343 	392
f 342 	392 	391
f 343 	344 	393
f 343 	393 	392
f 344 	345 	394
f 344 	394 	393
f 345 	346 	395
f 345 	395 	394
f 346 	347 	396
f 346 	396 	395
f 347 	348 	397
f 347 	397 	396
f 348 	349 	398
f 348 	398 	397
f 349 	350 	399
f 349 	399 	398
f 350 	351 	400
f 350 	400 	399
f 351 	352 	401
f 351 	401 	400
f 352 	353 	402
f 352 	402 	401
f 353 	354 	403
f 353 	403 	402
f 354 	355 	404
f 354 	404 	403
f 355 	308 	356
f 355 	356 	404
f 356 	357 	357
f 357 	359 	359
f 359 	360 	360
f 360 	361 	361
f 361 	362 	362
f 362 	363 	363
f 363 	364 	364
f 364 	365 	365
f 365 	366 	366
f 366 	367 	367
f 367 	368 	368
f 368 	369 	369
f 369 	370 	370
f 370 	371 	371
f 371 	372 	372
f 372 	373 	373
f 373 	374 	374
f 374 	375 	375
f 375 	376 	376
f 376 	377 	377
f 377 	378 	378
f 378 	379 	379
f 379 	380 	380
f 380 	381 	381
f 381 	382 	382
f 382 	383 	383
f 383 	384 	384
f 384 	385 	385
f 385 	386 	386
f 386 	387 	387
f 387 	388 	388
f 388 	389 	389
f 389 	390 	390
f 390 	391 	391
f 391 	392 	392
f 392 	393 	393
f 393 	394 	394
f 394 	395 	395
f 395 	396 	396
f 396 	397 	397
f 397 	398 	398
f 398 	399 	399
f 399 	400 	400
f 400 	401 	401
f 401 	402 	402
f 402 	403 	403
f 403 	404 	404
f 404 	356 	356
# 288 faces

 #end of obj_3

o obj_4
v 9 		-5.9914 		1.1305
v 9 		-6 		1
v 9 		-5 		1
v 9 		-5.9659 		1.2588
v 9 		-5.9239 		1.3827
v 9 		-5.866 		1.5
v 9 		-5.7934 		1.6088
v 9 		-5.7071 		1.7071
v 9 		-5.6088 		1.7934
v 9 		-5.5 		1.866
v 9 		-5.3827 		1.9239
v 9 		-5.2588 		1.9659
v 9 		-5.1305 		1.9914
v 9 		-5 		2
v 9 		-4.8695 		1.9914
v 9 		-4.7412 		1.9659
v 9 		-4.6173 		1.9239
v 9 		-4.5 		1.866
v 9 		-4.3912 		1.7934
v 9 		-4.2929 		1.7071
v 9 		-4.2066 		1.6088
v 9 		-4.134 		1.5
v 9 		-4.0761 		1.3827
v 9 		-4.0341 		1.2588
v 9 		-4.0086 		1.1305
v 9 		-4 		1
v 9 		-4.0086 		0.8695
v 9 		-4.0341 		0.7412
v 9 		-4.0761 		0.6173
v 9 		-4.134 		0.5
v 9 		-4.2066 		0.3912
v 9 		-4.2929 		0.2929
v 9 		-4.3912 		0.2066
v 9 		-4.5 		0.134
v 9 		-4.6173 		0.0761
v 9 		-4.7412 		0.0341
v 9 		-4.8695 		0.0086
v 9 		-5 		0
v 9 		-5.1305 		0.0086
v 9 		-5.2588 		0.0341
v 9 		-5.3827 		0.0761
v 9 		-5.5 		0.134
v 9 		-5.6088 		0.2066
v 9 		-5.7071 		0.2929
v 9 		-5.7934 		0.3912
v 9 		-5.866 		0.5
v 9 		-5.9239 		0.6173
v 9 		-5.9659 		0.7412
v 9 		-5.9914 		0.8695
v 8.5 		-6 		1
v 8.5 		-5.9914 		1.1305
v 8.5 		-5 		1
v 8.5 		-5.9659 		1.2588
v 8.5 		-5.9239 		1.3827
v 8.5 		-5.866 		1.5
v 8.5 		-5.7934 		1.6088
v 8.5 		-5.7071 		1.7071
v 8.5 		-5.6088 		1.7934
v 8.5 		-5.5 		1.866
v 8.5 		-5.3827 		1.9239
v 8.5 		-5.2588 		1.9659
v 8.5 		-5.1305 		1.9914
v 8.5 		-5 		2
v 8.5 		-4.8695 		1.9914
v 8.5 		-4.7412 		1.9659
v 8.5 		-4.6173 		1.9239
v 8.5 		-4.5 		1.866
v 8.5 		-4.3912 		1.7934
v 8.5 		-4.2929 		1.7071
v 8.5 		-4.2066 		1.6088
v 8.5 		-4.134 		1.5
v 8.5 		-4.0761 		1.3827
v 8.5 		-4.0341 		1.2588
v 8.5 		-4.0086 		1.1305
v 8.5 		-4 		1
v 8.5 		-4.0086 		0.8695
v 8.5 		-4.0341 		0.7412
v 8.5 		-4.0761 		0.6173
v 8.5 		-4.134 		0.5
v 8.5 		-4.2066 		0.3912
v 8.5 		-4.2929 		0.2929
v 8.5 		-4.3912 		0.2066
v 8.5 		-4.5 		0.134
v 8.5 		-4.6173 		0.0761
v 8.5 		-4.7412 		0.0341
v 8.5 		-4.8695 		0.0086
v 8.5 		-5 		0
v 8.5 		-5.1305 		0.0086
v 8.5 		-5.2588 		0.0341
v 8.5 		-5.3827 		0.0761
v 8.5 		-5.5 		0.134
v 8.5 		-5.6088 		0.2066
v 8.5 		-5.7071 		0.2929
v 8.5 		-5.7934 		0.3912
v 8.5 		-5.866 		0.5
v 8.5 		-5.9239 		0.6173
v 8.5 		-5.9659 		0.7412
v 8.5 		-5.9914 		0.8695
# 98 vertices

g group_4_10988977

usemtl color_10988977
s 0

f 405 	406 	407
f 408 	405 	407
f 409 	408 	407
f 410 	409 	407
f 411 	410 	407
f 412 	411 	407
f 413 	412 	407
f 414 	413 	407
f 415 	414 	407
f 416 	415 	407
f 417 	416 	407
f 418 	417 	407
f 419 	418 	407
f 420 	419 	407
f 421 	420 	407
f 422 	421 	407
f 423 	422 	407
f 424 	423 	407
f 425 	424 	407
f 426 	425 	407
f 427 	426 	407
f 428 	427 	407
f 429 	428 	407
f 430 	429 	407
f 431 	430 	407
f 432 	431 	407
f 433 	432 	407
f 434 	433 	407
f 435 	434 	407
f 436 	435 	407
f 437 	436 	407
f 438 	437 	407
f 439 	438 	407
f 440 	439 	407
f 441 	440 	407
f 442 	441 	407
f 443 	442 	407
f 444 	443 	407
f 445 	444 	407
f 446 	445 	407
f 447 	446 	407
f 448 	447 	407
f 449 	448 	407
f 450 	449 	407
f 451 	450 	407
f 452 	451 	407
f 453 	452 	407
f 406 	453 	407
f 454 	455 	456
f 455 	457 	456
f 457 	458 	456
f 458 	459 	456
f 459 	460 	456
f 460 	461 	456
f 461 	462 	456
f 462 	463 	456
f 463 	464 	456
f 464 	465 	456
f 465 	466 	456
f 466 	467 	456
f 467 	468 	456
f 468 	469 	456
f 469 	470 	456
f 470 	471 	456
f 471 	472 	456
f 472 	473 	456
f 473 	474 	456
f 474 	475 	456
f 475 	476 	456
f 476 	477 	456
f 477 	478 	456
f 478 	479 	456
f 479 	480 	456
f 480 	481 	456
f 481 	482 	456
f 482 	483 	456
f 483 	484 	456
f 484 	485 	456
f 485 	486 	456
f 486 	487 	456
f 487 	488 	456
f 488 	489 	456
f 489 	490 	456
f 490 	491 	456
f 491 	492 	456
f 492 	493 	456
f 493 	494 	456
f 494 	495 	456
f 495 	496 	456
f 496 	497 	456
f 497 	498 	456
f 498 	499 	456
f 499 	500 	456
f 500 	501 	456
f 501 	502 	456
f 502 	454 	456
f 406 	405 	405
f 405 	408 	408
f 408 	409 	409
f 409 	410 	410
f 410 	411 	411
f 411 	412 	412
f 412 	413 	413
f 413 	414 	414
f 414 	415 	415
f 415 	416 	416
f 416 	417 	417
f 417 	418 	418
f 418 	419 	419
f 419 	420 	420
f 420 	421 	421
f 421 	422 	422
f 422 	423 	423
f 423 	424 	424
f 424 	425 	425
f 425 	426 	426
f 426 	427 	427
f 427 	428 	428
f 428 	429 	429
f 429 	430 	430
f 430 	431 	431
f 431 	432 	432
f 432 	433 	433
f 433 	434 	434
f 434 	435 	435
f 435 	436 	436
f 436 	437 	437
f 437 	438 	438
f 438 	439 	439
f 439 	440 	440
f 440 	441 	441
f 441 	442 	442
f 442 	443 	443
f 443 	444 	444
f 444 	445 	445
f 445 	446 	446
f 446 	447 	447
f 447 	448 	448
f 448 	449 	449
f 449 	450 	450
f 450 	451 	451
f 451 	452 	452
f 452 	453 	453
f 453 	406 	406
f 406 	405 	455
f 406 	455 	454
f 405 	408 	457
f 405 	457 	455
f 408 	409 	458
f 408 	458 	457
f 409 	410 	459
f 409 	459 	458
f 410 	411 	460
f 410 	460 	459
f 411 	412 	461
f 411 	461 	460
f 412 	413 	462
f 412 	462 	461
f 413 	414 	463
f 413 	463 	462
f 414 	415 	464
f 414 	464 	463
f 415 	416 	465
f 415 	465 	464
f 416 	417 	466
f 416 	466 	465
f 417 	418 	467
f 417 	467 	466
f 418 	419 	468
f 418 	468 	467
f 419 	420 	469
f 419 	469 	468
f 420 	421 	470
f 420 	470 	469
f 421 	422 	471
f 421 	471 	470
f 422 	423 	472
f 422 	472 	471
f 423 	424 	473
f 423 	473 	472
f 424 	425 	474
f 424 	474 	473
f 425 	426 	475
f 425 	475 	474
f 426 	427 	476
f 426 	476 	475
f 427 	428 	477
f 427 	477 	476
f 428 	429 	478
f 428 	478 	477
f 429 	430 	479
f 429 	479 	478
f 430 	431 	480
f 430 	480 	479
f 431 	432 	481
f 431 	481 	480
f 432 	433 	482
f 432 	482 	481
f 433 	434 	483
f 433 	483 	482
f 434 	435 	484
f 434 	484 	483
f 435 	436 	485
f 435 	485 	484
f 436 	437 	486
f 436 	486 	485
f 437 	438 	487
f 437 	487 	486
f 438 	439 	488
f 438 	488 	487
f 439 	440 	489
f 439 	489 	488
f 440 	441 	490
f 440 	490 	489
f 441 	442 	491
f 441 	491 	490
f 442 	443 	492
f 442 	492 	491
f 443 	444 	493
f 443 	493 	492
f 444 	445 	494
f 444 	494 	493
f 445 	446 	495
f 445 	495 	494
f 446 	447 	496
f 446 	496 	495
f 447 	448 	497
f 447 	497 	496
f 448 	449 	498
f 448 	498 	497
f 449 	450 	499
f 449 	499 	498
f 450 	451 	500
f 450 	500 	499
f 451 	452 	501
f 451 	501 	500
f 452 	453 	502
f 452 	502 	501
f 453 	406 	454
f 453 	454 	502
f 454 	455 	455
f 455 	457 	457
f 457 	458 	458
f 458 	459 	459
f 459 	460 	460
f 460 	461 	461
f 461 	462 	462
f 462 	463 	463
f 463 	464 	464
f 464 	465 	465
f 465 	466 	466
f 466 	467 	467
f 467 	468 	468
f 468 	469 	469
f 469 	470 	470
f 470 	471 	471
f 471 	472 	472
f 472 	473 	473
f 473 	474 	474
f 474 	475 	475
f 475 	476 	476
f 476 	477 	477
f 477 	478 	478
f 478 	479 	479
f 479 	480 	480
f 480 	481 	481
f 481 	482 	482
f 482 	483 	483
f 483 	484 	484
f 484 	485 	485
f 485 	486 	486
f 486 	487 	487
f 487 	488 	488
f 488 	489 	489
f 489 	490 	490
f 490 	491 	491
f 491 	492 	492
f 492 	493 	493
f 493 	494 	494
f 494 	495 	495
f 495 	496 	496
f 496 	497 	497
f 497 	498 	498
f 498 	499 	499
f 499 	500 	500
f 500 	501 	501
f 501 	502 	502
f 502 	454 	454
# 288 faces

 #end of obj_4

o obj_5
v 9 		0.0086 		1.1305
v 9 		0 		1
v 9 		1 		1
v 9 		0.0341 		1.2588
v 9 		0.0761 		1.3827
v 9 		0.134 		1.5
v 9 		0.2066 		1.6088
v 9 		0.2929 		1.7071
v 9 		0.3912 		1.7934
v 9 		0.5 		1.866
v 9 		0.6173 		1.9239
v 9 		0.7412 		1.9659
v 9 		0.8695 		1.9914
v 9 		1 		2
v 9 		1.1305 		1.9914
v 9 		1.2588 		1.9659
v 9 		1.3827 		1.9239
v 9 		1.5 		1.866
v 9 		1.6088 		1.7934
v 9 		1.7071 		1.7071
v 9 		1.7934 		1.6088
v 9 		1.866 		1.5
v 9 		1.9239 		1.3827
v 9 		1.9659 		1.2588
v 9 		1.9914 		1.1305
v 9 		2 		1
v 9 		1.9914 		0.8695
v 9 		1.9659 		0.7412
v 9 		1.9239 		0.6173
v 9 		1.866 		0.5
v 9 		1.7934 		0.3912
v 9 		1.7071 		0.2929
v 9 		1.6088 		0.2066
v 9 		1.5 		0.134
v 9 		1.3827 		0.0761
v 9 		1.2588 		0.0341
v 9 		1.1305 		0.0086
v 9 		1 		0
v 9 		0.8695 		0.0086
v 9 		0.7412 		0.0341
v 9 		0.6173 		0.0761
v 9 		0.5 		0.134
v 9 		0.3912 		0.2066
v 9 		0.2929 		0.2929
v 9 		0.2066 		0.3912
v 9 		0.134 		0.5
v 9 		0.0761 		0.6173
v 9 		0.0341 		0.7412
v 9 		0.0086 		0.8695
v 8.5 		0 		1
v 8.5 		0.0086 		1.1305
v 8.5 		1 		1
v 8.5 		0.0341 		1.2588
v 8.5 		0.0761 		1.3827
v 8.5 		0.134 		1.5
v 8.5 		0.2066 		1.6088
v 8.5 		0.2929 		1.7071
v 8.5 		0.3912 		1.7934
v 8.5 		0.5 		1.866
v 8.5 		0.6173 		1.9239
v 8.5 		0.7412 		1.9659
v 8.5 		0.8695 		1.9914
v 8.5 		1 		2
v 8.5 		1.1305 		1.9914
v 8.5 		1.2588 		1.9659
v 8.5 		1.3827 		1.9239
v 8.5 		1.5 		1.866
v 8.5 		1.6088 		1.7934
v 8.5 		1.7071 		1.7071
v 8.5 		1.7934 		1.6088
v 8.5 		1.866 		1.5
v 8.5 		1.9239 		1.3827
v 8.5 		1.9659 		1.2588
v 8.5 		1.9914 		1.1305
v 8.5 		2 		1
v 8.5 		1.9914 		0.8695
v 8.5 		1.9659 		0.7412
v 8.5 		1.9239 		0.6173
v 8.5 		1.866 		0.5
v 8.5 		1.7934 		0.3912
v 8.5 		1.7071 		0.2929
v 8.5 		1.6088 		0.2066
v 8.5 		1.5 		0.134
v 8.5 		1.3827 		0.0761
v 8.5 		1.2588 		0.0341
v 8.5 		1.1305 		0.0086
v 8.5 		1 		0
v 8.5 		0.8695 		0.0086
v 8.5 		0.7412 		0.0341
v 8.5 		0.6173 		0.0761
v 8.5 		0.5 		0.134
v 8.5 		0.3912 		0.2066
v 8.5 		0.2929 		0.2929
v 8.5 		0.2066 		0.3912
v 8.5 		0.134 		0.5
v 8.5 		0.0761 		0.6173
v 8.5 		0.0341 		0.7412
v 8.5 		0.0086 		0.8695
# 98 vertices

g group_5_10988977

usemtl color_10988977
s 0

f 503 	504 	505
f 506 	503 	505
f 507 	506 	505
f 508 	507 	505
f 509 	508 	505
f 510 	509 	505
f 511 	510 	505
f 512 	511 	505
f 513 	512 	505
f 514 	513 	505
f 515 	514 	505
f 516 	515 	505
f 517 	516 	505
f 518 	517 	505
f 519 	518 	505
f 520 	519 	505
f 521 	520 	505
f 522 	521 	505
f 523 	522 	505
f 524 	523 	505
f 525 	524 	505
f 526 	525 	505
f 527 	526 	505
f 528 	527 	505
f 529 	528 	505
f 530 	529 	505
f 531 	530 	505
f 532 	531 	505
f 533 	532 	505
f 534 	533 	505
f 535 	534 	505
f 536 	535 	505
f 537 	536 	505
f 538 	537 	505
f 539 	538 	505
f 540 	539 	505
f 541 	540 	505
f 542 	541 	505
f 543 	542 	505
f 544 	543 	505
f 545 	544 	505
f 546 	545 	505
f 547 	546 	505
f 548 	547 	505
f 549 	548 	505
f 550 	549 	505
f 551 	550 	505
f 504 	551 	505
f 552 	553 	554
f 553 	555 	554
f 555 	556 	554
f 556 	557 	554
f 557 	558 	554
f 558 	559 	554
f 559 	560 	554
f 560 	561 	554
f 561 	562 	554
f 562 	563 	554
f 563 	564 	554
f 564 	565 	554
f 565 	566 	554
f 566 	567 	554
f 567 	568 	554
f 568 	569 	554
f 569 	570 	554
f 570 	571 	554
f 571 	572 	554
f 572 	573 	554
f 573 	574 	554
f 574 	575 	554
f 575 	576 	554
f 576 	577 	554
f 577 	578 	554
f 578 	579 	554
f 579 	580 	554
f 580 	581 	554
f 581 	582 	554
f 582 	583 	554
f 583 	584 	554
f 584 	585 	554
f 585 	586 	554
f 586 	587 	554
f 587 	588 	554
f 588 	589 	554
f 589 	590 	554
f 590 	591 	554
f 591 	592 	554
f 592 	593 	554
f 593 	594 	554
f 594 	595 	554
f 595 	596 	554
f 596 	597 	554
f 597 	598 	554
f 598 	599 	554
f 599 	600 	554
f 600 	552 	554
f 504 	503 	503
f 503 	506 	506
f 506 	507 	507
f 507 	508 	508
f 508 	509 	509
f 509 	510 	510
f 510 	511 	511
f 511 	512 	512
f 512 	513 	513
f 513 	514 	514
f 514 	515 	515
f 515 	516 	516
f 516 	517 	517
f 517 	518 	518
f 518 	519 	519
f 519 	520 	520
f 520 	521 	521
f 521 	522 	522
f 522 	523 	523
f 523 	524 	524
f 524 	525 	525
f 525 	526 	526
f 526 	527 	527
f 527 	528 	528
f 528 	529 	529
f 529 	530 	530
f 530 	531 	531
f 531 	532 	532
f 532 	533 	533
f 533 	534 	534
f 534 	535 	535
f 535 	536 	536
f 536 	537 	537
f 537 	538 	538
f 538 	539 	539
f 539 	540 	540
f 540 	541 	541
f 541 	542 	542
f 542 	543 	543
f 543 	544 	544
f 544 	545 	545
f 545 	546 	546
f 546 	547 	547
f 547 	548 	548
f 548 	549 	549
f 549 	550 	550
f 550 	551 	551
f 551 	504 	504
f 504 	503 	553
f 504 	553 	552
f 503 	506 	555
f 503 	555 	553
f 506 	507 	556
f 506 	556 	555
f 507 	508 	557
f 507 	557 	556
f 508 	509 	558
f 508 	558 	557
f 509 	510 	559
f 509 	559 	558
f 510 	511 	560
f 510 	560 	559
f 511 	512 	561
f 511 	561 	560
f 512 	513 	562
f 512 	562 	561
f 513 	514 	563
f 513 	563 	562
f 514 	515 	564
f 514 	564 	563
f 515 	516 	565
f 515 	565 	564
f 516 	517 	566
f 516 	566 	565
f 517 	518 	567
f 517 	567 	566
f 518 	519 	568
f 518 	568 	567
f 519 	520 	569
f 519 	569 	568
f 520 	521 	570
f 520 	570 	569
f 521 	522 	571
f 521 	571 	570
f 522 	523 	572
f 522 	572 	571
f 523 	524 	573
f 523 	573 	572
f 524 	525 	574
f 524 	574 	573
f 525 	526 	575
f 525 	575 	574
f 526 	527 	576
f 526 	576 	575
f 527 	528 	577
f 527 	577 	576
f 528 	529 	578
f 528 	578 	577
f 529 	530 	579
f 529 	579 	578
f 530 	531 	580
f 530 	580 	579
f 531 	532 	581
f 531 	581 	580
f 532 	533 	582
f 532 	582 	581
f 533 	534 	583
f 533 	583 	582
f 534 	535 	584
f 534 	584 	583
f 535 	536 	585
f 535 	585 	584
f 536 	537 	586
f 536 	586 	585
f 537 	538 	587
f 537 	587 	586
f 538 	539 	588
f 538 	588 	587
f 539 	540 	589
f 539 	589 	588
f 540 	541 	590
f 540 	590 	589
f 541 	542 	591
f 541 	591 	590
f 542 	543 	592
f 542 	592 	591
f 543 	544 	593
f 543 	593 	592
f 544 	545 	594
f 544 	594 	593
f 545 	546 	595
f 545 	595 	594
f 546 	547 	596
f 546 	596 	595
f 547 	548 	597
f 547 	597 	596
f 548 	549 	598
f 548 	598 	597
f 549 	550 	599
f 549 	599 	598
f 550 	551 	600
f 550 	600 	599
f 551 	504 	552
f 551 	552 	600
f 552 	553 	553
f 553 	555 	555
f 555 	556 	556
f 556 	557 	557
f 557 	558 	558
f 558 	559 	559
f 559 	560 	560
f 560 	561 	561
f 561 	562 	562
f 562 	563 	563
f 563 	564 	564
f 564 	565 	565
f 565 	566 	566
f 566 	567 	567
f 567 	568 	568
f 568 	569 	569
f 569 	570 	570
f 570 	571 	571
f 571 	572 	572
f 572 	573 	573
f 573 	574 	574
f 574 	575 	575
f 575 	576 	576
f 576 	577 	577
f 577 	578 	578
f 578 	579 	579
f 579 	580 	580
f 580 	581 	581
f 581 	582 	582
f 582 	583 	583
f 583 	584 	584
f 584 	585 	585
f 585 	586 	586
f 586 	587 	587
f 587 	588 	588
f 588 	589 	589
f 589 	590 	590
f 590 	591 	591
f 591 	592 	592
f 592 	593 	593
f 593 	594 	594
f 594 	595 	595
f 595 	596 	596
f 596 	597 	597
f 597 	598 	598
f 598 	599 	599
f 599 	600 	600
f 600 	552 	552
# 288 faces

 #end of obj_5

o obj_6
v 9 		6.0086 		1.1305
v 9 		6 		1
v 9 		7 		1
v 9 		6.0341 		1.2588
v 9 		6.0761 		1.3827
v 9 		6.134 		1.5
v 9 		6.2066 		1.6088
v 9 		6.2929 		1.7071
v 9 		6.3912 		1.7934
v 9 		6.5 		1.866
v 9 		6.6173 		1.9239
v 9 		6.7412 		1.9659
v 9 		6.8695 		1.9914
v 9 		7 		2
v 9 		7.1305 		1.9914
v 9 		7.2588 		1.9659
v 9 		7.3827 		1.9239
v 9 		7.5 		1.866
v 9 		7.6088 		1.7934
v 9 		7.7071 		1.7071
v 9 		7.7934 		1.6088
v 9 		7.866 		1.5
v 9 		7.9239 		1.3827
v 9 		7.9659 		1.2588
v 9 		7.9914 		1.1305
v 9 		8 		1
v 9 		7.9914 		0.8695
v 9 		7.9659 		0.7412
v 9 		7.9239 		0.6173
v 9 		7.866 		0.5
v 9 		7.7934 		0.3912
v 9 		7.7071 		0.2929
v 9 		7.6088 		0.2066
v 9 		7.5 		0.134
v 9 		7.3827 		0.0761
v 9 		7.2588 		0.0341
v 9 		7.1305 		0.0086
v 9 		7 		0
v 9 		6.8695 		0.0086
v 9 		6.7412 		0.0341
v 9 		6.6173 		0.0761
v 9 		6.5 		0.134
v 9 		6.3912 		0.2066
v 9 		6.2929 		0.2929
v 9 		6.2066 		0.3912
v 9 		6.134 		0.5
v 9 		6.0761 		0.6173
v 9 		6.0341 		0.7412
v 9 		6.0086 		0.8695
v 8.5 		6 		1
v 8.5 		6.0086 		1.1305
v 8.5 		7 		1
v 8.5 		6.0341 		1.2588
v 8.5 		6.0761 		1.3827
v 8.5 		6.134 		1.5
v 8.5 		6.2066 		1.6088
v 8.5 		6.2929 		1.7071
v 8.5 		6.3912 		1.7934
v 8.5 		6.5 		1.866
v 8.5 		6.6173 		1.9239
v 8.5 		6.7412 		1.9659
v 8.5 		6.8695 		1.9914
v 8.5 		7 		2
v 8.5 		7.1305 		1.9914
v 8.5 		7.2588 		1.9659
v 8.5 		7.3827 		1.9239
v 8.5 		7.5 		1.866
v 8.5 		7.6088 		1.7934
v 8.5 		7.7071 		1.7071
v 8.5 		7.7934 		1.6088
v 8.5 		7.866 		1.5
v 8.5 		7.9239 		1.3827
v 8.5 		7.9659 		1.2588
v 8.5 		7.9914 		1.1305
v 8.5 		8 		1
v 8.5 		7.9914 		0.8695
v 8.5 		7.9659 		0.7412
v 8.5 		7.9239 		0.6173
v 8.5 		7.866 		0.5
v 8.5 		7.7934 		0.3912
v 8.5 		7.7071 		0.2929
v 8.5 		7.6088 		0.2066
v 8.5 		7.5 		0.134
v 8.5 		7.3827 		0.0761
v 8.5 		7.2588 		0.0341
v 8.5 		7.1305 		0.0086
v 8.5 		7 		0
v 8.5 		6.8695 		0.0086
v 8.5 		6.7412 		0.0341
v 8.5 		6.6173 		0.0761
v 8.5 		6.5 		0.134
v 8.5 		6.3912 		0.2066
v 8.5 		6.2929 		0.2929
v 8.5 		6.2066 		0.3912
v 8.5 		6.134 		0.5
v 8.5 		6.0761 		0.6173
v 8.5 		6.0341 		0.7412
v 8.5 		6.0086 		0.8695
# 98 vertices

g group_6_10988977

usemtl color_10988977
s 0

f 601 	602 	603
f 604 	601 	603
f 605 	604 	603
f 606 	605 	603
f 607 	606 	603
f 608 	607 	603
f 609 	608 	603
f 610 	609 	603
f 611 	610 	603
f 612 	611 	603
f 613 	612 	603
f 614 	613 	603
f 615 	614 	603
f 616 	615 	603
f 617 	616 	603
f 618 	617 	603
f 619 	618 	603
f 620 	619 	603
f 621 	620 	603
f 622 	621 	603
f 623 	622 	603
f 624 	623 	603
f 625 	624 	603
f 626 	625 	603
f 627 	626 	603
f 628 	627 	603
f 629 	628 	603
f 630 	629 	603
f 631 	630 	603
f 632 	631 	603
f 633 	632 	603
f 634 	633 	603
f 635 	634 	603
f 636 	635 	603
f 637 	636 	603
f 638 	637 	603
f 639 	638 	603
f 640 	639 	603
f 641 	640 	603
f 642 	641 	603
f 643 	642 	603
f 644 	643 	603
f 645 	644 	603
f 646 	645 	603
f 647 	646 	603
f 648 	647 	603
f 649 	648 	603
f 602 	649 	603
f 650 	651 	652
f 651 	653 	652
f 653 	654 	652
f 654 	655 	652
f 655 	656 	652
f 656 	657 	652
f 657 	658 	652
f 658 	659 	652
f 659 	660 	652
f 660 	661 	652
f 661 	662 	652
f 662 	663 	652
f 663 	664 	652
f 664 	665 	652
f 665 	666 	652
f 666 	667 	652
f 667 	668 	652
f 668 	669 	652
f 669 	670 	652
f 670 	671 	652
f 671 	672 	652
f 672 	673 	652
f 673 	674 	652
f 674 	675 	652
f 675 	676 	652
f 676 	677 	652
f 677 	678 	652
f 678 	679 	652
f 679 	680 	652
f 680 	681 	652
f 681 	682 	652
f 682 	683 	652
f 683 	684 	652
f 684 	685 	652
f 685 	686 	652
f 686 	687 	652
f 687 	688 	652
f 688 	689 	652
f 689 	690 	652
f 690 	691 	652
f 691 	692 	652
f 692 	693 	652
f 693 	694 	652
f 694 	695 	652
f 695 	696 	652
f 696 	697 	652
f 697 	698 	652
f 698 	650 	652
f 602 	601 	601
f 601 	604 	604
f 604 	605 	605
f 605 	606 	606
f 606 	607 	607
f 607 	608 	608
f 608 	609 	609
f 609 	610 	610
f 610 	611 	611
f 611 	612 	612
f 612 	613 	613
f 613 	614 	614
f 614 	615 	615
f 615 	616 	616
f 616 	617 	617
f 617 	618 	618
f 618 	619 	619
f 619 	620 	620
f 620 	621 	621
f 621 	622 	622
f 622 	623 	623
f 623 	624 	624
f 624 	625 	625
f 625 	626 	626
f 626 	627 	627
f 627 	628 	628
f 628 	629 	629
f 629 	630 	630
f 630 	631 	631
f 631 	632 	632
f 632 	633 	633
f 633 	634 	634
f 634 	635 	635
f 635 	636 	636
f 636 	637 	637
f 637 	638 	638
f 638 	639 	639
f 639 	640 	640
f 640 	641 	641
f 641 	642 	642
f 642 	643 	643
f 643 	644 	644
f 644 	645 	645
f 645 	646 	646
f 646 	647 	647
f 647 	648 	648
f 648 	649 	649
f 649 	602 	602
f 602 	601 	651
f 602 	651 	650
f 601 	604 	653
f 601 	653 	651
f 604 	605 	654
f 604 	654 	653
f 605 	606 	655
f 605 	655 	654
f 606 	607 	656
f 606 	656 	655
f 607 	608 	657
f 607 	657 	656
f 608 	609 	658
f 608 	658 	657
f 609 	610 	659
f 609 	659 	658
f 610 	611 	660
f 610 	660 	659
f 611 	612 	661
f 611 	661 	660
f 612 	613 	662
f 612 	662 	661
f 613 	614 	663
f 613 	663 	662
f 614 	615 	664
f 614 	664 	663
f 615 	616 	665
f 615 	665 	664
f 616 	617 	666
f 616 	666 	665
f 617 	618 	667
f 617 	667 	666
f 618 	619 	668
f 618 	668 	667
f 619 	620 	669
f 619 	669 	668
f 620 	621 	670
f 620 	670 	669
f 621 	622 	671
f 621 	671 	670
f 622 	623 	672
f 622 	672 	671
f 623 	624 	673
f 623 	673 	672
f 624 	625 	674
f 624 	674 	673
f 625 	626 	675
f 625 	675 	674
f 626 	627 	676
f 626 	676 	675
f 627 	628 	677
f 627 	677 	676
f 628 	629 	678
f 628 	678 	677
f 629 	630 	679
f 629 	679 	678
f 630 	631 	680
f 630 	680 	679
f 631 	632 	681
f 631 	681 	680
f 632 	633 	682
f 632 	682 	681
f 633 	634 	683
f 633 	683 	682
f 634 	635 	684
f 634 	684 	683
f 635 	636 	685
f 635 	685 	684
f 636 	637 	686
f 636 	686 	685
f 637 	638 	687
f 637 	687 	686
f 638 	639 	688
f 638 	688 	687
f 639 	640 	689
f 639 	689 	688
f 640 	641 	690
f 640 	690 	689
f 641 	642 	691
f 641 	691 	690
f 642 	643 	692
f 642 	692 	691
f 643 	644 	693
f 643 	693 	692
f 644 	645 	694
f 644 	694 	693
f 645 	646 	695
f 645 	695 	694
f 646 	647 	696
f 646 	696 	695
f 647 	648 	697
f 647 	697 	696
f 648 	649 	698
f 648 	698 	697
f 649 	602 	650
f 649 	650 	698
f 650 	651 	651
f 651 	653 	653
f 653 	654 	654
f 654 	655 	655
f 655 	656 	656
f 656 	657 	657
f 657 	658 	658
f 658 	659 	659
f 659 	660 	660
f 660 	661 	661
f 661 	662 	662
f 662 	663 	663
f 663 	664 	664
f 664 	665 	665
f 665 	666 	666
f 666 	667 	667
f 667 	668 	668
f 668 	669 	669
f 669 	670 	670
f 670 	671 	671
f 671 	672 	672
f 672 	673 	673
f 673 	674 	674
f 674 	675 	675
f 675 	676 	676
f 676 	677 	677
f 677 	678 	678
f 678 	679 	679
f 679 	680 	680
f 680 	681 	681
f 681 	682 	682
f 682 	683 	683
f 683 	684 	684
f 684 	685 	685
f 685 	686 	686
f 686 	687 	687
f 687 	688 	688
f 688 	689 	689
f 689 	690 	690
f 690 	691 	691
f 691 	692 	692
f 692 	693 	693
f 693 	694 	694
f 694 	695 	695
f 695 	696 	696
f 696 	697 	697
f 697 	698 	698
f 698 	650 	650
# 288 faces

 #end of obj_6

o obj_7
v -8.5 		6.0086 		1.1305
v -8.5 		6 		1
v -8.5 		7 		1
v -8.5 		6.0341 		1.2588
v -8.5 		6.0761 		1.3827
v -8.5 		6.134 		1.5
v -8.5 		6.2066 		1.6088
v -8.5 		6.2929 		1.7071
v -8.5 		6.3912 		1.7934
v -8.5 		6.5 		1.866
v -8.5 		6.6173 		1.9239
v -8.5 		6.7412 		1.9659
v -8.5 		6.8695 		1.9914
v -8.5 		7 		2
v -8.5 		7.1305 		1.9914
v -8.5 		7.2588 		1.9659
v -8.5 		7.3827 		1.9239
v -8.5 		7.5 		1.866
v -8.5 		7.6088 		1.7934
v -8.5 		7.7071 		1.7071
v -8.5 		7.7934 		1.6088
v -8.5 		7.866 		1.5
v -8.5 		7.9239 		1.3827
v -8.5 		7.9659 		1.2588
v -8.5 		7.9914 		1.1305
v -8.5 		8 		1
v -8.5 		7.9914 		0.8695
v -8.5 		7.9659 		0.7412
v -8.5 		7.9239 		0.6173
v -8.5 		7.866 		0.5
v -8.5 		7.7934 		0.3912
v -8.5 		7.7071 		0.2929
v -8.5 		7.6088 		0.2066
v -8.5 		7.5 		0.134
v -8.5 		7.3827 		0.0761
v -8.5 		7.2588 		0.0341
v -8.5 		7.1305 		0.0086
v -8.5 		7 		0
v -8.5 		6.8695 		0.0086
v -8.5 		6.7412 		0.0341
v -8.5 		6.6173 		0.0761
v -8.5 		6.5 		0.134
v -8.5 		6.3912 		0.2066
v -8.5 		6.2929 		0.2929
v -8.5 		6.2066 		0.3912
v -8.5 		6.134 		0.5
v -8.5 		6.0761 		0.6173
v -8.5 		6.0341 		0.7412
v -8.5 		6.0086 		0.8695
v -9 		6 		1
v -9 		6.0086 		1.1305
v -9 		7 		1
v -9 		6.0341 		1.2588
v -9 		6.0761 		1.3827
v -9 		6.134 		1.5
v -9 		6.2066 		1.6088
v -9 		6.2929 		1.7071
v -9 		6.3912 		1.7934
v -9 		6.5 		1.866
v -9 		6.6173 		1.9239
v -9 		6.7412 		1.9659
v -9 		6.8695 		1.9914
v -9 		7 		2
v -9 		7.1305 		1.9914
v -9 		7.2588 		1.9659
v -9 		7.3827 		1.9239
v -9 		7.5 		1.866
v -9 		7.6088 		1.7934
v -9 		7.7071 		1.7071
v -9 		7.7934 		1.6088
v -9 		7.866 		1.5
v -9 		7.9239 		1.3827
v -9 		7.9659 		1.2588
v -9 		7.9914 		1.1305
v -9 		8 		1
v -9 		7.9914 		0.8695
v -9 		7.9659 		0.7412
v -9 		7.9239 		0.6173
v -9 		7.866 		0.5
v -9 		7.7934 		0.3912
v -9 		7.7071 		0.2929
v -9 		7.6088 		0.2066
v -9 		7.5 		0.134
v -9 		7.3827 		0.0761
v -9 		7.2588 		0.0341
v -9 		7.1305 		0.0086
v -9 		7 		0
v -9 		6.8695 		0.0086
v -9 		6.7412 		0.0341
v -9 		6.6173 		0.0761
v -9 		6.5 		0.134
v -9 		6.3912 		0.2066
v -9 		6.2929 		0.2929
v -9 		6.2066 		0.3912
v -9 		6.134 		0.5
v -9 		6.0761 		0.6173
v -9 		6.0341 		0.7412
v -9 		6.0086 		0.8695
# 98 vertices

g group_7_10988977

usemtl color_10988977
s 0

f 699 	700 	701
f 702 	699 	701
f 703 	702 	701
f 704 	703 	701
f 705 	704 	701
f 706 	705 	701
f 707 	706 	701
f 708 	707 	701
f 709 	708 	701
f 710 	709 	701
f 711 	710 	701
f 712 	711 	701
f 713 	712 	701
f 714 	713 	701
f 715 	714 	701
f 716 	715 	701
f 717 	716 	701
f 718 	717 	701
f 719 	718 	701
f 720 	719 	701
f 721 	720 	701
f 722 	721 	701
f 723 	722 	701
f 724 	723 	701
f 725 	724 	701
f 726 	725 	701
f 727 	726 	701
f 728 	727 	701
f 729 	728 	701
f 730 	729 	701
f 731 	730 	701
f 732 	731 	701
f 733 	732 	701
f 734 	733 	701
f 735 	734 	701
f 736 	735 	701
f 737 	736 	701
f 738 	737 	701
f 739 	738 	701
f 740 	739 	701
f 741 	740 	701
f 742 	741 	701
f 743 	742 	701
f 744 	743 	701
f 745 	744 	701
f 746 	745 	701
f 747 	746 	701
f 700 	747 	701
f 748 	749 	750
f 749 	751 	750
f 751 	752 	750
f 752 	753 	750
f 753 	754 	750
f 754 	755 	750
f 755 	756 	750
f 756 	757 	750
f 757 	758 	750
f 758 	759 	750
f 759 	760 	750
f 760 	761 	750
f 761 	762 	750
f 762 	763 	750
f 763 	764 	750
f 764 	765 	750
f 765 	766 	750
f 766 	767 	750
f 767 	768 	750
f 768 	769 	750
f 769 	770 	750
f 770 	771 	750
f 771 	772 	750
f 772 	773 	750
f 773 	774 	750
f 774 	775 	750
f 775 	776 	750
f 776 	777 	750
f 777 	778 	750
f 778 	779 	750
f 779 	780 	750
f 780 	781 	750
f 781 	782 	750
f 782 	783 	750
f 783 	784 	750
f 784 	785 	750
f 785 	786 	750
f 786 	787 	750
f 787 	788 	750
f 788 	789 	750
f 789 	790 	750
f 790 	791 	750
f 791 	792 	750
f 792 	793 	750
f 793 	794 	750
f 794 	795 	750
f 795 	796 	750
f 796 	748 	750
f 700 	699 	699
f 699 	702 	702
f 702 	703 	703
f 703 	704 	704
f 704 	705 	705
f 705 	706 	706
f 706 	707 	707
f 707 	708 	708
f 708 	709 	709
f 709 	710 	710
f 710 	711 	711
f 711 	712 	712
f 712 	713 	713
f 713 	714 	714
f 714 	715 	715
f 715 	716 	716
f 716 	717 	717
f 717 	718 	718
f 718 	719 	719
f 719 	720 	720
f 720 	721 	721
f 721 	722 	722
f 722 	723 	723
f 723 	724 	724
f 724 	725 	725
f 725 	726 	726
f 726 	727 	727
f 727 	728 	728
f 728 	729 	729
f 729 	730 	730
f 730 	731 	731
f 731 	732 	732
f 732 	733 	733
f 733 	734 	734
f 734 	735 	735
f 735 	736 	736
f 736 	737 	737
f 737 	738 	738
f 738 	739 	739
f 739 	740 	740
f 740 	741 	741
f 741 	742 	742
f 742 	743 	743
f 743 	744 	744
f 744 	745 	745
f 745 	746 	746
f 746 	747 	747
f 747 	700 	700
f 700 	699 	749
f 700 	749 	748
f 699 	702 	751
f 699 	751 	749
f 702 	703 	752
f 702 	752 	751
f 703 	704 	753
f 703 	753 	752
f 704 	705 	754
f 704 	754 	753
f 705 	706 	755
f 705 	755 	754
f 706 	707 	756
f 706 	756 	755
f 707 	708 	757
f 707 	757 	756
f 708 	709 	758
f 708 	758 	757
f 709 	710 	759
f 709 	759 	758
f 710 	711 	760
f 710 	760 	759
f 711 	712 	761
f 711 	761 	760
f 712 	713 	762
f 712 	762 	761
f 713 	714 	763
f 713 	763 	762
f 714 	715 	764
f 714 	764 	763
f 715 	716 	765
f 715 	765 	764
f 716 	717 	766
f 716 	766 	765
f 717 	718 	767
f 717 	767 	766
f 718 	719 	768
f 718 	768 	767
f 719 	720 	769
f 719 	769 	768
f 720 	721 	770
f 720 	770 	769
f 721 	722 	771
f 721 	771 	770
f 722 	723 	772
f 722 	772 	771
f 723 	724 	773
f 723 	773 	772
f 724 	725 	774
f 724 	774 	773
f 725 	726 	775
f 725 	775 	774
f 726 	727 	776
f 726 	776 	775
f 727 	728 	777
f 727 	777 	776
f 728 	729 	778
f 728 	778 	777
f 729 	730 	779
f 729 	779 	778
f 730 	731 	780
f 730 	780 	779
f 731 	732 	781
f 731 	781 	780
f 732 	733 	782
f 732 	782 	781
f 733 	734 	783
f 733 	783 	782
f 734 	735 	784
f 734 	784 	783
f 735 	736 	785
f 735 	785 	784
f 736 	737 	786
f 736 	786 	785
f 737 	738 	787
f 737 	787 	786
f 738 	739 	788
f 738 	788 	787
f 739 	740 	789
f 739 	789 	788
f 740 	741 	790
f 740 	790 	789
f 741 	742 	791
f 741 	791 	790
f 742 	743 	792
f 742 	792 	791
f 743 	744 	793
f 743 	793 	792
f 744 	745 	794
f 744 	794 	793
f 745 	746 	795
f 745 	795 	794
f 746 	747 	796
f 746 	796 	795
f 747 	700 	748
f 747 	748 	796
f 748 	749 	749
f 749 	751 	751
f 751 	752 	752
f 752 	753 	753
f 753 	754 	754
f 754 	755 	755
f 755 	756 	756
f 756 	757 	757
f 757 	758 	758
f 758 	759 	759
f 759 	760 	760
f 760 	761 	761
f 761 	762 	762
f 762 	763 	763
f 763 	764 	764
f 764 	765 	765
f 765 	766 	766
f 766 	767 	767
f 767 	768 	768
f 768 	769 	769
f 769 	770 	770
f 770 	771 	771
f 771 	772 	772
f 772 	773 	773
f 773 	774 	774
f 774 	775 	775
f 775 	776 	776
f 776 	777 	777
f 777 	778 	778
f 778 	779 	779
f 779 	780 	780
f 780 	781 	781
f 781 	782 	782
f 782 	783 	783
f 783 	784 	784
f 784 	785 	785
f 785 	786 	786
f 786 	787 	787
f 787 	788 	788
f 788 	789 	789
f 789 	790 	790
f 790 	791 	791
f 791 	792 	792
f 792 	793 	793
f 793 	794 	794
f 794 	795 	795
f 795 	796 	796
f 796 	748 	748
# 288 faces

 #end of obj_7

o obj_8
v -8.5 		0.0086 		1.1305
v -8.5 		0 		1
v -8.5 		1 		1
v -8.5 		0.0341 		1.2588
v -8.5 		0.0761 		1.3827
v -8.5 		0.134 		1.5
v -8.5 		0.2066 		1.6088
v -8.5 		0.2929 		1.7071
v -8.5 		0.3912 		1.7934
v -8.5 		0.5 		1.866
v -8.5 		0.6173 		1.9239
v -8.5 		0.7412 		1.9659
v -8.5 		0.8695 		1.9914
v -8.5 		1 		2
v -8.5 		1.1305 		1.9914
v -8.5 		1.2588 		1.9659
v -8.5 		1.3827 		1.9239
v -8.5 		1.5 		1.866
v -8.5 		1.6088 		1.7934
v -8.5 		1.7071 		1.7071
v -8.5 		1.7934 		1.6088
v -8.5 		1.866 		1.5
v -8.5 		1.9239 		1.3827
v -8.5 		1.9659 		1.2588
v -8.5 		1.9914 		1.1305
v -8.5 		2 		1
v -8.5 		1.9914 		0.8695
v -8.5 		1.9659 		0.7412
v -8.5 		1.9239 		0.6173
v -8.5 		1.866 		0.5
v -8.5 		1.7934 		0.3912
v -8.5 		1.7071 		0.2929
v -8.5 		1.6088 		0.2066
v -8.5 		1.5 		0.134
v -8.5 		1.3827 		0.0761
v -8.5 		1.2588 		0.0341
v -8.5 		1.1305 		0.0086
v -8.5 		1 		0
v -8.5 		0.8695 		0.0086
v -8.5 		0.7412 		0.0341
v -8.5 		0.6173 		0.0761
v -8.5 		0.5 		0.134
v -8.5 		0.3912 		0.2066
v -8.5 		0.2929 		0.2929
v -8.5 		0.2066 		0.3912
v -8.5 		0.134 		0.5
v -8.5 		0.0761 		0.6173
v -8.5 		0.0341 		0.7412
v -8.5 		0.0086 		0.8695
v -9 		0 		1
v -9 		0.0086 		1.1305
v -9 		1 		1
v -9 		0.0341 		1.2588
v -9 		0.0761 		1.3827
v -9 		0.134 		1.5
v -9 		0.2066 		1.6088
v -9 		0.2929 		1.7071
v -9 		0.3912 		1.7934
v -9 		0.5 		1.866
v -9 		0.6173 		1.9239
v -9 		0.7412 		1.9659
v -9 		0.8695 		1.9914
v -9 		1 		2
v -9 		1.1305 		1.9914
v -9 		1.2588 		1.9659
v -9 		1.3827 		1.9239
v -9 		1.5 		1.866
v -9 		1.6088 		1.7934
v -9 		1.7071 		1.7071
v -9 		1.7934 		1.6088
v -9 		1.866 		1.5
v -9 		1.9239 		1.3827
v -9 		1.9659 		1.2588
v -9 		1.9914 		1.1305
v -9 		2 		1
v -9 		1.9914 		0.8695
v -9 		1.9659 		0.7412
v -9 		1.9239 		0.6173
v -9 		1.866 		0.5
v -9 		1.7934 		0.3912
v -9 		1.7071 		0.2929
v -9 		1.6088 		0.2066
v -9 		1.5 		0.134
v -9 		1.3827 		0.0761
v -9 		1.2588 		0.0341
v -9 		1.1305 		0.0086
v -9 		1 		0
v -9 		0.8695 		0.0086
v -9 		0.7412 		0.0341
v -9 		0.6173 		0.0761
v -9 		0.5 		0.134
v -9 		0.3912 		0.2066
v -9 		0.2929 		0.2929
v -9 		0.2066 		0.3912
v -9 		0.134 		0.5
v -9 		0.0761 		0.6173
v -9 		0.0341 		0.7412
v -9 		0.0086 		0.8695
# 98 vertices

g group_8_10988977

usemtl color_10988977
s 0

f 797 	798 	799
f 800 	797 	799
f 801 	800 	799
f 802 	801 	799
f 803 	802 	799
f 804 	803 	799
f 805 	804 	799
f 806 	805 	799
f 807 	806 	799
f 808 	807 	799
f 809 	808 	799
f 810 	809 	799
f 811 	810 	799
f 812 	811 	799
f 813 	812 	799
f 814 	813 	799
f 815 	814 	799
f 816 	815 	799
f 817 	816 	799
f 818 	817 	799
f 819 	818 	799
f 820 	819 	799
f 821 	820 	799
f 822 	821 	799
f 823 	822 	799
f 824 	823 	799
f 825 	824 	799
f 826 	825 	799
f 827 	826 	799
f 828 	827 	799
f 829 	828 	799
f 830 	829 	799
f 831 	830 	799
f 832 	831 	799
f 833 	832 	799
f 834 	833 	799
f 835 	834 	799
f 836 	835 	799
f 837 	836 	799
f 838 	837 	799
f 839 	838 	799
f 840 	839 	799
f 841 	840 	799
f 842 	841 	799
f 843 	842 	799
f 844 	843 	799
f 845 	844 	799
f 798 	845 	799
f 846 	847 	848
f 847 	849 	848
f 849 	850 	848
f 850 	851 	848
f 851 	852 	848
f 852 	853 	848
f 853 	854 	848
f 854 	855 	848
f 855 	856 	848
f 856 	857 	848
f 857 	858 	848
f 858 	859 	848
f 859 	860 	848
f 860 	861 	848
f 861 	862 	848
f 862 	863 	848
f 863 	864 	848
f 864 	865 	848
f 865 	866 	848
f 866 	867 	848
f 867 	868 	848
f 868 	869 	848
f 869 	870 	848
f 870 	871 	848
f 871 	872 	848
f 872 	873 	848
f 873 	874 	848
f 874 	875 	848
f 875 	876 	848
f 876 	877 	848
f 877 	878 	848
f 878 	879 	848
f 879 	880 	848
f 880 	881 	848
f 881 	882 	848
f 882 	883 	848
f 883 	884 	848
f 884 	885 	848
f 885 	886 	848
f 886 	887 	848
f 887 	888 	848
f 888 	889 	848
f 889 	890 	848
f 890 	891 	848
f 891 	892 	848
f 892 	893 	848
f 893 	894 	848
f 894 	846 	848
f 798 	797 	797
f 797 	800 	800
f 800 	801 	801
f 801 	802 	802
f 802 	803 	803
f 803 	804 	804
f 804 	805 	805
f 805 	806 	806
f 806 	807 	807
f 807 	808 	808
f 808 	809 	809
f 809 	810 	810
f 810 	811 	811
f 811 	812 	812
f 812 	813 	813
f 813 	814 	814
f 814 	815 	815
f 815 	816 	816
f 816 	817 	817
f 817 	818 	818
f 818 	819 	819
f 819 	820 	820
f 820 	821 	821
f 821 	822 	822
f 822 	823 	823
f 823 	824 	824
f 824 	825 	825
f 825 	826 	826
f 826 	827 	827
f 827 	828 	828
f 828 	829 	829
f 829 	830 	830
f 830 	831 	831
f 831 	832 	832
f 832 	833 	833
f 833 	834 	834
f 834 	835 	835
f 835 	836 	836
f 836 	837 	837
f 837 	838 	838
f 838 	839 	839
f 839 	840 	840
f 840 	841 	841
f 841 	842 	842
f 842 	843 	843
f 843 	844 	844
f 844 	845 	845
f 845 	798 	798
f 798 	797 	847
f 798 	847 	846
f 797 	800 	849
f 797 	849 	847
f 800 	801 	850
f 800 	850 	849
f 801 	802 	851
f 801 	851 	850
f 802 	803 	852
f 802 	852 	851
f 803 	804 	853
f 803 	853 	852
f 804 	805 	854
f 804 	854 	853
f 805 	806 	855
f 805 	855 	854
f 806 	807 	856
f 806 	856 	855
f 807 	808 	857
f 807 	857 	856
f 808 	809 	858
f 808 	858 	857
f 809 	810 	859
f 809 	859 	858
f 810 	811 	860
f 810 	860 	859
f 811 	812 	861
f 811 	861 	860
f 812 	813 	862
f 812 	862 	861
f 813 	814 	863
f 813 	863 	862
f 814 	815 	864
f 814 	864 	863
f 815 	816 	865
f 815 	865 	864
f 816 	817 	866
f 816 	866 	865
f 817 	818 	867
f 817 	867 	866
f 818 	819 	868
f 818 	868 	867
f 819 	820 	869
f 819 	869 	868
f 820 	821 	870
f 820 	870 	869
f 821 	822 	871
f 821 	871 	870
f 822 	823 	872
f 822 	872 	871
f 823 	824 	873
f 823 	873 	872
f 824 	825 	874
f 824 	874 	873
f 825 	826 	875
f 825 	875 	874
f 826 	827 	876
f 826 	876 	875
f 827 	828 	877
f 827 	877 	876
f 828 	829 	878
f 828 	878 	877
f 829 	830 	879
f 829 	879 	878
f 830 	831 	880
f 830 	880 	879
f 831 	832 	881
f 831 	881 	880
f 832 	833 	882
f 832 	882 	881
f 833 	834 	883
f 833 	883 	882
f 834 	835 	884
f 834 	884 	883
f 835 	836 	885
f 835 	885 	884
f 836 	837 	886
f 836 	886 	885
f 837 	838 	887
f 837 	887 	886
f 838 	839 	888
f 838 	888 	887
f 839 	840 	889
f 839 	889 	888
f 840 	841 	890
f 840 	890 	889
f 841 	842 	891
f 841 	891 	890
f 842 	843 	892
f 842 	892 	891
f 843 	844 	893
f 843 	893 	892
f 844 	845 	894
f 844 	894 	893
f 845 	798 	846
f 845 	846 	894
f 846 	847 	847
f 847 	849 	849
f 849 	850 	850
f 850 	851 	851
f 851 	852 	852
f 852 	853 	853
f 853 	854 	854
f 854 	855 	855
f 855 	856 	856
f 856 	857 	857
f 857 	858 	858
f 858 	859 	859
f 859 	860 	860
f 860 	861 	861
f 861 	862 	862
f 862 	863 	863
f 863 	864 	864
f 864 	865 	865
f 865 	866 	866
f 866 	867 	867
f 867 	868 	868
f 868 	869 	869
f 869 	870 	870
f 870 	871 	871
f 871 	872 	872
f 872 	873 	873
f 873 	874 	874
f 874 	875 	875
f 875 	876 	876
f 876 	877 	877
f 877 	878 	878
f 878 	879 	879
f 879 	880 	880
f 880 	881 	881
f 881 	882 	882
f 882 	883 	883
f 883 	884 	884
f 884 	885 	885
f 885 	886 	886
f 886 	887 	887
f 887 	888 	888
f 888 	889 	889
f 889 	890 	890
f 890 	891 	891
f 891 	892 	892
f 892 	893 	893
f 893 	894 	894
f 894 	846 	846
# 288 faces

 #end of obj_8

o obj_9
v -8.5 		-5.9914 		1.1305
v -8.5 		-6 		1
v -8.5 		-5 		1
v -8.5 		-5.9659 		1.2588
v -8.5 		-5.9239 		1.3827
v -8.5 		-5.866 		1.5
v -8.5 		-5.7934 		1.6088
v -8.5 		-5.7071 		1.7071
v -8.5 		-5.6088 		1.7934
v -8.5 		-5.5 		1.866
v -8.5 		-5.3827 		1.9239
v -8.5 		-5.2588 		1.9659
v -8.5 		-5.1305 		1.9914
v -8.5 		-5 		2
v -8.5 		-4.8695 		1.9914
v -8.5 		-4.7412 		1.9659
v -8.5 		-4.6173 		1.9239
v -8.5 		-4.5 		1.866
v -8.5 		-4.3912 		1.7934
v -8.5 		-4.2929 		1.7071
v -8.5 		-4.2066 		1.6088
v -8.5 		-4.134 		1.5
v -8.5 		-4.0761 		1.3827
v -8.5 		-4.0341 		1.2588
v -8.5 		-4.0086 		1.1305
v -8.5 		-4 		1
v -8.5 		-4.0086 		0.8695
v -8.5 		-4.0341 		0.7412
v -8.5 		-4.0761 		0.6173
v -8.5 		-4.134 		0.5
v -8.5 		-4.2066 		0.3912
v -8.5 		-4.2929 		0.2929
v -8.5 		-4.3912 		0.2066
v -8.5 		-4.5 		0.134
v -8.5 		-4.6173 		0.0761
v -8.5 		-4.7412 		0.0341
v -8.5 		-4.8695 		0.0086
v -8.5 		-5 		0
v -8.5 		-5.1305 		0.0086
v -8.5 		-5.2588 		0.0341
v -8.5 		-5.3827 		0.0761
v -8.5 		-5.5 		0.134
v -8.5 		-5.6088 		0.2066
v -8.5 		-5.7071 		0.2929
v -8.5 		-5.7934 		0.3912
v -8.5 		-5.866 		0.5
v -8.5 		-5.9239 		0.6173
v -8.5 		-5.9659 		0.7412
v -8.5 		-5.9914 		0.8695
v -9 		-6 		1
v -9 		-5.9914 		1.1305
v -9 		-5 		1
v -9 		-5.9659 		1.2588
v -9 		-5.9239 		1.3827
v -9 		-5.866 		1.5
v -9 		-5.7934 		1.6088
v -9 		-5.7071 		1.7071
v -9 		-5.6088 		1.7934
v -9 		-5.5 		1.866
v -9 		-5.3827 		1.9239
v -9 		-5.2588 		1.9659
v -9 		-5.1305 		1.9914
v -9 		-5 		2
v -9 		-4.8695 		1.9914
v -9 		-4.7412 		1.9659
v -9 		-4.6173 		1.9239
v -9 		-4.5 		1.866
v -9 		-4.3912 		1.7934
v -9 		-4.2929 		1.7071
v -9 		-4.2066 		1.6088
v -9 		-4.134 		1.5
v -9 		-4.0761 		1.3827
v -9 		-4.0341 		1.2588
v -9 		-4.0086 		1.1305
v -9 		-4 		1
v -9 		-4.0086 		0.8695
v -9 		-4.0341 		0.7412
v -9 		-4.0761 		0.6173
v -9 		-4.134 		0.5
v -9 		-4.2066 		0.3912
v -9 		-4.2929 		0.2929
v -9 		-4.3912 		0.2066
v -9 		-4.5 		0.134
v -9 		-4.6173 		0.0761
v -9 		-4.7412 		0.0341
v -9 		-4.8695 		0.0086
v -9 		-5 		0
v -9 		-5.1305 		0.0086
v -9 		-5.2588 		0.0341
v -9 		-5.3827 		0.0761
v -9 		-5.5 		0.134
v -9 		-5.6088 		0.2066
v -9 		-5.7071 		0.2929
v -9 		-5.7934 		0.3912
v -9 		-5.866 		0.5
v -9 		-5.9239 		0.6173
v -9 		-5.9659 		0.7412
v -9 		-5.9914 		0.8695
# 98 vertices

g group_9_10988977

usemtl color_10988977
s 0

f 895 	896 	897
f 898 	895 	897
f 899 	898 	897
f 900 	899 	897
f 901 	900 	897
f 902 	901 	897
f 903 	902 	897
f 904 	903 	897
f 905 	904 	897
f 906 	905 	897
f 907 	906 	897
f 908 	907 	897
f 909 	908 	897
f 910 	909 	897
f 911 	910 	897
f 912 	911 	897
f 913 	912 	897
f 914 	913 	897
f 915 	914 	897
f 916 	915 	897
f 917 	916 	897
f 918 	917 	897
f 919 	918 	897
f 920 	919 	897
f 921 	920 	897
f 922 	921 	897
f 923 	922 	897
f 924 	923 	897
f 925 	924 	897
f 926 	925 	897
f 927 	926 	897
f 928 	927 	897
f 929 	928 	897
f 930 	929 	897
f 931 	930 	897
f 932 	931 	897
f 933 	932 	897
f 934 	933 	897
f 935 	934 	897
f 936 	935 	897
f 937 	936 	897
f 938 	937 	897
f 939 	938 	897
f 940 	939 	897
f 941 	940 	897
f 942 	941 	897
f 943 	942 	897
f 896 	943 	897
f 944 	945 	946
f 945 	947 	946
f 947 	948 	946
f 948 	949 	946
f 949 	950 	946
f 950 	951 	946
f 951 	952 	946
f 952 	953 	946
f 953 	954 	946
f 954 	955 	946
f 955 	956 	946
f 956 	957 	946
f 957 	958 	946
f 958 	959 	946
f 959 	960 	946
f 960 	961 	946
f 961 	962 	946
f 962 	963 	946
f 963 	964 	946
f 964 	965 	946
f 965 	966 	946
f 966 	967 	946
f 967 	968 	946
f 968 	969 	946
f 969 	970 	946
f 970 	971 	946
f 971 	972 	946
f 972 	973 	946
f 973 	974 	946
f 974 	975 	946
f 975 	976 	946
f 976 	977 	946
f 977 	978 	946
f 978 	979 	946
f 979 	980 	946
f 980 	981 	946
f 981 	982 	946
f 982 	983 	946
f 983 	984 	946
f 984 	985 	946
f 985 	986 	946
f 986 	987 	946
f 987 	988 	946
f 988 	989 	946
f 989 	990 	946
f 990 	991 	946
f 991 	992 	946
f 992 	944 	946
f 896 	895 	895
f 895 	898 	898
f 898 	899 	899
f 899 	900 	900
f 900 	901 	901
f 901 	902 	902
f 902 	903 	903
f 903 	904 	904
f 904 	905 	905
f 905 	906 	906
f 906 	907 	907
f 907 	908 	908
f 908 	909 	909
f 909 	910 	910
f 910 	911 	911
f 911 	912 	912
f 912 	913 	913
f 913 	914 	914
f 914 	915 	915
f 915 	916 	916
f 916 	917 	917
f 917 	918 	918
f 918 	919 	919
f 919 	920 	920
f 920 	921 	921
f 921 	922 	922
f 922 	923 	923
f 923 	924 	924
f 924 	925 	925
f 925 	926 	926
f 926 	927 	927
f 927 	928 	928
f 928 	929 	929
f 929 	930 	930
f 930 	931 	931
f 931 	932 	932
f 932 	933 	933
f 933 	934 	934
f 934 	935 	935
f 935 	936 	936
f 936 	937 	937
f 937 	938 	938
f 938 	939 	939
f 939 	940 	940
f 940 	941 	941
f 941 	942 	942
f 942 	943 	943
f 943 	896 	896
f 896 	895 	945
f 896 	945 	944
f 895 	898 	947
f 895 	947 	945
f 898 	899 	948
f 898 	948 	947
f 899 	900 	949
f 899 	949 	948
f 900 	901 	950
f 900 	950 	949
f 901 	902 	951
f 901 	951 	950
f 902 	903 	952
f 902 	952 	951
f 903 	904 	953
f 903 	953 	952
f 904 	905 	954
f 904 	954 	953
f 905 	906 	955
f 905 	955 	954
f 906 	907 	956
f 906 	956 	955
f 907 	908 	957
f 907 	957 	956
f 908 	909 	958
f 908 	958 	957
f 909 	910 	959
f 909 	959 	958
f 910 	911 	960
f 910 	960 	959
f 911 	912 	961
f 911 	961 	960
f 912 	913 	962
f 912 	962 	961
f 913 	914 	963
f 913 	963 	962
f 914 	915 	964
f 914 	964 	963
f 915 	916 	965
f 915 	965 	964
f 916 	917 	966
f 916 	966 	965
f 917 	918 	967
f 917 	967 	966
f 918 	919 	968
f 918 	968 	967
f 919 	920 	969
f 919 	969 	968
f 920 	921 	970
f 920 	970 	969
f 921 	922 	971
f 921 	971 	970
f 922 	923 	972
f 922 	972 	971
f 923 	924 	973
f 923 	973 	972
f 924 	925 	974
f 924 	974 	973
f 925 	926 	975
f 925 	975 	974
f 926 	927 	976
f 926 	976 	975
f 927 	928 	977
f 927 	977 	976
f 928 	929 	978
f 928 	978 	977
f 929 	930 	979
f 929 	979 	978
f 930 	931 	980
f 930 	980 	979
f 931 	932 	981
f 931 	981 	980
f 932 	933 	982
f 932 	982 	981
f 933 	934 	983
f 933 	983 	982
f 934 	935 	984
f 934 	984 	983
f 935 	936 	985
f 935 	985 	984
f 936 	937 	986
f 936 	986 	985
f 937 	938 	987
f 937 	987 	986
f 938 	939 	988
f 938 	988 	987
f 939 	940 	989
f 939 	989 	988
f 940 	941 	990
f 940 	990 	989
f 941 	942 	991
f 941 	991 	990
f 942 	943 	992
f 942 	992 	991
f 943 	896 	944
f 943 	944 	992
f 944 	945 	945
f 945 	947 	947
f 947 	948 	948
f 948 	949 	949
f 949 	950 	950
f 950 	951 	951
f 951 	952 	952
f 952 	953 	953
f 953 	954 	954
f 954 	955 	955
f 955 	956 	956
f 956 	957 	957
f 957 	958 	958
f 958 	959 	959
f 959 	960 	960
f 960 	961 	961
f 961 	962 	962
f 962 	963 	963
f 963 	964 	964
f 964 	965 	965
f 965 	966 	966
f 966 	967 	967
f 967 	968 	968
f 968 	969 	969
f 969 	970 	970
f 970 	971 	971
f 971 	972 	972
f 972 	973 	973
f 973 	974 	974
f 974 	975 	975
f 975 	976 	976
f 976 	977 	977
f 977 	978 	978
f 978 	979 	979
f 979 	980 	980
f 980 	981 	981
f 981 	982 	982
f 982 	983 	983
f 983 	984 	984
f 984 	985 	985
f 985 	986 	986
f 986 	987 	987
f 987 	988 	988
f 988 	989 	989
f 989 	990 	990
f 990 	991 	991
f 991 	992 	992
f 992 	944 	944
# 288 faces

 #end of obj_9

o obj_10
v -8.5 		0.825 		15.344
v -8.5 		-0.084 		8.305
v -8.25 		-0.084 		8.305
v -8.5 		-0.052 		8.335
v -8.25 		-0.052 		8.335
v -8.5 		-0.363 		7.849
v -8.25 		-0.363 		7.849
v -8.25 		-0.402 		7.815
v -8.5 		-0.402 		7.815
v -8.5 		-0.215 		7.98
v -8.25 		-0.215 		7.98
v -8.25 		-0.252 		7.948
v -8.5 		-0.252 		7.948
v -8.5 		0.825 		9.189
v -8.5 		-7.451 		3.211
v -8.25 		-7.451 		3.211
v -8.25 		-7.464 		3.204
v -8.5 		-7.464 		3.204
v -8.5 		0.77 		9.133
v -8.5 		0.778 		9.14
v -8.5 		-7.527 		3.326
v -8.5 		5.587 		5.559
v -8.25 		5.587 		5.559
v -8.25 		-7.527 		3.326
v -8.25 		9.903 		3
v -8.5 		0.785 		9.148
v -8.5 		0.806 		9.169
v -8.25 		9.902 		3.001
v -8.25 		9.902 		3
v -8.25 		-0.144 		8.045
v -8.5 		-0.144 		8.045
v -8.5 		0.812 		9.176
v -8.5 		5.529 		5.598
v -8.25 		5.529 		5.598
v -8.5 		0.732 		9.094
v -8.5 		0.763 		9.125
v -8.5 		0.872 		9.015
v -8.5 		0.864 		9.006
v -8.5 		0.847 		8.989
v -8.5 		0.839 		8.98
v -8.5 		0.803 		8.944
v -8.5 		0.793 		8.935
v -8.5 		0.784 		8.925
v -8.5 		0.617 		8.977
v -8.5 		0.636 		8.997
v -8.5 		0.645 		9.006
v -8.5 		0.655 		9.015
v -8.25 		-0.021 		8.364
v -8.25 		-0.18 		8.013
v -8.5 		-0.18 		8.013
v -8.25 		5.414 		5.675
v -8.5 		5.414 		5.675
v -8.5 		-7.553 		3.314
v -8.5 		5.298 		5.753
v -8.25 		-7.553 		3.314
v -8.25 		5.298 		5.753
v -8.5 		0.682 		9.042
v -8.25 		-0.109 		8.076
v -8.25 		-0.074 		8.108
v -8.5 		5.471 		5.636
v -8.25 		5.471 		5.636
v -8.5 		-7.604 		3.29
v -8.5 		0.69 		9.051
v -8.25 		-7.604 		3.29
v -8.5 		0.724 		9.085
v -8.5 		-0.394 		8.025
v -8.25 		-0.394 		8.025
v -8.5 		-0.467 		7.959
v -8.5 		-7.566 		3.307
v -8.5 		-7.579 		3.301
v -8.25 		-7.579 		3.301
v -8.5 		0.535 		8.896
v -8.5 		0.557 		8.917
v -8.25 		-0.467 		7.959
v -8.25 		4.651 		6.027
v -8.25 		-7.566 		3.307
v -8.5 		4.651 		6.027
v -8.5 		-0.43 		7.992
v -8.5 		-7.591 		3.295
v -8.25 		-0.43 		7.992
v -8.25 		-7.591 		3.295
v -8.5 		0.577 		8.938
v -8.5 		0.597 		8.958
v -8.5 		9.856 		3.072
v -8.5 		-7.64 		3.272
v -8.5 		-7.651 		3.267
v -8.25 		-7.651 		3.267
v -8.25 		-7.64 		3.272
v -8.25 		9.731 		3.079
v -8.5 		-7.663 		3.261
v -8.5 		9.731 		3.079
v -8.25 		-7.663 		3.261
v -8.25 		4.78 		6.115
v -8.5 		-0.44 		7.781
v -8.25 		-0.44 		7.781
v -8.25 		9.854 		3.172
v -8.25 		9.847 		3.175
v -8.5 		4.78 		6.115
v -8.5 		9.814 		3.191
v -8.5 		9.83 		3.183
v -8.5 		0.683 		8.824
v -8.5 		0.661 		8.803
v -8.25 		9.839 		3.179
v -8.25 		9.83 		3.183
v -8.5 		-0.543 		7.893
v -8.25 		-0.543 		7.893
v -8.5 		0.639 		8.781
v -8.5 		0.616 		8.759
v -8.25 		4.836 		6.075
v -8.5 		4.836 		6.075
v -8.5 		-0.581 		7.859
v -8.5 		0.593 		8.736
v -8.5 		9.805 		3.045
v -8.5 		0.569 		8.713
v -8.5 		4.893 		6.034
v -8.25 		4.893 		6.034
v -8.5 		0.545 		8.689
v -8.25 		-0.581 		7.859
v -8.5 		9.829 		3.034
v -8.5 		9.823 		3.036
v -8.25 		9.814 		3.191
v -8.5 		-7.55 		3.163
v -8.5 		0.492 		8.853
v -8.25 		-7.55 		3.163
v -8.25 		4.612 		6.236
v -8.5 		4.612 		6.236
v -8.5 		-7.514 		3.18
v -8.25 		-7.514 		3.18
v -8.5 		9.834 		3.031
v -8.25 		-7.526 		3.175
v -8.5 		0.495 		8.641
v -8.5 		-7.526 		3.175
v -8.5 		9.84 		3.029
v -8.25 		9.805 		3.045
v -8.5 		-0.639 		7.608
v -8.5 		9.845 		3.026
v -8.25 		-0.639 		7.608
v -8.5 		-7.489 		3.192
v -8.25 		-0.68 		7.573
v -8.25 		-7.489 		3.192
v -8.5 		-0.68 		7.573
v -8.25 		-7.502 		3.186
v -8.5 		-7.502 		3.186
v -8.25 		9.823 		3.036
v -8.5 		0.443 		8.591
v -8.25 		9.829 		3.034
v -8.5 		4.723 		6.155
v -8.25 		4.723 		6.155
v -8.5 		9.85 		3.024
v -8.25 		-7.477 		3.198
v -8.5 		-7.477 		3.198
v -8.5 		0.216 		8.587
v -8.25 		9.834 		3.031
v -8.5 		4.667 		6.195
v -8.25 		9.84 		3.029
v -8.25 		4.667 		6.195
v -8.5 		9.854 		3.022
v -8.5 		-0.558 		7.678
v -8.25 		-0.558 		7.678
v -8.25 		-0.599 		7.643
v -8.5 		-0.599 		7.643
v -8.25 		9.845 		3.026
v -8.25 		9.85 		3.024
v -8.5 		0.244 		8.613
v -8.25 		4.262 		6.31
v -8.5 		4.262 		6.31
v -8.25 		-0.518 		7.713
v -8.5 		-0.518 		7.713
v -8.5 		0.271 		8.639
v -8.5 		0.349 		8.714
v -8.5 		0.374 		8.738
v -8.5 		9.755 		3.068
v -8.25 		4.208 		6.35
v -8.5 		9.747 		3.071
v -8.5 		4.208 		6.35
v -8.25 		9.854 		3.022
v -8.5 		0.398 		8.762
v -8.5 		0.446 		8.808
v -8.5 		-7.667 		3.108
v -8.25 		-7.667 		3.108
v -8.25 		-7.677 		3.104
v -8.5 		-7.677 		3.104
v -8.25 		4.155 		6.39
v -8.5 		4.155 		6.39
v -8.5 		9.77 		3.061
v -8.5 		-7.648 		3.117
v -8.5 		0.469 		8.831
v -8.25 		-7.648 		3.117
v -8.25 		-0.861 		7.616
v -8.25 		-7.658 		3.113
v -8.5 		9.763 		3.064
v -8.25 		-0.903 		7.581
v -8.5 		-7.658 		3.113
v -8.25 		4.101 		6.431
v -8.25 		9.747 		3.071
v -8.25 		9.755 		3.068
v -8.5 		4.101 		6.431
v -8.5 		-7.627 		3.127
v -8.25 		-7.627 		3.127
v -8.25 		-7.638 		3.122
v -8.5 		9.777 		3.057
v -8.5 		-0.739 		7.722
v -8.25 		-0.739 		7.722
v -8.5 		9.785 		3.054
v -8.25 		-0.779 		7.687
v -8.25 		-0.82 		7.652
v -8.25 		9.763 		3.064
v -8.5 		-7.638 		3.122
v -8.5 		0.305 		8.459
v -8.5 		-0.779 		7.687
v -8.25 		9.77 		3.061
v -8.5 		0.276 		8.432
v -8.5 		-0.82 		7.652
v -8.5 		-7.584 		3.147
v -8.25 		-7.584 		3.147
v -8.5 		9.791 		3.051
v -8.5 		0.389 		8.539
v -8.5 		0.361 		8.513
v -8.25 		-7.617 		3.132
v -8.5 		-0.861 		7.616
v -8.5 		-7.617 		3.132
v -8.5 		-0.903 		7.581
v -8.5 		4.502 		6.316
v -8.25 		9.777 		3.057
v -8.25 		4.502 		6.316
v -8.25 		-0.699 		7.756
v -8.25 		-7.562 		3.158
v -8.25 		9.785 		3.054
v -8.5 		-7.562 		3.158
v -8.5 		9.5 		3.339
v -8.5 		9.514 		3.333
v -8.5 		4.448 		6.356
v -8.25 		4.448 		6.356
v -8.5 		0.216 		8.376
v -8.5 		9.473 		3.352
v -8.25 		-7.573 		3.153
v -8.25 		9.791 		3.051
v -8.5 		-7.573 		3.153
v -8.25 		4.34 		6.436
v -8.5 		4.34 		6.436
v -8.25 		-0.659 		7.791
v -8.5 		0.041 		8.422
v -8.5 		0.072 		8.45
v -8.5 		-0.659 		7.791
v -8.5 		4.393 		6.396
v -8.25 		4.393 		6.396
v -8.25 		9.514 		3.333
v -8.25 		9.5 		3.339
v -8.5 		0.011 		8.393
v -8.25 		-0.806 		7.465
v -8.5 		-0.699 		7.756
v -8.5 		9.663 		3.261
v -8.25 		-0.892 		7.393
v -8.5 		9.718 		3.236
v -8.25 		-0.945 		7.545
v -8.25 		9.473 		3.352
v -8.5 		9.64 		3.272
v -8.5 		9.651 		3.267
v -8.25 		9.901 		3.001
v -8.5 		0.102 		8.478
v -8.25 		4.233 		6.516
v -8.5 		4.233 		6.516
v -8.25 		-1.024 		7.283
v -8.5 		0.131 		8.506
v -8.5 		0.16 		8.533
v -8.25 		-0.98 		7.319
v -8.25 		9.718 		3.236
v -8.25 		9.663 		3.261
v -8.5 		9.604 		3.29
v -8.5 		4.286 		6.476
v -8.25 		9.896 		3.003
v -8.5 		-7.718 		3.236
v -8.5 		-0.98 		7.319
v -8.25 		9.651 		3.267
v -8.25 		-7.718 		3.236
v -8.25 		9.64 		3.272
v -8.25 		4.286 		6.476
v -8.5 		-1.024 		7.283
v -8.5 		0.186 		8.347
v -8.5 		-7.748 		3.221
v -8.5 		-7.758 		3.217
v -8.25 		-7.758 		3.217
v -8.25 		-7.748 		3.221
v -8.25 		9.604 		3.29
v -8.5 		-0.806 		7.465
v -8.25 		9.89 		3.006
v -8.25 		4.594 		6.068
v -8.25 		9.887 		3.007
v -8.5 		-0.892 		7.393
v -8.25 		4.538 		6.108
v -8.5 		4.538 		6.108
v -8.5 		4.594 		6.068
v -8.5 		-7.768 		3.212
v -8.5 		-7.777 		3.208
v -8.25 		-7.777 		3.208
v -8.25 		9.6 		3.2
v -8.25 		-7.768 		3.212
v -8.5 		9.591 		3.295
v -8.25 		9.884 		3.009
v -8.5 		-7.787 		3.203
v -8.25 		9.878 		3.011
v -8.5 		0.155 		8.318
v -8.5 		0.123 		8.289
v -8.25 		-1.162 		7.363
v -8.25 		-7.787 		3.203
v -8.25 		9.591 		3.295
v -8.5 		9.566 		3.307
v -8.5 		9.579 		3.301
v -8.5 		0.092 		8.26
v -8.5 		0.059 		8.23
v -8.25 		4.482 		6.149
v -8.25 		-1.074 		7.436
v -8.25 		9.871 		3.015
v -8.25 		4.427 		6.189
v -8.25 		-1.118 		7.4
v -8.25 		9.867 		3.016
v -8.5 		4.427 		6.189
v -8.5 		4.482 		6.149
v -8.25 		9.579 		3.301
v -8.5 		-0.945 		7.545
v -8.5 		9.527 		3.326
v -8.5 		9.553 		3.314
v -8.25 		9.566 		3.307
v -8.25 		4.371 		6.23
v -8.5 		4.371 		6.23
v -8.5 		0.027 		8.2
v -8.25 		9.859 		3.02
v -8.25 		9.553 		3.314
v -8.25 		9.527 		3.326
v -8.25 		-1.031 		7.473
v -8.5 		-0.007 		8.169
v -8.5 		-0.04 		8.139
v -8.25 		-7.722 		3.083
v -8.25 		-7.731 		3.079
v -8.25 		-1.069 		7.245
v -8.25 		-1.114 		7.208
v -8.25 		4.317 		6.27
v -8.5 		-0.074 		8.108
v -8.5 		4.317 		6.27
v -8.5 		9.686 		3.099
v -8.25 		-7.686 		3.099
v -8.25 		-7.696 		3.095
v -8.5 		9.696 		3.095
v -8.25 		-1.206 		7.133
v -8.25 		-1.16 		7.17
v -8.5 		-0.322 		8.089
v -8.5 		9.617 		3.132
v -8.5 		-1.031 		7.473
v -8.25 		9.875 		3.013
v -8.25 		-1.53 		7.062
v -8.5 		-0.252 		8.153
v -8.25 		9.686 		3.099
v -8.25 		9.696 		3.095
v -8.5 		9.638 		3.122
v -8.5 		9.627 		3.127
v -8.25 		-7.714 		3.087
v -8.5 		-1.074 		7.436
v -8.5 		-1.118 		7.4
v -8.5 		-0.217 		8.184
v -8.25 		9.617 		3.132
v -8.5 		9.658 		3.113
v -8.5 		-1.162 		7.363
v -8.5 		9.648 		3.117
v -8.25 		-1.389 		7.176
v -8.5 		-0.183 		8.215
v -8.25 		5.114 		5.704
v -8.25 		5.055 		5.744
v -8.5 		9.667 		3.108
v -8.5 		5.055 		5.744
v -8.25 		9.627 		3.127
v -8.5 		5.114 		5.704
v -8.25 		9.638 		3.122
v -8.25 		-1.297 		7.251
v -8.25 		-1.343 		7.214
v -8.5 		9.677 		3.104
v -8.25 		4.997 		5.784
v -8.5 		4.997 		5.784
v -8.25 		9.648 		3.117
v -8.25 		9.658 		3.113
v -8.5 		9.714 		3.087
v -8.25 		4.938 		5.825
v -8.25 		4.88 		5.865
v -8.5 		-1.252 		7.095
v -8.5 		4.88 		5.865
v -8.25 		-1.252 		7.095
v -8.5 		4.938 		5.825
v -8.25 		9.899 		3.002
v -8.25 		9.667 		3.108
v -8.25 		9.677 		3.104
v -8.5 		-0.109 		8.076
v -8.5 		9.722 		3.083
v -8.25 		-1.252 		7.289
v -8.5 		-0.021 		8.364
v -8.25 		9.714 		3.087
v -8.25 		9.898 		3.003
v -8.5 		-1.16 		7.17
v -8.5 		-1.206 		7.133
v -8.5 		9.55 		3.163
v -8.5 		-1.069 		7.245
v -8.5 		9.562 		3.158
v -8.25 		9.722 		3.083
v -8.5 		-1.114 		7.208
v -8.5 		9.477 		3.198
v -8.25 		4.822 		5.906
v -8.25 		4.765 		5.946
v -8.5 		4.765 		5.946
v -8.25 		9.55 		3.163
v -8.5 		4.822 		5.906
v -8.25 		-7.791 		3.051
v -8.25 		-7.805 		3.045
v -8.5 		9.502 		3.186
v -8.25 		-1.394 		6.98
v -8.25 		9.562 		3.158
v -8.5 		9.489 		3.192
v -8.25 		4.707 		5.987
v -8.25 		-1.442 		6.942
v -8.5 		4.707 		5.987
v -8.25 		-7.777 		3.057
v -8.25 		-7.785 		3.054
v -8.25 		9.477 		3.198
v -8.5 		9.526 		3.175
v -8.5 		9.514 		3.18
v -8.25 		-1.346 		7.019
v -8.25 		-7.763 		3.064
v -8.5 		9.573 		3.153
v -8.25 		-7.77 		3.061
v -8.25 		9.489 		3.192
v -8.25 		9.502 		3.186
v -8.5 		9.584 		3.147
v -8.25 		-7.747 		3.071
v -8.25 		-7.755 		3.068
v -8.25 		9.514 		3.18
v -8.25 		-1.491 		6.903
v -8.25 		9.526 		3.175
v -8.25 		9.573 		3.153
v -8.5 		9.416 		3.38
v -8.25 		4.95 		5.994
v -8.5 		-1.53 		7.062
v -8.5 		4.95 		5.994
v -8.25 		-1.589 		6.826
v -8.25 		-1.539 		6.865
v -8.25 		9.584 		3.147
v -8.5 		9.444 		3.366
v -8.5 		5.008 		5.953
v -8.25 		5.008 		5.953
v -8.25 		-1.638 		6.787
v -8.25 		5.752 		5.279
v -8.5 		5.752 		5.279
v -8.25 		5.695 		5.317
v -8.25 		5.637 		5.354
v -8.5 		5.637 		5.354
v -8.5 		5.695 		5.317
v -8.5 		-1.252 		7.289
v -8.5 		-1.297 		7.251
v -8.5 		-1.343 		7.214
v -8.5 		-1.389 		7.176
v -8.25 		5.76 		5.446
v -8.5 		5.76 		5.446
v -8.5 		5.702 		5.483
v -8.25 		5.702 		5.483
v -8.5 		-7.731 		3.079
v -8.5 		-7.722 		3.083
v -8.25 		5.875 		5.371
v -8.5 		5.875 		5.371
v -8.5 		5.817 		5.408
v -8.25 		5.817 		5.408
v -8.5 		-7.686 		3.099
v -8.25 		5.989 		5.298
v -8.5 		5.989 		5.298
v -8.5 		5.932 		5.334
v -8.5 		-7.696 		3.095
v -8.25 		5.932 		5.334
v -8.5 		-1.491 		6.903
v -8.5 		6.046 		5.261
v -8.25 		6.046 		5.261
v -8.5 		-1.394 		6.98
v -8.5 		-1.442 		6.942
v -8.5 		-7.714 		3.087
v -8.5 		-1.346 		7.019
v -8.5 		-1.539 		6.865
v -8.5 		-1.589 		6.826
v -8.25 		5.925 		5.169
v -8.5 		5.925 		5.169
v -8.25 		5.867 		5.206
v -8.25 		5.81 		5.242
v -8.5 		5.81 		5.242
v -8.5 		5.867 		5.206
v -8.5 		-1.638 		6.787
v -8.5 		-7.791 		3.051
v -8.5 		-7.805 		3.045
v -8.5 		-7.777 		3.057
v -8.5 		-7.785 		3.054
v -8.5 		-1.773 		6.87
v -8.25 		-1.773 		6.87
v -8.5 		-7.763 		3.064
v -8.5 		-7.77 		3.061
v -8.5 		-1.822 		6.831
v -8.5 		-1.873 		6.792
v -8.25 		-1.873 		6.792
v -8.25 		-1.822 		6.831
v -8.5 		-7.747 		3.071
v -8.5 		-7.755 		3.068
v -8.25 		5.521 		5.43
v -8.5 		9.386 		3.394
v -8.25 		9.416 		3.38
v -8.5 		5.521 		5.43
v -8.25 		5.463 		5.469
v -8.25 		9.444 		3.366
v -8.5 		9.294 		3.439
v -8.5 		5.463 		5.469
v -8.5 		9.356 		3.409
v -8.5 		-1.626 		6.986
v -8.25 		-1.626 		6.986
v -8.25 		7.766 		4.24
v -8.5 		7.766 		4.24
v -8.5 		7.716 		4.267
v -8.25 		7.716 		4.267
v -8.5 		-1.675 		6.947
v -8.25 		-1.675 		6.947
v -8.5 		-1.723 		6.908
v -8.25 		-1.723 		6.908
v -8.5 		9.222 		3.322
v -8.25 		9.386 		3.394
v -8.5 		9.253 		3.307
v -8.25 		9.356 		3.409
v -8.25 		9.294 		3.439
v -8.5 		-1.943 		6.55
v -8.25 		-1.943 		6.55
v -8.5 		9.283 		3.292
v -8.25 		7.945 		3.982
v -8.25 		-7.814 		3.191
v -8.25 		7.849 		4.034
v -8.5 		7.849 		4.034
v -8.5 		-1.84 		6.629
v -8.5 		7.945 		3.982
v -8.25 		-1.84 		6.629
v -8.25 		-1.892 		6.59
v -8.5 		-1.892 		6.59
v -8.5 		9.37 		3.25
v -8.5 		9.342 		3.263
v -8.25 		7.801 		4.061
v -8.5 		9.312 		3.277
v -8.25 		7.752 		4.087
v -8.5 		7.752 		4.087
v -8.5 		7.801 		4.061
v -8.5 		-1.738 		6.708
v -8.25 		9.222 		3.322
v -8.25 		-1.738 		6.708
v -8.25 		-7.839 		3.179
v -8.25 		-7.83 		3.183
v -8.25 		7.703 		4.115
v -8.5 		9.411 		3.23
v -8.5 		9.398 		3.236
v -8.25 		-1.789 		6.669
v -8.5 		7.703 		4.115
v -8.25 		9.253 		3.307
v -8.5 		-1.789 		6.669
v -8.25 		-7.854 		3.172
v -8.25 		-7.847 		3.175
v -8.25 		9.283 		3.292
v -8.5 		9.451 		3.211
v -8.5 		-1.688 		6.747
v -8.5 		9.425 		3.223
v -8.25 		-1.688 		6.747
v -8.25 		9.312 		3.277
v -8.25 		9.342 		3.263
v -8.25 		-7.869 		3.165
v -8.5 		9.464 		3.204
v -8.25 		9.37 		3.25
v -8.5 		8.195 		4.005
v -8.5 		8.241 		3.981
v -8.25 		7.864 		4.186
v -8.25 		-2.025 		6.674
v -8.5 		7.864 		4.186
v -8.25 		9.398 		3.236
v -8.25 		-7.862 		3.168
v -8.25 		9.411 		3.23
v -8.5 		7.815 		4.212
v -8.25 		7.815 		4.212
v -8.25 		-1.923 		6.752
v -8.25 		8.056 		4.081
v -8.5 		8.056 		4.081
v -8.25 		9.425 		3.223
v -8.25 		9.451 		3.211
v -8.5 		-2.025 		6.674
v -8.5 		8.715 		3.732
v -8.5 		8.103 		4.055
v -8.25 		8.103 		4.055
v -8.25 		9.464 		3.204
v -8.5 		-1.923 		6.753
v -8.5 		9.163 		3.504
v -8.5 		9.196 		3.488
v -8.5 		-1.974 		6.713
v -8.25 		8.241 		3.981
v -8.25 		8.195 		4.005
v -8.5 		9.093 		3.539
v -8.5 		9.128 		3.522
v -8.25 		-7.877 		3.162
v -8.5 		8.985 		3.593
v -8.5 		9.022 		3.575
v -8.5 		9.058 		3.557
v -8.25 		7.961 		4.132
v -8.5 		7.961 		4.132
v -8.25 		-7.891 		3.155
v -8.25 		-7.884 		3.158
v -8.5 		7.912 		4.159
v -8.25 		7.912 		4.159
v -8.5 		8.008 		4.106
v -8.25 		8.008 		4.106
v -8.5 		-2.076 		6.634
v -8.5 		-2.128 		6.595
v -8.25 		-2.128 		6.595
v -8.25 		-2.181 		6.555
v -8.25 		-2.076 		6.634
v -8.5 		-2.181 		6.555
v -8.5 		8.766 		3.55
v -8.5 		8.727 		3.569
v -8.25 		-7.916 		3.144
v -8.25 		-1.996 		6.51
v -8.5 		8.805 		3.53
v -8.5 		-1.996 		6.51
v -8.5 		8.88 		3.492
v -8.25 		-2.048 		6.47
v -8.5 		8.842 		3.511
v -8.25 		7.503 		4.226
v -8.5 		7.503 		4.226
v -8.5 		-2.048 		6.47
v -8.25 		-7.904 		3.149
v -8.5 		8.834 		3.67
v -8.25 		-7.897 		3.152
v -8.5 		8.872 		3.651
v -8.25 		7.453 		4.254
v -8.5 		8.911 		3.631
v -8.25 		7.401 		4.283
v -8.5 		7.401 		4.283
v -8.5 		7.453 		4.254
v -8.5 		-2.262 		6.31
v -8.25 		-2.101 		6.431
v -8.25 		-2.262 		6.31
v -8.5 		8.795 		3.69
v -8.25 		-2.502 		6.316
v -8.5 		-2.208 		6.35
v -8.25 		-7.91 		3.146
v -8.25 		-2.208 		6.35
v -8.25 		8.715 		3.732
v -8.25 		-7.933 		3.136
v -8.5 		8.916 		3.473
v -8.5 		-2.155 		6.39
v -8.25 		-2.155 		6.39
v -8.25 		7.35 		4.313
v -8.25 		7.298 		4.342
v -8.5 		7.298 		4.342
v -8.5 		8.633 		3.774
v -8.25 		-7.922 		3.141
v -8.25 		9.196 		3.488
v -8.5 		7.35 		4.313
v -8.25 		9.163 		3.504
v -8.5 		-2.101 		6.431
v -8.25 		-2.393 		6.396
v -8.25 		-2.448 		6.356
v -8.25 		9.128 		3.522
v -8.25 		9.093 		3.539
v -8.25 		-7.927 		3.138
v -8.25 		7.194 		4.402
v -8.25 		9.058 		3.557
v -8.5 		7.194 		4.402
v -8.25 		-2.34 		6.436
v -8.25 		9.022 		3.575
v -8.5 		8.506 		3.84
v -8.25 		8.985 		3.593
v -8.5 		8.549 		3.818
v -8.5 		-2.502 		6.316
v -8.25 		-2.286 		6.476
v -8.5 		-2.448 		6.356
v -8.25 		8.727 		3.569
v -8.25 		8.766 		3.55
v -8.5 		-2.34 		6.436
v -8.25 		8.805 		3.53
v -8.5 		8.266 		3.809
v -8.5 		-2.393 		6.396
v -8.25 		8.842 		3.511
v -8.25 		-2.233 		6.516
v -8.25 		8.88 		3.492
v -8.5 		8.311 		3.786
v -8.5 		8.354 		3.763
v -8.5 		8.441 		3.718
v -8.25 		8.911 		3.631
v -8.5 		8.398 		3.74
v -8.25 		8.872 		3.651
v -8.25 		8.834 		3.67
v -8.5 		8.222 		3.833
v -8.25 		8.795 		3.69
v -8.25 		-2.371 		6.23
v -8.25 		-2.482 		6.149
v -8.25 		-2.427 		6.189
v -8.5 		-2.233 		6.516
v -8.5 		8.376 		3.909
v -8.5 		8.42 		3.886
v -8.25 		-2.317 		6.27
v -8.5 		8.286 		3.956
v -8.5 		8.331 		3.933
v -8.5 		-2.286 		6.476
v -8.25 		8.916 		3.473
v -8.25 		-2.538 		6.108
v -8.25 		7.566 		4.352
v -8.5 		7.566 		4.352
v -8.25 		8.633 		3.774
v -8.25 		7.667 		4.295
v -8.25 		8.549 		3.818
v -8.5 		7.667 		4.295
v -8.25 		8.506 		3.84
v -8.25 		-2.594 		6.068
v -8.5 		7.616 		4.323
v -8.25 		7.616 		4.323
v -8.5 		8.525 		3.674
v -8.5 		-2.538 		6.108
v -8.5 		8.688 		3.59
v -8.5 		8.648 		3.61
v -8.25 		-2.893 		6.034
v -8.5 		8.566 		3.652
v -8.5 		-2.427 		6.189
v -8.5 		-2.482 		6.149
v -8.25 		7.412 		4.439
v -8.25 		-2.78 		6.115
v -8.25 		-2.836 		6.075
v -8.5 		7.412 		4.439
v -8.5 		-2.371 		6.23
v -8.5 		7.361 		4.468
v -8.5 		9.877 		3.162
v -8.5 		9.869 		3.165
v -8.25 		7.361 		4.468
v -8.5 		8.953 		3.455
v -8.25 		-2.723 		6.155
v -8.5 		9.058 		3.403
v -8.5 		7.515 		4.38
v -8.25 		7.515 		4.38
v -8.5 		8.988 		3.437
v -8.25 		-2.667 		6.195
v -8.5 		9.125 		3.369
v -8.5 		9.092 		3.386
v -8.5 		9.158 		3.353
v -8.5 		7.464 		4.409
v -8.25 		7.464 		4.409
v -8.25 		-2.612 		6.236
v -8.5 		-2.317 		6.27
v -8.25 		-2.651 		6.027
v -8.5 		9.19 		3.337
v -8.25 		8.266 		3.809
v -8.25 		8.311 		3.786
v -8.5 		9.862 		3.168
v -8.25 		8.354 		3.763
v -8.25 		8.398 		3.74
v -8.25 		8.441 		3.718
v -8.25 		-2.88 		5.865
v -8.25 		-2.938 		5.825
v -8.5 		9.891 		3.155
v -8.5 		9.884 		3.158
v -8.5 		-2.651 		6.027
v -8.5 		4.181 		6.555
v -8.25 		-2.707 		5.987
v -8.25 		8.222 		3.833
v -8.25 		-2.822 		5.906
v -8.25 		7.654 		4.142
v -8.25 		-2.765 		5.946
v -8.5 		7.654 		4.142
v -8.5 		4.128 		6.595
v -8.5 		-2.594 		6.068
v -8.25 		7.554 		4.198
v -8.25 		8.42 		3.886
v -8.5 		7.554 		4.198
v -8.25 		8.376 		3.909
v -8.25 		-3.008 		5.953
v -8.5 		7.309 		4.498
v -8.25 		8.331 		3.933
v -8.5 		-2.78 		6.115
v -8.25 		8.286 		3.956
v -8.25 		8.085 		3.906
v -8.5 		8.085 		3.906
v -8.5 		9.916 		3.144
v -8.5 		7.256 		4.528
v -8.25 		-3.055 		5.744
v -8.25 		-2.997 		5.784
v -8.5 		-2.836 		6.075
v -8.25 		8.525 		3.674
v -8.5 		7.204 		4.559
v -8.25 		-2.95 		5.994
v -8.25 		8.177 		3.857
v -8.5 		8.177 		3.857
v -8.25 		8.131 		3.882
v -8.5 		8.131 		3.882
v -8.5 		6.441 		5.014
v -8.5 		-2.893 		6.034
v -8.25 		8.039 		3.931
v -8.25 		7.992 		3.956
v -8.5 		7.992 		3.956
v -8.5 		8.039 		3.931
v -8.5 		9.904 		3.149
v -8.5 		9.897 		3.152
v -8.25 		8.566 		3.652
v -8.25 		8.648 		3.61
v -8.25 		8.688 		3.59
v -8.5 		6.385 		5.049
v -8.5 		9.91 		3.146
v -8.5 		-2.612 		6.236
v -8.5 		6.216 		5.154
v -8.5 		6.273 		5.119
v -8.5 		9.933 		3.136
v -8.5 		-2.723 		6.155
v -8.25 		-3.23 		5.624
v -8.25 		-3.289 		5.585
v -8.5 		6.329 		5.083
v -8.25 		7.141 		4.432
v -8.5 		7.141 		4.432
v -8.5 		-2.667 		6.195
v -8.25 		-3.114 		5.704
v -8.5 		9.922 		3.141
v -8.25 		1.557 		8.591
v -8.25 		8.953 		3.455
v -8.5 		1.557 		8.591
v -8.25 		-3.529 		5.598
v -8.5 		9.927 		3.138
v -8.5 		-3.055 		5.744
v -8.5 		6.16 		5.189
v -8.25 		-3.471 		5.636
v -8.5 		-2.997 		5.784
v -8.25 		1.602 		8.762
v -8.5 		1.602 		8.762
v -8.25 		-3.298 		5.753
v -8.5 		1.554 		8.808
v -8.25 		-3.414 		5.675
v -8.25 		1.554 		8.808
v -8.5 		-2.88 		5.865
v -8.25 		8.988 		3.437
v -8.25 		9.058 		3.403
v -8.5 		-2.938 		5.825
v -8.5 		6.153 		5.025
v -8.25 		1.784 		8.587
v -8.5 		1.784 		8.587
v -8.5 		-2.707 		5.987
v -8.5 		6.882 		4.747
v -8.5 		-2.765 		5.946
v -8.5 		-2.822 		5.906
v -8.5 		6.773 		4.812
v -8.25 		1.651 		8.714
v -8.5 		6.828 		4.78
v -8.5 		1.651 		8.714
v -8.5 		1.626 		8.738
v -8.25 		1.626 		8.738
v -8.25 		9.092 		3.386
v -8.25 		9.125 		3.369
v -8.25 		9.158 		3.353
v -8.5 		-3.008 		5.953
v -8.5 		6.718 		4.845
v -8.25 		9.19 		3.337
v -8.5 		6.663 		4.879
v -8.25 		1.729 		8.639
v -8.5 		1.729 		8.639
v -8.5 		9.984 		3.0885
v -8.5 		1.756 		8.613
v -8.25 		1.756 		8.613
v -8.5 		6.982 		4.525
v -8.5 		6.928 		4.556
v -8.5 		9.938 		3.134
v -8.25 		4.181 		6.555
v -8.5 		-2.95 		5.994
v -8.5 		6.765 		4.652
v -8.5 		6.82 		4.62
v -8.5 		9.948 		3.129
v -8.5 		9.943 		3.131
v -8.25 		4.128 		6.595
v -8.5 		6.711 		4.685
v -8.5 		-3.23 		5.624
v -8.5 		-3.289 		5.585
v -8.5 		9.957 		3.125
v -8.5 		7.098 		4.62
v -8.5 		9.952 		3.127
v -8.5 		7.151 		4.59
v -8.25 		7.309 		4.498
v -8.5 		-3.114 		5.704
v -8.5 		6.99 		4.683
v -8.25 		7.256 		4.528
v -8.5 		7.044 		4.652
v -8.5 		9.969 		3.12
v -8.5 		9.965 		3.121
v -8.5 		-3.529 		5.598
v -8.25 		-7.867 		3.016
v -8.25 		-3.405 		5.507
v -8.25 		-7.871 		3.015
v -8.5 		9.976 		3.117
v -8.5 		9.972 		3.118
v -8.5 		-3.471 		5.636
v -8.25 		-7.854 		3.022
v -8.25 		7.204 		4.559
v -8.25 		-7.859 		3.02
v -8.25 		1.236 		9.1261
v -8.25 		-3.587 		5.559
v -8.25 		-3.645 		5.521
v -8.5 		9.982 		3.114
v -8.5 		-3.414 		5.675
v -8.5 		9.979 		3.115
v -8.5 		-3.298 		5.753
v -8.25 		-7.845 		3.026
v -8.25 		1.237 		9.125
v -8.25 		-7.85 		3.024
v -8.25 		1.268 		9.094
v -8.25 		6.441 		5.014
v -8.5 		-3.405 		5.507
v -8.5 		9.984 		3.113
v -8.25 		-7.834 		3.031
v -8.25 		-7.84 		3.029
v -8.25 		-3.463 		5.469
v -8.25 		6.385 		5.049
v -8.25 		-3.521 		5.43
v -8.25 		-7.823 		3.036
v -8.25 		-7.829 		3.034
v -8.25 		6.273 		5.119
v -8.25 		6.216 		5.154
v -8.5 		6.601 		4.751
v -8.5 		6.545 		4.784
v -8.25 		6.329 		5.083
v -8.5 		6.266 		4.955
v -8.5 		6.209 		4.99
v -8.25 		6.16 		5.189
v -8.5 		6.49 		4.818
v -8.5 		6.322 		4.92
v -8.25 		6.153 		5.025
v -8.5 		6.608 		4.912
v -8.25 		6.882 		4.747
v -8.25 		6.828 		4.78
v -8.25 		6.773 		4.812
v -8.25 		6.718 		4.845
v -8.5 		-3.645 		5.521
v -8.25 		-3.695 		5.317
v -8.5 		-3.587 		5.559
v -8.25 		-3.637 		5.354
v -8.25 		6.663 		4.879
v -8.5 		9.903 		3
v -8.25 		-4.046 		5.261
v -8.25 		6.928 		4.556
v -8.25 		6.982 		4.525
v -8.5 		9.901 		3.001
v -8.25 		-7.903 		3
v -8.5 		9.902 		3.001
v -8.5 		-3.463 		5.469
v -8.25 		6.765 		4.652
v -8.25 		-3.932 		5.334
v -8.25 		6.82 		4.62
v -8.25 		-3.989 		5.298
v -8.5 		-3.521 		5.43
v -8.25 		6.711 		4.685
v -8.5 		9.896 		3.003
v -8.5 		1.236 		9.1261
v -8.25 		-3.817 		5.408
v -8.25 		-3.875 		5.371
v -8.25 		-7.901 		3.001
v -8.5 		-3.637 		5.354
v -8.25 		-7.902 		3.001
v -8.5 		-3.695 		5.317
v -8.25 		7.151 		4.59
v -8.25 		7.098 		4.62
v -8.5 		1.268 		9.094
v -8.25 		-3.702 		5.483
v -8.5 		1.237 		9.125
v -8.5 		9.887 		3.007
v -8.5 		-4.046 		5.261
v -8.5 		9.89 		3.006
v -8.25 		-7.896 		3.003
v -8.25 		-3.76 		5.446
v -8.25 		7.044 		4.652
v -8.25 		6.99 		4.683
v -8.5 		6.553 		4.946
v -8.25 		-7.887 		3.007
v -8.5 		9.878 		3.011
v -8.5 		9.884 		3.009
v -8.25 		-7.89 		3.006
v -8.5 		-3.989 		5.298
v -8.5 		-3.932 		5.334
v -8.25 		-7.878 		3.011
v -8.25 		-3.752 		5.279
v -8.5 		9.867 		3.016
v -8.25 		-7.884 		3.009
v -8.5 		-3.875 		5.371
v -8.5 		9.871 		3.015
v -8.5 		-3.817 		5.408
v -8.5 		5.645 		5.521
v -8.25 		-3.867 		5.206
v -8.25 		-3.81 		5.242
v -8.25 		-7.875 		3.013
v -8.5 		5.23 		5.624
v -8.5 		5.289 		5.585
v -8.5 		-3.76 		5.446
v -8.25 		6.545 		4.784
v -8.5 		9.859 		3.02
v -8.5 		-3.702 		5.483
v -8.25 		6.601 		4.751
v -8.25 		-3.925 		5.169
v -8.25 		6.209 		4.99
v -8.25 		6.266 		4.955
v -8.5 		-3.752 		5.279
v -8.25 		-4.441 		5.014
v -8.25 		6.322 		4.92
v -8.25 		6.49 		4.818
v -8.25 		-4.385 		5.049
v -8.5 		9.875 		3.013
v -8.25 		6.608 		4.912
v -8.5 		-3.81 		5.242
v -8.5 		-3.867 		5.206
v -8.25 		-4.216 		5.154
v -8.25 		-4.273 		5.119
v -8.25 		-7.899 		3.002
v -8.25 		-4.329 		5.083
v -8.25 		6.553 		4.946
v -8.5 		5.405 		5.507
v -8.25 		-7.898 		3.003
v -8.5 		-3.925 		5.169
v -8.25 		-4.16 		5.189
v -8.5 		-4.441 		5.014
v -8.25 		5.645 		5.521
v -8.5 		-4.385 		5.049
v -8.25 		-7.902 		3
v -8.5 		1.05 		9.094
v -8.25 		1.05 		9.094
v -8.25 		-4.153 		5.025
v -8.5 		9.899 		3.002
v -8.25 		-4.601 		4.751
v -8.5 		-4.273 		5.119
v -8.25 		-4.545 		4.784
v -8.5 		-4.216 		5.154
v -8.5 		9.898 		3.003
v -8.25 		5.23 		5.624
v -8.25 		5.289 		5.585
v -8.25 		-4.266 		4.955
v -8.25 		-4.209 		4.99
v -8.25 		-4.49 		4.818
v -8.25 		-4.322 		4.92
v -8.5 		-4.329 		5.083
v -8.5 		9.902 		3
v -8.5 		-4.16 		5.189
v -8.25 		-4.553 		4.946
v -8.25 		-4.608 		4.912
v -8.25 		-4.882 		4.747
v -8.5 		-4.153 		5.025
v -8.25 		-4.773 		4.812
v -8.25 		-4.828 		4.78
v -8.25 		-4.718 		4.845
v -8.5 		-4.545 		4.784
v -8.5 		-4.601 		4.751
v -8.5 		-4.209 		4.99
v -8.5 		-4.266 		4.955
v -8.25 		-4.663 		4.879
v -8.5 		-4.322 		4.92
v -8.5 		-4.49 		4.818
v -8.25 		-4.982 		4.525
v -8.25 		-4.928 		4.556
v -8.25 		5.405 		5.507
v -8.5 		1.355 		9.006
v -8.25 		1.355 		9.006
v -8.25 		1.364 		8.997
v -8.5 		1.364 		8.997
v -8.25 		-4.765 		4.652
v -8.25 		-4.82 		4.62
v -8.25 		-4.711 		4.685
v -8.5 		-4.608 		4.912
v -8.25 		1.31 		9.051
v -8.5 		-4.553 		4.946
v -8.5 		1.31 		9.051
v -8.25 		-5.098 		4.62
v -8.5 		1.345 		9.015
v -8.25 		1.345 		9.015
v -8.5 		-4.882 		4.747
v -8.25 		-4.99 		4.683
v -8.5 		1.383 		8.977
v -8.25 		-5.044 		4.652
v -8.25 		1.383 		8.977
v -8.5 		-4.828 		4.78
v -8.5 		-4.773 		4.812
v -8.5 		-4.718 		4.845
v -8.25 		1.318 		9.042
v -8.5 		1.318 		9.042
v -8.5 		-4.663 		4.879
v -8.5 		-4.928 		4.556
v -8.5 		-4.982 		4.525
v -8.5 		-4.765 		4.652
v -8.25 		-5.309 		4.498
v -8.5 		-4.82 		4.62
v -8.25 		1.403 		8.958
v -8.5 		1.403 		8.958
v -8.25 		-5.256 		4.528
v -8.5 		-4.711 		4.685
v -8.5 		1.508 		8.853
v -8.5 		-5.098 		4.62
v -8.25 		1.508 		8.853
v -8.25 		-5.151 		4.59
v -8.25 		-5.204 		4.559
v -8.5 		-5.044 		4.652
v -8.5 		-4.99 		4.683
v -8.5 		1.465 		8.896
v -8.25 		1.465 		8.896
v -8.25 		-5.401 		4.283
v -8.25 		-5.453 		4.254
v -8.25 		1.423 		8.938
v -8.5 		1.423 		8.938
v -8.25 		-5.194 		4.402
v -8.25 		-5.141 		4.432
v -8.5 		1.443 		8.917
v -8.25 		1.443 		8.917
v -8.5 		-5.309 		4.498
v -8.25 		-5.35 		4.313
v -8.25 		-5.298 		4.342
v -8.5 		-5.256 		4.528
v -8.25 		1.161 		8.98
v -8.25 		-5.616 		4.323
v -8.5 		1.161 		8.98
v -8.25 		-5.566 		4.352
v -8.5 		-5.204 		4.559
v -8.5 		-5.151 		4.59
v -8.5 		1.153 		8.989
v -8.25 		-5.515 		4.38
v -8.25 		1.153 		8.989
v -8.25 		-5.464 		4.409
v -8.25 		1.276 		9.085
v -8.5 		1.276 		9.085
v -8.5 		-5.401 		4.283
v -8.5 		-5.453 		4.254
v -8.25 		-5.361 		4.468
v -8.25 		-5.412 		4.439
v -8.5 		-5.141 		4.432
v -8.5 		-5.194 		4.402
v -8.25 		1.103 		9.039
v -8.5 		-5.298 		4.342
v -8.5 		1.103 		9.039
v -8.5 		-5.35 		4.313
v -8.5 		1.119 		9.023
v -8.25 		1.119 		9.023
v -8.25 		-5.503 		4.226
v -8.5 		-5.616 		4.323
v -8.25 		1.136 		9.006
v -8.5 		1.136 		9.006
v -8.25 		-5.554 		4.198
v -8.5 		-5.566 		4.352
v -8.25 		1.128 		9.015
v -8.5 		1.128 		9.015
v -8.25 		1.088 		9.055
v -8.5 		-5.515 		4.38
v -8.5 		1.088 		9.055
v -8.25 		-5.716 		4.267
v -8.5 		1.096 		9.047
v -8.25 		-5.766 		4.24
v -8.25 		1.096 		9.047
v -8.25 		1.081 		9.063
v -8.25 		1.073 		9.07
v -8.5 		1.073 		9.07
v -8.5 		1.081 		9.063
v -8.5 		1.066 		9.078
v -8.25 		1.066 		9.078
v -8.5 		1.197 		8.944
v -8.25 		1.197 		8.944
v -8.25 		1.216 		8.925
v -8.25 		-5.667 		4.295
v -8.5 		1.216 		8.925
v -8.5 		-5.464 		4.409
v -8.25 		1.207 		8.935
v -8.5 		1.207 		8.935
v -8.5 		-5.412 		4.439
v -8.25 		-5.703 		4.115
v -8.5 		-5.361 		4.468
v -8.25 		1.505 		8.641
v -8.25 		1.455 		8.689
v -8.5 		1.455 		8.689
v -8.5 		1.505 		8.641
v -8.25 		-5.654 		4.142
v -8.5 		-5.503 		4.226
v -8.25 		-5.752 		4.087
v -8.25 		-5.801 		4.061
v -8.25 		-5.849 		4.034
v -8.25 		1.431 		8.713
v -8.25 		1.407 		8.736
v -8.5 		1.407 		8.736
v -8.5 		1.431 		8.713
v -8.25 		-5.945 		3.982
v -8.5 		-5.554 		4.198
v -8.25 		1.384 		8.759
v -8.25 		1.361 		8.781
v -8.5 		1.361 		8.781
v -8.5 		1.384 		8.759
v -8.25 		-6.103 		4.055
v -8.25 		1.339 		8.803
v -8.25 		1.317 		8.824
v -8.5 		1.317 		8.824
v -8.5 		1.339 		8.803
v -8.25 		-6.056 		4.081
v -8.5 		-5.766 		4.24
v -8.5 		-5.716 		4.267
v -8.25 		-6.008 		4.106
v -8.5 		-5.667 		4.295
v -8.25 		-5.912 		4.159
v -8.25 		-5.961 		4.132
v -8.25 		-5.815 		4.212
v -8.25 		-5.864 		4.186
v -8.5 		-5.654 		4.142
v -8.5 		-5.703 		4.115
v -8.25 		1.531 		8.831
v -8.5 		1.531 		8.831
v -8.5 		-5.752 		4.087
v -8.5 		-5.801 		4.061
v -8.5 		-5.849 		4.034
v -8.5 		-5.945 		3.982
v -8.25 		0.95 		9.094
v -8.5 		-6.103 		4.055
v -8.5 		-6.056 		4.081
v -8.25 		-6.039 		3.931
v -8.25 		-5.992 		3.956
v -8.25 		-6.131 		3.882
v -8.5 		-6.008 		4.106
v -8.25 		-6.085 		3.906
v -8.5 		-5.961 		4.132
v -8.5 		-5.912 		4.159
v -8.25 		-6.195 		4.005
v -8.25 		-6.241 		3.981
v -8.5 		-5.864 		4.186
v -8.5 		-5.815 		4.212
v -8.5 		0.95 		9.094
v -8.5 		-7.814 		3.191
v -8.5 		0.897 		9.039
v -8.25 		0.897 		9.039
v -8.25 		-6.222 		3.833
v -8.5 		0.912 		9.055
v -8.25 		-6.177 		3.857
v -8.25 		0.912 		9.055
v -8.5 		-7.83 		3.183
v -8.5 		-5.992 		3.956
v -8.25 		0.904 		9.047
v -8.5 		0.904 		9.047
v -8.5 		-6.039 		3.931
v -8.5 		-7.839 		3.179
v -8.5 		0.927 		9.07
v -8.5 		-6.085 		3.906
v -8.25 		0.927 		9.07
v -8.5 		-6.131 		3.882
v -8.25 		0.919 		9.063
v -8.25 		-6.266 		3.809
v -8.25 		-6.311 		3.786
v -8.5 		-7.847 		3.175
v -8.5 		-7.854 		3.172
v -8.5 		0.919 		9.063
v -8.25 		-6.376 		3.909
v -8.5 		9.839 		3.179
v -8.5 		-7.869 		3.165
v -8.5 		-6.241 		3.981
v -8.25 		0.934 		9.078
v -8.5 		0.934 		9.078
v -8.25 		-6.286 		3.956
v -8.5 		-6.195 		4.005
v -8.25 		-6.331 		3.933
v -8.5 		9.854 		3.172
v -8.5 		9.847 		3.175
v -8.5 		-7.862 		3.168
v -8.25 		-6.398 		3.74
v -8.25 		-6.354 		3.763
v -8.5 		-6.177 		3.857
v -8.5 		-6.222 		3.833
v -8.25 		-6.441 		3.718
v -8.25 		0.881 		9.023
v -8.25 		-6.633 		3.774
v -8.5 		0.881 		9.023
v -8.5 		-6.266 		3.809
v -8.5 		-6.311 		3.786
v -8.5 		-6.376 		3.909
v -8.25 		-6.506 		3.84
v -8.25 		-6.549 		3.818
v -8.5 		-7.877 		3.162
v -8.25 		2.109 		8.076
v -8.5 		2.109 		8.076
v -8.5 		-6.331 		3.933
v -8.5 		-6.286 		3.956
v -8.5 		-7.884 		3.158
v -8.25 		-6.42 		3.886
v -8.5 		-7.891 		3.155
v -8.25 		2.074 		8.108
v -8.5 		2.074 		8.108
v -8.5 		-6.354 		3.763
v -8.5 		-6.398 		3.74
v -8.5 		-7.916 		3.144
v -8.25 		-6.525 		3.674
v -8.25 		-6.648 		3.61
v -8.5 		-6.441 		3.718
v -8.25 		2.252 		8.153
v -8.5 		2.252 		8.153
v -8.25 		-6.566 		3.652
v -8.5 		-6.633 		3.774
v -8.5 		-7.897 		3.152
v -8.5 		2.322 		8.089
v -8.5 		-7.904 		3.149
v -8.25 		2.322 		8.089
v -8.25 		-6.715 		3.732
v -8.5 		-6.549 		3.818
v -8.5 		-6.506 		3.84
v -8.5 		-7.91 		3.146
v -8.25 		-6.688 		3.59
v -8.25 		2.183 		8.215
v -8.5 		2.183 		8.215
v -8.5 		-6.42 		3.886
v -8.25 		-6.766 		3.55
v -8.25 		-6.727 		3.569
v -8.5 		-7.933 		3.136
v -8.25 		-6.88 		3.492
v -8.25 		-6.804 		3.53
v -8.5 		-6.525 		3.674
v -8.5 		-6.566 		3.652
v -8.5 		-6.648 		3.61
v -8.25 		-6.834 		3.67
v -8.25 		-6.872 		3.651
v -8.25 		-6.911 		3.631
v -8.5 		-6.715 		3.732
v -8.5 		2.217 		8.184
v -8.5 		-7.922 		3.141
v -8.25 		2.217 		8.184
v -8.25 		-6.795 		3.69
v -8.5 		-7.927 		3.138
v -8.5 		-6.688 		3.59
v -8.25 		2.052 		8.335
v -8.5 		2.052 		8.335
v -8.5 		-6.727 		3.569
v -8.5 		-6.766 		3.55
v -8.25 		-7.163 		3.504
v -8.5 		2.084 		8.305
v -8.25 		2.084 		8.305
v -8.25 		-7.093 		3.539
v -8.25 		-7.128 		3.522
v -8.5 		-6.804 		3.53
v -8.5 		-6.88 		3.492
v -8.5 		-6.911 		3.631
v -8.25 		-6.985 		3.593
v -8.5 		-6.872 		3.651
v -8.25 		-7.022 		3.575
v -8.5 		-6.834 		3.67
v -8.25 		-7.058 		3.557
v -8.25 		2.68 		7.573
v -8.25 		2.639 		7.608
v -8.5 		2.639 		7.608
v -8.5 		2.68 		7.573
v -8.5 		-6.795 		3.69
v -8.25 		-6.916 		3.473
v -8.25 		2.599 		7.643
v -8.5 		-7.163 		3.504
v -8.5 		2.599 		7.643
v -8.25 		-6.953 		3.455
v -8.5 		-7.871 		3.015
v -8.5 		-7.867 		3.016
v -8.25 		-7.058 		3.403
v -8.5 		-7.128 		3.522
v -8.5 		-7.093 		3.539
v -8.25 		-6.988 		3.437
v -8.25 		2.739 		7.722
v -8.25 		-7.158 		3.353
v -8.5 		2.739 		7.722
v -8.25 		-7.125 		3.369
v -8.25 		-7.092 		3.386
v -8.5 		-7.058 		3.557
v -8.5 		-7.859 		3.02
v -8.5 		-7.022 		3.575
v -8.5 		-7.854 		3.022
v -8.5 		-6.985 		3.593
v -8.25 		2.82 		7.652
v -8.5 		2.82 		7.652
v -8.5 		2.779 		7.687
v -8.25 		2.779 		7.687
v -8.5 		-7.85 		3.024
v -8.5 		-7.845 		3.026
v -8.25 		-7.196 		3.488
v -8.25 		2.903 		7.581
v -8.5 		2.903 		7.581
v -8.5 		2.861 		7.616
v -8.25 		2.861 		7.616
v -8.5 		-7.834 		3.031
v -8.25 		-7.416 		3.38
v -8.5 		-6.916 		3.473
v -8.5 		-7.84 		3.029
v -8.5 		-7.829 		3.034
v -8.25 		-7.386 		3.394
v -8.5 		-7.823 		3.036
v -8.5 		-6.953 		3.455
v -8.25 		-7.294 		3.439
v -8.25 		-7.356 		3.409
v -8.5 		-6.988 		3.437
v -8.5 		-7.058 		3.403
v -8.5 		-7.092 		3.386
v -8.5 		-7.125 		3.369
v -8.5 		-7.158 		3.353
v -8.25 		2.659 		7.791
v -8.5 		2.659 		7.791
v -8.5 		2.581 		7.859
v -8.25 		2.581 		7.859
v -8.5 		2.699 		7.756
v -8.25 		2.699 		7.756
v -8.25 		-7.19 		3.337
v -8.5 		-7.196 		3.488
v -8.25 		-7.222 		3.322
v -8.5 		-7.416 		3.38
v -8.25 		2.402 		7.815
v -8.25 		-7.253 		3.307
v -8.25 		2.363 		7.849
v -8.5 		2.363 		7.849
v -8.5 		2.402 		7.815
v -8.5 		-7.386 		3.394
v -8.25 		2.252 		7.948
v -8.25 		2.215 		7.98
v -8.25 		-7.283 		3.292
v -8.5 		2.215 		7.98
v -8.5 		2.252 		7.948
v -8.5 		-7.356 		3.409
v -8.5 		-7.294 		3.439
v -8.25 		-7.37 		3.25
v -8.25 		-7.342 		3.263
v -8.5 		-7.903 		3
v -8.25 		-7.312 		3.277
v -8.5 		-7.19 		3.337
v -8.5 		-7.901 		3.001
v -8.25 		-7.411 		3.23
v -8.25 		-7.398 		3.236
v -8.5 		-7.902 		3.001
v -8.25 		2.144 		8.045
v -8.5 		2.144 		8.045
v -8.5 		-7.896 		3.003
v -8.25 		2.18 		8.013
v -8.5 		-7.222 		3.322
v -8.5 		2.18 		8.013
v -8.5 		-7.887 		3.007
v -8.5 		-7.253 		3.307
v -8.5 		-7.89 		3.006
v -8.25 		-7.5 		3.339
v -8.25 		-7.514 		3.333
v -8.5 		-7.283 		3.292
v -8.5 		-7.878 		3.011
v -8.25 		-7.473 		3.352
v -8.5 		-7.884 		3.009
v -8.5 		-7.312 		3.277
v -8.5 		-7.342 		3.263
v -8.5 		-7.37 		3.25
v -8.25 		-7.444 		3.366
v -8.5 		-7.875 		3.013
v -8.25 		2.543 		7.893
v -8.5 		2.543 		7.893
v -8.5 		-7.398 		3.236
v -8.5 		-7.411 		3.23
v -8.25 		-7.425 		3.223
v -8.25 		2.394 		8.025
v -8.5 		2.394 		8.025
v -8.5 		2.467 		7.959
v -8.25 		2.467 		7.959
v -8.5 		-7.514 		3.333
v -8.5 		-7.5 		3.339
v -8.5 		2.43 		7.992
v -8.5 		-7.473 		3.352
v -8.25 		2.43 		7.992
v -8.5 		-7.444 		3.366
v -8.5 		-7.899 		3.002
v -8.25 		2.558 		7.678
v -8.5 		2.558 		7.678
v -8.5 		-7.898 		3.003
v -8.5 		-7.425 		3.223
v -8.25 		2.518 		7.713
v -8.25 		2.44 		7.781
v -8.5 		2.44 		7.781
v -8.5 		2.518 		7.713
v -8.5 		-7.902 		3
v -8.25 		-7.938 		3.134
v -8.25 		-7.948 		3.129
v -8.25 		-7.943 		3.131
v -8.25 		3.118 		7.4
v -8.5 		3.118 		7.4
v -8.5 		3.074 		7.436
v -8.25 		-7.957 		3.125
v -8.25 		3.074 		7.436
v -8.25 		-7.952 		3.127
v -8.5 		3.162 		7.363
v -8.25 		3.162 		7.363
v -8.25 		-7.969 		3.12
v -8.25 		-7.965 		3.121
v -8.25 		-7.976 		3.117
v -8.25 		-7.972 		3.118
v -8.25 		3.252 		7.095
v -8.5 		3.252 		7.095
v -8.25 		-7.982 		3.114
v -8.25 		-7.979 		3.115
v -8.25 		3.206 		7.133
v -8.25 		3.16 		7.17
v -8.5 		3.16 		7.17
v -8.25 		-7.991 		3.11
v -8.5 		3.206 		7.133
v -8.25 		3.114 		7.208
v -8.5 		3.114 		7.208
v -8.25 		-7.995 		3.108
v -8.25 		-7.996 		3.107
v -8.5 		3.53 		7.062
v -8.25 		3.53 		7.062
v -8.25 		-7.984 		3.113
v -8.25 		1.152 		9.088
v -8.25 		3.252 		7.289
v -8.5 		3.252 		7.289
v -8.25 		-7.989 		3.11
v -8.25 		3.343 		7.214
v -8.5 		3.343 		7.214
v -8.5 		3.297 		7.251
v -8.25 		3.297 		7.251
v -8.5 		3.389 		7.176
v -8.25 		-7.987 		3.111
v -8.25 		3.389 		7.176
v -8.25 		3.589 		6.826
v -8.5 		3.589 		6.826
v -8.25 		3.638 		6.787
v -8.5 		3.638 		6.787
v -8.25 		3.773 		6.87
v -8.5 		3.773 		6.87
v -8.25 		3.873 		6.792
v -8.5 		3.873 		6.792
v -8.5 		3.822 		6.831
v -8.25 		3.822 		6.831
v -8.25 		-7.997 		3.107
v -8.25 		-8 		3.106
v -8.25 		-7.998 		3.106
v -8.25 		3.626 		6.986
v -8.5 		3.626 		6.986
v -8.25 		3.675 		6.947
v -8.5 		3.675 		6.947
v -8.5 		3.723 		6.908
v -8.25 		3.723 		6.908
v -8.25 		3.943 		6.55
v -8.5 		3.943 		6.55
v -8.25 		3.892 		6.59
v -8.25 		3.84 		6.629
v -8.5 		3.84 		6.629
v -8.5 		3.892 		6.59
v -8.25 		3.789 		6.669
v -8.25 		3.738 		6.708
v -8.5 		3.738 		6.708
v -8.5 		3.789 		6.669
v -8.25 		3.688 		6.747
v -8.5 		3.688 		6.747
v -8.25 		4.025 		6.674
v -8.5 		4.025 		6.674
v -8.5 		4.076 		6.634
v -8.25 		4.076 		6.634
v -8.25 		3.923 		6.753
v -8.5 		3.923 		6.752
v -8.25 		3.974 		6.713
v -8.25 		3.539 		6.865
v -8.5 		3.539 		6.865
v -8.25 		3.491 		6.903
v -8.5 		3.491 		6.903
v -8.25 		3.442 		6.942
v -8.25 		3.394 		6.98
v -8.5 		3.394 		6.98
v -8.5 		3.442 		6.942
v -8.25 		3.346 		7.019
v -8.5 		3.346 		7.019
v -8.25 		3.069 		7.245
v -8.5 		3.069 		7.245
v -8.25 		3.024 		7.283
v -8.25 		2.98 		7.319
v -8.5 		2.98 		7.319
v -8.5 		3.024 		7.283
v -8.25 		2.892 		7.393
v -8.25 		2.806 		7.465
v -8.5 		2.806 		7.465
v -8.5 		2.892 		7.393
v -8.25 		-7.872 		3.029
v -8.25 		3.031 		7.473
v -8.5 		3.031 		7.473
v -8.5 		2.945 		7.545
v -8.25 		2.945 		7.545
v -8.25 		1.814 		8.347
v -8.5 		1.814 		8.347
v -8.25 		1.869 		8.506
v -8.5 		1.869 		8.506
v -8.5 		1.84 		8.533
v -8.25 		1.84 		8.533
v -8.25 		1.959 		8.422
v -8.5 		1.959 		8.422
v -8.5 		1.928 		8.45
v -8.25 		1.928 		8.45
v -8.25 		2.021 		8.364
v -8.5 		2.021 		8.364
v -8.5 		1.898 		8.478
v -8.25 		1.898 		8.478
v -8.5 		1.989 		8.393
v -8.25 		1.989 		8.393
v -8.25 		1.724 		8.432
v -8.25 		1.695 		8.459
v -8.5 		1.695 		8.459
v -8.5 		1.724 		8.432
v -8.25 		1.784 		8.376
v -8.5 		1.784 		8.376
v -8.25 		1.639 		8.513
v -8.25 		1.611 		8.539
v -8.5 		1.611 		8.539
v -8.5 		1.639 		8.513
v -8.25 		2.04 		8.139
v -8.25 		2.007 		8.169
v -8.5 		2.007 		8.169
v -8.5 		2.04 		8.139
v -8.25 		0.825 		15.344
v -8.25 		1.973 		8.2
v -8.5 		1.973 		8.2
v -8.25 		1.941 		8.23
v -8.25 		1.908 		8.26
v -8.5 		1.908 		8.26
v -8.5 		1.941 		8.23
v -8.25 		0.825 		9.189
v -8.25 		1.877 		8.289
v -8.25 		1.845 		8.318
v -8.5 		1.845 		8.318
v -8.5 		1.877 		8.289
v -8.25 		0.812 		9.176
v -8.25 		0.785 		9.148
v -8.25 		0.806 		9.169
v -8.25 		0.77 		9.133
v -8.25 		0.778 		9.14
v -8.25 		4.048 		6.47
v -8.5 		4.048 		6.47
v -8.25 		3.996 		6.51
v -8.5 		3.996 		6.51
v -8.25 		0.732 		9.094
v -8.25 		0.763 		9.125
v -8.25 		0.839 		8.98
v -8.25 		0.864 		9.006
v -8.25 		0.847 		8.989
v -8.25 		0.872 		9.015
v -8.5 		-7.938 		3.134
v -8.5 		-7.943 		3.131
v -8.5 		-7.948 		3.129
v -8.25 		0.803 		8.944
v -8.5 		-7.952 		3.127
v -8.5 		-7.957 		3.125
v -8.25 		0.784 		8.925
v -8.5 		-7.965 		3.121
v -8.5 		-7.969 		3.12
v -8.25 		0.793 		8.935
v -8.5 		-7.972 		3.118
v -8.5 		-7.976 		3.117
v -8.5 		-7.979 		3.115
v -8.5 		-7.982 		3.114
v -8.25 		0.645 		9.006
v -8.25 		0.636 		8.997
v -8.5 		-7.991 		3.11
v -8.25 		0.69 		9.051
v -8.25 		0.724 		9.085
v -8.25 		0.655 		9.015
v -8.5 		-7.995 		3.108
v -8.5 		-7.996 		3.107
v -8.25 		0.617 		8.977
v -8.5 		-7.984 		3.113
v -8.25 		0.682 		9.042
v -8.5 		-7.989 		3.11
v -8.5 		-7.987 		3.111
v -8.25 		0.597 		8.958
v -8.25 		0.535 		8.896
v -8.25 		0.577 		8.938
v -8.25 		0.557 		8.917
v -8.25 		0.545 		8.689
v -8.25 		0.593 		8.736
v -8.25 		0.569 		8.713
v -8.25 		0.639 		8.781
v -8.25 		0.616 		8.759
v -8.5 		-7.997 		3.107
v -8.25 		0.683 		8.824
v -8.25 		0.661 		8.803
v -8.5 		-7.998 		3.106
v -8.5 		-8 		3.106
v -8.5 		-7.9689 		3.072
v -8.25 		0.492 		8.853
v -8.25 		0.495 		8.641
v -8.25 		0.443 		8.591
v -8.25 		1.236 		15.344
v -8.25 		0.469 		8.831
v -8.25 		9.787 		3.203
v -8.25 		9.777 		3.208
v -8.25 		0.398 		8.762
v -8.25 		9.768 		3.212
v -8.25 		0.446 		8.808
v -8.25 		9.758 		3.217
v -8.25 		9.748 		3.221
v -8.25 		0.216 		8.587
v -8.25 		9.996 		3.107
v -8.25 		9.995 		3.108
v -8.25 		9.991 		3.11
v -8.25 		9.989 		3.11
v -8.25 		0.349 		8.714
v -8.25 		0.374 		8.738
v -8.25 		9.987 		3.111
v -8.25 		9.984 		3.113
v -8.25 		10 		3.106
v -8.25 		0.271 		8.639
v -8.25 		9.998 		3.106
v -8.25 		9.984 		3.0885
v -8.25 		9.997 		3.107
v -8.25 		0.244 		8.613
v -8.25 		9.877 		3.162
v -8.25 		9.869 		3.165
v -8.25 		9.916 		3.144
v -8.25 		9.933 		3.136
v -8.25 		9.927 		3.138
v -8.5 		1.236 		15.344
v -8.25 		9.922 		3.141
v -8.25 		0.305 		8.459
v -8.25 		0.276 		8.432
v -8.25 		9.91 		3.146
v -8.25 		9.904 		3.149
v -8.25 		9.897 		3.152
v -8.25 		9.891 		3.155
v -8.25 		9.884 		3.158
v -8.5 		9.787 		3.203
v -8.25 		9.862 		3.168
v -8.25 		0.389 		8.539
v -8.25 		0.361 		8.513
v -8.5 		9.768 		3.212
v -8.5 		9.777 		3.208
v -8.5 		9.748 		3.221
v -8.5 		9.758 		3.217
v -8.25 		9.982 		3.114
v -8.25 		9.979 		3.115
v -8.25 		9.976 		3.117
v -8.25 		9.972 		3.118
v -8.25 		0.186 		8.347
v -8.25 		9.969 		3.12
v -8.25 		9.965 		3.121
v -8.25 		0.216 		8.376
v -8.5 		9.991 		3.11
v -8.5 		9.995 		3.108
v -8.25 		9.957 		3.125
v -8.5 		9.996 		3.107
v -8.25 		9.952 		3.127
v -8.5 		9.989 		3.11
v -8.25 		9.948 		3.129
v -8.5 		9.987 		3.111
v -8.25 		9.943 		3.131
v -8.25 		0.131 		8.506
v -8.25 		0.16 		8.533
v -8.25 		9.938 		3.134
v -8.25 		0.041 		8.422
v -8.25 		0.072 		8.45
v -8.5 		10 		3.106
v -8.5 		9.998 		3.106
v -8.5 		9.997 		3.107
v -8.25 		0.102 		8.478
v -8.25 		0.011 		8.393
v -8.25 		0.027 		8.2
v -8.25 		0.092 		8.26
v -8.25 		0.059 		8.23
v -8.25 		0.155 		8.318
v -8.25 		0.123 		8.289
v -8.25 		-0.007 		8.169
v -8.25 		-0.04 		8.139
v -8.25 		-0.322 		8.089
v -8.25 		-0.252 		8.153
v -8.25 		-0.217 		8.184
v -8.25 		-0.183 		8.215
# 1757 vertices

g group_10_10988977

usemtl color_10988977
s 0

f 996 	994 	995
f 996 	995 	997
f 998 	999 	1000
f 998 	1000 	1001
f 1002 	1003 	1004
f 1002 	1004 	1005
f 993 	2695 	1006
f 1007 	1008 	1009
f 1007 	1009 	1010
f 1005 	1004 	999
f 1005 	999 	998
f 1019 	2225 	1018
f 1017 	1020 	1021
f 1015 	1014 	1025
f 1015 	1025 	1026
f 1029 	1030 	1028
f 1012 	2257 	1011
f 1011 	2257 	1028
f 1018 	2216 	1012
f 1024 	2237 	1019
f 1057 	1027 	1031
f 1033 	1057 	1032
f 1034 	1055 	1033
f 1022 	1050 	2748
f 1031 	1032 	1057
f 1035 	1049 	1034
f 1039 	1035 	1038
f 1037 	1038 	1035
f 1023 	1022 	1041
f 1023 	1041 	1042
f 1043 	1044 	1046
f 1043 	1046 	1048
f 1047 	1016 	1045
f 1013 	1045 	1016
f 1036 	1037 	1035
f 1003 	1002 	1041
f 1042 	1041 	1002
f 1051 	2745 	2749
f 995 	2749 	2745
f 2745 	2744 	995
f 2744 	2739 	995
f 2739 	2741 	997
f 1057 	1033 	1055
f 1055 	1034 	1049
f 1053 	1052 	1044
f 1053 	1044 	1043
f 1039 	1049 	1035
f 1030 	1031 	1027
f 1027 	1028 	1030
f 1061 	1062 	1063
f 1061 	1063 	1068
f 1407 	1067 	1069
f 1070 	1060 	1066
f 1070 	1066 	1072
f 1056 	1073 	1054
f 1071 	1054 	1073
f 1050 	1051 	2749
f 2749 	2748 	1050
f 1077 	1078 	1079
f 1077 	1079 	1080
f 1058 	1070 	1072
f 1058 	1072 	1059
f 1003 	1041 	2746
f 1041 	1022 	2747
f 2747 	2746 	1041
f 1082 	1267 	1084
f 1035 	1093 	1036
f 1075 	1093 	1074
f 1065 	1074 	1093
f 1099 	1064 	1094
f 1104 	1115 	1100
f 1078 	1082 	1084
f 1078 	1084 	1079
f 1080 	1056 	1077
f 1054 	1077 	1056
f 1086 	1001 	1087
f 1000 	1087 	1001
f 1094 	1065 	1093
f 1075 	1036 	1093
f 1199 	1203 	1113
f 2711 	2708 	1335
f 1141 	1128 	1076
f 1112 	1105 	1076
f 1105 	1208 	2248
f 1098 	1066 	1097
f 1060 	1097 	1066
f 1100 	1064 	1099
f 1062 	1071 	1073
f 1062 	1073 	1063
f 1101 	1102 	1090
f 1101 	1090 	1085
f 1106 	1179 	1104
f 1045 	1061 	1068
f 1045 	1068 	1047
f 1123 	1169 	1109
f 1108 	1107 	1102
f 1108 	1102 	1101
f 1193 	1177 	1092
f 1091 	1092 	1177
f 2748 	2747 	1022
f 1004 	1003 	2746
f 2746 	1059 	1004
f 1059 	1072 	999
f 1072 	1066 	999
f 1000 	999 	1066
f 1000 	1098 	1087
f 1113 	2668 	1188
f 1187 	1188 	2668
f 1096 	1113 	1203
f 1188 	1199 	1113
f 1065 	1094 	1064
f 1064 	1100 	1115
f 1097 	1103 	1110
f 1097 	1110 	1098
f 1092 	2239 	1196
f 1119 	1120 	1122
f 1119 	1122 	1124
f 1127 	1129 	1131
f 1127 	1131 	1133
f 1130 	1132 	1134
f 1130 	1134 	1135
f 1090 	1139 	1140
f 1090 	1140 	1085
f 1208 	1196 	2248
f 1308 	1305 	2694
f 1305 	1341 	2694
f 1133 	1131 	1277
f 1140 	1139 	1146
f 1140 	1146 	1148
f 2693 	2694 	1341
f 1110 	1087 	1098
f 1066 	1098 	1000
f 1143 	1142 	1132
f 1143 	1132 	1130
f 1148 	1146 	1118
f 1148 	1118 	1117
f 2724 	2726 	1341
f 1150 	1151 	1152
f 1150 	1152 	1153
f 1135 	1134 	1120
f 1135 	1120 	1119
f 1125 	1121 	1076
f 2239 	2248 	1196
f 1196 	1193 	1092
f 1149 	1141 	1076
f 1128 	1125 	1076
f 1162 	1137 	1161
f 1163 	1137 	1162
f 1110 	1159 	1087
f 1124 	1122 	1116
f 1124 	1116 	1114
f 1157 	1165 	1167
f 1157 	1167 	1158
f 2709 	2704 	1383
f 1160 	1086 	1159
f 1087 	1159 	1086
f 1170 	1109 	1169
f 1169 	1123 	1163
f 1110 	1233 	1159
f 1171 	1172 	1173
f 1171 	1173 	1174
f 1160 	1159 	1151
f 1160 	1151 	1150
f 1165 	1175 	1176
f 1165 	1176 	1167
f 2722 	2724 	1341
f 2718 	2722 	1341
f 2731 	2693 	1341
f 1126 	1136 	2703
f 1178 	1180 	1182
f 1178 	1182 	1185
f 1129 	1127 	1152
f 1153 	1152 	1127
f 1166 	1083 	2704
f 1083 	1383 	2704
f 1194 	1195 	1218
f 1115 	1104 	1179
f 1179 	1106 	1170
f 1109 	1170 	1106
f 1137 	1163 	1123
f 1137 	1209 	1161
f 1156 	1161 	1210
f 1209 	1210 	1161
f 1190 	1191 	1192
f 1190 	1192 	1200
f 1164 	1166 	2704
f 2704 	1091 	1164
f 1175 	1186 	1189
f 1175 	1189 	1176
f 1229 	1126 	2705
f 1202 	1205 	1198
f 1202 	1198 	1197
f 1245 	1242 	1247
f 1206 	1207 	1211
f 1206 	1211 	1213
f 1212 	1214 	1184
f 1212 	1184 	1181
f 1183 	1164 	1091
f 1177 	1183 	1091
f 1118 	1215 	1217
f 1131 	1129 	1195
f 1197 	1131 	1195
f 2703 	2690 	1126
f 1221 	1114 	1219
f 1116 	1219 	1114
f 1235 	1252 	1271
f 1217 	1215 	1224
f 1217 	1224 	1225
f 1221 	1219 	1228
f 1221 	1228 	1230
f 1223 	1553 	1222
f 1205 	1212 	1181
f 1205 	1181 	1198
f 1230 	1228 	1207
f 1230 	1207 	1206
f 1194 	1202 	1197
f 1194 	1197 	1195
f 2696 	2692 	1319
f 2694 	2696 	1319
f 2690 	2691 	1126
f 1319 	1308 	2694
f 2691 	2705 	1126
f 1213 	1211 	1191
f 1213 	1191 	1190
f 1224 	1237 	1238
f 1224 	1238 	1225
f 1222 	1555 	1227
f 2684 	2687 	1850
f 1233 	1110 	1236
f 1103 	1236 	1110
f 1152 	1151 	1233
f 1152 	1218 	1129
f 1151 	1159 	1233
f 1218 	1152 	1233
f 1195 	1129 	1218
f 1200 	1192 	1180
f 1200 	1180 	1178
f 1238 	1237 	1232
f 1238 	1232 	1231
f 1243 	1194 	1218
f 1240 	1576 	1239
f 1185 	1182 	1172
f 1185 	1172 	1171
f 1246 	2710 	1367
f 1332 	1367 	2710
f 1204 	1226 	1256
f 1256 	1257 	1204
f 1257 	1144 	1201
f 1201 	1204 	1257
f 1236 	1243 	1218
f 1236 	1218 	1233
f 1082 	1264 	1267
f 1265 	1258 	1255
f 1265 	1255 	1270
f 1269 	1231 	1262
f 1232 	1262 	1231
f 1272 	1273 	1274
f 1272 	1274 	1275
f 1269 	1262 	1254
f 1269 	1254 	1253
f 1277 	1242 	1245
f 1277 	1245 	1281
f 1279 	1282 	1283
f 1279 	1283 	1284
f 1242 	1131 	1181
f 1197 	1198 	1131
f 1198 	1181 	1131
f 1181 	1184 	1242
f 1184 	1247 	1242
f 1247 	1322 	1245
f 1258 	1245 	1322
f 1285 	1286 	1287
f 1285 	1287 	1289
f 1268 	1288 	1266
f 1260 	1266 	1288
f 1271 	1294 	1235
f 1234 	1235 	1294
f 1226 	1271 	1252
f 1252 	1256 	1226
f 1156 	1210 	1144
f 1210 	1201 	1144
f 1281 	1245 	1258
f 1281 	1258 	1265
f 1241 	1234 	1295
f 1294 	1295 	1234
f 1292 	2215 	1297
f 1284 	1069 	1279
f 1067 	1279 	1069
f 1131 	1242 	1277
f 1286 	1292 	1297
f 1286 	1297 	1287
f 1249 	1392 	1261
f 1302 	1385 	1301
f 1295 	1301 	1241
f 1303 	1306 	1309
f 1303 	1309 	1310
f 1312 	1340 	1247
f 1273 	1285 	1289
f 1273 	1289 	1274
f 1419 	1420 	1320
f 1300 	1290 	1413
f 1413 	1290 	1390
f 1261 	1390 	1290
f 1296 	1255 	1307
f 1306 	1316 	1317
f 1306 	1317 	1309
f 1318 	996 	1302
f 1264 	1272 	1275
f 1264 	1275 	1267
f 1247 	1184 	1312
f 1214 	1312 	1184
f 1321 	1412 	1320
f 1412 	1419 	1320
f 1304 	1307 	1258
f 1255 	1258 	1307
f 1322 	1304 	1258
f 1324 	994 	1323
f 1310 	1283 	1303
f 1282 	1303 	1283
f 1299 	1300 	1414
f 1314 	1299 	1403
f 1403 	1406 	1314
f 1395 	1560 	1313
f 1560 	1553 	1313
f 1351 	1357 	1382
f 1329 	1157 	1158
f 1329 	1158 	1331
f 1333 	1334 	1463
f 1328 	1327 	1296
f 1255 	1296 	1327
f 1315 	1320 	1420
f 1311 	1315 	1424
f 1424 	1426 	1311
f 1239 	1576 	1321
f 1340 	1322 	1247
f 1331 	1317 	1329
f 1316 	1329 	1317
f 1351 	1023 	1343
f 1250 	1244 	1421
f 1348 	1470 	1334
f 1463 	1334 	1470
f 1349 	1350 	1307
f 1349 	1307 	1304
f 1023 	1042 	1343
f 1217 	1117 	1118
f 1347 	1339 	1244
f 1339 	1421 	1244
f 1445 	1296 	1354
f 1356 	1342 	1415
f 994 	1324 	1357
f 1358 	1359 	1361
f 1358 	1361 	1363
f 1381 	1344 	2674
f 1380 	1381 	1259
f 1350 	1354 	1296
f 1350 	1296 	1307
f 1415 	1377 	1356
f 1330 	1382 	1357
f 1244 	1246 	1346
f 1359 	1368 	1369
f 1359 	1369 	1361
f 1340 	1349 	1304
f 1340 	1304 	1322
f 1470 	1348 	1325
f 2673 	2674 	1345
f 1355 	1346 	1246
f 1360 	1353 	1246
f 1353 	1355 	1246
f 1373 	1374 	1376
f 1373 	1376 	1378
f 1345 	1386 	2671
f 1374 	1396 	1376
f 1386 	1393 	2669
f 2668 	2669 	1393
f 2669 	2671 	1386
f 1335 	1332 	2710
f 1367 	1360 	1246
f 1346 	1347 	1244
f 1368 	1373 	1378
f 1368 	1378 	1369
f 1388 	1337 	1336
f 1388 	1336 	1389
f 1023 	1351 	1382
f 1330 	1357 	1324
f 1318 	1323 	994
f 1318 	994 	996
f 1385 	1302 	996
f 1241 	1301 	1385
f 1384 	1328 	1296
f 1377 	1336 	1366
f 1366 	1356 	1377
f 1365 	1337 	1384
f 1365 	1366 	1336
f 1336 	1337 	1365
f 1328 	1384 	1337
f 1391 	1327 	1328
f 1391 	1328 	1394
f 1344 	1345 	2674
f 1393 	1081 	2668
f 2671 	2673 	1345
f 1081 	1187 	2668
f 2674 	1259 	1381
f 1371 	1380 	1259
f 1396 	1397 	1398
f 1396 	1398 	1400
f 1405 	1288 	1399
f 1397 	1407 	1409
f 1397 	1409 	1398
f 1410 	1411 	1484
f 1070 	1058 	998
f 1403 	1299 	1414
f 1406 	1395 	1314
f 1313 	1314 	1395
f 1394 	1328 	1337
f 1394 	1337 	1388
f 998 	1001 	1060
f 1060 	1070 	998
f 1001 	1086 	1097
f 1097 	1060 	1001
f 1390 	1261 	1392
f 1413 	1414 	1300
f 1396 	1400 	1376
f 1298 	1311 	1426
f 1420 	1424 	1315
f 1069 	1409 	1407
f 1422 	1423 	1494
f 1255 	1327 	1391
f 1255 	1391 	1270
f 1058 	1338 	1005
f 1268 	1276 	1288
f 1276 	1298 	1288
f 1426 	1288 	1298
f 1408 	1404 	1342
f 1415 	1342 	1404
f 1425 	1408 	1342
f 1417 	1249 	1421
f 1417 	1392 	1249
f 1249 	1250 	1421
f 1437 	1048 	1436
f 1046 	1436 	1048
f 1389 	1336 	1377
f 1389 	1377 	1375
f 1426 	1399 	1288
f 1427 	1288 	1405
f 1504 	1342 	1430
f 1108 	1429 	1107
f 1431 	1107 	1429
f 1494 	1423 	1416
f 1288 	1427 	1434
f 1352 	1288 	1434
f 1437 	1436 	1431
f 1437 	1431 	1429
f 1002 	1005 	1338
f 1042 	1002 	1338
f 1338 	1343 	1042
f 1448 	1430 	1342
f 1448 	1342 	1356
f 1103 	1097 	1086
f 1441 	1442 	1443
f 1441 	1443 	1444
f 1445 	1384 	1296
f 1484 	1411 	1401
f 1446 	1447 	1366
f 1446 	1366 	1365
f 1005 	998 	1058
f 1103 	1160 	1236
f 1439 	1441 	1444
f 1439 	1444 	1440
f 1133 	1194 	1127
f 1086 	1160 	1103
f 1447 	1448 	1356
f 1447 	1356 	1366
f 1449 	1450 	1451
f 1449 	1451 	1452
f 1243 	1236 	1153
f 1445 	1446 	1365
f 1445 	1365 	1384
f 1325 	1326 	1454
f 1453 	1454 	1326
f 1455 	1456 	1457
f 1455 	1457 	1458
f 1459 	1333 	1463
f 1460 	1461 	1462
f 1460 	1462 	1464
f 1465 	1425 	1472
f 1202 	1133 	1205
f 1173 	1333 	1459
f 1468 	1404 	1408
f 1468 	1408 	1469
f 1212 	1277 	1214
f 1467 	1466 	1461
f 1467 	1461 	1460
f 1194 	1133 	1202
f 1469 	1408 	1425
f 1469 	1425 	1465
f 1464 	1462 	1456
f 1464 	1456 	1455
f 1459 	1174 	1173
f 1471 	1375 	1415
f 1377 	1415 	1375
f 1458 	1457 	1450
f 1458 	1450 	1449
f 1454 	1470 	1325
f 1404 	1468 	1415
f 1471 	1415 	1468
f 1150 	1153 	1236
f 1150 	1236 	1160
f 1153 	1127 	1243
f 1194 	1243 	1127
f 1277 	1212 	1133
f 1472 	1433 	1432
f 1472 	1432 	1473
f 1425 	1433 	1472
f 1476 	1477 	1478
f 1476 	1478 	1479
f 1473 	1432 	1438
f 1473 	1438 	1480
f 1481 	1401 	1402
f 1481 	1402 	1482
f 1477 	1439 	1440
f 1477 	1440 	1478
f 1265 	1340 	1281
f 1270 	1350 	1265
f 1214 	1277 	1312
f 1281 	1312 	1277
f 1205 	1133 	1212
f 1483 	1410 	1484
f 1474 	1476 	1479
f 1474 	1479 	1475
f 1487 	1416 	1418
f 1487 	1418 	1488
f 1489 	1490 	1491
f 1489 	1491 	1492
f 1270 	1391 	1354
f 1467 	1915 	1466
f 1815 	1466 	1915
f 1493 	1422 	1494
f 1490 	1582 	1491
f 1349 	1265 	1350
f 1354 	1350 	1270
f 1544 	1545 	1227
f 1555 	1544 	1227
f 1433 	1425 	1505
f 1342 	1505 	1425
f 1498 	1443 	1495
f 1442 	1495 	1443
f 1340 	1265 	1349
f 1312 	1281 	1340
f 1326 	1422 	1493
f 1453 	1326 	1493
f 1485 	1489 	1492
f 1485 	1492 	1486
f 1965 	1966 	1293
f 1499 	2005 	1502
f 1435 	1227 	1545
f 1504 	1505 	1342
f 1416 	1487 	1494
f 1495 	1499 	1502
f 1495 	1502 	1498
f 1394 	1388 	1445
f 1389 	1446 	1388
f 1972 	1305 	1308
f 1512 	1485 	1486
f 1512 	1486 	1513
f 1428 	1435 	1531
f 1545 	1531 	1435
f 1506 	1507 	1508
f 1506 	1508 	1509
f 1410 	1483 	1418
f 1488 	1418 	1483
f 1504 	1510 	1511
f 1504 	1511 	1505
f 1448 	1447 	1375
f 1401 	1481 	1484
f 1497 	1561 	1500
f 1515 	1558 	1497
f 1510 	1512 	1513
f 1510 	1513 	1511
f 1972 	1308 	1319
f 1546 	1540 	1491
f 1843 	1846 	1647
f 1552 	1557 	1517
f 1561 	1567 	1500
f 1492 	1491 	1540
f 1522 	1524 	1525
f 1522 	1525 	1527
f 1297 	2215 	1523
f 1445 	1354 	1394
f 1389 	1375 	1447
f 1448 	1471 	1430
f 1500 	1567 	1248
f 1526 	1528 	1529
f 1526 	1529 	1530
f 1583 	1584 	1731
f 1593 	1588 	1729
f 1533 	1535 	1536
f 1533 	1536 	1537
f 1293 	1341 	1965
f 1543 	1757 	1547
f 1538 	1540 	1546
f 1538 	1546 	1549
f 1486 	1492 	1556
f 1556 	1438 	1486
f 1540 	1556 	1492
f 1513 	1486 	1438
f 1438 	1432 	1513
f 1432 	1433 	1511
f 1505 	1511 	1433
f 1733 	1731 	1584
f 1535 	1543 	1547
f 1535 	1547 	1536
f 1471 	1448 	1375
f 1446 	1445 	1388
f 1447 	1446 	1389
f 1391 	1394 	1354
f 1554 	1556 	1540
f 1554 	1540 	1538
f 1524 	1533 	1537
f 1524 	1537 	1525
f 1511 	1513 	1432
f 1531 	1532 	1428
f 1496 	1428 	1532
f 1532 	1534 	1496
f 1223 	1313 	1553
f 1553 	1555 	1222
f 1471 	1468 	1430
f 1522 	1527 	1787
f 1554 	1480 	1556
f 1438 	1556 	1480
f 1561 	1497 	1558
f 1558 	1515 	1557
f 1569 	1248 	1567
f 1515 	1517 	1557
f 1564 	1566 	1570
f 1564 	1570 	1571
f 1549 	1546 	1528
f 1549 	1528 	1526
f 1469 	1430 	1468
f 1465 	1430 	1469
f 1530 	1529 	1520
f 1530 	1520 	1519
f 1563 	1692 	1780
f 1473 	1480 	1512
f 1576 	1240 	1575
f 1575 	1248 	1569
f 1552 	1517 	1548
f 1572 	1585 	1565
f 1577 	1602 	1565
f 1562 	1579 	1580
f 1489 	1485 	1554
f 1412 	1321 	1581
f 1581 	1321 	1576
f 1248 	1575 	1240
f 1580 	1579 	1574
f 1580 	1574 	1573
f 1020 	1935 	1021
f 1534 	1521 	1503
f 1577 	1565 	1585
f 1514 	1739 	1501
f 1516 	1514 	1501
f 1501 	1503 	1516
f 1521 	1516 	1503
f 1480 	1554 	1485
f 1582 	1585 	1572
f 1850 	2687 	1929
f 1594 	1595 	1598
f 1594 	1598 	1599
f 1491 	1582 	1572
f 1472 	1473 	1510
f 1528 	1546 	1572
f 1491 	1572 	1546
f 1529 	1528 	1572
f 1572 	1565 	1529
f 1565 	1606 	1520
f 1520 	1529 	1565
f 1251 	1935 	1020
f 1489 	1538 	1490
f 1602 	1603 	1604
f 1602 	1604 	1606
f 1732 	1726 	1589
f 1739 	1733 	1584
f 1584 	1501 	1739
f 1601 	1573 	1600
f 1574 	1600 	1573
f 1607 	1688 	1605
f 1601 	1600 	1595
f 1601 	1595 	1594
f 1603 	1607 	1605
f 1603 	1605 	1604
f 1604 	1611 	1606
f 1611 	1520 	1606
f 1599 	1598 	1566
f 1599 	1566 	1564
f 1485 	1512 	1480
f 1512 	1510 	1473
f 1510 	1504 	1472
f 1465 	1472 	1504
f 1504 	1430 	1465
f 1602 	1606 	1565
f 1507 	1506 	1570
f 1571 	1570 	1506
f 1291 	1293 	1966
f 1613 	1519 	1611
f 1520 	1611 	1519
f 1609 	1709 	1632
f 1608 	1609 	1632
f 1538 	1489 	1554
f 1549 	1490 	1538
f 1617 	1618 	1762
f 1611 	1604 	1615
f 1613 	1611 	1615
f 1613 	1615 	1619
f 1589 	1583 	1732
f 1731 	1732 	1583
f 1624 	1626 	1627
f 1624 	1627 	1628
f 1526 	1582 	1549
f 1629 	1631 	1691
f 1634 	1636 	1631
f 1634 	1631 	1629
f 1585 	1530 	1577
f 1617 	1624 	1628
f 1617 	1628 	1618
f 1582 	1526 	1585
f 1623 	1625 	1616
f 1616 	1612 	1623
f 1621 	1623 	1612
f 1612 	1608 	1621
f 1632 	1621 	1608
f 1640 	1641 	1636
f 1640 	1636 	1634
f 1642 	1643 	1644
f 1642 	1644 	1648
f 1615 	1630 	1650
f 1615 	1650 	1619
f 1657 	1660 	1825
f 1996 	1341 	1305
f 1633 	1736 	1686
f 1650 	1630 	1641
f 1650 	1641 	1640
f 1660 	1662 	1810
f 1695 	1810 	1662
f 1810 	1825 	1660
f 1341 	1996 	1965
f 1645 	1707 	1663
f 1643 	1656 	1658
f 1643 	1658 	1644
f 1280 	1291 	1966
f 1652 	1666 	1664
f 1652 	1664 	1633
f 1490 	1549 	1582
f 1530 	1585 	1526
f 1577 	1530 	1519
f 1613 	1602 	1519
f 1687 	1685 	1633
f 1686 	1687 	1633
f 1577 	1519 	1602
f 1675 	1679 	1673
f 1672 	1666 	1652
f 1672 	1652 	1651
f 2016 	1933 	1379
f 1602 	1613 	1603
f 1671 	1683 	1693
f 1676 	1671 	1693
f 1631 	1636 	1659
f 1665 	1659 	1636
f 1636 	1641 	1665
f 1674 	1665 	1641
f 1641 	1630 	1674
f 1605 	1674 	1630
f 1615 	1605 	1630
f 1605 	1615 	1604
f 1668 	1670 	1682
f 1681 	1673 	1679
f 1669 	1672 	1651
f 1669 	1651 	1659
f 1793 	1667 	1684
f 1679 	1675 	1662
f 1659 	1651 	1631
f 1688 	1674 	1605
f 1678 	1680 	1661
f 1619 	1603 	1613
f 1648 	1627 	1642
f 1626 	1642 	1627
f 1680 	1677 	1690
f 1690 	1661 	1680
f 1637 	1793 	1684
f 1695 	1662 	1675
f 1657 	1825 	1654
f 1653 	1654 	1826
f 1659 	1665 	1669
f 1694 	1669 	1665
f 1691 	1631 	1651
f 1651 	1652 	1691
f 1685 	1691 	1652
f 1652 	1633 	1685
f 1677 	1676 	1690
f 1689 	1690 	1676
f 1693 	1689 	1676
f 1692 	1693 	1683
f 1683 	1780 	1692
f 1562 	1563 	1782
f 1700 	1702 	1705
f 1700 	1705 	1706
f 2227 	1541 	1542
f 1688 	1694 	1665
f 1688 	1665 	1674
f 1661 	1663 	1678
f 1700 	1509 	1702
f 1508 	1702 	1509
f 1387 	2021 	2016
f 1387 	2016 	1379
f 1640 	1634 	1694
f 1550 	1551 	2236
f 1708 	1696 	1759
f 1707 	1645 	1712
f 1710 	1712 	1645
f 1707 	1678 	1663
f 1706 	1705 	1698
f 1706 	1698 	1697
f 2029 	1021 	1935
f 1713 	1687 	1686
f 1713 	1686 	1714
f 1645 	1578 	1710
f 1709 	1710 	1578
f 1578 	1632 	1709
f 1719 	1685 	1687
f 1719 	1687 	1713
f 1747 	1746 	1764
f 1711 	1756 	1717
f 1650 	1640 	1688
f 1694 	1688 	1640
f 1715 	1718 	1720
f 1715 	1720 	1723
f 1716 	1717 	1752
f 1698 	1727 	1728
f 1698 	1728 	1697
f 1703 	1745 	1701
f 1701 	1776 	1699
f 1614 	1616 	1625
f 1568 	2249 	1559
f 2240 	1559 	2249
f 1714 	1686 	1696
f 1714 	1696 	1708
f 1728 	1727 	1734
f 1728 	1734 	1735
f 1724 	1639 	1591
f 1763 	1741 	1761
f 1761 	1744 	1703
f 1637 	1699 	1792
f 1792 	1793 	1637
f 1691 	1737 	1629
f 1666 	1672 	1737
f 1629 	1737 	1672
f 1672 	1669 	1629
f 1634 	1629 	1669
f 1669 	1694 	1634
f 1688 	1607 	1650
f 1619 	1650 	1607
f 1607 	1603 	1619
f 1735 	1734 	1718
f 1735 	1718 	1715
f 1730 	1725 	1704
f 1738 	1704 	1725
f 1704 	1696 	1730
f 1696 	1686 	1736
f 1736 	1730 	1696
f 1729 	1724 	1592
f 1591 	1592 	1724
f 1639 	1614 	1591
f 1625 	1591 	1614
f 1588 	1589 	1726
f 1726 	1729 	1588
f 1592 	1593 	1729
f 1685 	1719 	1691
f 1737 	1691 	1719
f 1744 	1761 	1743
f 1745 	1703 	1744
f 1737 	1719 	1666
f 1254 	1189 	1751
f 1568 	1550 	2249
f 2236 	2249 	1550
f 1752 	1717 	1756
f 1738 	1752 	1750
f 1543 	1755 	1757
f 1713 	1664 	1719
f 1714 	1664 	1713
f 1759 	1806 	1708
f 1664 	1666 	1719
f 1696 	1704 	1759
f 2227 	1551 	1541
f 1189 	2612 	1751
f 1760 	1617 	1762
f 1759 	1704 	1738
f 1759 	1738 	1750
f 2702 	1748 	1749
f 1755 	1760 	1762
f 1755 	1762 	1757
f 1779 	1753 	1768
f 1768 	1753 	1766
f 2215 	1542 	1523
f 1769 	1785 	1788
f 1769 	1788 	1770
f 1741 	1766 	1740
f 1753 	1740 	1766
f 1743 	1761 	1741
f 1776 	1701 	1745
f 1763 	1766 	1741
f 1768 	1586 	1779
f 1767 	1775 	1717
f 1767 	1717 	1716
f 1559 	2240 	1590
f 1779 	1780 	1683
f 1781 	1769 	1770
f 1781 	1770 	1782
f 1597 	2268 	1596
f 2270 	1596 	2268
f 1857 	1711 	1784
f 1785 	1786 	1787
f 1785 	1787 	1788
f 1786 	1522 	1787
f 1775 	1784 	1711
f 1775 	1711 	1717
f 1792 	1699 	1791
f 1776 	1791 	1699
f 2308 	1646 	1610
f 1963 	1919 	1916
f 1736 	1633 	1796
f 1664 	1796 	1633
f 1779 	1781 	1782
f 1779 	1782 	1780
f 1778 	1764 	1746
f 1711 	1778 	1754
f 1746 	1754 	1778
f 1756 	1711 	1754
f 1725 	1716 	1738
f 1752 	1738 	1716
f 1774 	1747 	1764
f 1773 	1774 	1764
f 1773 	1764 	1820
f 1750 	1831 	1767
f 1775 	1767 	1831
f 1831 	1833 	1775
f 1620 	1622 	2285
f 1800 	1767 	1716
f 1800 	1716 	1725
f 1805 	1658 	1804
f 1656 	1804 	1658
f 1783 	1963 	1916
f 1806 	1800 	1725
f 1806 	1725 	1730
f 1668 	1684 	1667
f 1681 	1682 	1670
f 1670 	1673 	1681
f 1682 	1684 	1668
f 1750 	1767 	1800
f 1806 	1759 	1800
f 1820 	1807 	1773
f 1796 	1806 	1730
f 1796 	1730 	1736
f 1809 	2162 	1811
f 1803 	1914 	1798
f 1817 	1774 	1773
f 1817 	1773 	1814
f 1664 	1714 	1796
f 1714 	1708 	1796
f 1806 	1796 	1708
f 1750 	1800 	1759
f 1818 	1819 	1821
f 1818 	1821 	1823
f 1824 	1746 	1747
f 1824 	1747 	1827
f 1797 	1798 	1828
f 1916 	1917 	1783
f 1815 	1797 	1828
f 1903 	1879 	1812
f 1816 	1812 	1879
f 1844 	1857 	1824
f 1790 	1748 	2702
f 2568 	1830 	1829
f 2311 	2297 	1655
f 1826 	1654 	1825
f 1836 	1838 	1839
f 1836 	1839 	1840
f 1872 	1874 	1854
f 1827 	1747 	1774
f 1827 	1774 	1817
f 1843 	1647 	1842
f 2308 	2311 	1655
f 2308 	1655 	1646
f 1833 	1756 	1754
f 1833 	1754 	1834
f 1852 	1829 	1851
f 1830 	1851 	1829
f 2285 	1635 	1620
f 1848 	1849 	1838
f 1848 	1838 	1836
f 1863 	1910 	1845
f 1835 	1863 	1845
f 1831 	1752 	1756
f 1831 	1756 	1833
f 1518 	1647 	1846
f 1539 	1518 	1846
f 1548 	1518 	1539
f 1841 	1842 	1649
f 1649 	1653 	1841
f 1826 	1841 	1653
f 1649 	1842 	1647
f 1518 	1548 	1517
f 2270 	1622 	1596
f 1746 	1824 	1754
f 1834 	1754 	1824
f 1852 	1851 	1849
f 1852 	1849 	1848
f 1827 	1817 	1844
f 1824 	1827 	1844
f 1817 	1814 	1844
f 1893 	1844 	1814
f 1834 	1824 	1857
f 1857 	1784 	1834
f 1833 	1834 	1784
f 1784 	1775 	1833
f 1597 	1590 	2268
f 1860 	1861 	2728
f 1818 	1840 	1839
f 1818 	1839 	1819
f 1831 	1750 	1752
f 1856 	1862 	2611
f 2613 	2611 	1862
f 2613 	1862 	2535
f 1772 	1805 	1777
f 1866 	1868 	2724
f 1820 	1764 	1893
f 1805 	1853 	1869
f 1777 	1805 	1869
f 1875 	1876 	2718
f 1857 	1778 	1711
f 1883 	1899 	1877
f 2714 	1881 	1882
f 2714 	1882 	2715
f 1822 	1816 	1879
f 1879 	1802 	1822
f 1820 	1822 	1802
f 1802 	1801 	1820
f 1807 	1820 	1801
f 1844 	1893 	1764
f 1931 	1932 	1961
f 1952 	1932 	1951
f 1951 	1804 	1885
f 1893 	1865 	1891
f 1890 	1892 	2713
f 1857 	1844 	1764
f 1857 	1764 	1778
f 1889 	1905 	1888
f 1812 	1888 	1903
f 1864 	1801 	1802
f 1864 	1802 	1865
f 1900 	1890 	2683
f 1837 	1832 	1858
f 1858 	1863 	1837
f 1835 	1837 	1863
f 1859 	1858 	1832
f 1832 	1872 	1859
f 1854 	1859 	1872
f 1853 	1854 	1874
f 1874 	1867 	1853
f 1867 	1869 	1853
f 1881 	2714 	1892
f 2713 	1892 	2714
f 1865 	1802 	1879
f 1865 	1879 	1899
f 1871 	1814 	1807
f 1773 	1807 	1814
f 1918 	1989 	1908
f 1904 	1912 	1990
f 2715 	1882 	1875
f 1828 	1798 	1914
f 1909 	1915 	1918
f 1908 	1909 	1918
f 1474 	1918 	1915
f 1801 	1864 	1807
f 1871 	1807 	1864
f 1803 	1794 	1913
f 1913 	1914 	1803
f 2718 	1876 	1866
f 1883 	1877 	1812
f 1989 	1990 	1912
f 1912 	1908 	1989
f 1847 	1845 	1910
f 2724 	1868 	1860
f 1877 	1926 	1812
f 1953 	1955 	1897
f 1895 	1897 	1955
f 2728 	1861 	1855
f 1893 	1891 	1822
f 1893 	1822 	1820
f 1921 	1937 	1920
f 1865 	1899 	1891
f 1814 	1871 	1893
f 1864 	1893 	1871
f 1865 	1893 	1864
f 1936 	1877 	1899
f 2113 	2114 	1897
f 1812 	1816 	1883
f 1926 	1941 	1924
f 1927 	1905 	1889
f 1903 	1888 	1905
f 1891 	1883 	1816
f 1891 	1816 	1822
f 1895 	1955 	1887
f 1877 	1936 	1926
f 1883 	1891 	1899
f 2666 	1887 	1944
f 1251 	1933 	1935
f 1926 	1924 	1889
f 1926 	1889 	1888
f 1950 	1983 	1948
f 1948 	1924 	1941
f 1941 	1926 	1936
f 1387 	1263 	1943
f 1938 	1940 	1978
f 1988 	1978 	1940
f 1930 	1988 	1940
f 1926 	1888 	1812
f 1958 	1278 	1956
f 1280 	1956 	1278
f 1939 	1931 	1962
f 1961 	1962 	1931
f 1945 	1946 	1971
f 1953 	1897 	2114
f 1794 	1783 	1917
f 1917 	1913 	1794
f 1911 	1916 	1919
f 1919 	1847 	1911
f 1910 	1911 	1847
f 1955 	1944 	1887
f 1971 	1925 	1945
f 1960 	1945 	1925
f 1925 	1927 	1960
f 1954 	1960 	1927
f 1889 	1954 	1927
f 1941 	1905 	1948
f 1305 	1972 	1975
f 1950 	1991 	1976
f 1969 	1999 	1968
f 1451 	1443 	1977
f 1939 	1962 	1920
f 1923 	1942 	1922
f 1921 	1922 	1942
f 1942 	1937 	1921
f 1939 	1920 	1937
f 1952 	1961 	1932
f 1656 	1873 	1804
f 1879 	1903 	1936
f 1879 	1936 	1899
f 1986 	1948 	1983
f 1976 	1983 	1950
f 1985 	1319 	1168
f 1936 	1903 	1905
f 1936 	1905 	1941
f 1946 	1938 	1979
f 1979 	1971 	1946
f 1978 	1979 	1938
f 1988 	1930 	2008
f 1014 	1977 	1498
f 1443 	1498 	1977
f 1972 	1319 	1985
f 1979 	1991 	1971
f 2004 	1898 	1994
f 1994 	1984 	1997
f 1924 	1948 	1986
f 1974 	1976 	1991
f 1991 	1998 	1974
f 1948 	1927 	1925
f 1948 	1925 	1950
f 1996 	1305 	1975
f 1999 	1969 	1998
f 1014 	1502 	1025
f 1052 	1025 	2005
f 1905 	1927 	1948
f 1950 	1925 	1971
f 1950 	1971 	1991
f 1992 	2031 	2026
f 1986 	1983 	1960
f 1986 	1960 	1954
f 1957 	1968 	2007
f 1969 	1974 	1998
f 2007 	1968 	1999
f 2034 	2030 	2007
f 1044 	1052 	2005
f 2005 	1982 	1044
f 1046 	1044 	1982
f 1982 	1981 	1046
f 1981 	1363 	1046
f 1987 	1928 	1984
f 1993 	1994 	1898
f 1942 	1923 	1987
f 1923 	1928 	1987
f 1997 	1984 	1928
f 2004 	1994 	1997
f 1898 	1904 	1993
f 1990 	1993 	1904
f 1976 	1974 	1946
f 1976 	1946 	1945
f 2003 	2025 	2001
f 2000 	2001 	2015
f 1280 	1966 	1956
f 1969 	1968 	1940
f 1969 	1940 	1938
f 1958 	1943 	1278
f 1263 	1278 	1943
f 2040 	2041 	2028
f 2008 	2000 	2015
f 2026 	2027 	1992
f 2008 	2015 	1988
f 1251 	1379 	1933
f 1499 	1495 	1015
f 1452 	2010 	1442
f 1968 	1957 	1930
f 1968 	1930 	1940
f 2021 	1387 	1943
f 1107 	1398 	1102
f 2003 	1995 	2024
f 2024 	2025 	2003
f 2015 	2001 	2025
f 1090 	1102 	1409
f 2341 	1878 	1880
f 1974 	1969 	1938
f 1974 	1938 	1946
f 1409 	1069 	1090
f 1884 	1886 	2354
f 2020 	2034 	2018
f 2030 	2034 	2020
f 1053 	1043 	2047
f 1995 	1992 	2027
f 2027 	2024 	1995
f 2031 	2032 	2026
f 2019 	2026 	2032
f 2032 	2042 	2019
f 2017 	2019 	2042
f 1983 	1976 	1945
f 1983 	1945 	1960
f 1146 	1139 	1284
f 1069 	1284 	1139
f 1896 	2360 	1894
f 2361 	1894 	2360
f 1924 	1986 	1954
f 1924 	1954 	1889
f 1048 	2023 	1043
f 2023 	2047 	1043
f 2028 	2018 	2040
f 2011 	2028 	2041
f 2034 	2040 	2018
f 1957 	2007 	2030
f 2046 	2053 	2063
f 2668 	1113 	1091
f 2007 	1988 	2034
f 2367 	1901 	1902
f 1118 	1310 	1215
f 1224 	1215 	1317
f 1998 	1979 	1978
f 1998 	1978 	1999
f 1096 	1095 	1092
f 2043 	2044 	2009
f 1906 	1907 	2371
f 2054 	2017 	2037
f 2035 	2054 	2037
f 2042 	2037 	2017
f 2014 	2013 	2147
f 1979 	1998 	1991
f 2055 	2057 	2044
f 2057 	2009 	2044
f 2247 	2248 	1088
f 1089 	1088 	2248
f 1999 	1978 	1988
f 1999 	1988 	2007
f 1026 	1053 	2047
f 2047 	1499 	1026
f 2023 	1048 	2022
f 1015 	1026 	1499
f 2010 	1015 	1495
f 2048 	2049 	2050
f 2048 	2050 	2051
f 1237 	1224 	1331
f 1317 	1331 	1224
f 2008 	1930 	1957
f 2367 	2371 	1901
f 1907 	1901 	2371
f 2039 	2072 	2038
f 2044 	2038 	2055
f 2009 	2011 	2043
f 2041 	2043 	2011
f 2034 	2015 	2040
f 1095 	1089 	2248
f 2048 	2060 	2061
f 2048 	2061 	2049
f 1988 	2015 	2034
f 2079 	2064 	2066
f 1232 	1237 	1158
f 1158 	1167 	1232
f 1262 	1232 	1167
f 1167 	1176 	1262
f 1254 	1262 	1176
f 1254 	1176 	1189
f 1758 	1751 	2612
f 2065 	2059 	2045
f 2085 	2045 	2059
f 1067 	1407 	1085
f 1101 	1085 	1407
f 2068 	2081 	2067
f 1894 	2361 	1902
f 2020 	2018 	2001
f 2020 	2001 	2000
f 1113 	1096 	1092
f 2050 	2066 	2064
f 2050 	2064 	2051
f 2028 	2011 	1995
f 2028 	1995 	2003
f 1896 	1884 	2360
f 2354 	2360 	1884
f 2070 	2061 	2060
f 2070 	2060 	2071
f 1317 	1215 	1309
f 2068 	2069 	2081
f 2072 	2039 	2069
f 2081 	2069 	2039
f 2055 	2038 	2072
f 1140 	1067 	1085
f 1148 	1279 	1140
f 2056 	2070 	2071
f 2056 	2071 	2058
f 2341 	1886 	1878
f 2036 	2033 	2052
f 2052 	2054 	2036
f 2035 	2036 	2054
f 2053 	2052 	2033
f 2033 	2063 	2053
f 2063 	2065 	2046
f 2045 	2046 	2065
f 2011 	2009 	1992
f 2011 	1992 	1995
f 1117 	1282 	1148
f 2078 	2079 	2066
f 1310 	1118 	1283
f 1331 	1158 	1237
f 1310 	1309 	1215
f 1118 	1146 	1283
f 1284 	1283 	1146
f 2030 	2020 	2000
f 2030 	2000 	2008
f 2195 	2082 	2084
f 1238 	1329 	1225
f 2077 	2073 	2088
f 2087 	2088 	2073
f 1369 	1436 	1361
f 1378 	1436 	1369
f 1947 	1949 	2413
f 2089 	2090 	2084
f 2089 	2084 	2082
f 2086 	2096 	2085
f 2045 	2085 	2096
f 2018 	2028 	2003
f 2018 	2003 	2001
f 1957 	2030 	2008
f 1363 	1361 	1046
f 2078 	2093 	2094
f 2078 	2094 	2079
f 2077 	2088 	2062
f 2081 	2075 	2067
f 2062 	2067 	2075
f 2077 	2062 	2075
f 2102 	2107 	2119
f 2038 	2019 	2017
f 2038 	2017 	2039
f 2089 	2097 	2098
f 2089 	2098 	2090
f 2093 	2098 	2097
f 2093 	2097 	2094
f 2080 	2076 	2095
f 2095 	2096 	2080
f 2086 	2080 	2096
f 2054 	2039 	2017
f 1238 	1231 	1157
f 1165 	1157 	1231
f 1231 	1269 	1165
f 1175 	1165 	1269
f 1269 	1253 	1175
f 1186 	1175 	1253
f 1186 	1253 	1856
f 2043 	2027 	2026
f 2043 	2026 	2044
f 1973 	2428 	1970
f 2426 	1970 	2428
f 2040 	2025 	2024
f 2040 	2024 	2041
f 1303 	1217 	1306
f 2131 	2127 	2104
f 1431 	1436 	1376
f 1400 	1431 	1376
f 1409 	1102 	1398
f 1139 	1090 	1069
f 1398 	1107 	1400
f 1431 	1400 	1107
f 1378 	1376 	1436
f 1436 	1046 	1361
f 2073 	2074 	2087
f 2083 	2087 	2074
f 2108 	2083 	2074
f 2074 	2119 	2108
f 2433 	2340 	1980
f 2015 	2025 	2040
f 1157 	1329 	1238
f 2111 	2109 	2105
f 2111 	2105 	2103
f 2099 	2102 	2120
f 2119 	2120 	2102
f 2041 	2024 	2027
f 2041 	2027 	2043
f 2106 	2104 	2127
f 2058 	2114 	2056
f 2113 	2056 	2114
f 2019 	2038 	2026
f 2044 	2026 	2038
f 2426 	1980 	1970
f 2110 	2106 	2092
f 2127 	2092 	2106
f 2031 	1992 	2057
f 2009 	2057 	1992
f 1306 	1217 	1316
f 1303 	1282 	1117
f 1279 	1148 	1282
f 1067 	1140 	1279
f 1217 	1303 	1117
f 1316 	1225 	1329
f 1225 	1316 	1217
f 2420 	2428 	1964
f 1188 	1187 	1164
f 2057 	2055 	2032
f 2057 	2032 	2031
f 1373 	1437 	1374
f 2124 	2156 	2122
f 2120 	2122 	2099
f 2121 	2123 	2125
f 2121 	2125 	2126
f 1461 	1466 	1475
f 1358 	1048 	1359
f 1368 	1359 	1437
f 2022 	1048 	1358
f 2092 	2091 	2110
f 2112 	2110 	2091
f 2091 	2100 	2112
f 2118 	2112 	2100
f 2100 	2101 	2118
f 2117 	2118 	2101
f 2101 	2095 	2076
f 2117 	2101 	2076
f 2054 	2081 	2039
f 2129 	2130 	2109
f 2129 	2109 	2111
f 1396 	1374 	1429
f 1462 	1478 	1456
f 1199 	1188 	1164
f 2449 	2002 	1947
f 2133 	2126 	2125
f 2133 	2125 	2134
f 1437 	1359 	1048
f 2055 	2072 	2042
f 2055 	2042 	2032
f 1959 	2006 	2452
f 1440 	1444 	1457
f 1450 	1457 	1444
f 1444 	1443 	1450
f 1451 	1450 	1443
f 2136 	2116 	2132
f 2135 	2137 	2139
f 2135 	2139 	2141
f 2142 	2143 	2144
f 2142 	2144 	2145
f 2068 	2067 	2036
f 2068 	2036 	2035
f 2013 	2146 	2147
f 2062 	2088 	2033
f 2147 	2146 	2144
f 2147 	2144 	2143
f 2067 	2062 	2033
f 2067 	2033 	2036
f 2142 	2145 	2137
f 2142 	2137 	2135
f 2069 	2068 	2035
f 2069 	2035 	2037
f 2141 	2139 	2123
f 2141 	2123 	2121
f 2133 	2134 	2130
f 2133 	2130 	2129
f 1478 	1440 	1456
f 1457 	1456 	1440
f 2149 	2103 	2148
f 2105 	2148 	2103
f 2153 	2115 	2136
f 2140 	2163 	2138
f 2104 	2151 	2131
f 2449 	2452 	2002
f 2006 	2002 	2452
f 1462 	1461 	1479
f 1479 	1478 	1462
f 1475 	1479 	1461
f 1466 	1815 	1475
f 1815 	1828 	1475
f 2072 	2069 	2037
f 2072 	2037 	2042
f 2154 	2149 	2148
f 2154 	2148 	2155
f 2005 	1025 	1502
f 2154 	2155 	2152
f 2154 	2152 	2150
f 2073 	2046 	2045
f 2073 	2045 	2074
f 2158 	2122 	2156
f 2156 	2124 	2153
f 1128 	1141 	1154
f 1155 	1154 	1141
f 1437 	1429 	1374
f 1373 	1368 	1437
f 1429 	1108 	1396
f 1397 	1396 	1108
f 1407 	1397 	1101
f 1108 	1101 	1397
f 2159 	2160 	2161
f 2159 	2161 	2162
f 2046 	2073 	2077
f 1502 	1014 	1498
f 2131 	2151 	2163
f 2161 	2160 	2168
f 1145 	1121 	1147
f 1441 	1449 	1442
f 1809 	2159 	2162
f 2163 	2140 	2157
f 2140 	2190 	2157
f 2116 	2136 	2115
f 2164 	2132 	2116
f 2128 	2132 	2164
f 2115 	2153 	2124
f 2099 	2122 	2158
f 2107 	2108 	2119
f 2075 	2052 	2053
f 2075 	2053 	2077
f 1136 	1112 	1138
f 2168 	2169 	2170
f 2168 	2170 	2171
f 2052 	2075 	2081
f 2190 	2191 	2165
f 1507 	1570 	1547
f 2174 	2175 	2176
f 2174 	2176 	2177
f 2046 	2077 	2053
f 1229 	1208 	1126
f 1464 	1476 	1460
f 1467 	1460 	1474
f 2179 	2180 	2181
f 2179 	2181 	2182
f 2192 	2187 	2173
f 2164 	2173 	2128
f 2180 	2150 	2181
f 2152 	2181 	2150
f 1455 	1477 	1464
f 1105 	1112 	1126
f 2185 	2192 	2184
f 1537 	1536 	1566
f 2179 	2182 	2176
f 2179 	2176 	2175
f 2052 	2081 	2054
f 1111 	1121 	1138
f 1145 	1138 	1121
f 1452 	1442 	1449
f 1449 	1441 	1458
f 1458 	1439 	1455
f 2128 	2173 	2187
f 2187 	2192 	2185
f 2174 	2177 	2170
f 2174 	2170 	2169
f 1782 	1770 	1562
f 2204 	2172 	2183
f 2183 	2178 	2204
f 2203 	2204 	2178
f 2088 	2087 	2065
f 2088 	2065 	2063
f 1154 	1147 	1128
f 1439 	1458 	1441
f 1477 	1455 	1439
f 2161 	2168 	2171
f 1141 	1168 	1155
f 2189 	2186 	2172
f 2186 	2183 	2172
f 1476 	1464 	1477
f 2194 	2195 	2084
f 1579 	1562 	1770
f 2087 	2083 	2059
f 2087 	2059 	2065
f 2208 	2209 	2198
f 2426 	2433 	1980
f 2194 	1823 	1821
f 2194 	1821 	2195
f 2206 	2208 	2199
f 2198 	2199 	2208
f 2088 	2063 	2033
f 1193 	1220 	1216
f 1973 	1964 	2428
f 1915 	1467 	1474
f 1474 	1460 	1476
f 2083 	2108 	2085
f 2083 	2085 	2059
f 1527 	1525 	1595
f 1600 	1527 	1595
f 2166 	2165 	2191
f 2165 	2157 	2190
f 2138 	2163 	2151
f 2167 	2166 	2188
f 2188 	2189 	2167
f 2172 	2167 	2189
f 2102 	2099 	2076
f 2416 	2422 	1959
f 2191 	2188 	2166
f 2099 	2117 	2076
f 1187 	1166 	1164
f 1566 	1598 	1537
f 1547 	1757 	1507
f 1570 	1566 	1536
f 1536 	1547 	1570
f 1525 	1537 	1598
f 1598 	1595 	1525
f 1442 	2010 	1495
f 1947 	2410 	2449
f 2108 	2107 	2086
f 2108 	2086 	2085
f 2203 	2178 	2207
f 2076 	2080 	2102
f 2416 	1959 	2452
f 2209 	2212 	2197
f 2197 	2198 	2209
f 2207 	2210 	2205
f 2107 	2102 	2080
f 2107 	2080 	2086
f 1720 	1644 	1765
f 2119 	2074 	2096
f 2045 	2096 	2074
f 2213 	2196 	2212
f 2214 	2013 	2200
f 2014 	2200 	2013
f 1216 	1203 	1193
f 1508 	1507 	1757
f 2413 	1949 	2012
f 2211 	2205 	2210
f 2210 	2207 	2178
f 1573 	1601 	1522
f 2115 	2091 	2092
f 2115 	2092 	2116
f 1208 	1229 	1220
f 2196 	2213 	2193
f 2193 	2184 	2192
f 2184 	2193 	2213
f 2197 	2212 	2196
f 2223 	2202 	2199
f 1580 	1573 	1786
f 1522 	1786 	1573
f 1083 	1081 	1383
f 2219 	2221 	2224
f 2219 	2224 	2225
f 2226 	2201 	2223
f 1705 	1618 	1698
f 2116 	2092 	2127
f 2116 	2127 	2164
f 2205 	2211 	2220
f 2222 	2227 	1542
f 1083 	1166 	1081
f 2231 	2245 	2229
f 2245 	2201 	2229
f 2122 	2101 	2100
f 2122 	2100 	2124
f 2244 	2246 	2218
f 1535 	1533 	1564
f 2228 	2230 	2232
f 2228 	2232 	2237
f 1618 	1628 	1698
f 2235 	2236 	1551
f 2119 	2096 	2095
f 2119 	2095 	2120
f 2226 	2229 	2201
f 1095 	2239 	1092
f 2214 	2200 	2243
f 2242 	2243 	2200
f 1543 	1535 	1571
f 1564 	1571 	1535
f 1599 	1564 	1533
f 2251 	2234 	2269
f 2120 	2095 	2101
f 2120 	2101 	2122
f 2243 	2242 	2230
f 2243 	2230 	2228
f 1628 	1627 	1727
f 1727 	1698 	1628
f 1734 	1727 	1627
f 1762 	1618 	1705
f 1627 	1648 	1734
f 1718 	1734 	1648
f 1648 	1644 	1718
f 1720 	1718 	1644
f 1658 	1765 	1644
f 2124 	2100 	2091
f 2124 	2091 	2115
f 1755 	1543 	1506
f 1571 	1506 	1543
f 2245 	2231 	2241
f 2206 	2199 	2202
f 2201 	2202 	2223
f 2237 	2232 	2221
f 2237 	2221 	2219
f 2247 	1088 	1742
f 2132 	2106 	2110
f 2238 	2269 	2234
f 2246 	2238 	2234
f 2234 	2233 	2246
f 2233 	2218 	2246
f 2218 	2220 	2244
f 2244 	2220 	2211
f 2253 	2267 	2252
f 2248 	2239 	1095
f 2225 	2224 	2217
f 2225 	2217 	2216
f 2128 	2187 	2104
f 1509 	1700 	1755
f 1506 	1509 	1755
f 1533 	1524 	1599
f 1594 	1599 	1524
f 1601 	1594 	1522
f 1786 	1785 	1580
f 2227 	2235 	1551
f 1705 	1702 	1762
f 1508 	1757 	1702
f 1762 	1702 	1757
f 2257 	2216 	2255
f 2217 	2255 	2216
f 2259 	2266 	2258
f 2132 	2128 	2104
f 2132 	2104 	2106
f 2215 	2222 	1542
f 1092 	1091 	1113
f 1029 	2257 	2255
f 2276 	2262 	2256
f 1600 	1574 	1527
f 1149 	1985 	1168
f 2240 	2263 	1590
f 2158 	2156 	2118
f 2158 	2118 	2117
f 1642 	1715 	1643
f 1643 	1870 	1656
f 2264 	2265 	2415
f 2266 	2259 	2260
f 1788 	1787 	1579
f 1787 	1527 	1574
f 2136 	2132 	2110
f 1706 	1697 	1617
f 1760 	1755 	1700
f 1770 	1788 	1579
f 1574 	1579 	1787
f 1782 	1563 	1780
f 2261 	2262 	2254
f 2276 	2254 	2262
f 2254 	2250 	2261
f 2250 	2251 	2269
f 2269 	2261 	2250
f 2153 	2136 	2110
f 2153 	2110 	2112
f 1635 	2290 	1610
f 1765 	1658 	1772
f 1805 	1772 	1658
f 2264 	2271 	2272
f 2264 	2272 	2265
f 1147 	1121 	1125
f 2274 	2294 	2273
f 2273 	2294 	2259
f 2267 	2253 	2266
f 2258 	2266 	2253
f 2241 	2252 	2267
f 2231 	2252 	2241
f 2156 	2153 	2112
f 2156 	2112 	2118
f 1728 	1624 	1697
f 1624 	1617 	1697
f 2278 	2289 	2274
f 2099 	2158 	2117
f 2275 	2308 	1610
f 1111 	1138 	1112
f 2276 	2256 	2281
f 1735 	1626 	1728
f 2173 	2164 	2131
f 2127 	2131 	2164
f 2283 	2285 	1622
f 2440 	2284 	2286
f 2289 	2278 	2288
f 2278 	2300 	2288
f 2310 	2291 	2287
f 2287 	2277 	2256
f 2173 	2131 	2192
f 2286 	2284 	2280
f 2286 	2280 	2279
f 2583 	2582 	2568
f 1723 	1643 	1715
f 1715 	1642 	1735
f 1700 	1706 	1760
f 1136 	1126 	1112
f 2187 	2151 	2104
f 2275 	1610 	2290
f 2277 	2287 	2291
f 2185 	2184 	2140
f 2185 	2140 	2138
f 2260 	2259 	2294
f 2294 	2274 	2289
f 2300 	2301 	2282
f 2310 	2303 	2295
f 2295 	2296 	2310
f 2291 	2310 	2296
f 1638 	1655 	2297
f 2184 	2190 	2140
f 2187 	2185 	2138
f 2187 	2138 	2151
f 1838 	1811 	1839
f 2301 	2302 	2282
f 1128 	1147 	1125
f 2198 	2167 	2172
f 2198 	2172 	2199
f 1624 	1728 	1626
f 1626 	1735 	1642
f 1870 	1643 	1723
f 1873 	1656 	1870
f 2298 	2299 	2305
f 2309 	2279 	2307
f 2280 	2307 	2279
f 1168 	1141 	1149
f 2162 	2161 	1819
f 1819 	1839 	2162
f 1811 	2162 	1839
f 2196 	2165 	2166
f 2196 	2166 	2197
f 2282 	2288 	2300
f 1760 	1706 	1617
f 2304 	2305 	2299
f 2309 	2307 	2293
f 2309 	2293 	2292
f 1105 	1126 	1208
f 2312 	2306 	2302
f 2192 	2163 	2157
f 2192 	2157 	2193
f 1524 	1522 	1594
f 2303 	2304 	2299
f 2299 	2295 	2303
f 2281 	2256 	2277
f 1220 	1193 	1196
f 2316 	2334 	2315
f 2315 	2334 	2312
f 2306 	2282 	2302
f 2131 	2163 	2192
f 1785 	1769 	1580
f 2319 	2292 	2318
f 2293 	2318 	2292
f 1177 	1203 	1183
f 1199 	1183 	1203
f 2193 	2157 	2165
f 2193 	2165 	2196
f 2323 	2324 	2322
f 2322 	2328 	2316
f 2321 	2317 	2350
f 2285 	2290 	1635
f 2319 	2318 	2314
f 2319 	2314 	2313
f 2197 	2166 	2167
f 2197 	2167 	2198
f 2328 	2322 	2326
f 2342 	2345 	2320
f 2320 	2321 	2342
f 2350 	2342 	2321
f 2330 	2331 	2332
f 2330 	2332 	2333
f 1166 	1187 	1081
f 2270 	2283 	1622
f 2213 	2212 	2191
f 2213 	2191 	2190
f 2263 	2268 	1590
f 1199 	1164 	1183
f 2334 	2316 	2328
f 2306 	2312 	2334
f 2305 	2325 	2298
f 2325 	2327 	2339
f 2327 	2329 	2345
f 2329 	2320 	2345
f 1193 	1203 	1177
f 2335 	2298 	2325
f 2201 	2210 	2178
f 2338 	2332 	2336
f 2331 	2336 	2332
f 1196 	1208 	1220
f 2344 	2378 	2343
f 2378 	2379 	2343
f 2339 	2335 	2325
f 2345 	2339 	2327
f 2202 	2201 	2178
f 2202 	2178 	2183
f 2340 	2341 	1880
f 1239 	1223 	1222
f 1239 	1222 	1240
f 2209 	2208 	2189
f 2209 	2189 	2188
f 2374 	2377 	2353
f 2351 	2377 	2344
f 2352 	2354 	1886
f 2350 	2317 	2349
f 2356 	2357 	2358
f 2356 	2358 	2359
f 2183 	2186 	2202
f 2206 	2202 	2186
f 2146 	1944 	2144
f 1240 	1222 	1227
f 1240 	1227 	1248
f 2362 	2349 	2317
f 2363 	2364 	2365
f 2363 	2365 	2366
f 2208 	2206 	2186
f 2208 	2186 	2189
f 1248 	1227 	1500
f 2367 	1902 	2370
f 2326 	2322 	2324
f 2369 	2355 	2323
f 2324 	2323 	2355
f 2355 	2374 	2353
f 2351 	2353 	2377
f 2212 	2209 	2188
f 2212 	2188 	2191
f 2137 	1944 	2139
f 2144 	1944 	2145
f 1955 	2125 	1944
f 2184 	2213 	2190
f 2369 	2374 	2355
f 1266 	1250 	1249
f 1266 	1249 	1268
f 2366 	2365 	2357
f 2366 	2357 	2356
f 2371 	2373 	1906
f 2372 	2368 	2406
f 2229 	2207 	2205
f 2229 	2205 	2231
f 2378 	2344 	2377
f 1259 	1246 	1244
f 1259 	1244 	1260
f 2359 	2358 	2348
f 2359 	2348 	2346
f 2181 	2152 	2064
f 2223 	2204 	2203
f 2223 	2203 	2226
f 1482 	1402 	1906
f 2373 	1482 	1906
f 2710 	1246 	1259
f 2048 	2051 	2152
f 2051 	2064 	2152
f 2382 	2383 	2384
f 2382 	2384 	2385
f 2223 	2199 	2204
f 2172 	2204 	2199
f 2381 	2389 	2380
f 2389 	2337 	2380
f 2387 	2346 	2386
f 2348 	2386 	2346
f 1260 	1244 	1250
f 1260 	1250 	1266
f 2226 	2203 	2207
f 2226 	2207 	2229
f 2048 	2152 	2060
f 2060 	2152 	2071
f 2375 	2388 	2362
f 2347 	2362 	2388
f 2349 	2362 	2347
f 2376 	2393 	2375
f 2372 	2408 	2376
f 1268 	1249 	1261
f 1268 	1261 	1276
f 2387 	2386 	2383
f 2387 	2383 	2382
f 2370 	1902 	2361
f 2337 	2343 	2379
f 2379 	2380 	2337
f 2381 	2409 	2389
f 2245 	2241 	2211
f 2245 	2211 	2210
f 2195 	1821 	2171
f 1320 	1314 	1313
f 1320 	1313 	1321
f 2392 	2394 	2395
f 2392 	2395 	2396
f 2388 	2375 	2390
f 2241 	2244 	2211
f 2341 	2352 	1886
f 1290 	1276 	1261
f 2397 	2430 	2391
f 2398 	2399 	2401
f 2398 	2401 	2402
f 2390 	2375 	2393
f 2201 	2245 	2210
f 2182 	2181 	2097
f 2094 	2097 	2181
f 2064 	2079 	2181
f 2079 	2094 	2181
f 1311 	1300 	1299
f 1311 	1299 	1315
f 2404 	2421 	2403
f 2403 	2429 	2397
f 2406 	2408 	2372
f 2400 	2376 	2408
f 2393 	2376 	2400
f 2394 	2398 	2402
f 2394 	2402 	2395
f 2058 	2071 	2155
f 1290 	1298 	1276
f 1947 	2413 	2410
f 2273 	2251 	2250
f 2273 	2250 	2274
f 2414 	2264 	2415
f 2405 	2432 	2412
f 1298 	1290 	1300
f 1298 	1300 	1311
f 2418 	2404 	2409
f 2418 	2421 	2404
f 2404 	2389 	2409
f 1315 	1299 	1314
f 1315 	1314 	1320
f 2411 	2412 	2427
f 2114 	2058 	2148
f 2155 	2148 	2058
f 2105 	2109 	2114
f 1953 	2114 	2109
f 2148 	2105 	2114
f 2417 	2414 	2415
f 2417 	2415 	2419
f 1781 	1587 	1769
f 1587 	1580 	1769
f 1223 	1239 	1313
f 1321 	1313 	1239
f 1964 	1967 	2420
f 2420 	1967 	2422
f 1944 	2146 	2013
f 1016 	1008 	2424
f 2419 	2401 	2417
f 2399 	2417 	2401
f 2258 	2233 	2234
f 2258 	2234 	2259
f 1383 	1081 	1393
f 1587 	1781 	1586
f 1779 	1586 	1781
f 2013 	2695 	1944
f 1345 	1344 	1332
f 1345 	1332 	1335
f 2252 	2220 	2218
f 2252 	2218 	2253
f 2430 	2397 	2429
f 2431 	2391 	2430
f 2425 	2403 	2421
f 2423 	2438 	2427
f 2205 	2220 	2252
f 2205 	2252 	2231
f 2145 	1944 	2137
f 1880 	1980 	2340
f 2427 	2412 	2432
f 2405 	2406 	2368
f 2432 	2405 	2368
f 1885 	1804 	1873
f 1932 	1804 	1951
f 1386 	1345 	1335
f 1386 	1335 	1372
f 2437 	2446 	2436
f 2436 	2448 	2431
f 2429 	2403 	2425
f 2253 	2218 	2233
f 2253 	2233 	2258
f 2434 	2385 	2435
f 2384 	2435 	2385
f 2123 	1944 	2125
f 2139 	1944 	2123
f 1381 	1380 	1360
f 1381 	1360 	1367
f 2259 	2234 	2251
f 2259 	2251 	2273
f 2439 	2440 	2286
f 1371 	1370 	1355
f 1371 	1355 	1353
f 2267 	2266 	2246
f 2267 	2246 	2244
f 2109 	2130 	1953
f 2134 	1955 	2130
f 1953 	2130 	1955
f 2134 	2125 	1955
f 2442 	2434 	2441
f 2435 	2441 	2434
f 1364 	1362 	1347
f 1364 	1347 	1346
f 2260 	2294 	2238
f 2442 	2441 	2445
f 2442 	2445 	2447
f 2444 	2446 	2453
f 1967 	1959 	2422
f 1352 	1434 	1421
f 1352 	1421 	1339
f 2155 	2071 	2152
f 2266 	2260 	2238
f 2266 	2238 	2246
f 2448 	2436 	2446
f 2447 	2445 	2440
f 2447 	2440 	2439
f 1016 	1047 	1142
f 1132 	1142 	1047
f 1016 	1142 	1009
f 1016 	1009 	1008
f 2411 	2427 	2438
f 2438 	2423 	1008
f 2424 	1008 	2423
f 1362 	1352 	1339
f 1362 	1339 	1347
f 2241 	2267 	2244
f 2391 	2431 	2448
f 1848 	2586 	1852
f 1836 	1809 	1848
f 2278 	2274 	2254
f 2250 	2254 	2274
f 2451 	2338 	2450
f 2336 	2450 	2338
f 1370 	1364 	1346
f 1370 	1346 	1355
f 1013 	2443 	1007
f 1823 	2160 	1818
f 2276 	2278 	2254
f 1380 	1371 	1353
f 1380 	1353 	1360
f 2454 	2455 	2456
f 2454 	2456 	2457
f 2294 	2269 	2238
f 2177 	2176 	2089
f 2176 	2182 	2089
f 2097 	2089 	2182
f 2413 	2012 	2458
f 1367 	1332 	1381
f 1344 	1381 	1332
f 1836 	1840 	1809
f 2587 	1848 	1809
f 2289 	2288 	2262
f 2289 	2262 	2261
f 1211 	1207 	1084
f 1191 	1211 	1084
f 1192 	1191 	1084
f 1393 	1386 	1372
f 1393 	1372 	1383
f 2282 	2287 	2256
f 2450 	2454 	2457
f 2450 	2457 	2451
f 1079 	1084 	1207
f 2170 	2177 	2082
f 2082 	2195 	2170
f 2089 	2082 	2177
f 2171 	2170 	2195
f 1821 	1819 	2161
f 2161 	2171 	1821
f 2288 	2282 	2256
f 2288 	2256 	2262
f 1143 	1013 	1010
f 1007 	1010 	1013
f 2443 	2444 	1007
f 2453 	1007 	2444
f 2437 	2453 	2446
f 2396 	2456 	2392
f 2455 	2392 	2456
f 2294 	2289 	2261
f 2294 	2261 	2269
f 1134 	1132 	1047
f 1047 	1068 	1134
f 1080 	1079 	1207
f 1405 	1399 	1390
f 1405 	1390 	1392
f 2214 	1006 	2695
f 2462 	2463 	2464
f 2462 	2464 	2466
f 1399 	1426 	1390
f 2301 	2281 	2277
f 2301 	2277 	2302
f 1427 	1405 	1392
f 1427 	1392 	1417
f 1134 	1068 	1120
f 2276 	2300 	2278
f 2469 	2468 	2463
f 2469 	2463 	2462
f 1426 	1424 	1414
f 1426 	1414 	1413
f 1077 	1206 	1078
f 2300 	2276 	2281
f 2300 	2281 	2301
f 1420 	1419 	1406
f 1420 	1406 	1403
f 2237 	1006 	2228
f 2228 	1006 	2243
f 2214 	2243 	1006
f 2282 	2306 	2287
f 1071 	1114 	1054
f 1054 	1221 	1077
f 2310 	2287 	2306
f 1068 	1063 	1120
f 1122 	1120 	1063
f 2474 	2475 	2548
f 1419 	1412 	1395
f 1419 	1395 	1406
f 1130 	1135 	1045
f 1061 	1119 	1062
f 2322 	2299 	2298
f 2322 	2298 	2323
f 1424 	1420 	1403
f 1424 	1403 	1414
f 2478 	2479 	2480
f 2478 	2480 	2482
f 1013 	1143 	1045
f 1143 	1130 	1045
f 2315 	2296 	2295
f 2315 	2295 	2316
f 1426 	1413 	1390
f 1006 	2237 	1024
f 2312 	2302 	2291
f 2277 	2291 	2302
f 1434 	1427 	1417
f 1434 	1417 	1421
f 2479 	2483 	2484
f 2479 	2484 	2480
f 1061 	1045 	1135
f 1895 	2490 	1897
f 2312 	2291 	2296
f 2312 	2296 	2315
f 2474 	2478 	2482
f 2474 	2482 	2475
f 1219 	1116 	1056
f 1116 	1122 	1073
f 1063 	1073 	1122
f 2316 	2295 	2299
f 2316 	2299 	2322
f 1124 	1062 	1119
f 1135 	1119 	1061
f 1895 	1887 	2490
f 1073 	1056 	1116
f 1517 	1503 	1501
f 1517 	1501 	1518
f 2487 	2488 	2514
f 1221 	1054 	1114
f 1114 	1071 	1124
f 1078 	1206 	1082
f 1887 	2666 	2490
f 1515 	1497 	1496
f 1428 	1496 	1497
f 1056 	1080 	1219
f 1228 	1219 	1080
f 2257 	1012 	2216
f 2219 	1019 	2237
f 2328 	2326 	2304
f 2328 	2304 	2303
f 1227 	1435 	1500
f 1182 	1267 	1172
f 1207 	1228 	1080
f 2326 	2324 	2305
f 2326 	2305 	2304
f 2468 	2469 	2492
f 2491 	2492 	2469
f 1029 	1028 	2257
f 1230 	1077 	1221
f 1428 	1497 	1435
f 1500 	1435 	1497
f 2494 	2495 	2496
f 2494 	2496 	2497
f 1180 	1267 	1182
f 1172 	1267 	1173
f 1192 	1267 	1180
f 1515 	1496 	1503
f 1515 	1503 	1517
f 1213 	1082 	1206
f 1206 	1077 	1230
f 2225 	1019 	2219
f 2147 	2490 	2014
f 2666 	2014 	2490
f 2334 	2328 	2303
f 2334 	2303 	2310
f 2500 	2488 	2498
f 2487 	2498 	2488
f 2216 	1018 	2225
f 1200 	1082 	1190
f 1190 	1082 	1213
f 1906 	1402 	1568
f 1901 	1907 	1568
f 1560 	1395 	1581
f 1412 	1581 	1395
f 2500 	2498 	2495
f 2500 	2495 	2494
f 2306 	2334 	2310
f 2061 	2150 	2049
f 2049 	2150 	2050
f 1576 	1575 	1555
f 1576 	1555 	1553
f 2497 	2496 	2492
f 2497 	2492 	2491
f 1185 	1264 	1178
f 1569 	1567 	1545
f 1569 	1545 	1544
f 1285 	1273 	1463
f 1062 	1124 	1071
f 2501 	2539 	2540
f 2501 	2540 	2502
f 2369 	2323 	2335
f 2298 	2335 	2323
f 1561 	1558 	1532
f 1561 	1532 	1531
f 2070 	2150 	2061
f 1463 	1470 	1285
f 1178 	1264 	1200
f 2355 	2353 	2327
f 2355 	2327 	2325
f 2503 	2501 	2502
f 2503 	2502 	2504
f 1558 	1557 	1534
f 1558 	1534 	1532
f 2395 	2402 	2440
f 1470 	1454 	1286
f 1275 	1173 	1267
f 1274 	1334 	1275
f 1267 	1192 	1084
f 2353 	2351 	2329
f 2353 	2329 	2327
f 2503 	2504 	2531
f 1174 	1459 	1272
f 2098 	2093 	2180
f 2344 	2343 	2321
f 2344 	2321 	2320
f 1539 	1739 	1514
f 2415 	2265 	2307
f 1171 	1174 	1264
f 1272 	1264 	1174
f 1333 	1275 	1334
f 1173 	1275 	1333
f 2337 	2362 	2317
f 1548 	1539 	1514
f 1548 	1514 	1516
f 2507 	2508 	2509
f 2507 	2509 	2510
f 1289 	1287 	1348
f 1348 	1334 	1289
f 2343 	2337 	2317
f 2343 	2317 	2321
f 2536 	2508 	2507
f 2265 	2272 	2293
f 2272 	2593 	2293
f 2318 	2293 	2593
f 2592 	2596 	2318
f 1082 	1200 	1264
f 1185 	1171 	1264
f 1459 	1463 	1272
f 1552 	1548 	1516
f 1552 	1516 	1521
f 2351 	2344 	2320
f 2351 	2320 	2329
f 2536 	2537 	2508
f 2324 	2355 	2325
f 2324 	2325 	2305
f 2510 	2509 	2506
f 2510 	2506 	2505
f 1557 	1552 	1521
f 1557 	1521 	1534
f 2380 	2349 	2347
f 2380 	2347 	2381
f 1286 	1285 	1470
f 1567 	1561 	1531
f 1567 	1531 	1545
f 1287 	1297 	1325
f 1325 	1348 	1287
f 1289 	1334 	1274
f 1550 	1568 	1401
f 1402 	1401 	1568
f 2268 	2263 	1482
f 1454 	1453 	1292
f 2377 	2345 	2342
f 2377 	2342 	2378
f 1575 	1569 	1544
f 1575 	1544 	1555
f 2519 	2505 	2518
f 2506 	2518 	2505
f 2358 	2357 	2333
f 2364 	2557 	2365
f 2365 	2333 	2357
f 2335 	2339 	2374
f 2335 	2374 	2369
f 2516 	2517 	2515
f 2516 	2515 	2514
f 1581 	1576 	1553
f 1581 	1553 	1560
f 2374 	2339 	2345
f 2374 	2345 	2377
f 2348 	2358 	2333
f 1422 	1326 	1297
f 1326 	1325 	1297
f 1586 	1563 	1562
f 1586 	1562 	1587
f 1482 	2373 	2268
f 2308 	2275 	2371
f 1292 	1286 	1454
f 1493 	1494 	1292
f 1273 	1272 	1463
f 2386 	2348 	2332
f 2333 	2332 	2348
f 2350 	2349 	2380
f 2350 	2380 	2379
f 1297 	1523 	1423
f 1563 	1586 	1768
f 2519 	2518 	2517
f 2519 	2517 	2516
f 2270 	2268 	2373
f 1423 	1422 	1297
f 1416 	1423 	1523
f 2378 	2342 	2350
f 2378 	2350 	2379
f 1587 	1562 	1580
f 2338 	2451 	2383
f 2451 	2457 	2383
f 2383 	2386 	2338
f 2332 	2338 	2386
f 2283 	2270 	2371
f 2373 	2371 	2270
f 2522 	2523 	2524
f 2522 	2524 	2525
f 2337 	2389 	2362
f 1418 	1416 	1523
f 1523 	1542 	1418
f 2371 	2367 	2308
f 2389 	2404 	2362
f 2465 	2467 	2626
f 2526 	2527 	2528
f 2526 	2528 	2529
f 2370 	2361 	2297
f 2311 	2308 	2367
f 2293 	2307 	2265
f 1660 	1592 	1591
f 1660 	1591 	1662
f 2409 	2381 	2388
f 2347 	2388 	2381
f 2527 	2530 	2531
f 2527 	2531 	2528
f 2401 	2419 	2284
f 2419 	2415 	2280
f 2280 	2284 	2419
f 2530 	2503 	2531
f 2391 	2368 	2372
f 2472 	2473 	2632
f 1657 	1593 	1592
f 1657 	1592 	1660
f 1568 	1559 	2559
f 2457 	2456 	2384
f 2448 	2432 	2391
f 2523 	2526 	2529
f 2523 	2529 	2524
f 1653 	1589 	1588
f 1653 	1588 	1654
f 2227 	2222 	1488
f 2404 	2403 	2376
f 2404 	2376 	2375
f 2441 	2435 	2396
f 2435 	2384 	2456
f 1884 	1896 	1568
f 1886 	1884 	1568
f 2559 	1886 	1568
f 1584 	1583 	1649
f 1584 	1649 	1647
f 2520 	2522 	2525
f 2520 	2525 	2521
f 2397 	2391 	2372
f 2222 	2215 	1488
f 1487 	1488 	2215
f 1649 	1583 	1589
f 1649 	1589 	1653
f 2532 	2533 	2538
f 1894 	1902 	1568
f 2368 	2391 	2432
f 1654 	1588 	1593
f 1654 	1593 	1657
f 1494 	1487 	2215
f 2215 	1292 	1494
f 1758 	2534 	2535
f 2402 	2401 	2284
f 2307 	2280 	2415
f 2284 	2440 	2402
f 2440 	2445 	2395
f 2445 	2441 	2395
f 2396 	2395 	2441
f 2535 	2534 	2533
f 2535 	2533 	2532
f 1695 	1639 	1724
f 1483 	1484 	2227
f 1453 	1493 	1292
f 2637 	2485 	2481
f 1675 	1673 	1616
f 1675 	1616 	1614
f 2403 	2397 	2372
f 2403 	2372 	2376
f 1668 	1667 	1609
f 1668 	1609 	1608
f 2533 	2537 	2538
f 2404 	2375 	2362
f 2536 	2538 	2537
f 2436 	2412 	2411
f 2436 	2411 	2437
f 2384 	2383 	2457
f 2396 	2435 	2456
f 1610 	1646 	2559
f 1947 	2002 	1655
f 1949 	1947 	1655
f 1670 	1668 	1608
f 1670 	1608 	1612
f 2430 	2406 	2405
f 2430 	2405 	2431
f 1635 	2559 	1620
f 2429 	2408 	2406
f 2429 	2406 	2430
f 1673 	1670 	1612
f 1673 	1612 	1616
f 2463 	2468 	2554
f 1622 	2559 	1596
f 1620 	2559 	1622
f 1597 	1596 	2559
f 1695 	1675 	1614
f 1695 	1614 	1639
f 2066 	2180 	2078
f 2093 	2078 	2180
f 2098 	2179 	2090
f 2066 	2050 	2150
f 2150 	2180 	2066
f 2175 	2090 	2179
f 2539 	2541 	2542
f 2539 	2542 	2540
f 2554 	2553 	2463
f 2418 	2409 	2390
f 2388 	2390 	2409
f 1590 	1597 	2559
f 1590 	2559 	1559
f 1681 	1623 	1621
f 1681 	1621 	1682
f 2543 	2544 	2545
f 2543 	2545 	2546
f 2418 	2390 	2393
f 2418 	2393 	2421
f 2113 	2149 	2056
f 1679 	1625 	1623
f 1679 	1623 	1681
f 2484 	2550 	2468
f 2421 	2393 	2400
f 2421 	2400 	2425
f 1679 	1662 	1625
f 1591 	1625 	1662
f 2541 	2543 	2546
f 2541 	2546 	2542
f 2644 	2499 	2489
f 1902 	1901 	1568
f 1635 	1610 	2559
f 1638 	1949 	1655
f 2459 	1949 	1638
f 2425 	2400 	2408
f 2425 	2408 	2429
f 1682 	1621 	1632
f 1682 	1632 	1684
f 2113 	1897 	2111
f 2103 	2113 	2111
f 2149 	2113 	2103
f 2133 	2129 	1897
f 2490 	2133 	1897
f 2547 	2474 	2548
f 2431 	2405 	2412
f 2431 	2412 	2436
f 1578 	1637 	1632
f 1684 	1632 	1637
f 1410 	1418 	1542
f 1411 	1410 	1542
f 2632 	2477 	2472
f 2548 	2545 	2547
f 2544 	2547 	2545
f 2142 	2490 	2143
f 2143 	2490 	2147
f 1542 	1541 	1411
f 2444 	2443 	2424
f 2444 	2424 	2423
f 1701 	1663 	1661
f 1701 	1661 	1703
f 2515 	2487 	2514
f 2548 	2475 	2498
f 2498 	2487 	2548
f 1401 	1411 	1551
f 2550 	2484 	2549
f 2483 	2549 	2484
f 1578 	1645 	1699
f 1578 	1699 	1637
f 1016 	2424 	1013
f 2443 	1013 	2424
f 2141 	2490 	2135
f 2142 	2135 	2490
f 2551 	2552 	2553
f 2551 	2553 	2554
f 1699 	1645 	1663
f 1699 	1663 	1701
f 2626 	2471 	2465
f 1907 	1906 	1568
f 1541 	1551 	1411
f 2446 	2444 	2423
f 2446 	2423 	2427
f 2126 	2490 	2121
f 2133 	2490 	2126
f 2141 	2121 	2490
f 2555 	2556 	2557
f 2555 	2557 	2558
f 1703 	1661 	1761
f 1896 	1894 	1568
f 1551 	1550 	1401
f 2129 	2111 	1897
f 2448 	2446 	2427
f 2448 	2427 	2432
f 2492 	2484 	2468
f 2496 	2495 	2482
f 2495 	2498 	2475
f 2475 	2482 	2495
f 2482 	2480 	2496
f 2492 	2496 	2480
f 2480 	2484 	2492
f 1745 	1744 	1680
f 1745 	1680 	1678
f 2070 	2056 	2154
f 2552 	2555 	2558
f 2552 	2558 	2553
f 1744 	1743 	1677
f 1744 	1677 	1680
f 1878 	1886 	2559
f 1880 	1878 	2559
f 1980 	1880 	2559
f 2556 	2330 	2333
f 2556 	2333 	2557
f 1010 	1009 	1142
f 1010 	1142 	1143
f 2154 	2150 	2070
f 2149 	2154 	2056
f 1741 	1740 	1671
f 1741 	1671 	1676
f 2549 	2551 	2554
f 2549 	2554 	2550
f 2159 	1818 	2160
f 2453 	2438 	1008
f 2453 	1008 	1007
f 2560 	2561 	2562
f 2560 	2562 	2563
f 1980 	2559 	1970
f 2657 	2511 	2486
f 2179 	2098 	2180
f 2411 	2438 	2453
f 2411 	2453 	2437
f 1743 	1741 	1676
f 1743 	1676 	1677
f 2560 	2466 	2561
f 2464 	2561 	2466
f 1776 	1745 	1678
f 2660 	2512 	2513
f 2084 	2090 	2174
f 2364 	2363 	2562
f 2563 	2562 	2363
f 1753 	1779 	1683
f 2525 	2524 	2537
f 1973 	2559 	1655
f 1646 	1655 	2559
f 1973 	1970 	2559
f 1683 	1671 	1753
f 1740 	1753 	1671
f 2168 	2194 	2169
f 2174 	2169 	2084
f 2564 	2565 	2604
f 2528 	2531 	2509
f 2509 	2508 	2528
f 1766 	1693 	1692
f 1766 	1692 	1768
f 1964 	1973 	1655
f 1761 	1690 	1689
f 1761 	1689 	1763
f 2657 	2660 	2513
f 2657 	2513 	2511
f 2585 	2565 	2564
f 1661 	1690 	1761
f 2084 	2169 	2194
f 2175 	2174 	2090
f 1823 	2194 	2168
f 2168 	2160 	1823
f 1809 	1840 	2159
f 1840 	1818 	2159
f 2566 	2567 	2568
f 2566 	2568 	2569
f 2506 	2509 	2531
f 2531 	2504 	2506
f 2518 	2506 	2504
f 2517 	2518 	2502
f 2502 	2540 	2517
f 1763 	1689 	1693
f 1763 	1693 	1766
f 2006 	1655 	2002
f 1959 	1967 	1655
f 1967 	1964 	1655
f 2006 	1959 	1655
f 2570 	2571 	2572
f 2570 	2572 	2573
f 1563 	1768 	1692
f 1638 	2297 	2459
f 2504 	2502 	2518
f 1793 	1792 	1710
f 1793 	1710 	1709
f 2012 	1949 	1934
f 1792 	1791 	1712
f 1792 	1712 	1710
f 2529 	2528 	2508
f 2622 	2460 	2461
f 1678 	1707 	1776
f 1791 	1776 	1707
f 1791 	1707 	1712
f 2574 	2313 	2575
f 2314 	2575 	2313
f 1709 	1609 	1793
f 1667 	1793 	1609
f 2625 	2626 	2467
f 1539 	1846 	1739
f 1758 	2614 	2534
f 2232 	2230 	2606
f 2628 	2470 	2471
f 1843 	1842 	1731
f 1843 	1731 	1733
f 2573 	2572 	2576
f 2573 	2576 	2577
f 1826 	1825 	1729
f 1826 	1729 	1726
f 1810 	1695 	1724
f 2485 	1949 	2481
f 2533 	2534 	2521
f 2631 	2632 	2473
f 1825 	1810 	1724
f 1825 	1724 	1729
f 2579 	2574 	2578
f 2575 	2578 	2574
f 1842 	1841 	1732
f 1842 	1732 	1731
f 1846 	1843 	1733
f 1846 	1733 	1739
f 2571 	2570 	2578
f 2579 	2578 	2570
f 1732 	1841 	1826
f 1732 	1826 	1726
f 2499 	2493 	1949
f 2493 	2481 	1949
f 2499 	1949 	2489
f 2489 	1949 	2476
f 2633 	2476 	2477
f 1862 	1758 	2535
f 2524 	2529 	2537
f 2508 	2537 	2529
f 2537 	2533 	2525
f 2521 	2525 	2533
f 1856 	1253 	1751
f 1254 	1751 	1253
f 2577 	2576 	2567
f 2577 	2567 	2566
f 2606 	2608 	2232
f 2230 	2242 	2606
f 2477 	2476 	1949
f 2477 	1949 	2472
f 1856 	1751 	1758
f 1856 	1758 	1862
f 1870 	1765 	1873
f 2637 	2481 	2493
f 2473 	1949 	2470
f 2569 	2568 	1829
f 2224 	2221 	2608
f 2221 	2232 	2608
f 1720 	1765 	1870
f 1720 	1870 	1723
f 1885 	1777 	1951
f 2580 	2581 	2582
f 2580 	2582 	2583
f 1765 	1772 	1873
f 2485 	2637 	2641
f 1873 	1772 	1777
f 1873 	1777 	1885
f 2473 	2472 	1949
f 2471 	2470 	1949
f 2465 	2471 	1949
f 1989 	1918 	1828
f 2217 	2224 	2607
f 2546 	2545 	2487
f 2548 	2487 	2545
f 2542 	2546 	2487
f 2487 	2515 	2542
f 2540 	2542 	2515
f 2515 	2517 	2540
f 1918 	1474 	1475
f 1918 	1475 	1828
f 2467 	2465 	1949
f 2460 	2467 	1949
f 2584 	2580 	2583
f 2584 	2583 	2585
f 2641 	2486 	2485
f 1908 	1798 	1797
f 1908 	1797 	1909
f 1803 	1904 	1794
f 2586 	2587 	2588
f 2586 	2588 	2589
f 2461 	2460 	1949
f 2459 	2461 	1949
f 2512 	1934 	2513
f 1811 	2588 	1809
f 2587 	1809 	2588
f 2489 	2476 	2644
f 2558 	2557 	2562
f 2364 	2562 	2557
f 2333 	2365 	2557
f 1898 	1783 	1794
f 1898 	1794 	1904
f 2589 	2582 	2586
f 2581 	2586 	2582
f 2464 	2463 	2553
f 2264 	2414 	2309
f 1909 	1797 	1815
f 1909 	1815 	1915
f 2564 	2584 	2585
f 1934 	1949 	2486
f 2485 	2486 	1949
f 2513 	1934 	2511
f 2486 	2511 	1934
f 1803 	1912 	1904
f 1798 	1908 	1803
f 1912 	1803 	1908
f 2590 	2591 	2592
f 2590 	2592 	2593
f 2591 	2595 	2596
f 2591 	2596 	2592
f 2594 	2695 	993
f 2562 	2561 	2558
f 2553 	2558 	2561
f 2561 	2464 	2553
f 2554 	2468 	2550
f 993 	2601 	2594
f 1921 	1837 	1835
f 1921 	1835 	1922
f 2314 	2318 	2596
f 2593 	2272 	2590
f 2271 	2590 	2272
f 993 	1006 	2601
f 1920 	1832 	1837
f 1920 	1837 	1921
f 1922 	1835 	1845
f 1922 	1845 	1923
f 2597 	2598 	2599
f 2597 	2599 	2600
f 1923 	1845 	1847
f 1923 	1847 	1928
f 2632 	2633 	2477
f 1932 	1931 	1854
f 1932 	1854 	1853
f 2602 	2603 	2604
f 2602 	2604 	2605
f 2601 	1006 	1024
f 2601 	1024 	2606
f 2578 	2605 	2571
f 1931 	1939 	1854
f 2470 	2631 	2473
f 2313 	2574 	2597
f 2319 	2590 	2292
f 2319 	2313 	2595
f 2264 	2292 	2271
f 2309 	2292 	2264
f 2603 	2564 	2604
f 1804 	1932 	1853
f 1804 	1853 	1805
f 2576 	2572 	2565
f 2571 	2604 	2572
f 1019 	1018 	2607
f 1019 	2607 	2608
f 2330 	2346 	2331
f 1939 	1937 	1858
f 1939 	1858 	1859
f 2598 	2602 	2605
f 2598 	2605 	2599
f 2626 	2628 	2471
f 1937 	1942 	1858
f 1012 	1011 	2609
f 1012 	2609 	2610
f 1939 	1859 	1854
f 2600 	2596 	2597
f 2595 	2597 	2596
f 2460 	2625 	2467
f 2616 	2609 	1011
f 2612 	1189 	2611
f 1186 	2611 	1189
f 1942 	1863 	1858
f 1018 	1012 	2610
f 1018 	2610 	2607
f 2585 	2583 	2567
f 2565 	2585 	2576
f 2568 	2567 	2583
f 2576 	2585 	2567
f 2613 	2520 	2521
f 2613 	2521 	2614
f 1961 	1874 	1872
f 1961 	1872 	1962
f 2359 	2330 	2356
f 1024 	1019 	2608
f 1024 	2608 	2606
f 2461 	2459 	2622
f 2621 	2622 	2459
f 2611 	2613 	2614
f 2611 	2614 	2612
f 1028 	1027 	2615
f 1028 	2615 	2616
f 2387 	2331 	2346
f 2366 	2556 	2363
f 1951 	1869 	1867
f 1951 	1867 	1952
f 1838 	1849 	1811
f 1777 	1869 	1951
f 2346 	2330 	2359
f 1011 	1028 	2616
f 2512 	2660 	2661
f 1952 	1867 	1874
f 1952 	1874 	1961
f 1851 	1830 	2589
f 1849 	1851 	2589
f 2589 	2588 	1849
f 2588 	1811 	1849
f 1481 	1482 	2249
f 2240 	2249 	1482
f 1962 	1872 	1832
f 1962 	1832 	1920
f 1032 	2617 	1033
f 2582 	2589 	1830
f 1830 	2568 	2582
f 1987 	1984 	1911
f 1987 	1911 	1910
f 1030 	2618 	2619
f 1030 	2619 	1031
f 2236 	2235 	1481
f 2249 	2236 	1481
f 2263 	2240 	1482
f 2600 	2599 	2575
f 1029 	2255 	2620
f 2235 	2227 	1484
f 1484 	1481 	2235
f 1942 	1987 	1910
f 1942 	1910 	1863
f 1029 	2620 	2618
f 1029 	2618 	1030
f 2385 	2454 	2382
f 2331 	2387 	2336
f 2450 	2336 	2382
f 2556 	2366 	2330
f 1994 	1993 	1917
f 1994 	1917 	1916
f 2621 	2459 	2297
f 1031 	2619 	2617
f 1031 	2617 	1032
f 2599 	2605 	2578
f 2604 	2571 	2605
f 2565 	2572 	2604
f 1488 	1483 	2227
f 2460 	2622 	2623
f 1990 	1989 	1914
f 1990 	1914 	1913
f 2617 	2624 	1033
f 2575 	2314 	2600
f 2596 	2600 	2314
f 2578 	2575 	2599
f 2593 	2592 	2318
f 2398 	2394 	2439
f 1828 	1914 	1989
f 2470 	2628 	2629
f 2521 	2534 	2614
f 2624 	2630 	1034
f 2624 	1034 	1033
f 1993 	1990 	1913
f 1993 	1913 	1917
f 2614 	1758 	2612
f 1034 	2630 	2627
f 1034 	2627 	1035
f 2285 	2283 	2371
f 2275 	2290 	2371
f 2394 	2392 	2442
f 2392 	2455 	2434
f 2434 	2442 	2392
f 1984 	1994 	1916
f 1984 	1916 	1911
f 2633 	2634 	2476
f 2635 	1038 	1037
f 2635 	1037 	2636
f 2004 	1963 	1783
f 2004 	1783 	1898
f 1057 	1055 	2638
f 1057 	2638 	2639
f 2360 	2354 	2622
f 1997 	1928 	1919
f 1847 	1919 	1928
f 2442 	2447 	2394
f 1039 	1038 	2635
f 1039 	2635 	2640
f 1997 	1919 	1963
f 1997 	1963 	2004
f 2354 	2352 	2623
f 2417 	2399 	2286
f 1014 	1015 	1977
f 2010 	1977 	1015
f 2407 	2458 	1934
f 2486 	2641 	2642
f 1036 	2648 	2643
f 2010 	1452 	1977
f 1451 	1977 	1452
f 2012 	1934 	2458
f 1037 	1036 	2643
f 1037 	2643 	2636
f 2634 	2644 	2476
f 1049 	1039 	2640
f 1049 	2640 	2645
f 2623 	2622 	2354
f 2626 	2625 	2341
f 2341 	2340 	2626
f 2625 	2623 	2352
f 2646 	2637 	2493
f 1055 	1049 	2645
f 1055 	2645 	2638
f 2601 	2666 	2594
f 1499 	2047 	2005
f 2639 	2615 	1057
f 1027 	1057 	2615
f 2340 	2433 	2628
f 2628 	2626 	2340
f 2621 	2297 	2361
f 2493 	2499 	2646
f 2647 	2646 	2499
f 2023 	2022 	1981
f 2023 	1981 	1982
f 2447 	2439 	2394
f 2439 	2286 	2398
f 2399 	2398 	2286
f 2286 	2279 	2417
f 2414 	2417 	2279
f 2279 	2309 	2414
f 2644 	2647 	2499
f 1036 	1075 	2648
f 2662 	2628 	2433
f 2352 	2341 	2625
f 2047 	2023 	1982
f 2047 	1982 	2005
f 1363 	1981 	1358
f 2022 	1358 	1981
f 2649 	1064 	2663
f 2454 	2385 	2455
f 2387 	2382 	2336
f 2450 	2382 	2454
f 2385 	2434 	2455
f 2433 	2426 	2662
f 1052 	1053 	1025
f 1026 	1025 	1053
f 2629 	2631 	2470
f 1075 	1074 	2650
f 1075 	2650 	2648
f 2428 	2662 	2426
f 1065 	1064 	2649
f 1065 	2649 	2651
f 2620 	2255 	2616
f 2618 	2620 	2616
f 2623 	2625 	2460
f 1074 	1065 	2651
f 1074 	2651 	2650
f 2609 	2616 	2255
f 2466 	2552 	2462
f 2416 	2662 	2422
f 2420 	2662 	2428
f 2601 	2606 	2242
f 2255 	2217 	2610
f 2610 	2609 	2255
f 1104 	2653 	2654
f 1104 	2654 	1106
f 2452 	2662 	2416
f 1099 	2655 	2656
f 1099 	2656 	1100
f 2478 	2497 	2479
f 2666 	2601 	2200
f 2242 	2200 	2601
f 2486 	2642 	2657
f 1093 	2658 	2659
f 1093 	2659 	1094
f 2410 	2662 	2449
f 2449 	2662 	2452
f 2413 	2662 	2410
f 2616 	2615 	2618
f 2619 	2618 	2615
f 2661 	2662 	2512
f 1093 	1035 	2658
f 2627 	2658 	1035
f 2420 	2422 	2662
f 2407 	2662 	2413
f 2407 	2413 	2458
f 2500 	2547 	2488
f 1094 	2659 	2655
f 1094 	2655 	1099
f 2607 	2610 	2217
f 2608 	2607 	2224
f 1934 	2512 	2662
f 1100 	2656 	2653
f 1100 	2653 	1104
f 2497 	2478 	2494
f 2494 	2474 	2500
f 1106 	2654 	2652
f 1106 	2652 	1109
f 2662 	2407 	1934
f 2619 	2639 	2617
f 2646 	2662 	2637
f 2637 	2662 	2641
f 1064 	1115 	2663
f 2617 	2639 	2624
f 2029 	1929 	1021
f 1123 	1109 	2664
f 2652 	2664 	1109
f 2469 	2483 	2491
f 2462 	2551 	2469
f 2491 	2479 	2497
f 2474 	2494 	2478
f 2547 	2500 	2474
f 1017 	1021 	1929
f 2647 	2662 	2646
f 1123 	2664 	2665
f 1123 	2665 	1137
f 2200 	2014 	2666
f 2643 	2627 	2636
f 1137 	2665 	1209
f 2633 	2662 	2634
f 2667 	2663 	1179
f 1115 	1179 	2663
f 1364 	1370 	1259
f 2631 	2662 	2632
f 2633 	2632 	2662
f 2644 	2634 	2662
f 2640 	2635 	2627
f 2636 	2627 	2635
f 2519 	2503 	2505
f 1170 	1169 	2670
f 1170 	2670 	2672
f 1352 	1362 	1259
f 1362 	1364 	1259
f 2628 	2662 	2629
f 2631 	2629 	2662
f 2640 	2627 	2645
f 2630 	2645 	2627
f 1260 	1288 	1259
f 1288 	1352 	1259
f 1370 	1371 	1259
f 2639 	2638 	2624
f 2615 	2639 	2619
f 2647 	2644 	2662
f 2622 	2621 	2360
f 2361 	2360 	2621
f 2730 	2675 	1144
f 2679 	2687 	2678
f 2505 	2530 	2510
f 2367 	2370 	2311
f 1163 	1162 	2680
f 1163 	2680 	2681
f 2677 	2678 	2687
f 1156 	1144 	2675
f 2290 	2285 	2371
f 2679 	2682 	2687
f 2514 	2539 	2516
f 2519 	2516 	2501
f 2501 	2503 	2519
f 2630 	2624 	2638
f 2638 	2645 	2630
f 2648 	2658 	2643
f 2650 	2658 	2648
f 2651 	2658 	2650
f 1162 	1161 	2685
f 1162 	2685 	2680
f 2687 	2684 	2686
f 2687 	2686 	2688
f 2687 	2688 	2676
f 2676 	2677 	2687
f 2527 	2510 	2530
f 2526 	2507 	2527
f 2627 	2643 	2658
f 1156 	2675 	2689
f 1161 	1156 	2689
f 1161 	2689 	2685
f 2522 	2538 	2523
f 2523 	2536 	2526
f 2651 	2649 	2659
f 2659 	2658 	2651
f 1169 	1163 	2681
f 1169 	2681 	2670
f 2662 	2661 	2660
f 2662 	2660 	2657
f 2662 	2657 	2642
f 2642 	2641 	2662
f 2297 	2311 	2370
f 2656 	2663 	2653
f 2655 	2649 	2656
f 2659 	2649 	2655
f 1179 	1170 	2672
f 1179 	2672 	2667
f 2538 	2522 	2532
f 2532 	2520 	2535
f 2663 	2667 	2653
f 1201 	2697 	2698
f 1201 	2698 	1204
f 2214 	2695 	2013
f 1138 	1145 	2701
f 2701 	2702 	1138
f 2663 	2656 	2649
f 1136 	1138 	2703
f 1145 	1147 	2701
f 1503 	1496 	1534
f 2654 	2653 	2667
f 1088 	1089 	1229
f 1204 	2698 	1226
f 1121 	1111 	1076
f 1089 	1095 	1220
f 1220 	1229 	1089
f 1216 	1220 	1095
f 1209 	2706 	2707
f 1209 	2707 	1210
f 1111 	1112 	1076
f 2705 	1088 	1229
f 1095 	1096 	1203
f 1203 	1216 	1095
f 2665 	2706 	1209
f 2510 	2527 	2507
f 2507 	2526 	2536
f 2530 	2505 	2503
f 2536 	2523 	2538
f 2520 	2532 	2522
f 2613 	2535 	2520
f 1383 	1372 	2709
f 2683 	2712 	2687
f 2713 	2687 	2712
f 1210 	2707 	2697
f 1210 	2697 	1201
f 2715 	1341 	2714
f 2714 	1341 	2713
f 2726 	2728 	1341
f 2682 	2683 	2687
f 1271 	2716 	2742
f 2708 	2709 	1372
f 1372 	1335 	2708
f 2728 	2731 	1341
f 2675 	2730 	2697
f 2730 	2729 	2698
f 2698 	2719 	1226
f 1168 	1319 	2699
f 2692 	2699 	1319
f 1155 	1168 	2699
f 2723 	1850 	2721
f 2665 	2664 	2681
f 1154 	1155 	2699
f 2721 	1850 	2720
f 2725 	1850 	2727
f 1226 	2719 	2716
f 1226 	2716 	1271
f 2543 	2488 	2544
f 2539 	2514 	2541
f 2541 	2488 	2543
f 2501 	2516 	2539
f 2488 	2541 	2514
f 2547 	2544 	2488
f 1257 	1256 	2729
f 1257 	2729 	2730
f 2667 	2672 	2654
f 2652 	2654 	2672
f 2672 	2670 	2652
f 2664 	2652 	2670
f 2670 	2681 	2664
f 1147 	1154 	2699
f 2699 	2700 	1147
f 2700 	2701 	1147
f 2702 	2703 	1138
f 1235 	1234 	2732
f 1235 	2732 	2733
f 1017 	2687 	1020
f 2466 	2560 	2552
f 2551 	2462 	2552
f 2555 	2563 	2556
f 2681 	2680 	2665
f 1241 	1385 	1040
f 2563 	2555 	2560
f 1900 	2727 	1850
f 2725 	2720 	1850
f 2723 	2736 	1850
f 2735 	1850 	2736
f 2734 	1850 	2735
f 2715 	2717 	1341
f 2707 	2706 	2685
f 2706 	2665 	2685
f 2680 	2685 	2665
f 2717 	2718 	1341
f 2685 	2689 	2707
f 1291 	2687 	1293
f 1293 	2687 	1341
f 1252 	1235 	2733
f 1252 	2733 	2737
f 1278 	2687 	1280
f 2483 	2469 	2549
f 2479 	2491 	2483
f 2549 	2469 	2551
f 2363 	2556 	2563
f 2555 	2552 	2560
f 2356 	2330 	2366
f 1241 	1040 	2738
f 1291 	1280 	2687
f 1278 	1263 	2687
f 1387 	2687 	1263
f 2687 	2713 	1341
f 2574 	2579 	2598
f 2738 	2732 	1241
f 1234 	1241 	2732
f 1256 	1252 	2737
f 1256 	2737 	2729
f 1020 	2687 	1251
f 1379 	1251 	2687
f 1387 	1379 	2687
f 2738 	2743 	2732
f 1144 	1257 	2730
f 1771 	1808 	1076
f 2602 	2598 	2579
f 1318 	2739 	2744
f 2742 	2716 	2733
f 2733 	2732 	2742
f 1301 	2740 	2741
f 1301 	2741 	1302
f 1076 	1789 	1795
f 1795 	1771 	1076
f 2564 	2603 	2573
f 2579 	2570 	2602
f 2577 	2564 	2573
f 2598 	2597 	2574
f 1294 	2742 	2743
f 1294 	2743 	1295
f 2569 	2580 	2566
f 2569 	1829 	2581
f 1748 	1790 	1076
f 1790 	1789 	1076
f 2742 	1294 	1271
f 2742 	2732 	2743
f 2698 	2697 	2730
f 2697 	2707 	2675
f 2689 	2675 	2707
f 2719 	2698 	2729
f 2716 	2719 	2737
f 2737 	2733 	2716
f 1749 	1076 	1721
f 1749 	1748 	1076
f 1722 	1721 	1076
f 1295 	2743 	2740
f 1295 	2740 	1301
f 2729 	2737 	2719
f 1302 	2741 	2739
f 1302 	2739 	1318
f 1742 	1722 	1076
f 2743 	2738 	2740
f 2570 	2573 	2603
f 2566 	2584 	2577
f 1852 	2586 	1829
f 1022 	1023 	1050
f 1382 	1050 	1023
f 1323 	2744 	2745
f 1323 	2745 	1324
f 2741 	2740 	1040
f 2738 	1040 	2740
f 1040 	997 	2741
f 997 	995 	2739
f 2744 	1323 	1318
f 1850 	2021 	1892
f 1892 	1890 	1850
f 1900 	1850 	1890
f 1324 	2745 	1051
f 1324 	1051 	1330
f 2580 	2569 	2581
f 2584 	2566 	2580
f 2586 	1848 	2587
f 1882 	1881 	2021
f 1330 	1051 	1050
f 1330 	1050 	1382
f 2564 	2577 	2584
f 2581 	1829 	2586
f 1875 	1882 	2021
f 1881 	1892 	2021
f 999 	1004 	1059
f 2590 	2319 	2591
f 1868 	1866 	2021
f 1866 	1876 	2021
f 1876 	1875 	2021
f 2602 	2570 	2603
f 1343 	2747 	2748
f 2597 	2595 	2313
f 1338 	1058 	1059
f 1338 	1059 	2746
f 1343 	1338 	2746
f 1343 	2746 	2747
f 2591 	2319 	2595
f 2271 	2292 	2590
f 1808 	1813 	1076
f 1943 	1958 	1813
f 1813 	1799 	2021
f 1799 	1855 	2021
f 1855 	1861 	2021
f 1861 	1860 	2021
f 1860 	1868 	2021
f 2749 	995 	1357
f 994 	1357 	995
f 1935 	1933 	1850
f 1186 	1856 	2611
f 1351 	1343 	2748
f 2666 	2695 	2594
f 2666 	1944 	2695
f 1357 	1351 	2748
f 1357 	2748 	2749
f 1647 	1518 	1584
f 1501 	1584 	1518
f 2673 	2711 	2710
f 2673 	2710 	2674
f 1385 	996 	997
f 1385 	997 	1040
f 2669 	2709 	2708
f 2669 	2708 	2671
f 1975 	1972 	1076
f 1972 	1985 	1076
f 1985 	1149 	1076
f 1091 	2704 	2668
f 2668 	2704 	2709
f 2668 	2709 	2669
f 1076 	1813 	1975
f 1996 	1975 	1813
f 2671 	2708 	2711
f 2671 	2711 	2673
f 1966 	1965 	1813
f 2674 	2710 	1259
f 2678 	2720 	2725
f 2678 	2725 	2679
f 1956 	1966 	1813
f 1965 	1996 	1813
f 2677 	2721 	2720
f 2677 	2720 	2678
f 1958 	1956 	1813
f 2677 	2676 	2723
f 2677 	2723 	2721
f 2679 	2725 	2727
f 2679 	2727 	2682
f 2016 	1850 	1933
f 2021 	1850 	2016
f 2021 	1943 	1813
f 1850 	1929 	1935
f 2029 	1935 	1929
f 1900 	2683 	2727
f 2727 	2683 	2682
f 2710 	2711 	1335
f 2688 	2736 	2723
f 2688 	2723 	2676
f 1076 	2247 	1742
f 2684 	2734 	2735
f 2684 	2735 	2686
f 1076 	1105 	2248
f 2248 	2247 	1076
f 2688 	2686 	2735
f 2688 	2735 	2736
f 1850 	2734 	2684
f 1742 	2705 	2691
f 1749 	2703 	2702
f 1790 	2701 	1789
f 2700 	1789 	2701
f 2692 	1795 	2699
f 1799 	1813 	2693
f 1808 	2692 	2696
f 1813 	2694 	2693
f 2694 	1813 	1808
f 2694 	1808 	2696
f 1789 	2700 	1795
f 2699 	1795 	2700
f 2701 	1790 	2702
f 2703 	1749 	2690
f 2705 	1742 	1088
f 1017 	1929 	2687
f 1799 	2693 	1855
f 2731 	1855 	2693
f 1860 	2728 	2726
f 1866 	2724 	2722
f 2717 	1875 	2718
f 1890 	2713 	2712
f 2712 	2683 	1890
f 1875 	2717 	2715
f 2722 	2718 	1866
f 2726 	2724 	1860
f 2731 	2728 	1855
f 2690 	1721 	1722
f 2690 	1722 	2691
f 2690 	1749 	1721
f 2691 	1722 	1742
f 2692 	1771 	1795
f 1771 	2692 	1808
# 3510 faces

 #end of obj_10

o obj_11
v 8 		0.825 		15.344
v 8 		-0.084 		8.305
v 8.25 		-0.084 		8.305
v 8 		-0.052 		8.335
v 8.25 		-0.052 		8.335
v 8 		-0.363 		7.849
v 8.25 		-0.363 		7.849
v 8.25 		-0.402 		7.815
v 8 		-0.402 		7.815
v 8 		-0.215 		7.98
v 8.25 		-0.215 		7.98
v 8.25 		-0.252 		7.948
v 8 		-0.252 		7.948
v 8 		0.825 		9.189
v 8 		-7.451 		3.211
v 8.25 		-7.451 		3.211
v 8.25 		-7.464 		3.204
v 8 		-7.464 		3.204
v 8 		0.77 		9.133
v 8 		0.778 		9.14
v 8 		-7.527 		3.326
v 8 		5.587 		5.559
v 8.25 		5.587 		5.559
v 8.25 		-7.527 		3.326
v 8.25 		9.903 		3
v 8 		0.785 		9.148
v 8 		0.806 		9.169
v 8.25 		9.902 		3.001
v 8.25 		9.902 		3
v 8.25 		-0.144 		8.045
v 8 		-0.144 		8.045
v 8 		0.812 		9.176
v 8 		5.529 		5.598
v 8.25 		5.529 		5.598
v 8 		0.732 		9.094
v 8 		0.763 		9.125
v 8 		0.872 		9.015
v 8 		0.864 		9.006
v 8 		0.847 		8.989
v 8 		0.839 		8.98
v 8 		0.803 		8.944
v 8 		0.793 		8.935
v 8 		0.784 		8.925
v 8 		0.617 		8.977
v 8 		0.636 		8.997
v 8 		0.645 		9.006
v 8 		0.655 		9.015
v 8.25 		-0.021 		8.364
v 8.25 		-0.18 		8.013
v 8 		-0.18 		8.013
v 8.25 		5.414 		5.675
v 8 		5.414 		5.675
v 8 		-7.553 		3.314
v 8 		5.298 		5.753
v 8.25 		-7.553 		3.314
v 8.25 		5.298 		5.753
v 8 		0.682 		9.042
v 8.25 		-0.109 		8.076
v 8.25 		-0.074 		8.108
v 8 		5.471 		5.636
v 8.25 		5.471 		5.636
v 8 		-7.604 		3.29
v 8 		0.69 		9.051
v 8.25 		-7.604 		3.29
v 8 		0.724 		9.085
v 8 		-0.394 		8.025
v 8.25 		-0.394 		8.025
v 8 		-0.467 		7.959
v 8 		-7.566 		3.307
v 8 		-7.579 		3.301
v 8.25 		-7.579 		3.301
v 8 		0.535 		8.896
v 8 		0.557 		8.917
v 8.25 		-0.467 		7.959
v 8.25 		4.651 		6.027
v 8.25 		-7.566 		3.307
v 8 		4.651 		6.027
v 8 		-0.43 		7.992
v 8 		-7.591 		3.295
v 8.25 		-0.43 		7.992
v 8.25 		-7.591 		3.295
v 8 		0.577 		8.938
v 8 		0.597 		8.958
v 8 		9.856 		3.072
v 8 		-7.64 		3.272
v 8 		-7.651 		3.267
v 8.25 		-7.651 		3.267
v 8.25 		-7.64 		3.272
v 8.25 		9.731 		3.079
v 8 		-7.663 		3.261
v 8 		9.731 		3.079
v 8.25 		-7.663 		3.261
v 8.25 		4.78 		6.115
v 8 		-0.44 		7.781
v 8.25 		-0.44 		7.781
v 8.25 		9.854 		3.172
v 8.25 		9.847 		3.175
v 8 		4.78 		6.115
v 8 		9.814 		3.191
v 8 		9.83 		3.183
v 8 		0.683 		8.824
v 8 		0.661 		8.803
v 8.25 		9.839 		3.179
v 8.25 		9.83 		3.183
v 8 		-0.543 		7.893
v 8.25 		-0.543 		7.893
v 8 		0.639 		8.781
v 8 		0.616 		8.759
v 8.25 		4.836 		6.075
v 8 		4.836 		6.075
v 8 		-0.581 		7.859
v 8 		0.593 		8.736
v 8 		9.805 		3.045
v 8 		0.569 		8.713
v 8 		4.893 		6.034
v 8.25 		4.893 		6.034
v 8 		0.545 		8.689
v 8.25 		-0.581 		7.859
v 8 		9.829 		3.034
v 8 		9.823 		3.036
v 8.25 		9.814 		3.191
v 8 		-7.55 		3.163
v 8 		0.492 		8.853
v 8.25 		-7.55 		3.163
v 8.25 		4.612 		6.236
v 8 		4.612 		6.236
v 8 		-7.514 		3.18
v 8.25 		-7.514 		3.18
v 8 		9.834 		3.031
v 8.25 		-7.526 		3.175
v 8 		0.495 		8.641
v 8 		-7.526 		3.175
v 8 		9.84 		3.029
v 8.25 		9.805 		3.045
v 8 		-0.639 		7.608
v 8 		9.845 		3.026
v 8.25 		-0.639 		7.608
v 8 		-7.489 		3.192
v 8.25 		-0.68 		7.573
v 8.25 		-7.489 		3.192
v 8 		-0.68 		7.573
v 8.25 		-7.502 		3.186
v 8 		-7.502 		3.186
v 8.25 		9.823 		3.036
v 8 		0.443 		8.591
v 8.25 		9.829 		3.034
v 8 		4.723 		6.155
v 8.25 		4.723 		6.155
v 8 		9.85 		3.024
v 8.25 		-7.477 		3.198
v 8 		-7.477 		3.198
v 8 		0.216 		8.587
v 8.25 		9.834 		3.031
v 8 		4.667 		6.195
v 8.25 		9.84 		3.029
v 8.25 		4.667 		6.195
v 8 		9.854 		3.022
v 8 		-0.558 		7.678
v 8.25 		-0.558 		7.678
v 8.25 		-0.599 		7.643
v 8 		-0.599 		7.643
v 8.25 		9.845 		3.026
v 8.25 		9.85 		3.024
v 8 		0.244 		8.613
v 8.25 		4.262 		6.31
v 8 		4.262 		6.31
v 8.25 		-0.518 		7.713
v 8 		-0.518 		7.713
v 8 		0.271 		8.639
v 8 		0.349 		8.714
v 8 		0.374 		8.738
v 8 		9.755 		3.068
v 8.25 		4.208 		6.35
v 8 		9.747 		3.071
v 8 		4.208 		6.35
v 8.25 		9.854 		3.022
v 8 		0.398 		8.762
v 8 		0.446 		8.808
v 8 		-7.667 		3.108
v 8.25 		-7.667 		3.108
v 8.25 		-7.677 		3.104
v 8 		-7.677 		3.104
v 8.25 		4.155 		6.39
v 8 		4.155 		6.39
v 8 		9.77 		3.061
v 8 		-7.648 		3.117
v 8 		0.469 		8.831
v 8.25 		-7.648 		3.117
v 8.25 		-0.861 		7.616
v 8.25 		-7.658 		3.113
v 8 		9.763 		3.064
v 8.25 		-0.903 		7.581
v 8 		-7.658 		3.113
v 8.25 		4.101 		6.431
v 8.25 		9.747 		3.071
v 8.25 		9.755 		3.068
v 8 		4.101 		6.431
v 8 		-7.627 		3.127
v 8.25 		-7.627 		3.127
v 8.25 		-7.638 		3.122
v 8 		9.777 		3.057
v 8 		-0.739 		7.722
v 8.25 		-0.739 		7.722
v 8 		9.785 		3.054
v 8.25 		-0.779 		7.687
v 8.25 		-0.82 		7.652
v 8.25 		9.763 		3.064
v 8 		-7.638 		3.122
v 8 		0.305 		8.459
v 8 		-0.779 		7.687
v 8.25 		9.77 		3.061
v 8 		0.276 		8.432
v 8 		-0.82 		7.652
v 8 		-7.584 		3.147
v 8.25 		-7.584 		3.147
v 8 		9.791 		3.051
v 8 		0.389 		8.539
v 8 		0.361 		8.513
v 8.25 		-7.617 		3.132
v 8 		-0.861 		7.616
v 8 		-7.617 		3.132
v 8 		-0.903 		7.581
v 8 		4.502 		6.316
v 8.25 		9.777 		3.057
v 8.25 		4.502 		6.316
v 8.25 		-0.699 		7.756
v 8.25 		-7.562 		3.158
v 8.25 		9.785 		3.054
v 8 		-7.562 		3.158
v 8 		9.5 		3.339
v 8 		9.514 		3.333
v 8 		4.448 		6.356
v 8.25 		4.448 		6.356
v 8 		0.216 		8.376
v 8 		9.473 		3.352
v 8.25 		-7.573 		3.153
v 8.25 		9.791 		3.051
v 8 		-7.573 		3.153
v 8.25 		4.34 		6.436
v 8 		4.34 		6.436
v 8.25 		-0.659 		7.791
v 8 		0.041 		8.422
v 8 		0.072 		8.45
v 8 		-0.659 		7.791
v 8 		4.393 		6.396
v 8.25 		4.393 		6.396
v 8.25 		9.514 		3.333
v 8.25 		9.5 		3.339
v 8 		0.011 		8.393
v 8.25 		-0.806 		7.465
v 8 		-0.699 		7.756
v 8 		9.663 		3.261
v 8.25 		-0.892 		7.393
v 8 		9.718 		3.236
v 8.25 		-0.945 		7.545
v 8.25 		9.473 		3.352
v 8 		9.64 		3.272
v 8 		9.651 		3.267
v 8.25 		9.901 		3.001
v 8 		0.102 		8.478
v 8.25 		4.233 		6.516
v 8 		4.233 		6.516
v 8.25 		-1.024 		7.283
v 8 		0.131 		8.506
v 8 		0.16 		8.533
v 8.25 		-0.98 		7.319
v 8.25 		9.718 		3.236
v 8.25 		9.663 		3.261
v 8 		9.604 		3.29
v 8 		4.286 		6.476
v 8.25 		9.896 		3.003
v 8 		-7.718 		3.236
v 8 		-0.98 		7.319
v 8.25 		9.651 		3.267
v 8.25 		-7.718 		3.236
v 8.25 		9.64 		3.272
v 8.25 		4.286 		6.476
v 8 		-1.024 		7.283
v 8 		0.186 		8.347
v 8 		-7.748 		3.221
v 8 		-7.758 		3.217
v 8.25 		-7.758 		3.217
v 8.25 		-7.748 		3.221
v 8.25 		9.604 		3.29
v 8 		-0.806 		7.465
v 8.25 		9.89 		3.006
v 8.25 		4.594 		6.068
v 8.25 		9.887 		3.007
v 8 		-0.892 		7.393
v 8.25 		4.538 		6.108
v 8 		4.538 		6.108
v 8 		4.594 		6.068
v 8 		-7.768 		3.212
v 8 		-7.777 		3.208
v 8.25 		-7.777 		3.208
v 8.25 		9.6 		3.2
v 8.25 		-7.768 		3.212
v 8 		9.591 		3.295
v 8.25 		9.884 		3.009
v 8 		-7.787 		3.203
v 8.25 		9.878 		3.011
v 8 		0.155 		8.318
v 8 		0.123 		8.289
v 8.25 		-1.162 		7.363
v 8.25 		-7.787 		3.203
v 8.25 		9.591 		3.295
v 8 		9.566 		3.307
v 8 		9.579 		3.301
v 8 		0.092 		8.26
v 8 		0.059 		8.23
v 8.25 		4.482 		6.149
v 8.25 		-1.074 		7.436
v 8.25 		9.871 		3.015
v 8.25 		4.427 		6.189
v 8.25 		-1.118 		7.4
v 8.25 		9.867 		3.016
v 8 		4.427 		6.189
v 8 		4.482 		6.149
v 8.25 		9.579 		3.301
v 8 		-0.945 		7.545
v 8 		9.527 		3.326
v 8 		9.553 		3.314
v 8.25 		9.566 		3.307
v 8.25 		4.371 		6.23
v 8 		4.371 		6.23
v 8 		0.027 		8.2
v 8.25 		9.859 		3.02
v 8.25 		9.553 		3.314
v 8.25 		9.527 		3.326
v 8.25 		-1.031 		7.473
v 8 		-0.007 		8.169
v 8 		-0.04 		8.139
v 8.25 		-7.722 		3.083
v 8.25 		-7.731 		3.079
v 8.25 		-1.069 		7.245
v 8.25 		-1.114 		7.208
v 8.25 		4.317 		6.27
v 8 		-0.074 		8.108
v 8 		4.317 		6.27
v 8 		9.686 		3.099
v 8.25 		-7.686 		3.099
v 8.25 		-7.696 		3.095
v 8 		9.696 		3.095
v 8.25 		-1.206 		7.133
v 8.25 		-1.16 		7.17
v 8 		-0.322 		8.089
v 8 		9.617 		3.132
v 8 		-1.031 		7.473
v 8.25 		9.875 		3.013
v 8.25 		-1.53 		7.062
v 8 		-0.252 		8.153
v 8.25 		9.686 		3.099
v 8.25 		9.696 		3.095
v 8 		9.638 		3.122
v 8 		9.627 		3.127
v 8.25 		-7.714 		3.087
v 8 		-1.074 		7.436
v 8 		-1.118 		7.4
v 8 		-0.217 		8.184
v 8.25 		9.617 		3.132
v 8 		9.658 		3.113
v 8 		-1.162 		7.363
v 8 		9.648 		3.117
v 8.25 		-1.389 		7.176
v 8 		-0.183 		8.215
v 8.25 		5.114 		5.704
v 8.25 		5.055 		5.744
v 8 		9.667 		3.108
v 8 		5.055 		5.744
v 8.25 		9.627 		3.127
v 8 		5.114 		5.704
v 8.25 		9.638 		3.122
v 8.25 		-1.297 		7.251
v 8.25 		-1.343 		7.214
v 8 		9.677 		3.104
v 8.25 		4.997 		5.784
v 8 		4.997 		5.784
v 8.25 		9.648 		3.117
v 8.25 		9.658 		3.113
v 8 		9.714 		3.087
v 8.25 		4.938 		5.825
v 8.25 		4.88 		5.865
v 8 		-1.252 		7.095
v 8 		4.88 		5.865
v 8.25 		-1.252 		7.095
v 8 		4.938 		5.825
v 8.25 		9.899 		3.002
v 8.25 		9.667 		3.108
v 8.25 		9.677 		3.104
v 8 		-0.109 		8.076
v 8 		9.722 		3.083
v 8.25 		-1.252 		7.289
v 8 		-0.021 		8.364
v 8.25 		9.714 		3.087
v 8.25 		9.898 		3.003
v 8 		-1.16 		7.17
v 8 		-1.206 		7.133
v 8 		9.55 		3.163
v 8 		-1.069 		7.245
v 8 		9.562 		3.158
v 8.25 		9.722 		3.083
v 8 		-1.114 		7.208
v 8 		9.477 		3.198
v 8.25 		4.822 		5.906
v 8.25 		4.765 		5.946
v 8 		4.765 		5.946
v 8.25 		9.55 		3.163
v 8 		4.822 		5.906
v 8.25 		-7.791 		3.051
v 8.25 		-7.805 		3.045
v 8 		9.502 		3.186
v 8.25 		-1.394 		6.98
v 8.25 		9.562 		3.158
v 8 		9.489 		3.192
v 8.25 		4.707 		5.987
v 8.25 		-1.442 		6.942
v 8 		4.707 		5.987
v 8.25 		-7.777 		3.057
v 8.25 		-7.785 		3.054
v 8.25 		9.477 		3.198
v 8 		9.526 		3.175
v 8 		9.514 		3.18
v 8.25 		-1.346 		7.019
v 8.25 		-7.763 		3.064
v 8 		9.573 		3.153
v 8.25 		-7.77 		3.061
v 8.25 		9.489 		3.192
v 8.25 		9.502 		3.186
v 8 		9.584 		3.147
v 8.25 		-7.747 		3.071
v 8.25 		-7.755 		3.068
v 8.25 		9.514 		3.18
v 8.25 		-1.491 		6.903
v 8.25 		9.526 		3.175
v 8.25 		9.573 		3.153
v 8 		9.416 		3.38
v 8.25 		4.95 		5.994
v 8 		-1.53 		7.062
v 8 		4.95 		5.994
v 8.25 		-1.589 		6.826
v 8.25 		-1.539 		6.865
v 8.25 		9.584 		3.147
v 8 		9.444 		3.366
v 8 		5.008 		5.953
v 8.25 		5.008 		5.953
v 8.25 		-1.638 		6.787
v 8.25 		5.752 		5.279
v 8 		5.752 		5.279
v 8.25 		5.695 		5.317
v 8.25 		5.637 		5.354
v 8 		5.637 		5.354
v 8 		5.695 		5.317
v 8 		-1.252 		7.289
v 8 		-1.297 		7.251
v 8 		-1.343 		7.214
v 8 		-1.389 		7.176
v 8.25 		5.76 		5.446
v 8 		5.76 		5.446
v 8 		5.702 		5.483
v 8.25 		5.702 		5.483
v 8 		-7.731 		3.079
v 8 		-7.722 		3.083
v 8.25 		5.875 		5.371
v 8 		5.875 		5.371
v 8 		5.817 		5.408
v 8.25 		5.817 		5.408
v 8 		-7.686 		3.099
v 8.25 		5.989 		5.298
v 8 		5.989 		5.298
v 8 		5.932 		5.334
v 8 		-7.696 		3.095
v 8.25 		5.932 		5.334
v 8 		-1.491 		6.903
v 8 		6.046 		5.261
v 8.25 		6.046 		5.261
v 8 		-1.394 		6.98
v 8 		-1.442 		6.942
v 8 		-7.714 		3.087
v 8 		-1.346 		7.019
v 8 		-1.539 		6.865
v 8 		-1.589 		6.826
v 8.25 		5.925 		5.169
v 8 		5.925 		5.169
v 8.25 		5.867 		5.206
v 8.25 		5.81 		5.242
v 8 		5.81 		5.242
v 8 		5.867 		5.206
v 8 		-1.638 		6.787
v 8 		-7.791 		3.051
v 8 		-7.805 		3.045
v 8 		-7.777 		3.057
v 8 		-7.785 		3.054
v 8 		-1.773 		6.87
v 8.25 		-1.773 		6.87
v 8 		-7.763 		3.064
v 8 		-7.77 		3.061
v 8 		-1.822 		6.831
v 8 		-1.873 		6.792
v 8.25 		-1.873 		6.792
v 8.25 		-1.822 		6.831
v 8 		-7.747 		3.071
v 8 		-7.755 		3.068
v 8.25 		5.521 		5.43
v 8 		9.386 		3.394
v 8.25 		9.416 		3.38
v 8 		5.521 		5.43
v 8.25 		5.463 		5.469
v 8.25 		9.444 		3.366
v 8 		9.294 		3.439
v 8 		5.463 		5.469
v 8 		9.356 		3.409
v 8 		-1.626 		6.986
v 8.25 		-1.626 		6.986
v 8.25 		7.766 		4.24
v 8 		7.766 		4.24
v 8 		7.716 		4.267
v 8.25 		7.716 		4.267
v 8 		-1.675 		6.947
v 8.25 		-1.675 		6.947
v 8 		-1.723 		6.908
v 8.25 		-1.723 		6.908
v 8 		9.222 		3.322
v 8.25 		9.386 		3.394
v 8 		9.253 		3.307
v 8.25 		9.356 		3.409
v 8.25 		9.294 		3.439
v 8 		-1.943 		6.55
v 8.25 		-1.943 		6.55
v 8 		9.283 		3.292
v 8.25 		7.945 		3.982
v 8.25 		-7.814 		3.191
v 8.25 		7.849 		4.034
v 8 		7.849 		4.034
v 8 		-1.84 		6.629
v 8 		7.945 		3.982
v 8.25 		-1.84 		6.629
v 8.25 		-1.892 		6.59
v 8 		-1.892 		6.59
v 8 		9.37 		3.25
v 8 		9.342 		3.263
v 8.25 		7.801 		4.061
v 8 		9.312 		3.277
v 8.25 		7.752 		4.087
v 8 		7.752 		4.087
v 8 		7.801 		4.061
v 8 		-1.738 		6.708
v 8.25 		9.222 		3.322
v 8.25 		-1.738 		6.708
v 8.25 		-7.839 		3.179
v 8.25 		-7.83 		3.183
v 8.25 		7.703 		4.115
v 8 		9.411 		3.23
v 8 		9.398 		3.236
v 8.25 		-1.789 		6.669
v 8 		7.703 		4.115
v 8.25 		9.253 		3.307
v 8 		-1.789 		6.669
v 8.25 		-7.854 		3.172
v 8.25 		-7.847 		3.175
v 8.25 		9.283 		3.292
v 8 		9.451 		3.211
v 8 		-1.688 		6.747
v 8 		9.425 		3.223
v 8.25 		-1.688 		6.747
v 8.25 		9.312 		3.277
v 8.25 		9.342 		3.263
v 8.25 		-7.869 		3.165
v 8 		9.464 		3.204
v 8.25 		9.37 		3.25
v 8 		8.195 		4.005
v 8 		8.241 		3.981
v 8.25 		7.864 		4.186
v 8.25 		-2.025 		6.674
v 8 		7.864 		4.186
v 8.25 		9.398 		3.236
v 8.25 		-7.862 		3.168
v 8.25 		9.411 		3.23
v 8 		7.815 		4.212
v 8.25 		7.815 		4.212
v 8.25 		-1.923 		6.752
v 8.25 		8.056 		4.081
v 8 		8.056 		4.081
v 8.25 		9.425 		3.223
v 8.25 		9.451 		3.211
v 8 		-2.025 		6.674
v 8 		8.715 		3.732
v 8 		8.103 		4.055
v 8.25 		8.103 		4.055
v 8.25 		9.464 		3.204
v 8 		-1.923 		6.753
v 8 		9.163 		3.504
v 8 		9.196 		3.488
v 8 		-1.974 		6.713
v 8.25 		8.241 		3.981
v 8.25 		8.195 		4.005
v 8 		9.093 		3.539
v 8 		9.128 		3.522
v 8.25 		-7.877 		3.162
v 8 		8.985 		3.593
v 8 		9.022 		3.575
v 8 		9.058 		3.557
v 8.25 		7.961 		4.132
v 8 		7.961 		4.132
v 8.25 		-7.891 		3.155
v 8.25 		-7.884 		3.158
v 8 		7.912 		4.159
v 8.25 		7.912 		4.159
v 8 		8.008 		4.106
v 8.25 		8.008 		4.106
v 8 		-2.076 		6.634
v 8 		-2.128 		6.595
v 8.25 		-2.128 		6.595
v 8.25 		-2.181 		6.555
v 8.25 		-2.076 		6.634
v 8 		-2.181 		6.555
v 8 		8.766 		3.55
v 8 		8.727 		3.569
v 8.25 		-7.916 		3.144
v 8.25 		-1.996 		6.51
v 8 		8.805 		3.53
v 8 		-1.996 		6.51
v 8 		8.88 		3.492
v 8.25 		-2.048 		6.47
v 8 		8.842 		3.511
v 8.25 		7.503 		4.226
v 8 		7.503 		4.226
v 8 		-2.048 		6.47
v 8.25 		-7.904 		3.149
v 8 		8.834 		3.67
v 8.25 		-7.897 		3.152
v 8 		8.872 		3.651
v 8.25 		7.453 		4.254
v 8 		8.911 		3.631
v 8.25 		7.401 		4.283
v 8 		7.401 		4.283
v 8 		7.453 		4.254
v 8 		-2.262 		6.31
v 8.25 		-2.101 		6.431
v 8.25 		-2.262 		6.31
v 8 		8.795 		3.69
v 8.25 		-2.502 		6.316
v 8 		-2.208 		6.35
v 8.25 		-7.91 		3.146
v 8.25 		-2.208 		6.35
v 8.25 		8.715 		3.732
v 8.25 		-7.933 		3.136
v 8 		8.916 		3.473
v 8 		-2.155 		6.39
v 8.25 		-2.155 		6.39
v 8.25 		7.35 		4.313
v 8.25 		7.298 		4.342
v 8 		7.298 		4.342
v 8 		8.633 		3.774
v 8.25 		-7.922 		3.141
v 8.25 		9.196 		3.488
v 8 		7.35 		4.313
v 8.25 		9.163 		3.504
v 8 		-2.101 		6.431
v 8.25 		-2.393 		6.396
v 8.25 		-2.448 		6.356
v 8.25 		9.128 		3.522
v 8.25 		9.093 		3.539
v 8.25 		-7.927 		3.138
v 8.25 		7.194 		4.402
v 8.25 		9.058 		3.557
v 8 		7.194 		4.402
v 8.25 		-2.34 		6.436
v 8.25 		9.022 		3.575
v 8 		8.506 		3.84
v 8.25 		8.985 		3.593
v 8 		8.549 		3.818
v 8 		-2.502 		6.316
v 8.25 		-2.286 		6.476
v 8 		-2.448 		6.356
v 8.25 		8.727 		3.569
v 8.25 		8.766 		3.55
v 8 		-2.34 		6.436
v 8.25 		8.805 		3.53
v 8 		8.266 		3.809
v 8 		-2.393 		6.396
v 8.25 		8.842 		3.511
v 8.25 		-2.233 		6.516
v 8.25 		8.88 		3.492
v 8 		8.311 		3.786
v 8 		8.354 		3.763
v 8 		8.441 		3.718
v 8.25 		8.911 		3.631
v 8 		8.398 		3.74
v 8.25 		8.872 		3.651
v 8.25 		8.834 		3.67
v 8 		8.222 		3.833
v 8.25 		8.795 		3.69
v 8.25 		-2.371 		6.23
v 8.25 		-2.482 		6.149
v 8.25 		-2.427 		6.189
v 8 		-2.233 		6.516
v 8 		8.376 		3.909
v 8 		8.42 		3.886
v 8.25 		-2.317 		6.27
v 8 		8.286 		3.956
v 8 		8.331 		3.933
v 8 		-2.286 		6.476
v 8.25 		8.916 		3.473
v 8.25 		-2.538 		6.108
v 8.25 		7.566 		4.352
v 8 		7.566 		4.352
v 8.25 		8.633 		3.774
v 8.25 		7.667 		4.295
v 8.25 		8.549 		3.818
v 8 		7.667 		4.295
v 8.25 		8.506 		3.84
v 8.25 		-2.594 		6.068
v 8 		7.616 		4.323
v 8.25 		7.616 		4.323
v 8 		8.525 		3.674
v 8 		-2.538 		6.108
v 8 		8.688 		3.59
v 8 		8.648 		3.61
v 8.25 		-2.893 		6.034
v 8 		8.566 		3.652
v 8 		-2.427 		6.189
v 8 		-2.482 		6.149
v 8.25 		7.412 		4.439
v 8.25 		-2.78 		6.115
v 8.25 		-2.836 		6.075
v 8 		7.412 		4.439
v 8 		-2.371 		6.23
v 8 		7.361 		4.468
v 8 		9.877 		3.162
v 8 		9.869 		3.165
v 8.25 		7.361 		4.468
v 8 		8.953 		3.455
v 8.25 		-2.723 		6.155
v 8 		9.058 		3.403
v 8 		7.515 		4.38
v 8.25 		7.515 		4.38
v 8 		8.988 		3.437
v 8.25 		-2.667 		6.195
v 8 		9.125 		3.369
v 8 		9.092 		3.386
v 8 		9.158 		3.353
v 8 		7.464 		4.409
v 8.25 		7.464 		4.409
v 8.25 		-2.612 		6.236
v 8 		-2.317 		6.27
v 8.25 		-2.651 		6.027
v 8 		9.19 		3.337
v 8.25 		8.266 		3.809
v 8.25 		8.311 		3.786
v 8 		9.862 		3.168
v 8.25 		8.354 		3.763
v 8.25 		8.398 		3.74
v 8.25 		8.441 		3.718
v 8.25 		-2.88 		5.865
v 8.25 		-2.938 		5.825
v 8 		9.891 		3.155
v 8 		9.884 		3.158
v 8 		-2.651 		6.027
v 8 		4.181 		6.555
v 8.25 		-2.707 		5.987
v 8.25 		8.222 		3.833
v 8.25 		-2.822 		5.906
v 8.25 		7.654 		4.142
v 8.25 		-2.765 		5.946
v 8 		7.654 		4.142
v 8 		4.128 		6.595
v 8 		-2.594 		6.068
v 8.25 		7.554 		4.198
v 8.25 		8.42 		3.886
v 8 		7.554 		4.198
v 8.25 		8.376 		3.909
v 8.25 		-3.008 		5.953
v 8 		7.309 		4.498
v 8.25 		8.331 		3.933
v 8 		-2.78 		6.115
v 8.25 		8.286 		3.956
v 8.25 		8.085 		3.906
v 8 		8.085 		3.906
v 8 		9.916 		3.144
v 8 		7.256 		4.528
v 8.25 		-3.055 		5.744
v 8.25 		-2.997 		5.784
v 8 		-2.836 		6.075
v 8.25 		8.525 		3.674
v 8 		7.204 		4.559
v 8.25 		-2.95 		5.994
v 8.25 		8.177 		3.857
v 8 		8.177 		3.857
v 8.25 		8.131 		3.882
v 8 		8.131 		3.882
v 8 		6.441 		5.014
v 8 		-2.893 		6.034
v 8.25 		8.039 		3.931
v 8.25 		7.992 		3.956
v 8 		7.992 		3.956
v 8 		8.039 		3.931
v 8 		9.904 		3.149
v 8 		9.897 		3.152
v 8.25 		8.566 		3.652
v 8.25 		8.648 		3.61
v 8.25 		8.688 		3.59
v 8 		6.385 		5.049
v 8 		9.91 		3.146
v 8 		-2.612 		6.236
v 8 		6.216 		5.154
v 8 		6.273 		5.119
v 8 		9.933 		3.136
v 8 		-2.723 		6.155
v 8.25 		-3.23 		5.624
v 8.25 		-3.289 		5.585
v 8 		6.329 		5.083
v 8.25 		7.141 		4.432
v 8 		7.141 		4.432
v 8 		-2.667 		6.195
v 8.25 		-3.114 		5.704
v 8 		9.922 		3.141
v 8.25 		1.557 		8.591
v 8.25 		8.953 		3.455
v 8 		1.557 		8.591
v 8.25 		-3.529 		5.598
v 8 		9.927 		3.138
v 8 		-3.055 		5.744
v 8 		6.16 		5.189
v 8.25 		-3.471 		5.636
v 8 		-2.997 		5.784
v 8.25 		1.602 		8.762
v 8 		1.602 		8.762
v 8.25 		-3.298 		5.753
v 8 		1.554 		8.808
v 8.25 		-3.414 		5.675
v 8.25 		1.554 		8.808
v 8 		-2.88 		5.865
v 8.25 		8.988 		3.437
v 8.25 		9.058 		3.403
v 8 		-2.938 		5.825
v 8 		6.153 		5.025
v 8.25 		1.784 		8.587
v 8 		1.784 		8.587
v 8 		-2.707 		5.987
v 8 		6.882 		4.747
v 8 		-2.765 		5.946
v 8 		-2.822 		5.906
v 8 		6.773 		4.812
v 8.25 		1.651 		8.714
v 8 		6.828 		4.78
v 8 		1.651 		8.714
v 8 		1.626 		8.738
v 8.25 		1.626 		8.738
v 8.25 		9.092 		3.386
v 8.25 		9.125 		3.369
v 8.25 		9.158 		3.353
v 8 		-3.008 		5.953
v 8 		6.718 		4.845
v 8.25 		9.19 		3.337
v 8 		6.663 		4.879
v 8.25 		1.729 		8.639
v 8 		1.729 		8.639
v 8 		9.984 		3.0885
v 8 		1.756 		8.613
v 8.25 		1.756 		8.613
v 8 		6.982 		4.525
v 8 		6.928 		4.556
v 8 		9.938 		3.134
v 8.25 		4.181 		6.555
v 8 		-2.95 		5.994
v 8 		6.765 		4.652
v 8 		6.82 		4.62
v 8 		9.948 		3.129
v 8 		9.943 		3.131
v 8.25 		4.128 		6.595
v 8 		6.711 		4.685
v 8 		-3.23 		5.624
v 8 		-3.289 		5.585
v 8 		9.957 		3.125
v 8 		7.098 		4.62
v 8 		9.952 		3.127
v 8 		7.151 		4.59
v 8.25 		7.309 		4.498
v 8 		-3.114 		5.704
v 8 		6.99 		4.683
v 8.25 		7.256 		4.528
v 8 		7.044 		4.652
v 8 		9.969 		3.12
v 8 		9.965 		3.121
v 8 		-3.529 		5.598
v 8.25 		-7.867 		3.016
v 8.25 		-3.405 		5.507
v 8.25 		-7.871 		3.015
v 8 		9.976 		3.117
v 8 		9.972 		3.118
v 8 		-3.471 		5.636
v 8.25 		-7.854 		3.022
v 8.25 		7.204 		4.559
v 8.25 		-7.859 		3.02
v 8.25 		1.236 		9.1261
v 8.25 		-3.587 		5.559
v 8.25 		-3.645 		5.521
v 8 		9.982 		3.114
v 8 		-3.414 		5.675
v 8 		9.979 		3.115
v 8 		-3.298 		5.753
v 8.25 		-7.845 		3.026
v 8.25 		1.237 		9.125
v 8.25 		-7.85 		3.024
v 8.25 		1.268 		9.094
v 8.25 		6.441 		5.014
v 8 		-3.405 		5.507
v 8 		9.984 		3.113
v 8.25 		-7.834 		3.031
v 8.25 		-7.84 		3.029
v 8.25 		-3.463 		5.469
v 8.25 		6.385 		5.049
v 8.25 		-3.521 		5.43
v 8.25 		-7.823 		3.036
v 8.25 		-7.829 		3.034
v 8.25 		6.273 		5.119
v 8.25 		6.216 		5.154
v 8 		6.601 		4.751
v 8 		6.545 		4.784
v 8.25 		6.329 		5.083
v 8 		6.266 		4.955
v 8 		6.209 		4.99
v 8.25 		6.16 		5.189
v 8 		6.49 		4.818
v 8 		6.322 		4.92
v 8.25 		6.153 		5.025
v 8 		6.608 		4.912
v 8.25 		6.882 		4.747
v 8.25 		6.828 		4.78
v 8.25 		6.773 		4.812
v 8.25 		6.718 		4.845
v 8 		-3.645 		5.521
v 8.25 		-3.695 		5.317
v 8 		-3.587 		5.559
v 8.25 		-3.637 		5.354
v 8.25 		6.663 		4.879
v 8 		9.903 		3
v 8.25 		-4.046 		5.261
v 8.25 		6.928 		4.556
v 8.25 		6.982 		4.525
v 8 		9.901 		3.001
v 8.25 		-7.903 		3
v 8 		9.902 		3.001
v 8 		-3.463 		5.469
v 8.25 		6.765 		4.652
v 8.25 		-3.932 		5.334
v 8.25 		6.82 		4.62
v 8.25 		-3.989 		5.298
v 8 		-3.521 		5.43
v 8.25 		6.711 		4.685
v 8 		9.896 		3.003
v 8 		1.236 		9.1261
v 8.25 		-3.817 		5.408
v 8.25 		-3.875 		5.371
v 8.25 		-7.901 		3.001
v 8 		-3.637 		5.354
v 8.25 		-7.902 		3.001
v 8 		-3.695 		5.317
v 8.25 		7.151 		4.59
v 8.25 		7.098 		4.62
v 8 		1.268 		9.094
v 8.25 		-3.702 		5.483
v 8 		1.237 		9.125
v 8 		9.887 		3.007
v 8 		-4.046 		5.261
v 8 		9.89 		3.006
v 8.25 		-7.896 		3.003
v 8.25 		-3.76 		5.446
v 8.25 		7.044 		4.652
v 8.25 		6.99 		4.683
v 8 		6.553 		4.946
v 8.25 		-7.887 		3.007
v 8 		9.878 		3.011
v 8 		9.884 		3.009
v 8.25 		-7.89 		3.006
v 8 		-3.989 		5.298
v 8 		-3.932 		5.334
v 8.25 		-7.878 		3.011
v 8.25 		-3.752 		5.279
v 8 		9.867 		3.016
v 8.25 		-7.884 		3.009
v 8 		-3.875 		5.371
v 8 		9.871 		3.015
v 8 		-3.817 		5.408
v 8 		5.645 		5.521
v 8.25 		-3.867 		5.206
v 8.25 		-3.81 		5.242
v 8.25 		-7.875 		3.013
v 8 		5.23 		5.624
v 8 		5.289 		5.585
v 8 		-3.76 		5.446
v 8.25 		6.545 		4.784
v 8 		9.859 		3.02
v 8 		-3.702 		5.483
v 8.25 		6.601 		4.751
v 8.25 		-3.925 		5.169
v 8.25 		6.209 		4.99
v 8.25 		6.266 		4.955
v 8 		-3.752 		5.279
v 8.25 		-4.441 		5.014
v 8.25 		6.322 		4.92
v 8.25 		6.49 		4.818
v 8.25 		-4.385 		5.049
v 8 		9.875 		3.013
v 8.25 		6.608 		4.912
v 8 		-3.81 		5.242
v 8 		-3.867 		5.206
v 8.25 		-4.216 		5.154
v 8.25 		-4.273 		5.119
v 8.25 		-7.899 		3.002
v 8.25 		-4.329 		5.083
v 8.25 		6.553 		4.946
v 8 		5.405 		5.507
v 8.25 		-7.898 		3.003
v 8 		-3.925 		5.169
v 8.25 		-4.16 		5.189
v 8 		-4.441 		5.014
v 8.25 		5.645 		5.521
v 8 		-4.385 		5.049
v 8.25 		-7.902 		3
v 8 		1.05 		9.094
v 8.25 		1.05 		9.094
v 8.25 		-4.153 		5.025
v 8 		9.899 		3.002
v 8.25 		-4.601 		4.751
v 8 		-4.273 		5.119
v 8.25 		-4.545 		4.784
v 8 		-4.216 		5.154
v 8 		9.898 		3.003
v 8.25 		5.23 		5.624
v 8.25 		5.289 		5.585
v 8.25 		-4.266 		4.955
v 8.25 		-4.209 		4.99
v 8.25 		-4.49 		4.818
v 8.25 		-4.322 		4.92
v 8 		-4.329 		5.083
v 8 		9.902 		3
v 8 		-4.16 		5.189
v 8.25 		-4.553 		4.946
v 8.25 		-4.608 		4.912
v 8.25 		-4.882 		4.747
v 8 		-4.153 		5.025
v 8.25 		-4.773 		4.812
v 8.25 		-4.828 		4.78
v 8.25 		-4.718 		4.845
v 8 		-4.545 		4.784
v 8 		-4.601 		4.751
v 8 		-4.209 		4.99
v 8 		-4.266 		4.955
v 8.25 		-4.663 		4.879
v 8 		-4.322 		4.92
v 8 		-4.49 		4.818
v 8.25 		-4.982 		4.525
v 8.25 		-4.928 		4.556
v 8.25 		5.405 		5.507
v 8 		1.355 		9.006
v 8.25 		1.355 		9.006
v 8.25 		1.364 		8.997
v 8 		1.364 		8.997
v 8.25 		-4.765 		4.652
v 8.25 		-4.82 		4.62
v 8.25 		-4.711 		4.685
v 8 		-4.608 		4.912
v 8.25 		1.31 		9.051
v 8 		-4.553 		4.946
v 8 		1.31 		9.051
v 8.25 		-5.098 		4.62
v 8 		1.345 		9.015
v 8.25 		1.345 		9.015
v 8 		-4.882 		4.747
v 8.25 		-4.99 		4.683
v 8 		1.383 		8.977
v 8.25 		-5.044 		4.652
v 8.25 		1.383 		8.977
v 8 		-4.828 		4.78
v 8 		-4.773 		4.812
v 8 		-4.718 		4.845
v 8.25 		1.318 		9.042
v 8 		1.318 		9.042
v 8 		-4.663 		4.879
v 8 		-4.928 		4.556
v 8 		-4.982 		4.525
v 8 		-4.765 		4.652
v 8.25 		-5.309 		4.498
v 8 		-4.82 		4.62
v 8.25 		1.403 		8.958
v 8 		1.403 		8.958
v 8.25 		-5.256 		4.528
v 8 		-4.711 		4.685
v 8 		1.508 		8.853
v 8 		-5.098 		4.62
v 8.25 		1.508 		8.853
v 8.25 		-5.151 		4.59
v 8.25 		-5.204 		4.559
v 8 		-5.044 		4.652
v 8 		-4.99 		4.683
v 8 		1.465 		8.896
v 8.25 		1.465 		8.896
v 8.25 		-5.401 		4.283
v 8.25 		-5.453 		4.254
v 8.25 		1.423 		8.938
v 8 		1.423 		8.938
v 8.25 		-5.194 		4.402
v 8.25 		-5.141 		4.432
v 8 		1.443 		8.917
v 8.25 		1.443 		8.917
v 8 		-5.309 		4.498
v 8.25 		-5.35 		4.313
v 8.25 		-5.298 		4.342
v 8 		-5.256 		4.528
v 8.25 		1.161 		8.98
v 8.25 		-5.616 		4.323
v 8 		1.161 		8.98
v 8.25 		-5.566 		4.352
v 8 		-5.204 		4.559
v 8 		-5.151 		4.59
v 8 		1.153 		8.989
v 8.25 		-5.515 		4.38
v 8.25 		1.153 		8.989
v 8.25 		-5.464 		4.409
v 8.25 		1.276 		9.085
v 8 		1.276 		9.085
v 8 		-5.401 		4.283
v 8 		-5.453 		4.254
v 8.25 		-5.361 		4.468
v 8.25 		-5.412 		4.439
v 8 		-5.141 		4.432
v 8 		-5.194 		4.402
v 8.25 		1.103 		9.039
v 8 		-5.298 		4.342
v 8 		1.103 		9.039
v 8 		-5.35 		4.313
v 8 		1.119 		9.023
v 8.25 		1.119 		9.023
v 8.25 		-5.503 		4.226
v 8 		-5.616 		4.323
v 8.25 		1.136 		9.006
v 8 		1.136 		9.006
v 8.25 		-5.554 		4.198
v 8 		-5.566 		4.352
v 8.25 		1.128 		9.015
v 8 		1.128 		9.015
v 8.25 		1.088 		9.055
v 8 		-5.515 		4.38
v 8 		1.088 		9.055
v 8.25 		-5.716 		4.267
v 8 		1.096 		9.047
v 8.25 		-5.766 		4.24
v 8.25 		1.096 		9.047
v 8.25 		1.081 		9.063
v 8.25 		1.073 		9.07
v 8 		1.073 		9.07
v 8 		1.081 		9.063
v 8 		1.066 		9.078
v 8.25 		1.066 		9.078
v 8 		1.197 		8.944
v 8.25 		1.197 		8.944
v 8.25 		1.216 		8.925
v 8.25 		-5.667 		4.295
v 8 		1.216 		8.925
v 8 		-5.464 		4.409
v 8.25 		1.207 		8.935
v 8 		1.207 		8.935
v 8 		-5.412 		4.439
v 8.25 		-5.703 		4.115
v 8 		-5.361 		4.468
v 8.25 		1.505 		8.641
v 8.25 		1.455 		8.689
v 8 		1.455 		8.689
v 8 		1.505 		8.641
v 8.25 		-5.654 		4.142
v 8 		-5.503 		4.226
v 8.25 		-5.752 		4.087
v 8.25 		-5.801 		4.061
v 8.25 		-5.849 		4.034
v 8.25 		1.431 		8.713
v 8.25 		1.407 		8.736
v 8 		1.407 		8.736
v 8 		1.431 		8.713
v 8.25 		-5.945 		3.982
v 8 		-5.554 		4.198
v 8.25 		1.384 		8.759
v 8.25 		1.361 		8.781
v 8 		1.361 		8.781
v 8 		1.384 		8.759
v 8.25 		-6.103 		4.055
v 8.25 		1.339 		8.803
v 8.25 		1.317 		8.824
v 8 		1.317 		8.824
v 8 		1.339 		8.803
v 8.25 		-6.056 		4.081
v 8 		-5.766 		4.24
v 8 		-5.716 		4.267
v 8.25 		-6.008 		4.106
v 8 		-5.667 		4.295
v 8.25 		-5.912 		4.159
v 8.25 		-5.961 		4.132
v 8.25 		-5.815 		4.212
v 8.25 		-5.864 		4.186
v 8 		-5.654 		4.142
v 8 		-5.703 		4.115
v 8.25 		1.531 		8.831
v 8 		1.531 		8.831
v 8 		-5.752 		4.087
v 8 		-5.801 		4.061
v 8 		-5.849 		4.034
v 8 		-5.945 		3.982
v 8.25 		0.95 		9.094
v 8 		-6.103 		4.055
v 8 		-6.056 		4.081
v 8.25 		-6.039 		3.931
v 8.25 		-5.992 		3.956
v 8.25 		-6.131 		3.882
v 8 		-6.008 		4.106
v 8.25 		-6.085 		3.906
v 8 		-5.961 		4.132
v 8 		-5.912 		4.159
v 8.25 		-6.195 		4.005
v 8.25 		-6.241 		3.981
v 8 		-5.864 		4.186
v 8 		-5.815 		4.212
v 8 		0.95 		9.094
v 8 		-7.814 		3.191
v 8 		0.897 		9.039
v 8.25 		0.897 		9.039
v 8.25 		-6.222 		3.833
v 8 		0.912 		9.055
v 8.25 		-6.177 		3.857
v 8.25 		0.912 		9.055
v 8 		-7.83 		3.183
v 8 		-5.992 		3.956
v 8.25 		0.904 		9.047
v 8 		0.904 		9.047
v 8 		-6.039 		3.931
v 8 		-7.839 		3.179
v 8 		0.927 		9.07
v 8 		-6.085 		3.906
v 8.25 		0.927 		9.07
v 8 		-6.131 		3.882
v 8.25 		0.919 		9.063
v 8.25 		-6.266 		3.809
v 8.25 		-6.311 		3.786
v 8 		-7.847 		3.175
v 8 		-7.854 		3.172
v 8 		0.919 		9.063
v 8.25 		-6.376 		3.909
v 8 		9.839 		3.179
v 8 		-7.869 		3.165
v 8 		-6.241 		3.981
v 8.25 		0.934 		9.078
v 8 		0.934 		9.078
v 8.25 		-6.286 		3.956
v 8 		-6.195 		4.005
v 8.25 		-6.331 		3.933
v 8 		9.854 		3.172
v 8 		9.847 		3.175
v 8 		-7.862 		3.168
v 8.25 		-6.398 		3.74
v 8.25 		-6.354 		3.763
v 8 		-6.177 		3.857
v 8 		-6.222 		3.833
v 8.25 		-6.441 		3.718
v 8.25 		0.881 		9.023
v 8.25 		-6.633 		3.774
v 8 		0.881 		9.023
v 8 		-6.266 		3.809
v 8 		-6.311 		3.786
v 8 		-6.376 		3.909
v 8.25 		-6.506 		3.84
v 8.25 		-6.549 		3.818
v 8 		-7.877 		3.162
v 8.25 		2.109 		8.076
v 8 		2.109 		8.076
v 8 		-6.331 		3.933
v 8 		-6.286 		3.956
v 8 		-7.884 		3.158
v 8.25 		-6.42 		3.886
v 8 		-7.891 		3.155
v 8.25 		2.074 		8.108
v 8 		2.074 		8.108
v 8 		-6.354 		3.763
v 8 		-6.398 		3.74
v 8 		-7.916 		3.144
v 8.25 		-6.525 		3.674
v 8.25 		-6.648 		3.61
v 8 		-6.441 		3.718
v 8.25 		2.252 		8.153
v 8 		2.252 		8.153
v 8.25 		-6.566 		3.652
v 8 		-6.633 		3.774
v 8 		-7.897 		3.152
v 8 		2.322 		8.089
v 8 		-7.904 		3.149
v 8.25 		2.322 		8.089
v 8.25 		-6.715 		3.732
v 8 		-6.549 		3.818
v 8 		-6.506 		3.84
v 8 		-7.91 		3.146
v 8.25 		-6.688 		3.59
v 8.25 		2.183 		8.215
v 8 		2.183 		8.215
v 8 		-6.42 		3.886
v 8.25 		-6.766 		3.55
v 8.25 		-6.727 		3.569
v 8 		-7.933 		3.136
v 8.25 		-6.88 		3.492
v 8.25 		-6.804 		3.53
v 8 		-6.525 		3.674
v 8 		-6.566 		3.652
v 8 		-6.648 		3.61
v 8.25 		-6.834 		3.67
v 8.25 		-6.872 		3.651
v 8.25 		-6.911 		3.631
v 8 		-6.715 		3.732
v 8 		2.217 		8.184
v 8 		-7.922 		3.141
v 8.25 		2.217 		8.184
v 8.25 		-6.795 		3.69
v 8 		-7.927 		3.138
v 8 		-6.688 		3.59
v 8.25 		2.052 		8.335
v 8 		2.052 		8.335
v 8 		-6.727 		3.569
v 8 		-6.766 		3.55
v 8.25 		-7.163 		3.504
v 8 		2.084 		8.305
v 8.25 		2.084 		8.305
v 8.25 		-7.093 		3.539
v 8.25 		-7.128 		3.522
v 8 		-6.804 		3.53
v 8 		-6.88 		3.492
v 8 		-6.911 		3.631
v 8.25 		-6.985 		3.593
v 8 		-6.872 		3.651
v 8.25 		-7.022 		3.575
v 8 		-6.834 		3.67
v 8.25 		-7.058 		3.557
v 8.25 		2.68 		7.573
v 8.25 		2.639 		7.608
v 8 		2.639 		7.608
v 8 		2.68 		7.573
v 8 		-6.795 		3.69
v 8.25 		-6.916 		3.473
v 8.25 		2.599 		7.643
v 8 		-7.163 		3.504
v 8 		2.599 		7.643
v 8.25 		-6.953 		3.455
v 8 		-7.871 		3.015
v 8 		-7.867 		3.016
v 8.25 		-7.058 		3.403
v 8 		-7.128 		3.522
v 8 		-7.093 		3.539
v 8.25 		-6.988 		3.437
v 8.25 		2.739 		7.722
v 8.25 		-7.158 		3.353
v 8 		2.739 		7.722
v 8.25 		-7.125 		3.369
v 8.25 		-7.092 		3.386
v 8 		-7.058 		3.557
v 8 		-7.859 		3.02
v 8 		-7.022 		3.575
v 8 		-7.854 		3.022
v 8 		-6.985 		3.593
v 8.25 		2.82 		7.652
v 8 		2.82 		7.652
v 8 		2.779 		7.687
v 8.25 		2.779 		7.687
v 8 		-7.85 		3.024
v 8 		-7.845 		3.026
v 8.25 		-7.196 		3.488
v 8.25 		2.903 		7.581
v 8 		2.903 		7.581
v 8 		2.861 		7.616
v 8.25 		2.861 		7.616
v 8 		-7.834 		3.031
v 8.25 		-7.416 		3.38
v 8 		-6.916 		3.473
v 8 		-7.84 		3.029
v 8 		-7.829 		3.034
v 8.25 		-7.386 		3.394
v 8 		-7.823 		3.036
v 8 		-6.953 		3.455
v 8.25 		-7.294 		3.439
v 8.25 		-7.356 		3.409
v 8 		-6.988 		3.437
v 8 		-7.058 		3.403
v 8 		-7.092 		3.386
v 8 		-7.125 		3.369
v 8 		-7.158 		3.353
v 8.25 		2.659 		7.791
v 8 		2.659 		7.791
v 8 		2.581 		7.859
v 8.25 		2.581 		7.859
v 8 		2.699 		7.756
v 8.25 		2.699 		7.756
v 8.25 		-7.19 		3.337
v 8 		-7.196 		3.488
v 8.25 		-7.222 		3.322
v 8 		-7.416 		3.38
v 8.25 		2.402 		7.815
v 8.25 		-7.253 		3.307
v 8.25 		2.363 		7.849
v 8 		2.363 		7.849
v 8 		2.402 		7.815
v 8 		-7.386 		3.394
v 8.25 		2.252 		7.948
v 8.25 		2.215 		7.98
v 8.25 		-7.283 		3.292
v 8 		2.215 		7.98
v 8 		2.252 		7.948
v 8 		-7.356 		3.409
v 8 		-7.294 		3.439
v 8.25 		-7.37 		3.25
v 8.25 		-7.342 		3.263
v 8 		-7.903 		3
v 8.25 		-7.312 		3.277
v 8 		-7.19 		3.337
v 8 		-7.901 		3.001
v 8.25 		-7.411 		3.23
v 8.25 		-7.398 		3.236
v 8 		-7.902 		3.001
v 8.25 		2.144 		8.045
v 8 		2.144 		8.045
v 8 		-7.896 		3.003
v 8.25 		2.18 		8.013
v 8 		-7.222 		3.322
v 8 		2.18 		8.013
v 8 		-7.887 		3.007
v 8 		-7.253 		3.307
v 8 		-7.89 		3.006
v 8.25 		-7.5 		3.339
v 8.25 		-7.514 		3.333
v 8 		-7.283 		3.292
v 8 		-7.878 		3.011
v 8.25 		-7.473 		3.352
v 8 		-7.884 		3.009
v 8 		-7.312 		3.277
v 8 		-7.342 		3.263
v 8 		-7.37 		3.25
v 8.25 		-7.444 		3.366
v 8 		-7.875 		3.013
v 8.25 		2.543 		7.893
v 8 		2.543 		7.893
v 8 		-7.398 		3.236
v 8 		-7.411 		3.23
v 8.25 		-7.425 		3.223
v 8.25 		2.394 		8.025
v 8 		2.394 		8.025
v 8 		2.467 		7.959
v 8.25 		2.467 		7.959
v 8 		-7.514 		3.333
v 8 		-7.5 		3.339
v 8 		2.43 		7.992
v 8 		-7.473 		3.352
v 8.25 		2.43 		7.992
v 8 		-7.444 		3.366
v 8 		-7.899 		3.002
v 8.25 		2.558 		7.678
v 8 		2.558 		7.678
v 8 		-7.898 		3.003
v 8 		-7.425 		3.223
v 8.25 		2.518 		7.713
v 8.25 		2.44 		7.781
v 8 		2.44 		7.781
v 8 		2.518 		7.713
v 8 		-7.902 		3
v 8.25 		-7.938 		3.134
v 8.25 		-7.948 		3.129
v 8.25 		-7.943 		3.131
v 8.25 		3.118 		7.4
v 8 		3.118 		7.4
v 8 		3.074 		7.436
v 8.25 		-7.957 		3.125
v 8.25 		3.074 		7.436
v 8.25 		-7.952 		3.127
v 8 		3.162 		7.363
v 8.25 		3.162 		7.363
v 8.25 		-7.969 		3.12
v 8.25 		-7.965 		3.121
v 8.25 		-7.976 		3.117
v 8.25 		-7.972 		3.118
v 8.25 		3.252 		7.095
v 8 		3.252 		7.095
v 8.25 		-7.982 		3.114
v 8.25 		-7.979 		3.115
v 8.25 		3.206 		7.133
v 8.25 		3.16 		7.17
v 8 		3.16 		7.17
v 8.25 		-7.991 		3.11
v 8 		3.206 		7.133
v 8.25 		3.114 		7.208
v 8 		3.114 		7.208
v 8.25 		-7.995 		3.108
v 8.25 		-7.996 		3.107
v 8 		3.53 		7.062
v 8.25 		3.53 		7.062
v 8.25 		-7.984 		3.113
v 8.25 		1.152 		9.088
v 8.25 		3.252 		7.289
v 8 		3.252 		7.289
v 8.25 		-7.989 		3.11
v 8.25 		3.343 		7.214
v 8 		3.343 		7.214
v 8 		3.297 		7.251
v 8.25 		3.297 		7.251
v 8 		3.389 		7.176
v 8.25 		-7.987 		3.111
v 8.25 		3.389 		7.176
v 8.25 		3.589 		6.826
v 8 		3.589 		6.826
v 8.25 		3.638 		6.787
v 8 		3.638 		6.787
v 8.25 		3.773 		6.87
v 8 		3.773 		6.87
v 8.25 		3.873 		6.792
v 8 		3.873 		6.792
v 8 		3.822 		6.831
v 8.25 		3.822 		6.831
v 8.25 		-7.997 		3.107
v 8.25 		-8 		3.106
v 8.25 		-7.998 		3.106
v 8.25 		3.626 		6.986
v 8 		3.626 		6.986
v 8.25 		3.675 		6.947
v 8 		3.675 		6.947
v 8 		3.723 		6.908
v 8.25 		3.723 		6.908
v 8.25 		3.943 		6.55
v 8 		3.943 		6.55
v 8.25 		3.892 		6.59
v 8.25 		3.84 		6.629
v 8 		3.84 		6.629
v 8 		3.892 		6.59
v 8.25 		3.789 		6.669
v 8.25 		3.738 		6.708
v 8 		3.738 		6.708
v 8 		3.789 		6.669
v 8.25 		3.688 		6.747
v 8 		3.688 		6.747
v 8.25 		4.025 		6.674
v 8 		4.025 		6.674
v 8 		4.076 		6.634
v 8.25 		4.076 		6.634
v 8.25 		3.923 		6.753
v 8 		3.923 		6.752
v 8.25 		3.974 		6.713
v 8.25 		3.539 		6.865
v 8 		3.539 		6.865
v 8.25 		3.491 		6.903
v 8 		3.491 		6.903
v 8.25 		3.442 		6.942
v 8.25 		3.394 		6.98
v 8 		3.394 		6.98
v 8 		3.442 		6.942
v 8.25 		3.346 		7.019
v 8 		3.346 		7.019
v 8.25 		3.069 		7.245
v 8 		3.069 		7.245
v 8.25 		3.024 		7.283
v 8.25 		2.98 		7.319
v 8 		2.98 		7.319
v 8 		3.024 		7.283
v 8.25 		2.892 		7.393
v 8.25 		2.806 		7.465
v 8 		2.806 		7.465
v 8 		2.892 		7.393
v 8.25 		-7.872 		3.029
v 8.25 		3.031 		7.473
v 8 		3.031 		7.473
v 8 		2.945 		7.545
v 8.25 		2.945 		7.545
v 8.25 		1.814 		8.347
v 8 		1.814 		8.347
v 8.25 		1.869 		8.506
v 8 		1.869 		8.506
v 8 		1.84 		8.533
v 8.25 		1.84 		8.533
v 8.25 		1.959 		8.422
v 8 		1.959 		8.422
v 8 		1.928 		8.45
v 8.25 		1.928 		8.45
v 8.25 		2.021 		8.364
v 8 		2.021 		8.364
v 8 		1.898 		8.478
v 8.25 		1.898 		8.478
v 8 		1.989 		8.393
v 8.25 		1.989 		8.393
v 8.25 		1.724 		8.432
v 8.25 		1.695 		8.459
v 8 		1.695 		8.459
v 8 		1.724 		8.432
v 8.25 		1.784 		8.376
v 8 		1.784 		8.376
v 8.25 		1.639 		8.513
v 8.25 		1.611 		8.539
v 8 		1.611 		8.539
v 8 		1.639 		8.513
v 8.25 		2.04 		8.139
v 8.25 		2.007 		8.169
v 8 		2.007 		8.169
v 8 		2.04 		8.139
v 8.25 		0.825 		15.344
v 8.25 		1.973 		8.2
v 8 		1.973 		8.2
v 8.25 		1.941 		8.23
v 8.25 		1.908 		8.26
v 8 		1.908 		8.26
v 8 		1.941 		8.23
v 8.25 		0.825 		9.189
v 8.25 		1.877 		8.289
v 8.25 		1.845 		8.318
v 8 		1.845 		8.318
v 8 		1.877 		8.289
v 8.25 		0.812 		9.176
v 8.25 		0.785 		9.148
v 8.25 		0.806 		9.169
v 8.25 		0.77 		9.133
v 8.25 		0.778 		9.14
v 8.25 		4.048 		6.47
v 8 		4.048 		6.47
v 8.25 		3.996 		6.51
v 8 		3.996 		6.51
v 8.25 		0.732 		9.094
v 8.25 		0.763 		9.125
v 8.25 		0.839 		8.98
v 8.25 		0.864 		9.006
v 8.25 		0.847 		8.989
v 8.25 		0.872 		9.015
v 8 		-7.938 		3.134
v 8 		-7.943 		3.131
v 8 		-7.948 		3.129
v 8.25 		0.803 		8.944
v 8 		-7.952 		3.127
v 8 		-7.957 		3.125
v 8.25 		0.784 		8.925
v 8 		-7.965 		3.121
v 8 		-7.969 		3.12
v 8.25 		0.793 		8.935
v 8 		-7.972 		3.118
v 8 		-7.976 		3.117
v 8 		-7.979 		3.115
v 8 		-7.982 		3.114
v 8.25 		0.645 		9.006
v 8.25 		0.636 		8.997
v 8 		-7.991 		3.11
v 8.25 		0.69 		9.051
v 8.25 		0.724 		9.085
v 8.25 		0.655 		9.015
v 8 		-7.995 		3.108
v 8 		-7.996 		3.107
v 8.25 		0.617 		8.977
v 8 		-7.984 		3.113
v 8.25 		0.682 		9.042
v 8 		-7.989 		3.11
v 8 		-7.987 		3.111
v 8.25 		0.597 		8.958
v 8.25 		0.535 		8.896
v 8.25 		0.577 		8.938
v 8.25 		0.557 		8.917
v 8.25 		0.545 		8.689
v 8.25 		0.593 		8.736
v 8.25 		0.569 		8.713
v 8.25 		0.639 		8.781
v 8.25 		0.616 		8.759
v 8 		-7.997 		3.107
v 8.25 		0.683 		8.824
v 8.25 		0.661 		8.803
v 8 		-7.998 		3.106
v 8 		-8 		3.106
v 8 		-7.9689 		3.072
v 8.25 		0.492 		8.853
v 8.25 		0.495 		8.641
v 8.25 		0.443 		8.591
v 8.25 		1.236 		15.344
v 8.25 		0.469 		8.831
v 8.25 		9.787 		3.203
v 8.25 		9.777 		3.208
v 8.25 		0.398 		8.762
v 8.25 		9.768 		3.212
v 8.25 		0.446 		8.808
v 8.25 		9.758 		3.217
v 8.25 		9.748 		3.221
v 8.25 		0.216 		8.587
v 8.25 		9.996 		3.107
v 8.25 		9.995 		3.108
v 8.25 		9.991 		3.11
v 8.25 		9.989 		3.11
v 8.25 		0.349 		8.714
v 8.25 		0.374 		8.738
v 8.25 		9.987 		3.111
v 8.25 		9.984 		3.113
v 8.25 		10 		3.106
v 8.25 		0.271 		8.639
v 8.25 		9.998 		3.106
v 8.25 		9.984 		3.0885
v 8.25 		9.997 		3.107
v 8.25 		0.244 		8.613
v 8.25 		9.877 		3.162
v 8.25 		9.869 		3.165
v 8.25 		9.916 		3.144
v 8.25 		9.933 		3.136
v 8.25 		9.927 		3.138
v 8 		1.236 		15.344
v 8.25 		9.922 		3.141
v 8.25 		0.305 		8.459
v 8.25 		0.276 		8.432
v 8.25 		9.91 		3.146
v 8.25 		9.904 		3.149
v 8.25 		9.897 		3.152
v 8.25 		9.891 		3.155
v 8.25 		9.884 		3.158
v 8 		9.787 		3.203
v 8.25 		9.862 		3.168
v 8.25 		0.389 		8.539
v 8.25 		0.361 		8.513
v 8 		9.768 		3.212
v 8 		9.777 		3.208
v 8 		9.748 		3.221
v 8 		9.758 		3.217
v 8.25 		9.982 		3.114
v 8.25 		9.979 		3.115
v 8.25 		9.976 		3.117
v 8.25 		9.972 		3.118
v 8.25 		0.186 		8.347
v 8.25 		9.969 		3.12
v 8.25 		9.965 		3.121
v 8.25 		0.216 		8.376
v 8 		9.991 		3.11
v 8 		9.995 		3.108
v 8.25 		9.957 		3.125
v 8 		9.996 		3.107
v 8.25 		9.952 		3.127
v 8 		9.989 		3.11
v 8.25 		9.948 		3.129
v 8 		9.987 		3.111
v 8.25 		9.943 		3.131
v 8.25 		0.131 		8.506
v 8.25 		0.16 		8.533
v 8.25 		9.938 		3.134
v 8.25 		0.041 		8.422
v 8.25 		0.072 		8.45
v 8 		10 		3.106
v 8 		9.998 		3.106
v 8 		9.997 		3.107
v 8.25 		0.102 		8.478
v 8.25 		0.011 		8.393
v 8.25 		0.027 		8.2
v 8.25 		0.092 		8.26
v 8.25 		0.059 		8.23
v 8.25 		0.155 		8.318
v 8.25 		0.123 		8.289
v 8.25 		-0.007 		8.169
v 8.25 		-0.04 		8.139
v 8.25 		-0.322 		8.089
v 8.25 		-0.252 		8.153
v 8.25 		-0.217 		8.184
v 8.25 		-0.183 		8.215
# 1757 vertices

g group_11_10988977

usemtl color_10988977
s 0

f 2753 	2751 	2752
f 2753 	2752 	2754
f 2755 	2756 	2757
f 2755 	2757 	2758
f 2759 	2760 	2761
f 2759 	2761 	2762
f 2750 	4452 	2763
f 2764 	2765 	2766
f 2764 	2766 	2767
f 2762 	2761 	2756
f 2762 	2756 	2755
f 2776 	3982 	2775
f 2774 	2777 	2778
f 2772 	2771 	2782
f 2772 	2782 	2783
f 2786 	2787 	2785
f 2769 	4014 	2768
f 2768 	4014 	2785
f 2775 	3973 	2769
f 2781 	3994 	2776
f 2814 	2784 	2788
f 2790 	2814 	2789
f 2791 	2812 	2790
f 2779 	2807 	4505
f 2788 	2789 	2814
f 2792 	2806 	2791
f 2796 	2792 	2795
f 2794 	2795 	2792
f 2780 	2779 	2798
f 2780 	2798 	2799
f 2800 	2801 	2803
f 2800 	2803 	2805
f 2804 	2773 	2802
f 2770 	2802 	2773
f 2793 	2794 	2792
f 2760 	2759 	2798
f 2799 	2798 	2759
f 2808 	4502 	4506
f 2752 	4506 	4502
f 4502 	4501 	2752
f 4501 	4496 	2752
f 4496 	4498 	2754
f 2814 	2790 	2812
f 2812 	2791 	2806
f 2810 	2809 	2801
f 2810 	2801 	2800
f 2796 	2806 	2792
f 2787 	2788 	2784
f 2784 	2785 	2787
f 2818 	2819 	2820
f 2818 	2820 	2825
f 3164 	2824 	2826
f 2827 	2817 	2823
f 2827 	2823 	2829
f 2813 	2830 	2811
f 2828 	2811 	2830
f 2807 	2808 	4506
f 4506 	4505 	2807
f 2834 	2835 	2836
f 2834 	2836 	2837
f 2815 	2827 	2829
f 2815 	2829 	2816
f 2760 	2798 	4503
f 2798 	2779 	4504
f 4504 	4503 	2798
f 2839 	3024 	2841
f 2792 	2850 	2793
f 2832 	2850 	2831
f 2822 	2831 	2850
f 2856 	2821 	2851
f 2861 	2872 	2857
f 2835 	2839 	2841
f 2835 	2841 	2836
f 2837 	2813 	2834
f 2811 	2834 	2813
f 2843 	2758 	2844
f 2757 	2844 	2758
f 2851 	2822 	2850
f 2832 	2793 	2850
f 2956 	2960 	2870
f 4468 	4465 	3092
f 2898 	2885 	2833
f 2869 	2862 	2833
f 2862 	2965 	4005
f 2855 	2823 	2854
f 2817 	2854 	2823
f 2857 	2821 	2856
f 2819 	2828 	2830
f 2819 	2830 	2820
f 2858 	2859 	2847
f 2858 	2847 	2842
f 2863 	2936 	2861
f 2802 	2818 	2825
f 2802 	2825 	2804
f 2880 	2926 	2866
f 2865 	2864 	2859
f 2865 	2859 	2858
f 2950 	2934 	2849
f 2848 	2849 	2934
f 4505 	4504 	2779
f 2761 	2760 	4503
f 4503 	2816 	2761
f 2816 	2829 	2756
f 2829 	2823 	2756
f 2757 	2756 	2823
f 2757 	2855 	2844
f 2870 	4425 	2945
f 2944 	2945 	4425
f 2853 	2870 	2960
f 2945 	2956 	2870
f 2822 	2851 	2821
f 2821 	2857 	2872
f 2854 	2860 	2867
f 2854 	2867 	2855
f 2849 	3996 	2953
f 2876 	2877 	2879
f 2876 	2879 	2881
f 2884 	2886 	2888
f 2884 	2888 	2890
f 2887 	2889 	2891
f 2887 	2891 	2892
f 2847 	2896 	2897
f 2847 	2897 	2842
f 2965 	2953 	4005
f 3065 	3062 	4451
f 3062 	3098 	4451
f 2890 	2888 	3034
f 2897 	2896 	2903
f 2897 	2903 	2905
f 4450 	4451 	3098
f 2867 	2844 	2855
f 2823 	2855 	2757
f 2900 	2899 	2889
f 2900 	2889 	2887
f 2905 	2903 	2875
f 2905 	2875 	2874
f 4481 	4483 	3098
f 2907 	2908 	2909
f 2907 	2909 	2910
f 2892 	2891 	2877
f 2892 	2877 	2876
f 2882 	2878 	2833
f 3996 	4005 	2953
f 2953 	2950 	2849
f 2906 	2898 	2833
f 2885 	2882 	2833
f 2919 	2894 	2918
f 2920 	2894 	2919
f 2867 	2916 	2844
f 2881 	2879 	2873
f 2881 	2873 	2871
f 2914 	2922 	2924
f 2914 	2924 	2915
f 4466 	4461 	3140
f 2917 	2843 	2916
f 2844 	2916 	2843
f 2927 	2866 	2926
f 2926 	2880 	2920
f 2867 	2990 	2916
f 2928 	2929 	2930
f 2928 	2930 	2931
f 2917 	2916 	2908
f 2917 	2908 	2907
f 2922 	2932 	2933
f 2922 	2933 	2924
f 4479 	4481 	3098
f 4475 	4479 	3098
f 4488 	4450 	3098
f 2883 	2893 	4460
f 2935 	2937 	2939
f 2935 	2939 	2942
f 2886 	2884 	2909
f 2910 	2909 	2884
f 2923 	2840 	4461
f 2840 	3140 	4461
f 2951 	2952 	2975
f 2872 	2861 	2936
f 2936 	2863 	2927
f 2866 	2927 	2863
f 2894 	2920 	2880
f 2894 	2966 	2918
f 2913 	2918 	2967
f 2966 	2967 	2918
f 2947 	2948 	2949
f 2947 	2949 	2957
f 2921 	2923 	4461
f 4461 	2848 	2921
f 2932 	2943 	2946
f 2932 	2946 	2933
f 2986 	2883 	4462
f 2959 	2962 	2955
f 2959 	2955 	2954
f 3002 	2999 	3004
f 2963 	2964 	2968
f 2963 	2968 	2970
f 2969 	2971 	2941
f 2969 	2941 	2938
f 2940 	2921 	2848
f 2934 	2940 	2848
f 2875 	2972 	2974
f 2888 	2886 	2952
f 2954 	2888 	2952
f 4460 	4447 	2883
f 2978 	2871 	2976
f 2873 	2976 	2871
f 2992 	3009 	3028
f 2974 	2972 	2981
f 2974 	2981 	2982
f 2978 	2976 	2985
f 2978 	2985 	2987
f 2980 	3310 	2979
f 2962 	2969 	2938
f 2962 	2938 	2955
f 2987 	2985 	2964
f 2987 	2964 	2963
f 2951 	2959 	2954
f 2951 	2954 	2952
f 4453 	4449 	3076
f 4451 	4453 	3076
f 4447 	4448 	2883
f 3076 	3065 	4451
f 4448 	4462 	2883
f 2970 	2968 	2948
f 2970 	2948 	2947
f 2981 	2994 	2995
f 2981 	2995 	2982
f 2979 	3312 	2984
f 4441 	4444 	3607
f 2990 	2867 	2993
f 2860 	2993 	2867
f 2909 	2908 	2990
f 2909 	2975 	2886
f 2908 	2916 	2990
f 2975 	2909 	2990
f 2952 	2886 	2975
f 2957 	2949 	2937
f 2957 	2937 	2935
f 2995 	2994 	2989
f 2995 	2989 	2988
f 3000 	2951 	2975
f 2997 	3333 	2996
f 2942 	2939 	2929
f 2942 	2929 	2928
f 3003 	4467 	3124
f 3089 	3124 	4467
f 2961 	2983 	3013
f 3013 	3014 	2961
f 3014 	2901 	2958
f 2958 	2961 	3014
f 2993 	3000 	2975
f 2993 	2975 	2990
f 2839 	3021 	3024
f 3022 	3015 	3012
f 3022 	3012 	3027
f 3026 	2988 	3019
f 2989 	3019 	2988
f 3029 	3030 	3031
f 3029 	3031 	3032
f 3026 	3019 	3011
f 3026 	3011 	3010
f 3034 	2999 	3002
f 3034 	3002 	3038
f 3036 	3039 	3040
f 3036 	3040 	3041
f 2999 	2888 	2938
f 2954 	2955 	2888
f 2955 	2938 	2888
f 2938 	2941 	2999
f 2941 	3004 	2999
f 3004 	3079 	3002
f 3015 	3002 	3079
f 3042 	3043 	3044
f 3042 	3044 	3046
f 3025 	3045 	3023
f 3017 	3023 	3045
f 3028 	3051 	2992
f 2991 	2992 	3051
f 2983 	3028 	3009
f 3009 	3013 	2983
f 2913 	2967 	2901
f 2967 	2958 	2901
f 3038 	3002 	3015
f 3038 	3015 	3022
f 2998 	2991 	3052
f 3051 	3052 	2991
f 3049 	3972 	3054
f 3041 	2826 	3036
f 2824 	3036 	2826
f 2888 	2999 	3034
f 3043 	3049 	3054
f 3043 	3054 	3044
f 3006 	3149 	3018
f 3059 	3142 	3058
f 3052 	3058 	2998
f 3060 	3063 	3066
f 3060 	3066 	3067
f 3069 	3097 	3004
f 3030 	3042 	3046
f 3030 	3046 	3031
f 3176 	3177 	3077
f 3057 	3047 	3170
f 3170 	3047 	3147
f 3018 	3147 	3047
f 3053 	3012 	3064
f 3063 	3073 	3074
f 3063 	3074 	3066
f 3075 	2753 	3059
f 3021 	3029 	3032
f 3021 	3032 	3024
f 3004 	2941 	3069
f 2971 	3069 	2941
f 3078 	3169 	3077
f 3169 	3176 	3077
f 3061 	3064 	3015
f 3012 	3015 	3064
f 3079 	3061 	3015
f 3081 	2751 	3080
f 3067 	3040 	3060
f 3039 	3060 	3040
f 3056 	3057 	3171
f 3071 	3056 	3160
f 3160 	3163 	3071
f 3152 	3317 	3070
f 3317 	3310 	3070
f 3108 	3114 	3139
f 3086 	2914 	2915
f 3086 	2915 	3088
f 3090 	3091 	3220
f 3085 	3084 	3053
f 3012 	3053 	3084
f 3072 	3077 	3177
f 3068 	3072 	3181
f 3181 	3183 	3068
f 2996 	3333 	3078
f 3097 	3079 	3004
f 3088 	3074 	3086
f 3073 	3086 	3074
f 3108 	2780 	3100
f 3007 	3001 	3178
f 3105 	3227 	3091
f 3220 	3091 	3227
f 3106 	3107 	3064
f 3106 	3064 	3061
f 2780 	2799 	3100
f 2974 	2874 	2875
f 3104 	3096 	3001
f 3096 	3178 	3001
f 3202 	3053 	3111
f 3113 	3099 	3172
f 2751 	3081 	3114
f 3115 	3116 	3118
f 3115 	3118 	3120
f 3138 	3101 	4431
f 3137 	3138 	3016
f 3107 	3111 	3053
f 3107 	3053 	3064
f 3172 	3134 	3113
f 3087 	3139 	3114
f 3001 	3003 	3103
f 3116 	3125 	3126
f 3116 	3126 	3118
f 3097 	3106 	3061
f 3097 	3061 	3079
f 3227 	3105 	3082
f 4430 	4431 	3102
f 3112 	3103 	3003
f 3117 	3110 	3003
f 3110 	3112 	3003
f 3130 	3131 	3133
f 3130 	3133 	3135
f 3102 	3143 	4428
f 3131 	3153 	3133
f 3143 	3150 	4426
f 4425 	4426 	3150
f 4426 	4428 	3143
f 3092 	3089 	4467
f 3124 	3117 	3003
f 3103 	3104 	3001
f 3125 	3130 	3135
f 3125 	3135 	3126
f 3145 	3094 	3093
f 3145 	3093 	3146
f 2780 	3108 	3139
f 3087 	3114 	3081
f 3075 	3080 	2751
f 3075 	2751 	2753
f 3142 	3059 	2753
f 2998 	3058 	3142
f 3141 	3085 	3053
f 3134 	3093 	3123
f 3123 	3113 	3134
f 3122 	3094 	3141
f 3122 	3123 	3093
f 3093 	3094 	3122
f 3085 	3141 	3094
f 3148 	3084 	3085
f 3148 	3085 	3151
f 3101 	3102 	4431
f 3150 	2838 	4425
f 4428 	4430 	3102
f 2838 	2944 	4425
f 4431 	3016 	3138
f 3128 	3137 	3016
f 3153 	3154 	3155
f 3153 	3155 	3157
f 3162 	3045 	3156
f 3154 	3164 	3166
f 3154 	3166 	3155
f 3167 	3168 	3241
f 2827 	2815 	2755
f 3160 	3056 	3171
f 3163 	3152 	3071
f 3070 	3071 	3152
f 3151 	3085 	3094
f 3151 	3094 	3145
f 2755 	2758 	2817
f 2817 	2827 	2755
f 2758 	2843 	2854
f 2854 	2817 	2758
f 3147 	3018 	3149
f 3170 	3171 	3057
f 3153 	3157 	3133
f 3055 	3068 	3183
f 3177 	3181 	3072
f 2826 	3166 	3164
f 3179 	3180 	3251
f 3012 	3084 	3148
f 3012 	3148 	3027
f 2815 	3095 	2762
f 3025 	3033 	3045
f 3033 	3055 	3045
f 3183 	3045 	3055
f 3165 	3161 	3099
f 3172 	3099 	3161
f 3182 	3165 	3099
f 3174 	3006 	3178
f 3174 	3149 	3006
f 3006 	3007 	3178
f 3194 	2805 	3193
f 2803 	3193 	2805
f 3146 	3093 	3134
f 3146 	3134 	3132
f 3183 	3156 	3045
f 3184 	3045 	3162
f 3261 	3099 	3187
f 2865 	3186 	2864
f 3188 	2864 	3186
f 3251 	3180 	3173
f 3045 	3184 	3191
f 3109 	3045 	3191
f 3194 	3193 	3188
f 3194 	3188 	3186
f 2759 	2762 	3095
f 2799 	2759 	3095
f 3095 	3100 	2799
f 3205 	3187 	3099
f 3205 	3099 	3113
f 2860 	2854 	2843
f 3198 	3199 	3200
f 3198 	3200 	3201
f 3202 	3141 	3053
f 3241 	3168 	3158
f 3203 	3204 	3123
f 3203 	3123 	3122
f 2762 	2755 	2815
f 2860 	2917 	2993
f 3196 	3198 	3201
f 3196 	3201 	3197
f 2890 	2951 	2884
f 2843 	2917 	2860
f 3204 	3205 	3113
f 3204 	3113 	3123
f 3206 	3207 	3208
f 3206 	3208 	3209
f 3000 	2993 	2910
f 3202 	3203 	3122
f 3202 	3122 	3141
f 3082 	3083 	3211
f 3210 	3211 	3083
f 3212 	3213 	3214
f 3212 	3214 	3215
f 3216 	3090 	3220
f 3217 	3218 	3219
f 3217 	3219 	3221
f 3222 	3182 	3229
f 2959 	2890 	2962
f 2930 	3090 	3216
f 3225 	3161 	3165
f 3225 	3165 	3226
f 2969 	3034 	2971
f 3224 	3223 	3218
f 3224 	3218 	3217
f 2951 	2890 	2959
f 3226 	3165 	3182
f 3226 	3182 	3222
f 3221 	3219 	3213
f 3221 	3213 	3212
f 3216 	2931 	2930
f 3228 	3132 	3172
f 3134 	3172 	3132
f 3215 	3214 	3207
f 3215 	3207 	3206
f 3211 	3227 	3082
f 3161 	3225 	3172
f 3228 	3172 	3225
f 2907 	2910 	2993
f 2907 	2993 	2917
f 2910 	2884 	3000
f 2951 	3000 	2884
f 3034 	2969 	2890
f 3229 	3190 	3189
f 3229 	3189 	3230
f 3182 	3190 	3229
f 3233 	3234 	3235
f 3233 	3235 	3236
f 3230 	3189 	3195
f 3230 	3195 	3237
f 3238 	3158 	3159
f 3238 	3159 	3239
f 3234 	3196 	3197
f 3234 	3197 	3235
f 3022 	3097 	3038
f 3027 	3107 	3022
f 2971 	3034 	3069
f 3038 	3069 	3034
f 2962 	2890 	2969
f 3240 	3167 	3241
f 3231 	3233 	3236
f 3231 	3236 	3232
f 3244 	3173 	3175
f 3244 	3175 	3245
f 3246 	3247 	3248
f 3246 	3248 	3249
f 3027 	3148 	3111
f 3224 	3672 	3223
f 3572 	3223 	3672
f 3250 	3179 	3251
f 3247 	3339 	3248
f 3106 	3022 	3107
f 3111 	3107 	3027
f 3301 	3302 	2984
f 3312 	3301 	2984
f 3190 	3182 	3262
f 3099 	3262 	3182
f 3255 	3200 	3252
f 3199 	3252 	3200
f 3097 	3022 	3106
f 3069 	3038 	3097
f 3083 	3179 	3250
f 3210 	3083 	3250
f 3242 	3246 	3249
f 3242 	3249 	3243
f 3722 	3723 	3050
f 3256 	3762 	3259
f 3192 	2984 	3302
f 3261 	3262 	3099
f 3173 	3244 	3251
f 3252 	3256 	3259
f 3252 	3259 	3255
f 3151 	3145 	3202
f 3146 	3203 	3145
f 3729 	3062 	3065
f 3269 	3242 	3243
f 3269 	3243 	3270
f 3185 	3192 	3288
f 3302 	3288 	3192
f 3263 	3264 	3265
f 3263 	3265 	3266
f 3167 	3240 	3175
f 3245 	3175 	3240
f 3261 	3267 	3268
f 3261 	3268 	3262
f 3205 	3204 	3132
f 3158 	3238 	3241
f 3254 	3318 	3257
f 3272 	3315 	3254
f 3267 	3269 	3270
f 3267 	3270 	3268
f 3729 	3065 	3076
f 3303 	3297 	3248
f 3600 	3603 	3404
f 3309 	3314 	3274
f 3318 	3324 	3257
f 3249 	3248 	3297
f 3279 	3281 	3282
f 3279 	3282 	3284
f 3054 	3972 	3280
f 3202 	3111 	3151
f 3146 	3132 	3204
f 3205 	3228 	3187
f 3257 	3324 	3005
f 3283 	3285 	3286
f 3283 	3286 	3287
f 3340 	3341 	3488
f 3350 	3345 	3486
f 3290 	3292 	3293
f 3290 	3293 	3294
f 3050 	3098 	3722
f 3300 	3514 	3304
f 3295 	3297 	3303
f 3295 	3303 	3306
f 3243 	3249 	3313
f 3313 	3195 	3243
f 3297 	3313 	3249
f 3270 	3243 	3195
f 3195 	3189 	3270
f 3189 	3190 	3268
f 3262 	3268 	3190
f 3490 	3488 	3341
f 3292 	3300 	3304
f 3292 	3304 	3293
f 3228 	3205 	3132
f 3203 	3202 	3145
f 3204 	3203 	3146
f 3148 	3151 	3111
f 3311 	3313 	3297
f 3311 	3297 	3295
f 3281 	3290 	3294
f 3281 	3294 	3282
f 3268 	3270 	3189
f 3288 	3289 	3185
f 3253 	3185 	3289
f 3289 	3291 	3253
f 2980 	3070 	3310
f 3310 	3312 	2979
f 3228 	3225 	3187
f 3279 	3284 	3544
f 3311 	3237 	3313
f 3195 	3313 	3237
f 3318 	3254 	3315
f 3315 	3272 	3314
f 3326 	3005 	3324
f 3272 	3274 	3314
f 3321 	3323 	3327
f 3321 	3327 	3328
f 3306 	3303 	3285
f 3306 	3285 	3283
f 3226 	3187 	3225
f 3222 	3187 	3226
f 3287 	3286 	3277
f 3287 	3277 	3276
f 3320 	3449 	3537
f 3230 	3237 	3269
f 3333 	2997 	3332
f 3332 	3005 	3326
f 3309 	3274 	3305
f 3329 	3342 	3322
f 3334 	3359 	3322
f 3319 	3336 	3337
f 3246 	3242 	3311
f 3169 	3078 	3338
f 3338 	3078 	3333
f 3005 	3332 	2997
f 3337 	3336 	3331
f 3337 	3331 	3330
f 2777 	3692 	2778
f 3291 	3278 	3260
f 3334 	3322 	3342
f 3271 	3496 	3258
f 3273 	3271 	3258
f 3258 	3260 	3273
f 3278 	3273 	3260
f 3237 	3311 	3242
f 3339 	3342 	3329
f 3607 	4444 	3686
f 3351 	3352 	3355
f 3351 	3355 	3356
f 3248 	3339 	3329
f 3229 	3230 	3267
f 3285 	3303 	3329
f 3248 	3329 	3303
f 3286 	3285 	3329
f 3329 	3322 	3286
f 3322 	3363 	3277
f 3277 	3286 	3322
f 3008 	3692 	2777
f 3246 	3295 	3247
f 3359 	3360 	3361
f 3359 	3361 	3363
f 3489 	3483 	3346
f 3496 	3490 	3341
f 3341 	3258 	3496
f 3358 	3330 	3357
f 3331 	3357 	3330
f 3364 	3445 	3362
f 3358 	3357 	3352
f 3358 	3352 	3351
f 3360 	3364 	3362
f 3360 	3362 	3361
f 3361 	3368 	3363
f 3368 	3277 	3363
f 3356 	3355 	3323
f 3356 	3323 	3321
f 3242 	3269 	3237
f 3269 	3267 	3230
f 3267 	3261 	3229
f 3222 	3229 	3261
f 3261 	3187 	3222
f 3359 	3363 	3322
f 3264 	3263 	3327
f 3328 	3327 	3263
f 3048 	3050 	3723
f 3370 	3276 	3368
f 3277 	3368 	3276
f 3366 	3466 	3389
f 3365 	3366 	3389
f 3295 	3246 	3311
f 3306 	3247 	3295
f 3374 	3375 	3519
f 3368 	3361 	3372
f 3370 	3368 	3372
f 3370 	3372 	3376
f 3346 	3340 	3489
f 3488 	3489 	3340
f 3381 	3383 	3384
f 3381 	3384 	3385
f 3283 	3339 	3306
f 3386 	3388 	3448
f 3391 	3393 	3388
f 3391 	3388 	3386
f 3342 	3287 	3334
f 3374 	3381 	3385
f 3374 	3385 	3375
f 3339 	3283 	3342
f 3380 	3382 	3373
f 3373 	3369 	3380
f 3378 	3380 	3369
f 3369 	3365 	3378
f 3389 	3378 	3365
f 3397 	3398 	3393
f 3397 	3393 	3391
f 3399 	3400 	3401
f 3399 	3401 	3405
f 3372 	3387 	3407
f 3372 	3407 	3376
f 3414 	3417 	3582
f 3753 	3098 	3062
f 3390 	3493 	3443
f 3407 	3387 	3398
f 3407 	3398 	3397
f 3417 	3419 	3567
f 3452 	3567 	3419
f 3567 	3582 	3417
f 3098 	3753 	3722
f 3402 	3464 	3420
f 3400 	3413 	3415
f 3400 	3415 	3401
f 3037 	3048 	3723
f 3409 	3423 	3421
f 3409 	3421 	3390
f 3247 	3306 	3339
f 3287 	3342 	3283
f 3334 	3287 	3276
f 3370 	3359 	3276
f 3444 	3442 	3390
f 3443 	3444 	3390
f 3334 	3276 	3359
f 3432 	3436 	3430
f 3429 	3423 	3409
f 3429 	3409 	3408
f 3773 	3690 	3136
f 3359 	3370 	3360
f 3428 	3440 	3450
f 3433 	3428 	3450
f 3388 	3393 	3416
f 3422 	3416 	3393
f 3393 	3398 	3422
f 3431 	3422 	3398
f 3398 	3387 	3431
f 3362 	3431 	3387
f 3372 	3362 	3387
f 3362 	3372 	3361
f 3425 	3427 	3439
f 3438 	3430 	3436
f 3426 	3429 	3408
f 3426 	3408 	3416
f 3550 	3424 	3441
f 3436 	3432 	3419
f 3416 	3408 	3388
f 3445 	3431 	3362
f 3435 	3437 	3418
f 3376 	3360 	3370
f 3405 	3384 	3399
f 3383 	3399 	3384
f 3437 	3434 	3447
f 3447 	3418 	3437
f 3394 	3550 	3441
f 3452 	3419 	3432
f 3414 	3582 	3411
f 3410 	3411 	3583
f 3416 	3422 	3426
f 3451 	3426 	3422
f 3448 	3388 	3408
f 3408 	3409 	3448
f 3442 	3448 	3409
f 3409 	3390 	3442
f 3434 	3433 	3447
f 3446 	3447 	3433
f 3450 	3446 	3433
f 3449 	3450 	3440
f 3440 	3537 	3449
f 3319 	3320 	3539
f 3457 	3459 	3462
f 3457 	3462 	3463
f 3984 	3298 	3299
f 3445 	3451 	3422
f 3445 	3422 	3431
f 3418 	3420 	3435
f 3457 	3266 	3459
f 3265 	3459 	3266
f 3144 	3778 	3773
f 3144 	3773 	3136
f 3397 	3391 	3451
f 3307 	3308 	3993
f 3465 	3453 	3516
f 3464 	3402 	3469
f 3467 	3469 	3402
f 3464 	3435 	3420
f 3463 	3462 	3455
f 3463 	3455 	3454
f 3786 	2778 	3692
f 3470 	3444 	3443
f 3470 	3443 	3471
f 3402 	3335 	3467
f 3466 	3467 	3335
f 3335 	3389 	3466
f 3476 	3442 	3444
f 3476 	3444 	3470
f 3504 	3503 	3521
f 3468 	3513 	3474
f 3407 	3397 	3445
f 3451 	3445 	3397
f 3472 	3475 	3477
f 3472 	3477 	3480
f 3473 	3474 	3509
f 3455 	3484 	3485
f 3455 	3485 	3454
f 3460 	3502 	3458
f 3458 	3533 	3456
f 3371 	3373 	3382
f 3325 	4006 	3316
f 3997 	3316 	4006
f 3471 	3443 	3453
f 3471 	3453 	3465
f 3485 	3484 	3491
f 3485 	3491 	3492
f 3481 	3396 	3348
f 3520 	3498 	3518
f 3518 	3501 	3460
f 3394 	3456 	3549
f 3549 	3550 	3394
f 3448 	3494 	3386
f 3423 	3429 	3494
f 3386 	3494 	3429
f 3429 	3426 	3386
f 3391 	3386 	3426
f 3426 	3451 	3391
f 3445 	3364 	3407
f 3376 	3407 	3364
f 3364 	3360 	3376
f 3492 	3491 	3475
f 3492 	3475 	3472
f 3487 	3482 	3461
f 3495 	3461 	3482
f 3461 	3453 	3487
f 3453 	3443 	3493
f 3493 	3487 	3453
f 3486 	3481 	3349
f 3348 	3349 	3481
f 3396 	3371 	3348
f 3382 	3348 	3371
f 3345 	3346 	3483
f 3483 	3486 	3345
f 3349 	3350 	3486
f 3442 	3476 	3448
f 3494 	3448 	3476
f 3501 	3518 	3500
f 3502 	3460 	3501
f 3494 	3476 	3423
f 3011 	2946 	3508
f 3325 	3307 	4006
f 3993 	4006 	3307
f 3509 	3474 	3513
f 3495 	3509 	3507
f 3300 	3512 	3514
f 3470 	3421 	3476
f 3471 	3421 	3470
f 3516 	3563 	3465
f 3421 	3423 	3476
f 3453 	3461 	3516
f 3984 	3308 	3298
f 2946 	4369 	3508
f 3517 	3374 	3519
f 3516 	3461 	3495
f 3516 	3495 	3507
f 4459 	3505 	3506
f 3512 	3517 	3519
f 3512 	3519 	3514
f 3536 	3510 	3525
f 3525 	3510 	3523
f 3972 	3299 	3280
f 3526 	3542 	3545
f 3526 	3545 	3527
f 3498 	3523 	3497
f 3510 	3497 	3523
f 3500 	3518 	3498
f 3533 	3458 	3502
f 3520 	3523 	3498
f 3525 	3343 	3536
f 3524 	3532 	3474
f 3524 	3474 	3473
f 3316 	3997 	3347
f 3536 	3537 	3440
f 3538 	3526 	3527
f 3538 	3527 	3539
f 3354 	4025 	3353
f 4027 	3353 	4025
f 3614 	3468 	3541
f 3542 	3543 	3544
f 3542 	3544 	3545
f 3543 	3279 	3544
f 3532 	3541 	3468
f 3532 	3468 	3474
f 3549 	3456 	3548
f 3533 	3548 	3456
f 4065 	3403 	3367
f 3720 	3676 	3673
f 3493 	3390 	3553
f 3421 	3553 	3390
f 3536 	3538 	3539
f 3536 	3539 	3537
f 3535 	3521 	3503
f 3468 	3535 	3511
f 3503 	3511 	3535
f 3513 	3468 	3511
f 3482 	3473 	3495
f 3509 	3495 	3473
f 3531 	3504 	3521
f 3530 	3531 	3521
f 3530 	3521 	3577
f 3507 	3588 	3524
f 3532 	3524 	3588
f 3588 	3590 	3532
f 3377 	3379 	4042
f 3557 	3524 	3473
f 3557 	3473 	3482
f 3562 	3415 	3561
f 3413 	3561 	3415
f 3540 	3720 	3673
f 3563 	3557 	3482
f 3563 	3482 	3487
f 3425 	3441 	3424
f 3438 	3439 	3427
f 3427 	3430 	3438
f 3439 	3441 	3425
f 3507 	3524 	3557
f 3563 	3516 	3557
f 3577 	3564 	3530
f 3553 	3563 	3487
f 3553 	3487 	3493
f 3566 	3919 	3568
f 3560 	3671 	3555
f 3574 	3531 	3530
f 3574 	3530 	3571
f 3421 	3471 	3553
f 3471 	3465 	3553
f 3563 	3553 	3465
f 3507 	3557 	3516
f 3575 	3576 	3578
f 3575 	3578 	3580
f 3581 	3503 	3504
f 3581 	3504 	3584
f 3554 	3555 	3585
f 3673 	3674 	3540
f 3572 	3554 	3585
f 3660 	3636 	3569
f 3573 	3569 	3636
f 3601 	3614 	3581
f 3547 	3505 	4459
f 4325 	3587 	3586
f 4068 	4054 	3412
f 3583 	3411 	3582
f 3593 	3595 	3596
f 3593 	3596 	3597
f 3629 	3631 	3611
f 3584 	3504 	3531
f 3584 	3531 	3574
f 3600 	3404 	3599
f 4065 	4068 	3412
f 4065 	3412 	3403
f 3590 	3513 	3511
f 3590 	3511 	3591
f 3609 	3586 	3608
f 3587 	3608 	3586
f 4042 	3392 	3377
f 3605 	3606 	3595
f 3605 	3595 	3593
f 3620 	3667 	3602
f 3592 	3620 	3602
f 3588 	3509 	3513
f 3588 	3513 	3590
f 3275 	3404 	3603
f 3296 	3275 	3603
f 3305 	3275 	3296
f 3598 	3599 	3406
f 3406 	3410 	3598
f 3583 	3598 	3410
f 3406 	3599 	3404
f 3275 	3305 	3274
f 4027 	3379 	3353
f 3503 	3581 	3511
f 3591 	3511 	3581
f 3609 	3608 	3606
f 3609 	3606 	3605
f 3584 	3574 	3601
f 3581 	3584 	3601
f 3574 	3571 	3601
f 3650 	3601 	3571
f 3591 	3581 	3614
f 3614 	3541 	3591
f 3590 	3591 	3541
f 3541 	3532 	3590
f 3354 	3347 	4025
f 3617 	3618 	4485
f 3575 	3597 	3596
f 3575 	3596 	3576
f 3588 	3507 	3509
f 3613 	3619 	4368
f 4370 	4368 	3619
f 4370 	3619 	4292
f 3529 	3562 	3534
f 3623 	3625 	4481
f 3577 	3521 	3650
f 3562 	3610 	3626
f 3534 	3562 	3626
f 3632 	3633 	4475
f 3614 	3535 	3468
f 3640 	3656 	3634
f 4471 	3638 	3639
f 4471 	3639 	4472
f 3579 	3573 	3636
f 3636 	3559 	3579
f 3577 	3579 	3559
f 3559 	3558 	3577
f 3564 	3577 	3558
f 3601 	3650 	3521
f 3688 	3689 	3718
f 3709 	3689 	3708
f 3708 	3561 	3642
f 3650 	3622 	3648
f 3647 	3649 	4470
f 3614 	3601 	3521
f 3614 	3521 	3535
f 3646 	3662 	3645
f 3569 	3645 	3660
f 3621 	3558 	3559
f 3621 	3559 	3622
f 3657 	3647 	4440
f 3594 	3589 	3615
f 3615 	3620 	3594
f 3592 	3594 	3620
f 3616 	3615 	3589
f 3589 	3629 	3616
f 3611 	3616 	3629
f 3610 	3611 	3631
f 3631 	3624 	3610
f 3624 	3626 	3610
f 3638 	4471 	3649
f 4470 	3649 	4471
f 3622 	3559 	3636
f 3622 	3636 	3656
f 3628 	3571 	3564
f 3530 	3564 	3571
f 3675 	3746 	3665
f 3661 	3669 	3747
f 4472 	3639 	3632
f 3585 	3555 	3671
f 3666 	3672 	3675
f 3665 	3666 	3675
f 3231 	3675 	3672
f 3558 	3621 	3564
f 3628 	3564 	3621
f 3560 	3551 	3670
f 3670 	3671 	3560
f 4475 	3633 	3623
f 3640 	3634 	3569
f 3746 	3747 	3669
f 3669 	3665 	3746
f 3604 	3602 	3667
f 4481 	3625 	3617
f 3634 	3683 	3569
f 3710 	3712 	3654
f 3652 	3654 	3712
f 4485 	3618 	3612
f 3650 	3648 	3579
f 3650 	3579 	3577
f 3678 	3694 	3677
f 3622 	3656 	3648
f 3571 	3628 	3650
f 3621 	3650 	3628
f 3622 	3650 	3621
f 3693 	3634 	3656
f 3870 	3871 	3654
f 3569 	3573 	3640
f 3683 	3698 	3681
f 3684 	3662 	3646
f 3660 	3645 	3662
f 3648 	3640 	3573
f 3648 	3573 	3579
f 3652 	3712 	3644
f 3634 	3693 	3683
f 3640 	3648 	3656
f 4423 	3644 	3701
f 3008 	3690 	3692
f 3683 	3681 	3646
f 3683 	3646 	3645
f 3707 	3740 	3705
f 3705 	3681 	3698
f 3698 	3683 	3693
f 3144 	3020 	3700
f 3695 	3697 	3735
f 3745 	3735 	3697
f 3687 	3745 	3697
f 3683 	3645 	3569
f 3715 	3035 	3713
f 3037 	3713 	3035
f 3696 	3688 	3719
f 3718 	3719 	3688
f 3702 	3703 	3728
f 3710 	3654 	3871
f 3551 	3540 	3674
f 3674 	3670 	3551
f 3668 	3673 	3676
f 3676 	3604 	3668
f 3667 	3668 	3604
f 3712 	3701 	3644
f 3728 	3682 	3702
f 3717 	3702 	3682
f 3682 	3684 	3717
f 3711 	3717 	3684
f 3646 	3711 	3684
f 3698 	3662 	3705
f 3062 	3729 	3732
f 3707 	3748 	3733
f 3726 	3756 	3725
f 3208 	3200 	3734
f 3696 	3719 	3677
f 3680 	3699 	3679
f 3678 	3679 	3699
f 3699 	3694 	3678
f 3696 	3677 	3694
f 3709 	3718 	3689
f 3413 	3630 	3561
f 3636 	3660 	3693
f 3636 	3693 	3656
f 3743 	3705 	3740
f 3733 	3740 	3707
f 3742 	3076 	2925
f 3693 	3660 	3662
f 3693 	3662 	3698
f 3703 	3695 	3736
f 3736 	3728 	3703
f 3735 	3736 	3695
f 3745 	3687 	3765
f 2771 	3734 	3255
f 3200 	3255 	3734
f 3729 	3076 	3742
f 3736 	3748 	3728
f 3761 	3655 	3751
f 3751 	3741 	3754
f 3681 	3705 	3743
f 3731 	3733 	3748
f 3748 	3755 	3731
f 3705 	3684 	3682
f 3705 	3682 	3707
f 3753 	3062 	3732
f 3756 	3726 	3755
f 2771 	3259 	2782
f 2809 	2782 	3762
f 3662 	3684 	3705
f 3707 	3682 	3728
f 3707 	3728 	3748
f 3749 	3788 	3783
f 3743 	3740 	3717
f 3743 	3717 	3711
f 3714 	3725 	3764
f 3726 	3731 	3755
f 3764 	3725 	3756
f 3791 	3787 	3764
f 2801 	2809 	3762
f 3762 	3739 	2801
f 2803 	2801 	3739
f 3739 	3738 	2803
f 3738 	3120 	2803
f 3744 	3685 	3741
f 3750 	3751 	3655
f 3699 	3680 	3744
f 3680 	3685 	3744
f 3754 	3741 	3685
f 3761 	3751 	3754
f 3655 	3661 	3750
f 3747 	3750 	3661
f 3733 	3731 	3703
f 3733 	3703 	3702
f 3760 	3782 	3758
f 3757 	3758 	3772
f 3037 	3723 	3713
f 3726 	3725 	3697
f 3726 	3697 	3695
f 3715 	3700 	3035
f 3020 	3035 	3700
f 3797 	3798 	3785
f 3765 	3757 	3772
f 3783 	3784 	3749
f 3765 	3772 	3745
f 3008 	3136 	3690
f 3256 	3252 	2772
f 3209 	3767 	3199
f 3725 	3714 	3687
f 3725 	3687 	3697
f 3778 	3144 	3700
f 2864 	3155 	2859
f 3760 	3752 	3781
f 3781 	3782 	3760
f 3772 	3758 	3782
f 2847 	2859 	3166
f 4098 	3635 	3637
f 3731 	3726 	3695
f 3731 	3695 	3703
f 3166 	2826 	2847
f 3641 	3643 	4111
f 3777 	3791 	3775
f 3787 	3791 	3777
f 2810 	2800 	3804
f 3752 	3749 	3784
f 3784 	3781 	3752
f 3788 	3789 	3783
f 3776 	3783 	3789
f 3789 	3799 	3776
f 3774 	3776 	3799
f 3740 	3733 	3702
f 3740 	3702 	3717
f 2903 	2896 	3041
f 2826 	3041 	2896
f 3653 	4117 	3651
f 4118 	3651 	4117
f 3681 	3743 	3711
f 3681 	3711 	3646
f 2805 	3780 	2800
f 3780 	3804 	2800
f 3785 	3775 	3797
f 3768 	3785 	3798
f 3791 	3797 	3775
f 3714 	3764 	3787
f 3803 	3810 	3820
f 4425 	2870 	2848
f 3764 	3745 	3791
f 4124 	3658 	3659
f 2875 	3067 	2972
f 2981 	2972 	3074
f 3755 	3736 	3735
f 3755 	3735 	3756
f 2853 	2852 	2849
f 3800 	3801 	3766
f 3663 	3664 	4128
f 3811 	3774 	3794
f 3792 	3811 	3794
f 3799 	3794 	3774
f 3771 	3770 	3904
f 3736 	3755 	3748
f 3812 	3814 	3801
f 3814 	3766 	3801
f 4004 	4005 	2845
f 2846 	2845 	4005
f 3756 	3735 	3745
f 3756 	3745 	3764
f 2783 	2810 	3804
f 3804 	3256 	2783
f 3780 	2805 	3779
f 2772 	2783 	3256
f 3767 	2772 	3252
f 3805 	3806 	3807
f 3805 	3807 	3808
f 2994 	2981 	3088
f 3074 	3088 	2981
f 3765 	3687 	3714
f 4124 	4128 	3658
f 3664 	3658 	4128
f 3796 	3829 	3795
f 3801 	3795 	3812
f 3766 	3768 	3800
f 3798 	3800 	3768
f 3791 	3772 	3797
f 2852 	2846 	4005
f 3805 	3817 	3818
f 3805 	3818 	3806
f 3745 	3772 	3791
f 3836 	3821 	3823
f 2989 	2994 	2915
f 2915 	2924 	2989
f 3019 	2989 	2924
f 2924 	2933 	3019
f 3011 	3019 	2933
f 3011 	2933 	2946
f 3515 	3508 	4369
f 3822 	3816 	3802
f 3842 	3802 	3816
f 2824 	3164 	2842
f 2858 	2842 	3164
f 3825 	3838 	3824
f 3651 	4118 	3659
f 3777 	3775 	3758
f 3777 	3758 	3757
f 2870 	2853 	2849
f 3807 	3823 	3821
f 3807 	3821 	3808
f 3785 	3768 	3752
f 3785 	3752 	3760
f 3653 	3641 	4117
f 4111 	4117 	3641
f 3827 	3818 	3817
f 3827 	3817 	3828
f 3074 	2972 	3066
f 3825 	3826 	3838
f 3829 	3796 	3826
f 3838 	3826 	3796
f 3812 	3795 	3829
f 2897 	2824 	2842
f 2905 	3036 	2897
f 3813 	3827 	3828
f 3813 	3828 	3815
f 4098 	3643 	3635
f 3793 	3790 	3809
f 3809 	3811 	3793
f 3792 	3793 	3811
f 3810 	3809 	3790
f 3790 	3820 	3810
f 3820 	3822 	3803
f 3802 	3803 	3822
f 3768 	3766 	3749
f 3768 	3749 	3752
f 2874 	3039 	2905
f 3835 	3836 	3823
f 3067 	2875 	3040
f 3088 	2915 	2994
f 3067 	3066 	2972
f 2875 	2903 	3040
f 3041 	3040 	2903
f 3787 	3777 	3757
f 3787 	3757 	3765
f 3952 	3839 	3841
f 2995 	3086 	2982
f 3834 	3830 	3845
f 3844 	3845 	3830
f 3126 	3193 	3118
f 3135 	3193 	3126
f 3704 	3706 	4170
f 3846 	3847 	3841
f 3846 	3841 	3839
f 3843 	3853 	3842
f 3802 	3842 	3853
f 3775 	3785 	3760
f 3775 	3760 	3758
f 3714 	3787 	3765
f 3120 	3118 	2803
f 3835 	3850 	3851
f 3835 	3851 	3836
f 3834 	3845 	3819
f 3838 	3832 	3824
f 3819 	3824 	3832
f 3834 	3819 	3832
f 3859 	3864 	3876
f 3795 	3776 	3774
f 3795 	3774 	3796
f 3846 	3854 	3855
f 3846 	3855 	3847
f 3850 	3855 	3854
f 3850 	3854 	3851
f 3837 	3833 	3852
f 3852 	3853 	3837
f 3843 	3837 	3853
f 3811 	3796 	3774
f 2995 	2988 	2914
f 2922 	2914 	2988
f 2988 	3026 	2922
f 2932 	2922 	3026
f 3026 	3010 	2932
f 2943 	2932 	3010
f 2943 	3010 	3613
f 3800 	3784 	3783
f 3800 	3783 	3801
f 3730 	4185 	3727
f 4183 	3727 	4185
f 3797 	3782 	3781
f 3797 	3781 	3798
f 3060 	2974 	3063
f 3888 	3884 	3861
f 3188 	3193 	3133
f 3157 	3188 	3133
f 3166 	2859 	3155
f 2896 	2847 	2826
f 3155 	2864 	3157
f 3188 	3157 	2864
f 3135 	3133 	3193
f 3193 	2803 	3118
f 3830 	3831 	3844
f 3840 	3844 	3831
f 3865 	3840 	3831
f 3831 	3876 	3865
f 4190 	4097 	3737
f 3772 	3782 	3797
f 2914 	3086 	2995
f 3868 	3866 	3862
f 3868 	3862 	3860
f 3856 	3859 	3877
f 3876 	3877 	3859
f 3798 	3781 	3784
f 3798 	3784 	3800
f 3863 	3861 	3884
f 3815 	3871 	3813
f 3870 	3813 	3871
f 3776 	3795 	3783
f 3801 	3783 	3795
f 4183 	3737 	3727
f 3867 	3863 	3849
f 3884 	3849 	3863
f 3788 	3749 	3814
f 3766 	3814 	3749
f 3063 	2974 	3073
f 3060 	3039 	2874
f 3036 	2905 	3039
f 2824 	2897 	3036
f 2974 	3060 	2874
f 3073 	2982 	3086
f 2982 	3073 	2974
f 4177 	4185 	3721
f 2945 	2944 	2921
f 3814 	3812 	3789
f 3814 	3789 	3788
f 3130 	3194 	3131
f 3881 	3913 	3879
f 3877 	3879 	3856
f 3878 	3880 	3882
f 3878 	3882 	3883
f 3218 	3223 	3232
f 3115 	2805 	3116
f 3125 	3116 	3194
f 3779 	2805 	3115
f 3849 	3848 	3867
f 3869 	3867 	3848
f 3848 	3857 	3869
f 3875 	3869 	3857
f 3857 	3858 	3875
f 3874 	3875 	3858
f 3858 	3852 	3833
f 3874 	3858 	3833
f 3811 	3838 	3796
f 3886 	3887 	3866
f 3886 	3866 	3868
f 3153 	3131 	3186
f 3219 	3235 	3213
f 2956 	2945 	2921
f 4206 	3759 	3704
f 3890 	3883 	3882
f 3890 	3882 	3891
f 3194 	3116 	2805
f 3812 	3829 	3799
f 3812 	3799 	3789
f 3716 	3763 	4209
f 3197 	3201 	3214
f 3207 	3214 	3201
f 3201 	3200 	3207
f 3208 	3207 	3200
f 3893 	3873 	3889
f 3892 	3894 	3896
f 3892 	3896 	3898
f 3899 	3900 	3901
f 3899 	3901 	3902
f 3825 	3824 	3793
f 3825 	3793 	3792
f 3770 	3903 	3904
f 3819 	3845 	3790
f 3904 	3903 	3901
f 3904 	3901 	3900
f 3824 	3819 	3790
f 3824 	3790 	3793
f 3899 	3902 	3894
f 3899 	3894 	3892
f 3826 	3825 	3792
f 3826 	3792 	3794
f 3898 	3896 	3880
f 3898 	3880 	3878
f 3890 	3891 	3887
f 3890 	3887 	3886
f 3235 	3197 	3213
f 3214 	3213 	3197
f 3906 	3860 	3905
f 3862 	3905 	3860
f 3910 	3872 	3893
f 3897 	3920 	3895
f 3861 	3908 	3888
f 4206 	4209 	3759
f 3763 	3759 	4209
f 3219 	3218 	3236
f 3236 	3235 	3219
f 3232 	3236 	3218
f 3223 	3572 	3232
f 3572 	3585 	3232
f 3829 	3826 	3794
f 3829 	3794 	3799
f 3911 	3906 	3905
f 3911 	3905 	3912
f 3762 	2782 	3259
f 3911 	3912 	3909
f 3911 	3909 	3907
f 3830 	3803 	3802
f 3830 	3802 	3831
f 3915 	3879 	3913
f 3913 	3881 	3910
f 2885 	2898 	2911
f 2912 	2911 	2898
f 3194 	3186 	3131
f 3130 	3125 	3194
f 3186 	2865 	3153
f 3154 	3153 	2865
f 3164 	3154 	2858
f 2865 	2858 	3154
f 3916 	3917 	3918
f 3916 	3918 	3919
f 3803 	3830 	3834
f 3259 	2771 	3255
f 3888 	3908 	3920
f 3918 	3917 	3925
f 2902 	2878 	2904
f 3198 	3206 	3199
f 3566 	3916 	3919
f 3920 	3897 	3914
f 3897 	3947 	3914
f 3873 	3893 	3872
f 3921 	3889 	3873
f 3885 	3889 	3921
f 3872 	3910 	3881
f 3856 	3879 	3915
f 3864 	3865 	3876
f 3832 	3809 	3810
f 3832 	3810 	3834
f 2893 	2869 	2895
f 3925 	3926 	3927
f 3925 	3927 	3928
f 3809 	3832 	3838
f 3947 	3948 	3922
f 3264 	3327 	3304
f 3931 	3932 	3933
f 3931 	3933 	3934
f 3803 	3834 	3810
f 2986 	2965 	2883
f 3221 	3233 	3217
f 3224 	3217 	3231
f 3936 	3937 	3938
f 3936 	3938 	3939
f 3949 	3944 	3930
f 3921 	3930 	3885
f 3937 	3907 	3938
f 3909 	3938 	3907
f 3212 	3234 	3221
f 2862 	2869 	2883
f 3942 	3949 	3941
f 3294 	3293 	3323
f 3936 	3939 	3933
f 3936 	3933 	3932
f 3809 	3838 	3811
f 2868 	2878 	2895
f 2902 	2895 	2878
f 3209 	3199 	3206
f 3206 	3198 	3215
f 3215 	3196 	3212
f 3885 	3930 	3944
f 3944 	3949 	3942
f 3931 	3934 	3927
f 3931 	3927 	3926
f 3539 	3527 	3319
f 3961 	3929 	3940
f 3940 	3935 	3961
f 3960 	3961 	3935
f 3845 	3844 	3822
f 3845 	3822 	3820
f 2911 	2904 	2885
f 3196 	3215 	3198
f 3234 	3212 	3196
f 3918 	3925 	3928
f 2898 	2925 	2912
f 3946 	3943 	3929
f 3943 	3940 	3929
f 3233 	3221 	3234
f 3951 	3952 	3841
f 3336 	3319 	3527
f 3844 	3840 	3816
f 3844 	3816 	3822
f 3965 	3966 	3955
f 4183 	4190 	3737
f 3951 	3580 	3578
f 3951 	3578 	3952
f 3963 	3965 	3956
f 3955 	3956 	3965
f 3845 	3820 	3790
f 2950 	2977 	2973
f 3730 	3721 	4185
f 3672 	3224 	3231
f 3231 	3217 	3233
f 3840 	3865 	3842
f 3840 	3842 	3816
f 3284 	3282 	3352
f 3357 	3284 	3352
f 3923 	3922 	3948
f 3922 	3914 	3947
f 3895 	3920 	3908
f 3924 	3923 	3945
f 3945 	3946 	3924
f 3929 	3924 	3946
f 3859 	3856 	3833
f 4173 	4179 	3716
f 3948 	3945 	3923
f 3856 	3874 	3833
f 2944 	2923 	2921
f 3323 	3355 	3294
f 3304 	3514 	3264
f 3327 	3323 	3293
f 3293 	3304 	3327
f 3282 	3294 	3355
f 3355 	3352 	3282
f 3199 	3767 	3252
f 3704 	4167 	4206
f 3865 	3864 	3843
f 3865 	3843 	3842
f 3960 	3935 	3964
f 3833 	3837 	3859
f 4173 	3716 	4209
f 3966 	3969 	3954
f 3954 	3955 	3966
f 3964 	3967 	3962
f 3864 	3859 	3837
f 3864 	3837 	3843
f 3477 	3401 	3522
f 3876 	3831 	3853
f 3802 	3853 	3831
f 3970 	3953 	3969
f 3971 	3770 	3957
f 3771 	3957 	3770
f 2973 	2960 	2950
f 3265 	3264 	3514
f 4170 	3706 	3769
f 3968 	3962 	3967
f 3967 	3964 	3935
f 3330 	3358 	3279
f 3872 	3848 	3849
f 3872 	3849 	3873
f 2965 	2986 	2977
f 3953 	3970 	3950
f 3950 	3941 	3949
f 3941 	3950 	3970
f 3954 	3969 	3953
f 3980 	3959 	3956
f 3337 	3330 	3543
f 3279 	3543 	3330
f 2840 	2838 	3140
f 3976 	3978 	3981
f 3976 	3981 	3982
f 3983 	3958 	3980
f 3462 	3375 	3455
f 3873 	3849 	3884
f 3873 	3884 	3921
f 3962 	3968 	3977
f 3979 	3984 	3299
f 2840 	2923 	2838
f 3988 	4002 	3986
f 4002 	3958 	3986
f 3879 	3858 	3857
f 3879 	3857 	3881
f 4001 	4003 	3975
f 3292 	3290 	3321
f 3985 	3987 	3989
f 3985 	3989 	3994
f 3375 	3385 	3455
f 3992 	3993 	3308
f 3876 	3853 	3852
f 3876 	3852 	3877
f 3983 	3986 	3958
f 2852 	3996 	2849
f 3971 	3957 	4000
f 3999 	4000 	3957
f 3300 	3292 	3328
f 3321 	3328 	3292
f 3356 	3321 	3290
f 4008 	3991 	4026
f 3877 	3852 	3858
f 3877 	3858 	3879
f 4000 	3999 	3987
f 4000 	3987 	3985
f 3385 	3384 	3484
f 3484 	3455 	3385
f 3491 	3484 	3384
f 3519 	3375 	3462
f 3384 	3405 	3491
f 3475 	3491 	3405
f 3405 	3401 	3475
f 3477 	3475 	3401
f 3415 	3522 	3401
f 3881 	3857 	3848
f 3881 	3848 	3872
f 3512 	3300 	3263
f 3328 	3263 	3300
f 4002 	3988 	3998
f 3963 	3956 	3959
f 3958 	3959 	3980
f 3994 	3989 	3978
f 3994 	3978 	3976
f 4004 	2845 	3499
f 3889 	3863 	3867
f 3995 	4026 	3991
f 4003 	3995 	3991
f 3991 	3990 	4003
f 3990 	3975 	4003
f 3975 	3977 	4001
f 4001 	3977 	3968
f 4010 	4024 	4009
f 4005 	3996 	2852
f 3982 	3981 	3974
f 3982 	3974 	3973
f 3885 	3944 	3861
f 3266 	3457 	3512
f 3263 	3266 	3512
f 3290 	3281 	3356
f 3351 	3356 	3281
f 3358 	3351 	3279
f 3543 	3542 	3337
f 3984 	3992 	3308
f 3462 	3459 	3519
f 3265 	3514 	3459
f 3519 	3459 	3514
f 4014 	3973 	4012
f 3974 	4012 	3973
f 4016 	4023 	4015
f 3889 	3885 	3861
f 3889 	3861 	3863
f 3972 	3979 	3299
f 2849 	2848 	2870
f 2786 	4014 	4012
f 4033 	4019 	4013
f 3357 	3331 	3284
f 2906 	3742 	2925
f 3997 	4020 	3347
f 3915 	3913 	3875
f 3915 	3875 	3874
f 3399 	3472 	3400
f 3400 	3627 	3413
f 4021 	4022 	4172
f 4023 	4016 	4017
f 3545 	3544 	3336
f 3544 	3284 	3331
f 3893 	3889 	3867
f 3463 	3454 	3374
f 3517 	3512 	3457
f 3527 	3545 	3336
f 3331 	3336 	3544
f 3539 	3320 	3537
f 4018 	4019 	4011
f 4033 	4011 	4019
f 4011 	4007 	4018
f 4007 	4008 	4026
f 4026 	4018 	4007
f 3910 	3893 	3867
f 3910 	3867 	3869
f 3392 	4047 	3367
f 3522 	3415 	3529
f 3562 	3529 	3415
f 4021 	4028 	4029
f 4021 	4029 	4022
f 2904 	2878 	2882
f 4031 	4051 	4030
f 4030 	4051 	4016
f 4024 	4010 	4023
f 4015 	4023 	4010
f 3998 	4009 	4024
f 3988 	4009 	3998
f 3913 	3910 	3869
f 3913 	3869 	3875
f 3485 	3381 	3454
f 3381 	3374 	3454
f 4035 	4046 	4031
f 3856 	3915 	3874
f 4032 	4065 	3367
f 2868 	2895 	2869
f 4033 	4013 	4038
f 3492 	3383 	3485
f 3930 	3921 	3888
f 3884 	3888 	3921
f 4040 	4042 	3379
f 4197 	4041 	4043
f 4046 	4035 	4045
f 4035 	4057 	4045
f 4067 	4048 	4044
f 4044 	4034 	4013
f 3930 	3888 	3949
f 4043 	4041 	4037
f 4043 	4037 	4036
f 4340 	4339 	4325
f 3480 	3400 	3472
f 3472 	3399 	3492
f 3457 	3463 	3517
f 2893 	2883 	2869
f 3944 	3908 	3861
f 4032 	3367 	4047
f 4034 	4044 	4048
f 3942 	3941 	3897
f 3942 	3897 	3895
f 4017 	4016 	4051
f 4051 	4031 	4046
f 4057 	4058 	4039
f 4067 	4060 	4052
f 4052 	4053 	4067
f 4048 	4067 	4053
f 3395 	3412 	4054
f 3941 	3947 	3897
f 3944 	3942 	3895
f 3944 	3895 	3908
f 3595 	3568 	3596
f 4058 	4059 	4039
f 2885 	2904 	2882
f 3955 	3924 	3929
f 3955 	3929 	3956
f 3381 	3485 	3383
f 3383 	3492 	3399
f 3627 	3400 	3480
f 3630 	3413 	3627
f 4055 	4056 	4062
f 4066 	4036 	4064
f 4037 	4064 	4036
f 2925 	2898 	2906
f 3919 	3918 	3576
f 3576 	3596 	3919
f 3568 	3919 	3596
f 3953 	3922 	3923
f 3953 	3923 	3954
f 4039 	4045 	4057
f 3517 	3463 	3374
f 4061 	4062 	4056
f 4066 	4064 	4050
f 4066 	4050 	4049
f 2862 	2883 	2965
f 4069 	4063 	4059
f 3949 	3920 	3914
f 3949 	3914 	3950
f 3281 	3279 	3351
f 4060 	4061 	4056
f 4056 	4052 	4060
f 4038 	4013 	4034
f 2977 	2950 	2953
f 4073 	4091 	4072
f 4072 	4091 	4069
f 4063 	4039 	4059
f 3888 	3920 	3949
f 3542 	3526 	3337
f 4076 	4049 	4075
f 4050 	4075 	4049
f 2934 	2960 	2940
f 2956 	2940 	2960
f 3950 	3914 	3922
f 3950 	3922 	3953
f 4080 	4081 	4079
f 4079 	4085 	4073
f 4078 	4074 	4107
f 4042 	4047 	3392
f 4076 	4075 	4071
f 4076 	4071 	4070
f 3954 	3923 	3924
f 3954 	3924 	3955
f 4085 	4079 	4083
f 4099 	4102 	4077
f 4077 	4078 	4099
f 4107 	4099 	4078
f 4087 	4088 	4089
f 4087 	4089 	4090
f 2923 	2944 	2838
f 4027 	4040 	3379
f 3970 	3969 	3948
f 3970 	3948 	3947
f 4020 	4025 	3347
f 2956 	2921 	2940
f 4091 	4073 	4085
f 4063 	4069 	4091
f 4062 	4082 	4055
f 4082 	4084 	4096
f 4084 	4086 	4102
f 4086 	4077 	4102
f 2950 	2960 	2934
f 4092 	4055 	4082
f 3958 	3967 	3935
f 4095 	4089 	4093
f 4088 	4093 	4089
f 2953 	2965 	2977
f 4101 	4135 	4100
f 4135 	4136 	4100
f 4096 	4092 	4082
f 4102 	4096 	4084
f 3959 	3958 	3935
f 3959 	3935 	3940
f 4097 	4098 	3637
f 2996 	2980 	2979
f 2996 	2979 	2997
f 3966 	3965 	3946
f 3966 	3946 	3945
f 4131 	4134 	4110
f 4108 	4134 	4101
f 4109 	4111 	3643
f 4107 	4074 	4106
f 4113 	4114 	4115
f 4113 	4115 	4116
f 3940 	3943 	3959
f 3963 	3959 	3943
f 3903 	3701 	3901
f 2997 	2979 	2984
f 2997 	2984 	3005
f 4119 	4106 	4074
f 4120 	4121 	4122
f 4120 	4122 	4123
f 3965 	3963 	3943
f 3965 	3943 	3946
f 3005 	2984 	3257
f 4124 	3659 	4127
f 4083 	4079 	4081
f 4126 	4112 	4080
f 4081 	4080 	4112
f 4112 	4131 	4110
f 4108 	4110 	4134
f 3969 	3966 	3945
f 3969 	3945 	3948
f 3894 	3701 	3896
f 3901 	3701 	3902
f 3712 	3882 	3701
f 3941 	3970 	3947
f 4126 	4131 	4112
f 3023 	3007 	3006
f 3023 	3006 	3025
f 4123 	4122 	4114
f 4123 	4114 	4113
f 4128 	4130 	3663
f 4129 	4125 	4163
f 3986 	3964 	3962
f 3986 	3962 	3988
f 4135 	4101 	4134
f 3016 	3003 	3001
f 3016 	3001 	3017
f 4116 	4115 	4105
f 4116 	4105 	4103
f 3938 	3909 	3821
f 3980 	3961 	3960
f 3980 	3960 	3983
f 3239 	3159 	3663
f 4130 	3239 	3663
f 4467 	3003 	3016
f 3805 	3808 	3909
f 3808 	3821 	3909
f 4139 	4140 	4141
f 4139 	4141 	4142
f 3980 	3956 	3961
f 3929 	3961 	3956
f 4138 	4146 	4137
f 4146 	4094 	4137
f 4144 	4103 	4143
f 4105 	4143 	4103
f 3017 	3001 	3007
f 3017 	3007 	3023
f 3983 	3960 	3964
f 3983 	3964 	3986
f 3805 	3909 	3817
f 3817 	3909 	3828
f 4132 	4145 	4119
f 4104 	4119 	4145
f 4106 	4119 	4104
f 4133 	4150 	4132
f 4129 	4165 	4133
f 3025 	3006 	3018
f 3025 	3018 	3033
f 4144 	4143 	4140
f 4144 	4140 	4139
f 4127 	3659 	4118
f 4094 	4100 	4136
f 4136 	4137 	4094
f 4138 	4166 	4146
f 4002 	3998 	3968
f 4002 	3968 	3967
f 3952 	3578 	3928
f 3077 	3071 	3070
f 3077 	3070 	3078
f 4149 	4151 	4152
f 4149 	4152 	4153
f 4145 	4132 	4147
f 3998 	4001 	3968
f 4098 	4109 	3643
f 3047 	3033 	3018
f 4154 	4187 	4148
f 4155 	4156 	4158
f 4155 	4158 	4159
f 4147 	4132 	4150
f 3958 	4002 	3967
f 3939 	3938 	3854
f 3851 	3854 	3938
f 3821 	3836 	3938
f 3836 	3851 	3938
f 3068 	3057 	3056
f 3068 	3056 	3072
f 4161 	4178 	4160
f 4160 	4186 	4154
f 4163 	4165 	4129
f 4157 	4133 	4165
f 4150 	4133 	4157
f 4151 	4155 	4159
f 4151 	4159 	4152
f 3815 	3828 	3912
f 3047 	3055 	3033
f 3704 	4170 	4167
f 4030 	4008 	4007
f 4030 	4007 	4031
f 4171 	4021 	4172
f 4162 	4189 	4169
f 3055 	3047 	3057
f 3055 	3057 	3068
f 4175 	4161 	4166
f 4175 	4178 	4161
f 4161 	4146 	4166
f 3072 	3056 	3071
f 3072 	3071 	3077
f 4168 	4169 	4184
f 3871 	3815 	3905
f 3912 	3905 	3815
f 3862 	3866 	3871
f 3710 	3871 	3866
f 3905 	3862 	3871
f 4174 	4171 	4172
f 4174 	4172 	4176
f 3538 	3344 	3526
f 3344 	3337 	3526
f 2980 	2996 	3070
f 3078 	3070 	2996
f 3721 	3724 	4177
f 4177 	3724 	4179
f 3701 	3903 	3770
f 2773 	2765 	4181
f 4176 	4158 	4174
f 4156 	4174 	4158
f 4015 	3990 	3991
f 4015 	3991 	4016
f 3140 	2838 	3150
f 3344 	3538 	3343
f 3536 	3343 	3538
f 3770 	4452 	3701
f 3102 	3101 	3089
f 3102 	3089 	3092
f 4009 	3977 	3975
f 4009 	3975 	4010
f 4187 	4154 	4186
f 4188 	4148 	4187
f 4182 	4160 	4178
f 4180 	4195 	4184
f 3962 	3977 	4009
f 3962 	4009 	3988
f 3902 	3701 	3894
f 3637 	3737 	4097
f 4184 	4169 	4189
f 4162 	4163 	4125
f 4189 	4162 	4125
f 3642 	3561 	3630
f 3689 	3561 	3708
f 3143 	3102 	3092
f 3143 	3092 	3129
f 4194 	4203 	4193
f 4193 	4205 	4188
f 4186 	4160 	4182
f 4010 	3975 	3990
f 4010 	3990 	4015
f 4191 	4142 	4192
f 4141 	4192 	4142
f 3880 	3701 	3882
f 3896 	3701 	3880
f 3138 	3137 	3117
f 3138 	3117 	3124
f 4016 	3991 	4008
f 4016 	4008 	4030
f 4196 	4197 	4043
f 3128 	3127 	3112
f 3128 	3112 	3110
f 4024 	4023 	4003
f 4024 	4003 	4001
f 3866 	3887 	3710
f 3891 	3712 	3887
f 3710 	3887 	3712
f 3891 	3882 	3712
f 4199 	4191 	4198
f 4192 	4198 	4191
f 3121 	3119 	3104
f 3121 	3104 	3103
f 4017 	4051 	3995
f 4199 	4198 	4202
f 4199 	4202 	4204
f 4201 	4203 	4210
f 3724 	3716 	4179
f 3109 	3191 	3178
f 3109 	3178 	3096
f 3912 	3828 	3909
f 4023 	4017 	3995
f 4023 	3995 	4003
f 4205 	4193 	4203
f 4204 	4202 	4197
f 4204 	4197 	4196
f 2773 	2804 	2899
f 2889 	2899 	2804
f 2773 	2899 	2766
f 2773 	2766 	2765
f 4168 	4184 	4195
f 4195 	4180 	2765
f 4181 	2765 	4180
f 3119 	3109 	3096
f 3119 	3096 	3104
f 3998 	4024 	4001
f 4148 	4188 	4205
f 3605 	4343 	3609
f 3593 	3566 	3605
f 4035 	4031 	4011
f 4007 	4011 	4031
f 4208 	4095 	4207
f 4093 	4207 	4095
f 3127 	3121 	3103
f 3127 	3103 	3112
f 2770 	4200 	2764
f 3580 	3917 	3575
f 4033 	4035 	4011
f 3137 	3128 	3110
f 3137 	3110 	3117
f 4211 	4212 	4213
f 4211 	4213 	4214
f 4051 	4026 	3995
f 3934 	3933 	3846
f 3933 	3939 	3846
f 3854 	3846 	3939
f 4170 	3769 	4215
f 3124 	3089 	3138
f 3101 	3138 	3089
f 3593 	3597 	3566
f 4344 	3605 	3566
f 4046 	4045 	4019
f 4046 	4019 	4018
f 2968 	2964 	2841
f 2948 	2968 	2841
f 2949 	2948 	2841
f 3150 	3143 	3129
f 3150 	3129 	3140
f 4039 	4044 	4013
f 4207 	4211 	4214
f 4207 	4214 	4208
f 2836 	2841 	2964
f 3927 	3934 	3839
f 3839 	3952 	3927
f 3846 	3839 	3934
f 3928 	3927 	3952
f 3578 	3576 	3918
f 3918 	3928 	3578
f 4045 	4039 	4013
f 4045 	4013 	4019
f 2900 	2770 	2767
f 2764 	2767 	2770
f 4200 	4201 	2764
f 4210 	2764 	4201
f 4194 	4210 	4203
f 4153 	4213 	4149
f 4212 	4149 	4213
f 4051 	4046 	4018
f 4051 	4018 	4026
f 2891 	2889 	2804
f 2804 	2825 	2891
f 2837 	2836 	2964
f 3162 	3156 	3147
f 3162 	3147 	3149
f 3971 	2763 	4452
f 4219 	4220 	4221
f 4219 	4221 	4223
f 3156 	3183 	3147
f 4058 	4038 	4034
f 4058 	4034 	4059
f 3184 	3162 	3149
f 3184 	3149 	3174
f 2891 	2825 	2877
f 4033 	4057 	4035
f 4226 	4225 	4220
f 4226 	4220 	4219
f 3183 	3181 	3171
f 3183 	3171 	3170
f 2834 	2963 	2835
f 4057 	4033 	4038
f 4057 	4038 	4058
f 3177 	3176 	3163
f 3177 	3163 	3160
f 3994 	2763 	3985
f 3985 	2763 	4000
f 3971 	4000 	2763
f 4039 	4063 	4044
f 2828 	2871 	2811
f 2811 	2978 	2834
f 4067 	4044 	4063
f 2825 	2820 	2877
f 2879 	2877 	2820
f 4231 	4232 	4305
f 3176 	3169 	3152
f 3176 	3152 	3163
f 2887 	2892 	2802
f 2818 	2876 	2819
f 4079 	4056 	4055
f 4079 	4055 	4080
f 3181 	3177 	3160
f 3181 	3160 	3171
f 4235 	4236 	4237
f 4235 	4237 	4239
f 2770 	2900 	2802
f 2900 	2887 	2802
f 4072 	4053 	4052
f 4072 	4052 	4073
f 3183 	3170 	3147
f 2763 	3994 	2781
f 4069 	4059 	4048
f 4034 	4048 	4059
f 3191 	3184 	3174
f 3191 	3174 	3178
f 4236 	4240 	4241
f 4236 	4241 	4237
f 2818 	2802 	2892
f 3652 	4247 	3654
f 4069 	4048 	4053
f 4069 	4053 	4072
f 4231 	4235 	4239
f 4231 	4239 	4232
f 2976 	2873 	2813
f 2873 	2879 	2830
f 2820 	2830 	2879
f 4073 	4052 	4056
f 4073 	4056 	4079
f 2881 	2819 	2876
f 2892 	2876 	2818
f 3652 	3644 	4247
f 2830 	2813 	2873
f 3274 	3260 	3258
f 3274 	3258 	3275
f 4244 	4245 	4271
f 2978 	2811 	2871
f 2871 	2828 	2881
f 2835 	2963 	2839
f 3644 	4423 	4247
f 3272 	3254 	3253
f 3185 	3253 	3254
f 2813 	2837 	2976
f 2985 	2976 	2837
f 4014 	2769 	3973
f 3976 	2776 	3994
f 4085 	4083 	4061
f 4085 	4061 	4060
f 2984 	3192 	3257
f 2939 	3024 	2929
f 2964 	2985 	2837
f 4083 	4081 	4062
f 4083 	4062 	4061
f 4225 	4226 	4249
f 4248 	4249 	4226
f 2786 	2785 	4014
f 2987 	2834 	2978
f 3185 	3254 	3192
f 3257 	3192 	3254
f 4251 	4252 	4253
f 4251 	4253 	4254
f 2937 	3024 	2939
f 2929 	3024 	2930
f 2949 	3024 	2937
f 3272 	3253 	3260
f 3272 	3260 	3274
f 2970 	2839 	2963
f 2963 	2834 	2987
f 3982 	2776 	3976
f 3904 	4247 	3771
f 4423 	3771 	4247
f 4091 	4085 	4060
f 4091 	4060 	4067
f 4257 	4245 	4255
f 4244 	4255 	4245
f 3973 	2775 	3982
f 2957 	2839 	2947
f 2947 	2839 	2970
f 3663 	3159 	3325
f 3658 	3664 	3325
f 3317 	3152 	3338
f 3169 	3338 	3152
f 4257 	4255 	4252
f 4257 	4252 	4251
f 4063 	4091 	4067
f 3818 	3907 	3806
f 3806 	3907 	3807
f 3333 	3332 	3312
f 3333 	3312 	3310
f 4254 	4253 	4249
f 4254 	4249 	4248
f 2942 	3021 	2935
f 3326 	3324 	3302
f 3326 	3302 	3301
f 3042 	3030 	3220
f 2819 	2881 	2828
f 4258 	4296 	4297
f 4258 	4297 	4259
f 4126 	4080 	4092
f 4055 	4092 	4080
f 3318 	3315 	3289
f 3318 	3289 	3288
f 3827 	3907 	3818
f 3220 	3227 	3042
f 2935 	3021 	2957
f 4112 	4110 	4084
f 4112 	4084 	4082
f 4260 	4258 	4259
f 4260 	4259 	4261
f 3315 	3314 	3291
f 3315 	3291 	3289
f 4152 	4159 	4197
f 3227 	3211 	3043
f 3032 	2930 	3024
f 3031 	3091 	3032
f 3024 	2949 	2841
f 4110 	4108 	4086
f 4110 	4086 	4084
f 4260 	4261 	4288
f 2931 	3216 	3029
f 3855 	3850 	3937
f 4101 	4100 	4078
f 4101 	4078 	4077
f 3296 	3496 	3271
f 4172 	4022 	4064
f 2928 	2931 	3021
f 3029 	3021 	2931
f 3090 	3032 	3091
f 2930 	3032 	3090
f 4094 	4119 	4074
f 3305 	3296 	3271
f 3305 	3271 	3273
f 4264 	4265 	4266
f 4264 	4266 	4267
f 3046 	3044 	3105
f 3105 	3091 	3046
f 4100 	4094 	4074
f 4100 	4074 	4078
f 4293 	4265 	4264
f 4022 	4029 	4050
f 4029 	4350 	4050
f 4075 	4050 	4350
f 4349 	4353 	4075
f 2839 	2957 	3021
f 2942 	2928 	3021
f 3216 	3220 	3029
f 3309 	3305 	3273
f 3309 	3273 	3278
f 4108 	4101 	4077
f 4108 	4077 	4086
f 4293 	4294 	4265
f 4081 	4112 	4082
f 4081 	4082 	4062
f 4267 	4266 	4263
f 4267 	4263 	4262
f 3314 	3309 	3278
f 3314 	3278 	3291
f 4137 	4106 	4104
f 4137 	4104 	4138
f 3043 	3042 	3227
f 3324 	3318 	3288
f 3324 	3288 	3302
f 3044 	3054 	3082
f 3082 	3105 	3044
f 3046 	3091 	3031
f 3307 	3325 	3158
f 3159 	3158 	3325
f 4025 	4020 	3239
f 3211 	3210 	3049
f 4134 	4102 	4099
f 4134 	4099 	4135
f 3332 	3326 	3301
f 3332 	3301 	3312
f 4276 	4262 	4275
f 4263 	4275 	4262
f 4115 	4114 	4090
f 4121 	4314 	4122
f 4122 	4090 	4114
f 4092 	4096 	4131
f 4092 	4131 	4126
f 4273 	4274 	4272
f 4273 	4272 	4271
f 3338 	3333 	3310
f 3338 	3310 	3317
f 4131 	4096 	4102
f 4131 	4102 	4134
f 4105 	4115 	4090
f 3179 	3083 	3054
f 3083 	3082 	3054
f 3343 	3320 	3319
f 3343 	3319 	3344
f 3239 	4130 	4025
f 4065 	4032 	4128
f 3049 	3043 	3211
f 3250 	3251 	3049
f 3030 	3029 	3220
f 4143 	4105 	4089
f 4090 	4089 	4105
f 4107 	4106 	4137
f 4107 	4137 	4136
f 3054 	3280 	3180
f 3320 	3343 	3525
f 4276 	4275 	4274
f 4276 	4274 	4273
f 4027 	4025 	4130
f 3180 	3179 	3054
f 3173 	3180 	3280
f 4135 	4099 	4107
f 4135 	4107 	4136
f 3344 	3319 	3337
f 4095 	4208 	4140
f 4208 	4214 	4140
f 4140 	4143 	4095
f 4089 	4095 	4143
f 4040 	4027 	4128
f 4130 	4128 	4027
f 4279 	4280 	4281
f 4279 	4281 	4282
f 4094 	4146 	4119
f 3175 	3173 	3280
f 3280 	3299 	3175
f 4128 	4124 	4065
f 4146 	4161 	4119
f 4222 	4224 	4383
f 4283 	4284 	4285
f 4283 	4285 	4286
f 4127 	4118 	4054
f 4068 	4065 	4124
f 4050 	4064 	4022
f 3417 	3349 	3348
f 3417 	3348 	3419
f 4166 	4138 	4145
f 4104 	4145 	4138
f 4284 	4287 	4288
f 4284 	4288 	4285
f 4158 	4176 	4041
f 4176 	4172 	4037
f 4037 	4041 	4176
f 4287 	4260 	4288
f 4148 	4125 	4129
f 4229 	4230 	4389
f 3414 	3350 	3349
f 3414 	3349 	3417
f 3325 	3316 	4316
f 4214 	4213 	4141
f 4205 	4189 	4148
f 4280 	4283 	4286
f 4280 	4286 	4281
f 3410 	3346 	3345
f 3410 	3345 	3411
f 3984 	3979 	3245
f 4161 	4160 	4133
f 4161 	4133 	4132
f 4198 	4192 	4153
f 4192 	4141 	4213
f 3641 	3653 	3325
f 3643 	3641 	3325
f 4316 	3643 	3325
f 3341 	3340 	3406
f 3341 	3406 	3404
f 4277 	4279 	4282
f 4277 	4282 	4278
f 4154 	4148 	4129
f 3979 	3972 	3245
f 3244 	3245 	3972
f 3406 	3340 	3346
f 3406 	3346 	3410
f 4289 	4290 	4295
f 3651 	3659 	3325
f 4125 	4148 	4189
f 3411 	3345 	3350
f 3411 	3350 	3414
f 3251 	3244 	3972
f 3972 	3049 	3251
f 3515 	4291 	4292
f 4159 	4158 	4041
f 4064 	4037 	4172
f 4041 	4197 	4159
f 4197 	4202 	4152
f 4202 	4198 	4152
f 4153 	4152 	4198
f 4292 	4291 	4290
f 4292 	4290 	4289
f 3452 	3396 	3481
f 3240 	3241 	3984
f 3210 	3250 	3049
f 4394 	4242 	4238
f 3432 	3430 	3373
f 3432 	3373 	3371
f 4160 	4154 	4129
f 4160 	4129 	4133
f 3425 	3424 	3366
f 3425 	3366 	3365
f 4290 	4294 	4295
f 4161 	4132 	4119
f 4293 	4295 	4294
f 4193 	4169 	4168
f 4193 	4168 	4194
f 4141 	4140 	4214
f 4153 	4192 	4213
f 3367 	3403 	4316
f 3704 	3759 	3412
f 3706 	3704 	3412
f 3427 	3425 	3365
f 3427 	3365 	3369
f 4187 	4163 	4162
f 4187 	4162 	4188
f 3392 	4316 	3377
f 4186 	4165 	4163
f 4186 	4163 	4187
f 3430 	3427 	3369
f 3430 	3369 	3373
f 4220 	4225 	4311
f 3379 	4316 	3353
f 3377 	4316 	3379
f 3354 	3353 	4316
f 3452 	3432 	3371
f 3452 	3371 	3396
f 3823 	3937 	3835
f 3850 	3835 	3937
f 3855 	3936 	3847
f 3823 	3807 	3907
f 3907 	3937 	3823
f 3932 	3847 	3936
f 4296 	4298 	4299
f 4296 	4299 	4297
f 4311 	4310 	4220
f 4175 	4166 	4147
f 4145 	4147 	4166
f 3347 	3354 	4316
f 3347 	4316 	3316
f 3438 	3380 	3378
f 3438 	3378 	3439
f 4300 	4301 	4302
f 4300 	4302 	4303
f 4175 	4147 	4150
f 4175 	4150 	4178
f 3870 	3906 	3813
f 3436 	3382 	3380
f 3436 	3380 	3438
f 4241 	4307 	4225
f 4178 	4150 	4157
f 4178 	4157 	4182
f 3436 	3419 	3382
f 3348 	3382 	3419
f 4298 	4300 	4303
f 4298 	4303 	4299
f 4401 	4256 	4246
f 3659 	3658 	3325
f 3392 	3367 	4316
f 3395 	3706 	3412
f 4216 	3706 	3395
f 4182 	4157 	4165
f 4182 	4165 	4186
f 3439 	3378 	3389
f 3439 	3389 	3441
f 3870 	3654 	3868
f 3860 	3870 	3868
f 3906 	3870 	3860
f 3890 	3886 	3654
f 4247 	3890 	3654
f 4304 	4231 	4305
f 4188 	4162 	4169
f 4188 	4169 	4193
f 3335 	3394 	3389
f 3441 	3389 	3394
f 3167 	3175 	3299
f 3168 	3167 	3299
f 4389 	4234 	4229
f 4305 	4302 	4304
f 4301 	4304 	4302
f 3899 	4247 	3900
f 3900 	4247 	3904
f 3299 	3298 	3168
f 4201 	4200 	4181
f 4201 	4181 	4180
f 3458 	3420 	3418
f 3458 	3418 	3460
f 4272 	4244 	4271
f 4305 	4232 	4255
f 4255 	4244 	4305
f 3158 	3168 	3308
f 4307 	4241 	4306
f 4240 	4306 	4241
f 3335 	3402 	3456
f 3335 	3456 	3394
f 2773 	4181 	2770
f 4200 	2770 	4181
f 3898 	4247 	3892
f 3899 	3892 	4247
f 4308 	4309 	4310
f 4308 	4310 	4311
f 3456 	3402 	3420
f 3456 	3420 	3458
f 4383 	4228 	4222
f 3664 	3663 	3325
f 3298 	3308 	3168
f 4203 	4201 	4180
f 4203 	4180 	4184
f 3883 	4247 	3878
f 3890 	4247 	3883
f 3898 	3878 	4247
f 4312 	4313 	4314
f 4312 	4314 	4315
f 3460 	3418 	3518
f 3653 	3651 	3325
f 3308 	3307 	3158
f 3886 	3868 	3654
f 4205 	4203 	4184
f 4205 	4184 	4189
f 4249 	4241 	4225
f 4253 	4252 	4239
f 4252 	4255 	4232
f 4232 	4239 	4252
f 4239 	4237 	4253
f 4249 	4253 	4237
f 4237 	4241 	4249
f 3502 	3501 	3437
f 3502 	3437 	3435
f 3827 	3813 	3911
f 4309 	4312 	4315
f 4309 	4315 	4310
f 3501 	3500 	3434
f 3501 	3434 	3437
f 3635 	3643 	4316
f 3637 	3635 	4316
f 3737 	3637 	4316
f 4313 	4087 	4090
f 4313 	4090 	4314
f 2767 	2766 	2899
f 2767 	2899 	2900
f 3911 	3907 	3827
f 3906 	3911 	3813
f 3498 	3497 	3428
f 3498 	3428 	3433
f 4306 	4308 	4311
f 4306 	4311 	4307
f 3916 	3575 	3917
f 4210 	4195 	2765
f 4210 	2765 	2764
f 4317 	4318 	4319
f 4317 	4319 	4320
f 3737 	4316 	3727
f 4414 	4268 	4243
f 3936 	3855 	3937
f 4168 	4195 	4210
f 4168 	4210 	4194
f 3500 	3498 	3433
f 3500 	3433 	3434
f 4317 	4223 	4318
f 4221 	4318 	4223
f 3533 	3502 	3435
f 4417 	4269 	4270
f 3841 	3847 	3931
f 4121 	4120 	4319
f 4320 	4319 	4120
f 3510 	3536 	3440
f 4282 	4281 	4294
f 3730 	4316 	3412
f 3403 	3412 	4316
f 3730 	3727 	4316
f 3440 	3428 	3510
f 3497 	3510 	3428
f 3925 	3951 	3926
f 3931 	3926 	3841
f 4321 	4322 	4361
f 4285 	4288 	4266
f 4266 	4265 	4285
f 3523 	3450 	3449
f 3523 	3449 	3525
f 3721 	3730 	3412
f 3518 	3447 	3446
f 3518 	3446 	3520
f 4414 	4417 	4270
f 4414 	4270 	4268
f 4342 	4322 	4321
f 3418 	3447 	3518
f 3841 	3926 	3951
f 3932 	3931 	3847
f 3580 	3951 	3925
f 3925 	3917 	3580
f 3566 	3597 	3916
f 3597 	3575 	3916
f 4323 	4324 	4325
f 4323 	4325 	4326
f 4263 	4266 	4288
f 4288 	4261 	4263
f 4275 	4263 	4261
f 4274 	4275 	4259
f 4259 	4297 	4274
f 3520 	3446 	3450
f 3520 	3450 	3523
f 3763 	3412 	3759
f 3716 	3724 	3412
f 3724 	3721 	3412
f 3763 	3716 	3412
f 4327 	4328 	4329
f 4327 	4329 	4330
f 3320 	3525 	3449
f 3395 	4054 	4216
f 4261 	4259 	4275
f 3550 	3549 	3467
f 3550 	3467 	3466
f 3769 	3706 	3691
f 3549 	3548 	3469
f 3549 	3469 	3467
f 4286 	4285 	4265
f 4379 	4217 	4218
f 3435 	3464 	3533
f 3548 	3533 	3464
f 3548 	3464 	3469
f 4331 	4070 	4332
f 4071 	4332 	4070
f 3466 	3366 	3550
f 3424 	3550 	3366
f 4382 	4383 	4224
f 3296 	3603 	3496
f 3515 	4371 	4291
f 3989 	3987 	4363
f 4385 	4227 	4228
f 3600 	3599 	3488
f 3600 	3488 	3490
f 4330 	4329 	4333
f 4330 	4333 	4334
f 3583 	3582 	3486
f 3583 	3486 	3483
f 3567 	3452 	3481
f 4242 	3706 	4238
f 4290 	4291 	4278
f 4388 	4389 	4230
f 3582 	3567 	3481
f 3582 	3481 	3486
f 4336 	4331 	4335
f 4332 	4335 	4331
f 3599 	3598 	3489
f 3599 	3489 	3488
f 3603 	3600 	3490
f 3603 	3490 	3496
f 4328 	4327 	4335
f 4336 	4335 	4327
f 3489 	3598 	3583
f 3489 	3583 	3483
f 4256 	4250 	3706
f 4250 	4238 	3706
f 4256 	3706 	4246
f 4246 	3706 	4233
f 4390 	4233 	4234
f 3619 	3515 	4292
f 4281 	4286 	4294
f 4265 	4294 	4286
f 4294 	4290 	4282
f 4278 	4282 	4290
f 3613 	3010 	3508
f 3011 	3508 	3010
f 4334 	4333 	4324
f 4334 	4324 	4323
f 4363 	4365 	3989
f 3987 	3999 	4363
f 4234 	4233 	3706
f 4234 	3706 	4229
f 3613 	3508 	3515
f 3613 	3515 	3619
f 3627 	3522 	3630
f 4394 	4238 	4250
f 4230 	3706 	4227
f 4326 	4325 	3586
f 3981 	3978 	4365
f 3978 	3989 	4365
f 3477 	3522 	3627
f 3477 	3627 	3480
f 3642 	3534 	3708
f 4337 	4338 	4339
f 4337 	4339 	4340
f 3522 	3529 	3630
f 4242 	4394 	4398
f 3630 	3529 	3534
f 3630 	3534 	3642
f 4230 	4229 	3706
f 4228 	4227 	3706
f 4222 	4228 	3706
f 3746 	3675 	3585
f 3974 	3981 	4364
f 4303 	4302 	4244
f 4305 	4244 	4302
f 4299 	4303 	4244
f 4244 	4272 	4299
f 4297 	4299 	4272
f 4272 	4274 	4297
f 3675 	3231 	3232
f 3675 	3232 	3585
f 4224 	4222 	3706
f 4217 	4224 	3706
f 4341 	4337 	4340
f 4341 	4340 	4342
f 4398 	4243 	4242
f 3665 	3555 	3554
f 3665 	3554 	3666
f 3560 	3661 	3551
f 4343 	4344 	4345
f 4343 	4345 	4346
f 4218 	4217 	3706
f 4216 	4218 	3706
f 4269 	3691 	4270
f 3568 	4345 	3566
f 4344 	3566 	4345
f 4246 	4233 	4401
f 4315 	4314 	4319
f 4121 	4319 	4314
f 4090 	4122 	4314
f 3655 	3540 	3551
f 3655 	3551 	3661
f 4346 	4339 	4343
f 4338 	4343 	4339
f 4221 	4220 	4310
f 4021 	4171 	4066
f 3666 	3554 	3572
f 3666 	3572 	3672
f 4321 	4341 	4342
f 3691 	3706 	4243
f 4242 	4243 	3706
f 4270 	3691 	4268
f 4243 	4268 	3691
f 3560 	3669 	3661
f 3555 	3665 	3560
f 3669 	3560 	3665
f 4347 	4348 	4349
f 4347 	4349 	4350
f 4348 	4352 	4353
f 4348 	4353 	4349
f 4351 	4452 	2750
f 4319 	4318 	4315
f 4310 	4315 	4318
f 4318 	4221 	4310
f 4311 	4225 	4307
f 2750 	4358 	4351
f 3678 	3594 	3592
f 3678 	3592 	3679
f 4071 	4075 	4353
f 4350 	4029 	4347
f 4028 	4347 	4029
f 2750 	2763 	4358
f 3677 	3589 	3594
f 3677 	3594 	3678
f 3679 	3592 	3602
f 3679 	3602 	3680
f 4354 	4355 	4356
f 4354 	4356 	4357
f 3680 	3602 	3604
f 3680 	3604 	3685
f 4389 	4390 	4234
f 3689 	3688 	3611
f 3689 	3611 	3610
f 4359 	4360 	4361
f 4359 	4361 	4362
f 4358 	2763 	2781
f 4358 	2781 	4363
f 4335 	4362 	4328
f 3688 	3696 	3611
f 4227 	4388 	4230
f 4070 	4331 	4354
f 4076 	4347 	4049
f 4076 	4070 	4352
f 4021 	4049 	4028
f 4066 	4049 	4021
f 4360 	4321 	4361
f 3561 	3689 	3610
f 3561 	3610 	3562
f 4333 	4329 	4322
f 4328 	4361 	4329
f 2776 	2775 	4364
f 2776 	4364 	4365
f 4087 	4103 	4088
f 3696 	3694 	3615
f 3696 	3615 	3616
f 4355 	4359 	4362
f 4355 	4362 	4356
f 4383 	4385 	4228
f 3694 	3699 	3615
f 2769 	2768 	4366
f 2769 	4366 	4367
f 3696 	3616 	3611
f 4357 	4353 	4354
f 4352 	4354 	4353
f 4217 	4382 	4224
f 4373 	4366 	2768
f 4369 	2946 	4368
f 2943 	4368 	2946
f 3699 	3620 	3615
f 2775 	2769 	4367
f 2775 	4367 	4364
f 4342 	4340 	4324
f 4322 	4342 	4333
f 4325 	4324 	4340
f 4333 	4342 	4324
f 4370 	4277 	4278
f 4370 	4278 	4371
f 3718 	3631 	3629
f 3718 	3629 	3719
f 4116 	4087 	4113
f 2781 	2776 	4365
f 2781 	4365 	4363
f 4218 	4216 	4379
f 4378 	4379 	4216
f 4368 	4370 	4371
f 4368 	4371 	4369
f 2785 	2784 	4372
f 2785 	4372 	4373
f 4144 	4088 	4103
f 4123 	4313 	4120
f 3708 	3626 	3624
f 3708 	3624 	3709
f 3595 	3606 	3568
f 3534 	3626 	3708
f 4103 	4087 	4116
f 2768 	2785 	4373
f 4269 	4417 	4418
f 3709 	3624 	3631
f 3709 	3631 	3718
f 3608 	3587 	4346
f 3606 	3608 	4346
f 4346 	4345 	3606
f 4345 	3568 	3606
f 3238 	3239 	4006
f 3997 	4006 	3239
f 3719 	3629 	3589
f 3719 	3589 	3677
f 2789 	4374 	2790
f 4339 	4346 	3587
f 3587 	4325 	4339
f 3744 	3741 	3668
f 3744 	3668 	3667
f 2787 	4375 	4376
f 2787 	4376 	2788
f 3993 	3992 	3238
f 4006 	3993 	3238
f 4020 	3997 	3239
f 4357 	4356 	4332
f 2786 	4012 	4377
f 3992 	3984 	3241
f 3241 	3238 	3992
f 3699 	3744 	3667
f 3699 	3667 	3620
f 2786 	4377 	4375
f 2786 	4375 	2787
f 4142 	4211 	4139
f 4088 	4144 	4093
f 4207 	4093 	4139
f 4313 	4123 	4087
f 3751 	3750 	3674
f 3751 	3674 	3673
f 4378 	4216 	4054
f 2788 	4376 	4374
f 2788 	4374 	2789
f 4356 	4362 	4335
f 4361 	4328 	4362
f 4322 	4329 	4361
f 3245 	3240 	3984
f 4217 	4379 	4380
f 3747 	3746 	3671
f 3747 	3671 	3670
f 4374 	4381 	2790
f 4332 	4071 	4357
f 4353 	4357 	4071
f 4335 	4332 	4356
f 4350 	4349 	4075
f 4155 	4151 	4196
f 3585 	3671 	3746
f 4227 	4385 	4386
f 4278 	4291 	4371
f 4381 	4387 	2791
f 4381 	2791 	2790
f 3750 	3747 	3670
f 3750 	3670 	3674
f 4371 	3515 	4369
f 2791 	4387 	4384
f 2791 	4384 	2792
f 4042 	4040 	4128
f 4032 	4047 	4128
f 4151 	4149 	4199
f 4149 	4212 	4191
f 4191 	4199 	4149
f 3741 	3751 	3673
f 3741 	3673 	3668
f 4390 	4391 	4233
f 4392 	2795 	2794
f 4392 	2794 	4393
f 3761 	3720 	3540
f 3761 	3540 	3655
f 2814 	2812 	4395
f 2814 	4395 	4396
f 4117 	4111 	4379
f 3754 	3685 	3676
f 3604 	3676 	3685
f 4199 	4204 	4151
f 2796 	2795 	4392
f 2796 	4392 	4397
f 3754 	3676 	3720
f 3754 	3720 	3761
f 4111 	4109 	4380
f 4174 	4156 	4043
f 2771 	2772 	3734
f 3767 	3734 	2772
f 4164 	4215 	3691
f 4243 	4398 	4399
f 2793 	4405 	4400
f 3767 	3209 	3734
f 3208 	3734 	3209
f 3769 	3691 	4215
f 2794 	2793 	4400
f 2794 	4400 	4393
f 4391 	4401 	4233
f 2806 	2796 	4397
f 2806 	4397 	4402
f 4380 	4379 	4111
f 4383 	4382 	4098
f 4098 	4097 	4383
f 4382 	4380 	4109
f 4403 	4394 	4250
f 2812 	2806 	4402
f 2812 	4402 	4395
f 4358 	4423 	4351
f 3256 	3804 	3762
f 4396 	4372 	2814
f 2784 	2814 	4372
f 4097 	4190 	4385
f 4385 	4383 	4097
f 4378 	4054 	4118
f 4250 	4256 	4403
f 4404 	4403 	4256
f 3780 	3779 	3738
f 3780 	3738 	3739
f 4204 	4196 	4151
f 4196 	4043 	4155
f 4156 	4155 	4043
f 4043 	4036 	4174
f 4171 	4174 	4036
f 4036 	4066 	4171
f 4401 	4404 	4256
f 2793 	2832 	4405
f 4419 	4385 	4190
f 4109 	4098 	4382
f 3804 	3780 	3739
f 3804 	3739 	3762
f 3120 	3738 	3115
f 3779 	3115 	3738
f 4406 	2821 	4420
f 4211 	4142 	4212
f 4144 	4139 	4093
f 4207 	4139 	4211
f 4142 	4191 	4212
f 4190 	4183 	4419
f 2809 	2810 	2782
f 2783 	2782 	2810
f 4386 	4388 	4227
f 2832 	2831 	4407
f 2832 	4407 	4405
f 4185 	4419 	4183
f 2822 	2821 	4406
f 2822 	4406 	4408
f 4377 	4012 	4373
f 4375 	4377 	4373
f 4380 	4382 	4217
f 2831 	2822 	4408
f 2831 	4408 	4407
f 4366 	4373 	4012
f 4223 	4309 	4219
f 4173 	4419 	4179
f 4177 	4419 	4185
f 4358 	4363 	3999
f 4012 	3974 	4367
f 4367 	4366 	4012
f 2861 	4410 	4411
f 2861 	4411 	2863
f 4209 	4419 	4173
f 2856 	4412 	4413
f 2856 	4413 	2857
f 4235 	4254 	4236
f 4423 	4358 	3957
f 3999 	3957 	4358
f 4243 	4399 	4414
f 2850 	4415 	4416
f 2850 	4416 	2851
f 4167 	4419 	4206
f 4206 	4419 	4209
f 4170 	4419 	4167
f 4373 	4372 	4375
f 4376 	4375 	4372
f 4418 	4419 	4269
f 2850 	2792 	4415
f 4384 	4415 	2792
f 4177 	4179 	4419
f 4164 	4419 	4170
f 4164 	4170 	4215
f 4257 	4304 	4245
f 2851 	4416 	4412
f 2851 	4412 	2856
f 4364 	4367 	3974
f 4365 	4364 	3981
f 3691 	4269 	4419
f 2857 	4413 	4410
f 2857 	4410 	2861
f 4254 	4235 	4251
f 4251 	4231 	4257
f 2863 	4411 	4409
f 2863 	4409 	2866
f 4419 	4164 	3691
f 4376 	4396 	4374
f 4403 	4419 	4394
f 4394 	4419 	4398
f 2821 	2872 	4420
f 4374 	4396 	4381
f 3786 	3686 	2778
f 2880 	2866 	4421
f 4409 	4421 	2866
f 4226 	4240 	4248
f 4219 	4308 	4226
f 4248 	4236 	4254
f 4231 	4251 	4235
f 4304 	4257 	4231
f 2774 	2778 	3686
f 4404 	4419 	4403
f 2880 	4421 	4422
f 2880 	4422 	2894
f 3957 	3771 	4423
f 4400 	4384 	4393
f 2894 	4422 	2966
f 4390 	4419 	4391
f 4424 	4420 	2936
f 2872 	2936 	4420
f 3121 	3127 	3016
f 4388 	4419 	4389
f 4390 	4389 	4419
f 4401 	4391 	4419
f 4397 	4392 	4384
f 4393 	4384 	4392
f 4276 	4260 	4262
f 2927 	2926 	4427
f 2927 	4427 	4429
f 3109 	3119 	3016
f 3119 	3121 	3016
f 4385 	4419 	4386
f 4388 	4386 	4419
f 4397 	4384 	4402
f 4387 	4402 	4384
f 3017 	3045 	3016
f 3045 	3109 	3016
f 3127 	3128 	3016
f 4396 	4395 	4381
f 4372 	4396 	4376
f 4404 	4401 	4419
f 4379 	4378 	4117
f 4118 	4117 	4378
f 4487 	4432 	2901
f 4436 	4444 	4435
f 4262 	4287 	4267
f 4124 	4127 	4068
f 2920 	2919 	4437
f 2920 	4437 	4438
f 4434 	4435 	4444
f 2913 	2901 	4432
f 4047 	4042 	4128
f 4436 	4439 	4444
f 4271 	4296 	4273
f 4276 	4273 	4258
f 4258 	4260 	4276
f 4387 	4381 	4395
f 4395 	4402 	4387
f 4405 	4415 	4400
f 4407 	4415 	4405
f 4408 	4415 	4407
f 2919 	2918 	4442
f 2919 	4442 	4437
f 4444 	4441 	4443
f 4444 	4443 	4445
f 4444 	4445 	4433
f 4433 	4434 	4444
f 4284 	4267 	4287
f 4283 	4264 	4284
f 4384 	4400 	4415
f 2913 	4432 	4446
f 2918 	2913 	4446
f 2918 	4446 	4442
f 4279 	4295 	4280
f 4280 	4293 	4283
f 4408 	4406 	4416
f 4416 	4415 	4408
f 2926 	2920 	4438
f 2926 	4438 	4427
f 4419 	4418 	4417
f 4419 	4417 	4414
f 4419 	4414 	4399
f 4399 	4398 	4419
f 4054 	4068 	4127
f 4413 	4420 	4410
f 4412 	4406 	4413
f 4416 	4406 	4412
f 2936 	2927 	4429
f 2936 	4429 	4424
f 4295 	4279 	4289
f 4289 	4277 	4292
f 4420 	4424 	4410
f 2958 	4454 	4455
f 2958 	4455 	2961
f 3971 	4452 	3770
f 2895 	2902 	4458
f 4458 	4459 	2895
f 4420 	4413 	4406
f 2893 	2895 	4460
f 2902 	2904 	4458
f 3260 	3253 	3291
f 4411 	4410 	4424
f 2845 	2846 	2986
f 2961 	4455 	2983
f 2878 	2868 	2833
f 2846 	2852 	2977
f 2977 	2986 	2846
f 2973 	2977 	2852
f 2966 	4463 	4464
f 2966 	4464 	2967
f 2868 	2869 	2833
f 4462 	2845 	2986
f 2852 	2853 	2960
f 2960 	2973 	2852
f 4422 	4463 	2966
f 4267 	4284 	4264
f 4264 	4283 	4293
f 4287 	4262 	4260
f 4293 	4280 	4295
f 4277 	4289 	4279
f 4370 	4292 	4277
f 3140 	3129 	4466
f 4440 	4469 	4444
f 4470 	4444 	4469
f 2967 	4464 	4454
f 2967 	4454 	2958
f 4472 	3098 	4471
f 4471 	3098 	4470
f 4483 	4485 	3098
f 4439 	4440 	4444
f 3028 	4473 	4499
f 4465 	4466 	3129
f 3129 	3092 	4465
f 4485 	4488 	3098
f 4432 	4487 	4454
f 4487 	4486 	4455
f 4455 	4476 	2983
f 2925 	3076 	4456
f 4449 	4456 	3076
f 2912 	2925 	4456
f 4480 	3607 	4478
f 4422 	4421 	4438
f 2911 	2912 	4456
f 4478 	3607 	4477
f 4482 	3607 	4484
f 2983 	4476 	4473
f 2983 	4473 	3028
f 4300 	4245 	4301
f 4296 	4271 	4298
f 4298 	4245 	4300
f 4258 	4273 	4296
f 4245 	4298 	4271
f 4304 	4301 	4245
f 3014 	3013 	4486
f 3014 	4486 	4487
f 4424 	4429 	4411
f 4409 	4411 	4429
f 4429 	4427 	4409
f 4421 	4409 	4427
f 4427 	4438 	4421
f 2904 	2911 	4456
f 4456 	4457 	2904
f 4457 	4458 	2904
f 4459 	4460 	2895
f 2992 	2991 	4489
f 2992 	4489 	4490
f 2774 	4444 	2777
f 4223 	4317 	4309
f 4308 	4219 	4309
f 4312 	4320 	4313
f 4438 	4437 	4422
f 2998 	3142 	2797
f 4320 	4312 	4317
f 3657 	4484 	3607
f 4482 	4477 	3607
f 4480 	4493 	3607
f 4492 	3607 	4493
f 4491 	3607 	4492
f 4472 	4474 	3098
f 4464 	4463 	4442
f 4463 	4422 	4442
f 4437 	4442 	4422
f 4474 	4475 	3098
f 4442 	4446 	4464
f 3048 	4444 	3050
f 3050 	4444 	3098
f 3009 	2992 	4490
f 3009 	4490 	4494
f 3035 	4444 	3037
f 4240 	4226 	4306
f 4236 	4248 	4240
f 4306 	4226 	4308
f 4120 	4313 	4320
f 4312 	4309 	4317
f 4113 	4087 	4123
f 2998 	2797 	4495
f 3048 	3037 	4444
f 3035 	3020 	4444
f 3144 	4444 	3020
f 4444 	4470 	3098
f 4331 	4336 	4355
f 4495 	4489 	2998
f 2991 	2998 	4489
f 3013 	3009 	4494
f 3013 	4494 	4486
f 2777 	4444 	3008
f 3136 	3008 	4444
f 3144 	3136 	4444
f 4495 	4500 	4489
f 2901 	3014 	4487
f 3528 	3565 	2833
f 4359 	4355 	4336
f 3075 	4496 	4501
f 4499 	4473 	4490
f 4490 	4489 	4499
f 3058 	4497 	4498
f 3058 	4498 	3059
f 2833 	3546 	3552
f 3552 	3528 	2833
f 4321 	4360 	4330
f 4336 	4327 	4359
f 4334 	4321 	4330
f 4355 	4354 	4331
f 3051 	4499 	4500
f 3051 	4500 	3052
f 4326 	4337 	4323
f 4326 	3586 	4338
f 3505 	3547 	2833
f 3547 	3546 	2833
f 4499 	3051 	3028
f 4499 	4489 	4500
f 4455 	4454 	4487
f 4454 	4464 	4432
f 4446 	4432 	4464
f 4476 	4455 	4486
f 4473 	4476 	4494
f 4494 	4490 	4473
f 3506 	2833 	3478
f 3506 	3505 	2833
f 3479 	3478 	2833
f 3052 	4500 	4497
f 3052 	4497 	3058
f 4486 	4494 	4476
f 3059 	4498 	4496
f 3059 	4496 	3075
f 3499 	3479 	2833
f 4500 	4495 	4497
f 4327 	4330 	4360
f 4323 	4341 	4334
f 3609 	4343 	3586
f 2779 	2780 	2807
f 3139 	2807 	2780
f 3080 	4501 	4502
f 3080 	4502 	3081
f 4498 	4497 	2797
f 4495 	2797 	4497
f 2797 	2754 	4498
f 2754 	2752 	4496
f 4501 	3080 	3075
f 3607 	3778 	3649
f 3649 	3647 	3607
f 3657 	3607 	3647
f 3081 	4502 	2808
f 3081 	2808 	3087
f 4337 	4326 	4338
f 4341 	4323 	4337
f 4343 	3605 	4344
f 3639 	3638 	3778
f 3087 	2808 	2807
f 3087 	2807 	3139
f 4321 	4334 	4341
f 4338 	3586 	4343
f 3632 	3639 	3778
f 3638 	3649 	3778
f 2756 	2761 	2816
f 4347 	4076 	4348
f 3625 	3623 	3778
f 3623 	3633 	3778
f 3633 	3632 	3778
f 4359 	4327 	4360
f 3100 	4504 	4505
f 4354 	4352 	4070
f 3095 	2815 	2816
f 3095 	2816 	4503
f 3100 	3095 	4503
f 3100 	4503 	4504
f 4348 	4076 	4352
f 4028 	4049 	4347
f 3565 	3570 	2833
f 3700 	3715 	3570
f 3570 	3556 	3778
f 3556 	3612 	3778
f 3612 	3618 	3778
f 3618 	3617 	3778
f 3617 	3625 	3778
f 4506 	2752 	3114
f 2751 	3114 	2752
f 3692 	3690 	3607
f 2943 	3613 	4368
f 3108 	3100 	4505
f 4423 	4452 	4351
f 4423 	3701 	4452
f 3114 	3108 	4505
f 3114 	4505 	4506
f 3404 	3275 	3341
f 3258 	3341 	3275
f 4430 	4468 	4467
f 4430 	4467 	4431
f 3142 	2753 	2754
f 3142 	2754 	2797
f 4426 	4466 	4465
f 4426 	4465 	4428
f 3732 	3729 	2833
f 3729 	3742 	2833
f 3742 	2906 	2833
f 2848 	4461 	4425
f 4425 	4461 	4466
f 4425 	4466 	4426
f 2833 	3570 	3732
f 3753 	3732 	3570
f 4428 	4465 	4468
f 4428 	4468 	4430
f 3723 	3722 	3570
f 4431 	4467 	3016
f 4435 	4477 	4482
f 4435 	4482 	4436
f 3713 	3723 	3570
f 3722 	3753 	3570
f 4434 	4478 	4477
f 4434 	4477 	4435
f 3715 	3713 	3570
f 4434 	4433 	4480
f 4434 	4480 	4478
f 4436 	4482 	4484
f 4436 	4484 	4439
f 3773 	3607 	3690
f 3778 	3607 	3773
f 3778 	3700 	3570
f 3607 	3686 	3692
f 3786 	3692 	3686
f 3657 	4440 	4484
f 4484 	4440 	4439
f 4467 	4468 	3092
f 4445 	4493 	4480
f 4445 	4480 	4433
f 2833 	4004 	3499
f 4441 	4491 	4492
f 4441 	4492 	4443
f 2833 	2862 	4005
f 4005 	4004 	2833
f 4445 	4443 	4492
f 4445 	4492 	4493
f 3607 	4491 	4441
f 3499 	4462 	4448
f 3506 	4460 	4459
f 3547 	4458 	3546
f 4457 	3546 	4458
f 4449 	3552 	4456
f 3556 	3570 	4450
f 3565 	4449 	4453
f 3570 	4451 	4450
f 4451 	3570 	3565
f 4451 	3565 	4453
f 3546 	4457 	3552
f 4456 	3552 	4457
f 4458 	3547 	4459
f 4460 	3506 	4447
f 4462 	3499 	2845
f 2774 	3686 	4444
f 3556 	4450 	3612
f 4488 	3612 	4450
f 3617 	4485 	4483
f 3623 	4481 	4479
f 4474 	3632 	4475
f 3647 	4470 	4469
f 4469 	4440 	3647
f 3632 	4474 	4472
f 4479 	4475 	3623
f 4483 	4481 	3617
f 4488 	4485 	3612
f 4447 	3478 	3479
f 4447 	3479 	4448
f 4447 	3506 	3478
f 4448 	3479 	3499
f 4449 	3528 	3552
f 3528 	4449 	3565
# 3510 faces

 #end of obj_11

