# Object Export From Tinkercad Server 2015

mtllib obj.mtl

o obj_0
v -9.9239 		-4.0598 		4.4
v -10.0923 		-4.0598 		4.3991
v -10.0902 		-4.0706 		4.3991
v -10.084 		-4.0811 		4.3991
v -10.0739 		-4.091 		4.3991
v -10.0601 		-4.1003 		4.3991
v -10.0429 		-4.1085 		4.3991
v -10.0229 		-4.1155 		4.3991
v -10.0003 		-4.1211 		4.3991
v -9.9759 		-4.1253 		4.3991
v -9.9502 		-4.1278 		4.3991
v -9.9239 		-4.1286 		4.3991
v 9.9239 		-4.0598 		4.4
v 9.9239 		-4.1286 		4.3991
v 9.9502 		-4.1278 		4.3991
v 9.9759 		-4.1253 		4.3991
v 10.0003 		-4.1211 		4.3991
v 10.0229 		-4.1155 		4.3991
v 10.0429 		-4.1085 		4.3991
v 10.0601 		-4.1003 		4.3991
v 10.0739 		-4.091 		4.3991
v 10.084 		-4.0811 		4.3991
v 10.0902 		-4.0706 		4.3991
v 10.0923 		-4.0598 		4.3991
v 9.9239 		4.0598 		4.4
v 10.0923 		4.0598 		4.3991
v 10.0902 		4.0706 		4.3991
v 10.084 		4.0811 		4.3991
v 10.0739 		4.091 		4.3991
v 10.0601 		4.1003 		4.3991
v 10.0429 		4.1085 		4.3991
v 10.0229 		4.1155 		4.3991
v 10.0003 		4.1211 		4.3991
v 9.9759 		4.1253 		4.3991
v 9.9502 		4.1278 		4.3991
v 9.9239 		4.1286 		4.3991
v -9.9239 		4.0598 		4.4
v -9.9239 		4.1286 		4.3991
v -9.9502 		4.1278 		4.3991
v -9.9759 		4.1253 		4.3991
v -10.0003 		4.1211 		4.3991
v -10.0229 		4.1155 		4.3991
v -10.0429 		4.1085 		4.3991
v -10.0601 		4.1003 		4.3991
v -10.0739 		4.091 		4.3991
v -10.084 		4.0811 		4.3991
v -10.0902 		4.0706 		4.3991
v -10.0923 		4.0598 		4.3991
v -10.2523 		-4.0811 		4.3964
v -10.2564 		-4.0598 		4.3964
v -10.2402 		-4.1018 		4.3964
v -10.2202 		-4.1215 		4.3964
v -10.1929 		-4.1397 		4.3964
v -10.159 		-4.156 		4.3964
v -10.1194 		-4.1698 		4.3964
v -10.0749 		-4.181 		4.3964
v -10.0267 		-4.1892 		4.3964
v -9.9759 		-4.1941 		4.3964
v -9.9239 		-4.1958 		4.3964
v 9.9239 		-4.1958 		4.3964
v 9.9759 		-4.1941 		4.3964
v 10.0267 		-4.1892 		4.3964
v 10.0749 		-4.181 		4.3964
v 10.1194 		-4.1698 		4.3964
v 10.159 		-4.156 		4.3964
v 10.1929 		-4.1397 		4.3964
v 10.2202 		-4.1215 		4.3964
v 10.2402 		-4.1018 		4.3964
v 10.2523 		-4.0811 		4.3964
v 10.2564 		-4.0598 		4.3964
v 10.2564 		4.0598 		4.3964
v 10.2523 		4.0811 		4.3964
v 10.2402 		4.1018 		4.3964
v 10.2202 		4.1215 		4.3964
v 10.1929 		4.1397 		4.3964
v 10.159 		4.156 		4.3964
v 10.1194 		4.1698 		4.3964
v 10.0749 		4.181 		4.3964
v 10.0267 		4.1892 		4.3964
v 9.9759 		4.1941 		4.3964
v 9.9239 		4.1958 		4.3964
v -9.9239 		4.1958 		4.3964
v -9.9759 		4.1941 		4.3964
v -10.0267 		4.1892 		4.3964
v -10.0749 		4.181 		4.3964
v -10.1194 		4.1698 		4.3964
v -10.159 		4.156 		4.3964
v -10.1929 		4.1397 		4.3964
v -10.2202 		4.1215 		4.3964
v -10.2402 		4.1018 		4.3964
v -10.2523 		4.0811 		4.3964
v -10.2564 		4.0598 		4.3964
v -10.4064 		-4.091 		4.392
v -10.4124 		-4.0598 		4.392
v -10.3885 		-4.1215 		4.392
v -10.3592 		-4.1505 		4.392
v -10.3191 		-4.1773 		4.392
v -10.2694 		-4.2011 		4.392
v -10.2111 		-4.2215 		4.392
v -10.1457 		-4.2379 		4.392
v -10.0749 		-4.2499 		4.392
v -10.0003 		-4.2572 		4.392
v -9.9239 		-4.2596 		4.392
v 9.9239 		-4.2596 		4.392
v 10.0003 		-4.2572 		4.392
v 10.0749 		-4.2499 		4.392
v 10.1457 		-4.2379 		4.392
v 10.2111 		-4.2215 		4.392
v 10.2694 		-4.2011 		4.392
v 10.3191 		-4.1773 		4.392
v 10.3592 		-4.1505 		4.392
v 10.3885 		-4.1215 		4.392
v 10.4064 		-4.091 		4.392
v 10.4124 		-4.0598 		4.392
v 10.4124 		4.0598 		4.392
v 10.4064 		4.091 		4.392
v 10.3885 		4.1215 		4.392
v 10.3592 		4.1505 		4.392
v 10.3191 		4.1773 		4.392
v 10.2694 		4.2011 		4.392
v 10.2111 		4.2215 		4.392
v 10.1457 		4.2379 		4.392
v 10.0749 		4.2499 		4.392
v 10.0003 		4.2572 		4.392
v 9.9239 		4.2596 		4.392
v -9.9239 		4.2596 		4.392
v -10.0003 		4.2572 		4.392
v -10.0749 		4.2499 		4.392
v -10.1457 		4.2379 		4.392
v -10.2111 		4.2215 		4.392
v -10.2694 		4.2011 		4.392
v -10.3191 		4.1773 		4.392
v -10.3592 		4.1505 		4.392
v -10.3885 		4.1215 		4.392
v -10.4064 		4.091 		4.392
v -10.4124 		4.0598 		4.392
v -10.5486 		-4.1003 		4.386
v -10.5564 		-4.0598 		4.386
v -10.5255 		-4.1397 		4.386
v -10.4875 		-4.1773 		4.386
v -10.4356 		-4.2119 		4.386
v -10.3712 		-4.2427 		4.386
v -10.2957 		-4.2691 		4.386
v -10.2111 		-4.2903 		4.386
v -10.1194 		-4.3059 		4.386
v -10.0229 		-4.3154 		4.386
v -9.9239 		-4.3185 		4.386
v 9.9239 		-4.3185 		4.386
v 10.0229 		-4.3154 		4.386
v 10.1194 		-4.3059 		4.386
v 10.2111 		-4.2903 		4.386
v 10.2957 		-4.2691 		4.386
v 10.3712 		-4.2427 		4.386
v 10.4356 		-4.2119 		4.386
v 10.4875 		-4.1773 		4.386
v 10.5255 		-4.1397 		4.386
v 10.5486 		-4.1003 		4.386
v 10.5564 		-4.0598 		4.386
v 10.5564 		4.0598 		4.386
v 10.5486 		4.1003 		4.386
v 10.5255 		4.1397 		4.386
v 10.4875 		4.1773 		4.386
v 10.4356 		4.2119 		4.386
v 10.3712 		4.2427 		4.386
v 10.2957 		4.2691 		4.386
v 10.2111 		4.2903 		4.386
v 10.1194 		4.3059 		4.386
v 10.0229 		4.3154 		4.386
v 9.9239 		4.3185 		4.386
v -9.9239 		4.3185 		4.386
v -10.0229 		4.3154 		4.386
v -10.1194 		4.3059 		4.386
v -10.2111 		4.2903 		4.386
v -10.2957 		4.2691 		4.386
v -10.3712 		4.2427 		4.386
v -10.4356 		4.2119 		4.386
v -10.4875 		4.1773 		4.386
v -10.5255 		4.1397 		4.386
v -10.5486 		4.1003 		4.386
v -10.5564 		4.0598 		4.386
v -10.6755 		-4.1085 		4.3785
v -10.6848 		-4.0598 		4.3785
v -10.6476 		-4.156 		4.3785
v -10.6019 		-4.2011 		4.3785
v -10.5395 		-4.2427 		4.3785
v -10.462 		-4.2799 		4.3785
v -10.3712 		-4.3116 		4.3785
v -10.2694 		-4.3371 		4.3785
v -10.159 		-4.3558 		4.3785
v -10.0429 		-4.3672 		4.3785
v -9.9239 		-4.3711 		4.3785
v 9.9239 		-4.3711 		4.3785
v 10.0429 		-4.3672 		4.3785
v 10.159 		-4.3558 		4.3785
v 10.2694 		-4.3371 		4.3785
v 10.3712 		-4.3116 		4.3785
v 10.462 		-4.2799 		4.3785
v 10.5395 		-4.2427 		4.3785
v 10.6019 		-4.2011 		4.3785
v 10.6476 		-4.156 		4.3785
v 10.6755 		-4.1085 		4.3785
v 10.6848 		-4.0598 		4.3785
v 10.6848 		4.0598 		4.3785
v 10.6755 		4.1085 		4.3785
v 10.6476 		4.156 		4.3785
v 10.6019 		4.2011 		4.3785
v 10.5395 		4.2427 		4.3785
v 10.462 		4.2799 		4.3785
v 10.3712 		4.3116 		4.3785
v 10.2694 		4.3371 		4.3785
v 10.159 		4.3558 		4.3785
v 10.0429 		4.3672 		4.3785
v 9.9239 		4.3711 		4.3785
v -9.9239 		4.3711 		4.3785
v -10.0429 		4.3672 		4.3785
v -10.159 		4.3558 		4.3785
v -10.2694 		4.3371 		4.3785
v -10.3712 		4.3116 		4.3785
v -10.462 		4.2799 		4.3785
v -10.5395 		4.2427 		4.3785
v -10.6019 		4.2011 		4.3785
v -10.6476 		4.156 		4.3785
v -10.6755 		4.1085 		4.3785
v -10.6848 		4.0598 		4.3785
v -10.7838 		-4.1155 		4.3698
v -10.7945 		-4.0598 		4.3698
v -10.7519 		-4.1698 		4.3698
v -10.6996 		-4.2215 		4.3698
v -10.6282 		-4.2691 		4.3698
v -10.5395 		-4.3116 		4.3698
v -10.4356 		-4.3479 		4.3698
v -10.3191 		-4.3771 		4.3698
v -10.1929 		-4.3985 		4.3698
v -10.0601 		-4.4115 		4.3698
v -9.9239 		-4.4159 		4.3698
v 9.9239 		-4.4159 		4.3698
v 10.0601 		-4.4115 		4.3698
v 10.1929 		-4.3985 		4.3698
v 10.3191 		-4.3771 		4.3698
v 10.4356 		-4.3479 		4.3698
v 10.5395 		-4.3116 		4.3698
v 10.6282 		-4.2691 		4.3698
v 10.6996 		-4.2215 		4.3698
v 10.7519 		-4.1698 		4.3698
v 10.7838 		-4.1155 		4.3698
v 10.7945 		-4.0598 		4.3698
v 10.7945 		4.0598 		4.3698
v 10.7838 		4.1155 		4.3698
v 10.7519 		4.1698 		4.3698
v 10.6996 		4.2215 		4.3698
v 10.6282 		4.2691 		4.3698
v 10.5395 		4.3116 		4.3698
v 10.4356 		4.3479 		4.3698
v 10.3191 		4.3771 		4.3698
v 10.1929 		4.3985 		4.3698
v 10.0601 		4.4115 		4.3698
v 9.9239 		4.4159 		4.3698
v -9.9239 		4.4159 		4.3698
v -10.0601 		4.4115 		4.3698
v -10.1929 		4.3985 		4.3698
v -10.3191 		4.3771 		4.3698
v -10.4356 		4.3479 		4.3698
v -10.5395 		4.3116 		4.3698
v -10.6282 		4.2691 		4.3698
v -10.6996 		4.2215 		4.3698
v -10.7519 		4.1698 		4.3698
v -10.7838 		4.1155 		4.3698
v -10.7945 		4.0598 		4.3698
v -10.8709 		-4.1211 		4.3599
v -10.8827 		-4.0598 		4.3599
v -10.8358 		-4.181 		4.3599
v -10.7782 		-4.2379 		4.3599
v -10.6996 		-4.2903 		4.3599
v -10.6019 		-4.3371 		4.3599
v -10.4875 		-4.3771 		4.3599
v -10.3592 		-4.4093 		4.3599
v -10.2202 		-4.4328 		4.3599
v -10.0739 		-4.4472 		4.3599
v -9.9239 		-4.452 		4.3599
v 9.9239 		-4.452 		4.3599
v 10.0739 		-4.4472 		4.3599
v 10.2202 		-4.4328 		4.3599
v 10.3592 		-4.4093 		4.3599
v 10.4875 		-4.3771 		4.3599
v 10.6019 		-4.3371 		4.3599
v 10.6996 		-4.2903 		4.3599
v 10.7782 		-4.2379 		4.3599
v 10.8358 		-4.181 		4.3599
v 10.8709 		-4.1211 		4.3599
v 10.8827 		-4.0598 		4.3599
v 10.8827 		4.0598 		4.3599
v 10.8709 		4.1211 		4.3599
v 10.8358 		4.181 		4.3599
v 10.7782 		4.2379 		4.3599
v 10.6996 		4.2903 		4.3599
v 10.6019 		4.3371 		4.3599
v 10.4875 		4.3771 		4.3599
v 10.3592 		4.4093 		4.3599
v 10.2202 		4.4328 		4.3599
v 10.0739 		4.4472 		4.3599
v 9.9239 		4.452 		4.3599
v -9.9239 		4.452 		4.3599
v -10.0739 		4.4472 		4.3599
v -10.2202 		4.4328 		4.3599
v -10.3592 		4.4093 		4.3599
v -10.4875 		4.3771 		4.3599
v -10.6019 		4.3371 		4.3599
v -10.6996 		4.2903 		4.3599
v -10.7782 		4.2379 		4.3599
v -10.8358 		4.181 		4.3599
v -10.8709 		4.1211 		4.3599
v -10.8827 		4.0598 		4.3599
v -10.9347 		-4.1253 		4.3493
v -10.9473 		-4.0598 		4.3493
v -10.8972 		-4.1892 		4.3493
v -10.8358 		-4.2499 		4.3493
v -10.7519 		-4.3059 		4.3493
v -10.6476 		-4.3558 		4.3493
v -10.5255 		-4.3985 		4.3493
v -10.3885 		-4.4328 		4.3493
v -10.2402 		-4.458 		4.3493
v -10.084 		-4.4733 		4.3493
v -9.9239 		-4.4785 		4.3493
v 9.9239 		-4.4785 		4.3493
v 10.084 		-4.4733 		4.3493
v 10.2402 		-4.458 		4.3493
v 10.3885 		-4.4328 		4.3493
v 10.5255 		-4.3985 		4.3493
v 10.6476 		-4.3558 		4.3493
v 10.7519 		-4.3059 		4.3493
v 10.8358 		-4.2499 		4.3493
v 10.8972 		-4.1892 		4.3493
v 10.9347 		-4.1253 		4.3493
v 10.9473 		-4.0598 		4.3493
v 10.9473 		4.0598 		4.3493
v 10.9347 		4.1253 		4.3493
v 10.8972 		4.1892 		4.3493
v 10.8358 		4.2499 		4.3493
v 10.7519 		4.3059 		4.3493
v 10.6476 		4.3558 		4.3493
v 10.5255 		4.3985 		4.3493
v 10.3885 		4.4328 		4.3493
v 10.2402 		4.458 		4.3493
v 10.084 		4.4733 		4.3493
v 9.9239 		4.4785 		4.3493
v -9.9239 		4.4785 		4.3493
v -10.084 		4.4733 		4.3493
v -10.2402 		4.458 		4.3493
v -10.3885 		4.4328 		4.3493
v -10.5255 		4.3985 		4.3493
v -10.6476 		4.3558 		4.3493
v -10.7519 		4.3059 		4.3493
v -10.8358 		4.2499 		4.3493
v -10.8972 		4.1892 		4.3493
v -10.9347 		4.1253 		4.3493
v -10.9473 		4.0598 		4.3493
v -10.9737 		-4.1278 		4.3381
v -10.9868 		-4.0598 		4.3381
v -10.9347 		-4.1941 		4.3381
v -10.8709 		-4.2572 		4.3381
v -10.7838 		-4.3154 		4.3381
v -10.6755 		-4.3672 		4.3381
v -10.5486 		-4.4115 		4.3381
v -10.4064 		-4.4472 		4.3381
v -10.2523 		-4.4733 		4.3381
v -10.0902 		-4.4892 		4.3381
v -9.9239 		-4.4946 		4.3381
v 9.9239 		-4.4946 		4.3381
v 10.0902 		-4.4892 		4.3381
v 10.2523 		-4.4733 		4.3381
v 10.4064 		-4.4472 		4.3381
v 10.5486 		-4.4115 		4.3381
v 10.6755 		-4.3672 		4.3381
v 10.7838 		-4.3154 		4.3381
v 10.8709 		-4.2572 		4.3381
v 10.9347 		-4.1941 		4.3381
v 10.9737 		-4.1278 		4.3381
v 10.9868 		-4.0598 		4.3381
v 10.9868 		4.0598 		4.3381
v 10.9737 		4.1278 		4.3381
v 10.9347 		4.1941 		4.3381
v 10.8709 		4.2572 		4.3381
v 10.7838 		4.3154 		4.3381
v 10.6755 		4.3672 		4.3381
v 10.5486 		4.4115 		4.3381
v 10.4064 		4.4472 		4.3381
v 10.2523 		4.4733 		4.3381
v 10.0902 		4.4892 		4.3381
v 9.9239 		4.4946 		4.3381
v -9.9239 		4.4946 		4.3381
v -10.0902 		4.4892 		4.3381
v -10.2523 		4.4733 		4.3381
v -10.4064 		4.4472 		4.3381
v -10.5486 		4.4115 		4.3381
v -10.6755 		4.3672 		4.3381
v -10.7838 		4.3154 		4.3381
v -10.8709 		4.2572 		4.3381
v -10.9347 		4.1941 		4.3381
v -10.9737 		4.1278 		4.3381
v -10.9868 		4.0598 		4.3381
v -10.9868 		-4.1286 		4.3266
v -11 		-4.0598 		4.3266
v -10.9473 		-4.1958 		4.3266
v -10.8827 		-4.2596 		4.3266
v -10.7945 		-4.3185 		4.3266
v -10.6848 		-4.3711 		4.3266
v -10.5564 		-4.4159 		4.3266
v -10.4124 		-4.452 		4.3266
v -10.2564 		-4.4785 		4.3266
v -10.0923 		-4.4946 		4.3266
v -9.9239 		-4.5 		4.3266
v 9.9239 		-4.5 		4.3266
v 10.0923 		-4.4946 		4.3266
v 10.2564 		-4.4785 		4.3266
v 10.4124 		-4.452 		4.3266
v 10.5564 		-4.4159 		4.3266
v 10.6848 		-4.3711 		4.3266
v 10.7945 		-4.3185 		4.3266
v 10.8827 		-4.2596 		4.3266
v 10.9473 		-4.1958 		4.3266
v 10.9868 		-4.1286 		4.3266
v 11 		-4.0598 		4.3266
v 11 		4.0598 		4.3266
v 10.9868 		4.1286 		4.3266
v 10.9473 		4.1958 		4.3266
v 10.8827 		4.2596 		4.3266
v 10.7945 		4.3185 		4.3266
v 10.6848 		4.3711 		4.3266
v 10.5564 		4.4159 		4.3266
v 10.4124 		4.452 		4.3266
v 10.2564 		4.4785 		4.3266
v 10.0923 		4.4946 		4.3266
v 9.9239 		4.5 		4.3266
v -9.9239 		4.5 		4.3266
v -10.0923 		4.4946 		4.3266
v -10.2564 		4.4785 		4.3266
v -10.4124 		4.452 		4.3266
v -10.5564 		4.4159 		4.3266
v -10.6848 		4.3711 		4.3266
v -10.7945 		4.3185 		4.3266
v -10.8827 		4.2596 		4.3266
v -10.9473 		4.1958 		4.3266
v -10.9868 		4.1286 		4.3266
v -11 		4.0598 		4.3266
v -10.9868 		-4.1286 		2.9734
v -11 		-4.0598 		2.9734
v -10.9473 		-4.1958 		2.9734
v -10.8827 		-4.2596 		2.9734
v -10.7945 		-4.3185 		2.9734
v -10.6848 		-4.3711 		2.9734
v -10.5564 		-4.4159 		2.9734
v -10.4124 		-4.452 		2.9734
v -10.2564 		-4.4785 		2.9734
v -10.0923 		-4.4946 		2.9734
v -9.9239 		-4.5 		2.9734
v 9.9239 		-4.5 		2.9734
v 10.0923 		-4.4946 		2.9734
v 10.2564 		-4.4785 		2.9734
v 10.4124 		-4.452 		2.9734
v 10.5564 		-4.4159 		2.9734
v 10.6848 		-4.3711 		2.9734
v 10.7945 		-4.3185 		2.9734
v 10.8827 		-4.2596 		2.9734
v 10.9473 		-4.1958 		2.9734
v 10.9868 		-4.1286 		2.9734
v 11 		-4.0598 		2.9734
v 11 		4.0598 		2.9734
v 10.9868 		4.1286 		2.9734
v 10.9473 		4.1958 		2.9734
v 10.8827 		4.2596 		2.9734
v 10.7945 		4.3185 		2.9734
v 10.6848 		4.3711 		2.9734
v 10.5564 		4.4159 		2.9734
v 10.4124 		4.452 		2.9734
v 10.2564 		4.4785 		2.9734
v 10.0923 		4.4946 		2.9734
v 9.9239 		4.5 		2.9734
v -9.9239 		4.5 		2.9734
v -10.0923 		4.4946 		2.9734
v -10.2564 		4.4785 		2.9734
v -10.4124 		4.452 		2.9734
v -10.5564 		4.4159 		2.9734
v -10.6848 		4.3711 		2.9734
v -10.7945 		4.3185 		2.9734
v -10.8827 		4.2596 		2.9734
v -10.9473 		4.1958 		2.9734
v -10.9868 		4.1286 		2.9734
v -11 		4.0598 		2.9734
v -10.9737 		-4.1278 		2.9619
v -10.9868 		-4.0598 		2.9619
v -10.9347 		-4.1941 		2.9619
v -10.8709 		-4.2572 		2.9619
v -10.7838 		-4.3154 		2.9619
v -10.6755 		-4.3672 		2.9619
v -10.5486 		-4.4115 		2.9619
v -10.4064 		-4.4472 		2.9619
v -10.2523 		-4.4733 		2.9619
v -10.0902 		-4.4892 		2.9619
v -9.9239 		-4.4946 		2.9619
v 9.9239 		-4.4946 		2.9619
v 10.0902 		-4.4892 		2.9619
v 10.2523 		-4.4733 		2.9619
v 10.4064 		-4.4472 		2.9619
v 10.5486 		-4.4115 		2.9619
v 10.6755 		-4.3672 		2.9619
v 10.7838 		-4.3154 		2.9619
v 10.8709 		-4.2572 		2.9619
v 10.9347 		-4.1941 		2.9619
v 10.9737 		-4.1278 		2.9619
v 10.9868 		-4.0598 		2.9619
v 10.9868 		4.0598 		2.9619
v 10.9737 		4.1278 		2.9619
v 10.9347 		4.1941 		2.9619
v 10.8709 		4.2572 		2.9619
v 10.7838 		4.3154 		2.9619
v 10.6755 		4.3672 		2.9619
v 10.5486 		4.4115 		2.9619
v 10.4064 		4.4472 		2.9619
v 10.2523 		4.4733 		2.9619
v 10.0902 		4.4892 		2.9619
v 9.9239 		4.4946 		2.9619
v -9.9239 		4.4946 		2.9619
v -10.0902 		4.4892 		2.9619
v -10.2523 		4.4733 		2.9619
v -10.4064 		4.4472 		2.9619
v -10.5486 		4.4115 		2.9619
v -10.6755 		4.3672 		2.9619
v -10.7838 		4.3154 		2.9619
v -10.8709 		4.2572 		2.9619
v -10.9347 		4.1941 		2.9619
v -10.9737 		4.1278 		2.9619
v -10.9868 		4.0598 		2.9619
v -10.9347 		-4.1253 		2.9507
v -10.9473 		-4.0598 		2.9507
v -10.8972 		-4.1892 		2.9507
v -10.8358 		-4.2499 		2.9507
v -10.7519 		-4.3059 		2.9507
v -10.6476 		-4.3558 		2.9507
v -10.5255 		-4.3985 		2.9507
v -10.3885 		-4.4328 		2.9507
v -10.2402 		-4.458 		2.9507
v -10.084 		-4.4733 		2.9507
v -9.9239 		-4.4785 		2.9507
v 9.9239 		-4.4785 		2.9507
v 10.084 		-4.4733 		2.9507
v 10.2402 		-4.458 		2.9507
v 10.3885 		-4.4328 		2.9507
v 10.5255 		-4.3985 		2.9507
v 10.6476 		-4.3558 		2.9507
v 10.7519 		-4.3059 		2.9507
v 10.8358 		-4.2499 		2.9507
v 10.8972 		-4.1892 		2.9507
v 10.9347 		-4.1253 		2.9507
v 10.9473 		-4.0598 		2.9507
v 10.9473 		4.0598 		2.9507
v 10.9347 		4.1253 		2.9507
v 10.8972 		4.1892 		2.9507
v 10.8358 		4.2499 		2.9507
v 10.7519 		4.3059 		2.9507
v 10.6476 		4.3558 		2.9507
v 10.5255 		4.3985 		2.9507
v 10.3885 		4.4328 		2.9507
v 10.2402 		4.458 		2.9507
v 10.084 		4.4733 		2.9507
v 9.9239 		4.4785 		2.9507
v -9.9239 		4.4785 		2.9507
v -10.084 		4.4733 		2.9507
v -10.2402 		4.458 		2.9507
v -10.3885 		4.4328 		2.9507
v -10.5255 		4.3985 		2.9507
v -10.6476 		4.3558 		2.9507
v -10.7519 		4.3059 		2.9507
v -10.8358 		4.2499 		2.9507
v -10.8972 		4.1892 		2.9507
v -10.9347 		4.1253 		2.9507
v -10.9473 		4.0598 		2.9507
v -10.8709 		-4.1211 		2.9401
v -10.8827 		-4.0598 		2.9401
v -10.8358 		-4.181 		2.9401
v -10.7782 		-4.2379 		2.9401
v -10.6996 		-4.2903 		2.9401
v -10.6019 		-4.3371 		2.9401
v -10.4875 		-4.3771 		2.9401
v -10.3592 		-4.4093 		2.9401
v -10.2202 		-4.4328 		2.9401
v -10.0739 		-4.4472 		2.9401
v -9.9239 		-4.452 		2.9401
v 9.9239 		-4.452 		2.9401
v 10.0739 		-4.4472 		2.9401
v 10.2202 		-4.4328 		2.9401
v 10.3592 		-4.4093 		2.9401
v 10.4875 		-4.3771 		2.9401
v 10.6019 		-4.3371 		2.9401
v 10.6996 		-4.2903 		2.9401
v 10.7782 		-4.2379 		2.9401
v 10.8358 		-4.181 		2.9401
v 10.8709 		-4.1211 		2.9401
v 10.8827 		-4.0598 		2.9401
v 10.8827 		4.0598 		2.9401
v 10.8709 		4.1211 		2.9401
v 10.8358 		4.181 		2.9401
v 10.7782 		4.2379 		2.9401
v 10.6996 		4.2903 		2.9401
v 10.6019 		4.3371 		2.9401
v 10.4875 		4.3771 		2.9401
v 10.3592 		4.4093 		2.9401
v 10.2202 		4.4328 		2.9401
v 10.0739 		4.4472 		2.9401
v 9.9239 		4.452 		2.9401
v -9.9239 		4.452 		2.9401
v -10.0739 		4.4472 		2.9401
v -10.2202 		4.4328 		2.9401
v -10.3592 		4.4093 		2.9401
v -10.4875 		4.3771 		2.9401
v -10.6019 		4.3371 		2.9401
v -10.6996 		4.2903 		2.9401
v -10.7782 		4.2379 		2.9401
v -10.8358 		4.181 		2.9401
v -10.8709 		4.1211 		2.9401
v -10.8827 		4.0598 		2.9401
v -10.7838 		-4.1155 		2.9302
v -10.7945 		-4.0598 		2.9302
v -10.7519 		-4.1698 		2.9302
v -10.6996 		-4.2215 		2.9302
v -10.6282 		-4.2691 		2.9302
v -10.5395 		-4.3116 		2.9302
v -10.4356 		-4.3479 		2.9302
v -10.3191 		-4.3771 		2.9302
v -10.1929 		-4.3985 		2.9302
v -10.0601 		-4.4115 		2.9302
v -9.9239 		-4.4159 		2.9302
v 9.9239 		-4.4159 		2.9302
v 10.0601 		-4.4115 		2.9302
v 10.1929 		-4.3985 		2.9302
v 10.3191 		-4.3771 		2.9302
v 10.4356 		-4.3479 		2.9302
v 10.5395 		-4.3116 		2.9302
v 10.6282 		-4.2691 		2.9302
v 10.6996 		-4.2215 		2.9302
v 10.7519 		-4.1698 		2.9302
v 10.7838 		-4.1155 		2.9302
v 10.7945 		-4.0598 		2.9302
v 10.7945 		4.0598 		2.9302
v 10.7838 		4.1155 		2.9302
v 10.7519 		4.1698 		2.9302
v 10.6996 		4.2215 		2.9302
v 10.6282 		4.2691 		2.9302
v 10.5395 		4.3116 		2.9302
v 10.4356 		4.3479 		2.9302
v 10.3191 		4.3771 		2.9302
v 10.1929 		4.3985 		2.9302
v 10.0601 		4.4115 		2.9302
v 9.9239 		4.4159 		2.9302
v -9.9239 		4.4159 		2.9302
v -10.0601 		4.4115 		2.9302
v -10.1929 		4.3985 		2.9302
v -10.3191 		4.3771 		2.9302
v -10.4356 		4.3479 		2.9302
v -10.5395 		4.3116 		2.9302
v -10.6282 		4.2691 		2.9302
v -10.6996 		4.2215 		2.9302
v -10.7519 		4.1698 		2.9302
v -10.7838 		4.1155 		2.9302
v -10.7945 		4.0598 		2.9302
v -10.6755 		-4.1085 		2.9215
v -10.6848 		-4.0598 		2.9215
v -10.6476 		-4.156 		2.9215
v -10.6019 		-4.2011 		2.9215
v -10.5395 		-4.2427 		2.9215
v -10.462 		-4.2799 		2.9215
v -10.3712 		-4.3116 		2.9215
v -10.2694 		-4.3371 		2.9215
v -10.159 		-4.3558 		2.9215
v -10.0429 		-4.3672 		2.9215
v -9.9239 		-4.3711 		2.9215
v 9.9239 		-4.3711 		2.9215
v 10.0429 		-4.3672 		2.9215
v 10.159 		-4.3558 		2.9215
v 10.2694 		-4.3371 		2.9215
v 10.3712 		-4.3116 		2.9215
v 10.462 		-4.2799 		2.9215
v 10.5395 		-4.2427 		2.9215
v 10.6019 		-4.2011 		2.9215
v 10.6476 		-4.156 		2.9215
v 10.6755 		-4.1085 		2.9215
v 10.6848 		-4.0598 		2.9215
v 10.6848 		4.0598 		2.9215
v 10.6755 		4.1085 		2.9215
v 10.6476 		4.156 		2.9215
v 10.6019 		4.2011 		2.9215
v 10.5395 		4.2427 		2.9215
v 10.462 		4.2799 		2.9215
v 10.3712 		4.3116 		2.9215
v 10.2694 		4.3371 		2.9215
v 10.159 		4.3558 		2.9215
v 10.0429 		4.3672 		2.9215
v 9.9239 		4.3711 		2.9215
v -9.9239 		4.3711 		2.9215
v -10.0429 		4.3672 		2.9215
v -10.159 		4.3558 		2.9215
v -10.2694 		4.3371 		2.9215
v -10.3712 		4.3116 		2.9215
v -10.462 		4.2799 		2.9215
v -10.5395 		4.2427 		2.9215
v -10.6019 		4.2011 		2.9215
v -10.6476 		4.156 		2.9215
v -10.6755 		4.1085 		2.9215
v -10.6848 		4.0598 		2.9215
v -10.5486 		-4.1003 		2.914
v -10.5564 		-4.0598 		2.914
v -10.5255 		-4.1397 		2.914
v -10.4875 		-4.1773 		2.914
v -10.4356 		-4.2119 		2.914
v -10.3712 		-4.2427 		2.914
v -10.2957 		-4.2691 		2.914
v -10.2111 		-4.2903 		2.914
v -10.1194 		-4.3059 		2.914
v -10.0229 		-4.3154 		2.914
v -9.9239 		-4.3185 		2.914
v 9.9239 		-4.3185 		2.914
v 10.0229 		-4.3154 		2.914
v 10.1194 		-4.3059 		2.914
v 10.2111 		-4.2903 		2.914
v 10.2957 		-4.2691 		2.914
v 10.3712 		-4.2427 		2.914
v 10.4356 		-4.2119 		2.914
v 10.4875 		-4.1773 		2.914
v 10.5255 		-4.1397 		2.914
v 10.5486 		-4.1003 		2.914
v 10.5564 		-4.0598 		2.914
v 10.5564 		4.0598 		2.914
v 10.5486 		4.1003 		2.914
v 10.5255 		4.1397 		2.914
v 10.4875 		4.1773 		2.914
v 10.4356 		4.2119 		2.914
v 10.3712 		4.2427 		2.914
v 10.2957 		4.2691 		2.914
v 10.2111 		4.2903 		2.914
v 10.1194 		4.3059 		2.914
v 10.0229 		4.3154 		2.914
v 9.9239 		4.3185 		2.914
v -9.9239 		4.3185 		2.914
v -10.0229 		4.3154 		2.914
v -10.1194 		4.3059 		2.914
v -10.2111 		4.2903 		2.914
v -10.2957 		4.2691 		2.914
v -10.3712 		4.2427 		2.914
v -10.4356 		4.2119 		2.914
v -10.4875 		4.1773 		2.914
v -10.5255 		4.1397 		2.914
v -10.5486 		4.1003 		2.914
v -10.5564 		4.0598 		2.914
v -10.4064 		-4.091 		2.908
v -10.4124 		-4.0598 		2.908
v -10.3885 		-4.1215 		2.908
v -10.3592 		-4.1505 		2.908
v -10.3191 		-4.1773 		2.908
v -10.2694 		-4.2011 		2.908
v -10.2111 		-4.2215 		2.908
v -10.1457 		-4.2379 		2.908
v -10.0749 		-4.2499 		2.908
v -10.0003 		-4.2572 		2.908
v -9.9239 		-4.2596 		2.908
v 9.9239 		-4.2596 		2.908
v 10.0003 		-4.2572 		2.908
v 10.0749 		-4.2499 		2.908
v 10.1457 		-4.2379 		2.908
v 10.2111 		-4.2215 		2.908
v 10.2694 		-4.2011 		2.908
v 10.3191 		-4.1773 		2.908
v 10.3592 		-4.1505 		2.908
v 10.3885 		-4.1215 		2.908
v 10.4064 		-4.091 		2.908
v 10.4124 		-4.0598 		2.908
v 10.4124 		4.0598 		2.908
v 10.4064 		4.091 		2.908
v 10.3885 		4.1215 		2.908
v 10.3592 		4.1505 		2.908
v 10.3191 		4.1773 		2.908
v 10.2694 		4.2011 		2.908
v 10.2111 		4.2215 		2.908
v 10.1457 		4.2379 		2.908
v 10.0749 		4.2499 		2.908
v 10.0003 		4.2572 		2.908
v 9.9239 		4.2596 		2.908
v -9.9239 		4.2596 		2.908
v -10.0003 		4.2572 		2.908
v -10.0749 		4.2499 		2.908
v -10.1457 		4.2379 		2.908
v -10.2111 		4.2215 		2.908
v -10.2694 		4.2011 		2.908
v -10.3191 		4.1773 		2.908
v -10.3592 		4.1505 		2.908
v -10.3885 		4.1215 		2.908
v -10.4064 		4.091 		2.908
v -10.4124 		4.0598 		2.908
v -10.2523 		-4.0811 		2.9036
v -10.2564 		-4.0598 		2.9036
v -10.2402 		-4.1018 		2.9036
v -10.2202 		-4.1215 		2.9036
v -10.1929 		-4.1397 		2.9036
v -10.159 		-4.156 		2.9036
v -10.1194 		-4.1698 		2.9036
v -10.0749 		-4.181 		2.9036
v -10.0267 		-4.1892 		2.9036
v -9.9759 		-4.1941 		2.9036
v -9.9239 		-4.1958 		2.9036
v 9.9239 		-4.1958 		2.9036
v 9.9759 		-4.1941 		2.9036
v 10.0267 		-4.1892 		2.9036
v 10.0749 		-4.181 		2.9036
v 10.1194 		-4.1698 		2.9036
v 10.159 		-4.156 		2.9036
v 10.1929 		-4.1397 		2.9036
v 10.2202 		-4.1215 		2.9036
v 10.2402 		-4.1018 		2.9036
v 10.2523 		-4.0811 		2.9036
v 10.2564 		-4.0598 		2.9036
v 10.2564 		4.0598 		2.9036
v 10.2523 		4.0811 		2.9036
v 10.2402 		4.1018 		2.9036
v 10.2202 		4.1215 		2.9036
v 10.1929 		4.1397 		2.9036
v 10.159 		4.156 		2.9036
v 10.1194 		4.1698 		2.9036
v 10.0749 		4.181 		2.9036
v 10.0267 		4.1892 		2.9036
v 9.9759 		4.1941 		2.9036
v 9.9239 		4.1958 		2.9036
v -9.9239 		4.1958 		2.9036
v -9.9759 		4.1941 		2.9036
v -10.0267 		4.1892 		2.9036
v -10.0749 		4.181 		2.9036
v -10.1194 		4.1698 		2.9036
v -10.159 		4.156 		2.9036
v -10.1929 		4.1397 		2.9036
v -10.2202 		4.1215 		2.9036
v -10.2402 		4.1018 		2.9036
v -10.2523 		4.0811 		2.9036
v -10.2564 		4.0598 		2.9036
v -10.0902 		-4.0706 		2.9009
v -10.0923 		-4.0598 		2.9009
v -10.084 		-4.0811 		2.9009
v -10.0739 		-4.091 		2.9009
v -10.0601 		-4.1003 		2.9009
v -10.0429 		-4.1085 		2.9009
v -10.0229 		-4.1155 		2.9009
v -10.0003 		-4.1211 		2.9009
v -9.9759 		-4.1253 		2.9009
v -9.9502 		-4.1278 		2.9009
v -9.9239 		-4.1286 		2.9009
v 9.9239 		-4.1286 		2.9009
v 9.9502 		-4.1278 		2.9009
v 9.9759 		-4.1253 		2.9009
v 10.0003 		-4.1211 		2.9009
v 10.0229 		-4.1155 		2.9009
v 10.0429 		-4.1085 		2.9009
v 10.0601 		-4.1003 		2.9009
v 10.0739 		-4.091 		2.9009
v 10.084 		-4.0811 		2.9009
v 10.0902 		-4.0706 		2.9009
v 10.0923 		-4.0598 		2.9009
v 10.0923 		4.0598 		2.9009
v 10.0902 		4.0706 		2.9009
v 10.084 		4.0811 		2.9009
v 10.0739 		4.091 		2.9009
v 10.0601 		4.1003 		2.9009
v 10.0429 		4.1085 		2.9009
v 10.0229 		4.1155 		2.9009
v 10.0003 		4.1211 		2.9009
v 9.9759 		4.1253 		2.9009
v 9.9502 		4.1278 		2.9009
v 9.9239 		4.1286 		2.9009
v -9.9239 		4.1286 		2.9009
v -9.9502 		4.1278 		2.9009
v -9.9759 		4.1253 		2.9009
v -10.0003 		4.1211 		2.9009
v -10.0229 		4.1155 		2.9009
v -10.0429 		4.1085 		2.9009
v -10.0601 		4.1003 		2.9009
v -10.0739 		4.091 		2.9009
v -10.084 		4.0811 		2.9009
v -10.0902 		4.0706 		2.9009
v -10.0923 		4.0598 		2.9009
v -9.9239 		-4.0598 		2.9
v 9.9239 		-4.0598 		2.9
v 9.9239 		4.0598 		2.9
v -9.9239 		4.0598 		2.9
# 888 vertices

g group_0_10988977

usemtl color_10988977
s 0

f 1 	2 	3
f 1 	3 	4
f 1 	4 	5
f 1 	5 	6
f 1 	6 	7
f 1 	7 	8
f 1 	8 	9
f 1 	9 	10
f 1 	10 	11
f 1 	11 	12
f 13 	1 	14
f 1 	12 	14
f 13 	14 	15
f 13 	15 	16
f 13 	16 	17
f 13 	17 	18
f 13 	18 	19
f 13 	19 	20
f 13 	20 	21
f 13 	21 	22
f 13 	22 	23
f 13 	23 	24
f 25 	13 	26
f 13 	24 	26
f 25 	26 	27
f 25 	27 	28
f 25 	28 	29
f 25 	29 	30
f 25 	30 	31
f 25 	31 	32
f 25 	32 	33
f 25 	33 	34
f 25 	34 	35
f 25 	35 	36
f 37 	25 	38
f 25 	36 	38
f 37 	38 	39
f 37 	39 	40
f 37 	40 	41
f 37 	41 	42
f 37 	42 	43
f 37 	43 	44
f 37 	44 	45
f 37 	45 	46
f 37 	46 	47
f 37 	47 	48
f 1 	37 	2
f 37 	48 	2
f 3 	2 	49
f 2 	50 	49
f 4 	3 	51
f 3 	49 	51
f 5 	4 	52
f 4 	51 	52
f 6 	5 	53
f 5 	52 	53
f 7 	6 	54
f 6 	53 	54
f 8 	7 	55
f 7 	54 	55
f 9 	8 	56
f 8 	55 	56
f 10 	9 	57
f 9 	56 	57
f 11 	10 	58
f 10 	57 	58
f 12 	11 	59
f 11 	58 	59
f 14 	12 	60
f 12 	59 	60
f 15 	14 	61
f 14 	60 	61
f 16 	15 	62
f 15 	61 	62
f 17 	16 	63
f 16 	62 	63
f 18 	17 	64
f 17 	63 	64
f 19 	18 	65
f 18 	64 	65
f 20 	19 	66
f 19 	65 	66
f 21 	20 	67
f 20 	66 	67
f 22 	21 	68
f 21 	67 	68
f 23 	22 	69
f 22 	68 	69
f 24 	23 	70
f 23 	69 	70
f 26 	24 	71
f 24 	70 	71
f 27 	26 	72
f 26 	71 	72
f 28 	27 	73
f 27 	72 	73
f 29 	28 	74
f 28 	73 	74
f 30 	29 	75
f 29 	74 	75
f 31 	30 	76
f 30 	75 	76
f 32 	31 	77
f 31 	76 	77
f 33 	32 	78
f 32 	77 	78
f 34 	33 	79
f 33 	78 	79
f 35 	34 	80
f 34 	79 	80
f 36 	35 	81
f 35 	80 	81
f 38 	36 	82
f 36 	81 	82
f 39 	38 	83
f 38 	82 	83
f 40 	39 	84
f 39 	83 	84
f 41 	40 	85
f 40 	84 	85
f 42 	41 	86
f 41 	85 	86
f 43 	42 	87
f 42 	86 	87
f 44 	43 	88
f 43 	87 	88
f 45 	44 	89
f 44 	88 	89
f 46 	45 	90
f 45 	89 	90
f 47 	46 	91
f 46 	90 	91
f 48 	47 	92
f 47 	91 	92
f 2 	48 	50
f 48 	92 	50
f 49 	50 	93
f 50 	94 	93
f 51 	49 	95
f 49 	93 	95
f 52 	51 	96
f 51 	95 	96
f 53 	52 	97
f 52 	96 	97
f 54 	53 	98
f 53 	97 	98
f 55 	54 	99
f 54 	98 	99
f 56 	55 	100
f 55 	99 	100
f 57 	56 	101
f 56 	100 	101
f 58 	57 	102
f 57 	101 	102
f 59 	58 	103
f 58 	102 	103
f 60 	59 	104
f 59 	103 	104
f 61 	60 	105
f 60 	104 	105
f 62 	61 	106
f 61 	105 	106
f 63 	62 	107
f 62 	106 	107
f 64 	63 	108
f 63 	107 	108
f 65 	64 	109
f 64 	108 	109
f 66 	65 	110
f 65 	109 	110
f 67 	66 	111
f 66 	110 	111
f 68 	67 	112
f 67 	111 	112
f 69 	68 	113
f 68 	112 	113
f 70 	69 	114
f 69 	113 	114
f 71 	70 	115
f 70 	114 	115
f 72 	71 	116
f 71 	115 	116
f 73 	72 	117
f 72 	116 	117
f 74 	73 	118
f 73 	117 	118
f 75 	74 	119
f 74 	118 	119
f 76 	75 	120
f 75 	119 	120
f 77 	76 	121
f 76 	120 	121
f 78 	77 	122
f 77 	121 	122
f 79 	78 	123
f 78 	122 	123
f 80 	79 	124
f 79 	123 	124
f 81 	80 	125
f 80 	124 	125
f 82 	81 	126
f 81 	125 	126
f 83 	82 	127
f 82 	126 	127
f 84 	83 	128
f 83 	127 	128
f 85 	84 	129
f 84 	128 	129
f 86 	85 	130
f 85 	129 	130
f 87 	86 	131
f 86 	130 	131
f 88 	87 	132
f 87 	131 	132
f 89 	88 	133
f 88 	132 	133
f 90 	89 	134
f 89 	133 	134
f 91 	90 	135
f 90 	134 	135
f 92 	91 	136
f 91 	135 	136
f 50 	92 	94
f 92 	136 	94
f 93 	94 	137
f 94 	138 	137
f 95 	93 	139
f 93 	137 	139
f 96 	95 	140
f 95 	139 	140
f 97 	96 	141
f 96 	140 	141
f 98 	97 	142
f 97 	141 	142
f 99 	98 	143
f 98 	142 	143
f 100 	99 	144
f 99 	143 	144
f 101 	100 	145
f 100 	144 	145
f 102 	101 	146
f 101 	145 	146
f 103 	102 	147
f 102 	146 	147
f 104 	103 	148
f 103 	147 	148
f 105 	104 	149
f 104 	148 	149
f 106 	105 	150
f 105 	149 	150
f 107 	106 	151
f 106 	150 	151
f 108 	107 	152
f 107 	151 	152
f 109 	108 	153
f 108 	152 	153
f 110 	109 	154
f 109 	153 	154
f 111 	110 	155
f 110 	154 	155
f 112 	111 	156
f 111 	155 	156
f 113 	112 	157
f 112 	156 	157
f 114 	113 	158
f 113 	157 	158
f 115 	114 	159
f 114 	158 	159
f 116 	115 	160
f 115 	159 	160
f 117 	116 	161
f 116 	160 	161
f 118 	117 	162
f 117 	161 	162
f 119 	118 	163
f 118 	162 	163
f 120 	119 	164
f 119 	163 	164
f 121 	120 	165
f 120 	164 	165
f 122 	121 	166
f 121 	165 	166
f 123 	122 	167
f 122 	166 	167
f 124 	123 	168
f 123 	167 	168
f 125 	124 	169
f 124 	168 	169
f 126 	125 	170
f 125 	169 	170
f 127 	126 	171
f 126 	170 	171
f 128 	127 	172
f 127 	171 	172
f 129 	128 	173
f 128 	172 	173
f 130 	129 	174
f 129 	173 	174
f 131 	130 	175
f 130 	174 	175
f 132 	131 	176
f 131 	175 	176
f 133 	132 	177
f 132 	176 	177
f 134 	133 	178
f 133 	177 	178
f 135 	134 	179
f 134 	178 	179
f 136 	135 	180
f 135 	179 	180
f 94 	136 	138
f 136 	180 	138
f 137 	138 	181
f 138 	182 	181
f 139 	137 	183
f 137 	181 	183
f 140 	139 	184
f 139 	183 	184
f 141 	140 	185
f 140 	184 	185
f 142 	141 	186
f 141 	185 	186
f 143 	142 	187
f 142 	186 	187
f 144 	143 	188
f 143 	187 	188
f 145 	144 	189
f 144 	188 	189
f 146 	145 	190
f 145 	189 	190
f 147 	146 	191
f 146 	190 	191
f 148 	147 	192
f 147 	191 	192
f 149 	148 	193
f 148 	192 	193
f 150 	149 	194
f 149 	193 	194
f 151 	150 	195
f 150 	194 	195
f 152 	151 	196
f 151 	195 	196
f 153 	152 	197
f 152 	196 	197
f 154 	153 	198
f 153 	197 	198
f 155 	154 	199
f 154 	198 	199
f 156 	155 	200
f 155 	199 	200
f 157 	156 	201
f 156 	200 	201
f 158 	157 	202
f 157 	201 	202
f 159 	158 	203
f 158 	202 	203
f 160 	159 	204
f 159 	203 	204
f 161 	160 	205
f 160 	204 	205
f 162 	161 	206
f 161 	205 	206
f 163 	162 	207
f 162 	206 	207
f 164 	163 	208
f 163 	207 	208
f 165 	164 	209
f 164 	208 	209
f 166 	165 	210
f 165 	209 	210
f 167 	166 	211
f 166 	210 	211
f 168 	167 	212
f 167 	211 	212
f 169 	168 	213
f 168 	212 	213
f 170 	169 	214
f 169 	213 	214
f 171 	170 	215
f 170 	214 	215
f 172 	171 	216
f 171 	215 	216
f 173 	172 	217
f 172 	216 	217
f 174 	173 	218
f 173 	217 	218
f 175 	174 	219
f 174 	218 	219
f 176 	175 	220
f 175 	219 	220
f 177 	176 	221
f 176 	220 	221
f 178 	177 	222
f 177 	221 	222
f 179 	178 	223
f 178 	222 	223
f 180 	179 	224
f 179 	223 	224
f 138 	180 	182
f 180 	224 	182
f 181 	182 	225
f 182 	226 	225
f 183 	181 	227
f 181 	225 	227
f 184 	183 	228
f 183 	227 	228
f 185 	184 	229
f 184 	228 	229
f 186 	185 	230
f 185 	229 	230
f 187 	186 	231
f 186 	230 	231
f 188 	187 	232
f 187 	231 	232
f 189 	188 	233
f 188 	232 	233
f 190 	189 	234
f 189 	233 	234
f 191 	190 	235
f 190 	234 	235
f 192 	191 	236
f 191 	235 	236
f 193 	192 	237
f 192 	236 	237
f 194 	193 	238
f 193 	237 	238
f 195 	194 	239
f 194 	238 	239
f 196 	195 	240
f 195 	239 	240
f 197 	196 	241
f 196 	240 	241
f 198 	197 	242
f 197 	241 	242
f 199 	198 	243
f 198 	242 	243
f 200 	199 	244
f 199 	243 	244
f 201 	200 	245
f 200 	244 	245
f 202 	201 	246
f 201 	245 	246
f 203 	202 	247
f 202 	246 	247
f 204 	203 	248
f 203 	247 	248
f 205 	204 	249
f 204 	248 	249
f 206 	205 	250
f 205 	249 	250
f 207 	206 	251
f 206 	250 	251
f 208 	207 	252
f 207 	251 	252
f 209 	208 	253
f 208 	252 	253
f 210 	209 	254
f 209 	253 	254
f 211 	210 	255
f 210 	254 	255
f 212 	211 	256
f 211 	255 	256
f 213 	212 	257
f 212 	256 	257
f 214 	213 	258
f 213 	257 	258
f 215 	214 	259
f 214 	258 	259
f 216 	215 	260
f 215 	259 	260
f 217 	216 	261
f 216 	260 	261
f 218 	217 	262
f 217 	261 	262
f 219 	218 	263
f 218 	262 	263
f 220 	219 	264
f 219 	263 	264
f 221 	220 	265
f 220 	264 	265
f 222 	221 	266
f 221 	265 	266
f 223 	222 	267
f 222 	266 	267
f 224 	223 	268
f 223 	267 	268
f 182 	224 	226
f 224 	268 	226
f 225 	226 	269
f 226 	270 	269
f 227 	225 	271
f 225 	269 	271
f 228 	227 	272
f 227 	271 	272
f 229 	228 	273
f 228 	272 	273
f 230 	229 	274
f 229 	273 	274
f 231 	230 	275
f 230 	274 	275
f 232 	231 	276
f 231 	275 	276
f 233 	232 	277
f 232 	276 	277
f 234 	233 	278
f 233 	277 	278
f 235 	234 	279
f 234 	278 	279
f 236 	235 	280
f 235 	279 	280
f 237 	236 	281
f 236 	280 	281
f 238 	237 	282
f 237 	281 	282
f 239 	238 	283
f 238 	282 	283
f 240 	239 	284
f 239 	283 	284
f 241 	240 	285
f 240 	284 	285
f 242 	241 	286
f 241 	285 	286
f 243 	242 	287
f 242 	286 	287
f 244 	243 	288
f 243 	287 	288
f 245 	244 	289
f 244 	288 	289
f 246 	245 	290
f 245 	289 	290
f 247 	246 	291
f 246 	290 	291
f 248 	247 	292
f 247 	291 	292
f 249 	248 	293
f 248 	292 	293
f 250 	249 	294
f 249 	293 	294
f 251 	250 	295
f 250 	294 	295
f 252 	251 	296
f 251 	295 	296
f 253 	252 	297
f 252 	296 	297
f 254 	253 	298
f 253 	297 	298
f 255 	254 	299
f 254 	298 	299
f 256 	255 	300
f 255 	299 	300
f 257 	256 	301
f 256 	300 	301
f 258 	257 	302
f 257 	301 	302
f 259 	258 	303
f 258 	302 	303
f 260 	259 	304
f 259 	303 	304
f 261 	260 	305
f 260 	304 	305
f 262 	261 	306
f 261 	305 	306
f 263 	262 	307
f 262 	306 	307
f 264 	263 	308
f 263 	307 	308
f 265 	264 	309
f 264 	308 	309
f 266 	265 	310
f 265 	309 	310
f 267 	266 	311
f 266 	310 	311
f 268 	267 	312
f 267 	311 	312
f 226 	268 	270
f 268 	312 	270
f 269 	270 	313
f 270 	314 	313
f 271 	269 	315
f 269 	313 	315
f 272 	271 	316
f 271 	315 	316
f 273 	272 	317
f 272 	316 	317
f 274 	273 	318
f 273 	317 	318
f 275 	274 	319
f 274 	318 	319
f 276 	275 	320
f 275 	319 	320
f 277 	276 	321
f 276 	320 	321
f 278 	277 	322
f 277 	321 	322
f 279 	278 	323
f 278 	322 	323
f 280 	279 	324
f 279 	323 	324
f 281 	280 	325
f 280 	324 	325
f 282 	281 	326
f 281 	325 	326
f 283 	282 	327
f 282 	326 	327
f 284 	283 	328
f 283 	327 	328
f 285 	284 	329
f 284 	328 	329
f 286 	285 	330
f 285 	329 	330
f 287 	286 	331
f 286 	330 	331
f 288 	287 	332
f 287 	331 	332
f 289 	288 	333
f 288 	332 	333
f 290 	289 	334
f 289 	333 	334
f 291 	290 	335
f 290 	334 	335
f 292 	291 	336
f 291 	335 	336
f 293 	292 	337
f 292 	336 	337
f 294 	293 	338
f 293 	337 	338
f 295 	294 	339
f 294 	338 	339
f 296 	295 	340
f 295 	339 	340
f 297 	296 	341
f 296 	340 	341
f 298 	297 	342
f 297 	341 	342
f 299 	298 	343
f 298 	342 	343
f 300 	299 	344
f 299 	343 	344
f 301 	300 	345
f 300 	344 	345
f 302 	301 	346
f 301 	345 	346
f 303 	302 	347
f 302 	346 	347
f 304 	303 	348
f 303 	347 	348
f 305 	304 	349
f 304 	348 	349
f 306 	305 	350
f 305 	349 	350
f 307 	306 	351
f 306 	350 	351
f 308 	307 	352
f 307 	351 	352
f 309 	308 	353
f 308 	352 	353
f 310 	309 	354
f 309 	353 	354
f 311 	310 	355
f 310 	354 	355
f 312 	311 	356
f 311 	355 	356
f 270 	312 	314
f 312 	356 	314
f 313 	314 	357
f 314 	358 	357
f 315 	313 	359
f 313 	357 	359
f 316 	315 	360
f 315 	359 	360
f 317 	316 	361
f 316 	360 	361
f 318 	317 	362
f 317 	361 	362
f 319 	318 	363
f 318 	362 	363
f 320 	319 	364
f 319 	363 	364
f 321 	320 	365
f 320 	364 	365
f 322 	321 	366
f 321 	365 	366
f 323 	322 	367
f 322 	366 	367
f 324 	323 	368
f 323 	367 	368
f 325 	324 	369
f 324 	368 	369
f 326 	325 	370
f 325 	369 	370
f 327 	326 	371
f 326 	370 	371
f 328 	327 	372
f 327 	371 	372
f 329 	328 	373
f 328 	372 	373
f 330 	329 	374
f 329 	373 	374
f 331 	330 	375
f 330 	374 	375
f 332 	331 	376
f 331 	375 	376
f 333 	332 	377
f 332 	376 	377
f 334 	333 	378
f 333 	377 	378
f 335 	334 	379
f 334 	378 	379
f 336 	335 	380
f 335 	379 	380
f 337 	336 	381
f 336 	380 	381
f 338 	337 	382
f 337 	381 	382
f 339 	338 	383
f 338 	382 	383
f 340 	339 	384
f 339 	383 	384
f 341 	340 	385
f 340 	384 	385
f 342 	341 	386
f 341 	385 	386
f 343 	342 	387
f 342 	386 	387
f 344 	343 	388
f 343 	387 	388
f 345 	344 	389
f 344 	388 	389
f 346 	345 	390
f 345 	389 	390
f 347 	346 	391
f 346 	390 	391
f 348 	347 	392
f 347 	391 	392
f 349 	348 	393
f 348 	392 	393
f 350 	349 	394
f 349 	393 	394
f 351 	350 	395
f 350 	394 	395
f 352 	351 	396
f 351 	395 	396
f 353 	352 	397
f 352 	396 	397
f 354 	353 	398
f 353 	397 	398
f 355 	354 	399
f 354 	398 	399
f 356 	355 	400
f 355 	399 	400
f 314 	356 	358
f 356 	400 	358
f 357 	358 	401
f 358 	402 	401
f 359 	357 	403
f 357 	401 	403
f 360 	359 	404
f 359 	403 	404
f 361 	360 	405
f 360 	404 	405
f 362 	361 	406
f 361 	405 	406
f 363 	362 	407
f 362 	406 	407
f 364 	363 	408
f 363 	407 	408
f 365 	364 	409
f 364 	408 	409
f 366 	365 	410
f 365 	409 	410
f 367 	366 	411
f 366 	410 	411
f 368 	367 	412
f 367 	411 	412
f 369 	368 	413
f 368 	412 	413
f 370 	369 	414
f 369 	413 	414
f 371 	370 	415
f 370 	414 	415
f 372 	371 	416
f 371 	415 	416
f 373 	372 	417
f 372 	416 	417
f 374 	373 	418
f 373 	417 	418
f 375 	374 	419
f 374 	418 	419
f 376 	375 	420
f 375 	419 	420
f 377 	376 	421
f 376 	420 	421
f 378 	377 	422
f 377 	421 	422
f 379 	378 	423
f 378 	422 	423
f 380 	379 	424
f 379 	423 	424
f 381 	380 	425
f 380 	424 	425
f 382 	381 	426
f 381 	425 	426
f 383 	382 	427
f 382 	426 	427
f 384 	383 	428
f 383 	427 	428
f 385 	384 	429
f 384 	428 	429
f 386 	385 	430
f 385 	429 	430
f 387 	386 	431
f 386 	430 	431
f 388 	387 	432
f 387 	431 	432
f 389 	388 	433
f 388 	432 	433
f 390 	389 	434
f 389 	433 	434
f 391 	390 	435
f 390 	434 	435
f 392 	391 	436
f 391 	435 	436
f 393 	392 	437
f 392 	436 	437
f 394 	393 	438
f 393 	437 	438
f 395 	394 	439
f 394 	438 	439
f 396 	395 	440
f 395 	439 	440
f 397 	396 	441
f 396 	440 	441
f 398 	397 	442
f 397 	441 	442
f 399 	398 	443
f 398 	442 	443
f 400 	399 	444
f 399 	443 	444
f 358 	400 	402
f 400 	444 	402
f 401 	402 	445
f 402 	446 	445
f 403 	401 	447
f 401 	445 	447
f 404 	403 	448
f 403 	447 	448
f 405 	404 	449
f 404 	448 	449
f 406 	405 	450
f 405 	449 	450
f 407 	406 	451
f 406 	450 	451
f 408 	407 	452
f 407 	451 	452
f 409 	408 	453
f 408 	452 	453
f 410 	409 	454
f 409 	453 	454
f 411 	410 	455
f 410 	454 	455
f 412 	411 	456
f 411 	455 	456
f 413 	412 	457
f 412 	456 	457
f 414 	413 	458
f 413 	457 	458
f 415 	414 	459
f 414 	458 	459
f 416 	415 	460
f 415 	459 	460
f 417 	416 	461
f 416 	460 	461
f 418 	417 	462
f 417 	461 	462
f 419 	418 	463
f 418 	462 	463
f 420 	419 	464
f 419 	463 	464
f 421 	420 	465
f 420 	464 	465
f 422 	421 	466
f 421 	465 	466
f 423 	422 	467
f 422 	466 	467
f 424 	423 	468
f 423 	467 	468
f 425 	424 	469
f 424 	468 	469
f 426 	425 	470
f 425 	469 	470
f 427 	426 	471
f 426 	470 	471
f 428 	427 	472
f 427 	471 	472
f 429 	428 	473
f 428 	472 	473
f 430 	429 	474
f 429 	473 	474
f 431 	430 	475
f 430 	474 	475
f 432 	431 	476
f 431 	475 	476
f 433 	432 	477
f 432 	476 	477
f 434 	433 	478
f 433 	477 	478
f 435 	434 	479
f 434 	478 	479
f 436 	435 	480
f 435 	479 	480
f 437 	436 	481
f 436 	480 	481
f 438 	437 	482
f 437 	481 	482
f 439 	438 	483
f 438 	482 	483
f 440 	439 	484
f 439 	483 	484
f 441 	440 	485
f 440 	484 	485
f 442 	441 	486
f 441 	485 	486
f 443 	442 	487
f 442 	486 	487
f 444 	443 	488
f 443 	487 	488
f 402 	444 	446
f 444 	488 	446
f 445 	446 	489
f 446 	490 	489
f 447 	445 	491
f 445 	489 	491
f 448 	447 	492
f 447 	491 	492
f 449 	448 	493
f 448 	492 	493
f 450 	449 	494
f 449 	493 	494
f 451 	450 	495
f 450 	494 	495
f 452 	451 	496
f 451 	495 	496
f 453 	452 	497
f 452 	496 	497
f 454 	453 	498
f 453 	497 	498
f 455 	454 	499
f 454 	498 	499
f 456 	455 	500
f 455 	499 	500
f 457 	456 	501
f 456 	500 	501
f 458 	457 	502
f 457 	501 	502
f 459 	458 	503
f 458 	502 	503
f 460 	459 	504
f 459 	503 	504
f 461 	460 	505
f 460 	504 	505
f 462 	461 	506
f 461 	505 	506
f 463 	462 	507
f 462 	506 	507
f 464 	463 	508
f 463 	507 	508
f 465 	464 	509
f 464 	508 	509
f 466 	465 	510
f 465 	509 	510
f 467 	466 	511
f 466 	510 	511
f 468 	467 	512
f 467 	511 	512
f 469 	468 	513
f 468 	512 	513
f 470 	469 	514
f 469 	513 	514
f 471 	470 	515
f 470 	514 	515
f 472 	471 	516
f 471 	515 	516
f 473 	472 	517
f 472 	516 	517
f 474 	473 	518
f 473 	517 	518
f 475 	474 	519
f 474 	518 	519
f 476 	475 	520
f 475 	519 	520
f 477 	476 	521
f 476 	520 	521
f 478 	477 	522
f 477 	521 	522
f 479 	478 	523
f 478 	522 	523
f 480 	479 	524
f 479 	523 	524
f 481 	480 	525
f 480 	524 	525
f 482 	481 	526
f 481 	525 	526
f 483 	482 	527
f 482 	526 	527
f 484 	483 	528
f 483 	527 	528
f 485 	484 	529
f 484 	528 	529
f 486 	485 	530
f 485 	529 	530
f 487 	486 	531
f 486 	530 	531
f 488 	487 	532
f 487 	531 	532
f 446 	488 	490
f 488 	532 	490
f 489 	490 	533
f 490 	534 	533
f 491 	489 	535
f 489 	533 	535
f 492 	491 	536
f 491 	535 	536
f 493 	492 	537
f 492 	536 	537
f 494 	493 	538
f 493 	537 	538
f 495 	494 	539
f 494 	538 	539
f 496 	495 	540
f 495 	539 	540
f 497 	496 	541
f 496 	540 	541
f 498 	497 	542
f 497 	541 	542
f 499 	498 	543
f 498 	542 	543
f 500 	499 	544
f 499 	543 	544
f 501 	500 	545
f 500 	544 	545
f 502 	501 	546
f 501 	545 	546
f 503 	502 	547
f 502 	546 	547
f 504 	503 	548
f 503 	547 	548
f 505 	504 	549
f 504 	548 	549
f 506 	505 	550
f 505 	549 	550
f 507 	506 	551
f 506 	550 	551
f 508 	507 	552
f 507 	551 	552
f 509 	508 	553
f 508 	552 	553
f 510 	509 	554
f 509 	553 	554
f 511 	510 	555
f 510 	554 	555
f 512 	511 	556
f 511 	555 	556
f 513 	512 	557
f 512 	556 	557
f 514 	513 	558
f 513 	557 	558
f 515 	514 	559
f 514 	558 	559
f 516 	515 	560
f 515 	559 	560
f 517 	516 	561
f 516 	560 	561
f 518 	517 	562
f 517 	561 	562
f 519 	518 	563
f 518 	562 	563
f 520 	519 	564
f 519 	563 	564
f 521 	520 	565
f 520 	564 	565
f 522 	521 	566
f 521 	565 	566
f 523 	522 	567
f 522 	566 	567
f 524 	523 	568
f 523 	567 	568
f 525 	524 	569
f 524 	568 	569
f 526 	525 	570
f 525 	569 	570
f 527 	526 	571
f 526 	570 	571
f 528 	527 	572
f 527 	571 	572
f 529 	528 	573
f 528 	572 	573
f 530 	529 	574
f 529 	573 	574
f 531 	530 	575
f 530 	574 	575
f 532 	531 	576
f 531 	575 	576
f 490 	532 	534
f 532 	576 	534
f 533 	534 	577
f 534 	578 	577
f 535 	533 	579
f 533 	577 	579
f 536 	535 	580
f 535 	579 	580
f 537 	536 	581
f 536 	580 	581
f 538 	537 	582
f 537 	581 	582
f 539 	538 	583
f 538 	582 	583
f 540 	539 	584
f 539 	583 	584
f 541 	540 	585
f 540 	584 	585
f 542 	541 	586
f 541 	585 	586
f 543 	542 	587
f 542 	586 	587
f 544 	543 	588
f 543 	587 	588
f 545 	544 	589
f 544 	588 	589
f 546 	545 	590
f 545 	589 	590
f 547 	546 	591
f 546 	590 	591
f 548 	547 	592
f 547 	591 	592
f 549 	548 	593
f 548 	592 	593
f 550 	549 	594
f 549 	593 	594
f 551 	550 	595
f 550 	594 	595
f 552 	551 	596
f 551 	595 	596
f 553 	552 	597
f 552 	596 	597
f 554 	553 	598
f 553 	597 	598
f 555 	554 	599
f 554 	598 	599
f 556 	555 	600
f 555 	599 	600
f 557 	556 	601
f 556 	600 	601
f 558 	557 	602
f 557 	601 	602
f 559 	558 	603
f 558 	602 	603
f 560 	559 	604
f 559 	603 	604
f 561 	560 	605
f 560 	604 	605
f 562 	561 	606
f 561 	605 	606
f 563 	562 	607
f 562 	606 	607
f 564 	563 	608
f 563 	607 	608
f 565 	564 	609
f 564 	608 	609
f 566 	565 	610
f 565 	609 	610
f 567 	566 	611
f 566 	610 	611
f 568 	567 	612
f 567 	611 	612
f 569 	568 	613
f 568 	612 	613
f 570 	569 	614
f 569 	613 	614
f 571 	570 	615
f 570 	614 	615
f 572 	571 	616
f 571 	615 	616
f 573 	572 	617
f 572 	616 	617
f 574 	573 	618
f 573 	617 	618
f 575 	574 	619
f 574 	618 	619
f 576 	575 	620
f 575 	619 	620
f 534 	576 	578
f 576 	620 	578
f 577 	578 	621
f 578 	622 	621
f 579 	577 	623
f 577 	621 	623
f 580 	579 	624
f 579 	623 	624
f 581 	580 	625
f 580 	624 	625
f 582 	581 	626
f 581 	625 	626
f 583 	582 	627
f 582 	626 	627
f 584 	583 	628
f 583 	627 	628
f 585 	584 	629
f 584 	628 	629
f 586 	585 	630
f 585 	629 	630
f 587 	586 	631
f 586 	630 	631
f 588 	587 	632
f 587 	631 	632
f 589 	588 	633
f 588 	632 	633
f 590 	589 	634
f 589 	633 	634
f 591 	590 	635
f 590 	634 	635
f 592 	591 	636
f 591 	635 	636
f 593 	592 	637
f 592 	636 	637
f 594 	593 	638
f 593 	637 	638
f 595 	594 	639
f 594 	638 	639
f 596 	595 	640
f 595 	639 	640
f 597 	596 	641
f 596 	640 	641
f 598 	597 	642
f 597 	641 	642
f 599 	598 	643
f 598 	642 	643
f 600 	599 	644
f 599 	643 	644
f 601 	600 	645
f 600 	644 	645
f 602 	601 	646
f 601 	645 	646
f 603 	602 	647
f 602 	646 	647
f 604 	603 	648
f 603 	647 	648
f 605 	604 	649
f 604 	648 	649
f 606 	605 	650
f 605 	649 	650
f 607 	606 	651
f 606 	650 	651
f 608 	607 	652
f 607 	651 	652
f 609 	608 	653
f 608 	652 	653
f 610 	609 	654
f 609 	653 	654
f 611 	610 	655
f 610 	654 	655
f 612 	611 	656
f 611 	655 	656
f 613 	612 	657
f 612 	656 	657
f 614 	613 	658
f 613 	657 	658
f 615 	614 	659
f 614 	658 	659
f 616 	615 	660
f 615 	659 	660
f 617 	616 	661
f 616 	660 	661
f 618 	617 	662
f 617 	661 	662
f 619 	618 	663
f 618 	662 	663
f 620 	619 	664
f 619 	663 	664
f 578 	620 	622
f 620 	664 	622
f 621 	622 	665
f 622 	666 	665
f 623 	621 	667
f 621 	665 	667
f 624 	623 	668
f 623 	667 	668
f 625 	624 	669
f 624 	668 	669
f 626 	625 	670
f 625 	669 	670
f 627 	626 	671
f 626 	670 	671
f 628 	627 	672
f 627 	671 	672
f 629 	628 	673
f 628 	672 	673
f 630 	629 	674
f 629 	673 	674
f 631 	630 	675
f 630 	674 	675
f 632 	631 	676
f 631 	675 	676
f 633 	632 	677
f 632 	676 	677
f 634 	633 	678
f 633 	677 	678
f 635 	634 	679
f 634 	678 	679
f 636 	635 	680
f 635 	679 	680
f 637 	636 	681
f 636 	680 	681
f 638 	637 	682
f 637 	681 	682
f 639 	638 	683
f 638 	682 	683
f 640 	639 	684
f 639 	683 	684
f 641 	640 	685
f 640 	684 	685
f 642 	641 	686
f 641 	685 	686
f 643 	642 	687
f 642 	686 	687
f 644 	643 	688
f 643 	687 	688
f 645 	644 	689
f 644 	688 	689
f 646 	645 	690
f 645 	689 	690
f 647 	646 	691
f 646 	690 	691
f 648 	647 	692
f 647 	691 	692
f 649 	648 	693
f 648 	692 	693
f 650 	649 	694
f 649 	693 	694
f 651 	650 	695
f 650 	694 	695
f 652 	651 	696
f 651 	695 	696
f 653 	652 	697
f 652 	696 	697
f 654 	653 	698
f 653 	697 	698
f 655 	654 	699
f 654 	698 	699
f 656 	655 	700
f 655 	699 	700
f 657 	656 	701
f 656 	700 	701
f 658 	657 	702
f 657 	701 	702
f 659 	658 	703
f 658 	702 	703
f 660 	659 	704
f 659 	703 	704
f 661 	660 	705
f 660 	704 	705
f 662 	661 	706
f 661 	705 	706
f 663 	662 	707
f 662 	706 	707
f 664 	663 	708
f 663 	707 	708
f 622 	664 	666
f 664 	708 	666
f 665 	666 	709
f 666 	710 	709
f 667 	665 	711
f 665 	709 	711
f 668 	667 	712
f 667 	711 	712
f 669 	668 	713
f 668 	712 	713
f 670 	669 	714
f 669 	713 	714
f 671 	670 	715
f 670 	714 	715
f 672 	671 	716
f 671 	715 	716
f 673 	672 	717
f 672 	716 	717
f 674 	673 	718
f 673 	717 	718
f 675 	674 	719
f 674 	718 	719
f 676 	675 	720
f 675 	719 	720
f 677 	676 	721
f 676 	720 	721
f 678 	677 	722
f 677 	721 	722
f 679 	678 	723
f 678 	722 	723
f 680 	679 	724
f 679 	723 	724
f 681 	680 	725
f 680 	724 	725
f 682 	681 	726
f 681 	725 	726
f 683 	682 	727
f 682 	726 	727
f 684 	683 	728
f 683 	727 	728
f 685 	684 	729
f 684 	728 	729
f 686 	685 	730
f 685 	729 	730
f 687 	686 	731
f 686 	730 	731
f 688 	687 	732
f 687 	731 	732
f 689 	688 	733
f 688 	732 	733
f 690 	689 	734
f 689 	733 	734
f 691 	690 	735
f 690 	734 	735
f 692 	691 	736
f 691 	735 	736
f 693 	692 	737
f 692 	736 	737
f 694 	693 	738
f 693 	737 	738
f 695 	694 	739
f 694 	738 	739
f 696 	695 	740
f 695 	739 	740
f 697 	696 	741
f 696 	740 	741
f 698 	697 	742
f 697 	741 	742
f 699 	698 	743
f 698 	742 	743
f 700 	699 	744
f 699 	743 	744
f 701 	700 	745
f 700 	744 	745
f 702 	701 	746
f 701 	745 	746
f 703 	702 	747
f 702 	746 	747
f 704 	703 	748
f 703 	747 	748
f 705 	704 	749
f 704 	748 	749
f 706 	705 	750
f 705 	749 	750
f 707 	706 	751
f 706 	750 	751
f 708 	707 	752
f 707 	751 	752
f 666 	708 	710
f 708 	752 	710
f 709 	710 	753
f 710 	754 	753
f 711 	709 	755
f 709 	753 	755
f 712 	711 	756
f 711 	755 	756
f 713 	712 	757
f 712 	756 	757
f 714 	713 	758
f 713 	757 	758
f 715 	714 	759
f 714 	758 	759
f 716 	715 	760
f 715 	759 	760
f 717 	716 	761
f 716 	760 	761
f 718 	717 	762
f 717 	761 	762
f 719 	718 	763
f 718 	762 	763
f 720 	719 	764
f 719 	763 	764
f 721 	720 	765
f 720 	764 	765
f 722 	721 	766
f 721 	765 	766
f 723 	722 	767
f 722 	766 	767
f 724 	723 	768
f 723 	767 	768
f 725 	724 	769
f 724 	768 	769
f 726 	725 	770
f 725 	769 	770
f 727 	726 	771
f 726 	770 	771
f 728 	727 	772
f 727 	771 	772
f 729 	728 	773
f 728 	772 	773
f 730 	729 	774
f 729 	773 	774
f 731 	730 	775
f 730 	774 	775
f 732 	731 	776
f 731 	775 	776
f 733 	732 	777
f 732 	776 	777
f 734 	733 	778
f 733 	777 	778
f 735 	734 	779
f 734 	778 	779
f 736 	735 	780
f 735 	779 	780
f 737 	736 	781
f 736 	780 	781
f 738 	737 	782
f 737 	781 	782
f 739 	738 	783
f 738 	782 	783
f 740 	739 	784
f 739 	783 	784
f 741 	740 	785
f 740 	784 	785
f 742 	741 	786
f 741 	785 	786
f 743 	742 	787
f 742 	786 	787
f 744 	743 	788
f 743 	787 	788
f 745 	744 	789
f 744 	788 	789
f 746 	745 	790
f 745 	789 	790
f 747 	746 	791
f 746 	790 	791
f 748 	747 	792
f 747 	791 	792
f 749 	748 	793
f 748 	792 	793
f 750 	749 	794
f 749 	793 	794
f 751 	750 	795
f 750 	794 	795
f 752 	751 	796
f 751 	795 	796
f 710 	752 	754
f 752 	796 	754
f 753 	754 	797
f 754 	798 	797
f 755 	753 	799
f 753 	797 	799
f 756 	755 	800
f 755 	799 	800
f 757 	756 	801
f 756 	800 	801
f 758 	757 	802
f 757 	801 	802
f 759 	758 	803
f 758 	802 	803
f 760 	759 	804
f 759 	803 	804
f 761 	760 	805
f 760 	804 	805
f 762 	761 	806
f 761 	805 	806
f 763 	762 	807
f 762 	806 	807
f 764 	763 	808
f 763 	807 	808
f 765 	764 	809
f 764 	808 	809
f 766 	765 	810
f 765 	809 	810
f 767 	766 	811
f 766 	810 	811
f 768 	767 	812
f 767 	811 	812
f 769 	768 	813
f 768 	812 	813
f 770 	769 	814
f 769 	813 	814
f 771 	770 	815
f 770 	814 	815
f 772 	771 	816
f 771 	815 	816
f 773 	772 	817
f 772 	816 	817
f 774 	773 	818
f 773 	817 	818
f 775 	774 	819
f 774 	818 	819
f 776 	775 	820
f 775 	819 	820
f 777 	776 	821
f 776 	820 	821
f 778 	777 	822
f 777 	821 	822
f 779 	778 	823
f 778 	822 	823
f 780 	779 	824
f 779 	823 	824
f 781 	780 	825
f 780 	824 	825
f 782 	781 	826
f 781 	825 	826
f 783 	782 	827
f 782 	826 	827
f 784 	783 	828
f 783 	827 	828
f 785 	784 	829
f 784 	828 	829
f 786 	785 	830
f 785 	829 	830
f 787 	786 	831
f 786 	830 	831
f 788 	787 	832
f 787 	831 	832
f 789 	788 	833
f 788 	832 	833
f 790 	789 	834
f 789 	833 	834
f 791 	790 	835
f 790 	834 	835
f 792 	791 	836
f 791 	835 	836
f 793 	792 	837
f 792 	836 	837
f 794 	793 	838
f 793 	837 	838
f 795 	794 	839
f 794 	838 	839
f 796 	795 	840
f 795 	839 	840
f 754 	796 	798
f 796 	840 	798
f 797 	798 	841
f 798 	842 	841
f 799 	797 	843
f 797 	841 	843
f 800 	799 	844
f 799 	843 	844
f 801 	800 	845
f 800 	844 	845
f 802 	801 	846
f 801 	845 	846
f 803 	802 	847
f 802 	846 	847
f 804 	803 	848
f 803 	847 	848
f 805 	804 	849
f 804 	848 	849
f 806 	805 	850
f 805 	849 	850
f 807 	806 	851
f 806 	850 	851
f 808 	807 	852
f 807 	851 	852
f 809 	808 	853
f 808 	852 	853
f 810 	809 	854
f 809 	853 	854
f 811 	810 	855
f 810 	854 	855
f 812 	811 	856
f 811 	855 	856
f 813 	812 	857
f 812 	856 	857
f 814 	813 	858
f 813 	857 	858
f 815 	814 	859
f 814 	858 	859
f 816 	815 	860
f 815 	859 	860
f 817 	816 	861
f 816 	860 	861
f 818 	817 	862
f 817 	861 	862
f 819 	818 	863
f 818 	862 	863
f 820 	819 	864
f 819 	863 	864
f 821 	820 	865
f 820 	864 	865
f 822 	821 	866
f 821 	865 	866
f 823 	822 	867
f 822 	866 	867
f 824 	823 	868
f 823 	867 	868
f 825 	824 	869
f 824 	868 	869
f 826 	825 	870
f 825 	869 	870
f 827 	826 	871
f 826 	870 	871
f 828 	827 	872
f 827 	871 	872
f 829 	828 	873
f 828 	872 	873
f 830 	829 	874
f 829 	873 	874
f 831 	830 	875
f 830 	874 	875
f 832 	831 	876
f 831 	875 	876
f 833 	832 	877
f 832 	876 	877
f 834 	833 	878
f 833 	877 	878
f 835 	834 	879
f 834 	878 	879
f 836 	835 	880
f 835 	879 	880
f 837 	836 	881
f 836 	880 	881
f 838 	837 	882
f 837 	881 	882
f 839 	838 	883
f 838 	882 	883
f 840 	839 	884
f 839 	883 	884
f 798 	840 	842
f 840 	884 	842
f 841 	842 	885
f 843 	841 	885
f 844 	843 	885
f 845 	844 	885
f 846 	845 	885
f 847 	846 	885
f 848 	847 	885
f 849 	848 	885
f 850 	849 	885
f 851 	850 	885
f 852 	851 	886
f 851 	885 	886
f 853 	852 	886
f 854 	853 	886
f 855 	854 	886
f 856 	855 	886
f 857 	856 	886
f 858 	857 	886
f 859 	858 	886
f 860 	859 	886
f 861 	860 	886
f 862 	861 	886
f 863 	862 	887
f 862 	886 	887
f 864 	863 	887
f 865 	864 	887
f 866 	865 	887
f 867 	866 	887
f 868 	867 	887
f 869 	868 	887
f 870 	869 	887
f 871 	870 	887
f 872 	871 	887
f 873 	872 	887
f 874 	873 	888
f 873 	887 	888
f 875 	874 	888
f 876 	875 	888
f 877 	876 	888
f 878 	877 	888
f 879 	878 	888
f 880 	879 	888
f 881 	880 	888
f 882 	881 	888
f 883 	882 	888
f 884 	883 	888
f 842 	884 	885
f 884 	888 	885
f 1 	13 	37
f 13 	25 	37
f 885 	888 	886
f 886 	888 	887
# 1772 faces

 #end of obj_0

o obj_1
v -10.8123 		1.1643 		4.288
v -10.9061 		0 		4.288
v 0 		4.5 		4.425
v -2.8717 		4.4613 		4.425
v -5.6951 		4.3467 		4.425
v -8.4201 		4.1575 		4.425
v -2.8475 		4.4232 		4.288
v 0 		4.4613 		4.288
v -5.6459 		4.3096 		4.288
v -8.3483 		4.1218 		4.288
v -9.7331 		3.9821 		4.288
v -9.7714 		3.9978 		4.3506
v -9.7784 		4.0007 		4.3621
v -9.6169 		3.9347 		4.2256
v -10.263 		2.2494 		4.1533
v -10.5343 		1.1343 		4.1533
v -10.6253 		0 		4.1533
v -9.8164 		2.1516 		4.0233
v -10.076 		1.0851 		4.0233
v -10.1625 		0 		4.0233
v -9.5429 		2.0916 		3.9685
v -9.4883 		2.2403 		3.9698
v -9.492 		2.2304 		3.9697
v -9.4735 		2.2832 		3.9703
v -9.6286 		1.631 		3.9635
v -9.6353 		1.5988 		3.9633
v -9.7451 		1.068 		3.9596
v -9.7492 		1.0499 		3.9595
v -9.6531 		1.5127 		3.9627
v -9.7795 		0.5002 		3.9569
v -9.7926 		0.324 		3.9567
v -9.8168 		0 		3.9564
v -9.7577 		0.8919 		3.9587
v -9.7775 		0.5265 		3.9569
v -0.3747 		1.1646 		3.9045
v 0 		1.1745 		3.9045
v -0.7436 		1.1346 		3.9045
v -1.0993 		1.0851 		3.9045
v -1.4359 		1.0173 		3.9045
v 0 		0 		3.9
v -1.7483 		0.9319 		3.9045
v -2.0306 		0.8305 		3.9045
v -2.2785 		0.715 		3.9045
v -2.4875 		0.5872 		3.9045
v -2.6532 		0.4496 		3.9045
v -2.7742 		0.3041 		3.9045
v -2.8475 		0.1533 		3.9045
v -2.8717 		0 		3.9045
v 0 		2.3292 		3.9179
v -0.7436 		2.3091 		3.9179
v -1.474 		2.2497 		3.9179
v -2.1795 		2.1519 		3.9179
v -2.8475 		2.017 		3.9179
v -4.9317 		1.1646 		3.9179
v -5.2617 		0.8914 		3.9179
v -5.5007 		0.6028 		3.9179
v -5.6459 		0.3041 		3.9179
v -5.6951 		0 		3.9179
v -5.9539 		2.4351 		3.94
v -3.4672 		1.8478 		3.9179
v -4.0267 		1.6469 		3.9179
v -4.5181 		1.418 		3.9179
v -6.6807 		2.0964 		3.94
v -7.2923 		1.7218 		3.94
v -7.7792 		1.3178 		3.94
v -8.1334 		0.8914 		3.94
v -8.3483 		0.4496 		3.94
v -8.4201 		0 		3.94
v -9.4826 		3.8797 		4.1533
v -9.8164 		3.3258 		4.1533
v -9.4825 		3.8796 		4.1533
v -9.2546 		3.7865 		4.0815
v -9.0697 		3.711 		4.0233
v -9.2894 		3.8007 		4.0925
v -9.3889 		3.1813 		4.0233
v -9.0695 		3.711 		4.0232
v -9.2109 		3.1208 		3.986
v -8.9473 		3.6609 		3.9967
v -8.948 		3.6596 		3.9967
v -9.1116 		3.3243 		3.99
v -9.2728 		2.9101 		3.9813
v -9.3211 		2.7592 		3.9786
v 0 		4.3467 		4.1533
v -2.7742 		4.3096 		4.1533
v -5.5007 		4.1986 		4.1533
v -1.2876 		4 		3.957
v -0.4959 		4.0101 		3.9566
v -1.0993 		3.4143 		3.94
v 0 		4.0163 		3.9564
v 0 		3.4437 		3.94
v -2.1795 		3.3264 		3.94
v -2.612 		3.9867 		3.9596
v -2.5676 		3.9884 		3.9596
v -1.7407 		3.9959 		3.9579
v -1.3362 		3.9996 		3.9571
v -2.9671 		3.9744 		3.9606
v 0 		4.1575 		4.0232
v -2.6532 		4.1218 		4.0232
v -5.5771 		3.876 		3.9703
v -3.2223 		3.1816 		3.94
v -3.9893 		3.9391 		3.9635
v -3.7688 		3.9468 		3.9629
v -5.4793 		3.8817 		3.9698
v -5.1151 		3.904 		3.9685
v -4.2101 		3.9322 		3.9645
v -4.2101 		2.9824 		3.94
v -5.126 		2.7323 		3.94
v -5.4955 		3.8807 		3.9699
v -5.2617 		4.0156 		4.0232
v -8.1334 		4.0156 		4.1533
v -6.075 		3.8494 		3.9739
v -6.6975 		3.8161 		3.9783
v -6.6975 		3.5696 		3.9703
v -7.1179 		3.7937 		3.9813
v -7.9598 		3.7416 		3.9887
v -7.6321 		3.7684 		3.986
v -7.7792 		3.1816 		3.9703
v -8.2375 		3.7189 		3.991
v -8.7281 		2.7392 		3.9703
v -7.7792 		3.8411 		4.0232
v 9.0895 		-3.3691 		4.8591
v 9.0695 		-3.711 		4.8268
v 9.0697 		-3.711 		4.8267
v 9.3889 		-3.1813 		4.8267
v 8.9478 		-3.6595 		4.8533
v 8.9472 		-3.661 		4.8533
v 9.1452 		-3.2552 		4.8614
v 9.2109 		-3.1208 		4.864
v 9.4091 		-2.4848 		4.8761
v 9.3276 		-2.7392 		4.8717
v 9.2729 		-2.9102 		4.8687
v 9.2538 		-3.7862 		4.7688
v 6.6975 		-3.5696 		4.8797
v 7.7792 		-3.1816 		4.8797
v 8.7281 		-2.7392 		4.8797
v 6.7502 		-3.8133 		4.8713
v 7.1179 		-3.7937 		4.8687
v 8.1355 		-3.7273 		4.8599
v 7.6321 		-3.7684 		4.864
v 7.7792 		-3.8411 		4.8268
v 3.2223 		-3.1816 		4.91
v 4.2101 		-2.9824 		4.91
v 5.126 		-2.7323 		4.91
v 3.9892 		-3.939 		4.8865
v 3.7012 		-3.949 		4.8873
v 3.9125 		-3.9417 		4.8867
v 5.1151 		-3.904 		4.8815
v 5.4567 		-3.883 		4.8803
v 5.4793 		-3.8817 		4.8802
v 5.577 		-3.876 		4.8797
v 5.2617 		-4.0156 		4.8268
v 1.0993 		-3.4143 		4.91
v 0 		-3.4437 		4.91
v 2.1795 		-3.3264 		4.91
v 0 		-4.0163 		4.8936
v 0.7941 		-4.0063 		4.8932
v 1.2877 		-4.0001 		4.893
v 1.2253 		-4.0009 		4.8931
v 2.1829 		-3.9919 		4.8912
v 2.5676 		-3.9884 		4.8904
v 2.612 		-3.9867 		4.8904
v 2.6532 		-4.1218 		4.8268
v 0 		-4.1575 		4.8268
v 9.8164 		-2.1516 		4.8267
v 9.5429 		-2.0916 		4.8815
v 9.4884 		-2.2403 		4.8802
v 9.4859 		-2.2474 		4.8801
v 9.4736 		-2.2831 		4.8797
v 9.7492 		-1.0499 		4.8905
v 10.076 		-1.0851 		4.8267
v 9.715 		-1.2137 		4.8894
v 9.6473 		-1.5419 		4.8871
v 9.7451 		-1.068 		4.8904
v 9.6289 		-1.6311 		4.8865
v 9.6119 		-1.7218 		4.8855
v 10.1625 		0 		4.8267
v 9.7763 		-0.5472 		4.893
v 9.7674 		-0.7122 		4.8922
v 9.8168 		0 		4.8936
v 9.8015 		-0.2034 		4.8934
v 9.7774 		-0.5264 		4.8931
v 6.6807 		-2.0964 		4.91
v 7.2923 		-1.7218 		4.91
v 7.7792 		-1.3178 		4.91
v -2.6532 		-4.1218 		4.8268
v -2.5676 		-3.9884 		4.8904
v -1.3362 		-3.9996 		4.8929
v -1.7407 		-3.9959 		4.8921
v -0.4959 		-4.0101 		4.8934
v -1.2876 		-4 		4.893
v -5.126 		-2.7323 		4.91
v -4.2101 		-2.9824 		4.91
v -3.2223 		-3.1816 		4.91
v -5.4955 		-3.8807 		4.8801
v -5.4793 		-3.8817 		4.8802
v -5.5771 		-3.876 		4.8797
v -3.9893 		-3.9391 		4.8865
v -4.2101 		-3.9322 		4.8855
v -5.1151 		-3.904 		4.8815
v -3.7688 		-3.9468 		4.8871
v -5.2617 		-4.0156 		4.8268
v -8.7281 		-2.7392 		4.8797
v -7.7792 		-3.1816 		4.8797
v -6.6975 		-3.5696 		4.8797
v -8.948 		-3.6596 		4.8533
v -8.9473 		-3.6609 		4.8533
v -8.2375 		-3.7189 		4.859
v -7.9598 		-3.7416 		4.8613
v -7.1179 		-3.7937 		4.8687
v -7.6321 		-3.7684 		4.864
v -6.6975 		-3.8161 		4.8717
v -6.075 		-3.8494 		4.8761
v -7.7792 		-3.8411 		4.8268
v -9.2728 		-2.9101 		4.8687
v -9.3211 		-2.7592 		4.8714
v -9.1116 		-3.3243 		4.86
v -9.2109 		-3.1208 		4.864
v -9.0695 		-3.711 		4.8268
v -9.0697 		-3.711 		4.8267
v -9.2546 		-3.7865 		4.7685
v -9.7492 		-1.0499 		4.8905
v -10.076 		-1.0851 		4.8267
v -9.7577 		-0.8919 		4.8913
v -9.7775 		-0.5265 		4.8931
v -9.7795 		-0.5002 		4.8931
v -9.7926 		-0.324 		4.8933
v -9.8168 		0 		4.8936
v -10.1625 		0 		4.8267
v -9.6353 		-1.5988 		4.8867
v -9.6531 		-1.5127 		4.8873
v -9.7451 		-1.068 		4.8904
v -9.8164 		-2.1516 		4.8267
v -9.5429 		-2.0916 		4.8815
v -9.6286 		-1.631 		4.8865
v -9.492 		-2.2304 		4.8803
v -9.4735 		-2.2832 		4.8797
v -9.4883 		-2.2403 		4.8802
v -2.8475 		-2.017 		4.9321
v -2.1795 		-2.1519 		4.9321
v -1.474 		-2.2497 		4.9321
v -0.7436 		-2.3091 		4.9321
v 0 		-2.3292 		4.9321
v 0 		0 		4.95
v -1.4359 		-1.0173 		4.9455
v -1.0993 		-1.0851 		4.9455
v -0.7436 		-1.1346 		4.9455
v -0.3747 		-1.1646 		4.9455
v 0 		-1.1745 		4.9455
v -10.076 		1.0851 		4.8267
v -9.7763 		0.5472 		4.893
v -9.7674 		0.7122 		4.8922
v -9.7492 		1.0499 		4.8905
v -9.8015 		0.2034 		4.8934
v -9.7774 		0.5264 		4.8931
v -9.8164 		2.1516 		4.8267
v 0 		1.1745 		4.9455
v -0.3747 		1.1646 		4.9455
v -0.7436 		1.1346 		4.9455
v -1.0993 		1.0851 		4.9455
v -1.4359 		1.0173 		4.9455
v -1.7483 		0.9319 		4.9455
v -2.0306 		0.8305 		4.9455
v -2.2785 		0.715 		4.9455
v -2.4875 		0.5872 		4.9455
v -2.6532 		0.4496 		4.9455
v -2.7742 		0.3041 		4.9455
v -2.8475 		0.1533 		4.9455
v -2.8717 		0 		4.9455
v 0 		2.3292 		4.9321
v -0.7436 		2.3091 		4.9321
v -1.474 		2.2497 		4.9321
v -2.1795 		2.1519 		4.9321
v -2.8475 		2.017 		4.9321
v 9.7577 		0.8919 		4.8913
v 9.7795 		0.5002 		4.8931
v 10.076 		1.0851 		4.8267
v 9.7926 		0.324 		4.8933
v 9.8164 		2.1516 		4.8267
v 9.6353 		1.5988 		4.8867
v 9.6531 		1.5127 		4.8873
v 9.7451 		1.068 		4.8904
v 9.7492 		1.0499 		4.8905
v -4.9317 		1.1646 		4.9321
v 9.5429 		2.0916 		4.8815
v -5.2617 		0.8914 		4.9321
v 9.6286 		1.631 		4.8865
v 9.492 		2.2304 		4.8803
v 9.4735 		2.2832 		4.8797
v 9.4883 		2.2403 		4.8802
v -5.5007 		0.6028 		4.9321
v -5.6459 		0.3041 		4.9321
v -5.6951 		0 		4.9321
v 9.7775 		0.5265 		4.8931
v -3.4672 		1.8478 		4.9321
v 8.3483 		0.4496 		4.91
v -4.0267 		1.6469 		4.9321
v 8.4201 		0 		4.91
v 8.1334 		0.8914 		4.91
v -4.5181 		1.418 		4.9321
v 7.7792 		1.3178 		4.91
v 7.2923 		1.7218 		4.91
v -5.9539 		2.4351 		4.91
v 6.6807 		2.0964 		4.91
v -6.6807 		2.0964 		4.91
v -7.2923 		1.7218 		4.91
v -7.7792 		1.3178 		4.91
v 5.6951 		0 		4.9321
v 5.6459 		0.3041 		4.9321
v -8.1334 		0.8914 		4.91
v 5.5007 		0.6028 		4.9321
v -8.3483 		0.4496 		4.91
v 5.2617 		0.8914 		4.9321
v -8.4201 		0 		4.91
v 8.4201 		4.1575 		4.425
v 4.9317 		1.1646 		4.9321
v 5.6951 		4.3467 		4.425
v 2.8717 		4.4613 		4.425
v -10.6253 		-2.3289 		4.425
v -10.1625 		-3.4434 		4.425
v -9.8168 		-4.0167 		4.425
v -11 		0 		4.425
v -10.8123 		-1.1643 		4.288
v -10.5343 		-2.3088 		4.288
v -10.076 		-3.4137 		4.288
v -9.7331 		-3.9821 		4.288
v -9.7711 		-3.9979 		4.3503
v -9.7781 		-4.0008 		4.3618
v -9.5957 		-3.9257 		4.214
v -9.6167 		-3.9343 		4.2253
v -8.4201 		-4.1575 		4.425
v -5.6951 		-4.3467 		4.425
v -2.8717 		-4.4613 		4.425
v 0 		-4.5 		4.425
v -8.3483 		-4.1218 		4.288
v -5.6459 		-4.3096 		4.288
v -2.8475 		-4.4232 		4.288
v 0 		-4.4613 		4.288
v -9.8164 		-3.3258 		4.1533
v -9.4826 		-3.8797 		4.1533
v -9.3889 		-3.1813 		4.0233
v -9.4825 		-3.8796 		4.1533
v -9.2538 		-3.7862 		4.0812
v -9.2885 		-3.8004 		4.0922
v -9.0697 		-3.711 		4.0233
v -9.2109 		-3.1208 		3.986
v -9.4091 		-2.4848 		3.9739
v -9.3276 		-2.7392 		3.9783
v -9.2729 		-2.9102 		3.9813
v -9.1452 		-3.2552 		3.9886
v -9.0895 		-3.3691 		3.9909
v -8.9478 		-3.6595 		3.9967
v -8.9472 		-3.661 		3.9967
v -9.0695 		-3.711 		4.0232
v -5.5007 		-4.1986 		4.1533
v -2.7742 		-4.3096 		4.1533
v 0 		-4.3467 		4.1533
v -2.612 		-3.9867 		3.9596
v -2.1795 		-3.3264 		3.94
v -2.1829 		-3.9919 		3.9588
v -2.5676 		-3.9884 		3.9596
v -1.0993 		-3.4143 		3.94
v -1.2877 		-4.0001 		3.957
v -0.7941 		-4.0063 		3.9568
v -1.2253 		-4.0009 		3.9569
v 0 		-3.4437 		3.94
v 0 		-4.0163 		3.9564
v -2.6532 		-4.1218 		4.0232
v 0 		-4.1575 		4.0232
v -5.577 		-3.876 		3.9703
v -5.126 		-2.7323 		3.94
v -4.2101 		-2.9824 		3.94
v -5.4793 		-3.8817 		3.9698
v -5.4567 		-3.883 		3.9697
v -3.2223 		-3.1816 		3.94
v -3.9892 		-3.939 		3.9635
v -5.1151 		-3.904 		3.9685
v -3.7012 		-3.949 		3.9627
v -3.9125 		-3.9417 		3.9633
v 9.7781 		4.0008 		4.3618
v 8.3483 		4.1218 		4.288
v 2.8717 		-4.4613 		4.425
v 9.7711 		3.9979 		4.3503
v 5.6951 		-4.3467 		4.425
v 5.6459 		4.3096 		4.288
v 8.4201 		-4.1575 		4.425
v 2.8475 		4.4232 		4.288
v 2.8475 		-4.4232 		4.288
v 5.6459 		-4.3096 		4.288
v 9.6167 		3.9343 		4.2253
v 9.5957 		3.9257 		4.214
v 8.3483 		-4.1218 		4.288
v 9.7331 		-3.9821 		4.288
v 9.7714 		-3.9978 		4.3506
v 10.5343 		1.1343 		4.1533
v 10.6253 		0 		4.1533
v 9.7784 		-4.0007 		4.3621
v 10.263 		2.2494 		4.1533
v 10.076 		1.0851 		4.0233
v 10.1625 		0 		4.0233
v 9.8164 		2.1516 		4.0233
v 9.6169 		-3.9347 		4.2256
v 9.4826 		-3.8797 		4.1533
v 9.8164 		-3.3258 		4.1533
v 9.4825 		-3.8796 		4.1533
v 9.8168 		0 		3.9564
v 9.8015 		0.2034 		3.9566
v 9.7774 		0.5264 		3.9569
v 9.7763 		0.5472 		3.957
v 9.2546 		-3.7865 		4.0815
v 9.0697 		-3.711 		4.0233
v 9.2894 		-3.8007 		4.0925
v 9.3889 		-3.1813 		4.0233
v 9.0695 		-3.711 		4.0232
v 9.7674 		0.7122 		3.9578
v 9.7492 		1.0499 		3.9595
v 9.6473 		1.5419 		3.9629
v 9.6289 		1.6311 		3.9635
v 9.6119 		1.7218 		3.9645
v 9.5429 		2.0916 		3.9685
v 9.7451 		1.068 		3.9596
v 9.715 		1.2137 		3.9606
v 9.4884 		2.2403 		3.9698
v 9.4859 		2.2474 		3.9699
v 9.4736 		2.2831 		3.9703
v 9.2109 		-3.1208 		3.986
v 8.9473 		-3.6609 		3.9967
v 8.948 		-3.6596 		3.9967
v 9.1116 		-3.3243 		3.99
v 9.2728 		-2.9101 		3.9813
v 9.3211 		-2.7592 		3.9786
v 8.1334 		-4.0156 		4.1533
v 8.3483 		0.4496 		3.94
v 8.4201 		0 		3.94
v 8.1334 		0.8914 		3.94
v 7.7792 		1.3178 		3.94
v 6.075 		-3.8494 		3.9739
v 6.6975 		-3.8161 		3.9783
v 6.6975 		-3.5696 		3.9703
v 7.2923 		1.7218 		3.94
v 6.6807 		2.0964 		3.94
v 7.1179 		-3.7937 		3.9813
v 7.9598 		-3.7416 		3.9887
v 7.6321 		-3.7684 		3.986
v 7.7792 		-3.1816 		3.9703
v 8.2375 		-3.7189 		3.991
v 8.7281 		-2.7392 		3.9703
v 5.6951 		0 		3.9179
v 5.6459 		0.3041 		3.9179
v 5.5007 		0.6028 		3.9179
v 7.7792 		-3.8411 		4.0232
v 5.2617 		0.8914 		3.9179
v 4.9317 		1.1646 		3.9179
v 2.7742 		-4.3096 		4.1533
v 5.5007 		-4.1986 		4.1533
v 5.9539 		2.4351 		3.94
v 4.5181 		1.418 		3.9179
v 4.0267 		1.6469 		3.9179
v 5.5771 		-3.876 		3.9703
v 3.4672 		1.8478 		3.9179
v 3.2223 		-3.1816 		3.94
v 3.9893 		-3.9391 		3.9635
v 3.7688 		-3.9468 		3.9629
v 5.4793 		-3.8817 		3.9698
v 5.1151 		-3.904 		3.9685
v 4.2101 		-3.9322 		3.9645
v 4.2101 		-2.9824 		3.94
v 5.126 		-2.7323 		3.94
v 5.4955 		-3.8807 		3.9699
v 2.8475 		0.1533 		3.9045
v 2.8717 		0 		3.9045
v 2.7742 		0.3041 		3.9045
v 2.6532 		0.4496 		3.9045
v 2.4875 		0.5872 		3.9045
v 5.2617 		-4.0156 		4.0232
v 2.2785 		0.715 		3.9045
v 2.0306 		0.8305 		3.9045
v 8.1334 		-0.8914 		4.91
v 8.3483 		-0.4496 		4.91
v 3.4672 		-1.8478 		4.9321
v 4.0267 		-1.6469 		4.9321
v 4.5181 		-1.418 		4.9321
v 5.9539 		-2.4351 		4.91
v 4.9317 		-1.1646 		4.9321
v 5.2617 		-0.8914 		4.9321
v 5.5007 		-0.6028 		4.9321
v 5.6459 		-0.3041 		4.9321
v 0.7436 		-2.3091 		4.9321
v 1.474 		-2.2497 		4.9321
v 2.1795 		-2.1519 		4.9321
v 2.8475 		-2.017 		4.9321
v 1.7483 		-0.9319 		4.9455
v 2.0306 		-0.8305 		4.9455
v 2.2785 		-0.715 		4.9455
v 2.4875 		-0.5872 		4.9455
v 2.6532 		-0.4496 		4.9455
v 2.7742 		-0.3041 		4.9455
v 2.8475 		-0.1533 		4.9455
v 2.8717 		0 		4.9455
v 0.3747 		-1.1646 		4.9455
v 0.7436 		-1.1346 		4.9455
v 1.0993 		-1.0851 		4.9455
v 1.4359 		-1.0173 		4.9455
v 9.8164 		-3.3258 		4.6967
v 4.5181 		1.418 		4.9321
v 9.2885 		-3.8004 		4.7578
v 9.4825 		-3.8796 		4.6967
v 9.4826 		-3.8797 		4.6967
v 10.263 		-2.2494 		4.6967
v 4.0267 		1.6469 		4.9321
v 3.4672 		1.8478 		4.9321
v 10.5343 		-1.1343 		4.6967
v 10.6253 		0 		4.6967
v 5.9539 		2.4351 		4.91
v 10.076 		-3.4137 		4.562
v 9.5957 		-3.9257 		4.636
v 9.6167 		-3.9343 		4.6247
v 9.7331 		-3.9821 		4.562
v 10.5343 		-2.3088 		4.562
v -2.8475 		-0.1533 		4.9455
v -2.7742 		-0.3041 		4.9455
v -2.6532 		-0.4496 		4.9455
v -2.4875 		-0.5872 		4.9455
v -2.2785 		-0.715 		4.9455
v -2.0306 		-0.8305 		4.9455
v -1.7483 		-0.9319 		4.9455
v 2.8475 		0.1533 		4.9455
v 2.7742 		0.3041 		4.9455
v 2.6532 		0.4496 		4.9455
v 2.4875 		0.5872 		4.9455
v 2.2785 		0.715 		4.9455
v 2.0306 		0.8305 		4.9455
v 1.7483 		0.9319 		4.9455
v 1.2876 		-4 		3.957
v 0.4959 		-4.0101 		3.9566
v 1.0993 		-3.4143 		3.94
v 2.1795 		-3.3264 		3.94
v 2.612 		-3.9867 		3.9596
v -4.5181 		-1.418 		4.9321
v 2.5676 		-3.9884 		3.9596
v 1.7407 		-3.9959 		3.9579
v 1.3362 		-3.9996 		3.9571
v -4.0267 		-1.6469 		4.9321
v 2.9671 		-3.9744 		3.9606
v -3.4672 		-1.8478 		4.9321
v -5.9539 		-2.4351 		4.91
v 2.6532 		-4.1218 		4.0232
v -5.6459 		-0.3041 		4.9321
v -5.5007 		-0.6028 		4.9321
v -5.2617 		-0.8914 		4.9321
v 10.263 		-2.2494 		4.1533
v -4.9317 		-1.1646 		4.9321
v 10.5343 		-1.1343 		4.1533
v 9.8164 		-2.1516 		4.0233
v 10.076 		-1.0851 		4.0233
v 9.5429 		-2.0916 		3.9685
v -8.3483 		-0.4496 		4.91
v 9.4883 		-2.2403 		3.9698
v 9.492 		-2.2304 		3.9697
v 9.4735 		-2.2832 		3.9703
v 9.6286 		-1.631 		3.9635
v 9.6353 		-1.5988 		3.9633
v -8.1334 		-0.8914 		4.91
v 9.7451 		-1.068 		3.9596
v 9.7492 		-1.0499 		3.9595
v 9.6531 		-1.5127 		3.9627
v 9.7795 		-0.5002 		3.9569
v 9.7926 		-0.324 		3.9567
v -7.7792 		-1.3178 		4.91
v 9.7577 		-0.8919 		3.9587
v 9.7775 		-0.5265 		3.9569
v -7.2923 		-1.7218 		4.91
v -6.6807 		-2.0964 		4.91
v 6.6807 		-2.0964 		3.94
v 7.2923 		-1.7218 		3.94
v 7.7792 		-1.3178 		3.94
v 8.1334 		-0.8914 		3.94
v 8.3483 		-0.4496 		3.94
v -10.6253 		0 		4.6967
v -10.5343 		-1.1343 		4.6967
v -10.263 		-2.2494 		4.6967
v -9.8164 		-3.3258 		4.6967
v -9.4826 		-3.8797 		4.6967
v -9.4825 		-3.8796 		4.6967
v -9.2894 		-3.8007 		4.7575
v -10.9061 		0 		4.562
v -10.8123 		-1.1643 		4.562
v -10.5343 		-2.3088 		4.562
v -10.076 		-3.4137 		4.562
v 5.9539 		-2.4351 		3.94
v -9.7331 		-3.9821 		4.562
v -9.6169 		-3.9347 		4.6244
v 3.4672 		-1.8478 		3.9179
v -9.5958 		-3.9261 		4.6358
v -9.7784 		-4.0007 		4.4879
v -9.7714 		-3.9978 		4.4994
v -8.1334 		-4.0156 		4.6967
v -9.4859 		2.2474 		4.8801
v -9.4884 		2.2403 		4.8802
v -5.5007 		-4.1986 		4.6967
v -9.4736 		2.2831 		4.8797
v 1.4359 		1.0173 		4.9455
v 1.0993 		1.0851 		4.9455
v 0.7436 		1.1346 		4.9455
v 0.3747 		1.1646 		4.9455
v 2.8475 		2.017 		4.9321
v 2.1795 		2.1519 		4.9321
v 1.474 		2.2497 		4.9321
v 0.7436 		2.3091 		4.9321
v 9.3889 		3.1813 		4.8267
v 9.3211 		2.7592 		4.8714
v 9.2109 		3.1208 		4.864
v 9.2728 		2.9101 		4.8687
v 9.0697 		3.711 		4.8267
v 9.0695 		3.711 		4.8268
v 9.1116 		3.3243 		4.86
v 8.9473 		3.6609 		4.8533
v 8.948 		3.6596 		4.8533
v 9.2546 		3.7865 		4.7685
v 8.7281 		2.7392 		4.8797
v 7.7792 		3.1816 		4.8797
v 6.6975 		3.5696 		4.8797
v 8.2375 		3.7189 		4.859
v 7.9598 		3.7416 		4.8613
v 7.1179 		3.7937 		4.8687
v 7.6321 		3.7684 		4.864
v 6.6975 		3.8161 		4.8717
v 6.075 		3.8494 		4.8761
v 7.7792 		3.8411 		4.8268
v 5.126 		2.7323 		4.91
v 4.2101 		2.9824 		4.91
v 3.2223 		3.1816 		4.91
v 5.4955 		3.8807 		4.8801
v 5.4793 		3.8817 		4.8802
v 5.5771 		3.876 		4.8797
v 3.9893 		3.9391 		4.8865
v 4.2101 		3.9322 		4.8855
v 5.1151 		3.904 		4.8815
v 3.7688 		3.9468 		4.8871
v 5.2617 		4.0156 		4.8268
v 2.1795 		3.3264 		4.91
v 1.0993 		3.4143 		4.91
v 0 		3.4437 		4.91
v 2.9671 		3.9744 		4.8894
v 2.612 		3.9867 		4.8904
v 1.7407 		3.9959 		4.8921
v 1.3362 		3.9996 		4.8929
v 1.2876 		4 		4.893
v 2.5676 		3.9884 		4.8904
v 0.4959 		4.0101 		4.8934
v 0 		4.0163 		4.8936
v 2.6532 		4.1218 		4.8268
v 0 		4.1575 		4.8268
v 10.5343 		1.1343 		4.6967
v 10.263 		2.2494 		4.6967
v 9.8164 		3.3258 		4.6967
v 9.4826 		3.8797 		4.6967
v 9.4825 		3.8796 		4.6967
v 9.2894 		3.8007 		4.7575
v 10.9061 		0 		4.562
v 10.8123 		1.1643 		4.562
v 10.5343 		2.3088 		4.562
v 10.076 		3.4137 		4.562
v 9.7331 		3.9821 		4.562
v 9.6169 		3.9347 		4.6244
v 9.5958 		3.9261 		4.6358
v 9.7784 		4.0007 		4.4879
v 9.7714 		3.9978 		4.4994
v 8.1334 		4.0156 		4.6967
v 5.5007 		4.1986 		4.6967
v 2.7742 		4.3096 		4.6967
v 0 		4.3467 		4.6967
v 8.3483 		4.1218 		4.562
v 5.6459 		4.3096 		4.562
v 2.8475 		4.4232 		4.562
v 0 		4.4613 		4.562
v -9.5429 		2.0916 		4.8815
v -9.715 		1.2137 		4.8894
v -9.6473 		1.5419 		4.8871
v -9.7451 		1.068 		4.8904
v -9.6289 		1.6311 		4.8865
v -9.6119 		1.7218 		4.8855
v -8.9478 		3.6595 		4.8533
v -8.9472 		3.661 		4.8533
v -9.0895 		3.3691 		4.8591
v -9.0695 		3.711 		4.8268
v -9.0697 		3.711 		4.8267
v -9.3889 		3.1813 		4.8267
v -9.1452 		3.2552 		4.8614
v -9.2109 		3.1208 		4.864
v -9.4091 		2.4848 		4.8761
v -9.3276 		2.7392 		4.8717
v -9.2729 		2.9102 		4.8687
v -9.2538 		3.7862 		4.7688
v -1.0993 		3.4143 		4.91
v -2.1795 		3.3264 		4.91
v -0.7941 		4.0063 		4.8932
v -1.2877 		4.0001 		4.893
v -1.2253 		4.0009 		4.8931
v -2.1829 		3.9919 		4.8912
v -2.5676 		3.9884 		4.8904
v -2.612 		3.9867 		4.8904
v -2.6532 		4.1218 		4.8268
v -3.2223 		3.1816 		4.91
v -4.2101 		2.9824 		4.91
v -5.126 		2.7323 		4.91
v -3.9892 		3.939 		4.8865
v -3.7012 		3.949 		4.8873
v -3.9125 		3.9417 		4.8867
v -5.1151 		3.904 		4.8815
v -5.4567 		3.883 		4.8803
v -5.4793 		3.8817 		4.8802
v -5.577 		3.876 		4.8797
v -5.2617 		4.0156 		4.8268
v -5.2617 		-4.0156 		4.0232
v -8.1334 		-4.0156 		4.1533
v -8.7281 		-2.7392 		3.9703
v -7.7792 		-3.1816 		3.9703
v -7.1179 		-3.7937 		3.9813
v -7.6321 		-3.7684 		3.986
v -8.1355 		-3.7273 		3.9901
v -6.6975 		-3.5696 		3.9703
v -6.7502 		-3.8133 		3.9787
v -7.7792 		-3.8411 		4.0232
v -10.5343 		-1.1343 		4.1533
v -10.263 		-2.2494 		4.1533
v -10.076 		-1.0851 		4.0233
v -9.8164 		-2.1516 		4.0233
v -9.8015 		-0.2034 		3.9566
v -9.7774 		-0.5264 		3.9569
v -9.7763 		-0.5472 		3.957
v -9.7674 		-0.7122 		3.9578
v -9.7492 		-1.0499 		3.9595
v -9.6473 		-1.5419 		3.9629
v -9.6289 		-1.6311 		3.9635
v -9.6119 		-1.7218 		3.9645
v -9.5429 		-2.0916 		3.9685
v -9.7451 		-1.068 		3.9596
v -9.715 		-1.2137 		3.9606
v -9.4884 		-2.2403 		3.9698
v -9.4859 		-2.2474 		3.9699
v -9.4736 		-2.2831 		3.9703
v -2.8475 		-2.017 		3.9179
v -2.1795 		-2.1519 		3.9179
v -1.474 		-2.2497 		3.9179
v -0.7436 		-2.3091 		3.9179
v 0 		-2.3292 		3.9179
v -1.4359 		-1.0173 		3.9045
v -1.0993 		-1.0851 		3.9045
v -0.7436 		-1.1346 		3.9045
v -0.3747 		-1.1646 		3.9045
v 0 		-1.1745 		3.9045
v -2.8475 		-0.1533 		3.9045
v -2.7742 		-0.3041 		3.9045
v -2.6532 		-0.4496 		3.9045
v -2.4875 		-0.5872 		3.9045
v -2.2785 		-0.715 		3.9045
v 1.7483 		0.9319 		3.9045
v 1.4359 		1.0173 		3.9045
v 1.0993 		1.0851 		3.9045
v 0.7436 		1.1346 		3.9045
v 0.3747 		1.1646 		3.9045
v 2.8475 		2.017 		3.9179
v 2.1795 		2.1519 		3.9179
v 1.474 		2.2497 		3.9179
v 0.7436 		2.3091 		3.9179
v 9.8164 		3.3258 		4.1533
v 9.4826 		3.8797 		4.1533
v 9.3889 		3.1813 		4.0233
v 9.4825 		3.8796 		4.1533
v 9.2538 		3.7862 		4.0812
v 9.2885 		3.8004 		4.0922
v 9.0697 		3.711 		4.0233
v 9.2109 		3.1208 		3.986
v 9.4091 		2.4848 		3.9739
v 9.3276 		2.7392 		3.9783
v 9.2729 		2.9102 		3.9813
v 9.1452 		3.2552 		3.9886
v 9.0895 		3.3691 		3.9909
v 8.9478 		3.6595 		3.9967
v 8.9472 		3.661 		3.9967
v 9.0695 		3.711 		4.0232
v 8.1334 		4.0156 		4.1533
v 8.7281 		2.7392 		3.9703
v 7.7792 		3.1816 		3.9703
v 7.1179 		3.7937 		3.9813
v 7.6321 		3.7684 		3.986
v 8.1355 		3.7273 		3.9901
v 6.6975 		3.5696 		3.9703
v 6.7502 		3.8133 		3.9787
v 7.7792 		3.8411 		4.0232
v 5.5007 		4.1986 		4.1533
v 2.7742 		4.3096 		4.1533
v 5.577 		3.876 		3.9703
v 5.126 		2.7323 		3.94
v 4.2101 		2.9824 		3.94
v 5.4793 		3.8817 		3.9698
v 3.2223 		3.1816 		3.94
v 5.4567 		3.883 		3.9697
v 10.8123 		-1.1643 		4.562
v 9.7711 		-3.9979 		4.4997
v 9.7781 		-4.0008 		4.4882
v 2.7742 		-4.3096 		4.6967
v 0 		-4.3467 		4.6967
v 5.5007 		-4.1986 		4.6967
v 8.1334 		-4.0156 		4.6967
v 2.8475 		-4.4232 		4.562
v 0 		-4.4613 		4.562
v 5.6459 		-4.3096 		4.562
v 8.3483 		-4.1218 		4.562
v -9.3889 		-3.1813 		4.8267
v -2.1795 		-3.3264 		4.91
v -1.0993 		-3.4143 		4.91
v -2.9671 		-3.9744 		4.8894
v -2.612 		-3.9867 		4.8904
v -2.7742 		-4.3096 		4.6967
v -8.3483 		-4.1218 		4.562
v -5.6459 		-4.3096 		4.562
v -2.8475 		-4.4232 		4.562
v 9.8168 		-4.0167 		4.425
v 10.1625 		-3.4434 		4.425
v 10.6253 		-2.3289 		4.425
v 10.9061 		-1.1745 		4.425
v 11 		0 		4.425
v 10.076 		-3.4137 		4.288
v 10.5343 		-2.3088 		4.288
v 10.8123 		-1.1643 		4.288
v 10.9061 		0 		4.288
v 9.5958 		-3.9261 		4.2142
v -2.0306 		-0.8305 		3.9045
v -1.7483 		-0.9319 		3.9045
v -5.9539 		-2.4351 		3.94
v -4.5181 		-1.418 		3.9179
v -4.0267 		-1.6469 		3.9179
v -3.4672 		-1.8478 		3.9179
v -5.6459 		-0.3041 		3.9179
v -5.5007 		-0.6028 		3.9179
v -5.2617 		-0.8914 		3.9179
v -4.9317 		-1.1646 		3.9179
v -8.3483 		-0.4496 		3.94
v -8.1334 		-0.8914 		3.94
v -7.7792 		-1.3178 		3.94
v -7.2923 		-1.7218 		3.94
v -6.6807 		-2.0964 		3.94
v 3.9892 		3.939 		3.9635
v 5.1151 		3.904 		3.9685
v 3.7012 		3.949 		3.9627
v 3.9125 		3.9417 		3.9633
v 5.2617 		4.0156 		4.0232
v 2.612 		3.9867 		3.9596
v 2.1795 		3.3264 		3.94
v 1.0993 		3.4143 		3.94
v 2.1829 		3.9919 		3.9588
v 2.5676 		3.9884 		3.9596
v 1.2877 		4.0001 		3.957
v 0.7941 		4.0063 		3.9568
v 1.2253 		4.0009 		3.9569
v 2.6532 		4.1218 		4.0232
v -9.8168 		4.0167 		4.425
v -10.1625 		3.4434 		4.425
v -10.6253 		2.3289 		4.425
v -10.9061 		1.1745 		4.425
v -10.076 		3.4137 		4.288
v -10.5343 		2.3088 		4.288
v -9.5958 		3.9261 		4.2142
v -6.6975 		3.5696 		4.8797
v -7.7792 		3.1816 		4.8797
v -8.7281 		2.7392 		4.8797
v -6.7502 		3.8133 		4.8713
v -7.1179 		3.7937 		4.8687
v -8.1355 		3.7273 		4.8599
v -7.6321 		3.7684 		4.864
v -7.7792 		3.8411 		4.8268
v -9.8164 		3.3258 		4.6967
v -9.2885 		3.8004 		4.7578
v -9.4825 		3.8796 		4.6967
v -9.4826 		3.8797 		4.6967
v -10.263 		2.2494 		4.6967
v -10.5343 		1.1343 		4.6967
v 4.0267 		-1.6469 		3.9179
v 4.5181 		-1.418 		3.9179
v 4.9317 		-1.1646 		3.9179
v 5.2617 		-0.8914 		3.9179
v 5.5007 		-0.6028 		3.9179
v -10.076 		3.4137 		4.562
v -9.5957 		3.9257 		4.636
v -9.6167 		3.9343 		4.6247
v -9.7331 		3.9821 		4.562
v 5.6459 		-0.3041 		3.9179
v -10.5343 		2.3088 		4.562
v -10.8123 		1.1643 		4.562
v -9.7711 		3.9979 		4.4997
v -9.7781 		4.0008 		4.4882
v 0.7436 		-2.3091 		3.9179
v 1.474 		-2.2497 		3.9179
v -2.7742 		4.3096 		4.6967
v -5.5007 		4.1986 		4.6967
v -8.1334 		4.0156 		4.6967
v -2.8475 		4.4232 		4.562
v -5.6459 		4.3096 		4.562
v -8.3483 		4.1218 		4.562
v 10.9061 		1.1745 		4.425
v 10.6253 		2.3289 		4.425
v 10.1625 		3.4434 		4.425
v 9.8168 		4.0167 		4.425
v 10.8123 		1.1643 		4.288
v 10.5343 		2.3088 		4.288
v 10.076 		3.4137 		4.288
v 9.7331 		3.9821 		4.288
v 2.1795 		-2.1519 		3.9179
v 2.8475 		-2.017 		3.9179
v 1.7483 		-0.9319 		3.9045
v 2.0306 		-0.8305 		3.9045
v 2.2785 		-0.715 		3.9045
v 2.4875 		-0.5872 		3.9045
v 2.6532 		-0.4496 		3.9045
v 2.7742 		-0.3041 		3.9045
v 2.8475 		-0.1533 		3.9045
v 0.3747 		-1.1646 		3.9045
v 0.7436 		-1.1346 		3.9045
v 1.0993 		-1.0851 		3.9045
v 1.4359 		-1.0173 		3.9045
v -10.9061 		-1.1745 		4.425
# 922 vertices

g group_1_14342359

usemtl color_14342359
s 0

f 892 	893 	1786
f 891 	895 	892
f 895 	891 	896
f 895 	897 	892
f 892 	897 	893
f 897 	898 	893
f 893 	898 	894
f 898 	899 	900
f 898 	900 	894
f 894 	900 	901
f 973 	897 	895
f 897 	973 	998
f 897 	998 	898
f 898 	902 	899
f 889 	904 	905
f 904 	907 	908
f 904 	908 	905
f 889 	905 	890
f 903 	907 	904
f 907 	903 	906
f 907 	918 	908
f 916 	921 	907
f 911 	906 	910
f 910 	906 	912
f 909 	906 	911
f 906 	909 	913
f 906 	913 	914
f 916 	907 	915
f 917 	907 	914
f 915 	907 	917
f 906 	914 	907
f 919 	908 	918
f 920 	908 	919
f 921 	922 	907
f 918 	907 	922
f 923 	924 	928
f 928 	925 	923
f 928 	926 	925
f 928 	927 	926
f 928 	929 	927
f 928 	931 	930
f 945 	935 	936
f 928 	936 	935
f 930 	929 	928
f 928 	932 	931
f 932 	928 	933
f 934 	933 	928
f 935 	934 	928
f 938 	937 	923
f 937 	924 	923
f 923 	925 	938
f 939 	938 	925
f 925 	926 	939
f 940 	939 	926
f 941 	940 	927
f 926 	927 	940
f 927 	929 	941
f 943 	934 	944
f 942 	932 	933
f 933 	943 	942
f 934 	943 	933
f 944 	935 	945
f 944 	934 	935
f 936 	946 	945
f 949 	950 	947
f 950 	932 	942
f 931 	932 	950
f 941 	929 	948
f 948 	930 	949
f 929 	930 	948
f 930 	931 	949
f 949 	931 	950
f 953 	911 	952
f 952 	943 	953
f 954 	945 	955
f 950 	951 	947
f 950 	942 	951
f 951 	942 	952
f 943 	952 	942
f 953 	943 	944
f 944 	954 	953
f 945 	954 	944
f 956 	955 	946
f 955 	945 	946
f 952 	910 	912
f 1007 	952 	912
f 910 	952 	911
f 913 	909 	953
f 911 	953 	909
f 917 	954 	915
f 954 	917 	953
f 917 	914 	953
f 913 	953 	914
f 955 	921 	954
f 921 	916 	954
f 915 	954 	916
f 921 	955 	922
f 956 	919 	955
f 919 	918 	955
f 922 	955 	918
f 919 	956 	920
f 957 	959 	958
f 1752 	998 	957
f 961 	963 	960
f 962 	960 	963
f 961 	964 	963
f 961 	960 	1008
f 963 	958 	962
f 959 	962 	958
f 958 	906 	903
f 958 	963 	906
f 964 	966 	967
f 964 	967 	968
f 965 	963 	968
f 964 	968 	963
f 963 	965 	969
f 963 	969 	970
f 912 	906 	970
f 963 	970 	906
f 972 	896 	971
f 896 	972 	895
f 972 	973 	895
f 972 	971 	986
f 997 	972 	986
f 972 	997 	973
f 974 	975 	976
f 975 	977 	978
f 975 	978 	976
f 982 	979 	981
f 980 	981 	979
f 976 	979 	982
f 976 	982 	983
f 976 	983 	974
f 979 	984 	980
f 984 	986 	980
f 978 	937 	938
f 978 	938 	976
f 976 	939 	979
f 938 	939 	976
f 988 	979 	940
f 940 	979 	939
f 940 	941 	988
f 985 	986 	971
f 982 	986 	983
f 975 	974 	985
f 983 	985 	974
f 977 	975 	985
f 981 	986 	982
f 985 	983 	986
f 981 	980 	986
f 979 	988 	984
f 989 	990 	988
f 990 	984 	988
f 993 	994 	992
f 991 	992 	994
f 993 	989 	994
f 988 	994 	989
f 996 	995 	987
f 996 	991 	995
f 994 	995 	991
f 995 	949 	947
f 994 	988 	941
f 995 	994 	948
f 941 	948 	994
f 948 	949 	995
f 989 	993 	986
f 990 	989 	986
f 997 	986 	993
f 992 	997 	993
f 990 	986 	984
f 992 	991 	997
f 991 	996 	997
f 987 	997 	996
f 999 	1000 	997
f 959 	957 	998
f 1752 	898 	998
f 1008 	998 	973
f 998 	1008 	960
f 998 	960 	962
f 998 	962 	959
f 987 	1001 	999
f 1000 	999 	1001
f 997 	987 	999
f 1002 	1000 	1001
f 1003 	1004 	1005
f 1004 	1002 	1005
f 1001 	1005 	1002
f 1003 	1005 	1006
f 1005 	967 	1006
f 966 	1006 	967
f 969 	965 	1007
f 968 	1007 	965
f 1005 	1007 	968
f 1005 	968 	967
f 912 	970 	1007
f 1007 	970 	969
f 1001 	987 	995
f 995 	947 	1001
f 1001 	947 	1005
f 1007 	1005 	951
f 947 	951 	1005
f 951 	952 	1007
f 1008 	973 	997
f 961 	1008 	964
f 1006 	966 	964
f 1008 	1006 	964
f 997 	1000 	1008
f 1000 	1002 	1008
f 1004 	1008 	1002
f 1004 	1003 	1008
f 1006 	1008 	1003
f 1012 	1009 	1010
f 1011 	1012 	1010
f 1013 	1010 	1009
f 1014 	1010 	1013
f 1014 	1013 	1026
f 1015 	1009 	1012
f 1016 	1015 	1012
f 1017 	1018 	1052
f 1019 	1012 	1018
f 1052 	1018 	1012
f 1012 	1019 	1016
f 1020 	1012 	1011
f 1015 	1022 	1009
f 1015 	1016 	1022
f 1019 	1022 	1016
f 1017 	1023 	1018
f 1011 	1028 	1020
f 1010 	1028 	1011
f 1021 	1026 	1022
f 1025 	1021 	1024
f 1013 	1022 	1026
f 1026 	1021 	1027
f 1025 	1027 	1021
f 1009 	1022 	1013
f 1023 	1022 	1019
f 1019 	1018 	1023
f 1027 	1025 	1028
f 1024 	1028 	1025
f 1014 	1026 	1010
f 1028 	1010 	1026
f 1027 	1028 	1026
f 1034 	1029 	1033
f 1032 	1029 	1034
f 1036 	1029 	1035
f 1032 	1035 	1029
f 1032 	1039 	1035
f 1035 	1039 	1036
f 1037 	1030 	1036
f 1029 	1036 	1030
f 1021 	1030 	1038
f 1037 	1038 	1030
f 1037 	1039 	1038
f 1021 	1031 	1030
f 1021 	1022 	1031
f 1038 	1024 	1021
f 1033 	1050 	1034
f 1034 	1039 	1032
f 1028 	1024 	1039
f 1024 	1038 	1039
f 1039 	1037 	1036
f 1039 	1692 	1693
f 1039 	1693 	1028
f 1040 	1045 	1047
f 1040 	1047 	1042
f 1047 	1048 	1042
f 1041 	1043 	1044
f 1045 	1040 	1046
f 1046 	1040 	1044
f 1041 	1044 	1040
f 1049 	1042 	1048
f 1042 	1033 	1029
f 1049 	1033 	1042
f 1047 	1050 	1048
f 1047 	1045 	1050
f 1046 	1050 	1045
f 1050 	1046 	1051
f 1044 	1051 	1046
f 1043 	1051 	1044
f 1049 	1050 	1033
f 1039 	1034 	1050
f 1048 	1050 	1049
f 1692 	1039 	1050
f 1051 	1690 	1050
f 1053 	1054 	1052
f 1054 	1055 	1052
f 1055 	1056 	1052
f 1017 	1052 	1056
f 1059 	1058 	1061
f 1060 	1058 	1059
f 1057 	1061 	1058
f 1063 	1058 	1062
f 1060 	1062 	1058
f 1052 	1058 	1063
f 1052 	1063 	1053
f 1058 	1064 	1065
f 1058 	1065 	1066
f 1058 	1066 	1057
f 1065 	1064 	1069
f 1068 	1069 	1064
f 1067 	1068 	1064
f 1399 	1058 	1052
f 1055 	1070 	1056
f 1059 	1072 	1060
f 1066 	1065 	1366
f 1069 	1366 	1065
f 1066 	1365 	1057
f 1366 	1069 	1068
f 1023 	1017 	1056
f 1063 	1062 	1071
f 1051 	1075 	1073
f 1075 	1076 	1073
f 1074 	1073 	1076
f 1043 	1077 	1051
f 1077 	1078 	1051
f 1075 	1051 	1078
f 1432 	1079 	1080
f 1086 	1085 	1080
f 1083 	1087 	1080
f 1079 	1082 	1083
f 1079 	1083 	1080
f 1092 	1084 	1079
f 1084 	1082 	1079
f 1081 	1080 	1085
f 1086 	1080 	1087
f 1081 	1085 	1088
f 1086 	1073 	1085
f 1087 	1083 	1089
f 1082 	1089 	1083
f 1084 	1089 	1082
f 1073 	1086 	1089
f 1088 	1085 	1073
f 1087 	1089 	1086
f 1090 	1104 	1091
f 1102 	1105 	1090
f 1094 	1095 	1093
f 1091 	1093 	1095
f 1091 	1095 	1096
f 1092 	1091 	1097
f 1098 	1097 	1091
f 1096 	1098 	1091
f 1092 	1097 	1099
f 1100 	1092 	1099
f 1084 	1092 	1100
f 1094 	1106 	1095
f 1098 	1096 	1101
f 1095 	1101 	1096
f 1089 	1099 	1101
f 1100 	1099 	1089
f 1099 	1097 	1101
f 1098 	1101 	1097
f 1100 	1089 	1084
f 1102 	1090 	1103
f 1093 	1091 	1104
f 1090 	1105 	1104
f 1101 	1095 	1106
f 1106 	1107 	1101
f 1108 	1101 	1107
f 1113 	1110 	1112
f 1111 	1112 	1110
f 1109 	1111 	1110
f 1115 	1116 	1114
f 1113 	1114 	1116
f 1116 	1110 	1113
f 1109 	1110 	1119
f 1118 	1119 	1110
f 1117 	1118 	1110
f 1117 	1110 	1120
f 1117 	1120 	1122
f 1121 	1122 	1120
f 1125 	1120 	1124
f 1123 	1120 	1125
f 1121 	1120 	1123
f 1103 	1124 	1120
f 1127 	1699 	1128
f 1128 	1699 	1700
f 1128 	1700 	1129
f 1129 	1700 	1041
f 1129 	1041 	1130
f 1411 	1131 	1410
f 1132 	1133 	1131
f 1133 	1134 	1131
f 1134 	1135 	1131
f 1135 	1136 	1131
f 1133 	1132 	1127
f 1133 	1127 	1128
f 1133 	1128 	1134
f 1134 	1128 	1129
f 1134 	1129 	1135
f 1138 	1116 	1142
f 1141 	1142 	1116
f 1115 	1141 	1116
f 1144 	1145 	1131
f 1145 	1146 	1131
f 1146 	1147 	1131
f 1147 	1148 	1131
f 1148 	1149 	1131
f 1149 	1150 	1131
f 1151 	1131 	1150
f 1152 	1131 	1151
f 1153 	1131 	1152
f 1154 	1131 	1153
f 1155 	1131 	1154
f 1131 	1155 	1156
f 1173 	1153 	1152
f 1154 	1179 	1155
f 1155 	1180 	1156
f 1155 	1179 	1180
f 1158 	1144 	1157
f 1144 	1158 	1145
f 1145 	1159 	1146
f 1158 	1159 	1145
f 1146 	1160 	1147
f 1159 	1160 	1146
f 1160 	1161 	1147
f 1147 	1161 	1148
f 1592 	1161 	1160
f 1162 	1181 	1164
f 1592 	1593 	1161
f 1067 	1064 	1165
f 1163 	1165 	1064
f 1163 	1064 	1164
f 1164 	1166 	1167
f 1164 	1167 	1168
f 1164 	1168 	1169
f 1164 	1169 	1170
f 1171 	1152 	1151
f 1167 	1166 	1174
f 1172 	1174 	1166
f 1173 	1152 	1171
f 1497 	1498 	1166
f 1166 	1176 	1177
f 1166 	1177 	1175
f 1166 	1175 	1172
f 1153 	1173 	1178
f 1175 	1188 	1172
f 1153 	1178 	1154
f 1154 	1178 	1179
f 1064 	1541 	1164
f 1197 	1178 	1173
f 1168 	1167 	1188
f 1174 	1188 	1167
f 1174 	1172 	1188
f 1182 	1149 	1148
f 1161 	1182 	1148
f 1149 	1182 	1184
f 1185 	1165 	1183
f 1149 	1184 	1150
f 1165 	1163 	1183
f 1150 	1187 	1151
f 1181 	1162 	1183
f 1169 	1186 	1170
f 1170 	1186 	1162
f 1150 	1184 	1187
f 1187 	1171 	1151
f 1183 	1162 	1186
f 1593 	1182 	1161
f 1182 	1190 	1184
f 1593 	1190 	1182
f 1184 	1190 	1192
f 1189 	1507 	1191
f 1185 	1067 	1165
f 1187 	1193 	1171
f 1181 	1183 	1163
f 1168 	1188 	1186
f 1169 	1168 	1186
f 1192 	1187 	1184
f 1188 	1175 	1189
f 1177 	1189 	1175
f 1507 	1189 	1176
f 1177 	1176 	1189
f 1187 	1192 	1193
f 1171 	1193 	1194
f 1486 	1564 	1193
f 1194 	1173 	1171
f 1195 	1183 	1196
f 1194 	1197 	1173
f 1199 	1179 	1178
f 1196 	1198 	1414
f 1178 	1197 	1199
f 1179 	1199 	1201
f 1198 	1200 	1415
f 1188 	1189 	1200
f 1183 	1195 	1185
f 1183 	1186 	1196
f 1196 	1186 	1198
f 1186 	1188 	1198
f 1198 	1188 	1200
f 1209 	890 	1210
f 1206 	1212 	1207
f 1206 	1211 	1212
f 1213 	1214 	1212
f 1207 	1212 	1214
f 1207 	1214 	1215
f 1207 	1215 	1208
f 890 	1612 	1210
f 1211 	1613 	1226
f 1211 	1226 	1212
f 1212 	1216 	1217
f 1212 	1217 	1213
f 1212 	1226 	1216
f 1208 	1215 	1218
f 1218 	1222 	1223
f 1223 	1219 	1218
f 1222 	1218 	1215
f 1215 	1214 	1222
f 1213 	1222 	1214
f 1224 	1220 	1219
f 1219 	1223 	1224
f 1220 	1224 	1225
f 1220 	1225 	1221
f 1217 	1216 	1603
f 1603 	1222 	1217
f 1222 	1213 	1217
f 1222 	1242 	1223
f 1227 	1216 	1226
f 1226 	1229 	1227
f 1226 	1230 	1231
f 1231 	1229 	1226
f 1226 	1228 	1230
f 1232 	1230 	1228
f 1233 	1228 	1236
f 1235 	1236 	1228
f 1228 	1233 	1237
f 1228 	1237 	1238
f 1239 	1241 	1238
f 1240 	1241 	1239
f 1228 	1238 	1241
f 1228 	1241 	1232
f 1243 	1224 	1223
f 1223 	1242 	1243
f 1224 	1244 	1225
f 1243 	1244 	1224
f 1245 	1246 	1248
f 1247 	1248 	1246
f 1247 	1246 	1249
f 1250 	1247 	1249
f 1250 	1249 	1252
f 1251 	1252 	1249
f 1251 	1249 	1253
f 1252 	1255 	1250
f 1254 	1251 	1253
f 1242 	1255 	1243
f 1243 	1256 	1244
f 1256 	1243 	1255
f 1248 	1255 	1245
f 1255 	1252 	1256
f 1251 	1256 	1252
f 1254 	1256 	1251
f 1255 	1248 	1247
f 1255 	1247 	1250
f 1260 	1257 	1259
f 1261 	1260 	1259
f 1261 	1259 	1262
f 1259 	1258 	1630
f 1261 	1602 	1260
f 1261 	1262 	1264
f 1263 	1264 	1262
f 1245 	1265 	1246
f 1263 	1262 	1266
f 1265 	1266 	1262
f 1265 	1262 	1246
f 1268 	1202 	1267
f 1267 	1270 	1268
f 1202 	1272 	1204
f 1268 	1272 	1202
f 1274 	1205 	1204
f 1272 	1274 	1204
f 1274 	896 	1205
f 1269 	1275 	1276
f 1205 	896 	891
f 1277 	1278 	1670
f 1275 	1342 	1276
f 1670 	1268 	1277
f 1269 	1276 	1271
f 1271 	1276 	1279
f 1272 	1680 	1274
f 1271 	1279 	1273
f 1280 	1281 	1279
f 1273 	1279 	1281
f 1273 	1281 	1284
f 1273 	1284 	1707
f 1275 	1341 	1342
f 1286 	1282 	1283
f 1283 	1287 	1286
f 1286 	1288 	1282
f 1287 	1296 	1286
f 1286 	1306 	1288
f 1279 	1289 	1280
f 1282 	1288 	1285
f 1290 	1292 	1291
f 1288 	1656 	1285
f 1285 	1656 	1654
f 1287 	1293 	1294
f 1287 	1294 	1295
f 1287 	1295 	1296
f 1298 	1300 	1297
f 1299 	1297 	1300
f 1298 	1301 	1300
f 1302 	1286 	1296
f 1303 	1286 	1302
f 1319 	1338 	1297
f 1286 	1304 	1305
f 1286 	1305 	1306
f 1307 	1288 	1306
f 1309 	1286 	1308
f 1304 	1286 	1309
f 1303 	1308 	1286
f 1662 	1663 	1288
f 1311 	1312 	1288
f 1662 	1288 	1312
f 1310 	1311 	1288
f 1307 	1310 	1288
f 1300 	1291 	1299
f 1292 	1299 	1291
f 1295 	1294 	1320
f 1320 	1294 	1321
f 1293 	1321 	1294
f 1320 	1302 	1296
f 1320 	1296 	1295
f 1309 	1323 	1304
f 1301 	1314 	1315
f 1301 	1315 	1316
f 1313 	1300 	1316
f 1301 	1316 	1300
f 1318 	1300 	1317
f 1313 	1317 	1300
f 1306 	1327 	1307
f 1306 	1305 	1327
f 1276 	1319 	1279
f 1292 	1290 	1319
f 1290 	1716 	1319
f 1303 	1322 	1308
f 1302 	1322 	1303
f 1320 	1322 	1302
f 1308 	1322 	1309
f 1323 	1309 	1322
f 1319 	1297 	1299
f 1319 	1299 	1292
f 1305 	1304 	1323
f 1325 	1324 	1326
f 1310 	1307 	1327
f 1305 	1323 	1327
f 1329 	1325 	1326
f 1327 	1328 	1310
f 1311 	1310 	1328
f 1326 	1332 	1329
f 1331 	1329 	1332
f 1330 	1331 	1332
f 1328 	1345 	1343
f 1336 	1320 	1321
f 1330 	1338 	1331
f 1337 	1322 	1320
f 1336 	1337 	1320
f 1330 	1332 	1333
f 1332 	1315 	1333
f 1314 	1333 	1315
f 1323 	1322 	1339
f 1317 	1313 	1334
f 1316 	1334 	1313
f 1334 	1316 	1332
f 1315 	1332 	1316
f 1334 	1318 	1317
f 1344 	1328 	1327
f 1336 	1321 	1335
f 1322 	1337 	1339
f 1323 	1339 	1340
f 1301 	1298 	1338
f 1298 	1297 	1338
f 1338 	1333 	1301
f 1338 	1329 	1331
f 1358 	1357 	1335
f 1337 	1336 	1359
f 1325 	1338 	1362
f 1329 	1338 	1325
f 1338 	1330 	1333
f 1314 	1301 	1333
f 1341 	1225 	1244
f 1340 	1339 	1361
f 1225 	1341 	1275
f 1319 	1276 	1342
f 1340 	1327 	1323
f 1340 	1344 	1327
f 1328 	1344 	1345
f 1342 	1338 	1319
f 1324 	1346 	1326
f 1349 	1350 	1348
f 1345 	1347 	1343
f 1353 	1354 	1352
f 1351 	1352 	1354
f 1348 	1354 	1349
f 1353 	1349 	1354
f 1326 	1346 	1355
f 1356 	1355 	1346
f 1340 	1363 	1344
f 1356 	1351 	1355
f 1354 	1355 	1351
f 1357 	1336 	1335
f 1357 	1359 	1336
f 1337 	1359 	1360
f 1339 	1337 	1360
f 1339 	1360 	1361
f 1341 	1362 	1342
f 1361 	1363 	1340
f 1342 	1362 	1338
f 1364 	1345 	1344
f 1349 	1353 	1434
f 1350 	1349 	1434
f 1362 	1434 	1353
f 1352 	1362 	1353
f 1344 	1363 	1364
f 1366 	1185 	1374
f 1071 	1070 	1054
f 1055 	1054 	1070
f 1023 	1056 	1070
f 1072 	1071 	1062
f 1063 	1071 	1053
f 1054 	1053 	1071
f 1062 	1060 	1072
f 1061 	1365 	1059
f 1072 	1059 	1365
f 1066 	1366 	1365
f 1061 	1057 	1365
f 1366 	1068 	1185
f 1067 	1185 	1068
f 1367 	1370 	1368
f 1031 	1370 	1367
f 1370 	1070 	1368
f 1368 	1070 	1369
f 1369 	1071 	1371
f 1070 	1071 	1369
f 1370 	1031 	1022
f 1370 	1022 	1023
f 1370 	1023 	1070
f 1380 	1368 	1369
f 1369 	1371 	1381
f 1372 	1365 	1373
f 1072 	1365 	1372
f 1373 	1374 	1384
f 1374 	1195 	1385
f 1071 	1072 	1371
f 1371 	1072 	1372
f 1366 	1374 	1373
f 1366 	1373 	1365
f 1374 	1185 	1195
f 1136 	1130 	1375
f 1388 	1376 	1377
f 1377 	1030 	1378
f 1390 	1367 	1379
f 1378 	1367 	1390
f 1367 	1368 	1379
f 1379 	1368 	1380
f 1130 	1040 	1375
f 1130 	1041 	1040
f 1375 	1040 	1042
f 1375 	1042 	1376
f 1376 	1042 	1029
f 1376 	1029 	1377
f 1377 	1029 	1030
f 1030 	1031 	1378
f 1378 	1031 	1367
f 1380 	1369 	1381
f 1381 	1371 	1382
f 1382 	1372 	1383
f 1371 	1372 	1382
f 1372 	1373 	1383
f 1383 	1373 	1384
f 1384 	1374 	1385
f 1385 	1195 	1386
f 1136 	1387 	1131
f 1387 	1388 	1131
f 1388 	1389 	1131
f 1389 	1390 	1131
f 1379 	1131 	1390
f 1380 	1131 	1379
f 1381 	1131 	1380
f 1382 	1131 	1381
f 1383 	1131 	1382
f 1384 	1131 	1383
f 1385 	1131 	1384
f 1386 	1131 	1385
f 1375 	1387 	1136
f 1387 	1376 	1388
f 1387 	1375 	1376
f 1377 	1389 	1388
f 1389 	1377 	1378
f 1389 	1378 	1390
f 1020 	1391 	1012
f 1395 	1391 	1394
f 1393 	1394 	1391
f 1020 	1393 	1391
f 1391 	1396 	1012
f 1395 	1403 	1391
f 1052 	1012 	1396
f 1396 	1399 	1052
f 1200 	1189 	1203
f 1189 	1191 	1203
f 1058 	1400 	1064
f 1392 	1203 	1191
f 1399 	1400 	1058
f 1402 	1391 	1403
f 1392 	1401 	1397
f 1392 	1191 	1401
f 1401 	1517 	1397
f 1405 	1402 	1404
f 1402 	1403 	1404
f 1402 	1406 	1391
f 1135 	1130 	1136
f 1135 	1129 	1130
f 1407 	1131 	1156
f 1407 	1408 	1131
f 1398 	1518 	1493
f 1408 	1409 	1131
f 1409 	1410 	1131
f 1411 	1412 	1131
f 1412 	1413 	1131
f 1413 	1132 	1131
f 1401 	1509 	1517
f 1407 	1436 	1408
f 1386 	1195 	1196
f 1386 	1196 	1414
f 1362 	1352 	1351
f 1362 	1351 	1356
f 1362 	1356 	1346
f 1362 	1346 	1324
f 1324 	1325 	1362
f 1412 	1432 	1413
f 1421 	1422 	1423
f 1253 	1422 	1254
f 1413 	1126 	1132
f 1422 	1253 	1423
f 1126 	1127 	1132
f 1425 	1427 	1424
f 1428 	1424 	1427
f 1421 	1423 	1429
f 1428 	1429 	1423
f 1424 	1428 	1423
f 1426 	1433 	1430
f 1348 	1431 	1424
f 1425 	1424 	1431
f 1432 	1412 	1430
f 1432 	1126 	1413
f 1431 	1434 	1425
f 1350 	1431 	1348
f 1253 	1781 	1423
f 1423 	1782 	1424
f 1430 	1433 	1079
f 1433 	1092 	1079
f 1430 	1079 	1432
f 1434 	1244 	1256
f 1432 	1080 	1126
f 1080 	1081 	1126
f 1244 	1434 	1341
f 1362 	1341 	1434
f 1092 	1433 	1091
f 1256 	1429 	1434
f 1435 	1156 	1180
f 1156 	1435 	1407
f 1256 	1254 	1422
f 1256 	1422 	1421
f 1421 	1429 	1256
f 1436 	1407 	1435
f 1427 	1434 	1428
f 1429 	1428 	1434
f 1437 	1409 	1408
f 1425 	1434 	1427
f 1350 	1434 	1431
f 1408 	1436 	1437
f 1409 	1437 	1439
f 1439 	1410 	1409
f 1411 	1410 	1426
f 1439 	1426 	1410
f 1411 	1426 	1430
f 1412 	1411 	1430
f 1438 	1291 	1441
f 1180 	1444 	1435
f 1300 	1441 	1291
f 1438 	1442 	1440
f 1441 	1442 	1438
f 1456 	1437 	1436
f 1442 	1287 	1440
f 1441 	1449 	1442
f 1440 	1287 	1283
f 1439 	1460 	1426
f 1445 	1441 	1447
f 1446 	1441 	1445
f 1443 	1441 	1446
f 1300 	1318 	1441
f 1447 	1441 	1318
f 1449 	1441 	1448
f 1443 	1448 	1441
f 1180 	1201 	1444
f 1435 	1444 	1450
f 1453 	1442 	1449
f 1451 	1442 	1453
f 1452 	1442 	1451
f 1450 	1436 	1435
f 1455 	1287 	1454
f 1293 	1287 	1455
f 1442 	1454 	1287
f 1436 	1450 	1456
f 1117 	1456 	1118
f 1454 	1442 	1458
f 1457 	1458 	1442
f 1452 	1457 	1442
f 1318 	1334 	1447
f 1459 	1439 	1437
f 1334 	1462 	1447
f 1437 	1456 	1459
f 1459 	1460 	1439
f 1462 	1446 	1445
f 1448 	1443 	1463
f 1446 	1463 	1443
f 1460 	1433 	1426
f 1463 	1453 	1449
f 1463 	1449 	1448
f 1457 	1452 	1464
f 1451 	1464 	1452
f 1201 	1114 	1444
f 1114 	1113 	1444
f 1457 	1465 	1458
f 1444 	1112 	1111
f 1455 	1454 	1465
f 1458 	1465 	1454
f 1444 	1111 	1450
f 1455 	1321 	1293
f 1450 	1118 	1456
f 1450 	1119 	1118
f 1332 	1461 	1334
f 1125 	1124 	1459
f 1461 	1462 	1334
f 1459 	1090 	1460
f 1768 	1769 	1461
f 1460 	1091 	1433
f 1460 	1090 	1091
f 1114 	1201 	1115
f 1445 	1447 	1462
f 1112 	1444 	1113
f 1462 	1463 	1446
f 1111 	1109 	1450
f 1119 	1450 	1109
f 1456 	1117 	1122
f 1453 	1464 	1451
f 1456 	1122 	1121
f 1456 	1121 	1123
f 1453 	1463 	1464
f 1456 	1123 	1459
f 1125 	1459 	1123
f 1465 	1457 	1464
f 1090 	1459 	1124
f 1124 	1103 	1090
f 1467 	1116 	1466
f 1464 	1776 	1465
f 1116 	1467 	1110
f 1110 	1468 	1120
f 1321 	1455 	1465
f 1110 	1467 	1468
f 1120 	1468 	1469
f 1472 	1469 	1471
f 1470 	1471 	1469
f 1469 	1476 	1479
f 1479 	1481 	1469
f 1771 	1464 	1463
f 1474 	1466 	1473
f 1466 	1474 	1467
f 1465 	1335 	1321
f 1467 	1475 	1468
f 1467 	1474 	1475
f 1326 	1355 	1477
f 1468 	1476 	1469
f 1477 	1332 	1326
f 1475 	1476 	1468
f 1477 	1461 	1332
f 1478 	1479 	1476
f 1354 	1480 	1355
f 1470 	1469 	1481
f 1179 	1201 	1180
f 1193 	1192 	1486
f 1475 	1207 	1476
f 1194 	1193 	1568
f 1476 	1482 	1483
f 1476 	1483 	1478
f 1194 	1565 	1197
f 1208 	1482 	1207
f 1476 	1207 	1482
f 1471 	1484 	1472
f 1108 	1472 	1484
f 1471 	1470 	1484
f 1108 	1484 	1101
f 1192 	1485 	1486
f 1485 	1192 	1488
f 1198 	1415 	1414
f 1200 	1416 	1415
f 1200 	1203 	1416
f 1416 	1203 	1417
f 1417 	1392 	1418
f 1203 	1392 	1417
f 1392 	1397 	1418
f 1419 	1418 	1397
f 1398 	1420 	1419
f 1397 	1398 	1419
f 1414 	1131 	1386
f 1415 	1131 	1414
f 1416 	1131 	1415
f 1417 	1131 	1416
f 1418 	1131 	1417
f 1419 	1131 	1418
f 1420 	1131 	1419
f 1489 	1131 	1420
f 1489 	1490 	1131
f 1490 	1491 	1131
f 1491 	1492 	1131
f 1492 	1144 	1131
f 1493 	1420 	1398
f 1493 	1489 	1420
f 1494 	1490 	1489
f 1489 	1493 	1494
f 1490 	1494 	1495
f 1490 	1495 	1491
f 1495 	1496 	1491
f 1491 	1496 	1492
f 1492 	1157 	1144
f 1496 	1157 	1492
f 1528 	1495 	1494
f 1530 	1157 	1496
f 1176 	1166 	1498
f 1498 	1497 	1500
f 1499 	1500 	1497
f 1501 	1502 	1497
f 1497 	1503 	1499
f 1503 	1502 	1505
f 1504 	1505 	1502
f 1497 	1502 	1503
f 1543 	1497 	1166
f 1497 	1506 	1501
f 1500 	1507 	1498
f 1503 	1507 	1499
f 1506 	1516 	1501
f 1176 	1498 	1507
f 1508 	1401 	1191
f 1191 	1507 	1508
f 1505 	1508 	1503
f 1503 	1508 	1507
f 1500 	1499 	1507
f 1511 	1508 	1510
f 1505 	1510 	1508
f 1504 	1510 	1505
f 1510 	1504 	1502
f 1510 	1516 	1511
f 1509 	1508 	1512
f 1513 	1512 	1508
f 1511 	1513 	1508
f 1512 	1514 	1509
f 1509 	1514 	1515
f 1522 	1509 	1515
f 1516 	1510 	1502
f 1511 	1516 	1513
f 1516 	1527 	1514
f 1514 	1512 	1516
f 1516 	1512 	1513
f 1502 	1501 	1516
f 1517 	1398 	1397
f 1517 	1518 	1398
f 1524 	1523 	1518
f 1521 	1525 	1518
f 1401 	1508 	1509
f 1517 	1520 	1521
f 1518 	1517 	1521
f 1517 	1509 	1522
f 1517 	1522 	1520
f 1519 	1518 	1523
f 1524 	1518 	1525
f 1531 	1519 	1526
f 1523 	1526 	1519
f 1515 	1514 	1527
f 1525 	1521 	1527
f 1521 	1520 	1527
f 1520 	1522 	1527
f 1515 	1527 	1522
f 1526 	1523 	1539
f 1523 	1524 	1539
f 1527 	1524 	1525
f 1493 	1518 	1519
f 1493 	1519 	1494
f 1519 	1528 	1494
f 1529 	1496 	1495
f 1528 	1529 	1495
f 1529 	1530 	1496
f 1529 	1537 	1530
f 1526 	1539 	1531
f 1531 	1532 	1528
f 1531 	1528 	1519
f 1534 	1529 	1533
f 1535 	1529 	1534
f 1528 	1533 	1529
f 1533 	1528 	1536
f 1532 	1536 	1528
f 1538 	1530 	1537
f 1535 	1537 	1529
f 1539 	1536 	1532
f 1539 	1532 	1531
f 1539 	1524 	1527
f 1539 	1540 	1534
f 1539 	1534 	1533
f 1539 	1533 	1536
f 1539 	1559 	1540
f 1538 	1537 	1540
f 1537 	1535 	1540
f 1534 	1540 	1535
f 1064 	1400 	1541
f 1164 	1542 	1166
f 1541 	1542 	1164
f 1543 	1166 	1542
f 1546 	1543 	1545
f 1544 	1545 	1543
f 1543 	1546 	1497
f 1550 	1543 	1542
f 1550 	1552 	1543
f 1552 	1553 	1543
f 1546 	1506 	1497
f 1547 	1548 	1400
f 1400 	1548 	1541
f 1541 	1549 	1542
f 1548 	1549 	1541
f 1549 	1550 	1542
f 1550 	1551 	1552
f 1544 	1543 	1553
f 1549 	1791 	1550
f 1550 	1554 	1555
f 1550 	1555 	1551
f 1550 	1791 	1554
f 1506 	1546 	1556
f 1545 	1556 	1546
f 1545 	1544 	1556
f 1506 	1556 	1516
f 1516 	1557 	1527
f 1556 	1557 	1516
f 1557 	1558 	1527
f 1557 	1562 	1558
f 1558 	1539 	1527
f 1558 	1559 	1539
f 1558 	1563 	1559
f 1553 	1560 	1556
f 1553 	1556 	1544
f 1553 	1552 	1560
f 1551 	1560 	1552
f 1560 	1561 	1556
f 1556 	1561 	1557
f 1561 	1562 	1557
f 1562 	1563 	1558
f 1561 	1205 	1562
f 1562 	891 	1563
f 1205 	891 	1562
f 1792 	1202 	1554
f 1555 	1560 	1551
f 1560 	1204 	1561
f 1204 	1205 	1561
f 1578 	1143 	1488
f 1485 	1488 	1143
f 1486 	1485 	1143
f 1564 	1486 	1143
f 1565 	1137 	1567
f 1566 	1137 	1565
f 1140 	1567 	1137
f 1143 	1137 	1569
f 1564 	1143 	1569
f 1568 	1569 	1137
f 1566 	1568 	1137
f 1140 	1137 	1139
f 1138 	1139 	1137
f 1138 	1137 	1116
f 1766 	1137 	1143
f 1568 	1193 	1569
f 1569 	1193 	1564
f 1568 	1566 	1194
f 1194 	1566 	1565
f 1567 	1197 	1565
f 1197 	1139 	1199
f 1139 	1138 	1199
f 1142 	1199 	1138
f 1197 	1567 	1140
f 1197 	1140 	1139
f 1199 	1141 	1201
f 1115 	1201 	1141
f 1199 	1142 	1141
f 1570 	1571 	1573
f 1572 	1570 	1573
f 1574 	1575 	1573
f 1572 	1573 	1575
f 1571 	1570 	1758
f 1572 	1575 	1576
f 1577 	1576 	1575
f 1577 	1575 	1580
f 1580 	1575 	1579
f 1143 	1579 	1575
f 1143 	1578 	1579
f 1574 	1581 	1575
f 1157 	1582 	1158
f 1530 	1582 	1157
f 1582 	1583 	1158
f 1589 	1583 	1588
f 1583 	1159 	1158
f 1582 	1587 	1583
f 1530 	1538 	1584
f 1586 	1582 	1584
f 1585 	1582 	1586
f 1530 	1584 	1582
f 1585 	1587 	1582
f 1588 	1583 	1587
f 1588 	1587 	1590
f 1587 	1585 	1590
f 1586 	1590 	1585
f 1590 	1586 	1540
f 1586 	1584 	1540
f 1538 	1540 	1584
f 1590 	1589 	1588
f 1583 	1591 	1159
f 1159 	1591 	1160
f 1592 	1160 	1591
f 1599 	1600 	1592
f 1592 	1753 	1593
f 1596 	1591 	1595
f 1594 	1591 	1596
f 1583 	1595 	1591
f 1589 	1595 	1583
f 1598 	1591 	1597
f 1594 	1597 	1591
f 1591 	1598 	1592
f 1599 	1592 	1598
f 1753 	1592 	1600
f 1599 	1601 	1600
f 1590 	1601 	1596
f 1590 	1596 	1595
f 1590 	1595 	1589
f 1597 	1594 	1601
f 1596 	1601 	1594
f 1600 	1601 	1756
f 1760 	1756 	1601
f 1601 	1599 	1598
f 1601 	1598 	1597
f 1590 	1784 	1601
f 1259 	1631 	1262
f 1255 	1242 	1602
f 1260 	1602 	1257
f 1264 	1602 	1261
f 1602 	1264 	1263
f 1602 	1263 	1266
f 1602 	1266 	1255
f 1266 	1265 	1255
f 1245 	1255 	1265
f 1603 	1216 	1227
f 1229 	1603 	1227
f 1231 	1603 	1229
f 1242 	1222 	1603
f 1603 	1602 	1242
f 1234 	1604 	1235
f 1235 	1604 	1236
f 1236 	1604 	1605
f 1237 	1233 	1605
f 1236 	1605 	1233
f 1239 	1238 	1605
f 1237 	1605 	1238
f 1608 	1609 	1607
f 1606 	1607 	1609
f 1609 	1608 	1605
f 1239 	1605 	1608
f 1239 	1608 	1240
f 1606 	1609 	1610
f 1609 	1257 	1610
f 1609 	1605 	1258
f 1609 	1258 	1259
f 1609 	1259 	1257
f 1611 	1603 	1231
f 1231 	1230 	1611
f 1232 	1611 	1230
f 1241 	1611 	1232
f 1603 	1611 	1602
f 1240 	1608 	1241
f 1611 	1241 	1608
f 1607 	1611 	1608
f 1611 	1610 	1602
f 1257 	1602 	1610
f 1611 	1607 	1606
f 1611 	1606 	1610
f 890 	905 	1612
f 1210 	1612 	1613
f 1612 	1615 	1613
f 1210 	1613 	1211
f 905 	1614 	1612
f 1614 	905 	908
f 1615 	1612 	1614
f 1623 	1615 	1614
f 1613 	1615 	1228
f 1234 	1235 	1615
f 1228 	1615 	1235
f 1613 	1228 	1226
f 908 	920 	1616
f 908 	1616 	1617
f 908 	1617 	1618
f 1619 	1614 	1618
f 1620 	1614 	1619
f 908 	1618 	1614
f 1614 	1621 	1622
f 1614 	1622 	1623
f 1624 	1615 	1623
f 1626 	1614 	1625
f 1614 	1620 	1625
f 1614 	1626 	1621
f 1624 	1627 	1615
f 1627 	1628 	1615
f 1628 	1629 	1615
f 1234 	1615 	1629
f 1631 	1259 	1630
f 1632 	1262 	1631
f 1630 	1636 	1631
f 1262 	1632 	1246
f 1632 	1633 	1246
f 1249 	1246 	1633
f 1249 	1634 	1253
f 1249 	1633 	1634
f 1633 	1638 	1639
f 1633 	1639 	1634
f 1636 	1630 	1635
f 1631 	1637 	1632
f 1631 	1636 	1637
f 1632 	1638 	1633
f 1632 	1637 	1638
f 928 	1718 	1717
f 928 	1635 	1718
f 928 	1636 	1635
f 928 	1637 	1636
f 928 	1638 	1637
f 928 	1639 	1638
f 1723 	1640 	1641
f 1640 	928 	1641
f 1364 	1645 	1345
f 1646 	1347 	1645
f 1358 	928 	1357
f 928 	1359 	1357
f 928 	1360 	1359
f 928 	1361 	1360
f 928 	1363 	1361
f 928 	1364 	1363
f 928 	1645 	1364
f 928 	1646 	1645
f 928 	1647 	1646
f 928 	1648 	1647
f 928 	1649 	1648
f 928 	924 	1649
f 1651 	1683 	1650
f 1645 	1347 	1345
f 1347 	1646 	1650
f 1646 	1647 	1650
f 1650 	1647 	1651
f 1652 	1651 	1648
f 1647 	1648 	1651
f 1652 	1649 	1653
f 1649 	1652 	1648
f 1649 	924 	1653
f 1653 	924 	937
f 1655 	1654 	1657
f 1654 	1658 	1659
f 1659 	1657 	1654
f 1656 	1658 	1654
f 1658 	1656 	1660
f 1661 	1656 	1664
f 1664 	1656 	1663
f 1288 	1663 	1656
f 1666 	1656 	1665
f 1661 	1665 	1656
f 1672 	1665 	1661
f 1661 	1664 	1672
f 1665 	1672 	1666
f 1667 	1669 	1666
f 1668 	1669 	1667
f 1656 	1666 	1669
f 1656 	1669 	1660
f 1278 	1655 	1670
f 1657 	1670 	1655
f 1659 	1670 	1657
f 1312 	1671 	1662
f 1663 	1662 	1671
f 1663 	1671 	1664
f 1671 	1672 	1664
f 1667 	1666 	1672
f 1675 	1676 	1674
f 1673 	1674 	1676
f 1672 	1676 	1675
f 1668 	1667 	1675
f 1672 	1675 	1667
f 1676 	1681 	1677
f 1676 	1677 	1673
f 1671 	1312 	1328
f 1311 	1328 	1312
f 1328 	1343 	1671
f 1671 	1343 	1672
f 1682 	1676 	1672
f 1678 	1670 	1659
f 1659 	1658 	1678
f 1660 	1678 	1658
f 1669 	1678 	1660
f 1678 	1736 	1670
f 1668 	1675 	1669
f 1678 	1669 	1675
f 1674 	1678 	1675
f 1674 	1673 	1678
f 1677 	1678 	1673
f 1679 	1272 	1268
f 1670 	1679 	1268
f 1679 	1680 	1272
f 1274 	971 	896
f 1680 	971 	1274
f 1670 	1736 	1679
f 1682 	1672 	1343
f 1683 	1676 	1682
f 1650 	1683 	1682
f 1684 	1681 	1683
f 1676 	1683 	1681
f 1683 	1685 	1686
f 1683 	1686 	1684
f 1396 	1391 	1406
f 1406 	1687 	1396
f 1406 	1710 	1687
f 1396 	1687 	1399
f 1399 	1547 	1400
f 1687 	1547 	1399
f 1707 	1708 	1689
f 1273 	1707 	1689
f 1688 	1402 	1405
f 1406 	1709 	1710
f 1051 	1691 	1690
f 1692 	1050 	1690
f 1028 	1393 	1020
f 1394 	1393 	1693
f 1028 	1693 	1393
f 1691 	1694 	1690
f 1691 	1695 	1694
f 1690 	1696 	1692
f 1690 	1694 	1696
f 1692 	1697 	1693
f 1692 	1696 	1697
f 1405 	1404 	1697
f 1693 	1697 	1404
f 1688 	1405 	1697
f 1693 	1404 	1403
f 1693 	1403 	1395
f 1693 	1395 	1394
f 1695 	1221 	1269
f 1694 	1695 	1269
f 1694 	1271 	1696
f 1694 	1269 	1271
f 1696 	1273 	1697
f 1696 	1271 	1273
f 1697 	1689 	1688
f 1273 	1689 	1697
f 1103 	1120 	1698
f 1103 	1698 	1102
f 1105 	1102 	1698
f 1698 	1106 	1104
f 1094 	1093 	1106
f 1093 	1104 	1106
f 1105 	1698 	1104
f 1107 	1106 	1698
f 1469 	1698 	1120
f 1698 	1469 	1472
f 1698 	1472 	1108
f 1698 	1108 	1107
f 1081 	1127 	1126
f 1081 	1699 	1127
f 1081 	1088 	1701
f 1088 	1073 	1701
f 1702 	1699 	1701
f 1701 	1699 	1081
f 1078 	1700 	1075
f 1699 	1076 	1700
f 1075 	1700 	1076
f 1076 	1699 	1074
f 1702 	1074 	1699
f 1043 	1041 	1077
f 1700 	1077 	1041
f 1700 	1078 	1077
f 1702 	1073 	1074
f 1073 	1702 	1701
f 1101 	1487 	1089
f 1487 	1101 	1484
f 1089 	1487 	1703
f 1487 	1706 	1703
f 1073 	1089 	1703
f 1073 	1703 	1691
f 1703 	1695 	1691
f 1073 	1691 	1051
f 1481 	1704 	1484
f 1481 	1484 	1470
f 1481 	1479 	1704
f 1478 	1704 	1479
f 1484 	1704 	1705
f 1487 	1484 	1705
f 1706 	1487 	1705
f 1705 	1220 	1706
f 1695 	1703 	1706
f 1483 	1482 	1218
f 1208 	1218 	1482
f 1218 	1704 	1483
f 1483 	1704 	1478
f 1704 	1218 	1219
f 1705 	1704 	1219
f 1220 	1705 	1219
f 1706 	1221 	1695
f 1706 	1220 	1221
f 1688 	1689 	1708
f 1707 	1284 	1708
f 1688 	1708 	1402
f 1406 	1402 	1709
f 1708 	1709 	1402
f 1710 	1711 	1687
f 1714 	1710 	1709
f 1710 	1715 	1711
f 1714 	1715 	1710
f 1687 	1711 	1547
f 1712 	1708 	1284
f 1280 	1712 	1281
f 1284 	1281 	1712
f 1712 	1713 	1708
f 1708 	1713 	1709
f 1713 	1714 	1709
f 1713 	1440 	1714
f 1290 	1291 	1716
f 1289 	1716 	1291
f 1279 	1716 	1289
f 1279 	1319 	1716
f 1291 	1712 	1289
f 1289 	1712 	1280
f 1712 	1438 	1713
f 1291 	1438 	1712
f 1438 	1440 	1713
f 1440 	1283 	1714
f 1714 	1283 	1715
f 1221 	1275 	1269
f 1221 	1225 	1275
f 1640 	936 	928
f 1642 	1641 	928
f 928 	1643 	1642
f 928 	1644 	1643
f 1644 	928 	1717
f 1719 	1258 	1605
f 1258 	1719 	1722
f 1722 	1719 	1721
f 1258 	1722 	1630
f 1722 	1635 	1630
f 1720 	1717 	1721
f 1721 	1717 	1718
f 1718 	1722 	1721
f 1718 	1635 	1722
f 1726 	1720 	1730
f 1723 	946 	1640
f 1640 	946 	936
f 1641 	1724 	1723
f 1724 	1641 	1642
f 1724 	1642 	1725
f 1726 	1725 	1643
f 1643 	1725 	1642
f 1726 	1643 	1644
f 1726 	1644 	1720
f 1720 	1644 	1717
f 1619 	1727 	1728
f 1626 	1728 	1729
f 1724 	1725 	1728
f 1604 	1629 	1731
f 1628 	1731 	1629
f 1628 	1627 	1731
f 1730 	1731 	1627
f 1604 	1731 	1719
f 1731 	1720 	1721
f 1731 	1721 	1719
f 1604 	1719 	1605
f 956 	946 	1723
f 956 	1723 	1727
f 1727 	1724 	1728
f 1727 	1723 	1724
f 1729 	1728 	1725
f 1729 	1725 	1726
f 1729 	1726 	1730
f 1731 	1730 	1720
f 1629 	1604 	1234
f 1617 	1616 	1727
f 1727 	1616 	956
f 920 	956 	1616
f 1625 	1620 	1728
f 1619 	1728 	1620
f 1727 	1619 	1618
f 1617 	1727 	1618
f 1728 	1626 	1625
f 1729 	1621 	1626
f 1622 	1621 	1729
f 1627 	1624 	1730
f 1623 	1730 	1624
f 1623 	1622 	1730
f 1729 	1730 	1622
f 1170 	1162 	1164
f 1163 	1164 	1181
f 1686 	1685 	1733
f 1732 	1733 	1685
f 1685 	1734 	1735
f 1685 	1735 	1732
f 1347 	1682 	1343
f 1347 	1650 	1682
f 1736 	1745 	1679
f 1677 	1681 	1736
f 1678 	1677 	1736
f 1684 	1736 	1681
f 1686 	1736 	1684
f 1733 	1736 	1686
f 1733 	1732 	1736
f 1735 	1736 	1732
f 1736 	1735 	1745
f 1734 	1745 	1735
f 1737 	1734 	1738
f 1685 	1738 	1734
f 1738 	1739 	1740
f 1738 	1740 	1741
f 1738 	1741 	1737
f 1740 	1739 	1742
f 1739 	978 	1743
f 1739 	1743 	1744
f 1739 	1744 	1742
f 1743 	985 	1744
f 1744 	1745 	1742
f 978 	977 	1743
f 1683 	1651 	1685
f 1685 	1651 	1652
f 1652 	1738 	1685
f 1652 	1653 	1738
f 1739 	1738 	1653
f 1739 	937 	978
f 1653 	937 	1739
f 1745 	1680 	1679
f 1680 	985 	971
f 1745 	985 	1680
f 1734 	1737 	1745
f 1741 	1745 	1737
f 1745 	1744 	985
f 977 	985 	1743
f 1741 	1740 	1745
f 1740 	1742 	1745
f 1746 	901 	1747
f 1746 	894 	901
f 1749 	890 	1209
f 1750 	1747 	901
f 899 	1750 	900
f 900 	1750 	901
f 1747 	1750 	1751
f 1750 	958 	903
f 1747 	1751 	1748
f 1748 	1751 	889
f 1750 	903 	1751
f 1751 	904 	889
f 903 	904 	1751
f 1748 	889 	1749
f 890 	1749 	889
f 957 	958 	1752
f 902 	1752 	958
f 898 	1752 	902
f 899 	902 	1750
f 958 	1750 	902
f 1593 	1754 	1190
f 1753 	1754 	1593
f 1190 	1754 	1755
f 1570 	1754 	1758
f 1190 	1755 	1192
f 1488 	1192 	1755
f 1757 	1753 	1756
f 1756 	1753 	1600
f 1754 	1753 	1758
f 1758 	1753 	1759
f 1757 	1759 	1753
f 1570 	1572 	1754
f 1576 	1577 	1754
f 1580 	1755 	1754
f 1759 	1757 	1760
f 1756 	1760 	1757
f 1760 	1573 	1758
f 1760 	1758 	1759
f 1601 	1785 	1760
f 1576 	1754 	1572
f 1580 	1754 	1577
f 1580 	1579 	1755
f 1578 	1488 	1755
f 1578 	1755 	1579
f 1571 	1758 	1573
f 1574 	1760 	1581
f 1573 	1760 	1574
f 1581 	1761 	1575
f 1763 	1761 	1762
f 1764 	1761 	1763
f 1581 	1762 	1761
f 1575 	1761 	1765
f 1143 	1575 	1765
f 1766 	1143 	1765
f 1137 	1466 	1116
f 1137 	1766 	1466
f 1798 	1480 	1354
f 1480 	1767 	1355
f 1477 	1355 	1767
f 1477 	1768 	1461
f 1477 	1767 	1768
f 1462 	1461 	1769
f 1801 	1768 	1767
f 1770 	1463 	1462
f 1769 	1770 	1462
f 1770 	1771 	1463
f 1764 	1773 	1761
f 1772 	1761 	1773
f 1775 	1772 	1774
f 1773 	1774 	1772
f 1771 	1776 	1464
f 1761 	1772 	1777
f 1761 	1777 	1765
f 1765 	1777 	1778
f 1777 	1749 	1778
f 1765 	1778 	1766
f 1766 	1473 	1466
f 1766 	1778 	1473
f 1746 	1747 	1780
f 1779 	1780 	1747
f 1788 	894 	1780
f 1335 	1465 	1776
f 1800 	1801 	1767
f 1768 	1802 	1769
f 1802 	1803 	1769
f 1769 	1803 	1770
f 1771 	1770 	1804
f 1804 	1805 	1771
f 1805 	1358 	1776
f 1776 	1358 	1335
f 1253 	1634 	1781
f 1423 	1781 	1782
f 1747 	1772 	1779
f 1775 	1779 	1772
f 1772 	1748 	1777
f 1772 	1747 	1748
f 1749 	1777 	1748
f 1778 	1749 	1209
f 1778 	1209 	1473
f 1540 	1783 	1590
f 1783 	1540 	1559
f 1783 	1784 	1590
f 1785 	1601 	1784
f 1787 	1784 	1783
f 1760 	1762 	1581
f 1785 	1763 	1762
f 1785 	1762 	1760
f 1559 	1786 	1783
f 1559 	1563 	1786
f 1786 	1787 	1783
f 1784 	1788 	1785
f 1787 	1788 	1784
f 1788 	1775 	1774
f 1788 	1774 	1785
f 1785 	1774 	1773
f 1785 	1773 	1764
f 1785 	1764 	1763
f 1563 	891 	892
f 892 	1786 	1563
f 1786 	893 	1787
f 894 	1788 	1787
f 893 	894 	1787
f 1788 	1780 	1779
f 1788 	1779 	1775
f 1746 	1780 	894
f 1547 	1789 	1548
f 1789 	1547 	1711
f 1789 	1790 	1548
f 1548 	1790 	1549
f 1790 	1791 	1549
f 1790 	1795 	1791
f 1792 	1554 	1791
f 1711 	1715 	1793
f 1793 	1789 	1711
f 1789 	1794 	1790
f 1793 	1794 	1789
f 1794 	1795 	1790
f 1795 	1796 	1270
f 1795 	1270 	1791
f 1796 	1795 	1277
f 1796 	1268 	1270
f 1277 	1268 	1796
f 1791 	1270 	1267
f 1791 	1267 	1792
f 1715 	1282 	1793
f 1283 	1282 	1715
f 1282 	1285 	1793
f 1797 	1348 	1424
f 1424 	1782 	1797
f 1798 	1348 	1797
f 1798 	1354 	1348
f 1806 	1781 	1634
f 1807 	1782 	1781
f 1797 	1782 	1808
f 1767 	1480 	1800
f 1480 	1799 	1800
f 1799 	1480 	1798
f 1802 	1768 	1801
f 1770 	1803 	1804
f 1776 	1771 	1805
f 1806 	1634 	1639
f 1781 	1806 	1807
f 1807 	1808 	1782
f 1797 	1809 	1798
f 1797 	1808 	1809
f 1809 	1799 	1798
f 1639 	928 	1806
f 928 	1807 	1806
f 928 	1808 	1807
f 928 	1809 	1808
f 1809 	928 	1799
f 928 	1800 	1799
f 928 	1801 	1800
f 1802 	1801 	928
f 928 	1803 	1802
f 928 	1804 	1803
f 928 	1805 	1804
f 928 	1358 	1805
f 1473 	1810 	1474
f 1473 	1209 	1810
f 1206 	1474 	1810
f 1210 	1810 	1209
f 1810 	1211 	1206
f 1810 	1210 	1211
f 1206 	1475 	1474
f 1207 	1475 	1206
f 1793 	1285 	1794
f 1654 	1794 	1285
f 1794 	1654 	1795
f 1278 	1277 	1795
f 1795 	1654 	1278
f 1655 	1278 	1654
f 1555 	1554 	1202
f 1202 	1792 	1267
f 1555 	1202 	1560
f 1204 	1560 	1202
# 1840 faces

 #end of obj_1

o obj_2
v -8.9744 		0.6468 		4.7695
v -8.9872 		0 		4.7695
v -7.5 		2.5 		4.9
v -7.8916 		2.4785 		4.9
v -8.2766 		2.4149 		4.9
v -8.6482 		2.3097 		4.9
v -7.8883 		2.4573 		4.7695
v -7.5 		2.4785 		4.7695
v -8.2699 		2.3942 		4.7695
v -8.6384 		2.2899 		4.7695
v -8.8272 		2.2123 		4.7695
v -8.8325 		2.221 		4.8291
v -8.8334 		2.2226 		4.8401
v -8.8114 		2.1859 		4.7101
v -8.8995 		1.2497 		4.6412
v -8.9365 		0.6302 		4.6412
v -8.9489 		0 		4.6412
v -8.8386 		1.1953 		4.5174
v -8.874 		0.6028 		4.5174
v -8.8858 		0 		4.5174
v -8.8013 		1.162 		4.4652
v -8.7939 		1.2446 		4.4665
v -8.7944 		1.2391 		4.4664
v -8.7918 		1.2684 		4.467
v -8.813 		0.9061 		4.4605
v -8.8139 		0.8882 		4.4603
v -8.8289 		0.5933 		4.4568
v -8.8294 		0.5833 		4.4567
v -8.8163 		0.8404 		4.4597
v -8.8336 		0.2779 		4.4542
v -8.8354 		0.18 		4.454
v -8.8387 		0 		4.4537
v -8.8306 		0.4955 		4.456
v -8.8333 		0.2925 		4.4542
v -7.5511 		0.647 		4.4043
v -7.5 		0.6525 		4.4043
v -7.6014 		0.6303 		4.4043
v -7.6499 		0.6028 		4.4043
v -7.6958 		0.5652 		4.4043
v -7.5 		0 		4.4
v -7.7384 		0.5177 		4.4043
v -7.7769 		0.4614 		4.4043
v -7.8107 		0.3972 		4.4043
v -7.8392 		0.3262 		4.4043
v -7.8618 		0.2498 		4.4043
v -7.8783 		0.169 		4.4043
v -7.8883 		0.0851 		4.4043
v -7.8916 		0 		4.4043
v -7.5 		1.294 		4.417
v -7.6014 		1.2828 		4.417
v -7.701 		1.2498 		4.417
v -7.7972 		1.1955 		4.417
v -7.8883 		1.1205 		4.417
v -8.1725 		0.647 		4.417
v -8.2175 		0.4952 		4.417
v -8.2501 		0.3349 		4.417
v -8.2699 		0.169 		4.417
v -8.2766 		0 		4.417
v -8.3119 		1.3528 		4.4381
v -7.9728 		1.0266 		4.417
v -8.0491 		0.9149 		4.417
v -8.1161 		0.7878 		4.417
v -8.411 		1.1647 		4.4381
v -8.4944 		0.9566 		4.4381
v -8.5608 		0.7321 		4.4381
v -8.6091 		0.4952 		4.4381
v -8.6384 		0.2498 		4.4381
v -8.6482 		0 		4.4381
v -8.7931 		2.1554 		4.6412
v -8.8386 		1.8477 		4.6412
v -8.7931 		2.1554 		4.6412
v -8.762 		2.1036 		4.5729
v -8.7368 		2.0617 		4.5174
v -8.7667 		2.1115 		4.5833
v -8.7803 		1.7674 		4.5174
v -8.7368 		2.0616 		4.5174
v -8.756 		1.7338 		4.4819
v -8.7201 		2.0339 		4.4921
v -8.7202 		2.0331 		4.4921
v -8.7425 		1.8468 		4.4857
v -8.7645 		1.6167 		4.4774
v -8.7711 		1.5329 		4.4749
v -7.5 		2.4149 		4.6412
v -7.8783 		2.3942 		4.6412
v -8.2501 		2.3325 		4.6412
v -7.6756 		2.2222 		4.4542
v -7.5676 		2.2278 		4.4539
v -7.6499 		1.8968 		4.4381
v -7.5 		2.2313 		4.4537
v -7.5 		1.9132 		4.4381
v -7.7972 		1.848 		4.4381
v -7.8562 		2.2148 		4.4568
v -7.8501 		2.2158 		4.4567
v -7.7374 		2.2199 		4.4551
v -7.6822 		2.222 		4.4543
v -7.9046 		2.208 		4.4577
v -7.5 		2.3097 		4.5174
v -7.8618 		2.2899 		4.5174
v -8.2605 		2.1533 		4.467
v -7.9394 		1.7675 		4.4381
v -8.044 		2.1884 		4.4605
v -8.0139 		2.1926 		4.4599
v -8.2472 		2.1565 		4.4665
v -8.1975 		2.1689 		4.4652
v -8.0741 		2.1846 		4.4614
v -8.0741 		1.6569 		4.4381
v -8.199 		1.5179 		4.4381
v -8.2494 		2.156 		4.4666
v -8.2175 		2.2309 		4.5174
v -8.6091 		2.2309 		4.6412
v -8.3284 		2.1385 		4.4704
v -8.4133 		2.1201 		4.4746
v -8.4133 		1.9831 		4.467
v -8.4706 		2.1076 		4.4775
v -8.5854 		2.0787 		4.4845
v -8.5407 		2.0936 		4.4819
v -8.5608 		1.7675 		4.467
v -8.6233 		2.0661 		4.4866
v -8.6902 		1.5218 		4.467
v -8.5608 		2.1339 		4.5174
v -6.2605 		-1.8717 		5.3134
v -6.2632 		-2.0616 		5.2826
v -6.2632 		-2.0617 		5.2826
v -6.2197 		-1.7674 		5.2826
v -6.2798 		-2.0331 		5.3079
v -6.2799 		-2.0339 		5.3079
v -6.2529 		-1.8085 		5.3156
v -6.244 		-1.7338 		5.3181
v -6.2169 		-1.3804 		5.3297
v -6.228 		-1.5218 		5.3254
v -6.2355 		-1.6168 		5.3226
v -6.2381 		-2.1034 		5.2274
v -6.5867 		-1.9831 		5.333
v -6.4392 		-1.7675 		5.333
v -6.3098 		-1.5218 		5.333
v -6.5795 		-2.1185 		5.325
v -6.5294 		-2.1076 		5.3225
v -6.3906 		-2.0707 		5.3142
v -6.4593 		-2.0936 		5.3181
v -6.4392 		-2.1339 		5.2826
v -7.0606 		-1.7675 		5.3619
v -6.9259 		-1.6569 		5.3619
v -6.801 		-1.5179 		5.3619
v -6.956 		-2.1884 		5.3395
v -6.9953 		-2.1939 		5.3403
v -6.9665 		-2.1898 		5.3397
v -6.8025 		-2.1689 		5.3348
v -6.7559 		-2.1572 		5.3336
v -6.7528 		-2.1565 		5.3335
v -6.7395 		-2.1533 		5.333
v -6.7825 		-2.2309 		5.2826
v -7.3501 		-1.8968 		5.3619
v -7.5 		-1.9132 		5.3619
v -7.2028 		-1.848 		5.3619
v -7.5 		-2.2313 		5.3463
v -7.3917 		-2.2257 		5.3459
v -7.3244 		-2.2223 		5.3458
v -7.3329 		-2.2227 		5.3458
v -7.2023 		-2.2177 		5.344
v -7.1499 		-2.2158 		5.3433
v -7.1438 		-2.2148 		5.3432
v -7.1382 		-2.2899 		5.2826
v -7.5 		-2.3097 		5.2826
v -6.1614 		-1.1953 		5.2826
v -6.1987 		-1.162 		5.3348
v -6.2061 		-1.2446 		5.3335
v -6.2065 		-1.2486 		5.3334
v -6.2082 		-1.2684 		5.333
v -6.1706 		-0.5833 		5.3433
v -6.126 		-0.6028 		5.2826
v -6.1752 		-0.6743 		5.3423
v -6.1845 		-0.8566 		5.3401
v -6.1711 		-0.5933 		5.3432
v -6.187 		-0.9062 		5.3395
v -6.1893 		-0.9566 		5.3386
v -6.1142 		0 		5.2826
v -6.1669 		-0.304 		5.3457
v -6.1681 		-0.3957 		5.3449
v -6.1613 		0 		5.3463
v -6.1634 		-0.113 		5.3461
v -6.1667 		-0.2925 		5.3458
v -6.589 		-1.1647 		5.3619
v -6.5056 		-0.9566 		5.3619
v -6.4392 		-0.7321 		5.3619
v -7.8618 		-2.2899 		5.2826
v -7.8501 		-2.2158 		5.3433
v -7.6822 		-2.222 		5.3457
v -7.7374 		-2.2199 		5.3449
v -7.5676 		-2.2278 		5.3461
v -7.6756 		-2.2222 		5.3458
v -8.199 		-1.5179 		5.3619
v -8.0741 		-1.6569 		5.3619
v -7.9394 		-1.7675 		5.3619
v -8.2494 		-2.156 		5.3334
v -8.2472 		-2.1565 		5.3335
v -8.2605 		-2.1533 		5.333
v -8.044 		-2.1884 		5.3395
v -8.0741 		-2.1846 		5.3386
v -8.1975 		-2.1689 		5.3348
v -8.0139 		-2.1926 		5.3401
v -8.2175 		-2.2309 		5.2826
v -8.6902 		-1.5218 		5.333
v -8.5608 		-1.7675 		5.333
v -8.4133 		-1.9831 		5.333
v -8.7202 		-2.0331 		5.3079
v -8.7201 		-2.0339 		5.3079
v -8.6233 		-2.0661 		5.3134
v -8.5854 		-2.0787 		5.3155
v -8.4706 		-2.1076 		5.3225
v -8.5407 		-2.0936 		5.3181
v -8.4133 		-2.1201 		5.3254
v -8.3284 		-2.1385 		5.3296
v -8.5608 		-2.1339 		5.2826
v -8.7645 		-1.6167 		5.3226
v -8.7711 		-1.5329 		5.3251
v -8.7425 		-1.8468 		5.3143
v -8.756 		-1.7338 		5.3181
v -8.7368 		-2.0616 		5.2826
v -8.7368 		-2.0617 		5.2826
v -8.762 		-2.1036 		5.2271
v -8.8294 		-0.5833 		5.3433
v -8.874 		-0.6028 		5.2826
v -8.8306 		-0.4955 		5.344
v -8.8333 		-0.2925 		5.3458
v -8.8336 		-0.2779 		5.3458
v -8.8354 		-0.18 		5.346
v -8.8387 		0 		5.3463
v -8.8858 		0 		5.2826
v -8.8139 		-0.8882 		5.3397
v -8.8163 		-0.8404 		5.3403
v -8.8289 		-0.5933 		5.3432
v -8.8386 		-1.1953 		5.2826
v -8.8013 		-1.162 		5.3348
v -8.813 		-0.9061 		5.3395
v -8.7944 		-1.2391 		5.3336
v -8.7918 		-1.2684 		5.333
v -8.7939 		-1.2446 		5.3335
v -7.8883 		-1.1205 		5.383
v -7.7972 		-1.1955 		5.383
v -7.701 		-1.2498 		5.383
v -7.6014 		-1.2828 		5.383
v -7.5 		-1.294 		5.383
v -7.5 		0 		5.4
v -7.6958 		-0.5652 		5.3957
v -7.6499 		-0.6028 		5.3957
v -7.6014 		-0.6303 		5.3957
v -7.5511 		-0.647 		5.3957
v -7.5 		-0.6525 		5.3957
v -8.874 		0.6028 		5.2826
v -8.8331 		0.304 		5.3457
v -8.8319 		0.3957 		5.3449
v -8.8294 		0.5833 		5.3433
v -8.8366 		0.113 		5.3461
v -8.8333 		0.2925 		5.3458
v -8.8386 		1.1953 		5.2826
v -7.5 		0.6525 		5.3957
v -7.5511 		0.647 		5.3957
v -7.6014 		0.6303 		5.3957
v -7.6499 		0.6028 		5.3957
v -7.6958 		0.5652 		5.3957
v -7.7384 		0.5177 		5.3957
v -7.7769 		0.4614 		5.3957
v -7.8107 		0.3972 		5.3957
v -7.8392 		0.3262 		5.3957
v -7.8618 		0.2498 		5.3957
v -7.8783 		0.169 		5.3957
v -7.8883 		0.0851 		5.3957
v -7.8916 		0 		5.3957
v -7.5 		1.294 		5.383
v -7.6014 		1.2828 		5.383
v -7.701 		1.2498 		5.383
v -7.7972 		1.1955 		5.383
v -7.8883 		1.1205 		5.383
v -6.1694 		0.4955 		5.344
v -6.1664 		0.2779 		5.3458
v -6.126 		0.6028 		5.2826
v -6.1646 		0.18 		5.346
v -6.1614 		1.1953 		5.2826
v -6.1861 		0.8882 		5.3397
v -6.1837 		0.8404 		5.3403
v -6.1711 		0.5933 		5.3432
v -6.1706 		0.5833 		5.3433
v -8.1725 		0.647 		5.383
v -6.1987 		1.162 		5.3348
v -8.2175 		0.4952 		5.383
v -6.187 		0.9061 		5.3395
v -6.2056 		1.2391 		5.3336
v -6.2082 		1.2684 		5.333
v -6.2061 		1.2446 		5.3335
v -8.2501 		0.3349 		5.383
v -8.2699 		0.169 		5.383
v -8.2766 		0 		5.383
v -6.1667 		0.2925 		5.3458
v -7.9728 		1.0266 		5.383
v -6.3616 		0.2498 		5.3619
v -8.0491 		0.9149 		5.383
v -6.3518 		0 		5.3619
v -6.3909 		0.4952 		5.3619
v -8.1161 		0.7878 		5.383
v -6.4392 		0.7321 		5.3619
v -6.5056 		0.9566 		5.3619
v -8.3119 		1.3528 		5.3619
v -6.589 		1.1647 		5.3619
v -8.411 		1.1647 		5.3619
v -8.4944 		0.9566 		5.3619
v -8.5608 		0.7321 		5.3619
v -6.7234 		0 		5.383
v -6.7301 		0.169 		5.383
v -8.6091 		0.4952 		5.3619
v -6.7499 		0.3349 		5.383
v -8.6384 		0.2498 		5.3619
v -6.7825 		0.4952 		5.383
v -8.6482 		0 		5.3619
v -6.3518 		2.3097 		4.9
v -6.8275 		0.647 		5.383
v -6.7234 		2.4149 		4.9
v -7.1084 		2.4785 		4.9
v -8.9489 		-1.2938 		4.9
v -8.8858 		-1.913 		4.9
v -8.8387 		-2.2315 		4.9
v -9 		0 		4.9
v -8.9744 		-0.6468 		4.7695
v -8.9365 		-1.2827 		4.7695
v -8.874 		-1.8965 		4.7695
v -8.8272 		-2.2123 		4.7695
v -8.8324 		-2.221 		4.8289
v -8.8334 		-2.2227 		4.8398
v -8.8085 		-2.181 		4.699
v -8.8114 		-2.1857 		4.7098
v -8.6482 		-2.3097 		4.9
v -8.2766 		-2.4149 		4.9
v -7.8916 		-2.4785 		4.9
v -7.5 		-2.5 		4.9
v -8.6384 		-2.2899 		4.7695
v -8.2699 		-2.3942 		4.7695
v -7.8883 		-2.4573 		4.7695
v -7.5 		-2.4785 		4.7695
v -8.8386 		-1.8477 		4.6412
v -8.7931 		-2.1554 		4.6412
v -8.7803 		-1.7674 		4.5174
v -8.7931 		-2.1554 		4.6412
v -8.7619 		-2.1034 		4.5726
v -8.7666 		-2.1113 		4.583
v -8.7368 		-2.0617 		4.5174
v -8.756 		-1.7338 		4.4819
v -8.7831 		-1.3804 		4.4703
v -8.772 		-1.5218 		4.4746
v -8.7645 		-1.6168 		4.4774
v -8.7471 		-1.8085 		4.4844
v -8.7395 		-1.8717 		4.4866
v -8.7202 		-2.0331 		4.4921
v -8.7201 		-2.0339 		4.4921
v -8.7368 		-2.0616 		4.5174
v -8.2501 		-2.3325 		4.6412
v -7.8783 		-2.3942 		4.6412
v -7.5 		-2.4149 		4.6412
v -7.8562 		-2.2148 		4.4568
v -7.7972 		-1.848 		4.4381
v -7.7977 		-2.2177 		4.456
v -7.8501 		-2.2158 		4.4567
v -7.6499 		-1.8968 		4.4381
v -7.6756 		-2.2223 		4.4542
v -7.6083 		-2.2257 		4.4541
v -7.6671 		-2.2227 		4.4542
v -7.5 		-1.9132 		4.4381
v -7.5 		-2.2313 		4.4537
v -7.8618 		-2.2899 		4.5174
v -7.5 		-2.3097 		4.5174
v -8.2605 		-2.1533 		4.467
v -8.199 		-1.5179 		4.4381
v -8.0741 		-1.6569 		4.4381
v -8.2472 		-2.1565 		4.4665
v -8.2441 		-2.1572 		4.4664
v -7.9394 		-1.7675 		4.4381
v -8.044 		-2.1884 		4.4605
v -8.1975 		-2.1689 		4.4652
v -8.0047 		-2.1939 		4.4597
v -8.0335 		-2.1898 		4.4603
v -6.1666 		2.2227 		4.8398
v -6.3616 		2.2899 		4.7695
v -7.1084 		-2.4785 		4.9
v -6.1676 		2.221 		4.8289
v -6.7234 		-2.4149 		4.9
v -6.7301 		2.3942 		4.7695
v -6.3518 		-2.3097 		4.9
v -7.1117 		2.4573 		4.7695
v -7.1117 		-2.4573 		4.7695
v -6.7301 		-2.3942 		4.7695
v -6.1886 		2.1857 		4.7098
v -6.1915 		2.181 		4.699
v -6.3616 		-2.2899 		4.7695
v -6.1728 		-2.2123 		4.7695
v -6.1675 		-2.221 		4.8291
v -6.0635 		0.6302 		4.6412
v -6.0511 		0 		4.6412
v -6.1666 		-2.2226 		4.8401
v -6.1005 		1.2497 		4.6412
v -6.126 		0.6028 		4.5174
v -6.1142 		0 		4.5174
v -6.1614 		1.1953 		4.5174
v -6.1886 		-2.1859 		4.7101
v -6.2069 		-2.1554 		4.6412
v -6.1614 		-1.8477 		4.6412
v -6.2069 		-2.1554 		4.6412
v -6.1613 		0 		4.4537
v -6.1634 		0.113 		4.4539
v -6.1667 		0.2925 		4.4542
v -6.1669 		0.304 		4.4543
v -6.238 		-2.1036 		4.5729
v -6.2632 		-2.0617 		4.5174
v -6.2333 		-2.1115 		4.5833
v -6.2197 		-1.7674 		4.5174
v -6.2632 		-2.0616 		4.5174
v -6.1681 		0.3957 		4.4551
v -6.1706 		0.5833 		4.4567
v -6.1845 		0.8566 		4.4599
v -6.187 		0.9062 		4.4605
v -6.1893 		0.9566 		4.4614
v -6.1987 		1.162 		4.4652
v -6.1711 		0.5933 		4.4568
v -6.1752 		0.6743 		4.4577
v -6.2061 		1.2446 		4.4665
v -6.2065 		1.2486 		4.4666
v -6.2082 		1.2684 		4.467
v -6.244 		-1.7338 		4.4819
v -6.2799 		-2.0339 		4.4921
v -6.2798 		-2.0331 		4.4921
v -6.2575 		-1.8468 		4.4857
v -6.2355 		-1.6167 		4.4774
v -6.2289 		-1.5329 		4.4749
v -6.3909 		-2.2309 		4.6412
v -6.3616 		0.2498 		4.4381
v -6.3518 		0 		4.4381
v -6.3909 		0.4952 		4.4381
v -6.4392 		0.7321 		4.4381
v -6.6716 		-2.1385 		4.4704
v -6.5867 		-2.1201 		4.4746
v -6.5867 		-1.9831 		4.467
v -6.5056 		0.9566 		4.4381
v -6.589 		1.1647 		4.4381
v -6.5294 		-2.1076 		4.4775
v -6.4146 		-2.0787 		4.4845
v -6.4593 		-2.0936 		4.4819
v -6.4392 		-1.7675 		4.467
v -6.3767 		-2.0661 		4.4866
v -6.3098 		-1.5218 		4.467
v -6.7234 		0 		4.417
v -6.7301 		0.169 		4.417
v -6.7499 		0.3349 		4.417
v -6.4392 		-2.1339 		4.5174
v -6.7825 		0.4952 		4.417
v -6.8275 		0.647 		4.417
v -7.1217 		-2.3942 		4.6412
v -6.7499 		-2.3325 		4.6412
v -6.6881 		1.3528 		4.4381
v -6.8839 		0.7878 		4.417
v -6.9509 		0.9149 		4.417
v -6.7395 		-2.1533 		4.467
v -7.0272 		1.0266 		4.417
v -7.0606 		-1.7675 		4.4381
v -6.956 		-2.1884 		4.4605
v -6.9861 		-2.1926 		4.4599
v -6.7528 		-2.1565 		4.4665
v -6.8025 		-2.1689 		4.4652
v -6.9259 		-2.1846 		4.4614
v -6.9259 		-1.6569 		4.4381
v -6.801 		-1.5179 		4.4381
v -6.7506 		-2.156 		4.4666
v -7.1117 		0.0851 		4.4043
v -7.1084 		0 		4.4043
v -7.1217 		0.169 		4.4043
v -7.1382 		0.2498 		4.4043
v -7.1608 		0.3262 		4.4043
v -6.7825 		-2.2309 		4.5174
v -7.1893 		0.3972 		4.4043
v -7.2231 		0.4614 		4.4043
v -6.3909 		-0.4952 		5.3619
v -6.3616 		-0.2498 		5.3619
v -7.0272 		-1.0266 		5.383
v -6.9509 		-0.9149 		5.383
v -6.8839 		-0.7878 		5.383
v -6.6881 		-1.3528 		5.3619
v -6.8275 		-0.647 		5.383
v -6.7825 		-0.4952 		5.383
v -6.7499 		-0.3349 		5.383
v -6.7301 		-0.169 		5.383
v -7.3986 		-1.2828 		5.383
v -7.299 		-1.2498 		5.383
v -7.2028 		-1.1955 		5.383
v -7.1117 		-1.1205 		5.383
v -7.2616 		-0.5177 		5.3957
v -7.2231 		-0.4614 		5.3957
v -7.1893 		-0.3972 		5.3957
v -7.1608 		-0.3262 		5.3957
v -7.1382 		-0.2498 		5.3957
v -7.1217 		-0.169 		5.3957
v -7.1117 		-0.0851 		5.3957
v -7.1084 		0 		5.3957
v -7.4489 		-0.647 		5.3957
v -7.3986 		-0.6303 		5.3957
v -7.3501 		-0.6028 		5.3957
v -7.3042 		-0.5652 		5.3957
v -6.1614 		-1.8477 		5.1588
v -6.8839 		0.7878 		5.383
v -6.2334 		-2.1113 		5.217
v -6.2069 		-2.1554 		5.1588
v -6.2069 		-2.1554 		5.1588
v -6.1005 		-1.2497 		5.1588
v -6.9509 		0.9149 		5.383
v -7.0272 		1.0266 		5.383
v -6.0635 		-0.6302 		5.1588
v -6.0511 		0 		5.1588
v -6.6881 		1.3528 		5.3619
v -6.126 		-1.8965 		5.0305
v -6.1915 		-2.181 		5.101
v -6.1886 		-2.1857 		5.0902
v -6.1728 		-2.2123 		5.0305
v -6.0635 		-1.2827 		5.0305
v -7.8883 		-0.0851 		5.3957
v -7.8783 		-0.169 		5.3957
v -7.8618 		-0.2498 		5.3957
v -7.8392 		-0.3262 		5.3957
v -7.8107 		-0.3972 		5.3957
v -7.7769 		-0.4614 		5.3957
v -7.7384 		-0.5177 		5.3957
v -7.1117 		0.0851 		5.3957
v -7.1217 		0.169 		5.3957
v -7.1382 		0.2498 		5.3957
v -7.1608 		0.3262 		5.3957
v -7.1893 		0.3972 		5.3957
v -7.2231 		0.4614 		5.3957
v -7.2616 		0.5177 		5.3957
v -7.3244 		-2.2222 		4.4542
v -7.4324 		-2.2278 		4.4539
v -7.3501 		-1.8968 		4.4381
v -7.2028 		-1.848 		4.4381
v -7.1438 		-2.2148 		4.4568
v -8.1161 		-0.7878 		5.383
v -7.1499 		-2.2158 		4.4567
v -7.2626 		-2.2199 		4.4551
v -7.3178 		-2.222 		4.4543
v -8.0491 		-0.9149 		5.383
v -7.0954 		-2.208 		4.4577
v -7.9728 		-1.0266 		5.383
v -8.3119 		-1.3528 		5.3619
v -7.1382 		-2.2899 		4.5174
v -8.2699 		-0.169 		5.383
v -8.2501 		-0.3349 		5.383
v -8.2175 		-0.4952 		5.383
v -6.1005 		-1.2497 		4.6412
v -8.1725 		-0.647 		5.383
v -6.0635 		-0.6302 		4.6412
v -6.1614 		-1.1953 		4.5174
v -6.126 		-0.6028 		4.5174
v -6.1987 		-1.162 		4.4652
v -8.6384 		-0.2498 		5.3619
v -6.2061 		-1.2446 		4.4665
v -6.2056 		-1.2391 		4.4664
v -6.2082 		-1.2684 		4.467
v -6.187 		-0.9061 		4.4605
v -6.1861 		-0.8882 		4.4603
v -8.6091 		-0.4952 		5.3619
v -6.1711 		-0.5933 		4.4568
v -6.1706 		-0.5833 		4.4567
v -6.1837 		-0.8404 		4.4597
v -6.1664 		-0.2779 		4.4542
v -6.1646 		-0.18 		4.454
v -8.5608 		-0.7321 		5.3619
v -6.1694 		-0.4955 		4.456
v -6.1667 		-0.2925 		4.4542
v -8.4944 		-0.9566 		5.3619
v -8.411 		-1.1647 		5.3619
v -6.589 		-1.1647 		4.4381
v -6.5056 		-0.9566 		4.4381
v -6.4392 		-0.7321 		4.4381
v -6.3909 		-0.4952 		4.4381
v -6.3616 		-0.2498 		4.4381
v -8.9489 		0 		5.1588
v -8.9365 		-0.6302 		5.1588
v -8.8995 		-1.2497 		5.1588
v -8.8386 		-1.8477 		5.1588
v -8.7931 		-2.1554 		5.1588
v -8.7931 		-2.1554 		5.1588
v -8.7667 		-2.1115 		5.2167
v -8.9872 		0 		5.0305
v -8.9744 		-0.6468 		5.0305
v -8.9365 		-1.2827 		5.0305
v -8.874 		-1.8965 		5.0305
v -6.6881 		-1.3528 		4.4381
v -8.8272 		-2.2123 		5.0305
v -8.8114 		-2.1859 		5.0899
v -7.0272 		-1.0266 		4.417
v -8.8085 		-2.1811 		5.1007
v -8.8334 		-2.2226 		4.9599
v -8.8325 		-2.221 		4.9709
v -8.6091 		-2.2309 		5.1588
v -8.7935 		1.2486 		5.3334
v -8.7939 		1.2446 		5.3335
v -8.2501 		-2.3325 		5.1588
v -8.7918 		1.2684 		5.333
v -7.3042 		0.5652 		5.3957
v -7.3501 		0.6028 		5.3957
v -7.3986 		0.6303 		5.3957
v -7.4489 		0.647 		5.3957
v -7.1117 		1.1205 		5.383
v -7.2028 		1.1955 		5.383
v -7.299 		1.2498 		5.383
v -7.3986 		1.2828 		5.383
v -6.2197 		1.7674 		5.2826
v -6.2289 		1.5329 		5.3251
v -6.244 		1.7338 		5.3181
v -6.2355 		1.6167 		5.3226
v -6.2632 		2.0617 		5.2826
v -6.2632 		2.0616 		5.2826
v -6.2575 		1.8468 		5.3143
v -6.2799 		2.0339 		5.3079
v -6.2798 		2.0331 		5.3079
v -6.238 		2.1036 		5.2271
v -6.3098 		1.5218 		5.333
v -6.4392 		1.7675 		5.333
v -6.5867 		1.9831 		5.333
v -6.3767 		2.0661 		5.3134
v -6.4146 		2.0787 		5.3155
v -6.5294 		2.1076 		5.3225
v -6.4593 		2.0936 		5.3181
v -6.5867 		2.1201 		5.3254
v -6.6716 		2.1385 		5.3296
v -6.4392 		2.1339 		5.2826
v -6.801 		1.5179 		5.3619
v -6.9259 		1.6569 		5.3619
v -7.0606 		1.7675 		5.3619
v -6.7506 		2.156 		5.3334
v -6.7528 		2.1565 		5.3335
v -6.7395 		2.1533 		5.333
v -6.956 		2.1884 		5.3395
v -6.9259 		2.1846 		5.3386
v -6.8025 		2.1689 		5.3348
v -6.9861 		2.1926 		5.3401
v -6.7825 		2.2309 		5.2826
v -7.2028 		1.848 		5.3619
v -7.3501 		1.8968 		5.3619
v -7.5 		1.9132 		5.3619
v -7.0954 		2.208 		5.3423
v -7.1438 		2.2148 		5.3432
v -7.2626 		2.2199 		5.3449
v -7.3178 		2.222 		5.3457
v -7.3244 		2.2222 		5.3458
v -7.1499 		2.2158 		5.3433
v -7.4324 		2.2278 		5.3461
v -7.5 		2.2313 		5.3463
v -7.1382 		2.2899 		5.2826
v -7.5 		2.3097 		5.2826
v -6.0635 		0.6302 		5.1588
v -6.1005 		1.2497 		5.1588
v -6.1614 		1.8477 		5.1588
v -6.2069 		2.1554 		5.1588
v -6.2069 		2.1554 		5.1588
v -6.2333 		2.1115 		5.2167
v -6.0128 		0 		5.0305
v -6.0256 		0.6468 		5.0305
v -6.0635 		1.2827 		5.0305
v -6.126 		1.8965 		5.0305
v -6.1728 		2.2123 		5.0305
v -6.1886 		2.1859 		5.0899
v -6.1915 		2.1811 		5.1007
v -6.1666 		2.2226 		4.9599
v -6.1675 		2.221 		4.9709
v -6.3909 		2.2309 		5.1588
v -6.7499 		2.3325 		5.1588
v -7.1217 		2.3942 		5.1588
v -7.5 		2.4149 		5.1588
v -6.3616 		2.2899 		5.0305
v -6.7301 		2.3942 		5.0305
v -7.1117 		2.4573 		5.0305
v -7.5 		2.4785 		5.0305
v -8.8013 		1.162 		5.3348
v -8.8248 		0.6743 		5.3423
v -8.8155 		0.8566 		5.3401
v -8.8289 		0.5933 		5.3432
v -8.813 		0.9062 		5.3395
v -8.8107 		0.9566 		5.3386
v -8.7202 		2.0331 		5.3079
v -8.7201 		2.0339 		5.3079
v -8.7395 		1.8717 		5.3134
v -8.7368 		2.0616 		5.2826
v -8.7368 		2.0617 		5.2826
v -8.7803 		1.7674 		5.2826
v -8.7471 		1.8085 		5.3156
v -8.756 		1.7338 		5.3181
v -8.7831 		1.3804 		5.3297
v -8.772 		1.5218 		5.3254
v -8.7645 		1.6168 		5.3226
v -8.7619 		2.1034 		5.2274
v -7.6499 		1.8968 		5.3619
v -7.7972 		1.848 		5.3619
v -7.6083 		2.2257 		5.3459
v -7.6756 		2.2223 		5.3458
v -7.6671 		2.2227 		5.3458
v -7.7977 		2.2177 		5.344
v -7.8501 		2.2158 		5.3433
v -7.8562 		2.2148 		5.3432
v -7.8618 		2.2899 		5.2826
v -7.9394 		1.7675 		5.3619
v -8.0741 		1.6569 		5.3619
v -8.199 		1.5179 		5.3619
v -8.044 		2.1884 		5.3395
v -8.0047 		2.1939 		5.3403
v -8.0335 		2.1898 		5.3397
v -8.1975 		2.1689 		5.3348
v -8.2441 		2.1572 		5.3336
v -8.2472 		2.1565 		5.3335
v -8.2605 		2.1533 		5.333
v -8.2175 		2.2309 		5.2826
v -8.2175 		-2.2309 		4.5174
v -8.6091 		-2.2309 		4.6412
v -8.6902 		-1.5218 		4.467
v -8.5608 		-1.7675 		4.467
v -8.4706 		-2.1076 		4.4775
v -8.5407 		-2.0936 		4.4819
v -8.6094 		-2.0707 		4.4858
v -8.4133 		-1.9831 		4.467
v -8.4205 		-2.1185 		4.475
v -8.5608 		-2.1339 		4.5174
v -8.9365 		-0.6302 		4.6412
v -8.8995 		-1.2497 		4.6412
v -8.874 		-0.6028 		4.5174
v -8.8386 		-1.1953 		4.5174
v -8.8366 		-0.113 		4.4539
v -8.8333 		-0.2925 		4.4542
v -8.8331 		-0.304 		4.4543
v -8.8319 		-0.3957 		4.4551
v -8.8294 		-0.5833 		4.4567
v -8.8155 		-0.8566 		4.4599
v -8.813 		-0.9062 		4.4605
v -8.8107 		-0.9566 		4.4614
v -8.8013 		-1.162 		4.4652
v -8.8289 		-0.5933 		4.4568
v -8.8248 		-0.6743 		4.4577
v -8.7939 		-1.2446 		4.4665
v -8.7935 		-1.2486 		4.4666
v -8.7918 		-1.2684 		4.467
v -7.8883 		-1.1205 		4.417
v -7.7972 		-1.1955 		4.417
v -7.701 		-1.2498 		4.417
v -7.6014 		-1.2828 		4.417
v -7.5 		-1.294 		4.417
v -7.6958 		-0.5652 		4.4043
v -7.6499 		-0.6028 		4.4043
v -7.6014 		-0.6303 		4.4043
v -7.5511 		-0.647 		4.4043
v -7.5 		-0.6525 		4.4043
v -7.8883 		-0.0851 		4.4043
v -7.8783 		-0.169 		4.4043
v -7.8618 		-0.2498 		4.4043
v -7.8392 		-0.3262 		4.4043
v -7.8107 		-0.3972 		4.4043
v -7.2616 		0.5177 		4.4043
v -7.3042 		0.5652 		4.4043
v -7.3501 		0.6028 		4.4043
v -7.3986 		0.6303 		4.4043
v -7.4489 		0.647 		4.4043
v -7.1117 		1.1205 		4.417
v -7.2028 		1.1955 		4.417
v -7.299 		1.2498 		4.417
v -7.3986 		1.2828 		4.417
v -6.1614 		1.8477 		4.6412
v -6.2069 		2.1554 		4.6412
v -6.2197 		1.7674 		4.5174
v -6.2069 		2.1554 		4.6412
v -6.2381 		2.1034 		4.5726
v -6.2334 		2.1113 		4.583
v -6.2632 		2.0617 		4.5174
v -6.244 		1.7338 		4.4819
v -6.2169 		1.3804 		4.4703
v -6.228 		1.5218 		4.4746
v -6.2355 		1.6168 		4.4774
v -6.2529 		1.8085 		4.4844
v -6.2605 		1.8717 		4.4866
v -6.2798 		2.0331 		4.4921
v -6.2799 		2.0339 		4.4921
v -6.2632 		2.0616 		4.5174
v -6.3909 		2.2309 		4.6412
v -6.3098 		1.5218 		4.467
v -6.4392 		1.7675 		4.467
v -6.5294 		2.1076 		4.4775
v -6.4593 		2.0936 		4.4819
v -6.3906 		2.0707 		4.4858
v -6.5867 		1.9831 		4.467
v -6.5795 		2.1185 		4.475
v -6.4392 		2.1339 		4.5174
v -6.7499 		2.3325 		4.6412
v -7.1217 		2.3942 		4.6412
v -6.7395 		2.1533 		4.467
v -6.801 		1.5179 		4.4381
v -6.9259 		1.6569 		4.4381
v -6.7528 		2.1565 		4.4665
v -7.0606 		1.7675 		4.4381
v -6.7559 		2.1572 		4.4664
v -6.0256 		-0.6468 		5.0305
v -6.1676 		-2.221 		4.9711
v -6.1666 		-2.2227 		4.9602
v -7.1217 		-2.3942 		5.1588
v -7.5 		-2.4149 		5.1588
v -6.7499 		-2.3325 		5.1588
v -6.3909 		-2.2309 		5.1588
v -7.1117 		-2.4573 		5.0305
v -7.5 		-2.4785 		5.0305
v -6.7301 		-2.3942 		5.0305
v -6.3616 		-2.2899 		5.0305
v -8.7803 		-1.7674 		5.2826
v -7.7972 		-1.848 		5.3619
v -7.6499 		-1.8968 		5.3619
v -7.9046 		-2.208 		5.3423
v -7.8562 		-2.2148 		5.3432
v -7.8783 		-2.3942 		5.1588
v -8.6384 		-2.2899 		5.0305
v -8.2699 		-2.3942 		5.0305
v -7.8883 		-2.4573 		5.0305
v -6.1613 		-2.2315 		4.9
v -6.1142 		-1.913 		4.9
v -6.0511 		-1.2938 		4.9
v -6.0128 		-0.6525 		4.9
v -6 		0 		4.9
v -6.126 		-1.8965 		4.7695
v -6.0635 		-1.2827 		4.7695
v -6.0256 		-0.6468 		4.7695
v -6.0128 		0 		4.7695
v -6.1915 		-2.1811 		4.6993
v -7.7769 		-0.4614 		4.4043
v -7.7384 		-0.5177 		4.4043
v -8.3119 		-1.3528 		4.4381
v -8.1161 		-0.7878 		4.417
v -8.0491 		-0.9149 		4.417
v -7.9728 		-1.0266 		4.417
v -8.2699 		-0.169 		4.417
v -8.2501 		-0.3349 		4.417
v -8.2175 		-0.4952 		4.417
v -8.1725 		-0.647 		4.417
v -8.6384 		-0.2498 		4.4381
v -8.6091 		-0.4952 		4.4381
v -8.5608 		-0.7321 		4.4381
v -8.4944 		-0.9566 		4.4381
v -8.411 		-1.1647 		4.4381
v -6.956 		2.1884 		4.4605
v -6.8025 		2.1689 		4.4652
v -6.9953 		2.1939 		4.4597
v -6.9665 		2.1898 		4.4603
v -6.7825 		2.2309 		4.5174
v -7.1438 		2.2148 		4.4568
v -7.2028 		1.848 		4.4381
v -7.3501 		1.8968 		4.4381
v -7.2023 		2.2177 		4.456
v -7.1499 		2.2158 		4.4567
v -7.3244 		2.2223 		4.4542
v -7.3917 		2.2257 		4.4541
v -7.3329 		2.2227 		4.4542
v -7.1382 		2.2899 		4.5174
v -8.8387 		2.2315 		4.9
v -8.8858 		1.913 		4.9
v -8.9489 		1.2938 		4.9
v -8.9872 		0.6525 		4.9
v -8.874 		1.8965 		4.7695
v -8.9365 		1.2827 		4.7695
v -8.8085 		2.1811 		4.6993
v -8.4133 		1.9831 		5.333
v -8.5608 		1.7675 		5.333
v -8.6902 		1.5218 		5.333
v -8.4205 		2.1185 		5.325
v -8.4706 		2.1076 		5.3225
v -8.6094 		2.0707 		5.3142
v -8.5407 		2.0936 		5.3181
v -8.5608 		2.1339 		5.2826
v -8.8386 		1.8477 		5.1588
v -8.7666 		2.1113 		5.217
v -8.7931 		2.1554 		5.1588
v -8.7931 		2.1554 		5.1588
v -8.8995 		1.2497 		5.1588
v -8.9365 		0.6302 		5.1588
v -6.9509 		-0.9149 		4.417
v -6.8839 		-0.7878 		4.417
v -6.8275 		-0.647 		4.417
v -6.7825 		-0.4952 		4.417
v -6.7499 		-0.3349 		4.417
v -8.874 		1.8965 		5.0305
v -8.8085 		2.181 		5.101
v -8.8114 		2.1857 		5.0902
v -8.8272 		2.2123 		5.0305
v -6.7301 		-0.169 		4.417
v -8.9365 		1.2827 		5.0305
v -8.9744 		0.6468 		5.0305
v -8.8324 		2.221 		4.9711
v -8.8334 		2.2227 		4.9602
v -7.3986 		-1.2828 		4.417
v -7.299 		-1.2498 		4.417
v -7.8783 		2.3942 		5.1588
v -8.2501 		2.3325 		5.1588
v -8.6091 		2.2309 		5.1588
v -7.8883 		2.4573 		5.0305
v -8.2699 		2.3942 		5.0305
v -8.6384 		2.2899 		5.0305
v -6.0128 		0.6525 		4.9
v -6.0511 		1.2938 		4.9
v -6.1142 		1.913 		4.9
v -6.1613 		2.2315 		4.9
v -6.0256 		0.6468 		4.7695
v -6.0635 		1.2827 		4.7695
v -6.126 		1.8965 		4.7695
v -6.1728 		2.2123 		4.7695
v -7.2028 		-1.1955 		4.417
v -7.1117 		-1.1205 		4.417
v -7.2616 		-0.5177 		4.4043
v -7.2231 		-0.4614 		4.4043
v -7.1893 		-0.3972 		4.4043
v -7.1608 		-0.3262 		4.4043
v -7.1382 		-0.2498 		4.4043
v -7.1217 		-0.169 		4.4043
v -7.1117 		-0.0851 		4.4043
v -7.4489 		-0.647 		4.4043
v -7.3986 		-0.6303 		4.4043
v -7.3501 		-0.6028 		4.4043
v -7.3042 		-0.5652 		4.4043
v -8.9872 		-0.6525 		4.9
# 922 vertices

g group_2_14342359

usemtl color_14342359
s 0

f 1814 	1815 	2708
f 1813 	1817 	1814
f 1817 	1813 	1818
f 1817 	1819 	1814
f 1814 	1819 	1815
f 1819 	1820 	1815
f 1815 	1820 	1816
f 1820 	1821 	1822
f 1820 	1822 	1816
f 1816 	1822 	1823
f 1895 	1819 	1817
f 1819 	1895 	1920
f 1819 	1920 	1820
f 1820 	1824 	1821
f 1811 	1826 	1827
f 1826 	1829 	1830
f 1826 	1830 	1827
f 1811 	1827 	1812
f 1825 	1829 	1826
f 1829 	1825 	1828
f 1829 	1840 	1830
f 1838 	1843 	1829
f 1833 	1828 	1832
f 1832 	1828 	1834
f 1831 	1828 	1833
f 1828 	1831 	1835
f 1828 	1835 	1836
f 1838 	1829 	1837
f 1839 	1829 	1836
f 1837 	1829 	1839
f 1828 	1836 	1829
f 1841 	1830 	1840
f 1842 	1830 	1841
f 1843 	1844 	1829
f 1840 	1829 	1844
f 1845 	1846 	1850
f 1850 	1847 	1845
f 1850 	1848 	1847
f 1850 	1849 	1848
f 1850 	1851 	1849
f 1850 	1853 	1852
f 1867 	1857 	1858
f 1850 	1858 	1857
f 1852 	1851 	1850
f 1850 	1854 	1853
f 1854 	1850 	1855
f 1856 	1855 	1850
f 1857 	1856 	1850
f 1860 	1859 	1845
f 1859 	1846 	1845
f 1845 	1847 	1860
f 1861 	1860 	1847
f 1847 	1848 	1861
f 1862 	1861 	1848
f 1863 	1862 	1849
f 1848 	1849 	1862
f 1849 	1851 	1863
f 1865 	1856 	1866
f 1864 	1854 	1855
f 1855 	1865 	1864
f 1856 	1865 	1855
f 1866 	1857 	1867
f 1866 	1856 	1857
f 1858 	1868 	1867
f 1871 	1872 	1869
f 1872 	1854 	1864
f 1853 	1854 	1872
f 1863 	1851 	1870
f 1870 	1852 	1871
f 1851 	1852 	1870
f 1852 	1853 	1871
f 1871 	1853 	1872
f 1875 	1833 	1874
f 1874 	1865 	1875
f 1876 	1867 	1877
f 1872 	1873 	1869
f 1872 	1864 	1873
f 1873 	1864 	1874
f 1865 	1874 	1864
f 1875 	1865 	1866
f 1866 	1876 	1875
f 1867 	1876 	1866
f 1878 	1877 	1868
f 1877 	1867 	1868
f 1874 	1832 	1834
f 1929 	1874 	1834
f 1832 	1874 	1833
f 1835 	1831 	1875
f 1833 	1875 	1831
f 1839 	1876 	1837
f 1876 	1839 	1875
f 1839 	1836 	1875
f 1835 	1875 	1836
f 1877 	1843 	1876
f 1843 	1838 	1876
f 1837 	1876 	1838
f 1843 	1877 	1844
f 1878 	1841 	1877
f 1841 	1840 	1877
f 1844 	1877 	1840
f 1841 	1878 	1842
f 1879 	1881 	1880
f 2674 	1920 	1879
f 1883 	1885 	1882
f 1884 	1882 	1885
f 1883 	1886 	1885
f 1883 	1882 	1930
f 1885 	1880 	1884
f 1881 	1884 	1880
f 1880 	1828 	1825
f 1880 	1885 	1828
f 1886 	1888 	1889
f 1886 	1889 	1890
f 1887 	1885 	1890
f 1886 	1890 	1885
f 1885 	1887 	1891
f 1885 	1891 	1892
f 1834 	1828 	1892
f 1885 	1892 	1828
f 1894 	1818 	1893
f 1818 	1894 	1817
f 1894 	1895 	1817
f 1894 	1893 	1908
f 1919 	1894 	1908
f 1894 	1919 	1895
f 1896 	1897 	1898
f 1897 	1899 	1900
f 1897 	1900 	1898
f 1904 	1901 	1903
f 1902 	1903 	1901
f 1898 	1901 	1904
f 1898 	1904 	1905
f 1898 	1905 	1896
f 1901 	1906 	1902
f 1906 	1908 	1902
f 1900 	1859 	1860
f 1900 	1860 	1898
f 1898 	1861 	1901
f 1860 	1861 	1898
f 1910 	1901 	1862
f 1862 	1901 	1861
f 1862 	1863 	1910
f 1907 	1908 	1893
f 1904 	1908 	1905
f 1897 	1896 	1907
f 1905 	1907 	1896
f 1899 	1897 	1907
f 1903 	1908 	1904
f 1907 	1905 	1908
f 1903 	1902 	1908
f 1901 	1910 	1906
f 1911 	1912 	1910
f 1912 	1906 	1910
f 1915 	1916 	1914
f 1913 	1914 	1916
f 1915 	1911 	1916
f 1910 	1916 	1911
f 1918 	1917 	1909
f 1918 	1913 	1917
f 1916 	1917 	1913
f 1917 	1871 	1869
f 1916 	1910 	1863
f 1917 	1916 	1870
f 1863 	1870 	1916
f 1870 	1871 	1917
f 1911 	1915 	1908
f 1912 	1911 	1908
f 1919 	1908 	1915
f 1914 	1919 	1915
f 1912 	1908 	1906
f 1914 	1913 	1919
f 1913 	1918 	1919
f 1909 	1919 	1918
f 1921 	1922 	1919
f 1881 	1879 	1920
f 2674 	1820 	1920
f 1930 	1920 	1895
f 1920 	1930 	1882
f 1920 	1882 	1884
f 1920 	1884 	1881
f 1909 	1923 	1921
f 1922 	1921 	1923
f 1919 	1909 	1921
f 1924 	1922 	1923
f 1925 	1926 	1927
f 1926 	1924 	1927
f 1923 	1927 	1924
f 1925 	1927 	1928
f 1927 	1889 	1928
f 1888 	1928 	1889
f 1891 	1887 	1929
f 1890 	1929 	1887
f 1927 	1929 	1890
f 1927 	1890 	1889
f 1834 	1892 	1929
f 1929 	1892 	1891
f 1923 	1909 	1917
f 1917 	1869 	1923
f 1923 	1869 	1927
f 1929 	1927 	1873
f 1869 	1873 	1927
f 1873 	1874 	1929
f 1930 	1895 	1919
f 1883 	1930 	1886
f 1928 	1888 	1886
f 1930 	1928 	1886
f 1919 	1922 	1930
f 1922 	1924 	1930
f 1926 	1930 	1924
f 1926 	1925 	1930
f 1928 	1930 	1925
f 1934 	1931 	1932
f 1933 	1934 	1932
f 1935 	1932 	1931
f 1936 	1932 	1935
f 1936 	1935 	1948
f 1937 	1931 	1934
f 1938 	1937 	1934
f 1939 	1940 	1974
f 1941 	1934 	1940
f 1974 	1940 	1934
f 1934 	1941 	1938
f 1942 	1934 	1933
f 1937 	1944 	1931
f 1937 	1938 	1944
f 1941 	1944 	1938
f 1939 	1945 	1940
f 1933 	1950 	1942
f 1932 	1950 	1933
f 1943 	1948 	1944
f 1947 	1943 	1946
f 1935 	1944 	1948
f 1948 	1943 	1949
f 1947 	1949 	1943
f 1931 	1944 	1935
f 1945 	1944 	1941
f 1941 	1940 	1945
f 1949 	1947 	1950
f 1946 	1950 	1947
f 1936 	1948 	1932
f 1950 	1932 	1948
f 1949 	1950 	1948
f 1956 	1951 	1955
f 1954 	1951 	1956
f 1958 	1951 	1957
f 1954 	1957 	1951
f 1954 	1961 	1957
f 1957 	1961 	1958
f 1959 	1952 	1958
f 1951 	1958 	1952
f 1943 	1952 	1960
f 1959 	1960 	1952
f 1959 	1961 	1960
f 1943 	1953 	1952
f 1943 	1944 	1953
f 1960 	1946 	1943
f 1955 	1972 	1956
f 1956 	1961 	1954
f 1950 	1946 	1961
f 1946 	1960 	1961
f 1961 	1959 	1958
f 1961 	2614 	2615
f 1961 	2615 	1950
f 1962 	1967 	1969
f 1962 	1969 	1964
f 1969 	1970 	1964
f 1963 	1965 	1966
f 1967 	1962 	1968
f 1968 	1962 	1966
f 1963 	1966 	1962
f 1971 	1964 	1970
f 1964 	1955 	1951
f 1971 	1955 	1964
f 1969 	1972 	1970
f 1969 	1967 	1972
f 1968 	1972 	1967
f 1972 	1968 	1973
f 1966 	1973 	1968
f 1965 	1973 	1966
f 1971 	1972 	1955
f 1961 	1956 	1972
f 1970 	1972 	1971
f 2614 	1961 	1972
f 1973 	2612 	1972
f 1975 	1976 	1974
f 1976 	1977 	1974
f 1977 	1978 	1974
f 1939 	1974 	1978
f 1981 	1980 	1983
f 1982 	1980 	1981
f 1979 	1983 	1980
f 1985 	1980 	1984
f 1982 	1984 	1980
f 1974 	1980 	1985
f 1974 	1985 	1975
f 1980 	1986 	1987
f 1980 	1987 	1988
f 1980 	1988 	1979
f 1987 	1986 	1991
f 1990 	1991 	1986
f 1989 	1990 	1986
f 2321 	1980 	1974
f 1977 	1992 	1978
f 1981 	1994 	1982
f 1988 	1987 	2288
f 1991 	2288 	1987
f 1988 	2287 	1979
f 2288 	1991 	1990
f 1945 	1939 	1978
f 1985 	1984 	1993
f 1973 	1997 	1995
f 1997 	1998 	1995
f 1996 	1995 	1998
f 1965 	1999 	1973
f 1999 	2000 	1973
f 1997 	1973 	2000
f 2354 	2001 	2002
f 2008 	2007 	2002
f 2005 	2009 	2002
f 2001 	2004 	2005
f 2001 	2005 	2002
f 2014 	2006 	2001
f 2006 	2004 	2001
f 2003 	2002 	2007
f 2008 	2002 	2009
f 2003 	2007 	2010
f 2008 	1995 	2007
f 2009 	2005 	2011
f 2004 	2011 	2005
f 2006 	2011 	2004
f 1995 	2008 	2011
f 2010 	2007 	1995
f 2009 	2011 	2008
f 2012 	2026 	2013
f 2024 	2027 	2012
f 2016 	2017 	2015
f 2013 	2015 	2017
f 2013 	2017 	2018
f 2014 	2013 	2019
f 2020 	2019 	2013
f 2018 	2020 	2013
f 2014 	2019 	2021
f 2022 	2014 	2021
f 2006 	2014 	2022
f 2016 	2028 	2017
f 2020 	2018 	2023
f 2017 	2023 	2018
f 2011 	2021 	2023
f 2022 	2021 	2011
f 2021 	2019 	2023
f 2020 	2023 	2019
f 2022 	2011 	2006
f 2024 	2012 	2025
f 2015 	2013 	2026
f 2012 	2027 	2026
f 2023 	2017 	2028
f 2028 	2029 	2023
f 2030 	2023 	2029
f 2035 	2032 	2034
f 2033 	2034 	2032
f 2031 	2033 	2032
f 2037 	2038 	2036
f 2035 	2036 	2038
f 2038 	2032 	2035
f 2031 	2032 	2041
f 2040 	2041 	2032
f 2039 	2040 	2032
f 2039 	2032 	2042
f 2039 	2042 	2044
f 2043 	2044 	2042
f 2047 	2042 	2046
f 2045 	2042 	2047
f 2043 	2042 	2045
f 2025 	2046 	2042
f 2049 	2621 	2050
f 2050 	2621 	2622
f 2050 	2622 	2051
f 2051 	2622 	1963
f 2051 	1963 	2052
f 2333 	2053 	2332
f 2054 	2055 	2053
f 2055 	2056 	2053
f 2056 	2057 	2053
f 2057 	2058 	2053
f 2055 	2054 	2049
f 2055 	2049 	2050
f 2055 	2050 	2056
f 2056 	2050 	2051
f 2056 	2051 	2057
f 2060 	2038 	2064
f 2063 	2064 	2038
f 2037 	2063 	2038
f 2066 	2067 	2053
f 2067 	2068 	2053
f 2068 	2069 	2053
f 2069 	2070 	2053
f 2070 	2071 	2053
f 2071 	2072 	2053
f 2073 	2053 	2072
f 2074 	2053 	2073
f 2075 	2053 	2074
f 2076 	2053 	2075
f 2077 	2053 	2076
f 2053 	2077 	2078
f 2095 	2075 	2074
f 2076 	2101 	2077
f 2077 	2102 	2078
f 2077 	2101 	2102
f 2080 	2066 	2079
f 2066 	2080 	2067
f 2067 	2081 	2068
f 2080 	2081 	2067
f 2068 	2082 	2069
f 2081 	2082 	2068
f 2082 	2083 	2069
f 2069 	2083 	2070
f 2514 	2083 	2082
f 2084 	2103 	2086
f 2514 	2515 	2083
f 1989 	1986 	2087
f 2085 	2087 	1986
f 2085 	1986 	2086
f 2086 	2088 	2089
f 2086 	2089 	2090
f 2086 	2090 	2091
f 2086 	2091 	2092
f 2093 	2074 	2073
f 2089 	2088 	2096
f 2094 	2096 	2088
f 2095 	2074 	2093
f 2419 	2420 	2088
f 2088 	2098 	2099
f 2088 	2099 	2097
f 2088 	2097 	2094
f 2075 	2095 	2100
f 2097 	2110 	2094
f 2075 	2100 	2076
f 2076 	2100 	2101
f 1986 	2463 	2086
f 2119 	2100 	2095
f 2090 	2089 	2110
f 2096 	2110 	2089
f 2096 	2094 	2110
f 2104 	2071 	2070
f 2083 	2104 	2070
f 2071 	2104 	2106
f 2107 	2087 	2105
f 2071 	2106 	2072
f 2087 	2085 	2105
f 2072 	2109 	2073
f 2103 	2084 	2105
f 2091 	2108 	2092
f 2092 	2108 	2084
f 2072 	2106 	2109
f 2109 	2093 	2073
f 2105 	2084 	2108
f 2515 	2104 	2083
f 2104 	2112 	2106
f 2515 	2112 	2104
f 2106 	2112 	2114
f 2111 	2429 	2113
f 2107 	1989 	2087
f 2109 	2115 	2093
f 2103 	2105 	2085
f 2090 	2110 	2108
f 2091 	2090 	2108
f 2114 	2109 	2106
f 2110 	2097 	2111
f 2099 	2111 	2097
f 2429 	2111 	2098
f 2099 	2098 	2111
f 2109 	2114 	2115
f 2093 	2115 	2116
f 2408 	2486 	2115
f 2116 	2095 	2093
f 2117 	2105 	2118
f 2116 	2119 	2095
f 2121 	2101 	2100
f 2118 	2120 	2336
f 2100 	2119 	2121
f 2101 	2121 	2123
f 2120 	2122 	2337
f 2110 	2111 	2122
f 2105 	2117 	2107
f 2105 	2108 	2118
f 2118 	2108 	2120
f 2108 	2110 	2120
f 2120 	2110 	2122
f 2131 	1812 	2132
f 2128 	2134 	2129
f 2128 	2133 	2134
f 2135 	2136 	2134
f 2129 	2134 	2136
f 2129 	2136 	2137
f 2129 	2137 	2130
f 1812 	2534 	2132
f 2133 	2535 	2148
f 2133 	2148 	2134
f 2134 	2138 	2139
f 2134 	2139 	2135
f 2134 	2148 	2138
f 2130 	2137 	2140
f 2140 	2144 	2145
f 2145 	2141 	2140
f 2144 	2140 	2137
f 2137 	2136 	2144
f 2135 	2144 	2136
f 2146 	2142 	2141
f 2141 	2145 	2146
f 2142 	2146 	2147
f 2142 	2147 	2143
f 2139 	2138 	2525
f 2525 	2144 	2139
f 2144 	2135 	2139
f 2144 	2164 	2145
f 2149 	2138 	2148
f 2148 	2151 	2149
f 2148 	2152 	2153
f 2153 	2151 	2148
f 2148 	2150 	2152
f 2154 	2152 	2150
f 2155 	2150 	2158
f 2157 	2158 	2150
f 2150 	2155 	2159
f 2150 	2159 	2160
f 2161 	2163 	2160
f 2162 	2163 	2161
f 2150 	2160 	2163
f 2150 	2163 	2154
f 2165 	2146 	2145
f 2145 	2164 	2165
f 2146 	2166 	2147
f 2165 	2166 	2146
f 2167 	2168 	2170
f 2169 	2170 	2168
f 2169 	2168 	2171
f 2172 	2169 	2171
f 2172 	2171 	2174
f 2173 	2174 	2171
f 2173 	2171 	2175
f 2174 	2177 	2172
f 2176 	2173 	2175
f 2164 	2177 	2165
f 2165 	2178 	2166
f 2178 	2165 	2177
f 2170 	2177 	2167
f 2177 	2174 	2178
f 2173 	2178 	2174
f 2176 	2178 	2173
f 2177 	2170 	2169
f 2177 	2169 	2172
f 2182 	2179 	2181
f 2183 	2182 	2181
f 2183 	2181 	2184
f 2181 	2180 	2552
f 2183 	2524 	2182
f 2183 	2184 	2186
f 2185 	2186 	2184
f 2167 	2187 	2168
f 2185 	2184 	2188
f 2187 	2188 	2184
f 2187 	2184 	2168
f 2190 	2124 	2189
f 2189 	2192 	2190
f 2124 	2194 	2126
f 2190 	2194 	2124
f 2196 	2127 	2126
f 2194 	2196 	2126
f 2196 	1818 	2127
f 2191 	2197 	2198
f 2127 	1818 	1813
f 2199 	2200 	2592
f 2197 	2264 	2198
f 2592 	2190 	2199
f 2191 	2198 	2193
f 2193 	2198 	2201
f 2194 	2602 	2196
f 2193 	2201 	2195
f 2202 	2203 	2201
f 2195 	2201 	2203
f 2195 	2203 	2206
f 2195 	2206 	2629
f 2197 	2263 	2264
f 2208 	2204 	2205
f 2205 	2209 	2208
f 2208 	2210 	2204
f 2209 	2218 	2208
f 2208 	2228 	2210
f 2201 	2211 	2202
f 2204 	2210 	2207
f 2212 	2214 	2213
f 2210 	2578 	2207
f 2207 	2578 	2576
f 2209 	2215 	2216
f 2209 	2216 	2217
f 2209 	2217 	2218
f 2220 	2222 	2219
f 2221 	2219 	2222
f 2220 	2223 	2222
f 2224 	2208 	2218
f 2225 	2208 	2224
f 2241 	2260 	2219
f 2208 	2226 	2227
f 2208 	2227 	2228
f 2229 	2210 	2228
f 2231 	2208 	2230
f 2226 	2208 	2231
f 2225 	2230 	2208
f 2584 	2585 	2210
f 2233 	2234 	2210
f 2584 	2210 	2234
f 2232 	2233 	2210
f 2229 	2232 	2210
f 2222 	2213 	2221
f 2214 	2221 	2213
f 2217 	2216 	2242
f 2242 	2216 	2243
f 2215 	2243 	2216
f 2242 	2224 	2218
f 2242 	2218 	2217
f 2231 	2245 	2226
f 2223 	2236 	2237
f 2223 	2237 	2238
f 2235 	2222 	2238
f 2223 	2238 	2222
f 2240 	2222 	2239
f 2235 	2239 	2222
f 2228 	2249 	2229
f 2228 	2227 	2249
f 2198 	2241 	2201
f 2214 	2212 	2241
f 2212 	2638 	2241
f 2225 	2244 	2230
f 2224 	2244 	2225
f 2242 	2244 	2224
f 2230 	2244 	2231
f 2245 	2231 	2244
f 2241 	2219 	2221
f 2241 	2221 	2214
f 2227 	2226 	2245
f 2247 	2246 	2248
f 2232 	2229 	2249
f 2227 	2245 	2249
f 2251 	2247 	2248
f 2249 	2250 	2232
f 2233 	2232 	2250
f 2248 	2254 	2251
f 2253 	2251 	2254
f 2252 	2253 	2254
f 2250 	2267 	2265
f 2258 	2242 	2243
f 2252 	2260 	2253
f 2259 	2244 	2242
f 2258 	2259 	2242
f 2252 	2254 	2255
f 2254 	2237 	2255
f 2236 	2255 	2237
f 2245 	2244 	2261
f 2239 	2235 	2256
f 2238 	2256 	2235
f 2256 	2238 	2254
f 2237 	2254 	2238
f 2256 	2240 	2239
f 2266 	2250 	2249
f 2258 	2243 	2257
f 2244 	2259 	2261
f 2245 	2261 	2262
f 2223 	2220 	2260
f 2220 	2219 	2260
f 2260 	2255 	2223
f 2260 	2251 	2253
f 2280 	2279 	2257
f 2259 	2258 	2281
f 2247 	2260 	2284
f 2251 	2260 	2247
f 2260 	2252 	2255
f 2236 	2223 	2255
f 2263 	2147 	2166
f 2262 	2261 	2283
f 2147 	2263 	2197
f 2241 	2198 	2264
f 2262 	2249 	2245
f 2262 	2266 	2249
f 2250 	2266 	2267
f 2264 	2260 	2241
f 2246 	2268 	2248
f 2271 	2272 	2270
f 2267 	2269 	2265
f 2275 	2276 	2274
f 2273 	2274 	2276
f 2270 	2276 	2271
f 2275 	2271 	2276
f 2248 	2268 	2277
f 2278 	2277 	2268
f 2262 	2285 	2266
f 2278 	2273 	2277
f 2276 	2277 	2273
f 2279 	2258 	2257
f 2279 	2281 	2258
f 2259 	2281 	2282
f 2261 	2259 	2282
f 2261 	2282 	2283
f 2263 	2284 	2264
f 2283 	2285 	2262
f 2264 	2284 	2260
f 2286 	2267 	2266
f 2271 	2275 	2356
f 2272 	2271 	2356
f 2284 	2356 	2275
f 2274 	2284 	2275
f 2266 	2285 	2286
f 2288 	2107 	2296
f 1993 	1992 	1976
f 1977 	1976 	1992
f 1945 	1978 	1992
f 1994 	1993 	1984
f 1985 	1993 	1975
f 1976 	1975 	1993
f 1984 	1982 	1994
f 1983 	2287 	1981
f 1994 	1981 	2287
f 1988 	2288 	2287
f 1983 	1979 	2287
f 2288 	1990 	2107
f 1989 	2107 	1990
f 2289 	2292 	2290
f 1953 	2292 	2289
f 2292 	1992 	2290
f 2290 	1992 	2291
f 2291 	1993 	2293
f 1992 	1993 	2291
f 2292 	1953 	1944
f 2292 	1944 	1945
f 2292 	1945 	1992
f 2302 	2290 	2291
f 2291 	2293 	2303
f 2294 	2287 	2295
f 1994 	2287 	2294
f 2295 	2296 	2306
f 2296 	2117 	2307
f 1993 	1994 	2293
f 2293 	1994 	2294
f 2288 	2296 	2295
f 2288 	2295 	2287
f 2296 	2107 	2117
f 2058 	2052 	2297
f 2310 	2298 	2299
f 2299 	1952 	2300
f 2312 	2289 	2301
f 2300 	2289 	2312
f 2289 	2290 	2301
f 2301 	2290 	2302
f 2052 	1962 	2297
f 2052 	1963 	1962
f 2297 	1962 	1964
f 2297 	1964 	2298
f 2298 	1964 	1951
f 2298 	1951 	2299
f 2299 	1951 	1952
f 1952 	1953 	2300
f 2300 	1953 	2289
f 2302 	2291 	2303
f 2303 	2293 	2304
f 2304 	2294 	2305
f 2293 	2294 	2304
f 2294 	2295 	2305
f 2305 	2295 	2306
f 2306 	2296 	2307
f 2307 	2117 	2308
f 2058 	2309 	2053
f 2309 	2310 	2053
f 2310 	2311 	2053
f 2311 	2312 	2053
f 2301 	2053 	2312
f 2302 	2053 	2301
f 2303 	2053 	2302
f 2304 	2053 	2303
f 2305 	2053 	2304
f 2306 	2053 	2305
f 2307 	2053 	2306
f 2308 	2053 	2307
f 2297 	2309 	2058
f 2309 	2298 	2310
f 2309 	2297 	2298
f 2299 	2311 	2310
f 2311 	2299 	2300
f 2311 	2300 	2312
f 1942 	2313 	1934
f 2317 	2313 	2316
f 2315 	2316 	2313
f 1942 	2315 	2313
f 2313 	2318 	1934
f 2317 	2325 	2313
f 1974 	1934 	2318
f 2318 	2321 	1974
f 2122 	2111 	2125
f 2111 	2113 	2125
f 1980 	2322 	1986
f 2314 	2125 	2113
f 2321 	2322 	1980
f 2324 	2313 	2325
f 2314 	2323 	2319
f 2314 	2113 	2323
f 2323 	2439 	2319
f 2327 	2324 	2326
f 2324 	2325 	2326
f 2324 	2328 	2313
f 2057 	2052 	2058
f 2057 	2051 	2052
f 2329 	2053 	2078
f 2329 	2330 	2053
f 2320 	2440 	2415
f 2330 	2331 	2053
f 2331 	2332 	2053
f 2333 	2334 	2053
f 2334 	2335 	2053
f 2335 	2054 	2053
f 2323 	2431 	2439
f 2329 	2358 	2330
f 2308 	2117 	2118
f 2308 	2118 	2336
f 2284 	2274 	2273
f 2284 	2273 	2278
f 2284 	2278 	2268
f 2284 	2268 	2246
f 2246 	2247 	2284
f 2334 	2354 	2335
f 2343 	2344 	2345
f 2175 	2344 	2176
f 2335 	2048 	2054
f 2344 	2175 	2345
f 2048 	2049 	2054
f 2347 	2349 	2346
f 2350 	2346 	2349
f 2343 	2345 	2351
f 2350 	2351 	2345
f 2346 	2350 	2345
f 2348 	2355 	2352
f 2270 	2353 	2346
f 2347 	2346 	2353
f 2354 	2334 	2352
f 2354 	2048 	2335
f 2353 	2356 	2347
f 2272 	2353 	2270
f 2175 	2703 	2345
f 2345 	2704 	2346
f 2352 	2355 	2001
f 2355 	2014 	2001
f 2352 	2001 	2354
f 2356 	2166 	2178
f 2354 	2002 	2048
f 2002 	2003 	2048
f 2166 	2356 	2263
f 2284 	2263 	2356
f 2014 	2355 	2013
f 2178 	2351 	2356
f 2357 	2078 	2102
f 2078 	2357 	2329
f 2178 	2176 	2344
f 2178 	2344 	2343
f 2343 	2351 	2178
f 2358 	2329 	2357
f 2349 	2356 	2350
f 2351 	2350 	2356
f 2359 	2331 	2330
f 2347 	2356 	2349
f 2272 	2356 	2353
f 2330 	2358 	2359
f 2331 	2359 	2361
f 2361 	2332 	2331
f 2333 	2332 	2348
f 2361 	2348 	2332
f 2333 	2348 	2352
f 2334 	2333 	2352
f 2360 	2213 	2363
f 2102 	2366 	2357
f 2222 	2363 	2213
f 2360 	2364 	2362
f 2363 	2364 	2360
f 2378 	2359 	2358
f 2364 	2209 	2362
f 2363 	2371 	2364
f 2362 	2209 	2205
f 2361 	2382 	2348
f 2367 	2363 	2369
f 2368 	2363 	2367
f 2365 	2363 	2368
f 2222 	2240 	2363
f 2369 	2363 	2240
f 2371 	2363 	2370
f 2365 	2370 	2363
f 2102 	2123 	2366
f 2357 	2366 	2372
f 2375 	2364 	2371
f 2373 	2364 	2375
f 2374 	2364 	2373
f 2372 	2358 	2357
f 2377 	2209 	2376
f 2215 	2209 	2377
f 2364 	2376 	2209
f 2358 	2372 	2378
f 2039 	2378 	2040
f 2376 	2364 	2380
f 2379 	2380 	2364
f 2374 	2379 	2364
f 2240 	2256 	2369
f 2381 	2361 	2359
f 2256 	2384 	2369
f 2359 	2378 	2381
f 2381 	2382 	2361
f 2384 	2368 	2367
f 2370 	2365 	2385
f 2368 	2385 	2365
f 2382 	2355 	2348
f 2385 	2375 	2371
f 2385 	2371 	2370
f 2379 	2374 	2386
f 2373 	2386 	2374
f 2123 	2036 	2366
f 2036 	2035 	2366
f 2379 	2387 	2380
f 2366 	2034 	2033
f 2377 	2376 	2387
f 2380 	2387 	2376
f 2366 	2033 	2372
f 2377 	2243 	2215
f 2372 	2040 	2378
f 2372 	2041 	2040
f 2254 	2383 	2256
f 2047 	2046 	2381
f 2383 	2384 	2256
f 2381 	2012 	2382
f 2690 	2691 	2383
f 2382 	2013 	2355
f 2382 	2012 	2013
f 2036 	2123 	2037
f 2367 	2369 	2384
f 2034 	2366 	2035
f 2384 	2385 	2368
f 2033 	2031 	2372
f 2041 	2372 	2031
f 2378 	2039 	2044
f 2375 	2386 	2373
f 2378 	2044 	2043
f 2378 	2043 	2045
f 2375 	2385 	2386
f 2378 	2045 	2381
f 2047 	2381 	2045
f 2387 	2379 	2386
f 2012 	2381 	2046
f 2046 	2025 	2012
f 2389 	2038 	2388
f 2386 	2698 	2387
f 2038 	2389 	2032
f 2032 	2390 	2042
f 2243 	2377 	2387
f 2032 	2389 	2390
f 2042 	2390 	2391
f 2394 	2391 	2393
f 2392 	2393 	2391
f 2391 	2398 	2401
f 2401 	2403 	2391
f 2693 	2386 	2385
f 2396 	2388 	2395
f 2388 	2396 	2389
f 2387 	2257 	2243
f 2389 	2397 	2390
f 2389 	2396 	2397
f 2248 	2277 	2399
f 2390 	2398 	2391
f 2399 	2254 	2248
f 2397 	2398 	2390
f 2399 	2383 	2254
f 2400 	2401 	2398
f 2276 	2402 	2277
f 2392 	2391 	2403
f 2101 	2123 	2102
f 2115 	2114 	2408
f 2397 	2129 	2398
f 2116 	2115 	2490
f 2398 	2404 	2405
f 2398 	2405 	2400
f 2116 	2487 	2119
f 2130 	2404 	2129
f 2398 	2129 	2404
f 2393 	2406 	2394
f 2030 	2394 	2406
f 2393 	2392 	2406
f 2030 	2406 	2023
f 2114 	2407 	2408
f 2407 	2114 	2410
f 2120 	2337 	2336
f 2122 	2338 	2337
f 2122 	2125 	2338
f 2338 	2125 	2339
f 2339 	2314 	2340
f 2125 	2314 	2339
f 2314 	2319 	2340
f 2341 	2340 	2319
f 2320 	2342 	2341
f 2319 	2320 	2341
f 2336 	2053 	2308
f 2337 	2053 	2336
f 2338 	2053 	2337
f 2339 	2053 	2338
f 2340 	2053 	2339
f 2341 	2053 	2340
f 2342 	2053 	2341
f 2411 	2053 	2342
f 2411 	2412 	2053
f 2412 	2413 	2053
f 2413 	2414 	2053
f 2414 	2066 	2053
f 2415 	2342 	2320
f 2415 	2411 	2342
f 2416 	2412 	2411
f 2411 	2415 	2416
f 2412 	2416 	2417
f 2412 	2417 	2413
f 2417 	2418 	2413
f 2413 	2418 	2414
f 2414 	2079 	2066
f 2418 	2079 	2414
f 2450 	2417 	2416
f 2452 	2079 	2418
f 2098 	2088 	2420
f 2420 	2419 	2422
f 2421 	2422 	2419
f 2423 	2424 	2419
f 2419 	2425 	2421
f 2425 	2424 	2427
f 2426 	2427 	2424
f 2419 	2424 	2425
f 2465 	2419 	2088
f 2419 	2428 	2423
f 2422 	2429 	2420
f 2425 	2429 	2421
f 2428 	2438 	2423
f 2098 	2420 	2429
f 2430 	2323 	2113
f 2113 	2429 	2430
f 2427 	2430 	2425
f 2425 	2430 	2429
f 2422 	2421 	2429
f 2433 	2430 	2432
f 2427 	2432 	2430
f 2426 	2432 	2427
f 2432 	2426 	2424
f 2432 	2438 	2433
f 2431 	2430 	2434
f 2435 	2434 	2430
f 2433 	2435 	2430
f 2434 	2436 	2431
f 2431 	2436 	2437
f 2444 	2431 	2437
f 2438 	2432 	2424
f 2433 	2438 	2435
f 2438 	2449 	2436
f 2436 	2434 	2438
f 2438 	2434 	2435
f 2424 	2423 	2438
f 2439 	2320 	2319
f 2439 	2440 	2320
f 2446 	2445 	2440
f 2443 	2447 	2440
f 2323 	2430 	2431
f 2439 	2442 	2443
f 2440 	2439 	2443
f 2439 	2431 	2444
f 2439 	2444 	2442
f 2441 	2440 	2445
f 2446 	2440 	2447
f 2453 	2441 	2448
f 2445 	2448 	2441
f 2437 	2436 	2449
f 2447 	2443 	2449
f 2443 	2442 	2449
f 2442 	2444 	2449
f 2437 	2449 	2444
f 2448 	2445 	2461
f 2445 	2446 	2461
f 2449 	2446 	2447
f 2415 	2440 	2441
f 2415 	2441 	2416
f 2441 	2450 	2416
f 2451 	2418 	2417
f 2450 	2451 	2417
f 2451 	2452 	2418
f 2451 	2459 	2452
f 2448 	2461 	2453
f 2453 	2454 	2450
f 2453 	2450 	2441
f 2456 	2451 	2455
f 2457 	2451 	2456
f 2450 	2455 	2451
f 2455 	2450 	2458
f 2454 	2458 	2450
f 2460 	2452 	2459
f 2457 	2459 	2451
f 2461 	2458 	2454
f 2461 	2454 	2453
f 2461 	2446 	2449
f 2461 	2462 	2456
f 2461 	2456 	2455
f 2461 	2455 	2458
f 2461 	2481 	2462
f 2460 	2459 	2462
f 2459 	2457 	2462
f 2456 	2462 	2457
f 1986 	2322 	2463
f 2086 	2464 	2088
f 2463 	2464 	2086
f 2465 	2088 	2464
f 2468 	2465 	2467
f 2466 	2467 	2465
f 2465 	2468 	2419
f 2472 	2465 	2464
f 2472 	2474 	2465
f 2474 	2475 	2465
f 2468 	2428 	2419
f 2469 	2470 	2322
f 2322 	2470 	2463
f 2463 	2471 	2464
f 2470 	2471 	2463
f 2471 	2472 	2464
f 2472 	2473 	2474
f 2466 	2465 	2475
f 2471 	2713 	2472
f 2472 	2476 	2477
f 2472 	2477 	2473
f 2472 	2713 	2476
f 2428 	2468 	2478
f 2467 	2478 	2468
f 2467 	2466 	2478
f 2428 	2478 	2438
f 2438 	2479 	2449
f 2478 	2479 	2438
f 2479 	2480 	2449
f 2479 	2484 	2480
f 2480 	2461 	2449
f 2480 	2481 	2461
f 2480 	2485 	2481
f 2475 	2482 	2478
f 2475 	2478 	2466
f 2475 	2474 	2482
f 2473 	2482 	2474
f 2482 	2483 	2478
f 2478 	2483 	2479
f 2483 	2484 	2479
f 2484 	2485 	2480
f 2483 	2127 	2484
f 2484 	1813 	2485
f 2127 	1813 	2484
f 2714 	2124 	2476
f 2477 	2482 	2473
f 2482 	2126 	2483
f 2126 	2127 	2483
f 2500 	2065 	2410
f 2407 	2410 	2065
f 2408 	2407 	2065
f 2486 	2408 	2065
f 2487 	2059 	2489
f 2488 	2059 	2487
f 2062 	2489 	2059
f 2065 	2059 	2491
f 2486 	2065 	2491
f 2490 	2491 	2059
f 2488 	2490 	2059
f 2062 	2059 	2061
f 2060 	2061 	2059
f 2060 	2059 	2038
f 2688 	2059 	2065
f 2490 	2115 	2491
f 2491 	2115 	2486
f 2490 	2488 	2116
f 2116 	2488 	2487
f 2489 	2119 	2487
f 2119 	2061 	2121
f 2061 	2060 	2121
f 2064 	2121 	2060
f 2119 	2489 	2062
f 2119 	2062 	2061
f 2121 	2063 	2123
f 2037 	2123 	2063
f 2121 	2064 	2063
f 2492 	2493 	2495
f 2494 	2492 	2495
f 2496 	2497 	2495
f 2494 	2495 	2497
f 2493 	2492 	2680
f 2494 	2497 	2498
f 2499 	2498 	2497
f 2499 	2497 	2502
f 2502 	2497 	2501
f 2065 	2501 	2497
f 2065 	2500 	2501
f 2496 	2503 	2497
f 2079 	2504 	2080
f 2452 	2504 	2079
f 2504 	2505 	2080
f 2511 	2505 	2510
f 2505 	2081 	2080
f 2504 	2509 	2505
f 2452 	2460 	2506
f 2508 	2504 	2506
f 2507 	2504 	2508
f 2452 	2506 	2504
f 2507 	2509 	2504
f 2510 	2505 	2509
f 2510 	2509 	2512
f 2509 	2507 	2512
f 2508 	2512 	2507
f 2512 	2508 	2462
f 2508 	2506 	2462
f 2460 	2462 	2506
f 2512 	2511 	2510
f 2505 	2513 	2081
f 2081 	2513 	2082
f 2514 	2082 	2513
f 2521 	2522 	2514
f 2514 	2675 	2515
f 2518 	2513 	2517
f 2516 	2513 	2518
f 2505 	2517 	2513
f 2511 	2517 	2505
f 2520 	2513 	2519
f 2516 	2519 	2513
f 2513 	2520 	2514
f 2521 	2514 	2520
f 2675 	2514 	2522
f 2521 	2523 	2522
f 2512 	2523 	2518
f 2512 	2518 	2517
f 2512 	2517 	2511
f 2519 	2516 	2523
f 2518 	2523 	2516
f 2522 	2523 	2678
f 2682 	2678 	2523
f 2523 	2521 	2520
f 2523 	2520 	2519
f 2512 	2706 	2523
f 2181 	2553 	2184
f 2177 	2164 	2524
f 2182 	2524 	2179
f 2186 	2524 	2183
f 2524 	2186 	2185
f 2524 	2185 	2188
f 2524 	2188 	2177
f 2188 	2187 	2177
f 2167 	2177 	2187
f 2525 	2138 	2149
f 2151 	2525 	2149
f 2153 	2525 	2151
f 2164 	2144 	2525
f 2525 	2524 	2164
f 2156 	2526 	2157
f 2157 	2526 	2158
f 2158 	2526 	2527
f 2159 	2155 	2527
f 2158 	2527 	2155
f 2161 	2160 	2527
f 2159 	2527 	2160
f 2530 	2531 	2529
f 2528 	2529 	2531
f 2531 	2530 	2527
f 2161 	2527 	2530
f 2161 	2530 	2162
f 2528 	2531 	2532
f 2531 	2179 	2532
f 2531 	2527 	2180
f 2531 	2180 	2181
f 2531 	2181 	2179
f 2533 	2525 	2153
f 2153 	2152 	2533
f 2154 	2533 	2152
f 2163 	2533 	2154
f 2525 	2533 	2524
f 2162 	2530 	2163
f 2533 	2163 	2530
f 2529 	2533 	2530
f 2533 	2532 	2524
f 2179 	2524 	2532
f 2533 	2529 	2528
f 2533 	2528 	2532
f 1812 	1827 	2534
f 2132 	2534 	2535
f 2534 	2537 	2535
f 2132 	2535 	2133
f 1827 	2536 	2534
f 2536 	1827 	1830
f 2537 	2534 	2536
f 2545 	2537 	2536
f 2535 	2537 	2150
f 2156 	2157 	2537
f 2150 	2537 	2157
f 2535 	2150 	2148
f 1830 	1842 	2538
f 1830 	2538 	2539
f 1830 	2539 	2540
f 2541 	2536 	2540
f 2542 	2536 	2541
f 1830 	2540 	2536
f 2536 	2543 	2544
f 2536 	2544 	2545
f 2546 	2537 	2545
f 2548 	2536 	2547
f 2536 	2542 	2547
f 2536 	2548 	2543
f 2546 	2549 	2537
f 2549 	2550 	2537
f 2550 	2551 	2537
f 2156 	2537 	2551
f 2553 	2181 	2552
f 2554 	2184 	2553
f 2552 	2558 	2553
f 2184 	2554 	2168
f 2554 	2555 	2168
f 2171 	2168 	2555
f 2171 	2556 	2175
f 2171 	2555 	2556
f 2555 	2560 	2561
f 2555 	2561 	2556
f 2558 	2552 	2557
f 2553 	2559 	2554
f 2553 	2558 	2559
f 2554 	2560 	2555
f 2554 	2559 	2560
f 1850 	2640 	2639
f 1850 	2557 	2640
f 1850 	2558 	2557
f 1850 	2559 	2558
f 1850 	2560 	2559
f 1850 	2561 	2560
f 2645 	2562 	2563
f 2562 	1850 	2563
f 2286 	2567 	2267
f 2568 	2269 	2567
f 2280 	1850 	2279
f 1850 	2281 	2279
f 1850 	2282 	2281
f 1850 	2283 	2282
f 1850 	2285 	2283
f 1850 	2286 	2285
f 1850 	2567 	2286
f 1850 	2568 	2567
f 1850 	2569 	2568
f 1850 	2570 	2569
f 1850 	2571 	2570
f 1850 	1846 	2571
f 2573 	2605 	2572
f 2567 	2269 	2267
f 2269 	2568 	2572
f 2568 	2569 	2572
f 2572 	2569 	2573
f 2574 	2573 	2570
f 2569 	2570 	2573
f 2574 	2571 	2575
f 2571 	2574 	2570
f 2571 	1846 	2575
f 2575 	1846 	1859
f 2577 	2576 	2579
f 2576 	2580 	2581
f 2581 	2579 	2576
f 2578 	2580 	2576
f 2580 	2578 	2582
f 2583 	2578 	2586
f 2586 	2578 	2585
f 2210 	2585 	2578
f 2588 	2578 	2587
f 2583 	2587 	2578
f 2594 	2587 	2583
f 2583 	2586 	2594
f 2587 	2594 	2588
f 2589 	2591 	2588
f 2590 	2591 	2589
f 2578 	2588 	2591
f 2578 	2591 	2582
f 2200 	2577 	2592
f 2579 	2592 	2577
f 2581 	2592 	2579
f 2234 	2593 	2584
f 2585 	2584 	2593
f 2585 	2593 	2586
f 2593 	2594 	2586
f 2589 	2588 	2594
f 2597 	2598 	2596
f 2595 	2596 	2598
f 2594 	2598 	2597
f 2590 	2589 	2597
f 2594 	2597 	2589
f 2598 	2603 	2599
f 2598 	2599 	2595
f 2593 	2234 	2250
f 2233 	2250 	2234
f 2250 	2265 	2593
f 2593 	2265 	2594
f 2604 	2598 	2594
f 2600 	2592 	2581
f 2581 	2580 	2600
f 2582 	2600 	2580
f 2591 	2600 	2582
f 2600 	2658 	2592
f 2590 	2597 	2591
f 2600 	2591 	2597
f 2596 	2600 	2597
f 2596 	2595 	2600
f 2599 	2600 	2595
f 2601 	2194 	2190
f 2592 	2601 	2190
f 2601 	2602 	2194
f 2196 	1893 	1818
f 2602 	1893 	2196
f 2592 	2658 	2601
f 2604 	2594 	2265
f 2605 	2598 	2604
f 2572 	2605 	2604
f 2606 	2603 	2605
f 2598 	2605 	2603
f 2605 	2607 	2608
f 2605 	2608 	2606
f 2318 	2313 	2328
f 2328 	2609 	2318
f 2328 	2632 	2609
f 2318 	2609 	2321
f 2321 	2469 	2322
f 2609 	2469 	2321
f 2629 	2630 	2611
f 2195 	2629 	2611
f 2610 	2324 	2327
f 2328 	2631 	2632
f 1973 	2613 	2612
f 2614 	1972 	2612
f 1950 	2315 	1942
f 2316 	2315 	2615
f 1950 	2615 	2315
f 2613 	2616 	2612
f 2613 	2617 	2616
f 2612 	2618 	2614
f 2612 	2616 	2618
f 2614 	2619 	2615
f 2614 	2618 	2619
f 2327 	2326 	2619
f 2615 	2619 	2326
f 2610 	2327 	2619
f 2615 	2326 	2325
f 2615 	2325 	2317
f 2615 	2317 	2316
f 2617 	2143 	2191
f 2616 	2617 	2191
f 2616 	2193 	2618
f 2616 	2191 	2193
f 2618 	2195 	2619
f 2618 	2193 	2195
f 2619 	2611 	2610
f 2195 	2611 	2619
f 2025 	2042 	2620
f 2025 	2620 	2024
f 2027 	2024 	2620
f 2620 	2028 	2026
f 2016 	2015 	2028
f 2015 	2026 	2028
f 2027 	2620 	2026
f 2029 	2028 	2620
f 2391 	2620 	2042
f 2620 	2391 	2394
f 2620 	2394 	2030
f 2620 	2030 	2029
f 2003 	2049 	2048
f 2003 	2621 	2049
f 2003 	2010 	2623
f 2010 	1995 	2623
f 2624 	2621 	2623
f 2623 	2621 	2003
f 2000 	2622 	1997
f 2621 	1998 	2622
f 1997 	2622 	1998
f 1998 	2621 	1996
f 2624 	1996 	2621
f 1965 	1963 	1999
f 2622 	1999 	1963
f 2622 	2000 	1999
f 2624 	1995 	1996
f 1995 	2624 	2623
f 2023 	2409 	2011
f 2409 	2023 	2406
f 2011 	2409 	2625
f 2409 	2628 	2625
f 1995 	2011 	2625
f 1995 	2625 	2613
f 2625 	2617 	2613
f 1995 	2613 	1973
f 2403 	2626 	2406
f 2403 	2406 	2392
f 2403 	2401 	2626
f 2400 	2626 	2401
f 2406 	2626 	2627
f 2409 	2406 	2627
f 2628 	2409 	2627
f 2627 	2142 	2628
f 2617 	2625 	2628
f 2405 	2404 	2140
f 2130 	2140 	2404
f 2140 	2626 	2405
f 2405 	2626 	2400
f 2626 	2140 	2141
f 2627 	2626 	2141
f 2142 	2627 	2141
f 2628 	2143 	2617
f 2628 	2142 	2143
f 2610 	2611 	2630
f 2629 	2206 	2630
f 2610 	2630 	2324
f 2328 	2324 	2631
f 2630 	2631 	2324
f 2632 	2633 	2609
f 2636 	2632 	2631
f 2632 	2637 	2633
f 2636 	2637 	2632
f 2609 	2633 	2469
f 2634 	2630 	2206
f 2202 	2634 	2203
f 2206 	2203 	2634
f 2634 	2635 	2630
f 2630 	2635 	2631
f 2635 	2636 	2631
f 2635 	2362 	2636
f 2212 	2213 	2638
f 2211 	2638 	2213
f 2201 	2638 	2211
f 2201 	2241 	2638
f 2213 	2634 	2211
f 2211 	2634 	2202
f 2634 	2360 	2635
f 2213 	2360 	2634
f 2360 	2362 	2635
f 2362 	2205 	2636
f 2636 	2205 	2637
f 2143 	2197 	2191
f 2143 	2147 	2197
f 2562 	1858 	1850
f 2564 	2563 	1850
f 1850 	2565 	2564
f 1850 	2566 	2565
f 2566 	1850 	2639
f 2641 	2180 	2527
f 2180 	2641 	2644
f 2644 	2641 	2643
f 2180 	2644 	2552
f 2644 	2557 	2552
f 2642 	2639 	2643
f 2643 	2639 	2640
f 2640 	2644 	2643
f 2640 	2557 	2644
f 2648 	2642 	2652
f 2645 	1868 	2562
f 2562 	1868 	1858
f 2563 	2646 	2645
f 2646 	2563 	2564
f 2646 	2564 	2647
f 2648 	2647 	2565
f 2565 	2647 	2564
f 2648 	2565 	2566
f 2648 	2566 	2642
f 2642 	2566 	2639
f 2541 	2649 	2650
f 2548 	2650 	2651
f 2646 	2647 	2650
f 2526 	2551 	2653
f 2550 	2653 	2551
f 2550 	2549 	2653
f 2652 	2653 	2549
f 2526 	2653 	2641
f 2653 	2642 	2643
f 2653 	2643 	2641
f 2526 	2641 	2527
f 1878 	1868 	2645
f 1878 	2645 	2649
f 2649 	2646 	2650
f 2649 	2645 	2646
f 2651 	2650 	2647
f 2651 	2647 	2648
f 2651 	2648 	2652
f 2653 	2652 	2642
f 2551 	2526 	2156
f 2539 	2538 	2649
f 2649 	2538 	1878
f 1842 	1878 	2538
f 2547 	2542 	2650
f 2541 	2650 	2542
f 2649 	2541 	2540
f 2539 	2649 	2540
f 2650 	2548 	2547
f 2651 	2543 	2548
f 2544 	2543 	2651
f 2549 	2546 	2652
f 2545 	2652 	2546
f 2545 	2544 	2652
f 2651 	2652 	2544
f 2092 	2084 	2086
f 2085 	2086 	2103
f 2608 	2607 	2655
f 2654 	2655 	2607
f 2607 	2656 	2657
f 2607 	2657 	2654
f 2269 	2604 	2265
f 2269 	2572 	2604
f 2658 	2667 	2601
f 2599 	2603 	2658
f 2600 	2599 	2658
f 2606 	2658 	2603
f 2608 	2658 	2606
f 2655 	2658 	2608
f 2655 	2654 	2658
f 2657 	2658 	2654
f 2658 	2657 	2667
f 2656 	2667 	2657
f 2659 	2656 	2660
f 2607 	2660 	2656
f 2660 	2661 	2662
f 2660 	2662 	2663
f 2660 	2663 	2659
f 2662 	2661 	2664
f 2661 	1900 	2665
f 2661 	2665 	2666
f 2661 	2666 	2664
f 2665 	1907 	2666
f 2666 	2667 	2664
f 1900 	1899 	2665
f 2605 	2573 	2607
f 2607 	2573 	2574
f 2574 	2660 	2607
f 2574 	2575 	2660
f 2661 	2660 	2575
f 2661 	1859 	1900
f 2575 	1859 	2661
f 2667 	2602 	2601
f 2602 	1907 	1893
f 2667 	1907 	2602
f 2656 	2659 	2667
f 2663 	2667 	2659
f 2667 	2666 	1907
f 1899 	1907 	2665
f 2663 	2662 	2667
f 2662 	2664 	2667
f 2668 	1823 	2669
f 2668 	1816 	1823
f 2671 	1812 	2131
f 2672 	2669 	1823
f 1821 	2672 	1822
f 1822 	2672 	1823
f 2669 	2672 	2673
f 2672 	1880 	1825
f 2669 	2673 	2670
f 2670 	2673 	1811
f 2672 	1825 	2673
f 2673 	1826 	1811
f 1825 	1826 	2673
f 2670 	1811 	2671
f 1812 	2671 	1811
f 1879 	1880 	2674
f 1824 	2674 	1880
f 1820 	2674 	1824
f 1821 	1824 	2672
f 1880 	2672 	1824
f 2515 	2676 	2112
f 2675 	2676 	2515
f 2112 	2676 	2677
f 2492 	2676 	2680
f 2112 	2677 	2114
f 2410 	2114 	2677
f 2679 	2675 	2678
f 2678 	2675 	2522
f 2676 	2675 	2680
f 2680 	2675 	2681
f 2679 	2681 	2675
f 2492 	2494 	2676
f 2498 	2499 	2676
f 2502 	2677 	2676
f 2681 	2679 	2682
f 2678 	2682 	2679
f 2682 	2495 	2680
f 2682 	2680 	2681
f 2523 	2707 	2682
f 2498 	2676 	2494
f 2502 	2676 	2499
f 2502 	2501 	2677
f 2500 	2410 	2677
f 2500 	2677 	2501
f 2493 	2680 	2495
f 2496 	2682 	2503
f 2495 	2682 	2496
f 2503 	2683 	2497
f 2685 	2683 	2684
f 2686 	2683 	2685
f 2503 	2684 	2683
f 2497 	2683 	2687
f 2065 	2497 	2687
f 2688 	2065 	2687
f 2059 	2388 	2038
f 2059 	2688 	2388
f 2720 	2402 	2276
f 2402 	2689 	2277
f 2399 	2277 	2689
f 2399 	2690 	2383
f 2399 	2689 	2690
f 2384 	2383 	2691
f 2723 	2690 	2689
f 2692 	2385 	2384
f 2691 	2692 	2384
f 2692 	2693 	2385
f 2686 	2695 	2683
f 2694 	2683 	2695
f 2697 	2694 	2696
f 2695 	2696 	2694
f 2693 	2698 	2386
f 2683 	2694 	2699
f 2683 	2699 	2687
f 2687 	2699 	2700
f 2699 	2671 	2700
f 2687 	2700 	2688
f 2688 	2395 	2388
f 2688 	2700 	2395
f 2668 	2669 	2702
f 2701 	2702 	2669
f 2710 	1816 	2702
f 2257 	2387 	2698
f 2722 	2723 	2689
f 2690 	2724 	2691
f 2724 	2725 	2691
f 2691 	2725 	2692
f 2693 	2692 	2726
f 2726 	2727 	2693
f 2727 	2280 	2698
f 2698 	2280 	2257
f 2175 	2556 	2703
f 2345 	2703 	2704
f 2669 	2694 	2701
f 2697 	2701 	2694
f 2694 	2670 	2699
f 2694 	2669 	2670
f 2671 	2699 	2670
f 2700 	2671 	2131
f 2700 	2131 	2395
f 2462 	2705 	2512
f 2705 	2462 	2481
f 2705 	2706 	2512
f 2707 	2523 	2706
f 2709 	2706 	2705
f 2682 	2684 	2503
f 2707 	2685 	2684
f 2707 	2684 	2682
f 2481 	2708 	2705
f 2481 	2485 	2708
f 2708 	2709 	2705
f 2706 	2710 	2707
f 2709 	2710 	2706
f 2710 	2697 	2696
f 2710 	2696 	2707
f 2707 	2696 	2695
f 2707 	2695 	2686
f 2707 	2686 	2685
f 2485 	1813 	1814
f 1814 	2708 	2485
f 2708 	1815 	2709
f 1816 	2710 	2709
f 1815 	1816 	2709
f 2710 	2702 	2701
f 2710 	2701 	2697
f 2668 	2702 	1816
f 2469 	2711 	2470
f 2711 	2469 	2633
f 2711 	2712 	2470
f 2470 	2712 	2471
f 2712 	2713 	2471
f 2712 	2717 	2713
f 2714 	2476 	2713
f 2633 	2637 	2715
f 2715 	2711 	2633
f 2711 	2716 	2712
f 2715 	2716 	2711
f 2716 	2717 	2712
f 2717 	2718 	2192
f 2717 	2192 	2713
f 2718 	2717 	2199
f 2718 	2190 	2192
f 2199 	2190 	2718
f 2713 	2192 	2189
f 2713 	2189 	2714
f 2637 	2204 	2715
f 2205 	2204 	2637
f 2204 	2207 	2715
f 2719 	2270 	2346
f 2346 	2704 	2719
f 2720 	2270 	2719
f 2720 	2276 	2270
f 2728 	2703 	2556
f 2729 	2704 	2703
f 2719 	2704 	2730
f 2689 	2402 	2722
f 2402 	2721 	2722
f 2721 	2402 	2720
f 2724 	2690 	2723
f 2692 	2725 	2726
f 2698 	2693 	2727
f 2728 	2556 	2561
f 2703 	2728 	2729
f 2729 	2730 	2704
f 2719 	2731 	2720
f 2719 	2730 	2731
f 2731 	2721 	2720
f 2561 	1850 	2728
f 1850 	2729 	2728
f 1850 	2730 	2729
f 1850 	2731 	2730
f 2731 	1850 	2721
f 1850 	2722 	2721
f 1850 	2723 	2722
f 2724 	2723 	1850
f 1850 	2725 	2724
f 1850 	2726 	2725
f 1850 	2727 	2726
f 1850 	2280 	2727
f 2395 	2732 	2396
f 2395 	2131 	2732
f 2128 	2396 	2732
f 2132 	2732 	2131
f 2732 	2133 	2128
f 2732 	2132 	2133
f 2128 	2397 	2396
f 2129 	2397 	2128
f 2715 	2207 	2716
f 2576 	2716 	2207
f 2716 	2576 	2717
f 2200 	2199 	2717
f 2717 	2576 	2200
f 2577 	2200 	2576
f 2477 	2476 	2124
f 2124 	2714 	2189
f 2477 	2124 	2482
f 2126 	2482 	2124
# 1840 faces

 #end of obj_2

o obj_3
v -10 		3.5 		3.9
v -10 		3.5 		0
v -10 		4 		3.9
v -10 		4 		0
v -10.5 		4 		3.9
v -10.5 		4 		0
v -10.5 		3.5 		3.9
v -10.5 		3.5 		0
# 8 vertices

g group_3_10988977

usemtl color_10988977
s 0

f 2733 	2734 	2735
f 2734 	2736 	2735
f 2737 	2738 	2739
f 2738 	2740 	2739
f 2737 	2739 	2735
f 2739 	2733 	2735
f 2740 	2738 	2734
f 2738 	2736 	2734
f 2739 	2740 	2733
f 2740 	2734 	2733
f 2735 	2736 	2737
f 2736 	2738 	2737
# 12 faces

 #end of obj_3

o obj_4
v -10 		-4 		3.9
v -10 		-4 		0
v -10 		-3.5 		3.9
v -10 		-3.5 		0
v -10.5 		-3.5 		3.9
v -10.5 		-3.5 		0
v -10.5 		-4 		3.9
v -10.5 		-4 		0
# 8 vertices

g group_4_10988977

usemtl color_10988977
s 0

f 2741 	2742 	2743
f 2742 	2744 	2743
f 2745 	2746 	2747
f 2746 	2748 	2747
f 2745 	2747 	2743
f 2747 	2741 	2743
f 2748 	2746 	2742
f 2746 	2744 	2742
f 2747 	2748 	2741
f 2748 	2742 	2741
f 2743 	2744 	2745
f 2744 	2746 	2745
# 12 faces

 #end of obj_4

o obj_5
v 10.5 		-4 		3.9
v 10.5 		-4 		0
v 10.5 		-3.5 		3.9
v 10.5 		-3.5 		0
v 10 		-3.5 		3.9
v 10 		-3.5 		0
v 10 		-4 		3.9
v 10 		-4 		0
# 8 vertices

g group_5_10988977

usemtl color_10988977
s 0

f 2749 	2750 	2751
f 2750 	2752 	2751
f 2753 	2754 	2755
f 2754 	2756 	2755
f 2753 	2755 	2751
f 2755 	2749 	2751
f 2756 	2754 	2750
f 2754 	2752 	2750
f 2755 	2756 	2749
f 2756 	2750 	2749
f 2751 	2752 	2753
f 2752 	2754 	2753
# 12 faces

 #end of obj_5

o obj_6
v 10.5 		3.5 		3.9
v 10.5 		3.5 		0
v 10.5 		4 		3.9
v 10.5 		4 		0
v 10 		4 		3.9
v 10 		4 		0
v 10 		3.5 		3.9
v 10 		3.5 		0
# 8 vertices

g group_6_10988977

usemtl color_10988977
s 0

f 2757 	2758 	2759
f 2758 	2760 	2759
f 2761 	2762 	2763
f 2762 	2764 	2763
f 2761 	2763 	2759
f 2763 	2757 	2759
f 2764 	2762 	2758
f 2762 	2760 	2758
f 2763 	2764 	2757
f 2764 	2758 	2757
f 2759 	2760 	2761
f 2760 	2762 	2761
# 12 faces

 #end of obj_6

o obj_7
v -10.5 		-3.0728 		6.9
v -10.5 		-4.5 		5.6314
v -10.5 		-4.5 		2.9
v -10.5 		4.5 		5.6314
v -10.5 		3.0728 		6.9
v -10.5 		2.7 		2.9
v -10.5 		4.5 		2.9
v -10.5 		-2.7 		2.9
v -10.5 		-2.7 		4.9686
v -10.5 		2.7 		4.9686
v -10.5 		2.3272 		5.3
v -10.5 		-2.3272 		5.3
v -11 		-4.5 		2.9
v -11 		-4.5 		5.6314
v -11 		-3.0728 		6.9
v -11 		3.0728 		6.9
v -11 		4.5 		5.6314
v -11 		4.5 		2.9
v -11 		2.7 		2.9
v -11 		-2.7 		4.9686
v -11 		-2.7 		2.9
v -11 		2.7 		4.9686
v -11 		2.3272 		5.3
v -11 		-2.3272 		5.3
# 24 vertices

g group_7_10988977

usemtl color_10988977
s 0

f 2765 	2766 	2767
f 2768 	2769 	2765
f 2770 	2771 	2768
f 2767 	2772 	2773
f 2774 	2770 	2768
f 2765 	2767 	2773
f 2775 	2774 	2768
f 2765 	2773 	2776
f 2775 	2768 	2765
f 2765 	2776 	2775
f 2777 	2778 	2779
f 2779 	2780 	2781
f 2781 	2782 	2783
f 2784 	2785 	2777
f 2781 	2783 	2786
f 2784 	2777 	2779
f 2781 	2786 	2787
f 2788 	2784 	2779
f 2779 	2781 	2787
f 2787 	2788 	2779
f 2765 	2769 	2779
f 2769 	2780 	2779
f 2769 	2768 	2780
f 2768 	2781 	2780
f 2768 	2771 	2781
f 2771 	2782 	2781
f 2771 	2770 	2782
f 2770 	2783 	2782
f 2770 	2774 	2783
f 2774 	2786 	2783
f 2774 	2775 	2786
f 2775 	2787 	2786
f 2775 	2776 	2787
f 2776 	2788 	2787
f 2776 	2773 	2788
f 2773 	2784 	2788
f 2773 	2772 	2784
f 2772 	2785 	2784
f 2772 	2767 	2785
f 2767 	2777 	2785
f 2767 	2766 	2777
f 2766 	2778 	2777
f 2766 	2765 	2778
f 2765 	2779 	2778
# 44 faces

 #end of obj_7

o obj_8
v 11 		-3.0728 		5.4
v 11 		-4.5 		4.6071
v 11 		-4.5 		2.9
v 11 		4.5 		4.6071
v 11 		3.0728 		5.4
v 11 		2.7 		2.9
v 11 		4.5 		2.9
v 11 		-2.7 		2.9
v 11 		-2.7 		4.1929
v 11 		2.7 		4.1929
v 11 		2.3272 		4.4
v 11 		-2.3272 		4.4
v 10.5 		-4.5 		2.9
v 10.5 		-4.5 		4.6071
v 10.5 		-3.0728 		5.4
v 10.5 		3.0728 		5.4
v 10.5 		4.5 		4.6071
v 10.5 		4.5 		2.9
v 10.5 		2.7 		2.9
v 10.5 		-2.7 		4.1929
v 10.5 		-2.7 		2.9
v 10.5 		2.7 		4.1929
v 10.5 		2.3272 		4.4
v 10.5 		-2.3272 		4.4
# 24 vertices

g group_8_10988977

usemtl color_10988977
s 0

f 2789 	2790 	2791
f 2792 	2793 	2789
f 2794 	2795 	2792
f 2791 	2796 	2797
f 2798 	2794 	2792
f 2789 	2791 	2797
f 2799 	2798 	2792
f 2789 	2797 	2800
f 2799 	2792 	2789
f 2789 	2800 	2799
f 2801 	2802 	2803
f 2803 	2804 	2805
f 2805 	2806 	2807
f 2808 	2809 	2801
f 2805 	2807 	2810
f 2808 	2801 	2803
f 2805 	2810 	2811
f 2812 	2808 	2803
f 2803 	2805 	2811
f 2811 	2812 	2803
f 2789 	2793 	2803
f 2793 	2804 	2803
f 2793 	2792 	2804
f 2792 	2805 	2804
f 2792 	2795 	2805
f 2795 	2806 	2805
f 2795 	2794 	2806
f 2794 	2807 	2806
f 2794 	2798 	2807
f 2798 	2810 	2807
f 2798 	2799 	2810
f 2799 	2811 	2810
f 2799 	2800 	2811
f 2800 	2812 	2811
f 2800 	2797 	2812
f 2797 	2808 	2812
f 2797 	2796 	2808
f 2796 	2809 	2808
f 2796 	2791 	2809
f 2791 	2801 	2809
f 2791 	2790 	2801
f 2790 	2802 	2801
f 2790 	2789 	2802
f 2789 	2803 	2802
# 44 faces

 #end of obj_8

o obj_9
v -5.8549 		1.1643 		4.538
v -5.9275 		0 		4.538
v 2.5 		4.5 		4.675
v 0.2809 		4.4613 		4.675
v -1.9007 		4.3467 		4.675
v -4.0065 		4.1575 		4.675
v 0.2996 		4.4232 		4.538
v 2.5 		4.4613 		4.538
v -1.8628 		4.3096 		4.538
v -3.9509 		4.1218 		4.538
v -5.0211 		3.9821 		4.538
v -5.0506 		3.9978 		4.6006
v -5.0561 		4.0007 		4.6121
v -4.9312 		3.9347 		4.4756
v -5.4305 		2.2494 		4.4033
v -5.6402 		1.1343 		4.4033
v -5.7104 		0 		4.4033
v -5.0854 		2.1516 		4.2733
v -5.286 		1.0851 		4.2733
v -5.3529 		0 		4.2733
v -4.8741 		2.0916 		4.2185
v -4.8319 		2.2403 		4.2198
v -4.8347 		2.2304 		4.2197
v -4.8204 		2.2832 		4.2203
v -4.9403 		1.631 		4.2135
v -4.9454 		1.5988 		4.2133
v -5.0303 		1.068 		4.2096
v -5.0335 		1.0499 		4.2095
v -4.9592 		1.5127 		4.2127
v -5.0569 		0.5002 		4.2069
v -5.067 		0.324 		4.2067
v -5.0857 		0 		4.2064
v -5.0401 		0.8919 		4.2087
v -5.0554 		0.5265 		4.2069
v 2.2104 		1.1646 		4.1545
v 2.5 		1.1745 		4.1545
v 1.9254 		1.1346 		4.1545
v 1.6506 		1.0851 		4.1545
v 1.3905 		1.0173 		4.1545
v 2.5 		0 		4.15
v 1.1491 		0.9319 		4.1545
v 0.9309 		0.8305 		4.1545
v 0.7394 		0.715 		4.1545
v 0.5779 		0.5872 		4.1545
v 0.4498 		0.4496 		4.1545
v 0.3563 		0.3041 		4.1545
v 0.2996 		0.1533 		4.1545
v 0.2809 		0 		4.1545
v 2.5 		2.3292 		4.1679
v 1.9254 		2.3091 		4.1679
v 1.361 		2.2497 		4.1679
v 0.8159 		2.1519 		4.1679
v 0.2996 		2.017 		4.1679
v -1.3108 		1.1646 		4.1679
v -1.5658 		0.8914 		4.1679
v -1.7506 		0.6028 		4.1679
v -1.8628 		0.3041 		4.1679
v -1.9007 		0 		4.1679
v -2.1008 		2.4351 		4.19
v -0.1792 		1.8478 		4.1679
v -0.6116 		1.6469 		4.1679
v -0.9912 		1.418 		4.1679
v -2.6623 		2.0964 		4.19
v -3.1349 		1.7218 		4.19
v -3.5112 		1.3178 		4.19
v -3.7849 		0.8914 		4.19
v -3.9509 		0.4496 		4.19
v -4.0065 		0 		4.19
v -4.8275 		3.8797 		4.4033
v -5.0854 		3.3258 		4.4033
v -4.8274 		3.8796 		4.4033
v -4.6513 		3.7865 		4.3315
v -4.5084 		3.711 		4.2733
v -4.6781 		3.8007 		4.3425
v -4.755 		3.1813 		4.2733
v -4.5083 		3.711 		4.2732
v -4.6175 		3.1208 		4.236
v -4.4139 		3.6609 		4.2467
v -4.4143 		3.6596 		4.2467
v -4.5408 		3.3243 		4.24
v -4.6654 		2.9101 		4.2313
v -4.7027 		2.7592 		4.2286
v 2.5 		4.3467 		4.4033
v 0.3563 		4.3096 		4.4033
v -1.7506 		4.1986 		4.4033
v 1.505 		4 		4.207
v 2.1168 		4.0101 		4.2066
v 1.6506 		3.4143 		4.19
v 2.5 		4.0163 		4.2064
v 2.5 		3.4437 		4.19
v 0.8159 		3.3264 		4.19
v 0.4816 		3.9867 		4.2096
v 0.516 		3.9884 		4.2096
v 1.1549 		3.9959 		4.2079
v 1.4675 		3.9996 		4.2071
v 0.2072 		3.9744 		4.2106
v 2.5 		4.1575 		4.2732
v 0.4498 		4.1218 		4.2732
v -1.8096 		3.876 		4.2203
v 0.0101 		3.1816 		4.19
v -0.5826 		3.9391 		4.2135
v -0.4122 		3.9468 		4.2129
v -1.734 		3.8817 		4.2198
v -1.4526 		3.904 		4.2185
v -0.7532 		3.9322 		4.2145
v -0.7532 		2.9824 		4.19
v -1.461 		2.7323 		4.19
v -1.7465 		3.8807 		4.2199
v -1.5658 		4.0156 		4.2732
v -3.7849 		4.0156 		4.4033
v -2.1943 		3.8494 		4.2239
v -2.6754 		3.8161 		4.2283
v -2.6754 		3.5696 		4.2203
v -3.0002 		3.7937 		4.2313
v -3.6507 		3.7416 		4.2387
v -3.3975 		3.7684 		4.236
v -3.5112 		3.1816 		4.2203
v -3.8654 		3.7189 		4.241
v -4.2445 		2.7392 		4.2203
v -3.5112 		3.8411 		4.2732
v 9.5237 		-3.3691 		5.1091
v 9.5083 		-3.711 		5.0768
v 9.5084 		-3.711 		5.0767
v 9.755 		-3.1813 		5.0767
v 9.4142 		-3.6595 		5.1033
v 9.4137 		-3.661 		5.1033
v 9.5668 		-3.2552 		5.1114
v 9.6175 		-3.1208 		5.114
v 9.7707 		-2.4848 		5.1261
v 9.7077 		-2.7392 		5.1217
v 9.6654 		-2.9102 		5.1187
v 9.6506 		-3.7862 		5.0188
v 7.6754 		-3.5696 		5.1297
v 8.5112 		-3.1816 		5.1297
v 9.2445 		-2.7392 		5.1297
v 7.7161 		-3.8133 		5.1213
v 8.0002 		-3.7937 		5.1187
v 8.7866 		-3.7273 		5.1099
v 8.3975 		-3.7684 		5.114
v 8.5112 		-3.8411 		5.0768
v 4.9899 		-3.1816 		5.16
v 5.7532 		-2.9824 		5.16
v 6.461 		-2.7323 		5.16
v 5.5826 		-3.939 		5.1365
v 5.36 		-3.949 		5.1373
v 5.5233 		-3.9417 		5.1367
v 6.4526 		-3.904 		5.1315
v 6.7166 		-3.883 		5.1303
v 6.734 		-3.8817 		5.1302
v 6.8095 		-3.876 		5.1297
v 6.5658 		-4.0156 		5.0768
v 3.3494 		-3.4143 		5.16
v 2.5 		-3.4437 		5.16
v 4.1841 		-3.3264 		5.16
v 2.5 		-4.0163 		5.1436
v 3.1136 		-4.0063 		5.1432
v 3.495 		-4.0001 		5.143
v 3.4468 		-4.0009 		5.1431
v 4.1868 		-3.9919 		5.1412
v 4.484 		-3.9884 		5.1404
v 4.5184 		-3.9867 		5.1404
v 4.5502 		-4.1218 		5.0768
v 2.5 		-4.1575 		5.0768
v 10.0854 		-2.1516 		5.0767
v 9.8741 		-2.0916 		5.1315
v 9.8319 		-2.2403 		5.1302
v 9.83 		-2.2474 		5.1301
v 9.8205 		-2.2831 		5.1297
v 10.0335 		-1.0499 		5.1405
v 10.286 		-1.0851 		5.0767
v 10.0071 		-1.2137 		5.1394
v 9.9548 		-1.5419 		5.1371
v 10.0303 		-1.068 		5.1404
v 9.9405 		-1.6311 		5.1365
v 9.9274 		-1.7218 		5.1355
v 10.3529 		0 		5.0767
v 10.0544 		-0.5472 		5.143
v 10.0475 		-0.7122 		5.1422
v 10.0857 		0 		5.1436
v 10.0739 		-0.2034 		5.1434
v 10.0553 		-0.5264 		5.1431
v 7.6623 		-2.0964 		5.16
v 8.1349 		-1.7218 		5.16
v 8.5112 		-1.3178 		5.16
v 0.4498 		-4.1218 		5.0768
v 0.516 		-3.9884 		5.1404
v 1.4675 		-3.9996 		5.1429
v 1.1549 		-3.9959 		5.1421
v 2.1168 		-4.0101 		5.1434
v 1.505 		-4 		5.143
v -1.461 		-2.7323 		5.16
v -0.7532 		-2.9824 		5.16
v 0.0101 		-3.1816 		5.16
v -1.7465 		-3.8807 		5.1301
v -1.734 		-3.8817 		5.1302
v -1.8096 		-3.876 		5.1297
v -0.5826 		-3.9391 		5.1365
v -0.7532 		-3.9322 		5.1355
v -1.4526 		-3.904 		5.1315
v -0.4122 		-3.9468 		5.1371
v -1.5658 		-4.0156 		5.0768
v -4.2445 		-2.7392 		5.1297
v -3.5112 		-3.1816 		5.1297
v -2.6754 		-3.5696 		5.1297
v -4.4143 		-3.6596 		5.1033
v -4.4139 		-3.6609 		5.1033
v -3.8654 		-3.7189 		5.109
v -3.6507 		-3.7416 		5.1113
v -3.0002 		-3.7937 		5.1187
v -3.3975 		-3.7684 		5.114
v -2.6754 		-3.8161 		5.1217
v -2.1943 		-3.8494 		5.1261
v -3.5112 		-3.8411 		5.0768
v -4.6654 		-2.9101 		5.1187
v -4.7027 		-2.7592 		5.1214
v -4.5408 		-3.3243 		5.11
v -4.6175 		-3.1208 		5.114
v -4.5083 		-3.711 		5.0768
v -4.5084 		-3.711 		5.0767
v -4.6513 		-3.7865 		5.0185
v -5.0335 		-1.0499 		5.1405
v -5.286 		-1.0851 		5.0767
v -5.0401 		-0.8919 		5.1413
v -5.0554 		-0.5265 		5.1431
v -5.0569 		-0.5002 		5.1431
v -5.067 		-0.324 		5.1433
v -5.0857 		0 		5.1436
v -5.3529 		0 		5.0767
v -4.9454 		-1.5988 		5.1367
v -4.9592 		-1.5127 		5.1373
v -5.0303 		-1.068 		5.1404
v -5.0854 		-2.1516 		5.0767
v -4.8741 		-2.0916 		5.1315
v -4.9403 		-1.631 		5.1365
v -4.8347 		-2.2304 		5.1303
v -4.8204 		-2.2832 		5.1297
v -4.8319 		-2.2403 		5.1302
v 0.2996 		-2.017 		5.1821
v 0.8159 		-2.1519 		5.1821
v 1.361 		-2.2497 		5.1821
v 1.9254 		-2.3091 		5.1821
v 2.5 		-2.3292 		5.1821
v 2.5 		0 		5.2
v 1.3905 		-1.0173 		5.1955
v 1.6506 		-1.0851 		5.1955
v 1.9254 		-1.1346 		5.1955
v 2.2104 		-1.1646 		5.1955
v 2.5 		-1.1745 		5.1955
v -5.286 		1.0851 		5.0767
v -5.0544 		0.5472 		5.143
v -5.0475 		0.7122 		5.1422
v -5.0335 		1.0499 		5.1405
v -5.0739 		0.2034 		5.1434
v -5.0553 		0.5264 		5.1431
v -5.0854 		2.1516 		5.0767
v 2.5 		1.1745 		5.1955
v 2.2104 		1.1646 		5.1955
v 1.9254 		1.1346 		5.1955
v 1.6506 		1.0851 		5.1955
v 1.3905 		1.0173 		5.1955
v 1.1491 		0.9319 		5.1955
v 0.9309 		0.8305 		5.1955
v 0.7394 		0.715 		5.1955
v 0.5779 		0.5872 		5.1955
v 0.4498 		0.4496 		5.1955
v 0.3563 		0.3041 		5.1955
v 0.2996 		0.1533 		5.1955
v 0.2809 		0 		5.1955
v 2.5 		2.3292 		5.1821
v 1.9254 		2.3091 		5.1821
v 1.361 		2.2497 		5.1821
v 0.8159 		2.1519 		5.1821
v 0.2996 		2.017 		5.1821
v 10.0401 		0.8919 		5.1413
v 10.0569 		0.5002 		5.1431
v 10.286 		1.0851 		5.0767
v 10.067 		0.324 		5.1433
v 10.0854 		2.1516 		5.0767
v 9.9454 		1.5988 		5.1367
v 9.9592 		1.5127 		5.1373
v 10.0303 		1.068 		5.1404
v 10.0335 		1.0499 		5.1405
v -1.3108 		1.1646 		5.1821
v 9.8741 		2.0916 		5.1315
v -1.5658 		0.8914 		5.1821
v 9.9403 		1.631 		5.1365
v 9.8347 		2.2304 		5.1303
v 9.8204 		2.2832 		5.1297
v 9.8319 		2.2403 		5.1302
v -1.7506 		0.6028 		5.1821
v -1.8628 		0.3041 		5.1821
v -1.9007 		0 		5.1821
v 10.0554 		0.5265 		5.1431
v -0.1792 		1.8478 		5.1821
v 8.9509 		0.4496 		5.16
v -0.6116 		1.6469 		5.1821
v 9.0065 		0 		5.16
v 8.7849 		0.8914 		5.16
v -0.9912 		1.418 		5.1821
v 8.5112 		1.3178 		5.16
v 8.1349 		1.7218 		5.16
v -2.1008 		2.4351 		5.16
v 7.6623 		2.0964 		5.16
v -2.6623 		2.0964 		5.16
v -3.1349 		1.7218 		5.16
v -3.5112 		1.3178 		5.16
v 6.9007 		0 		5.1821
v 6.8628 		0.3041 		5.1821
v -3.7849 		0.8914 		5.16
v 6.7506 		0.6028 		5.1821
v -3.9509 		0.4496 		5.16
v 6.5658 		0.8914 		5.1821
v -4.0065 		0 		5.16
v 9.0065 		4.1575 		4.675
v 6.3108 		1.1646 		5.1821
v 6.9007 		4.3467 		4.675
v 4.7191 		4.4613 		4.675
v -5.7104 		-2.3289 		4.675
v -5.3529 		-3.4434 		4.675
v -5.0857 		-4.0167 		4.675
v -6 		0 		4.675
v -5.8549 		-1.1643 		4.538
v -5.6402 		-2.3088 		4.538
v -5.286 		-3.4137 		4.538
v -5.0211 		-3.9821 		4.538
v -5.0504 		-3.9979 		4.6003
v -5.0558 		-4.0008 		4.6118
v -4.9148 		-3.9257 		4.464
v -4.9311 		-3.9343 		4.4753
v -4.0065 		-4.1575 		4.675
v -1.9007 		-4.3467 		4.675
v 0.2809 		-4.4613 		4.675
v 2.5 		-4.5 		4.675
v -3.9509 		-4.1218 		4.538
v -1.8628 		-4.3096 		4.538
v 0.2996 		-4.4232 		4.538
v 2.5 		-4.4613 		4.538
v -5.0854 		-3.3258 		4.4033
v -4.8275 		-3.8797 		4.4033
v -4.755 		-3.1813 		4.2733
v -4.8274 		-3.8796 		4.4033
v -4.6506 		-3.7862 		4.3312
v -4.6775 		-3.8004 		4.3422
v -4.5084 		-3.711 		4.2733
v -4.6175 		-3.1208 		4.236
v -4.7707 		-2.4848 		4.2239
v -4.7077 		-2.7392 		4.2283
v -4.6654 		-2.9102 		4.2313
v -4.5668 		-3.2552 		4.2386
v -4.5237 		-3.3691 		4.2409
v -4.4142 		-3.6595 		4.2467
v -4.4137 		-3.661 		4.2467
v -4.5083 		-3.711 		4.2732
v -1.7506 		-4.1986 		4.4033
v 0.3563 		-4.3096 		4.4033
v 2.5 		-4.3467 		4.4033
v 0.4816 		-3.9867 		4.2096
v 0.8159 		-3.3264 		4.19
v 0.8132 		-3.9919 		4.2088
v 0.516 		-3.9884 		4.2096
v 1.6506 		-3.4143 		4.19
v 1.505 		-4.0001 		4.207
v 1.8864 		-4.0063 		4.2068
v 1.5532 		-4.0009 		4.2069
v 2.5 		-3.4437 		4.19
v 2.5 		-4.0163 		4.2064
v 0.4498 		-4.1218 		4.2732
v 2.5 		-4.1575 		4.2732
v -1.8095 		-3.876 		4.2203
v -1.461 		-2.7323 		4.19
v -0.7532 		-2.9824 		4.19
v -1.734 		-3.8817 		4.2198
v -1.7166 		-3.883 		4.2197
v 0.0101 		-3.1816 		4.19
v -0.5826 		-3.939 		4.2135
v -1.4526 		-3.904 		4.2185
v -0.36 		-3.949 		4.2127
v -0.5233 		-3.9417 		4.2133
v 10.0558 		4.0008 		4.6118
v 8.9509 		4.1218 		4.538
v 4.7191 		-4.4613 		4.675
v 10.0504 		3.9979 		4.6003
v 6.9007 		-4.3467 		4.675
v 6.8628 		4.3096 		4.538
v 9.0065 		-4.1575 		4.675
v 4.7004 		4.4232 		4.538
v 4.7004 		-4.4232 		4.538
v 6.8628 		-4.3096 		4.538
v 9.9311 		3.9343 		4.4753
v 9.9148 		3.9257 		4.464
v 8.9509 		-4.1218 		4.538
v 10.0211 		-3.9821 		4.538
v 10.0506 		-3.9978 		4.6006
v 10.6402 		1.1343 		4.4033
v 10.7104 		0 		4.4033
v 10.0561 		-4.0007 		4.6121
v 10.4305 		2.2494 		4.4033
v 10.286 		1.0851 		4.2733
v 10.3529 		0 		4.2733
v 10.0854 		2.1516 		4.2733
v 9.9312 		-3.9347 		4.4756
v 9.8275 		-3.8797 		4.4033
v 10.0854 		-3.3258 		4.4033
v 9.8274 		-3.8796 		4.4033
v 10.0857 		0 		4.2064
v 10.0739 		0.2034 		4.2066
v 10.0553 		0.5264 		4.2069
v 10.0544 		0.5472 		4.207
v 9.6513 		-3.7865 		4.3315
v 9.5084 		-3.711 		4.2733
v 9.6781 		-3.8007 		4.3425
v 9.755 		-3.1813 		4.2733
v 9.5083 		-3.711 		4.2732
v 10.0475 		0.7122 		4.2078
v 10.0335 		1.0499 		4.2095
v 9.9548 		1.5419 		4.2129
v 9.9405 		1.6311 		4.2135
v 9.9274 		1.7218 		4.2145
v 9.8741 		2.0916 		4.2185
v 10.0303 		1.068 		4.2096
v 10.0071 		1.2137 		4.2106
v 9.8319 		2.2403 		4.2198
v 9.83 		2.2474 		4.2199
v 9.8205 		2.2831 		4.2203
v 9.6175 		-3.1208 		4.236
v 9.4139 		-3.6609 		4.2467
v 9.4143 		-3.6596 		4.2467
v 9.5408 		-3.3243 		4.24
v 9.6654 		-2.9101 		4.2313
v 9.7027 		-2.7592 		4.2286
v 8.7849 		-4.0156 		4.4033
v 8.9509 		0.4496 		4.19
v 9.0065 		0 		4.19
v 8.7849 		0.8914 		4.19
v 8.5112 		1.3178 		4.19
v 7.1943 		-3.8494 		4.2239
v 7.6754 		-3.8161 		4.2283
v 7.6754 		-3.5696 		4.2203
v 8.1349 		1.7218 		4.19
v 7.6623 		2.0964 		4.19
v 8.0002 		-3.7937 		4.2313
v 8.6507 		-3.7416 		4.2387
v 8.3975 		-3.7684 		4.236
v 8.5112 		-3.1816 		4.2203
v 8.8654 		-3.7189 		4.241
v 9.2445 		-2.7392 		4.2203
v 6.9007 		0 		4.1679
v 6.8628 		0.3041 		4.1679
v 6.7506 		0.6028 		4.1679
v 8.5112 		-3.8411 		4.2732
v 6.5658 		0.8914 		4.1679
v 6.3108 		1.1646 		4.1679
v 4.6437 		-4.3096 		4.4033
v 6.7506 		-4.1986 		4.4033
v 7.1008 		2.4351 		4.19
v 5.9912 		1.418 		4.1679
v 5.6116 		1.6469 		4.1679
v 6.8096 		-3.876 		4.2203
v 5.1792 		1.8478 		4.1679
v 4.9899 		-3.1816 		4.19
v 5.5826 		-3.9391 		4.2135
v 5.4122 		-3.9468 		4.2129
v 6.734 		-3.8817 		4.2198
v 6.4526 		-3.904 		4.2185
v 5.7532 		-3.9322 		4.2145
v 5.7532 		-2.9824 		4.19
v 6.461 		-2.7323 		4.19
v 6.7465 		-3.8807 		4.2199
v 4.7004 		0.1533 		4.1545
v 4.7191 		0 		4.1545
v 4.6437 		0.3041 		4.1545
v 4.5502 		0.4496 		4.1545
v 4.4221 		0.5872 		4.1545
v 6.5658 		-4.0156 		4.2732
v 4.2606 		0.715 		4.1545
v 4.0691 		0.8305 		4.1545
v 8.7849 		-0.8914 		5.16
v 8.9509 		-0.4496 		5.16
v 5.1792 		-1.8478 		5.1821
v 5.6116 		-1.6469 		5.1821
v 5.9912 		-1.418 		5.1821
v 7.1008 		-2.4351 		5.16
v 6.3108 		-1.1646 		5.1821
v 6.5658 		-0.8914 		5.1821
v 6.7506 		-0.6028 		5.1821
v 6.8628 		-0.3041 		5.1821
v 3.0746 		-2.3091 		5.1821
v 3.639 		-2.2497 		5.1821
v 4.1841 		-2.1519 		5.1821
v 4.7004 		-2.017 		5.1821
v 3.8509 		-0.9319 		5.1955
v 4.0691 		-0.8305 		5.1955
v 4.2606 		-0.715 		5.1955
v 4.4221 		-0.5872 		5.1955
v 4.5502 		-0.4496 		5.1955
v 4.6437 		-0.3041 		5.1955
v 4.7004 		-0.1533 		5.1955
v 4.7191 		0 		5.1955
v 2.7896 		-1.1646 		5.1955
v 3.0746 		-1.1346 		5.1955
v 3.3494 		-1.0851 		5.1955
v 3.6095 		-1.0173 		5.1955
v 10.0854 		-3.3258 		4.9467
v 5.9912 		1.418 		5.1821
v 9.6775 		-3.8004 		5.0078
v 9.8274 		-3.8796 		4.9467
v 9.8275 		-3.8797 		4.9467
v 10.4305 		-2.2494 		4.9467
v 5.6116 		1.6469 		5.1821
v 5.1792 		1.8478 		5.1821
v 10.6402 		-1.1343 		4.9467
v 10.7104 		0 		4.9467
v 7.1008 		2.4351 		5.16
v 10.286 		-3.4137 		4.812
v 9.9148 		-3.9257 		4.886
v 9.9311 		-3.9343 		4.8747
v 10.0211 		-3.9821 		4.812
v 10.6402 		-2.3088 		4.812
v 0.2996 		-0.1533 		5.1955
v 0.3563 		-0.3041 		5.1955
v 0.4498 		-0.4496 		5.1955
v 0.5779 		-0.5872 		5.1955
v 0.7394 		-0.715 		5.1955
v 0.9309 		-0.8305 		5.1955
v 1.1491 		-0.9319 		5.1955
v 4.7004 		0.1533 		5.1955
v 4.6437 		0.3041 		5.1955
v 4.5502 		0.4496 		5.1955
v 4.4221 		0.5872 		5.1955
v 4.2606 		0.715 		5.1955
v 4.0691 		0.8305 		5.1955
v 3.8509 		0.9319 		5.1955
v 3.495 		-4 		4.207
v 2.8832 		-4.0101 		4.2066
v 3.3494 		-3.4143 		4.19
v 4.1841 		-3.3264 		4.19
v 4.5184 		-3.9867 		4.2096
v -0.9912 		-1.418 		5.1821
v 4.484 		-3.9884 		4.2096
v 3.8451 		-3.9959 		4.2079
v 3.5325 		-3.9996 		4.2071
v -0.6116 		-1.6469 		5.1821
v 4.7928 		-3.9744 		4.2106
v -0.1792 		-1.8478 		5.1821
v -2.1008 		-2.4351 		5.16
v 4.5502 		-4.1218 		4.2732
v -1.8628 		-0.3041 		5.1821
v -1.7506 		-0.6028 		5.1821
v -1.5658 		-0.8914 		5.1821
v 10.4305 		-2.2494 		4.4033
v -1.3108 		-1.1646 		5.1821
v 10.6402 		-1.1343 		4.4033
v 10.0854 		-2.1516 		4.2733
v 10.286 		-1.0851 		4.2733
v 9.8741 		-2.0916 		4.2185
v -3.9509 		-0.4496 		5.16
v 9.8319 		-2.2403 		4.2198
v 9.8347 		-2.2304 		4.2197
v 9.8204 		-2.2832 		4.2203
v 9.9403 		-1.631 		4.2135
v 9.9454 		-1.5988 		4.2133
v -3.7849 		-0.8914 		5.16
v 10.0303 		-1.068 		4.2096
v 10.0335 		-1.0499 		4.2095
v 9.9592 		-1.5127 		4.2127
v 10.0569 		-0.5002 		4.2069
v 10.067 		-0.324 		4.2067
v -3.5112 		-1.3178 		5.16
v 10.0401 		-0.8919 		4.2087
v 10.0554 		-0.5265 		4.2069
v -3.1349 		-1.7218 		5.16
v -2.6623 		-2.0964 		5.16
v 7.6623 		-2.0964 		4.19
v 8.1349 		-1.7218 		4.19
v 8.5112 		-1.3178 		4.19
v 8.7849 		-0.8914 		4.19
v 8.9509 		-0.4496 		4.19
v -5.7104 		0 		4.9467
v -5.6402 		-1.1343 		4.9467
v -5.4305 		-2.2494 		4.9467
v -5.0854 		-3.3258 		4.9467
v -4.8275 		-3.8797 		4.9467
v -4.8274 		-3.8796 		4.9467
v -4.6781 		-3.8007 		5.0075
v -5.9275 		0 		4.812
v -5.8549 		-1.1643 		4.812
v -5.6402 		-2.3088 		4.812
v -5.286 		-3.4137 		4.812
v 7.1008 		-2.4351 		4.19
v -5.0211 		-3.9821 		4.812
v -4.9312 		-3.9347 		4.8744
v 5.1792 		-1.8478 		4.1679
v -4.9149 		-3.9261 		4.8858
v -5.0561 		-4.0007 		4.7379
v -5.0506 		-3.9978 		4.7494
v -3.7849 		-4.0156 		4.9467
v -4.83 		2.2474 		5.1301
v -4.8319 		2.2403 		5.1302
v -1.7506 		-4.1986 		4.9467
v -4.8205 		2.2831 		5.1297
v 3.6095 		1.0173 		5.1955
v 3.3494 		1.0851 		5.1955
v 3.0746 		1.1346 		5.1955
v 2.7896 		1.1646 		5.1955
v 4.7004 		2.017 		5.1821
v 4.1841 		2.1519 		5.1821
v 3.639 		2.2497 		5.1821
v 3.0746 		2.3091 		5.1821
v 9.755 		3.1813 		5.0767
v 9.7027 		2.7592 		5.1214
v 9.6175 		3.1208 		5.114
v 9.6654 		2.9101 		5.1187
v 9.5084 		3.711 		5.0767
v 9.5083 		3.711 		5.0768
v 9.5408 		3.3243 		5.11
v 9.4139 		3.6609 		5.1033
v 9.4143 		3.6596 		5.1033
v 9.6513 		3.7865 		5.0185
v 9.2445 		2.7392 		5.1297
v 8.5112 		3.1816 		5.1297
v 7.6754 		3.5696 		5.1297
v 8.8654 		3.7189 		5.109
v 8.6507 		3.7416 		5.1113
v 8.0002 		3.7937 		5.1187
v 8.3975 		3.7684 		5.114
v 7.6754 		3.8161 		5.1217
v 7.1943 		3.8494 		5.1261
v 8.5112 		3.8411 		5.0768
v 6.461 		2.7323 		5.16
v 5.7532 		2.9824 		5.16
v 4.9899 		3.1816 		5.16
v 6.7465 		3.8807 		5.1301
v 6.734 		3.8817 		5.1302
v 6.8096 		3.876 		5.1297
v 5.5826 		3.9391 		5.1365
v 5.7532 		3.9322 		5.1355
v 6.4526 		3.904 		5.1315
v 5.4122 		3.9468 		5.1371
v 6.5658 		4.0156 		5.0768
v 4.1841 		3.3264 		5.16
v 3.3494 		3.4143 		5.16
v 2.5 		3.4437 		5.16
v 4.7928 		3.9744 		5.1394
v 4.5184 		3.9867 		5.1404
v 3.8451 		3.9959 		5.1421
v 3.5325 		3.9996 		5.1429
v 3.495 		4 		5.143
v 4.484 		3.9884 		5.1404
v 2.8832 		4.0101 		5.1434
v 2.5 		4.0163 		5.1436
v 4.5502 		4.1218 		5.0768
v 2.5 		4.1575 		5.0768
v 10.6402 		1.1343 		4.9467
v 10.4305 		2.2494 		4.9467
v 10.0854 		3.3258 		4.9467
v 9.8275 		3.8797 		4.9467
v 9.8274 		3.8796 		4.9467
v 9.6781 		3.8007 		5.0075
v 10.9275 		0 		4.812
v 10.8549 		1.1643 		4.812
v 10.6402 		2.3088 		4.812
v 10.286 		3.4137 		4.812
v 10.0211 		3.9821 		4.812
v 9.9312 		3.9347 		4.8744
v 9.9149 		3.9261 		4.8858
v 10.0561 		4.0007 		4.7379
v 10.0506 		3.9978 		4.7494
v 8.7849 		4.0156 		4.9467
v 6.7506 		4.1986 		4.9467
v 4.6437 		4.3096 		4.9467
v 2.5 		4.3467 		4.9467
v 8.9509 		4.1218 		4.812
v 6.8628 		4.3096 		4.812
v 4.7004 		4.4232 		4.812
v 2.5 		4.4613 		4.812
v -4.8741 		2.0916 		5.1315
v -5.0071 		1.2137 		5.1394
v -4.9548 		1.5419 		5.1371
v -5.0303 		1.068 		5.1404
v -4.9405 		1.6311 		5.1365
v -4.9274 		1.7218 		5.1355
v -4.4142 		3.6595 		5.1033
v -4.4137 		3.661 		5.1033
v -4.5237 		3.3691 		5.1091
v -4.5083 		3.711 		5.0768
v -4.5084 		3.711 		5.0767
v -4.755 		3.1813 		5.0767
v -4.5668 		3.2552 		5.1114
v -4.6175 		3.1208 		5.114
v -4.7707 		2.4848 		5.1261
v -4.7077 		2.7392 		5.1217
v -4.6654 		2.9102 		5.1187
v -4.6506 		3.7862 		5.0188
v 1.6506 		3.4143 		5.16
v 0.8159 		3.3264 		5.16
v 1.8864 		4.0063 		5.1432
v 1.505 		4.0001 		5.143
v 1.5532 		4.0009 		5.1431
v 0.8132 		3.9919 		5.1412
v 0.516 		3.9884 		5.1404
v 0.4816 		3.9867 		5.1404
v 0.4498 		4.1218 		5.0768
v 0.0101 		3.1816 		5.16
v -0.7532 		2.9824 		5.16
v -1.461 		2.7323 		5.16
v -0.5826 		3.939 		5.1365
v -0.36 		3.949 		5.1373
v -0.5233 		3.9417 		5.1367
v -1.4526 		3.904 		5.1315
v -1.7166 		3.883 		5.1303
v -1.734 		3.8817 		5.1302
v -1.8095 		3.876 		5.1297
v -1.5658 		4.0156 		5.0768
v -1.5658 		-4.0156 		4.2732
v -3.7849 		-4.0156 		4.4033
v -4.2445 		-2.7392 		4.2203
v -3.5112 		-3.1816 		4.2203
v -3.0002 		-3.7937 		4.2313
v -3.3975 		-3.7684 		4.236
v -3.7866 		-3.7273 		4.2401
v -2.6754 		-3.5696 		4.2203
v -2.7161 		-3.8133 		4.2287
v -3.5112 		-3.8411 		4.2732
v -5.6402 		-1.1343 		4.4033
v -5.4305 		-2.2494 		4.4033
v -5.286 		-1.0851 		4.2733
v -5.0854 		-2.1516 		4.2733
v -5.0739 		-0.2034 		4.2066
v -5.0553 		-0.5264 		4.2069
v -5.0544 		-0.5472 		4.207
v -5.0475 		-0.7122 		4.2078
v -5.0335 		-1.0499 		4.2095
v -4.9548 		-1.5419 		4.2129
v -4.9405 		-1.6311 		4.2135
v -4.9274 		-1.7218 		4.2145
v -4.8741 		-2.0916 		4.2185
v -5.0303 		-1.068 		4.2096
v -5.0071 		-1.2137 		4.2106
v -4.8319 		-2.2403 		4.2198
v -4.83 		-2.2474 		4.2199
v -4.8205 		-2.2831 		4.2203
v 0.2996 		-2.017 		4.1679
v 0.8159 		-2.1519 		4.1679
v 1.361 		-2.2497 		4.1679
v 1.9254 		-2.3091 		4.1679
v 2.5 		-2.3292 		4.1679
v 1.3905 		-1.0173 		4.1545
v 1.6506 		-1.0851 		4.1545
v 1.9254 		-1.1346 		4.1545
v 2.2104 		-1.1646 		4.1545
v 2.5 		-1.1745 		4.1545
v 0.2996 		-0.1533 		4.1545
v 0.3563 		-0.3041 		4.1545
v 0.4498 		-0.4496 		4.1545
v 0.5779 		-0.5872 		4.1545
v 0.7394 		-0.715 		4.1545
v 3.8509 		0.9319 		4.1545
v 3.6095 		1.0173 		4.1545
v 3.3494 		1.0851 		4.1545
v 3.0746 		1.1346 		4.1545
v 2.7896 		1.1646 		4.1545
v 4.7004 		2.017 		4.1679
v 4.1841 		2.1519 		4.1679
v 3.639 		2.2497 		4.1679
v 3.0746 		2.3091 		4.1679
v 10.0854 		3.3258 		4.4033
v 9.8275 		3.8797 		4.4033
v 9.755 		3.1813 		4.2733
v 9.8274 		3.8796 		4.4033
v 9.6506 		3.7862 		4.3312
v 9.6775 		3.8004 		4.3422
v 9.5084 		3.711 		4.2733
v 9.6175 		3.1208 		4.236
v 9.7707 		2.4848 		4.2239
v 9.7077 		2.7392 		4.2283
v 9.6654 		2.9102 		4.2313
v 9.5668 		3.2552 		4.2386
v 9.5237 		3.3691 		4.2409
v 9.4142 		3.6595 		4.2467
v 9.4137 		3.661 		4.2467
v 9.5083 		3.711 		4.2732
v 8.7849 		4.0156 		4.4033
v 9.2445 		2.7392 		4.2203
v 8.5112 		3.1816 		4.2203
v 8.0002 		3.7937 		4.2313
v 8.3975 		3.7684 		4.236
v 8.7866 		3.7273 		4.2401
v 7.6754 		3.5696 		4.2203
v 7.7161 		3.8133 		4.2287
v 8.5112 		3.8411 		4.2732
v 6.7506 		4.1986 		4.4033
v 4.6437 		4.3096 		4.4033
v 6.8095 		3.876 		4.2203
v 6.461 		2.7323 		4.19
v 5.7532 		2.9824 		4.19
v 6.734 		3.8817 		4.2198
v 4.9899 		3.1816 		4.19
v 6.7166 		3.883 		4.2197
v 10.8549 		-1.1643 		4.812
v 10.0504 		-3.9979 		4.7497
v 10.0558 		-4.0008 		4.7382
v 4.6437 		-4.3096 		4.9467
v 2.5 		-4.3467 		4.9467
v 6.7506 		-4.1986 		4.9467
v 8.7849 		-4.0156 		4.9467
v 4.7004 		-4.4232 		4.812
v 2.5 		-4.4613 		4.812
v 6.8628 		-4.3096 		4.812
v 8.9509 		-4.1218 		4.812
v -4.755 		-3.1813 		5.0767
v 0.8159 		-3.3264 		5.16
v 1.6506 		-3.4143 		5.16
v 0.2072 		-3.9744 		5.1394
v 0.4816 		-3.9867 		5.1404
v 0.3563 		-4.3096 		4.9467
v -3.9509 		-4.1218 		4.812
v -1.8628 		-4.3096 		4.812
v 0.2996 		-4.4232 		4.812
v 10.0857 		-4.0167 		4.675
v 10.3529 		-3.4434 		4.675
v 10.7104 		-2.3289 		4.675
v 10.9275 		-1.1745 		4.675
v 11 		0 		4.675
v 10.286 		-3.4137 		4.538
v 10.6402 		-2.3088 		4.538
v 10.8549 		-1.1643 		4.538
v 10.9275 		0 		4.538
v 9.9149 		-3.9261 		4.4642
v 0.9309 		-0.8305 		4.1545
v 1.1491 		-0.9319 		4.1545
v -2.1008 		-2.4351 		4.19
v -0.9912 		-1.418 		4.1679
v -0.6116 		-1.6469 		4.1679
v -0.1792 		-1.8478 		4.1679
v -1.8628 		-0.3041 		4.1679
v -1.7506 		-0.6028 		4.1679
v -1.5658 		-0.8914 		4.1679
v -1.3108 		-1.1646 		4.1679
v -3.9509 		-0.4496 		4.19
v -3.7849 		-0.8914 		4.19
v -3.5112 		-1.3178 		4.19
v -3.1349 		-1.7218 		4.19
v -2.6623 		-2.0964 		4.19
v 5.5826 		3.939 		4.2135
v 6.4526 		3.904 		4.2185
v 5.36 		3.949 		4.2127
v 5.5233 		3.9417 		4.2133
v 6.5658 		4.0156 		4.2732
v 4.5184 		3.9867 		4.2096
v 4.1841 		3.3264 		4.19
v 3.3494 		3.4143 		4.19
v 4.1868 		3.9919 		4.2088
v 4.484 		3.9884 		4.2096
v 3.495 		4.0001 		4.207
v 3.1136 		4.0063 		4.2068
v 3.4468 		4.0009 		4.2069
v 4.5502 		4.1218 		4.2732
v -5.0857 		4.0167 		4.675
v -5.3529 		3.4434 		4.675
v -5.7104 		2.3289 		4.675
v -5.9275 		1.1745 		4.675
v -5.286 		3.4137 		4.538
v -5.6402 		2.3088 		4.538
v -4.9149 		3.9261 		4.4642
v -2.6754 		3.5696 		5.1297
v -3.5112 		3.1816 		5.1297
v -4.2445 		2.7392 		5.1297
v -2.7161 		3.8133 		5.1213
v -3.0002 		3.7937 		5.1187
v -3.7866 		3.7273 		5.1099
v -3.3975 		3.7684 		5.114
v -3.5112 		3.8411 		5.0768
v -5.0854 		3.3258 		4.9467
v -4.6775 		3.8004 		5.0078
v -4.8274 		3.8796 		4.9467
v -4.8275 		3.8797 		4.9467
v -5.4305 		2.2494 		4.9467
v -5.6402 		1.1343 		4.9467
v 5.6116 		-1.6469 		4.1679
v 5.9912 		-1.418 		4.1679
v 6.3108 		-1.1646 		4.1679
v 6.5658 		-0.8914 		4.1679
v 6.7506 		-0.6028 		4.1679
v -5.286 		3.4137 		4.812
v -4.9148 		3.9257 		4.886
v -4.9311 		3.9343 		4.8747
v -5.0211 		3.9821 		4.812
v 6.8628 		-0.3041 		4.1679
v -5.6402 		2.3088 		4.812
v -5.8549 		1.1643 		4.812
v -5.0504 		3.9979 		4.7497
v -5.0558 		4.0008 		4.7382
v 3.0746 		-2.3091 		4.1679
v 3.639 		-2.2497 		4.1679
v 0.3563 		4.3096 		4.9467
v -1.7506 		4.1986 		4.9467
v -3.7849 		4.0156 		4.9467
v 0.2996 		4.4232 		4.812
v -1.8628 		4.3096 		4.812
v -3.9509 		4.1218 		4.812
v 10.9275 		1.1745 		4.675
v 10.7104 		2.3289 		4.675
v 10.3529 		3.4434 		4.675
v 10.0857 		4.0167 		4.675
v 10.8549 		1.1643 		4.538
v 10.6402 		2.3088 		4.538
v 10.286 		3.4137 		4.538
v 10.0211 		3.9821 		4.538
v 4.1841 		-2.1519 		4.1679
v 4.7004 		-2.017 		4.1679
v 3.8509 		-0.9319 		4.1545
v 4.0691 		-0.8305 		4.1545
v 4.2606 		-0.715 		4.1545
v 4.4221 		-0.5872 		4.1545
v 4.5502 		-0.4496 		4.1545
v 4.6437 		-0.3041 		4.1545
v 4.7004 		-0.1533 		4.1545
v 2.7896 		-1.1646 		4.1545
v 3.0746 		-1.1346 		4.1545
v 3.3494 		-1.0851 		4.1545
v 3.6095 		-1.0173 		4.1545
v -5.9275 		-1.1745 		4.675
# 922 vertices

g group_9_7720667

usemtl color_7720667
s 0

f 2816 	2817 	3710
f 2815 	2819 	2816
f 2819 	2815 	2820
f 2819 	2821 	2816
f 2816 	2821 	2817
f 2821 	2822 	2817
f 2817 	2822 	2818
f 2822 	2823 	2824
f 2822 	2824 	2818
f 2818 	2824 	2825
f 2897 	2821 	2819
f 2821 	2897 	2922
f 2821 	2922 	2822
f 2822 	2826 	2823
f 2813 	2828 	2829
f 2828 	2831 	2832
f 2828 	2832 	2829
f 2813 	2829 	2814
f 2827 	2831 	2828
f 2831 	2827 	2830
f 2831 	2842 	2832
f 2840 	2845 	2831
f 2835 	2830 	2834
f 2834 	2830 	2836
f 2833 	2830 	2835
f 2830 	2833 	2837
f 2830 	2837 	2838
f 2840 	2831 	2839
f 2841 	2831 	2838
f 2839 	2831 	2841
f 2830 	2838 	2831
f 2843 	2832 	2842
f 2844 	2832 	2843
f 2845 	2846 	2831
f 2842 	2831 	2846
f 2847 	2848 	2852
f 2852 	2849 	2847
f 2852 	2850 	2849
f 2852 	2851 	2850
f 2852 	2853 	2851
f 2852 	2855 	2854
f 2869 	2859 	2860
f 2852 	2860 	2859
f 2854 	2853 	2852
f 2852 	2856 	2855
f 2856 	2852 	2857
f 2858 	2857 	2852
f 2859 	2858 	2852
f 2862 	2861 	2847
f 2861 	2848 	2847
f 2847 	2849 	2862
f 2863 	2862 	2849
f 2849 	2850 	2863
f 2864 	2863 	2850
f 2865 	2864 	2851
f 2850 	2851 	2864
f 2851 	2853 	2865
f 2867 	2858 	2868
f 2866 	2856 	2857
f 2857 	2867 	2866
f 2858 	2867 	2857
f 2868 	2859 	2869
f 2868 	2858 	2859
f 2860 	2870 	2869
f 2873 	2874 	2871
f 2874 	2856 	2866
f 2855 	2856 	2874
f 2865 	2853 	2872
f 2872 	2854 	2873
f 2853 	2854 	2872
f 2854 	2855 	2873
f 2873 	2855 	2874
f 2877 	2835 	2876
f 2876 	2867 	2877
f 2878 	2869 	2879
f 2874 	2875 	2871
f 2874 	2866 	2875
f 2875 	2866 	2876
f 2867 	2876 	2866
f 2877 	2867 	2868
f 2868 	2878 	2877
f 2869 	2878 	2868
f 2880 	2879 	2870
f 2879 	2869 	2870
f 2876 	2834 	2836
f 2931 	2876 	2836
f 2834 	2876 	2835
f 2837 	2833 	2877
f 2835 	2877 	2833
f 2841 	2878 	2839
f 2878 	2841 	2877
f 2841 	2838 	2877
f 2837 	2877 	2838
f 2879 	2845 	2878
f 2845 	2840 	2878
f 2839 	2878 	2840
f 2845 	2879 	2846
f 2880 	2843 	2879
f 2843 	2842 	2879
f 2846 	2879 	2842
f 2843 	2880 	2844
f 2881 	2883 	2882
f 3676 	2922 	2881
f 2885 	2887 	2884
f 2886 	2884 	2887
f 2885 	2888 	2887
f 2885 	2884 	2932
f 2887 	2882 	2886
f 2883 	2886 	2882
f 2882 	2830 	2827
f 2882 	2887 	2830
f 2888 	2890 	2891
f 2888 	2891 	2892
f 2889 	2887 	2892
f 2888 	2892 	2887
f 2887 	2889 	2893
f 2887 	2893 	2894
f 2836 	2830 	2894
f 2887 	2894 	2830
f 2896 	2820 	2895
f 2820 	2896 	2819
f 2896 	2897 	2819
f 2896 	2895 	2910
f 2921 	2896 	2910
f 2896 	2921 	2897
f 2898 	2899 	2900
f 2899 	2901 	2902
f 2899 	2902 	2900
f 2906 	2903 	2905
f 2904 	2905 	2903
f 2900 	2903 	2906
f 2900 	2906 	2907
f 2900 	2907 	2898
f 2903 	2908 	2904
f 2908 	2910 	2904
f 2902 	2861 	2862
f 2902 	2862 	2900
f 2900 	2863 	2903
f 2862 	2863 	2900
f 2912 	2903 	2864
f 2864 	2903 	2863
f 2864 	2865 	2912
f 2909 	2910 	2895
f 2906 	2910 	2907
f 2899 	2898 	2909
f 2907 	2909 	2898
f 2901 	2899 	2909
f 2905 	2910 	2906
f 2909 	2907 	2910
f 2905 	2904 	2910
f 2903 	2912 	2908
f 2913 	2914 	2912
f 2914 	2908 	2912
f 2917 	2918 	2916
f 2915 	2916 	2918
f 2917 	2913 	2918
f 2912 	2918 	2913
f 2920 	2919 	2911
f 2920 	2915 	2919
f 2918 	2919 	2915
f 2919 	2873 	2871
f 2918 	2912 	2865
f 2919 	2918 	2872
f 2865 	2872 	2918
f 2872 	2873 	2919
f 2913 	2917 	2910
f 2914 	2913 	2910
f 2921 	2910 	2917
f 2916 	2921 	2917
f 2914 	2910 	2908
f 2916 	2915 	2921
f 2915 	2920 	2921
f 2911 	2921 	2920
f 2923 	2924 	2921
f 2883 	2881 	2922
f 3676 	2822 	2922
f 2932 	2922 	2897
f 2922 	2932 	2884
f 2922 	2884 	2886
f 2922 	2886 	2883
f 2911 	2925 	2923
f 2924 	2923 	2925
f 2921 	2911 	2923
f 2926 	2924 	2925
f 2927 	2928 	2929
f 2928 	2926 	2929
f 2925 	2929 	2926
f 2927 	2929 	2930
f 2929 	2891 	2930
f 2890 	2930 	2891
f 2893 	2889 	2931
f 2892 	2931 	2889
f 2929 	2931 	2892
f 2929 	2892 	2891
f 2836 	2894 	2931
f 2931 	2894 	2893
f 2925 	2911 	2919
f 2919 	2871 	2925
f 2925 	2871 	2929
f 2931 	2929 	2875
f 2871 	2875 	2929
f 2875 	2876 	2931
f 2932 	2897 	2921
f 2885 	2932 	2888
f 2930 	2890 	2888
f 2932 	2930 	2888
f 2921 	2924 	2932
f 2924 	2926 	2932
f 2928 	2932 	2926
f 2928 	2927 	2932
f 2930 	2932 	2927
f 2936 	2933 	2934
f 2935 	2936 	2934
f 2937 	2934 	2933
f 2938 	2934 	2937
f 2938 	2937 	2950
f 2939 	2933 	2936
f 2940 	2939 	2936
f 2941 	2942 	2976
f 2943 	2936 	2942
f 2976 	2942 	2936
f 2936 	2943 	2940
f 2944 	2936 	2935
f 2939 	2946 	2933
f 2939 	2940 	2946
f 2943 	2946 	2940
f 2941 	2947 	2942
f 2935 	2952 	2944
f 2934 	2952 	2935
f 2945 	2950 	2946
f 2949 	2945 	2948
f 2937 	2946 	2950
f 2950 	2945 	2951
f 2949 	2951 	2945
f 2933 	2946 	2937
f 2947 	2946 	2943
f 2943 	2942 	2947
f 2951 	2949 	2952
f 2948 	2952 	2949
f 2938 	2950 	2934
f 2952 	2934 	2950
f 2951 	2952 	2950
f 2958 	2953 	2957
f 2956 	2953 	2958
f 2960 	2953 	2959
f 2956 	2959 	2953
f 2956 	2963 	2959
f 2959 	2963 	2960
f 2961 	2954 	2960
f 2953 	2960 	2954
f 2945 	2954 	2962
f 2961 	2962 	2954
f 2961 	2963 	2962
f 2945 	2955 	2954
f 2945 	2946 	2955
f 2962 	2948 	2945
f 2957 	2974 	2958
f 2958 	2963 	2956
f 2952 	2948 	2963
f 2948 	2962 	2963
f 2963 	2961 	2960
f 2963 	3616 	3617
f 2963 	3617 	2952
f 2964 	2969 	2971
f 2964 	2971 	2966
f 2971 	2972 	2966
f 2965 	2967 	2968
f 2969 	2964 	2970
f 2970 	2964 	2968
f 2965 	2968 	2964
f 2973 	2966 	2972
f 2966 	2957 	2953
f 2973 	2957 	2966
f 2971 	2974 	2972
f 2971 	2969 	2974
f 2970 	2974 	2969
f 2974 	2970 	2975
f 2968 	2975 	2970
f 2967 	2975 	2968
f 2973 	2974 	2957
f 2963 	2958 	2974
f 2972 	2974 	2973
f 3616 	2963 	2974
f 2975 	3614 	2974
f 2977 	2978 	2976
f 2978 	2979 	2976
f 2979 	2980 	2976
f 2941 	2976 	2980
f 2983 	2982 	2985
f 2984 	2982 	2983
f 2981 	2985 	2982
f 2987 	2982 	2986
f 2984 	2986 	2982
f 2976 	2982 	2987
f 2976 	2987 	2977
f 2982 	2988 	2989
f 2982 	2989 	2990
f 2982 	2990 	2981
f 2989 	2988 	2993
f 2992 	2993 	2988
f 2991 	2992 	2988
f 3323 	2982 	2976
f 2979 	2994 	2980
f 2983 	2996 	2984
f 2990 	2989 	3290
f 2993 	3290 	2989
f 2990 	3289 	2981
f 3290 	2993 	2992
f 2947 	2941 	2980
f 2987 	2986 	2995
f 2975 	2999 	2997
f 2999 	3000 	2997
f 2998 	2997 	3000
f 2967 	3001 	2975
f 3001 	3002 	2975
f 2999 	2975 	3002
f 3356 	3003 	3004
f 3010 	3009 	3004
f 3007 	3011 	3004
f 3003 	3006 	3007
f 3003 	3007 	3004
f 3016 	3008 	3003
f 3008 	3006 	3003
f 3005 	3004 	3009
f 3010 	3004 	3011
f 3005 	3009 	3012
f 3010 	2997 	3009
f 3011 	3007 	3013
f 3006 	3013 	3007
f 3008 	3013 	3006
f 2997 	3010 	3013
f 3012 	3009 	2997
f 3011 	3013 	3010
f 3014 	3028 	3015
f 3026 	3029 	3014
f 3018 	3019 	3017
f 3015 	3017 	3019
f 3015 	3019 	3020
f 3016 	3015 	3021
f 3022 	3021 	3015
f 3020 	3022 	3015
f 3016 	3021 	3023
f 3024 	3016 	3023
f 3008 	3016 	3024
f 3018 	3030 	3019
f 3022 	3020 	3025
f 3019 	3025 	3020
f 3013 	3023 	3025
f 3024 	3023 	3013
f 3023 	3021 	3025
f 3022 	3025 	3021
f 3024 	3013 	3008
f 3026 	3014 	3027
f 3017 	3015 	3028
f 3014 	3029 	3028
f 3025 	3019 	3030
f 3030 	3031 	3025
f 3032 	3025 	3031
f 3037 	3034 	3036
f 3035 	3036 	3034
f 3033 	3035 	3034
f 3039 	3040 	3038
f 3037 	3038 	3040
f 3040 	3034 	3037
f 3033 	3034 	3043
f 3042 	3043 	3034
f 3041 	3042 	3034
f 3041 	3034 	3044
f 3041 	3044 	3046
f 3045 	3046 	3044
f 3049 	3044 	3048
f 3047 	3044 	3049
f 3045 	3044 	3047
f 3027 	3048 	3044
f 3051 	3623 	3052
f 3052 	3623 	3624
f 3052 	3624 	3053
f 3053 	3624 	2965
f 3053 	2965 	3054
f 3335 	3055 	3334
f 3056 	3057 	3055
f 3057 	3058 	3055
f 3058 	3059 	3055
f 3059 	3060 	3055
f 3057 	3056 	3051
f 3057 	3051 	3052
f 3057 	3052 	3058
f 3058 	3052 	3053
f 3058 	3053 	3059
f 3062 	3040 	3066
f 3065 	3066 	3040
f 3039 	3065 	3040
f 3068 	3069 	3055
f 3069 	3070 	3055
f 3070 	3071 	3055
f 3071 	3072 	3055
f 3072 	3073 	3055
f 3073 	3074 	3055
f 3075 	3055 	3074
f 3076 	3055 	3075
f 3077 	3055 	3076
f 3078 	3055 	3077
f 3079 	3055 	3078
f 3055 	3079 	3080
f 3097 	3077 	3076
f 3078 	3103 	3079
f 3079 	3104 	3080
f 3079 	3103 	3104
f 3082 	3068 	3081
f 3068 	3082 	3069
f 3069 	3083 	3070
f 3082 	3083 	3069
f 3070 	3084 	3071
f 3083 	3084 	3070
f 3084 	3085 	3071
f 3071 	3085 	3072
f 3516 	3085 	3084
f 3086 	3105 	3088
f 3516 	3517 	3085
f 2991 	2988 	3089
f 3087 	3089 	2988
f 3087 	2988 	3088
f 3088 	3090 	3091
f 3088 	3091 	3092
f 3088 	3092 	3093
f 3088 	3093 	3094
f 3095 	3076 	3075
f 3091 	3090 	3098
f 3096 	3098 	3090
f 3097 	3076 	3095
f 3421 	3422 	3090
f 3090 	3100 	3101
f 3090 	3101 	3099
f 3090 	3099 	3096
f 3077 	3097 	3102
f 3099 	3112 	3096
f 3077 	3102 	3078
f 3078 	3102 	3103
f 2988 	3465 	3088
f 3121 	3102 	3097
f 3092 	3091 	3112
f 3098 	3112 	3091
f 3098 	3096 	3112
f 3106 	3073 	3072
f 3085 	3106 	3072
f 3073 	3106 	3108
f 3109 	3089 	3107
f 3073 	3108 	3074
f 3089 	3087 	3107
f 3074 	3111 	3075
f 3105 	3086 	3107
f 3093 	3110 	3094
f 3094 	3110 	3086
f 3074 	3108 	3111
f 3111 	3095 	3075
f 3107 	3086 	3110
f 3517 	3106 	3085
f 3106 	3114 	3108
f 3517 	3114 	3106
f 3108 	3114 	3116
f 3113 	3431 	3115
f 3109 	2991 	3089
f 3111 	3117 	3095
f 3105 	3107 	3087
f 3092 	3112 	3110
f 3093 	3092 	3110
f 3116 	3111 	3108
f 3112 	3099 	3113
f 3101 	3113 	3099
f 3431 	3113 	3100
f 3101 	3100 	3113
f 3111 	3116 	3117
f 3095 	3117 	3118
f 3410 	3488 	3117
f 3118 	3097 	3095
f 3119 	3107 	3120
f 3118 	3121 	3097
f 3123 	3103 	3102
f 3120 	3122 	3338
f 3102 	3121 	3123
f 3103 	3123 	3125
f 3122 	3124 	3339
f 3112 	3113 	3124
f 3107 	3119 	3109
f 3107 	3110 	3120
f 3120 	3110 	3122
f 3110 	3112 	3122
f 3122 	3112 	3124
f 3133 	2814 	3134
f 3130 	3136 	3131
f 3130 	3135 	3136
f 3137 	3138 	3136
f 3131 	3136 	3138
f 3131 	3138 	3139
f 3131 	3139 	3132
f 2814 	3536 	3134
f 3135 	3537 	3150
f 3135 	3150 	3136
f 3136 	3140 	3141
f 3136 	3141 	3137
f 3136 	3150 	3140
f 3132 	3139 	3142
f 3142 	3146 	3147
f 3147 	3143 	3142
f 3146 	3142 	3139
f 3139 	3138 	3146
f 3137 	3146 	3138
f 3148 	3144 	3143
f 3143 	3147 	3148
f 3144 	3148 	3149
f 3144 	3149 	3145
f 3141 	3140 	3527
f 3527 	3146 	3141
f 3146 	3137 	3141
f 3146 	3166 	3147
f 3151 	3140 	3150
f 3150 	3153 	3151
f 3150 	3154 	3155
f 3155 	3153 	3150
f 3150 	3152 	3154
f 3156 	3154 	3152
f 3157 	3152 	3160
f 3159 	3160 	3152
f 3152 	3157 	3161
f 3152 	3161 	3162
f 3163 	3165 	3162
f 3164 	3165 	3163
f 3152 	3162 	3165
f 3152 	3165 	3156
f 3167 	3148 	3147
f 3147 	3166 	3167
f 3148 	3168 	3149
f 3167 	3168 	3148
f 3169 	3170 	3172
f 3171 	3172 	3170
f 3171 	3170 	3173
f 3174 	3171 	3173
f 3174 	3173 	3176
f 3175 	3176 	3173
f 3175 	3173 	3177
f 3176 	3179 	3174
f 3178 	3175 	3177
f 3166 	3179 	3167
f 3167 	3180 	3168
f 3180 	3167 	3179
f 3172 	3179 	3169
f 3179 	3176 	3180
f 3175 	3180 	3176
f 3178 	3180 	3175
f 3179 	3172 	3171
f 3179 	3171 	3174
f 3184 	3181 	3183
f 3185 	3184 	3183
f 3185 	3183 	3186
f 3183 	3182 	3554
f 3185 	3526 	3184
f 3185 	3186 	3188
f 3187 	3188 	3186
f 3169 	3189 	3170
f 3187 	3186 	3190
f 3189 	3190 	3186
f 3189 	3186 	3170
f 3192 	3126 	3191
f 3191 	3194 	3192
f 3126 	3196 	3128
f 3192 	3196 	3126
f 3198 	3129 	3128
f 3196 	3198 	3128
f 3198 	2820 	3129
f 3193 	3199 	3200
f 3129 	2820 	2815
f 3201 	3202 	3594
f 3199 	3266 	3200
f 3594 	3192 	3201
f 3193 	3200 	3195
f 3195 	3200 	3203
f 3196 	3604 	3198
f 3195 	3203 	3197
f 3204 	3205 	3203
f 3197 	3203 	3205
f 3197 	3205 	3208
f 3197 	3208 	3631
f 3199 	3265 	3266
f 3210 	3206 	3207
f 3207 	3211 	3210
f 3210 	3212 	3206
f 3211 	3220 	3210
f 3210 	3230 	3212
f 3203 	3213 	3204
f 3206 	3212 	3209
f 3214 	3216 	3215
f 3212 	3580 	3209
f 3209 	3580 	3578
f 3211 	3217 	3218
f 3211 	3218 	3219
f 3211 	3219 	3220
f 3222 	3224 	3221
f 3223 	3221 	3224
f 3222 	3225 	3224
f 3226 	3210 	3220
f 3227 	3210 	3226
f 3243 	3262 	3221
f 3210 	3228 	3229
f 3210 	3229 	3230
f 3231 	3212 	3230
f 3233 	3210 	3232
f 3228 	3210 	3233
f 3227 	3232 	3210
f 3586 	3587 	3212
f 3235 	3236 	3212
f 3586 	3212 	3236
f 3234 	3235 	3212
f 3231 	3234 	3212
f 3224 	3215 	3223
f 3216 	3223 	3215
f 3219 	3218 	3244
f 3244 	3218 	3245
f 3217 	3245 	3218
f 3244 	3226 	3220
f 3244 	3220 	3219
f 3233 	3247 	3228
f 3225 	3238 	3239
f 3225 	3239 	3240
f 3237 	3224 	3240
f 3225 	3240 	3224
f 3242 	3224 	3241
f 3237 	3241 	3224
f 3230 	3251 	3231
f 3230 	3229 	3251
f 3200 	3243 	3203
f 3216 	3214 	3243
f 3214 	3640 	3243
f 3227 	3246 	3232
f 3226 	3246 	3227
f 3244 	3246 	3226
f 3232 	3246 	3233
f 3247 	3233 	3246
f 3243 	3221 	3223
f 3243 	3223 	3216
f 3229 	3228 	3247
f 3249 	3248 	3250
f 3234 	3231 	3251
f 3229 	3247 	3251
f 3253 	3249 	3250
f 3251 	3252 	3234
f 3235 	3234 	3252
f 3250 	3256 	3253
f 3255 	3253 	3256
f 3254 	3255 	3256
f 3252 	3269 	3267
f 3260 	3244 	3245
f 3254 	3262 	3255
f 3261 	3246 	3244
f 3260 	3261 	3244
f 3254 	3256 	3257
f 3256 	3239 	3257
f 3238 	3257 	3239
f 3247 	3246 	3263
f 3241 	3237 	3258
f 3240 	3258 	3237
f 3258 	3240 	3256
f 3239 	3256 	3240
f 3258 	3242 	3241
f 3268 	3252 	3251
f 3260 	3245 	3259
f 3246 	3261 	3263
f 3247 	3263 	3264
f 3225 	3222 	3262
f 3222 	3221 	3262
f 3262 	3257 	3225
f 3262 	3253 	3255
f 3282 	3281 	3259
f 3261 	3260 	3283
f 3249 	3262 	3286
f 3253 	3262 	3249
f 3262 	3254 	3257
f 3238 	3225 	3257
f 3265 	3149 	3168
f 3264 	3263 	3285
f 3149 	3265 	3199
f 3243 	3200 	3266
f 3264 	3251 	3247
f 3264 	3268 	3251
f 3252 	3268 	3269
f 3266 	3262 	3243
f 3248 	3270 	3250
f 3273 	3274 	3272
f 3269 	3271 	3267
f 3277 	3278 	3276
f 3275 	3276 	3278
f 3272 	3278 	3273
f 3277 	3273 	3278
f 3250 	3270 	3279
f 3280 	3279 	3270
f 3264 	3287 	3268
f 3280 	3275 	3279
f 3278 	3279 	3275
f 3281 	3260 	3259
f 3281 	3283 	3260
f 3261 	3283 	3284
f 3263 	3261 	3284
f 3263 	3284 	3285
f 3265 	3286 	3266
f 3285 	3287 	3264
f 3266 	3286 	3262
f 3288 	3269 	3268
f 3273 	3277 	3358
f 3274 	3273 	3358
f 3286 	3358 	3277
f 3276 	3286 	3277
f 3268 	3287 	3288
f 3290 	3109 	3298
f 2995 	2994 	2978
f 2979 	2978 	2994
f 2947 	2980 	2994
f 2996 	2995 	2986
f 2987 	2995 	2977
f 2978 	2977 	2995
f 2986 	2984 	2996
f 2985 	3289 	2983
f 2996 	2983 	3289
f 2990 	3290 	3289
f 2985 	2981 	3289
f 3290 	2992 	3109
f 2991 	3109 	2992
f 3291 	3294 	3292
f 2955 	3294 	3291
f 3294 	2994 	3292
f 3292 	2994 	3293
f 3293 	2995 	3295
f 2994 	2995 	3293
f 3294 	2955 	2946
f 3294 	2946 	2947
f 3294 	2947 	2994
f 3304 	3292 	3293
f 3293 	3295 	3305
f 3296 	3289 	3297
f 2996 	3289 	3296
f 3297 	3298 	3308
f 3298 	3119 	3309
f 2995 	2996 	3295
f 3295 	2996 	3296
f 3290 	3298 	3297
f 3290 	3297 	3289
f 3298 	3109 	3119
f 3060 	3054 	3299
f 3312 	3300 	3301
f 3301 	2954 	3302
f 3314 	3291 	3303
f 3302 	3291 	3314
f 3291 	3292 	3303
f 3303 	3292 	3304
f 3054 	2964 	3299
f 3054 	2965 	2964
f 3299 	2964 	2966
f 3299 	2966 	3300
f 3300 	2966 	2953
f 3300 	2953 	3301
f 3301 	2953 	2954
f 2954 	2955 	3302
f 3302 	2955 	3291
f 3304 	3293 	3305
f 3305 	3295 	3306
f 3306 	3296 	3307
f 3295 	3296 	3306
f 3296 	3297 	3307
f 3307 	3297 	3308
f 3308 	3298 	3309
f 3309 	3119 	3310
f 3060 	3311 	3055
f 3311 	3312 	3055
f 3312 	3313 	3055
f 3313 	3314 	3055
f 3303 	3055 	3314
f 3304 	3055 	3303
f 3305 	3055 	3304
f 3306 	3055 	3305
f 3307 	3055 	3306
f 3308 	3055 	3307
f 3309 	3055 	3308
f 3310 	3055 	3309
f 3299 	3311 	3060
f 3311 	3300 	3312
f 3311 	3299 	3300
f 3301 	3313 	3312
f 3313 	3301 	3302
f 3313 	3302 	3314
f 2944 	3315 	2936
f 3319 	3315 	3318
f 3317 	3318 	3315
f 2944 	3317 	3315
f 3315 	3320 	2936
f 3319 	3327 	3315
f 2976 	2936 	3320
f 3320 	3323 	2976
f 3124 	3113 	3127
f 3113 	3115 	3127
f 2982 	3324 	2988
f 3316 	3127 	3115
f 3323 	3324 	2982
f 3326 	3315 	3327
f 3316 	3325 	3321
f 3316 	3115 	3325
f 3325 	3441 	3321
f 3329 	3326 	3328
f 3326 	3327 	3328
f 3326 	3330 	3315
f 3059 	3054 	3060
f 3059 	3053 	3054
f 3331 	3055 	3080
f 3331 	3332 	3055
f 3322 	3442 	3417
f 3332 	3333 	3055
f 3333 	3334 	3055
f 3335 	3336 	3055
f 3336 	3337 	3055
f 3337 	3056 	3055
f 3325 	3433 	3441
f 3331 	3360 	3332
f 3310 	3119 	3120
f 3310 	3120 	3338
f 3286 	3276 	3275
f 3286 	3275 	3280
f 3286 	3280 	3270
f 3286 	3270 	3248
f 3248 	3249 	3286
f 3336 	3356 	3337
f 3345 	3346 	3347
f 3177 	3346 	3178
f 3337 	3050 	3056
f 3346 	3177 	3347
f 3050 	3051 	3056
f 3349 	3351 	3348
f 3352 	3348 	3351
f 3345 	3347 	3353
f 3352 	3353 	3347
f 3348 	3352 	3347
f 3350 	3357 	3354
f 3272 	3355 	3348
f 3349 	3348 	3355
f 3356 	3336 	3354
f 3356 	3050 	3337
f 3355 	3358 	3349
f 3274 	3355 	3272
f 3177 	3705 	3347
f 3347 	3706 	3348
f 3354 	3357 	3003
f 3357 	3016 	3003
f 3354 	3003 	3356
f 3358 	3168 	3180
f 3356 	3004 	3050
f 3004 	3005 	3050
f 3168 	3358 	3265
f 3286 	3265 	3358
f 3016 	3357 	3015
f 3180 	3353 	3358
f 3359 	3080 	3104
f 3080 	3359 	3331
f 3180 	3178 	3346
f 3180 	3346 	3345
f 3345 	3353 	3180
f 3360 	3331 	3359
f 3351 	3358 	3352
f 3353 	3352 	3358
f 3361 	3333 	3332
f 3349 	3358 	3351
f 3274 	3358 	3355
f 3332 	3360 	3361
f 3333 	3361 	3363
f 3363 	3334 	3333
f 3335 	3334 	3350
f 3363 	3350 	3334
f 3335 	3350 	3354
f 3336 	3335 	3354
f 3362 	3215 	3365
f 3104 	3368 	3359
f 3224 	3365 	3215
f 3362 	3366 	3364
f 3365 	3366 	3362
f 3380 	3361 	3360
f 3366 	3211 	3364
f 3365 	3373 	3366
f 3364 	3211 	3207
f 3363 	3384 	3350
f 3369 	3365 	3371
f 3370 	3365 	3369
f 3367 	3365 	3370
f 3224 	3242 	3365
f 3371 	3365 	3242
f 3373 	3365 	3372
f 3367 	3372 	3365
f 3104 	3125 	3368
f 3359 	3368 	3374
f 3377 	3366 	3373
f 3375 	3366 	3377
f 3376 	3366 	3375
f 3374 	3360 	3359
f 3379 	3211 	3378
f 3217 	3211 	3379
f 3366 	3378 	3211
f 3360 	3374 	3380
f 3041 	3380 	3042
f 3378 	3366 	3382
f 3381 	3382 	3366
f 3376 	3381 	3366
f 3242 	3258 	3371
f 3383 	3363 	3361
f 3258 	3386 	3371
f 3361 	3380 	3383
f 3383 	3384 	3363
f 3386 	3370 	3369
f 3372 	3367 	3387
f 3370 	3387 	3367
f 3384 	3357 	3350
f 3387 	3377 	3373
f 3387 	3373 	3372
f 3381 	3376 	3388
f 3375 	3388 	3376
f 3125 	3038 	3368
f 3038 	3037 	3368
f 3381 	3389 	3382
f 3368 	3036 	3035
f 3379 	3378 	3389
f 3382 	3389 	3378
f 3368 	3035 	3374
f 3379 	3245 	3217
f 3374 	3042 	3380
f 3374 	3043 	3042
f 3256 	3385 	3258
f 3049 	3048 	3383
f 3385 	3386 	3258
f 3383 	3014 	3384
f 3692 	3693 	3385
f 3384 	3015 	3357
f 3384 	3014 	3015
f 3038 	3125 	3039
f 3369 	3371 	3386
f 3036 	3368 	3037
f 3386 	3387 	3370
f 3035 	3033 	3374
f 3043 	3374 	3033
f 3380 	3041 	3046
f 3377 	3388 	3375
f 3380 	3046 	3045
f 3380 	3045 	3047
f 3377 	3387 	3388
f 3380 	3047 	3383
f 3049 	3383 	3047
f 3389 	3381 	3388
f 3014 	3383 	3048
f 3048 	3027 	3014
f 3391 	3040 	3390
f 3388 	3700 	3389
f 3040 	3391 	3034
f 3034 	3392 	3044
f 3245 	3379 	3389
f 3034 	3391 	3392
f 3044 	3392 	3393
f 3396 	3393 	3395
f 3394 	3395 	3393
f 3393 	3400 	3403
f 3403 	3405 	3393
f 3695 	3388 	3387
f 3398 	3390 	3397
f 3390 	3398 	3391
f 3389 	3259 	3245
f 3391 	3399 	3392
f 3391 	3398 	3399
f 3250 	3279 	3401
f 3392 	3400 	3393
f 3401 	3256 	3250
f 3399 	3400 	3392
f 3401 	3385 	3256
f 3402 	3403 	3400
f 3278 	3404 	3279
f 3394 	3393 	3405
f 3103 	3125 	3104
f 3117 	3116 	3410
f 3399 	3131 	3400
f 3118 	3117 	3492
f 3400 	3406 	3407
f 3400 	3407 	3402
f 3118 	3489 	3121
f 3132 	3406 	3131
f 3400 	3131 	3406
f 3395 	3408 	3396
f 3032 	3396 	3408
f 3395 	3394 	3408
f 3032 	3408 	3025
f 3116 	3409 	3410
f 3409 	3116 	3412
f 3122 	3339 	3338
f 3124 	3340 	3339
f 3124 	3127 	3340
f 3340 	3127 	3341
f 3341 	3316 	3342
f 3127 	3316 	3341
f 3316 	3321 	3342
f 3343 	3342 	3321
f 3322 	3344 	3343
f 3321 	3322 	3343
f 3338 	3055 	3310
f 3339 	3055 	3338
f 3340 	3055 	3339
f 3341 	3055 	3340
f 3342 	3055 	3341
f 3343 	3055 	3342
f 3344 	3055 	3343
f 3413 	3055 	3344
f 3413 	3414 	3055
f 3414 	3415 	3055
f 3415 	3416 	3055
f 3416 	3068 	3055
f 3417 	3344 	3322
f 3417 	3413 	3344
f 3418 	3414 	3413
f 3413 	3417 	3418
f 3414 	3418 	3419
f 3414 	3419 	3415
f 3419 	3420 	3415
f 3415 	3420 	3416
f 3416 	3081 	3068
f 3420 	3081 	3416
f 3452 	3419 	3418
f 3454 	3081 	3420
f 3100 	3090 	3422
f 3422 	3421 	3424
f 3423 	3424 	3421
f 3425 	3426 	3421
f 3421 	3427 	3423
f 3427 	3426 	3429
f 3428 	3429 	3426
f 3421 	3426 	3427
f 3467 	3421 	3090
f 3421 	3430 	3425
f 3424 	3431 	3422
f 3427 	3431 	3423
f 3430 	3440 	3425
f 3100 	3422 	3431
f 3432 	3325 	3115
f 3115 	3431 	3432
f 3429 	3432 	3427
f 3427 	3432 	3431
f 3424 	3423 	3431
f 3435 	3432 	3434
f 3429 	3434 	3432
f 3428 	3434 	3429
f 3434 	3428 	3426
f 3434 	3440 	3435
f 3433 	3432 	3436
f 3437 	3436 	3432
f 3435 	3437 	3432
f 3436 	3438 	3433
f 3433 	3438 	3439
f 3446 	3433 	3439
f 3440 	3434 	3426
f 3435 	3440 	3437
f 3440 	3451 	3438
f 3438 	3436 	3440
f 3440 	3436 	3437
f 3426 	3425 	3440
f 3441 	3322 	3321
f 3441 	3442 	3322
f 3448 	3447 	3442
f 3445 	3449 	3442
f 3325 	3432 	3433
f 3441 	3444 	3445
f 3442 	3441 	3445
f 3441 	3433 	3446
f 3441 	3446 	3444
f 3443 	3442 	3447
f 3448 	3442 	3449
f 3455 	3443 	3450
f 3447 	3450 	3443
f 3439 	3438 	3451
f 3449 	3445 	3451
f 3445 	3444 	3451
f 3444 	3446 	3451
f 3439 	3451 	3446
f 3450 	3447 	3463
f 3447 	3448 	3463
f 3451 	3448 	3449
f 3417 	3442 	3443
f 3417 	3443 	3418
f 3443 	3452 	3418
f 3453 	3420 	3419
f 3452 	3453 	3419
f 3453 	3454 	3420
f 3453 	3461 	3454
f 3450 	3463 	3455
f 3455 	3456 	3452
f 3455 	3452 	3443
f 3458 	3453 	3457
f 3459 	3453 	3458
f 3452 	3457 	3453
f 3457 	3452 	3460
f 3456 	3460 	3452
f 3462 	3454 	3461
f 3459 	3461 	3453
f 3463 	3460 	3456
f 3463 	3456 	3455
f 3463 	3448 	3451
f 3463 	3464 	3458
f 3463 	3458 	3457
f 3463 	3457 	3460
f 3463 	3483 	3464
f 3462 	3461 	3464
f 3461 	3459 	3464
f 3458 	3464 	3459
f 2988 	3324 	3465
f 3088 	3466 	3090
f 3465 	3466 	3088
f 3467 	3090 	3466
f 3470 	3467 	3469
f 3468 	3469 	3467
f 3467 	3470 	3421
f 3474 	3467 	3466
f 3474 	3476 	3467
f 3476 	3477 	3467
f 3470 	3430 	3421
f 3471 	3472 	3324
f 3324 	3472 	3465
f 3465 	3473 	3466
f 3472 	3473 	3465
f 3473 	3474 	3466
f 3474 	3475 	3476
f 3468 	3467 	3477
f 3473 	3715 	3474
f 3474 	3478 	3479
f 3474 	3479 	3475
f 3474 	3715 	3478
f 3430 	3470 	3480
f 3469 	3480 	3470
f 3469 	3468 	3480
f 3430 	3480 	3440
f 3440 	3481 	3451
f 3480 	3481 	3440
f 3481 	3482 	3451
f 3481 	3486 	3482
f 3482 	3463 	3451
f 3482 	3483 	3463
f 3482 	3487 	3483
f 3477 	3484 	3480
f 3477 	3480 	3468
f 3477 	3476 	3484
f 3475 	3484 	3476
f 3484 	3485 	3480
f 3480 	3485 	3481
f 3485 	3486 	3481
f 3486 	3487 	3482
f 3485 	3129 	3486
f 3486 	2815 	3487
f 3129 	2815 	3486
f 3716 	3126 	3478
f 3479 	3484 	3475
f 3484 	3128 	3485
f 3128 	3129 	3485
f 3502 	3067 	3412
f 3409 	3412 	3067
f 3410 	3409 	3067
f 3488 	3410 	3067
f 3489 	3061 	3491
f 3490 	3061 	3489
f 3064 	3491 	3061
f 3067 	3061 	3493
f 3488 	3067 	3493
f 3492 	3493 	3061
f 3490 	3492 	3061
f 3064 	3061 	3063
f 3062 	3063 	3061
f 3062 	3061 	3040
f 3690 	3061 	3067
f 3492 	3117 	3493
f 3493 	3117 	3488
f 3492 	3490 	3118
f 3118 	3490 	3489
f 3491 	3121 	3489
f 3121 	3063 	3123
f 3063 	3062 	3123
f 3066 	3123 	3062
f 3121 	3491 	3064
f 3121 	3064 	3063
f 3123 	3065 	3125
f 3039 	3125 	3065
f 3123 	3066 	3065
f 3494 	3495 	3497
f 3496 	3494 	3497
f 3498 	3499 	3497
f 3496 	3497 	3499
f 3495 	3494 	3682
f 3496 	3499 	3500
f 3501 	3500 	3499
f 3501 	3499 	3504
f 3504 	3499 	3503
f 3067 	3503 	3499
f 3067 	3502 	3503
f 3498 	3505 	3499
f 3081 	3506 	3082
f 3454 	3506 	3081
f 3506 	3507 	3082
f 3513 	3507 	3512
f 3507 	3083 	3082
f 3506 	3511 	3507
f 3454 	3462 	3508
f 3510 	3506 	3508
f 3509 	3506 	3510
f 3454 	3508 	3506
f 3509 	3511 	3506
f 3512 	3507 	3511
f 3512 	3511 	3514
f 3511 	3509 	3514
f 3510 	3514 	3509
f 3514 	3510 	3464
f 3510 	3508 	3464
f 3462 	3464 	3508
f 3514 	3513 	3512
f 3507 	3515 	3083
f 3083 	3515 	3084
f 3516 	3084 	3515
f 3523 	3524 	3516
f 3516 	3677 	3517
f 3520 	3515 	3519
f 3518 	3515 	3520
f 3507 	3519 	3515
f 3513 	3519 	3507
f 3522 	3515 	3521
f 3518 	3521 	3515
f 3515 	3522 	3516
f 3523 	3516 	3522
f 3677 	3516 	3524
f 3523 	3525 	3524
f 3514 	3525 	3520
f 3514 	3520 	3519
f 3514 	3519 	3513
f 3521 	3518 	3525
f 3520 	3525 	3518
f 3524 	3525 	3680
f 3684 	3680 	3525
f 3525 	3523 	3522
f 3525 	3522 	3521
f 3514 	3708 	3525
f 3183 	3555 	3186
f 3179 	3166 	3526
f 3184 	3526 	3181
f 3188 	3526 	3185
f 3526 	3188 	3187
f 3526 	3187 	3190
f 3526 	3190 	3179
f 3190 	3189 	3179
f 3169 	3179 	3189
f 3527 	3140 	3151
f 3153 	3527 	3151
f 3155 	3527 	3153
f 3166 	3146 	3527
f 3527 	3526 	3166
f 3158 	3528 	3159
f 3159 	3528 	3160
f 3160 	3528 	3529
f 3161 	3157 	3529
f 3160 	3529 	3157
f 3163 	3162 	3529
f 3161 	3529 	3162
f 3532 	3533 	3531
f 3530 	3531 	3533
f 3533 	3532 	3529
f 3163 	3529 	3532
f 3163 	3532 	3164
f 3530 	3533 	3534
f 3533 	3181 	3534
f 3533 	3529 	3182
f 3533 	3182 	3183
f 3533 	3183 	3181
f 3535 	3527 	3155
f 3155 	3154 	3535
f 3156 	3535 	3154
f 3165 	3535 	3156
f 3527 	3535 	3526
f 3164 	3532 	3165
f 3535 	3165 	3532
f 3531 	3535 	3532
f 3535 	3534 	3526
f 3181 	3526 	3534
f 3535 	3531 	3530
f 3535 	3530 	3534
f 2814 	2829 	3536
f 3134 	3536 	3537
f 3536 	3539 	3537
f 3134 	3537 	3135
f 2829 	3538 	3536
f 3538 	2829 	2832
f 3539 	3536 	3538
f 3547 	3539 	3538
f 3537 	3539 	3152
f 3158 	3159 	3539
f 3152 	3539 	3159
f 3537 	3152 	3150
f 2832 	2844 	3540
f 2832 	3540 	3541
f 2832 	3541 	3542
f 3543 	3538 	3542
f 3544 	3538 	3543
f 2832 	3542 	3538
f 3538 	3545 	3546
f 3538 	3546 	3547
f 3548 	3539 	3547
f 3550 	3538 	3549
f 3538 	3544 	3549
f 3538 	3550 	3545
f 3548 	3551 	3539
f 3551 	3552 	3539
f 3552 	3553 	3539
f 3158 	3539 	3553
f 3555 	3183 	3554
f 3556 	3186 	3555
f 3554 	3560 	3555
f 3186 	3556 	3170
f 3556 	3557 	3170
f 3173 	3170 	3557
f 3173 	3558 	3177
f 3173 	3557 	3558
f 3557 	3562 	3563
f 3557 	3563 	3558
f 3560 	3554 	3559
f 3555 	3561 	3556
f 3555 	3560 	3561
f 3556 	3562 	3557
f 3556 	3561 	3562
f 2852 	3642 	3641
f 2852 	3559 	3642
f 2852 	3560 	3559
f 2852 	3561 	3560
f 2852 	3562 	3561
f 2852 	3563 	3562
f 3647 	3564 	3565
f 3564 	2852 	3565
f 3288 	3569 	3269
f 3570 	3271 	3569
f 3282 	2852 	3281
f 2852 	3283 	3281
f 2852 	3284 	3283
f 2852 	3285 	3284
f 2852 	3287 	3285
f 2852 	3288 	3287
f 2852 	3569 	3288
f 2852 	3570 	3569
f 2852 	3571 	3570
f 2852 	3572 	3571
f 2852 	3573 	3572
f 2852 	2848 	3573
f 3575 	3607 	3574
f 3569 	3271 	3269
f 3271 	3570 	3574
f 3570 	3571 	3574
f 3574 	3571 	3575
f 3576 	3575 	3572
f 3571 	3572 	3575
f 3576 	3573 	3577
f 3573 	3576 	3572
f 3573 	2848 	3577
f 3577 	2848 	2861
f 3579 	3578 	3581
f 3578 	3582 	3583
f 3583 	3581 	3578
f 3580 	3582 	3578
f 3582 	3580 	3584
f 3585 	3580 	3588
f 3588 	3580 	3587
f 3212 	3587 	3580
f 3590 	3580 	3589
f 3585 	3589 	3580
f 3596 	3589 	3585
f 3585 	3588 	3596
f 3589 	3596 	3590
f 3591 	3593 	3590
f 3592 	3593 	3591
f 3580 	3590 	3593
f 3580 	3593 	3584
f 3202 	3579 	3594
f 3581 	3594 	3579
f 3583 	3594 	3581
f 3236 	3595 	3586
f 3587 	3586 	3595
f 3587 	3595 	3588
f 3595 	3596 	3588
f 3591 	3590 	3596
f 3599 	3600 	3598
f 3597 	3598 	3600
f 3596 	3600 	3599
f 3592 	3591 	3599
f 3596 	3599 	3591
f 3600 	3605 	3601
f 3600 	3601 	3597
f 3595 	3236 	3252
f 3235 	3252 	3236
f 3252 	3267 	3595
f 3595 	3267 	3596
f 3606 	3600 	3596
f 3602 	3594 	3583
f 3583 	3582 	3602
f 3584 	3602 	3582
f 3593 	3602 	3584
f 3602 	3660 	3594
f 3592 	3599 	3593
f 3602 	3593 	3599
f 3598 	3602 	3599
f 3598 	3597 	3602
f 3601 	3602 	3597
f 3603 	3196 	3192
f 3594 	3603 	3192
f 3603 	3604 	3196
f 3198 	2895 	2820
f 3604 	2895 	3198
f 3594 	3660 	3603
f 3606 	3596 	3267
f 3607 	3600 	3606
f 3574 	3607 	3606
f 3608 	3605 	3607
f 3600 	3607 	3605
f 3607 	3609 	3610
f 3607 	3610 	3608
f 3320 	3315 	3330
f 3330 	3611 	3320
f 3330 	3634 	3611
f 3320 	3611 	3323
f 3323 	3471 	3324
f 3611 	3471 	3323
f 3631 	3632 	3613
f 3197 	3631 	3613
f 3612 	3326 	3329
f 3330 	3633 	3634
f 2975 	3615 	3614
f 3616 	2974 	3614
f 2952 	3317 	2944
f 3318 	3317 	3617
f 2952 	3617 	3317
f 3615 	3618 	3614
f 3615 	3619 	3618
f 3614 	3620 	3616
f 3614 	3618 	3620
f 3616 	3621 	3617
f 3616 	3620 	3621
f 3329 	3328 	3621
f 3617 	3621 	3328
f 3612 	3329 	3621
f 3617 	3328 	3327
f 3617 	3327 	3319
f 3617 	3319 	3318
f 3619 	3145 	3193
f 3618 	3619 	3193
f 3618 	3195 	3620
f 3618 	3193 	3195
f 3620 	3197 	3621
f 3620 	3195 	3197
f 3621 	3613 	3612
f 3197 	3613 	3621
f 3027 	3044 	3622
f 3027 	3622 	3026
f 3029 	3026 	3622
f 3622 	3030 	3028
f 3018 	3017 	3030
f 3017 	3028 	3030
f 3029 	3622 	3028
f 3031 	3030 	3622
f 3393 	3622 	3044
f 3622 	3393 	3396
f 3622 	3396 	3032
f 3622 	3032 	3031
f 3005 	3051 	3050
f 3005 	3623 	3051
f 3005 	3012 	3625
f 3012 	2997 	3625
f 3626 	3623 	3625
f 3625 	3623 	3005
f 3002 	3624 	2999
f 3623 	3000 	3624
f 2999 	3624 	3000
f 3000 	3623 	2998
f 3626 	2998 	3623
f 2967 	2965 	3001
f 3624 	3001 	2965
f 3624 	3002 	3001
f 3626 	2997 	2998
f 2997 	3626 	3625
f 3025 	3411 	3013
f 3411 	3025 	3408
f 3013 	3411 	3627
f 3411 	3630 	3627
f 2997 	3013 	3627
f 2997 	3627 	3615
f 3627 	3619 	3615
f 2997 	3615 	2975
f 3405 	3628 	3408
f 3405 	3408 	3394
f 3405 	3403 	3628
f 3402 	3628 	3403
f 3408 	3628 	3629
f 3411 	3408 	3629
f 3630 	3411 	3629
f 3629 	3144 	3630
f 3619 	3627 	3630
f 3407 	3406 	3142
f 3132 	3142 	3406
f 3142 	3628 	3407
f 3407 	3628 	3402
f 3628 	3142 	3143
f 3629 	3628 	3143
f 3144 	3629 	3143
f 3630 	3145 	3619
f 3630 	3144 	3145
f 3612 	3613 	3632
f 3631 	3208 	3632
f 3612 	3632 	3326
f 3330 	3326 	3633
f 3632 	3633 	3326
f 3634 	3635 	3611
f 3638 	3634 	3633
f 3634 	3639 	3635
f 3638 	3639 	3634
f 3611 	3635 	3471
f 3636 	3632 	3208
f 3204 	3636 	3205
f 3208 	3205 	3636
f 3636 	3637 	3632
f 3632 	3637 	3633
f 3637 	3638 	3633
f 3637 	3364 	3638
f 3214 	3215 	3640
f 3213 	3640 	3215
f 3203 	3640 	3213
f 3203 	3243 	3640
f 3215 	3636 	3213
f 3213 	3636 	3204
f 3636 	3362 	3637
f 3215 	3362 	3636
f 3362 	3364 	3637
f 3364 	3207 	3638
f 3638 	3207 	3639
f 3145 	3199 	3193
f 3145 	3149 	3199
f 3564 	2860 	2852
f 3566 	3565 	2852
f 2852 	3567 	3566
f 2852 	3568 	3567
f 3568 	2852 	3641
f 3643 	3182 	3529
f 3182 	3643 	3646
f 3646 	3643 	3645
f 3182 	3646 	3554
f 3646 	3559 	3554
f 3644 	3641 	3645
f 3645 	3641 	3642
f 3642 	3646 	3645
f 3642 	3559 	3646
f 3650 	3644 	3654
f 3647 	2870 	3564
f 3564 	2870 	2860
f 3565 	3648 	3647
f 3648 	3565 	3566
f 3648 	3566 	3649
f 3650 	3649 	3567
f 3567 	3649 	3566
f 3650 	3567 	3568
f 3650 	3568 	3644
f 3644 	3568 	3641
f 3543 	3651 	3652
f 3550 	3652 	3653
f 3648 	3649 	3652
f 3528 	3553 	3655
f 3552 	3655 	3553
f 3552 	3551 	3655
f 3654 	3655 	3551
f 3528 	3655 	3643
f 3655 	3644 	3645
f 3655 	3645 	3643
f 3528 	3643 	3529
f 2880 	2870 	3647
f 2880 	3647 	3651
f 3651 	3648 	3652
f 3651 	3647 	3648
f 3653 	3652 	3649
f 3653 	3649 	3650
f 3653 	3650 	3654
f 3655 	3654 	3644
f 3553 	3528 	3158
f 3541 	3540 	3651
f 3651 	3540 	2880
f 2844 	2880 	3540
f 3549 	3544 	3652
f 3543 	3652 	3544
f 3651 	3543 	3542
f 3541 	3651 	3542
f 3652 	3550 	3549
f 3653 	3545 	3550
f 3546 	3545 	3653
f 3551 	3548 	3654
f 3547 	3654 	3548
f 3547 	3546 	3654
f 3653 	3654 	3546
f 3094 	3086 	3088
f 3087 	3088 	3105
f 3610 	3609 	3657
f 3656 	3657 	3609
f 3609 	3658 	3659
f 3609 	3659 	3656
f 3271 	3606 	3267
f 3271 	3574 	3606
f 3660 	3669 	3603
f 3601 	3605 	3660
f 3602 	3601 	3660
f 3608 	3660 	3605
f 3610 	3660 	3608
f 3657 	3660 	3610
f 3657 	3656 	3660
f 3659 	3660 	3656
f 3660 	3659 	3669
f 3658 	3669 	3659
f 3661 	3658 	3662
f 3609 	3662 	3658
f 3662 	3663 	3664
f 3662 	3664 	3665
f 3662 	3665 	3661
f 3664 	3663 	3666
f 3663 	2902 	3667
f 3663 	3667 	3668
f 3663 	3668 	3666
f 3667 	2909 	3668
f 3668 	3669 	3666
f 2902 	2901 	3667
f 3607 	3575 	3609
f 3609 	3575 	3576
f 3576 	3662 	3609
f 3576 	3577 	3662
f 3663 	3662 	3577
f 3663 	2861 	2902
f 3577 	2861 	3663
f 3669 	3604 	3603
f 3604 	2909 	2895
f 3669 	2909 	3604
f 3658 	3661 	3669
f 3665 	3669 	3661
f 3669 	3668 	2909
f 2901 	2909 	3667
f 3665 	3664 	3669
f 3664 	3666 	3669
f 3670 	2825 	3671
f 3670 	2818 	2825
f 3673 	2814 	3133
f 3674 	3671 	2825
f 2823 	3674 	2824
f 2824 	3674 	2825
f 3671 	3674 	3675
f 3674 	2882 	2827
f 3671 	3675 	3672
f 3672 	3675 	2813
f 3674 	2827 	3675
f 3675 	2828 	2813
f 2827 	2828 	3675
f 3672 	2813 	3673
f 2814 	3673 	2813
f 2881 	2882 	3676
f 2826 	3676 	2882
f 2822 	3676 	2826
f 2823 	2826 	3674
f 2882 	3674 	2826
f 3517 	3678 	3114
f 3677 	3678 	3517
f 3114 	3678 	3679
f 3494 	3678 	3682
f 3114 	3679 	3116
f 3412 	3116 	3679
f 3681 	3677 	3680
f 3680 	3677 	3524
f 3678 	3677 	3682
f 3682 	3677 	3683
f 3681 	3683 	3677
f 3494 	3496 	3678
f 3500 	3501 	3678
f 3504 	3679 	3678
f 3683 	3681 	3684
f 3680 	3684 	3681
f 3684 	3497 	3682
f 3684 	3682 	3683
f 3525 	3709 	3684
f 3500 	3678 	3496
f 3504 	3678 	3501
f 3504 	3503 	3679
f 3502 	3412 	3679
f 3502 	3679 	3503
f 3495 	3682 	3497
f 3498 	3684 	3505
f 3497 	3684 	3498
f 3505 	3685 	3499
f 3687 	3685 	3686
f 3688 	3685 	3687
f 3505 	3686 	3685
f 3499 	3685 	3689
f 3067 	3499 	3689
f 3690 	3067 	3689
f 3061 	3390 	3040
f 3061 	3690 	3390
f 3722 	3404 	3278
f 3404 	3691 	3279
f 3401 	3279 	3691
f 3401 	3692 	3385
f 3401 	3691 	3692
f 3386 	3385 	3693
f 3725 	3692 	3691
f 3694 	3387 	3386
f 3693 	3694 	3386
f 3694 	3695 	3387
f 3688 	3697 	3685
f 3696 	3685 	3697
f 3699 	3696 	3698
f 3697 	3698 	3696
f 3695 	3700 	3388
f 3685 	3696 	3701
f 3685 	3701 	3689
f 3689 	3701 	3702
f 3701 	3673 	3702
f 3689 	3702 	3690
f 3690 	3397 	3390
f 3690 	3702 	3397
f 3670 	3671 	3704
f 3703 	3704 	3671
f 3712 	2818 	3704
f 3259 	3389 	3700
f 3724 	3725 	3691
f 3692 	3726 	3693
f 3726 	3727 	3693
f 3693 	3727 	3694
f 3695 	3694 	3728
f 3728 	3729 	3695
f 3729 	3282 	3700
f 3700 	3282 	3259
f 3177 	3558 	3705
f 3347 	3705 	3706
f 3671 	3696 	3703
f 3699 	3703 	3696
f 3696 	3672 	3701
f 3696 	3671 	3672
f 3673 	3701 	3672
f 3702 	3673 	3133
f 3702 	3133 	3397
f 3464 	3707 	3514
f 3707 	3464 	3483
f 3707 	3708 	3514
f 3709 	3525 	3708
f 3711 	3708 	3707
f 3684 	3686 	3505
f 3709 	3687 	3686
f 3709 	3686 	3684
f 3483 	3710 	3707
f 3483 	3487 	3710
f 3710 	3711 	3707
f 3708 	3712 	3709
f 3711 	3712 	3708
f 3712 	3699 	3698
f 3712 	3698 	3709
f 3709 	3698 	3697
f 3709 	3697 	3688
f 3709 	3688 	3687
f 3487 	2815 	2816
f 2816 	3710 	3487
f 3710 	2817 	3711
f 2818 	3712 	3711
f 2817 	2818 	3711
f 3712 	3704 	3703
f 3712 	3703 	3699
f 3670 	3704 	2818
f 3471 	3713 	3472
f 3713 	3471 	3635
f 3713 	3714 	3472
f 3472 	3714 	3473
f 3714 	3715 	3473
f 3714 	3719 	3715
f 3716 	3478 	3715
f 3635 	3639 	3717
f 3717 	3713 	3635
f 3713 	3718 	3714
f 3717 	3718 	3713
f 3718 	3719 	3714
f 3719 	3720 	3194
f 3719 	3194 	3715
f 3720 	3719 	3201
f 3720 	3192 	3194
f 3201 	3192 	3720
f 3715 	3194 	3191
f 3715 	3191 	3716
f 3639 	3206 	3717
f 3207 	3206 	3639
f 3206 	3209 	3717
f 3721 	3272 	3348
f 3348 	3706 	3721
f 3722 	3272 	3721
f 3722 	3278 	3272
f 3730 	3705 	3558
f 3731 	3706 	3705
f 3721 	3706 	3732
f 3691 	3404 	3724
f 3404 	3723 	3724
f 3723 	3404 	3722
f 3726 	3692 	3725
f 3694 	3727 	3728
f 3700 	3695 	3729
f 3730 	3558 	3563
f 3705 	3730 	3731
f 3731 	3732 	3706
f 3721 	3733 	3722
f 3721 	3732 	3733
f 3733 	3723 	3722
f 3563 	2852 	3730
f 2852 	3731 	3730
f 2852 	3732 	3731
f 2852 	3733 	3732
f 3733 	2852 	3723
f 2852 	3724 	3723
f 2852 	3725 	3724
f 3726 	3725 	2852
f 2852 	3727 	3726
f 2852 	3728 	3727
f 2852 	3729 	3728
f 2852 	3282 	3729
f 3397 	3734 	3398
f 3397 	3133 	3734
f 3130 	3398 	3734
f 3134 	3734 	3133
f 3734 	3135 	3130
f 3734 	3134 	3135
f 3130 	3399 	3398
f 3131 	3399 	3130
f 3717 	3209 	3718
f 3578 	3718 	3209
f 3718 	3578 	3719
f 3202 	3201 	3719
f 3719 	3578 	3202
f 3579 	3202 	3578
f 3479 	3478 	3126
f 3126 	3716 	3191
f 3479 	3126 	3484
f 3128 	3484 	3126
# 1840 faces

 #end of obj_9

