# Blender 5.1.2
# www.blender.org
mtllib male.mtl
o Eyebrows
v -0.010980 1.713181 -0.093384
v -0.010676 1.705785 -0.093531
v -0.043724 1.722512 -0.082251
v -0.043274 1.710513 -0.083814
v -0.061223 1.714195 -0.061355
v -0.062141 1.707320 -0.058492
v -0.025471 1.717684 -0.089115
v -0.025380 1.708442 -0.089344
v -0.034594 1.709553 -0.087138
v -0.034501 1.719885 -0.086241
v -0.055333 1.719679 -0.074321
v -0.054415 1.710591 -0.075781
v -0.010206 1.705437 -0.090666
v -0.010101 1.714015 -0.090473
v -0.040618 1.709848 -0.079068
v -0.040510 1.724159 -0.078018
v -0.023840 1.719030 -0.084383
v -0.032478 1.708432 -0.081958
v -0.059796 1.707876 -0.056922
v -0.059144 1.715065 -0.059301
v -0.051745 1.721582 -0.070922
v -0.051337 1.710541 -0.072221
v -0.032382 1.721473 -0.081221
v -0.023771 1.707819 -0.084696
v -0.009106 1.708587 -0.094089
v -0.043906 1.715709 -0.084571
v -0.062163 1.710219 -0.059767
v -0.025829 1.712860 -0.090479
v -0.035128 1.714345 -0.087998
v -0.055491 1.714411 -0.076299
v -0.007732 1.709453 -0.090891
v -0.059725 1.710617 -0.057347
v -0.048785 1.721552 -0.079338
v -0.048583 1.710680 -0.080862
v -0.046660 1.723012 -0.074252
v -0.045523 1.710346 -0.076661
v -0.049453 1.715442 -0.081459
v -0.050575 1.724400 -0.076867
v -0.048557 1.724440 -0.078100
v -0.048062 1.724840 -0.074982
v -0.046555 1.725450 -0.076221
v -0.057329 1.710564 -0.070033
v -0.057286 1.718092 -0.070246
v -0.054515 1.710645 -0.067130
v -0.056908 1.718740 -0.065342
v -0.058744 1.713420 -0.070426
v -0.057471 1.720255 -0.069718
v -0.057797 1.719719 -0.068858
v -0.057021 1.721048 -0.066586
v -0.057624 1.720443 -0.065609
v -0.016802 1.715575 -0.091670
v -0.017301 1.707165 -0.091659
v -0.015511 1.716895 -0.087659
v -0.016113 1.706807 -0.087439
v -0.017149 1.710869 -0.092729
v -0.011603 1.705858 -0.089429
v -0.012376 1.706159 -0.093271
v -0.011444 1.709496 -0.094210
v -0.011505 1.715485 -0.089886
v -0.012434 1.714032 -0.093250
v -0.060529 1.708754 -0.062575
v -0.058169 1.708743 -0.060084
v -0.060651 1.715392 -0.063989
v -0.058247 1.716882 -0.061608
v -0.061251 1.711378 -0.063811
v -0.009535 1.705301 -0.093044
v -0.009265 1.705185 -0.092418
v -0.008945 1.705755 -0.093093
v -0.008535 1.705710 -0.092436
v -0.009360 1.711360 -0.093830
v -0.043721 1.719213 -0.083917
v -0.039283 1.710095 -0.085495
v -0.061766 1.712661 -0.060695
v -0.046875 1.721941 -0.081197
v -0.061846 1.707669 -0.059666
v -0.029995 1.718749 -0.087766
v -0.021079 1.707810 -0.090498
v -0.025785 1.715572 -0.090175
v -0.029909 1.709010 -0.088332
v -0.039051 1.720963 -0.084271
v -0.034986 1.717420 -0.087483
v -0.056979 1.718378 -0.071996
v -0.051635 1.710594 -0.078504
v -0.055426 1.717125 -0.075763
v -0.009002 1.711927 -0.090559
v -0.010718 1.705615 -0.090000
v -0.036894 1.709132 -0.080446
v -0.059555 1.713056 -0.058096
v -0.059350 1.707850 -0.057824
v -0.028146 1.720197 -0.082815
v -0.019684 1.707373 -0.086092
v -0.028058 1.708075 -0.083352
v -0.036597 1.722906 -0.079513
v -0.048520 1.710405 -0.074610
v -0.061378 1.707249 -0.057621
v -0.053041 1.710238 -0.074266
v -0.053445 1.721025 -0.072966
v -0.060450 1.714703 -0.060547
v -0.042117 1.709781 -0.081788
v -0.033674 1.708670 -0.084934
v -0.024679 1.707784 -0.087329
v -0.010637 1.705497 -0.092436
v -0.010863 1.713674 -0.092278
v -0.024770 1.718692 -0.087044
v -0.033535 1.720968 -0.083929
v -0.041961 1.722807 -0.080330
v -0.010060 1.706617 -0.094034
v -0.043835 1.712611 -0.084648
v -0.062341 1.708091 -0.058925
v -0.025729 1.710269 -0.090303
v -0.035041 1.711539 -0.088031
v -0.055210 1.712072 -0.076387
v -0.059767 1.708712 -0.057028
v -0.061251 1.710081 -0.058477
v -0.008269 1.709229 -0.092688
v -0.046828 1.715774 -0.083126
v -0.030434 1.713627 -0.089338
v -0.011297 1.705964 -0.093561
v -0.057399 1.714005 -0.073493
v -0.039842 1.715136 -0.086291
v -0.051715 1.720336 -0.077210
v -0.046074 1.710690 -0.082452
v -0.048618 1.722154 -0.072879
v -0.043180 1.710223 -0.077985
v -0.052580 1.714922 -0.079077
v -0.049281 1.718615 -0.080776
v -0.048437 1.722635 -0.076560
v -0.047238 1.710117 -0.079070
v -0.049283 1.712587 -0.081586
v -0.050094 1.724538 -0.077366
v -0.048044 1.725467 -0.075462
v -0.048108 1.724838 -0.077204
v -0.049679 1.724303 -0.076052
v -0.049202 1.723308 -0.078186
v -0.046561 1.723818 -0.079751
v -0.043950 1.724724 -0.077021
v -0.046961 1.723932 -0.074787
v -0.056082 1.710722 -0.073110
v -0.059793 1.716285 -0.066454
v -0.053106 1.710769 -0.069889
v -0.057523 1.717771 -0.063493
v -0.060086 1.712425 -0.066945
v -0.059009 1.715567 -0.070069
v -0.056942 1.718614 -0.068458
v -0.056037 1.710355 -0.068805
v -0.058213 1.711641 -0.070501
v -0.057728 1.719935 -0.069201
v -0.057581 1.720978 -0.065764
v -0.058033 1.720071 -0.067659
v -0.057503 1.720717 -0.068617
v -0.054583 1.721339 -0.068833
v -0.057211 1.719727 -0.065717
v -0.056785 1.720123 -0.071370
v -0.057276 1.719298 -0.069721
v -0.020909 1.716590 -0.090452
v -0.013807 1.710010 -0.093603
v -0.019448 1.717890 -0.086054
v -0.012917 1.716079 -0.088980
v -0.014089 1.714672 -0.092618
v -0.021302 1.711894 -0.091639
v -0.017032 1.713459 -0.092525
v -0.016256 1.716580 -0.089925
v -0.016842 1.706699 -0.089828
v -0.017321 1.708622 -0.092538
v -0.011478 1.713664 -0.093519
v -0.010692 1.715053 -0.090328
v -0.010073 1.709176 -0.094478
v -0.014171 1.706318 -0.092582
v -0.013385 1.706270 -0.088595
v -0.012298 1.715073 -0.091779
v -0.011947 1.711929 -0.093998
v -0.011961 1.705411 -0.091612
v -0.011862 1.707376 -0.094046
v -0.058938 1.709770 -0.066205
v -0.056338 1.709820 -0.063568
v -0.061112 1.714753 -0.062400
v -0.058779 1.716181 -0.060291
v -0.062055 1.710687 -0.061482
v -0.059601 1.716409 -0.063037
v -0.061158 1.713509 -0.064147
v -0.059527 1.708497 -0.061388
v -0.061073 1.709723 -0.063331
v -0.009421 1.705213 -0.092815
v -0.009228 1.705430 -0.093054
v -0.008939 1.705280 -0.092628
v -0.008752 1.705691 -0.092837
v -0.010006 1.705491 -0.093275
v -0.009687 1.705250 -0.091664
v -0.007886 1.707014 -0.091808
v -0.008951 1.706518 -0.093445
v -0.039779 1.712155 -0.086359
v -0.062131 1.708836 -0.060654
v -0.021305 1.709466 -0.091432
v -0.030318 1.710933 -0.089267
v -0.052377 1.712304 -0.079179
v -0.060937 1.707293 -0.058580
v -0.038245 1.709257 -0.083346
v -0.029100 1.708211 -0.086194
v -0.009978 1.705309 -0.092680
v -0.029195 1.719831 -0.085588
v -0.050258 1.710133 -0.076843
v -0.060993 1.712822 -0.059263
v -0.037802 1.721942 -0.082037
v -0.020490 1.707264 -0.088582
v -0.048036 1.723397 -0.079464
v -0.010650 1.707021 -0.094236
v -0.061438 1.707988 -0.057787
v -0.009100 1.711568 -0.092472
v -0.052386 1.717862 -0.078466
v -0.030370 1.716492 -0.088929
v -0.021210 1.714516 -0.091404
v -0.061738 1.712892 -0.062226
v -0.039629 1.718460 -0.085702
v -0.046687 1.719149 -0.082454
v -0.050360 1.721589 -0.075224
v -0.044808 1.710045 -0.080544
v -0.046709 1.712734 -0.083234
v -0.049459 1.724785 -0.076338
v -0.045397 1.724161 -0.078680
v -0.048890 1.723551 -0.076414
v -0.057558 1.716385 -0.073019
v -0.058766 1.717242 -0.065281
v -0.054729 1.710459 -0.071749
v -0.056956 1.711976 -0.073616
v -0.057647 1.719452 -0.068054
v -0.058051 1.720441 -0.067670
v -0.057253 1.719441 -0.070604
v -0.056009 1.720799 -0.070567
v -0.011457 1.714646 -0.092143
v -0.013947 1.712538 -0.093404
v -0.020277 1.717573 -0.088535
v -0.011229 1.705618 -0.092158
v -0.013737 1.715705 -0.091033
v -0.013621 1.705564 -0.090807
v -0.060092 1.715737 -0.061614
v -0.060212 1.714502 -0.066900
v -0.057761 1.709571 -0.065058
v -0.059688 1.710752 -0.066774
v -0.009048 1.705284 -0.092829
v -0.008428 1.706820 -0.092856
v -0.009577 1.705921 -0.093502
v -0.010577 1.711603 -0.094240
v -0.014126 1.707890 -0.093435
v 0.010980 1.713181 -0.093384
v 0.010676 1.705785 -0.093531
v 0.043724 1.722512 -0.082251
v 0.043274 1.710513 -0.083814
v 0.061223 1.714195 -0.061355
v 0.062141 1.707320 -0.058492
v 0.025471 1.717684 -0.089115
v 0.025380 1.708442 -0.089344
v 0.034594 1.709553 -0.087138
v 0.034501 1.719885 -0.086241
v 0.055333 1.719679 -0.074321
v 0.054415 1.710591 -0.075781
v 0.010206 1.705437 -0.090666
v 0.010101 1.714015 -0.090473
v 0.040618 1.709848 -0.079068
v 0.040510 1.724159 -0.078018
v 0.023840 1.719030 -0.084383
v 0.032478 1.708432 -0.081958
v 0.059796 1.707876 -0.056922
v 0.059144 1.715065 -0.059301
v 0.051745 1.721582 -0.070922
v 0.051337 1.710541 -0.072221
v 0.032382 1.721473 -0.081221
v 0.023771 1.707819 -0.084696
v 0.009106 1.708587 -0.094089
v 0.043906 1.715709 -0.084571
v 0.062163 1.710219 -0.059767
v 0.025829 1.712860 -0.090479
v 0.035128 1.714345 -0.087998
v 0.055491 1.714411 -0.076299
v 0.007732 1.709453 -0.090891
v 0.059725 1.710617 -0.057347
v 0.048785 1.721552 -0.079338
v 0.048583 1.710680 -0.080862
v 0.046660 1.723012 -0.074252
v 0.045523 1.710346 -0.076661
v 0.049453 1.715442 -0.081459
v 0.050575 1.724400 -0.076867
v 0.048557 1.724440 -0.078100
v 0.048062 1.724840 -0.074982
v 0.046555 1.725450 -0.076221
v 0.057329 1.710564 -0.070033
v 0.057286 1.718092 -0.070246
v 0.054515 1.710645 -0.067130
v 0.056908 1.718740 -0.065342
v 0.058744 1.713420 -0.070426
v 0.057471 1.720255 -0.069718
v 0.057797 1.719719 -0.068858
v 0.057021 1.721048 -0.066586
v 0.057624 1.720443 -0.065609
v 0.016802 1.715575 -0.091670
v 0.017301 1.707165 -0.091659
v 0.015511 1.716895 -0.087659
v 0.016113 1.706807 -0.087439
v 0.017149 1.710869 -0.092729
v 0.011603 1.705858 -0.089429
v 0.012377 1.706159 -0.093271
v 0.011444 1.709496 -0.094210
v 0.011505 1.715485 -0.089886
v 0.012434 1.714032 -0.093250
v 0.060529 1.708754 -0.062575
v 0.058169 1.708743 -0.060084
v 0.060651 1.715392 -0.063989
v 0.058247 1.716882 -0.061608
v 0.061251 1.711378 -0.063811
v 0.009535 1.705301 -0.093044
v 0.009265 1.705185 -0.092418
v 0.008945 1.705755 -0.093093
v 0.008535 1.705710 -0.092436
v 0.009360 1.711360 -0.093830
v 0.043721 1.719213 -0.083917
v 0.039283 1.710095 -0.085495
v 0.061766 1.712661 -0.060695
v 0.046875 1.721941 -0.081197
v 0.061846 1.707669 -0.059666
v 0.029995 1.718749 -0.087766
v 0.021079 1.707810 -0.090498
v 0.025785 1.715572 -0.090175
v 0.029909 1.709010 -0.088332
v 0.039051 1.720963 -0.084271
v 0.034986 1.717420 -0.087483
v 0.056979 1.718378 -0.071996
v 0.051635 1.710594 -0.078504
v 0.055426 1.717125 -0.075763
v 0.009002 1.711927 -0.090559
v 0.010718 1.705615 -0.090000
v 0.036894 1.709132 -0.080446
v 0.059555 1.713056 -0.058096
v 0.059350 1.707850 -0.057824
v 0.028146 1.720197 -0.082815
v 0.019684 1.707373 -0.086092
v 0.028058 1.708075 -0.083352
v 0.036597 1.722906 -0.079513
v 0.048520 1.710405 -0.074610
v 0.061378 1.707249 -0.057621
v 0.053041 1.710238 -0.074266
v 0.053445 1.721025 -0.072966
v 0.060450 1.714703 -0.060547
v 0.042117 1.709781 -0.081788
v 0.033674 1.708670 -0.084934
v 0.024679 1.707784 -0.087329
v 0.010637 1.705497 -0.092436
v 0.010863 1.713674 -0.092278
v 0.024770 1.718692 -0.087044
v 0.033535 1.720968 -0.083929
v 0.041961 1.722807 -0.080330
v 0.010060 1.706617 -0.094034
v 0.043835 1.712611 -0.084648
v 0.062341 1.708091 -0.058925
v 0.025729 1.710269 -0.090303
v 0.035041 1.711539 -0.088031
v 0.055210 1.712072 -0.076387
v 0.059767 1.708712 -0.057028
v 0.061251 1.710081 -0.058477
v 0.008269 1.709229 -0.092688
v 0.046828 1.715774 -0.083126
v 0.030434 1.713627 -0.089338
v 0.011297 1.705964 -0.093561
v 0.057399 1.714005 -0.073493
v 0.039843 1.715136 -0.086291
v 0.051715 1.720336 -0.077210
v 0.046074 1.710690 -0.082452
v 0.048618 1.722154 -0.072879
v 0.043180 1.710223 -0.077985
v 0.052580 1.714922 -0.079077
v 0.049281 1.718615 -0.080776
v 0.048437 1.722635 -0.076560
v 0.047238 1.710117 -0.079070
v 0.049283 1.712587 -0.081586
v 0.050094 1.724538 -0.077366
v 0.048044 1.725467 -0.075462
v 0.048108 1.724838 -0.077204
v 0.049679 1.724303 -0.076052
v 0.049202 1.723308 -0.078186
v 0.046561 1.723818 -0.079751
v 0.043950 1.724724 -0.077021
v 0.046961 1.723932 -0.074787
v 0.056082 1.710722 -0.073110
v 0.059793 1.716285 -0.066454
v 0.053106 1.710769 -0.069889
v 0.057523 1.717771 -0.063493
v 0.060086 1.712425 -0.066945
v 0.059009 1.715567 -0.070069
v 0.056942 1.718614 -0.068458
v 0.056037 1.710355 -0.068805
v 0.058213 1.711641 -0.070501
v 0.057728 1.719935 -0.069201
v 0.057581 1.720978 -0.065764
v 0.058033 1.720071 -0.067659
v 0.057503 1.720717 -0.068617
v 0.054583 1.721339 -0.068833
v 0.057211 1.719727 -0.065717
v 0.056785 1.720123 -0.071370
v 0.057277 1.719298 -0.069721
v 0.020909 1.716590 -0.090452
v 0.013807 1.710010 -0.093603
v 0.019448 1.717890 -0.086054
v 0.012917 1.716079 -0.088980
v 0.014089 1.714672 -0.092618
v 0.021302 1.711894 -0.091639
v 0.017032 1.713459 -0.092525
v 0.016256 1.716580 -0.089925
v 0.016842 1.706699 -0.089828
v 0.017321 1.708622 -0.092538
v 0.011478 1.713664 -0.093519
v 0.010692 1.715053 -0.090328
v 0.010073 1.709176 -0.094478
v 0.014171 1.706318 -0.092582
v 0.013385 1.706270 -0.088595
v 0.012298 1.715073 -0.091779
v 0.011947 1.711929 -0.093998
v 0.011961 1.705411 -0.091612
v 0.011862 1.707376 -0.094046
v 0.058938 1.709770 -0.066205
v 0.056338 1.709820 -0.063568
v 0.061113 1.714753 -0.062400
v 0.058779 1.716181 -0.060291
v 0.062055 1.710687 -0.061482
v 0.059601 1.716409 -0.063037
v 0.061158 1.713509 -0.064147
v 0.059527 1.708497 -0.061388
v 0.061073 1.709723 -0.063331
v 0.009422 1.705213 -0.092815
v 0.009228 1.705430 -0.093054
v 0.008939 1.705280 -0.092628
v 0.008752 1.705691 -0.092837
v 0.010006 1.705491 -0.093275
v 0.009687 1.705250 -0.091664
v 0.007886 1.707014 -0.091808
v 0.008951 1.706518 -0.093445
v 0.039779 1.712155 -0.086359
v 0.062131 1.708836 -0.060654
v 0.021305 1.709466 -0.091432
v 0.030318 1.710933 -0.089267
v 0.052377 1.712304 -0.079179
v 0.060937 1.707293 -0.058580
v 0.038245 1.709257 -0.083346
v 0.029100 1.708211 -0.086194
v 0.009978 1.705309 -0.092680
v 0.029195 1.719831 -0.085588
v 0.050259 1.710133 -0.076843
v 0.060994 1.712822 -0.059263
v 0.037802 1.721942 -0.082037
v 0.020490 1.707264 -0.088582
v 0.048036 1.723397 -0.079464
v 0.010650 1.707021 -0.094236
v 0.061438 1.707988 -0.057787
v 0.009100 1.711568 -0.092472
v 0.052386 1.717862 -0.078466
v 0.030370 1.716492 -0.088929
v 0.021210 1.714516 -0.091404
v 0.061738 1.712892 -0.062226
v 0.039629 1.718460 -0.085702
v 0.046687 1.719149 -0.082454
v 0.050360 1.721589 -0.075224
v 0.044808 1.710045 -0.080544
v 0.046709 1.712734 -0.083234
v 0.049459 1.724785 -0.076338
v 0.045397 1.724161 -0.078680
v 0.048890 1.723551 -0.076414
v 0.057558 1.716385 -0.073019
v 0.058766 1.717242 -0.065281
v 0.054729 1.710459 -0.071749
v 0.056956 1.711976 -0.073616
v 0.057647 1.719452 -0.068054
v 0.058051 1.720441 -0.067670
v 0.057253 1.719441 -0.070604
v 0.056009 1.720799 -0.070567
v 0.011457 1.714646 -0.092143
v 0.013947 1.712538 -0.093404
v 0.020277 1.717573 -0.088535
v 0.011229 1.705618 -0.092158
v 0.013737 1.715705 -0.091033
v 0.013621 1.705564 -0.090807
v 0.060092 1.715737 -0.061614
v 0.060212 1.714502 -0.066900
v 0.057761 1.709571 -0.065058
v 0.059688 1.710752 -0.066774
v 0.009049 1.705284 -0.092829
v 0.008428 1.706820 -0.092856
v 0.009577 1.705921 -0.093502
v 0.010577 1.711603 -0.094240
v 0.014126 1.707890 -0.093435
v -0.020633 1.694860 -0.076278
v -0.019989 1.695384 -0.076400
v -0.020772 1.695180 -0.075538
v -0.020129 1.695705 -0.075660
v -0.048815 1.702650 -0.073527
v -0.047656 1.700353 -0.074287
v -0.048746 1.699640 -0.076025
v -0.050241 1.701962 -0.075404
v -0.052873 1.700996 -0.069789
v -0.053595 1.700527 -0.070954
v -0.050841 1.699840 -0.071256
v -0.051770 1.699251 -0.072732
v -0.041561 1.704277 -0.080480
v -0.044912 1.703735 -0.077821
v -0.043943 1.701005 -0.077791
v -0.040478 1.701525 -0.080341
v -0.045012 1.700215 -0.079526
v -0.041447 1.700664 -0.081934
v -0.042547 1.703480 -0.082095
v -0.045998 1.703025 -0.079562
v -0.037715 1.703741 -0.083991
v -0.032318 1.703299 -0.084264
v -0.032958 1.704113 -0.082369
v -0.037475 1.704503 -0.082175
v -0.032900 1.701673 -0.081645
v -0.037433 1.701837 -0.081534
v -0.037544 1.701068 -0.083381
v -0.032754 1.700895 -0.083513
v -0.028866 1.700205 -0.083365
v -0.023873 1.697814 -0.080482
v -0.023308 1.699342 -0.080982
v -0.028163 1.702281 -0.083903
v -0.029299 1.700914 -0.081393
v -0.024193 1.698351 -0.078954
v -0.023610 1.699890 -0.079435
v -0.028557 1.702994 -0.081928
v 0.020633 1.694860 -0.076278
v 0.019989 1.695384 -0.076400
v 0.020772 1.695180 -0.075538
v 0.020129 1.695705 -0.075660
v 0.048815 1.702650 -0.073527
v 0.047656 1.700353 -0.074287
v 0.048746 1.699640 -0.076025
v 0.050241 1.701962 -0.075404
v 0.052873 1.700996 -0.069789
v 0.053595 1.700527 -0.070954
v 0.050841 1.699840 -0.071256
v 0.051771 1.699251 -0.072732
v 0.041561 1.704277 -0.080480
v 0.044912 1.703735 -0.077821
v 0.043943 1.701005 -0.077791
v 0.040478 1.701525 -0.080341
v 0.045012 1.700215 -0.079526
v 0.041447 1.700664 -0.081934
v 0.042547 1.703480 -0.082095
v 0.045998 1.703025 -0.079562
v 0.037715 1.703741 -0.083991
v 0.032318 1.703299 -0.084264
v 0.032958 1.704113 -0.082369
v 0.037475 1.704503 -0.082175
v 0.032900 1.701673 -0.081645
v 0.037433 1.701837 -0.081534
v 0.037544 1.701068 -0.083381
v 0.032754 1.700895 -0.083513
v 0.028866 1.700205 -0.083365
v 0.023873 1.697814 -0.080482
v 0.023308 1.699342 -0.080982
v 0.028163 1.702281 -0.083903
v 0.029299 1.700914 -0.081393
v 0.024193 1.698351 -0.078954
v 0.023610 1.699890 -0.079435
v 0.028557 1.702994 -0.081928
vn -0.2949 0.0818 -0.9520
vn -0.3143 -0.2314 -0.9207
vn -0.3748 -0.2163 -0.9015
vn -0.3512 0.0976 -0.9312
vn -0.2721 -0.7432 -0.6112
vn -0.3146 -0.7431 -0.5906
vn -0.3286 -0.7500 -0.5740
vn -0.4195 -0.2096 -0.8832
vn -0.4079 0.1043 -0.9070
vn -0.9240 -0.1092 -0.3665
vn -0.7761 -0.4470 -0.4448
vn -0.8908 -0.3182 -0.3242
vn -0.9783 -0.0045 -0.2072
vn -0.2884 -0.8676 -0.4050
vn -0.4416 -0.8165 -0.3718
vn -0.7238 -0.6601 0.2009
vn -0.9806 -0.0773 0.1804
vn -0.9513 0.1789 0.2511
vn -0.2571 0.0107 -0.9663
vn -0.3145 -0.2753 -0.9085
vn -0.2974 -0.2903 -0.9096
vn -0.2509 0.0114 -0.9679
vn -0.3383 -0.7601 -0.5549
vn -0.2811 -0.7848 -0.5524
vn -0.2466 -0.7760 -0.5805
vn -0.2680 -0.2813 -0.9214
vn -0.2397 0.0259 -0.9705
vn -0.2645 -0.2563 -0.9297
vn -0.2483 0.0543 -0.9672
vn -0.2361 -0.7571 -0.6091
vn -0.5820 0.0991 -0.8071
vn -0.5513 -0.2364 -0.8001
vn -0.6221 -0.2721 -0.7341
vn -0.6555 0.0813 -0.7508
vn -0.3506 -0.7793 -0.5193
vn -0.3807 -0.8043 -0.4562
vn -0.4431 -0.8267 -0.3468
vn -0.7255 -0.3263 -0.6059
vn -0.7632 0.0308 -0.6454
vn 0.2091 -0.9503 -0.2308
vn 0.1725 -0.9754 -0.1372
vn 0.3446 -0.9247 -0.1618
vn 0.3415 -0.9393 -0.0335
vn -0.1701 -0.5450 0.8210
vn -0.3697 -0.6872 0.6254
vn -0.1598 -0.9753 -0.1527
vn -0.1786 -0.9768 -0.1182
vn -0.1189 -0.9928 -0.0136
vn -0.1401 -0.9897 0.0282
vn -0.1112 -0.9909 0.0752
vn -0.1562 -0.9843 -0.0821
vn -0.1354 -0.9850 -0.1072
vn -0.1326 -0.9801 -0.1476
vn -0.0863 -0.9957 0.0347
vn -0.0866 -0.9962 -0.0082
vn -0.2412 -0.9698 0.0373
vn -0.2799 -0.9545 -0.1035
vn -0.2579 -0.9580 -0.1257
vn -0.2480 -0.9685 0.0204
vn -0.1468 -0.7697 -0.6213
vn -0.0877 -0.8066 -0.5846
vn 0.0180 -0.8277 -0.5609
vn 0.0079 -0.9630 -0.2693
vn -0.0352 -0.9978 -0.0567
vn -0.0850 0.7265 -0.6819
vn 0.1005 0.9280 -0.3586
vn 0.1277 0.9323 -0.3385
vn -0.0504 0.7120 -0.7003
vn 0.1565 0.9487 -0.2748
vn 0.1855 0.9600 -0.2098
vn 0.1838 0.9646 -0.1890
vn 0.1294 0.9352 -0.3295
vn -0.0387 0.7069 -0.7062
vn -0.0599 -0.9960 -0.0664
vn -0.0498 -0.9979 -0.0402
vn 0.0228 -0.9967 0.0773
vn 0.0431 -0.9953 0.0871
vn 0.0425 -0.9930 0.1104
vn -0.0660 -0.9978 0.0048
vn -0.6965 0.2655 0.6667
vn -0.7251 0.3863 0.5701
vn -0.9214 0.3075 0.2374
vn -0.6015 0.2524 0.7579
vn -0.6354 0.3965 0.6627
vn -0.6297 0.5792 0.5177
vn -0.7009 0.5680 0.4315
vn -0.8525 0.4680 0.2327
vn -0.1264 0.7391 -0.6616
vn 0.0933 0.9079 -0.4086
vn 0.0778 0.9174 -0.3902
vn -0.0940 0.7444 -0.6611
vn 0.0581 0.8848 -0.4624
vn 0.0907 0.9160 -0.3909
vn -0.2274 -0.9733 -0.0316
vn -0.1603 -0.9846 -0.0695
vn -0.1578 -0.9770 0.1435
vn -0.1105 -0.9913 0.0715
vn -0.4870 0.4483 -0.7496
vn -0.5220 0.4793 -0.7055
vn -0.1233 0.8237 -0.5535
vn -0.7359 0.3954 -0.5496
vn -0.9089 -0.2962 -0.2936
vn -0.9817 0.0313 0.1878
vn -0.6337 0.6203 -0.4623
vn -0.1651 0.8616 -0.4800
vn 0.6202 -0.0211 -0.7842
vn 0.2042 -0.3656 -0.9081
vn -0.0426 -0.2712 -0.9616
vn 0.1214 0.0170 -0.9925
vn -0.2197 -0.7285 -0.6489
vn -0.2721 -0.7136 -0.6455
vn -0.2685 -0.2273 -0.9361
vn -0.2125 0.0067 -0.9771
vn -0.6422 0.1877 0.7433
vn -0.5206 0.1982 0.8305
vn 0.6200 0.5856 -0.5222
vn 0.7490 0.5637 -0.3482
vn 0.8279 0.4723 -0.3026
vn 0.6767 0.3721 -0.6353
vn 0.7701 0.5291 -0.3563
vn 0.8304 0.4945 -0.2569
vn 0.9243 0.2615 -0.2781
vn 0.9089 0.1635 -0.3837
vn -0.6061 0.3047 -0.7347
vn -0.6434 0.3181 -0.6963
vn -0.5705 0.6665 -0.4798
vn -0.7420 0.2766 -0.6106
vn -0.6326 0.6210 -0.4628
vn -0.1896 0.2924 -0.9373
vn -0.2051 0.3110 -0.9280
vn -0.2476 0.3297 -0.9110
vn -0.0472 0.6630 -0.7471
vn -0.2041 0.2363 -0.9500
vn -0.1929 0.2663 -0.9444
vn -0.0438 0.6898 -0.7227
vn -0.8555 0.5106 -0.0865
vn -0.9540 0.1323 -0.2690
vn -0.9745 0.1832 -0.1297
vn -0.8702 0.4914 0.0362
vn -0.2908 0.3416 -0.8937
vn -0.3531 0.3243 -0.8776
vn -0.4968 0.2911 -0.8176
vn -0.4946 0.1052 -0.8627
vn -0.3056 0.9282 -0.2122
vn -0.3929 0.9107 -0.1276
vn -0.2090 0.9731 -0.0966
vn -0.3101 0.9505 0.0207
vn -0.6654 0.5923 0.4544
vn -0.8797 0.3900 0.2722
vn -0.1038 -0.9919 -0.0732
vn -0.3361 -0.7580 -0.5590
vn -0.0399 -0.9955 0.0863
vn -0.4805 -0.2135 -0.8506
vn -0.7280 -0.0949 0.6790
vn -0.4111 0.8985 0.1540
vn -0.5837 -0.1183 0.8033
vn -0.4362 0.8963 0.0797
vn -0.0377 0.9112 -0.4103
vn -0.0843 0.9364 -0.3407
vn 0.0765 0.9095 -0.4085
vn 0.0564 0.8851 -0.4620
vn -0.6501 -0.5462 0.5282
vn -0.6279 -0.2831 0.7250
vn -0.8707 0.2388 -0.4299
vn -0.8828 0.3208 -0.3430
vn -0.8675 -0.0542 -0.4944
vn -0.9063 -0.1256 -0.4036
vn -0.9156 0.2224 -0.3350
vn -0.9471 0.2855 -0.1464
vn -0.6186 0.7774 0.1142
vn -0.6380 0.7693 0.0327
vn -0.8144 0.5599 -0.1525
vn -0.5161 0.8340 0.1951
vn -0.5587 0.8206 0.1206
vn -0.8862 0.4535 0.0952
vn -0.9827 0.1830 0.0291
vn -0.0284 -0.9996 0.0055
vn -0.4610 -0.8531 -0.2442
vn 0.1064 -0.9919 0.0693
vn 0.2213 -0.9745 -0.0377
vn 0.0878 -0.9928 -0.0813
vn -0.3761 -0.8874 -0.2667
vn -0.8027 -0.3922 -0.4493
vn -0.7972 -0.4546 -0.3972
vn -0.8468 -0.5281 0.0640
vn -0.9348 -0.3438 -0.0894
vn -0.8354 -0.5224 0.1709
vn -0.9395 -0.2527 0.2311
vn -0.9572 -0.2811 0.0690
vn -0.9128 -0.3846 -0.1372
vn -0.8846 0.4634 -0.0528
vn -0.9613 0.0219 -0.2747
vn -0.8983 0.4256 0.1090
vn -0.3631 0.9262 -0.1011
vn -0.5553 0.8039 -0.2128
vn -0.7687 0.5315 -0.3558
vn -0.9544 0.0683 -0.2906
vn -0.7046 0.5864 -0.3996
vn -0.3294 0.9167 -0.2262
vn -0.2019 0.9719 -0.1207
vn -0.0321 0.5885 -0.8078
vn 0.1918 0.8738 -0.4469
vn 0.4651 0.7492 -0.4715
vn 0.2881 0.5639 -0.7739
vn 0.2671 0.9153 -0.3015
vn 0.5357 0.7501 -0.3878
vn -0.1891 0.1728 -0.9666
vn -0.2237 0.1965 -0.9546
vn -0.0547 0.6233 -0.7801
vn -0.2585 0.0088 -0.9660
vn 0.1220 0.9344 -0.3348
vn 0.1761 0.9668 -0.1851
vn 0.1878 0.9607 -0.2045
vn 0.1318 0.9238 -0.3595
vn -0.1614 -0.9788 -0.1263
vn -0.0868 -0.9937 -0.0714
vn -0.0458 -0.9960 0.0767
vn -0.0061 -0.9804 0.1970
vn 0.1548 0.9013 -0.4047
vn 0.2201 0.9426 -0.2513
vn -0.3397 -0.7433 -0.5762
vn -0.1968 -0.9804 -0.0045
vn -0.1331 -0.9642 0.2296
vn -0.6566 0.7111 0.2514
vn -0.5869 0.7299 0.3505
vn -0.9372 0.1583 -0.3107
vn -0.9119 -0.1401 -0.3858
vn 0.1661 -0.9721 -0.1657
vn -0.2976 -0.8906 -0.3438
vn 0.2865 -0.9515 -0.1124
vn -0.7674 -0.4761 -0.4295
vn 0.5950 -0.3814 -0.7075
vn 0.7585 -0.3975 -0.5165
vn 0.4463 -0.7821 -0.4349
vn 0.3544 -0.6051 -0.7129
vn 0.8452 -0.3344 -0.4169
vn 0.5457 -0.7816 -0.3024
vn 0.8672 -0.1294 -0.4809
vn 0.6370 -0.2395 -0.7328
vn 0.9238 -0.0567 -0.3787
vn 0.2821 -0.4589 -0.8425
vn 0.1611 0.2759 -0.9476
vn -0.3130 -0.2468 -0.9171
vn 0.2949 0.0818 -0.9520
vn 0.3512 0.0976 -0.9312
vn 0.3748 -0.2163 -0.9015
vn 0.3143 -0.2314 -0.9207
vn 0.3146 -0.7431 -0.5906
vn 0.2721 -0.7432 -0.6112
vn 0.4195 -0.2096 -0.8832
vn 0.3286 -0.7500 -0.5740
vn 0.4079 0.1043 -0.9070
vn 0.9240 -0.1092 -0.3665
vn 0.9783 -0.0045 -0.2072
vn 0.8908 -0.3182 -0.3242
vn 0.7761 -0.4470 -0.4448
vn 0.4416 -0.8165 -0.3718
vn 0.2884 -0.8676 -0.4050
vn 0.9806 -0.0773 0.1804
vn 0.7238 -0.6601 0.2010
vn 0.9513 0.1789 0.2511
vn 0.2571 0.0107 -0.9663
vn 0.2509 0.0114 -0.9679
vn 0.2974 -0.2903 -0.9096
vn 0.3145 -0.2753 -0.9085
vn 0.2811 -0.7848 -0.5524
vn 0.3383 -0.7601 -0.5549
vn 0.2680 -0.2813 -0.9214
vn 0.2466 -0.7760 -0.5805
vn 0.2397 0.0259 -0.9705
vn 0.2483 0.0543 -0.9672
vn 0.2645 -0.2563 -0.9297
vn 0.2361 -0.7571 -0.6091
vn 0.5820 0.0991 -0.8071
vn 0.6555 0.0813 -0.7509
vn 0.6221 -0.2721 -0.7341
vn 0.5513 -0.2364 -0.8001
vn 0.3807 -0.8043 -0.4562
vn 0.3506 -0.7793 -0.5193
vn 0.7255 -0.3263 -0.6059
vn 0.4431 -0.8267 -0.3468
vn 0.7632 0.0308 -0.6454
vn -0.1725 -0.9754 -0.1372
vn -0.2091 -0.9503 -0.2308
vn -0.3415 -0.9393 -0.0335
vn -0.3446 -0.9247 -0.1618
vn 0.3697 -0.6872 0.6254
vn 0.1701 -0.5450 0.8210
vn 0.1786 -0.9768 -0.1182
vn 0.1598 -0.9753 -0.1527
vn 0.1401 -0.9897 0.0282
vn 0.1189 -0.9928 -0.0136
vn 0.1562 -0.9843 -0.0821
vn 0.1112 -0.9909 0.0752
vn 0.1326 -0.9801 -0.1476
vn 0.1354 -0.9850 -0.1072
vn 0.0866 -0.9962 -0.0082
vn 0.0863 -0.9957 0.0347
vn 0.2412 -0.9698 0.0373
vn 0.2480 -0.9685 0.0204
vn 0.2579 -0.9580 -0.1257
vn 0.2798 -0.9545 -0.1035
vn 0.0877 -0.8066 -0.5846
vn 0.1468 -0.7697 -0.6213
vn -0.0080 -0.9630 -0.2693
vn -0.0180 -0.8277 -0.5609
vn 0.0351 -0.9978 -0.0567
vn 0.0850 0.7265 -0.6819
vn 0.0504 0.7120 -0.7003
vn -0.1277 0.9323 -0.3385
vn -0.1005 0.9280 -0.3586
vn -0.1855 0.9600 -0.2098
vn -0.1565 0.9487 -0.2748
vn -0.1294 0.9352 -0.3295
vn -0.1838 0.9646 -0.1890
vn 0.0387 0.7069 -0.7062
vn 0.0498 -0.9979 -0.0402
vn 0.0599 -0.9960 -0.0664
vn -0.0431 -0.9953 0.0871
vn -0.0228 -0.9967 0.0773
vn 0.0660 -0.9978 0.0048
vn -0.0425 -0.9930 0.1104
vn 0.9214 0.3075 0.2374
vn 0.7251 0.3863 0.5701
vn 0.6965 0.2655 0.6667
vn 0.6354 0.3965 0.6627
vn 0.6015 0.2524 0.7579
vn 0.7009 0.5680 0.4315
vn 0.6297 0.5792 0.5177
vn 0.8525 0.4681 0.2327
vn 0.1264 0.7391 -0.6616
vn 0.0940 0.7444 -0.6611
vn -0.0778 0.9174 -0.3902
vn -0.0933 0.9079 -0.4086
vn -0.0907 0.9160 -0.3909
vn -0.0581 0.8848 -0.4624
vn 0.1603 -0.9846 -0.0695
vn 0.2274 -0.9733 -0.0316
vn 0.1105 -0.9913 0.0715
vn 0.1578 -0.9770 0.1435
vn 0.1233 0.8237 -0.5535
vn 0.5220 0.4793 -0.7055
vn 0.4870 0.4483 -0.7496
vn 0.9089 -0.2962 -0.2936
vn 0.7359 0.3954 -0.5496
vn 0.6336 0.6203 -0.4623
vn 0.9817 0.0313 0.1878
vn 0.1651 0.8616 -0.4800
vn -0.6202 -0.0211 -0.7842
vn -0.1214 0.0170 -0.9925
vn 0.0426 -0.2712 -0.9616
vn -0.2042 -0.3656 -0.9081
vn 0.2197 -0.7285 -0.6488
vn 0.2685 -0.2273 -0.9361
vn 0.2721 -0.7136 -0.6455
vn 0.2125 0.0067 -0.9771
vn 0.6421 0.1877 0.7433
vn 0.5206 0.1982 0.8305
vn -0.6200 0.5856 -0.5222
vn -0.6767 0.3721 -0.6353
vn -0.8279 0.4723 -0.3026
vn -0.7490 0.5637 -0.3482
vn -0.8304 0.4945 -0.2569
vn -0.7701 0.5291 -0.3563
vn -0.9089 0.1635 -0.3837
vn -0.9243 0.2615 -0.2781
vn 0.5705 0.6665 -0.4798
vn 0.6434 0.3181 -0.6963
vn 0.6061 0.3047 -0.7347
vn 0.7420 0.2766 -0.6106
vn 0.6326 0.6210 -0.4628
vn 0.2051 0.3110 -0.9280
vn 0.1896 0.2924 -0.9373
vn 0.2476 0.3297 -0.9110
vn 0.0472 0.6630 -0.7471
vn 0.0438 0.6898 -0.7227
vn 0.1929 0.2663 -0.9444
vn 0.2041 0.2363 -0.9500
vn 0.8555 0.5106 -0.0865
vn 0.8702 0.4914 0.0362
vn 0.9745 0.1832 -0.1297
vn 0.9540 0.1323 -0.2690
vn 0.2908 0.3416 -0.8937
vn 0.3531 0.3243 -0.8776
vn 0.4968 0.2911 -0.8176
vn 0.4946 0.1052 -0.8627
vn 0.3929 0.9107 -0.1276
vn 0.3056 0.9282 -0.2122
vn 0.3101 0.9505 0.0207
vn 0.2090 0.9731 -0.0966
vn 0.8797 0.3900 0.2722
vn 0.6654 0.5923 0.4544
vn 0.3361 -0.7580 -0.5590
vn 0.1038 -0.9919 -0.0732
vn 0.0399 -0.9955 0.0863
vn 0.4805 -0.2135 -0.8506
vn 0.4111 0.8985 0.1540
vn 0.7280 -0.0949 0.6790
vn 0.4363 0.8963 0.0797
vn 0.5837 -0.1183 0.8033
vn 0.0843 0.9364 -0.3407
vn 0.0377 0.9112 -0.4103
vn -0.0564 0.8851 -0.4620
vn -0.0765 0.9095 -0.4085
vn 0.6501 -0.5462 0.5282
vn 0.6278 -0.2831 0.7250
vn 0.8828 0.3208 -0.3430
vn 0.8707 0.2388 -0.4299
vn 0.8675 -0.0542 -0.4944
vn 0.9156 0.2224 -0.3350
vn 0.9063 -0.1256 -0.4036
vn 0.9471 0.2855 -0.1464
vn 0.8144 0.5599 -0.1525
vn 0.6380 0.7693 0.0327
vn 0.6186 0.7774 0.1142
vn 0.5587 0.8206 0.1206
vn 0.5161 0.8340 0.1951
vn 0.9827 0.1830 0.0291
vn 0.8862 0.4535 0.0952
vn 0.4610 -0.8531 -0.2442
vn 0.0285 -0.9996 0.0055
vn -0.1064 -0.9919 0.0693
vn -0.0878 -0.9928 -0.0813
vn -0.2213 -0.9745 -0.0377
vn 0.3761 -0.8874 -0.2667
vn 0.8027 -0.3922 -0.4493
vn 0.7972 -0.4546 -0.3972
vn 0.9348 -0.3438 -0.0894
vn 0.8468 -0.5281 0.0640
vn 0.8354 -0.5224 0.1709
vn 0.9572 -0.2811 0.0690
vn 0.9395 -0.2527 0.2311
vn 0.9128 -0.3846 -0.1372
vn 0.9613 0.0219 -0.2747
vn 0.8846 0.4634 -0.0528
vn 0.8983 0.4256 0.1090
vn 0.5553 0.8039 -0.2128
vn 0.3631 0.9262 -0.1011
vn 0.7687 0.5315 -0.3558
vn 0.7046 0.5864 -0.3996
vn 0.9544 0.0683 -0.2906
vn 0.2019 0.9719 -0.1207
vn 0.3294 0.9167 -0.2262
vn 0.0322 0.5885 -0.8078
vn -0.2881 0.5639 -0.7739
vn -0.4652 0.7492 -0.4715
vn -0.1918 0.8738 -0.4469
vn -0.5357 0.7501 -0.3878
vn -0.2671 0.9153 -0.3015
vn 0.0547 0.6233 -0.7801
vn 0.2237 0.1965 -0.9546
vn 0.1891 0.1728 -0.9666
vn 0.2585 0.0088 -0.9660
vn -0.1220 0.9344 -0.3348
vn -0.1761 0.9668 -0.1851
vn -0.1318 0.9238 -0.3595
vn -0.1878 0.9607 -0.2045
vn 0.0868 -0.9937 -0.0714
vn 0.1613 -0.9788 -0.1263
vn 0.0458 -0.9960 0.0767
vn 0.0061 -0.9804 0.1970
vn -0.1548 0.9013 -0.4047
vn -0.2201 0.9426 -0.2513
vn 0.1968 -0.9804 -0.0045
vn 0.3397 -0.7433 -0.5762
vn 0.1331 -0.9641 0.2296
vn 0.6566 0.7111 0.2514
vn 0.5869 0.7299 0.3506
vn 0.9372 0.1583 -0.3107
vn 0.9119 -0.1401 -0.3858
vn 0.2976 -0.8906 -0.3438
vn -0.1661 -0.9721 -0.1657
vn -0.2865 -0.9515 -0.1124
vn 0.7674 -0.4761 -0.4295
vn -0.5950 -0.3814 -0.7075
vn -0.3545 -0.6051 -0.7129
vn -0.4463 -0.7821 -0.4349
vn -0.7585 -0.3975 -0.5165
vn -0.5457 -0.7816 -0.3024
vn -0.8452 -0.3344 -0.4169
vn -0.6370 -0.2394 -0.7327
vn -0.8672 -0.1294 -0.4809
vn -0.9238 -0.0567 -0.3787
vn -0.2821 -0.4589 -0.8425
vn -0.1610 0.2759 -0.9476
vn 0.3130 -0.2468 -0.9171
vn 0.6222 -0.6684 0.4075
vn -0.1385 0.3115 0.9401
vn -0.1263 0.3076 0.9431
vn 0.0187 0.2644 0.9642
vn 0.0113 0.2658 0.9640
vn -0.0726 0.9266 -0.3691
vn -0.0592 0.9267 -0.3710
vn -0.2529 0.9245 -0.2852
vn -0.2482 0.9242 -0.2901
vn -0.7353 -0.6697 0.1044
vn -0.6409 -0.7540 0.1439
vn -0.6086 -0.7780 0.1559
vn 0.1489 -0.3216 -0.9351
vn 0.1661 -0.3264 -0.9305
vn -0.0271 -0.2662 -0.9635
vn -0.0257 -0.2668 -0.9634
vn -0.3640 0.4537 0.8134
vn -0.2902 0.3844 0.8764
vn -0.3193 0.4119 0.8535
vn 0.3216 -0.9187 0.2292
vn 0.3228 -0.9192 0.2256
vn 0.3243 -0.9277 0.1847
vn 0.3260 -0.9269 0.1862
vn -0.3355 0.9278 -0.1632
vn -0.3320 0.9276 -0.1712
vn -0.3892 0.9177 -0.0794
vn -0.3934 0.9163 -0.0752
vn -0.6000 -0.2306 -0.7661
vn -0.5911 -0.2304 -0.7730
vn -0.6758 -0.2321 -0.6996
vn -0.6948 -0.2327 -0.6805
vn -0.4248 0.9042 -0.0436
vn 0.2092 0.2340 0.9495
vn 0.2018 0.2353 0.9507
vn 0.4785 0.2246 0.8489
vn 0.4508 0.2206 0.8649
vn -0.1997 -0.2335 -0.9516
vn -0.1978 -0.2338 -0.9519
vn -0.4281 -0.2180 -0.8771
vn -0.4561 -0.2210 -0.8620
vn 0.3170 -0.9315 0.1783
vn -0.7228 -0.2332 -0.6505
vn -0.1684 -0.8743 0.4552
vn 0.6730 0.1644 0.7211
vn 0.6673 0.1511 0.7293
vn 0.6567 0.1274 0.7433
vn 0.0942 -0.9224 0.3747
vn 0.1122 -0.9211 0.3727
vn 0.2684 -0.9111 0.3127
vn 0.2734 -0.9116 0.3069
vn 0.4081 -0.4464 -0.7963
vn 0.3708 -0.4124 -0.8321
vn 0.4626 -0.4955 -0.7351
vn 0.4221 0.8748 -0.2379
vn 0.4307 0.8715 -0.2345
vn 0.1816 0.9259 -0.3314
vn 0.1385 0.9260 -0.3511
vn 0.6293 0.2103 0.7482
vn 0.6211 0.2139 0.7540
vn -0.1162 -0.9273 0.3557
vn -0.1049 -0.9273 0.3594
vn 0.7099 0.6945 -0.1173
vn 0.8004 0.5952 -0.0715
vn 0.6819 0.7198 -0.1298
vn -0.3524 -0.8974 0.2655
vn -0.3642 -0.8942 0.2603
vn -0.6222 -0.6684 0.4075
vn 0.1385 0.3115 0.9401
vn -0.0113 0.2658 0.9640
vn -0.0187 0.2644 0.9642
vn 0.1264 0.3076 0.9431
vn 0.0726 0.9266 -0.3691
vn 0.2482 0.9242 -0.2901
vn 0.2529 0.9245 -0.2852
vn 0.0592 0.9267 -0.3710
vn 0.7353 -0.6697 0.1044
vn 0.6086 -0.7780 0.1559
vn 0.6409 -0.7540 0.1439
vn -0.1489 -0.3216 -0.9351
vn 0.0257 -0.2668 -0.9634
vn 0.0271 -0.2662 -0.9635
vn -0.1661 -0.3264 -0.9305
vn 0.3640 0.4537 0.8134
vn 0.3193 0.4119 0.8535
vn 0.2902 0.3844 0.8764
vn -0.3216 -0.9187 0.2292
vn -0.3260 -0.9268 0.1862
vn -0.3243 -0.9277 0.1847
vn -0.3228 -0.9192 0.2256
vn 0.3355 0.9278 -0.1632
vn 0.3934 0.9163 -0.0752
vn 0.3892 0.9177 -0.0794
vn 0.3320 0.9276 -0.1712
vn 0.6000 -0.2306 -0.7661
vn 0.6948 -0.2327 -0.6805
vn 0.6758 -0.2321 -0.6996
vn 0.5911 -0.2304 -0.7730
vn 0.4248 0.9042 -0.0436
vn -0.2092 0.2340 0.9495
vn -0.4508 0.2206 0.8649
vn -0.4785 0.2246 0.8489
vn -0.2018 0.2353 0.9507
vn 0.1997 -0.2335 -0.9516
vn 0.4561 -0.2210 -0.8620
vn 0.4281 -0.2180 -0.8771
vn 0.1978 -0.2338 -0.9519
vn -0.3170 -0.9315 0.1783
vn 0.7228 -0.2332 -0.6505
vn 0.1684 -0.8743 0.4552
vn -0.6730 0.1644 0.7211
vn -0.6567 0.1274 0.7433
vn -0.6673 0.1511 0.7293
vn -0.0942 -0.9224 0.3747
vn -0.2734 -0.9116 0.3069
vn -0.2684 -0.9111 0.3127
vn -0.1122 -0.9211 0.3727
vn -0.4081 -0.4464 -0.7963
vn -0.4626 -0.4955 -0.7352
vn -0.3708 -0.4124 -0.8321
vn -0.4221 0.8748 -0.2379
vn -0.1385 0.9260 -0.3511
vn -0.1816 0.9259 -0.3314
vn -0.4307 0.8715 -0.2345
vn -0.6293 0.2103 0.7482
vn -0.6211 0.2139 0.7540
vn 0.1049 -0.9273 0.3594
vn 0.1162 -0.9273 0.3557
vn -0.7099 0.6945 -0.1173
vn -0.6819 0.7198 -0.1298
vn -0.8004 0.5952 -0.0715
vn 0.3642 -0.8942 0.2603
vn 0.3524 -0.8974 0.2655
vt 0.382912 0.972842
vt 0.382614 0.967924
vt 0.391414 0.968753
vt 0.391726 0.973947
vt 0.382293 0.964020
vt 0.391078 0.964751
vt 0.398722 0.965275
vt 0.399071 0.969318
vt 0.399418 0.974663
vt 0.444667 0.962303
vt 0.445018 0.959731
vt 0.448832 0.958607
vt 0.448048 0.960971
vt 0.445628 0.957839
vt 0.449665 0.957235
vt 0.450633 0.957026
vt 0.450456 0.957683
vt 0.450152 0.960047
vt 0.349452 0.968015
vt 0.349409 0.964137
vt 0.356896 0.964894
vt 0.357070 0.969307
vt 0.349429 0.961141
vt 0.356743 0.961381
vt 0.365084 0.962050
vt 0.365347 0.965923
vt 0.365607 0.970687
vt 0.373943 0.966974
vt 0.374225 0.971815
vt 0.373638 0.963047
vt 0.410329 0.973738
vt 0.409694 0.968936
vt 0.416105 0.968063
vt 0.416852 0.972326
vt 0.409232 0.965323
vt 0.415640 0.964874
vt 0.421849 0.964283
vt 0.422313 0.967078
vt 0.423249 0.970673
vt 0.446374 0.955604
vt 0.450418 0.956053
vt 0.447274 0.952587
vt 0.451663 0.953969
vt 0.453062 0.955008
vt 0.451215 0.956535
vt 0.382126 0.959467
vt 0.390914 0.960235
vt 0.382151 0.953546
vt 0.390950 0.954337
vt 0.398466 0.955200
vt 0.398500 0.960919
vt 0.364976 0.957882
vt 0.373464 0.958626
vt 0.365022 0.952651
vt 0.373467 0.952995
vt 0.337045 0.956821
vt 0.337827 0.960004
vt 0.336707 0.960479
vt 0.336004 0.958725
vt 0.338027 0.961792
vt 0.336934 0.961439
vt 0.336138 0.961188
vt 0.335853 0.960879
vt 0.335360 0.960277
vt 0.383112 0.983317
vt 0.382452 0.988198
vt 0.373896 0.986266
vt 0.374496 0.981626
vt 0.381395 0.993632
vt 0.372757 0.991711
vt 0.364107 0.989571
vt 0.365238 0.984393
vt 0.365840 0.980004
vt 0.408917 0.961335
vt 0.415460 0.961145
vt 0.408708 0.955956
vt 0.415472 0.956018
vt 0.422309 0.956189
vt 0.421927 0.960890
vt 0.452166 0.959523
vt 0.451984 0.963642
vt 0.449546 0.963504
vt 0.455362 0.959507
vt 0.455023 0.964129
vt 0.453620 0.968218
vt 0.450642 0.967050
vt 0.449014 0.966038
vt 0.401366 0.987092
vt 0.399323 0.991309
vt 0.391013 0.990082
vt 0.392058 0.985172
vt 0.398310 0.996916
vt 0.390148 0.995535
vt 0.349461 0.957575
vt 0.356725 0.957523
vt 0.349497 0.952857
vt 0.356826 0.952587
vt 0.407206 0.985738
vt 0.410427 0.988975
vt 0.407798 0.989926
vt 0.412420 0.985692
vt 0.413192 0.989777
vt 0.414052 0.991808
vt 0.413626 0.991711
vt 0.411804 0.991522
vt 0.336644 0.966237
vt 0.337454 0.963331
vt 0.338391 0.963770
vt 0.338202 0.966781
vt 0.338986 0.961857
vt 0.340677 0.961615
vt 0.340185 0.963849
vt 0.340137 0.966914
vt 0.451587 0.957122
vt 0.454172 0.956045
vt 0.339788 0.972391
vt 0.339101 0.974111
vt 0.336038 0.971154
vt 0.337539 0.969821
vt 0.336919 0.976767
vt 0.333816 0.973679
vt 0.331421 0.968976
vt 0.334446 0.967638
vt 0.411169 0.979406
vt 0.417867 0.977349
vt 0.419227 0.982402
vt 0.424492 0.975030
vt 0.427004 0.979274
vt 0.365836 0.975655
vt 0.374473 0.977000
vt 0.383131 0.978336
vt 0.349523 0.976399
vt 0.349573 0.972440
vt 0.357207 0.974047
vt 0.357138 0.978204
vt 0.445219 0.968595
vt 0.444615 0.965588
vt 0.447422 0.964167
vt 0.447541 0.967100
vt 0.391968 0.979883
vt 0.399860 0.980839
vt 0.405653 0.980500
vt 0.405039 0.974568
vt 0.427569 0.983954
vt 0.421151 0.987129
vt 0.429443 0.988443
vt 0.423726 0.991947
vt 0.420153 0.994520
vt 0.416954 0.990042
vt 0.403851 0.961329
vt 0.404152 0.965507
vt 0.403689 0.955768
vt 0.404558 0.969398
vt 0.414551 0.992394
vt 0.413964 0.992733
vt 0.415742 0.995000
vt 0.414369 0.995469
vt 0.410963 0.996521
vt 0.411892 0.993151
vt 0.406589 0.992643
vt 0.405318 0.996798
vt 0.415713 0.991510
vt 0.418353 0.994858
vt 0.429995 0.972896
vt 0.431625 0.976478
vt 0.428543 0.969155
vt 0.433800 0.967167
vt 0.435150 0.970589
vt 0.434792 0.975907
vt 0.447042 0.970808
vt 0.443379 0.973114
vt 0.441340 0.970790
vt 0.450061 0.972798
vt 0.446753 0.975303
vt 0.443262 0.977364
vt 0.437953 0.976829
vt 0.427089 0.960052
vt 0.426881 0.963348
vt 0.427642 0.955657
vt 0.433086 0.954418
vt 0.432583 0.958462
vt 0.432362 0.961639
vt 0.427398 0.965964
vt 0.432769 0.964164
vt 0.438542 0.978603
vt 0.435749 0.978069
vt 0.442498 0.979146
vt 0.442423 0.980670
vt 0.439065 0.979778
vt 0.437263 0.979090
vt 0.438995 0.980341
vt 0.436670 0.979376
vt 0.442067 0.981621
vt 0.440449 0.982501
vt 0.437366 0.980851
vt 0.435687 0.979848
vt 0.434189 0.978341
vt 0.432648 0.979580
vt 0.433364 0.981751
vt 0.435202 0.985482
vt 0.342084 0.973429
vt 0.341847 0.976257
vt 0.340496 0.975314
vt 0.340672 0.972821
vt 0.340059 0.979457
vt 0.338624 0.978229
vt 0.341218 0.970230
vt 0.344319 0.971069
vt 0.344751 0.974669
vt 0.343772 0.967189
vt 0.356518 0.982260
vt 0.355386 0.987021
vt 0.347677 0.984278
vt 0.348903 0.980039
vt 0.338867 0.959550
vt 0.340172 0.958650
vt 0.338084 0.955612
vt 0.339914 0.954571
vt 0.344298 0.977877
vt 0.342666 0.981574
vt 0.343668 0.960996
vt 0.343120 0.957719
vt 0.343736 0.953517
vt 0.449178 0.969072
vt 0.452151 0.970667
vt 0.440316 0.967885
vt 0.439641 0.964543
vt 0.439686 0.956659
vt 0.439349 0.959433
vt 0.440184 0.953108
vt 0.439284 0.961703
vt 0.335322 0.962010
vt 0.334817 0.961817
vt 0.335300 0.961138
vt 0.335704 0.961451
vt 0.334018 0.961659
vt 0.334945 0.960941
vt 0.334350 0.963722
vt 0.335633 0.963280
vt 0.332263 0.964069
vt 0.336469 0.962290
vt 0.339257 0.969864
vt 0.343805 0.963850
vt 0.212385 0.013080
vt 0.211182 0.013874
vt 0.209362 0.012095
vt 0.212273 0.010889
vt 0.337607 0.118650
vt 0.342721 0.117489
vt 0.344351 0.127897
vt 0.338526 0.127117
vt 0.233705 0.060054
vt 0.236859 0.056355
vt 0.245073 0.064553
vt 0.241546 0.067837
vt 0.220893 0.019845
vt 0.218197 0.022974
vt 0.222360 0.038749
vt 0.226640 0.035370
vt 0.233365 0.042799
vt 0.228215 0.046884
vt 0.323070 0.095385
vt 0.324520 0.094101
vt 0.335535 0.104712
vt 0.331675 0.105589
vt 0.255828 0.065269
vt 0.259640 0.061734
vt 0.268573 0.070555
vt 0.264216 0.073112
vt 0.249139 0.075138
vt 0.252025 0.070958
vt 0.262323 0.078840
vt 0.260211 0.084026
vt 0.269702 0.083008
vt 0.271113 0.085406
vt 0.337659 0.137555
vt 0.343940 0.138365
vt 0.341379 0.148266
vt 0.335475 0.144819
vt 0.241389 0.051909
vt 0.248545 0.058628
vt 0.273283 0.079630
vt 0.269357 0.079441
vt 0.327085 0.165031
vt 0.331303 0.169566
vt 0.324068 0.180723
vt 0.323070 0.174431
vt 0.245429 0.048834
vt 0.251523 0.054673
vt 0.215603 0.026098
vt 0.217718 0.041864
vt 0.225330 0.051726
vt 0.337603 0.157479
vt 0.331813 0.154129
vt 0.237706 0.039635
vt 0.211486 0.026727
vt 0.231045 0.032235
s 1
usemtl MI_Hair_1
f 29/1/1 111/2/2 191/3/3 120/4/4
f 111/2/2 9/5/5 72/6/6 191/3/3
f 191/3/3 72/6/6 4/7/7 108/8/8
f 120/4/4 191/3/3 108/8/8 26/9/9
f 65/10/10 182/11/11 192/12/12 178/13/13
f 182/11/11 61/14/14 75/15/15 192/12/12
f 192/12/12 75/15/15 6/16/16 109/17/17
f 178/13/13 192/12/12 109/17/17 27/18/18
f 55/19/19 164/20/20 193/21/21 160/22/22
f 164/20/20 52/23/23 77/24/24 193/21/21
f 193/21/21 77/24/24 8/25/25 110/26/26
f 160/22/22 193/21/21 110/26/26 28/27/27
f 28/27/27 110/26/26 194/28/28 117/29/29
f 110/26/26 8/25/25 79/30/30 194/28/28
f 194/28/28 79/30/30 9/5/5 111/2/2
f 117/29/29 194/28/28 111/2/2 29/1/1
f 37/31/31 129/32/32 195/33/33 125/34/34
f 129/32/32 34/35/35 83/36/36 195/33/33
f 195/33/33 83/36/36 12/37/37 112/38/38
f 125/34/34 195/33/33 112/38/38 30/39/39
f 61/14/14 181/40/40 196/41/41 75/15/15
f 181/40/40 62/42/42 89/43/43 196/41/41
f 196/41/41 89/43/43 19/44/44 95/45/45
f 75/15/15 196/41/41 95/45/45 6/16/16
f 9/5/5 100/46/46 197/47/47 72/6/6
f 100/46/46 18/48/48 87/49/49 197/47/47
f 197/47/47 87/49/49 15/50/50 99/51/51
f 72/6/6 197/47/47 99/51/51 4/7/7
f 8/25/25 101/52/52 198/53/53 79/30/30
f 101/52/52 24/54/54 92/55/55 198/53/53
f 198/53/53 92/55/55 18/48/48 100/46/46
f 79/30/30 198/53/53 100/46/46 9/5/5
f 13/56/56 102/57/57 199/58/58 188/59/59
f 102/57/57 2/60/60 187/61/61 199/58/58
f 199/58/58 187/61/61 66/62/62 183/63/63
f 188/59/59 199/58/58 183/63/63 67/64/64
f 10/65/65 105/66/66 200/67/67 76/68/68
f 105/66/66 23/69/69 90/70/70 200/67/67
f 200/67/67 90/70/70 17/71/71 104/72/72
f 76/68/68 200/67/67 104/72/72 7/73/73
f 34/35/35 128/74/74 201/75/75 83/36/36
f 128/74/74 36/76/76 94/77/77 201/75/75
f 201/75/75 94/77/77 22/78/78 96/79/79
f 83/36/36 201/75/75 96/79/79 12/37/37
f 27/18/18 114/80/80 202/81/81 73/82/82
f 114/80/80 32/83/83 88/84/84 202/81/81
f 202/81/81 88/84/84 20/85/85 98/86/86
f 73/82/82 202/81/81 98/86/86 5/87/87
f 3/88/88 106/89/89 203/90/90 80/91/91
f 106/89/89 16/92/92 93/93/93 203/90/90
f 203/90/90 93/93/93 23/69/69 105/66/66
f 80/91/91 203/90/90 105/66/66 10/65/65
f 52/23/23 163/94/94 204/95/95 77/24/24
f 163/94/94 54/96/96 91/97/97 204/95/95
f 204/95/95 91/97/97 24/54/54 101/52/52
f 77/24/24 204/95/95 101/52/52 8/25/25
f 3/88/88 74/98/98 205/99/99 135/100/100
f 74/98/98 33/101/101 134/102/102 205/99/99
f 205/99/99 134/102/102 38/103/103 130/104/104
f 135/100/100 205/99/99 130/104/104 39/105/105
f 25/106/106 107/107/107 206/108/108 167/109/109
f 107/107/107 2/60/60 118/110/110 206/108/108
f 206/108/108 118/110/110 57/111/111 173/112/112
f 167/109/109 206/108/108 173/112/112 58/113/113
f 6/16/16 95/45/45 207/114/114 109/17/17
f 95/45/45 19/44/44 113/115/115 207/114/114
f 207/114/114 113/115/115 32/83/83 114/80/80
f 109/17/17 207/114/114 114/80/80 27/18/18
f 1/116/116 103/117/117 208/118/118 70/119/119
f 103/117/117 14/120/120 85/121/121 208/118/118
f 208/118/118 85/121/121 31/122/122 115/123/123
f 70/119/119 208/118/118 115/123/123 25/106/106
f 33/101/101 126/124/124 209/125/125 121/126/126
f 126/124/124 37/31/31 125/34/34 209/125/125
f 209/125/125 125/34/34 30/39/39 84/127/127
f 121/126/126 209/125/125 84/127/127 11/128/128
f 7/73/73 78/129/129 210/130/130 76/68/68
f 78/129/129 28/27/27 117/29/29 210/130/130
f 210/130/130 117/29/29 29/1/1 81/131/131
f 76/68/68 210/130/130 81/131/131 10/65/65
f 51/132/132 161/133/133 211/134/134 155/135/135
f 161/133/133 55/19/19 160/22/22 211/134/134
f 211/134/134 160/22/22 28/27/27 78/129/129
f 155/135/135 211/134/134 78/129/129 7/73/73
f 63/136/136 180/137/137 212/138/138 176/139/139
f 180/137/137 65/10/10 178/13/13 212/138/138
f 212/138/138 178/13/13 27/18/18 73/82/82
f 176/139/139 212/138/138 73/82/82 5/87/87
f 10/65/65 81/131/131 213/140/140 80/91/91
f 81/131/131 29/1/1 120/4/4 213/140/140
f 213/140/140 120/4/4 26/9/9 71/141/141
f 80/91/91 213/140/140 71/141/141 3/88/88
f 3/88/88 71/141/141 214/142/142 74/98/98
f 71/141/141 26/9/9 116/143/143 214/142/142
f 214/142/142 116/143/143 37/31/31 126/124/124
f 74/98/98 214/142/142 126/124/124 33/101/101
f 11/128/128 97/144/144 215/145/145 121/126/126
f 97/144/144 21/146/146 123/147/147 215/145/145
f 215/145/145 123/147/147 35/148/148 127/149/149
f 121/126/126 215/145/145 127/149/149 33/101/101
f 4/7/7 99/51/51 216/150/150 122/151/151
f 99/51/51 15/50/50 124/152/152 216/150/150
f 216/150/150 124/152/152 36/76/76 128/74/74
f 122/151/151 216/150/150 128/74/74 34/35/35
f 26/9/9 108/8/8 217/153/153 116/143/143
f 108/8/8 4/7/7 122/151/151 217/153/153
f 217/153/153 122/151/151 34/35/35 129/32/32
f 116/143/143 217/153/153 129/32/32 37/31/31
f 38/103/103 133/154/154 218/155/155 130/104/104
f 133/154/154 40/156/156 131/157/157 218/155/155
f 218/155/155 131/157/157 41/158/158 132/159/159
f 130/104/104 218/155/155 132/159/159 39/105/105
f 16/92/92 106/89/89 219/160/160 136/161/161
f 106/89/89 3/88/88 135/100/100 219/160/160
f 219/160/160 135/100/100 39/105/105 132/159/159
f 136/161/161 219/160/160 132/159/159 41/158/158
f 33/101/101 127/149/149 220/162/162 134/102/102
f 127/149/149 35/148/148 137/163/163 220/162/162
f 220/162/162 137/163/163 40/156/156 133/154/154
f 134/102/102 220/162/162 133/154/154 38/103/103
f 11/128/128 84/127/127 221/164/164 82/165/165
f 84/127/127 30/39/39 119/166/166 221/164/164
f 221/164/164 119/166/166 46/167/167 143/168/168
f 82/165/165 221/164/164 143/168/168 43/169/169
f 63/136/136 179/170/170 222/171/171 139/172/172
f 179/170/170 64/173/173 141/174/174 222/171/171
f 222/171/171 141/174/174 45/175/175 144/176/176
f 139/172/172 222/171/171 144/176/176 43/169/169
f 12/37/37 96/79/79 223/177/177 138/178/178
f 96/79/79 22/78/78 140/179/179 223/177/177
f 223/177/177 140/179/179 44/180/180 145/181/181
f 138/178/178 223/177/177 145/181/181 42/182/182
f 30/39/39 112/38/38 224/183/183 119/166/166
f 112/38/38 12/37/37 138/178/178 224/183/183
f 224/183/183 138/178/178 42/182/182 146/184/184
f 119/166/166 224/183/183 146/184/184 46/167/167
f 43/169/169 144/176/176 225/185/185 154/186/186
f 144/176/176 45/175/175 152/187/187 225/185/185
f 225/185/185 152/187/187 50/188/188 149/189/189
f 154/186/186 225/185/185 149/189/189 48/190/190
f 48/190/190 149/189/189 226/191/191 147/192/192
f 149/189/189 50/188/188 148/193/193 226/191/191
f 226/191/191 148/193/193 49/194/194 150/195/195
f 147/192/192 226/191/191 150/195/195 47/196/196
f 11/128/128 82/165/165 227/197/197 153/198/198
f 82/165/165 43/169/169 154/186/186 227/197/197
f 227/197/197 154/186/186 48/190/190 147/192/192
f 153/198/198 227/197/197 147/192/192 47/196/196
f 21/146/146 97/144/144 228/199/199 151/200/200
f 97/144/144 11/128/128 153/198/198 228/199/199
f 228/199/199 153/198/198 47/196/196 150/195/195
f 151/200/200 228/199/199 150/195/195 49/194/194
f 60/201/201 170/202/202 229/203/203 165/204/204
f 170/202/202 59/205/205 166/206/206 229/203/203
f 229/203/203 166/206/206 14/120/120 103/117/117
f 165/204/204 229/203/203 103/117/117 1/116/116
f 60/201/201 171/207/207 230/208/208 159/209/209
f 171/207/207 58/113/113 156/210/210 230/208/208
f 230/208/208 156/210/210 55/19/19 161/133/133
f 159/209/209 230/208/208 161/133/133 51/132/132
f 7/73/73 104/72/72 231/211/211 155/135/135
f 104/72/72 17/71/71 157/212/212 231/211/211
f 231/211/211 157/212/212 53/213/213 162/214/214
f 155/135/135 231/211/211 162/214/214 51/132/132
f 57/111/111 118/110/110 232/215/215 172/216/216
f 118/110/110 2/60/60 102/57/57 232/215/215
f 232/215/215 102/57/57 13/56/56 86/217/217
f 172/216/216 232/215/215 86/217/217 56/218/218
f 51/132/132 162/214/214 233/219/219 159/209/209
f 162/214/214 53/213/213 158/220/220 233/219/219
f 233/219/219 158/220/220 59/205/205 170/202/202
f 159/209/209 233/219/219 170/202/202 60/201/201
f 52/23/23 168/221/221 234/222/222 163/94/94
f 168/221/221 57/111/111 172/216/216 234/222/222
f 234/222/222 172/216/216 56/218/218 169/223/223
f 163/94/94 234/222/222 169/223/223 54/96/96
f 5/87/87 98/86/86 235/224/224 176/139/139
f 98/86/86 20/85/85 177/225/225 235/224/224
f 235/224/224 177/225/225 64/173/173 179/170/170
f 176/139/139 235/224/224 179/170/170 63/136/136
f 43/169/169 143/168/168 236/226/226 139/172/172
f 143/168/168 46/167/167 142/227/227 236/226/226
f 236/226/226 142/227/227 65/10/10 180/137/137
f 139/172/172 236/226/226 180/137/137 63/136/136
f 42/182/182 145/181/181 237/228/228 174/229/229
f 145/181/181 44/180/180 175/230/230 237/228/228
f 237/228/228 175/230/230 62/42/42 181/40/40
f 174/229/229 237/228/228 181/40/40 61/14/14
f 46/167/167 146/184/184 238/231/231 142/227/227
f 146/184/184 42/182/182 174/229/229 238/231/231
f 238/231/231 174/229/229 61/14/14 182/11/11
f 142/227/227 238/231/231 182/11/11 65/10/10
f 68/232/232 186/233/233 239/234/234 184/235/235
f 186/233/233 69/236/236 185/237/237 239/234/234
f 239/234/234 185/237/237 67/64/64 183/63/63
f 184/235/235 239/234/234 183/63/63 66/62/62
f 25/106/106 115/123/123 240/238/238 190/239/239
f 115/123/123 31/122/122 189/240/240 240/238/238
f 240/238/238 189/240/240 69/236/236 186/233/233
f 190/239/239 240/238/238 186/233/233 68/232/232
f 2/60/60 107/107/107 241/241/241 187/61/61
f 107/107/107 25/106/106 190/239/239 241/241/241
f 241/241/241 190/239/239 68/232/232 184/235/235
f 187/61/61 241/241/241 184/235/235 66/62/62
f 1/116/116 70/119/119 242/242/242 165/204/204
f 70/119/119 25/106/106 167/109/109 242/242/242
f 242/242/242 167/109/109 58/113/113 171/207/207
f 165/204/204 242/242/242 171/207/207 60/201/201
f 58/113/113 173/112/112 243/243/243 156/210/210
f 173/112/112 57/111/111 168/221/221 243/243/243
f 243/243/243 168/221/221 52/23/23 164/20/20
f 156/210/210 243/243/243 164/20/20 55/19/19
f 272/1/244 363/4/245 434/3/246 354/2/247
f 354/2/247 434/3/246 315/6/248 252/5/249
f 434/3/246 351/8/250 247/7/251 315/6/248
f 363/4/245 269/9/252 351/8/250 434/3/246
f 308/10/253 421/13/254 435/12/255 425/11/256
f 425/11/256 435/12/255 318/15/257 304/14/258
f 435/12/255 352/17/259 249/16/260 318/15/257
f 421/13/254 270/18/261 352/17/259 435/12/255
f 298/19/262 403/22/263 436/21/264 407/20/265
f 407/20/265 436/21/264 320/24/266 295/23/267
f 436/21/264 353/26/268 251/25/269 320/24/266
f 403/22/263 271/27/270 353/26/268 436/21/264
f 271/27/270 360/29/271 437/28/272 353/26/268
f 353/26/268 437/28/272 322/30/273 251/25/269
f 437/28/272 354/2/247 252/5/249 322/30/273
f 360/29/271 272/1/244 354/2/247 437/28/272
f 280/31/274 368/34/275 438/33/276 372/32/277
f 372/32/277 438/33/276 326/36/278 277/35/279
f 438/33/276 355/38/280 255/37/281 326/36/278
f 368/34/275 273/39/282 355/38/280 438/33/276
f 304/14/258 318/15/257 439/41/283 424/40/284
f 424/40/284 439/41/283 332/43/285 305/42/286
f 439/41/283 338/45/287 262/44/288 332/43/285
f 318/15/257 249/16/260 338/45/287 439/41/283
f 252/5/249 315/6/248 440/47/289 343/46/290
f 343/46/290 440/47/289 330/49/291 261/48/292
f 440/47/289 342/51/293 258/50/294 330/49/291
f 315/6/248 247/7/251 342/51/293 440/47/289
f 251/25/269 322/30/273 441/53/295 344/52/296
f 344/52/296 441/53/295 335/55/297 267/54/298
f 441/53/295 343/46/290 261/48/292 335/55/297
f 322/30/273 252/5/249 343/46/290 441/53/295
f 256/56/299 431/59/300 442/58/301 345/57/302
f 345/57/302 442/58/301 430/61/303 245/60/304
f 442/58/301 426/63/305 309/62/306 430/61/303
f 431/59/300 310/64/307 426/63/305 442/58/301
f 253/65/308 319/68/309 443/67/310 348/66/311
f 348/66/311 443/67/310 333/70/312 266/69/313
f 443/67/310 347/72/314 260/71/315 333/70/312
f 319/68/309 250/73/316 347/72/314 443/67/310
f 277/35/279 326/36/278 444/75/317 371/74/318
f 371/74/318 444/75/317 337/77/319 279/76/320
f 444/75/317 339/79/321 265/78/322 337/77/319
f 326/36/278 255/37/281 339/79/321 444/75/317
f 270/18/261 316/82/323 445/81/324 357/80/325
f 357/80/325 445/81/324 331/84/326 275/83/327
f 445/81/324 341/86/328 263/85/329 331/84/326
f 316/82/323 248/87/330 341/86/328 445/81/324
f 246/88/331 323/91/332 446/90/333 349/89/334
f 349/89/334 446/90/333 336/93/335 259/92/336
f 446/90/333 348/66/311 266/69/313 336/93/335
f 323/91/332 253/65/308 348/66/311 446/90/333
f 295/23/267 320/24/266 447/95/337 406/94/338
f 406/94/338 447/95/337 334/97/339 297/96/340
f 447/95/337 344/52/296 267/54/298 334/97/339
f 320/24/266 251/25/269 344/52/296 447/95/337
f 246/88/331 378/100/341 448/99/342 317/98/343
f 317/98/343 448/99/342 377/102/344 276/101/345
f 448/99/342 373/104/346 281/103/347 377/102/344
f 378/100/341 282/105/348 373/104/346 448/99/342
f 268/106/349 410/109/350 449/108/351 350/107/352
f 350/107/352 449/108/351 361/110/353 245/60/304
f 449/108/351 416/112/354 300/111/355 361/110/353
f 410/109/350 301/113/356 416/112/354 449/108/351
f 249/16/260 352/17/259 450/114/357 338/45/287
f 338/45/287 450/114/357 356/115/358 262/44/288
f 450/114/357 357/80/325 275/83/327 356/115/358
f 352/17/259 270/18/261 357/80/325 450/114/357
f 244/116/359 313/119/360 451/118/361 346/117/362
f 346/117/362 451/118/361 328/121/363 257/120/364
f 451/118/361 358/123/365 274/122/366 328/121/363
f 313/119/360 268/106/349 358/123/365 451/118/361
f 276/101/345 364/126/367 452/125/368 369/124/369
f 369/124/369 452/125/368 368/34/275 280/31/274
f 452/125/368 327/127/370 273/39/282 368/34/275
f 364/126/367 254/128/371 327/127/370 452/125/368
f 250/73/316 319/68/309 453/130/372 321/129/373
f 321/129/373 453/130/372 360/29/271 271/27/270
f 453/130/372 324/131/374 272/1/244 360/29/271
f 319/68/309 253/65/308 324/131/374 453/130/372
f 294/132/375 398/135/376 454/134/377 404/133/378
f 404/133/378 454/134/377 403/22/263 298/19/262
f 454/134/377 321/129/373 271/27/270 403/22/263
f 398/135/376 250/73/316 321/129/373 454/134/377
f 306/136/379 419/139/380 455/138/381 423/137/382
f 423/137/382 455/138/381 421/13/254 308/10/253
f 455/138/381 316/82/323 270/18/261 421/13/254
f 419/139/380 248/87/330 316/82/323 455/138/381
f 253/65/308 323/91/332 456/140/383 324/131/374
f 324/131/374 456/140/383 363/4/245 272/1/244
f 456/140/383 314/141/384 269/9/252 363/4/245
f 323/91/332 246/88/331 314/141/384 456/140/383
f 246/88/331 317/98/343 457/142/385 314/141/384
f 314/141/384 457/142/385 359/143/386 269/9/252
f 457/142/385 369/124/369 280/31/274 359/143/386
f 317/98/343 276/101/345 369/124/369 457/142/385
f 254/128/371 364/126/367 458/145/387 340/144/388
f 340/144/388 458/145/387 366/147/389 264/146/390
f 458/145/387 370/149/391 278/148/392 366/147/389
f 364/126/367 276/101/345 370/149/391 458/145/387
f 247/7/251 365/151/393 459/150/394 342/51/293
f 342/51/293 459/150/394 367/152/395 258/50/294
f 459/150/394 371/74/318 279/76/320 367/152/395
f 365/151/393 277/35/279 371/74/318 459/150/394
f 269/9/252 359/143/386 460/153/396 351/8/250
f 351/8/250 460/153/396 365/151/393 247/7/251
f 460/153/396 372/32/277 277/35/279 365/151/393
f 359/143/386 280/31/274 372/32/277 460/153/396
f 281/103/347 373/104/346 461/155/397 376/154/398
f 376/154/398 461/155/397 374/157/399 283/156/400
f 461/155/397 375/159/401 284/158/402 374/157/399
f 373/104/346 282/105/348 375/159/401 461/155/397
f 259/92/336 379/161/403 462/160/404 349/89/334
f 349/89/334 462/160/404 378/100/341 246/88/331
f 462/160/404 375/159/401 282/105/348 378/100/341
f 379/161/403 284/158/402 375/159/401 462/160/404
f 276/101/345 377/102/344 463/162/405 370/149/391
f 370/149/391 463/162/405 380/163/406 278/148/392
f 463/162/405 376/154/398 283/156/400 380/163/406
f 377/102/344 281/103/347 376/154/398 463/162/405
f 254/128/371 325/165/407 464/164/408 327/127/370
f 327/127/370 464/164/408 362/166/409 273/39/282
f 464/164/408 386/168/410 289/167/411 362/166/409
f 325/165/407 286/169/412 386/168/410 464/164/408
f 306/136/379 382/172/413 465/171/414 422/170/415
f 422/170/415 465/171/414 384/174/416 307/173/417
f 465/171/414 387/176/418 288/175/419 384/174/416
f 382/172/413 286/169/412 387/176/418 465/171/414
f 255/37/281 381/178/420 466/177/421 339/79/321
f 339/79/321 466/177/421 383/179/422 265/78/322
f 466/177/421 388/181/423 287/180/424 383/179/422
f 381/178/420 285/182/425 388/181/423 466/177/421
f 273/39/282 362/166/409 467/183/426 355/38/280
f 355/38/280 467/183/426 381/178/420 255/37/281
f 467/183/426 389/184/427 285/182/425 381/178/420
f 362/166/409 289/167/411 389/184/427 467/183/426
f 286/169/412 397/186/428 468/185/429 387/176/418
f 387/176/418 468/185/429 395/187/430 288/175/419
f 468/185/429 392/189/431 293/188/432 395/187/430
f 397/186/428 291/190/433 392/189/431 468/185/429
f 291/190/433 390/192/434 469/191/435 392/189/431
f 392/189/431 469/191/435 391/193/436 293/188/432
f 469/191/435 393/195/437 292/194/438 391/193/436
f 390/192/434 290/196/439 393/195/437 469/191/435
f 254/128/371 396/198/440 470/197/441 325/165/407
f 325/165/407 470/197/441 397/186/428 286/169/412
f 470/197/441 390/192/434 291/190/433 397/186/428
f 396/198/440 290/196/439 390/192/434 470/197/441
f 264/146/390 394/200/442 471/199/443 340/144/388
f 340/144/388 471/199/443 396/198/440 254/128/371
f 471/199/443 393/195/437 290/196/439 396/198/440
f 394/200/442 292/194/438 393/195/437 471/199/443
f 303/201/444 408/204/445 472/203/446 413/202/447
f 413/202/447 472/203/446 409/206/448 302/205/449
f 472/203/446 346/117/362 257/120/364 409/206/448
f 408/204/445 244/116/359 346/117/362 472/203/446
f 303/201/444 402/209/450 473/208/451 414/207/452
f 414/207/452 473/208/451 399/210/453 301/113/356
f 473/208/451 404/133/378 298/19/262 399/210/453
f 402/209/450 294/132/375 404/133/378 473/208/451
f 250/73/316 398/135/376 474/211/454 347/72/314
f 347/72/314 474/211/454 400/212/455 260/71/315
f 474/211/454 405/214/456 296/213/457 400/212/455
f 398/135/376 294/132/375 405/214/456 474/211/454
f 300/111/355 415/216/458 475/215/459 361/110/353
f 361/110/353 475/215/459 345/57/302 245/60/304
f 475/215/459 329/217/460 256/56/299 345/57/302
f 415/216/458 299/218/461 329/217/460 475/215/459
f 294/132/375 402/209/450 476/219/462 405/214/456
f 405/214/456 476/219/462 401/220/463 296/213/457
f 476/219/462 413/202/447 302/205/449 401/220/463
f 402/209/450 303/201/444 413/202/447 476/219/462
f 295/23/267 406/94/338 477/222/464 411/221/465
f 411/221/465 477/222/464 415/216/458 300/111/355
f 477/222/464 412/223/466 299/218/461 415/216/458
f 406/94/338 297/96/340 412/223/466 477/222/464
f 248/87/330 419/139/380 478/224/467 341/86/328
f 341/86/328 478/224/467 420/225/468 263/85/329
f 478/224/467 422/170/415 307/173/417 420/225/468
f 419/139/380 306/136/379 422/170/415 478/224/467
f 286/169/412 382/172/413 479/226/469 386/168/410
f 386/168/410 479/226/469 385/227/470 289/167/411
f 479/226/469 423/137/382 308/10/253 385/227/470
f 382/172/413 306/136/379 423/137/382 479/226/469
f 285/182/425 417/229/471 480/228/472 388/181/423
f 388/181/423 480/228/472 418/230/473 287/180/424
f 480/228/472 424/40/284 305/42/286 418/230/473
f 417/229/471 304/14/258 424/40/284 480/228/472
f 289/167/411 385/227/470 481/231/474 389/184/427
f 389/184/427 481/231/474 417/229/471 285/182/425
f 481/231/474 425/11/256 304/14/258 417/229/471
f 385/227/470 308/10/253 425/11/256 481/231/474
f 311/232/475 427/235/476 482/234/477 429/233/478
f 429/233/478 482/234/477 428/237/479 312/236/480
f 482/234/477 426/63/305 310/64/307 428/237/479
f 427/235/476 309/62/306 426/63/305 482/234/477
f 268/106/349 433/239/481 483/238/482 358/123/365
f 358/123/365 483/238/482 432/240/483 274/122/366
f 483/238/482 429/233/478 312/236/480 432/240/483
f 433/239/481 311/232/475 429/233/478 483/238/482
f 245/60/304 430/61/303 484/241/484 350/107/352
f 350/107/352 484/241/484 433/239/481 268/106/349
f 484/241/484 427/235/476 311/232/475 433/239/481
f 430/61/303 309/62/306 427/235/476 484/241/484
f 244/116/359 408/204/445 485/242/485 313/119/360
f 313/119/360 485/242/485 410/109/350 268/106/349
f 485/242/485 414/207/452 301/113/356 410/109/350
f 408/204/445 303/201/444 414/207/452 485/242/485
f 301/113/356 399/210/453 486/243/486 416/112/354
f 416/112/354 486/243/486 411/221/465 300/111/355
f 486/243/486 407/20/265 295/23/267 411/221/465
f 399/210/453 298/19/262 407/20/265 486/243/486
f 487/244/487 488/245/487 490/246/487 489/247/487
f 519/248/488 522/249/489 509/250/490 511/251/491
f 510/252/492 507/253/493 505/254/494 499/255/495
f 489/247/496 520/256/497 516/257/498 487/244/496
f 518/258/499 515/259/500 514/260/501 508/261/502
f 489/262/503 490/263/503 521/264/504 520/265/505
f 503/266/506 501/267/507 492/268/508 493/269/509
f 500/270/510 506/271/511 494/272/512 491/273/513
f 506/271/514 503/266/515 493/269/516 494/272/517
f 491/273/513 494/272/512 496/274/518 495/275/518
f 512/276/519 510/277/520 499/278/521 502/279/522
f 507/253/523 513/280/524 504/281/525 505/254/526
f 493/269/509 492/268/508 497/282/527 498/283/527
f 494/272/517 493/269/516 498/283/528 496/274/528
f 498/283/529 497/282/529 495/275/529 496/274/529
f 492/284/530 491/285/531 495/286/532 497/287/532
f 513/280/533 512/288/534 502/289/535 504/281/536
f 516/257/537 517/290/538 488/245/539 487/244/539
f 522/291/540 518/258/541 508/261/542 509/292/543
f 500/293/544 501/294/545 502/279/522 499/278/521
f 504/281/536 502/289/535 501/267/507 503/266/506
f 499/255/495 505/254/494 506/271/511 500/270/510
f 505/254/526 504/281/525 503/266/515 506/271/514
f 501/294/545 500/293/544 491/285/531 492/284/530
f 512/288/534 513/280/533 514/260/546 511/295/547
f 513/280/524 507/253/523 508/261/502 514/260/501
f 510/277/520 512/276/519 511/251/491 509/250/490
f 507/253/493 510/252/492 509/292/543 508/261/542
f 521/296/548 490/246/549 488/245/549 517/290/550
f 522/249/489 519/248/488 520/265/505 521/264/504
f 516/257/498 520/256/497 519/297/551 515/259/552
f 521/296/548 517/290/550 518/258/541 522/291/540
f 517/290/538 516/257/537 515/259/500 518/258/499
f 515/259/552 519/297/551 511/295/547 514/260/546
f 523/244/553 525/247/553 526/246/553 524/245/553
f 555/248/554 547/251/555 545/250/556 558/249/557
f 546/252/558 535/255/559 541/254/560 543/253/561
f 525/247/562 523/244/562 552/257/563 556/256/564
f 554/258/565 544/261/566 550/260/567 551/259/568
f 525/262/569 556/265/570 557/264/571 526/263/569
f 539/266/572 529/269/573 528/268/574 537/267/575
f 536/270/576 527/273/577 530/272/578 542/271/579
f 542/271/580 530/272/581 529/269/582 539/266/583
f 527/273/577 531/275/584 532/274/584 530/272/578
f 548/276/585 538/279/586 535/278/587 546/277/588
f 543/253/589 541/254/590 540/281/591 549/280/592
f 529/269/573 534/283/593 533/282/593 528/268/574
f 530/272/581 532/274/594 534/283/594 529/269/582
f 534/283/595 532/274/595 531/275/595 533/282/595
f 528/284/596 533/287/597 531/286/597 527/285/598
f 549/280/599 540/281/600 538/289/601 548/288/602
f 552/257/603 523/244/604 524/245/604 553/290/605
f 558/291/606 545/292/607 544/261/608 554/258/609
f 536/293/610 535/278/587 538/279/586 537/294/611
f 540/281/600 539/266/572 537/267/575 538/289/601
f 535/255/559 536/270/576 542/271/579 541/254/560
f 541/254/590 542/271/580 539/266/583 540/281/591
f 537/294/611 528/284/596 527/285/598 536/293/610
f 548/288/602 547/295/612 550/260/613 549/280/599
f 549/280/592 550/260/567 544/261/566 543/253/589
f 546/277/588 545/250/556 547/251/555 548/276/585
f 543/253/561 544/261/608 545/292/607 546/252/558
f 557/296/614 553/290/615 524/245/616 526/246/616
f 558/249/557 557/264/571 556/265/570 555/248/554
f 552/257/563 551/259/617 555/297/618 556/256/564
f 557/296/614 558/291/606 554/258/609 553/290/615
f 553/290/605 554/258/565 551/259/568 552/257/603
f 551/259/617 550/260/613 547/295/612 555/297/618
o SuperHero_Male
v -0.018234 1.522095 -0.014343
v -0.082993 1.530131 0.005233
v -0.102706 1.533936 0.018599
v 0.000000 1.518066 -0.017303
v -0.061784 1.525694 -0.002476
v -0.000000 1.544834 0.109374
v -0.042626 1.549478 0.123167
v -0.096844 1.548694 0.105004
v -0.021640 1.548633 0.120061
v -0.022593 1.064921 0.120746
v -0.080946 1.059091 -0.084564
v -0.140712 1.063415 0.047737
v -0.154715 1.061385 -0.017579
v -0.046577 1.067480 0.122555
v -0.206297 1.401431 0.070720
v -0.124368 1.062470 0.068229
v -0.127248 1.060522 -0.064056
v -0.153399 1.062518 0.005480
v -0.111896 1.065567 0.089445
v -0.201745 1.419351 0.042291
v -0.188797 1.434173 0.159631
v -0.189433 1.523288 0.032940
v -0.000000 1.506004 0.121159
v 0.000000 1.494046 -0.040215
v 0.000000 1.398840 -0.108325
v -0.000000 1.406460 0.148015
v -0.089556 1.497653 -0.037393
v -0.122463 1.384589 -0.103235
v -0.070922 1.512810 0.139392
v -0.081298 1.406663 0.160164
v -0.126342 1.216093 0.067048
v -0.132996 1.238220 -0.046783
v -0.000000 1.229938 0.096867
v -0.069763 1.216965 0.104035
v -0.184229 1.395890 -0.033867
v -0.143188 1.501822 0.007908
v -0.173224 1.402218 0.150900
v -0.149401 1.511791 0.113546
v -0.121238 1.085550 0.061204
v -0.143791 1.084299 -0.046140
v -0.000000 1.083419 0.099479
v -0.067661 1.088176 0.102106
v -0.163877 1.528209 0.063145
v -0.075355 1.461946 0.155901
v -0.149115 1.464473 0.156674
v -0.000000 1.458576 0.136876
v -0.117745 1.155442 0.054676
v -0.133085 1.160718 -0.048095
v -0.000000 1.154583 0.071429
v -0.062975 1.154290 0.078741
v 0.000000 1.358081 -0.107676
v -0.154733 1.328274 -0.038776
v -0.111768 1.335655 -0.097809
v -0.000000 1.326298 0.142918
v -0.176181 1.313631 0.125458
v -0.083206 1.319542 0.151154
v -0.115536 1.499542 -0.024677
v -0.156684 1.388350 -0.077436
v -0.117561 1.240347 -0.069000
v -0.129308 1.083073 -0.067871
v -0.115049 1.161698 -0.063568
v -0.137716 1.330414 -0.074388
v -0.138580 1.229893 0.006409
v -0.190824 1.382329 0.050953
v -0.149983 1.085267 0.003051
v -0.139766 1.159109 -0.001220
v -0.174416 1.319707 0.028135
v -0.070713 1.067969 0.117112
v -0.115045 1.212506 0.087072
v -0.139975 1.404147 0.158272
v -0.116064 1.511472 0.125343
v -0.107269 1.086589 0.079713
v -0.125503 1.461378 0.148343
v -0.102918 1.154742 0.066003
v -0.146622 1.312046 0.145819
v -0.118128 1.108393 0.055690
v -0.144728 1.108634 -0.049574
v -0.000000 1.104488 0.085497
v -0.064877 1.107432 0.087442
v -0.127793 1.108791 -0.071869
v -0.146600 1.109297 -0.000047
v -0.103783 1.107968 0.070474
v -0.151241 1.260596 0.095100
v -0.000000 1.283695 0.113530
v 0.000000 1.311876 -0.117828
v -0.077633 1.263939 0.133362
v -0.102165 1.297924 -0.105072
v -0.143882 1.282087 -0.046461
v -0.123680 1.286251 -0.082977
v -0.153402 1.273509 0.017084
v -0.131183 1.259280 0.114669
v -0.161207 1.446841 -0.032249
v -0.152530 1.475636 -0.020343
v -0.100449 1.466476 -0.053541
v -0.111840 1.436176 -0.075804
v 0.000000 1.469042 -0.060797
v 0.000000 1.442382 -0.084687
v -0.126472 1.469037 -0.037813
v -0.139056 1.440344 -0.055981
v -0.189920 1.312750 0.094952
v -0.209231 1.389158 0.120933
v -0.128082 1.224499 0.050080
v -0.200873 1.376060 0.114170
v -0.136109 1.086175 0.043938
v -0.129091 1.156209 0.038768
v -0.132065 1.108794 0.040093
v -0.158567 1.263980 0.070238
v -0.164402 1.286739 0.109583
v -0.000000 1.302490 0.126927
v 0.000000 1.335068 -0.111892
v -0.080921 1.290916 0.143524
v -0.108025 1.317566 -0.101379
v -0.148675 1.306148 -0.042142
v -0.129365 1.310953 -0.075356
v -0.163866 1.296132 0.022592
v -0.139491 1.284433 0.130070
v -0.178496 1.287571 0.083451
v -0.141993 1.235447 0.081510
v -0.000000 1.256931 0.104557
v -0.073948 1.238884 0.121033
v -0.138702 1.259075 -0.046386
v -0.123047 1.261587 -0.073761
v -0.145752 1.251511 0.012329
v -0.123342 1.234921 0.100661
v -0.142477 1.243943 0.059435
v -0.140076 1.232757 -0.018493
v -0.188554 1.384669 0.022411
v -0.150800 1.084270 -0.018806
v -0.139961 1.160378 -0.023590
v -0.163103 1.324700 -0.001814
v -0.150000 1.109111 -0.023351
v -0.154521 1.276937 -0.012997
v -0.158293 1.301136 -0.007555
v -0.148010 1.254143 -0.015564
v -0.078329 1.434794 0.160397
v -0.155101 1.436193 0.160074
v -0.000000 1.432632 0.140477
v -0.131205 1.433981 0.156153
v -0.072778 1.487781 0.148867
v -0.147836 1.495352 0.144829
v -0.000000 1.483322 0.130650
v -0.121046 1.488293 0.139001
v -0.158885 1.526859 0.086448
v -0.155131 1.519292 0.034478
v -0.118106 1.402854 -0.093602
v 0.000000 1.414189 -0.103118
v -0.150347 1.408923 -0.070028
v -0.172961 1.418937 -0.037836
v -0.000000 1.527699 0.114291
v -0.130524 1.531704 0.104274
v 0.000000 1.511407 -0.018765
v -0.073269 1.520051 -0.013526
v -0.068731 1.533703 0.128407
v -0.117446 1.523239 0.011641
v -0.148914 1.529460 0.062939
v -0.095573 1.522499 -0.003355
v -0.108173 1.533215 0.115759
v -0.148103 1.531974 0.083830
v -0.137844 1.524975 0.041083
v -0.121865 1.132019 0.057875
v -0.139407 1.134115 -0.050445
v -0.000000 1.128401 0.075553
v -0.064352 1.131094 0.083783
v -0.120691 1.134949 -0.068908
v -0.145382 1.134673 -0.000488
v -0.105518 1.131475 0.069979
v -0.134690 1.132465 0.041060
v -0.146072 1.134997 -0.024353
v -0.113162 1.177905 0.053097
v -0.125199 1.187624 -0.042969
v -0.000000 1.182072 0.074376
v -0.062737 1.178268 0.076905
v -0.111390 1.188221 -0.059967
v -0.134752 1.183334 -0.000396
v -0.099141 1.176785 0.063229
v -0.124416 1.179446 0.038474
v -0.132167 1.185685 -0.020172
v -0.113128 1.199823 0.057860
v -0.126871 1.214181 -0.044403
v -0.000000 1.204677 0.086644
v -0.065495 1.199505 0.084900
v -0.112925 1.214553 -0.063019
v -0.133242 1.207400 0.001831
v -0.104493 1.195596 0.073721
v -0.122836 1.202925 0.040558
v -0.133001 1.210301 -0.019775
v 0.000000 1.374821 -0.107751
v -0.166622 1.349095 -0.038701
v -0.117557 1.351421 -0.101262
v -0.000000 1.351932 0.152501
v -0.182039 1.346871 0.140765
v -0.084222 1.349757 0.150091
v -0.148237 1.348179 -0.077996
v -0.176573 1.343564 0.037600
v -0.148474 1.344429 0.154325
v -0.198756 1.338534 0.103708
v -0.173646 1.346424 0.004388
v -0.168783 1.509828 0.116542
v -0.172597 1.505352 0.007399
v -0.174336 1.530140 0.064845
v -0.167879 1.463611 0.158724
v -0.181580 1.455016 -0.015551
v -0.175046 1.478688 -0.004660
v -0.167229 1.493772 0.144356
v -0.173756 1.527333 0.089888
v -0.174400 1.520516 0.031807
v -0.022269 1.510358 0.134669
v -0.025524 1.406933 0.157837
v -0.023422 1.226604 0.102204
v -0.022637 1.085344 0.104967
v -0.023692 1.460824 0.148566
v -0.021877 1.155014 0.077698
v -0.031612 1.353958 -0.117126
v -0.024391 1.494080 -0.043213
v -0.032497 1.393841 -0.116699
v -0.027039 1.324718 0.147736
v -0.022565 1.105000 0.088550
v -0.029495 1.311756 -0.125335
v -0.025211 1.275749 0.125061
v -0.030560 1.442032 -0.089691
v -0.027973 1.469380 -0.066711
v -0.031235 1.333847 -0.124908
v -0.026817 1.300518 0.134980
v -0.023518 1.249889 0.116547
v -0.025017 1.434029 0.152405
v -0.021871 1.486960 0.144375
v -0.031750 1.410423 -0.109649
v -0.023039 1.530820 0.125530
v -0.021973 1.515366 -0.028137
v -0.022135 1.129132 0.080864
v -0.022095 1.179939 0.079834
v -0.022514 1.203018 0.090424
v -0.026989 1.351066 0.157685
v -0.032463 1.369060 -0.118103
v -0.047153 1.512889 0.141487
v -0.053076 1.407244 0.163451
v -0.046066 1.221477 0.103913
v -0.045617 1.087747 0.106805
v -0.048985 1.462692 0.157234
v -0.042749 1.154267 0.081820
v -0.071514 1.345520 -0.113311
v -0.044084 1.106976 0.090800
v -0.050518 1.268879 0.133209
v -0.053299 1.296142 0.139282
v -0.048141 1.243587 0.121460
v -0.051020 1.435387 0.160708
v -0.047498 1.488940 0.151909
v -0.045949 1.533145 0.131146
v -0.043090 1.130288 0.084295
v -0.043056 1.178852 0.082001
v -0.044605 1.202328 0.089081
v -0.055313 1.351433 0.152100
v -0.056238 1.496072 -0.044274
v -0.076427 1.389305 -0.114771
v -0.054989 1.323868 0.144501
v -0.066086 1.306799 -0.120788
v -0.070609 1.439473 -0.087754
v -0.064215 1.469235 -0.068202
v -0.069695 1.327185 -0.119659
v -0.073753 1.406616 -0.106867
v -0.047964 1.515041 -0.024777
v -0.074478 1.360527 -0.116180
v 0.000000 1.237106 -0.110260
v -0.080627 1.240379 -0.095978
v 0.000000 1.078344 -0.104858
v -0.082802 1.082222 -0.089203
v 0.000000 1.159090 -0.095947
v -0.073611 1.161494 -0.076019
v -0.098747 1.240480 -0.081451
v -0.106565 1.083187 -0.083557
v -0.094153 1.161828 -0.069549
v 0.000000 1.053064 -0.101013
v 0.000000 1.106440 -0.103729
v -0.079332 1.107040 -0.084472
v -0.102695 1.107896 -0.078918
v 0.000000 1.286775 -0.115173
v -0.091110 1.281422 -0.101562
v -0.107216 1.276016 -0.091614
v 0.000000 1.263265 -0.113647
v -0.085892 1.264873 -0.102234
v -0.103409 1.261364 -0.085815
v 0.000000 1.132925 -0.099945
v -0.074318 1.133202 -0.077881
v -0.097413 1.133565 -0.073303
v 0.000000 1.185255 -0.101928
v -0.076215 1.188947 -0.081939
v -0.089587 1.189614 -0.065002
v 0.000000 1.212036 -0.107849
v -0.077094 1.216083 -0.086914
v -0.092381 1.216390 -0.071289
v -0.025383 1.238661 -0.114807
v -0.023451 1.080423 -0.106781
v -0.023015 1.160487 -0.097992
v -0.023360 1.107457 -0.106903
v -0.027321 1.287632 -0.118774
v -0.026672 1.264505 -0.119262
v -0.023535 1.134372 -0.103637
v -0.023968 1.187339 -0.108398
v -0.024490 1.213852 -0.110412
v -0.055107 1.240337 -0.111328
v -0.052995 1.081892 -0.100982
v -0.049947 1.162007 -0.095733
v -0.051907 1.107788 -0.101166
v -0.060356 1.286276 -0.114502
v -0.056786 1.265400 -0.115295
v -0.050112 1.134560 -0.097229
v -0.051412 1.188956 -0.102691
v -0.052109 1.215654 -0.106170
v -0.185948 1.405787 0.145618
v -0.191800 1.395727 0.062458
v -0.202279 1.387109 0.117793
v -0.192420 1.400126 0.029879
v -0.170717 1.436999 0.159436
v -0.187398 1.430430 -0.015187
v -0.194848 1.408776 -0.006819
v -0.705549 1.436413 0.030909
v -0.701030 1.470774 0.076976
v -0.187566 1.364467 0.042883
v -0.146272 1.374227 0.161500
v -0.200870 1.357515 0.109723
v -0.182474 1.367394 0.012232
v 0.000000 1.387025 -0.108042
v -0.175388 1.370396 -0.035837
v -0.121145 1.368029 -0.103197
v -0.000000 1.378551 0.153935
v -0.179396 1.372412 0.145267
v -0.083382 1.378612 0.155163
v -0.154914 1.368342 -0.078612
v -0.026192 1.378967 0.161225
v -0.032806 1.381775 -0.119842
v -0.054756 1.378799 0.161011
v -0.076179 1.374958 -0.119071
v -0.114377 1.315730 0.153750
v -0.093376 1.214447 0.100312
v -0.109676 1.405935 0.156576
v -0.092904 1.512104 0.132990
v -0.088935 1.087359 0.092341
v -0.100050 1.462059 0.146773
v -0.083263 1.154312 0.073265
v -0.086218 1.107681 0.080677
v -0.105022 1.261524 0.127686
v -0.110420 1.287532 0.141706
v -0.099453 1.236786 0.114777
v -0.104595 1.434770 0.154223
v -0.096158 1.488203 0.138118
v -0.088120 1.533302 0.123051
v -0.085003 1.131239 0.078036
v -0.081722 1.176997 0.070265
v -0.086494 1.197369 0.083710
v -0.115330 1.346866 0.155582
v -0.113868 1.376483 0.160909
v -0.182395 1.508901 0.117991
v -0.205154 1.426852 0.015351
v -0.187859 1.532686 0.064629
v -0.182188 1.492356 0.143282
v -0.192147 1.508024 0.009762
v -0.199868 1.408491 0.143876
v -0.183260 1.462510 0.158991
v -0.195608 1.485497 0.001123
v -0.201346 1.462315 -0.000333
v -0.185841 1.530854 0.091430
v -0.204281 1.443382 0.002664
v -0.462918 1.483523 0.108814
v -0.461237 1.399089 0.124143
v -0.470181 1.490850 0.039980
v -0.465405 1.409739 0.047554
v -0.221655 1.410011 0.044327
v -0.263698 1.388011 0.082089
v -0.263599 1.400588 0.047864
v -0.263260 1.406496 0.020265
v -0.422315 1.472779 0.109897
v -0.422358 1.476788 0.040908
v -0.420159 1.404531 0.125154
v -0.423445 1.405316 0.038451
v -0.462652 1.503260 0.071069
v -0.266323 1.399922 0.153221
v -0.424027 1.490317 0.082214
v -0.529101 1.496988 0.094981
v -0.534836 1.479144 0.035033
v -0.525658 1.410048 0.134916
v -0.533815 1.403634 0.056035
v -0.532210 1.503615 0.057856
v -0.264149 1.428049 0.006828
v -0.420078 1.446626 0.128221
v -0.527567 1.464483 0.129556
v -0.459035 1.381673 0.081064
v -0.269410 1.511772 0.043895
v -0.417746 1.387439 0.077016
v -0.533983 1.380001 0.088210
v -0.270855 1.514672 0.098255
v -0.269667 1.465917 0.135155
v -0.473090 1.447676 0.034380
v -0.471621 1.465114 0.037827
v -0.424350 1.442435 0.013413
v -0.424090 1.462324 0.020364
v -0.534715 1.440248 0.036360
v -0.535284 1.459832 0.032798
v -0.458758 1.386419 0.111643
v -0.267032 1.430095 0.157134
v -0.417724 1.387560 0.115356
v -0.529071 1.390518 0.124419
v -0.396419 1.469000 0.113435
v -0.393415 1.480054 0.039448
v -0.395006 1.479583 0.076605
v -0.397244 1.445676 0.127943
v -0.390751 1.377122 0.076844
v -0.391800 1.466950 0.013649
v -0.390034 1.442280 0.006465
v -0.393921 1.402627 0.126774
v -0.389861 1.400664 0.028812
v -0.390870 1.380961 0.120537
v -0.306132 1.399333 0.150083
v -0.300642 1.401915 0.020122
v -0.309076 1.481563 0.115998
v -0.305581 1.484310 0.033641
v -0.307699 1.491169 0.072994
v -0.309096 1.450205 0.148453
v -0.305095 1.377745 0.081013
v -0.304051 1.471053 0.013881
v -0.302461 1.448182 0.005384
v -0.310448 1.370073 0.133787
v -0.563877 1.493623 0.089880
v -0.601941 1.490554 0.081420
v -0.639808 1.484831 0.071655
v -0.675205 1.478822 0.061746
v -0.567269 1.471764 0.037086
v -0.602672 1.464495 0.037593
v -0.641738 1.459108 0.037966
v -0.675346 1.450663 0.039858
v -0.566287 1.491936 0.057355
v -0.602396 1.484102 0.053710
v -0.641195 1.478402 0.048600
v -0.674672 1.469230 0.043811
v -0.675116 1.451943 0.100581
v -0.639653 1.444673 0.108152
v -0.602124 1.432043 0.120399
v -0.559400 1.419287 0.133076
v -0.676026 1.419571 0.069562
v -0.642328 1.415017 0.067344
v -0.602693 1.412676 0.066237
v -0.566951 1.409844 0.062461
v -0.559645 1.467004 0.124656
v -0.601822 1.466525 0.108107
v -0.639340 1.468198 0.096133
v -0.674831 1.471318 0.085747
v -0.567672 1.388752 0.093931
v -0.604556 1.400418 0.095474
v -0.640621 1.410959 0.096583
v -0.674384 1.419792 0.096611
v -0.567454 1.454471 0.034023
v -0.602717 1.449907 0.034666
v -0.642316 1.445945 0.036308
v -0.675973 1.441050 0.040707
v -0.566920 1.437175 0.037570
v -0.602684 1.434359 0.038393
v -0.642719 1.432490 0.040602
v -0.676521 1.432799 0.045251
v -0.563359 1.399941 0.126007
v -0.603487 1.415269 0.117665
v -0.639803 1.429764 0.108604
v -0.674253 1.439415 0.101422
v -0.485659 1.451818 0.133601
v -0.441505 1.479941 0.110139
v -0.444740 1.481113 0.046267
v -0.440231 1.405023 0.124737
v -0.445865 1.407951 0.042423
v -0.444148 1.497389 0.081280
v -0.435107 1.446580 0.130959
v -0.440233 1.388705 0.078114
v -0.446175 1.457444 0.025754
v -0.448909 1.442530 0.021428
v -0.439580 1.392038 0.111195
v -0.461999 1.395403 0.058940
v -0.263771 1.375113 0.134754
v -0.422414 1.392397 0.054849
v -0.533438 1.389816 0.071216
v -0.391914 1.391737 0.053515
v -0.301534 1.393859 0.050346
v -0.566833 1.395795 0.077891
v -0.603015 1.404352 0.080974
v -0.640838 1.410097 0.082520
v -0.674427 1.418905 0.083494
v -0.442878 1.398170 0.060620
v -0.265550 1.452347 0.008782
v -0.418926 1.426723 0.133456
v -0.525961 1.443930 0.133296
v -0.395192 1.427236 0.132987
v -0.306576 1.429933 0.149004
v -0.559599 1.446361 0.129057
v -0.601891 1.452293 0.117621
v -0.639273 1.458119 0.104357
v -0.675400 1.462999 0.094777
v -0.485390 1.433064 0.134784
v -0.434227 1.426067 0.134311
v -0.463408 1.472941 0.121115
v -0.266932 1.473336 0.017437
v -0.420331 1.461189 0.119339
v -0.527741 1.483318 0.113523
v -0.396981 1.457470 0.123443
v -0.309323 1.469980 0.135784
v -0.562095 1.481615 0.108452
v -0.601737 1.481612 0.097355
v -0.639380 1.479712 0.085272
v -0.675223 1.477119 0.073505
v -0.438051 1.462175 0.118630
v -0.460998 1.498546 0.089403
v -0.269416 1.451964 0.148847
v -0.423106 1.484450 0.100321
v -0.530383 1.501317 0.077091
v -0.396131 1.470568 0.097996
v -0.308042 1.480194 0.093406
v -0.565002 1.492889 0.073338
v -0.602098 1.489453 0.066335
v -0.640438 1.484154 0.058413
v -0.674693 1.476797 0.051319
v -0.442614 1.492426 0.098480
v -0.466093 1.499890 0.051870
v -0.270537 1.521062 0.070702
v -0.423351 1.483838 0.063291
v -0.533725 1.492670 0.043049
v -0.394249 1.486387 0.057607
v -0.306838 1.491717 0.053183
v -0.567050 1.484189 0.044690
v -0.602419 1.475638 0.044061
v -0.641698 1.470618 0.042460
v -0.675097 1.460513 0.040717
v -0.445603 1.494813 0.059717
v -0.268344 1.493124 0.028934
v -0.471490 1.425845 0.039074
v -0.423692 1.418196 0.015746
v -0.534598 1.424098 0.048293
v -0.389991 1.414848 0.010133
v -0.301012 1.421844 0.004317
v -0.566972 1.421269 0.049635
v -0.602760 1.422111 0.050405
v -0.642395 1.422462 0.054669
v -0.676257 1.426838 0.055629
v -0.446634 1.422511 0.025405
v -0.224936 1.403427 0.152074
v -0.220960 1.420324 0.020101
v -0.218482 1.508138 0.121602
v -0.216895 1.507746 0.012106
v -0.217545 1.538758 0.067493
v -0.220800 1.455380 0.158106
v -0.217480 1.483525 0.003526
v -0.219914 1.460119 0.009048
v -0.225598 1.382491 0.126599
v -0.221463 1.432525 0.154443
v -0.220844 1.488835 0.139319
v -0.218342 1.532321 0.097965
v -0.215939 1.527074 0.033491
v -0.220471 1.439379 0.010101
v -0.345619 1.418925 0.005323
v -0.350868 1.488371 0.054417
v -0.352101 1.479838 0.096962
v -0.352569 1.465071 0.130976
v -0.349808 1.427449 0.136314
v -0.345902 1.394472 0.052856
v -0.345412 1.401009 0.021388
v -0.349696 1.399066 0.137914
v -0.355548 1.371320 0.130592
v -0.347422 1.445736 0.003331
v -0.348707 1.469408 0.012384
v -0.348483 1.373566 0.076441
v -0.351874 1.447109 0.134216
v -0.351517 1.489202 0.076054
v -0.349939 1.482235 0.035205
v -0.352704 1.478900 0.116850
v -0.473813 1.414046 0.131222
v -0.461449 1.412403 0.133957
v -0.461877 1.428502 0.138857
v -0.461820 1.459659 0.130679
v -0.461850 1.445574 0.137555
v -0.447650 1.443865 0.134822
v -0.475006 1.447586 0.134886
v -0.475092 1.430301 0.135674
v -0.473906 1.460888 0.130104
v -0.448008 1.412693 0.132868
v -0.447723 1.427570 0.136481
v -0.447619 1.455936 0.129426
v -0.224156 1.394545 0.077758
v -0.270330 1.496283 0.118769
v -0.702650 1.455839 0.094668
v -0.705770 1.427230 0.093207
v -0.698304 1.469410 0.037693
v -0.698888 1.474072 0.049558
v -0.282950 1.382937 0.082102
v -0.281903 1.404179 0.020160
v -0.286299 1.398503 0.152134
v -0.289638 1.478349 0.117105
v -0.286930 1.487788 0.031245
v -0.289301 1.504470 0.071579
v -0.289236 1.451292 0.150126
v -0.285465 1.472148 0.015602
v -0.283955 1.450214 0.007020
v -0.287189 1.373019 0.135983
v -0.286991 1.429036 0.154616
v -0.289523 1.467232 0.136180
v -0.289811 1.500939 0.095558
v -0.288058 1.493001 0.048279
v -0.282529 1.424913 0.005531
v -0.282539 1.397206 0.049083
v -0.240591 1.404876 0.046350
v -0.244346 1.507079 0.121440
v -0.240070 1.434428 0.009885
v -0.243947 1.480224 0.140522
v -0.243666 1.526376 0.098495
v -0.242958 1.430364 0.155894
v -0.241716 1.526132 0.037339
v -0.242564 1.378297 0.131130
v -0.240450 1.456765 0.010253
v -0.240270 1.479337 0.009136
v -0.244345 1.454025 0.152998
v -0.242911 1.533821 0.068303
v -0.240778 1.502117 0.018821
v -0.243875 1.401212 0.153148
v -0.239967 1.414097 0.020834
v -0.241736 1.391172 0.080193
v -0.483544 1.398962 0.126682
v -0.508258 1.511378 0.058768
v -0.500873 1.480759 0.118850
v -0.509669 1.501017 0.042963
v -0.487878 1.408538 0.048911
v -0.510381 1.465549 0.031234
v -0.485547 1.493388 0.101618
v -0.510482 1.485094 0.033973
v -0.493496 1.489475 0.033660
v -0.505525 1.507307 0.077845
v -0.491093 1.510595 0.063112
v -0.503298 1.497297 0.097455
v -0.483025 1.373079 0.082561
v -0.503279 1.385922 0.063479
v -0.491810 1.466158 0.033180
v -0.491452 1.451117 0.040761
v -0.505545 1.405821 0.051762
v -0.482041 1.381768 0.116583
v -0.508127 1.425528 0.043468
v -0.486351 1.390451 0.060698
v -0.498584 1.400568 0.131178
v -0.484906 1.478104 0.120061
v -0.503440 1.375159 0.085689
v -0.509439 1.443899 0.036869
v -0.487963 1.504796 0.082207
v -0.502017 1.385416 0.119133
v -0.492767 1.505142 0.045404
v -0.499486 1.436917 0.134635
v -0.491186 1.427073 0.042124
v -0.499985 1.457337 0.132402
v -0.136383 1.228001 0.028229
v -0.202676 1.371619 0.085915
v -0.143297 1.087061 0.023819
v -0.135256 1.158687 0.020111
v -0.143490 1.107791 0.021202
v -0.154612 1.270794 0.045107
v -0.180764 1.314858 0.064478
v -0.165204 1.293624 0.053949
v -0.147358 1.248182 0.035464
v -0.142150 1.134093 0.021302
v -0.131789 1.181663 0.020355
v -0.133197 1.203546 0.022461
v -0.193656 1.338269 0.073923
v -0.205999 1.384436 0.090922
v -0.209585 1.391321 0.096448
v -0.148491 1.063651 0.026489
v -0.198968 1.356350 0.080548
v -0.459572 1.380093 0.096228
v -0.416463 1.381335 0.097349
v -0.533193 1.383244 0.106089
v -0.352643 1.363889 0.104637
v -0.389218 1.370789 0.100550
v -0.308083 1.365028 0.108370
v -0.567114 1.392160 0.109229
v -0.603948 1.404876 0.109627
v -0.639766 1.418262 0.105406
v -0.673797 1.428300 0.101315
v -0.439803 1.386659 0.095176
v -0.263796 1.373275 0.108648
v -0.224879 1.386973 0.102752
v -0.286566 1.368410 0.109460
v -0.242752 1.379858 0.105599
v -0.482328 1.373715 0.100292
v -0.503524 1.379558 0.102432
v -0.151132 1.007200 -0.046687
v -0.132869 0.996175 0.078931
v -0.090395 0.080497 0.092389
v -0.099596 0.081366 0.039143
v -0.137046 0.077398 0.113968
v -0.145397 0.083977 0.063246
v -0.020490 0.913534 0.093292
v -0.020173 0.907804 -0.056920
v -0.101263 0.008761 0.038830
v -0.164020 0.004068 0.043189
v -0.091129 0.007586 0.101110
v -0.144016 0.004314 0.127464
v -0.092393 0.037433 -0.086557
v -0.149890 0.031594 -0.067253
v -0.083851 0.005315 -0.083611
v -0.181821 0.000832 -0.041077
v -0.000000 0.981582 0.120457
v 0.000000 0.960255 -0.093574
v -0.077245 0.973609 0.148163
v -0.067886 0.965901 -0.074832
v -0.126328 0.090593 0.032775
v -0.113354 -0.004464 -0.089341
v -0.123517 0.033372 -0.084355
v -0.130539 0.001127 0.039671
v -0.119306 0.000839 0.136353
v -0.113723 0.078548 0.131696
v -0.160734 0.525837 0.016767
v -0.088064 0.518971 -0.002145
v -0.078747 0.535446 0.084164
v -0.166834 0.543215 0.094544
v -0.123148 0.541216 0.118012
v -0.025666 0.861543 -0.056016
v -0.030725 0.871837 0.087892
v -0.092456 0.884407 0.114289
v -0.175627 0.904810 -0.040836
v -0.154251 0.897895 0.088605
v -0.101928 0.888361 -0.075600
v -0.157593 0.495073 0.018243
v -0.165025 0.511990 0.098633
v -0.133240 0.478624 -0.000676
v -0.095708 0.486987 -0.003686
v -0.079208 0.505779 0.088013
v -0.123830 0.509388 0.126770
v -0.159725 0.562685 0.004347
v -0.170192 0.577121 0.094025
v -0.129446 0.566499 -0.028346
v -0.085267 0.550634 -0.013938
v -0.074628 0.567956 0.081835
v -0.121556 0.575251 0.110474
v -0.168348 0.380077 0.041153
v -0.183513 0.382838 0.134583
v -0.138317 0.375706 0.011112
v -0.099363 0.377747 0.023010
v -0.064188 0.378610 0.106155
v -0.117079 0.383921 0.159747
v -0.154997 0.213197 0.060065
v -0.155744 0.215059 0.123487
v -0.133846 0.216312 0.038452
v -0.109196 0.219011 0.045197
v -0.094708 0.219699 0.095734
v -0.115989 0.216001 0.136639
v -0.025622 0.886426 -0.058131
v -0.029953 0.892879 0.087677
v -0.087059 0.913941 0.123169
v -0.167748 0.948232 -0.045639
v -0.148029 0.935628 0.087216
v -0.091358 0.922040 -0.072404
v -0.142504 0.090416 0.049610
v -0.132807 0.033329 -0.076741
v -0.146602 0.899175 -0.060458
v -0.116802 0.990525 -0.065938
v -0.145589 0.486215 0.012802
v -0.149542 0.567397 -0.016608
v -0.156424 0.377475 0.022949
v -0.146042 0.214716 0.046844
v -0.134723 0.937062 -0.061925
v -0.111324 0.089075 0.032259
v -0.100032 0.035529 -0.083115
v -0.058227 0.873860 -0.074915
v -0.116024 0.478993 -0.006111
v -0.105966 0.561013 -0.031084
v -0.116750 0.375539 0.008985
v -0.120918 0.217818 0.038865
v -0.049715 0.900412 -0.073582
v -0.140275 0.051488 0.000683
v -0.174261 0.002355 0.011425
v -0.092728 0.056300 -0.012049
v -0.096744 0.008623 -0.006623
v -0.115330 0.063661 -0.014295
v -0.127501 0.059507 -0.008771
v -0.101331 0.064014 -0.015909
v -0.150358 0.170561 0.063470
v -0.147430 0.176252 0.118097
v -0.131945 0.176848 0.043121
v -0.108940 0.179478 0.046076
v -0.096799 0.179687 0.093185
v -0.115124 0.175810 0.132701
v -0.142553 0.174306 0.051208
v -0.119856 0.178535 0.041260
v -0.156184 1.002007 0.009370
v -0.083395 0.083169 0.059746
v -0.154229 0.078590 0.090428
v -0.009251 0.884078 0.015323
v -0.094490 0.004824 0.070747
v -0.156344 0.005206 0.081597
v -0.127251 -0.001675 0.076593
v -0.073055 0.527170 0.033592
v -0.173377 0.536159 0.047264
v -0.180200 0.896688 0.015852
v -0.010227 0.854231 0.019818
v -0.080294 0.498936 0.036579
v -0.171336 0.505501 0.053140
v -0.175744 0.571630 0.042199
v -0.061637 0.560886 0.029907
v -0.076543 0.374100 0.048813
v -0.187905 0.376444 0.072819
v -0.095233 0.220540 0.062912
v -0.163928 0.213327 0.086156
v -0.010016 0.873179 0.016968
v -0.170221 0.937721 0.013103
v -0.095730 0.182078 0.062408
v -0.157646 0.172579 0.087989
v -0.144378 1.061472 -0.041992
v -0.000000 0.963902 0.112187
v -0.105812 0.074038 0.121980
v -0.047875 0.947444 0.140808
v -0.107136 -0.000835 0.128198
v -0.118837 0.002813 0.038313
v -0.106243 0.538921 0.109314
v -0.072617 0.883445 0.112030
v -0.106335 0.505109 0.117523
v -0.105091 0.571973 0.103852
v -0.095110 0.385166 0.147556
v -0.105300 0.216995 0.124835
v -0.065582 0.909396 0.116699
v -0.118533 -0.000406 -0.006933
v -0.106881 0.176007 0.120287
v -0.115842 -0.000230 0.074232
v -0.106846 0.298268 0.035522
v -0.082598 0.300759 0.101273
v -0.118130 0.299338 0.143917
v -0.162954 0.298050 0.051235
v -0.165883 0.297686 0.127624
v -0.137160 0.296327 0.025294
v -0.152545 0.297346 0.035248
v -0.119329 0.296513 0.024934
v -0.178999 0.295681 0.080393
v -0.085268 0.297723 0.056137
v -0.103053 0.300971 0.133143
v -0.159377 0.256432 0.056488
v -0.160773 0.255891 0.125600
v -0.136116 0.256091 0.032163
v -0.149277 0.256128 0.041718
v -0.120725 0.257066 0.033029
v -0.171911 0.254705 0.084009
v -0.091357 0.259314 0.061203
v -0.105064 0.258814 0.128335
v -0.109011 0.258339 0.041946
v -0.089508 0.260169 0.098526
v -0.117601 0.257457 0.139299
v -0.154249 -0.002389 0.042479
v -0.167192 -0.002459 -0.049635
v -0.123772 0.993897 0.108032
v -0.136271 0.001692 0.135435
v -0.130742 0.079849 0.123673
v -0.153135 0.542456 0.103502
v -0.133649 0.895321 0.105957
v -0.153443 0.511610 0.109514
v -0.156165 0.575845 0.105896
v -0.167512 0.383514 0.154356
v -0.146450 0.214862 0.134777
v -0.131269 0.932025 0.108948
v -0.159952 -0.004088 0.004903
v -0.140831 0.175815 0.128693
v -0.149703 -0.003196 0.079842
v -0.154664 0.297883 0.140737
v -0.150049 0.255900 0.137009
v -0.142888 0.997301 0.054062
v -0.145082 0.078641 0.108310
v -0.150678 0.003903 0.112375
v -0.121673 -0.006429 0.113840
v -0.173021 0.543603 0.079789
v -0.170573 0.895927 0.067834
v -0.173243 0.512157 0.085359
v -0.174042 0.576952 0.075168
v -0.189328 0.379341 0.112654
v -0.161038 0.215177 0.112610
v -0.157574 0.933305 0.062769
v -0.153921 0.175900 0.109985
v -0.083599 0.084695 0.081720
v -0.011202 0.898661 0.066941
v -0.092121 0.004589 0.087496
v -0.072673 0.533669 0.068131
v -0.020448 0.866460 0.062765
v -0.074355 0.504562 0.071228
v -0.066964 0.567912 0.066651
v -0.061163 0.374805 0.084778
v -0.092594 0.220634 0.083588
v -0.016183 0.884445 0.065125
v -0.093642 0.181927 0.082764
v -0.110701 -0.003759 0.107782
v -0.174604 0.296734 0.113027
v -0.078809 0.299110 0.085236
v -0.168780 0.255438 0.112649
v -0.086895 0.260020 0.084839
v -0.143353 -0.004215 0.116326
v -0.058912 0.634599 -0.025665
v -0.030153 0.782691 -0.047119
v -0.052232 0.685719 -0.028320
v -0.043847 0.734925 -0.033722
v -0.061897 0.649451 0.082141
v -0.035563 0.789261 0.089256
v -0.052370 0.695330 0.085085
v -0.042898 0.742164 0.087558
v -0.100599 0.800660 0.127167
v -0.113950 0.659801 0.126156
v -0.104963 0.753322 0.129946
v -0.109231 0.705818 0.130981
v -0.182060 0.645797 -0.016942
v -0.183676 0.806662 -0.034869
v -0.185396 0.697750 -0.024912
v -0.186370 0.753015 -0.030575
v -0.171381 0.662821 0.096832
v -0.172766 0.807309 0.100009
v -0.172851 0.710170 0.098383
v -0.174424 0.758446 0.100409
v -0.114373 0.796856 -0.074206
v -0.127142 0.636063 -0.051224
v -0.119060 0.742628 -0.070251
v -0.125129 0.685511 -0.062408
v -0.155130 0.804017 -0.058977
v -0.162859 0.637871 -0.040314
v -0.158710 0.749980 -0.053650
v -0.163176 0.691128 -0.046203
v -0.094317 0.636380 -0.045248
v -0.073376 0.787714 -0.063782
v -0.087578 0.687521 -0.050415
v -0.080624 0.738776 -0.057129
v -0.012692 0.780765 0.021359
v -0.042072 0.643734 0.025864
v -0.020255 0.736050 0.023892
v -0.030600 0.689373 0.023435
v -0.189537 0.657453 0.032597
v -0.193679 0.804715 0.022003
v -0.193623 0.705664 0.028333
v -0.195150 0.755236 0.024926
v -0.075615 0.796563 0.123200
v -0.092286 0.656430 0.118052
v -0.080206 0.749636 0.123705
v -0.085430 0.702217 0.123150
v -0.161304 0.660816 0.117584
v -0.151814 0.805999 0.118592
v -0.158838 0.708302 0.119599
v -0.156486 0.756811 0.120392
v -0.187735 0.806300 0.076512
v -0.183147 0.662049 0.076704
v -0.189610 0.757643 0.078175
v -0.189151 0.709146 0.078557
v -0.025956 0.786905 0.064637
v -0.052128 0.649225 0.065104
v -0.032174 0.740279 0.066665
v -0.042066 0.694140 0.066202
v -0.097427 0.441025 0.008544
v -0.073658 0.448400 0.097794
v -0.122153 0.457340 0.143066
v -0.164797 0.445894 0.030629
v -0.172165 0.454428 0.116547
v -0.136182 0.439910 0.005836
v -0.152806 0.442055 0.015397
v -0.116830 0.439506 0.002255
v -0.180830 0.449244 0.065090
v -0.077875 0.441445 0.042557
v -0.104423 0.456914 0.132127
v -0.161519 0.457503 0.132954
v -0.181553 0.453034 0.099995
v -0.066901 0.444947 0.078842
v -0.096554 0.466392 0.002186
v -0.077602 0.478577 0.092606
v -0.122682 0.486353 0.133711
v -0.161172 0.473262 0.023308
v -0.167228 0.482976 0.106476
v -0.132663 0.464791 0.007812
v -0.148319 0.467642 0.014460
v -0.115851 0.463901 0.000010
v -0.174262 0.478446 0.059217
v -0.079768 0.470674 0.039261
v -0.105466 0.484683 0.124454
v -0.157046 0.484822 0.119907
v -0.176041 0.482691 0.092149
v -0.072167 0.475490 0.074829
v -0.025980 0.823772 -0.051727
v -0.010702 0.822388 0.021203
v -0.067323 0.833787 -0.071167
v -0.031818 0.834977 0.090198
v -0.072590 0.843937 0.121193
v -0.023343 0.828385 0.063922
v -0.096306 0.845629 0.122243
v -0.143658 0.853951 0.113098
v -0.189107 0.852577 0.019341
v -0.179570 0.857709 -0.037908
v -0.151502 0.857694 -0.059326
v -0.164932 0.854850 0.094430
v -0.181717 0.853433 0.072665
v -0.108892 0.845287 -0.075979
v -0.103584 0.338072 0.028427
v -0.070685 0.339619 0.105347
v -0.117077 0.341144 0.152570
v -0.166664 0.339311 0.045756
v -0.175612 0.339438 0.132496
v -0.137751 0.336557 0.018060
v -0.154897 0.338132 0.029278
v -0.117730 0.336310 0.016525
v -0.184588 0.336385 0.076622
v -0.078348 0.336344 0.051483
v -0.095877 0.342466 0.143607
v -0.162541 0.339735 0.149821
v -0.067783 0.336868 0.085663
v -0.181270 0.338164 0.113319
v -0.087015 0.077567 0.050585
v -0.011364 0.895083 -0.016052
v -0.097469 0.006841 0.054784
v -0.081915 0.522744 0.016047
v -0.011183 0.857272 -0.011420
v -0.087392 0.494286 0.018183
v -0.070545 0.555418 0.008847
v -0.086599 0.376627 0.035095
v -0.101098 0.219732 0.053696
v -0.012384 0.877855 -0.013920
v -0.101164 0.180429 0.053635
v -0.155310 1.008584 -0.016659
v -0.153413 0.078121 0.079334
v -0.159847 0.004227 0.063994
v -0.128891 0.000238 0.059579
v -0.169600 0.528546 0.030415
v -0.183156 0.901487 -0.011727
v -0.168035 0.498062 0.035962
v -0.171935 0.566266 0.023518
v -0.178891 0.377646 0.056523
v -0.161319 0.212039 0.073567
v -0.174050 0.945359 -0.013602
v -0.155314 0.168767 0.076989
v -0.117298 0.001479 0.058549
v -0.095232 0.297943 0.045044
v -0.172919 0.296485 0.065075
v -0.098391 0.258905 0.051682
v -0.167896 0.254988 0.070157
v -0.151639 -0.002929 0.062608
v -0.047019 0.639596 0.000336
v -0.038075 0.687517 -0.001978
v -0.024245 0.734719 -0.004491
v -0.013146 0.780561 -0.008345
v -0.187412 0.652979 0.008603
v -0.192962 0.702416 0.002004
v -0.194892 0.754045 -0.002789
v -0.193710 0.805441 -0.006341
v -0.087067 0.442919 0.026596
v -0.172763 0.449235 0.049444
v -0.168852 0.477481 0.042062
v -0.086990 0.469174 0.021442
v -0.010408 0.822056 -0.009829
v -0.189520 0.855144 -0.008835
v -0.176796 0.337507 0.060562
v -0.090077 0.337038 0.038895
v -0.023411 0.899324 -0.057734
v -0.025933 0.905173 0.089447
v -0.082602 0.940066 0.140961
v -0.159549 0.977393 -0.047296
v -0.138887 0.967019 0.082958
v -0.083367 0.945601 -0.072404
v -0.124819 0.965821 -0.062351
v -0.033677 0.924434 -0.080346
v -0.160586 0.972439 0.010748
v -0.058324 0.928411 0.132874
v -0.129001 0.961633 0.110138
v -0.149839 0.967568 0.058914
v -0.013431 0.893161 0.066071
v -0.012366 0.888805 -0.015549
v -0.163964 0.979372 -0.014433
v -0.100572 0.591684 -0.034356
v -0.070108 0.586610 -0.023132
v -0.050361 0.599774 0.027817
v -0.060652 0.606157 0.065688
v -0.069367 0.605568 0.080598
v -0.100445 0.613548 0.110153
v -0.118807 0.616998 0.117762
v -0.161025 0.615895 0.113892
v -0.173032 0.599333 -0.005260
v -0.156837 0.594891 -0.030029
v -0.181999 0.611922 0.038083
v -0.171623 0.617475 0.095246
v -0.175203 0.616677 0.073561
v -0.128400 0.595256 -0.033667
v -0.055710 0.593994 0.002747
v -0.178776 0.607290 0.017094
v -0.146876 0.135290 0.066014
v -0.142062 0.137931 0.113544
v -0.131167 0.140052 0.043969
v -0.139755 0.138759 0.053969
v -0.119308 0.139111 0.040025
v -0.108245 0.137361 0.045634
v -0.097080 0.140799 0.091644
v -0.114589 0.138445 0.129341
v -0.095137 0.144797 0.061691
v -0.153443 0.134652 0.089573
v -0.107037 0.136079 0.117489
v -0.135652 0.139238 0.123474
v -0.148279 0.137841 0.106811
v -0.092589 0.145092 0.081146
v -0.100642 0.140902 0.053299
v -0.151799 0.131990 0.078473
v -0.147389 0.102218 0.065235
v -0.139959 0.105146 0.113269
v -0.128310 0.106913 0.039731
v -0.139454 0.107395 0.051684
v -0.113125 0.101269 0.036741
v -0.090556 0.110688 0.060532
v -0.152615 0.102321 0.090443
v -0.106445 0.097710 0.119292
v -0.132951 0.107564 0.122009
v -0.146183 0.105726 0.106973
v -0.090126 0.111885 0.081131
v -0.094308 0.103666 0.051274
v -0.151988 0.098491 0.079994
v -0.100840 0.095318 0.042637
v -0.094468 0.105953 0.091980
v -0.114075 0.104590 0.129166
v -0.167748 0.414941 0.035896
v -0.179453 0.422560 0.127417
v -0.138371 0.412697 0.006830
v -0.155798 0.413410 0.018743
v -0.116829 0.412460 0.003997
v -0.187056 0.414978 0.069124
v -0.077040 0.409459 0.046234
v -0.100837 0.424046 0.140429
v -0.163905 0.425364 0.145794
v -0.188033 0.419498 0.107839
v -0.061271 0.411509 0.082337
v -0.098377 0.415033 0.015853
v -0.068399 0.415314 0.103073
v -0.120785 0.424366 0.152705
v -0.087214 0.412586 0.031937
v -0.177644 0.415844 0.053528
v -0.011498 0.909001 -0.056623
v -0.018489 0.983993 0.137299
v -0.017005 0.963286 0.130432
v -0.010207 0.925267 0.093323
v -0.017083 0.958911 -0.092275
v -0.015402 0.928901 -0.090599
v -0.003490 0.896654 0.014312
v -0.006595 0.905787 0.067139
v -0.007171 0.903328 -0.016222
v -0.016404 0.909499 -0.055734
v -0.041117 0.982199 0.147339
v -0.033198 0.957989 0.138825
v -0.015183 0.919893 0.094635
v -0.038899 0.960545 -0.087036
v -0.027605 0.928889 -0.087057
v -0.006229 0.894704 0.014453
v -0.009197 0.902331 0.067261
v -0.009829 0.898968 -0.016165
v -0.156749 0.034614 0.051398
v -0.141134 0.037299 0.121727
v -0.092583 0.041591 0.092573
v -0.087211 0.039157 0.044194
v -0.184466 0.015629 -0.043474
v -0.080339 0.019919 -0.084952
v -0.112264 0.038063 0.139637
v -0.084095 0.029051 -0.006933
v -0.161801 0.026704 0.013746
v -0.087824 0.041541 0.067265
v -0.152392 0.037458 0.084531
v -0.101191 0.036954 0.130637
v -0.132534 0.039231 0.133059
v -0.146392 0.039223 0.107432
v -0.089650 0.042306 0.079725
v -0.087615 0.040318 0.057115
v -0.153642 0.040517 0.069626
v -0.143128 0.038662 -0.041992
v -0.093408 0.044048 -0.056328
v -0.115757 0.047576 -0.052247
v -0.127654 0.043484 -0.047926
v -0.105263 0.046066 -0.051975
v -0.180201 -0.000173 -0.024875
v -0.080236 0.000064 -0.056283
v -0.165601 -0.005237 -0.036657
v -0.080869 0.026606 -0.059670
v -0.182464 0.019889 -0.028914
v -0.168001 0.005822 0.026033
v -0.100642 0.010945 0.015978
v -0.131745 0.000455 0.018177
v -0.141736 0.063320 0.035613
v -0.095118 0.064644 0.015080
v -0.117022 0.077707 0.012874
v -0.131195 0.072960 0.020005
v -0.103567 0.077082 0.008689
v -0.119227 0.002493 0.016690
v -0.156992 -0.003002 0.023690
v -0.158138 0.031448 0.033867
v -0.087111 0.033984 0.017376
v -0.107882 0.033597 -0.078320
v -0.115211 0.033781 -0.085922
v -0.113950 0.017273 -0.104369
v -0.107909 0.025077 -0.104766
v -0.095382 0.026132 -0.103673
v -0.079027 0.016732 -0.103298
v -0.083526 -0.001833 -0.103421
v -0.082594 0.018094 -0.123732
v -0.092012 0.029023 -0.125897
v -0.101438 0.025827 -0.122404
v -0.104627 0.013837 -0.122718
v -0.161298 0.020590 0.048766
v -0.090172 0.024754 0.039398
v -0.185692 0.007302 -0.037390
v -0.081162 0.012566 -0.084396
v -0.174415 0.016426 0.013214
v -0.087411 0.024425 0.067332
v -0.156881 0.019659 0.083340
v -0.101176 0.019414 0.131885
v -0.138028 0.020839 0.138454
v -0.152841 0.019244 0.111776
v -0.087184 0.023796 0.083789
v -0.089091 0.024454 0.056430
v -0.159547 0.020941 0.066140
v -0.147215 0.020455 0.126113
v -0.088781 0.024767 0.097053
v -0.115238 0.018686 0.141591
v -0.088142 0.018530 -0.006874
v -0.184179 0.009731 -0.022017
v -0.076242 0.013841 -0.057224
v -0.165849 0.016936 0.030129
v -0.090712 0.021670 0.016692
v -0.079812 0.007158 -0.103366
v -0.176920 0.000326 -0.007091
v -0.088980 0.002931 -0.031381
v -0.140334 0.045528 -0.021866
v -0.091798 0.050808 -0.035235
v -0.113558 0.056378 -0.034091
v -0.126974 0.052383 -0.028919
v -0.100244 0.054838 -0.035395
v -0.161495 -0.005307 -0.016018
v -0.082436 0.026698 -0.032315
v -0.168752 0.025824 -0.010026
v -0.084225 0.015058 -0.032010
v -0.180283 0.013247 -0.004634
v -0.085323 0.008106 -0.122563
v -0.088354 0.000121 -0.117733
v -0.114923 0.000193 -0.108596
v -0.135915 0.055811 0.115616
v -0.091025 0.059540 0.091605
v -0.112607 0.057513 0.135034
v -0.086753 0.045212 -0.010044
v -0.145369 0.061564 0.059649
v -0.089088 0.060375 0.040871
v -0.166714 0.024165 -0.052958
v -0.083751 0.030788 -0.086197
v -0.152190 0.042928 0.007268
v -0.081794 0.060005 0.061864
v -0.155648 0.057097 0.089743
v -0.104069 0.054619 0.127087
v -0.129932 0.058211 0.126503
v -0.144553 0.055997 0.108583
v -0.083651 0.061155 0.081336
v -0.085189 0.058954 0.053417
v -0.155401 0.058705 0.075541
v -0.085707 0.036049 -0.057629
v -0.160243 0.032940 -0.034965
v -0.088257 0.052220 0.014772
v -0.148294 0.052469 0.037854
v -0.085607 0.024223 -0.104460
v -0.083929 0.022304 -0.123945
v -0.156473 0.037956 -0.015754
v -0.086448 0.040009 -0.033964
v -0.107464 0.003377 -0.118543
v -0.096729 0.011096 -0.126425
v -0.094959 0.020757 -0.128037
v -0.103180 0.020741 -0.123066
v -0.115940 0.011962 -0.109439
v -0.129344 0.033181 -0.079197
v -0.139240 0.033712 -0.076068
v -0.145977 0.033055 -0.071946
v -0.153821 0.032409 -0.065169
v -0.163057 0.027486 -0.058887
v -0.128345 0.022733 -0.103063
v -0.119541 0.022586 -0.105453
v -0.133413 0.021160 -0.099621
v -0.118826 0.039392 -0.067241
v -0.111209 0.039819 -0.067908
v -0.125650 0.037533 -0.063239
v -0.133172 0.040697 -0.057180
v -0.141981 0.037624 -0.055508
v -0.150917 0.035750 -0.052553
v -0.160509 0.032173 -0.048556
v -0.180600 0.021130 -0.048234
v -0.137440 0.019683 -0.096665
v -0.142273 0.022013 -0.095614
v -0.150713 0.021484 -0.089479
v -0.155106 0.020854 -0.085146
v -0.159500 0.023158 -0.082729
v -0.167081 0.020398 -0.074800
v -0.171193 0.016187 -0.069784
v -0.171917 0.025661 -0.053154
v -0.184378 0.011832 -0.058217
v -0.185535 0.005589 -0.058429
v -0.183989 -0.000863 -0.059179
v -0.122356 0.014411 -0.110431
v -0.130406 0.013700 -0.109101
v -0.136050 0.012261 -0.105836
v -0.139667 0.010890 -0.103519
v -0.144242 0.011820 -0.101577
v -0.153028 0.011029 -0.095099
v -0.156460 0.010349 -0.090299
v -0.161618 0.012780 -0.087609
v -0.169012 0.011392 -0.081408
v -0.172489 0.008987 -0.075524
v -0.179267 0.023421 -0.039984
v -0.124291 -0.002900 -0.118573
v -0.137314 -0.001060 -0.073225
v -0.132768 -0.001070 -0.118700
v -0.137421 -0.000750 -0.113153
v -0.139346 0.000488 -0.106692
v -0.147289 -0.003021 -0.109035
v -0.155066 -0.002957 -0.102514
v -0.158351 0.001831 -0.094042
v -0.164196 0.000238 -0.093602
v -0.170040 0.000201 -0.087711
v -0.172162 0.001302 -0.075205
v -0.183310 0.014634 -0.060393
v -0.155743 0.002348 -0.105091
v -0.170721 0.003760 -0.089182
v -0.165607 0.003836 -0.094531
v -0.149523 0.002132 -0.110031
v -0.137172 0.003513 -0.114989
v -0.123811 0.003642 -0.119412
v -0.132605 0.003571 -0.119732
v -0.174350 0.017355 -0.067677
v -0.169925 0.028314 -0.045434
v -0.151636 -0.001577 -0.061733
v -0.126052 -0.001714 -0.079375
v -0.177699 -0.002476 -0.074194
v -0.126380 -0.003066 -0.092922
v -0.121337 -0.004229 -0.094802
v -0.132490 -0.002733 -0.090355
v -0.144055 -0.002801 -0.082808
v -0.150795 -0.002496 -0.079290
v -0.159202 -0.002133 -0.071396
v -0.164577 -0.001606 -0.065059
v -0.123439 -0.007370 -0.053634
v -0.149321 -0.007411 -0.045547
v -0.134137 -0.007862 -0.050386
v -0.132439 -0.002038 -0.004274
v -0.113666 -0.008070 -0.055882
v -0.184742 -0.000899 -0.070894
v -0.172774 -0.001125 -0.056364
v -0.178094 -0.000334 -0.053210
v -0.176174 0.009310 -0.075609
v -0.185032 0.008069 -0.071609
v -0.186510 0.004490 -0.075376
v -0.178683 0.003808 -0.079127
v -0.000000 0.949238 0.103068
v -0.098565 0.072787 0.104079
v -0.030270 0.927312 0.116608
v -0.097290 0.002059 0.116166
v -0.091301 0.535716 0.096913
v -0.048382 0.876591 0.106201
v -0.090686 0.503045 0.101959
v -0.088198 0.567579 0.094623
v -0.075437 0.384277 0.128090
v -0.098994 0.218217 0.109833
v -0.044991 0.901143 0.101960
v -0.104195 0.004049 -0.005183
v -0.101289 0.176653 0.104721
v -0.104253 0.000646 0.071803
v -0.097073 -0.003652 -0.086345
v -0.108072 0.004846 0.038021
v -0.090220 0.302464 0.117844
v -0.095687 0.260030 0.114044
v -0.100383 -0.001810 0.098959
v -0.073793 0.652591 0.102969
v -0.065409 0.698334 0.107178
v -0.057366 0.745244 0.110595
v -0.051623 0.792682 0.111935
v -0.086634 0.452894 0.114680
v -0.089780 0.482084 0.107248
v -0.048097 0.839624 0.112351
v -0.078410 0.343602 0.125962
v -0.105894 0.002846 0.056141
v -0.038577 0.915728 0.110443
v -0.082612 0.608933 0.097811
v -0.101042 0.134584 0.100815
v -0.099040 0.092748 0.102157
v -0.081603 0.420439 0.121622
v -0.013056 0.942770 0.112580
v -0.021251 0.936285 0.116822
v -0.095547 0.039730 0.111808
v -0.099510 -0.009509 -0.058168
v -0.107312 0.006689 0.016872
v -0.099211 -0.007414 -0.107804
v -0.092077 0.021309 0.116110
v -0.101667 -0.005167 -0.032611
v -0.098032 0.056480 0.106881
v -0.098665 -0.001128 -0.119053
v -0.118102 -0.004808 -0.035489
v -0.133081 -0.005357 -0.028111
v -0.043902 0.916977 -0.072598
v 0.000000 0.980773 -0.092065
v -0.072421 0.992236 -0.075119
v -0.099227 1.001708 -0.069851
v -0.018282 0.983192 -0.090332
v -0.042508 0.986477 -0.085022
v -0.110915 0.024820 -0.091135
v -0.094136 0.031061 -0.094663
v -0.103802 0.030331 -0.093960
v -0.079906 0.017546 -0.093512
v -0.083688 0.001741 -0.093516
v -0.080487 0.009862 -0.093881
v -0.113162 -0.006307 -0.099247
v -0.084790 0.027369 -0.095823
v -0.125700 0.026567 -0.092718
v -0.117265 0.027870 -0.094715
v -0.131382 0.025330 -0.088790
v -0.135292 0.026304 -0.086604
v -0.141023 0.027209 -0.085537
v -0.148147 0.026461 -0.080516
v -0.152475 0.025741 -0.076061
v -0.156484 0.027468 -0.073917
v -0.165050 0.023682 -0.066772
v -0.168602 0.019682 -0.061030
v -0.184082 0.013249 -0.050278
v -0.184812 0.006312 -0.047986
v -0.182905 -0.000016 -0.050128
v -0.175254 -0.004541 -0.066879
v -0.181383 0.017050 -0.053744
v -0.135594 -0.001985 -0.103303
v -0.152701 -0.006781 -0.092727
v -0.167303 -0.005027 -0.077409
v -0.139455 -0.005533 -0.094803
v -0.130824 -0.006814 -0.109491
v -0.123508 -0.006662 -0.109533
v -0.146394 -0.007218 -0.096488
v -0.156273 -0.003901 -0.082371
v -0.161586 -0.005651 -0.084336
v -0.169412 -0.001295 -0.064930
v -0.172378 0.020442 -0.059683
v -0.182103 -0.003314 -0.062540
v -0.098142 -0.005533 -0.097075
v -0.153778 0.523754 0.012690
v -0.151144 0.505152 0.013984
v -0.153425 0.543481 0.001342
v -0.104723 0.497553 -0.012798
v -0.100943 0.515813 -0.018748
v -0.133969 0.541299 -0.023790
v -0.136409 0.517389 -0.021532
v -0.117561 0.516023 -0.023710
v -0.150586 0.520415 -0.007447
v -0.134979 0.494914 -0.009289
v -0.118331 0.495045 -0.013300
v -0.147101 0.498899 0.002204
v -0.099875 0.534308 -0.022416
v -0.115221 0.538066 -0.026862
v -0.149504 0.543131 -0.013952
v -0.052559 1.057785 -0.095428
v -0.103853 1.060298 -0.074859
v -0.022639 1.055442 -0.101257
v -0.146206 1.040043 -0.044069
v -0.021227 1.042470 0.131165
v -0.078008 1.036471 -0.080322
v -0.048940 1.033064 -0.090637
v -0.047177 1.044560 0.136658
v -0.156124 1.039876 -0.016674
v -0.142331 1.041379 0.049356
v -0.127244 1.041202 0.073393
v -0.128527 1.039649 -0.066097
v -0.156236 1.041314 0.007064
v -0.116266 1.042473 0.094452
v -0.022138 1.030367 -0.095276
v -0.102517 1.038372 -0.072739
v 0.000000 1.028453 -0.096170
v -0.073399 1.043503 0.130829
v -0.007697 0.890687 0.014632
v -0.000000 1.063723 0.113968
v -0.000000 1.042476 0.123051
v -0.000000 0.930711 0.088892
v -0.000000 0.907928 0.065262
v -0.000000 0.897179 0.014043
v 0.000000 0.906846 -0.016568
v 0.000000 0.908194 -0.060519
v 0.000000 0.930687 -0.092617
v -0.148642 1.020483 -0.045627
v -0.020626 1.019522 0.139099
v -0.074519 1.014315 -0.078037
v -0.045919 1.009975 -0.086700
v -0.047675 1.019328 0.147003
v -0.154916 1.019906 -0.016544
v -0.140549 1.020310 0.050954
v -0.129976 1.019150 0.075606
v -0.127986 1.020668 -0.065264
v -0.156554 1.021392 0.008021
v -0.121458 1.017619 0.100933
v -0.019921 1.006729 -0.090520
v -0.100497 1.018384 -0.071337
v 0.000000 1.004690 -0.092493
v -0.077012 1.015143 0.142884
v -0.000000 1.019091 0.127446
v -0.126963 0.001212 0.136498
v -0.122602 0.080141 0.129325
v -0.142365 -0.000856 0.041213
v -0.107058 0.984537 0.133270
v -0.139458 0.540985 0.112854
v -0.113203 0.888686 0.115479
v -0.140454 0.508940 0.120819
v -0.138017 0.575706 0.109040
v -0.142255 0.383072 0.160503
v -0.131471 0.215420 0.138263
v -0.111174 0.922820 0.123780
v -0.128571 0.176064 0.133358
v -0.138463 -0.002699 0.078612
v -0.136719 0.298539 0.145073
v -0.134124 0.256572 0.140781
v -0.132236 -0.005818 0.116206
v -0.126404 0.804276 0.126627
v -0.131183 0.756524 0.128681
v -0.134922 0.708502 0.129498
v -0.137832 0.661864 0.125828
v -0.142371 0.456842 0.140820
v -0.141097 0.485438 0.128718
v -0.119741 0.849336 0.119976
v -0.139799 0.340219 0.154316
v -0.140485 -0.001451 0.062463
v -0.109819 0.952949 0.132233
v -0.138988 0.618207 0.118301
v -0.125907 0.139822 0.128847
v -0.123666 0.107544 0.126760
v -0.142661 0.423863 0.152060
v -0.122611 0.039049 0.138567
v -0.144338 -0.001631 0.020693
v -0.125404 0.019879 0.141460
v -0.121766 0.058473 0.132579
v -0.146109 -0.003432 -0.000286
v -0.147640 -0.005800 -0.022482
v -0.094330 1.066822 0.106338
v -0.099124 1.044081 0.116333
v -0.104124 1.016932 0.127045
v -0.082401 0.085375 0.070338
v -0.093382 0.004640 0.079208
v -0.071647 0.531343 0.051392
v -0.014114 0.860566 0.043572
v -0.075673 0.502143 0.053955
v -0.059092 0.564999 0.047699
v -0.067135 0.373467 0.064987
v -0.092531 0.221048 0.072647
v -0.012399 0.875047 0.043747
v -0.092971 0.182823 0.072021
v -0.114228 -0.002341 0.090034
v -0.079307 0.298296 0.069656
v -0.087346 0.259937 0.072144
v -0.147549 -0.003892 0.096838
v -0.150974 0.999263 0.031616
v -0.151665 0.079372 0.099390
v -0.154083 0.004733 0.096457
v -0.125439 -0.004223 0.093461
v -0.174302 0.541866 0.063698
v -0.176071 0.895864 0.042168
v -0.174555 0.510281 0.069573
v -0.174605 0.575902 0.058525
v -0.190489 0.377729 0.092117
v -0.164176 0.215121 0.098579
v -0.165623 0.934461 0.038407
v -0.157821 0.175361 0.098396
v -0.179482 0.296571 0.096985
v -0.172345 0.255682 0.098358
v -0.041973 0.645894 0.045563
v -0.034011 0.689947 0.047231
v -0.024672 0.737492 0.048361
v -0.017657 0.783982 0.046546
v -0.188744 0.660739 0.055138
v -0.192907 0.708479 0.053620
v -0.194129 0.757097 0.051773
v -0.192339 0.805694 0.049401
v -0.068930 0.442153 0.059189
v -0.184354 0.450775 0.082558
v -0.177920 0.481039 0.075966
v -0.073580 0.472692 0.056488
v -0.015890 0.823078 0.045410
v -0.187226 0.852566 0.046288
v -0.070510 0.336113 0.066986
v -0.186074 0.337319 0.095047
v -0.156325 0.969288 0.034844
v -0.180955 0.615268 0.056214
v -0.048666 0.603338 0.046448
v -0.092089 0.146306 0.070938
v -0.152576 0.137279 0.097877
v -0.089851 0.113167 0.070373
v -0.151302 0.105432 0.098485
v -0.066077 0.409154 0.062256
v -0.190937 0.416328 0.088135
v -0.010228 0.883988 0.043518
v -0.006091 0.893624 0.043762
v -0.088954 0.042155 0.073235
v -0.150540 0.037513 0.095518
v -0.087348 0.024022 0.075679
v -0.155504 0.019461 0.096408
v -0.152967 0.056328 0.099457
v -0.081930 0.061309 0.071241
v -0.102799 -0.000997 0.084890
v -0.150854 1.042060 0.028488
v -0.008096 0.889909 0.043640
v -0.003223 0.896264 0.043625
v -0.000000 0.896293 0.043306
v -0.150910 1.021599 0.029679
v -0.136437 -0.004470 0.095834
v 0.082993 1.530131 0.005233
v 0.118847 1.538606 0.038225
v 0.040840 1.522923 -0.010621
v 0.061784 1.525694 -0.002476
v 0.063079 1.549065 0.121015
v 0.110957 1.548777 0.091087
v 0.123159 1.543595 0.057629
v 0.042626 1.549478 0.123167
v 0.021640 1.548633 0.120061
v 0.022593 1.064921 0.120746
v 0.080946 1.059091 -0.084564
v 0.140712 1.063415 0.047737
v 0.154715 1.061385 -0.017579
v 0.046577 1.067480 0.122555
v 0.206297 1.401431 0.070720
v 0.124368 1.062470 0.068229
v 0.127248 1.060522 -0.064056
v 0.153399 1.062518 0.005480
v 0.111896 1.065567 0.089445
v 0.201745 1.419351 0.042291
v 0.188797 1.434173 0.159631
v 0.189433 1.523288 0.032940
v 0.089557 1.497653 -0.037393
v 0.122463 1.384589 -0.103235
v 0.070922 1.512810 0.139392
v 0.081298 1.406663 0.160164
v 0.126342 1.216093 0.067048
v 0.132996 1.238220 -0.046783
v 0.069763 1.216965 0.104035
v 0.184229 1.395890 -0.033866
v 0.143188 1.501822 0.007908
v 0.173224 1.402218 0.150900
v 0.149401 1.511791 0.113545
v 0.121238 1.085550 0.061204
v 0.143791 1.084299 -0.046140
v 0.067661 1.088176 0.102106
v 0.163877 1.528209 0.063145
v 0.075355 1.461946 0.155901
v 0.149115 1.464472 0.156674
v 0.117745 1.155442 0.054676
v 0.133085 1.160718 -0.048095
v 0.062975 1.154290 0.078741
v 0.154733 1.328274 -0.038776
v 0.111768 1.335655 -0.097809
v 0.176181 1.313631 0.125458
v 0.083206 1.319542 0.151154
v 0.115536 1.499542 -0.024677
v 0.156684 1.388349 -0.077436
v 0.117561 1.240347 -0.069000
v 0.129308 1.083073 -0.067871
v 0.115049 1.161698 -0.063568
v 0.137716 1.330414 -0.074388
v 0.138580 1.229893 0.006409
v 0.190824 1.382329 0.050953
v 0.149983 1.085267 0.003051
v 0.139766 1.159109 -0.001220
v 0.174416 1.319707 0.028135
v 0.070713 1.067969 0.117112
v 0.115045 1.212506 0.087072
v 0.139975 1.404147 0.158272
v 0.116064 1.511472 0.125343
v 0.107269 1.086589 0.079714
v 0.125503 1.461378 0.148343
v 0.102918 1.154742 0.066003
v 0.146622 1.312046 0.145819
v 0.118128 1.108393 0.055690
v 0.144728 1.108634 -0.049574
v 0.064877 1.107432 0.087442
v 0.127793 1.108791 -0.071869
v 0.146600 1.109297 -0.000047
v 0.103783 1.107968 0.070474
v 0.151241 1.260596 0.095100
v 0.077633 1.263939 0.133362
v 0.102165 1.297924 -0.105072
v 0.143883 1.282087 -0.046462
v 0.123680 1.286251 -0.082977
v 0.153402 1.273509 0.017084
v 0.131183 1.259280 0.114669
v 0.161208 1.446841 -0.032249
v 0.152530 1.475636 -0.020343
v 0.100449 1.466476 -0.053541
v 0.111840 1.436175 -0.075804
v 0.126473 1.469036 -0.037813
v 0.139056 1.440344 -0.055981
v 0.189921 1.312750 0.094952
v 0.209231 1.389158 0.120933
v 0.128082 1.224499 0.050080
v 0.200873 1.376060 0.114171
v 0.136109 1.086175 0.043938
v 0.129091 1.156209 0.038768
v 0.132065 1.108794 0.040093
v 0.158567 1.263979 0.070238
v 0.164403 1.286739 0.109583
v 0.080921 1.290916 0.143524
v 0.108025 1.317566 -0.101379
v 0.148675 1.306148 -0.042142
v 0.129365 1.310953 -0.075356
v 0.163866 1.296132 0.022592
v 0.139491 1.284433 0.130070
v 0.178496 1.287571 0.083451
v 0.141993 1.235447 0.081510
v 0.073948 1.238884 0.121033
v 0.138702 1.259075 -0.046386
v 0.123047 1.261587 -0.073761
v 0.145752 1.251511 0.012329
v 0.123342 1.234921 0.100661
v 0.142477 1.243943 0.059435
v 0.140076 1.232757 -0.018493
v 0.188554 1.384669 0.022411
v 0.150800 1.084270 -0.018806
v 0.139961 1.160378 -0.023590
v 0.163103 1.324700 -0.001814
v 0.150000 1.109111 -0.023351
v 0.154521 1.276936 -0.012997
v 0.158293 1.301136 -0.007555
v 0.148010 1.254143 -0.015564
v 0.078329 1.434794 0.160397
v 0.155101 1.436192 0.160074
v 0.131205 1.433981 0.156153
v 0.072778 1.487781 0.148867
v 0.147836 1.495352 0.144829
v 0.121046 1.488293 0.139001
v 0.158885 1.526859 0.086448
v 0.155131 1.519292 0.034478
v 0.118106 1.402854 -0.093603
v 0.150347 1.408923 -0.070028
v 0.172961 1.418937 -0.037836
v 0.130524 1.531704 0.104273
v 0.073269 1.520051 -0.013526
v 0.068731 1.533703 0.128407
v 0.117446 1.523239 0.011641
v 0.148914 1.529460 0.062939
v 0.095573 1.522499 -0.003355
v 0.108173 1.533215 0.115758
v 0.148103 1.531973 0.083830
v 0.137843 1.524975 0.041083
v 0.121865 1.132019 0.057875
v 0.139407 1.134115 -0.050445
v 0.064352 1.131094 0.083783
v 0.120691 1.134949 -0.068908
v 0.145382 1.134673 -0.000488
v 0.105518 1.131475 0.069979
v 0.134690 1.132465 0.041060
v 0.146072 1.134997 -0.024353
v 0.113162 1.177905 0.053097
v 0.125199 1.187624 -0.042968
v 0.062737 1.178268 0.076905
v 0.111390 1.188221 -0.059967
v 0.134752 1.183334 -0.000396
v 0.099141 1.176785 0.063229
v 0.124416 1.179446 0.038474
v 0.132167 1.185685 -0.020172
v 0.113128 1.199823 0.057860
v 0.126871 1.214181 -0.044403
v 0.065495 1.199505 0.084900
v 0.112925 1.214553 -0.063019
v 0.133242 1.207400 0.001831
v 0.104493 1.195596 0.073721
v 0.122836 1.202925 0.040558
v 0.133001 1.210301 -0.019775
v 0.166623 1.349095 -0.038701
v 0.117557 1.351421 -0.101263
v 0.182039 1.346871 0.140765
v 0.084222 1.349757 0.150091
v 0.148237 1.348179 -0.077996
v 0.176573 1.343564 0.037600
v 0.148474 1.344429 0.154325
v 0.198756 1.338534 0.103708
v 0.173646 1.346424 0.004388
v 0.168783 1.509828 0.116542
v 0.172597 1.505352 0.007399
v 0.174336 1.530140 0.064845
v 0.167879 1.463611 0.158724
v 0.181580 1.455016 -0.015551
v 0.175046 1.478688 -0.004660
v 0.167229 1.493772 0.144356
v 0.173756 1.527333 0.089888
v 0.174399 1.520516 0.031807
v 0.022269 1.510358 0.134669
v 0.025524 1.406933 0.157837
v 0.023422 1.226604 0.102204
v 0.022637 1.085344 0.104967
v 0.023692 1.460824 0.148566
v 0.021877 1.155014 0.077698
v 0.031612 1.353958 -0.117126
v 0.024391 1.494080 -0.043212
v 0.032497 1.393841 -0.116699
v 0.027039 1.324718 0.147736
v 0.022565 1.105000 0.088550
v 0.029495 1.311756 -0.125335
v 0.025211 1.275749 0.125061
v 0.030560 1.442032 -0.089691
v 0.027973 1.469380 -0.066711
v 0.031235 1.333847 -0.124908
v 0.026817 1.300518 0.134980
v 0.023518 1.249889 0.116547
v 0.025017 1.434029 0.152405
v 0.021871 1.486960 0.144375
v 0.031750 1.410423 -0.109649
v 0.023039 1.530820 0.125530
v 0.021973 1.515366 -0.028137
v 0.022135 1.129132 0.080864
v 0.022095 1.179939 0.079834
v 0.022514 1.203018 0.090424
v 0.026989 1.351066 0.157685
v 0.032463 1.369060 -0.118103
v 0.047153 1.512889 0.141487
v 0.053076 1.407244 0.163451
v 0.046066 1.221477 0.103913
v 0.045617 1.087747 0.106805
v 0.048984 1.462692 0.157234
v 0.042749 1.154267 0.081820
v 0.071514 1.345520 -0.113311
v 0.044083 1.106976 0.090800
v 0.050518 1.268879 0.133209
v 0.053299 1.296142 0.139283
v 0.048141 1.243587 0.121460
v 0.051020 1.435387 0.160708
v 0.047498 1.488940 0.151909
v 0.045949 1.533145 0.131146
v 0.043090 1.130288 0.084295
v 0.043056 1.178852 0.082001
v 0.044605 1.202328 0.089081
v 0.055313 1.351433 0.152100
v 0.056238 1.496072 -0.044274
v 0.076427 1.389305 -0.114771
v 0.054989 1.323868 0.144501
v 0.066086 1.306799 -0.120788
v 0.070609 1.439473 -0.087754
v 0.064215 1.469235 -0.068203
v 0.069695 1.327185 -0.119659
v 0.073754 1.406615 -0.106867
v 0.047964 1.515041 -0.024777
v 0.074478 1.360527 -0.116180
v 0.080627 1.240379 -0.095977
v 0.082802 1.082222 -0.089203
v 0.073611 1.161494 -0.076019
v 0.098747 1.240480 -0.081451
v 0.106565 1.083187 -0.083557
v 0.094153 1.161828 -0.069549
v 0.079332 1.107040 -0.084472
v 0.102695 1.107896 -0.078918
v 0.091110 1.281422 -0.101562
v 0.107216 1.276016 -0.091613
v 0.085892 1.264873 -0.102234
v 0.103409 1.261364 -0.085815
v 0.074318 1.133202 -0.077881
v 0.097413 1.133565 -0.073303
v 0.076215 1.188947 -0.081939
v 0.089587 1.189614 -0.065002
v 0.077094 1.216083 -0.086914
v 0.092381 1.216390 -0.071289
v 0.025383 1.238661 -0.114807
v 0.023451 1.080423 -0.106781
v 0.023015 1.160487 -0.097992
v 0.023360 1.107457 -0.106903
v 0.027321 1.287632 -0.118774
v 0.026672 1.264505 -0.119262
v 0.023535 1.134372 -0.103637
v 0.023968 1.187339 -0.108398
v 0.024490 1.213852 -0.110412
v 0.055107 1.240337 -0.111328
v 0.052996 1.081892 -0.100982
v 0.049947 1.162007 -0.095733
v 0.051907 1.107788 -0.101166
v 0.060356 1.286276 -0.114502
v 0.056786 1.265400 -0.115295
v 0.050112 1.134560 -0.097229
v 0.051412 1.188956 -0.102691
v 0.052109 1.215654 -0.106170
v 0.185948 1.405787 0.145618
v 0.191800 1.395727 0.062458
v 0.202279 1.387109 0.117793
v 0.192420 1.400126 0.029879
v 0.170717 1.436999 0.159436
v 0.187398 1.430430 -0.015187
v 0.194848 1.408776 -0.006819
v 0.705213 1.445207 0.095178
v 0.706144 1.427964 0.056174
v 0.709328 1.429269 0.045181
v 0.702470 1.444749 0.027702
v 0.187566 1.364467 0.042883
v 0.146272 1.374227 0.161500
v 0.200870 1.357515 0.109723
v 0.182474 1.367394 0.012232
v 0.175388 1.370396 -0.035837
v 0.121145 1.368029 -0.103197
v 0.179395 1.372412 0.145267
v 0.083382 1.378612 0.155163
v 0.154914 1.368342 -0.078612
v 0.026192 1.378967 0.161225
v 0.032806 1.381775 -0.119842
v 0.054756 1.378799 0.161011
v 0.076179 1.374958 -0.119071
v 0.114377 1.315730 0.153750
v 0.093376 1.214447 0.100312
v 0.109676 1.405935 0.156576
v 0.092904 1.512104 0.132989
v 0.088935 1.087359 0.092341
v 0.100049 1.462059 0.146772
v 0.083263 1.154312 0.073265
v 0.086218 1.107681 0.080677
v 0.105022 1.261524 0.127686
v 0.110420 1.287532 0.141706
v 0.099453 1.236786 0.114777
v 0.104594 1.434770 0.154222
v 0.096158 1.488203 0.138118
v 0.088120 1.533302 0.123051
v 0.085003 1.131239 0.078036
v 0.081722 1.176997 0.070265
v 0.086494 1.197369 0.083710
v 0.115330 1.346866 0.155582
v 0.113868 1.376483 0.160909
v 0.182395 1.508901 0.117991
v 0.205154 1.426852 0.015351
v 0.187859 1.532686 0.064629
v 0.182188 1.492355 0.143282
v 0.192147 1.508024 0.009762
v 0.199868 1.408491 0.143876
v 0.183260 1.462510 0.158991
v 0.195607 1.485497 0.001123
v 0.201346 1.462315 -0.000333
v 0.185840 1.530854 0.091430
v 0.204281 1.443382 0.002665
v 0.462918 1.483523 0.108815
v 0.461237 1.399089 0.124144
v 0.470181 1.490850 0.039981
v 0.465405 1.409739 0.047555
v 0.221655 1.410011 0.044327
v 0.263698 1.388011 0.082089
v 0.263599 1.400588 0.047865
v 0.263260 1.406496 0.020265
v 0.422315 1.472779 0.109898
v 0.422358 1.476788 0.040908
v 0.420159 1.404531 0.125155
v 0.423445 1.405316 0.038452
v 0.462652 1.503261 0.071070
v 0.266323 1.399922 0.153221
v 0.424027 1.490317 0.082215
v 0.529101 1.496988 0.094981
v 0.534836 1.479144 0.035033
v 0.525658 1.410048 0.134917
v 0.533815 1.403634 0.056036
v 0.532210 1.503615 0.057857
v 0.264149 1.428049 0.006829
v 0.420078 1.446626 0.128222
v 0.527567 1.464483 0.129556
v 0.459035 1.381673 0.081065
v 0.269410 1.511772 0.043895
v 0.417746 1.387439 0.077016
v 0.533983 1.380001 0.088211
v 0.270855 1.514672 0.098256
v 0.269667 1.465917 0.135155
v 0.473090 1.447676 0.034381
v 0.471621 1.465114 0.037828
v 0.424350 1.442435 0.013413
v 0.424090 1.462324 0.020365
v 0.534715 1.440247 0.036361
v 0.535284 1.459832 0.032799
v 0.458758 1.386419 0.111643
v 0.267031 1.430095 0.157134
v 0.417724 1.387560 0.115357
v 0.529070 1.390518 0.124420
v 0.396419 1.469000 0.113436
v 0.393415 1.480054 0.039448
v 0.395006 1.479583 0.076606
v 0.397244 1.445676 0.127944
v 0.390751 1.377122 0.076845
v 0.391800 1.466950 0.013649
v 0.390034 1.442281 0.006466
v 0.393921 1.402627 0.126774
v 0.389861 1.400664 0.028812
v 0.390870 1.380961 0.120537
v 0.306132 1.399333 0.150083
v 0.300642 1.401915 0.020122
v 0.309076 1.481563 0.115998
v 0.305581 1.484309 0.033642
v 0.307699 1.491169 0.072994
v 0.309096 1.450205 0.148454
v 0.305095 1.377745 0.081013
v 0.304051 1.471053 0.013881
v 0.302462 1.448182 0.005384
v 0.310448 1.370073 0.133787
v 0.563877 1.493623 0.089881
v 0.601941 1.490554 0.081421
v 0.639808 1.484831 0.071656
v 0.675205 1.478822 0.061747
v 0.567269 1.471764 0.037087
v 0.602672 1.464495 0.037594
v 0.641738 1.459108 0.037967
v 0.675346 1.450663 0.039859
v 0.566287 1.491936 0.057356
v 0.602396 1.484102 0.053711
v 0.641195 1.478402 0.048601
v 0.674672 1.469230 0.043812
v 0.675116 1.451943 0.100583
v 0.639653 1.444673 0.108153
v 0.602124 1.432043 0.120400
v 0.559400 1.419287 0.133077
v 0.676026 1.419571 0.069564
v 0.642328 1.415017 0.067346
v 0.602692 1.412676 0.066238
v 0.566951 1.409844 0.062462
v 0.559645 1.467004 0.124657
v 0.601822 1.466525 0.108108
v 0.639340 1.468198 0.096134
v 0.674831 1.471318 0.085748
v 0.567672 1.388753 0.093932
v 0.604556 1.400418 0.095475
v 0.640621 1.410958 0.096584
v 0.674384 1.419792 0.096612
v 0.567454 1.454471 0.034024
v 0.602717 1.449907 0.034667
v 0.642316 1.445945 0.036309
v 0.675973 1.441050 0.040708
v 0.566920 1.437175 0.037571
v 0.602684 1.434359 0.038394
v 0.642719 1.432490 0.040604
v 0.676521 1.432799 0.045252
v 0.563359 1.399941 0.126008
v 0.603487 1.415269 0.117666
v 0.639803 1.429763 0.108605
v 0.674253 1.439415 0.101424
v 0.485659 1.451818 0.133602
v 0.441505 1.479941 0.110139
v 0.444740 1.481113 0.046267
v 0.440230 1.405023 0.124737
v 0.445865 1.407951 0.042423
v 0.444148 1.497389 0.081280
v 0.435107 1.446580 0.130960
v 0.440233 1.388705 0.078115
v 0.446175 1.457444 0.025755
v 0.448909 1.442530 0.021429
v 0.439580 1.392038 0.111196
v 0.461999 1.395403 0.058940
v 0.263771 1.375113 0.134754
v 0.422414 1.392397 0.054849
v 0.533438 1.389816 0.071216
v 0.391914 1.391737 0.053515
v 0.301534 1.393859 0.050346
v 0.566833 1.395795 0.077892
v 0.603015 1.404352 0.080975
v 0.640838 1.410097 0.082521
v 0.674427 1.418905 0.083495
v 0.442878 1.398170 0.060620
v 0.265551 1.452347 0.008783
v 0.418926 1.426723 0.133456
v 0.525961 1.443930 0.133297
v 0.395192 1.427236 0.132987
v 0.306575 1.429933 0.149004
v 0.559599 1.446361 0.129058
v 0.601891 1.452293 0.117622
v 0.639273 1.458119 0.104359
v 0.675400 1.463000 0.094778
v 0.485389 1.433064 0.134785
v 0.434227 1.426067 0.134312
v 0.463407 1.472941 0.121116
v 0.266932 1.473336 0.017437
v 0.420330 1.461189 0.119339
v 0.527741 1.483318 0.113524
v 0.396980 1.457470 0.123444
v 0.309322 1.469980 0.135784
v 0.562095 1.481615 0.108453
v 0.601737 1.481612 0.097356
v 0.639380 1.479712 0.085273
v 0.675223 1.477119 0.073506
v 0.438051 1.462176 0.118630
v 0.460998 1.498546 0.089403
v 0.269415 1.451964 0.148847
v 0.423106 1.484450 0.100321
v 0.530383 1.501317 0.077092
v 0.396130 1.470568 0.097997
v 0.308042 1.480194 0.093407
v 0.565002 1.492889 0.073339
v 0.602098 1.489453 0.066336
v 0.640438 1.484154 0.058414
v 0.674693 1.476797 0.051320
v 0.442614 1.492426 0.098481
v 0.466093 1.499890 0.051871
v 0.270537 1.521062 0.070703
v 0.423351 1.483838 0.063292
v 0.533725 1.492670 0.043050
v 0.394249 1.486387 0.057608
v 0.306838 1.491718 0.053183
v 0.567051 1.484189 0.044691
v 0.602419 1.475638 0.044062
v 0.641698 1.470618 0.042461
v 0.675097 1.460513 0.040718
v 0.445604 1.494813 0.059718
v 0.268344 1.493124 0.028935
v 0.471490 1.425845 0.039075
v 0.423692 1.418196 0.015746
v 0.534598 1.424098 0.048294
v 0.389991 1.414848 0.010133
v 0.301012 1.421844 0.004317
v 0.566972 1.421269 0.049636
v 0.602760 1.422111 0.050406
v 0.642395 1.422462 0.054670
v 0.676257 1.426838 0.055630
v 0.446634 1.422511 0.025405
v 0.224936 1.403427 0.152074
v 0.220960 1.420324 0.020102
v 0.218482 1.508138 0.121602
v 0.216895 1.507746 0.012106
v 0.217545 1.538758 0.067493
v 0.220800 1.455380 0.158106
v 0.217480 1.483525 0.003526
v 0.219914 1.460119 0.009048
v 0.225598 1.382491 0.126599
v 0.221463 1.432525 0.154443
v 0.220844 1.488834 0.139319
v 0.218342 1.532321 0.097965
v 0.215939 1.527074 0.033491
v 0.220471 1.439379 0.010101
v 0.345620 1.418925 0.005323
v 0.350868 1.488371 0.054418
v 0.352101 1.479838 0.096962
v 0.352568 1.465071 0.130976
v 0.349808 1.427449 0.136314
v 0.345902 1.394472 0.052856
v 0.345412 1.401009 0.021388
v 0.349696 1.399066 0.137915
v 0.355548 1.371320 0.130593
v 0.347422 1.445735 0.003332
v 0.348707 1.469408 0.012385
v 0.348483 1.373566 0.076441
v 0.351874 1.447109 0.134216
v 0.351517 1.489202 0.076054
v 0.349939 1.482235 0.035205
v 0.352704 1.478900 0.116850
v 0.473813 1.414046 0.131222
v 0.461449 1.412403 0.133958
v 0.461877 1.428502 0.138858
v 0.461820 1.459659 0.130680
v 0.461849 1.445574 0.137556
v 0.447650 1.443865 0.134822
v 0.475006 1.447587 0.134887
v 0.475092 1.430302 0.135674
v 0.473906 1.460888 0.130105
v 0.448008 1.412693 0.132869
v 0.447722 1.427570 0.136482
v 0.447619 1.455936 0.129426
v 0.224156 1.394545 0.077758
v 0.270330 1.496283 0.118769
v 0.704768 1.425739 0.081789
v 0.708266 1.432005 0.036917
v 0.698304 1.469410 0.037695
v 0.698888 1.474072 0.049559
v 0.699912 1.473958 0.063613
v 0.701566 1.463392 0.090556
v 0.282950 1.382937 0.082102
v 0.281904 1.404179 0.020160
v 0.286299 1.398503 0.152134
v 0.289638 1.478349 0.117105
v 0.286930 1.487788 0.031245
v 0.289301 1.504470 0.071579
v 0.289236 1.451292 0.150126
v 0.285465 1.472148 0.015602
v 0.283955 1.450214 0.007020
v 0.287189 1.373019 0.135984
v 0.286990 1.429036 0.154616
v 0.289523 1.467232 0.136180
v 0.289811 1.500939 0.095559
v 0.288058 1.493001 0.048279
v 0.282529 1.424913 0.005531
v 0.282539 1.397206 0.049083
v 0.240591 1.404876 0.046350
v 0.244346 1.507079 0.121440
v 0.240070 1.434428 0.009885
v 0.243947 1.480224 0.140522
v 0.243666 1.526376 0.098495
v 0.242957 1.430364 0.155894
v 0.241716 1.526132 0.037339
v 0.242564 1.378297 0.131131
v 0.240451 1.456765 0.010253
v 0.240270 1.479337 0.009136
v 0.244344 1.454025 0.152998
v 0.242911 1.533821 0.068304
v 0.240778 1.502117 0.018821
v 0.243874 1.401212 0.153148
v 0.239967 1.414097 0.020834
v 0.241736 1.391172 0.080193
v 0.483544 1.398962 0.126682
v 0.508258 1.511378 0.058769
v 0.500873 1.480759 0.118851
v 0.509669 1.501017 0.042964
v 0.487878 1.408539 0.048911
v 0.510381 1.465549 0.031234
v 0.485547 1.493388 0.101619
v 0.510482 1.485094 0.033974
v 0.493496 1.489475 0.033661
v 0.505525 1.507307 0.077846
v 0.491093 1.510595 0.063112
v 0.503298 1.497297 0.097456
v 0.483025 1.373079 0.082561
v 0.503279 1.385922 0.063480
v 0.491811 1.466158 0.033181
v 0.491452 1.451117 0.040761
v 0.505545 1.405822 0.051763
v 0.482041 1.381768 0.116583
v 0.508127 1.425528 0.043468
v 0.486351 1.390451 0.060699
v 0.498584 1.400568 0.131179
v 0.484906 1.478104 0.120062
v 0.503440 1.375159 0.085689
v 0.509439 1.443899 0.036870
v 0.487963 1.504796 0.082208
v 0.502016 1.385416 0.119134
v 0.492767 1.505142 0.045405
v 0.499486 1.436917 0.134636
v 0.491186 1.427074 0.042124
v 0.499984 1.457337 0.132403
v 0.136383 1.228001 0.028229
v 0.202676 1.371619 0.085915
v 0.143297 1.087061 0.023819
v 0.135256 1.158687 0.020111
v 0.143490 1.107791 0.021202
v 0.154613 1.270794 0.045107
v 0.180764 1.314858 0.064478
v 0.165204 1.293624 0.053949
v 0.147358 1.248182 0.035464
v 0.142150 1.134093 0.021302
v 0.131789 1.181663 0.020355
v 0.133197 1.203546 0.022461
v 0.193656 1.338269 0.073923
v 0.205999 1.384436 0.090922
v 0.209585 1.391321 0.096448
v 0.148491 1.063651 0.026490
v 0.198968 1.356350 0.080548
v 0.459572 1.380093 0.096229
v 0.416463 1.381335 0.097350
v 0.533193 1.383244 0.106090
v 0.352643 1.363889 0.104637
v 0.389218 1.370789 0.100550
v 0.308083 1.365028 0.108370
v 0.567114 1.392160 0.109230
v 0.603948 1.404876 0.109628
v 0.639765 1.418262 0.105407
v 0.673797 1.428300 0.101316
v 0.439803 1.386659 0.095177
v 0.263796 1.373275 0.108648
v 0.224878 1.386973 0.102752
v 0.286566 1.368410 0.109461
v 0.242752 1.379858 0.105599
v 0.482328 1.373715 0.100293
v 0.503524 1.379558 0.102433
v 0.704949 1.434331 0.094922
v 0.151132 1.007200 -0.046687
v 0.132869 0.996175 0.078931
v 0.090395 0.080497 0.092389
v 0.099596 0.081366 0.039143
v 0.137046 0.077398 0.113968
v 0.145397 0.083977 0.063246
v 0.020490 0.913534 0.093292
v 0.020173 0.907804 -0.056920
v 0.101263 0.008761 0.038830
v 0.164020 0.004068 0.043189
v 0.091129 0.007586 0.101110
v 0.144016 0.004314 0.127465
v 0.092393 0.037433 -0.086557
v 0.149890 0.031594 -0.067253
v 0.083851 0.005315 -0.083611
v 0.181820 0.000832 -0.041077
v 0.077245 0.973609 0.148163
v 0.067886 0.965901 -0.074832
v 0.126328 0.090593 0.032775
v 0.113354 -0.004464 -0.089341
v 0.123517 0.033372 -0.084355
v 0.130539 0.001127 0.039671
v 0.119306 0.000839 0.136353
v 0.113723 0.078548 0.131696
v 0.160734 0.525837 0.016767
v 0.088064 0.518971 -0.002145
v 0.078747 0.535446 0.084164
v 0.166834 0.543216 0.094544
v 0.123148 0.541216 0.118012
v 0.025666 0.861543 -0.056016
v 0.030725 0.871837 0.087892
v 0.092456 0.884407 0.114289
v 0.175627 0.904810 -0.040836
v 0.154251 0.897895 0.088605
v 0.101928 0.888361 -0.075600
v 0.157593 0.495073 0.018243
v 0.165025 0.511991 0.098633
v 0.133240 0.478624 -0.000676
v 0.095708 0.486987 -0.003686
v 0.079208 0.505779 0.088013
v 0.123830 0.509388 0.126770
v 0.159724 0.562685 0.004347
v 0.170192 0.577121 0.094025
v 0.129446 0.566499 -0.028346
v 0.085267 0.550634 -0.013938
v 0.074628 0.567956 0.081836
v 0.121555 0.575251 0.110474
v 0.168348 0.380077 0.041153
v 0.183513 0.382838 0.134583
v 0.138317 0.375706 0.011112
v 0.099363 0.377747 0.023010
v 0.064188 0.378610 0.106155
v 0.117079 0.383921 0.159747
v 0.154997 0.213197 0.060065
v 0.155744 0.215060 0.123487
v 0.133846 0.216312 0.038452
v 0.109196 0.219011 0.045197
v 0.094708 0.219699 0.095734
v 0.115989 0.216001 0.136639
v 0.025622 0.886426 -0.058131
v 0.029953 0.892879 0.087677
v 0.087059 0.913941 0.123169
v 0.167748 0.948232 -0.045639
v 0.148028 0.935628 0.087217
v 0.091358 0.922040 -0.072404
v 0.142504 0.090416 0.049610
v 0.132807 0.033329 -0.076741
v 0.146602 0.899175 -0.060458
v 0.116802 0.990525 -0.065938
v 0.145589 0.486215 0.012802
v 0.149542 0.567397 -0.016608
v 0.156424 0.377475 0.022949
v 0.146042 0.214716 0.046844
v 0.134723 0.937062 -0.061925
v 0.111324 0.089075 0.032259
v 0.100032 0.035529 -0.083115
v 0.058227 0.873860 -0.074915
v 0.116024 0.478993 -0.006111
v 0.105966 0.561013 -0.031084
v 0.116750 0.375539 0.008985
v 0.120918 0.217818 0.038865
v 0.049715 0.900412 -0.073582
v 0.140275 0.051488 0.000683
v 0.174261 0.002355 0.011425
v 0.092728 0.056300 -0.012049
v 0.096744 0.008623 -0.006623
v 0.115330 0.063661 -0.014295
v 0.127501 0.059507 -0.008771
v 0.101331 0.064014 -0.015909
v 0.150358 0.170561 0.063470
v 0.147430 0.176253 0.118097
v 0.131945 0.176848 0.043121
v 0.108940 0.179478 0.046076
v 0.096798 0.179687 0.093185
v 0.115124 0.175810 0.132701
v 0.142553 0.174306 0.051208
v 0.119856 0.178535 0.041260
v 0.156184 1.002007 0.009370
v 0.083395 0.083169 0.059746
v 0.154229 0.078590 0.090428
v 0.009251 0.884078 0.015323
v 0.094490 0.004824 0.070747
v 0.156344 0.005206 0.081597
v 0.127251 -0.001675 0.076593
v 0.073055 0.527170 0.033592
v 0.173377 0.536159 0.047264
v 0.180200 0.896688 0.015852
v 0.010227 0.854231 0.019818
v 0.080294 0.498936 0.036579
v 0.171335 0.505501 0.053140
v 0.175744 0.571630 0.042199
v 0.061637 0.560886 0.029907
v 0.076543 0.374100 0.048813
v 0.187905 0.376444 0.072819
v 0.095232 0.220540 0.062912
v 0.163928 0.213327 0.086156
v 0.010016 0.873179 0.016968
v 0.170221 0.937721 0.013103
v 0.095730 0.182078 0.062408
v 0.157646 0.172579 0.087989
v 0.144378 1.061472 -0.041992
v 0.105812 0.074038 0.121980
v 0.047875 0.947444 0.140808
v 0.107136 -0.000835 0.128198
v 0.118837 0.002813 0.038313
v 0.106243 0.538921 0.109314
v 0.072617 0.883445 0.112030
v 0.106335 0.505109 0.117523
v 0.105091 0.571973 0.103852
v 0.095110 0.385166 0.147556
v 0.105300 0.216995 0.124835
v 0.065582 0.909396 0.116699
v 0.118533 -0.000406 -0.006933
v 0.106881 0.176007 0.120287
v 0.115841 -0.000230 0.074232
v 0.106846 0.298268 0.035523
v 0.082598 0.300759 0.101273
v 0.118130 0.299338 0.143917
v 0.162954 0.298050 0.051235
v 0.165883 0.297686 0.127624
v 0.137160 0.296327 0.025294
v 0.152545 0.297346 0.035248
v 0.119329 0.296513 0.024934
v 0.178999 0.295681 0.080393
v 0.085268 0.297723 0.056137
v 0.103053 0.300971 0.133143
v 0.159377 0.256432 0.056488
v 0.160773 0.255891 0.125600
v 0.136116 0.256091 0.032163
v 0.149277 0.256128 0.041718
v 0.120725 0.257066 0.033029
v 0.171911 0.254706 0.084009
v 0.091357 0.259314 0.061203
v 0.105064 0.258814 0.128335
v 0.109011 0.258339 0.041946
v 0.089508 0.260169 0.098526
v 0.117601 0.257457 0.139299
v 0.154249 -0.002389 0.042479
v 0.167191 -0.002459 -0.049635
v 0.123772 0.993897 0.108032
v 0.136271 0.001692 0.135435
v 0.130742 0.079849 0.123673
v 0.153135 0.542456 0.103503
v 0.133649 0.895321 0.105957
v 0.153443 0.511610 0.109514
v 0.156165 0.575845 0.105896
v 0.167512 0.383514 0.154356
v 0.146450 0.214862 0.134777
v 0.131269 0.932025 0.108948
v 0.159952 -0.004088 0.004903
v 0.140831 0.175815 0.128693
v 0.149703 -0.003196 0.079842
v 0.154664 0.297883 0.140737
v 0.150049 0.255900 0.137009
v 0.142888 0.997301 0.054062
v 0.145082 0.078641 0.108310
v 0.150678 0.003903 0.112375
v 0.121673 -0.006429 0.113840
v 0.173021 0.543603 0.079789
v 0.170573 0.895928 0.067835
v 0.173243 0.512157 0.085359
v 0.174042 0.576952 0.075168
v 0.189328 0.379341 0.112654
v 0.161038 0.215177 0.112610
v 0.157574 0.933305 0.062769
v 0.153921 0.175900 0.109985
v 0.083599 0.084695 0.081720
v 0.011202 0.898661 0.066941
v 0.092121 0.004589 0.087496
v 0.072673 0.533669 0.068131
v 0.020448 0.866460 0.062765
v 0.074355 0.504562 0.071228
v 0.066964 0.567912 0.066651
v 0.061163 0.374805 0.084778
v 0.092594 0.220634 0.083588
v 0.016183 0.884445 0.065125
v 0.093642 0.181927 0.082764
v 0.110701 -0.003759 0.107782
v 0.174604 0.296734 0.113027
v 0.078809 0.299110 0.085236
v 0.168780 0.255438 0.112649
v 0.086895 0.260020 0.084839
v 0.143353 -0.004215 0.116326
v 0.058912 0.634599 -0.025665
v 0.030153 0.782691 -0.047119
v 0.052232 0.685719 -0.028320
v 0.043847 0.734925 -0.033722
v 0.061897 0.649451 0.082141
v 0.035563 0.789261 0.089256
v 0.052370 0.695330 0.085085
v 0.042898 0.742164 0.087558
v 0.100599 0.800660 0.127167
v 0.113950 0.659802 0.126156
v 0.104963 0.753322 0.129946
v 0.109231 0.705818 0.130982
v 0.182060 0.645797 -0.016942
v 0.183676 0.806662 -0.034869
v 0.185396 0.697750 -0.024912
v 0.186370 0.753015 -0.030575
v 0.171381 0.662821 0.096833
v 0.172766 0.807309 0.100009
v 0.172851 0.710170 0.098384
v 0.174424 0.758446 0.100409
v 0.114373 0.796856 -0.074206
v 0.127142 0.636063 -0.051224
v 0.119060 0.742628 -0.070251
v 0.125129 0.685511 -0.062408
v 0.155130 0.804017 -0.058977
v 0.162859 0.637871 -0.040313
v 0.158710 0.749980 -0.053650
v 0.163176 0.691128 -0.046203
v 0.094317 0.636380 -0.045248
v 0.073376 0.787714 -0.063781
v 0.087578 0.687521 -0.050415
v 0.080624 0.738776 -0.057129
v 0.012692 0.780765 0.021359
v 0.042072 0.643734 0.025864
v 0.020255 0.736050 0.023892
v 0.030600 0.689373 0.023435
v 0.189537 0.657453 0.032597
v 0.193679 0.804715 0.022003
v 0.193623 0.705664 0.028333
v 0.195150 0.755236 0.024926
v 0.075615 0.796563 0.123200
v 0.092286 0.656430 0.118052
v 0.080206 0.749636 0.123705
v 0.085430 0.702217 0.123150
v 0.161304 0.660816 0.117584
v 0.151814 0.805999 0.118592
v 0.158838 0.708302 0.119599
v 0.156486 0.756811 0.120392
v 0.187735 0.806300 0.076512
v 0.183147 0.662049 0.076704
v 0.189610 0.757643 0.078175
v 0.189151 0.709146 0.078557
v 0.025956 0.786905 0.064637
v 0.052128 0.649225 0.065104
v 0.032174 0.740279 0.066665
v 0.042066 0.694140 0.066202
v 0.097427 0.441025 0.008544
v 0.073658 0.448400 0.097794
v 0.122153 0.457340 0.143066
v 0.164797 0.445894 0.030629
v 0.172165 0.454428 0.116547
v 0.136182 0.439910 0.005836
v 0.152806 0.442055 0.015397
v 0.116830 0.439506 0.002255
v 0.180830 0.449245 0.065090
v 0.077875 0.441445 0.042557
v 0.104423 0.456914 0.132127
v 0.161519 0.457503 0.132954
v 0.181553 0.453034 0.099995
v 0.066901 0.444947 0.078842
v 0.096554 0.466392 0.002186
v 0.077602 0.478577 0.092606
v 0.122682 0.486353 0.133711
v 0.161172 0.473262 0.023308
v 0.167228 0.482976 0.106476
v 0.132663 0.464791 0.007812
v 0.148319 0.467642 0.014460
v 0.115851 0.463902 0.000010
v 0.174262 0.478446 0.059217
v 0.079768 0.470674 0.039261
v 0.105466 0.484683 0.124454
v 0.157045 0.484822 0.119907
v 0.176041 0.482691 0.092149
v 0.072167 0.475490 0.074829
v 0.025980 0.823772 -0.051727
v 0.010702 0.822388 0.021203
v 0.067323 0.833787 -0.071167
v 0.031818 0.834977 0.090198
v 0.072590 0.843937 0.121193
v 0.023343 0.828385 0.063922
v 0.096306 0.845629 0.122243
v 0.143658 0.853951 0.113098
v 0.189107 0.852577 0.019341
v 0.179570 0.857709 -0.037908
v 0.151502 0.857694 -0.059326
v 0.164932 0.854850 0.094430
v 0.181717 0.853433 0.072665
v 0.108892 0.845287 -0.075979
v 0.103584 0.338072 0.028427
v 0.070685 0.339619 0.105347
v 0.117077 0.341144 0.152570
v 0.166664 0.339311 0.045756
v 0.175611 0.339438 0.132496
v 0.137751 0.336557 0.018060
v 0.154897 0.338132 0.029278
v 0.117730 0.336310 0.016525
v 0.184588 0.336385 0.076622
v 0.078347 0.336344 0.051483
v 0.095877 0.342466 0.143607
v 0.162541 0.339736 0.149821
v 0.067783 0.336868 0.085663
v 0.181270 0.338165 0.113319
v 0.087015 0.077567 0.050585
v 0.011364 0.895083 -0.016052
v 0.097469 0.006841 0.054784
v 0.081915 0.522744 0.016047
v 0.011183 0.857272 -0.011420
v 0.087392 0.494286 0.018183
v 0.070545 0.555418 0.008847
v 0.086599 0.376627 0.035095
v 0.101098 0.219732 0.053696
v 0.012384 0.877855 -0.013920
v 0.101164 0.180429 0.053635
v 0.155310 1.008584 -0.016659
v 0.153413 0.078121 0.079334
v 0.159847 0.004227 0.063994
v 0.128891 0.000238 0.059579
v 0.169600 0.528546 0.030415
v 0.183156 0.901487 -0.011726
v 0.168035 0.498062 0.035962
v 0.171935 0.566266 0.023518
v 0.178891 0.377646 0.056523
v 0.161319 0.212039 0.073567
v 0.174050 0.945359 -0.013602
v 0.155314 0.168767 0.076989
v 0.117298 0.001479 0.058549
v 0.095232 0.297943 0.045044
v 0.172919 0.296485 0.065075
v 0.098391 0.258905 0.051682
v 0.167896 0.254988 0.070157
v 0.151639 -0.002929 0.062608
v 0.047019 0.639596 0.000336
v 0.038075 0.687517 -0.001978
v 0.024245 0.734719 -0.004491
v 0.013146 0.780561 -0.008345
v 0.187412 0.652979 0.008603
v 0.192962 0.702416 0.002004
v 0.194892 0.754045 -0.002789
v 0.193710 0.805441 -0.006341
v 0.087067 0.442919 0.026596
v 0.172763 0.449235 0.049444
v 0.168852 0.477481 0.042062
v 0.086990 0.469174 0.021442
v 0.010408 0.822056 -0.009829
v 0.189520 0.855144 -0.008835
v 0.176796 0.337507 0.060562
v 0.090077 0.337038 0.038895
v 0.023411 0.899324 -0.057734
v 0.025933 0.905173 0.089447
v 0.082602 0.940066 0.140961
v 0.159549 0.977393 -0.047296
v 0.138887 0.967019 0.082958
v 0.083367 0.945601 -0.072404
v 0.124819 0.965821 -0.062351
v 0.033677 0.924434 -0.080346
v 0.160586 0.972439 0.010748
v 0.058324 0.928411 0.132874
v 0.129001 0.961633 0.110138
v 0.149839 0.967568 0.058914
v 0.013431 0.893161 0.066071
v 0.012366 0.888805 -0.015549
v 0.163964 0.979372 -0.014433
v 0.100572 0.591684 -0.034356
v 0.070108 0.586610 -0.023132
v 0.050361 0.599774 0.027817
v 0.060652 0.606157 0.065688
v 0.069367 0.605568 0.080598
v 0.100445 0.613548 0.110153
v 0.118807 0.616998 0.117762
v 0.161025 0.615895 0.113892
v 0.173032 0.599333 -0.005260
v 0.156837 0.594891 -0.030029
v 0.181999 0.611922 0.038083
v 0.171623 0.617475 0.095246
v 0.175203 0.616677 0.073561
v 0.128400 0.595256 -0.033667
v 0.055710 0.593994 0.002747
v 0.178776 0.607290 0.017094
v 0.146876 0.135291 0.066014
v 0.142062 0.137931 0.113544
v 0.131167 0.140052 0.043969
v 0.139755 0.138759 0.053969
v 0.119308 0.139111 0.040025
v 0.108245 0.137361 0.045634
v 0.097080 0.140800 0.091644
v 0.114589 0.138445 0.129341
v 0.095137 0.144797 0.061691
v 0.153443 0.134652 0.089573
v 0.107037 0.136079 0.117489
v 0.135652 0.139238 0.123474
v 0.148279 0.137841 0.106811
v 0.092589 0.145092 0.081146
v 0.100642 0.140902 0.053299
v 0.151799 0.131990 0.078473
v 0.147389 0.102218 0.065235
v 0.139959 0.105146 0.113269
v 0.128310 0.106913 0.039731
v 0.139454 0.107395 0.051684
v 0.113125 0.101269 0.036741
v 0.090556 0.110688 0.060532
v 0.152615 0.102321 0.090443
v 0.106445 0.097710 0.119292
v 0.132951 0.107564 0.122009
v 0.146183 0.105726 0.106973
v 0.090125 0.111885 0.081131
v 0.094308 0.103666 0.051274
v 0.151988 0.098491 0.079994
v 0.100840 0.095318 0.042637
v 0.094468 0.105953 0.091980
v 0.114075 0.104590 0.129166
v 0.167748 0.414941 0.035896
v 0.179453 0.422561 0.127417
v 0.138371 0.412697 0.006830
v 0.155798 0.413410 0.018743
v 0.116829 0.412460 0.003997
v 0.187056 0.414978 0.069124
v 0.077040 0.409459 0.046234
v 0.100837 0.424046 0.140429
v 0.163905 0.425364 0.145794
v 0.188033 0.419498 0.107839
v 0.061271 0.411509 0.082337
v 0.098377 0.415034 0.015853
v 0.068399 0.415314 0.103073
v 0.120785 0.424366 0.152705
v 0.087214 0.412586 0.031937
v 0.177644 0.415844 0.053528
v 0.011498 0.909001 -0.056623
v 0.018489 0.983993 0.137299
v 0.017005 0.963286 0.130432
v 0.010207 0.925267 0.093323
v 0.017083 0.958911 -0.092275
v 0.015402 0.928901 -0.090599
v 0.003490 0.896654 0.014312
v 0.006595 0.905787 0.067139
v 0.007171 0.903328 -0.016222
v 0.016404 0.909499 -0.055734
v 0.041117 0.982199 0.147339
v 0.033198 0.957989 0.138825
v 0.015183 0.919893 0.094635
v 0.038899 0.960545 -0.087036
v 0.027605 0.928889 -0.087057
v 0.006229 0.894704 0.014453
v 0.009197 0.902331 0.067261
v 0.009829 0.898968 -0.016165
v 0.156749 0.034614 0.051398
v 0.141134 0.037299 0.121727
v 0.092583 0.041591 0.092573
v 0.087211 0.039157 0.044194
v 0.184466 0.015629 -0.043473
v 0.080339 0.019919 -0.084952
v 0.112264 0.038063 0.139637
v 0.084095 0.029051 -0.006933
v 0.161801 0.026704 0.013746
v 0.087824 0.041541 0.067265
v 0.152392 0.037458 0.084531
v 0.101191 0.036954 0.130637
v 0.132534 0.039231 0.133059
v 0.146392 0.039223 0.107432
v 0.089650 0.042306 0.079725
v 0.087615 0.040318 0.057115
v 0.153642 0.040517 0.069626
v 0.143127 0.038662 -0.041992
v 0.093408 0.044048 -0.056328
v 0.115757 0.047576 -0.052247
v 0.127654 0.043484 -0.047926
v 0.105263 0.046066 -0.051975
v 0.180201 -0.000173 -0.024875
v 0.080236 0.000064 -0.056283
v 0.165601 -0.005237 -0.036657
v 0.080869 0.026606 -0.059670
v 0.182464 0.019889 -0.028914
v 0.168001 0.005822 0.026033
v 0.100642 0.010945 0.015978
v 0.131745 0.000455 0.018177
v 0.141736 0.063320 0.035613
v 0.095118 0.064644 0.015080
v 0.117022 0.077707 0.012874
v 0.131195 0.072960 0.020005
v 0.103567 0.077082 0.008689
v 0.119227 0.002493 0.016690
v 0.156992 -0.003002 0.023690
v 0.158138 0.031448 0.033867
v 0.087111 0.033984 0.017376
v 0.107882 0.033597 -0.078320
v 0.115210 0.033781 -0.085922
v 0.113950 0.017273 -0.104369
v 0.107909 0.025077 -0.104766
v 0.095382 0.026132 -0.103673
v 0.079027 0.016732 -0.103298
v 0.083526 -0.001833 -0.103421
v 0.082593 0.018093 -0.123732
v 0.092012 0.029023 -0.125897
v 0.101438 0.025827 -0.122404
v 0.104627 0.013837 -0.122718
v 0.161298 0.020590 0.048766
v 0.090172 0.024754 0.039398
v 0.185692 0.007302 -0.037390
v 0.081162 0.012566 -0.084396
v 0.174415 0.016426 0.013214
v 0.087411 0.024425 0.067332
v 0.156881 0.019659 0.083340
v 0.101176 0.019414 0.131885
v 0.138028 0.020839 0.138454
v 0.152841 0.019244 0.111776
v 0.087184 0.023796 0.083789
v 0.089091 0.024454 0.056430
v 0.159547 0.020941 0.066140
v 0.147215 0.020455 0.126113
v 0.088781 0.024767 0.097053
v 0.115238 0.018686 0.141591
v 0.088142 0.018530 -0.006874
v 0.184179 0.009731 -0.022017
v 0.076242 0.013841 -0.057224
v 0.165848 0.016936 0.030129
v 0.090712 0.021670 0.016692
v 0.079812 0.007158 -0.103366
v 0.176920 0.000326 -0.007091
v 0.088980 0.002931 -0.031381
v 0.140334 0.045528 -0.021866
v 0.091798 0.050808 -0.035235
v 0.113558 0.056378 -0.034091
v 0.126974 0.052383 -0.028919
v 0.100243 0.054838 -0.035395
v 0.161495 -0.005307 -0.016018
v 0.082436 0.026698 -0.032315
v 0.168752 0.025824 -0.010026
v 0.084225 0.015058 -0.032010
v 0.180283 0.013247 -0.004634
v 0.085322 0.008106 -0.122563
v 0.088354 0.000121 -0.117733
v 0.114923 0.000193 -0.108596
v 0.135915 0.055811 0.115616
v 0.091025 0.059540 0.091605
v 0.112606 0.057513 0.135034
v 0.086753 0.045212 -0.010044
v 0.145368 0.061564 0.059649
v 0.089088 0.060375 0.040871
v 0.166714 0.024165 -0.052958
v 0.083751 0.030788 -0.086197
v 0.152190 0.042928 0.007268
v 0.081794 0.060005 0.061864
v 0.155648 0.057097 0.089743
v 0.104069 0.054619 0.127087
v 0.129931 0.058211 0.126503
v 0.144552 0.055997 0.108583
v 0.083651 0.061155 0.081336
v 0.085189 0.058954 0.053417
v 0.155401 0.058705 0.075541
v 0.085707 0.036048 -0.057629
v 0.160243 0.032940 -0.034965
v 0.088257 0.052220 0.014772
v 0.148294 0.052469 0.037854
v 0.085607 0.024223 -0.104460
v 0.083929 0.022304 -0.123945
v 0.156473 0.037956 -0.015754
v 0.086448 0.040009 -0.033964
v 0.107464 0.003377 -0.118543
v 0.096729 0.011096 -0.126425
v 0.094959 0.020757 -0.128037
v 0.103180 0.020741 -0.123066
v 0.115940 0.011962 -0.109439
v 0.129344 0.033180 -0.079197
v 0.139240 0.033712 -0.076068
v 0.145977 0.033055 -0.071946
v 0.153821 0.032409 -0.065169
v 0.163057 0.027486 -0.058886
v 0.128345 0.022733 -0.103063
v 0.119540 0.022586 -0.105453
v 0.133413 0.021160 -0.099621
v 0.118826 0.039392 -0.067241
v 0.111209 0.039819 -0.067908
v 0.125650 0.037533 -0.063239
v 0.133172 0.040697 -0.057180
v 0.141981 0.037624 -0.055508
v 0.150917 0.035750 -0.052553
v 0.160509 0.032173 -0.048556
v 0.180600 0.021130 -0.048234
v 0.137440 0.019683 -0.096665
v 0.142273 0.022013 -0.095614
v 0.150713 0.021484 -0.089479
v 0.155106 0.020854 -0.085146
v 0.159500 0.023158 -0.082729
v 0.167081 0.020398 -0.074800
v 0.171193 0.016187 -0.069784
v 0.171917 0.025661 -0.053154
v 0.184378 0.011832 -0.058217
v 0.185535 0.005589 -0.058429
v 0.183989 -0.000863 -0.059179
v 0.122356 0.014411 -0.110431
v 0.130406 0.013700 -0.109101
v 0.136050 0.012261 -0.105836
v 0.139666 0.010890 -0.103519
v 0.144242 0.011820 -0.101577
v 0.153028 0.011029 -0.095099
v 0.156460 0.010349 -0.090299
v 0.161617 0.012780 -0.087609
v 0.169012 0.011392 -0.081408
v 0.172489 0.008987 -0.075524
v 0.179267 0.023421 -0.039984
v 0.124291 -0.002900 -0.118573
v 0.137314 -0.001060 -0.073225
v 0.132768 -0.001070 -0.118700
v 0.137421 -0.000750 -0.113153
v 0.139346 0.000488 -0.106692
v 0.147289 -0.003021 -0.109035
v 0.155066 -0.002957 -0.102514
v 0.158351 0.001831 -0.094042
v 0.164196 0.000238 -0.093602
v 0.170040 0.000201 -0.087711
v 0.172162 0.001302 -0.075205
v 0.183310 0.014634 -0.060393
v 0.155743 0.002348 -0.105091
v 0.170721 0.003760 -0.089182
v 0.165607 0.003836 -0.094531
v 0.149523 0.002132 -0.110031
v 0.137172 0.003513 -0.114989
v 0.123811 0.003642 -0.119412
v 0.132604 0.003571 -0.119732
v 0.174350 0.017355 -0.067677
v 0.169925 0.028313 -0.045434
v 0.151636 -0.001577 -0.061733
v 0.126052 -0.001714 -0.079375
v 0.177699 -0.002476 -0.074194
v 0.126380 -0.003066 -0.092922
v 0.121337 -0.004229 -0.094802
v 0.132490 -0.002733 -0.090355
v 0.144055 -0.002801 -0.082808
v 0.150795 -0.002496 -0.079290
v 0.159202 -0.002133 -0.071396
v 0.164577 -0.001606 -0.065059
v 0.123439 -0.007370 -0.053634
v 0.149321 -0.007411 -0.045547
v 0.134137 -0.007863 -0.050386
v 0.132439 -0.002038 -0.004274
v 0.113666 -0.008070 -0.055882
v 0.184742 -0.000899 -0.070894
v 0.172774 -0.001125 -0.056364
v 0.178094 -0.000334 -0.053210
v 0.176174 0.009310 -0.075609
v 0.185032 0.008069 -0.071609
v 0.186510 0.004490 -0.075376
v 0.178683 0.003808 -0.079127
v 0.098565 0.072787 0.104079
v 0.030270 0.927312 0.116608
v 0.097290 0.002059 0.116166
v 0.091301 0.535716 0.096913
v 0.048382 0.876591 0.106201
v 0.090685 0.503045 0.101959
v 0.088198 0.567579 0.094623
v 0.075437 0.384277 0.128090
v 0.098994 0.218217 0.109833
v 0.044991 0.901143 0.101960
v 0.104195 0.004049 -0.005183
v 0.101289 0.176653 0.104721
v 0.104253 0.000646 0.071803
v 0.097073 -0.003652 -0.086345
v 0.108071 0.004846 0.038021
v 0.090220 0.302464 0.117844
v 0.095687 0.260030 0.114044
v 0.100383 -0.001810 0.098959
v 0.073793 0.652591 0.102969
v 0.065409 0.698334 0.107178
v 0.057366 0.745244 0.110595
v 0.051623 0.792682 0.111935
v 0.086634 0.452894 0.114680
v 0.089780 0.482084 0.107248
v 0.048097 0.839624 0.112351
v 0.078410 0.343602 0.125962
v 0.105894 0.002846 0.056141
v 0.038577 0.915728 0.110443
v 0.082612 0.608933 0.097811
v 0.101042 0.134584 0.100815
v 0.099040 0.092748 0.102157
v 0.081603 0.420439 0.121622
v 0.013056 0.942770 0.112580
v 0.021251 0.936285 0.116822
v 0.095547 0.039730 0.111808
v 0.099510 -0.009509 -0.058168
v 0.107312 0.006689 0.016872
v 0.099211 -0.007414 -0.107804
v 0.092077 0.021309 0.116110
v 0.101667 -0.005167 -0.032611
v 0.098032 0.056480 0.106881
v 0.098665 -0.001128 -0.119053
v 0.118102 -0.004808 -0.035489
v 0.133081 -0.005357 -0.028111
v 0.043902 0.916977 -0.072598
v 0.072421 0.992236 -0.075119
v 0.099227 1.001708 -0.069851
v 0.018282 0.983192 -0.090332
v 0.042508 0.986477 -0.085022
v 0.110915 0.024820 -0.091135
v 0.094135 0.031061 -0.094663
v 0.103802 0.030331 -0.093960
v 0.079906 0.017546 -0.093512
v 0.083688 0.001741 -0.093516
v 0.080487 0.009862 -0.093881
v 0.113162 -0.006307 -0.099247
v 0.084790 0.027369 -0.095823
v 0.125700 0.026567 -0.092718
v 0.117265 0.027870 -0.094715
v 0.131382 0.025330 -0.088790
v 0.135292 0.026304 -0.086604
v 0.141023 0.027209 -0.085537
v 0.148147 0.026461 -0.080516
v 0.152475 0.025741 -0.076061
v 0.156484 0.027468 -0.073917
v 0.165050 0.023682 -0.066772
v 0.168602 0.019682 -0.061030
v 0.184082 0.013249 -0.050278
v 0.184812 0.006312 -0.047986
v 0.182905 -0.000016 -0.050128
v 0.175254 -0.004541 -0.066879
v 0.181383 0.017050 -0.053744
v 0.135594 -0.001985 -0.103303
v 0.152701 -0.006781 -0.092727
v 0.167303 -0.005027 -0.077409
v 0.139455 -0.005533 -0.094803
v 0.130824 -0.006814 -0.109491
v 0.123508 -0.006662 -0.109533
v 0.146394 -0.007218 -0.096488
v 0.156273 -0.003901 -0.082371
v 0.161586 -0.005651 -0.084336
v 0.169412 -0.001295 -0.064930
v 0.172378 0.020442 -0.059683
v 0.182103 -0.003314 -0.062540
v 0.098142 -0.005533 -0.097075
v 0.153777 0.523754 0.012690
v 0.151144 0.505153 0.013984
v 0.153425 0.543481 0.001342
v 0.104723 0.497553 -0.012798
v 0.100943 0.515813 -0.018748
v 0.133969 0.541299 -0.023790
v 0.136409 0.517389 -0.021532
v 0.117561 0.516023 -0.023710
v 0.150586 0.520415 -0.007446
v 0.134979 0.494914 -0.009289
v 0.118331 0.495045 -0.013300
v 0.147101 0.498899 0.002204
v 0.099875 0.534308 -0.022416
v 0.115221 0.538066 -0.026862
v 0.149504 0.543131 -0.013952
v 0.052559 1.057785 -0.095428
v 0.103853 1.060298 -0.074859
v 0.022639 1.055442 -0.101257
v 0.146206 1.040043 -0.044069
v 0.021227 1.042470 0.131165
v 0.078008 1.036471 -0.080322
v 0.048940 1.033064 -0.090637
v 0.047177 1.044560 0.136658
v 0.156124 1.039876 -0.016674
v 0.142331 1.041379 0.049356
v 0.127244 1.041202 0.073393
v 0.128527 1.039649 -0.066097
v 0.156236 1.041314 0.007064
v 0.116266 1.042473 0.094452
v 0.022138 1.030367 -0.095276
v 0.102517 1.038372 -0.072739
v 0.073399 1.043503 0.130829
v 0.007697 0.890687 0.014632
v 0.148642 1.020483 -0.045627
v 0.020626 1.019522 0.139099
v 0.074519 1.014315 -0.078037
v 0.045919 1.009975 -0.086700
v 0.047675 1.019328 0.147003
v 0.154916 1.019906 -0.016544
v 0.140549 1.020310 0.050954
v 0.129976 1.019150 0.075606
v 0.127986 1.020668 -0.065264
v 0.156554 1.021392 0.008021
v 0.121458 1.017619 0.100933
v 0.019921 1.006729 -0.090520
v 0.100497 1.018384 -0.071337
v 0.077012 1.015143 0.142884
v 0.126963 0.001212 0.136498
v 0.122602 0.080142 0.129325
v 0.142365 -0.000856 0.041213
v 0.107058 0.984537 0.133271
v 0.139458 0.540985 0.112854
v 0.113203 0.888686 0.115479
v 0.140454 0.508940 0.120819
v 0.138017 0.575706 0.109040
v 0.142255 0.383072 0.160503
v 0.131471 0.215420 0.138263
v 0.111174 0.922820 0.123780
v 0.128571 0.176064 0.133358
v 0.138463 -0.002699 0.078612
v 0.136719 0.298539 0.145073
v 0.134124 0.256572 0.140781
v 0.132236 -0.005818 0.116206
v 0.126404 0.804276 0.126627
v 0.131183 0.756525 0.128681
v 0.134922 0.708502 0.129498
v 0.137832 0.661864 0.125828
v 0.142371 0.456842 0.140820
v 0.141097 0.485438 0.128718
v 0.119741 0.849336 0.119976
v 0.139799 0.340219 0.154316
v 0.140484 -0.001451 0.062463
v 0.109819 0.952949 0.132233
v 0.138988 0.618207 0.118301
v 0.125907 0.139822 0.128847
v 0.123666 0.107545 0.126760
v 0.142661 0.423863 0.152060
v 0.122611 0.039049 0.138567
v 0.144338 -0.001631 0.020693
v 0.125404 0.019880 0.141460
v 0.121766 0.058473 0.132579
v 0.146108 -0.003432 -0.000286
v 0.147640 -0.005800 -0.022482
v 0.094330 1.066822 0.106338
v 0.099124 1.044081 0.116333
v 0.104124 1.016932 0.127045
v 0.082401 0.085376 0.070338
v 0.093382 0.004640 0.079208
v 0.071647 0.531343 0.051392
v 0.014114 0.860566 0.043572
v 0.075673 0.502143 0.053955
v 0.059092 0.564999 0.047699
v 0.067135 0.373467 0.064987
v 0.092531 0.221048 0.072647
v 0.012399 0.875047 0.043747
v 0.092971 0.182824 0.072021
v 0.114228 -0.002341 0.090034
v 0.079307 0.298296 0.069656
v 0.087346 0.259937 0.072144
v 0.147549 -0.003892 0.096838
v 0.150974 0.999263 0.031616
v 0.151665 0.079372 0.099390
v 0.154083 0.004733 0.096457
v 0.125439 -0.004223 0.093461
v 0.174302 0.541866 0.063698
v 0.176071 0.895864 0.042168
v 0.174555 0.510281 0.069573
v 0.174605 0.575902 0.058525
v 0.190489 0.377729 0.092117
v 0.164176 0.215121 0.098579
v 0.165623 0.934461 0.038407
v 0.157821 0.175361 0.098396
v 0.179482 0.296571 0.096985
v 0.172345 0.255682 0.098358
v 0.041973 0.645894 0.045563
v 0.034011 0.689947 0.047231
v 0.024672 0.737492 0.048361
v 0.017657 0.783982 0.046546
v 0.188744 0.660739 0.055138
v 0.192907 0.708479 0.053620
v 0.194129 0.757097 0.051773
v 0.192339 0.805694 0.049401
v 0.068930 0.442154 0.059189
v 0.184354 0.450775 0.082558
v 0.177920 0.481039 0.075966
v 0.073580 0.472692 0.056488
v 0.015890 0.823078 0.045410
v 0.187226 0.852566 0.046288
v 0.070510 0.336113 0.066986
v 0.186074 0.337319 0.095047
v 0.156325 0.969288 0.034844
v 0.180955 0.615268 0.056214
v 0.048666 0.603338 0.046448
v 0.092089 0.146306 0.070938
v 0.152576 0.137279 0.097877
v 0.089851 0.113167 0.070373
v 0.151302 0.105432 0.098485
v 0.066076 0.409154 0.062256
v 0.190937 0.416328 0.088135
v 0.010228 0.883988 0.043518
v 0.006091 0.893624 0.043762
v 0.088954 0.042155 0.073235
v 0.150540 0.037513 0.095518
v 0.087348 0.024022 0.075679
v 0.155504 0.019461 0.096408
v 0.152967 0.056328 0.099457
v 0.081930 0.061309 0.071241
v 0.102799 -0.000997 0.084890
v 0.150854 1.042060 0.028488
v 0.008096 0.889909 0.043640
v 0.003223 0.896264 0.043625
v 0.150910 1.021599 0.029679
v 0.136437 -0.004470 0.095834
v -0.118847 1.538606 0.038225
v -0.040840 1.522923 -0.010621
v -0.057566 1.626915 0.059320
v -0.000000 1.635935 0.077122
v 0.000000 1.580284 -0.055148
v 0.000000 1.578990 -0.034078
v -0.056429 1.632239 0.007388
v -0.059071 1.633919 0.029765
v -0.036588 1.638285 0.077718
v -0.058364 1.635438 0.041433
v -0.010488 1.581120 -0.054754
v -0.020224 1.584435 -0.048407
v -0.028295 1.588477 -0.040609
v -0.036314 1.594790 -0.031337
v -0.058588 1.629932 -0.004750
v -0.048467 1.607995 -0.018578
v -0.008165 1.579497 -0.034641
v -0.033062 1.589931 -0.022584
v -0.039368 1.597046 -0.015838
v -0.044318 1.602149 -0.009343
v -0.054379 1.611896 0.005010
v -0.059937 1.617909 0.023743
v -0.059615 1.623109 0.046741
v -0.058769 1.615028 0.013992
v -0.049835 1.628708 0.072709
v -0.063079 1.549065 0.121015
v -0.081054 1.548643 0.114300
v -0.110957 1.548777 0.091087
v -0.123159 1.543595 0.057629
v -0.035935 1.537485 -0.008418
v 0.000000 1.528847 -0.017334
v -0.051417 1.541804 -0.000598
v -0.076306 1.551758 0.019693
v -0.086521 1.557839 0.031100
v -0.092218 1.562885 0.045133
v -0.092526 1.565877 0.058820
v -0.089471 1.568138 0.073800
v -0.000000 1.566205 0.095872
v -0.035540 1.573345 0.109519
v -0.054201 1.573230 0.107805
v -0.069783 1.572516 0.099389
v -0.081655 1.570864 0.087455
v -0.017668 1.580865 -0.032540
v -0.059172 1.620166 0.035469
v -0.057411 1.602483 0.030908
v -0.058035 1.598948 0.020729
v -0.061160 1.606500 0.040537
v -0.062702 1.610506 0.052678
v -0.059961 1.613654 0.065873
v -0.000000 1.609726 0.082005
v -0.025765 1.613639 0.088957
v -0.053009 1.615234 0.077927
v -0.039976 1.614650 0.086413
v 0.000000 1.571655 -0.026149
v -0.009399 1.572357 -0.026001
v -0.016403 1.574494 -0.024444
v -0.036172 1.584621 -0.008352
v -0.043180 1.588627 -0.003430
v -0.056237 1.596085 0.010299
v -0.070364 1.576856 0.038127
v -0.061911 1.570597 0.030816
v -0.074579 1.583821 0.049268
v -0.073121 1.588076 0.062486
v -0.068417 1.591131 0.075497
v -0.000000 1.586307 0.086092
v -0.030142 1.593160 0.098256
v -0.060280 1.593104 0.087584
v -0.046410 1.593910 0.096342
v 0.000000 1.552155 -0.021633
v -0.009186 1.555084 -0.020904
v -0.017906 1.580841 0.095948
v -0.036046 1.556195 -0.006885
v -0.046901 1.561795 -0.001424
v -0.058185 1.568109 0.019442
v 0.000000 1.534607 -0.018062
v -0.025029 1.583917 -0.029688
v -0.049774 1.606742 -0.003722
v -0.037207 1.627520 0.081425
v -0.119118 1.547260 0.074004
v -0.037661 1.530451 -0.008661
v -0.055398 1.533556 -0.000096
v -0.088933 1.544716 0.018398
v -0.100640 1.549428 0.033718
v -0.105203 1.553382 0.050953
v -0.099399 1.558761 0.082316
v -0.000000 1.558007 0.102981
v -0.038627 1.562363 0.116355
v -0.058209 1.562084 0.114111
v -0.075025 1.561564 0.106344
v 0.000000 1.523712 -0.017150
v -0.104909 1.556590 0.066297
v -0.088955 1.560652 0.095238
v -0.074565 1.580851 0.081049
v -0.050412 1.582788 0.102271
v -0.000000 1.622543 0.079472
v -0.032890 1.583148 0.103611
v -0.083185 1.574812 0.053685
v -0.081007 1.570593 0.040709
v -0.073999 1.563938 0.030288
v -0.011526 1.623937 0.083746
v -0.049026 1.550758 -0.001489
v -0.035484 1.545342 -0.007990
v -0.080742 1.577682 0.067354
v -0.064692 1.582774 0.093344
v -0.064638 1.556975 0.022034
v -0.023636 1.625778 0.084778
v -0.012174 1.550800 -0.018529
v -0.023972 1.577301 -0.019714
v -0.015828 1.546737 -0.014036
v -0.019527 1.571182 0.104035
v -0.019379 1.533234 -0.011688
v -0.031392 1.580843 -0.013154
v -0.011898 1.611479 0.086623
v -0.022678 1.549469 -0.009360
v -0.015472 1.591202 0.093628
v -0.019886 1.561859 0.112763
v -0.018616 1.527573 -0.012512
v -0.020279 1.538605 -0.010864
v -0.063483 1.545185 0.011082
v -0.050515 1.592350 0.002098
v -0.055679 1.565712 0.007079
v -0.072554 1.538213 0.008505
v -0.057849 1.554211 0.010044
v -0.008835 1.562866 -0.022735
v 0.000000 1.563141 -0.023769
v -0.043418 1.604354 0.090992
v -0.056639 1.603762 0.082551
v -0.015211 1.562975 -0.019429
v -0.027573 1.603341 0.093387
v -0.066636 1.594498 0.045645
v -0.061768 1.588505 0.035789
v -0.035516 1.570001 -0.005656
v -0.063771 1.602052 0.070566
v -0.067105 1.598890 0.057774
v -0.058114 1.581802 0.014666
v -0.044653 1.574674 -0.001307
v -0.000000 1.597609 0.084034
v -0.057222 1.584452 0.026235
v -0.019897 1.563629 -0.014648
v -0.026186 1.564676 -0.008912
v -0.013254 1.600632 0.090259
v -0.053198 1.578573 0.004879
v -0.705213 1.445207 0.095176
v -0.705148 1.428364 0.067198
v -0.706144 1.427964 0.056173
v -0.783234 1.419676 0.010799
v -0.781706 1.427822 0.011885
v -0.783178 1.436737 0.012017
v -0.774990 1.431054 0.007669
v -0.791846 1.440027 0.012592
v -0.780521 1.439044 0.009719
v -0.802868 1.441755 0.012154
v -0.818021 1.442517 0.011981
v -0.802272 1.446548 0.011603
v -0.791117 1.444414 0.011227
v -0.827086 1.443523 0.012892
v -0.815049 1.452131 0.012574
v -0.826624 1.449250 0.012663
v -0.785573 1.468599 0.038321
v -0.766837 1.469016 0.037515
v -0.751379 1.468234 0.036224
v -0.751985 1.471486 0.049355
v -0.767587 1.470541 0.050351
v -0.737376 1.472195 0.048900
v -0.735862 1.468350 0.036208
v -0.721819 1.467615 0.035212
v -0.723653 1.473030 0.048261
v -0.708344 1.467941 0.035575
v -0.709186 1.473348 0.047663
v -0.739708 1.469461 0.076841
v -0.753119 1.469488 0.077745
v -0.766849 1.469499 0.078589
v -0.780906 1.468698 0.079769
v -0.784121 1.471308 0.052253
v -0.828090 1.455364 0.016923
v -0.895900 1.439570 0.015907
v -0.896420 1.447098 0.016114
v -0.896623 1.451080 0.019898
v -0.828583 1.459314 0.026532
v -0.833442 1.455288 0.034337
v -0.895698 1.449688 0.031772
v -0.896757 1.452544 0.025999
v -0.709327 1.429269 0.045180
v -0.743958 1.412159 0.032869
v -0.730843 1.418303 0.031148
v -0.749994 1.408628 0.029086
v -0.737520 1.412049 0.024347
v -0.743539 1.408455 0.019582
v -0.756023 1.405734 0.024037
v -0.748866 1.406295 0.014971
v -0.745760 1.408304 0.007952
v -0.739909 1.411678 0.011633
v -0.733485 1.415991 0.015586
v -0.727361 1.422163 0.018836
v -0.702470 1.444749 0.027701
v -0.727203 1.427600 0.015603
v -0.733357 1.426594 0.012436
v -0.742451 1.421883 0.007120
v -0.748335 1.416864 0.003043
v -0.746188 1.431746 0.002910
v -0.760192 1.422242 -0.004663
v -0.754001 1.427718 -0.001674
v -0.735740 1.437112 0.009642
v -0.721580 1.458058 0.022779
v -0.725061 1.444710 0.014231
v -0.708722 1.456464 0.024740
v -0.698994 1.456835 0.028493
v -0.726887 1.469756 0.075580
v -0.712702 1.471295 0.075203
v -0.749079 1.414794 0.039784
v -0.756486 1.411236 0.036089
v -0.765275 1.407562 0.031489
v -0.781747 1.407770 0.025201
v -0.770704 1.413102 0.039548
v -0.759623 1.415412 0.043475
v -0.751089 1.417584 0.046852
v -0.782481 1.424402 0.018092
v -0.787143 1.413985 0.018085
v -0.782866 1.434844 0.017731
v -0.795143 1.436589 0.018327
v -0.821143 1.436125 0.021006
v -0.829513 1.435969 0.022000
v -0.816997 1.455261 0.090607
v -0.821523 1.445972 0.086042
v -0.820617 1.434092 0.088042
v -0.814766 1.457382 0.095579
v -0.832491 1.456470 0.037541
v -0.835444 1.444347 0.038531
v -0.825772 1.464088 0.042062
v -0.889345 1.450875 0.096846
v -0.878400 1.453213 0.097133
v -0.877080 1.450787 0.107298
v -0.888131 1.447828 0.106939
v -0.834423 1.448734 0.061907
v -0.830802 1.462399 0.059138
v -0.825115 1.467255 0.053624
v -0.876206 1.452486 0.105434
v -0.876789 1.453635 0.100011
v -0.890265 1.443417 0.103147
v -0.890578 1.444186 0.098657
v -0.890498 1.447168 0.104687
v -0.891655 1.447909 0.099127
v -0.889273 1.448180 0.094996
v -0.888775 1.444385 0.094944
v -0.887529 1.440811 0.096372
v -0.887176 1.438776 0.102399
v -0.887531 1.441470 0.105379
v -0.812754 1.454516 0.102947
v -0.811551 1.447619 0.105886
v -0.802844 1.448056 0.104584
v -0.780184 1.451714 0.102586
v -0.768478 1.451739 0.102139
v -0.783618 1.437230 0.104353
v -0.756999 1.452014 0.100851
v -0.743938 1.452856 0.098014
v -0.759225 1.438330 0.101815
v -0.771670 1.438020 0.103397
v -0.747242 1.439743 0.100003
v -0.731328 1.453262 0.093493
v -0.718144 1.454296 0.092377
v -0.722214 1.444050 0.091527
v -0.734836 1.441030 0.096078
v -0.793126 1.427654 0.085351
v -0.808863 1.433036 0.097533
v -0.815660 1.432947 0.098105
v -0.811929 1.440084 0.104781
v -0.803950 1.439846 0.104126
v -0.789244 1.428804 0.097245
v -0.888199 1.445131 0.107197
v -0.869073 1.442518 0.108586
v -0.833727 1.442420 0.035829
v -0.831556 1.437185 0.031486
v -0.895558 1.434833 0.021904
v -0.894974 1.436671 0.029860
v -0.895186 1.443664 0.033784
v -0.834885 1.440824 0.056495
v -0.834457 1.439126 0.044652
v -0.869069 1.437004 0.102778
v -0.869679 1.438754 0.093282
v -0.822900 1.388663 -0.011971
v -0.813518 1.370196 -0.009798
v -0.810104 1.371987 -0.015856
v -0.808501 1.377101 -0.016156
v -0.810308 1.382888 -0.015755
v -0.813166 1.387169 -0.014996
v -0.819365 1.387712 -0.014412
v -0.822591 1.369319 -0.023599
v -0.824982 1.373461 -0.026358
v -0.827117 1.379148 -0.024778
v -0.829794 1.377485 -0.022197
v -0.828117 1.372358 -0.022799
v -0.825215 1.368418 -0.019730
v -0.808035 1.395779 -0.009231
v -0.810867 1.395322 -0.003830
v -0.812326 1.392126 0.003406
v -0.808771 1.386127 0.003570
v -0.805374 1.380803 0.002381
v -0.801537 1.378161 -0.002079
v -0.797425 1.380139 -0.009543
v -0.797052 1.383309 -0.014718
v -0.800897 1.388384 -0.014925
v -0.803276 1.394290 -0.014223
v -0.825834 1.385153 -0.006323
v -0.822277 1.377425 -0.004098
v -0.817211 1.371932 -0.006064
v -0.785081 1.397233 -0.007971
v -0.788414 1.401515 -0.006893
v -0.795861 1.402839 -0.005087
v -0.800287 1.401458 0.000318
v -0.804041 1.398683 0.007147
v -0.798706 1.391492 0.007846
v -0.793334 1.387082 0.007313
v -0.787842 1.386088 0.002287
v -0.784697 1.388317 -0.002781
v -0.783716 1.391684 -0.007108
v -0.828197 1.381409 -0.021374
v -0.829615 1.381486 -0.019644
v -0.830520 1.378537 -0.014939
v -0.828614 1.373343 -0.012670
v -0.824892 1.368937 -0.014327
v -0.821406 1.367451 -0.016357
v -0.821257 1.368187 -0.019547
v -0.795294 1.435170 0.060644
v -0.793936 1.432928 0.073547
v -0.759198 1.417262 0.047734
v -0.798063 1.435676 0.049537
v -0.768959 1.418342 0.043495
v -0.777547 1.425078 0.036737
v -0.777427 1.414956 0.034406
v -0.774436 1.405485 0.028303
v -0.753716 1.411772 -0.001321
v -0.750540 1.404173 0.004259
v -0.753773 1.402248 0.010012
v -0.761391 1.402561 0.020731
v -0.819102 1.464954 0.081874
v -0.821462 1.467039 0.072467
v -0.828534 1.461003 0.065176
v -0.834171 1.448120 0.063451
v -0.830093 1.441726 0.068583
v -0.828307 1.440237 0.076828
v -0.826242 1.447493 0.085506
v -0.823041 1.458649 0.085942
v -0.916795 1.445487 0.032114
v -0.915138 1.442372 0.032671
v -0.913162 1.437823 0.030364
v -0.914454 1.435976 0.023331
v -0.917255 1.439728 0.019906
v -0.919715 1.443542 0.019665
v -0.921210 1.443747 0.023495
v -0.920969 1.444470 0.027652
v -0.919261 1.439968 0.024713
v -0.919177 1.440611 0.028241
v -0.870064 1.449338 0.108344
v -0.871056 1.454579 0.099574
v -0.871474 1.453652 0.094854
v -0.870703 1.444953 0.090315
v -0.896054 1.449093 0.066953
v -0.896372 1.456238 0.070939
v -0.896203 1.457730 0.075442
v -0.895409 1.452488 0.084343
v -0.895901 1.456720 0.080872
v -0.894910 1.442051 0.070371
v -0.777245 1.423090 0.005347
v -0.821243 1.466077 0.064544
v -0.825896 1.460741 0.063741
v -0.813346 1.461862 0.085402
v -0.815656 1.455593 0.085548
v -0.832097 1.448023 0.063562
v -0.799416 1.434979 0.028780
v -0.783768 1.436777 0.026473
v -0.782615 1.419508 0.025841
v -0.710031 1.473562 0.061050
v -0.737980 1.473631 0.062667
v -0.751991 1.472327 0.063633
v -0.755304 1.462962 0.090405
v -0.766807 1.471022 0.064106
v -0.780706 1.462728 0.091943
v -0.714807 1.466993 0.088134
v -0.767827 1.462744 0.091651
v -0.724038 1.473620 0.061974
v -0.781334 1.469661 0.063981
v -0.728779 1.462653 0.087159
v -0.742067 1.462596 0.088713
v -0.905916 1.448717 0.022338
v -0.905741 1.449614 0.026372
v -0.918208 1.447397 0.030406
v -0.906656 1.449599 0.028308
v -0.907501 1.447542 0.019749
v -0.919393 1.445839 0.019464
v -0.920805 1.448783 0.026976
v -0.921220 1.448112 0.022661
v -0.912102 1.445498 0.032509
v -0.912756 1.447714 0.030613
v -0.913733 1.446268 0.019118
v -0.911619 1.438778 0.017567
v -0.909883 1.434490 0.022930
v -0.909373 1.437173 0.030373
v -0.909964 1.442863 0.033322
v -0.913321 1.443830 0.017414
v -0.894651 1.440601 0.079123
v -0.895506 1.445502 0.084641
v -0.917884 1.447841 0.081812
v -0.916216 1.444875 0.081182
v -0.914105 1.441793 0.078139
v -0.914107 1.442755 0.072300
v -0.915779 1.446869 0.070450
v -0.917225 1.449873 0.070551
v -0.919803 1.449562 0.074266
v -0.919630 1.448435 0.078661
v -0.918079 1.446289 0.073557
v -0.918315 1.445113 0.077894
v -0.903349 1.455625 0.075606
v -0.902869 1.454726 0.079802
v -0.917704 1.450699 0.081949
v -0.904150 1.453603 0.082108
v -0.904803 1.455501 0.073551
v -0.918745 1.452861 0.073042
v -0.919695 1.452962 0.079577
v -0.919948 1.454128 0.075645
v -0.913292 1.447810 0.083307
v -0.913792 1.450422 0.082361
v -0.913244 1.453676 0.072044
v -0.911222 1.447886 0.068225
v -0.910181 1.441843 0.070953
v -0.910114 1.440479 0.078208
v -0.911612 1.444155 0.082835
v -0.912160 1.451023 0.069014
v -0.905695 1.452338 0.069240
v -0.904167 1.448067 0.067059
v -0.902289 1.441403 0.070346
v -0.902195 1.439886 0.078428
v -0.902411 1.444665 0.083955
v -0.903584 1.449600 0.084305
v -0.907684 1.452258 0.082384
v -0.907493 1.455143 0.073040
v -0.916755 1.443552 0.076956
v -0.916798 1.444172 0.074403
v -0.914205 1.454390 0.079960
v -0.914362 1.455351 0.075753
v -0.907678 1.455183 0.079768
v -0.907987 1.455801 0.075912
v -0.919231 1.455293 0.047871
v -0.918944 1.456300 0.052982
v -0.925342 1.454718 0.048412
v -0.925164 1.455252 0.053919
v -0.926250 1.445497 0.051099
v -0.926172 1.445798 0.053485
v -0.815310 1.384060 -0.017746
v -0.824203 1.381937 -0.021208
v -0.818297 1.385695 -0.016664
v -0.811915 1.376098 -0.018112
v -0.813049 1.380376 -0.018471
v -0.819075 1.370122 -0.020503
v -0.821319 1.370809 -0.023528
v -0.812473 1.373289 -0.017616
v -0.823300 1.374570 -0.025290
v -0.825446 1.379268 -0.024181
v -0.810384 1.468652 0.079562
v -0.812833 1.469791 0.070902
v -0.816651 1.467841 0.042815
v -0.815794 1.471495 0.051547
v -0.816571 1.458586 0.016880
v -0.817586 1.463138 0.025744
v -0.805777 1.461689 0.094497
v -0.804273 1.457154 0.101741
v -0.790135 1.394079 -0.010255
v -0.788837 1.390963 -0.010381
v -0.792497 1.397199 -0.010288
v -0.797462 1.389679 -0.014834
v -0.795503 1.386128 -0.014410
v -0.799659 1.393705 -0.014842
v -0.769323 1.433753 0.006509
v -0.762260 1.435741 0.005727
v -0.753118 1.438714 0.006332
v -0.807138 1.467895 0.043312
v -0.805809 1.471235 0.049304
v -0.801957 1.470068 0.076940
v -0.802760 1.471041 0.070918
v -0.798205 1.462500 0.092269
v -0.796574 1.458841 0.098522
v -0.807929 1.458001 0.017255
v -0.807988 1.463061 0.024985
v -0.810122 1.469433 0.063593
v -0.797523 1.469627 0.063943
v -0.805462 1.464953 0.084067
v -0.794966 1.466003 0.081122
v -0.822604 1.466619 0.059398
v -0.826852 1.461107 0.060637
v -0.832573 1.448199 0.061945
v -0.811753 1.458986 0.089425
v -0.814119 1.455259 0.087272
v -0.825436 1.460669 0.037169
v -0.825659 1.459718 0.031553
v -0.828645 1.455497 0.037192
v -0.828833 1.455571 0.034342
v -0.832474 1.443904 0.036321
v -0.833158 1.444364 0.038609
v -0.804742 1.462898 0.089923
v -0.794802 1.463694 0.087035
v -0.791368 1.452098 0.102707
v -0.811175 1.470090 0.057288
v -0.799207 1.470629 0.055781
v -0.800846 1.466012 0.037900
v -0.816218 1.464328 0.037488
v -0.817005 1.463339 0.030337
v -0.802240 1.464738 0.029020
v -0.801155 1.453094 0.012874
v -0.786983 1.455474 0.012065
v -0.786007 1.463506 0.026194
v -0.794184 1.437073 0.104624
v -0.766134 1.462563 0.022498
v -0.748983 1.463170 0.021543
v -0.734405 1.459424 0.022083
v -0.798787 1.449115 0.011807
v -0.789925 1.447870 0.010860
v -0.767102 1.449478 0.007951
v -0.773286 1.443823 0.008824
v -0.755384 1.456436 0.013393
v -0.744506 1.449688 0.010767
v -0.758667 1.450640 0.009594
v -0.805586 1.436199 0.018988
v -0.799188 1.429958 0.097044
v -0.825860 1.436682 0.055816
v -0.827658 1.437151 0.043037
v -0.824544 1.436671 0.065676
v -0.821483 1.434894 0.076496
v -0.821410 1.446382 0.084414
v -0.820774 1.445530 0.085187
v -0.815210 1.432723 0.085975
v -0.823122 1.436431 0.033175
v -0.813547 1.435312 0.052852
v -0.814816 1.435496 0.041879
v -0.811229 1.434581 0.063383
v -0.809297 1.433344 0.075207
v -0.812984 1.435023 0.031258
v -0.805314 1.430681 0.085724
v -0.800793 1.435119 0.039325
v -0.787604 1.412168 0.007803
v -0.793024 1.406931 0.015717
v -0.788178 1.399948 0.018344
v -0.781882 1.395538 0.019401
v -0.768512 1.396327 0.014382
v -0.760808 1.396713 0.004795
v -0.758281 1.397568 -0.000875
v -0.760588 1.406243 -0.005427
v -0.764410 1.414345 -0.006400
v -0.780514 1.413552 0.003576
v -0.721306 1.426407 0.080507
v -0.717233 1.428682 0.090854
v -0.727055 1.431975 0.088780
v -0.731668 1.429196 0.079828
v -0.775064 1.427916 0.096641
v -0.762944 1.428019 0.095614
v -0.750986 1.428391 0.093664
v -0.738872 1.430384 0.090343
v -0.778636 1.424872 0.085807
v -0.766997 1.423458 0.085955
v -0.755273 1.423790 0.084943
v -0.743470 1.425485 0.082576
v -0.751346 1.419069 0.051311
v -0.746133 1.421015 0.053975
v -0.743056 1.420008 0.051589
v -0.740058 1.419116 0.044174
v -0.735686 1.418075 0.038758
v -0.750660 1.422489 0.058717
v -0.743840 1.424552 0.058319
v -0.737453 1.426523 0.057075
v -0.732882 1.425197 0.053014
v -0.758832 1.421149 0.057137
v -0.768562 1.424188 0.052751
v -0.780686 1.435980 0.047265
v -0.785852 1.437974 0.036366
v -0.723859 1.425702 0.040106
v -0.719333 1.426877 0.029951
v -0.716453 1.431031 0.023433
v -0.711420 1.445980 0.019755
v -0.779487 1.434752 0.060221
v -0.780630 1.428131 0.073358
v -0.767677 1.423703 0.074097
v -0.767140 1.428437 0.060881
v -0.735053 1.427446 0.070712
v -0.737765 1.428049 0.064128
v -0.746081 1.423396 0.073797
v -0.747680 1.423846 0.064253
v -0.756646 1.422937 0.074772
v -0.757071 1.425094 0.063486
v -0.728154 1.433446 0.061814
v -0.724873 1.429074 0.068516
v -0.724755 1.432433 0.058636
v -0.722345 1.429680 0.051796
v -0.729438 1.424782 0.048504
v -0.797674 1.380958 -0.001660
v -0.793304 1.382652 -0.007602
v -0.803079 1.398062 -0.007534
v -0.806466 1.397480 -0.002424
v -0.791753 1.385343 -0.011830
v -0.808844 1.394675 0.003783
v -0.804026 1.388774 0.003236
v -0.801170 1.383892 0.002016
v -0.794568 1.391357 -0.013330
v -0.792711 1.387916 -0.012795
v -0.796925 1.395391 -0.013341
v -0.798654 1.397390 -0.012819
v -0.908947 1.444146 0.017243
v -0.907142 1.438856 0.016558
v -0.903022 1.433982 0.022262
v -0.902384 1.436262 0.030031
v -0.901965 1.443085 0.033638
v -0.902984 1.447031 0.032239
v -0.908761 1.448719 0.029843
v -0.910192 1.446725 0.019223
v -0.917120 1.438506 0.027963
v -0.917211 1.437991 0.025570
v -0.918594 1.453158 0.045168
v -0.917394 1.454004 0.057164
v -0.915505 1.451764 0.059417
v -0.913026 1.447200 0.060800
v -0.913457 1.440663 0.057465
v -0.914436 1.439042 0.047566
v -0.916342 1.444994 0.042618
v -0.917279 1.450509 0.043313
v -0.922338 1.448819 0.043282
v -0.920851 1.446288 0.059563
v -0.920419 1.442832 0.056782
v -0.920524 1.441398 0.048959
v -0.921516 1.445379 0.043750
v -0.923740 1.452415 0.045166
v -0.923087 1.452620 0.057627
v -0.922339 1.450119 0.059827
v -0.929433 1.453314 0.048776
v -0.928505 1.453983 0.054220
v -0.927778 1.451663 0.045591
v -0.915293 1.453621 0.045316
v -0.913943 1.455619 0.056045
v -0.925368 1.451944 0.057687
v -0.913066 1.455973 0.052838
v -0.913374 1.455091 0.047556
v -0.927354 1.448223 0.054484
v -0.927677 1.447804 0.049868
v -0.928545 1.451045 0.054636
v -0.928670 1.450252 0.049273
v -0.926891 1.448827 0.045954
v -0.925479 1.446523 0.046021
v -0.830521 1.376478 -0.018184
v -0.829202 1.372314 -0.017329
v -0.826415 1.369176 -0.017571
v -0.821156 1.384007 -0.018773
v -0.824459 1.384726 -0.016601
v -0.827437 1.385143 -0.014860
v -0.829279 1.381139 -0.010952
v -0.826598 1.374979 -0.008668
v -0.822488 1.369702 -0.010228
v -0.817624 1.368371 -0.012419
v -0.814356 1.369697 -0.016979
v -0.814882 1.371692 -0.018472
v -0.818019 1.382325 -0.019922
v -0.813982 1.375140 -0.019938
v -0.815233 1.379081 -0.020644
v -0.823430 1.379276 -0.023491
v -0.821564 1.375503 -0.024235
v -0.820424 1.372431 -0.023501
v -0.820793 1.380915 -0.021511
v -0.817549 1.373200 -0.021532
v -0.818519 1.377654 -0.022382
v -0.924468 1.443591 0.050572
v -0.924524 1.444470 0.054676
v -0.925606 1.447983 0.057763
v -0.926016 1.449770 0.058392
v -0.903874 1.447484 0.060697
v -0.904456 1.440922 0.057310
v -0.905284 1.439154 0.047087
v -0.904588 1.458629 0.052658
v -0.904031 1.455698 0.058773
v -0.904901 1.457168 0.046473
v -0.904674 1.452764 0.042206
v -0.905005 1.445336 0.041522
v -0.914783 1.449888 0.026316
v -0.915498 1.448879 0.021981
v -0.910389 1.450113 0.026118
v -0.910750 1.448809 0.021752
v -0.890480 1.451111 0.105079
v -0.891241 1.452092 0.099794
v -0.883965 1.444818 0.108186
v -0.884657 1.448178 0.107558
v -0.885965 1.451385 0.096274
v -0.883120 1.444401 0.092178
v -0.881913 1.438708 0.094576
v -0.881462 1.437690 0.103193
v -0.882884 1.440408 0.106486
v -0.885253 1.449581 0.094017
v -0.878466 1.450484 0.093777
v -0.876356 1.444553 0.090781
v -0.874629 1.438563 0.093450
v -0.874257 1.436958 0.103181
v -0.874224 1.441601 0.108059
v -0.876180 1.446107 0.108716
v -0.879715 1.449209 0.107792
v -0.880403 1.452544 0.096320
v -0.888771 1.441012 0.101622
v -0.889239 1.441773 0.098777
v -0.887531 1.451819 0.105801
v -0.887743 1.453425 0.100176
v -0.881568 1.452773 0.105526
v -0.881942 1.453954 0.100561
v -0.794346 1.406720 0.004631
v -0.798555 1.402184 0.011073
v -0.778624 1.409242 -0.001814
v -0.788052 1.408393 -0.000252
v -0.792975 1.395921 0.012071
v -0.787080 1.391231 0.012544
v -0.778292 1.391192 0.008550
v -0.773803 1.392845 0.002664
v -0.771319 1.396120 -0.002940
v -0.772971 1.402555 -0.004094
v -0.805972 1.385576 -0.014580
v -0.808565 1.390673 -0.013925
v -0.813491 1.392244 -0.011716
v -0.816972 1.392351 -0.007291
v -0.803104 1.380150 -0.014833
v -0.803765 1.376063 -0.012700
v -0.807395 1.374150 -0.006089
v -0.811463 1.376233 -0.001105
v -0.815806 1.381512 0.000101
v -0.819797 1.389147 -0.000953
v -0.818134 1.447800 0.107360
v -0.818092 1.440089 0.106503
v -0.821464 1.433570 0.099703
v -0.824795 1.434501 0.089295
v -0.817310 1.453897 0.103993
v -0.824522 1.445351 0.086099
v -0.820913 1.453568 0.090908
v -0.819004 1.456266 0.096386
v -0.829662 1.465287 0.072528
v -0.831950 1.460707 0.065601
v -0.836372 1.449284 0.063223
v -0.833955 1.440975 0.077535
v -0.831132 1.447344 0.086211
v -0.829399 1.458817 0.086997
v -0.828540 1.463848 0.082431
v -0.837190 1.437539 0.031605
v -0.835497 1.435416 0.022465
v -0.838026 1.454942 0.034414
v -0.838258 1.443237 0.035972
v -0.833906 1.443501 0.013534
v -0.836328 1.458239 0.026569
v -0.833837 1.448780 0.013369
v -0.834847 1.454727 0.017110
v -0.839669 1.438952 0.044504
v -0.839167 1.441518 0.056612
v -0.838652 1.449524 0.062349
v -0.835369 1.461796 0.059538
v -0.833492 1.464799 0.053808
v -0.833317 1.462578 0.042779
v -0.835972 1.455674 0.037396
v -0.838951 1.444088 0.038414
v -0.853292 1.455310 0.016922
v -0.863044 1.454795 0.017310
v -0.858364 1.455811 0.016858
v -0.852803 1.449262 0.013627
v -0.862471 1.448893 0.013613
v -0.857667 1.449163 0.013536
v -0.853338 1.454920 0.033046
v -0.862972 1.454459 0.032145
v -0.858199 1.454975 0.032705
v -0.853688 1.457989 0.025838
v -0.863353 1.457264 0.025423
v -0.858694 1.458270 0.025390
v -0.862238 1.442651 0.013241
v -0.852502 1.443192 0.013161
v -0.857358 1.443039 0.013177
v -0.852918 1.436084 0.022584
v -0.862644 1.435480 0.022508
v -0.857799 1.436034 0.022382
v -0.852991 1.439428 0.031004
v -0.862648 1.438554 0.030729
v -0.857822 1.439405 0.030675
v -0.853487 1.445183 0.034866
v -0.863061 1.444922 0.034370
v -0.858268 1.445197 0.034550
v -0.884013 1.448400 0.014633
v -0.892723 1.447554 0.015676
v -0.888926 1.448057 0.015118
v -0.884954 1.455604 0.025088
v -0.893412 1.453939 0.025808
v -0.889822 1.455397 0.025255
v -0.882033 1.434983 0.022944
v -0.891049 1.435183 0.022232
v -0.887124 1.435807 0.022244
v -0.891800 1.444060 0.033919
v -0.883138 1.444689 0.034041
v -0.888031 1.444472 0.033988
v -0.884848 1.453931 0.018155
v -0.893295 1.452167 0.019253
v -0.889721 1.453705 0.018568
v -0.892937 1.450739 0.031578
v -0.884540 1.452309 0.031240
v -0.889298 1.451784 0.031456
v -0.891913 1.440317 0.015494
v -0.883061 1.441453 0.014508
v -0.887991 1.440859 0.015026
v -0.881962 1.437027 0.030446
v -0.890908 1.437103 0.029901
v -0.887026 1.437711 0.029798
v -0.858550 1.455064 0.038387
v -0.868199 1.454630 0.039083
v -0.863407 1.454930 0.038662
v -0.858571 1.461962 0.043275
v -0.868172 1.460965 0.043799
v -0.863458 1.461998 0.043467
v -0.867495 1.458990 0.058992
v -0.857881 1.459978 0.059402
v -0.862741 1.459747 0.059404
v -0.867699 1.449529 0.061018
v -0.858094 1.450846 0.061072
v -0.863143 1.450363 0.061034
v -0.867814 1.462276 0.053091
v -0.858253 1.463774 0.053268
v -0.863114 1.463651 0.053104
v -0.867627 1.442589 0.056470
v -0.857589 1.444489 0.056084
v -0.862201 1.444069 0.055934
v -0.858719 1.445508 0.039043
v -0.868360 1.445353 0.039322
v -0.863538 1.445494 0.039219
v -0.867893 1.440914 0.045032
v -0.857926 1.442122 0.044866
v -0.862847 1.441833 0.044968
v -0.888914 1.454474 0.041026
v -0.898506 1.453751 0.041778
v -0.893750 1.454437 0.041290
v -0.897655 1.456588 0.058090
v -0.888163 1.457970 0.058187
v -0.892946 1.457610 0.058157
v -0.898308 1.459688 0.052736
v -0.888903 1.461793 0.052624
v -0.893650 1.461303 0.052584
v -0.888287 1.446565 0.040156
v -0.897938 1.446354 0.040930
v -0.893146 1.446703 0.040480
v -0.897457 1.439790 0.046383
v -0.887769 1.440463 0.045933
v -0.892657 1.440462 0.046137
v -0.889184 1.460177 0.045079
v -0.898604 1.458262 0.045977
v -0.893951 1.459937 0.045413
v -0.897481 1.448238 0.060809
v -0.887808 1.448393 0.060836
v -0.892665 1.448565 0.060782
v -0.887419 1.442022 0.056905
v -0.897126 1.441701 0.057139
v -0.892317 1.442204 0.056922
v -0.887000 1.441782 0.079066
v -0.877275 1.441601 0.078718
v -0.882133 1.442426 0.079008
v -0.878588 1.450109 0.066060
v -0.887759 1.449584 0.066597
v -0.883123 1.450042 0.066356
v -0.888234 1.457964 0.081082
v -0.878868 1.460210 0.081626
v -0.883623 1.459541 0.081431
v -0.887763 1.454082 0.084759
v -0.878253 1.455411 0.085098
v -0.883040 1.455054 0.085054
v -0.877219 1.447004 0.084878
v -0.886965 1.446665 0.084689
v -0.882118 1.447094 0.084707
v -0.887524 1.443041 0.070398
v -0.877785 1.443075 0.070238
v -0.882624 1.443859 0.070448
v -0.888299 1.457047 0.070200
v -0.878850 1.458490 0.069560
v -0.883561 1.457838 0.069908
v -0.879241 1.461580 0.074938
v -0.888528 1.459055 0.074993
v -0.883928 1.460733 0.075026
v -0.851169 1.456718 0.086813
v -0.860772 1.456184 0.086010
v -0.856044 1.456622 0.086572
v -0.860470 1.447991 0.084955
v -0.850612 1.448833 0.085613
v -0.855186 1.448189 0.084941
v -0.850852 1.444741 0.070172
v -0.860345 1.444099 0.070053
v -0.855897 1.444821 0.070324
v -0.851469 1.459934 0.067229
v -0.861084 1.459702 0.067912
v -0.856303 1.459896 0.067572
v -0.861233 1.463560 0.074238
v -0.851447 1.464443 0.073798
v -0.856409 1.464429 0.074144
v -0.860119 1.442651 0.078299
v -0.850645 1.443673 0.078335
v -0.855398 1.443889 0.078589
v -0.861533 1.451672 0.064565
v -0.851799 1.451347 0.064331
v -0.856605 1.451505 0.064501
v -0.851160 1.462832 0.082321
v -0.860978 1.461748 0.082010
v -0.856207 1.462730 0.082254
v -0.843962 1.455843 0.093311
v -0.834115 1.455086 0.092254
v -0.839074 1.456190 0.092738
v -0.833609 1.457784 0.097946
v -0.843519 1.457156 0.098462
v -0.838633 1.458125 0.098134
v -0.832793 1.434997 0.101162
v -0.843452 1.436475 0.101841
v -0.838492 1.436349 0.101652
v -0.834456 1.447516 0.087319
v -0.844379 1.447469 0.088225
v -0.839399 1.447572 0.087729
v -0.832760 1.455389 0.105489
v -0.842820 1.455035 0.105725
v -0.837904 1.456032 0.105596
v -0.832093 1.450456 0.109060
v -0.842425 1.451243 0.109135
v -0.837625 1.451537 0.109503
v -0.842210 1.442373 0.109043
v -0.831914 1.441450 0.108390
v -0.837133 1.441976 0.108858
v -0.844367 1.438212 0.091129
v -0.834408 1.437566 0.090733
v -0.839585 1.438269 0.091032
v -0.868046 1.454645 0.094692
v -0.859530 1.456012 0.094384
v -0.864563 1.455902 0.094857
v -0.865443 1.437349 0.102757
v -0.856466 1.437572 0.102495
v -0.861227 1.437077 0.102423
v -0.858831 1.446940 0.089643
v -0.867497 1.445667 0.090208
v -0.863443 1.445871 0.089787
v -0.856813 1.443372 0.108665
v -0.865711 1.442905 0.108664
v -0.861876 1.443275 0.108713
v -0.866561 1.438978 0.093172
v -0.857672 1.438294 0.092159
v -0.862443 1.439106 0.093030
v -0.859342 1.456908 0.099384
v -0.867963 1.455615 0.099548
v -0.864376 1.456767 0.099815
v -0.858458 1.454431 0.106049
v -0.867311 1.453292 0.106028
v -0.863507 1.454224 0.106303
v -0.866820 1.449945 0.108559
v -0.857687 1.450525 0.108834
v -0.862797 1.450502 0.108918
v -0.835229 1.441925 0.069405
v -0.870496 1.452602 0.105689
v -0.842424 1.443759 0.036002
v -0.841084 1.458169 0.026385
v -0.839952 1.454887 0.017068
v -0.839090 1.448914 0.013437
v -0.839046 1.443419 0.013428
v -0.842220 1.454926 0.034221
v -0.840272 1.435598 0.022503
v -0.841498 1.438054 0.031456
v -0.842881 1.439481 0.044486
v -0.842273 1.449802 0.062578
v -0.837385 1.462332 0.042777
v -0.839641 1.455479 0.037123
v -0.842511 1.442050 0.056687
v -0.837590 1.464545 0.053802
v -0.842320 1.444288 0.038135
v -0.839251 1.461470 0.059703
v -0.838229 1.441613 0.077959
v -0.834716 1.464916 0.072980
v -0.836540 1.447736 0.086630
v -0.836202 1.460326 0.065833
v -0.835243 1.458331 0.087362
v -0.839873 1.449708 0.063075
v -0.834341 1.463567 0.082679
v -0.839096 1.442592 0.069571
v -0.822808 1.448596 0.108151
v -0.827924 1.435391 0.089732
v -0.822175 1.454276 0.104713
v -0.823133 1.456578 0.096866
v -0.824493 1.453840 0.091105
v -0.827550 1.445943 0.086390
v -0.825256 1.433928 0.100326
v -0.822944 1.440409 0.107480
v -0.000000 1.577602 0.090327
v 0.000000 1.543439 -0.019621
v 0.018234 1.522095 -0.014343
v 0.102706 1.533936 0.018599
v 0.057566 1.626915 0.059320
v 0.061102 1.633363 0.017586
v 0.059071 1.633919 0.029766
v 0.021001 1.636908 0.082444
v 0.028295 1.588477 -0.040609
v 0.042335 1.601078 -0.024501
v 0.058588 1.629932 -0.004750
v 0.048467 1.607995 -0.018578
v 0.054596 1.616990 -0.012615
v 0.008165 1.579497 -0.034641
v 0.033062 1.589931 -0.022584
v 0.039368 1.597046 -0.015838
v 0.044318 1.602149 -0.009343
v 0.054379 1.611896 0.005010
v 0.059937 1.617909 0.023743
v 0.059615 1.623109 0.046741
v 0.058769 1.615028 0.013992
v 0.049835 1.628708 0.072709
v 0.081054 1.548643 0.114300
v 0.035935 1.537485 -0.008418
v 0.051417 1.541804 -0.000598
v 0.076306 1.551758 0.019693
v 0.086521 1.557838 0.031100
v 0.092218 1.562885 0.045133
v 0.092526 1.565877 0.058820
v 0.089471 1.568138 0.073801
v 0.035539 1.573345 0.109519
v 0.054201 1.573230 0.107805
v 0.069783 1.572516 0.099389
v 0.081655 1.570864 0.087455
v 0.017668 1.580865 -0.032540
v 0.059172 1.620166 0.035469
v 0.057411 1.602483 0.030908
v 0.058035 1.598948 0.020729
v 0.061160 1.606500 0.040537
v 0.062702 1.610506 0.052678
v 0.059961 1.613654 0.065873
v 0.025765 1.613639 0.088957
v 0.053009 1.615234 0.077927
v 0.039976 1.614650 0.086413
v 0.009399 1.572357 -0.026001
v 0.016403 1.574494 -0.024444
v 0.036172 1.584621 -0.008352
v 0.043180 1.588627 -0.003430
v 0.056237 1.596085 0.010299
v 0.070363 1.576856 0.038127
v 0.061911 1.570597 0.030816
v 0.074579 1.583821 0.049268
v 0.073121 1.588076 0.062486
v 0.068417 1.591131 0.075497
v 0.030142 1.593160 0.098256
v 0.060280 1.593104 0.087584
v 0.046410 1.593910 0.096342
v 0.009186 1.555084 -0.020904
v 0.017906 1.580841 0.095948
v 0.036046 1.556195 -0.006885
v 0.046901 1.561795 -0.001424
v 0.058185 1.568109 0.019442
v 0.025029 1.583917 -0.029688
v 0.049774 1.606742 -0.003722
v 0.037207 1.627520 0.081425
v 0.096844 1.548694 0.105004
v 0.119117 1.547260 0.074004
v 0.037661 1.530451 -0.008661
v 0.055398 1.533556 -0.000096
v 0.088933 1.544716 0.018398
v 0.100640 1.549428 0.033718
v 0.105203 1.553382 0.050952
v 0.099399 1.558761 0.082316
v 0.038627 1.562363 0.116355
v 0.058209 1.562084 0.114111
v 0.075025 1.561564 0.106344
v 0.104909 1.556590 0.066297
v 0.088955 1.560652 0.095238
v 0.074565 1.580851 0.081049
v 0.050412 1.582788 0.102271
v 0.032890 1.583148 0.103611
v 0.083185 1.574812 0.053685
v 0.081007 1.570593 0.040709
v 0.073998 1.563938 0.030288
v 0.011526 1.623937 0.083746
v 0.049026 1.550758 -0.001489
v 0.035484 1.545342 -0.007990
v 0.080742 1.577682 0.067354
v 0.064692 1.582774 0.093344
v 0.064638 1.556975 0.022034
v 0.023636 1.625778 0.084778
v 0.012174 1.550800 -0.018529
v 0.023972 1.577301 -0.019714
v 0.015828 1.546737 -0.014036
v 0.019527 1.571182 0.104035
v 0.019379 1.533234 -0.011688
v 0.031392 1.580843 -0.013154
v 0.011898 1.611479 0.086623
v 0.022678 1.549469 -0.009360
v 0.015472 1.591202 0.093628
v 0.019886 1.561859 0.112763
v 0.018616 1.527573 -0.012512
v 0.020279 1.538605 -0.010864
v 0.063483 1.545185 0.011082
v 0.050515 1.592350 0.002098
v 0.055679 1.565711 0.007079
v 0.072554 1.538213 0.008505
v 0.057849 1.554211 0.010044
v 0.008835 1.562866 -0.022735
v 0.043418 1.604354 0.090992
v 0.056639 1.603762 0.082551
v 0.015211 1.562975 -0.019429
v 0.027573 1.603341 0.093387
v 0.066636 1.594498 0.045645
v 0.061768 1.588505 0.035789
v 0.035516 1.570001 -0.005656
v 0.063771 1.602052 0.070566
v 0.067105 1.598890 0.057774
v 0.058114 1.581802 0.014666
v 0.044653 1.574674 -0.001307
v 0.057222 1.584452 0.026235
v 0.019897 1.563629 -0.014648
v 0.026186 1.564676 -0.008912
v 0.013254 1.600632 0.090259
v 0.053198 1.578573 0.004879
v 0.783234 1.419676 0.010800
v 0.781706 1.427822 0.011886
v 0.783178 1.436737 0.012019
v 0.774989 1.431054 0.007670
v 0.791846 1.440027 0.012593
v 0.780521 1.439044 0.009721
v 0.802868 1.441755 0.012155
v 0.818021 1.442517 0.011982
v 0.802272 1.446548 0.011604
v 0.791117 1.444414 0.011228
v 0.827086 1.443523 0.012893
v 0.815050 1.452131 0.012576
v 0.826624 1.449250 0.012664
v 0.785574 1.468599 0.038323
v 0.766838 1.469016 0.037516
v 0.751379 1.468234 0.036225
v 0.751985 1.471486 0.049357
v 0.767587 1.470541 0.050352
v 0.737376 1.472195 0.048901
v 0.735862 1.468350 0.036210
v 0.721819 1.467615 0.035214
v 0.723653 1.473030 0.048263
v 0.708344 1.467941 0.035576
v 0.709186 1.473348 0.047664
v 0.739708 1.469461 0.076843
v 0.753119 1.469488 0.077746
v 0.766849 1.469499 0.078591
v 0.780906 1.468698 0.079770
v 0.784121 1.471308 0.052254
v 0.828091 1.455364 0.016925
v 0.895901 1.439570 0.015909
v 0.896420 1.447098 0.016116
v 0.896623 1.451080 0.019900
v 0.828583 1.459314 0.026534
v 0.833442 1.455288 0.034339
v 0.895698 1.449688 0.031773
v 0.896757 1.452544 0.026001
v 0.743958 1.412159 0.032871
v 0.730843 1.418303 0.031150
v 0.749994 1.408628 0.029088
v 0.737520 1.412049 0.024349
v 0.743539 1.408455 0.019583
v 0.756023 1.405734 0.024038
v 0.748866 1.406295 0.014973
v 0.745760 1.408304 0.007954
v 0.739909 1.411678 0.011635
v 0.733485 1.415991 0.015588
v 0.727361 1.422163 0.018838
v 0.727203 1.427599 0.015605
v 0.733357 1.426594 0.012437
v 0.742451 1.421883 0.007121
v 0.748336 1.416864 0.003045
v 0.746188 1.431746 0.002911
v 0.760192 1.422242 -0.004662
v 0.754001 1.427718 -0.001672
v 0.735740 1.437112 0.009643
v 0.721581 1.458058 0.022781
v 0.725061 1.444710 0.014232
v 0.708722 1.456464 0.024742
v 0.726887 1.469756 0.075581
v 0.712702 1.471295 0.075205
v 0.749079 1.414794 0.039785
v 0.756486 1.411236 0.036091
v 0.765275 1.407562 0.031490
v 0.781747 1.407770 0.025202
v 0.770704 1.413102 0.039549
v 0.759623 1.415412 0.043476
v 0.751089 1.417584 0.046853
v 0.782481 1.424402 0.018093
v 0.787143 1.413985 0.018086
v 0.782866 1.434843 0.017732
v 0.795143 1.436589 0.018328
v 0.821143 1.436124 0.021008
v 0.829513 1.435968 0.022001
v 0.816997 1.455261 0.090609
v 0.821523 1.445972 0.086044
v 0.820617 1.434092 0.088043
v 0.814766 1.457382 0.095581
v 0.832491 1.456470 0.037543
v 0.835444 1.444346 0.038532
v 0.825773 1.464087 0.042064
v 0.889345 1.450875 0.096848
v 0.878400 1.453213 0.097134
v 0.877080 1.450787 0.107300
v 0.888131 1.447828 0.106940
v 0.834423 1.448733 0.061909
v 0.830802 1.462399 0.059139
v 0.825115 1.467255 0.053625
v 0.876206 1.452486 0.105435
v 0.876789 1.453635 0.100013
v 0.890265 1.443417 0.103149
v 0.890578 1.444186 0.098659
v 0.890498 1.447168 0.104689
v 0.891655 1.447908 0.099128
v 0.889273 1.448180 0.094998
v 0.888775 1.444385 0.094946
v 0.887529 1.440811 0.096373
v 0.887176 1.438776 0.102401
v 0.887531 1.441470 0.105380
v 0.812754 1.454516 0.102948
v 0.811551 1.447619 0.105888
v 0.802844 1.448056 0.104586
v 0.780184 1.451714 0.102588
v 0.768478 1.451739 0.102141
v 0.783618 1.437230 0.104355
v 0.756999 1.452015 0.100852
v 0.743938 1.452856 0.098015
v 0.759225 1.438330 0.101816
v 0.771670 1.438020 0.103398
v 0.747242 1.439743 0.100004
v 0.731328 1.453262 0.093494
v 0.718144 1.454296 0.092378
v 0.722214 1.444050 0.091529
v 0.734836 1.441030 0.096079
v 0.793126 1.427654 0.085353
v 0.808863 1.433036 0.097534
v 0.815660 1.432947 0.098107
v 0.811929 1.440084 0.104783
v 0.803950 1.439847 0.104128
v 0.789244 1.428804 0.097246
v 0.888199 1.445131 0.107199
v 0.869074 1.442518 0.108587
v 0.833727 1.442420 0.035831
v 0.831556 1.437185 0.031488
v 0.895558 1.434833 0.021905
v 0.894974 1.436671 0.029862
v 0.895186 1.443664 0.033786
v 0.834885 1.440824 0.056497
v 0.834457 1.439126 0.044653
v 0.869069 1.437004 0.102780
v 0.869679 1.438754 0.093283
v 0.822900 1.388663 -0.011969
v 0.813519 1.370196 -0.009796
v 0.810105 1.371987 -0.015855
v 0.808501 1.377101 -0.016154
v 0.810309 1.382887 -0.015753
v 0.813166 1.387169 -0.014995
v 0.819365 1.387712 -0.014411
v 0.822592 1.369319 -0.023597
v 0.824983 1.373461 -0.026356
v 0.827117 1.379148 -0.024776
v 0.829794 1.377485 -0.022195
v 0.828117 1.372358 -0.022797
v 0.825215 1.368418 -0.019728
v 0.808035 1.395779 -0.009230
v 0.810867 1.395322 -0.003828
v 0.812326 1.392126 0.003407
v 0.808771 1.386127 0.003572
v 0.805374 1.380803 0.002382
v 0.801537 1.378161 -0.002078
v 0.797426 1.380139 -0.009541
v 0.797052 1.383309 -0.014716
v 0.800897 1.388384 -0.014923
v 0.803276 1.394290 -0.014221
v 0.825834 1.385152 -0.006322
v 0.822278 1.377425 -0.004096
v 0.817212 1.371931 -0.006062
v 0.785081 1.397233 -0.007970
v 0.788414 1.401515 -0.006892
v 0.795861 1.402840 -0.005085
v 0.800287 1.401458 0.000319
v 0.804041 1.398683 0.007149
v 0.798706 1.391492 0.007848
v 0.793334 1.387082 0.007314
v 0.787842 1.386088 0.002289
v 0.784697 1.388317 -0.002779
v 0.783717 1.391684 -0.007107
v 0.828198 1.381410 -0.021372
v 0.829615 1.381486 -0.019643
v 0.830521 1.378537 -0.014938
v 0.828614 1.373343 -0.012668
v 0.824892 1.368937 -0.014325
v 0.821406 1.367451 -0.016356
v 0.821257 1.368188 -0.019545
v 0.795294 1.435170 0.060646
v 0.793936 1.432928 0.073549
v 0.759198 1.417262 0.047735
v 0.798063 1.435676 0.049539
v 0.768959 1.418342 0.043497
v 0.777547 1.425077 0.036738
v 0.777427 1.414955 0.034407
v 0.774436 1.405485 0.028304
v 0.753716 1.411772 -0.001320
v 0.750540 1.404173 0.004260
v 0.753773 1.402248 0.010014
v 0.761391 1.402560 0.020732
v 0.819102 1.464954 0.081876
v 0.821462 1.467038 0.072469
v 0.828534 1.461003 0.065177
v 0.834171 1.448120 0.063453
v 0.830092 1.441726 0.068584
v 0.828307 1.440237 0.076830
v 0.826242 1.447493 0.085508
v 0.823041 1.458649 0.085944
v 0.916795 1.445487 0.032116
v 0.915138 1.442372 0.032673
v 0.913162 1.437823 0.030366
v 0.914454 1.435976 0.023333
v 0.917255 1.439728 0.019908
v 0.919715 1.443542 0.019667
v 0.921210 1.443747 0.023497
v 0.920969 1.444470 0.027654
v 0.919261 1.439968 0.024715
v 0.919177 1.440611 0.028243
v 0.870064 1.449338 0.108345
v 0.871056 1.454579 0.099576
v 0.871474 1.453652 0.094856
v 0.870703 1.444953 0.090316
v 0.896054 1.449092 0.066955
v 0.896372 1.456238 0.070941
v 0.896203 1.457730 0.075443
v 0.895409 1.452488 0.084344
v 0.895902 1.456720 0.080874
v 0.894910 1.442051 0.070373
v 0.777245 1.423090 0.005349
v 0.821243 1.466077 0.064545
v 0.825896 1.460741 0.063743
v 0.813346 1.461862 0.085404
v 0.815655 1.455593 0.085550
v 0.832097 1.448023 0.063564
v 0.799416 1.434979 0.028781
v 0.783768 1.436777 0.026474
v 0.782615 1.419508 0.025843
v 0.710031 1.473562 0.061051
v 0.737980 1.473631 0.062668
v 0.751991 1.472327 0.063634
v 0.755304 1.462963 0.090407
v 0.766807 1.471022 0.064107
v 0.780706 1.462729 0.091944
v 0.714807 1.466993 0.088135
v 0.767827 1.462744 0.091652
v 0.724038 1.473620 0.061975
v 0.781334 1.469661 0.063983
v 0.728779 1.462653 0.087160
v 0.742067 1.462596 0.088714
v 0.905916 1.448717 0.022340
v 0.905742 1.449614 0.026374
v 0.918208 1.447397 0.030408
v 0.906656 1.449598 0.028310
v 0.907501 1.447542 0.019751
v 0.919394 1.445839 0.019466
v 0.920805 1.448783 0.026977
v 0.921220 1.448112 0.022663
v 0.912102 1.445498 0.032511
v 0.912756 1.447714 0.030615
v 0.913733 1.446269 0.019120
v 0.911619 1.438778 0.017569
v 0.909883 1.434490 0.022931
v 0.909373 1.437173 0.030375
v 0.909964 1.442863 0.033324
v 0.913322 1.443830 0.017416
v 0.894651 1.440601 0.079124
v 0.895506 1.445502 0.084642
v 0.917884 1.447841 0.081814
v 0.916216 1.444875 0.081183
v 0.914105 1.441793 0.078141
v 0.914107 1.442755 0.072302
v 0.915779 1.446869 0.070452
v 0.917225 1.449873 0.070553
v 0.919803 1.449562 0.074267
v 0.919630 1.448435 0.078663
v 0.918079 1.446289 0.073558
v 0.918315 1.445113 0.077895
v 0.903349 1.455625 0.075608
v 0.902869 1.454726 0.079804
v 0.917704 1.450699 0.081951
v 0.904150 1.453603 0.082110
v 0.904803 1.455501 0.073553
v 0.918745 1.452861 0.073044
v 0.919695 1.452962 0.079579
v 0.919948 1.454128 0.075647
v 0.913292 1.447810 0.083309
v 0.913792 1.450422 0.082363
v 0.913245 1.453676 0.072046
v 0.911222 1.447886 0.068227
v 0.910181 1.441843 0.070955
v 0.910114 1.440479 0.078210
v 0.911612 1.444155 0.082837
v 0.912160 1.451023 0.069015
v 0.905695 1.452338 0.069242
v 0.904167 1.448067 0.067060
v 0.902289 1.441403 0.070348
v 0.902195 1.439886 0.078429
v 0.902411 1.444665 0.083957
v 0.903584 1.449599 0.084307
v 0.907684 1.452258 0.082386
v 0.907493 1.455142 0.073042
v 0.916755 1.443552 0.076958
v 0.916798 1.444172 0.074405
v 0.914205 1.454390 0.079962
v 0.914362 1.455351 0.075755
v 0.907678 1.455183 0.079770
v 0.907987 1.455801 0.075914
v 0.919231 1.455293 0.047873
v 0.918944 1.456300 0.052984
v 0.925342 1.454718 0.048414
v 0.925164 1.455252 0.053921
v 0.926250 1.445497 0.051100
v 0.926171 1.445798 0.053487
v 0.815310 1.384060 -0.017745
v 0.824203 1.381937 -0.021206
v 0.818297 1.385695 -0.016662
v 0.811916 1.376098 -0.018111
v 0.813050 1.380376 -0.018470
v 0.819075 1.370122 -0.020502
v 0.821319 1.370809 -0.023526
v 0.812473 1.373289 -0.017615
v 0.823300 1.374570 -0.025289
v 0.825446 1.379268 -0.024180
v 0.810384 1.468652 0.079563
v 0.812833 1.469791 0.070903
v 0.816651 1.467841 0.042817
v 0.815794 1.471495 0.051548
v 0.816571 1.458586 0.016881
v 0.817587 1.463138 0.025745
v 0.805777 1.461690 0.094499
v 0.804273 1.457154 0.101742
v 0.790136 1.394079 -0.010254
v 0.788837 1.390963 -0.010380
v 0.792497 1.397198 -0.010287
v 0.797462 1.389679 -0.014832
v 0.795503 1.386128 -0.014408
v 0.799659 1.393705 -0.014841
v 0.769323 1.433753 0.006511
v 0.762260 1.435741 0.005729
v 0.753118 1.438714 0.006333
v 0.807139 1.467895 0.043313
v 0.805809 1.471235 0.049306
v 0.801957 1.470068 0.076942
v 0.802760 1.471041 0.070920
v 0.798205 1.462500 0.092270
v 0.796574 1.458841 0.098524
v 0.807929 1.458001 0.017257
v 0.807988 1.463061 0.024987
v 0.810122 1.469433 0.063594
v 0.797523 1.469627 0.063945
v 0.805462 1.464953 0.084069
v 0.794966 1.466004 0.081124
v 0.822604 1.466619 0.059400
v 0.826852 1.461107 0.060638
v 0.832573 1.448199 0.061947
v 0.811753 1.458986 0.089427
v 0.814119 1.455260 0.087274
v 0.825436 1.460669 0.037171
v 0.825659 1.459718 0.031555
v 0.828645 1.455497 0.037194
v 0.828833 1.455570 0.034343
v 0.832474 1.443904 0.036323
v 0.833158 1.444364 0.038610
v 0.804742 1.462898 0.089925
v 0.794802 1.463695 0.087037
v 0.791367 1.452098 0.102709
v 0.811175 1.470090 0.057289
v 0.799208 1.470629 0.055783
v 0.800846 1.466012 0.037901
v 0.816218 1.464328 0.037490
v 0.817005 1.463339 0.030339
v 0.802240 1.464738 0.029021
v 0.801155 1.453094 0.012876
v 0.786983 1.455474 0.012066
v 0.786007 1.463506 0.026195
v 0.794184 1.437073 0.104625
v 0.766134 1.462563 0.022500
v 0.748983 1.463170 0.021545
v 0.734405 1.459424 0.022084
v 0.798787 1.449115 0.011808
v 0.789925 1.447870 0.010861
v 0.767102 1.449478 0.007952
v 0.773286 1.443823 0.008825
v 0.755384 1.456436 0.013395
v 0.744506 1.449688 0.010769
v 0.758667 1.450640 0.009595
v 0.805586 1.436199 0.018989
v 0.799188 1.429959 0.097045
v 0.825860 1.436682 0.055817
v 0.827658 1.437151 0.043038
v 0.824544 1.436671 0.065678
v 0.821483 1.434894 0.076497
v 0.821410 1.446382 0.084416
v 0.820774 1.445530 0.085188
v 0.815210 1.432723 0.085977
v 0.823122 1.436431 0.033177
v 0.813547 1.435312 0.052853
v 0.814816 1.435496 0.041881
v 0.811229 1.434581 0.063385
v 0.809297 1.433344 0.075208
v 0.812985 1.435023 0.031259
v 0.805313 1.430681 0.085726
v 0.800793 1.435119 0.039327
v 0.787604 1.412168 0.007804
v 0.793024 1.406931 0.015718
v 0.788178 1.399948 0.018345
v 0.781882 1.395538 0.019402
v 0.768512 1.396327 0.014383
v 0.760809 1.396713 0.004797
v 0.758281 1.397568 -0.000874
v 0.760588 1.406242 -0.005425
v 0.764410 1.414345 -0.006398
v 0.780514 1.413553 0.003577
v 0.721306 1.426407 0.080508
v 0.717233 1.428682 0.090856
v 0.727055 1.431975 0.088782
v 0.731668 1.429196 0.079830
v 0.775064 1.427916 0.096643
v 0.762944 1.428019 0.095615
v 0.750986 1.428391 0.093665
v 0.738872 1.430384 0.090344
v 0.778635 1.424872 0.085809
v 0.766996 1.423458 0.085957
v 0.755273 1.423790 0.084945
v 0.743470 1.425485 0.082578
v 0.751346 1.419068 0.051312
v 0.746133 1.421014 0.053976
v 0.743056 1.420008 0.051591
v 0.740058 1.419116 0.044175
v 0.735686 1.418075 0.038760
v 0.750660 1.422489 0.058718
v 0.743840 1.424552 0.058320
v 0.737452 1.426522 0.057076
v 0.732882 1.425197 0.053015
v 0.758832 1.421148 0.057138
v 0.768562 1.424188 0.052752
v 0.780686 1.435980 0.047266
v 0.785852 1.437974 0.036368
v 0.723859 1.425702 0.040107
v 0.719333 1.426877 0.029952
v 0.716453 1.431031 0.023434
v 0.711420 1.445980 0.019756
v 0.779487 1.434752 0.060223
v 0.780630 1.428131 0.073359
v 0.767677 1.423703 0.074099
v 0.767140 1.428437 0.060882
v 0.735053 1.427446 0.070713
v 0.737765 1.428049 0.064130
v 0.746081 1.423396 0.073798
v 0.747680 1.423846 0.064254
v 0.756645 1.422937 0.074773
v 0.757071 1.425093 0.063488
v 0.728154 1.433445 0.061816
v 0.724873 1.429074 0.068518
v 0.724755 1.432433 0.058637
v 0.722345 1.429680 0.051797
v 0.729438 1.424782 0.048506
v 0.797674 1.380957 -0.001658
v 0.793304 1.382652 -0.007600
v 0.803079 1.398062 -0.007533
v 0.806466 1.397480 -0.002423
v 0.791753 1.385343 -0.011829
v 0.808844 1.394675 0.003784
v 0.804026 1.388774 0.003238
v 0.801170 1.383892 0.002018
v 0.794568 1.391357 -0.013328
v 0.792711 1.387916 -0.012794
v 0.796925 1.395391 -0.013339
v 0.798654 1.397389 -0.012818
v 0.908947 1.444146 0.017244
v 0.907142 1.438856 0.016560
v 0.903023 1.433981 0.022263
v 0.902384 1.436262 0.030033
v 0.901965 1.443085 0.033640
v 0.902984 1.447031 0.032241
v 0.908761 1.448719 0.029845
v 0.910192 1.446726 0.019225
v 0.917120 1.438506 0.027965
v 0.917211 1.437991 0.025572
v 0.918594 1.453158 0.045170
v 0.917394 1.454004 0.057166
v 0.915505 1.451764 0.059419
v 0.913026 1.447200 0.060802
v 0.913457 1.440663 0.057467
v 0.914436 1.439042 0.047568
v 0.916342 1.444994 0.042620
v 0.917279 1.450509 0.043315
v 0.922338 1.448819 0.043284
v 0.920851 1.446288 0.059564
v 0.920419 1.442832 0.056784
v 0.920524 1.441398 0.048961
v 0.921516 1.445379 0.043752
v 0.923740 1.452415 0.045168
v 0.923087 1.452620 0.057629
v 0.922339 1.450119 0.059829
v 0.929433 1.453314 0.048778
v 0.928505 1.453983 0.054222
v 0.927777 1.451663 0.045593
v 0.915294 1.453621 0.045318
v 0.913943 1.455619 0.056047
v 0.925368 1.451944 0.057689
v 0.913066 1.455974 0.052840
v 0.913374 1.455091 0.047557
v 0.927353 1.448223 0.054486
v 0.927677 1.447804 0.049869
v 0.928545 1.451045 0.054638
v 0.928670 1.450252 0.049275
v 0.926890 1.448827 0.045955
v 0.925479 1.446523 0.046023
v 0.830522 1.376478 -0.018183
v 0.829202 1.372314 -0.017328
v 0.826415 1.369176 -0.017570
v 0.821156 1.384007 -0.018771
v 0.824459 1.384727 -0.016599
v 0.827437 1.385143 -0.014858
v 0.829279 1.381139 -0.010950
v 0.826599 1.374979 -0.008667
v 0.822488 1.369702 -0.010227
v 0.817625 1.368371 -0.012418
v 0.814356 1.369697 -0.016978
v 0.814882 1.371691 -0.018471
v 0.818020 1.382324 -0.019921
v 0.813982 1.375140 -0.019936
v 0.815233 1.379081 -0.020642
v 0.823430 1.379276 -0.023489
v 0.821564 1.375503 -0.024234
v 0.820425 1.372431 -0.023499
v 0.820794 1.380915 -0.021509
v 0.817550 1.373200 -0.021531
v 0.818520 1.377654 -0.022380
v 0.924468 1.443591 0.050574
v 0.924524 1.444469 0.054678
v 0.925606 1.447983 0.057765
v 0.926016 1.449770 0.058394
v 0.903874 1.447484 0.060699
v 0.904456 1.440922 0.057312
v 0.905284 1.439154 0.047088
v 0.904588 1.458629 0.052660
v 0.904031 1.455698 0.058775
v 0.904901 1.457168 0.046475
v 0.904674 1.452764 0.042208
v 0.905005 1.445336 0.041524
v 0.914783 1.449888 0.026318
v 0.915498 1.448879 0.021983
v 0.910389 1.450113 0.026120
v 0.910750 1.448809 0.021754
v 0.890480 1.451111 0.105081
v 0.891241 1.452092 0.099796
v 0.883965 1.444817 0.108187
v 0.884657 1.448178 0.107560
v 0.885965 1.451385 0.096275
v 0.883120 1.444400 0.092180
v 0.881913 1.438708 0.094577
v 0.881462 1.437690 0.103194
v 0.882884 1.440408 0.106488
v 0.885253 1.449581 0.094019
v 0.878466 1.450484 0.093779
v 0.876357 1.444553 0.090782
v 0.874629 1.438563 0.093452
v 0.874257 1.436958 0.103182
v 0.874224 1.441601 0.108060
v 0.876180 1.446107 0.108717
v 0.879715 1.449209 0.107793
v 0.880403 1.452544 0.096322
v 0.888771 1.441012 0.101623
v 0.889239 1.441773 0.098779
v 0.887531 1.451818 0.105803
v 0.887743 1.453424 0.100178
v 0.881568 1.452773 0.105528
v 0.881942 1.453953 0.100563
v 0.794347 1.406720 0.004632
v 0.798555 1.402184 0.011074
v 0.778624 1.409242 -0.001813
v 0.788053 1.408393 -0.000251
v 0.792975 1.395921 0.012073
v 0.787080 1.391231 0.012546
v 0.778292 1.391192 0.008551
v 0.773803 1.392846 0.002666
v 0.771320 1.396120 -0.002939
v 0.772971 1.402555 -0.004093
v 0.805972 1.385576 -0.014578
v 0.808566 1.390673 -0.013923
v 0.813491 1.392244 -0.011715
v 0.816972 1.392351 -0.007289
v 0.803104 1.380150 -0.014832
v 0.803765 1.376063 -0.012698
v 0.807395 1.374150 -0.006088
v 0.811463 1.376233 -0.001104
v 0.815806 1.381512 0.000103
v 0.819798 1.389147 -0.000952
v 0.818134 1.447800 0.107362
v 0.818092 1.440089 0.106505
v 0.821464 1.433571 0.099705
v 0.824796 1.434502 0.089297
v 0.817310 1.453897 0.103994
v 0.824522 1.445351 0.086101
v 0.820913 1.453568 0.090909
v 0.819004 1.456266 0.096388
v 0.829662 1.465287 0.072529
v 0.831950 1.460707 0.065602
v 0.836372 1.449284 0.063224
v 0.833955 1.440974 0.077536
v 0.831132 1.447344 0.086213
v 0.829399 1.458816 0.086998
v 0.828540 1.463848 0.082433
v 0.837190 1.437539 0.031606
v 0.835497 1.435416 0.022466
v 0.838026 1.454942 0.034416
v 0.838258 1.443237 0.035973
v 0.833906 1.443501 0.013536
v 0.836328 1.458239 0.026570
v 0.833837 1.448780 0.013371
v 0.834847 1.454726 0.017112
v 0.839669 1.438952 0.044506
v 0.839167 1.441518 0.056614
v 0.838652 1.449524 0.062350
v 0.835369 1.461796 0.059540
v 0.833492 1.464799 0.053809
v 0.833317 1.462578 0.042780
v 0.835972 1.455674 0.037398
v 0.838951 1.444087 0.038416
v 0.853292 1.455310 0.016923
v 0.863044 1.454795 0.017312
v 0.858365 1.455811 0.016860
v 0.852803 1.449262 0.013629
v 0.862471 1.448893 0.013614
v 0.857667 1.449162 0.013538
v 0.853338 1.454920 0.033048
v 0.862972 1.454458 0.032147
v 0.858199 1.454975 0.032707
v 0.853689 1.457989 0.025840
v 0.863354 1.457264 0.025424
v 0.858694 1.458270 0.025391
v 0.862238 1.442651 0.013243
v 0.852502 1.443191 0.013162
v 0.857358 1.443038 0.013178
v 0.852918 1.436083 0.022586
v 0.862645 1.435480 0.022509
v 0.857799 1.436033 0.022384
v 0.852991 1.439427 0.031005
v 0.862649 1.438553 0.030731
v 0.857822 1.439404 0.030676
v 0.853487 1.445183 0.034867
v 0.863061 1.444921 0.034371
v 0.858269 1.445197 0.034551
v 0.884014 1.448400 0.014635
v 0.892723 1.447554 0.015677
v 0.888926 1.448056 0.015120
v 0.884954 1.455604 0.025090
v 0.893412 1.453939 0.025810
v 0.889822 1.455397 0.025257
v 0.882033 1.434983 0.022946
v 0.891049 1.435183 0.022234
v 0.887124 1.435807 0.022246
v 0.891801 1.444060 0.033921
v 0.883138 1.444689 0.034043
v 0.888031 1.444472 0.033990
v 0.884848 1.453930 0.018157
v 0.893295 1.452167 0.019255
v 0.889722 1.453705 0.018570
v 0.892937 1.450739 0.031580
v 0.884540 1.452309 0.031242
v 0.889298 1.451784 0.031457
v 0.891913 1.440317 0.015496
v 0.883061 1.441453 0.014510
v 0.887991 1.440859 0.015028
v 0.881962 1.437026 0.030448
v 0.890908 1.437102 0.029903
v 0.887026 1.437711 0.029800
v 0.858550 1.455064 0.038388
v 0.868199 1.454630 0.039085
v 0.863407 1.454930 0.038663
v 0.858571 1.461962 0.043277
v 0.868172 1.460965 0.043800
v 0.863458 1.461998 0.043468
v 0.867495 1.458990 0.058994
v 0.857881 1.459978 0.059404
v 0.862741 1.459747 0.059405
v 0.867699 1.449529 0.061020
v 0.858094 1.450846 0.061074
v 0.863143 1.450363 0.061036
v 0.867814 1.462276 0.053092
v 0.858253 1.463774 0.053270
v 0.863114 1.463651 0.053106
v 0.867627 1.442588 0.056472
v 0.857589 1.444489 0.056086
v 0.862201 1.444069 0.055935
v 0.858719 1.445508 0.039044
v 0.868360 1.445353 0.039323
v 0.863538 1.445494 0.039221
v 0.867893 1.440914 0.045033
v 0.857926 1.442121 0.044867
v 0.862847 1.441833 0.044969
v 0.888914 1.454474 0.041028
v 0.898506 1.453751 0.041780
v 0.893750 1.454437 0.041292
v 0.897655 1.456588 0.058092
v 0.888163 1.457970 0.058189
v 0.892946 1.457610 0.058159
v 0.898309 1.459687 0.052737
v 0.888903 1.461793 0.052626
v 0.893650 1.461302 0.052586
v 0.888287 1.446565 0.040158
v 0.897938 1.446354 0.040932
v 0.893146 1.446703 0.040482
v 0.897457 1.439790 0.046384
v 0.887769 1.440463 0.045934
v 0.892657 1.440462 0.046139
v 0.889184 1.460177 0.045080
v 0.898604 1.458262 0.045978
v 0.893951 1.459937 0.045414
v 0.897481 1.448238 0.060811
v 0.887808 1.448393 0.060838
v 0.892665 1.448565 0.060784
v 0.887419 1.442022 0.056906
v 0.897126 1.441700 0.057140
v 0.892317 1.442204 0.056924
v 0.887000 1.441782 0.079068
v 0.877275 1.441601 0.078720
v 0.882133 1.442426 0.079010
v 0.878588 1.450109 0.066062
v 0.887759 1.449584 0.066598
v 0.883123 1.450042 0.066358
v 0.888234 1.457964 0.081084
v 0.878868 1.460210 0.081628
v 0.883623 1.459540 0.081433
v 0.887763 1.454082 0.084761
v 0.878253 1.455411 0.085099
v 0.883040 1.455054 0.085055
v 0.877219 1.447004 0.084880
v 0.886965 1.446665 0.084691
v 0.882118 1.447094 0.084709
v 0.887524 1.443041 0.070400
v 0.877785 1.443075 0.070240
v 0.882624 1.443859 0.070449
v 0.888299 1.457047 0.070202
v 0.878850 1.458490 0.069562
v 0.883561 1.457837 0.069909
v 0.879241 1.461580 0.074939
v 0.888528 1.459055 0.074995
v 0.883928 1.460733 0.075028
v 0.851169 1.456718 0.086815
v 0.860772 1.456184 0.086011
v 0.856044 1.456622 0.086574
v 0.860470 1.447991 0.084956
v 0.850612 1.448833 0.085614
v 0.855186 1.448189 0.084942
v 0.850852 1.444740 0.070173
v 0.860345 1.444099 0.070055
v 0.855897 1.444820 0.070326
v 0.851469 1.459934 0.067231
v 0.861084 1.459702 0.067913
v 0.856303 1.459896 0.067573
v 0.861233 1.463560 0.074240
v 0.851447 1.464442 0.073799
v 0.856409 1.464429 0.074145
v 0.860119 1.442651 0.078301
v 0.850645 1.443673 0.078337
v 0.855398 1.443889 0.078591
v 0.861533 1.451672 0.064567
v 0.851799 1.451347 0.064332
v 0.856605 1.451505 0.064503
v 0.851160 1.462832 0.082323
v 0.860978 1.461748 0.082012
v 0.856207 1.462730 0.082256
v 0.843962 1.455843 0.093313
v 0.834115 1.455087 0.092256
v 0.839074 1.456191 0.092740
v 0.833609 1.457784 0.097948
v 0.843519 1.457156 0.098463
v 0.838633 1.458125 0.098136
v 0.832793 1.434997 0.101163
v 0.843452 1.436475 0.101842
v 0.838492 1.436349 0.101653
v 0.834456 1.447516 0.087320
v 0.844379 1.447469 0.088226
v 0.839400 1.447572 0.087731
v 0.832760 1.455390 0.105491
v 0.842820 1.455035 0.105727
v 0.837904 1.456033 0.105598
v 0.832093 1.450456 0.109061
v 0.842425 1.451243 0.109137
v 0.837625 1.451537 0.109505
v 0.842210 1.442373 0.109044
v 0.831914 1.441450 0.108391
v 0.837133 1.441976 0.108860
v 0.844367 1.438212 0.091131
v 0.834408 1.437566 0.090734
v 0.839585 1.438269 0.091033
v 0.868046 1.454645 0.094693
v 0.859530 1.456012 0.094386
v 0.864563 1.455902 0.094858
v 0.865443 1.437349 0.102759
v 0.856466 1.437572 0.102497
v 0.861227 1.437077 0.102424
v 0.858831 1.446940 0.089644
v 0.867497 1.445667 0.090209
v 0.863444 1.445871 0.089789
v 0.856813 1.443372 0.108667
v 0.865711 1.442905 0.108666
v 0.861876 1.443275 0.108715
v 0.866561 1.438978 0.093173
v 0.857673 1.438295 0.092161
v 0.862443 1.439106 0.093031
v 0.859342 1.456908 0.099385
v 0.867963 1.455615 0.099549
v 0.864376 1.456767 0.099816
v 0.858458 1.454431 0.106051
v 0.867311 1.453292 0.106030
v 0.863507 1.454224 0.106304
v 0.866820 1.449944 0.108560
v 0.857687 1.450525 0.108836
v 0.862797 1.450502 0.108920
v 0.835229 1.441924 0.069406
v 0.870496 1.452602 0.105691
v 0.842424 1.443758 0.036004
v 0.841084 1.458168 0.026387
v 0.839952 1.454887 0.017070
v 0.839090 1.448914 0.013438
v 0.839046 1.443418 0.013430
v 0.842220 1.454925 0.034223
v 0.840273 1.435598 0.022505
v 0.841498 1.438053 0.031458
v 0.842882 1.439481 0.044488
v 0.842273 1.449801 0.062579
v 0.837385 1.462332 0.042778
v 0.839641 1.455479 0.037125
v 0.842511 1.442050 0.056688
v 0.837590 1.464545 0.053804
v 0.842320 1.444288 0.038136
v 0.839251 1.461470 0.059705
v 0.838229 1.441613 0.077960
v 0.834716 1.464916 0.072982
v 0.836540 1.447736 0.086631
v 0.836202 1.460325 0.065834
v 0.835243 1.458330 0.087363
v 0.839873 1.449708 0.063077
v 0.834341 1.463567 0.082680
v 0.839096 1.442592 0.069573
v 0.822808 1.448596 0.108153
v 0.827924 1.435392 0.089733
v 0.822175 1.454276 0.104715
v 0.823133 1.456578 0.096868
v 0.824493 1.453840 0.091107
v 0.827550 1.445943 0.086392
v 0.825256 1.433928 0.100328
v 0.822944 1.440409 0.107481
v 0.129423 0.020925 -0.022211
v -0.129423 0.020925 -0.022211
v 0.000000 1.630522 -0.095422
v 0.000000 1.634338 -0.093322
v 0.000000 1.613274 -0.089568
v 0.000000 1.609417 -0.084594
v 0.000000 1.599951 -0.085298
v 0.000000 1.607062 -0.084258
v 0.000000 1.637299 -0.092468
v 0.000000 1.642437 -0.094565
v 0.000000 1.640491 -0.092559
v 0.000000 1.643280 -0.098632
v 0.000000 1.646553 -0.109903
v 0.000000 1.666031 -0.108716
v 0.000000 1.672708 -0.104797
v 0.000000 1.678200 -0.101409
v 0.000000 1.685463 -0.097686
v 0.000000 1.696887 -0.091588
v 0.000000 1.708157 -0.094476
v 0.000000 1.719786 -0.094382
v 0.000000 1.648417 -0.111877
v 0.000000 1.668471 -0.107352
v 0.000000 1.663148 -0.110523
v 0.000000 1.593636 -0.086097
v 0.000000 1.587241 -0.081683
v 0.000000 1.576571 -0.068211
v 0.000000 1.731212 -0.092963
v 0.000000 1.746696 -0.090008
v 0.000000 1.768760 -0.081817
v 0.000000 1.603716 -0.084756
v 0.000000 1.652773 -0.114454
v 0.000000 1.656925 -0.115169
v 0.000000 1.659812 -0.113208
v 0.000000 1.649937 -0.113141
v 0.000000 1.658820 -0.114004
v -0.000000 1.713692 0.106143
v -0.000000 1.697971 0.102317
v -0.000000 1.684294 0.096835
v -0.000000 1.673265 0.089756
v -0.000000 1.662416 0.080964
v -0.000000 1.731218 0.106103
v -0.000000 1.650612 0.076111
v -0.000000 1.810077 0.002833
v -0.000000 1.751126 0.100707
v -0.000000 1.796785 0.064962
v 0.000000 1.791559 -0.057922
v 0.000000 1.806486 -0.023740
v -0.000000 1.808568 0.034137
v -0.000000 1.775847 0.086880
v 0.000000 1.622074 -0.091237
v 0.000000 1.627444 -0.095183
v 0.000000 1.615259 -0.091242
v -0.021849 1.697815 -0.078358
v -0.015793 1.705431 -0.088850
v -0.011194 1.695154 -0.084838
v -0.019166 1.694859 -0.075103
v -0.026825 1.708670 -0.088622
v -0.027755 1.700500 -0.082092
v -0.042002 1.710932 -0.084248
v -0.039036 1.702157 -0.082879
v -0.045937 1.702097 -0.078789
v -0.052836 1.709826 -0.076935
v -0.049506 1.701150 -0.074836
v -0.057746 1.706749 -0.068491
v -0.023134 1.693070 -0.076351
v -0.014124 1.684783 -0.086226
v -0.031786 1.691064 -0.080230
v -0.028243 1.678880 -0.081473
v -0.037643 1.691784 -0.079612
v -0.036019 1.678270 -0.079516
v -0.056067 1.693126 -0.064397
v -0.047538 1.696761 -0.073418
v -0.008243 1.684362 -0.095055
v -0.007818 1.695821 -0.089577
v -0.010205 1.706756 -0.091593
v -0.013172 1.676282 -0.090577
v -0.008313 1.677093 -0.097984
v -0.011526 1.665271 -0.096203
v -0.006593 1.665173 -0.105522
v -0.012145 1.669941 -0.093615
v -0.007631 1.671517 -0.101102
v -0.026413 1.670988 -0.083106
v -0.035623 1.668436 -0.081046
v -0.061304 1.688993 -0.059406
v -0.059583 1.711905 -0.063360
v -0.055369 1.717424 -0.071076
v -0.006237 1.646256 -0.094347
v -0.004519 1.647112 -0.100685
v -0.002266 1.643707 -0.097869
v -0.004870 1.643965 -0.094482
v -0.003052 1.646639 -0.109506
v -0.004989 1.647657 -0.106934
v -0.007114 1.649101 -0.107989
v -0.009427 1.652584 -0.107089
v -0.009000 1.650095 -0.106211
v -0.010886 1.650251 -0.102065
v -0.011713 1.652857 -0.103397
v -0.011343 1.649075 -0.095435
v -0.015803 1.649278 -0.094435
v -0.011704 1.646501 -0.092798
v -0.013577 1.646001 -0.090655
v -0.069554 1.687775 -0.036858
v -0.071666 1.718410 -0.026813
v -0.072279 1.687713 -0.021927
v -0.022570 1.662977 -0.083518
v -0.035047 1.655771 -0.080438
v -0.018488 1.654102 -0.085440
v -0.026825 1.647840 -0.081627
v -0.003707 1.665879 -0.108165
v -0.003447 1.672397 -0.104736
v -0.003447 1.677612 -0.101623
v -0.003450 1.684874 -0.097839
v -0.003475 1.695906 -0.091873
v -0.004947 1.707471 -0.093461
v -0.036030 1.642076 -0.076276
v -0.046472 1.648444 -0.071569
v -0.007291 1.632196 -0.094688
v -0.006927 1.635056 -0.092742
v -0.018872 1.628810 -0.086594
v -0.019597 1.631956 -0.085644
v -0.025009 1.630310 -0.082366
v -0.024801 1.626903 -0.082469
v -0.028289 1.625460 -0.078932
v -0.031733 1.628336 -0.077855
v -0.027555 1.623528 -0.076297
v -0.029787 1.620802 -0.073517
v -0.020248 1.619957 -0.081817
v -0.022461 1.616076 -0.078094
v -0.015129 1.616699 -0.086517
v -0.016373 1.612883 -0.083282
v -0.007854 1.614037 -0.089538
v -0.008530 1.610565 -0.084960
v -0.012236 1.601922 -0.081890
v -0.021039 1.605035 -0.076498
v -0.028604 1.610490 -0.071101
v -0.038747 1.619105 -0.067183
v -0.040907 1.631507 -0.070934
v -0.020037 1.637998 -0.084129
v -0.006672 1.638222 -0.091965
v -0.028872 1.634726 -0.080256
v -0.009659 1.608193 -0.083190
v -0.017532 1.610306 -0.081146
v -0.024177 1.613989 -0.075587
v -0.032341 1.620417 -0.072881
v -0.034120 1.628957 -0.075595
v -0.015907 1.648627 -0.085705
v -0.008063 1.645292 -0.091208
v -0.013147 1.645931 -0.087758
v -0.011720 1.641450 -0.088236
v -0.004290 1.642897 -0.093220
v -0.005036 1.640760 -0.092119
v -0.026843 1.691816 -0.078638
v -0.021114 1.680954 -0.082529
v -0.019031 1.673715 -0.085275
v -0.016641 1.666891 -0.086811
v -0.015821 1.661186 -0.087908
v -0.047320 1.720417 -0.078947
v -0.028325 1.720996 -0.085874
v -0.016748 1.719166 -0.089428
v -0.010898 1.719048 -0.091330
v -0.005620 1.719324 -0.093871
v -0.010803 1.662215 -0.099286
v -0.003429 1.663052 -0.109944
v -0.016846 1.659424 -0.090922
v -0.018530 1.654543 -0.089615
v -0.016793 1.648595 -0.089740
v -0.001802 1.640531 -0.092472
v -0.002700 1.648925 -0.111821
v -0.001838 1.642609 -0.094321
v -0.017141 1.650720 -0.093993
v -0.018067 1.653886 -0.093176
v -0.016921 1.656826 -0.094854
v -0.012406 1.654973 -0.102641
v -0.011139 1.649792 -0.098190
v -0.014684 1.651726 -0.098769
v -0.016519 1.654409 -0.097133
v -0.009491 1.660407 -0.102658
v -0.006157 1.662492 -0.108371
v -0.007085 1.650382 -0.109212
v -0.002708 1.653369 -0.114066
v -0.006504 1.656692 -0.111525
v -0.004971 1.654408 -0.112709
v -0.006528 1.651615 -0.110454
v -0.003815 1.668359 -0.106905
v -0.006964 1.667587 -0.103561
v -0.004174 1.631728 -0.095580
v -0.003510 1.634628 -0.093444
v -0.002939 1.637524 -0.092498
v -0.048319 1.635765 -0.062678
v -0.046740 1.621770 -0.054097
v -0.033055 1.606515 -0.065834
v -0.023609 1.599565 -0.072788
v -0.014084 1.595244 -0.080997
v -0.044665 1.611437 -0.049003
v -0.035833 1.602582 -0.059007
v -0.025479 1.593764 -0.069282
v -0.014775 1.587938 -0.078035
v -0.016106 1.579591 -0.068873
v -0.025361 1.585799 -0.064163
v -0.034675 1.594099 -0.053381
v -0.042802 1.601709 -0.043868
v -0.048390 1.607228 -0.037853
v -0.050849 1.616680 -0.042629
v -0.063775 1.633050 -0.014133
v -0.064719 1.634387 -0.026240
v -0.070823 1.672599 -0.033392
v -0.071583 1.673314 -0.019666
v -0.050964 1.683365 -0.070342
v -0.044345 1.694505 -0.076283
v -0.058983 1.670803 -0.064772
v -0.044038 1.678046 -0.076271
v -0.041034 1.693144 -0.078280
v -0.048776 1.667162 -0.074551
v -0.018475 1.701523 -0.082763
v -0.014734 1.695170 -0.077770
v -0.027232 1.704231 -0.084159
v -0.040387 1.706202 -0.083358
v -0.049390 1.706246 -0.078229
v -0.053865 1.703785 -0.072466
v -0.018388 1.688135 -0.079599
v -0.029579 1.685622 -0.078729
v -0.037004 1.685205 -0.077777
v -0.051631 1.695588 -0.066519
v -0.023774 1.687055 -0.078608
v -0.046946 1.688697 -0.072707
v -0.041855 1.685927 -0.075949
v -0.053200 1.626361 -0.046532
v -0.055302 1.638592 -0.052491
v -0.057720 1.652568 -0.059013
v -0.018577 1.731439 -0.089318
v -0.048938 1.730034 -0.076016
v -0.029936 1.732444 -0.084139
v -0.012958 1.730791 -0.091300
v -0.006741 1.731144 -0.092528
v -0.055466 1.614404 -0.029396
v -0.066873 1.643522 -0.028408
v -0.062263 1.627453 -0.026672
v -0.062139 1.717196 -0.054114
v -0.020252 1.747116 -0.085103
v -0.057549 1.724186 -0.064747
v -0.060035 1.630999 -0.037371
v -0.065747 1.688985 -0.050278
v -0.061632 1.641625 -0.042480
v -0.032837 1.745806 -0.079691
v -0.050714 1.742691 -0.071431
v -0.059424 1.731709 -0.056305
v -0.065152 1.719758 -0.044304
v -0.013928 1.746793 -0.087695
v -0.007298 1.746877 -0.089369
v -0.057892 1.622968 -0.034448
v -0.069019 1.656442 -0.031074
v -0.069575 1.658290 -0.017425
v -0.064378 1.655204 -0.046015
v -0.066551 1.643820 -0.014711
v -0.067074 1.670964 -0.050222
v -0.061748 1.625051 -0.020411
v -0.022855 1.765642 -0.076543
v -0.036194 1.764771 -0.069834
v -0.050369 1.759613 -0.063140
v -0.066742 1.741493 -0.034759
v -0.015221 1.767006 -0.079504
v -0.008102 1.768206 -0.081211
v -0.034064 1.709651 -0.087294
v -0.033142 1.702158 -0.083436
v -0.036372 1.721491 -0.083620
v -0.032546 1.705032 -0.084167
v -0.039974 1.744640 -0.076726
v -0.037586 1.731596 -0.081173
v -0.042908 1.762891 -0.067074
v -0.021554 1.706902 -0.089125
v -0.024843 1.699112 -0.080647
v -0.022775 1.720057 -0.088446
v -0.022782 1.702954 -0.082738
v -0.026131 1.746264 -0.082742
v -0.024277 1.731820 -0.086788
v -0.030118 1.764800 -0.072878
v -0.013249 1.630380 -0.090213
v -0.013178 1.633489 -0.088882
v -0.012782 1.637756 -0.088165
v -0.021576 1.642856 -0.082836
v -0.032185 1.637520 -0.079356
v -0.019274 1.607532 -0.078735
v -0.036133 1.619508 -0.070254
v -0.011349 1.604663 -0.082001
v -0.026009 1.612368 -0.073515
v -0.038213 1.630291 -0.073502
v -0.008140 1.646940 -0.091952
v -0.009855 1.634320 -0.090960
v -0.008641 1.640932 -0.090671
v -0.008085 1.643856 -0.091023
v -0.010052 1.631347 -0.092474
v -0.009464 1.638040 -0.090463
v -0.008893 1.654948 -0.108466
v -0.006077 1.657780 -0.111829
v -0.007415 1.658890 -0.109440
v -0.002948 1.657181 -0.114452
v -0.003112 1.660359 -0.112152
v -0.002741 1.650534 -0.112950
v -0.007674 1.655936 -0.110319
v -0.005851 1.652507 -0.111540
v -0.006695 1.658385 -0.110976
v -0.002815 1.659072 -0.113326
v -0.004662 1.657639 -0.113151
v -0.005445 1.659879 -0.111203
v -0.004861 1.658885 -0.112409
v -0.070829 1.711008 -0.001196
v -0.070138 1.688372 -0.008649
v -0.068665 1.673288 -0.007980
v -0.065019 1.658430 -0.006372
v -0.062043 1.643958 -0.003653
v -0.073033 1.702461 0.023835
v -0.070963 1.690684 0.024486
v -0.068592 1.678330 0.020536
v -0.063740 1.662162 0.013775
v -0.062019 1.655653 0.009580
v -0.073787 1.714198 0.008927
v -0.072813 1.650776 0.011712
v -0.075747 1.664788 0.005381
v -0.082003 1.675051 0.027125
v -0.085713 1.691456 0.032286
v -0.085373 1.705846 0.030113
v -0.082544 1.715459 0.012517
v -0.077088 1.708485 0.003058
v -0.070630 1.688463 -0.003992
v -0.069695 1.673715 -0.004994
v -0.068085 1.655074 -0.004466
v -0.062113 1.653176 0.003715
v -0.069549 1.649199 0.003551
v -0.073134 1.710495 0.019238
v -0.083750 1.713780 0.022997
v -0.089836 1.712244 0.022777
v -0.087247 1.714256 0.013718
v -0.090635 1.704119 0.028023
v -0.090187 1.690711 0.030328
v -0.085668 1.675257 0.024658
v -0.077774 1.657926 0.014358
v -0.075697 1.652507 0.010274
v -0.073798 1.651031 0.002886
v -0.071662 1.658635 -0.001758
v -0.072783 1.675347 -0.001781
v -0.073968 1.682263 -0.001966
v -0.086921 1.708962 0.014255
v -0.089325 1.706604 0.019944
v -0.089873 1.700956 0.023883
v -0.087415 1.687562 0.024915
v -0.084503 1.676498 0.021608
v -0.080158 1.667725 0.014312
v -0.077258 1.663268 0.008621
v -0.076949 1.701271 0.002680
v -0.073909 1.702094 -0.000663
v -0.070113 1.739227 0.051688
v -0.069244 1.759701 0.040052
v -0.058243 1.700860 -0.064462
v -0.054912 1.701272 -0.068849
v -0.067463 1.703000 -0.039349
v -0.064219 1.701749 -0.049637
v -0.051035 1.700585 -0.072806
v -0.061531 1.700654 -0.058267
v -0.071578 1.703111 -0.023731
v -0.070249 1.704183 -0.005304
v -0.075088 1.695709 0.000999
v -0.074729 1.657369 0.015636
v -0.079694 1.707759 0.005576
v -0.074239 1.669062 0.003030
v -0.074194 1.680264 -0.000209
v -0.071076 1.676790 0.001239
v -0.074978 1.693464 0.002799
v -0.075792 1.698975 0.004892
v -0.079594 1.706620 0.007059
v -0.075287 1.673267 0.009766
v -0.080139 1.700503 0.016481
v -0.082887 1.698773 0.018345
v -0.083953 1.695211 0.021609
v -0.083468 1.687028 0.022311
v -0.081085 1.680294 0.020448
v -0.078644 1.674900 0.015412
v -0.076141 1.672203 0.011994
v -0.073456 1.675892 0.008240
v -0.071472 1.679310 0.007386
v -0.074341 1.690647 0.008973
v -0.074066 1.694046 0.009980
v -0.075897 1.698734 0.011079
v -0.077448 1.687139 0.011531
v -0.067553 1.684846 0.000178
v -0.069944 1.688394 -0.002069
v -0.070362 1.692169 -0.000277
v -0.068294 1.690176 0.001642
v -0.064888 1.682546 0.002069
v -0.071775 1.689625 0.003014
v -0.066073 1.681336 0.006036
v -0.073676 1.688717 0.006580
v -0.073390 1.686407 0.008186
v -0.058237 1.645571 0.004055
v -0.058919 1.646644 0.014144
v -0.061102 1.633363 0.017586
v -0.069338 1.702726 0.038798
v -0.067351 1.691012 0.037049
v -0.065036 1.678485 0.033101
v -0.062799 1.666333 0.029677
v -0.061861 1.656710 0.026285
v -0.072364 1.713323 0.039440
v -0.061105 1.646781 0.026562
v -0.043411 1.710976 0.088541
v -0.040663 1.696829 0.084981
v -0.038188 1.684268 0.080792
v -0.036015 1.672693 0.077455
v -0.034456 1.661708 0.076319
v -0.045635 1.726900 0.089422
v -0.032193 1.651360 0.076037
v -0.030655 1.644521 0.078404
v -0.036551 1.712023 0.094599
v -0.033976 1.697239 0.091370
v -0.031582 1.684299 0.087362
v -0.028811 1.672890 0.083400
v -0.026896 1.661813 0.078309
v -0.038937 1.728360 0.094776
v -0.025716 1.651721 0.078702
v -0.025178 1.644140 0.080329
v -0.012120 1.713151 0.105005
v -0.011316 1.697246 0.100934
v -0.011011 1.684124 0.095538
v -0.010392 1.672834 0.087816
v -0.009786 1.662549 0.081201
v -0.013002 1.730952 0.104977
v -0.009068 1.650393 0.078729
v -0.010490 1.636395 0.081072
v -0.070709 1.763672 0.007448
v -0.021259 1.808615 0.002829
v -0.010346 1.809965 0.003144
v -0.042199 1.802478 0.003988
v -0.047452 1.746924 0.086140
v -0.047188 1.787555 0.054508
v -0.014142 1.796415 0.064453
v -0.032634 1.802472 -0.023931
v -0.019146 1.662116 0.080613
v -0.018608 1.650170 0.080520
v -0.020459 1.672855 0.085774
v -0.022234 1.684182 0.092480
v -0.021001 1.636908 0.082444
v -0.029005 1.730520 0.100117
v -0.027152 1.712761 0.099947
v -0.024648 1.697337 0.096949
v -0.040732 1.748605 0.090795
v -0.014642 1.751370 0.099470
v -0.030288 1.750508 0.095869
v -0.039850 1.790958 0.058376
v -0.032640 1.806139 0.002745
v -0.028417 1.793616 0.063414
v -0.029316 1.788036 -0.053164
v -0.020592 1.790079 -0.055036
v -0.012480 1.791162 -0.056705
v -0.037281 1.785268 -0.050372
v -0.022513 1.804725 -0.023911
v -0.013065 1.805889 -0.024075
v -0.042055 1.798413 -0.024264
v -0.011327 1.808475 0.034432
v -0.023785 1.806512 0.032999
v -0.034685 1.803735 0.030706
v -0.042298 1.800658 0.029084
v -0.070984 1.763264 0.022364
v -0.050690 1.797760 0.003713
v -0.051086 1.795563 0.027902
v -0.051584 1.725842 0.083493
v -0.049401 1.709550 0.081944
v -0.046698 1.695896 0.078582
v -0.044045 1.683625 0.074444
v -0.040625 1.660505 0.069097
v -0.038894 1.649377 0.070282
v -0.041992 1.671836 0.070638
v -0.044403 1.783478 -0.047359
v -0.049866 1.793884 -0.021840
v -0.052917 1.784729 0.051444
v -0.052987 1.745499 0.081165
v -0.057394 1.724661 0.076197
v -0.051959 1.694926 0.071152
v -0.046854 1.659342 0.061304
v -0.046951 1.670828 0.063052
v -0.054827 1.708079 0.074245
v -0.049406 1.682602 0.066725
v -0.048217 1.648939 0.063685
v -0.049304 1.638191 0.068046
v -0.051483 1.779633 -0.043159
v -0.056427 1.787811 -0.018905
v -0.058777 1.788483 0.026826
v -0.058685 1.791077 0.004487
v -0.057983 1.780518 0.048348
v -0.058405 1.744105 0.074904
v -0.056969 1.693953 0.061654
v -0.069142 1.717549 0.053422
v -0.063517 1.721884 0.066112
v -0.064728 1.781700 0.005832
v -0.064697 1.779869 0.025418
v -0.061554 1.779339 -0.016662
v -0.056000 1.772530 -0.041689
v -0.062493 1.692163 0.049052
v -0.053802 1.658685 0.049867
v -0.057922 1.657850 0.036926
v -0.053132 1.669657 0.051654
v -0.057577 1.668543 0.040043
v -0.065368 1.704515 0.052164
v -0.060017 1.706670 0.064598
v -0.059709 1.679839 0.045232
v -0.054645 1.681550 0.057498
v -0.057915 1.647310 0.037943
v -0.055555 1.648057 0.051243
v -0.056690 1.636711 0.054855
v -0.063507 1.773476 0.044393
v -0.065356 1.741545 0.063912
v -0.071942 1.741001 -0.011419
v -0.073378 1.741720 0.007887
v -0.073962 1.741589 0.022903
v -0.072875 1.740801 0.038579
v -0.068146 1.754238 0.049530
v -0.015132 1.775914 0.085790
v -0.047172 1.768619 0.075452
v -0.040603 1.770996 0.079465
v -0.030214 1.774006 0.083357
v -0.052795 1.767334 0.071349
v -0.057587 1.764984 0.066293
v -0.063080 1.760143 0.059550
v -0.042335 1.601078 -0.024501
v -0.054596 1.616990 -0.012615
v -0.067810 1.761452 -0.014503
v -0.062775 1.755775 -0.036198
v -0.079561 1.696102 0.017091
v -0.079700 1.689991 0.016575
v -0.080433 1.684160 0.017032
v -0.075435 1.676947 0.011164
v -0.002695 1.622454 -0.090519
v -0.006352 1.623379 -0.089223
v -0.009008 1.623779 -0.087905
v -0.013058 1.623687 -0.086286
v -0.018315 1.623724 -0.081905
v -0.023642 1.623932 -0.078854
v -0.005848 1.623152 -0.089375
v -0.013038 1.623631 -0.086532
v -0.018367 1.623695 -0.083304
v -0.025829 1.623796 -0.077491
v -0.024626 1.625585 -0.081704
v -0.010186 1.628212 -0.091982
v -0.007340 1.628645 -0.093622
v -0.003546 1.627893 -0.094620
v -0.007440 1.615855 -0.090512
v -0.019829 1.620711 -0.082226
v -0.014684 1.618014 -0.087123
v -0.026888 1.623644 -0.076910
v -0.025902 1.623886 -0.077572
v -0.013209 1.627656 -0.089946
v -0.018605 1.626887 -0.086112
v -0.027845 1.624992 -0.078804
v -0.005674 1.653773 -0.093463
v -0.005213 1.653900 -0.096114
v -0.004999 1.654481 -0.098738
v -0.005914 1.654648 -0.099349
v -0.006847 1.654581 -0.099091
v -0.007499 1.654382 -0.096877
v -0.007851 1.653973 -0.094380
v -0.008070 1.653685 -0.093440
v -0.007810 1.654154 -0.095016
v -0.006563 1.653735 -0.092639
v -0.019478 1.699831 -0.078182
v -0.039376 1.704380 -0.082294
v -0.051346 1.702428 -0.073527
v -0.037477 1.688629 -0.078134
v -0.024919 1.689888 -0.077170
v -0.045803 1.691663 -0.074297
v -0.041507 1.689596 -0.076820
v -0.016752 1.694836 -0.075551
v -0.027113 1.702413 -0.080890
v -0.047027 1.703962 -0.078479
v -0.020756 1.690999 -0.076418
v -0.030753 1.688566 -0.078538
v -0.049512 1.696191 -0.069609
v -0.032588 1.703640 -0.082731
v -0.023369 1.701330 -0.078733
v -0.052913 1.701075 -0.070351
v -0.022213 1.697756 -0.066410
v -0.019734 1.695024 -0.066410
v -0.027671 1.700238 -0.066410
v -0.038097 1.701769 -0.066410
v -0.044475 1.701713 -0.066410
v -0.047773 1.700838 -0.066410
v -0.023400 1.693370 -0.066410
v -0.031396 1.691517 -0.066410
v -0.036810 1.692182 -0.066410
v -0.045955 1.696782 -0.066410
v -0.026828 1.692212 -0.066410
v -0.043004 1.694697 -0.066410
v -0.039944 1.693439 -0.066410
v -0.032650 1.701770 -0.066410
v -0.024980 1.698955 -0.066410
v -0.049186 1.700316 -0.066410
v -0.034632 1.697036 -0.059412
v -0.075419 1.686773 0.009859
v -0.072135 1.697132 -0.000470
v -0.070287 1.688429 -0.003031
v -0.073359 1.684782 -0.000056
v -0.072039 1.682429 0.001230
v -0.068773 1.680323 0.006711
v -0.071691 1.692943 0.001320
v -0.073377 1.691545 0.002907
v -0.074009 1.689682 0.007776
v -0.068779 1.678904 0.001557
v 0.000000 1.624487 -0.069857
v 0.000000 1.623331 -0.069857
v -0.002754 1.624487 -0.069857
v -0.006352 1.624487 -0.069857
v -0.009008 1.624487 -0.069857
v -0.013058 1.624487 -0.069857
v -0.018315 1.624487 -0.069857
v -0.023642 1.624487 -0.069857
v -0.006195 1.623331 -0.069857
v -0.013038 1.623331 -0.069857
v -0.018367 1.623331 -0.069857
v -0.025829 1.623331 -0.069857
v -0.025902 1.624487 -0.069857
v 0.000000 1.618566 -0.088293
v -0.002754 1.625229 -0.087619
v 0.000000 1.624879 -0.088295
v -0.006352 1.626188 -0.086285
v -0.023642 1.626713 -0.075917
v -0.018315 1.626506 -0.078967
v -0.018367 1.620458 -0.079860
v -0.025829 1.623796 -0.074554
v -0.013058 1.626468 -0.083348
v -0.013038 1.620394 -0.083594
v -0.025902 1.623886 -0.074635
v -0.009008 1.626561 -0.084967
v -0.006021 1.619927 -0.086368
v 0.021849 1.697815 -0.078358
v 0.015793 1.705431 -0.088850
v 0.011194 1.695154 -0.084838
v 0.019166 1.694859 -0.075103
v 0.026825 1.708670 -0.088622
v 0.027755 1.700500 -0.082092
v 0.042002 1.710932 -0.084248
v 0.039036 1.702157 -0.082879
v 0.045937 1.702097 -0.078789
v 0.052836 1.709826 -0.076935
v 0.049506 1.701150 -0.074836
v 0.057746 1.706749 -0.068491
v 0.023134 1.693070 -0.076351
v 0.014124 1.684783 -0.086226
v 0.031786 1.691064 -0.080230
v 0.028243 1.678880 -0.081473
v 0.037643 1.691784 -0.079612
v 0.036019 1.678270 -0.079516
v 0.056067 1.693126 -0.064397
v 0.047538 1.696761 -0.073418
v 0.008243 1.684362 -0.095055
v 0.007818 1.695821 -0.089577
v 0.010205 1.706756 -0.091593
v 0.013172 1.676282 -0.090577
v 0.008313 1.677093 -0.097984
v 0.011526 1.665271 -0.096203
v 0.006593 1.665173 -0.105522
v 0.012145 1.669941 -0.093615
v 0.007631 1.671517 -0.101102
v 0.026413 1.670988 -0.083106
v 0.035623 1.668436 -0.081046
v 0.061304 1.688993 -0.059406
v 0.059583 1.711905 -0.063360
v 0.055369 1.717424 -0.071076
v 0.006237 1.646256 -0.094347
v 0.004519 1.647112 -0.100685
v 0.002266 1.643707 -0.097869
v 0.004870 1.643965 -0.094482
v 0.003052 1.646639 -0.109506
v 0.004989 1.647657 -0.106934
v 0.007114 1.649101 -0.107989
v 0.009427 1.652584 -0.107089
v 0.009000 1.650095 -0.106211
v 0.010886 1.650251 -0.102065
v 0.011714 1.652857 -0.103397
v 0.011343 1.649075 -0.095435
v 0.015803 1.649278 -0.094435
v 0.011704 1.646501 -0.092798
v 0.013577 1.646001 -0.090655
v 0.069554 1.687775 -0.036858
v 0.071666 1.718410 -0.026813
v 0.072279 1.687713 -0.021927
v 0.022570 1.662977 -0.083518
v 0.035047 1.655771 -0.080438
v 0.018488 1.654102 -0.085440
v 0.026825 1.647840 -0.081627
v 0.003707 1.665879 -0.108165
v 0.003447 1.672397 -0.104736
v 0.003447 1.677612 -0.101623
v 0.003450 1.684874 -0.097839
v 0.003475 1.695906 -0.091873
v 0.004947 1.707471 -0.093461
v 0.036030 1.642076 -0.076276
v 0.046472 1.648444 -0.071569
v 0.007291 1.632196 -0.094688
v 0.006927 1.635056 -0.092742
v 0.018872 1.628810 -0.086594
v 0.019597 1.631956 -0.085644
v 0.025009 1.630310 -0.082366
v 0.024801 1.626903 -0.082469
v 0.028289 1.625460 -0.078932
v 0.031733 1.628336 -0.077855
v 0.027555 1.623528 -0.076297
v 0.029787 1.620802 -0.073517
v 0.020248 1.619957 -0.081817
v 0.022461 1.616076 -0.078094
v 0.015129 1.616699 -0.086517
v 0.016373 1.612883 -0.083282
v 0.007854 1.614037 -0.089538
v 0.008530 1.610565 -0.084960
v 0.012236 1.601922 -0.081890
v 0.021039 1.605035 -0.076498
v 0.028604 1.610490 -0.071101
v 0.038747 1.619105 -0.067183
v 0.040907 1.631507 -0.070934
v 0.020037 1.637998 -0.084129
v 0.006672 1.638222 -0.091965
v 0.028872 1.634726 -0.080256
v 0.009659 1.608193 -0.083190
v 0.017532 1.610306 -0.081146
v 0.024177 1.613989 -0.075587
v 0.032341 1.620417 -0.072881
v 0.034121 1.628957 -0.075595
v 0.015907 1.648627 -0.085705
v 0.008063 1.645292 -0.091208
v 0.013147 1.645931 -0.087758
v 0.011720 1.641450 -0.088236
v 0.004290 1.642897 -0.093220
v 0.005036 1.640760 -0.092119
v 0.026843 1.691816 -0.078638
v 0.021114 1.680954 -0.082529
v 0.019031 1.673715 -0.085275
v 0.016641 1.666891 -0.086811
v 0.015821 1.661186 -0.087908
v 0.047320 1.720417 -0.078947
v 0.028325 1.720996 -0.085874
v 0.016748 1.719166 -0.089428
v 0.010898 1.719048 -0.091330
v 0.005620 1.719324 -0.093871
v 0.010803 1.662215 -0.099286
v 0.003429 1.663052 -0.109944
v 0.016846 1.659424 -0.090922
v 0.018530 1.654543 -0.089615
v 0.016793 1.648595 -0.089740
v 0.001802 1.640531 -0.092472
v 0.002700 1.648925 -0.111821
v 0.001838 1.642609 -0.094321
v 0.017141 1.650720 -0.093993
v 0.018067 1.653886 -0.093176
v 0.016921 1.656826 -0.094854
v 0.012406 1.654973 -0.102641
v 0.011139 1.649792 -0.098190
v 0.014684 1.651726 -0.098769
v 0.016519 1.654409 -0.097133
v 0.009492 1.660407 -0.102658
v 0.006157 1.662492 -0.108371
v 0.007085 1.650382 -0.109212
v 0.002708 1.653369 -0.114066
v 0.006504 1.656692 -0.111525
v 0.004971 1.654408 -0.112709
v 0.006528 1.651615 -0.110454
v 0.003815 1.668359 -0.106905
v 0.006964 1.667587 -0.103561
v 0.004174 1.631728 -0.095580
v 0.003510 1.634628 -0.093444
v 0.002939 1.637524 -0.092498
v 0.048319 1.635765 -0.062678
v 0.046740 1.621770 -0.054097
v 0.033055 1.606515 -0.065834
v 0.023609 1.599565 -0.072788
v 0.014084 1.595244 -0.080997
v 0.044665 1.611437 -0.049003
v 0.035833 1.602582 -0.059007
v 0.025479 1.593764 -0.069282
v 0.014775 1.587938 -0.078035
v 0.016106 1.579591 -0.068873
v 0.025361 1.585799 -0.064163
v 0.034675 1.594099 -0.053381
v 0.042802 1.601709 -0.043868
v 0.048390 1.607228 -0.037853
v 0.050849 1.616680 -0.042629
v 0.063775 1.633050 -0.014133
v 0.064719 1.634387 -0.026240
v 0.070823 1.672599 -0.033392
v 0.071583 1.673314 -0.019666
v 0.050964 1.683365 -0.070342
v 0.044345 1.694505 -0.076283
v 0.058983 1.670803 -0.064772
v 0.044038 1.678046 -0.076271
v 0.041034 1.693144 -0.078280
v 0.048776 1.667162 -0.074551
v 0.018475 1.701523 -0.082763
v 0.014734 1.695170 -0.077770
v 0.027232 1.704231 -0.084159
v 0.040387 1.706202 -0.083358
v 0.049390 1.706246 -0.078229
v 0.053865 1.703785 -0.072466
v 0.018388 1.688135 -0.079599
v 0.029579 1.685622 -0.078729
v 0.037004 1.685205 -0.077777
v 0.051631 1.695588 -0.066519
v 0.023774 1.687055 -0.078608
v 0.046946 1.688697 -0.072707
v 0.041855 1.685927 -0.075949
v 0.053200 1.626361 -0.046532
v 0.055302 1.638592 -0.052491
v 0.057720 1.652568 -0.059013
v 0.018577 1.731439 -0.089318
v 0.048938 1.730034 -0.076016
v 0.029936 1.732444 -0.084139
v 0.012958 1.730791 -0.091300
v 0.006741 1.731144 -0.092528
v 0.055466 1.614404 -0.029396
v 0.066873 1.643522 -0.028408
v 0.062263 1.627453 -0.026672
v 0.062139 1.717196 -0.054114
v 0.020252 1.747116 -0.085103
v 0.057549 1.724186 -0.064747
v 0.060035 1.630999 -0.037371
v 0.065747 1.688985 -0.050278
v 0.061632 1.641625 -0.042480
v 0.032837 1.745806 -0.079691
v 0.050714 1.742691 -0.071431
v 0.059424 1.731709 -0.056305
v 0.065152 1.719758 -0.044304
v 0.013928 1.746793 -0.087695
v 0.007298 1.746877 -0.089369
v 0.057892 1.622968 -0.034448
v 0.069019 1.656442 -0.031074
v 0.069575 1.658290 -0.017425
v 0.064378 1.655204 -0.046015
v 0.066551 1.643820 -0.014711
v 0.067074 1.670964 -0.050222
v 0.061748 1.625051 -0.020411
v 0.022855 1.765642 -0.076543
v 0.036194 1.764771 -0.069834
v 0.050369 1.759613 -0.063140
v 0.066742 1.741493 -0.034759
v 0.015221 1.767006 -0.079504
v 0.008102 1.768206 -0.081211
v 0.034064 1.709651 -0.087294
v 0.033142 1.702158 -0.083436
v 0.036372 1.721491 -0.083620
v 0.032546 1.705032 -0.084167
v 0.039974 1.744640 -0.076726
v 0.037586 1.731596 -0.081173
v 0.042908 1.762891 -0.067074
v 0.021554 1.706902 -0.089125
v 0.024843 1.699112 -0.080647
v 0.022775 1.720057 -0.088446
v 0.022782 1.702954 -0.082738
v 0.026131 1.746264 -0.082742
v 0.024277 1.731820 -0.086788
v 0.030118 1.764800 -0.072878
v 0.013249 1.630380 -0.090213
v 0.013178 1.633489 -0.088882
v 0.012782 1.637756 -0.088165
v 0.021576 1.642856 -0.082836
v 0.032185 1.637520 -0.079356
v 0.019274 1.607532 -0.078735
v 0.036133 1.619508 -0.070254
v 0.011349 1.604663 -0.082001
v 0.026009 1.612368 -0.073515
v 0.038213 1.630291 -0.073502
v 0.008140 1.646940 -0.091952
v 0.009855 1.634320 -0.090960
v 0.008641 1.640932 -0.090671
v 0.008085 1.643856 -0.091023
v 0.010053 1.631347 -0.092474
v 0.009464 1.638040 -0.090463
v 0.008893 1.654948 -0.108466
v 0.006077 1.657780 -0.111829
v 0.007415 1.658890 -0.109440
v 0.002948 1.657181 -0.114452
v 0.003112 1.660359 -0.112152
v 0.002741 1.650534 -0.112950
v 0.007674 1.655936 -0.110319
v 0.005851 1.652507 -0.111540
v 0.006695 1.658385 -0.110976
v 0.002815 1.659072 -0.113326
v 0.004662 1.657639 -0.113151
v 0.005445 1.659879 -0.111203
v 0.004861 1.658885 -0.112409
v 0.070829 1.711008 -0.001196
v 0.070138 1.688372 -0.008649
v 0.068665 1.673288 -0.007980
v 0.065019 1.658430 -0.006372
v 0.062043 1.643958 -0.003653
v 0.073033 1.702461 0.023835
v 0.070963 1.690684 0.024486
v 0.068592 1.678330 0.020536
v 0.063740 1.662162 0.013775
v 0.062019 1.655653 0.009580
v 0.073787 1.714198 0.008927
v 0.072813 1.650776 0.011712
v 0.075747 1.664788 0.005381
v 0.082003 1.675051 0.027125
v 0.085713 1.691456 0.032286
v 0.085373 1.705846 0.030113
v 0.082544 1.715459 0.012517
v 0.077088 1.708485 0.003058
v 0.070630 1.688463 -0.003992
v 0.069695 1.673715 -0.004994
v 0.068085 1.655074 -0.004466
v 0.062113 1.653176 0.003715
v 0.069549 1.649199 0.003551
v 0.073134 1.710495 0.019238
v 0.083750 1.713780 0.022997
v 0.089836 1.712244 0.022777
v 0.087247 1.714256 0.013718
v 0.090635 1.704119 0.028023
v 0.090187 1.690711 0.030329
v 0.085668 1.675257 0.024659
v 0.077774 1.657926 0.014358
v 0.075697 1.652507 0.010274
v 0.073798 1.651031 0.002886
v 0.071662 1.658635 -0.001758
v 0.072783 1.675347 -0.001781
v 0.073968 1.682263 -0.001966
v 0.086921 1.708962 0.014255
v 0.089325 1.706604 0.019944
v 0.089873 1.700956 0.023883
v 0.087415 1.687562 0.024915
v 0.084503 1.676498 0.021608
v 0.080158 1.667725 0.014312
v 0.077258 1.663268 0.008621
v 0.076949 1.701271 0.002680
v 0.073909 1.702094 -0.000663
v 0.070113 1.739227 0.051688
v 0.069244 1.759701 0.040052
v 0.058243 1.700860 -0.064462
v 0.054912 1.701272 -0.068849
v 0.067463 1.703000 -0.039349
v 0.064219 1.701749 -0.049637
v 0.051035 1.700585 -0.072806
v 0.061531 1.700654 -0.058267
v 0.071578 1.703111 -0.023731
v 0.070249 1.704183 -0.005304
v 0.075088 1.695709 0.000999
v 0.074729 1.657369 0.015636
v 0.079694 1.707759 0.005576
v 0.074239 1.669062 0.003030
v 0.074194 1.680264 -0.000209
v 0.071076 1.676790 0.001239
v 0.074978 1.693464 0.002799
v 0.075792 1.698975 0.004892
v 0.079594 1.706620 0.007059
v 0.075287 1.673267 0.009766
v 0.080139 1.700503 0.016481
v 0.082887 1.698773 0.018345
v 0.083953 1.695211 0.021609
v 0.083468 1.687028 0.022311
v 0.081085 1.680294 0.020448
v 0.078644 1.674900 0.015412
v 0.076141 1.672203 0.011994
v 0.073456 1.675892 0.008241
v 0.071472 1.679310 0.007386
v 0.074341 1.690647 0.008973
v 0.074066 1.694046 0.009980
v 0.075897 1.698734 0.011079
v 0.077448 1.687139 0.011531
v 0.067553 1.684846 0.000178
v 0.069944 1.688394 -0.002069
v 0.070362 1.692169 -0.000277
v 0.068294 1.690176 0.001642
v 0.064888 1.682546 0.002069
v 0.071775 1.689625 0.003014
v 0.066073 1.681336 0.006036
v 0.073676 1.688717 0.006580
v 0.073390 1.686407 0.008187
v 0.056429 1.632239 0.007388
v 0.058237 1.645571 0.004055
v 0.058919 1.646644 0.014144
v 0.069338 1.702726 0.038798
v 0.067351 1.691012 0.037049
v 0.065036 1.678485 0.033101
v 0.062799 1.666333 0.029677
v 0.061861 1.656710 0.026285
v 0.072364 1.713323 0.039440
v 0.061105 1.646781 0.026562
v 0.043411 1.710976 0.088541
v 0.040663 1.696829 0.084981
v 0.038188 1.684268 0.080792
v 0.036015 1.672693 0.077455
v 0.034456 1.661708 0.076319
v 0.045635 1.726900 0.089422
v 0.032193 1.651360 0.076037
v 0.030655 1.644521 0.078404
v 0.036551 1.712023 0.094599
v 0.033976 1.697239 0.091370
v 0.031582 1.684299 0.087362
v 0.028811 1.672890 0.083400
v 0.026896 1.661813 0.078309
v 0.038937 1.728360 0.094776
v 0.025716 1.651721 0.078702
v 0.025178 1.644140 0.080329
v 0.012120 1.713151 0.105005
v 0.011316 1.697246 0.100934
v 0.011011 1.684124 0.095538
v 0.010392 1.672834 0.087816
v 0.009786 1.662549 0.081201
v 0.013002 1.730952 0.104977
v 0.009068 1.650393 0.078729
v 0.010490 1.636395 0.081072
v 0.070709 1.763672 0.007448
v 0.021259 1.808615 0.002829
v 0.010346 1.809965 0.003144
v 0.042199 1.802478 0.003988
v 0.047452 1.746924 0.086140
v 0.047188 1.787555 0.054508
v 0.014142 1.796415 0.064453
v 0.032634 1.802472 -0.023931
v 0.019146 1.662116 0.080613
v 0.018608 1.650170 0.080520
v 0.020459 1.672855 0.085774
v 0.022234 1.684182 0.092480
v 0.029005 1.730520 0.100117
v 0.027152 1.712761 0.099947
v 0.024648 1.697337 0.096949
v 0.040732 1.748605 0.090795
v 0.014642 1.751370 0.099470
v 0.030288 1.750508 0.095869
v 0.039850 1.790958 0.058376
v 0.032640 1.806139 0.002745
v 0.028417 1.793616 0.063414
v 0.029316 1.788036 -0.053164
v 0.020592 1.790079 -0.055036
v 0.012480 1.791162 -0.056705
v 0.037281 1.785268 -0.050372
v 0.022513 1.804725 -0.023911
v 0.013065 1.805889 -0.024075
v 0.042055 1.798413 -0.024264
v 0.011327 1.808475 0.034432
v 0.023785 1.806512 0.032999
v 0.034685 1.803735 0.030706
v 0.042298 1.800658 0.029084
v 0.070984 1.763264 0.022364
v 0.050690 1.797760 0.003713
v 0.051086 1.795563 0.027902
v 0.051584 1.725842 0.083493
v 0.049401 1.709550 0.081944
v 0.046698 1.695896 0.078582
v 0.044045 1.683625 0.074444
v 0.040625 1.660505 0.069097
v 0.038894 1.649377 0.070282
v 0.041992 1.671836 0.070638
v 0.036588 1.638285 0.077718
v 0.044403 1.783478 -0.047359
v 0.049866 1.793884 -0.021840
v 0.052917 1.784729 0.051444
v 0.052987 1.745499 0.081165
v 0.057394 1.724661 0.076197
v 0.051959 1.694926 0.071152
v 0.046854 1.659342 0.061304
v 0.046951 1.670828 0.063052
v 0.054827 1.708079 0.074245
v 0.049406 1.682602 0.066725
v 0.048217 1.648939 0.063685
v 0.049304 1.638191 0.068046
v 0.051483 1.779633 -0.043159
v 0.056427 1.787811 -0.018905
v 0.058777 1.788483 0.026826
v 0.058685 1.791077 0.004487
v 0.057983 1.780518 0.048348
v 0.058405 1.744105 0.074904
v 0.056969 1.693953 0.061654
v 0.069141 1.717549 0.053423
v 0.063517 1.721884 0.066112
v 0.064728 1.781700 0.005832
v 0.064697 1.779869 0.025418
v 0.061554 1.779339 -0.016662
v 0.056000 1.772530 -0.041689
v 0.062493 1.692163 0.049052
v 0.053802 1.658685 0.049867
v 0.057922 1.657850 0.036926
v 0.053132 1.669657 0.051654
v 0.057577 1.668543 0.040043
v 0.065368 1.704515 0.052164
v 0.060017 1.706670 0.064598
v 0.059709 1.679839 0.045232
v 0.054645 1.681550 0.057498
v 0.057915 1.647310 0.037943
v 0.055555 1.648057 0.051243
v 0.058364 1.635438 0.041433
v 0.056690 1.636711 0.054855
v 0.063507 1.773476 0.044393
v 0.065356 1.741545 0.063912
v 0.071942 1.741001 -0.011419
v 0.073378 1.741720 0.007887
v 0.073962 1.741589 0.022903
v 0.072875 1.740801 0.038579
v 0.068146 1.754238 0.049530
v 0.015132 1.775914 0.085790
v 0.047172 1.768619 0.075452
v 0.040603 1.770996 0.079465
v 0.030214 1.774006 0.083357
v 0.052795 1.767334 0.071349
v 0.057587 1.764984 0.066293
v 0.063080 1.760143 0.059550
v 0.010488 1.581120 -0.054754
v 0.020224 1.584435 -0.048407
v 0.036314 1.594790 -0.031337
v 0.067810 1.761452 -0.014503
v 0.062775 1.755775 -0.036198
v 0.079561 1.696102 0.017091
v 0.079700 1.689991 0.016575
v 0.080433 1.684160 0.017032
v 0.075435 1.676947 0.011164
v 0.002695 1.622454 -0.090519
v 0.006352 1.623379 -0.089223
v 0.009008 1.623779 -0.087905
v 0.013058 1.623687 -0.086286
v 0.018315 1.623724 -0.081905
v 0.023642 1.623932 -0.078854
v 0.005848 1.623152 -0.089375
v 0.013038 1.623631 -0.086532
v 0.018367 1.623695 -0.083304
v 0.025829 1.623796 -0.077491
v 0.024626 1.625585 -0.081704
v 0.010187 1.628212 -0.091982
v 0.007340 1.628645 -0.093622
v 0.003546 1.627893 -0.094620
v 0.007440 1.615855 -0.090512
v 0.019829 1.620711 -0.082226
v 0.014684 1.618014 -0.087123
v 0.026888 1.623644 -0.076910
v 0.025902 1.623886 -0.077572
v 0.013209 1.627656 -0.089946
v 0.018605 1.626887 -0.086112
v 0.027845 1.624992 -0.078804
v 0.005674 1.653773 -0.093463
v 0.005213 1.653900 -0.096114
v 0.004999 1.654481 -0.098738
v 0.005914 1.654648 -0.099349
v 0.006847 1.654581 -0.099091
v 0.007499 1.654382 -0.096877
v 0.007851 1.653973 -0.094380
v 0.008070 1.653685 -0.093440
v 0.007810 1.654154 -0.095016
v 0.006563 1.653735 -0.092639
v 0.019478 1.699831 -0.078182
v 0.039376 1.704380 -0.082294
v 0.051346 1.702428 -0.073527
v 0.037477 1.688629 -0.078134
v 0.024919 1.689888 -0.077170
v 0.045803 1.691663 -0.074297
v 0.041507 1.689596 -0.076820
v 0.016752 1.694836 -0.075551
v 0.027113 1.702413 -0.080890
v 0.047027 1.703962 -0.078479
v 0.020756 1.690999 -0.076418
v 0.030753 1.688566 -0.078538
v 0.049512 1.696191 -0.069609
v 0.032588 1.703640 -0.082731
v 0.023369 1.701330 -0.078733
v 0.052913 1.701075 -0.070351
v 0.022213 1.697756 -0.066410
v 0.019734 1.695024 -0.066410
v 0.027671 1.700238 -0.066410
v 0.038097 1.701769 -0.066410
v 0.044475 1.701713 -0.066410
v 0.047773 1.700838 -0.066410
v 0.023400 1.693370 -0.066410
v 0.031396 1.691517 -0.066410
v 0.036810 1.692182 -0.066410
v 0.045955 1.696782 -0.066410
v 0.026828 1.692212 -0.066410
v 0.043004 1.694697 -0.066410
v 0.039944 1.693439 -0.066410
v 0.032650 1.701770 -0.066410
v 0.024980 1.698955 -0.066410
v 0.049186 1.700316 -0.066410
v 0.034632 1.697036 -0.059412
v 0.075419 1.686773 0.009859
v 0.072135 1.697132 -0.000470
v 0.070287 1.688429 -0.003031
v 0.073359 1.684782 -0.000056
v 0.072039 1.682429 0.001230
v 0.068773 1.680323 0.006711
v 0.071691 1.692943 0.001320
v 0.073377 1.691545 0.002907
v 0.074009 1.689682 0.007776
v 0.068779 1.678904 0.001557
v 0.002754 1.624487 -0.069857
v 0.006352 1.624487 -0.069857
v 0.009008 1.624487 -0.069857
v 0.013058 1.624487 -0.069857
v 0.018315 1.624487 -0.069857
v 0.023642 1.624487 -0.069857
v 0.006195 1.623331 -0.069857
v 0.013038 1.623331 -0.069857
v 0.018367 1.623331 -0.069857
v 0.025829 1.623331 -0.069857
v 0.025902 1.624487 -0.069857
v 0.002754 1.625229 -0.087619
v 0.006352 1.626188 -0.086285
v 0.023642 1.626713 -0.075917
v 0.018315 1.626506 -0.078967
v 0.018367 1.620458 -0.079860
v 0.025829 1.623796 -0.074554
v 0.013058 1.626468 -0.083348
v 0.013038 1.620394 -0.083594
v 0.025902 1.623886 -0.074635
v 0.009008 1.626561 -0.084967
v 0.006021 1.619927 -0.086368
v -0.704768 1.425739 0.081788
v -0.708265 1.432005 0.036916
v -0.699912 1.473958 0.063612
v -0.701566 1.463392 0.090555
v 0.702650 1.455839 0.094669
v 0.705770 1.427230 0.093208
v 0.705148 1.428364 0.067199
v 0.705549 1.436413 0.030910
v 0.698994 1.456835 0.028494
v 0.701030 1.470774 0.076978
v -0.704949 1.434332 0.094921
v 0.000000 1.621906 -0.091239
vn 0.2134 0.5143 0.8306
vn -0.0000 0.5187 0.8550
vn -0.0000 0.6001 0.7999
vn 0.1730 0.6030 0.7788
vn -0.0000 -0.2263 0.9741
vn -0.0000 0.0322 0.9995
vn 0.1369 -0.0363 0.9899
vn 0.0421 -0.2443 0.9688
vn -0.9508 -0.1970 -0.2390
vn -0.9299 -0.2692 -0.2508
vn -0.8788 -0.3447 -0.3300
vn -0.9101 -0.1518 -0.3855
vn 0.0709 0.4555 0.8874
vn -0.1875 0.5551 0.8104
vn -0.1320 0.7970 0.5893
vn 0.0773 0.6208 0.7802
vn -0.0000 -0.3864 0.9223
vn 0.3709 -0.3179 0.8726
vn 0.3636 -0.3777 0.8516
vn -0.0000 -0.3480 0.9375
vn 0.1438 0.9324 0.3316
vn 0.0225 0.8520 0.5230
vn -0.1366 0.9454 0.2959
vn 0.0740 0.6449 -0.7607
vn -0.0000 0.6551 -0.7555
vn -0.0000 0.6003 -0.7998
vn 0.0353 0.5767 -0.8162
vn 0.1728 -0.2643 0.9488
vn 0.0559 -0.2371 0.9699
vn 0.1254 -0.1603 0.9791
vn 0.0801 -0.3086 0.9478
vn 0.1037 0.2917 0.9509
vn 0.0891 0.4153 0.9053
vn -0.1982 0.4043 0.8929
vn -0.2241 0.3078 0.9247
vn -0.4120 -0.5447 0.7304
vn -0.3460 -0.3997 0.8488
vn -0.6702 -0.4611 0.5815
vn -0.6599 -0.5821 0.4751
vn -0.8514 0.2208 -0.4757
vn -0.8270 0.2743 -0.4907
vn -0.4717 0.2292 -0.8515
vn -0.4706 0.2240 -0.8535
vn -0.2662 0.4659 -0.8438
vn -0.0135 0.6966 -0.7173
vn -0.2816 0.7654 -0.5788
vn -0.4022 0.5655 -0.7201
vn -0.4074 0.5386 -0.7375
vn -0.3891 0.6594 -0.6432
vn -0.2478 0.6617 -0.7076
vn -0.3297 0.5862 -0.7400
vn -0.5455 -0.6008 0.5844
vn -0.5242 -0.6724 0.5226
vn -0.7865 -0.5996 0.1479
vn -0.8261 -0.4056 0.3912
vn -0.0035 -0.4882 0.8727
vn 0.1178 -0.5901 0.7987
vn 0.0103 -0.6507 0.7593
vn -0.0728 -0.5559 0.8281
vn -0.9762 -0.1466 -0.1601
vn -0.9464 -0.2891 -0.1437
vn -0.8611 -0.2711 -0.4301
vn -0.8766 -0.1817 -0.4457
vn -0.0406 0.6710 0.7404
vn 0.0352 0.7967 0.6034
vn -0.0748 0.6533 0.7534
vn -0.7158 -0.3651 -0.5952
vn -0.4316 -0.2810 -0.8572
vn -0.5097 -0.1718 -0.8430
vn -0.7382 -0.3371 -0.5844
vn -0.8785 -0.2400 -0.4131
vn -0.7055 -0.2796 -0.6513
vn -0.6420 -0.3056 -0.7032
vn -0.0159 0.5551 0.8316
vn -0.0098 0.6235 0.7818
vn -0.2404 0.5989 0.7639
vn -0.2822 0.5443 0.7900
vn -0.7398 0.3650 0.5652
vn -0.6550 0.4069 0.6367
vn -0.7481 0.2906 0.5966
vn -0.8052 0.2541 0.5358
vn -0.9823 0.1018 -0.1571
vn -0.9922 0.0743 -0.1002
vn -0.9004 -0.0517 -0.4320
vn -0.8835 0.0354 -0.4671
vn -0.4109 0.8893 0.2007
vn -0.4056 0.7354 0.5428
vn -0.4686 0.8144 0.3424
vn -0.5079 0.8591 0.0633
vn -0.2888 0.5303 0.7971
vn -0.1845 0.4845 0.8551
vn -0.2030 0.5164 0.8320
vn -0.3406 0.6055 0.7192
vn -0.2573 0.8027 -0.5380
vn -0.4078 0.7690 -0.4922
vn -0.4081 0.7147 -0.5680
vn -0.2225 0.7224 -0.6547
vn -0.0563 0.7984 -0.5995
vn -0.1107 0.8239 -0.5559
vn -0.1577 0.7181 -0.6778
vn -0.1460 0.6965 -0.7025
vn -0.3936 0.8227 -0.4103
vn -0.3339 0.9241 -0.1858
vn -0.5318 0.8180 -0.2195
vn -0.5197 0.7446 -0.4189
vn 0.1168 0.9023 -0.4151
vn 0.1590 0.9828 -0.0938
vn -0.0178 0.9909 -0.1337
vn -0.0756 0.9047 -0.4193
vn -0.6123 -0.6441 0.4585
vn -0.2794 -0.4816 0.8307
vn 0.0685 -0.5984 0.7983
vn 0.0486 -0.9415 0.3334
vn 0.1194 0.1123 0.9865
vn 0.1282 0.1648 0.9780
vn -0.1910 0.2351 0.9530
vn -0.1413 0.1269 0.9818
vn 0.0898 0.0932 0.9916
vn 0.1711 0.2571 0.9511
vn 0.1631 0.2368 0.9578
vn 0.0112 -0.0152 0.9998
vn -0.9778 0.1865 -0.0950
vn -0.9559 0.2620 -0.1326
vn 0.0419 0.1924 0.9804
vn 0.0132 0.0662 0.9977
vn -0.2097 0.1307 0.9690
vn -0.1778 0.1825 0.9670
vn -0.5177 0.0884 0.8510
vn -0.4722 0.1917 0.8604
vn -0.6903 0.2031 0.6945
vn -0.7128 0.0469 0.6998
vn -0.1687 0.0027 -0.9857
vn -0.4539 -0.0870 -0.8868
vn -0.4354 0.2435 -0.8667
vn -0.1888 0.3208 -0.9281
vn 0.1338 0.0430 -0.9901
vn 0.0767 0.2843 -0.9557
vn -0.0000 0.2520 -0.9677
vn -0.0000 0.0290 -0.9996
vn 0.0687 -0.0652 0.9955
vn -0.0130 -0.1383 0.9903
vn -0.0966 -0.0073 0.9953
vn -0.0050 0.0537 0.9985
vn -0.9618 -0.1070 0.2520
vn -0.6437 -0.0627 0.7627
vn -0.3734 -0.1407 0.9169
vn -0.9149 -0.1757 0.3635
vn -0.6602 -0.1141 -0.7424
vn -0.6291 -0.0750 -0.7737
vn -0.8735 -0.3888 -0.2930
vn -0.5867 -0.2398 -0.7735
vn -0.9387 -0.3112 -0.1485
vn -0.9418 -0.2255 -0.2495
vn -0.9760 -0.0911 -0.1976
vn -0.9624 -0.2490 -0.1087
vn -0.9502 0.1346 0.2811
vn -0.9406 0.2099 0.2668
vn -0.9700 0.2270 0.0868
vn -0.9811 0.1588 0.1103
vn -0.9397 0.1752 0.2937
vn -0.9338 0.1709 0.3142
vn -0.9781 0.1423 0.1516
vn -0.9791 0.1513 0.1356
vn 0.0005 0.2406 0.9706
vn -0.0670 -0.1184 0.9907
vn -0.9650 -0.1272 0.2293
vn -0.9190 -0.3724 0.1292
vn -0.9562 -0.2926 0.0065
vn -0.9937 -0.1124 0.0049
vn -0.8825 -0.4045 -0.2398
vn -0.9064 -0.3070 -0.2902
vn -0.9308 -0.2693 -0.2473
vn -0.9268 -0.3393 -0.1611
vn -0.0000 0.4720 0.8816
vn 0.1634 0.4695 0.8677
vn -0.0000 -0.4267 0.9044
vn 0.1379 -0.4306 0.8920
vn 0.1699 -0.2361 0.9568
vn -0.0000 -0.2782 0.9605
vn -0.0000 0.3763 0.9265
vn 0.4004 0.3615 0.8420
vn 0.4115 0.2565 0.8746
vn -0.0000 0.2874 0.9578
vn 0.2130 0.0247 0.9767
vn -0.0000 0.0221 0.9998
vn -0.0000 -0.4352 0.9003
vn 0.0790 -0.3737 0.9242
vn -0.0000 0.4605 -0.8877
vn 0.0291 0.4533 -0.8909
vn 0.0740 0.1981 -0.9774
vn 0.1097 0.1078 -0.9881
vn -0.0000 0.1098 -0.9939
vn -0.0000 0.2161 -0.9764
vn -0.1842 -0.0585 0.9811
vn -0.0706 0.0294 0.9971
vn -0.3305 0.1540 0.9312
vn -0.3139 0.1741 0.9333
vn -0.0849 0.1613 0.9832
vn -0.1388 0.2881 0.9475
vn -0.3433 0.6161 0.7089
vn -0.4109 0.7140 0.5669
vn -0.5198 0.4802 0.7065
vn -0.4311 0.5316 0.7291
vn -0.1908 -0.6348 0.7488
vn -0.2064 -0.6554 0.7265
vn -0.1383 -0.4429 0.8858
vn -0.0442 -0.2462 0.9682
vn -0.2036 0.3349 0.9200
vn -0.2604 0.4056 0.8762
vn -0.3903 0.3112 0.8665
vn -0.5990 0.1879 0.7784
vn -0.0000 0.1797 0.9837
vn 0.3523 0.1428 0.9249
vn 0.2659 0.1284 0.9554
vn -0.0000 0.1978 0.9802
vn -0.9488 0.0668 0.3088
vn -0.9871 0.0867 0.1346
vn -0.7341 0.0790 0.6744
vn 0.0173 0.4560 0.8898
vn -0.2079 0.3991 0.8930
vn -0.9940 0.0786 -0.0756
vn -0.9014 0.0624 -0.4285
vn -0.5812 0.1057 -0.8069
vn -0.0000 -0.4039 0.9148
vn 0.2391 -0.4652 0.8523
vn -0.9929 0.1133 0.0376
vn -0.9612 0.0730 0.2662
vn -0.5327 0.0434 -0.8452
vn -0.8763 0.1105 -0.4690
vn -0.9781 0.1365 -0.1573
vn -0.2083 -0.1752 0.9622
vn -0.0505 -0.1804 0.9823
vn -0.7602 0.0048 0.6497
vn -0.5411 -0.1385 0.8294
vn -0.8957 -0.2233 0.3846
vn -0.8702 0.0667 0.4882
vn -0.2577 -0.5442 0.7984
vn -0.2277 -0.4926 0.8399
vn -0.4692 -0.5509 0.6902
vn -0.5103 -0.5785 0.6363
vn -0.0000 0.1539 0.9881
vn 0.3919 0.1330 0.9103
vn -0.9044 -0.4263 -0.0166
vn -0.9086 -0.3916 -0.1452
vn -0.9476 -0.3129 -0.0636
vn -0.9430 -0.3324 -0.0161
vn -0.7986 -0.1175 -0.5903
vn -0.5887 0.0088 -0.8083
vn -0.5158 -0.1797 -0.8376
vn -0.7324 -0.1865 -0.6548
vn -0.9000 -0.1460 -0.4106
vn -0.7130 -0.5852 0.3863
vn -0.7800 -0.5837 0.2259
vn 0.1864 -0.4809 0.8567
vn 0.2008 -0.3220 0.9252
vn -0.0085 -0.4018 0.9157
vn -0.0216 -0.5275 0.8493
vn -0.9472 -0.2872 -0.1423
vn -0.9576 -0.2243 -0.1807
vn -0.0000 0.3145 0.9493
vn 0.3584 0.3299 0.8733
vn 0.2361 -0.3830 0.8931
vn -0.0000 -0.4855 0.8742
vn -0.7202 0.3308 -0.6099
vn -0.5517 0.4400 -0.7085
vn -0.4888 0.5290 -0.6938
vn -0.5906 0.4369 -0.6784
vn -0.3607 0.5493 -0.7537
vn -0.3767 0.4799 -0.7923
vn -0.9284 -0.3601 -0.0912
vn -0.9105 -0.2886 -0.2960
vn -0.3002 -0.8401 -0.4518
vn -0.3640 -0.8714 -0.3289
vn -0.5376 0.2961 -0.7895
vn -0.8633 -0.5010 -0.0612
vn -0.8571 -0.5141 -0.0345
vn -0.8372 0.0511 0.5446
vn -0.8275 0.2303 0.5120
vn -0.9024 -0.4251 0.0698
vn -0.8634 -0.5038 -0.0271
vn -0.8665 -0.4873 0.1083
vn -0.8542 0.2014 0.4794
vn -0.8550 0.2120 0.4733
vn -0.8565 0.0763 0.5105
vn -0.9665 -0.1470 -0.2104
vn -0.9857 -0.0749 -0.1511
vn -0.4233 0.0843 -0.9021
vn -0.7621 0.1297 -0.6343
vn -0.5835 -0.1152 -0.8039
vn 0.1005 0.6612 -0.7434
vn -0.0000 0.6688 -0.7435
vn -0.0000 -0.0129 -0.9999
vn 0.0710 -0.0692 -0.9951
vn -0.9082 -0.3732 -0.1896
vn -0.2511 -0.9434 -0.2165
vn -0.9143 -0.2754 -0.2971
vn -0.9128 -0.0189 -0.4079
vn -0.0000 0.3511 0.9363
vn 0.3220 0.3540 0.8781
vn 0.0312 0.0198 0.9993
vn -0.9365 -0.1859 -0.2975
vn -0.5644 -0.6107 -0.5554
vn -0.0625 0.2443 0.9677
vn -0.0000 0.2403 0.9707
vn 0.1918 0.2172 0.9571
vn -0.0199 -0.2220 0.9749
vn -0.7209 0.1483 -0.6770
vn 0.0982 0.7473 -0.6572
vn -0.0000 0.7004 -0.7138
vn -0.0811 0.6783 -0.7303
vn -0.2442 -0.1539 -0.9574
vn -0.2335 -0.1859 -0.9544
vn -0.4337 -0.2817 -0.8559
vn -0.2988 -0.1980 0.9335
vn -0.9255 -0.3270 -0.1912
vn -0.9528 -0.2632 0.1514
vn -0.9307 -0.2426 -0.2739
vn -0.2603 -0.2239 0.9392
vn -0.6775 -0.2390 0.6956
vn -0.0000 -0.0960 -0.9954
vn 0.0363 -0.1209 -0.9920
vn 0.1487 -0.1010 -0.9837
vn -0.0000 -0.0531 -0.9986
vn -0.9286 -0.2528 -0.2717
vn -0.7557 -0.1830 -0.6289
vn 0.0771 -0.1351 0.9878
vn 0.0498 -0.1404 0.9888
vn -0.2389 0.0271 -0.9707
vn -0.1581 -0.1923 -0.9685
vn -0.0244 0.6308 -0.7755
vn 0.1052 0.8929 -0.4378
vn 0.1741 0.9795 -0.1014
vn 0.1635 0.9149 0.3692
vn -0.1974 0.2864 -0.9375
vn -0.0721 -0.2207 0.9727
vn -0.3700 -0.0745 -0.9260
vn -0.3719 -0.1871 -0.9092
vn -0.4806 -0.0563 -0.8751
vn -0.3207 0.1253 -0.9389
vn 0.0682 0.4269 0.9017
vn -0.1828 0.4740 -0.8613
vn -0.0363 0.0720 -0.9967
vn -0.0000 0.0736 -0.9973
vn -0.0000 -0.0890 -0.9960
vn -0.0649 -0.0961 -0.9932
vn -0.2917 0.1373 -0.9466
vn -0.1811 0.5589 -0.8092
vn -0.1363 0.6235 -0.7698
vn -0.5268 -0.3389 -0.7795
vn -0.2187 0.1969 -0.9557
vn 0.0403 0.4346 0.8997
vn -0.5338 -0.2892 -0.7946
vn -0.0739 -0.1414 0.9872
vn -0.2653 0.1873 -0.9458
vn -0.5446 -0.3427 -0.7654
vn -0.5527 -0.3113 -0.7731
vn -0.0363 0.5446 -0.8379
vn -0.5544 -0.3101 -0.7723
vn -0.6353 -0.2599 -0.7272
vn -0.0048 -0.0761 -0.9971
vn -0.0049 -0.2131 -0.9770
vn -0.0000 -0.2265 -0.9740
vn -0.0000 -0.0479 -0.9989
vn -0.3401 -0.0465 -0.9393
vn -0.3434 -0.2223 -0.9125
vn -0.0067 -0.1453 -0.9894
vn -0.0000 -0.1396 -0.9902
vn -0.5273 -0.0113 -0.8496
vn -0.4243 0.1686 -0.8897
vn -0.4957 -0.2138 -0.8418
vn -0.0995 -0.2102 -0.9726
vn -0.0000 -0.1990 -0.9800
vn -0.3591 0.2092 -0.9095
vn 0.0122 -0.1627 -0.9866
vn -0.0000 -0.1384 -0.9904
vn -0.6456 -0.1416 -0.7505
vn -0.0231 0.1465 -0.9889
vn -0.0000 0.1552 -0.9879
vn -0.4078 -0.1984 -0.8913
vn -0.3788 -0.1934 -0.9050
vn -0.0000 -0.0849 -0.9964
vn 0.0216 -0.0796 -0.9966
vn -0.4170 -0.0987 -0.9036
vn -0.3590 0.1229 -0.9252
vn -0.4014 0.1427 -0.9047
vn -0.3230 -0.2317 -0.9176
vn -0.2728 -0.1104 -0.9557
vn -0.3051 -0.0775 -0.9492
vn -0.2816 -0.2205 -0.9339
vn -0.0000 0.5076 -0.8616
vn -0.1137 0.5038 0.8563
vn -0.0607 0.8377 0.5428
vn 0.1582 0.6897 0.7066
vn 0.0287 0.5645 0.8249
vn -0.2416 -0.1407 0.9601
vn -0.2501 -0.7079 0.6605
vn -0.2582 -0.8162 0.5168
vn -0.2163 -0.2898 0.9323
vn -0.1565 0.2667 0.9510
vn -0.2042 -0.0008 0.9789
vn -0.1992 -0.0085 0.9799
vn -0.1723 0.2398 0.9554
vn -0.0900 0.6666 0.7399
vn -0.1400 0.6045 0.7842
vn -0.0694 0.9266 0.3695
vn -0.1598 0.8105 0.5635
vn 0.0176 -0.8270 0.5620
vn 0.0715 -0.5610 0.8247
vn 0.1273 -0.5887 0.7982
vn 0.2520 -0.7924 0.5555
vn 0.3654 0.8547 -0.3688
vn 0.1586 0.6933 -0.7030
vn 0.2980 0.4119 -0.8611
vn 0.3339 0.8145 -0.4744
vn -0.3909 -0.4736 -0.7892
vn -0.2833 -0.7868 -0.5484
vn -0.1291 -0.6265 -0.7687
vn -0.3032 -0.3660 -0.8798
vn -0.0707 -0.3193 0.9450
vn -0.1236 0.0597 0.9905
vn -0.2361 0.0373 0.9710
vn -0.1762 -0.2170 0.9601
vn 0.2223 -0.7516 -0.6210
vn 0.1033 -0.2366 -0.9661
vn -0.1169 -0.2879 -0.9505
vn 0.1828 -0.7583 -0.6257
vn 0.1673 -0.9116 -0.3755
vn 0.1933 -0.9212 -0.3377
vn 0.2531 -0.8904 -0.3783
vn 0.2024 -0.9113 -0.3585
vn 0.1770 0.5739 0.7996
vn 0.1520 0.6393 0.7538
vn 0.1141 0.7358 0.6676
vn 0.1667 0.6324 0.7565
vn -0.1447 -0.4947 -0.8569
vn -0.1034 -0.8687 -0.4844
vn -0.2326 -0.8272 -0.5116
vn -0.2794 -0.5067 -0.8156
vn -0.0601 0.9901 -0.1270
vn -0.1156 0.9077 -0.4035
vn -0.0774 0.8579 -0.5079
vn 0.1847 0.9515 -0.2459
vn -0.3006 -0.6619 0.6867
vn -0.1663 -0.2609 0.9509
vn -0.0882 -0.4343 0.8964
vn -0.2437 -0.7395 0.6275
vn -0.6191 0.7832 -0.0578
vn -0.3213 0.9398 0.1166
vn -0.2721 0.9190 0.2852
vn -0.5927 0.7257 0.3494
vn 0.0749 0.9461 0.3150
vn 0.0592 0.9723 0.2260
vn 0.3436 0.9333 0.1043
vn 0.3179 0.8220 0.4726
vn -0.2453 0.7608 -0.6008
vn -0.1004 0.8826 -0.4592
vn -0.1892 0.9538 -0.2335
vn -0.4425 0.8170 -0.3699
vn 0.1803 0.8440 0.5052
vn 0.3070 0.9499 0.0587
vn 0.2578 0.9662 0.0049
vn 0.1291 0.8986 0.4193
vn -0.1163 0.9838 0.1366
vn -0.1899 0.9307 0.3127
vn 0.1094 0.8061 -0.5816
vn 0.1282 0.9908 -0.0442
vn -0.1382 0.9780 -0.1563
vn -0.1419 0.7103 -0.6895
vn -0.2164 0.6693 -0.7108
vn -0.2843 0.9332 -0.2200
vn 0.0593 -0.3504 0.9347
vn 0.0213 0.0154 0.9997
vn -0.0512 0.1046 0.9932
vn -0.0360 -0.2197 0.9749
vn -0.0171 0.1666 -0.9859
vn 0.1198 -0.0802 -0.9896
vn 0.1022 0.3538 -0.9297
vn 0.0936 0.9205 0.3793
vn 0.0842 0.8121 0.5775
vn -0.0009 0.3321 0.9432
vn -0.0731 0.4194 0.9048
vn -0.2631 0.7645 0.5885
vn -0.1189 0.9177 0.3791
vn -0.0593 0.6880 0.7233
vn -0.0347 0.7002 0.7131
vn -0.0837 0.9811 -0.1747
vn -0.1661 0.9861 -0.0101
vn -0.0734 0.0106 0.9972
vn -0.0701 0.2862 0.9556
vn 0.0426 0.3862 0.9214
vn 0.0286 -0.0515 0.9983
vn 0.3076 -0.9408 0.1425
vn 0.0938 -0.7819 0.6164
vn 0.0673 -0.9701 0.2333
vn -0.0896 -0.8959 -0.4351
vn -0.1672 -0.9077 -0.3850
vn -0.2109 -0.9356 -0.2831
vn -0.2043 -0.8870 -0.4142
vn -0.0509 0.4224 0.9050
vn -0.1895 0.2818 0.9406
vn -0.0748 -0.8630 -0.4997
vn 0.0394 -0.9519 -0.3040
vn 0.2616 -0.9116 -0.3170
vn 0.1403 -0.7052 -0.6950
vn 0.0861 0.7955 -0.5998
vn -0.0592 0.8972 -0.4376
vn -0.3097 -0.0427 -0.9499
vn 0.0133 -0.2018 -0.9793
vn -0.1419 0.6218 -0.7702
vn -0.2211 0.5758 -0.7872
vn -0.1379 0.0916 -0.9862
vn -0.2680 0.0850 -0.9597
vn 0.0674 -0.8217 0.5659
vn -0.0345 -0.7919 0.6097
vn -0.2710 0.4753 -0.8371
vn -0.3987 0.0374 -0.9163
vn 0.3636 0.3355 -0.8690
vn 0.1078 0.5625 -0.8198
vn 0.5222 -0.1467 -0.8401
vn 0.2049 0.1747 -0.9631
vn 0.1293 -0.8874 -0.4426
vn 0.0054 -0.8860 -0.4637
vn 0.0102 -0.9067 -0.4217
vn 0.0933 -0.9266 -0.3643
vn -0.2219 -0.1689 0.9603
vn -0.2161 0.0358 0.9757
vn -0.0899 0.9644 0.2485
vn -0.1110 0.9686 0.2227
vn 0.1008 -0.9909 -0.0890
vn -0.0828 -0.9963 -0.0250
vn -0.0306 -0.3930 -0.9190
vn -0.0135 -0.8593 -0.5113
vn -0.2031 0.2089 0.9566
vn -0.1503 0.9198 0.3624
vn -0.1881 0.5456 0.8166
vn -0.0302 0.1398 -0.9897
vn 0.0400 0.1872 -0.9815
vn 0.0544 -0.3263 -0.9437
vn -0.2117 -0.7025 0.6794
vn 0.0809 -0.9604 -0.2666
vn 0.0387 -0.6942 -0.7188
vn -0.2675 -0.9630 0.0319
vn -0.2821 -0.9578 0.0548
vn -0.0000 -0.1312 0.9914
vn -0.1159 0.2109 0.9706
vn 0.0654 -0.9947 0.0788
vn 0.5167 -0.5094 -0.6881
vn 0.1668 -0.0894 -0.9819
vn 0.0638 0.2175 -0.9740
vn 0.0968 -0.2686 -0.9584
vn -0.2563 0.1902 -0.9477
vn -0.1591 0.3948 -0.9049
vn -0.3857 0.5629 -0.7310
vn -0.3485 0.4918 -0.7979
vn -0.1647 0.3102 0.9363
vn -0.2436 0.5156 0.8214
vn -0.2227 0.5892 0.7767
vn -0.0974 0.4447 0.8904
vn 0.1705 -0.9387 -0.2996
vn 0.1862 -0.7990 -0.5719
vn 0.1743 -0.9749 -0.1382
vn 0.1907 -0.9627 -0.1922
vn 0.1514 -0.8639 0.4804
vn -0.0627 0.0235 -0.9978
vn 0.1266 -0.2441 -0.9614
vn 0.0167 0.1702 -0.9853
vn 0.2371 -0.8982 0.3702
vn 0.1228 -0.4146 0.9017
vn 0.0314 -0.3662 0.9300
vn 0.1333 -0.8200 -0.5566
vn -0.0413 0.0741 0.9964
vn -0.0089 0.0001 1.0000
vn -0.1616 -0.9393 0.3027
vn -0.1066 -0.7283 0.6769
vn -0.2487 -0.5913 0.7671
vn -0.2702 -0.8851 0.3789
vn -0.3262 -0.3706 0.8696
vn -0.3247 -0.7660 0.5548
vn -0.2576 -0.1383 0.9563
vn -0.2785 -0.5430 0.7922
vn -0.0371 -0.0378 -0.9986
vn -0.0003 -0.3753 -0.9269
vn 0.0042 -0.4264 -0.9045
vn -0.0336 -0.0202 -0.9992
vn -0.0160 -0.4916 -0.8706
vn -0.0290 -0.0355 -0.9989
vn -0.0700 -0.5852 -0.8079
vn -0.0690 -0.1076 -0.9918
vn 0.0089 -0.7745 -0.6326
vn 0.0967 -0.4235 -0.9007
vn -0.1279 0.3274 -0.9362
vn -0.1037 0.3435 -0.9334
vn -0.0608 0.3239 -0.9441
vn -0.0638 0.2260 -0.9720
vn -0.2290 -0.7788 -0.5839
vn -0.2142 -0.9672 -0.1362
vn -0.2778 -0.9576 -0.0758
vn -0.2490 -0.8239 -0.5090
vn -0.2850 -0.9563 0.0658
vn -0.1993 -0.9066 -0.3719
vn -0.2664 -0.9136 0.3072
vn -0.1960 -0.9674 -0.1603
vn -0.2330 -0.9721 -0.0262
vn -0.1859 0.4855 0.8542
vn -0.1788 0.1901 0.9654
vn -0.2435 0.5582 0.7931
vn -0.2573 0.3095 0.9154
vn -0.1891 0.6647 0.7228
vn -0.1962 0.4647 0.8634
vn -0.2194 0.9579 0.1851
vn -0.2088 0.9218 -0.3267
vn -0.1680 0.9857 -0.0163
vn -0.0928 0.8613 -0.4996
vn -0.1000 0.9781 -0.1825
vn -0.0597 0.7418 -0.6679
vn -0.1105 0.9461 -0.3045
vn -0.0647 -0.5009 -0.8631
vn -0.1762 -0.5765 -0.7979
vn -0.1633 -0.7229 -0.6714
vn -0.0480 -0.6555 -0.7537
vn -0.1097 -0.8450 -0.5233
vn -0.0449 -0.7733 -0.6324
vn -0.1297 -0.9120 -0.3892
vn -0.0861 -0.8343 -0.5445
vn -0.1894 -0.9502 -0.2473
vn -0.0911 -0.9094 -0.4057
vn -0.1806 -0.0966 0.9788
vn -0.2811 0.0166 0.9595
vn -0.2351 0.1373 0.9622
vn -0.1748 0.6765 -0.7154
vn -0.0859 0.6199 -0.7799
vn -0.0514 0.4783 -0.8767
vn -0.0803 0.7280 0.6809
vn -0.1327 0.8929 0.4303
vn -0.1515 0.9385 0.3103
vn -0.1712 0.7438 0.6461
vn -0.1500 0.9651 0.2147
vn -0.2184 0.7535 0.6201
vn -0.1759 0.9759 0.1291
vn -0.2102 0.8269 0.5216
vn -0.0761 0.3177 -0.9451
vn 0.0438 -0.0747 -0.9962
vn -0.0222 0.8543 0.5193
vn -0.0821 0.9466 0.3118
vn -0.0455 -0.7767 0.6282
vn 0.0732 0.6432 0.7622
vn -0.0278 0.2652 0.9638
vn -0.1040 0.2236 0.9691
vn -0.0161 0.4649 0.8852
vn -0.1338 -0.9497 0.2831
vn -0.0273 -0.3569 -0.9338
vn -0.0986 -0.4810 -0.8712
vn -0.0429 -0.4763 -0.8782
vn -0.1071 -0.7426 -0.6611
vn -0.1404 -0.9768 -0.1618
vn 0.1820 0.3906 0.9024
vn 0.1506 -0.1211 0.9812
vn 0.0114 0.6696 0.7426
vn -0.0280 0.5393 -0.8417
vn -0.0163 0.6065 -0.7949
vn 0.3855 -0.8105 -0.4410
vn -0.0745 -0.2773 -0.9579
vn -0.0164 -0.0642 0.9978
vn -0.1658 -0.1111 0.9799
vn -0.0825 0.9870 -0.1377
vn 0.1471 -0.9683 -0.2020
vn 0.0779 -0.2937 -0.9527
vn -0.3049 0.9516 -0.0385
vn -0.3234 0.7982 -0.5083
vn -0.5396 0.6996 -0.4684
vn -0.5480 0.8348 -0.0527
vn 0.0795 -0.4397 0.8946
vn 0.1994 -0.1006 0.9747
vn 0.1787 -0.4401 0.8800
vn 0.2227 -0.9469 -0.2321
vn 0.2504 -0.9431 -0.2190
vn 0.3225 -0.9093 0.2631
vn -0.0641 0.9076 -0.4150
vn 0.1308 0.5123 0.8488
vn -0.4876 0.7746 0.4028
vn -0.2602 0.8571 0.4446
vn 0.2754 0.5373 0.7972
vn -0.0899 -0.9915 -0.0944
vn 0.1629 -0.9369 -0.3093
vn 0.0664 -0.8419 -0.5356
vn -0.1565 -0.9778 -0.1390
vn -0.0431 0.6369 -0.7698
vn 0.1914 -0.8891 -0.4157
vn 0.1662 -0.8992 -0.4048
vn -0.1602 -0.9871 -0.0021
vn -0.2261 0.6548 0.7212
vn -0.4087 0.6002 0.6875
vn -0.1607 0.5611 -0.8120
vn -0.2218 0.1454 -0.9642
vn -0.0163 0.8926 0.4505
vn -0.0132 0.9983 -0.0562
vn 0.2064 -0.4904 0.8467
vn -0.2215 -0.0666 -0.9729
vn -0.1105 0.5948 0.7962
vn -0.0370 0.7212 0.6917
vn -0.0505 0.8640 -0.5009
vn 0.2276 0.2778 0.9333
vn 0.0242 0.2391 0.9707
vn -0.0422 -0.1041 0.9937
vn -0.0071 -0.4108 0.9117
vn -0.1216 -0.3232 0.9385
vn 0.8773 0.0564 0.4767
vn 0.3769 0.0477 0.9250
vn 0.3240 0.1415 0.9354
vn 0.8669 0.1204 0.4838
vn -0.0553 -0.2396 -0.9693
vn -0.0325 -0.4183 -0.9077
vn 0.6783 -0.2724 -0.6824
vn 0.6222 -0.1960 -0.7579
vn -0.6265 0.3492 0.6969
vn -0.6211 0.2277 0.7499
vn -0.7740 0.1633 0.6118
vn -0.7986 0.2823 0.5316
vn -0.8213 0.0819 -0.5646
vn -0.4822 0.1636 -0.8607
vn -0.3823 0.5488 -0.7434
vn -0.8659 0.1885 -0.4633
vn -0.9748 0.0239 -0.2217
vn -0.9247 0.0289 -0.3795
vn -0.9299 0.0954 -0.3552
vn -0.9680 0.0795 -0.2379
vn 0.9537 0.1407 0.2658
vn 0.8690 0.1070 0.4832
vn 0.8348 0.0690 0.5462
vn 0.9374 0.1125 0.3295
vn 0.7268 -0.6436 -0.2399
vn 0.9048 -0.3568 -0.2326
vn 0.5195 -0.6338 -0.5731
vn 0.3233 -0.8437 -0.4286
vn 0.1046 -0.9891 -0.1036
vn 0.1156 -0.9899 -0.0826
vn 0.1465 -0.9890 -0.0184
vn 0.1695 -0.9846 -0.0433
vn -0.9800 0.1432 0.1384
vn -0.9683 0.2144 0.1278
vn -0.8880 -0.4311 0.1602
vn -0.9003 -0.4092 0.1486
vn -0.8039 0.5869 0.0960
vn -0.6365 0.7712 -0.0129
vn -0.7151 0.6612 -0.2268
vn -0.9410 0.3316 -0.0668
vn 0.7443 -0.1140 0.6580
vn 0.2765 -0.1201 0.9535
vn 0.1940 -0.6723 0.7144
vn 0.5052 -0.7173 0.4799
vn -0.4633 0.8838 -0.0657
vn -0.5859 0.8063 -0.0811
vn -0.6674 0.7280 -0.1568
vn -0.3697 0.8647 -0.3399
vn -0.1973 0.9269 -0.3193
vn -0.1974 0.9233 -0.3295
vn -0.2857 0.8617 -0.4194
vn -0.2574 0.8803 -0.3985
vn 0.9982 -0.0436 0.0402
vn 0.9872 0.0410 0.1542
vn 0.9056 -0.4066 0.1208
vn 0.8094 -0.5857 -0.0432
vn 0.3928 -0.3292 0.8587
vn 0.2051 -0.0753 0.9758
vn -0.1857 -0.0546 0.9811
vn 0.2420 -0.3752 0.8948
vn 0.1161 -0.2117 -0.9704
vn -0.1723 -0.0204 -0.9848
vn -0.2872 -0.0768 -0.9548
vn -0.0742 -0.5031 -0.8611
vn 0.4216 0.8306 -0.3638
vn 0.3782 0.6299 -0.6784
vn 0.7781 0.3918 -0.4909
vn 0.8364 0.5294 -0.1421
vn -0.2110 -0.9715 0.1084
vn -0.2501 -0.9673 0.0418
vn -0.8422 -0.4451 0.3044
vn -0.4591 -0.8558 0.2384
vn -0.4270 -0.5687 0.7030
vn -0.8070 -0.3383 0.4840
vn -0.8870 -0.3739 0.2708
vn -0.7203 0.1889 0.6675
vn -0.7051 0.0215 0.7088
vn -0.7380 -0.0082 0.6747
vn -0.7909 0.1576 0.5913
vn -0.8243 0.1117 0.5550
vn -0.8614 0.1813 0.4746
vn -0.9133 0.1980 0.3560
vn -0.8907 0.2293 0.3926
vn -0.5430 0.0570 0.8378
vn -0.7972 0.0075 0.6036
vn 0.8447 -0.2500 -0.4733
vn 0.4054 -0.3619 -0.8394
vn 0.5028 -0.2725 -0.8203
vn 0.8981 -0.1598 0.4097
vn 0.8161 -0.0971 0.5697
vn 0.8413 -0.0112 0.5404
vn 0.9608 -0.1126 0.2533
vn -0.9405 -0.1816 -0.2872
vn -0.8646 -0.2473 -0.4373
vn -0.7631 -0.1618 -0.6257
vn -0.9314 -0.1151 -0.3454
vn -0.2579 -0.1760 -0.9500
vn 0.1708 -0.1978 -0.9653
vn 0.0820 -0.1518 -0.9850
vn -0.3818 -0.1035 -0.9184
vn 0.4670 -0.0315 0.8837
vn 0.1465 -0.0213 0.9890
vn 0.1073 0.2112 0.9715
vn 0.5467 0.1450 0.8247
vn 0.5189 -0.3176 0.7937
vn 0.2379 -0.4406 0.8656
vn 0.2436 -0.0048 0.9699
vn 0.5571 0.0508 0.8289
vn -0.0283 -0.3933 0.9190
vn 0.0549 -0.0304 0.9980
vn -0.3387 0.0773 -0.9377
vn -0.1126 0.0643 -0.9916
vn -0.1373 0.0428 -0.9896
vn -0.4242 0.0532 -0.9040
vn -0.9707 0.2404 0.0058
vn -0.7844 0.1680 -0.5970
vn -0.8148 0.0947 -0.5719
vn -0.9843 0.1664 -0.0582
vn -0.5690 -0.1336 0.8114
vn -0.6385 -0.0528 0.7678
vn -0.8782 -0.0546 0.4751
vn -0.9104 -0.0727 0.4074
vn 0.5920 0.0429 0.8048
vn 0.2283 0.1160 0.9667
vn 0.2915 0.0026 0.9566
vn 0.6371 -0.0701 0.7676
vn 0.8701 0.0936 0.4838
vn 0.9914 0.0175 0.1294
vn -0.7667 -0.1073 -0.6330
vn -0.9348 -0.0534 -0.3511
vn -0.6714 -0.2144 -0.7094
vn -0.7843 -0.1715 -0.5962
vn -0.8155 -0.3176 -0.4837
vn 0.0907 0.2817 0.9552
vn 0.6008 0.2224 0.7679
vn -0.8928 -0.1523 -0.4240
vn -0.8196 -0.1633 -0.5491
vn -0.4958 -0.1102 0.8614
vn -0.8736 -0.0739 0.4810
vn 0.0408 0.1402 0.9893
vn 0.0616 0.0667 0.9959
vn -0.1306 -0.0275 -0.9911
vn 0.2444 -0.0542 -0.9682
vn 0.2473 -0.1199 -0.9615
vn -0.8174 0.0507 -0.5739
vn -0.4804 0.0241 -0.8767
vn -0.5044 -0.0113 -0.8634
vn -0.8233 0.0169 -0.5674
vn 0.6552 -0.1776 0.7343
vn 0.4301 -0.2009 0.8801
vn 0.6334 -0.0558 0.7718
vn 0.9960 0.0866 0.0201
vn 0.9062 0.1726 0.3861
vn 0.9445 -0.0112 0.3284
vn 0.9974 -0.0702 -0.0186
vn -0.8709 0.0201 -0.4910
vn -0.8489 -0.0136 -0.5283
vn -0.8318 -0.0739 -0.5501
vn -0.8522 -0.0657 -0.5190
vn -0.6974 -0.0444 -0.7153
vn -0.3521 -0.0703 -0.9333
vn -0.3374 -0.1417 -0.9306
vn -0.7053 -0.1052 -0.7010
vn -0.5155 -0.2080 0.8313
vn -0.5372 0.0271 0.8430
vn -0.8808 -0.0037 0.4735
vn -0.8531 -0.2030 0.4807
vn 0.3108 -0.1943 -0.9304
vn 0.2782 -0.1636 -0.9465
vn 0.6607 -0.1358 -0.7383
vn 0.6328 -0.1726 -0.7549
vn 0.6026 0.2402 0.7610
vn 0.2345 0.2483 0.9399
vn 0.2570 0.0312 0.9659
vn 0.5964 0.0646 0.8001
vn 0.1609 -0.0260 -0.9866
vn 0.2611 -0.0963 -0.9605
vn 0.6090 -0.0527 -0.7914
vn 0.5799 0.0015 -0.8147
vn -0.6032 -0.1939 0.7737
vn -0.5375 -0.1510 0.8297
vn -0.8098 -0.1759 0.5597
vn -0.7998 -0.2008 0.5656
vn 0.9816 -0.1696 0.0882
vn 0.9472 -0.1563 0.2801
vn 0.9609 -0.0990 0.2586
vn 0.9908 -0.0882 0.1025
vn -0.8998 -0.1652 -0.4039
vn -0.8287 -0.1452 -0.5405
vn -0.8522 -0.1397 -0.5042
vn -0.9335 -0.1576 -0.3220
vn -0.7048 -0.1505 -0.6932
vn -0.2785 -0.1710 -0.9451
vn -0.2943 -0.1372 -0.9458
vn -0.7024 -0.1384 -0.6982
vn 0.7600 -0.0888 0.6438
vn 0.3952 -0.0788 0.9152
vn 0.4486 -0.0741 0.8907
vn 0.8361 -0.0703 0.5441
vn 0.8233 -0.3748 0.4262
vn 0.6076 -0.5015 0.6160
vn 0.7398 -0.2233 0.6347
vn 0.8848 -0.2310 0.4046
vn -0.9654 0.2608 0.0022
vn -0.7673 0.1994 -0.6095
vn -0.3115 0.0519 -0.9488
vn 0.2015 -0.5398 0.8173
vn -0.1486 -0.3395 0.9288
vn 0.8346 -0.0282 0.5502
vn 0.9241 -0.1075 0.3667
vn -0.5622 0.1021 0.8207
vn -0.7201 0.0201 0.6936
vn -0.8378 0.1989 0.5085
vn -0.7499 0.2177 0.6247
vn -0.1506 0.1640 0.9749
vn -0.2193 -0.0003 0.9757
vn -0.4670 0.2102 0.8589
vn -0.9624 -0.2170 -0.1634
vn -0.8785 -0.3033 -0.3691
vn 0.9525 -0.1951 0.2338
vn 0.8599 -0.1507 0.4877
vn 0.9514 -0.2600 0.1650
vn -0.1210 -0.1748 0.9771
vn -0.1721 -0.1046 0.9795
vn 0.9121 -0.2847 -0.2950
vn 0.9645 -0.2405 -0.1094
vn 0.9334 -0.3275 -0.1466
vn 0.8748 -0.3561 -0.3286
vn -0.7165 0.2278 0.6593
vn -0.8978 0.2125 0.3857
vn -0.9225 0.0986 0.3732
vn -0.7539 0.1199 0.6459
vn -0.9631 -0.0969 0.2511
vn -0.9837 -0.0415 0.1749
vn -0.9862 0.1056 -0.1276
vn -0.9861 0.0476 -0.1592
vn -0.6696 -0.2746 -0.6901
vn -0.7970 -0.0955 -0.5964
vn 0.2624 -0.0243 -0.9647
vn 0.7635 -0.0854 -0.6401
vn 0.7552 -0.0744 -0.6513
vn -0.0090 -0.4481 -0.8940
vn -0.9861 -0.1561 0.0561
vn -0.6382 -0.7694 0.0259
vn -0.6577 -0.7471 0.0963
vn -0.9805 0.0226 0.1952
vn -0.5567 -0.3543 -0.7514
vn -0.1315 -0.2820 -0.9504
vn -0.3964 -0.0758 -0.9149
vn -0.3195 -0.1755 -0.9312
vn -0.4940 -0.3908 -0.7767
vn -0.4840 -0.4497 -0.7507
vn -0.0871 -0.0733 -0.9935
vn -0.2617 0.8228 -0.5044
vn -0.4377 -0.1234 -0.8906
vn -0.1727 0.8999 -0.4005
vn -0.2504 0.8777 -0.4085
vn 0.3639 0.8661 -0.3427
vn 0.2455 0.8924 -0.3786
vn -0.9025 0.3567 -0.2412
vn -0.6921 0.5732 -0.4386
vn -0.5558 0.7632 -0.3296
vn -0.6708 0.7084 -0.2197
vn -0.1497 -0.9859 0.0751
vn -0.1594 -0.9798 0.1208
vn -0.7671 -0.5710 0.2925
vn -0.6947 -0.6952 0.1846
vn 0.8064 0.5745 -0.1401
vn 0.6595 0.7149 -0.2323
vn -0.8924 0.4427 -0.0880
vn -0.7580 0.6499 -0.0554
vn -0.5017 0.0059 -0.8650
vn 0.1005 0.0633 -0.9929
vn -0.7338 -0.1123 -0.6700
vn -0.8733 -0.1260 -0.4706
vn -0.6487 -0.1343 0.7491
vn -0.7768 -0.1188 0.6184
vn 0.5772 0.1004 -0.8104
vn 0.9492 -0.0402 0.3121
vn 0.9866 -0.0133 0.1628
vn -0.9545 -0.1268 -0.2701
vn 0.4739 -0.0903 0.8759
vn 0.8825 -0.0563 0.4670
vn -0.9758 -0.1792 0.1252
vn -0.9801 -0.1712 -0.1000
vn -0.9890 -0.1363 -0.0574
vn -0.9716 -0.1525 0.1809
vn 0.7750 -0.0443 -0.6304
vn 0.9055 -0.0575 -0.4204
vn 0.9099 0.0090 -0.4148
vn 0.7795 0.0075 -0.6263
vn -0.9769 -0.1418 0.1598
vn -0.9858 -0.1679 -0.0088
vn -0.9923 -0.1136 -0.0502
vn -0.9931 -0.0736 0.0915
vn 0.2022 -0.2424 -0.9489
vn 0.3089 -0.2093 -0.9278
vn 0.7140 -0.1878 -0.6745
vn 0.6653 -0.3039 -0.6819
vn -0.9370 0.2374 0.2561
vn -0.9526 0.2378 0.1896
vn -0.9476 0.2567 0.1901
vn -0.9328 0.2750 0.2329
vn -0.9772 -0.1759 0.1190
vn -0.9727 -0.1812 -0.1453
vn 0.7373 -0.1318 -0.6626
vn 0.8715 -0.1533 -0.4658
vn -0.9951 0.0914 -0.0366
vn -0.9381 0.0506 -0.3426
vn -0.9483 -0.0625 -0.3112
vn -0.9982 -0.0594 -0.0009
vn 0.8083 -0.0836 -0.5828
vn 0.8347 -0.0369 -0.5494
vn 0.8221 -0.0711 -0.5648
vn 0.7432 -0.0950 -0.6622
vn 0.7243 -0.1172 -0.6794
vn -0.9997 -0.0189 0.0135
vn -0.9913 -0.0674 -0.1134
vn -0.9827 -0.0185 -0.1843
vn -0.9985 0.0367 -0.0410
vn 0.9016 -0.2744 -0.3343
vn 0.9354 -0.2872 -0.2061
vn 0.9500 -0.1152 -0.2902
vn 0.9302 -0.1375 -0.3403
vn 0.9817 -0.0337 -0.1873
vn 0.9985 -0.0530 0.0134
vn 0.9974 -0.0126 0.0708
vn 0.9850 -0.0009 -0.1728
vn -0.2945 -0.9551 0.0323
vn -0.3954 -0.9182 0.0247
vn -0.9202 -0.3668 0.1366
vn 0.8736 -0.4763 0.0999
vn 0.6565 -0.7495 0.0855
vn 0.6608 -0.7068 0.2526
vn 0.8782 -0.4372 0.1937
vn 0.1019 -0.9872 -0.1227
vn 0.0634 -0.9907 -0.1203
vn 0.0836 -0.9885 -0.1263
vn 0.0806 -0.9878 -0.1331
vn 0.7629 0.1974 -0.6156
vn 0.9159 0.1895 -0.3539
vn 0.9468 0.1538 -0.2827
vn 0.8422 0.1596 -0.5150
vn -0.9366 -0.0077 0.3504
vn -0.9987 0.0172 0.0481
vn -0.9935 0.0643 0.0944
vn -0.9022 0.0320 0.4302
vn 0.9572 -0.2673 -0.1112
vn 0.9829 -0.1718 -0.0666
vn 0.7141 -0.6838 -0.1498
vn 0.6892 -0.7004 -0.1855
vn -0.9477 0.0670 0.3121
vn -0.9914 0.0596 0.1167
vn -0.8667 0.0729 -0.4935
vn -0.5444 0.0244 -0.8385
vn -0.9855 0.0487 -0.1625
vn -0.8172 0.2867 0.4999
vn -0.8666 0.1765 0.4666
vn 0.0054 0.4368 0.8996
vn -0.3125 0.4409 0.8414
vn 0.2644 -0.9571 -0.1187
vn 0.2340 -0.9616 -0.1435
vn 0.9262 -0.0926 0.3654
vn 0.9372 -0.0526 0.3449
vn 0.4119 -0.9098 0.0513
vn 0.2192 -0.9737 0.0627
vn 0.1635 -0.9729 0.1636
vn 0.3781 -0.8986 0.2225
vn 0.8207 -0.1472 0.5520
vn 0.4257 -0.6027 0.6750
vn 0.8847 -0.1265 0.4486
vn 0.7710 0.2259 0.5954
vn 0.8065 0.0633 0.5879
vn 0.9313 -0.0480 0.3611
vn 0.8726 -0.0291 0.4875
vn 0.8713 -0.1009 0.4803
vn 0.9150 -0.0868 0.3939
vn 0.6763 0.0732 0.7330
vn 0.7274 0.1624 0.6668
vn 0.9533 -0.2605 0.1529
vn 0.9853 -0.1662 -0.0383
vn 0.9472 -0.3122 -0.0737
vn 0.9136 -0.3811 0.1415
vn 0.5660 -0.5007 0.6549
vn 0.4741 -0.5703 0.6708
vn -0.9813 0.0951 0.1675
vn -0.9844 0.0971 0.1469
vn -0.9206 -0.3639 0.1414
vn 0.2652 -0.9528 -0.1481
vn 0.3422 -0.9351 -0.0915
vn 0.8817 0.0788 0.4651
vn 0.8939 0.0743 0.4421
vn 0.8086 -0.2004 0.5532
vn 0.5961 -0.1889 0.7803
vn 0.6625 -0.1985 0.7223
vn 0.8259 -0.2381 0.5111
vn 0.6826 -0.1636 -0.7122
vn 0.8167 -0.1563 -0.5555
vn 0.8265 -0.2057 -0.5240
vn 0.6835 -0.1881 -0.7053
vn -0.9879 -0.1378 0.0717
vn -0.9575 -0.1290 -0.2582
vn -0.9658 -0.1627 -0.2021
vn -0.9804 -0.1563 0.1197
vn -0.2974 -0.1804 -0.9376
vn 0.3330 -0.1937 -0.9228
vn 0.3289 -0.1576 -0.9311
vn -0.8166 -0.1213 -0.5643
vn -0.7008 -0.1408 -0.6993
vn -0.7019 -0.1526 -0.6958
vn -0.8152 -0.1452 -0.5607
vn 0.2709 -0.1838 0.9449
vn 0.3259 -0.1688 0.9302
vn -0.8519 -0.1242 -0.5087
vn -0.8670 -0.1546 -0.4738
vn 0.9759 -0.2169 0.0231
vn 0.9247 -0.2278 0.3049
vn 0.9195 -0.2427 0.3092
vn 0.9681 -0.2372 0.0814
vn 0.6325 -0.1783 -0.7538
vn 0.6341 -0.1275 -0.7627
vn -0.5076 -0.1129 0.8542
vn -0.5059 -0.1967 0.8399
vn -0.8155 -0.1824 0.5493
vn -0.8017 -0.1306 0.5833
vn -0.0000 -0.2351 0.9720
vn 0.5116 -0.1228 0.8504
vn 0.5932 -0.3195 0.7389
vn -0.0000 -0.4638 0.8859
vn -0.0000 -0.4593 -0.8883
vn -0.1645 -0.5177 -0.8396
vn -0.1637 -0.0020 -0.9865
vn -0.0000 0.0169 -0.9999
vn -0.0000 -0.9846 -0.1748
vn 0.4102 -0.8887 -0.2049
vn 0.0819 -0.9374 -0.3384
vn -0.0000 -0.9316 -0.3635
vn -0.0829 -0.1014 0.9914
vn -0.0697 -0.0874 0.9937
vn -0.0684 -0.1669 0.9836
vn -0.5964 0.3917 0.7006
vn 0.1114 -0.9917 -0.0637
vn 0.0493 -0.9947 -0.0904
vn -0.2555 -0.1034 0.9613
vn -0.1531 -0.1378 0.9786
vn -0.0713 -0.1848 0.9802
vn -0.1037 0.0227 0.9943
vn -0.3778 0.1596 0.9120
vn -0.1926 -0.0585 0.9795
vn 0.1557 -0.1984 0.9677
vn -0.4325 0.2730 0.8593
vn -0.5636 -0.0977 0.8203
vn -0.6158 0.1074 0.7806
vn -0.3798 0.2049 0.9021
vn -0.3988 0.0875 0.9128
vn -0.0646 -0.9860 0.1537
vn -0.0918 -0.6609 0.7448
vn 0.1337 -0.9899 0.0477
vn 0.1405 -0.9900 -0.0121
vn -0.3506 0.3482 0.8694
vn -0.0305 -0.9968 -0.0735
vn -0.4681 -0.8827 0.0420
vn 0.9481 -0.2247 -0.2249
vn 0.9693 -0.1696 -0.1780
vn -0.9175 -0.1569 0.3654
vn -0.9137 -0.1542 0.3760
vn 0.9371 -0.1787 -0.2999
vn -0.9450 -0.1694 0.2797
vn 0.7338 -0.6184 0.2813
vn 0.2086 -0.9776 0.0270
vn 0.4192 -0.9079 -0.0039
vn -0.8865 0.0834 0.4551
vn 0.9397 -0.0208 0.3415
vn -0.7446 -0.0466 0.6659
vn -0.7788 -0.0244 0.6268
vn -0.7167 0.0049 0.6973
vn 0.6426 -0.5438 0.5398
vn 0.5754 -0.5883 0.5681
vn 0.7549 -0.4989 0.4256
vn 0.7178 -0.5553 0.4201
vn 0.0719 -0.9930 0.0939
vn -0.9762 0.0024 0.2169
vn -0.4195 -0.2167 0.8815
vn -0.9525 0.0980 0.2884
vn -0.8505 0.2307 0.4728
vn -0.9582 0.1619 0.2361
vn -0.9749 -0.0516 0.2166
vn -0.9074 -0.1823 0.3787
vn -0.9055 0.2552 0.3391
vn -0.8965 0.2767 0.3459
vn -0.0676 -0.2463 -0.9668
vn -0.8715 -0.1803 0.4560
vn 0.9872 -0.0740 -0.1412
vn 0.9927 0.0048 -0.1204
vn -0.9737 0.1824 0.1364
vn -0.9867 0.1492 0.0652
vn -0.9976 0.0635 0.0267
vn -0.9906 0.0787 0.1121
vn 0.9260 0.0054 -0.3775
vn 0.9248 -0.0779 -0.3725
vn 0.9559 -0.0375 0.2913
vn 0.9487 -0.0854 0.3045
vn 0.9744 -0.2225 0.0331
vn 0.9903 -0.0580 -0.1265
vn -0.8817 0.2800 0.3798
vn -0.8640 0.1318 0.4859
vn -0.9508 0.1056 0.2913
vn 0.9849 0.1622 -0.0599
vn 0.9890 0.1482 0.0042
vn 0.9339 -0.1949 -0.2997
vn 0.7123 -0.1829 -0.6776
vn 0.9160 -0.2189 -0.3362
vn 0.6749 -0.2573 -0.6916
vn 0.9171 -0.2541 -0.3073
vn 0.6794 -0.2219 -0.6994
vn 0.9568 -0.1731 -0.2336
vn -0.9275 -0.1149 0.3557
vn -0.8185 -0.0330 0.5735
vn -0.9175 -0.0588 0.3933
vn -0.7839 0.0172 0.6207
vn -0.9253 0.0115 0.3791
vn -0.5665 -0.2247 -0.7928
vn -0.8965 -0.1808 -0.4045
vn -0.8659 -0.0890 -0.4922
vn -0.5604 -0.1043 -0.8216
vn -0.8389 -0.0348 -0.5432
vn -0.5279 -0.0577 -0.8473
vn 0.7076 -0.2051 0.6762
vn 0.8361 -0.1906 0.5144
vn 0.8436 -0.1978 0.4992
vn 0.7142 -0.1741 0.6780
vn 0.8539 -0.1610 0.4949
vn 0.6794 -0.1253 0.7230
vn 0.3005 -0.1714 -0.9382
vn 0.3744 -0.1869 -0.9082
vn 0.3968 -0.1634 -0.9032
vn -0.4935 0.1250 0.8607
vn -0.5557 0.0354 0.8306
vn -0.6199 -0.0098 0.7846
vn -0.0596 -0.1508 -0.9868
vn -0.0530 -0.1136 -0.9921
vn 0.9471 -0.1841 0.2627
vn 0.9768 -0.1995 -0.0774
vn 0.9738 -0.2243 -0.0384
vn 0.9376 -0.2015 0.2835
vn 0.9787 -0.2031 0.0307
vn 0.9398 -0.1647 0.2993
vn 0.9900 -0.1159 0.0805
vn -0.9802 -0.1544 -0.1241
vn -0.9912 -0.1327 -0.0012
vn -0.9981 -0.0616 0.0061
vn -0.9874 -0.0766 -0.1385
vn -0.9999 -0.0002 0.0146
vn -0.9880 -0.0129 -0.1540
vn 0.1462 -0.1591 0.9764
vn 0.4509 -0.1950 0.8710
vn 0.4357 -0.1147 0.8928
vn 0.1237 -0.0566 0.9907
vn 0.3725 -0.0444 0.9270
vn 0.1003 0.0176 0.9948
vn -0.1609 0.1065 0.9812
vn -0.1841 0.0427 0.9820
vn -0.2017 -0.0184 0.9793
vn -0.9802 -0.1290 0.1502
vn -0.9924 -0.0562 0.1096
vn -0.9948 0.0105 0.1013
vn 0.8577 -0.1763 0.4831
vn 0.8702 -0.1951 0.4524
vn 0.8911 -0.1556 0.4263
vn 0.9822 -0.0458 -0.1820
vn 0.9948 -0.0299 0.0969
vn 0.9703 0.0728 -0.2307
vn 0.9876 0.1284 0.0908
vn 0.9840 0.1623 0.0738
vn 0.9466 0.0771 -0.3129
vn -0.9281 0.2147 0.3041
vn -0.9240 0.2595 0.2809
vn -0.8218 0.3131 0.4760
vn -0.1537 0.2576 0.9540
vn -0.2358 0.3510 0.9062
vn -0.5929 0.3680 0.7163
vn -0.5409 0.2783 0.7937
vn 0.7486 0.2091 0.6292
vn 0.6116 0.2529 0.7497
vn 0.6107 0.2521 0.7507
vn 0.7570 0.2306 0.6114
vn 0.9099 -0.0667 -0.4094
vn 0.9252 0.0028 -0.3795
vn 0.8761 -0.0135 -0.4820
vn 0.8672 -0.0890 -0.4899
vn -0.9876 0.1440 -0.0621
vn -0.9590 0.0803 -0.2718
vn -0.9369 0.1224 -0.3276
vn -0.9808 0.1890 -0.0481
vn -0.3603 0.0115 -0.9328
vn 0.0548 -0.0919 -0.9943
vn 0.2028 -0.1229 -0.9715
vn -0.7824 -0.0184 -0.6225
vn -0.5813 -0.0422 -0.8126
vn -0.6311 0.0147 -0.7756
vn -0.8433 0.0145 -0.5372
vn 0.1402 0.3181 0.9376
vn 0.1957 0.3089 0.9307
vn -0.9325 0.0211 -0.3606
vn -0.9046 0.0589 -0.4221
vn 0.8780 0.1723 0.4466
vn 0.8804 0.2081 0.4262
vn 0.6363 -0.1564 -0.7554
vn 0.6766 -0.1364 -0.7236
vn 0.9667 -0.0722 0.2453
vn -0.9456 0.2673 0.1856
vn -0.9661 0.2202 0.1346
vn 0.4619 -0.8631 0.2042
vn 0.5782 -0.6614 0.4777
vn 0.8003 -0.5787 0.1567
vn 0.6193 0.2248 -0.7523
vn 0.9934 -0.1136 -0.0152
vn 0.7515 -0.6504 -0.1106
vn 0.6984 -0.3084 -0.6458
vn 0.9671 -0.1619 0.1961
vn 0.7336 -0.2632 -0.6266
vn 0.9655 -0.1546 -0.2097
vn 0.8228 -0.5590 -0.1026
vn 0.9249 -0.3788 -0.0320
vn 0.6631 -0.7412 -0.1039
vn -0.9841 0.1094 0.1397
vn -0.9862 0.1471 -0.0763
vn -0.9112 0.1862 0.3674
vn -0.9470 0.1304 0.2934
vn -0.8162 0.0989 -0.5693
vn -0.3180 -0.0182 -0.9479
vn -0.9704 -0.0488 -0.2367
vn -0.9977 -0.0679 -0.0061
vn 0.7703 0.0896 -0.6313
vn 0.9766 0.0374 0.2116
vn 0.9929 0.0543 -0.1059
vn -0.8278 -0.1053 0.5511
vn -0.3411 -0.0069 0.9400
vn -0.6643 -0.0472 0.7460
vn 0.8912 0.0019 0.4536
vn 0.9204 0.0229 0.3902
vn -0.9593 -0.0907 0.2674
vn 0.9130 0.0710 -0.4017
vn 0.2320 0.2520 -0.9395
vn -0.7875 -0.0362 -0.6152
vn -0.8976 -0.0475 -0.4383
vn 0.9202 0.0224 0.3907
vn 0.4422 -0.0471 0.8957
vn -0.0000 -0.9805 0.1966
vn 0.4670 -0.8739 -0.1351
vn -0.0000 -0.9878 -0.1557
vn 0.6367 -0.4581 0.6203
vn -0.0000 -0.5971 0.8021
vn -0.2523 -0.4731 -0.8441
vn -0.3378 -0.0787 -0.9379
vn -0.3000 -0.0912 -0.9496
vn -0.2758 -0.0809 -0.9578
vn -0.2722 -0.0403 -0.9614
vn -0.1232 -0.2043 -0.9711
vn -0.0000 -0.1953 -0.9807
vn -0.0000 -0.6947 0.7193
vn 0.6302 -0.5396 0.5583
vn -0.0000 -0.8336 0.5523
vn -0.1479 0.0147 -0.9889
vn -0.2173 -0.0785 -0.9729
vn 0.2879 0.3623 0.8865
vn -0.0000 0.0330 -0.9995
vn -0.9915 -0.0488 0.1209
vn -0.9819 0.0756 -0.1734
vn -0.9843 0.1753 -0.0206
vn -0.9905 0.0593 0.1240
vn 0.9522 0.2024 -0.2287
vn 0.9578 -0.0251 -0.2862
vn 0.9891 -0.1164 -0.0901
vn 0.9964 -0.0771 -0.0364
vn 0.9872 -0.1364 0.0826
vn 0.9406 -0.1312 0.3132
vn 0.9813 -0.0568 0.1838
vn 0.9884 -0.1191 0.0941
vn -0.7692 0.0512 0.6370
vn -0.8847 0.1964 0.4227
vn -0.8152 0.3434 0.4664
vn -0.1532 -0.0130 0.9881
vn -0.2553 0.2464 0.9349
vn -0.6176 0.3366 0.7108
vn -0.5643 0.0927 0.8203
vn 0.9316 0.1108 0.3462
vn 0.8354 0.1975 0.5129
vn 0.7982 0.1522 0.5828
vn 0.9394 0.1852 0.2884
vn -0.9052 -0.0520 0.4217
vn -0.9622 0.0789 0.2606
vn 0.9850 -0.1223 -0.1215
vn 0.9907 -0.1355 0.0072
vn -0.9279 0.2934 0.2302
vn -0.8899 0.4535 0.0497
vn -0.7869 0.6082 0.1048
vn -0.8999 0.3401 0.2728
vn 0.9577 0.2857 -0.0355
vn 0.9940 -0.0907 0.0611
vn 0.9931 -0.0671 0.0963
vn 0.9486 0.3160 -0.0200
vn 0.8974 -0.0394 0.4394
vn 0.9620 0.0881 0.2586
vn -0.3960 0.9079 -0.1374
vn -0.1456 0.9582 -0.2464
vn -0.1737 0.8857 -0.4305
vn -0.4516 0.8375 -0.3077
vn 0.3077 0.2307 0.9231
vn 0.3050 0.1657 0.9378
vn -0.9464 0.2294 -0.2272
vn -0.9394 0.3427 0.0008
vn -0.9418 0.2375 0.2380
vn -0.6974 0.7072 0.1162
vn 0.9138 0.4026 -0.0536
vn 0.9898 0.1131 0.0861
vn 0.9622 0.2723 0.0034
vn 0.8437 0.5321 -0.0714
vn 0.9753 0.2125 -0.0604
vn 0.7725 0.5973 -0.2155
vn -0.3126 0.8836 -0.3487
vn 0.0632 0.9102 -0.4092
vn 0.4128 0.8733 -0.2587
vn 0.2218 0.9057 -0.3612
vn -0.5134 0.8290 -0.2217
vn -0.4641 0.8292 -0.3115
vn -0.3691 0.8811 -0.2958
vn -0.3869 0.9061 -0.1710
vn -0.1744 0.8895 -0.4223
vn -0.5903 0.8055 -0.0530
vn 0.1569 -0.9857 0.0610
vn 0.9425 -0.2330 0.2396
vn 0.6989 -0.6485 0.3016
vn 0.7760 -0.6273 0.0652
vn 0.9950 -0.0794 0.0604
vn 0.1519 0.9051 -0.3971
vn -0.0584 0.8998 -0.4324
vn 0.2029 0.8366 -0.5088
vn -0.0287 0.8759 -0.4816
vn -0.3937 0.8463 -0.3589
vn -0.5673 0.7904 -0.2311
vn -0.1968 0.7214 -0.6640
vn 0.0844 0.8777 -0.4718
vn 0.0849 0.9723 -0.2175
vn 0.6490 0.6909 -0.3186
vn 0.9854 0.1696 -0.0130
vn 0.6228 0.7717 -0.1290
vn 0.6361 0.5752 -0.5144
vn 0.1060 0.8192 -0.5637
vn -0.5246 0.7343 -0.4308
vn -0.6737 0.3152 -0.6684
vn 0.9897 -0.1425 -0.0108
vn 0.9671 -0.2220 0.1243
vn 0.7909 -0.6117 -0.0148
vn 0.7162 -0.6687 0.2000
vn -0.2220 -0.9736 -0.0532
vn 0.9566 -0.2837 -0.0670
vn 0.6238 -0.3808 -0.6826
vn 0.7771 0.1078 -0.6201
vn 0.9773 0.1967 -0.0790
vn -0.1695 -0.9813 -0.0912
vn -0.1036 0.0766 -0.9917
vn 0.6698 -0.7416 -0.0387
vn 0.4959 -0.6838 -0.5353
vn -0.1074 -0.2879 -0.9516
vn -0.6362 0.0088 -0.7715
vn -0.1478 0.3739 -0.9156
vn 0.0081 -0.9710 -0.2390
vn -0.0828 -0.7305 -0.6779
vn -0.0166 0.8985 -0.4387
vn -0.2810 0.9024 -0.3266
vn 0.2401 0.8135 -0.5297
vn -0.2258 0.9571 -0.1815
vn 0.1960 0.7217 -0.6638
vn -0.3350 0.7694 -0.5439
vn -0.3128 0.8582 -0.4071
vn -0.3626 0.8293 -0.4252
vn -0.4807 0.7463 -0.4605
vn -0.2636 0.9116 -0.3155
vn 0.1657 -0.6907 -0.7039
vn -0.5653 -0.4284 -0.7049
vn -0.0891 0.8440 -0.5289
vn -0.1554 0.8523 -0.4994
vn -0.4441 0.8063 -0.3908
vn -0.5356 0.6711 -0.5126
vn -0.3681 0.6885 -0.6249
vn -0.2377 0.8611 -0.4495
vn -0.2595 0.8821 -0.3933
vn -0.3212 0.7471 -0.5819
vn -0.7121 0.6338 -0.3021
vn -0.6750 0.7210 -0.1565
vn -0.3965 0.8606 -0.3196
vn -0.2072 0.8782 -0.4310
vn -0.2277 0.8581 -0.4603
vn -0.7468 0.6403 -0.1799
vn -0.7347 0.6397 -0.2257
vn -0.9550 0.2870 -0.0752
vn -0.9898 -0.1407 0.0206
vn 0.1096 0.5916 -0.7987
vn -0.3488 0.6404 -0.6843
vn -0.5634 0.6067 -0.5609
vn -0.3773 0.5670 -0.7322
vn -0.2297 0.7530 -0.6166
vn -0.2959 0.6399 -0.7092
vn -0.1996 0.7363 -0.6466
vn -0.6066 0.5835 -0.5400
vn -0.4920 0.4953 -0.7159
vn -0.4093 0.5678 -0.7142
vn -0.7436 0.5112 -0.4309
vn -0.5653 0.4233 -0.7080
vn -0.4917 0.7477 -0.4463
vn -0.0481 -0.9880 0.1468
vn -0.0000 -0.9923 0.1239
vn -0.5782 -0.7989 0.1656
vn -0.9980 -0.0326 0.0534
vn -0.8681 -0.4877 0.0931
vn 0.3409 0.2328 -0.9108
vn 0.3210 -0.5419 -0.7767
vn -0.4167 -0.5237 -0.7430
vn -0.3699 0.2619 -0.8914
vn -0.8164 -0.4650 -0.3425
vn -0.8035 0.2313 -0.5486
vn -0.3017 -0.6258 -0.7192
vn -0.2747 0.2176 -0.9366
vn 0.0083 -0.5831 -0.8123
vn -0.7219 -0.5671 -0.3966
vn -0.7787 0.2278 -0.5846
vn -0.6488 -0.3428 -0.6793
vn -0.1715 -0.5335 -0.8282
vn -0.3912 0.2225 -0.8930
vn -0.7719 -0.5338 -0.3454
vn -0.8535 0.1334 -0.5037
vn -0.4193 -0.7292 -0.5408
vn -0.9545 0.2981 0.0040
vn 0.1204 -0.9865 -0.1107
vn 0.0429 -0.8125 -0.5814
vn 0.0232 -0.9997 -0.0117
vn -0.3814 -0.9180 0.1084
vn -0.7049 -0.6684 -0.2372
vn -0.3733 -0.9274 0.0249
vn -0.3171 -0.9454 -0.0750
vn -0.2996 -0.9466 -0.1194
vn -0.3763 -0.9264 0.0150
vn 0.0689 -0.9914 -0.1112
vn -0.0296 -0.9995 -0.0100
vn 0.1921 -0.9533 -0.2330
vn -0.1164 -0.9793 0.1658
vn -0.0836 -0.9954 0.0467
vn -0.1201 -0.9918 -0.0434
vn -0.1394 -0.9788 0.1498
vn 0.0752 -0.9924 0.0974
vn -0.0172 -0.9978 -0.0643
vn 0.2309 -0.9729 -0.0117
vn 0.0709 -0.9747 0.2122
vn 0.1191 -0.9801 0.1590
vn -0.0680 -0.9913 -0.1128
vn 0.0240 -0.9997 0.0086
vn -0.0219 -0.9665 -0.2556
vn 0.0754 -0.9858 0.1501
vn 0.0020 -0.9976 0.0688
vn -0.1907 0.6682 -0.7191
vn -0.2467 0.9449 -0.2150
vn -0.2439 0.8659 -0.4367
vn -0.0366 -0.9959 -0.0827
vn -0.1017 -0.9889 -0.1087
vn -0.0711 -0.9968 -0.0358
vn 0.1327 -0.9843 0.1167
vn 0.0968 -0.9915 0.0867
vn -0.7317 0.5953 -0.3319
vn -0.1068 -0.0295 -0.9938
vn -0.8033 0.0486 -0.5935
vn 0.2551 -0.9361 0.2423
vn 0.2747 -0.9614 0.0145
vn 0.1618 -0.9787 0.1261
vn 0.2295 -0.9733 -0.0015
vn -0.0950 -0.9955 -0.0000
vn 0.0490 -0.9859 0.1601
vn 0.0246 -0.9963 0.0818
vn 0.0852 -0.9896 0.1160
vn -0.3275 -0.1707 -0.9293
vn -0.2644 -0.2049 -0.9424
vn 0.0284 -0.2898 -0.9567
vn -0.4320 -0.2700 -0.8605
vn -0.8670 -0.1893 -0.4609
vn 0.5185 -0.2123 -0.8283
vn -0.0000 0.3471 0.9378
vn -0.0000 -0.0933 -0.9956
vn -0.1367 -0.1139 -0.9840
vn -0.0000 0.0917 0.9958
vn 0.3987 0.1370 0.9068
vn -0.2959 -0.1422 -0.9446
vn -0.2543 -0.1461 -0.9560
vn -0.2438 -0.0982 -0.9649
vn 0.0673 0.2182 0.9736
vn -0.4783 -0.0467 -0.8770
vn -0.9949 0.0024 0.1009
vn -0.9903 0.0351 -0.1341
vn -0.9083 0.1561 0.3880
vn -0.9063 0.0757 0.4158
vn -0.6291 0.2820 0.7244
vn -0.8607 0.2370 0.4506
vn -0.2917 0.2462 0.9243
vn -0.8586 0.0314 -0.5117
vn -0.9459 0.0269 0.3233
vn -0.2134 0.5143 0.8306
vn -0.1730 0.6030 0.7788
vn -0.0421 -0.2443 0.9688
vn -0.1369 -0.0363 0.9899
vn 0.9508 -0.1970 -0.2390
vn 0.9101 -0.1518 -0.3855
vn 0.8788 -0.3447 -0.3300
vn 0.9299 -0.2692 -0.2508
vn -0.0709 0.4555 0.8874
vn -0.0773 0.6208 0.7802
vn 0.1320 0.7970 0.5893
vn 0.1875 0.5551 0.8104
vn -0.3636 -0.3777 0.8516
vn -0.3709 -0.3179 0.8726
vn -0.1438 0.9324 0.3316
vn 0.1366 0.9454 0.2959
vn -0.0225 0.8520 0.5230
vn -0.0740 0.6449 -0.7607
vn -0.0353 0.5767 -0.8162
vn -0.1728 -0.2643 0.9488
vn -0.0801 -0.3086 0.9478
vn -0.1254 -0.1603 0.9791
vn -0.0559 -0.2371 0.9699
vn -0.1037 0.2917 0.9509
vn 0.2241 0.3078 0.9247
vn 0.1982 0.4043 0.8929
vn -0.0891 0.4153 0.9053
vn 0.4120 -0.5447 0.7304
vn 0.6599 -0.5821 0.4751
vn 0.6702 -0.4611 0.5815
vn 0.3460 -0.3997 0.8488
vn 0.8514 0.2208 -0.4757
vn 0.4706 0.2240 -0.8535
vn 0.4717 0.2292 -0.8515
vn 0.8270 0.2743 -0.4907
vn 0.2662 0.4659 -0.8438
vn 0.4022 0.5655 -0.7201
vn 0.2816 0.7654 -0.5787
vn 0.0135 0.6966 -0.7173
vn 0.4074 0.5386 -0.7375
vn 0.3297 0.5862 -0.7400
vn 0.2478 0.6617 -0.7076
vn 0.3891 0.6594 -0.6432
vn 0.5455 -0.6008 0.5844
vn 0.8261 -0.4056 0.3912
vn 0.7865 -0.5996 0.1479
vn 0.5242 -0.6724 0.5226
vn 0.0035 -0.4882 0.8727
vn 0.0728 -0.5559 0.8281
vn -0.0103 -0.6507 0.7593
vn -0.1178 -0.5901 0.7987
vn 0.9762 -0.1466 -0.1601
vn 0.8766 -0.1817 -0.4457
vn 0.8611 -0.2711 -0.4301
vn 0.9464 -0.2892 -0.1437
vn 0.0406 0.6710 0.7404
vn 0.0748 0.6533 0.7534
vn -0.0352 0.7967 0.6034
vn 0.7158 -0.3651 -0.5952
vn 0.7382 -0.3371 -0.5844
vn 0.5097 -0.1718 -0.8430
vn 0.4316 -0.2810 -0.8572
vn 0.8785 -0.2400 -0.4131
vn 0.6420 -0.3056 -0.7032
vn 0.7055 -0.2796 -0.6513
vn 0.0159 0.5551 0.8316
vn 0.2822 0.5443 0.7900
vn 0.2404 0.5989 0.7639
vn 0.0098 0.6235 0.7818
vn 0.7398 0.3650 0.5652
vn 0.8052 0.2541 0.5358
vn 0.7481 0.2906 0.5966
vn 0.6550 0.4069 0.6367
vn 0.9823 0.1018 -0.1571
vn 0.8835 0.0354 -0.4671
vn 0.9004 -0.0517 -0.4320
vn 0.9922 0.0743 -0.1002
vn 0.4109 0.8893 0.2007
vn 0.5079 0.8591 0.0633
vn 0.4686 0.8144 0.3424
vn 0.4056 0.7354 0.5428
vn 0.2888 0.5303 0.7971
vn 0.3406 0.6055 0.7192
vn 0.2030 0.5164 0.8320
vn 0.1845 0.4845 0.8551
vn 0.2572 0.8027 -0.5380
vn 0.2225 0.7224 -0.6547
vn 0.4081 0.7147 -0.5680
vn 0.4078 0.7690 -0.4922
vn 0.0563 0.7984 -0.5995
vn 0.1460 0.6965 -0.7025
vn 0.1577 0.7181 -0.6778
vn 0.1107 0.8239 -0.5559
vn 0.3936 0.8227 -0.4103
vn 0.5197 0.7446 -0.4189
vn 0.5318 0.8180 -0.2195
vn 0.3339 0.9241 -0.1858
vn -0.1168 0.9023 -0.4151
vn 0.0756 0.9047 -0.4193
vn 0.0178 0.9909 -0.1337
vn -0.1590 0.9828 -0.0938
vn 0.6123 -0.6441 0.4585
vn -0.0486 -0.9415 0.3334
vn -0.0685 -0.5984 0.7983
vn 0.2794 -0.4816 0.8307
vn -0.1194 0.1123 0.9865
vn 0.1413 0.1269 0.9818
vn 0.1910 0.2351 0.9530
vn -0.1282 0.1648 0.9780
vn -0.0898 0.0932 0.9916
vn -0.0112 -0.0152 0.9998
vn -0.1631 0.2368 0.9578
vn -0.1711 0.2571 0.9511
vn 0.9778 0.1865 -0.0950
vn 0.9559 0.2620 -0.1326
vn -0.0419 0.1924 0.9804
vn 0.1778 0.1825 0.9670
vn 0.2097 0.1307 0.9690
vn -0.0132 0.0662 0.9977
vn 0.5177 0.0884 0.8510
vn 0.7128 0.0469 0.6998
vn 0.6903 0.2031 0.6945
vn 0.4722 0.1917 0.8604
vn 0.1687 0.0027 -0.9857
vn 0.1888 0.3208 -0.9281
vn 0.4354 0.2435 -0.8667
vn 0.4539 -0.0870 -0.8868
vn -0.1338 0.0430 -0.9901
vn -0.0767 0.2843 -0.9557
vn -0.0687 -0.0652 0.9955
vn 0.0050 0.0537 0.9985
vn 0.0966 -0.0073 0.9953
vn 0.0130 -0.1383 0.9903
vn 0.9618 -0.1070 0.2520
vn 0.9149 -0.1757 0.3635
vn 0.3734 -0.1407 0.9169
vn 0.6437 -0.0627 0.7627
vn 0.6291 -0.0750 -0.7737
vn 0.6602 -0.1141 -0.7424
vn 0.8735 -0.3888 -0.2930
vn 0.5867 -0.2398 -0.7735
vn 0.9387 -0.3112 -0.1485
vn 0.9624 -0.2490 -0.1087
vn 0.9760 -0.0911 -0.1976
vn 0.9418 -0.2255 -0.2495
vn 0.9502 0.1346 0.2811
vn 0.9811 0.1588 0.1103
vn 0.9700 0.2270 0.0868
vn 0.9406 0.2099 0.2668
vn 0.9397 0.1752 0.2937
vn 0.9791 0.1513 0.1356
vn 0.9781 0.1423 0.1516
vn 0.9338 0.1709 0.3142
vn 0.0670 -0.1184 0.9907
vn -0.0005 0.2406 0.9706
vn 0.9650 -0.1272 0.2293
vn 0.9937 -0.1124 0.0049
vn 0.9562 -0.2926 0.0065
vn 0.9190 -0.3724 0.1292
vn 0.8825 -0.4045 -0.2398
vn 0.9268 -0.3393 -0.1611
vn 0.9308 -0.2693 -0.2473
vn 0.9064 -0.3070 -0.2902
vn -0.1634 0.4695 0.8677
vn -0.1699 -0.2361 0.9568
vn -0.1379 -0.4306 0.8920
vn -0.4115 0.2565 0.8746
vn -0.4004 0.3615 0.8420
vn -0.2130 0.0247 0.9767
vn -0.0790 -0.3737 0.9242
vn -0.0291 0.4533 -0.8909
vn -0.0740 0.1981 -0.9774
vn -0.1097 0.1078 -0.9881
vn 0.0706 0.0294 0.9971
vn 0.1842 -0.0585 0.9811
vn 0.3305 0.1540 0.9312
vn 0.3139 0.1741 0.9333
vn 0.0849 0.1613 0.9832
vn 0.1388 0.2881 0.9475
vn 0.4109 0.7140 0.5669
vn 0.3433 0.6161 0.7089
vn 0.5198 0.4802 0.7065
vn 0.4311 0.5316 0.7291
vn 0.1908 -0.6348 0.7488
vn 0.2064 -0.6554 0.7265
vn 0.1383 -0.4429 0.8858
vn 0.0442 -0.2462 0.9682
vn 0.2036 0.3349 0.9200
vn 0.2604 0.4056 0.8762
vn 0.5990 0.1879 0.7784
vn 0.3903 0.3112 0.8665
vn -0.2659 0.1284 0.9554
vn -0.3523 0.1428 0.9249
vn 0.9871 0.0867 0.1346
vn 0.9488 0.0668 0.3088
vn 0.7341 0.0790 0.6744
vn 0.2079 0.3991 0.8930
vn -0.0173 0.4560 0.8898
vn 0.9014 0.0624 -0.4285
vn 0.9940 0.0786 -0.0756
vn 0.5812 0.1057 -0.8069
vn -0.2391 -0.4652 0.8523
vn 0.9612 0.0730 0.2662
vn 0.9929 0.1133 0.0376
vn 0.8763 0.1105 -0.4690
vn 0.5327 0.0434 -0.8452
vn 0.9781 0.1365 -0.1573
vn 0.0505 -0.1804 0.9823
vn 0.2083 -0.1752 0.9622
vn 0.5411 -0.1385 0.8294
vn 0.7602 0.0048 0.6497
vn 0.8702 0.0667 0.4882
vn 0.8957 -0.2233 0.3846
vn 0.2577 -0.5442 0.7984
vn 0.5103 -0.5785 0.6363
vn 0.4692 -0.5509 0.6902
vn 0.2277 -0.4926 0.8399
vn -0.3919 0.1330 0.9103
vn 0.9044 -0.4263 -0.0166
vn 0.9430 -0.3324 -0.0161
vn 0.9476 -0.3129 -0.0636
vn 0.9086 -0.3916 -0.1452
vn 0.7986 -0.1175 -0.5903
vn 0.7324 -0.1865 -0.6548
vn 0.5158 -0.1797 -0.8376
vn 0.5887 0.0088 -0.8083
vn 0.9000 -0.1460 -0.4106
vn 0.7800 -0.5837 0.2259
vn 0.7130 -0.5852 0.3863
vn -0.1864 -0.4809 0.8567
vn 0.0216 -0.5275 0.8493
vn 0.0085 -0.4018 0.9157
vn -0.2008 -0.3220 0.9252
vn 0.9472 -0.2872 -0.1423
vn 0.9576 -0.2243 -0.1807
vn -0.3584 0.3299 0.8733
vn -0.2361 -0.3830 0.8931
vn 0.7202 0.3308 -0.6099
vn 0.5906 0.4369 -0.6784
vn 0.4888 0.5290 -0.6938
vn 0.5517 0.4400 -0.7085
vn 0.3767 0.4799 -0.7923
vn 0.3607 0.5493 -0.7537
vn 0.9284 -0.3601 -0.0912
vn 0.3640 -0.8714 -0.3289
vn 0.3002 -0.8401 -0.4518
vn 0.9105 -0.2886 -0.2960
vn 0.5376 0.2961 -0.7895
vn 0.8570 -0.5141 -0.0345
vn 0.8633 -0.5010 -0.0612
vn 0.8275 0.2303 0.5120
vn 0.8372 0.0511 0.5446
vn 0.8634 -0.5038 -0.0271
vn 0.9024 -0.4251 0.0698
vn 0.8665 -0.4873 0.1083
vn 0.8542 0.2014 0.4794
vn 0.8565 0.0763 0.5105
vn 0.8550 0.2120 0.4733
vn 0.9665 -0.1470 -0.2104
vn 0.9857 -0.0749 -0.1511
vn 0.4233 0.0843 -0.9021
vn 0.5835 -0.1152 -0.8039
vn 0.7621 0.1297 -0.6343
vn -0.1005 0.6612 -0.7434
vn -0.0710 -0.0692 -0.9951
vn 0.9082 -0.3732 -0.1896
vn 0.2511 -0.9434 -0.2165
vn 0.9143 -0.2754 -0.2971
vn 0.9128 -0.0189 -0.4079
vn -0.3220 0.3540 0.8781
vn -0.0312 0.0198 0.9993
vn 0.9365 -0.1859 -0.2975
vn 0.5644 -0.6107 -0.5554
vn 0.0625 0.2443 0.9677
vn -0.1918 0.2172 0.9571
vn 0.0199 -0.2220 0.9749
vn 0.7209 0.1483 -0.6770
vn -0.0982 0.7473 -0.6572
vn 0.0811 0.6783 -0.7303
vn 0.4337 -0.2817 -0.8559
vn 0.2335 -0.1859 -0.9544
vn 0.2442 -0.1539 -0.9574
vn 0.2988 -0.1980 0.9335
vn 0.9255 -0.3270 -0.1912
vn 0.9307 -0.2426 -0.2739
vn 0.9528 -0.2632 0.1514
vn 0.6775 -0.2390 0.6956
vn 0.2603 -0.2239 0.9392
vn -0.0363 -0.1209 -0.9920
vn -0.1487 -0.1010 -0.9837
vn 0.9286 -0.2528 -0.2717
vn 0.7557 -0.1830 -0.6289
vn -0.0498 -0.1404 0.9888
vn -0.0771 -0.1351 0.9878
vn 0.2389 0.0271 -0.9707
vn 0.1581 -0.1923 -0.9685
vn 0.0244 0.6308 -0.7755
vn -0.1052 0.8929 -0.4378
vn -0.1741 0.9795 -0.1014
vn -0.1635 0.9149 0.3692
vn 0.1974 0.2864 -0.9375
vn 0.0721 -0.2207 0.9727
vn 0.3719 -0.1871 -0.9092
vn 0.3700 -0.0745 -0.9260
vn 0.3207 0.1253 -0.9389
vn 0.4806 -0.0563 -0.8751
vn -0.0682 0.4269 0.9017
vn 0.1829 0.4740 -0.8613
vn 0.0363 0.0720 -0.9967
vn 0.0649 -0.0961 -0.9932
vn 0.2917 0.1373 -0.9466
vn 0.1811 0.5589 -0.8092
vn 0.1363 0.6235 -0.7698
vn 0.5268 -0.3389 -0.7795
vn 0.2187 0.1969 -0.9557
vn -0.0403 0.4346 0.8997
vn 0.5338 -0.2892 -0.7946
vn 0.0739 -0.1414 0.9872
vn 0.2653 0.1873 -0.9458
vn 0.5446 -0.3427 -0.7654
vn 0.5527 -0.3113 -0.7731
vn 0.0363 0.5446 -0.8379
vn 0.6353 -0.2599 -0.7272
vn 0.5544 -0.3101 -0.7723
vn 0.0048 -0.0761 -0.9971
vn 0.0049 -0.2131 -0.9770
vn 0.3434 -0.2223 -0.9125
vn 0.3401 -0.0465 -0.9393
vn 0.0067 -0.1453 -0.9894
vn 0.4243 0.1686 -0.8897
vn 0.5273 -0.0113 -0.8496
vn 0.4957 -0.2138 -0.8418
vn 0.0995 -0.2102 -0.9726
vn 0.3592 0.2092 -0.9095
vn -0.0122 -0.1627 -0.9866
vn 0.6456 -0.1416 -0.7505
vn 0.0231 0.1465 -0.9889
vn 0.4078 -0.1984 -0.8913
vn 0.3788 -0.1934 -0.9050
vn -0.0216 -0.0796 -0.9966
vn 0.4170 -0.0987 -0.9036
vn 0.3590 0.1229 -0.9252
vn 0.4014 0.1427 -0.9047
vn 0.3230 -0.2317 -0.9176
vn 0.2728 -0.1104 -0.9557
vn 0.3051 -0.0775 -0.9492
vn 0.2816 -0.2205 -0.9339
vn 0.1137 0.5038 0.8563
vn -0.0287 0.5645 0.8249
vn -0.1582 0.6897 0.7066
vn 0.0607 0.8377 0.5428
vn 0.2416 -0.1407 0.9601
vn 0.2163 -0.2898 0.9323
vn 0.2582 -0.8162 0.5168
vn 0.2501 -0.7079 0.6605
vn 0.1565 0.2667 0.9510
vn 0.1723 0.2398 0.9554
vn 0.1992 -0.0085 0.9799
vn 0.2042 -0.0008 0.9789
vn 0.0900 0.6666 0.7399
vn 0.1400 0.6045 0.7842
vn 0.0694 0.9266 0.3695
vn 0.1598 0.8105 0.5635
vn -0.0176 -0.8270 0.5620
vn -0.2520 -0.7924 0.5555
vn -0.1273 -0.5887 0.7982
vn -0.0715 -0.5610 0.8247
vn -0.3654 0.8547 -0.3688
vn -0.3339 0.8145 -0.4744
vn -0.2980 0.4119 -0.8611
vn -0.1586 0.6933 -0.7030
vn 0.3909 -0.4736 -0.7892
vn 0.3032 -0.3660 -0.8798
vn 0.1291 -0.6265 -0.7686
vn 0.2833 -0.7868 -0.5484
vn 0.0707 -0.3193 0.9450
vn 0.1762 -0.2170 0.9601
vn 0.2361 0.0373 0.9710
vn 0.1235 0.0597 0.9905
vn -0.2223 -0.7516 -0.6210
vn -0.1828 -0.7583 -0.6257
vn 0.1169 -0.2879 -0.9505
vn -0.1033 -0.2367 -0.9661
vn -0.1673 -0.9116 -0.3755
vn -0.2024 -0.9113 -0.3585
vn -0.2531 -0.8904 -0.3783
vn -0.1933 -0.9212 -0.3377
vn -0.1770 0.5739 0.7996
vn -0.1667 0.6324 0.7565
vn -0.1141 0.7358 0.6676
vn -0.1520 0.6393 0.7538
vn 0.1447 -0.4947 -0.8569
vn 0.2794 -0.5067 -0.8156
vn 0.2326 -0.8272 -0.5116
vn 0.1034 -0.8687 -0.4844
vn 0.0601 0.9901 -0.1270
vn -0.1847 0.9515 -0.2459
vn 0.0774 0.8579 -0.5079
vn 0.1156 0.9077 -0.4035
vn 0.3006 -0.6619 0.6867
vn 0.2437 -0.7395 0.6275
vn 0.0882 -0.4343 0.8964
vn 0.1663 -0.2609 0.9509
vn 0.6191 0.7832 -0.0578
vn 0.5927 0.7257 0.3494
vn 0.2721 0.9190 0.2853
vn 0.3213 0.9398 0.1166
vn -0.0749 0.9461 0.3150
vn -0.3179 0.8220 0.4726
vn -0.3436 0.9333 0.1043
vn -0.0592 0.9723 0.2260
vn 0.2453 0.7608 -0.6008
vn 0.4425 0.8170 -0.3698
vn 0.1892 0.9538 -0.2335
vn 0.1004 0.8826 -0.4592
vn -0.1803 0.8440 0.5052
vn -0.1291 0.8986 0.4193
vn -0.2578 0.9662 0.0049
vn -0.3070 0.9499 0.0587
vn 0.1163 0.9838 0.1366
vn 0.1899 0.9307 0.3127
vn -0.1282 0.9908 -0.0442
vn -0.1094 0.8061 -0.5816
vn 0.1382 0.9780 -0.1563
vn 0.2843 0.9332 -0.2200
vn 0.2164 0.6693 -0.7108
vn 0.1419 0.7103 -0.6895
vn -0.0593 -0.3504 0.9347
vn 0.0360 -0.2197 0.9749
vn 0.0512 0.1046 0.9932
vn -0.0213 0.0154 0.9997
vn -0.1022 0.3538 -0.9297
vn -0.1198 -0.0802 -0.9896
vn 0.0171 0.1666 -0.9859
vn -0.0842 0.8121 0.5775
vn -0.0936 0.9205 0.3793
vn 0.0731 0.4194 0.9048
vn 0.0009 0.3321 0.9432
vn 0.2631 0.7645 0.5885
vn 0.0347 0.7002 0.7131
vn 0.0592 0.6880 0.7233
vn 0.1189 0.9177 0.3791
vn 0.0837 0.9811 -0.1747
vn 0.1661 0.9861 -0.0101
vn 0.0734 0.0106 0.9972
vn -0.0286 -0.0515 0.9983
vn -0.0426 0.3862 0.9214
vn 0.0701 0.2862 0.9556
vn -0.3076 -0.9408 0.1425
vn -0.0673 -0.9701 0.2333
vn -0.0938 -0.7819 0.6163
vn 0.0896 -0.8959 -0.4351
vn 0.2043 -0.8870 -0.4142
vn 0.2109 -0.9356 -0.2831
vn 0.1672 -0.9077 -0.3850
vn 0.0509 0.4224 0.9050
vn 0.1895 0.2818 0.9406
vn 0.0748 -0.8630 -0.4997
vn -0.1403 -0.7052 -0.6950
vn -0.2616 -0.9117 -0.3170
vn -0.0394 -0.9519 -0.3040
vn -0.0861 0.7955 -0.5999
vn 0.0592 0.8972 -0.4376
vn -0.0133 -0.2018 -0.9793
vn 0.3097 -0.0427 -0.9499
vn 0.2211 0.5758 -0.7872
vn 0.1419 0.6218 -0.7702
vn 0.2680 0.0850 -0.9597
vn 0.1379 0.0916 -0.9862
vn -0.0674 -0.8217 0.5659
vn 0.0345 -0.7919 0.6097
vn 0.2710 0.4753 -0.8371
vn 0.3987 0.0374 -0.9163
vn -0.3636 0.3354 -0.8690
vn -0.1078 0.5625 -0.8198
vn -0.5222 -0.1467 -0.8401
vn -0.2049 0.1747 -0.9631
vn -0.1293 -0.8874 -0.4426
vn -0.0933 -0.9266 -0.3643
vn -0.0102 -0.9067 -0.4217
vn -0.0054 -0.8860 -0.4637
vn 0.2161 0.0358 0.9757
vn 0.2219 -0.1689 0.9603
vn 0.1110 0.9686 0.2227
vn 0.0899 0.9644 0.2485
vn -0.1008 -0.9909 -0.0890
vn 0.0828 -0.9963 -0.0250
vn 0.0135 -0.8593 -0.5113
vn 0.0306 -0.3930 -0.9190
vn 0.2031 0.2089 0.9566
vn 0.1881 0.5456 0.8166
vn 0.1503 0.9198 0.3624
vn -0.0544 -0.3263 -0.9437
vn -0.0400 0.1872 -0.9815
vn 0.0302 0.1398 -0.9897
vn 0.2117 -0.7025 0.6794
vn -0.0387 -0.6942 -0.7188
vn -0.0809 -0.9604 -0.2666
vn 0.2675 -0.9630 0.0319
vn 0.2821 -0.9578 0.0547
vn 0.1159 0.2109 0.9706
vn -0.0654 -0.9947 0.0788
vn -0.5167 -0.5094 -0.6881
vn -0.1668 -0.0894 -0.9819
vn -0.0638 0.2174 -0.9740
vn -0.0968 -0.2686 -0.9584
vn 0.2563 0.1902 -0.9477
vn 0.3485 0.4918 -0.7979
vn 0.3857 0.5629 -0.7310
vn 0.1591 0.3948 -0.9049
vn 0.1647 0.3102 0.9363
vn 0.0974 0.4447 0.8904
vn 0.2227 0.5892 0.7767
vn 0.2436 0.5156 0.8214
vn -0.1861 -0.7990 -0.5719
vn -0.1705 -0.9387 -0.2996
vn -0.1743 -0.9749 -0.1382
vn -0.1514 -0.8639 0.4804
vn -0.1907 -0.9626 -0.1922
vn 0.0627 0.0235 -0.9978
vn -0.0167 0.1701 -0.9853
vn -0.1266 -0.2441 -0.9614
vn -0.2371 -0.8982 0.3702
vn -0.0314 -0.3662 0.9300
vn -0.1228 -0.4146 0.9017
vn -0.1333 -0.8200 -0.5566
vn 0.0089 0.0001 1.0000
vn 0.0413 0.0741 0.9964
vn 0.1616 -0.9393 0.3027
vn 0.2702 -0.8851 0.3789
vn 0.2487 -0.5913 0.7671
vn 0.1066 -0.7283 0.6769
vn 0.3247 -0.7660 0.5548
vn 0.3262 -0.3706 0.8696
vn 0.2785 -0.5430 0.7922
vn 0.2576 -0.1383 0.9563
vn 0.0371 -0.0378 -0.9986
vn 0.0336 -0.0202 -0.9992
vn -0.0042 -0.4264 -0.9045
vn 0.0003 -0.3753 -0.9269
vn 0.0290 -0.0355 -0.9989
vn 0.0160 -0.4916 -0.8706
vn 0.0690 -0.1076 -0.9918
vn 0.0700 -0.5852 -0.8079
vn -0.0967 -0.4235 -0.9007
vn -0.0089 -0.7745 -0.6326
vn 0.1279 0.3274 -0.9362
vn 0.1037 0.3435 -0.9334
vn 0.0608 0.3239 -0.9441
vn 0.0638 0.2260 -0.9720
vn 0.2290 -0.7788 -0.5839
vn 0.2490 -0.8239 -0.5090
vn 0.2778 -0.9576 -0.0758
vn 0.2142 -0.9672 -0.1362
vn 0.1993 -0.9066 -0.3719
vn 0.2850 -0.9563 0.0658
vn 0.1960 -0.9674 -0.1603
vn 0.2664 -0.9136 0.3072
vn 0.2330 -0.9721 -0.0262
vn 0.1788 0.1901 0.9654
vn 0.1859 0.4855 0.8542
vn 0.2573 0.3095 0.9154
vn 0.2435 0.5582 0.7931
vn 0.1962 0.4647 0.8634
vn 0.1891 0.6647 0.7228
vn 0.2194 0.9579 0.1851
vn 0.1680 0.9857 -0.0163
vn 0.2088 0.9218 -0.3267
vn 0.1000 0.9781 -0.1825
vn 0.0928 0.8613 -0.4996
vn 0.1105 0.9461 -0.3045
vn 0.0597 0.7418 -0.6679
vn 0.0647 -0.5009 -0.8631
vn 0.0480 -0.6555 -0.7537
vn 0.1633 -0.7229 -0.6714
vn 0.1762 -0.5765 -0.7979
vn 0.0449 -0.7733 -0.6324
vn 0.1097 -0.8450 -0.5233
vn 0.0861 -0.8343 -0.5445
vn 0.1297 -0.9120 -0.3892
vn 0.0911 -0.9094 -0.4057
vn 0.1894 -0.9502 -0.2473
vn 0.1806 -0.0966 0.9788
vn 0.2811 0.0166 0.9595
vn 0.2351 0.1373 0.9622
vn 0.1748 0.6765 -0.7154
vn 0.0859 0.6199 -0.7799
vn 0.0514 0.4783 -0.8767
vn 0.0803 0.7280 0.6809
vn 0.1711 0.7438 0.6461
vn 0.1515 0.9385 0.3103
vn 0.1327 0.8929 0.4303
vn 0.2184 0.7535 0.6201
vn 0.1500 0.9651 0.2147
vn 0.2102 0.8269 0.5216
vn 0.1759 0.9759 0.1291
vn 0.0761 0.3177 -0.9451
vn -0.0438 -0.0747 -0.9962
vn 0.0222 0.8543 0.5193
vn 0.0821 0.9466 0.3118
vn 0.0455 -0.7767 0.6282
vn -0.0732 0.6432 0.7622
vn 0.0161 0.4649 0.8852
vn 0.1040 0.2236 0.9691
vn 0.0278 0.2652 0.9638
vn 0.1338 -0.9497 0.2831
vn 0.0273 -0.3569 -0.9338
vn 0.0986 -0.4810 -0.8712
vn 0.0429 -0.4763 -0.8782
vn 0.1071 -0.7426 -0.6611
vn 0.1404 -0.9768 -0.1618
vn -0.1506 -0.1211 0.9812
vn -0.1820 0.3906 0.9024
vn -0.0113 0.6696 0.7426
vn 0.0281 0.5393 -0.8417
vn 0.0164 0.6065 -0.7949
vn -0.3855 -0.8105 -0.4410
vn 0.0745 -0.2773 -0.9579
vn 0.1658 -0.1111 0.9799
vn 0.0164 -0.0642 0.9978
vn 0.0825 0.9870 -0.1377
vn -0.1471 -0.9683 -0.2020
vn -0.0779 -0.2937 -0.9527
vn 0.3049 0.9516 -0.0385
vn 0.5480 0.8348 -0.0527
vn 0.5396 0.6996 -0.4684
vn 0.3234 0.7982 -0.5083
vn -0.0795 -0.4397 0.8946
vn -0.1787 -0.4401 0.8800
vn -0.1994 -0.1006 0.9747
vn -0.2227 -0.9469 -0.2321
vn -0.3225 -0.9093 0.2631
vn -0.2504 -0.9431 -0.2190
vn 0.0641 0.9076 -0.4150
vn -0.1308 0.5123 0.8488
vn 0.2602 0.8571 0.4446
vn 0.4876 0.7746 0.4028
vn -0.2754 0.5373 0.7972
vn 0.0899 -0.9915 -0.0944
vn -0.0664 -0.8419 -0.5356
vn -0.1629 -0.9369 -0.3093
vn 0.1565 -0.9778 -0.1389
vn 0.0431 0.6369 -0.7698
vn -0.1914 -0.8891 -0.4157
vn -0.1662 -0.8992 -0.4048
vn 0.1602 -0.9871 -0.0021
vn 0.2261 0.6548 0.7212
vn 0.4087 0.6002 0.6875
vn 0.1607 0.5611 -0.8120
vn 0.2218 0.1454 -0.9642
vn 0.0163 0.8926 0.4505
vn 0.0132 0.9983 -0.0562
vn -0.2064 -0.4904 0.8467
vn 0.2215 -0.0666 -0.9729
vn 0.1105 0.5948 0.7962
vn 0.0370 0.7212 0.6917
vn 0.0505 0.8640 -0.5009
vn 0.0422 -0.1041 0.9937
vn -0.0242 0.2390 0.9707
vn -0.2276 0.2778 0.9333
vn 0.0071 -0.4108 0.9117
vn 0.1216 -0.3232 0.9385
vn -0.8773 0.0564 0.4767
vn -0.8669 0.1204 0.4838
vn -0.3240 0.1415 0.9354
vn -0.3769 0.0477 0.9250
vn 0.0553 -0.2396 -0.9693
vn -0.6222 -0.1960 -0.7579
vn -0.6783 -0.2724 -0.6824
vn 0.0325 -0.4183 -0.9077
vn 0.6265 0.3492 0.6969
vn 0.7986 0.2823 0.5316
vn 0.7740 0.1633 0.6118
vn 0.6211 0.2277 0.7499
vn 0.8213 0.0819 -0.5646
vn 0.8659 0.1885 -0.4633
vn 0.3823 0.5488 -0.7434
vn 0.4822 0.1636 -0.8607
vn 0.9748 0.0239 -0.2217
vn 0.9680 0.0795 -0.2379
vn 0.9299 0.0954 -0.3552
vn 0.9247 0.0289 -0.3795
vn -0.9537 0.1407 0.2658
vn -0.9374 0.1125 0.3295
vn -0.8348 0.0690 0.5462
vn -0.8690 0.1070 0.4832
vn -0.7268 -0.6436 -0.2399
vn -0.3233 -0.8437 -0.4286
vn -0.5195 -0.6338 -0.5731
vn -0.9048 -0.3568 -0.2326
vn -0.1046 -0.9891 -0.1036
vn -0.1695 -0.9846 -0.0433
vn -0.1465 -0.9890 -0.0184
vn -0.1156 -0.9899 -0.0826
vn 0.9800 0.1432 0.1384
vn 0.9003 -0.4092 0.1486
vn 0.8880 -0.4311 0.1602
vn 0.9683 0.2144 0.1278
vn 0.8039 0.5869 0.0960
vn 0.9410 0.3316 -0.0668
vn 0.7151 0.6612 -0.2268
vn 0.6365 0.7712 -0.0129
vn -0.7443 -0.1140 0.6580
vn -0.5052 -0.7173 0.4799
vn -0.1940 -0.6723 0.7144
vn -0.2765 -0.1201 0.9535
vn 0.4633 0.8838 -0.0657
vn 0.3697 0.8647 -0.3399
vn 0.6674 0.7280 -0.1568
vn 0.5859 0.8063 -0.0811
vn 0.1973 0.9269 -0.3193
vn 0.2574 0.8803 -0.3985
vn 0.2857 0.8617 -0.4194
vn 0.1974 0.9233 -0.3295
vn -0.9982 -0.0436 0.0402
vn -0.8094 -0.5857 -0.0432
vn -0.9056 -0.4066 0.1208
vn -0.9872 0.0410 0.1542
vn -0.3928 -0.3292 0.8587
vn -0.2420 -0.3752 0.8948
vn 0.1857 -0.0546 0.9811
vn -0.2051 -0.0753 0.9758
vn -0.1161 -0.2117 -0.9704
vn 0.0742 -0.5031 -0.8611
vn 0.2872 -0.0768 -0.9548
vn 0.1723 -0.0204 -0.9848
vn -0.4216 0.8306 -0.3638
vn -0.8364 0.5294 -0.1421
vn -0.7781 0.3918 -0.4909
vn -0.3782 0.6299 -0.6784
vn 0.2110 -0.9715 0.1084
vn 0.8422 -0.4451 0.3044
vn 0.2501 -0.9673 0.0418
vn 0.4591 -0.8558 0.2384
vn 0.8870 -0.3739 0.2708
vn 0.8070 -0.3383 0.4840
vn 0.4270 -0.5687 0.7030
vn 0.7203 0.1889 0.6675
vn 0.7909 0.1576 0.5913
vn 0.7380 -0.0082 0.6747
vn 0.7051 0.0215 0.7088
vn 0.8243 0.1117 0.5550
vn 0.8907 0.2293 0.3926
vn 0.9133 0.1980 0.3560
vn 0.8614 0.1813 0.4746
vn 0.7972 0.0075 0.6036
vn 0.5430 0.0570 0.8378
vn -0.8447 -0.2500 -0.4733
vn -0.5028 -0.2725 -0.8203
vn -0.4054 -0.3619 -0.8394
vn -0.8981 -0.1598 0.4097
vn -0.9608 -0.1126 0.2533
vn -0.8413 -0.0112 0.5404
vn -0.8161 -0.0971 0.5697
vn 0.9405 -0.1816 -0.2872
vn 0.9314 -0.1151 -0.3454
vn 0.7631 -0.1618 -0.6257
vn 0.8646 -0.2473 -0.4373
vn 0.2579 -0.1760 -0.9500
vn 0.3818 -0.1035 -0.9184
vn -0.0820 -0.1518 -0.9850
vn -0.1708 -0.1978 -0.9653
vn -0.4670 -0.0315 0.8837
vn -0.5467 0.1450 0.8247
vn -0.1073 0.2112 0.9715
vn -0.1465 -0.0213 0.9890
vn -0.5189 -0.3176 0.7937
vn -0.5571 0.0508 0.8289
vn -0.2436 -0.0048 0.9699
vn -0.2379 -0.4406 0.8656
vn -0.0549 -0.0304 0.9980
vn 0.0283 -0.3933 0.9190
vn 0.3387 0.0773 -0.9377
vn 0.4242 0.0532 -0.9040
vn 0.1373 0.0428 -0.9896
vn 0.1126 0.0643 -0.9916
vn 0.9707 0.2404 0.0058
vn 0.9843 0.1664 -0.0582
vn 0.8148 0.0947 -0.5719
vn 0.7844 0.1680 -0.5970
vn 0.5690 -0.1336 0.8114
vn 0.9104 -0.0727 0.4074
vn 0.8782 -0.0546 0.4751
vn 0.6385 -0.0528 0.7678
vn -0.5920 0.0429 0.8048
vn -0.6371 -0.0701 0.7676
vn -0.2915 0.0026 0.9566
vn -0.2283 0.1160 0.9667
vn -0.9914 0.0175 0.1294
vn -0.8701 0.0936 0.4838
vn 0.9348 -0.0534 -0.3511
vn 0.7667 -0.1073 -0.6330
vn 0.6714 -0.2144 -0.7094
vn 0.8155 -0.3176 -0.4837
vn 0.7843 -0.1715 -0.5962
vn -0.6008 0.2224 0.7679
vn -0.0907 0.2817 0.9552
vn 0.8196 -0.1633 -0.5491
vn 0.8928 -0.1523 -0.4240
vn 0.8736 -0.0739 0.4810
vn 0.4958 -0.1102 0.8614
vn -0.0616 0.0667 0.9959
vn -0.0408 0.1402 0.9893
vn 0.1306 -0.0275 -0.9911
vn -0.2473 -0.1199 -0.9615
vn -0.2444 -0.0542 -0.9682
vn 0.8174 0.0507 -0.5739
vn 0.8233 0.0169 -0.5674
vn 0.5044 -0.0113 -0.8634
vn 0.4804 0.0241 -0.8767
vn -0.6552 -0.1776 0.7343
vn -0.6334 -0.0558 0.7718
vn -0.4301 -0.2009 0.8801
vn -0.9960 0.0866 0.0201
vn -0.9974 -0.0702 -0.0186
vn -0.9445 -0.0112 0.3284
vn -0.9062 0.1726 0.3861
vn 0.8709 0.0201 -0.4910
vn 0.8522 -0.0657 -0.5190
vn 0.8318 -0.0739 -0.5501
vn 0.8489 -0.0136 -0.5283
vn 0.6974 -0.0444 -0.7153
vn 0.7053 -0.1052 -0.7010
vn 0.3374 -0.1417 -0.9306
vn 0.3521 -0.0703 -0.9333
vn 0.5155 -0.2080 0.8313
vn 0.8531 -0.2030 0.4807
vn 0.8808 -0.0037 0.4735
vn 0.5372 0.0271 0.8430
vn -0.3108 -0.1943 -0.9304
vn -0.6328 -0.1726 -0.7549
vn -0.6607 -0.1358 -0.7383
vn -0.2782 -0.1636 -0.9465
vn -0.6026 0.2402 0.7610
vn -0.5964 0.0646 0.8001
vn -0.2570 0.0312 0.9659
vn -0.2345 0.2483 0.9399
vn -0.1609 -0.0260 -0.9866
vn -0.5799 0.0015 -0.8147
vn -0.6090 -0.0527 -0.7914
vn -0.2611 -0.0963 -0.9605
vn 0.6032 -0.1939 0.7737
vn 0.7998 -0.2008 0.5656
vn 0.8098 -0.1759 0.5597
vn 0.5375 -0.1510 0.8297
vn -0.9816 -0.1696 0.0882
vn -0.9908 -0.0882 0.1025
vn -0.9609 -0.0990 0.2586
vn -0.9472 -0.1563 0.2801
vn 0.8998 -0.1652 -0.4039
vn 0.9335 -0.1576 -0.3220
vn 0.8522 -0.1397 -0.5042
vn 0.8287 -0.1452 -0.5405
vn 0.7048 -0.1505 -0.6932
vn 0.7024 -0.1384 -0.6982
vn 0.2943 -0.1372 -0.9458
vn 0.2785 -0.1710 -0.9451
vn -0.7600 -0.0888 0.6438
vn -0.8361 -0.0703 0.5441
vn -0.4486 -0.0741 0.8907
vn -0.3952 -0.0788 0.9152
vn -0.8233 -0.3748 0.4262
vn -0.8848 -0.2310 0.4046
vn -0.7398 -0.2233 0.6347
vn -0.6076 -0.5015 0.6160
vn 0.9654 0.2608 0.0022
vn 0.7673 0.1994 -0.6095
vn 0.3115 0.0519 -0.9488
vn -0.2015 -0.5398 0.8173
vn 0.1486 -0.3395 0.9288
vn -0.9241 -0.1075 0.3667
vn -0.8346 -0.0282 0.5502
vn 0.5622 0.1021 0.8207
vn 0.7499 0.2177 0.6247
vn 0.8378 0.1989 0.5085
vn 0.7201 0.0201 0.6936
vn 0.1506 0.1640 0.9749
vn 0.4670 0.2102 0.8589
vn 0.2193 -0.0003 0.9757
vn 0.9624 -0.2170 -0.1634
vn 0.8785 -0.3033 -0.3691
vn -0.9525 -0.1951 0.2338
vn -0.9514 -0.2600 0.1650
vn -0.8599 -0.1507 0.4877
vn 0.1210 -0.1748 0.9771
vn 0.1721 -0.1046 0.9795
vn -0.9121 -0.2847 -0.2950
vn -0.8748 -0.3561 -0.3286
vn -0.9334 -0.3275 -0.1466
vn -0.9645 -0.2405 -0.1094
vn 0.7165 0.2278 0.6593
vn 0.7539 0.1199 0.6459
vn 0.9225 0.0986 0.3732
vn 0.8978 0.2125 0.3857
vn 0.9837 -0.0415 0.1749
vn 0.9631 -0.0969 0.2511
vn 0.9862 0.1056 -0.1276
vn 0.9861 0.0476 -0.1592
vn 0.6696 -0.2746 -0.6901
vn 0.7970 -0.0955 -0.5964
vn -0.7552 -0.0744 -0.6513
vn -0.7635 -0.0854 -0.6401
vn -0.2624 -0.0243 -0.9647
vn 0.0090 -0.4481 -0.8940
vn 0.9861 -0.1561 0.0561
vn 0.9805 0.0226 0.1952
vn 0.6577 -0.7471 0.0963
vn 0.6382 -0.7694 0.0259
vn 0.5567 -0.3543 -0.7514
vn 0.1315 -0.2820 -0.9504
vn 0.3964 -0.0758 -0.9149
vn 0.3195 -0.1755 -0.9312
vn 0.4840 -0.4497 -0.7507
vn 0.4940 -0.3908 -0.7767
vn 0.0871 -0.0733 -0.9935
vn 0.2617 0.8228 -0.5044
vn 0.4377 -0.1234 -0.8906
vn 0.1727 0.8999 -0.4005
vn -0.2455 0.8924 -0.3786
vn -0.3639 0.8661 -0.3427
vn 0.2504 0.8777 -0.4085
vn 0.9025 0.3567 -0.2412
vn 0.6708 0.7084 -0.2197
vn 0.5558 0.7632 -0.3296
vn 0.6921 0.5732 -0.4386
vn 0.1497 -0.9859 0.0751
vn 0.6947 -0.6952 0.1846
vn 0.7671 -0.5710 0.2925
vn 0.1594 -0.9798 0.1208
vn -0.6595 0.7149 -0.2323
vn -0.8064 0.5745 -0.1401
vn 0.8924 0.4427 -0.0880
vn 0.7580 0.6499 -0.0554
vn 0.5017 0.0059 -0.8650
vn -0.1005 0.0633 -0.9929
vn 0.8733 -0.1260 -0.4706
vn 0.7338 -0.1123 -0.6700
vn 0.6487 -0.1343 0.7491
vn 0.7768 -0.1188 0.6184
vn -0.5772 0.1004 -0.8104
vn -0.9866 -0.0133 0.1628
vn -0.9492 -0.0402 0.3121
vn 0.9545 -0.1268 -0.2701
vn -0.8825 -0.0563 0.4670
vn -0.4739 -0.0903 0.8759
vn 0.9758 -0.1792 0.1252
vn 0.9716 -0.1525 0.1809
vn 0.9890 -0.1363 -0.0574
vn 0.9801 -0.1712 -0.1000
vn -0.7750 -0.0443 -0.6304
vn -0.7795 0.0075 -0.6263
vn -0.9099 0.0090 -0.4148
vn -0.9055 -0.0575 -0.4204
vn 0.9769 -0.1418 0.1598
vn 0.9931 -0.0736 0.0915
vn 0.9923 -0.1136 -0.0502
vn 0.9858 -0.1679 -0.0088
vn -0.2022 -0.2424 -0.9489
vn -0.6653 -0.3039 -0.6819
vn -0.7140 -0.1878 -0.6745
vn -0.3089 -0.2093 -0.9278
vn 0.9370 0.2374 0.2561
vn 0.9328 0.2750 0.2329
vn 0.9476 0.2567 0.1901
vn 0.9526 0.2378 0.1896
vn 0.9772 -0.1759 0.1190
vn 0.9727 -0.1812 -0.1453
vn -0.7373 -0.1318 -0.6626
vn -0.8715 -0.1533 -0.4658
vn 0.9951 0.0914 -0.0366
vn 0.9982 -0.0594 -0.0009
vn 0.9483 -0.0625 -0.3112
vn 0.9381 0.0506 -0.3426
vn -0.8083 -0.0836 -0.5828
vn -0.7432 -0.0950 -0.6622
vn -0.8221 -0.0711 -0.5648
vn -0.8347 -0.0369 -0.5494
vn -0.7243 -0.1172 -0.6794
vn 0.9997 -0.0189 0.0135
vn 0.9985 0.0367 -0.0410
vn 0.9827 -0.0185 -0.1843
vn 0.9913 -0.0674 -0.1134
vn -0.9016 -0.2744 -0.3343
vn -0.9302 -0.1375 -0.3403
vn -0.9500 -0.1152 -0.2902
vn -0.9354 -0.2872 -0.2061
vn -0.9817 -0.0337 -0.1873
vn -0.9850 -0.0009 -0.1728
vn -0.9974 -0.0126 0.0708
vn -0.9985 -0.0530 0.0134
vn 0.2945 -0.9551 0.0323
vn 0.9202 -0.3668 0.1366
vn 0.3954 -0.9182 0.0247
vn -0.8736 -0.4763 0.0999
vn -0.8782 -0.4372 0.1937
vn -0.6608 -0.7068 0.2526
vn -0.6565 -0.7495 0.0855
vn -0.1019 -0.9872 -0.1227
vn -0.0806 -0.9878 -0.1331
vn -0.0836 -0.9885 -0.1263
vn -0.0634 -0.9907 -0.1203
vn -0.7629 0.1974 -0.6156
vn -0.8422 0.1596 -0.5150
vn -0.9468 0.1538 -0.2827
vn -0.9159 0.1895 -0.3539
vn 0.9366 -0.0077 0.3504
vn 0.9022 0.0320 0.4302
vn 0.9935 0.0643 0.0944
vn 0.9987 0.0172 0.0481
vn -0.9572 -0.2673 -0.1112
vn -0.6892 -0.7004 -0.1855
vn -0.7141 -0.6838 -0.1498
vn -0.9829 -0.1718 -0.0666
vn 0.9477 0.0670 0.3121
vn 0.9914 0.0596 0.1167
vn 0.8667 0.0729 -0.4935
vn 0.5444 0.0244 -0.8385
vn 0.9855 0.0487 -0.1625
vn 0.8172 0.2867 0.4999
vn 0.8666 0.1765 0.4666
vn -0.0054 0.4368 0.8996
vn 0.3125 0.4409 0.8414
vn -0.2644 -0.9571 -0.1187
vn -0.2340 -0.9616 -0.1435
vn -0.9262 -0.0926 0.3654
vn -0.9372 -0.0526 0.3449
vn -0.4119 -0.9098 0.0513
vn -0.3781 -0.8986 0.2225
vn -0.1635 -0.9729 0.1636
vn -0.2192 -0.9737 0.0627
vn -0.8207 -0.1472 0.5520
vn -0.4257 -0.6027 0.6750
vn -0.8847 -0.1265 0.4486
vn -0.7710 0.2259 0.5954
vn -0.8065 0.0633 0.5879
vn -0.9313 -0.0480 0.3611
vn -0.9150 -0.0868 0.3939
vn -0.8713 -0.1009 0.4803
vn -0.8726 -0.0291 0.4875
vn -0.6763 0.0732 0.7330
vn -0.7274 0.1624 0.6668
vn -0.9533 -0.2605 0.1529
vn -0.9136 -0.3811 0.1415
vn -0.9472 -0.3122 -0.0737
vn -0.9853 -0.1662 -0.0383
vn -0.5660 -0.5007 0.6549
vn -0.4741 -0.5703 0.6708
vn 0.9813 0.0951 0.1675
vn 0.9206 -0.3639 0.1414
vn 0.9844 0.0971 0.1469
vn -0.2652 -0.9528 -0.1481
vn -0.3422 -0.9351 -0.0915
vn -0.8817 0.0788 0.4651
vn -0.8939 0.0743 0.4421
vn -0.8086 -0.2004 0.5532
vn -0.8259 -0.2381 0.5111
vn -0.6625 -0.1985 0.7223
vn -0.5962 -0.1889 0.7803
vn -0.6826 -0.1636 -0.7122
vn -0.6835 -0.1881 -0.7053
vn -0.8265 -0.2057 -0.5240
vn -0.8167 -0.1563 -0.5555
vn 0.9879 -0.1378 0.0717
vn 0.9804 -0.1563 0.1197
vn 0.9658 -0.1627 -0.2021
vn 0.9575 -0.1290 -0.2582
vn -0.3289 -0.1576 -0.9311
vn -0.3330 -0.1937 -0.9228
vn 0.2974 -0.1804 -0.9376
vn 0.8166 -0.1213 -0.5643
vn 0.8152 -0.1452 -0.5607
vn 0.7019 -0.1526 -0.6958
vn 0.7008 -0.1408 -0.6993
vn -0.3259 -0.1688 0.9302
vn -0.2709 -0.1838 0.9449
vn 0.8519 -0.1242 -0.5087
vn 0.8670 -0.1546 -0.4738
vn -0.9759 -0.2169 0.0231
vn -0.9681 -0.2372 0.0814
vn -0.9195 -0.2427 0.3092
vn -0.9247 -0.2278 0.3049
vn -0.6340 -0.1275 -0.7627
vn -0.6325 -0.1783 -0.7538
vn 0.5076 -0.1129 0.8542
vn 0.8017 -0.1306 0.5833
vn 0.8155 -0.1824 0.5493
vn 0.5059 -0.1967 0.8399
vn -0.5932 -0.3195 0.7389
vn -0.5116 -0.1228 0.8504
vn 0.1637 -0.0020 -0.9865
vn 0.1645 -0.5177 -0.8396
vn -0.0819 -0.9374 -0.3384
vn -0.4102 -0.8887 -0.2049
vn 0.0829 -0.1014 0.9914
vn 0.0697 -0.0874 0.9937
vn 0.0684 -0.1669 0.9836
vn 0.5964 0.3917 0.7006
vn -0.1114 -0.9917 -0.0637
vn -0.0493 -0.9947 -0.0904
vn 0.2555 -0.1034 0.9613
vn 0.1531 -0.1378 0.9786
vn 0.0713 -0.1848 0.9802
vn 0.1037 0.0227 0.9943
vn 0.3778 0.1596 0.9120
vn 0.1926 -0.0585 0.9795
vn -0.1557 -0.1984 0.9677
vn 0.4325 0.2730 0.8593
vn 0.5636 -0.0977 0.8203
vn 0.6158 0.1074 0.7806
vn 0.3798 0.2049 0.9021
vn 0.3988 0.0875 0.9128
vn 0.0646 -0.9860 0.1537
vn 0.0918 -0.6609 0.7448
vn -0.1337 -0.9899 0.0477
vn -0.1405 -0.9900 -0.0121
vn 0.3506 0.3482 0.8694
vn 0.0305 -0.9968 -0.0735
vn 0.4681 -0.8827 0.0420
vn -0.9481 -0.2247 -0.2249
vn -0.9693 -0.1696 -0.1780
vn 0.9137 -0.1542 0.3760
vn 0.9175 -0.1569 0.3654
vn -0.9371 -0.1787 -0.2999
vn 0.9450 -0.1694 0.2797
vn -0.7338 -0.6184 0.2813
vn -0.4192 -0.9079 -0.0039
vn -0.2086 -0.9776 0.0270
vn 0.8865 0.0834 0.4551
vn -0.9397 -0.0208 0.3415
vn 0.7446 -0.0466 0.6659
vn 0.7167 0.0049 0.6973
vn 0.7788 -0.0244 0.6268
vn -0.6426 -0.5438 0.5398
vn -0.7178 -0.5553 0.4201
vn -0.7549 -0.4989 0.4256
vn -0.5754 -0.5883 0.5681
vn -0.0719 -0.9930 0.0939
vn 0.9762 0.0024 0.2169
vn 0.4195 -0.2167 0.8815
vn 0.9525 0.0980 0.2884
vn 0.8505 0.2307 0.4728
vn 0.9749 -0.0516 0.2166
vn 0.9582 0.1619 0.2361
vn 0.9074 -0.1823 0.3787
vn 0.8965 0.2767 0.3459
vn 0.9055 0.2552 0.3391
vn 0.0676 -0.2463 -0.9668
vn 0.8715 -0.1803 0.4560
vn -0.9872 -0.0740 -0.1412
vn -0.9927 0.0048 -0.1204
vn 0.9737 0.1824 0.1364
vn 0.9906 0.0787 0.1121
vn 0.9976 0.0635 0.0267
vn 0.9867 0.1492 0.0652
vn -0.9260 0.0054 -0.3775
vn -0.9248 -0.0779 -0.3725
vn -0.9559 -0.0375 0.2913
vn -0.9487 -0.0854 0.3045
vn -0.9744 -0.2225 0.0331
vn -0.9903 -0.0580 -0.1265
vn 0.8817 0.2800 0.3798
vn 0.8640 0.1318 0.4859
vn 0.9508 0.1056 0.2913
vn -0.9849 0.1622 -0.0599
vn -0.9890 0.1482 0.0042
vn -0.9339 -0.1949 -0.2997
vn -0.9160 -0.2189 -0.3362
vn -0.7123 -0.1829 -0.6776
vn -0.9171 -0.2541 -0.3073
vn -0.6749 -0.2573 -0.6916
vn -0.9568 -0.1731 -0.2336
vn -0.6794 -0.2219 -0.6994
vn 0.9275 -0.1149 0.3557
vn 0.9175 -0.0588 0.3933
vn 0.8185 -0.0330 0.5735
vn 0.9253 0.0115 0.3791
vn 0.7839 0.0172 0.6207
vn 0.5665 -0.2247 -0.7928
vn 0.5604 -0.1043 -0.8216
vn 0.8659 -0.0890 -0.4922
vn 0.8965 -0.1808 -0.4045
vn 0.5279 -0.0577 -0.8473
vn 0.8389 -0.0348 -0.5432
vn -0.7076 -0.2051 0.6762
vn -0.7142 -0.1741 0.6780
vn -0.8436 -0.1978 0.4992
vn -0.8361 -0.1906 0.5144
vn -0.6794 -0.1253 0.7230
vn -0.8539 -0.1610 0.4949
vn -0.3005 -0.1714 -0.9382
vn -0.3744 -0.1869 -0.9082
vn -0.3968 -0.1634 -0.9032
vn 0.4935 0.1250 0.8607
vn 0.5557 0.0354 0.8306
vn 0.6199 -0.0098 0.7846
vn 0.0596 -0.1508 -0.9868
vn 0.0530 -0.1136 -0.9921
vn -0.9471 -0.1841 0.2627
vn -0.9376 -0.2015 0.2835
vn -0.9738 -0.2243 -0.0384
vn -0.9768 -0.1995 -0.0774
vn -0.9398 -0.1647 0.2993
vn -0.9787 -0.2031 0.0307
vn -0.9900 -0.1159 0.0805
vn 0.9802 -0.1544 -0.1241
vn 0.9874 -0.0766 -0.1385
vn 0.9981 -0.0616 0.0061
vn 0.9912 -0.1327 -0.0012
vn 0.9880 -0.0129 -0.1540
vn 0.9999 -0.0002 0.0146
vn -0.1462 -0.1591 0.9764
vn -0.1237 -0.0566 0.9907
vn -0.4357 -0.1147 0.8928
vn -0.4509 -0.1950 0.8710
vn -0.1003 0.0176 0.9948
vn -0.3725 -0.0444 0.9270
vn 0.1609 0.1065 0.9812
vn 0.1841 0.0427 0.9820
vn 0.2017 -0.0184 0.9793
vn 0.9802 -0.1290 0.1502
vn 0.9924 -0.0562 0.1096
vn 0.9948 0.0105 0.1013
vn -0.8702 -0.1951 0.4524
vn -0.8577 -0.1763 0.4831
vn -0.8911 -0.1556 0.4263
vn -0.9822 -0.0458 -0.1820
vn -0.9948 -0.0299 0.0969
vn -0.9703 0.0728 -0.2307
vn -0.9466 0.0771 -0.3129
vn -0.9840 0.1623 0.0738
vn -0.9876 0.1284 0.0908
vn 0.8218 0.3131 0.4760
vn 0.9240 0.2595 0.2810
vn 0.9281 0.2147 0.3041
vn 0.1537 0.2576 0.9540
vn 0.5409 0.2783 0.7937
vn 0.5929 0.3680 0.7163
vn 0.2358 0.3510 0.9062
vn -0.7486 0.2091 0.6292
vn -0.7570 0.2306 0.6114
vn -0.6107 0.2521 0.7507
vn -0.6116 0.2529 0.7497
vn -0.9099 -0.0667 -0.4094
vn -0.8672 -0.0890 -0.4899
vn -0.8761 -0.0135 -0.4820
vn -0.9252 0.0028 -0.3795
vn 0.9876 0.1440 -0.0621
vn 0.9808 0.1890 -0.0481
vn 0.9369 0.1224 -0.3276
vn 0.9590 0.0803 -0.2718
vn -0.2028 -0.1229 -0.9715
vn -0.0548 -0.0919 -0.9943
vn 0.3603 0.0115 -0.9328
vn 0.7824 -0.0184 -0.6225
vn 0.8433 0.0145 -0.5372
vn 0.6311 0.0147 -0.7756
vn 0.5813 -0.0422 -0.8126
vn -0.1957 0.3089 0.9307
vn -0.1402 0.3181 0.9376
vn 0.9325 0.0211 -0.3606
vn 0.9046 0.0589 -0.4221
vn -0.8804 0.2081 0.4262
vn -0.8780 0.1723 0.4466
vn -0.6766 -0.1364 -0.7236
vn -0.6363 -0.1564 -0.7554
vn -0.9667 -0.0722 0.2453
vn 0.9456 0.2673 0.1856
vn 0.9661 0.2202 0.1346
vn -0.4619 -0.8631 0.2042
vn -0.8003 -0.5787 0.1567
vn -0.5782 -0.6614 0.4777
vn -0.6193 0.2248 -0.7523
vn -0.9934 -0.1136 -0.0152
vn -0.7515 -0.6504 -0.1106
vn -0.6984 -0.3084 -0.6458
vn -0.9671 -0.1619 0.1961
vn -0.7336 -0.2632 -0.6266
vn -0.9655 -0.1546 -0.2097
vn -0.8228 -0.5590 -0.1026
vn -0.9249 -0.3788 -0.0320
vn -0.6631 -0.7412 -0.1039
vn 0.9841 0.1094 0.1397
vn 0.9862 0.1471 -0.0763
vn 0.9112 0.1862 0.3674
vn 0.9470 0.1304 0.2934
vn 0.8162 0.0989 -0.5693
vn 0.3180 -0.0182 -0.9479
vn 0.9977 -0.0679 -0.0061
vn 0.9704 -0.0488 -0.2367
vn -0.7703 0.0896 -0.6313
vn -0.9929 0.0543 -0.1059
vn -0.9766 0.0374 0.2116
vn 0.8278 -0.1053 0.5511
vn 0.3411 -0.0069 0.9400
vn 0.6643 -0.0472 0.7460
vn -0.9204 0.0229 0.3902
vn -0.8912 0.0019 0.4536
vn 0.9593 -0.0907 0.2674
vn -0.9130 0.0711 -0.4017
vn -0.2320 0.2520 -0.9395
vn 0.8976 -0.0475 -0.4383
vn 0.7875 -0.0362 -0.6152
vn -0.9202 0.0224 0.3907
vn -0.4422 -0.0471 0.8957
vn -0.4670 -0.8739 -0.1351
vn -0.6367 -0.4581 0.6203
vn 0.2523 -0.4731 -0.8441
vn 0.3378 -0.0787 -0.9379
vn 0.3000 -0.0912 -0.9496
vn 0.2722 -0.0403 -0.9614
vn 0.2758 -0.0809 -0.9578
vn 0.1232 -0.2043 -0.9711
vn -0.6302 -0.5396 0.5583
vn 0.1479 0.0147 -0.9889
vn 0.2173 -0.0785 -0.9729
vn -0.2879 0.3623 0.8865
vn 0.9915 -0.0488 0.1209
vn 0.9905 0.0593 0.1240
vn 0.9843 0.1753 -0.0206
vn 0.9819 0.0756 -0.1734
vn -0.9522 0.2024 -0.2287
vn -0.9964 -0.0771 -0.0364
vn -0.9891 -0.1164 -0.0901
vn -0.9578 -0.0251 -0.2862
vn -0.9872 -0.1364 0.0826
vn -0.9884 -0.1191 0.0941
vn -0.9813 -0.0568 0.1838
vn -0.9406 -0.1312 0.3132
vn 0.8152 0.3434 0.4664
vn 0.8847 0.1964 0.4227
vn 0.7692 0.0512 0.6370
vn 0.1532 -0.0130 0.9881
vn 0.5643 0.0927 0.8203
vn 0.6176 0.3366 0.7108
vn 0.2553 0.2464 0.9349
vn -0.9316 0.1108 0.3462
vn -0.9394 0.1852 0.2884
vn -0.7982 0.1522 0.5828
vn -0.8354 0.1975 0.5129
vn 0.9052 -0.0520 0.4217
vn 0.9622 0.0789 0.2606
vn -0.9907 -0.1355 0.0072
vn -0.9850 -0.1223 -0.1215
vn 0.9279 0.2934 0.2302
vn 0.8999 0.3401 0.2728
vn 0.7869 0.6082 0.1048
vn 0.8899 0.4535 0.0497
vn -0.9577 0.2857 -0.0355
vn -0.9486 0.3160 -0.0200
vn -0.9931 -0.0671 0.0963
vn -0.9940 -0.0907 0.0611
vn -0.9620 0.0881 0.2586
vn -0.8974 -0.0394 0.4394
vn 0.3960 0.9079 -0.1374
vn 0.4516 0.8375 -0.3077
vn 0.1737 0.8857 -0.4305
vn 0.1456 0.9582 -0.2464
vn -0.3050 0.1657 0.9378
vn -0.3077 0.2307 0.9231
vn 0.9394 0.3427 0.0008
vn 0.9464 0.2294 -0.2272
vn 0.9418 0.2375 0.2380
vn 0.6974 0.7072 0.1162
vn -0.9138 0.4026 -0.0536
vn -0.8437 0.5321 -0.0714
vn -0.9622 0.2723 0.0034
vn -0.9898 0.1131 0.0861
vn -0.7725 0.5973 -0.2155
vn -0.9753 0.2125 -0.0604
vn 0.3126 0.8836 -0.3487
vn -0.2218 0.9057 -0.3612
vn -0.4128 0.8733 -0.2587
vn -0.0632 0.9102 -0.4092
vn 0.5134 0.8290 -0.2217
vn 0.3869 0.9061 -0.1710
vn 0.3691 0.8811 -0.2958
vn 0.4641 0.8292 -0.3115
vn 0.1744 0.8895 -0.4223
vn 0.5903 0.8055 -0.0530
vn -0.1569 -0.9857 0.0610
vn -0.9425 -0.2330 0.2396
vn -0.9950 -0.0794 0.0604
vn -0.7760 -0.6273 0.0652
vn -0.6989 -0.6485 0.3016
vn -0.1519 0.9051 -0.3971
vn -0.2029 0.8366 -0.5088
vn 0.0584 0.8998 -0.4324
vn 0.0287 0.8759 -0.4816
vn 0.1968 0.7214 -0.6640
vn 0.5673 0.7904 -0.2311
vn 0.3937 0.8463 -0.3589
vn -0.0844 0.8777 -0.4718
vn -0.0849 0.9723 -0.2175
vn -0.6490 0.6909 -0.3186
vn -0.9854 0.1696 -0.0130
vn -0.6228 0.7717 -0.1290
vn -0.1060 0.8192 -0.5637
vn -0.6361 0.5752 -0.5144
vn 0.5246 0.7343 -0.4308
vn 0.6737 0.3152 -0.6684
vn -0.9671 -0.2220 0.1243
vn -0.9897 -0.1425 -0.0108
vn -0.7162 -0.6687 0.2000
vn -0.7909 -0.6117 -0.0148
vn 0.2220 -0.9736 -0.0532
vn -0.9566 -0.2837 -0.0670
vn -0.9773 0.1967 -0.0790
vn -0.7771 0.1078 -0.6201
vn -0.6238 -0.3808 -0.6826
vn 0.1695 -0.9813 -0.0912
vn 0.1036 0.0766 -0.9917
vn -0.4959 -0.6838 -0.5353
vn -0.6698 -0.7416 -0.0387
vn 0.1074 -0.2879 -0.9516
vn 0.6362 0.0088 -0.7715
vn 0.1478 0.3739 -0.9156
vn 0.0828 -0.7305 -0.6779
vn -0.0081 -0.9710 -0.2390
vn 0.0166 0.8985 -0.4387
vn 0.2810 0.9024 -0.3266
vn -0.2401 0.8135 -0.5297
vn 0.2258 0.9571 -0.1815
vn 0.3128 0.8582 -0.4071
vn 0.3350 0.7694 -0.5439
vn -0.1960 0.7217 -0.6638
vn 0.3626 0.8293 -0.4252
vn 0.4807 0.7463 -0.4605
vn 0.2636 0.9116 -0.3155
vn -0.1657 -0.6907 -0.7039
vn 0.5653 -0.4284 -0.7049
vn 0.0891 0.8440 -0.5289
vn 0.1554 0.8523 -0.4994
vn 0.4441 0.8063 -0.3908
vn 0.2377 0.8611 -0.4495
vn 0.3681 0.6885 -0.6249
vn 0.5356 0.6711 -0.5126
vn 0.2595 0.8821 -0.3933
vn 0.6750 0.7210 -0.1565
vn 0.7121 0.6338 -0.3021
vn 0.3212 0.7471 -0.5819
vn 0.3965 0.8606 -0.3196
vn 0.2072 0.8782 -0.4310
vn 0.7347 0.6397 -0.2257
vn 0.7468 0.6403 -0.1799
vn 0.2277 0.8581 -0.4603
vn 0.9550 0.2870 -0.0752
vn 0.9898 -0.1407 0.0206
vn -0.1096 0.5916 -0.7987
vn 0.3488 0.6404 -0.6843
vn 0.5634 0.6067 -0.5609
vn 0.2297 0.7530 -0.6166
vn 0.3773 0.5670 -0.7322
vn 0.1996 0.7363 -0.6466
vn 0.2959 0.6399 -0.7092
vn 0.6066 0.5835 -0.5400
vn 0.4920 0.4953 -0.7159
vn 0.4093 0.5678 -0.7142
vn 0.7436 0.5112 -0.4309
vn 0.4917 0.7477 -0.4463
vn 0.5653 0.4233 -0.7080
vn 0.0481 -0.9880 0.1468
vn 0.5782 -0.7989 0.1656
vn 0.8680 -0.4877 0.0931
vn 0.9980 -0.0326 0.0534
vn -0.3409 0.2328 -0.9108
vn -0.3210 -0.5419 -0.7767
vn 0.3699 0.2619 -0.8914
vn 0.4167 -0.5237 -0.7430
vn 0.8035 0.2313 -0.5486
vn 0.8164 -0.4650 -0.3425
vn 0.3017 -0.6258 -0.7192
vn 0.2747 0.2176 -0.9366
vn -0.0083 -0.5831 -0.8123
vn 0.7787 0.2278 -0.5846
vn 0.7219 -0.5671 -0.3966
vn 0.6488 -0.3428 -0.6794
vn 0.3912 0.2225 -0.8930
vn 0.1715 -0.5335 -0.8282
vn 0.8535 0.1334 -0.5037
vn 0.7719 -0.5338 -0.3454
vn 0.4193 -0.7292 -0.5408
vn 0.9545 0.2981 0.0040
vn -0.1204 -0.9865 -0.1107
vn -0.0232 -0.9997 -0.0117
vn -0.0429 -0.8125 -0.5814
vn 0.3814 -0.9180 0.1084
vn 0.7049 -0.6684 -0.2372
vn 0.3733 -0.9274 0.0249
vn 0.3171 -0.9454 -0.0750
vn 0.2996 -0.9466 -0.1194
vn 0.3763 -0.9264 0.0150
vn -0.0689 -0.9914 -0.1112
vn 0.0296 -0.9995 -0.0100
vn -0.1921 -0.9533 -0.2330
vn 0.1164 -0.9793 0.1658
vn 0.1394 -0.9788 0.1498
vn 0.1201 -0.9918 -0.0434
vn 0.0836 -0.9954 0.0467
vn -0.2309 -0.9729 -0.0117
vn 0.0172 -0.9978 -0.0643
vn -0.0752 -0.9924 0.0974
vn -0.0709 -0.9747 0.2122
vn -0.0240 -0.9997 0.0086
vn 0.0680 -0.9913 -0.1128
vn -0.1191 -0.9801 0.1590
vn 0.0219 -0.9665 -0.2556
vn -0.0754 -0.9858 0.1501
vn -0.0020 -0.9976 0.0688
vn 0.1907 0.6682 -0.7191
vn 0.2439 0.8659 -0.4367
vn 0.2467 0.9449 -0.2150
vn 0.1017 -0.9889 -0.1087
vn 0.0366 -0.9959 -0.0827
vn 0.0711 -0.9968 -0.0358
vn -0.1327 -0.9843 0.1167
vn -0.0968 -0.9915 0.0867
vn 0.7317 0.5953 -0.3319
vn 0.1068 -0.0295 -0.9938
vn 0.8033 0.0486 -0.5935
vn -0.2551 -0.9361 0.2423
vn -0.1618 -0.9787 0.1261
vn -0.2747 -0.9614 0.0145
vn -0.2295 -0.9733 -0.0015
vn 0.0950 -0.9955 -0.0000
vn -0.0490 -0.9859 0.1601
vn -0.0246 -0.9963 0.0818
vn -0.0852 -0.9896 0.1160
vn 0.3275 -0.1707 -0.9293
vn 0.2644 -0.2049 -0.9424
vn -0.0284 -0.2898 -0.9567
vn 0.8670 -0.1893 -0.4609
vn 0.4320 -0.2700 -0.8605
vn -0.5185 -0.2123 -0.8283
vn 0.1367 -0.1139 -0.9840
vn -0.3987 0.1370 0.9068
vn 0.2959 -0.1422 -0.9446
vn 0.2543 -0.1461 -0.9560
vn 0.2438 -0.0982 -0.9649
vn -0.0673 0.2182 0.9736
vn 0.4783 -0.0467 -0.8770
vn 0.9949 0.0024 0.1009
vn 0.9903 0.0351 -0.1341
vn 0.9083 0.1561 0.3880
vn 0.9063 0.0757 0.4158
vn 0.6291 0.2820 0.7244
vn 0.8607 0.2370 0.4506
vn 0.2917 0.2462 0.9243
vn 0.8586 0.0314 -0.5117
vn 0.9459 0.0269 0.3233
vn -0.5585 -0.0141 -0.8294
vn -0.4771 -0.0833 -0.8749
vn -0.3074 0.0694 -0.9490
vn -0.5574 0.0702 -0.8273
vn -0.1895 0.1551 -0.9695
vn -0.2612 0.2461 -0.9334
vn -0.2896 0.0951 -0.9524
vn -0.2314 0.0482 -0.9717
vn 0.2409 0.1460 0.9595
vn -0.0482 0.1952 0.9796
vn -0.0283 0.2820 0.9590
vn 0.2542 0.2021 0.9458
vn -0.7408 -0.6713 -0.0236
vn -0.7079 -0.7042 -0.0546
vn -0.7550 -0.6131 -0.2326
vn -0.7975 -0.5507 -0.2462
vn -0.9443 -0.2677 0.1916
vn -0.8620 -0.5042 0.0524
vn -0.8763 -0.3498 -0.3313
vn -0.9597 -0.1637 -0.2286
vn -0.6008 -0.7961 -0.0717
vn -0.6097 -0.7433 -0.2752
vn -0.2200 -0.9728 0.0718
vn -0.0000 -0.9968 0.0799
vn -0.0000 -0.9166 -0.3998
vn -0.1726 -0.9180 -0.3570
vn -0.7713 -0.6364 -0.0099
vn -0.7999 -0.4875 -0.3500
vn -0.4313 -0.9020 -0.0195
vn -0.4127 -0.8469 -0.3352
vn -0.9968 0.0103 0.0797
vn -0.9931 -0.0286 -0.1140
vn -0.9969 -0.0559 -0.0553
vn -0.9989 0.0303 -0.0365
vn -0.9923 0.0716 0.1007
vn -0.9886 0.1489 0.0209
vn -0.7207 0.3192 0.6154
vn -0.9363 0.1975 0.2903
vn -0.9228 0.2637 0.2811
vn -0.6879 0.3604 0.6300
vn -0.9930 -0.0936 -0.0716
vn -0.9830 -0.0834 -0.1638
vn -0.4496 0.3036 0.8401
vn -0.3530 0.3593 0.8639
vn -0.0000 0.1902 0.9817
vn -0.0000 0.1376 0.9905
vn 0.3575 0.2486 0.9002
vn 0.0844 0.3833 0.9198
vn 0.1399 0.3808 0.9140
vn 0.3884 0.2459 0.8881
vn -0.2291 0.5498 0.8033
vn 0.0524 0.5082 0.8597
vn -0.2844 0.5387 -0.7930
vn -0.3822 0.6150 -0.6897
vn -0.5303 0.6960 -0.4841
vn -0.5832 0.7745 -0.2449
vn -0.5859 0.8102 -0.0176
vn -0.5628 0.7957 0.2238
vn -0.4201 0.6303 0.6529
vn -0.5164 0.7264 0.4535
vn -0.2540 -0.2693 -0.9290
vn -0.0000 -0.2550 -0.9669
vn -0.0000 -0.2461 -0.9692
vn -0.2875 -0.2160 -0.9331
vn -0.3024 0.4760 0.8258
vn -0.6508 0.4846 0.5845
vn -0.6109 0.5462 0.5730
vn -0.2795 0.5148 0.8105
vn -0.8709 0.3494 -0.3457
vn -0.8444 0.2036 -0.4954
vn -0.6184 0.4590 -0.6379
vn -0.7731 0.5497 -0.3163
vn -0.8481 0.4507 0.2786
vn -0.9042 0.4269 -0.0111
vn -0.8259 0.5627 0.0351
vn -0.7829 0.5488 0.2931
vn -0.7875 0.0038 -0.6163
vn -0.8243 0.0894 -0.5590
vn -0.9547 0.0995 -0.2805
vn -0.9649 0.0384 -0.2598
vn -0.8960 0.2288 -0.3804
vn -0.7149 0.3745 -0.5904
vn -0.2477 0.5679 0.7850
vn 0.1166 0.5392 0.8341
vn 0.1673 0.4577 0.8732
vn -0.2611 0.5534 0.7909
vn -0.5209 -0.1830 -0.8337
vn -0.6635 -0.2891 -0.6901
vn -0.5030 -0.1841 -0.8445
vn -0.3784 -0.0313 -0.9251
vn -0.5568 -0.2945 -0.7767
vn -0.4614 -0.2511 -0.8509
vn -0.7431 0.6640 0.0834
vn -0.6546 0.7433 0.1376
vn -0.6120 0.7011 0.3659
vn -0.6996 0.6409 0.3160
vn -0.4898 0.6322 0.6004
vn -0.5508 0.6050 0.5750
vn -0.2818 0.0786 -0.9562
vn -0.4993 0.2179 -0.8386
vn -0.5722 0.1063 -0.8132
vn -0.7179 0.6710 -0.1856
vn -0.6677 0.7394 -0.0866
vn -0.5688 0.6417 -0.5145
vn -0.6165 0.7093 -0.3419
vn -0.4119 0.6078 -0.6788
vn -0.4552 0.6767 -0.5787
vn -0.5596 0.5325 -0.6350
vn -0.3185 0.6280 -0.7101
vn -0.7253 0.2832 -0.6275
vn -0.4490 0.4851 -0.7504
vn 0.3370 0.5000 0.7978
vn -0.0000 0.5620 0.8271
vn -0.3453 0.4043 -0.8470
vn 0.4037 0.3581 0.8419
vn -0.0000 0.4028 0.9153
vn -0.0000 0.2409 0.9706
vn -0.0000 0.5934 0.8049
vn 0.3774 0.5309 0.7587
vn -0.0000 -0.3105 -0.9506
vn -0.2724 0.0038 -0.9622
vn -0.6545 -0.5384 -0.5308
vn -0.4738 -0.5901 -0.6537
vn -0.0000 -0.5389 -0.8423
vn -0.2135 -0.5624 -0.7988
vn -0.0000 -0.1315 -0.9913
vn -0.0000 0.0153 -0.9999
vn -0.0000 0.1144 -0.9934
vn -0.0000 0.2066 0.9784
vn 0.3026 0.2393 0.9226
vn -0.0000 0.2089 0.9779
vn -0.9405 -0.0381 -0.3377
vn -0.9913 -0.0268 -0.1290
vn -0.9791 0.0081 -0.2032
vn -0.9634 0.1330 -0.2329
vn -0.9610 0.2758 -0.0195
vn -0.8887 0.3635 0.2795
vn -0.6669 0.4299 0.6086
vn -0.3120 0.4259 0.8493
vn 0.0307 0.3471 0.9373
vn -0.7148 -0.4327 -0.5494
vn -0.7096 -0.3190 -0.6283
vn -0.6843 -0.2171 -0.6961
vn -0.7846 -0.1082 -0.6104
vn 0.2331 -0.9104 0.3418
vn 0.1073 -0.8720 0.4776
vn -0.0017 -0.8597 0.5109
vn 0.2346 -0.9136 0.3321
vn -0.0279 0.9743 -0.2233
vn 0.0625 0.8107 -0.5821
vn 0.0083 0.9500 -0.3123
vn -0.0495 0.9882 -0.1446
vn -0.0403 0.9809 -0.1905
vn 0.0300 0.9164 -0.3991
vn 0.0703 0.3997 0.9139
vn 0.0053 0.4358 0.9000
vn 0.0285 -0.2892 0.9569
vn 0.0833 -0.2617 0.9616
vn 0.1252 0.3891 0.9126
vn 0.1486 -0.2620 0.9536
vn 0.2518 -0.2383 0.9380
vn 0.2084 0.3811 0.9008
vn 0.1252 0.6334 -0.7636
vn 0.0281 0.8623 -0.5056
vn 0.2995 0.4617 -0.8349
vn 0.4273 -0.9012 0.0718
vn 0.4459 -0.8885 0.1085
vn 0.3066 -0.8756 0.3732
vn 0.1821 -0.8830 0.4327
vn 0.5904 -0.1527 -0.7925
vn 0.6487 -0.5979 -0.4709
vn 0.7007 -0.5786 -0.4174
vn 0.6183 -0.1224 -0.7763
vn -0.0190 0.9616 -0.2740
vn -0.0279 0.9959 -0.0856
vn 0.5490 -0.1895 -0.8141
vn 0.5757 -0.3325 -0.7470
vn 0.6887 -0.6225 -0.3718
vn 0.6903 -0.5789 -0.4340
vn 0.5317 -0.8390 0.1154
vn -0.0230 0.9771 -0.2117
vn 0.2360 0.3234 -0.9163
vn 0.3685 0.2033 -0.9071
vn 0.1251 -0.9207 0.3698
vn -0.0256 -0.8397 0.5425
vn 0.3859 0.1622 -0.9082
vn 0.3016 0.2036 -0.9314
vn 0.1701 0.3061 0.9367
vn 0.3018 -0.2272 0.9259
vn 0.0206 -0.1059 0.9942
vn -0.0730 0.2369 0.9688
vn 0.5641 -0.8123 0.1485
vn -0.0585 0.9634 -0.2615
vn -0.0407 0.9978 -0.0516
vn -0.3593 -0.6357 0.6832
vn -0.4514 0.2092 -0.8674
vn -0.8751 0.1102 -0.4712
vn -0.5377 -0.4175 -0.7325
vn -0.2825 -0.0718 -0.9566
vn -0.1168 -0.1254 -0.9852
vn -0.1685 -0.5922 -0.7880
vn -0.0275 0.0218 -0.9994
vn -0.0458 -0.4741 -0.8793
vn -0.9953 0.0972 -0.0040
vn -0.7882 -0.5858 -0.1884
vn -0.0624 -0.9482 -0.3114
vn -0.5235 -0.6142 0.5905
vn -0.1231 -0.8793 0.4600
vn -0.8336 -0.3551 0.4231
vn -0.6821 -0.3668 0.6326
vn -0.2470 -0.6890 0.6814
vn 0.0363 0.2940 -0.9551
vn 0.5936 -0.1015 -0.7984
vn 0.7359 -0.5714 -0.3631
vn 0.5167 -0.8349 0.1898
vn 0.2854 -0.8606 0.4218
vn -0.7651 0.6253 -0.1539
vn -0.6955 0.4755 0.5387
vn -0.2267 0.7071 0.6698
vn -0.2244 0.9678 -0.1139
vn -0.0398 0.5109 0.8587
vn -0.0174 0.8508 0.5252
vn -0.0476 0.8149 0.5777
vn -0.0712 0.3607 0.9299
vn -0.1426 0.2709 0.9520
vn -0.2022 0.7755 -0.5981
vn -0.5206 0.5845 -0.6223
vn -0.0557 0.9980 0.0304
vn -0.0599 0.9971 -0.0473
vn -0.8824 -0.3884 0.2657
vn -0.9217 -0.3253 -0.2112
vn -0.8079 -0.5560 -0.1953
vn -0.7981 -0.5985 0.0691
vn -0.1420 0.5704 -0.8090
vn -0.1255 0.8467 -0.5170
vn -0.1244 0.9178 -0.3770
vn -0.1917 0.7806 -0.5950
vn -0.0555 0.0206 0.9982
vn -0.0696 0.3224 0.9440
vn -0.0104 -0.4658 0.8848
vn 0.0214 -0.3890 0.9210
vn -0.0103 -0.9554 0.2952
vn 0.0621 -0.9600 0.2730
vn -0.2312 0.8353 0.4989
vn -0.2330 0.9652 -0.1186
vn -0.2066 0.9778 -0.0351
vn -0.1998 0.8573 0.4745
vn 0.0269 -0.7927 -0.6090
vn -0.0649 -0.7941 -0.6043
vn -0.0612 -0.0079 -0.9981
vn -0.1135 -0.0167 -0.9934
vn -0.2516 0.4680 -0.8472
vn -0.2744 -0.0941 -0.9570
vn -0.6530 -0.2380 -0.7189
vn -0.6315 0.1974 -0.7498
vn -0.1694 -0.1276 0.9772
vn -0.1720 -0.5914 0.7878
vn -0.1632 -0.9467 0.2776
vn -0.2386 -0.7929 -0.5608
vn -0.9819 -0.0164 -0.1887
vn -0.8892 -0.1148 0.4428
vn -0.7451 -0.4691 -0.4740
vn -0.8919 0.0329 -0.4510
vn -0.3244 0.4298 -0.8426
vn -0.1185 -0.2178 -0.9688
vn 0.5148 0.2846 -0.8087
vn 0.5938 -0.0738 -0.8012
vn 0.5885 -0.1835 -0.7874
vn 0.4726 0.2367 -0.8489
vn 0.0382 0.1029 -0.9940
vn 0.2995 0.2412 -0.9231
vn 0.0726 0.4762 -0.8763
vn -0.1363 0.4065 -0.9034
vn -0.9846 0.0544 0.1660
vn -0.7736 0.5525 -0.3103
vn -0.9898 -0.1299 -0.0587
vn -0.5027 0.8356 -0.2214
vn -0.1705 0.7657 -0.6203
vn -0.1884 0.8162 -0.5462
vn -0.6368 0.7468 -0.1918
vn -0.4609 -0.8312 0.3109
vn -0.6153 -0.7859 0.0603
vn -0.4171 -0.8824 -0.2176
vn -0.0133 -0.9994 0.0334
vn 0.5089 -0.4698 -0.7213
vn 0.5345 -0.5731 -0.6211
vn 0.5558 -0.2752 -0.7844
vn 0.2688 0.5671 -0.7786
vn 0.2360 0.5680 -0.7885
vn 0.0162 0.7723 -0.6351
vn -0.0075 0.7551 -0.6556
vn 0.2158 0.5494 -0.8072
vn 0.1288 -0.7479 -0.6512
vn -0.4031 0.7095 -0.5780
vn -0.8061 -0.4506 0.3836
vn -0.8659 -0.4992 0.0321
vn -0.7735 0.3670 0.5167
vn -0.9004 0.2102 0.3808
vn 0.0069 0.7271 -0.6865
vn 0.3092 -0.9079 0.2830
vn 0.1545 -0.9654 0.2100
vn 0.4579 -0.7919 -0.4041
vn 0.5739 -0.6718 -0.4683
vn 0.2338 -0.9107 -0.3406
vn -0.2826 0.7667 -0.5765
vn -0.1077 -0.7331 0.6715
vn -0.3082 -0.7848 0.5377
vn -0.5056 -0.3305 0.7970
vn -0.6734 -0.3809 0.6336
vn -0.2980 0.9506 0.0874
vn -0.2058 0.9760 0.0719
vn -0.1428 0.8149 0.5618
vn -0.2342 0.7638 0.6014
vn -0.5182 -0.1939 0.8330
vn -0.4236 0.1377 0.8953
vn 0.0219 -0.4865 0.8734
vn -0.0779 0.2402 0.9676
vn -0.0527 0.2867 0.9566
vn -0.0147 -0.4540 0.8909
vn -0.1358 0.8217 0.5536
vn -0.1375 0.9756 -0.1711
vn -0.1395 0.9779 -0.1556
vn -0.1073 0.8346 0.5402
vn -0.0628 0.5817 -0.8110
vn -0.1048 -0.2254 -0.9686
vn -0.0925 -0.1903 -0.9774
vn -0.0610 0.6042 -0.7945
vn -0.0544 -0.8409 -0.5385
vn 0.0878 -0.8453 -0.5270
vn 0.1166 -0.9652 0.2342
vn -0.0329 -0.9671 0.2524
vn -0.0989 0.6395 -0.7624
vn -0.1250 0.6578 -0.7428
vn -0.0824 -0.0989 -0.9917
vn -0.0319 -0.0985 -0.9946
vn -0.6936 0.6647 0.2776
vn -0.4492 0.5576 0.6981
vn -0.0783 0.7783 0.6230
vn -0.0974 0.9882 0.1179
vn -0.0562 -0.1025 0.9931
vn -0.0819 0.4348 0.8968
vn -0.4208 0.2314 0.8772
vn -0.3481 -0.2441 0.9051
vn -0.1025 -0.7550 0.6476
vn -0.2718 -0.7313 0.6255
vn -0.1949 -0.9710 -0.1386
vn -0.4124 -0.9023 -0.1259
vn -0.2462 -0.4829 -0.8404
vn -0.5670 -0.5517 -0.6117
vn -0.1295 0.3239 -0.9372
vn -0.0928 -0.4180 -0.9037
vn -0.2117 0.1683 -0.9627
vn -0.9082 -0.1362 0.3957
vn -0.9579 -0.2489 -0.1430
vn -0.7981 -0.5992 -0.0637
vn -0.7518 -0.4887 0.4427
vn -0.5354 -0.7422 0.4032
vn -0.5906 -0.8042 0.0669
vn -0.7091 -0.1550 -0.6879
vn -0.1210 0.3082 0.9436
vn -0.5593 -0.6760 -0.4798
vn -0.5051 -0.8454 0.1736
vn -0.5323 -0.5640 0.6314
vn -0.5748 0.8105 -0.1125
vn -0.5550 0.8265 -0.0941
vn -0.7219 0.3527 0.5954
vn -0.7517 0.3201 0.5766
vn -0.0765 0.6999 -0.7101
vn -0.1157 0.5946 -0.7957
vn -0.1086 0.8845 -0.4537
vn -0.0022 0.8931 -0.4499
vn -0.8154 0.4316 -0.3857
vn -0.8949 0.3206 0.3103
vn -0.5589 0.3753 -0.7394
vn 0.0884 0.1756 0.9805
vn 0.1575 0.1352 0.9782
vn 0.1431 -0.4499 0.8815
vn 0.0009 -0.3516 0.9362
vn -0.0508 0.3389 -0.9395
vn -0.0652 -0.4241 -0.9033
vn -0.0799 -0.4088 -0.9091
vn -0.0986 0.2655 -0.9590
vn -0.3329 0.9344 0.1270
vn -0.1953 0.6168 0.7625
vn -0.5974 0.5620 0.5721
vn -0.4255 0.8382 0.3412
vn -0.2913 0.9565 -0.0187
vn -0.4829 0.8756 -0.0114
vn -0.7475 0.6481 -0.1457
vn -0.2822 0.5992 -0.7492
vn -0.1398 0.7812 0.6084
vn 0.0564 0.2449 0.9679
vn -0.4149 0.2312 0.8800
vn -0.2973 0.5915 0.7495
vn -0.5945 0.7713 0.2273
vn -0.8147 0.5529 0.1750
vn -0.0815 -0.1892 0.9785
vn -0.6376 -0.2036 0.7430
vn -0.2551 -0.3271 -0.9099
vn -0.8759 -0.2469 -0.4145
vn 0.0469 -0.9989 -0.0062
vn -0.5863 -0.8020 0.1139
vn -0.9154 -0.0529 0.3991
vn -0.6734 -0.2006 0.7115
vn -0.0731 -0.9400 -0.3332
vn -0.0372 -0.9566 -0.2891
vn -0.0425 0.9544 0.2955
vn -0.0345 0.9962 0.0797
vn -0.0215 0.9954 0.0938
vn -0.0525 0.9355 0.3493
vn -0.0856 0.7475 0.6587
vn 0.0676 0.7912 0.6078
vn 0.0283 0.7986 0.6012
vn -0.0511 0.9969 0.0592
vn -0.0212 0.9573 0.2882
vn 0.0067 0.9414 0.3373
vn -0.0543 0.9961 0.0694
vn -0.0212 0.7219 0.6917
vn 0.0201 0.9225 0.3854
vn -0.0317 0.9953 0.0911
vn -0.0428 0.8126 0.5813
vn 0.1023 0.7611 0.6406
vn -0.0452 0.9940 0.0996
vn -0.0655 0.9588 0.2765
vn -0.4785 0.8755 -0.0671
vn 0.3334 -0.2658 -0.9046
vn -0.0350 0.0241 -0.9991
vn 0.3694 -0.3880 -0.8444
vn 0.5810 -0.7265 -0.3669
vn 0.4637 -0.0981 -0.8805
vn -0.1862 0.5107 -0.8394
vn 0.0532 0.5691 -0.8205
vn -0.3225 0.8419 -0.4326
vn -0.3282 0.7856 -0.5245
vn 0.3827 -0.8701 0.3105
vn -0.0348 -0.6527 0.7568
vn -0.3781 -0.2831 0.8814
vn -0.6428 0.4236 0.6382
vn -0.3081 0.9460 0.1004
vn -0.3017 0.8310 -0.4673
vn -0.1386 0.9070 -0.3976
vn -0.1280 0.9909 0.0416
vn -0.1863 0.3987 -0.8980
vn -0.1320 0.7555 -0.6418
vn -0.1037 0.9042 0.4144
vn -0.1611 0.6309 0.7589
vn -0.4958 0.3918 -0.7750
vn -0.7408 0.5781 -0.3420
vn -0.0117 0.9988 0.0473
vn -0.0091 -0.9805 -0.1965
vn 0.0095 -0.7865 0.6175
vn -0.0180 -0.0946 0.9953
vn -0.0894 0.5340 0.8407
vn -0.0786 0.8249 0.5597
vn -0.7344 0.4849 0.4749
vn -0.4614 0.2550 0.8497
vn -0.1586 0.3990 0.9031
vn -0.1537 0.8186 0.5534
vn -0.1942 -0.5271 0.8273
vn -0.2158 -0.0021 0.9764
vn -0.6278 -0.2040 0.7511
vn -0.5227 -0.5782 0.6265
vn -0.1771 -0.9578 0.2263
vn -0.4198 -0.8862 0.1960
vn -0.2126 -0.7809 -0.5873
vn -0.4537 -0.7464 -0.4869
vn -0.2338 -0.1175 -0.9652
vn -0.5388 -0.3272 -0.7763
vn -0.1141 0.6006 -0.7914
vn -0.0632 -0.0265 -0.9976
vn -0.2285 0.4366 -0.8701
vn -0.9408 -0.2514 0.2275
vn -0.9398 -0.1559 -0.3041
vn -0.7984 -0.4573 -0.3916
vn -0.8101 -0.5724 0.1269
vn -0.6510 -0.7589 0.0146
vn -0.6729 -0.6769 -0.2984
vn -0.5943 0.1274 -0.7941
vn -0.1078 0.8913 -0.4405
vn -0.1847 0.7905 -0.5839
vn -0.1726 0.9797 -0.1020
vn -0.0436 0.9985 -0.0340
vn -0.1287 0.9916 0.0091
vn -0.1368 0.8897 0.4355
vn -0.1446 0.7757 -0.6143
vn -0.1308 0.9318 -0.3386
vn -0.1276 0.6491 0.7499
vn -0.1090 0.3658 0.9243
vn -0.5864 0.5129 -0.6269
vn -0.7420 0.6528 -0.1526
vn -0.0486 0.8841 0.4648
vn -0.0046 -0.7990 -0.6013
vn 0.0006 -0.9695 0.2452
vn -0.0451 -0.4530 0.8904
vn -0.1106 0.1782 0.9778
vn -0.1216 0.5364 0.8352
vn -0.0231 0.0168 -0.9996
vn 0.0859 -0.8027 -0.5901
vn 0.1006 -0.9535 0.2842
vn 0.0128 -0.4070 0.9133
vn -0.8492 0.4540 -0.2698
vn -0.7278 0.5886 0.3519
vn -0.2230 0.9361 0.2719
vn -0.2337 0.9020 -0.3630
vn -0.1474 0.8569 0.4939
vn -0.1392 0.9873 0.0770
vn -0.0780 0.9859 0.1483
vn -0.1180 0.7781 0.6169
vn -0.1726 0.6924 0.7006
vn -0.2227 0.5439 -0.8091
vn -0.6386 0.2404 -0.7310
vn -0.1349 0.9001 -0.4143
vn -0.0706 0.9166 -0.3934
vn -0.8566 -0.4421 0.2660
vn -0.8672 -0.4878 -0.1001
vn -0.7896 -0.6131 -0.0267
vn -0.7833 -0.5851 0.2101
vn 0.5664 -0.4061 -0.7171
vn 0.5397 -0.3295 -0.7747
vn 0.1877 0.5786 -0.7937
vn 0.4137 0.1060 -0.9042
vn 0.5607 -0.2121 -0.8004
vn -0.1825 0.6231 0.7606
vn -0.3508 0.9253 0.1438
vn -0.2040 0.3016 -0.9313
vn -0.0196 -0.4352 -0.9001
vn -0.0152 -0.4313 -0.9021
vn 0.1131 -0.9745 -0.1938
vn 0.0816 -0.9685 -0.2351
vn -0.0382 -0.0871 0.9955
vn -0.0206 -0.1390 0.9901
vn -0.1122 0.6360 0.7635
vn -0.0521 0.6503 0.7579
vn -0.1432 0.9866 0.0783
vn -0.0680 0.9920 0.1063
vn -0.0489 -0.4822 -0.8747
vn -0.0596 -0.5018 -0.8629
vn -0.0534 0.2798 -0.9586
vn -0.0056 0.2755 -0.9613
vn -0.0125 -0.0970 0.9952
vn -0.0045 -0.0980 0.9952
vn 0.0925 -0.7962 0.5980
vn 0.0652 -0.7971 0.6003
vn 0.0254 -0.9438 -0.3296
vn 0.0715 -0.9369 -0.3422
vn 0.0970 -0.8117 0.5759
vn 0.0590 -0.8119 0.5808
vn -0.2293 0.9571 0.1770
vn -0.1939 0.9756 0.1029
vn -0.0858 0.6357 0.7671
vn -0.1021 0.6092 0.7864
vn 0.0107 -0.7867 -0.6172
vn 0.0425 -0.9526 0.3011
vn -0.0081 0.8070 0.5906
vn -0.0061 0.3056 0.9521
vn -0.0473 0.3272 0.9438
vn -0.0844 0.8224 0.5626
vn -0.1154 0.1209 -0.9859
vn -0.2445 -0.7511 -0.6133
vn -0.2189 -0.7355 -0.6412
vn -0.0877 0.1464 -0.9853
vn 0.0010 -0.3896 0.9210
vn -0.1306 0.8787 0.4592
vn -0.2195 0.9754 0.0215
vn -0.2050 0.9779 -0.0408
vn -0.2045 0.8819 -0.4248
vn -0.3064 0.8233 -0.4778
vn -0.2546 0.9655 -0.0549
vn -0.1852 0.9492 -0.2544
vn -0.1056 0.7530 -0.6494
vn -0.1655 0.7387 -0.6534
vn -0.0320 0.6861 0.7268
vn -0.0185 0.6560 0.7546
vn -0.2095 0.9219 0.3258
vn -0.3498 0.9278 0.1298
vn 0.5523 -0.4190 -0.7207
vn 0.5036 0.0358 -0.8632
vn 0.4115 0.2150 -0.8857
vn 0.3016 0.1912 -0.9341
vn 0.3625 0.3486 -0.8643
vn 0.2078 0.0839 -0.9746
vn 0.3672 -0.0435 -0.9291
vn -0.1974 0.4984 -0.8442
vn 0.0865 0.2486 -0.9647
vn -0.2764 0.2968 -0.9141
vn -0.0927 0.3993 -0.9121
vn 0.0944 0.4166 -0.9042
vn 0.0796 0.9778 -0.1937
vn 0.0445 0.9089 -0.4146
vn 0.1574 0.9352 0.3171
vn 0.1115 0.9931 0.0353
vn 0.2835 0.7384 0.6118
vn 0.2066 0.9034 0.3757
vn 0.0486 0.9148 -0.4009
vn 0.0831 0.7618 -0.6425
vn -0.1481 0.9890 -0.0022
vn 0.0239 0.9958 0.0883
vn -0.0748 0.8344 0.5460
vn 0.0237 0.9425 0.3332
vn -0.4901 0.7594 -0.4278
vn -0.4680 0.8784 0.0966
vn -0.6914 0.6439 0.3275
vn -0.6900 0.4399 -0.5748
vn -0.4937 0.7617 -0.4196
vn -0.7196 -0.3056 0.6235
vn -0.5792 -0.4222 -0.6973
vn -0.1515 0.3332 -0.9306
vn -0.1363 0.5994 0.7888
vn -0.0764 -0.3805 0.9216
vn -0.0444 -0.4409 -0.8965
vn -0.1913 0.9370 0.2922
vn 0.0249 0.9037 0.4275
vn 0.0635 0.4348 0.8983
vn -0.1170 0.9769 0.1788
vn -0.0104 0.9999 -0.0024
vn -0.0450 0.9626 -0.2671
vn -0.2050 0.9206 -0.3324
vn -0.2282 0.9699 -0.0846
vn -0.0420 0.9412 -0.3352
vn -0.0192 0.5162 -0.8562
vn -0.0443 0.8872 -0.4594
vn -0.0746 0.5750 -0.8147
vn -0.0335 -0.3430 0.9387
vn -0.0089 0.8532 -0.5216
vn 0.1216 0.8152 -0.5662
vn 0.1573 0.7069 -0.6896
vn -0.0566 0.1301 -0.9899
vn -0.1046 0.0837 -0.9910
vn -0.0610 0.4360 -0.8979
vn -0.1703 0.0997 -0.9803
vn 0.2279 0.4955 -0.8382
vn 0.0308 0.6550 -0.7550
vn 0.0241 0.4674 -0.8837
vn -0.0388 -0.9267 -0.3739
vn -0.1269 -0.8858 0.4464
vn -0.1803 -0.8785 0.4423
vn -0.0792 -0.8644 0.4965
vn -0.3462 -0.9292 0.1295
vn -0.1725 -0.8247 0.5385
vn -0.3427 -0.9292 -0.1381
vn -0.1865 -0.9415 -0.2807
vn -0.4832 -0.8745 -0.0421
vn -0.4511 -0.8204 -0.3513
vn -0.4633 -0.8663 0.1868
vn -0.2899 -0.8825 0.3703
vn -0.4436 -0.2163 0.8698
vn 0.0173 -0.4118 0.9111
vn -0.9943 -0.0060 -0.1067
vn -0.4053 0.2652 -0.8749
vn -0.3741 -0.9236 -0.0831
vn -0.2820 -0.7595 -0.5863
vn -0.0085 -0.9402 0.3405
vn -0.1879 -0.9796 0.0714
vn -0.0545 -0.8774 0.4766
vn -0.0701 -0.9975 0.0119
vn -0.0612 -0.9980 -0.0174
vn -0.0704 -0.9945 -0.0778
vn -0.1198 -0.9786 -0.1670
vn -0.0507 -0.9984 -0.0263
vn -0.1917 -0.9791 -0.0685
vn 0.0253 -0.9982 -0.0545
vn -0.0431 -0.9887 -0.1437
vn -0.1427 -0.9535 -0.2654
vn -0.4035 -0.3813 0.8317
vn -0.4693 -0.3702 0.8017
vn -0.0915 -0.7209 0.6870
vn -0.1048 -0.7620 0.6390
vn 0.3424 -0.9103 0.2326
vn 0.3001 -0.9221 0.2442
vn 0.5268 -0.8328 -0.1702
vn 0.3770 -0.9197 -0.1099
vn 0.3096 -0.6195 -0.7214
vn 0.0705 -0.0313 -0.9970
vn -0.6577 0.7080 -0.2573
vn -0.7997 0.3169 0.5100
vn -0.5522 -0.2964 0.7792
vn -0.1250 -0.7127 0.6902
vn 0.3088 -0.8704 0.3836
vn 0.4109 -0.9094 0.0646
vn 0.4842 -0.6933 -0.5338
vn 0.2800 -0.1618 -0.9463
vn -0.0794 0.1751 -0.9813
vn -0.4874 0.5834 -0.6496
vn -0.2450 -0.6549 0.7148
vn -0.1439 -0.9856 0.0883
vn -0.0105 -0.6818 0.7315
vn 0.0808 -0.9822 0.1694
vn -0.0037 -0.8122 0.5834
vn 0.0833 -0.7638 0.6401
vn 0.2050 -0.7486 0.6305
vn 0.2893 -0.7508 0.5938
vn -0.1848 -0.9793 -0.0825
vn -0.1673 -0.9849 0.0446
vn -0.0563 -0.9820 0.1802
vn 0.0965 -0.9632 0.2510
vn 0.2414 -0.9429 0.2296
vn 0.0920 -0.9148 0.3933
vn 0.0502 -0.9987 0.0078
vn 0.2577 -0.8702 0.4199
vn 0.1968 -0.8612 0.4686
vn 0.2760 -0.8818 0.3825
vn 0.3869 -0.8557 0.3438
vn 0.3295 -0.8830 0.3342
vn 0.1094 -0.9175 0.3824
vn 0.3769 -0.8393 0.3919
vn 0.3445 -0.8243 0.4493
vn -0.2095 -0.8627 0.4603
vn -0.5505 -0.7426 0.3815
vn -0.4389 -0.8932 0.0977
vn -0.3013 -0.9523 0.0492
vn 0.4172 -0.9018 0.1122
vn 0.4129 -0.8460 0.3373
vn 0.5636 -0.8094 -0.1650
vn 0.6118 -0.5372 -0.5805
vn 0.4890 -0.0003 -0.8723
vn -0.3154 -0.9389 -0.1376
vn -0.2528 -0.9227 -0.2910
vn -0.1866 -0.9641 -0.1891
vn -0.4310 -0.9017 0.0338
vn 0.2256 -0.9643 -0.1389
vn 0.1882 -0.9821 -0.0073
vn 0.1794 -0.9829 0.0407
vn 0.3638 -0.9295 -0.0600
vn -0.0211 -0.9984 -0.0529
vn -0.1643 -0.9782 0.1270
vn 0.1785 -0.9838 -0.0155
vn -0.0142 -0.9691 -0.2463
vn 0.0535 -0.9837 0.1717
vn 0.1435 -0.9592 0.2438
vn 0.4174 -0.8358 0.3568
vn 0.0979 -0.5500 0.8294
vn 0.5694 -0.8100 -0.1407
vn 0.6323 -0.4769 -0.6105
vn -0.5080 0.8610 -0.0242
vn -0.3564 0.8713 -0.3373
vn -0.0253 0.6801 -0.7327
vn -0.5444 0.4606 0.7010
vn 0.5010 0.0078 -0.8654
vn -0.1824 -0.2675 0.9461
vn 0.4240 0.1915 -0.8852
vn 0.3080 0.3457 -0.8864
vn 0.5567 -0.8073 -0.1961
vn 0.4305 -0.7959 0.4256
vn 0.1227 -0.4865 0.8650
vn -0.1219 -0.1701 0.9779
vn -0.4369 0.4051 0.8031
vn -0.4685 0.8828 0.0340
vn -0.3611 0.8479 -0.3881
vn -0.1238 0.3248 -0.9377
vn -0.1031 0.6718 -0.7335
vn -0.1160 0.7159 -0.6885
vn -0.1432 0.4266 -0.8930
vn -0.0995 0.4308 0.8970
vn -0.0482 -0.1445 0.9883
vn 0.0216 -0.1224 0.9922
vn -0.1087 -0.8165 0.5670
vn -0.1656 -0.9377 -0.3053
vn -0.0603 -0.3148 -0.9472
vn -0.1646 -0.3579 -0.9191
vn -0.2801 0.0719 -0.9573
vn -0.3769 -0.4633 -0.8020
vn -0.6531 -0.5291 -0.5417
vn -0.7211 -0.2637 -0.6406
vn -0.2346 0.2325 0.9439
vn -0.2814 -0.3502 0.8934
vn -0.3592 -0.7769 0.5172
vn -0.4152 -0.8869 -0.2024
vn -0.9438 -0.3101 -0.1144
vn -0.9220 -0.1114 0.3708
vn -0.6261 -0.0111 0.7797
vn -0.4143 0.5226 0.7451
vn -0.2083 0.8672 -0.4523
vn -0.6003 -0.7953 -0.0839
vn -0.5918 -0.7297 0.3425
vn -0.6319 -0.4455 0.6342
vn 0.2671 0.5002 -0.8237
vn 0.4046 0.2047 -0.8913
vn 0.4322 0.1478 -0.8896
vn -0.0983 0.1015 -0.9900
vn -0.0684 0.8014 -0.5942
vn -0.0986 0.7931 -0.6011
vn -0.0886 0.1083 -0.9902
vn -0.0495 -0.2943 -0.9544
vn -0.1590 0.3952 -0.9048
vn -0.0214 -0.9507 -0.3093
vn 0.0800 -0.9619 -0.2615
vn 0.1241 -0.8412 0.5263
vn 0.0066 -0.8383 0.5452
vn 0.1010 -0.8165 -0.5684
vn 0.1330 -0.9529 0.2727
vn -0.2427 0.8361 -0.4920
vn 0.0230 -0.1061 0.9941
vn -0.0051 -0.4027 0.9153
vn -0.0288 -0.9463 0.3219
vn -0.0359 -0.9615 0.2724
vn -0.0294 -0.4318 0.9015
vn 0.0006 -0.4220 -0.9066
vn 0.0743 -0.9853 -0.1535
vn -0.0382 -0.9873 -0.1540
vn -0.0446 -0.4290 -0.9022
vn 0.0671 -0.7646 0.6410
vn -0.0500 -0.7768 0.6278
vn 0.0001 -0.4142 -0.9102
vn -0.0456 -0.9760 -0.2128
vn -0.0192 -0.9884 -0.1505
vn 0.0093 -0.4105 -0.9118
vn -0.0267 0.5965 0.8022
vn -0.0613 0.9979 0.0212
vn -0.1202 0.7771 -0.6178
vn -0.0621 0.2787 -0.9584
vn -0.0819 0.2817 -0.9560
vn -0.0760 0.7984 -0.5973
vn -0.3448 0.7662 -0.5422
vn -0.0964 -0.8249 0.5570
vn -0.0743 -0.7890 0.6098
vn -0.0864 -0.2430 0.9662
vn -0.0917 -0.2031 0.9749
vn -0.0070 0.9994 0.0325
vn 0.0158 0.7765 -0.6299
vn 0.0403 0.7712 -0.6354
vn 0.0184 0.9981 0.0587
vn 0.0084 0.2741 -0.9617
vn 0.0139 0.2796 -0.9600
vn -0.0328 -0.2620 0.9645
vn -0.1371 0.8365 -0.5306
vn -0.0689 0.8436 -0.5325
vn -0.0641 0.9789 0.1940
vn -0.1476 0.9684 0.2011
vn -0.0464 0.5877 0.8077
vn -0.1028 0.5686 0.8161
vn -0.0119 -0.1610 0.9869
vn 0.0307 -0.1998 0.9794
vn -0.1366 -0.9675 -0.2126
vn -0.0587 -0.9810 -0.1850
vn -0.0240 -0.4395 -0.8979
vn -0.0606 -0.3485 -0.9354
vn -0.0700 0.3425 -0.9369
vn -0.0890 0.2973 -0.9506
vn -0.0345 0.8454 -0.5331
vn -0.0358 0.8509 -0.5240
vn -0.0270 0.5999 0.7996
vn -0.0472 0.5775 0.8150
vn -0.0405 -0.2119 0.9765
vn -0.0472 -0.2043 0.9778
vn -0.0499 -0.8402 0.5400
vn -0.1244 -0.8319 0.5408
vn -0.0536 0.9875 0.1479
vn -0.0364 0.9836 0.1767
vn -0.0600 -0.9682 -0.2427
vn -0.0781 -0.8369 0.5417
vn 0.0360 -0.4132 0.9099
vn -0.1152 0.3348 0.9352
vn -0.0339 -0.0407 -0.9986
vn -0.0395 0.8707 0.4902
vn -0.0386 0.8529 0.5206
vn -0.0637 0.2436 0.9678
vn -0.0117 0.3020 0.9532
vn -0.1583 0.7029 -0.6935
vn -0.0329 -0.4853 0.8737
vn -0.0651 -0.4950 0.8665
vn -0.0843 -0.9650 0.2485
vn -0.1287 -0.9552 0.2664
vn -0.0680 0.9774 -0.2003
vn -0.0390 0.9775 -0.2075
vn 0.0880 0.9922 -0.0880
vn 0.0205 0.7330 -0.6799
vn 0.0342 0.7468 -0.6641
vn 0.1059 0.9922 -0.0660
vn 0.1685 -0.4567 0.8735
vn -0.0215 -0.9383 0.3452
vn 0.1380 0.8110 0.5686
vn 0.1581 0.7797 0.6059
vn -0.0581 -0.7605 -0.6467
vn -0.0778 -0.7770 -0.6247
vn 0.0826 -0.4463 0.8910
vn 0.1558 0.2186 0.9633
vn 0.1204 0.2699 0.9553
vn 0.0174 -0.4438 0.8960
vn -0.0944 0.9951 0.0294
vn -0.0202 0.9971 0.0728
vn -0.1401 0.8443 -0.5173
vn -0.1530 0.9778 0.1430
vn -0.0814 0.0344 -0.9961
vn -0.2386 0.7607 -0.6037
vn 0.1070 0.7426 0.6611
vn 0.2048 0.1663 0.9646
vn -0.2002 -0.7861 -0.5848
vn -0.1455 0.0960 -0.9847
vn -0.1384 0.7380 -0.6605
vn 0.0219 -0.4092 -0.9122
vn 0.0643 -0.9868 -0.1489
vn 0.0307 -0.7690 0.6386
vn -0.0445 -0.1801 0.9826
vn -0.0554 0.6247 0.7789
vn -0.0881 0.6300 0.7716
vn -0.0801 0.9955 0.0516
vn -0.0558 0.7818 -0.6210
vn -0.0227 0.2748 -0.9612
vn -0.2076 0.9709 0.1194
vn -0.0991 0.6419 0.7604
vn -0.0198 -0.0832 0.9963
vn -0.0458 -0.4474 -0.8932
vn 0.0190 -0.9756 -0.2186
vn -0.0150 -0.7899 0.6131
vn -0.2271 0.7924 -0.5662
vn -0.1597 0.2736 -0.9485
vn -0.1330 0.9740 0.1832
vn -0.1218 0.8462 -0.5187
vn -0.0928 0.5673 0.8183
vn 0.0299 -0.2152 0.9761
vn 0.1378 -0.8424 0.5210
vn 0.1066 -0.9733 -0.2031
vn -0.0760 0.2769 -0.9579
vn -0.0020 -0.4932 -0.8699
vn 0.0420 -0.8236 0.5656
vn 0.0219 -0.9392 -0.3427
vn -0.1932 0.9629 0.1885
vn -0.1935 0.8405 -0.5062
vn -0.0970 0.5957 0.7974
vn -0.0047 -0.1126 0.9936
vn -0.1241 0.3747 -0.9188
vn -0.0558 -0.2974 -0.9531
vn -0.2112 0.8350 0.5082
vn -0.2366 0.9610 -0.1433
vn -0.1583 0.6690 -0.7262
vn -0.0678 -0.0583 -0.9960
vn -0.0018 -0.9586 0.2847
vn -0.0085 -0.4261 0.9046
vn -0.0150 -0.8222 -0.5690
vn -0.0969 0.3195 0.9426
vn -0.0194 -0.1679 -0.9856
vn 0.0544 -0.8721 -0.4862
vn -0.1139 -0.8807 -0.4598
vn -0.0028 -0.5481 0.8364
vn -0.0850 0.2277 0.9700
vn -0.1013 0.8362 0.5390
vn 0.0768 -0.9618 0.2627
vn -0.0954 0.9791 -0.1794
vn -0.0642 0.6198 -0.7821
vn -0.0074 -0.4455 0.8953
vn 0.0262 0.3370 0.9411
vn -0.1475 -0.9489 0.2791
vn -0.0833 -0.9600 0.2674
vn -0.0991 -0.7470 -0.6574
vn -0.0758 0.1119 -0.9908
vn -0.0457 0.7836 -0.6196
vn -0.0094 0.8456 0.5338
vn -0.0316 0.9990 -0.0317
vn -0.1146 0.7805 0.6146
vn -0.0494 0.3002 0.9526
vn 0.0102 -0.3904 0.9206
vn -0.0009 -0.9595 0.2817
vn -0.0985 0.0043 -0.9951
vn -0.1666 0.8123 -0.5589
vn -0.0603 -0.7851 -0.6164
vn -0.1653 0.9799 0.1115
vn -0.0112 0.5927 0.8054
vn 0.0196 -0.1934 0.9809
vn 0.0010 0.2679 -0.9634
vn 0.0356 -0.4864 -0.8730
vn -0.0489 0.2607 -0.9642
vn -0.0488 0.7684 -0.6381
vn -0.0465 0.6143 0.7877
vn -0.0319 -0.4270 -0.9037
vn -0.0530 -0.8498 0.5244
vn -0.0172 -0.9702 -0.2417
vn -0.0786 0.5706 -0.8174
vn -0.1305 0.9718 -0.1963
vn -0.0403 0.8564 0.5148
vn -0.0715 -0.9614 0.2657
vn -0.1493 -0.8887 -0.4336
vn 0.0713 0.3079 0.9487
vn 0.0614 -0.4896 0.8698
vn -0.1594 -0.8802 -0.4470
vn -0.0707 -0.2091 -0.9753
vn -0.1041 -0.9415 0.3206
vn -0.0956 0.9953 -0.0157
vn 0.5585 -0.0141 -0.8294
vn 0.5574 0.0702 -0.8273
vn 0.3074 0.0694 -0.9490
vn 0.4771 -0.0833 -0.8749
vn 0.1895 0.1551 -0.9695
vn 0.2314 0.0482 -0.9717
vn 0.2896 0.0951 -0.9524
vn 0.2612 0.2461 -0.9334
vn -0.2409 0.1460 0.9595
vn -0.2542 0.2021 0.9458
vn 0.0283 0.2820 0.9590
vn 0.0482 0.1952 0.9796
vn 0.7408 -0.6713 -0.0236
vn 0.7975 -0.5507 -0.2462
vn 0.7550 -0.6131 -0.2326
vn 0.7079 -0.7042 -0.0546
vn 0.9443 -0.2677 0.1916
vn 0.9597 -0.1637 -0.2286
vn 0.8763 -0.3498 -0.3313
vn 0.8620 -0.5042 0.0524
vn 0.6097 -0.7433 -0.2752
vn 0.6008 -0.7961 -0.0717
vn 0.2200 -0.9728 0.0718
vn 0.1726 -0.9180 -0.3570
vn 0.7999 -0.4875 -0.3500
vn 0.7713 -0.6364 -0.0099
vn 0.4313 -0.9020 -0.0195
vn 0.4127 -0.8470 -0.3352
vn 0.9968 0.0103 0.0797
vn 0.9989 0.0303 -0.0365
vn 0.9969 -0.0559 -0.0553
vn 0.9931 -0.0286 -0.1140
vn 0.9923 0.0716 0.1007
vn 0.9886 0.1489 0.0209
vn 0.7207 0.3192 0.6154
vn 0.6879 0.3604 0.6300
vn 0.9228 0.2636 0.2811
vn 0.9363 0.1975 0.2903
vn 0.9930 -0.0936 -0.0716
vn 0.9830 -0.0834 -0.1638
vn 0.4496 0.3036 0.8401
vn 0.3530 0.3593 0.8639
vn -0.3575 0.2486 0.9002
vn -0.3884 0.2459 0.8881
vn -0.1399 0.3808 0.9140
vn -0.0844 0.3833 0.9198
vn 0.2291 0.5498 0.8033
vn -0.0524 0.5082 0.8597
vn 0.2844 0.5387 -0.7930
vn 0.3822 0.6150 -0.6897
vn 0.5303 0.6960 -0.4841
vn 0.5832 0.7745 -0.2449
vn 0.5859 0.8102 -0.0176
vn 0.5628 0.7957 0.2238
vn 0.4201 0.6303 0.6529
vn 0.5164 0.7264 0.4535
vn 0.2540 -0.2693 -0.9290
vn 0.2875 -0.2160 -0.9331
vn 0.3024 0.4760 0.8258
vn 0.2795 0.5147 0.8105
vn 0.6109 0.5462 0.5730
vn 0.6508 0.4846 0.5845
vn 0.8709 0.3494 -0.3457
vn 0.7731 0.5497 -0.3163
vn 0.6184 0.4590 -0.6379
vn 0.8444 0.2036 -0.4954
vn 0.8481 0.4507 0.2786
vn 0.7829 0.5488 0.2931
vn 0.8259 0.5627 0.0351
vn 0.9042 0.4269 -0.0111
vn 0.7875 0.0038 -0.6163
vn 0.8243 0.0894 -0.5590
vn 0.9547 0.0995 -0.2805
vn 0.7149 0.3745 -0.5904
vn 0.8960 0.2288 -0.3804
vn 0.9649 0.0384 -0.2598
vn 0.2477 0.5679 0.7850
vn 0.2611 0.5534 0.7909
vn -0.1673 0.4577 0.8732
vn -0.1166 0.5392 0.8341
vn 0.5209 -0.1830 -0.8337
vn 0.3784 -0.0313 -0.9251
vn 0.5030 -0.1841 -0.8445
vn 0.6635 -0.2891 -0.6901
vn 0.4614 -0.2511 -0.8509
vn 0.5568 -0.2945 -0.7767
vn 0.7431 0.6640 0.0834
vn 0.6996 0.6409 0.3160
vn 0.6120 0.7011 0.3659
vn 0.6546 0.7433 0.1376
vn 0.5508 0.6050 0.5750
vn 0.4898 0.6322 0.6004
vn 0.2818 0.0786 -0.9562
vn 0.5722 0.1063 -0.8132
vn 0.4993 0.2179 -0.8386
vn 0.7179 0.6710 -0.1856
vn 0.6677 0.7393 -0.0866
vn 0.5688 0.6417 -0.5145
vn 0.6165 0.7093 -0.3419
vn 0.4119 0.6078 -0.6788
vn 0.4552 0.6767 -0.5787
vn 0.5596 0.5325 -0.6350
vn 0.3185 0.6280 -0.7101
vn 0.7253 0.2832 -0.6275
vn 0.4490 0.4851 -0.7504
vn -0.3370 0.5000 0.7978
vn 0.3453 0.4043 -0.8470
vn -0.4037 0.3581 0.8419
vn -0.3774 0.5309 0.7587
vn 0.2724 0.0038 -0.9622
vn 0.4738 -0.5901 -0.6537
vn 0.6545 -0.5384 -0.5308
vn 0.2135 -0.5624 -0.7988
vn -0.3026 0.2393 0.9226
vn 0.9405 -0.0381 -0.3377
vn 0.9913 -0.0268 -0.1290
vn 0.9791 0.0081 -0.2032
vn 0.9634 0.1330 -0.2329
vn 0.9610 0.2758 -0.0195
vn 0.8887 0.3635 0.2795
vn 0.6669 0.4299 0.6086
vn 0.3120 0.4259 0.8493
vn -0.0307 0.3471 0.9373
vn 0.7148 -0.4327 -0.5494
vn 0.7096 -0.3190 -0.6283
vn 0.6843 -0.2171 -0.6961
vn 0.7846 -0.1082 -0.6104
vn -0.2331 -0.9104 0.3418
vn -0.2346 -0.9136 0.3321
vn 0.0017 -0.8597 0.5109
vn -0.1073 -0.8720 0.4776
vn 0.0279 0.9743 -0.2233
vn -0.0625 0.8107 -0.5821
vn -0.0083 0.9500 -0.3123
vn -0.0300 0.9164 -0.3991
vn 0.0403 0.9809 -0.1905
vn 0.0495 0.9882 -0.1446
vn -0.0703 0.3997 0.9139
vn -0.0833 -0.2617 0.9616
vn -0.0285 -0.2892 0.9569
vn -0.0053 0.4358 0.9000
vn -0.1252 0.3891 0.9126
vn -0.2084 0.3811 0.9008
vn -0.2518 -0.2383 0.9380
vn -0.1486 -0.2620 0.9536
vn -0.1252 0.6334 -0.7636
vn -0.2995 0.4618 -0.8349
vn -0.0281 0.8623 -0.5056
vn -0.4273 -0.9012 0.0718
vn -0.4459 -0.8885 0.1085
vn -0.3066 -0.8756 0.3732
vn -0.1821 -0.8830 0.4327
vn -0.5904 -0.1528 -0.7925
vn -0.6183 -0.1224 -0.7763
vn -0.7006 -0.5787 -0.4174
vn -0.6487 -0.5979 -0.4709
vn 0.0190 0.9616 -0.2740
vn 0.0279 0.9959 -0.0856
vn -0.5490 -0.1895 -0.8141
vn -0.6903 -0.5789 -0.4340
vn -0.6887 -0.6225 -0.3718
vn -0.5757 -0.3325 -0.7470
vn -0.5317 -0.8390 0.1154
vn 0.0230 0.9771 -0.2117
vn -0.3685 0.2033 -0.9071
vn -0.2360 0.3234 -0.9164
vn 0.0256 -0.8397 0.5424
vn -0.1251 -0.9207 0.3698
vn -0.3859 0.1622 -0.9082
vn -0.3016 0.2036 -0.9314
vn -0.1701 0.3061 0.9367
vn 0.0730 0.2369 0.9688
vn -0.0206 -0.1059 0.9942
vn -0.3018 -0.2272 0.9259
vn -0.5641 -0.8123 0.1485
vn 0.0407 0.9978 -0.0516
vn 0.0585 0.9634 -0.2615
vn 0.3593 -0.6357 0.6832
vn 0.4514 0.2092 -0.8674
vn 0.2825 -0.0718 -0.9566
vn 0.5377 -0.4175 -0.7326
vn 0.8751 0.1102 -0.4712
vn 0.1168 -0.1254 -0.9852
vn 0.1685 -0.5922 -0.7880
vn 0.0276 0.0219 -0.9994
vn 0.0458 -0.4741 -0.8793
vn 0.9953 0.0972 -0.0040
vn 0.7882 -0.5858 -0.1884
vn 0.0624 -0.9482 -0.3114
vn 0.5235 -0.6142 0.5905
vn 0.1231 -0.8793 0.4600
vn 0.6821 -0.3668 0.6326
vn 0.8336 -0.3551 0.4231
vn 0.2469 -0.6890 0.6814
vn -0.0363 0.2940 -0.9551
vn -0.5936 -0.1015 -0.7984
vn -0.7359 -0.5714 -0.3631
vn -0.5167 -0.8349 0.1898
vn -0.2854 -0.8606 0.4218
vn 0.7651 0.6253 -0.1539
vn 0.2244 0.9678 -0.1139
vn 0.2267 0.7071 0.6698
vn 0.6955 0.4755 0.5387
vn 0.0398 0.5110 0.8587
vn 0.0712 0.3607 0.9300
vn 0.0476 0.8149 0.5777
vn 0.0174 0.8508 0.5252
vn 0.1426 0.2709 0.9520
vn 0.2022 0.7755 -0.5980
vn 0.5206 0.5845 -0.6223
vn 0.0599 0.9971 -0.0473
vn 0.0557 0.9980 0.0304
vn 0.8824 -0.3884 0.2657
vn 0.7982 -0.5984 0.0691
vn 0.8080 -0.5560 -0.1953
vn 0.9217 -0.3252 -0.2112
vn 0.1420 0.5704 -0.8090
vn 0.1917 0.7806 -0.5950
vn 0.1244 0.9178 -0.3770
vn 0.1256 0.8467 -0.5170
vn 0.0696 0.3224 0.9440
vn 0.0555 0.0205 0.9982
vn -0.0214 -0.3890 0.9210
vn 0.0104 -0.4658 0.8848
vn -0.0621 -0.9600 0.2730
vn 0.0103 -0.9554 0.2952
vn 0.2312 0.8353 0.4989
vn 0.1998 0.8573 0.4745
vn 0.2066 0.9778 -0.0351
vn 0.2330 0.9652 -0.1186
vn -0.0269 -0.7927 -0.6090
vn 0.0649 -0.7941 -0.6043
vn 0.0612 -0.0079 -0.9981
vn 0.1135 -0.0167 -0.9934
vn 0.2516 0.4680 -0.8471
vn 0.6316 0.1974 -0.7498
vn 0.6531 -0.2380 -0.7189
vn 0.2744 -0.0941 -0.9570
vn 0.1694 -0.1276 0.9772
vn 0.1720 -0.5914 0.7878
vn 0.1632 -0.9467 0.2776
vn 0.2386 -0.7929 -0.5607
vn 0.9819 -0.0164 -0.1887
vn 0.8892 -0.1148 0.4428
vn 0.7451 -0.4691 -0.4740
vn 0.1185 -0.2178 -0.9688
vn 0.3245 0.4298 -0.8426
vn 0.8919 0.0329 -0.4510
vn -0.5148 0.2846 -0.8087
vn -0.4725 0.2367 -0.8489
vn -0.5885 -0.1835 -0.7874
vn -0.5938 -0.0738 -0.8012
vn -0.0382 0.1029 -0.9940
vn 0.1363 0.4065 -0.9034
vn -0.0726 0.4763 -0.8763
vn -0.2995 0.2412 -0.9231
vn 0.9846 0.0544 0.1660
vn 0.9898 -0.1299 -0.0587
vn 0.7736 0.5525 -0.3103
vn 0.5027 0.8356 -0.2214
vn 0.6368 0.7468 -0.1917
vn 0.1884 0.8162 -0.5462
vn 0.1705 0.7657 -0.6203
vn 0.4609 -0.8312 0.3109
vn 0.0133 -0.9994 0.0333
vn 0.4171 -0.8824 -0.2176
vn 0.6153 -0.7860 0.0603
vn -0.5089 -0.4698 -0.7213
vn -0.5558 -0.2753 -0.7844
vn -0.5345 -0.5732 -0.6211
vn -0.2688 0.5671 -0.7786
vn -0.2360 0.5680 -0.7885
vn -0.0163 0.7723 -0.6351
vn -0.2158 0.5494 -0.8072
vn 0.0075 0.7551 -0.6556
vn -0.1288 -0.7479 -0.6512
vn 0.4031 0.7095 -0.5780
vn 0.8061 -0.4506 0.3836
vn 0.8659 -0.4992 0.0321
vn 0.7735 0.3670 0.5167
vn 0.9004 0.2102 0.3808
vn -0.0069 0.7271 -0.6865
vn -0.3092 -0.9079 0.2830
vn -0.5739 -0.6718 -0.4683
vn -0.4579 -0.7919 -0.4041
vn -0.1545 -0.9654 0.2100
vn -0.2338 -0.9107 -0.3406
vn 0.2826 0.7667 -0.5765
vn 0.1077 -0.7331 0.6715
vn 0.3082 -0.7848 0.5377
vn 0.5056 -0.3305 0.7970
vn 0.6734 -0.3809 0.6336
vn 0.2980 0.9505 0.0874
vn 0.2343 0.7638 0.6014
vn 0.1428 0.8149 0.5618
vn 0.2058 0.9759 0.0719
vn 0.4236 0.1377 0.8953
vn 0.5182 -0.1939 0.8330
vn -0.0219 -0.4865 0.8734
vn 0.0147 -0.4540 0.8909
vn 0.0527 0.2867 0.9566
vn 0.0779 0.2402 0.9676
vn 0.1359 0.8217 0.5535
vn 0.1073 0.8346 0.5402
vn 0.1395 0.9779 -0.1556
vn 0.1375 0.9756 -0.1711
vn 0.0628 0.5817 -0.8110
vn 0.0610 0.6042 -0.7945
vn 0.0925 -0.1903 -0.9774
vn 0.1048 -0.2254 -0.9686
vn 0.0544 -0.8409 -0.5385
vn 0.0329 -0.9671 0.2524
vn -0.1166 -0.9652 0.2342
vn -0.0878 -0.8453 -0.5270
vn 0.1250 0.6578 -0.7428
vn 0.0989 0.6395 -0.7624
vn 0.0319 -0.0985 -0.9946
vn 0.0824 -0.0989 -0.9917
vn 0.6936 0.6647 0.2776
vn 0.0974 0.9882 0.1179
vn 0.0783 0.7783 0.6230
vn 0.4492 0.5576 0.6981
vn 0.0562 -0.1025 0.9931
vn 0.3481 -0.2441 0.9051
vn 0.4208 0.2314 0.8772
vn 0.0819 0.4348 0.8968
vn 0.1025 -0.7550 0.6476
vn 0.2718 -0.7313 0.6255
vn 0.1949 -0.9710 -0.1386
vn 0.4124 -0.9023 -0.1259
vn 0.2462 -0.4829 -0.8404
vn 0.5670 -0.5517 -0.6116
vn 0.1295 0.3239 -0.9372
vn 0.2117 0.1683 -0.9627
vn 0.0929 -0.4180 -0.9037
vn 0.9082 -0.1362 0.3957
vn 0.7518 -0.4887 0.4427
vn 0.7981 -0.5992 -0.0637
vn 0.9579 -0.2489 -0.1430
vn 0.5354 -0.7422 0.4032
vn 0.5906 -0.8042 0.0669
vn 0.7091 -0.1550 -0.6879
vn 0.1210 0.3082 0.9436
vn 0.5593 -0.6760 -0.4798
vn 0.5051 -0.8454 0.1736
vn 0.5323 -0.5640 0.6314
vn 0.5748 0.8105 -0.1125
vn 0.7517 0.3201 0.5766
vn 0.7219 0.3527 0.5954
vn 0.5550 0.8265 -0.0941
vn 0.0765 0.6999 -0.7101
vn 0.0022 0.8931 -0.4499
vn 0.1087 0.8845 -0.4537
vn 0.1157 0.5945 -0.7957
vn 0.8949 0.3206 0.3103
vn 0.8154 0.4316 -0.3857
vn 0.5589 0.3753 -0.7394
vn -0.0884 0.1756 0.9805
vn -0.0009 -0.3516 0.9362
vn -0.1431 -0.4499 0.8815
vn -0.1575 0.1352 0.9782
vn 0.0508 0.3389 -0.9395
vn 0.0986 0.2656 -0.9590
vn 0.0799 -0.4088 -0.9091
vn 0.0652 -0.4241 -0.9033
vn 0.3329 0.9344 0.1270
vn 0.4255 0.8382 0.3411
vn 0.5974 0.5620 0.5721
vn 0.1953 0.6168 0.7625
vn 0.2913 0.9565 -0.0187
vn 0.2822 0.5992 -0.7492
vn 0.7475 0.6480 -0.1457
vn 0.4829 0.8756 -0.0114
vn 0.1398 0.7812 0.6084
vn 0.2973 0.5915 0.7495
vn 0.4149 0.2312 0.8800
vn -0.0564 0.2449 0.9679
vn 0.5945 0.7713 0.2273
vn 0.8147 0.5529 0.1750
vn 0.6376 -0.2036 0.7430
vn 0.0815 -0.1892 0.9785
vn 0.2551 -0.3271 -0.9099
vn 0.8760 -0.2469 -0.4144
vn -0.0469 -0.9989 -0.0062
vn 0.5863 -0.8020 0.1139
vn 0.9154 -0.0529 0.3991
vn 0.6734 -0.2006 0.7115
vn 0.0372 -0.9566 -0.2891
vn 0.0731 -0.9400 -0.3332
vn 0.0425 0.9544 0.2955
vn 0.0525 0.9355 0.3493
vn 0.0215 0.9954 0.0938
vn 0.0345 0.9962 0.0797
vn 0.0856 0.7475 0.6587
vn -0.0283 0.7986 0.6012
vn -0.0676 0.7912 0.6078
vn 0.0511 0.9969 0.0592
vn 0.0543 0.9961 0.0694
vn -0.0067 0.9414 0.3373
vn 0.0212 0.9573 0.2882
vn 0.0212 0.7219 0.6917
vn 0.0317 0.9953 0.0911
vn -0.0201 0.9225 0.3854
vn 0.0428 0.8126 0.5813
vn -0.1023 0.7611 0.6406
vn 0.0452 0.9940 0.0996
vn 0.0655 0.9588 0.2765
vn 0.4785 0.8755 -0.0671
vn -0.3334 -0.2658 -0.9045
vn -0.3694 -0.3880 -0.8444
vn 0.0350 0.0241 -0.9991
vn -0.5810 -0.7265 -0.3669
vn -0.4637 -0.0981 -0.8805
vn 0.1862 0.5107 -0.8394
vn 0.3282 0.7856 -0.5245
vn 0.3225 0.8419 -0.4326
vn -0.0532 0.5691 -0.8205
vn -0.3827 -0.8701 0.3105
vn 0.0348 -0.6527 0.7568
vn 0.3781 -0.2831 0.8814
vn 0.6428 0.4236 0.6382
vn 0.3081 0.9460 0.1004
vn 0.1280 0.9909 0.0416
vn 0.1386 0.9070 -0.3976
vn 0.3017 0.8310 -0.4673
vn 0.1319 0.7555 -0.6418
vn 0.1863 0.3987 -0.8980
vn 0.1611 0.6309 0.7589
vn 0.1037 0.9042 0.4144
vn 0.4958 0.3918 -0.7750
vn 0.7408 0.5781 -0.3420
vn 0.0116 0.9988 0.0474
vn 0.0091 -0.9805 -0.1965
vn -0.0095 -0.7865 0.6175
vn 0.0180 -0.0946 0.9953
vn 0.0894 0.5340 0.8407
vn 0.0785 0.8250 0.5597
vn 0.7344 0.4849 0.4749
vn 0.1537 0.8186 0.5534
vn 0.1586 0.3990 0.9031
vn 0.4614 0.2550 0.8497
vn 0.1942 -0.5271 0.8273
vn 0.5227 -0.5782 0.6265
vn 0.6278 -0.2040 0.7511
vn 0.2157 -0.0021 0.9764
vn 0.1771 -0.9578 0.2263
vn 0.4198 -0.8862 0.1960
vn 0.2126 -0.7809 -0.5873
vn 0.4537 -0.7464 -0.4869
vn 0.2338 -0.1175 -0.9652
vn 0.5388 -0.3272 -0.7763
vn 0.1141 0.6006 -0.7914
vn 0.2286 0.4366 -0.8701
vn 0.0632 -0.0265 -0.9976
vn 0.9408 -0.2514 0.2275
vn 0.8101 -0.5724 0.1269
vn 0.7984 -0.4573 -0.3916
vn 0.9398 -0.1559 -0.3041
vn 0.6510 -0.7589 0.0146
vn 0.6729 -0.6769 -0.2984
vn 0.5944 0.1274 -0.7940
vn 0.1078 0.8913 -0.4405
vn 0.0436 0.9985 -0.0340
vn 0.1726 0.9797 -0.1020
vn 0.1847 0.7905 -0.5839
vn 0.1368 0.8897 0.4355
vn 0.1287 0.9916 0.0091
vn 0.1308 0.9318 -0.3386
vn 0.1446 0.7757 -0.6143
vn 0.1090 0.3658 0.9243
vn 0.1276 0.6491 0.7499
vn 0.5864 0.5129 -0.6269
vn 0.7420 0.6527 -0.1526
vn 0.0486 0.8841 0.4648
vn 0.0046 -0.7990 -0.6013
vn -0.0006 -0.9695 0.2452
vn 0.0451 -0.4530 0.8904
vn 0.1106 0.1782 0.9778
vn 0.1216 0.5364 0.8352
vn 0.0231 0.0168 -0.9996
vn -0.0859 -0.8027 -0.5901
vn -0.1006 -0.9535 0.2842
vn -0.0128 -0.4070 0.9133
vn 0.8492 0.4540 -0.2698
vn 0.2337 0.9020 -0.3630
vn 0.2230 0.9361 0.2719
vn 0.7278 0.5886 0.3519
vn 0.1474 0.8569 0.4939
vn 0.1180 0.7781 0.6169
vn 0.0780 0.9859 0.1483
vn 0.1392 0.9873 0.0770
vn 0.1726 0.6924 0.7006
vn 0.2227 0.5439 -0.8091
vn 0.6386 0.2405 -0.7310
vn 0.0706 0.9166 -0.3935
vn 0.1349 0.9001 -0.4143
vn 0.8566 -0.4421 0.2660
vn 0.7833 -0.5851 0.2100
vn 0.7896 -0.6131 -0.0267
vn 0.8672 -0.4878 -0.1001
vn -0.5664 -0.4061 -0.7171
vn -0.5397 -0.3295 -0.7747
vn -0.4137 0.1060 -0.9042
vn -0.1877 0.5786 -0.7937
vn -0.5607 -0.2121 -0.8004
vn 0.3508 0.9253 0.1438
vn 0.1824 0.6231 0.7606
vn 0.2040 0.3016 -0.9313
vn 0.0153 -0.4313 -0.9021
vn 0.0196 -0.4352 -0.9001
vn -0.0816 -0.9685 -0.2351
vn -0.1132 -0.9745 -0.1938
vn 0.0382 -0.0871 0.9955
vn 0.0521 0.6503 0.7579
vn 0.1121 0.6360 0.7635
vn 0.0206 -0.1390 0.9901
vn 0.0680 0.9920 0.1063
vn 0.1432 0.9866 0.0783
vn 0.0489 -0.4822 -0.8747
vn 0.0056 0.2755 -0.9613
vn 0.0534 0.2798 -0.9586
vn 0.0596 -0.5018 -0.8629
vn 0.0125 -0.0970 0.9952
vn 0.0045 -0.0980 0.9952
vn -0.0652 -0.7971 0.6003
vn -0.0926 -0.7962 0.5980
vn -0.0254 -0.9438 -0.3296
vn -0.0590 -0.8119 0.5808
vn -0.0970 -0.8117 0.5759
vn -0.0715 -0.9369 -0.3422
vn 0.2293 0.9571 0.1770
vn 0.1021 0.6092 0.7864
vn 0.0857 0.6357 0.7671
vn 0.1939 0.9756 0.1029
vn -0.0425 -0.9526 0.3011
vn -0.0107 -0.7867 -0.6172
vn 0.0081 0.8070 0.5906
vn 0.0844 0.8224 0.5626
vn 0.0473 0.3272 0.9438
vn 0.0061 0.3056 0.9521
vn 0.1154 0.1209 -0.9859
vn 0.0877 0.1464 -0.9853
vn 0.2189 -0.7355 -0.6412
vn 0.2445 -0.7511 -0.6133
vn -0.0011 -0.3896 0.9210
vn 0.2195 0.9754 0.0215
vn 0.1306 0.8787 0.4592
vn 0.3064 0.8233 -0.4778
vn 0.2045 0.8819 -0.4248
vn 0.2050 0.9779 -0.0408
vn 0.2546 0.9655 -0.0549
vn 0.1655 0.7387 -0.6534
vn 0.1056 0.7530 -0.6494
vn 0.1852 0.9492 -0.2544
vn 0.0320 0.6861 0.7268
vn 0.3498 0.9278 0.1298
vn 0.2095 0.9219 0.3258
vn 0.0185 0.6560 0.7546
vn -0.5523 -0.4190 -0.7207
vn -0.3016 0.1912 -0.9341
vn -0.4115 0.2150 -0.8857
vn -0.5036 0.0358 -0.8632
vn -0.3625 0.3486 -0.8644
vn -0.3672 -0.0435 -0.9291
vn -0.2078 0.0839 -0.9746
vn 0.1974 0.4984 -0.8442
vn -0.0865 0.2486 -0.9647
vn 0.0927 0.3993 -0.9121
vn 0.2764 0.2968 -0.9141
vn -0.0944 0.4166 -0.9042
vn -0.0444 0.9089 -0.4146
vn -0.0796 0.9778 -0.1937
vn -0.1115 0.9931 0.0353
vn -0.1574 0.9352 0.3171
vn -0.2066 0.9034 0.3757
vn -0.2835 0.7384 0.6118
vn -0.0831 0.7618 -0.6425
vn -0.0486 0.9148 -0.4009
vn 0.1481 0.9890 -0.0022
vn -0.0239 0.9958 0.0883
vn 0.0748 0.8344 0.5460
vn -0.0237 0.9425 0.3332
vn 0.4901 0.7594 -0.4279
vn 0.4680 0.8784 0.0966
vn 0.4937 0.7617 -0.4196
vn 0.6900 0.4399 -0.5748
vn 0.6914 0.6439 0.3275
vn 0.5792 -0.4222 -0.6973
vn 0.7196 -0.3056 0.6236
vn 0.1515 0.3332 -0.9306
vn 0.1363 0.5994 0.7888
vn 0.0764 -0.3805 0.9216
vn 0.0444 -0.4409 -0.8965
vn 0.1914 0.9370 0.2922
vn -0.0248 0.9037 0.4275
vn -0.0635 0.4348 0.8983
vn 0.1170 0.9769 0.1788
vn 0.0104 0.9999 -0.0024
vn 0.0450 0.9626 -0.2671
vn 0.2050 0.9206 -0.3324
vn 0.2282 0.9699 -0.0846
vn 0.0420 0.9412 -0.3352
vn 0.0192 0.5162 -0.8562
vn 0.0746 0.5750 -0.8147
vn 0.0443 0.8872 -0.4594
vn 0.0335 -0.3430 0.9387
vn 0.0089 0.8532 -0.5216
vn -0.1216 0.8152 -0.5662
vn -0.1573 0.7069 -0.6896
vn 0.0566 0.1301 -0.9899
vn 0.1046 0.0837 -0.9910
vn 0.0610 0.4360 -0.8979
vn 0.1703 0.0997 -0.9803
vn -0.0308 0.6550 -0.7550
vn -0.2279 0.4955 -0.8382
vn -0.0241 0.4675 -0.8837
vn 0.0388 -0.9267 -0.3739
vn 0.1803 -0.8785 0.4423
vn 0.1269 -0.8858 0.4464
vn 0.0792 -0.8644 0.4965
vn 0.3462 -0.9292 0.1295
vn 0.1725 -0.8247 0.5385
vn 0.3427 -0.9292 -0.1381
vn 0.1865 -0.9415 -0.2807
vn 0.4511 -0.8204 -0.3513
vn 0.4832 -0.8745 -0.0421
vn 0.2899 -0.8825 0.3703
vn 0.4633 -0.8663 0.1868
vn -0.0173 -0.4118 0.9111
vn 0.4435 -0.2163 0.8698
vn 0.4053 0.2652 -0.8749
vn 0.9943 -0.0060 -0.1068
vn 0.2820 -0.7595 -0.5863
vn 0.3741 -0.9236 -0.0831
vn 0.0085 -0.9402 0.3405
vn 0.1879 -0.9796 0.0714
vn 0.0545 -0.8774 0.4766
vn 0.0612 -0.9980 -0.0174
vn 0.0701 -0.9975 0.0119
vn 0.1198 -0.9786 -0.1670
vn 0.0704 -0.9945 -0.0778
vn 0.0507 -0.9984 -0.0263
vn 0.1917 -0.9791 -0.0685
vn 0.0431 -0.9887 -0.1437
vn -0.0253 -0.9982 -0.0545
vn 0.1427 -0.9535 -0.2654
vn 0.4693 -0.3702 0.8017
vn 0.4035 -0.3813 0.8317
vn 0.1048 -0.7620 0.6390
vn 0.0915 -0.7209 0.6870
vn -0.3001 -0.9221 0.2442
vn -0.3424 -0.9103 0.2326
vn -0.3770 -0.9197 -0.1099
vn -0.5268 -0.8328 -0.1702
vn -0.3096 -0.6195 -0.7214
vn -0.0705 -0.0313 -0.9970
vn 0.7997 0.3169 0.5100
vn 0.6577 0.7080 -0.2573
vn 0.5522 -0.2964 0.7792
vn 0.1250 -0.7127 0.6902
vn -0.3088 -0.8704 0.3836
vn -0.4109 -0.9094 0.0646
vn -0.4842 -0.6933 -0.5338
vn -0.2800 -0.1618 -0.9463
vn 0.0794 0.1751 -0.9813
vn 0.4874 0.5834 -0.6497
vn 0.2450 -0.6549 0.7148
vn 0.1439 -0.9856 0.0883
vn 0.0105 -0.6818 0.7315
vn -0.0808 -0.9822 0.1694
vn 0.0037 -0.8122 0.5834
vn -0.2050 -0.7486 0.6305
vn -0.0833 -0.7638 0.6401
vn -0.2893 -0.7508 0.5938
vn 0.1848 -0.9793 -0.0825
vn 0.1673 -0.9849 0.0446
vn -0.0965 -0.9632 0.2510
vn 0.0563 -0.9820 0.1802
vn -0.2414 -0.9429 0.2296
vn -0.0920 -0.9148 0.3932
vn -0.0502 -0.9987 0.0078
vn -0.1968 -0.8612 0.4685
vn -0.2577 -0.8702 0.4199
vn -0.2760 -0.8818 0.3825
vn -0.3869 -0.8557 0.3438
vn -0.1094 -0.9175 0.3824
vn -0.3295 -0.8830 0.3342
vn -0.3769 -0.8393 0.3919
vn -0.3445 -0.8243 0.4493
vn 0.2095 -0.8627 0.4603
vn 0.5505 -0.7426 0.3815
vn 0.4389 -0.8932 0.0977
vn 0.3013 -0.9523 0.0492
vn -0.4172 -0.9018 0.1122
vn -0.4129 -0.8460 0.3373
vn -0.5636 -0.8094 -0.1650
vn -0.6119 -0.5372 -0.5805
vn -0.4890 -0.0003 -0.8723
vn 0.2528 -0.9227 -0.2910
vn 0.3155 -0.9389 -0.1376
vn 0.1866 -0.9641 -0.1891
vn 0.4310 -0.9017 0.0338
vn -0.2256 -0.9643 -0.1389
vn -0.3638 -0.9295 -0.0600
vn -0.1794 -0.9829 0.0407
vn -0.1882 -0.9821 -0.0073
vn 0.0211 -0.9984 -0.0529
vn 0.1643 -0.9782 0.1270
vn -0.1785 -0.9838 -0.0155
vn 0.0142 -0.9691 -0.2463
vn -0.0535 -0.9837 0.1717
vn -0.1435 -0.9592 0.2438
vn -0.4174 -0.8357 0.3568
vn -0.0979 -0.5500 0.8294
vn -0.6323 -0.4769 -0.6105
vn -0.5694 -0.8100 -0.1407
vn 0.5080 0.8610 -0.0242
vn 0.3564 0.8713 -0.3373
vn 0.0253 0.6801 -0.7327
vn 0.5444 0.4606 0.7010
vn -0.5010 0.0078 -0.8654
vn 0.1824 -0.2675 0.9461
vn -0.3080 0.3456 -0.8864
vn -0.4240 0.1915 -0.8852
vn -0.5567 -0.8073 -0.1961
vn -0.4305 -0.7959 0.4256
vn -0.1227 -0.4865 0.8650
vn 0.1219 -0.1701 0.9779
vn 0.4369 0.4051 0.8031
vn 0.4685 0.8828 0.0340
vn 0.3610 0.8479 -0.3881
vn 0.1238 0.3248 -0.9377
vn 0.1432 0.4266 -0.8930
vn 0.1160 0.7159 -0.6886
vn 0.1031 0.6718 -0.7335
vn 0.0995 0.4308 0.8970
vn -0.0216 -0.1224 0.9922
vn 0.0482 -0.1445 0.9883
vn 0.1087 -0.8165 0.5670
vn 0.1656 -0.9377 -0.3053
vn 0.0603 -0.3148 -0.9472
vn 0.1646 -0.3579 -0.9191
vn 0.2801 0.0719 -0.9573
vn 0.7211 -0.2637 -0.6406
vn 0.6531 -0.5291 -0.5417
vn 0.3769 -0.4633 -0.8020
vn 0.2346 0.2325 0.9439
vn 0.2814 -0.3502 0.8934
vn 0.3592 -0.7769 0.5172
vn 0.4152 -0.8869 -0.2024
vn 0.9438 -0.3101 -0.1144
vn 0.9220 -0.1114 0.3708
vn 0.4143 0.5226 0.7451
vn 0.6261 -0.0111 0.7797
vn 0.2083 0.8672 -0.4523
vn 0.6003 -0.7954 -0.0839
vn 0.5917 -0.7297 0.3425
vn 0.6320 -0.4455 0.6342
vn -0.2671 0.5002 -0.8237
vn -0.4045 0.2047 -0.8913
vn -0.4322 0.1478 -0.8896
vn 0.0983 0.1015 -0.9900
vn 0.0887 0.1083 -0.9902
vn 0.0986 0.7931 -0.6011
vn 0.0684 0.8014 -0.5941
vn 0.0495 -0.2943 -0.9544
vn 0.1590 0.3952 -0.9048
vn 0.0215 -0.9507 -0.3093
vn -0.0066 -0.8383 0.5452
vn -0.1241 -0.8412 0.5263
vn -0.0800 -0.9619 -0.2615
vn -0.1330 -0.9529 0.2727
vn -0.1010 -0.8165 -0.5684
vn 0.2427 0.8361 -0.4920
vn -0.0230 -0.1061 0.9941
vn 0.0051 -0.4027 0.9153
vn 0.0294 -0.4318 0.9015
vn 0.0359 -0.9615 0.2725
vn 0.0288 -0.9463 0.3219
vn -0.0006 -0.4220 -0.9066
vn 0.0446 -0.4290 -0.9022
vn 0.0382 -0.9873 -0.1540
vn -0.0743 -0.9853 -0.1535
vn 0.0500 -0.7768 0.6278
vn -0.0671 -0.7646 0.6410
vn -0.0001 -0.4142 -0.9102
vn -0.0093 -0.4105 -0.9118
vn 0.0192 -0.9884 -0.1505
vn 0.0456 -0.9760 -0.2128
vn 0.0267 0.5965 0.8022
vn 0.0613 0.9979 0.0212
vn 0.1202 0.7771 -0.6178
vn 0.0760 0.7984 -0.5973
vn 0.0819 0.2817 -0.9560
vn 0.0621 0.2787 -0.9584
vn 0.3448 0.7662 -0.5422
vn 0.0744 -0.7890 0.6098
vn 0.0964 -0.8249 0.5570
vn 0.0917 -0.2031 0.9749
vn 0.0864 -0.2430 0.9662
vn 0.0070 0.9994 0.0325
vn -0.0184 0.9981 0.0587
vn -0.0403 0.7712 -0.6354
vn -0.0158 0.7765 -0.6299
vn -0.0084 0.2741 -0.9617
vn -0.0139 0.2796 -0.9600
vn 0.0328 -0.2620 0.9645
vn 0.1371 0.8365 -0.5306
vn 0.1476 0.9684 0.2011
vn 0.0641 0.9789 0.1940
vn 0.0689 0.8436 -0.5325
vn 0.1028 0.5686 0.8161
vn 0.0464 0.5877 0.8077
vn -0.0307 -0.1998 0.9794
vn 0.0119 -0.1610 0.9869
vn 0.1366 -0.9675 -0.2126
vn 0.0587 -0.9810 -0.1850
vn 0.0240 -0.4395 -0.8979
vn 0.0890 0.2973 -0.9506
vn 0.0700 0.3425 -0.9369
vn 0.0606 -0.3485 -0.9353
vn 0.0358 0.8509 -0.5240
vn 0.0344 0.8454 -0.5331
vn 0.0270 0.5999 0.7996
vn 0.0472 -0.2043 0.9778
vn 0.0405 -0.2119 0.9765
vn 0.0472 0.5775 0.8150
vn 0.1244 -0.8319 0.5408
vn 0.0499 -0.8402 0.5400
vn 0.0536 0.9875 0.1479
vn 0.0364 0.9836 0.1767
vn 0.0600 -0.9682 -0.2427
vn 0.0781 -0.8369 0.5417
vn -0.0360 -0.4132 0.9099
vn 0.1152 0.3348 0.9352
vn 0.0339 -0.0407 -0.9986
vn 0.0396 0.8707 0.4902
vn 0.0117 0.3020 0.9532
vn 0.0637 0.2436 0.9678
vn 0.0386 0.8529 0.5206
vn 0.1583 0.7029 -0.6935
vn 0.0329 -0.4854 0.8737
vn 0.1287 -0.9552 0.2664
vn 0.0843 -0.9650 0.2485
vn 0.0651 -0.4950 0.8665
vn 0.0390 0.9775 -0.2075
vn 0.0680 0.9774 -0.2003
vn -0.0880 0.9922 -0.0880
vn -0.1059 0.9922 -0.0660
vn -0.0342 0.7468 -0.6641
vn -0.0205 0.7330 -0.6799
vn -0.1684 -0.4567 0.8735
vn 0.0215 -0.9383 0.3452
vn -0.1580 0.7797 0.6059
vn -0.1380 0.8110 0.5686
vn 0.0778 -0.7770 -0.6247
vn 0.0581 -0.7605 -0.6467
vn -0.0826 -0.4463 0.8910
vn -0.0174 -0.4438 0.8960
vn -0.1204 0.2699 0.9553
vn -0.1558 0.2186 0.9633
vn 0.0944 0.9951 0.0294
vn 0.0202 0.9971 0.0728
vn 0.1530 0.9778 0.1430
vn 0.1401 0.8443 -0.5173
vn 0.0814 0.0344 -0.9961
vn 0.2387 0.7607 -0.6037
vn -0.1070 0.7426 0.6611
vn -0.2048 0.1663 0.9646
vn 0.2002 -0.7861 -0.5848
vn 0.1455 0.0960 -0.9847
vn 0.1384 0.7380 -0.6605
vn -0.0643 -0.9868 -0.1489
vn -0.0219 -0.4091 -0.9122
vn -0.0307 -0.7690 0.6386
vn 0.0445 -0.1801 0.9826
vn 0.0881 0.6300 0.7716
vn 0.0554 0.6247 0.7789
vn 0.0801 0.9955 0.0516
vn 0.0558 0.7818 -0.6210
vn 0.0227 0.2748 -0.9612
vn 0.0991 0.6419 0.7604
vn 0.2076 0.9709 0.1194
vn 0.0198 -0.0832 0.9963
vn -0.0190 -0.9756 -0.2186
vn 0.0458 -0.4474 -0.8932
vn 0.0149 -0.7899 0.6131
vn 0.2271 0.7924 -0.5662
vn 0.1597 0.2735 -0.9485
vn 0.1218 0.8462 -0.5187
vn 0.1330 0.9740 0.1832
vn 0.0928 0.5673 0.8183
vn -0.0299 -0.2152 0.9761
vn -0.1378 -0.8424 0.5210
vn -0.1066 -0.9733 -0.2031
vn 0.0760 0.2769 -0.9579
vn 0.0020 -0.4932 -0.8699
vn -0.0219 -0.9392 -0.3427
vn -0.0420 -0.8236 0.5656
vn 0.1935 0.8405 -0.5061
vn 0.1932 0.9629 0.1885
vn 0.0970 0.5957 0.7974
vn 0.0047 -0.1126 0.9936
vn 0.1241 0.3748 -0.9188
vn 0.0558 -0.2974 -0.9531
vn 0.2366 0.9610 -0.1433
vn 0.2112 0.8350 0.5082
vn 0.0678 -0.0583 -0.9960
vn 0.1583 0.6690 -0.7262
vn 0.0085 -0.4261 0.9046
vn 0.0018 -0.9586 0.2847
vn 0.0149 -0.8222 -0.5690
vn 0.0969 0.3195 0.9426
vn -0.0544 -0.8721 -0.4862
vn 0.0194 -0.1679 -0.9856
vn 0.1139 -0.8807 -0.4598
vn 0.0850 0.2277 0.9700
vn 0.0028 -0.5481 0.8364
vn 0.1013 0.8362 0.5390
vn -0.0767 -0.9618 0.2627
vn 0.0642 0.6198 -0.7821
vn 0.0955 0.9791 -0.1794
vn -0.0263 0.3370 0.9411
vn 0.0074 -0.4455 0.8953
vn 0.0991 -0.7470 -0.6574
vn 0.0833 -0.9600 0.2674
vn 0.1475 -0.9489 0.2791
vn 0.0457 0.7836 -0.6196
vn 0.0758 0.1119 -0.9908
vn 0.0094 0.8456 0.5338
vn 0.0316 0.9990 -0.0317
vn 0.0494 0.3002 0.9526
vn 0.1146 0.7805 0.6146
vn 0.0008 -0.9595 0.2817
vn -0.0103 -0.3904 0.9206
vn 0.1666 0.8123 -0.5589
vn 0.0985 0.0043 -0.9951
vn 0.0603 -0.7851 -0.6164
vn 0.1654 0.9799 0.1115
vn 0.0112 0.5927 0.8054
vn -0.0196 -0.1934 0.9809
vn -0.0010 0.2679 -0.9634
vn -0.0356 -0.4864 -0.8730
vn 0.0488 0.7684 -0.6381
vn 0.0489 0.2607 -0.9642
vn 0.0465 0.6143 0.7877
vn 0.0319 -0.4270 -0.9037
vn 0.0530 -0.8498 0.5244
vn 0.0172 -0.9702 -0.2417
vn 0.1305 0.9718 -0.1963
vn 0.0786 0.5706 -0.8174
vn 0.0403 0.8564 0.5148
vn 0.0715 -0.9614 0.2657
vn 0.1493 -0.8887 -0.4336
vn -0.0614 -0.4896 0.8698
vn -0.0713 0.3079 0.9487
vn 0.1594 -0.8802 -0.4470
vn 0.0707 -0.2091 -0.9753
vn 0.1041 -0.9415 0.3206
vn 0.0956 0.9953 -0.0157
vn -0.7622 -0.1184 -0.6364
vn -0.4526 -0.7412 -0.4957
vn -0.3956 -0.3902 -0.8314
vn -0.7709 -0.0776 -0.6323
vn 0.1752 -0.4806 -0.8592
vn 0.0792 -0.6148 -0.7847
vn 0.1156 -0.5326 -0.8385
vn 0.2618 -0.3906 -0.8826
vn -0.1617 -0.6574 -0.7360
vn -0.3461 -0.4594 -0.8180
vn -0.4535 -0.0375 -0.8904
vn -0.2700 -0.1646 -0.9487
vn -0.3024 -0.2579 -0.9176
vn -0.2008 -0.5772 -0.7915
vn -0.3701 -0.6910 -0.6210
vn -0.5391 -0.3567 -0.7630
vn -0.7154 0.3113 -0.6255
vn -0.5251 0.4898 -0.6959
vn -0.1806 0.4525 -0.8733
vn -0.4077 0.3350 -0.8494
vn -0.2291 0.2527 -0.9400
vn -0.1061 0.2544 -0.9613
vn -0.3071 0.1652 -0.9372
vn -0.2582 0.0638 -0.9640
vn -0.6455 -0.4421 -0.6228
vn -0.7901 -0.1866 -0.5838
vn -0.8623 -0.1287 -0.4897
vn -0.6615 -0.4532 -0.5975
vn -0.5983 0.0149 -0.8012
vn -0.6695 0.3171 -0.6717
vn -0.4215 -0.1627 -0.8921
vn -0.7269 0.2624 -0.6346
vn -0.7737 0.1481 -0.6159
vn -0.8657 0.2448 -0.4367
vn -0.7847 0.2792 -0.5535
vn -0.7746 0.3257 -0.5421
vn -0.8196 0.3863 -0.4232
vn -0.7642 0.2556 -0.5921
vn -0.8416 0.0931 -0.5319
vn -0.5258 0.1077 -0.8438
vn -0.2739 0.0609 -0.9598
vn -0.3430 0.0008 -0.9393
vn -0.7050 -0.1526 -0.6926
vn -0.7571 -0.3228 -0.5680
vn -0.1936 0.5473 -0.8142
vn -0.2712 0.6013 -0.7516
vn -0.9094 0.0059 -0.4159
vn -0.9270 0.0505 -0.3715
vn -0.8449 -0.2339 -0.4810
vn -0.9174 -0.3772 -0.1269
vn -0.4258 -0.8619 -0.2755
vn -0.6165 -0.6504 -0.4437
vn -0.7680 -0.6079 -0.2015
vn 0.4070 -0.9069 -0.1089
vn 0.3637 -0.9301 -0.0503
vn -0.7203 -0.6891 0.0790
vn -0.4013 -0.7934 -0.4576
vn -0.7456 -0.6663 -0.0122
vn -0.6533 -0.7501 -0.1031
vn -0.6935 -0.4438 -0.5675
vn -0.4830 -0.8716 -0.0838
vn -0.8163 -0.2444 -0.5234
vn -0.0771 -0.9786 -0.1906
vn -0.8137 -0.3116 -0.4907
vn 0.2666 -0.9210 -0.2840
vn 0.3938 -0.8186 -0.4181
vn -0.5725 -0.6912 -0.4410
vn -0.6830 -0.5147 -0.5183
vn 0.0602 -0.7239 -0.6872
vn -0.4424 -0.8339 -0.3300
vn -0.4713 -0.6783 -0.5637
vn -0.3350 -0.3848 -0.8601
vn -0.9587 0.0461 -0.2808
vn -0.9960 0.0078 -0.0891
vn -0.9841 0.0220 -0.1761
vn -0.9436 0.0621 -0.3253
vn -0.6664 0.0097 -0.7455
vn -0.3572 -0.0336 -0.9334
vn -0.3912 -0.1325 -0.9107
vn -0.8301 0.1865 -0.5256
vn -0.7583 -0.0749 -0.6476
vn -0.3737 -0.0809 -0.9240
vn -0.4350 0.4334 -0.7892
vn -0.4145 0.4710 -0.7787
vn -0.3743 0.4564 -0.8072
vn -0.3290 0.4449 -0.8330
vn -0.2823 0.4353 -0.8549
vn -0.2560 0.1635 -0.9528
vn -0.2412 -0.1138 -0.9638
vn -0.5207 0.1484 -0.8408
vn -0.5367 0.2438 -0.8078
vn -0.5105 0.1437 -0.8478
vn -0.4495 0.1037 -0.8872
vn -0.1102 0.1852 -0.9765
vn -0.4051 0.2028 -0.8915
vn -0.3552 0.3894 -0.8498
vn -0.0129 0.4338 -0.9009
vn -0.5620 0.0896 -0.8223
vn -0.5368 -0.0493 -0.8423
vn -0.5362 -0.2526 -0.8054
vn -0.5428 0.0044 -0.8398
vn -0.5202 -0.4845 -0.7033
vn -0.5527 -0.2584 -0.7923
vn -0.5527 -0.5042 -0.6636
vn -0.5311 -0.3259 -0.7822
vn -0.6792 -0.1766 -0.7124
vn -0.6566 -0.2408 -0.7148
vn -0.5870 -0.3266 -0.7408
vn -0.5507 -0.4128 -0.7255
vn -0.2710 -0.5847 -0.7647
vn -0.2269 -0.5844 -0.7791
vn -0.0000 -0.6907 -0.7231
vn -0.0000 -0.5934 -0.8049
vn -0.5530 -0.1464 -0.8202
vn -0.6502 -0.2392 -0.7211
vn -0.2552 -0.3025 -0.9184
vn -0.5349 -0.3004 -0.7897
vn -0.4775 -0.0385 -0.8778
vn -0.0000 0.0278 -0.9996
vn -0.0000 0.0654 -0.9979
vn -0.4217 -0.0213 -0.9065
vn -0.3409 -0.0993 -0.9348
vn -0.5665 -0.1780 -0.8046
vn -0.6190 -0.1319 -0.7742
vn -0.6583 -0.2950 -0.6925
vn -0.6043 -0.2578 -0.7539
vn -0.6083 -0.2183 -0.7631
vn -0.4984 -0.3463 -0.7948
vn -0.5899 -0.3626 -0.7215
vn -0.7351 -0.3683 -0.5692
vn -0.7287 -0.2502 -0.6375
vn -0.6281 -0.2257 -0.7447
vn -0.5029 -0.2987 -0.8111
vn -0.4940 -0.0719 -0.8665
vn -0.0000 -0.2143 -0.9768
vn -0.4081 -0.0034 -0.9129
vn -0.7342 -0.3386 -0.5885
vn -0.0546 0.1606 -0.9855
vn -0.0000 0.1494 -0.9888
vn -0.0000 0.4145 -0.9100
vn -0.6504 -0.4756 -0.5923
vn -0.5479 0.0427 -0.8355
vn -0.5130 0.0230 -0.8581
vn -0.5580 -0.3900 -0.7325
vn -0.4451 -0.5655 -0.6944
vn -0.3122 -0.1184 -0.9426
vn -0.1257 -0.3157 -0.9405
vn -0.2497 -0.8116 -0.5282
vn -0.0000 -0.8718 -0.4899
vn -0.0000 -0.3758 -0.9267
vn -0.7263 -0.0607 -0.6847
vn -0.8261 0.1381 -0.5464
vn -0.5769 0.1954 -0.7931
vn -0.3308 0.1976 -0.9228
vn -0.3008 0.1381 -0.9436
vn -0.2296 -0.2843 -0.9308
vn -0.2534 0.0550 -0.9658
vn -0.2548 -0.0153 -0.9669
vn -0.1855 -0.4185 -0.8891
vn -0.3486 -0.0228 -0.9370
vn -0.2293 0.0211 -0.9731
vn -0.8921 0.4089 -0.1921
vn -0.9993 0.0343 -0.0116
vn -0.8208 -0.5705 -0.0284
vn -0.0000 -0.9687 -0.2483
vn -0.8790 -0.3704 -0.3003
vn -0.9772 -0.0097 -0.2120
vn -0.8690 0.3181 -0.3790
vn -0.8603 0.0339 -0.5087
vn -0.8316 0.1398 -0.5375
vn -0.8247 0.3519 -0.4428
vn -0.7070 0.4408 -0.5530
vn -0.6842 -0.3393 -0.6456
vn -0.8447 0.0408 -0.5337
vn -0.3445 0.5560 -0.7564
vn -0.0000 0.4983 -0.8670
vn -0.0000 0.5793 -0.8151
vn -0.3526 -0.5915 -0.7251
vn -0.0000 0.4833 -0.8755
vn -0.0000 0.0874 -0.9962
vn -0.0000 0.4669 -0.8843
vn -0.0000 0.0518 -0.9987
vn -0.0000 -0.0981 -0.9952
vn -0.0000 0.4860 -0.8740
vn -0.0000 0.5094 -0.8605
vn -0.0000 -0.8604 -0.5096
vn -0.0000 -0.6668 -0.7452
vn -0.3770 -0.4456 -0.8119
vn -0.6541 -0.2754 -0.7044
vn -0.6187 -0.1379 -0.7734
vn -0.3809 -0.2302 -0.8955
vn -0.8027 0.0224 -0.5960
vn -0.7092 0.0114 -0.7049
vn -0.3233 0.1689 -0.9311
vn -0.0000 0.1236 -0.9923
vn -0.7747 -0.3214 -0.5446
vn -0.8036 -0.3647 -0.4703
vn -0.7525 -0.3161 -0.5778
vn -0.6854 -0.1971 -0.7009
vn -0.4937 -0.1913 -0.8483
vn -0.0000 -0.2237 -0.9747
vn -0.8099 -0.3485 -0.4718
vn -0.8162 -0.3764 -0.4384
vn -0.7385 -0.3347 -0.5853
vn -0.4547 -0.5095 -0.7305
vn -0.0000 -0.6128 -0.7903
vn -0.0000 -0.9759 -0.2183
vn -0.3987 -0.8677 -0.2969
vn -0.6672 -0.6954 -0.2668
vn -0.7565 -0.6126 -0.2289
vn -0.7862 -0.5779 -0.2189
vn -0.7950 -0.5710 -0.2046
vn -0.8178 -0.3970 -0.4166
vn -0.8944 -0.4391 0.0854
vn -0.9223 -0.3111 0.2295
vn -0.9515 -0.2827 -0.1211
vn -0.9211 -0.3532 -0.1639
vn -0.9723 -0.1853 -0.1427
vn -0.9759 -0.1456 0.1625
vn -0.9928 -0.0810 0.0880
vn -0.9850 -0.0668 -0.1589
vn -0.9744 0.0522 -0.2189
vn -0.9357 0.0697 -0.3457
vn -0.9303 -0.0843 -0.3571
vn -0.4953 0.1150 -0.8611
vn -0.6062 -0.0587 -0.7931
vn -0.7907 -0.0593 -0.6093
vn -0.6287 0.1342 -0.7660
vn -0.4873 -0.2326 -0.8417
vn -0.1353 0.5675 -0.8122
vn -0.2525 -0.2738 -0.9281
vn -0.0701 0.4423 -0.8941
vn -0.4655 0.0019 -0.8851
vn -0.6384 0.0456 -0.7683
vn -0.1331 0.4333 -0.8914
vn 0.1553 0.1804 -0.9713
vn -0.6101 -0.5691 -0.5513
vn -0.6397 -0.4547 -0.6196
vn -0.8329 0.0501 -0.5512
vn -0.6819 -0.0197 -0.7312
vn 0.0556 -0.1741 -0.9831
vn -0.4043 -0.0558 -0.9129
vn -0.9122 0.1485 -0.3818
vn -0.9491 0.1439 -0.2801
vn -0.5573 -0.3858 -0.7353
vn 0.0407 -0.2750 -0.9606
vn -0.1863 -0.8463 -0.4991
vn -0.1270 -0.7849 -0.6065
vn -0.2080 -0.6543 -0.7270
vn -0.8177 -0.3672 -0.4433
vn -0.8227 -0.3372 -0.4577
vn -0.8169 -0.2712 -0.5091
vn -0.8872 0.1370 -0.4407
vn -0.9439 0.0845 -0.3193
vn -0.3918 0.1956 -0.8990
vn -0.3812 0.1656 -0.9095
vn -0.1755 0.1279 -0.9761
vn -0.0000 0.1527 -0.9883
vn -0.9475 0.0658 -0.3130
vn -0.3784 0.1294 -0.9166
vn -0.3316 0.1009 -0.9380
vn -0.4112 0.2739 -0.8694
vn -0.3818 0.2742 -0.8827
vn -0.2996 0.0823 -0.9505
vn -0.4406 0.2966 -0.8473
vn -0.4087 0.2908 -0.8651
vn -0.9076 -0.2403 -0.3443
vn -0.7154 0.2493 -0.6527
vn -0.6515 0.1893 -0.7346
vn -0.8836 -0.2961 -0.3627
vn -0.8716 -0.3306 -0.3619
vn -0.9613 -0.2373 -0.1400
vn -0.2957 0.2675 -0.9171
vn -0.1586 0.2708 -0.9495
vn -0.9683 0.2422 0.0610
vn -0.9506 0.2446 0.1910
vn -0.8744 0.4051 0.2671
vn -0.8877 0.4449 0.1183
vn -0.8630 -0.3896 -0.3215
vn -1.0000 0.0037 -0.0090
vn -0.9576 -0.1932 0.2135
vn -0.0000 0.2696 -0.9630
vn -0.7812 0.0168 -0.6240
vn -0.9742 0.0375 -0.2225
vn -0.9980 -0.0317 -0.0544
vn -0.9796 0.0184 -0.2000
vn -0.8257 -0.5546 -0.1032
vn -0.1716 0.5376 -0.8255
vn -0.0000 0.5524 -0.8336
vn -0.7451 0.3559 -0.5641
vn -0.3070 0.5078 -0.8049
vn -0.5381 0.4579 -0.7076
vn -0.4410 0.4960 -0.7480
vn -0.4233 0.4790 -0.7690
vn -0.3928 0.4829 -0.7826
vn -0.1005 -0.7130 -0.6939
vn -0.6452 -0.1831 -0.7418
vn -0.5884 0.1377 -0.7968
vn -0.5699 0.3016 -0.7644
vn -0.5290 0.1618 -0.8330
vn -0.0000 -0.5150 -0.8572
vn -0.0000 -0.2838 -0.9589
vn -0.8211 0.3525 -0.4489
vn -0.7426 0.3142 -0.5914
vn -0.5185 0.4736 -0.7120
vn -0.5981 0.5170 -0.6123
vn -0.2897 0.6071 -0.7400
vn -0.2707 0.5591 -0.7837
vn -0.0000 0.6366 -0.7712
vn -0.0000 0.5765 -0.8171
vn -0.3673 0.1821 -0.9121
vn -0.0000 0.1746 -0.9846
vn -0.5722 0.1953 -0.7965
vn -0.6809 0.1680 -0.7128
vn -0.9876 -0.1193 -0.1023
vn -0.9199 -0.1908 0.3426
vn -0.9330 -0.3386 -0.1218
vn -0.7964 -0.0862 -0.5986
vn -0.1901 0.9480 -0.2553
vn -0.8034 0.5510 -0.2257
vn -0.9303 0.1693 -0.3255
vn -0.6023 0.3996 -0.6910
vn 0.0403 0.4047 0.9136
vn -0.4516 0.1206 0.8840
vn -0.6559 0.5740 0.4903
vn 0.0714 0.8465 0.5276
vn -0.0101 -0.0709 0.9974
vn -0.4025 -0.2184 0.8890
vn -0.0130 -0.4215 0.9068
vn -0.3702 -0.4105 0.8333
vn -0.4956 -0.4651 0.7335
vn -0.0491 -0.5395 0.8406
vn -0.0650 -0.8322 0.5506
vn -0.5481 -0.7029 0.4533
vn -0.1953 -0.6166 -0.7627
vn -0.4988 -0.8574 0.1268
vn 0.0011 -0.9793 -0.2026
vn -0.7469 0.5565 -0.3639
vn -0.7838 0.5782 0.2268
vn -0.8585 0.2146 0.4657
vn -0.8760 -0.1746 0.4497
vn -0.8636 -0.4276 0.2670
vn -0.8391 -0.4897 0.2369
vn -0.8000 -0.5904 0.1067
vn -0.7386 -0.5422 -0.4005
vn -0.7671 -0.1469 -0.6245
vn -0.8940 -0.0781 -0.4411
vn -0.9355 0.0903 -0.3415
vn -0.8036 -0.2952 -0.5168
vn -0.8778 -0.2023 -0.4341
vn -0.8707 -0.1980 -0.4502
vn -0.7800 -0.0951 -0.6186
vn -0.8177 0.0066 -0.5755
vn -0.8591 0.0349 -0.5106
vn -0.9392 -0.0243 -0.3425
vn -0.9241 0.0631 -0.3770
vn -0.9404 0.1604 -0.2999
vn -0.8967 -0.1846 -0.4024
vn -0.7768 0.0529 -0.6275
vn -0.3049 0.1936 0.9325
vn -0.5774 0.5842 0.5704
vn -0.9800 0.1171 0.1607
vn -0.3954 -0.6789 -0.6187
vn -0.8921 0.3901 -0.2280
vn -0.9511 0.2347 -0.2006
vn -0.9700 0.2329 -0.0695
vn -0.8997 0.4323 -0.0602
vn -0.9366 0.2139 0.2777
vn -0.9534 0.0670 0.2941
vn -0.8916 0.0921 0.4434
vn -0.8734 0.2886 0.3922
vn -0.7311 -0.3216 -0.6018
vn -0.9649 0.2204 0.1427
vn -0.8148 -0.1446 0.5615
vn -0.9197 0.1475 0.3639
vn -0.6851 0.5248 0.5052
vn -0.7619 0.2207 0.6089
vn -0.7284 0.0343 0.6843
vn -0.8565 -0.4066 -0.3181
vn -0.9534 -0.3014 0.0141
vn -0.8386 -0.4248 -0.3412
vn -0.6725 -0.4390 -0.5958
vn -0.5900 -0.4006 -0.7010
vn -0.7251 0.0724 -0.6849
vn -0.7772 0.1400 -0.6134
vn -0.5941 0.4554 -0.6630
vn -0.6270 -0.0034 -0.7790
vn -0.6162 -0.3030 -0.7269
vn -0.8280 0.1524 -0.5396
vn -0.6328 -0.1946 -0.7495
vn -0.8893 0.1939 -0.4142
vn -0.8522 0.2911 -0.4347
vn -0.8347 0.1878 -0.5177
vn -0.9167 -0.0493 -0.3966
vn -0.9574 -0.0984 -0.2714
vn -0.6662 -0.0177 -0.7456
vn -0.8580 -0.3902 -0.3339
vn -0.8536 -0.4070 -0.3251
vn -0.9006 -0.4190 0.1154
vn -0.7283 0.2965 -0.6178
vn -0.8739 -0.4469 -0.1911
vn -0.6227 -0.4805 -0.6175
vn -0.7523 -0.4291 -0.5000
vn -0.6481 -0.4953 -0.5785
vn -0.5321 -0.4894 -0.6909
vn -0.8450 -0.2846 -0.4528
vn -0.9703 -0.2129 0.1153
vn -0.9843 -0.1573 -0.0806
vn -0.8954 -0.2969 0.3320
vn -0.9135 -0.2490 0.3217
vn -0.9406 -0.2145 0.2633
vn -0.9750 -0.1269 0.1823
vn -0.9932 -0.0611 0.0987
vn -0.9748 -0.1488 0.1664
vn -0.9226 -0.2463 0.2970
vn -0.7377 -0.0667 0.6718
vn -0.7275 -0.2319 0.6457
vn -0.6608 -0.2114 0.7202
vn -0.6606 -0.0334 0.7500
vn -0.7092 -0.3280 0.6241
vn -0.7142 -0.3409 0.6113
vn -0.6545 -0.3459 0.6724
vn -0.6545 -0.3208 0.6846
vn -0.7322 -0.0732 0.6772
vn -0.6360 0.1827 0.7497
vn -0.5070 0.0849 0.8578
vn -0.5694 -0.1675 0.8048
vn -0.7485 -0.2430 0.6170
vn -0.6297 -0.2952 0.7185
vn -0.4095 0.2123 0.8872
vn -0.5589 -0.3087 0.7696
vn -0.5558 -0.1792 0.8118
vn -0.2882 0.0763 0.9545
vn -0.3242 -0.2047 0.9236
vn -0.4226 -0.3982 0.8142
vn -0.5302 -0.3784 0.7588
vn -0.2621 0.1713 0.9497
vn -0.5495 0.0115 0.8354
vn -0.1432 -0.2730 0.9513
vn -0.0461 0.0580 0.9972
vn 0.1799 -0.0445 0.9827
vn 0.0088 -0.3814 0.9244
vn -0.2260 -0.4855 0.8445
vn -0.1188 -0.5461 0.8293
vn -0.3195 -0.4298 0.8445
vn -0.1674 -0.4597 0.8721
vn -0.3806 0.0705 0.9221
vn -0.3910 -0.1461 0.9087
vn -0.1949 -0.1288 0.9723
vn -0.1846 0.1110 0.9765
vn -0.3762 -0.3020 0.8759
vn -0.1845 -0.3078 0.9334
vn -0.0000 -0.4440 0.8960
vn -0.0000 -0.5711 0.8209
vn -0.0000 -0.4644 0.8856
vn -0.0000 -0.0976 0.9952
vn -0.0000 -0.1190 0.9929
vn -0.0000 0.1306 0.9914
vn -0.0000 -0.3074 0.9516
vn -0.9958 0.0584 -0.0709
vn -0.9973 0.0644 0.0351
vn -0.1303 0.6066 0.7843
vn -0.0000 0.6081 0.7938
vn -0.0000 0.8420 0.5395
vn -0.1167 0.8399 0.5300
vn -0.0915 0.9729 0.2124
vn -0.0000 0.9786 0.2059
vn -0.0919 0.9559 -0.2789
vn -0.0737 0.9964 -0.0431
vn -0.0000 0.9989 -0.0479
vn -0.0000 0.9622 -0.2723
vn -0.1447 0.8146 -0.5617
vn -0.0000 0.8267 -0.5626
vn -0.6994 0.5525 -0.4534
vn -0.5260 0.6597 -0.5367
vn -0.0000 0.3719 0.9283
vn -0.1571 0.3590 0.9200
vn -0.3506 0.3152 0.8819
vn -0.5324 0.2570 0.8065
vn -0.8392 0.3780 -0.3910
vn -0.5990 0.4804 0.6406
vn -0.5083 0.5206 0.6860
vn -0.4543 0.7627 0.4604
vn -0.5391 0.7197 0.4375
vn -0.3222 0.5757 0.7515
vn -0.2920 0.8027 0.5200
vn -0.1764 0.9835 -0.0414
vn -0.2265 0.9522 0.2050
vn -0.2975 0.9539 -0.0406
vn -0.3493 0.9170 0.1927
vn -0.4371 0.8989 -0.0306
vn -0.4644 0.8659 0.1857
vn -0.4193 0.7028 -0.5747
vn -0.3512 0.7376 -0.5767
vn -0.2515 0.7848 -0.5664
vn -0.4420 0.8426 -0.3076
vn -0.3085 0.9060 -0.2898
vn -0.1858 0.9410 -0.2827
vn -0.9868 0.0713 0.1452
vn -0.9275 -0.1485 0.3431
vn -0.9866 0.0874 -0.1378
vn -0.7225 0.1673 0.6709
vn -0.8098 0.1275 0.5726
vn -0.8097 -0.0948 0.5791
vn -0.6387 0.2094 0.7404
vn -0.5920 0.7853 0.1812
vn -0.5860 0.8093 -0.0405
vn -0.7547 0.6369 0.1575
vn -0.7622 0.6456 -0.0473
vn -0.8713 -0.1259 0.4744
vn -0.7539 0.2397 0.6117
vn -0.7850 -0.3330 0.5224
vn -0.8135 -0.2167 0.5397
vn -0.8107 0.0386 0.5842
vn -0.7969 -0.2488 0.5505
vn -0.7853 -0.3218 0.5290
vn -0.5899 0.7582 -0.2776
vn -0.6308 0.6645 0.4006
vn -0.6759 0.4480 0.5852
vn -0.8420 -0.2713 0.4663
vn -0.8378 -0.3112 0.4487
vn -0.8364 -0.3217 0.4437
vn -0.9195 0.0600 0.3884
vn -0.9298 0.1691 0.3268
vn -0.8829 -0.1878 0.4305
vn -0.7664 0.5926 -0.2478
vn -0.7659 0.5474 0.3373
vn -0.7877 0.3728 0.4904
vn -0.9760 0.0422 0.2137
vn -0.8952 -0.2032 0.3967
vn -0.8601 -0.3120 0.4036
vn -0.9433 -0.0337 0.3303
vn -0.8735 -0.2905 0.3905
vn -0.8823 -0.2798 0.3784
vn -0.9193 0.2324 -0.3176
vn -0.7438 -0.1260 -0.6564
vn -0.8255 0.0686 -0.5602
vn -0.8546 -0.0385 -0.5178
vn -0.7839 0.0652 -0.6175
vn -0.8119 0.0203 -0.5835
vn -0.0000 -0.4115 -0.9114
vn -0.0000 -0.9828 -0.1849
vn -0.1673 -0.9845 -0.0525
vn -0.2468 -0.4266 -0.8701
vn -0.4039 -0.4174 -0.8140
vn -0.1764 -0.9840 -0.0261
vn -0.0445 -0.9989 0.0119
vn -0.4567 -0.4136 -0.7876
vn -0.4566 -0.4304 -0.7787
vn -0.0388 -0.9976 -0.0569
vn 0.1076 -0.9908 0.0818
vn -0.4491 -0.5234 -0.7241
vn -0.3844 -0.6733 -0.6316
vn 0.1390 -0.9895 0.0397
vn 0.2221 -0.9248 -0.3088
vn -0.3964 -0.7546 -0.5229
vn -0.2810 -0.1675 -0.9450
vn -0.5325 -0.0064 -0.8464
vn 0.0895 0.9469 -0.3087
vn -0.1262 0.9588 -0.2544
vn -0.6348 0.0137 -0.7725
vn -0.5158 -0.5152 -0.6845
vn -0.1747 0.9371 -0.3021
vn -0.0000 -0.2575 -0.9663
vn -0.0000 0.8578 -0.5139
vn 0.2485 0.6576 -0.7112
vn -0.2177 -0.9280 0.3023
vn 0.4326 -0.8857 -0.1685
vn 0.5006 -0.6676 -0.5511
vn -0.2397 -0.5534 -0.7977
vn -0.7023 -0.5578 -0.4424
vn 0.2747 -0.9394 0.2050
vn 0.0042 -0.4717 -0.8818
vn -0.3130 -0.8164 -0.4852
vn -0.4167 -0.0195 -0.9088
vn -0.0913 0.7555 -0.6487
vn 0.1262 0.5534 -0.8233
vn 0.0599 0.4026 -0.9134
vn 0.1290 -0.9175 -0.3763
vn 0.2495 -0.8611 -0.4430
vn -0.3504 -0.8749 -0.3344
vn -0.1482 -0.9405 -0.3056
vn 0.7993 -0.2267 -0.5565
vn 0.5805 0.6679 -0.4658
vn 0.2330 0.9147 -0.3301
vn -0.0249 0.9400 -0.3402
vn -0.5460 -0.7249 -0.4200
vn -0.3838 -0.8577 -0.3421
vn -0.3356 0.8444 -0.4177
vn -0.8670 0.1721 -0.4676
vn 0.3465 0.8716 -0.3467
vn 0.0022 -0.9522 -0.3055
vn 0.4398 0.8094 -0.3890
vn -0.2261 0.8963 -0.3814
vn 0.0120 -0.0118 -0.9999
vn -0.0121 -0.9299 0.3677
vn -0.0000 -0.9085 0.4179
vn -0.0000 -0.6951 -0.7189
vn -0.0731 -0.6846 -0.7252
vn 0.0263 -0.9415 0.3360
vn -0.0822 -0.6676 -0.7399
vn 0.3175 -0.9420 0.1087
vn 0.1708 -0.9590 0.2260
vn -0.0549 -0.6212 -0.7818
vn 0.1332 -0.5984 -0.7901
vn 0.2457 0.9583 0.1462
vn 0.7172 0.6968 0.0106
vn 0.5597 0.5548 -0.6156
vn 0.0272 0.6294 -0.7766
vn 0.2360 -0.9220 0.3070
vn -0.0305 -0.6483 -0.7608
vn 0.2216 0.9287 0.2973
vn -0.0273 0.6232 -0.7816
vn 0.9786 -0.2023 0.0382
vn 0.7301 -0.3874 -0.5629
vn 0.1016 -0.9528 0.2862
vn -0.0384 -0.6583 -0.7517
vn -0.0000 0.9331 0.3597
vn 0.2262 0.9279 0.2965
vn 0.0205 0.6255 -0.7800
vn -0.0000 0.6208 -0.7840
vn 0.7622 -0.1184 -0.6364
vn 0.7709 -0.0776 -0.6323
vn 0.3956 -0.3902 -0.8314
vn 0.4526 -0.7412 -0.4957
vn -0.1752 -0.4806 -0.8592
vn -0.2618 -0.3906 -0.8826
vn -0.1156 -0.5326 -0.8385
vn -0.0792 -0.6148 -0.7847
vn 0.1617 -0.6574 -0.7360
vn 0.2700 -0.1646 -0.9487
vn 0.4535 -0.0375 -0.8904
vn 0.3461 -0.4594 -0.8180
vn 0.3024 -0.2579 -0.9176
vn 0.5391 -0.3567 -0.7630
vn 0.3701 -0.6910 -0.6210
vn 0.2008 -0.5772 -0.7915
vn 0.5251 0.4898 -0.6959
vn 0.7154 0.3113 -0.6255
vn 0.1806 0.4525 -0.8733
vn 0.1061 0.2544 -0.9613
vn 0.2291 0.2527 -0.9400
vn 0.4077 0.3350 -0.8494
vn 0.2582 0.0638 -0.9640
vn 0.3071 0.1652 -0.9372
vn 0.6455 -0.4421 -0.6228
vn 0.6615 -0.4532 -0.5975
vn 0.8623 -0.1287 -0.4897
vn 0.7901 -0.1866 -0.5838
vn 0.6695 0.3171 -0.6717
vn 0.5983 0.0149 -0.8012
vn 0.4215 -0.1627 -0.8921
vn 0.7737 0.1481 -0.6159
vn 0.7269 0.2624 -0.6346
vn 0.8657 0.2448 -0.4367
vn 0.8196 0.3863 -0.4232
vn 0.7746 0.3257 -0.5421
vn 0.7847 0.2792 -0.5535
vn 0.8416 0.0931 -0.5319
vn 0.7642 0.2556 -0.5921
vn 0.2739 0.0609 -0.9598
vn 0.5258 0.1077 -0.8438
vn 0.3430 0.0008 -0.9393
vn 0.7050 -0.1526 -0.6926
vn 0.2712 0.6013 -0.7516
vn 0.1936 0.5473 -0.8142
vn 0.7571 -0.3228 -0.5680
vn 0.9094 0.0059 -0.4159
vn 0.9270 0.0505 -0.3715
vn 0.8449 -0.2339 -0.4810
vn 0.6165 -0.6504 -0.4437
vn 0.4258 -0.8619 -0.2755
vn 0.9174 -0.3772 -0.1269
vn 0.7680 -0.6079 -0.2015
vn 0.7203 -0.6891 0.0790
vn -0.3637 -0.9301 -0.0503
vn -0.4070 -0.9069 -0.1089
vn 0.4013 -0.7934 -0.4576
vn 0.6935 -0.4438 -0.5675
vn 0.6533 -0.7501 -0.1031
vn 0.7456 -0.6663 -0.0122
vn 0.8163 -0.2444 -0.5234
vn 0.4830 -0.8716 -0.0838
vn 0.8137 -0.3116 -0.4907
vn 0.0771 -0.9786 -0.1906
vn -0.2666 -0.9210 -0.2840
vn 0.6830 -0.5147 -0.5183
vn 0.5725 -0.6912 -0.4410
vn -0.3938 -0.8186 -0.4181
vn 0.4424 -0.8339 -0.3300
vn -0.0602 -0.7239 -0.6872
vn 0.4713 -0.6783 -0.5637
vn 0.3350 -0.3848 -0.8601
vn 0.9587 0.0461 -0.2808
vn 0.9436 0.0621 -0.3253
vn 0.9841 0.0220 -0.1761
vn 0.9960 0.0078 -0.0891
vn 0.3572 -0.0336 -0.9334
vn 0.6664 0.0097 -0.7455
vn 0.3912 -0.1325 -0.9107
vn 0.8301 0.1865 -0.5256
vn 0.7583 -0.0749 -0.6476
vn 0.3737 -0.0809 -0.9240
vn 0.4145 0.4710 -0.7787
vn 0.4350 0.4334 -0.7892
vn 0.3743 0.4564 -0.8072
vn 0.3290 0.4449 -0.8330
vn 0.2823 0.4353 -0.8549
vn 0.2560 0.1635 -0.9528
vn 0.2412 -0.1138 -0.9638
vn 0.5207 0.1484 -0.8408
vn 0.4495 0.1037 -0.8872
vn 0.5105 0.1437 -0.8478
vn 0.5367 0.2438 -0.8078
vn 0.1102 0.1852 -0.9765
vn 0.0129 0.4338 -0.9009
vn 0.3552 0.3894 -0.8498
vn 0.4051 0.2028 -0.8915
vn 0.5620 0.0896 -0.8223
vn 0.5368 -0.0493 -0.8423
vn 0.5429 0.0044 -0.8398
vn 0.5362 -0.2526 -0.8054
vn 0.5527 -0.2584 -0.7923
vn 0.5202 -0.4845 -0.7033
vn 0.5311 -0.3259 -0.7822
vn 0.5527 -0.5042 -0.6636
vn 0.6566 -0.2408 -0.7148
vn 0.6792 -0.1766 -0.7124
vn 0.5507 -0.4128 -0.7255
vn 0.5870 -0.3266 -0.7408
vn 0.2269 -0.5844 -0.7791
vn 0.2710 -0.5847 -0.7647
vn 0.6502 -0.2392 -0.7211
vn 0.5530 -0.1464 -0.8202
vn 0.2552 -0.3025 -0.9184
vn 0.5349 -0.3004 -0.7897
vn 0.4775 -0.0385 -0.8778
vn 0.3409 -0.0993 -0.9348
vn 0.4217 -0.0213 -0.9065
vn 0.5665 -0.1780 -0.8046
vn 0.6043 -0.2578 -0.7539
vn 0.6583 -0.2950 -0.6925
vn 0.6190 -0.1319 -0.7742
vn 0.6083 -0.2183 -0.7631
vn 0.4984 -0.3463 -0.7948
vn 0.5899 -0.3626 -0.7215
vn 0.6281 -0.2257 -0.7447
vn 0.7287 -0.2502 -0.6375
vn 0.7351 -0.3683 -0.5692
vn 0.5029 -0.2987 -0.8111
vn 0.4940 -0.0719 -0.8665
vn 0.4081 -0.0034 -0.9129
vn 0.7342 -0.3386 -0.5885
vn 0.0546 0.1606 -0.9855
vn 0.5479 0.0427 -0.8355
vn 0.6504 -0.4756 -0.5923
vn 0.5130 0.0230 -0.8581
vn 0.3122 -0.1184 -0.9426
vn 0.4451 -0.5655 -0.6944
vn 0.5580 -0.3900 -0.7325
vn 0.1257 -0.3157 -0.9405
vn 0.2497 -0.8116 -0.5282
vn 0.5769 0.1954 -0.7931
vn 0.8261 0.1381 -0.5464
vn 0.7263 -0.0607 -0.6847
vn 0.2296 -0.2843 -0.9308
vn 0.3008 0.1381 -0.9436
vn 0.3308 0.1976 -0.9228
vn 0.2534 0.0550 -0.9658
vn 0.1855 -0.4185 -0.8891
vn 0.2548 -0.0153 -0.9669
vn 0.3486 -0.0228 -0.9370
vn 0.2293 0.0211 -0.9731
vn 0.8921 0.4089 -0.1921
vn 0.9993 0.0343 -0.0116
vn 0.8208 -0.5704 -0.0284
vn 0.8790 -0.3704 -0.3003
vn 0.9772 -0.0097 -0.2120
vn 0.8690 0.3181 -0.3790
vn 0.8603 0.0339 -0.5087
vn 0.8316 0.1398 -0.5375
vn 0.8247 0.3519 -0.4428
vn 0.7070 0.4408 -0.5530
vn 0.6842 -0.3393 -0.6456
vn 0.8447 0.0408 -0.5337
vn 0.3445 0.5560 -0.7564
vn 0.3526 -0.5915 -0.7252
vn 0.3770 -0.4456 -0.8119
vn 0.3809 -0.2302 -0.8955
vn 0.6187 -0.1379 -0.7734
vn 0.6541 -0.2754 -0.7044
vn 0.7092 0.0114 -0.7049
vn 0.8027 0.0224 -0.5960
vn 0.3233 0.1689 -0.9311
vn 0.7747 -0.3214 -0.5446
vn 0.8036 -0.3647 -0.4703
vn 0.7525 -0.3161 -0.5778
vn 0.6854 -0.1971 -0.7009
vn 0.4937 -0.1913 -0.8483
vn 0.8162 -0.3764 -0.4384
vn 0.8099 -0.3485 -0.4718
vn 0.7385 -0.3347 -0.5853
vn 0.4547 -0.5095 -0.7305
vn 0.3987 -0.8677 -0.2969
vn 0.6672 -0.6954 -0.2668
vn 0.7565 -0.6126 -0.2289
vn 0.7862 -0.5779 -0.2189
vn 0.8178 -0.3970 -0.4166
vn 0.7950 -0.5710 -0.2046
vn 0.8944 -0.4391 0.0854
vn 0.9211 -0.3532 -0.1639
vn 0.9515 -0.2827 -0.1211
vn 0.9223 -0.3111 0.2295
vn 0.9723 -0.1853 -0.1427
vn 0.9850 -0.0668 -0.1589
vn 0.9928 -0.0810 0.0880
vn 0.9759 -0.1456 0.1625
vn 0.9744 0.0522 -0.2189
vn 0.9303 -0.0843 -0.3571
vn 0.9357 0.0697 -0.3457
vn 0.4953 0.1150 -0.8611
vn 0.6287 0.1342 -0.7660
vn 0.7907 -0.0593 -0.6093
vn 0.6062 -0.0587 -0.7931
vn 0.4873 -0.2326 -0.8417
vn 0.1353 0.5675 -0.8122
vn 0.2525 -0.2738 -0.9281
vn 0.0700 0.4423 -0.8941
vn 0.4655 0.0019 -0.8851
vn 0.6384 0.0456 -0.7683
vn 0.1331 0.4333 -0.8914
vn -0.1553 0.1804 -0.9713
vn 0.6101 -0.5691 -0.5513
vn 0.6397 -0.4547 -0.6196
vn 0.6819 -0.0197 -0.7312
vn 0.8329 0.0501 -0.5512
vn -0.0556 -0.1741 -0.9831
vn 0.4043 -0.0558 -0.9129
vn 0.9122 0.1485 -0.3818
vn 0.9491 0.1439 -0.2801
vn 0.5573 -0.3858 -0.7353
vn -0.0407 -0.2750 -0.9606
vn 0.1270 -0.7849 -0.6065
vn 0.1863 -0.8463 -0.4991
vn 0.2080 -0.6543 -0.7270
vn 0.8177 -0.3672 -0.4433
vn 0.8227 -0.3372 -0.4577
vn 0.8169 -0.2712 -0.5091
vn 0.8872 0.1370 -0.4407
vn 0.9439 0.0845 -0.3193
vn 0.3812 0.1656 -0.9095
vn 0.3918 0.1956 -0.8990
vn 0.1755 0.1279 -0.9761
vn 0.9475 0.0658 -0.3130
vn 0.3316 0.1009 -0.9380
vn 0.3784 0.1294 -0.9166
vn 0.3818 0.2742 -0.8827
vn 0.4112 0.2739 -0.8694
vn 0.2996 0.0823 -0.9505
vn 0.4087 0.2908 -0.8651
vn 0.4406 0.2966 -0.8473
vn 0.9076 -0.2403 -0.3443
vn 0.6515 0.1893 -0.7346
vn 0.7154 0.2493 -0.6527
vn 0.8836 -0.2961 -0.3627
vn 0.9613 -0.2373 -0.1400
vn 0.8716 -0.3306 -0.3619
vn 0.1586 0.2708 -0.9495
vn 0.2957 0.2675 -0.9171
vn 0.9683 0.2422 0.0610
vn 0.8877 0.4449 0.1183
vn 0.8744 0.4051 0.2671
vn 0.9506 0.2446 0.1910
vn 0.8630 -0.3896 -0.3215
vn 1.0000 0.0037 -0.0090
vn 0.9576 -0.1932 0.2135
vn 0.7812 0.0168 -0.6240
vn 0.9796 0.0184 -0.2000
vn 0.9980 -0.0317 -0.0544
vn 0.9742 0.0375 -0.2225
vn 0.8257 -0.5546 -0.1032
vn 0.1716 0.5376 -0.8255
vn 0.7451 0.3559 -0.5641
vn 0.3070 0.5078 -0.8049
vn 0.5381 0.4579 -0.7076
vn 0.4233 0.4790 -0.7690
vn 0.4410 0.4960 -0.7480
vn 0.3928 0.4829 -0.7826
vn 0.1005 -0.7130 -0.6939
vn 0.6452 -0.1831 -0.7418
vn 0.5884 0.1377 -0.7968
vn 0.5699 0.3016 -0.7644
vn 0.5290 0.1618 -0.8330
vn 0.7426 0.3142 -0.5914
vn 0.8211 0.3525 -0.4489
vn 0.5185 0.4736 -0.7119
vn 0.2707 0.5591 -0.7837
vn 0.2896 0.6071 -0.7400
vn 0.5981 0.5170 -0.6123
vn 0.3673 0.1821 -0.9121
vn 0.5722 0.1953 -0.7965
vn 0.6809 0.1680 -0.7128
vn 0.9876 -0.1193 -0.1023
vn 0.9330 -0.3386 -0.1218
vn 0.9199 -0.1908 0.3426
vn 0.7964 -0.0862 -0.5986
vn 0.1901 0.9480 -0.2553
vn 0.6023 0.3996 -0.6910
vn 0.9303 0.1693 -0.3255
vn 0.8034 0.5510 -0.2257
vn -0.0403 0.4047 0.9136
vn -0.0714 0.8465 0.5276
vn 0.6559 0.5740 0.4903
vn 0.4516 0.1206 0.8840
vn 0.0101 -0.0709 0.9974
vn 0.4025 -0.2184 0.8890
vn 0.3702 -0.4105 0.8333
vn 0.0130 -0.4215 0.9068
vn 0.4956 -0.4651 0.7335
vn 0.5481 -0.7029 0.4533
vn 0.0650 -0.8322 0.5506
vn 0.0491 -0.5395 0.8406
vn 0.1953 -0.6166 -0.7627
vn -0.0011 -0.9793 -0.2026
vn 0.4988 -0.8574 0.1268
vn 0.7838 0.5782 0.2268
vn 0.7469 0.5565 -0.3639
vn 0.8585 0.2146 0.4657
vn 0.8760 -0.1746 0.4497
vn 0.8636 -0.4276 0.2670
vn 0.8391 -0.4897 0.2369
vn 0.7386 -0.5422 -0.4005
vn 0.8000 -0.5904 0.1067
vn 0.7671 -0.1469 -0.6245
vn 0.8940 -0.0781 -0.4411
vn 0.9355 0.0903 -0.3415
vn 0.8036 -0.2952 -0.5168
vn 0.8778 -0.2023 -0.4341
vn 0.8707 -0.1980 -0.4502
vn 0.7800 -0.0951 -0.6186
vn 0.8177 0.0066 -0.5755
vn 0.8591 0.0349 -0.5106
vn 0.9392 -0.0243 -0.3425
vn 0.9241 0.0631 -0.3770
vn 0.9404 0.1604 -0.2999
vn 0.8967 -0.1846 -0.4024
vn 0.7768 0.0529 -0.6275
vn 0.3049 0.1936 0.9325
vn 0.9800 0.1171 0.1607
vn 0.5774 0.5842 0.5704
vn 0.3954 -0.6789 -0.6187
vn 0.8921 0.3901 -0.2280
vn 0.8997 0.4323 -0.0602
vn 0.9700 0.2329 -0.0695
vn 0.9511 0.2347 -0.2006
vn 0.9366 0.2139 0.2777
vn 0.8734 0.2886 0.3922
vn 0.8916 0.0921 0.4434
vn 0.9534 0.0670 0.2941
vn 0.7311 -0.3216 -0.6018
vn 0.9649 0.2204 0.1427
vn 0.8147 -0.1446 0.5615
vn 0.9197 0.1475 0.3639
vn 0.7284 0.0343 0.6843
vn 0.7619 0.2207 0.6089
vn 0.6851 0.5248 0.5052
vn 0.8565 -0.4066 -0.3181
vn 0.9534 -0.3014 0.0141
vn 0.8386 -0.4248 -0.3412
vn 0.5900 -0.4006 -0.7010
vn 0.6725 -0.4390 -0.5958
vn 0.7772 0.1400 -0.6134
vn 0.7251 0.0724 -0.6849
vn 0.5941 0.4554 -0.6630
vn 0.8280 0.1524 -0.5396
vn 0.6162 -0.3030 -0.7269
vn 0.6270 -0.0034 -0.7790
vn 0.6328 -0.1946 -0.7495
vn 0.8522 0.2911 -0.4347
vn 0.8893 0.1939 -0.4142
vn 0.8347 0.1878 -0.5177
vn 0.9574 -0.0984 -0.2714
vn 0.9167 -0.0493 -0.3966
vn 0.6662 -0.0177 -0.7456
vn 0.8580 -0.3902 -0.3339
vn 0.8536 -0.4070 -0.3251
vn 0.9006 -0.4190 0.1154
vn 0.7283 0.2965 -0.6178
vn 0.8739 -0.4469 -0.1911
vn 0.6227 -0.4805 -0.6175
vn 0.7523 -0.4291 -0.5000
vn 0.6481 -0.4953 -0.5785
vn 0.5321 -0.4894 -0.6909
vn 0.8449 -0.2846 -0.4528
vn 0.9703 -0.2129 0.1153
vn 0.9843 -0.1573 -0.0806
vn 0.9135 -0.2490 0.3217
vn 0.8954 -0.2969 0.3320
vn 0.9406 -0.2145 0.2633
vn 0.9750 -0.1269 0.1823
vn 0.9748 -0.1488 0.1664
vn 0.9932 -0.0611 0.0987
vn 0.9226 -0.2463 0.2970
vn 0.7377 -0.0667 0.6718
vn 0.6606 -0.0334 0.7500
vn 0.6608 -0.2114 0.7202
vn 0.7275 -0.2319 0.6457
vn 0.7092 -0.3280 0.6241
vn 0.6545 -0.3208 0.6846
vn 0.6545 -0.3459 0.6724
vn 0.7142 -0.3409 0.6113
vn 0.7321 -0.0732 0.6772
vn 0.5694 -0.1675 0.8048
vn 0.5070 0.0849 0.8578
vn 0.6361 0.1827 0.7497
vn 0.7485 -0.2430 0.6170
vn 0.6297 -0.2952 0.7185
vn 0.4095 0.2123 0.8872
vn 0.5558 -0.1792 0.8118
vn 0.5589 -0.3087 0.7696
vn 0.3242 -0.2047 0.9236
vn 0.2883 0.0763 0.9545
vn 0.4226 -0.3982 0.8142
vn 0.5302 -0.3784 0.7588
vn 0.2621 0.1713 0.9497
vn 0.5495 0.0115 0.8354
vn 0.1432 -0.2730 0.9513
vn -0.0088 -0.3814 0.9244
vn -0.1799 -0.0445 0.9827
vn 0.0461 0.0580 0.9972
vn 0.2260 -0.4855 0.8445
vn 0.1188 -0.5461 0.8293
vn 0.3195 -0.4298 0.8445
vn 0.1674 -0.4597 0.8721
vn 0.3806 0.0705 0.9221
vn 0.1846 0.1110 0.9765
vn 0.1949 -0.1288 0.9723
vn 0.3910 -0.1461 0.9087
vn 0.3762 -0.3020 0.8759
vn 0.1845 -0.3078 0.9334
vn 0.9958 0.0584 -0.0709
vn 0.9973 0.0644 0.0351
vn 0.1303 0.6066 0.7843
vn 0.1167 0.8399 0.5300
vn 0.0915 0.9729 0.2124
vn 0.0919 0.9559 -0.2789
vn 0.0737 0.9964 -0.0431
vn 0.1447 0.8146 -0.5617
vn 0.5260 0.6597 -0.5367
vn 0.6994 0.5525 -0.4534
vn 0.1571 0.3590 0.9200
vn 0.3506 0.3152 0.8819
vn 0.5324 0.2570 0.8065
vn 0.8392 0.3780 -0.3910
vn 0.5990 0.4804 0.6406
vn 0.5391 0.7197 0.4375
vn 0.4543 0.7627 0.4604
vn 0.5083 0.5206 0.6860
vn 0.2920 0.8027 0.5200
vn 0.3222 0.5757 0.7515
vn 0.2265 0.9522 0.2050
vn 0.1764 0.9835 -0.0414
vn 0.3493 0.9170 0.1927
vn 0.2975 0.9539 -0.0406
vn 0.4644 0.8659 0.1857
vn 0.4371 0.8989 -0.0306
vn 0.4193 0.7028 -0.5747
vn 0.2515 0.7848 -0.5664
vn 0.3512 0.7376 -0.5767
vn 0.3086 0.9060 -0.2898
vn 0.4420 0.8426 -0.3076
vn 0.1858 0.9410 -0.2827
vn 0.9868 0.0713 0.1452
vn 0.9275 -0.1485 0.3431
vn 0.9866 0.0874 -0.1378
vn 0.7225 0.1673 0.6709
vn 0.8097 -0.0948 0.5791
vn 0.8098 0.1275 0.5726
vn 0.6387 0.2094 0.7404
vn 0.5920 0.7853 0.1812
vn 0.5860 0.8093 -0.0405
vn 0.7547 0.6369 0.1575
vn 0.7622 0.6456 -0.0473
vn 0.8713 -0.1259 0.4744
vn 0.7539 0.2397 0.6117
vn 0.7850 -0.3330 0.5224
vn 0.8135 -0.2167 0.5397
vn 0.8107 0.0386 0.5842
vn 0.7969 -0.2488 0.5505
vn 0.7853 -0.3218 0.5290
vn 0.5899 0.7582 -0.2776
vn 0.6308 0.6645 0.4006
vn 0.6759 0.4480 0.5852
vn 0.8420 -0.2713 0.4663
vn 0.8378 -0.3112 0.4487
vn 0.8364 -0.3217 0.4437
vn 0.9195 0.0600 0.3884
vn 0.9298 0.1691 0.3268
vn 0.8829 -0.1878 0.4305
vn 0.7664 0.5926 -0.2478
vn 0.7659 0.5474 0.3373
vn 0.7877 0.3728 0.4904
vn 0.9760 0.0422 0.2137
vn 0.8601 -0.3120 0.4036
vn 0.8952 -0.2032 0.3967
vn 0.9433 -0.0337 0.3303
vn 0.8823 -0.2798 0.3784
vn 0.8735 -0.2905 0.3905
vn 0.9193 0.2324 -0.3176
vn 0.7438 -0.1260 -0.6564
vn 0.8255 0.0686 -0.5602
vn 0.8546 -0.0385 -0.5178
vn 0.7839 0.0652 -0.6175
vn 0.8119 0.0203 -0.5835
vn 0.2468 -0.4266 -0.8701
vn 0.1673 -0.9845 -0.0525
vn 0.4039 -0.4174 -0.8140
vn 0.4567 -0.4136 -0.7876
vn 0.0445 -0.9989 0.0119
vn 0.1764 -0.9840 -0.0261
vn 0.4566 -0.4304 -0.7787
vn 0.4491 -0.5234 -0.7241
vn -0.1076 -0.9908 0.0818
vn 0.0388 -0.9976 -0.0569
vn 0.3844 -0.6733 -0.6316
vn 0.3964 -0.7546 -0.5229
vn -0.2221 -0.9248 -0.3088
vn -0.1390 -0.9895 0.0397
vn 0.2810 -0.1675 -0.9450
vn 0.5325 -0.0064 -0.8464
vn -0.0895 0.9469 -0.3087
vn 0.1262 0.9588 -0.2544
vn 0.6348 0.0137 -0.7725
vn 0.5158 -0.5152 -0.6845
vn 0.1747 0.9371 -0.3021
vn -0.2487 0.6574 -0.7113
vn 0.2177 -0.9280 0.3023
vn -0.5006 -0.6676 -0.5511
vn -0.4326 -0.8857 -0.1685
vn 0.7023 -0.5578 -0.4424
vn 0.2397 -0.5534 -0.7977
vn -0.2747 -0.9394 0.2050
vn -0.0042 -0.4717 -0.8818
vn 0.3130 -0.8164 -0.4852
vn 0.4167 -0.0195 -0.9088
vn 0.0913 0.7555 -0.6487
vn -0.1262 0.5534 -0.8233
vn -0.0600 0.4026 -0.9134
vn -0.2495 -0.8611 -0.4430
vn -0.1290 -0.9175 -0.3763
vn 0.1482 -0.9405 -0.3056
vn 0.3504 -0.8749 -0.3344
vn -0.5805 0.6679 -0.4658
vn -0.7993 -0.2267 -0.5565
vn 0.0249 0.9400 -0.3402
vn -0.2330 0.9147 -0.3301
vn 0.3838 -0.8577 -0.3421
vn 0.5460 -0.7249 -0.4200
vn 0.8670 0.1721 -0.4676
vn 0.3356 0.8444 -0.4177
vn -0.3465 0.8716 -0.3467
vn -0.0022 -0.9522 -0.3055
vn -0.4398 0.8094 -0.3890
vn 0.2261 0.8963 -0.3814
vn -0.0120 -0.0118 -0.9999
vn 0.0121 -0.9299 0.3677
vn 0.0731 -0.6846 -0.7252
vn -0.0263 -0.9415 0.3360
vn 0.0822 -0.6676 -0.7399
vn -0.3175 -0.9420 0.1087
vn -0.1332 -0.5984 -0.7901
vn 0.0549 -0.6212 -0.7818
vn -0.1708 -0.9590 0.2260
vn -0.2457 0.9583 0.1462
vn -0.0272 0.6294 -0.7766
vn -0.5597 0.5548 -0.6156
vn -0.7172 0.6968 0.0106
vn 0.0305 -0.6483 -0.7608
vn -0.2360 -0.9220 0.3070
vn -0.2216 0.9287 0.2973
vn 0.0273 0.6232 -0.7816
vn -0.7301 -0.3874 -0.5629
vn -0.9785 -0.2024 0.0382
vn 0.0384 -0.6583 -0.7517
vn -0.1016 -0.9528 0.2862
vn -0.0205 0.6255 -0.7800
vn -0.2262 0.9279 0.2965
vt 0.132112 0.018702
vt 0.143171 0.020766
vt 0.143179 0.033503
vt 0.131234 0.032298
vt 0.142744 0.196275
vt 0.142627 0.210267
vt 0.129245 0.210324
vt 0.128956 0.196372
vt 0.036610 0.449509
vt 0.034445 0.437436
vt 0.052407 0.437492
vt 0.053836 0.448453
vt 0.085285 0.265357
vt 0.088687 0.278583
vt 0.072836 0.285140
vt 0.072657 0.267963
vt 0.142984 0.154720
vt 0.128833 0.153732
vt 0.128891 0.139169
vt 0.143041 0.140332
vt 0.061074 0.299899
vt 0.063674 0.283628
vt 0.068775 0.301676
vt 0.125452 0.381937
vt 0.137083 0.380942
vt 0.136370 0.396061
vt 0.123818 0.396727
vt 0.114910 0.166897
vt 0.114860 0.181424
vt 0.100698 0.180481
vt 0.100937 0.165770
vt 0.119181 0.261973
vt 0.119854 0.273359
vt 0.109735 0.274226
vt 0.108172 0.262263
vt 0.072164 0.163035
vt 0.071345 0.178120
vt 0.055725 0.176524
vt 0.057377 0.161455
vt 0.053701 0.539026
vt 0.055069 0.525548
vt 0.066998 0.525313
vt 0.066113 0.539302
vt 0.057671 0.359962
vt 0.059501 0.345100
vt 0.073843 0.346707
vt 0.069980 0.365990
vt 0.082707 0.373660
vt 0.089028 0.359433
vt 0.100471 0.364139
vt 0.094788 0.378802
vt 0.077696 0.103446
vt 0.075637 0.117986
vt 0.063131 0.114883
vt 0.066375 0.101491
vt 0.116224 0.107329
vt 0.116130 0.121966
vt 0.102665 0.121015
vt 0.103430 0.105416
vt 0.043159 0.497200
vt 0.042147 0.484897
vt 0.056656 0.482631
vt 0.056430 0.495719
vt 0.063922 0.268023
vt 0.057344 0.282789
vt 0.057066 0.268214
vt 0.069978 0.429494
vt 0.085373 0.431674
vt 0.085576 0.438869
vt 0.070203 0.438590
vt 0.055895 0.471819
vt 0.070823 0.471522
vt 0.069982 0.482552
vt 0.120446 0.018330
vt 0.119478 0.031803
vt 0.107822 0.032011
vt 0.108624 0.018734
vt 0.085055 0.020910
vt 0.084192 0.032861
vt 0.072401 0.033777
vt 0.073498 0.021774
vt 0.034352 0.573032
vt 0.035875 0.561728
vt 0.049637 0.562557
vt 0.047434 0.573677
vt 0.074695 0.303701
vt 0.083809 0.293883
vt 0.093763 0.302137
vt 0.089593 0.309261
vt 0.103107 0.286272
vt 0.111403 0.284437
vt 0.114309 0.291314
vt 0.106899 0.293465
vt 0.098139 0.345930
vt 0.088247 0.339849
vt 0.095481 0.335012
vt 0.103596 0.341138
vt 0.118077 0.355539
vt 0.107573 0.350247
vt 0.112398 0.344890
vt 0.121160 0.348539
vt 0.077883 0.326589
vt 0.073239 0.314664
vt 0.087410 0.316721
vt 0.088865 0.325829
vt 0.059485 0.330661
vt 0.060457 0.313057
vt 0.065670 0.314228
vt 0.069086 0.330234
vt 0.035969 0.209054
vt 0.050875 0.222774
vt 0.044482 0.225101
vt 0.034125 0.213182
vt 0.117325 0.237279
vt 0.118291 0.250042
vt 0.106567 0.250022
vt 0.104790 0.237089
vt 0.079202 0.237463
vt 0.082541 0.251483
vt 0.070880 0.252361
vt 0.067596 0.238562
vt 0.040907 0.537126
vt 0.042468 0.524209
vt 0.118106 0.060858
vt 0.117454 0.075889
vt 0.104902 0.075294
vt 0.105822 0.060465
vt 0.081100 0.059579
vt 0.080032 0.073756
vt 0.069064 0.073011
vt 0.070080 0.059458
vt 0.104244 0.425111
vt 0.085766 0.424760
vt 0.086578 0.418268
vt 0.104620 0.419167
vt 0.121050 0.424092
vt 0.121635 0.419130
vt 0.135283 0.417437
vt 0.135015 0.422476
vt 0.087100 0.208903
vt 0.101739 0.209589
vt 0.103065 0.223537
vt 0.089422 0.223359
vt 0.037905 0.193069
vt 0.055364 0.205279
vt 0.057609 0.221161
vt 0.036446 0.202602
vt 0.061908 0.563822
vt 0.061128 0.575180
vt 0.051880 0.426212
vt 0.068470 0.496470
vt 0.028527 0.413686
vt 0.013322 0.412710
vt 0.010529 0.403006
vt 0.024596 0.403946
vt 0.048521 0.059033
vt 0.047477 0.072121
vt 0.036648 0.070707
vt 0.037816 0.058588
vt 0.050652 0.023975
vt 0.050506 0.035443
vt 0.040023 0.034748
vt 0.040518 0.023992
vt 0.062311 0.252179
vt 0.060235 0.239261
vt 0.043389 0.096671
vt 0.040820 0.110330
vt 0.030336 0.106420
vt 0.032587 0.094736
vt 0.032289 0.148421
vt 0.030214 0.162148
vt 0.014760 0.153051
vt 0.019278 0.140706
vt 0.143182 0.047280
vt 0.130780 0.046499
vt 0.143129 0.107893
vt 0.129505 0.107810
vt 0.129823 0.092125
vt 0.143153 0.092552
vt 0.141965 0.273699
vt 0.130769 0.273252
vt 0.130540 0.262056
vt 0.142065 0.262322
vt 0.130187 0.076793
vt 0.143171 0.076793
vt 0.142843 0.181743
vt 0.128842 0.182061
vt 0.135648 0.410431
vt 0.122511 0.411958
vt 0.120254 0.444678
vt 0.120917 0.435734
vt 0.134360 0.434551
vt 0.133831 0.444111
vt 0.072265 0.207750
vt 0.074703 0.222490
vt 0.093534 0.059994
vt 0.092367 0.074545
vt 0.092073 0.237734
vt 0.094497 0.251603
vt 0.094273 0.289200
vt 0.100126 0.296787
vt 0.096366 0.019224
vt 0.095692 0.032382
vt 0.090519 0.105520
vt 0.089428 0.120601
vt 0.086714 0.165115
vt 0.086154 0.179774
vt 0.096863 0.264763
vt 0.099811 0.275946
vt 0.094106 0.045770
vt 0.082640 0.045937
vt 0.142345 0.237917
vt 0.129787 0.237293
vt 0.129542 0.224082
vt 0.142487 0.224809
vt 0.049122 0.045762
vt 0.038648 0.046264
vt 0.071343 0.046334
vt 0.118688 0.046229
vt 0.106838 0.045978
vt 0.038968 0.549752
vt 0.051440 0.551020
vt 0.064061 0.551856
vt 0.143092 0.124314
vt 0.129203 0.123741
vt 0.035118 0.082844
vt 0.045861 0.084668
vt 0.067450 0.510867
vt 0.055686 0.510300
vt 0.042857 0.510345
vt 0.103942 0.090801
vt 0.116800 0.091605
vt 0.067942 0.087235
vt 0.079041 0.088424
vt 0.054693 0.099703
vt 0.056875 0.085889
vt 0.088555 0.135464
vt 0.087602 0.150164
vt 0.073334 0.148011
vt 0.074505 0.133044
vt 0.142203 0.250164
vt 0.130123 0.250004
vt 0.038022 0.122729
vt 0.035664 0.135623
vt 0.023606 0.128849
vt 0.027619 0.117767
vt 0.071622 0.448109
vt 0.086574 0.447043
vt 0.088482 0.455981
vt 0.074760 0.459866
vt 0.055626 0.460304
vt 0.059762 0.145678
vt 0.061294 0.130435
vt 0.115454 0.137780
vt 0.115067 0.152453
vt 0.101436 0.151114
vt 0.102007 0.136480
vt 0.040327 0.473439
vt 0.038915 0.461710
vt 0.141942 0.284131
vt 0.130745 0.283167
vt 0.128625 0.167770
vt 0.142930 0.166523
vt 0.058774 0.393914
vt 0.064999 0.380834
vt 0.077633 0.388896
vt 0.073344 0.403687
vt 0.090529 0.394796
vt 0.088088 0.410111
vt 0.021948 0.395439
vt 0.005784 0.395444
vt 0.000949 0.387711
vt 0.017141 0.383633
vt 0.053919 0.373124
vt 0.047474 0.141310
vt 0.049923 0.126979
vt 0.032217 0.498445
vt 0.032590 0.510655
vt 0.060318 0.046412
vt 0.061017 0.034456
vt 0.042652 0.169651
vt 0.045000 0.155699
vt 0.052867 0.113445
vt 0.061263 0.023083
vt 0.058061 0.072095
vt 0.059152 0.058976
vt 0.026185 0.185323
vt 0.024618 0.193517
vt 0.043112 0.365801
vt 0.048248 0.384469
vt 0.038411 0.374327
vt 0.127417 0.367630
vt 0.137680 0.367148
vt 0.133233 0.454747
vt 0.120253 0.453885
vt 0.029888 0.486758
vt 0.026716 0.475240
vt 0.024333 0.463374
vt 0.021497 0.450726
vt 0.025103 0.560276
vt 0.027564 0.548446
vt 0.023417 0.200770
vt 0.023941 0.205623
vt 0.051091 0.415578
vt 0.051538 0.403069
vt 0.029228 0.535733
vt 0.031278 0.523190
vt 0.022989 0.571431
vt 0.018672 0.437553
vt 0.142037 0.293360
vt 0.131067 0.291245
vt 0.116396 0.223853
vt 0.040225 0.393466
vt 0.030836 0.381328
vt 0.055368 0.252140
vt 0.143180 0.061799
vt 0.130451 0.061227
vt 0.051759 0.238769
vt 0.071153 0.412723
vt 0.128657 0.356829
vt 0.138128 0.355549
vt 0.114307 0.366962
vt 0.105115 0.454422
vt 0.105820 0.464078
vt 0.091026 0.464526
vt 0.091143 0.089296
vt 0.031530 0.425334
vt 0.039500 0.184013
vt 0.027987 0.175708
vt 0.071176 0.193511
vt 0.055275 0.193012
vt 0.132577 0.466195
vt 0.120427 0.464806
vt 0.120939 0.429347
vt 0.134737 0.427651
vt 0.015170 0.424947
vt 0.070124 0.420795
vt 0.101196 0.195184
vt 0.086331 0.194471
vt 0.104091 0.437457
vt 0.103942 0.431030
vt 0.050094 0.342762
vt 0.052223 0.329135
vt 0.053724 0.312797
vt 0.054938 0.299562
vt 0.047543 0.354693
vt 0.115030 0.195867
vt 0.074554 0.564595
vt 0.073670 0.576690
vt 0.078485 0.510768
vt 0.077887 0.525088
vt 0.120840 0.283136
vt 0.106023 0.411743
vt 0.116031 0.555413
vt 0.127143 0.556576
vt 0.126254 0.570900
vt 0.115206 0.568973
vt 0.104561 0.445728
vt 0.107714 0.396525
vt 0.110673 0.381950
vt 0.082314 0.465830
vt 0.077321 0.539612
vt 0.122449 0.290653
vt 0.079672 0.497276
vt 0.115644 0.210058
vt 0.075920 0.552527
vt 0.080857 0.483932
vt 0.081316 0.473375
vt 0.130718 0.350468
vt 0.091865 0.484660
vt 0.090109 0.497413
vt 0.117570 0.527623
vt 0.117967 0.512928
vt 0.129653 0.515575
vt 0.128829 0.529152
vt 0.086007 0.566039
vt 0.085551 0.578198
vt 0.118745 0.499831
vt 0.130480 0.501823
vt 0.088521 0.525759
vt 0.088421 0.539738
vt 0.092304 0.472358
vt 0.114672 0.581973
vt 0.125435 0.583998
vt 0.087170 0.553248
vt 0.119390 0.487603
vt 0.131210 0.489562
vt 0.088920 0.511402
vt 0.116653 0.541621
vt 0.127991 0.542836
vt 0.104684 0.511323
vt 0.105406 0.497905
vt 0.131943 0.477109
vt 0.119830 0.475365
vt 0.103910 0.525909
vt 0.102426 0.554187
vt 0.103401 0.540392
vt 0.105728 0.485483
vt 0.106480 0.473658
vt 0.101155 0.567204
vt 0.100064 0.579844
vt 0.138221 0.352780
vt 0.825706 0.162450
vt 0.836451 0.161264
vt 0.839151 0.179893
vt 0.829556 0.178736
vt 0.832537 0.354193
vt 0.827704 0.355039
vt 0.821597 0.337213
vt 0.827573 0.335769
vt 0.846984 0.352531
vt 0.839874 0.354106
vt 0.834747 0.335283
vt 0.843034 0.335080
vt 0.852784 0.352240
vt 0.851319 0.334876
vt 0.862874 0.353227
vt 0.859698 0.334640
vt 0.781333 0.197629
vt 0.793195 0.196292
vt 0.793418 0.212568
vt 0.783409 0.212904
vt 0.874762 0.196009
vt 0.888443 0.192629
vt 0.888140 0.209902
vt 0.878512 0.208905
vt 0.937417 0.188597
vt 0.952328 0.192441
vt 0.951710 0.205858
vt 0.937367 0.206113
vt 0.776304 0.100707
vt 0.793016 0.096489
vt 0.796381 0.107670
vt 0.779473 0.111191
vt 0.957955 0.067662
vt 0.943669 0.064433
vt 0.944121 0.051118
vt 0.957444 0.054920
vt 0.996561 0.073026
vt 0.974622 0.069764
vt 0.973670 0.057619
vt 0.995669 0.062048
vt 0.830186 0.190963
vt 0.841109 0.193767
vt 0.842666 0.208679
vt 0.834171 0.209458
vt 0.940637 0.154380
vt 0.954032 0.156850
vt 0.953918 0.177907
vt 0.938455 0.173402
vt 0.878000 0.157962
vt 0.890978 0.156628
vt 0.892091 0.176225
vt 0.874769 0.178963
vt 0.773930 0.163859
vt 0.788177 0.164610
vt 0.790894 0.182153
vt 0.778169 0.181746
vt 0.867688 0.083081
vt 0.866172 0.098643
vt 0.850356 0.101033
vt 0.852360 0.083661
vt 0.847481 0.160746
vt 0.863901 0.159715
vt 0.860893 0.181739
vt 0.848561 0.181606
vt 0.896909 0.085395
vt 0.894964 0.098407
vt 0.880325 0.098008
vt 0.884835 0.085272
vt 0.850579 0.195097
vt 0.860868 0.196028
vt 0.866729 0.207985
vt 0.855948 0.207550
vt 0.871631 0.354626
vt 0.868879 0.335253
vt 0.882088 0.223746
vt 0.872548 0.223710
vt 0.875776 0.231876
vt 0.885377 0.232063
vt 0.889167 0.245086
vt 0.878707 0.244324
vt 0.799160 0.236422
vt 0.817190 0.234084
vt 0.822934 0.247911
vt 0.806184 0.250165
vt 0.905990 0.206481
vt 0.906723 0.220251
vt 0.892523 0.223099
vt 0.862147 0.222822
vt 0.850279 0.222478
vt 0.827347 0.233018
vt 0.833431 0.247210
vt 0.833331 0.090451
vt 0.836065 0.103261
vt 0.821989 0.104958
vt 0.818962 0.093046
vt 0.880418 0.356684
vt 0.877280 0.336133
vt 0.804564 0.163732
vt 0.817243 0.163595
vt 0.818730 0.179551
vt 0.805779 0.180031
vt 0.773890 0.215076
vt 0.786144 0.228629
vt 0.776697 0.230259
vt 0.969252 0.161291
vt 0.986123 0.163408
vt 0.980937 0.179990
vt 0.966797 0.179651
vt 0.806197 0.095075
vt 0.808205 0.106456
vt 0.966515 0.193509
vt 0.979099 0.193772
vt 0.981638 0.206684
vt 0.964917 0.205949
vt 0.887511 0.358838
vt 0.884820 0.337374
vt 0.919895 0.205452
vt 0.917905 0.218495
vt 0.909194 0.153926
vt 0.909745 0.174112
vt 0.924530 0.153238
vt 0.923430 0.173634
vt 0.760794 0.106032
vt 0.762605 0.118684
vt 0.911998 0.188905
vt 0.923297 0.189215
vt 0.894869 0.361040
vt 0.892005 0.338845
vt 0.902123 0.362140
vt 0.898685 0.339752
vt 0.995633 0.112400
vt 0.991045 0.138459
vt 0.972806 0.133855
vt 0.975238 0.107427
vt 0.783744 0.136544
vt 0.800700 0.134314
vt 0.865157 0.129108
vt 0.849953 0.130276
vt 0.748470 0.121239
vt 0.753796 0.145478
vt 0.736305 0.149416
vt 0.730772 0.123041
vt 0.940351 0.128803
vt 0.954275 0.130620
vt 0.813072 0.133398
vt 0.836843 0.130769
vt 0.824471 0.131834
vt 0.924631 0.128197
vt 0.926336 0.101050
vt 0.942189 0.102837
vt 0.768299 0.142412
vt 0.982012 0.223333
vt 0.964221 0.221922
vt 0.760218 0.166361
vt 0.765900 0.184021
vt 0.782927 0.059364
vt 0.777672 0.040136
vt 0.793285 0.031566
vt 0.795982 0.054105
vt 0.770393 0.200057
vt 0.908357 0.362195
vt 0.906297 0.340138
vt 0.927036 0.089370
vt 0.942579 0.091659
vt 0.916142 0.056454
vt 0.913320 0.074850
vt 0.898125 0.072334
vt 0.901519 0.053341
vt 0.800321 0.067953
vt 0.817214 0.062671
vt 0.816447 0.080932
vt 0.804442 0.083166
vt 0.975003 0.084119
vt 0.958281 0.082560
vt 0.746142 0.109152
vt 0.743158 0.096252
vt 0.757484 0.093688
vt 0.929673 0.061012
vt 0.943270 0.080229
vt 0.928195 0.077447
vt 0.753741 0.082430
vt 0.770685 0.078032
vt 0.773983 0.089981
vt 0.957597 0.093671
vt 0.790494 0.085255
vt 0.786280 0.071909
vt 0.785644 0.259247
vt 0.795367 0.254015
vt 0.803012 0.271565
vt 0.794324 0.277235
vt 0.814054 0.293530
vt 0.806765 0.296154
vt 0.825810 0.314765
vt 0.818499 0.316199
vt 0.910314 0.247021
vt 0.922910 0.247644
vt 0.922986 0.268501
vt 0.911658 0.267665
vt 0.922372 0.291612
vt 0.912101 0.290602
vt 0.921633 0.317297
vt 0.912453 0.316418
vt 0.921336 0.340560
vt 0.913850 0.340583
vt 0.898470 0.245946
vt 0.900525 0.266411
vt 0.902477 0.289656
vt 0.903684 0.315439
vt 0.962927 0.251808
vt 0.974851 0.254565
vt 0.970289 0.275348
vt 0.959889 0.272770
vt 0.964421 0.298094
vt 0.955492 0.295562
vt 0.960681 0.320343
vt 0.952186 0.318811
vt 0.958024 0.340633
vt 0.949871 0.339701
vt 0.838453 0.264033
vt 0.827444 0.265803
vt 0.845568 0.288482
vt 0.835478 0.289169
vt 0.852466 0.311798
vt 0.844062 0.312127
vt 0.868010 0.244874
vt 0.882157 0.264961
vt 0.872453 0.264763
vt 0.885801 0.288221
vt 0.877079 0.287596
vt 0.888848 0.313850
vt 0.881308 0.312641
vt 0.935761 0.248767
vt 0.949729 0.249694
vt 0.946821 0.271232
vt 0.935866 0.269798
vt 0.944965 0.294083
vt 0.933306 0.292760
vt 0.942191 0.318738
vt 0.932815 0.317978
vt 0.941038 0.339987
vt 0.930607 0.340190
vt 0.813277 0.267420
vt 0.823674 0.290983
vt 0.835177 0.313346
vt 0.891372 0.265577
vt 0.894118 0.288792
vt 0.895434 0.314772
vt 0.845997 0.245921
vt 0.858063 0.245226
vt 0.862754 0.264412
vt 0.850260 0.264518
vt 0.867663 0.287179
vt 0.856587 0.287426
vt 0.872483 0.311620
vt 0.862809 0.311267
vt 0.895536 0.232145
vt 0.907499 0.231788
vt 0.854669 0.231791
vt 0.865994 0.231639
vt 0.789550 0.239905
vt 0.838066 0.223293
vt 0.823386 0.224930
vt 0.820340 0.217984
vt 0.827249 0.217095
vt 0.780030 0.242797
vt 0.935224 0.231100
vt 0.949971 0.231620
vt 0.949781 0.219935
vt 0.964874 0.232885
vt 0.979761 0.236226
vt 0.818542 0.190374
vt 0.806411 0.190771
vt 0.840852 0.232016
vt 0.911842 0.087322
vt 0.910836 0.099544
vt 0.913913 0.362051
vt 0.935314 0.219530
vt 0.814068 0.225809
vt 0.811884 0.218778
vt 0.879461 0.128473
vt 0.920364 0.360970
vt 0.921914 0.230995
vt 0.868157 0.051495
vt 0.884688 0.050813
vt 0.883786 0.068594
vt 0.867571 0.067784
vt 0.796363 0.227716
vt 0.808409 0.200286
vt 0.800419 0.201523
vt 0.739372 0.083969
vt 0.736153 0.072821
vt 0.750302 0.072978
vt 0.892699 0.128005
vt 0.825788 0.209246
vt 0.851985 0.069901
vt 0.851886 0.053727
vt 0.823839 0.199665
vt 0.930918 0.359887
vt 0.975183 0.095756
vt 0.956909 0.104774
vt 0.939236 0.359370
vt 0.909335 0.127817
vt 0.996636 0.098658
vt 0.996861 0.086586
vt 0.949267 0.358549
vt 0.835843 0.057740
vt 0.836630 0.074084
vt 0.957049 0.359425
vt 0.903292 0.038659
vt 0.905644 0.024404
vt 0.919719 0.028667
vt 0.917928 0.041945
vt 0.731506 0.063337
vt 0.746666 0.062614
vt 0.851709 0.039906
vt 0.852816 0.021122
vt 0.869294 0.021029
vt 0.868101 0.037995
vt 0.972087 0.044174
vt 0.991567 0.050310
vt 0.763203 0.053174
vt 0.767976 0.067807
vt 0.932747 0.034774
vt 0.931338 0.047824
vt 0.818194 0.048019
vt 0.813128 0.025463
vt 0.831432 0.021905
vt 0.833048 0.043265
vt 0.889164 0.021901
vt 0.887304 0.037122
vt 0.943541 0.039222
vt 0.955121 0.043836
vt 0.746984 0.173264
vt 0.816958 0.199622
vt 0.818226 0.209611
vt 0.810140 0.210206
vt 0.802005 0.210990
vt 0.803360 0.219418
vt 0.769942 0.244763
vt 0.775604 0.262965
vt 0.725215 0.097318
vt 0.722728 0.083761
vt 0.727750 0.109319
vt 0.720258 0.072842
vt 0.714512 0.061537
vt 0.753684 0.189723
vt 0.759498 0.202866
vt 0.766580 0.232045
vt 0.812025 0.319053
vt 0.799062 0.300614
vt 0.786092 0.281297
vt 0.764684 0.215522
vt 0.011588 0.165414
vt 0.008631 0.177148
vt 0.007058 0.186870
vt 0.007599 0.195564
vt 0.010696 0.203713
vt 0.660932 0.052329
vt 0.655390 0.056795
vt 0.652999 0.044394
vt 0.658238 0.041473
vt 0.587366 0.237323
vt 0.586945 0.246121
vt 0.576322 0.248800
vt 0.576971 0.237994
vt 0.667413 0.228837
vt 0.668116 0.241384
vt 0.657677 0.243498
vt 0.657710 0.231483
vt 0.605556 0.062640
vt 0.597514 0.062497
vt 0.597676 0.053612
vt 0.606732 0.053465
vt 0.620734 0.057746
vt 0.613314 0.059823
vt 0.612887 0.050820
vt 0.620404 0.047585
vt 0.684471 0.044134
vt 0.678977 0.045991
vt 0.677755 0.037193
vt 0.683206 0.035762
vt 0.509035 0.441625
vt 0.509742 0.439315
vt 0.532188 0.456823
vt 0.529767 0.458313
vt 0.305763 0.453373
vt 0.300003 0.454053
vt 0.299915 0.443612
vt 0.305788 0.443307
vt 0.682862 0.598002
vt 0.674402 0.596612
vt 0.673153 0.586709
vt 0.683039 0.588660
vt 0.636103 0.586335
vt 0.630991 0.587617
vt 0.627625 0.585984
vt 0.630070 0.583311
vt 0.655147 0.718947
vt 0.658333 0.726457
vt 0.649941 0.730068
vt 0.646410 0.723736
vt 0.631513 0.597829
vt 0.625090 0.596581
vt 0.620632 0.593599
vt 0.623624 0.591730
vt 0.613385 0.611072
vt 0.610491 0.613771
vt 0.603653 0.608169
vt 0.606777 0.606456
vt 0.645893 0.695573
vt 0.649250 0.702417
vt 0.642912 0.707647
vt 0.638347 0.701818
vt 0.749647 0.463093
vt 0.744332 0.473070
vt 0.730716 0.467551
vt 0.743940 0.457764
vt 0.551933 0.462335
vt 0.580023 0.471346
vt 0.575870 0.483780
vt 0.547926 0.470535
vt 0.647997 0.644525
vt 0.659026 0.651035
vt 0.658312 0.658639
vt 0.643130 0.651763
vt 0.287089 0.434972
vt 0.288075 0.444311
vt 0.282148 0.444427
vt 0.280450 0.436224
vt 0.291115 0.476028
vt 0.290774 0.487890
vt 0.286345 0.483886
vt 0.285149 0.475668
vt 0.713700 0.621268
vt 0.712172 0.632194
vt 0.706306 0.630960
vt 0.707254 0.620353
vt 0.703157 0.460746
vt 0.703648 0.475339
vt 0.689510 0.480329
vt 0.689450 0.465209
vt 0.671018 0.259433
vt 0.660041 0.261468
vt 0.569116 0.262679
vt 0.581047 0.255615
vt 0.579398 0.264193
vt 0.737235 0.259275
vt 0.726606 0.264022
vt 0.723462 0.247864
vt 0.734735 0.244455
vt 0.628012 0.283703
vt 0.615958 0.283646
vt 0.617826 0.264387
vt 0.626783 0.264084
vt 0.592600 0.288151
vt 0.581284 0.285286
vt 0.585363 0.274500
vt 0.593742 0.275710
vt 0.705467 0.271775
vt 0.695567 0.275089
vt 0.690969 0.255312
vt 0.701576 0.253117
vt 0.752488 0.429744
vt 0.739156 0.435370
vt 0.735150 0.421197
vt 0.748298 0.416424
vt 0.727598 0.438299
vt 0.724438 0.422308
vt 0.605224 0.460508
vt 0.580798 0.458418
vt 0.582568 0.440253
vt 0.606832 0.441200
vt 0.640527 0.460583
vt 0.624057 0.461454
vt 0.623882 0.440649
vt 0.639576 0.438937
vt 0.679499 0.301900
vt 0.683117 0.322913
vt 0.670791 0.324267
vt 0.667648 0.302758
vt 0.744894 0.397601
vt 0.732548 0.400685
vt 0.729209 0.378709
vt 0.741312 0.375615
vt 0.719914 0.229111
vt 0.731590 0.226525
vt 0.614315 0.249514
vt 0.625467 0.248508
vt 0.606575 0.246387
vt 0.611069 0.255096
vt 0.603706 0.254554
vt 0.687487 0.237502
vt 0.697708 0.234581
vt 0.610640 0.274598
vt 0.613385 0.263883
vt 0.676007 0.279396
vt 0.664010 0.280620
vt 0.721078 0.402280
vt 0.717712 0.381130
vt 0.583264 0.418564
vt 0.558402 0.435782
vt 0.562137 0.414687
vt 0.622222 0.418887
vt 0.605068 0.420427
vt 0.604085 0.396780
vt 0.620912 0.395761
vt 0.720768 0.290020
vt 0.710180 0.294368
vt 0.715921 0.267879
vt 0.722229 0.190268
vt 0.711942 0.192358
vt 0.708702 0.177983
vt 0.718559 0.175569
vt 0.625932 0.208533
vt 0.616268 0.209185
vt 0.615775 0.193859
vt 0.625493 0.193782
vt 0.606876 0.210036
vt 0.597280 0.210825
vt 0.596752 0.194131
vt 0.606276 0.194021
vt 0.660597 0.170681
vt 0.662813 0.186052
vt 0.654165 0.188452
vt 0.652052 0.172619
vt 0.587776 0.176299
vt 0.587103 0.194263
vt 0.577281 0.194221
vt 0.578706 0.175725
vt 0.690579 0.196751
vt 0.681605 0.197729
vt 0.679890 0.182952
vt 0.688663 0.181982
vt 0.592988 0.100167
vt 0.592366 0.119707
vt 0.586111 0.119524
vt 0.587136 0.100509
vt 0.649685 0.095118
vt 0.652453 0.114472
vt 0.645042 0.115129
vt 0.642643 0.095217
vt 0.702015 0.123462
vt 0.694357 0.126073
vt 0.689676 0.106865
vt 0.696534 0.104900
vt 0.623122 0.138388
vt 0.614261 0.138586
vt 0.613820 0.117658
vt 0.622008 0.116583
vt 0.605876 0.138881
vt 0.598204 0.139003
vt 0.598742 0.119463
vt 0.606007 0.118684
vt 0.678499 0.129814
vt 0.670798 0.131233
vt 0.666993 0.112012
vt 0.674387 0.110393
vt 0.779388 0.424222
vt 0.765589 0.432219
vt 0.763797 0.424692
vt 0.778107 0.418799
vt 0.641242 0.474664
vt 0.624524 0.475848
vt 0.604530 0.475621
vt 0.740792 0.448006
vt 0.729556 0.453154
vt 0.760705 0.414031
vt 0.776763 0.410146
vt 0.701243 0.428966
vt 0.702677 0.446739
vt 0.689554 0.452367
vt 0.688370 0.434381
vt 0.709755 0.404663
vt 0.713336 0.424779
vt 0.697884 0.407838
vt 0.630537 0.304061
vt 0.618396 0.303083
vt 0.747187 0.278227
vt 0.742441 0.280308
vt 0.742872 0.257525
vt 0.690561 0.300229
vt 0.694632 0.321176
vt 0.764796 0.271365
vt 0.752351 0.275824
vt 0.748510 0.255775
vt 0.761845 0.252000
vt 0.684546 0.411314
vt 0.669502 0.413775
vt 0.666675 0.391248
vt 0.680861 0.389042
vt 0.655299 0.303488
vt 0.651810 0.281355
vt 0.638238 0.417199
vt 0.636787 0.394730
vt 0.604684 0.288111
vt 0.602564 0.275876
vt 0.554313 0.451373
vt 0.536838 0.443226
vt 0.538192 0.428676
vt 0.587394 0.255008
vt 0.633345 0.579914
vt 0.632167 0.576016
vt 0.640210 0.576988
vt 0.640219 0.582379
vt 0.604913 0.303466
vt 0.591523 0.302381
vt 0.599202 0.099448
vt 0.596790 0.176505
vt 0.596121 0.245454
vt 0.595253 0.254714
vt 0.583910 0.395453
vt 0.649929 0.637249
vt 0.662676 0.643055
vt 0.597516 0.236753
vt 0.626477 0.624586
vt 0.636334 0.629401
vt 0.633126 0.636228
vt 0.622770 0.630405
vt 0.665302 0.622397
vt 0.656702 0.630075
vt 0.641197 0.622803
vt 0.647518 0.615175
vt 0.285779 0.415323
vt 0.286118 0.425599
vt 0.278409 0.428631
vt 0.277715 0.419536
vt 0.630339 0.642347
vt 0.619806 0.634407
vt 0.667001 0.614982
vt 0.652002 0.607444
vt 0.599025 0.080243
vt 0.592611 0.080120
vt 0.606033 0.098122
vt 0.613474 0.095948
vt 0.647406 0.076876
vt 0.640831 0.076690
vt 0.586195 0.079935
vt 0.685563 0.087221
vt 0.691992 0.085835
vt 0.621157 0.093772
vt 0.662895 0.092765
vt 0.670024 0.090781
vt 0.633697 0.115611
vt 0.629848 0.115785
vt 0.628205 0.094119
vt 0.631812 0.094438
vt 0.708507 0.100868
vt 0.702808 0.102906
vt 0.697687 0.084508
vt 0.702976 0.083188
vt 0.649076 0.303768
vt 0.642853 0.304048
vt 0.639714 0.282693
vt 0.645762 0.282024
vt 0.578140 0.300124
vt 0.573276 0.321237
vt 0.555761 0.318009
vt 0.562896 0.296468
vt 0.665583 0.470920
vt 0.657079 0.472338
vt 0.656377 0.459639
vt 0.664468 0.458609
vt 0.635733 0.136721
vt 0.631574 0.137295
vt 0.715553 0.117894
vt 0.709114 0.120770
vt 0.641306 0.206535
vt 0.636011 0.207369
vt 0.635327 0.193353
vt 0.640347 0.192359
vt 0.742925 0.187393
vt 0.733368 0.189174
vt 0.728729 0.172867
vt 0.738497 0.169864
vt 0.539710 0.409034
vt 0.643047 0.262901
vt 0.637786 0.263335
vt 0.636275 0.247304
vt 0.641387 0.246446
vt 0.757074 0.236697
vt 0.746855 0.240476
vt 0.744012 0.223839
vt 0.753628 0.221283
vt 0.815066 0.403917
vt 0.794464 0.409984
vt 0.791893 0.403593
vt 0.811408 0.393709
vt 0.288946 0.453955
vt 0.289817 0.464678
vt 0.284626 0.463765
vt 0.283329 0.454322
vt 0.624551 0.667308
vt 0.618619 0.671850
vt 0.611155 0.663160
vt 0.615813 0.658360
vt 0.305815 0.468846
vt 0.299810 0.470516
vt 0.300012 0.464783
vt 0.305833 0.463406
vt 0.694935 0.043043
vt 0.690278 0.043039
vt 0.688360 0.034764
vt 0.694014 0.035338
vt 0.629614 0.057229
vt 0.626314 0.056497
vt 0.626509 0.045497
vt 0.629552 0.045211
vt 0.638344 0.683137
vt 0.641738 0.687832
vt 0.633734 0.694659
vt 0.629511 0.687752
vt 0.667580 0.500592
vt 0.667641 0.510014
vt 0.660211 0.510807
vt 0.659659 0.501311
vt 0.630315 0.506348
vt 0.633242 0.515912
vt 0.620658 0.518945
vt 0.617246 0.509677
vt 0.644341 0.503848
vt 0.645607 0.513638
vt 0.701121 0.497593
vt 0.700914 0.508469
vt 0.689514 0.508289
vt 0.690300 0.498284
vt 0.737443 0.498963
vt 0.735169 0.510960
vt 0.723874 0.509822
vt 0.726207 0.497334
vt 0.312143 0.465899
vt 0.312012 0.461043
vt 0.682022 0.108723
vt 0.677926 0.088761
vt 0.312538 0.433067
vt 0.306262 0.432557
vt 0.306954 0.420666
vt 0.314353 0.422029
vt 0.731484 0.285524
vt 0.753767 0.439501
vt 0.686353 0.128246
vt 0.701349 0.194502
vt 0.698491 0.180215
vt 0.772510 0.390215
vt 0.757947 0.393948
vt 0.753925 0.372132
vt 0.767203 0.368591
vt 0.712148 0.250547
vt 0.709229 0.231764
vt 0.788212 0.419668
vt 0.797036 0.415115
vt 0.797865 0.417099
vt 0.789007 0.422476
vt 0.759465 0.452215
vt 0.755948 0.447181
vt 0.697141 0.598987
vt 0.691233 0.598392
vt 0.692633 0.589679
vt 0.698673 0.590367
vt 0.311442 0.452531
vt 0.311194 0.443531
vt 0.669313 0.048287
vt 0.666731 0.039293
vt 0.695691 0.165221
vt 0.686178 0.166461
vt 0.682516 0.148855
vt 0.690728 0.147359
vt 0.731763 0.151831
vt 0.722926 0.155511
vt 0.716073 0.138229
vt 0.723681 0.134637
vt 0.639060 0.175759
vt 0.634277 0.176492
vt 0.633059 0.157608
vt 0.637478 0.156919
vt 0.597366 0.158047
vt 0.589181 0.157739
vt 0.590883 0.138868
vt 0.615189 0.176767
vt 0.605894 0.176610
vt 0.605690 0.158215
vt 0.614613 0.158200
vt 0.677508 0.167594
vt 0.674389 0.150200
vt 0.624744 0.177062
vt 0.623950 0.158309
vt 0.713856 0.158994
vt 0.705445 0.161863
vt 0.699620 0.144512
vt 0.708279 0.141325
vt 0.581042 0.156993
vt 0.583780 0.138299
vt 0.655459 0.133866
vt 0.658203 0.153083
vt 0.650069 0.154565
vt 0.647752 0.135038
vt 0.765404 0.475046
vt 0.754285 0.475126
vt 0.757210 0.465968
vt 0.768414 0.466265
vt 0.534061 0.485146
vt 0.540447 0.479935
vt 0.549254 0.492890
vt 0.542328 0.497876
vt 0.504066 0.448865
vt 0.507580 0.444635
vt 0.527442 0.460676
vt 0.523054 0.466759
vt 0.659779 0.113453
vt 0.663141 0.132633
vt 0.666292 0.151657
vt 0.713537 0.497176
vt 0.712101 0.508477
vt 0.294393 0.454329
vt 0.294720 0.465158
vt 0.653294 0.075983
vt 0.656350 0.094288
vt 0.669033 0.168971
vt 0.671370 0.184192
vt 0.681472 0.257503
vt 0.686232 0.277086
vt 0.700551 0.297940
vt 0.678334 0.239532
vt 0.716621 0.457522
vt 0.716733 0.471006
vt 0.718847 0.621755
vt 0.716992 0.632566
vt 0.294871 0.476559
vt 0.295121 0.489187
vt 0.293493 0.433829
vt 0.293962 0.444041
vt 0.676696 0.226964
vt 0.294795 0.470859
vt 0.290466 0.470353
vt 0.712176 0.139777
vt 0.705564 0.122116
vt 0.641896 0.156230
vt 0.639892 0.136148
vt 0.718391 0.157253
vt 0.643842 0.175027
vt 0.311749 0.482137
vt 0.305525 0.486858
vt 0.305798 0.474285
vt 0.312274 0.470755
vt 0.675071 0.509221
vt 0.675502 0.499873
vt 0.652075 0.711015
vt 0.644242 0.716117
vt 0.639592 0.059801
vt 0.632915 0.057962
vt 0.632595 0.044924
vt 0.638930 0.046307
vt 0.768437 0.442169
vt 0.766711 0.438043
vt 0.780148 0.427853
vt 0.780864 0.430217
vt 0.298810 0.489768
vt 0.299608 0.476250
vt 0.648307 0.262466
vt 0.715392 0.442909
vt 0.646499 0.245589
vt 0.657089 0.203576
vt 0.646600 0.205701
vt 0.645366 0.191366
vt 0.637545 0.115437
vt 0.674087 0.469503
vt 0.672559 0.457579
vt 0.588920 0.322528
vt 0.635420 0.094756
vt 0.699671 0.103903
vt 0.694840 0.085171
vt 0.661775 0.414836
vt 0.654047 0.415898
vt 0.652007 0.393324
vt 0.659341 0.392286
vt 0.727799 0.189721
vt 0.723644 0.174218
vt 0.779389 0.387235
vt 0.774145 0.366866
vt 0.740795 0.242466
vt 0.737801 0.225182
vt 0.671620 0.435771
vt 0.284888 0.469717
vt 0.710374 0.601064
vt 0.703702 0.599828
vt 0.704713 0.591054
vt 0.712774 0.593374
vt 0.687374 0.043587
vt 0.685783 0.035263
vt 0.537057 0.314553
vt 0.550319 0.341395
vt 0.530256 0.338657
vt 0.545705 0.365041
vt 0.525278 0.362363
vt 0.542076 0.389145
vt 0.519488 0.384395
vt 0.658257 0.325272
vt 0.674268 0.345254
vt 0.661057 0.346542
vt 0.677477 0.367126
vt 0.663820 0.368820
vt 0.605148 0.323042
vt 0.619099 0.324608
vt 0.619811 0.348187
vt 0.605454 0.346319
vt 0.620233 0.372183
vt 0.604110 0.372410
vt 0.726579 0.311562
vt 0.737477 0.307264
vt 0.743440 0.328799
vt 0.732040 0.332752
vt 0.748992 0.350409
vt 0.736942 0.354055
vt 0.563901 0.391793
vt 0.566310 0.368391
vt 0.569471 0.344503
vt 0.694144 0.386456
vt 0.690559 0.365138
vt 0.687038 0.343727
vt 0.587228 0.344807
vt 0.584766 0.370516
vt 0.753849 0.300372
vt 0.759319 0.298033
vt 0.766756 0.320593
vt 0.760868 0.322640
vt 0.774358 0.343415
vt 0.767867 0.345070
vt 0.781087 0.365141
vt 0.632400 0.325911
vt 0.645387 0.325857
vt 0.647597 0.347572
vt 0.634013 0.348455
vt 0.649740 0.370442
vt 0.635418 0.371859
vt 0.705437 0.318763
vt 0.715834 0.315505
vt 0.720791 0.336340
vt 0.709877 0.339338
vt 0.725264 0.357396
vt 0.713976 0.360137
vt 0.706171 0.383612
vt 0.702515 0.362687
vt 0.698737 0.341814
vt 0.651822 0.325564
vt 0.654327 0.347057
vt 0.656780 0.369631
vt 0.748380 0.302710
vt 0.754980 0.324688
vt 0.761377 0.346724
vt 0.804780 0.377540
vt 0.786268 0.384255
vt 0.797821 0.359692
vt 0.735638 0.216633
vt 0.729633 0.218384
vt 0.725350 0.203362
vt 0.731696 0.202484
vt 0.647118 0.234835
vt 0.647040 0.220195
vt 0.657376 0.217436
vt 0.673435 0.198936
vt 0.675064 0.212785
vt 0.666409 0.214660
vt 0.665348 0.200878
vt 0.706800 0.222587
vt 0.695295 0.223901
vt 0.692702 0.210765
vt 0.703839 0.208580
vt 0.751300 0.212116
vt 0.741644 0.214883
vt 0.738043 0.201606
vt 0.747868 0.199812
vt 0.641692 0.235712
vt 0.636266 0.236589
vt 0.636297 0.221739
vt 0.641668 0.220967
vt 0.597335 0.223790
vt 0.587530 0.224416
vt 0.587240 0.211254
vt 0.615245 0.237996
vt 0.606732 0.236733
vt 0.606760 0.223579
vt 0.616290 0.223848
vt 0.685876 0.225397
vt 0.683686 0.211504
vt 0.625808 0.237599
vt 0.626246 0.223237
vt 0.717461 0.220401
vt 0.714635 0.206166
vt 0.577413 0.224933
vt 0.576919 0.211887
vt 0.784896 0.408847
vt 0.663496 0.436496
vt 0.655371 0.437221
vt 0.567262 0.193711
vt 0.569400 0.174756
vt 0.514238 0.421122
vt 0.516581 0.403564
vt 0.563965 0.245797
vt 0.565869 0.236778
vt 0.567006 0.224305
vt 0.789577 0.338760
vt 0.779150 0.316861
vt 0.770678 0.293163
vt 0.790596 0.426400
vt 0.781890 0.432553
vt 0.789711 0.424367
vt 0.572786 0.155830
vt 0.576758 0.137340
vt 0.582356 0.059966
vt 0.574741 0.060302
vt 0.572602 0.052856
vt 0.583084 0.053750
vt 0.643816 0.691702
vt 0.636041 0.698238
vt 0.568573 0.278632
vt 0.554632 0.275893
vt 0.559120 0.260483
vt 0.786286 0.414391
vt 0.565925 0.211323
vt 0.580007 0.118990
vt 0.534614 0.451295
vt 0.510395 0.436704
vt 0.511428 0.431902
vt 0.581489 0.100471
vt 0.544965 0.293252
vt 0.798558 0.418517
vt 0.633222 0.675821
vt 0.624713 0.681338
vt 0.657923 0.486829
vt 0.641829 0.489249
vt 0.674679 0.484315
vt 0.666301 0.485572
vt 0.626225 0.490796
vt 0.604195 0.488670
vt 0.817128 0.408041
vt 0.620293 0.075358
vt 0.627031 0.074827
vt 0.580295 0.080226
vt 0.688521 0.065071
vt 0.691083 0.064609
vt 0.633912 0.075731
vt 0.650769 0.059295
vt 0.645611 0.060262
vt 0.665650 0.071052
vt 0.674583 0.068107
vt 0.630472 0.075279
vt 0.693646 0.064147
vt 0.698289 0.063483
vt 0.589627 0.060974
vt 0.605901 0.079398
vt 0.613281 0.077353
vt 0.682495 0.066359
vt 0.658921 0.073992
vt 0.589933 0.054690
vt 0.644548 0.046769
vt 0.649065 0.046002
vt 0.792704 0.429523
vt 0.799303 0.420248
vt 0.800537 0.423848
vt 0.820358 0.415087
vt 0.821594 0.419934
vt 0.763746 0.455404
vt 0.771318 0.458610
vt 0.545959 0.476065
vt 0.559734 0.488073
vt 0.609416 0.522600
vt 0.605104 0.512852
vt 0.583181 0.495978
vt 0.567624 0.499450
vt 0.567616 0.524001
vt 0.572668 0.535524
vt 0.562733 0.538494
vt 0.557942 0.527294
vt 0.775913 0.448592
vt 0.770818 0.445158
vt 0.784870 0.435197
vt 0.555936 0.503417
vt 0.597514 0.496447
vt 0.819240 0.412253
vt 0.748722 0.500896
vt 0.746293 0.512206
vt 0.547634 0.506597
vt 0.692569 0.619385
vt 0.684879 0.620027
vt 0.683076 0.606359
vt 0.691527 0.607568
vt 0.649831 0.666212
vt 0.654228 0.674056
vt 0.645711 0.679311
vt 0.641353 0.673572
vt 0.658505 0.681190
vt 0.660085 0.683855
vt 0.652781 0.689799
vt 0.651059 0.687004
vt 0.700195 0.619026
vt 0.701080 0.608819
vt 0.708551 0.610214
vt 0.722691 0.602475
vt 0.721009 0.611785
vt 0.715372 0.611131
vt 0.717116 0.601961
vt 0.665959 0.700949
vt 0.669757 0.710634
vt 0.662321 0.715285
vt 0.659360 0.706315
vt 0.696382 0.619205
vt 0.696734 0.608259
vt 0.656926 0.678525
vt 0.649338 0.684208
vt 0.665215 0.592770
vt 0.666255 0.601896
vt 0.656497 0.597627
vt 0.656411 0.589482
vt 0.637524 0.656235
vt 0.630408 0.663270
vt 0.620259 0.654454
vt 0.626031 0.647665
vt 0.662748 0.690106
vt 0.655855 0.697083
vt 0.619766 0.604804
vt 0.617744 0.608925
vt 0.610023 0.602776
vt 0.612777 0.600446
vt 0.673946 0.714768
vt 0.666308 0.720961
vt 0.676978 0.621953
vt 0.674806 0.604701
vt 0.648141 0.585750
vt 0.644656 0.593843
vt 0.615485 0.639339
vt 0.610479 0.644929
vt 0.601061 0.634697
vt 0.605476 0.631815
vt 0.590879 0.628274
vt 0.594327 0.624806
vt 0.599528 0.618886
vt 0.614921 0.623686
vt 0.609826 0.627961
vt 0.597237 0.621600
vt 0.636171 0.610831
vt 0.631131 0.617947
vt 0.621235 0.613241
vt 0.626225 0.606051
vt 0.617370 0.619068
vt 0.640786 0.602208
vt 0.677896 0.634823
vt 0.671544 0.638696
vt 0.299901 0.432933
vt 0.605989 0.649264
vt 0.601403 0.654065
vt 0.592251 0.644683
vt 0.597061 0.639791
vt 0.608609 0.617076
vt 0.602621 0.615945
vt 0.601591 0.611277
vt 0.596804 0.611870
vt 0.595287 0.615572
vt 0.590944 0.612475
vt 0.590758 0.607865
vt 0.593742 0.619328
vt 0.590250 0.617403
vt 0.590982 0.622423
vt 0.587915 0.625797
vt 0.588177 0.620411
vt 0.584450 0.617217
vt 0.585211 0.616161
vt 0.585756 0.614652
vt 0.584960 0.613631
vt 0.588264 0.630486
vt 0.584990 0.627351
vt 0.585331 0.632908
vt 0.581405 0.629324
vt 0.664682 0.586135
vt 0.648885 0.579204
vt 0.718814 0.593075
vt 0.657471 0.582670
vt 0.723333 0.593413
vt 0.284041 0.405198
vt 0.276402 0.410845
vt 0.582396 0.624140
vt 0.581365 0.617821
vt 0.583740 0.617668
vt 0.585604 0.622815
vt 0.685935 0.630832
vt 0.677439 0.704553
vt 0.682427 0.708712
vt 0.665566 0.679747
vt 0.668228 0.685182
vt 0.283039 0.398619
vt 0.275574 0.402918
vt 0.660475 0.669462
vt 0.662537 0.675046
vt 0.696104 0.628788
vt 0.692747 0.628876
vt 0.672724 0.696382
vt 0.699460 0.628699
vt 0.664051 0.677397
vt 0.584118 0.615474
vt 0.578363 0.625176
vt 0.577461 0.618261
vt 0.582012 0.614669
vt 0.583442 0.612456
vt 0.587519 0.605557
vt 0.325500 0.366994
vt 0.326771 0.374141
vt 0.319329 0.371441
vt 0.320665 0.365687
vt 0.608457 0.605366
vt 0.615297 0.599003
vt 0.597680 0.608519
vt 0.622213 0.600813
vt 0.593411 0.605377
vt 0.595582 0.602277
vt 0.599793 0.605084
vt 0.602177 0.602942
vt 0.597497 0.600209
vt 0.616920 0.597659
vt 0.581279 0.603452
vt 0.580074 0.609478
vt 0.603906 0.601823
vt 0.605662 0.599703
vt 0.608894 0.597254
vt 0.605094 0.594252
vt 0.607564 0.592709
vt 0.611342 0.595873
vt 0.613236 0.594710
vt 0.609885 0.591778
vt 0.613912 0.588971
vt 0.617289 0.591178
vt 0.620185 0.589198
vt 0.621533 0.587892
vt 0.618251 0.585595
vt 0.622392 0.582377
vt 0.625181 0.584037
vt 0.627011 0.582010
vt 0.628355 0.578729
vt 0.589752 0.602483
vt 0.591815 0.599012
vt 0.593732 0.596401
vt 0.595000 0.594507
vt 0.599246 0.598432
vt 0.597216 0.593194
vt 0.601321 0.596982
vt 0.601355 0.590010
vt 0.603753 0.588505
vt 0.606624 0.587721
vt 0.610285 0.584909
vt 0.613277 0.582492
vt 0.616472 0.586344
vt 0.277446 0.396908
vt 0.280119 0.395235
vt 0.627523 0.575345
vt 0.623339 0.578165
vt 0.622883 0.574985
vt 0.584897 0.598554
vt 0.582416 0.597228
vt 0.585141 0.594181
vt 0.586641 0.595700
vt 0.587921 0.591987
vt 0.588489 0.593959
vt 0.590895 0.590715
vt 0.594393 0.588152
vt 0.592520 0.586939
vt 0.596276 0.584456
vt 0.596856 0.586927
vt 0.601119 0.584845
vt 0.602888 0.582492
vt 0.604070 0.583673
vt 0.606066 0.580747
vt 0.606394 0.582332
vt 0.611626 0.578907
vt 0.623392 0.581116
vt 0.278271 0.389994
vt 0.276715 0.386624
vt 0.279771 0.385225
vt 0.281720 0.390564
vt 0.275426 0.392320
vt 0.273358 0.388600
vt 0.275052 0.398440
vt 0.274230 0.394085
vt 0.281139 0.379314
vt 0.283392 0.384264
vt 0.300116 0.371496
vt 0.299961 0.366566
vt 0.302397 0.364125
vt 0.303506 0.368884
vt 0.291244 0.376551
vt 0.290038 0.371704
vt 0.293960 0.368697
vt 0.294244 0.374976
vt 0.311787 0.374347
vt 0.306764 0.369094
vt 0.306540 0.364527
vt 0.311813 0.368456
vt 0.307214 0.376489
vt 0.311134 0.379638
vt 0.304141 0.384205
vt 0.304502 0.377286
vt 0.301273 0.378354
vt 0.298360 0.386965
vt 0.297646 0.375902
vt 0.295145 0.381951
vt 0.291572 0.383584
vt 0.290929 0.392418
vt 0.288743 0.381645
vt 0.285853 0.381095
vt 0.287309 0.387464
vt 0.284311 0.390582
vt 0.614860 0.581548
vt 0.627761 0.591712
vt 0.624767 0.589647
vt 0.299665 0.398799
vt 0.292180 0.400995
vt 0.304976 0.397360
vt 0.299946 0.421694
vt 0.293059 0.423359
vt 0.617917 0.579722
vt 0.614598 0.579056
vt 0.616887 0.578367
vt 0.617052 0.575507
vt 0.613431 0.576302
vt 0.318713 0.421902
vt 0.315172 0.407914
vt 0.322305 0.409493
vt 0.326829 0.379101
vt 0.327186 0.384011
vt 0.319447 0.382011
vt 0.319297 0.376517
vt 0.315007 0.444071
vt 0.316458 0.432954
vt 0.316665 0.395745
vt 0.326715 0.397481
vt 0.309819 0.396450
vt 0.316804 0.460039
vt 0.316019 0.452026
vt 0.317221 0.475726
vt 0.317302 0.468451
vt 0.317053 0.464245
vt 0.577122 0.613263
vt 0.316187 0.364077
vt 0.307313 0.406419
vt 0.292657 0.412349
vt 0.299892 0.409807
vt 0.598679 0.526121
vt 0.593592 0.515959
vt 0.579732 0.520045
vt 0.585800 0.530972
vt 0.283869 0.376249
vt 0.286725 0.375260
vt 0.298349 0.369326
vt 0.586577 0.265206
vt 0.594069 0.265775
vt 0.602999 0.265359
vt 0.578313 0.272310
vt 0.758449 0.503653
vt 0.756822 0.514595
vt 0.553109 0.516860
vt 0.561940 0.513601
vt 0.760591 0.492452
vt 0.750413 0.490205
vt 0.588100 0.506262
vt 0.574032 0.509823
vt 0.600825 0.504077
vt 0.739247 0.487668
vt 0.614147 0.501304
vt 0.658878 0.492298
vt 0.642691 0.494511
vt 0.690005 0.488236
vt 0.675297 0.490450
vt 0.715269 0.484627
vt 0.701869 0.486117
vt 0.728027 0.484309
vt 0.627762 0.497255
vt 0.667087 0.491374
vt 0.818250 0.410236
vt 0.726088 0.612246
vt 0.723596 0.621879
vt 0.727044 0.593649
vt 0.727531 0.602745
vt 0.721561 0.632217
vt 0.154231 0.018704
vt 0.155127 0.032310
vt 0.156542 0.196614
vt 0.156024 0.210594
vt 0.230482 0.461745
vt 0.213305 0.458418
vt 0.216060 0.447589
vt 0.234146 0.449889
vt 0.198939 0.267425
vt 0.211838 0.270721
vt 0.210800 0.288589
vt 0.194837 0.280743
vt 0.157212 0.139298
vt 0.157160 0.153886
vt 0.222174 0.304992
vt 0.213936 0.306248
vt 0.220487 0.287591
vt 0.148607 0.383100
vt 0.148821 0.398070
vt 0.171003 0.167250
vt 0.185059 0.166284
vt 0.185152 0.181092
vt 0.170895 0.181841
vt 0.164904 0.262553
vt 0.175906 0.263245
vt 0.173864 0.275069
vt 0.163878 0.273783
vt 0.214083 0.163822
vt 0.229033 0.162345
vt 0.230621 0.177602
vt 0.214800 0.179067
vt 0.202317 0.548935
vt 0.189924 0.547547
vt 0.190773 0.533499
vt 0.202629 0.535326
vt 0.219846 0.368234
vt 0.206516 0.372942
vt 0.204606 0.352679
vt 0.219615 0.352651
vt 0.192676 0.379308
vt 0.179857 0.383178
vt 0.175525 0.367674
vt 0.187684 0.364085
vt 0.208753 0.103781
vt 0.220139 0.101856
vt 0.223382 0.115341
vt 0.210789 0.118409
vt 0.170067 0.107487
vt 0.182904 0.105640
vt 0.183614 0.121299
vt 0.170100 0.122161
vt 0.218027 0.508643
vt 0.204954 0.505392
vt 0.206332 0.492286
vt 0.220564 0.496481
vt 0.220933 0.271175
vt 0.228124 0.271645
vt 0.227234 0.287084
vt 0.199329 0.437301
vt 0.198040 0.446412
vt 0.182583 0.444765
vt 0.183611 0.437575
vt 0.208412 0.481571
vt 0.193023 0.490457
vt 0.193510 0.479325
vt 0.165908 0.018335
vt 0.177750 0.018743
vt 0.178569 0.032045
vt 0.166893 0.031826
vt 0.201377 0.020934
vt 0.212971 0.021807
vt 0.214086 0.033849
vt 0.202257 0.032919
vt 0.217331 0.585401
vt 0.204229 0.584273
vt 0.203429 0.572909
vt 0.217232 0.573942
vt 0.207583 0.307886
vt 0.191593 0.312489
vt 0.187789 0.304505
vt 0.198823 0.296850
vt 0.179773 0.287415
vt 0.175430 0.294164
vt 0.168464 0.291291
vt 0.171704 0.284958
vt 0.179648 0.349278
vt 0.174467 0.343755
vt 0.183491 0.338345
vt 0.190436 0.344087
vt 0.158340 0.357206
vt 0.155738 0.349813
vt 0.165043 0.346822
vt 0.169543 0.352771
vt 0.202382 0.331473
vt 0.191145 0.329685
vt 0.193350 0.320451
vt 0.208240 0.319482
vt 0.221145 0.337588
vt 0.211167 0.336125
vt 0.216192 0.319714
vt 0.221779 0.318967
vt 0.250498 0.210800
vt 0.252357 0.215015
vt 0.241734 0.227090
vt 0.235212 0.224653
vt 0.167434 0.237912
vt 0.180063 0.238066
vt 0.177914 0.251032
vt 0.166136 0.250677
vt 0.206028 0.239161
vt 0.217884 0.240571
vt 0.214197 0.254668
vt 0.202251 0.253369
vt 0.215299 0.548764
vt 0.215355 0.535684
vt 0.168273 0.060923
vt 0.180581 0.060560
vt 0.181492 0.075426
vt 0.168913 0.075981
vt 0.205372 0.059724
vt 0.216432 0.059622
vt 0.217454 0.073231
vt 0.206442 0.073955
vt 0.165430 0.428707
vt 0.165704 0.422708
vt 0.183915 0.423962
vt 0.184001 0.430586
vt 0.148746 0.425705
vt 0.148694 0.420687
vt 0.198513 0.209988
vt 0.195919 0.224580
vt 0.182109 0.224446
vt 0.183705 0.210406
vt 0.248607 0.194526
vt 0.250045 0.204229
vt 0.228348 0.222934
vt 0.230777 0.206777
vt 0.190416 0.583916
vt 0.191059 0.572512
vt 0.217941 0.436301
vt 0.192844 0.504550
vt 0.243039 0.426714
vt 0.248221 0.417381
vt 0.262577 0.418322
vt 0.258536 0.427767
vt 0.238078 0.059223
vt 0.248829 0.058784
vt 0.250019 0.070958
vt 0.239139 0.072370
vt 0.235900 0.024027
vt 0.246072 0.024051
vt 0.246583 0.034848
vt 0.236061 0.035539
vt 0.225436 0.241430
vt 0.223063 0.254728
vt 0.243267 0.097060
vt 0.254137 0.095121
vt 0.256421 0.106889
vt 0.245859 0.110818
vt 0.254449 0.149300
vt 0.267621 0.141529
vt 0.272196 0.154043
vt 0.256523 0.163207
vt 0.155588 0.046522
vt 0.156493 0.092188
vt 0.156762 0.107892
vt 0.153573 0.262318
vt 0.153088 0.273430
vt 0.156161 0.076841
vt 0.156855 0.182272
vt 0.148577 0.413428
vt 0.147272 0.446316
vt 0.147607 0.437327
vt 0.210892 0.224006
vt 0.213573 0.209065
vt 0.192900 0.060115
vt 0.194063 0.074713
vt 0.192919 0.239082
vt 0.190073 0.253055
vt 0.181845 0.298248
vt 0.188447 0.291134
vt 0.190034 0.019240
vt 0.190726 0.032429
vt 0.195865 0.105809
vt 0.196911 0.120964
vt 0.199388 0.165780
vt 0.199823 0.180569
vt 0.187190 0.266264
vt 0.183701 0.277353
vt 0.203824 0.046037
vt 0.192325 0.045853
vt 0.155464 0.224376
vt 0.154929 0.237602
vt 0.247978 0.046409
vt 0.237462 0.045898
vt 0.215159 0.046449
vt 0.179563 0.046041
vt 0.167693 0.046272
vt 0.203074 0.561181
vt 0.215651 0.561601
vt 0.190408 0.560317
vt 0.156991 0.123845
vt 0.240773 0.084983
vt 0.251573 0.083158
vt 0.203901 0.520042
vt 0.192100 0.519043
vt 0.216694 0.521806
vt 0.169538 0.091728
vt 0.182429 0.090978
vt 0.207425 0.088684
vt 0.218576 0.087522
vt 0.229700 0.086193
vt 0.231892 0.100091
vt 0.197725 0.135912
vt 0.211878 0.133570
vt 0.212991 0.148658
vt 0.198602 0.150713
vt 0.154288 0.250307
vt 0.248680 0.123325
vt 0.259174 0.118334
vt 0.263237 0.129530
vt 0.251053 0.136349
vt 0.195496 0.455781
vt 0.190962 0.467156
vt 0.177692 0.461527
vt 0.180640 0.452825
vt 0.210078 0.470072
vt 0.225198 0.131013
vt 0.226693 0.146395
vt 0.170690 0.138024
vt 0.184197 0.136831
vt 0.184675 0.151540
vt 0.170974 0.152749
vt 0.223802 0.485255
vt 0.226666 0.473686
vt 0.152960 0.283233
vt 0.157236 0.167954
vt 0.214785 0.402776
vt 0.198899 0.410869
vt 0.196201 0.395381
vt 0.209954 0.388705
vt 0.183301 0.415573
vt 0.182501 0.399844
vt 0.251957 0.409120
vt 0.258303 0.397803
vt 0.274196 0.404123
vt 0.268329 0.411303
vt 0.222163 0.382210
vt 0.236670 0.127577
vt 0.239113 0.142050
vt 0.228804 0.511361
vt 0.226901 0.523500
vt 0.225510 0.034539
vt 0.226223 0.046540
vt 0.241571 0.156603
vt 0.243897 0.170739
vt 0.233720 0.113928
vt 0.225249 0.023126
vt 0.227403 0.059153
vt 0.228505 0.072330
vt 0.260541 0.186735
vt 0.262105 0.195068
vt 0.234126 0.376115
vt 0.237875 0.385470
vt 0.226604 0.394510
vt 0.147904 0.368564
vt 0.146233 0.455482
vt 0.232597 0.499989
vt 0.237215 0.488886
vt 0.241088 0.477312
vt 0.245522 0.464995
vt 0.228138 0.573955
vt 0.227172 0.561843
vt 0.263301 0.202447
vt 0.262752 0.207380
vt 0.220007 0.425674
vt 0.221044 0.412965
vt 0.227108 0.548956
vt 0.226637 0.536179
vt 0.228844 0.585345
vt 0.250017 0.452123
vt 0.152706 0.291320
vt 0.168668 0.224451
vt 0.233671 0.404702
vt 0.244708 0.393613
vt 0.230283 0.254852
vt 0.155914 0.061261
vt 0.234174 0.241043
vt 0.200084 0.420264
vt 0.147521 0.357591
vt 0.161190 0.369142
vt 0.174150 0.469743
vt 0.159439 0.467429
vt 0.161257 0.457888
vt 0.195273 0.089519
vt 0.238573 0.438079
vt 0.258744 0.176966
vt 0.247031 0.185320
vt 0.230963 0.194317
vt 0.214834 0.194643
vt 0.144810 0.466328
vt 0.148286 0.430959
vt 0.255133 0.439882
vt 0.200191 0.428529
vt 0.199484 0.195406
vt 0.184469 0.195894
vt 0.164210 0.441074
vt 0.165078 0.434666
vt 0.229673 0.351349
vt 0.228929 0.336787
vt 0.228917 0.319336
vt 0.228712 0.305128
vt 0.230923 0.364082
vt 0.170531 0.196349
vt 0.177753 0.583724
vt 0.178383 0.571578
vt 0.179957 0.531826
vt 0.181113 0.517487
vt 0.162595 0.283233
vt 0.165098 0.415104
vt 0.138312 0.556903
vt 0.137452 0.570469
vt 0.162805 0.449280
vt 0.164992 0.399635
vt 0.163466 0.384645
vt 0.182702 0.472155
vt 0.178731 0.546357
vt 0.160864 0.290213
vt 0.181570 0.503884
vt 0.169687 0.210602
vt 0.178526 0.559392
vt 0.181997 0.490419
vt 0.182802 0.479821
vt 0.145895 0.351006
vt 0.171151 0.502658
vt 0.170931 0.489722
vt 0.140189 0.529112
vt 0.141573 0.514468
vt 0.165755 0.583619
vt 0.166818 0.571474
vt 0.142370 0.501357
vt 0.167674 0.545005
vt 0.169289 0.531087
vt 0.171952 0.477397
vt 0.136363 0.583441
vt 0.167249 0.558604
vt 0.143180 0.489124
vt 0.170644 0.516745
vt 0.139390 0.543130
vt 0.154967 0.514604
vt 0.155862 0.501165
vt 0.144179 0.476903
vt 0.153968 0.529206
vt 0.151972 0.557499
vt 0.152702 0.543665
vt 0.157020 0.488762
vt 0.157665 0.476891
vt 0.151622 0.570598
vt 0.151130 0.583298
vt 0.830520 0.575225
vt 0.835662 0.559163
vt 0.845393 0.558751
vt 0.841222 0.577257
vt 0.852383 0.383102
vt 0.845954 0.401225
vt 0.840063 0.399307
vt 0.847593 0.381874
vt 0.866768 0.385902
vt 0.861434 0.403127
vt 0.853124 0.402275
vt 0.859748 0.383763
vt 0.872574 0.386649
vt 0.869744 0.403980
vt 0.882789 0.386446
vt 0.878143 0.404873
vt 0.788686 0.536407
vt 0.791967 0.521221
vt 0.801998 0.522342
vt 0.800500 0.538677
vt 0.882434 0.545343
vt 0.887211 0.532679
vt 0.896963 0.532431
vt 0.895916 0.549809
vt 0.944808 0.557693
vt 0.946129 0.540089
vt 0.960520 0.541467
vt 0.960091 0.554996
vt 0.776052 0.633397
vt 0.780055 0.623111
vt 0.796769 0.627971
vt 0.792513 0.638942
vt 0.955984 0.680810
vt 0.954473 0.693573
vt 0.940789 0.696351
vt 0.941377 0.682937
vt 0.995193 0.678441
vt 0.993438 0.689401
vt 0.970987 0.692131
vt 0.972894 0.680003
vt 0.837251 0.546926
vt 0.842702 0.528655
vt 0.851176 0.530102
vt 0.848446 0.544963
vt 0.945367 0.592324
vt 0.944662 0.573041
vt 0.960552 0.569724
vt 0.959018 0.590891
vt 0.882711 0.583825
vt 0.881108 0.562471
vt 0.898298 0.566577
vt 0.895647 0.586180
vt 0.778606 0.569758
vt 0.784265 0.552117
vt 0.797082 0.552705
vt 0.792980 0.570119
vt 0.866493 0.658256
vt 0.851136 0.656474
vt 0.850482 0.638863
vt 0.866186 0.642501
vt 0.852265 0.578640
vt 0.854981 0.557765
vt 0.867383 0.558597
vt 0.868683 0.580960
vt 0.896033 0.658217
vt 0.883892 0.657396
vt 0.880357 0.644246
vt 0.895097 0.644991
vt 0.858064 0.544367
vt 0.864433 0.532276
vt 0.875299 0.532682
vt 0.868476 0.544237
vt 0.891697 0.385725
vt 0.887416 0.404975
vt 0.882377 0.517337
vt 0.891965 0.518047
vt 0.886259 0.509385
vt 0.890177 0.497107
vt 0.900747 0.497159
vt 0.895920 0.509948
vt 0.809634 0.498824
vt 0.817766 0.485564
vt 0.834419 0.489139
vt 0.827566 0.502583
vt 0.902399 0.519513
vt 0.916444 0.523486
vt 0.914631 0.537264
vt 0.859905 0.516832
vt 0.871856 0.517415
vt 0.844912 0.490665
vt 0.837688 0.504448
vt 0.832548 0.648163
vt 0.818314 0.644432
vt 0.822286 0.632699
vt 0.836297 0.635506
vt 0.900687 0.384344
vt 0.895926 0.404748
vt 0.809376 0.572283
vt 0.811873 0.556001
vt 0.824847 0.557496
vt 0.822106 0.573412
vt 0.782573 0.518294
vt 0.786581 0.503258
vt 0.795946 0.505635
vt 0.974658 0.587618
vt 0.973628 0.568979
vt 0.987862 0.569745
vt 0.991776 0.586812
vt 0.805646 0.641394
vt 0.808554 0.630116
vt 0.974429 0.555033
vt 0.973796 0.542409
vt 0.990655 0.542978
vt 0.987094 0.555753
vt 0.907982 0.382735
vt 0.903599 0.404091
vt 0.927542 0.526125
vt 0.928521 0.539386
vt 0.915871 0.570081
vt 0.913738 0.590321
vt 0.929584 0.571633
vt 0.929093 0.592212
vt 0.760884 0.626833
vt 0.763693 0.614262
vt 0.919292 0.555394
vt 0.930669 0.555967
vt 0.915547 0.381099
vt 0.910933 0.403176
vt 0.922923 0.380561
vt 0.917716 0.402786
vt 0.997340 0.638807
vt 0.976459 0.642208
vt 0.976083 0.615464
vt 0.994769 0.612264
vt 0.803193 0.601538
vt 0.786330 0.597971
vt 0.852365 0.609448
vt 0.867549 0.611812
vt 0.749691 0.610590
vt 0.732050 0.607395
vt 0.739672 0.581327
vt 0.756939 0.586652
vt 0.957211 0.617264
vt 0.943079 0.618000
vt 0.815552 0.603427
vt 0.826883 0.605890
vt 0.839231 0.607928
vt 0.942894 0.644234
vt 0.926825 0.644790
vt 0.927236 0.617380
vt 0.771271 0.590867
vt 0.974347 0.526306
vt 0.992333 0.526279
vt 0.765024 0.566171
vt 0.772115 0.548872
vt 0.779472 0.675455
vt 0.792178 0.681760
vt 0.787704 0.704196
vt 0.772688 0.694364
vt 0.777885 0.533111
vt 0.929190 0.380993
vt 0.925395 0.402994
vt 0.926615 0.656580
vt 0.942411 0.655496
vt 0.913094 0.688800
vt 0.898158 0.690784
vt 0.896233 0.671436
vt 0.911697 0.670096
vt 0.797621 0.668186
vt 0.802951 0.653223
vt 0.814838 0.656406
vt 0.814181 0.674815
vt 0.957476 0.665867
vt 0.974400 0.665609
vt 0.746406 0.622553
vt 0.756593 0.638977
vt 0.742398 0.635280
vt 0.927046 0.685279
vt 0.926847 0.668650
vt 0.942211 0.667035
vt 0.751951 0.649996
vt 0.772880 0.643993
vt 0.768631 0.655740
vt 0.957658 0.654649
vt 0.783822 0.663113
vt 0.789100 0.650033
vt 0.797838 0.474832
vt 0.807967 0.457438
vt 0.816253 0.463814
vt 0.807199 0.480850
vt 0.821947 0.439401
vt 0.829066 0.442608
vt 0.835306 0.420179
vt 0.842540 0.422191
vt 0.922147 0.496870
vt 0.925112 0.476232
vt 0.936560 0.476279
vt 0.934852 0.497229
vt 0.927352 0.453220
vt 0.937750 0.453009
vt 0.929724 0.427309
vt 0.939017 0.427144
vt 0.933018 0.403138
vt 0.940539 0.403746
vt 0.910162 0.497023
vt 0.913828 0.476622
vt 0.917607 0.453418
vt 0.920837 0.427607
vt 0.975385 0.496176
vt 0.973972 0.474876
vt 0.984623 0.473100
vt 0.987582 0.494338
vt 0.971337 0.451632
vt 0.980507 0.449786
vt 0.969834 0.428012
vt 0.978490 0.427139
vt 0.969142 0.406842
vt 0.977407 0.406543
vt 0.840351 0.471515
vt 0.851274 0.474154
vt 0.850251 0.448666
vt 0.860335 0.450146
vt 0.860672 0.426271
vt 0.869090 0.427258
vt 0.879473 0.495717
vt 0.885493 0.476081
vt 0.895259 0.476641
vt 0.891927 0.453501
vt 0.900740 0.453555
vt 0.898135 0.428668
vt 0.905807 0.428042
vt 0.947852 0.497106
vt 0.949602 0.475982
vt 0.960721 0.475399
vt 0.961959 0.497268
vt 0.948826 0.452711
vt 0.960644 0.452294
vt 0.950306 0.427335
vt 0.959786 0.427305
vt 0.949825 0.404844
vt 0.960290 0.405864
vt 0.826243 0.468782
vt 0.838533 0.445920
vt 0.851840 0.424350
vt 0.904565 0.476744
vt 0.909141 0.453632
vt 0.912496 0.427631
vt 0.857437 0.492943
vt 0.863175 0.474591
vt 0.875720 0.475675
vt 0.869506 0.494586
vt 0.871325 0.452068
vt 0.882434 0.453183
vt 0.879441 0.428600
vt 0.889189 0.429003
vt 0.906135 0.510660
vt 0.918127 0.511954
vt 0.865045 0.507819
vt 0.876412 0.508858
vt 0.800250 0.494572
vt 0.847698 0.515059
vt 0.836344 0.520440
vt 0.829472 0.519006
vt 0.833076 0.512265
vt 0.790911 0.490921
vt 0.945930 0.514815
vt 0.960787 0.515446
vt 0.959682 0.527172
vt 0.975861 0.515341
vt 0.991080 0.513149
vt 0.813347 0.545259
vt 0.825505 0.546607
vt 0.851179 0.506512
vt 0.911188 0.657449
vt 0.911133 0.645090
vt 0.934761 0.381573
vt 0.945115 0.526448
vt 0.821038 0.517547
vt 0.823782 0.510653
vt 0.881873 0.613568
vt 0.941159 0.383163
vt 0.932548 0.513879
vt 0.864492 0.690029
vt 0.865178 0.673617
vt 0.881534 0.674072
vt 0.881049 0.692008
vt 0.806142 0.507352
vt 0.808168 0.533987
vt 0.816100 0.535855
vt 0.737634 0.647326
vt 0.747756 0.659225
vt 0.733527 0.658275
vt 0.895137 0.615075
vt 0.834263 0.528212
vt 0.848319 0.686514
vt 0.849683 0.670271
vt 0.831555 0.537686
vt 0.951678 0.385077
vt 0.957835 0.643439
vt 0.975491 0.653930
vt 0.959996 0.386247
vt 0.911837 0.616565
vt 0.997273 0.652692
vt 0.996555 0.664840
vt 0.970010 0.387857
vt 0.832513 0.681226
vt 0.834582 0.664867
vt 0.977897 0.387586
vt 0.898791 0.705675
vt 0.913754 0.703519
vt 0.914514 0.717000
vt 0.900039 0.720182
vt 0.743292 0.669353
vt 0.728116 0.667440
vt 0.847060 0.700387
vt 0.863380 0.703590
vt 0.863251 0.720730
vt 0.846702 0.719347
vt 0.988397 0.700875
vt 0.968345 0.705516
vt 0.765110 0.665802
vt 0.759169 0.680132
vt 0.927687 0.698660
vt 0.928083 0.711883
vt 0.814020 0.689613
vt 0.828573 0.695552
vt 0.825277 0.716887
vt 0.807164 0.711880
vt 0.882606 0.705969
vt 0.883285 0.721408
vt 0.939276 0.708259
vt 0.951271 0.704528
vt 0.752268 0.558201
vt 0.818615 0.526023
vt 0.826693 0.527254
vt 0.824638 0.537191
vt 0.810503 0.524599
vt 0.812523 0.516237
vt 0.780928 0.488157
vt 0.788041 0.470310
vt 0.724453 0.632806
vt 0.720895 0.646233
vt 0.727940 0.620946
vt 0.717558 0.657010
vt 0.710901 0.667920
vt 0.760287 0.542187
vt 0.767157 0.529437
vt 0.776556 0.500672
vt 0.829024 0.416805
vt 0.814557 0.434318
vt 0.800013 0.452712
vt 0.773357 0.517126
vt 0.275403 0.166591
vt 0.278389 0.178516
vt 0.279967 0.188402
vt 0.279394 0.197235
vt 0.276225 0.205505
vt 0.451243 0.483532
vt 0.449458 0.494434
vt 0.444068 0.491994
vt 0.445409 0.479565
vt 0.362464 0.307210
vt 0.352176 0.307521
vt 0.350503 0.296955
vt 0.361223 0.298585
vt 0.442928 0.308312
vt 0.434600 0.307354
vt 0.434948 0.291693
vt 0.443454 0.293385
vt 0.395989 0.477770
vt 0.397850 0.486652
vt 0.388483 0.487452
vt 0.388153 0.478641
vt 0.411277 0.481358
vt 0.411727 0.491400
vt 0.404091 0.488779
vt 0.403817 0.479904
vt 0.472125 0.479628
vt 0.470760 0.492567
vt 0.464775 0.493451
vt 0.466080 0.481503
vt 0.265831 0.110752
vt 0.283911 0.094123
vt 0.286472 0.095328
vt 0.267124 0.112814
vt 0.261545 0.333397
vt 0.260650 0.323375
vt 0.266574 0.323164
vt 0.267278 0.333018
vt 0.543008 0.635372
vt 0.536011 0.640309
vt 0.529051 0.633116
vt 0.537160 0.629233
vt 0.507426 0.603557
vt 0.501591 0.600293
vt 0.502423 0.596802
vt 0.505634 0.598654
vt 0.626283 0.546754
vt 0.625593 0.536992
vt 0.632700 0.536542
vt 0.634179 0.545393
vt 0.514291 0.593406
vt 0.504911 0.590329
vt 0.504781 0.586838
vt 0.509701 0.588836
vt 0.515096 0.571207
vt 0.507645 0.568333
vt 0.507320 0.564817
vt 0.515724 0.567331
vt 0.602092 0.551552
vt 0.603204 0.542005
vt 0.610447 0.542662
vt 0.609511 0.550672
vt 0.501486 0.067826
vt 0.496340 0.073661
vt 0.482286 0.065230
vt 0.495254 0.058445
vt 0.305446 0.087838
vt 0.300622 0.080100
vt 0.327056 0.064136
vt 0.332420 0.076084
vt 0.560237 0.580388
vt 0.564770 0.573058
vt 0.578650 0.581103
vt 0.572858 0.586427
vt 0.278684 0.313353
vt 0.285758 0.314107
vt 0.284298 0.322468
vt 0.278531 0.322819
vt 0.279559 0.356885
vt 0.284539 0.354779
vt 0.283173 0.362249
vt 0.279723 0.366574
vt 0.579183 0.647320
vt 0.574868 0.642883
vt 0.582972 0.636016
vt 0.587191 0.639903
vt 0.455630 0.074621
vt 0.442008 0.072663
vt 0.440823 0.058985
vt 0.454718 0.060106
vt 0.435306 0.274358
vt 0.444506 0.276085
vt 0.342118 0.284025
vt 0.352049 0.281516
vt 0.354507 0.289797
vt 0.505999 0.265386
vt 0.503895 0.283820
vt 0.494633 0.282757
vt 0.497034 0.264992
vt 0.398231 0.257493
vt 0.398909 0.277054
vt 0.389999 0.277616
vt 0.386301 0.258727
vt 0.362323 0.256753
vt 0.365070 0.268746
vt 0.356913 0.270755
vt 0.351395 0.260666
vt 0.476142 0.262106
vt 0.474074 0.280973
vt 0.463344 0.279806
vt 0.466000 0.259791
vt 0.507527 0.100625
vt 0.504648 0.114272
vt 0.491132 0.110791
vt 0.493749 0.096337
vt 0.480395 0.110711
vt 0.482001 0.094544
vt 0.358503 0.084368
vt 0.361997 0.103352
vt 0.338030 0.106697
vt 0.334474 0.088845
vt 0.392609 0.083904
vt 0.392804 0.104722
vt 0.378910 0.102257
vt 0.377095 0.081606
vt 0.447457 0.235572
vt 0.436957 0.234585
vt 0.438605 0.213077
vt 0.449123 0.214362
vt 0.503052 0.133271
vt 0.501565 0.155432
vt 0.489290 0.153700
vt 0.490511 0.131377
vt 0.502003 0.299680
vt 0.492874 0.299047
vt 0.399059 0.292615
vt 0.387921 0.292663
vt 0.380563 0.296477
vt 0.376959 0.288679
vt 0.384187 0.287448
vt 0.471961 0.299720
vt 0.461538 0.297757
vt 0.385648 0.278537
vt 0.381902 0.268183
vt 0.436077 0.255534
vt 0.446154 0.257096
vt 0.477641 0.152098
vt 0.478979 0.130890
vt 0.340842 0.128136
vt 0.320266 0.134047
vt 0.314514 0.113518
vt 0.379381 0.124050
vt 0.380296 0.147178
vt 0.363566 0.147759
vt 0.362977 0.123031
vt 0.489534 0.242523
vt 0.486893 0.264854
vt 0.478604 0.239222
vt 0.496931 0.344174
vt 0.494879 0.358982
vt 0.486636 0.356640
vt 0.488009 0.342096
vt 0.402359 0.332923
vt 0.402124 0.349086
vt 0.394401 0.347587
vt 0.393526 0.332310
vt 0.384189 0.332323
vt 0.385057 0.348183
vt 0.375640 0.348935
vt 0.374653 0.332415
vt 0.440972 0.366340
vt 0.432774 0.366121
vt 0.433252 0.350052
vt 0.441822 0.350947
vt 0.368380 0.367357
vt 0.360063 0.368637
vt 0.356028 0.350691
vt 0.366099 0.349673
vt 0.468309 0.337880
vt 0.467752 0.352636
vt 0.458986 0.352481
vt 0.459348 0.337718
vt 0.380380 0.441963
vt 0.374596 0.442153
vt 0.371678 0.423507
vt 0.378035 0.422769
vt 0.436851 0.441371
vt 0.430610 0.441069
vt 0.431304 0.421639
vt 0.438089 0.422189
vt 0.484317 0.408989
vt 0.480478 0.427542
vt 0.474612 0.426709
vt 0.477936 0.407584
vt 0.405381 0.402479
vt 0.406616 0.423052
vt 0.399356 0.422864
vt 0.397918 0.402200
vt 0.389615 0.402658
vt 0.391569 0.422557
vt 0.384338 0.422439
vt 0.382035 0.403228
vt 0.462304 0.405304
vt 0.459869 0.424909
vt 0.452410 0.423915
vt 0.454546 0.404561
vt 0.534459 0.103253
vt 0.533706 0.108984
vt 0.519245 0.104530
vt 0.520278 0.096887
vt 0.392736 0.066950
vt 0.376164 0.067264
vt 0.356339 0.069430
vt 0.494157 0.083643
vt 0.482519 0.079619
vt 0.532830 0.119917
vt 0.518499 0.116422
vt 0.456862 0.107119
vt 0.443153 0.106789
vt 0.442951 0.088165
vt 0.456477 0.088563
vt 0.467510 0.129597
vt 0.455655 0.128234
vt 0.469141 0.109323
vt 0.398044 0.236695
vt 0.386795 0.239236
vt 0.520136 0.247990
vt 0.516424 0.267223
vt 0.509169 0.245819
vt 0.458590 0.235310
vt 0.460498 0.214142
vt 0.540105 0.256386
vt 0.535119 0.275520
vt 0.524907 0.270582
vt 0.528689 0.251293
vt 0.442539 0.128111
vt 0.441900 0.149665
vt 0.429844 0.149829
vt 0.430084 0.128924
vt 0.425727 0.254853
vt 0.426203 0.234619
vt 0.393301 0.126100
vt 0.393597 0.148330
vt 0.374144 0.255608
vt 0.373779 0.267711
vt 0.295207 0.122550
vt 0.292457 0.108301
vt 0.308917 0.098473
vt 0.360817 0.289786
vt 0.500627 0.604868
vt 0.506474 0.609133
vt 0.502047 0.612126
vt 0.496775 0.606070
vt 0.372989 0.240415
vt 0.359886 0.242775
vt 0.386564 0.442124
vt 0.377262 0.366338
vt 0.368597 0.289325
vt 0.370331 0.298377
vt 0.343704 0.151013
vt 0.558043 0.587265
vt 0.568784 0.593031
vt 0.372519 0.306828
vt 0.533285 0.574595
vt 0.536118 0.568150
vt 0.546594 0.573441
vt 0.542868 0.580331
vt 0.553254 0.607350
vt 0.537389 0.596843
vt 0.540199 0.587521
vt 0.554705 0.595992
vt 0.278261 0.293519
vt 0.286727 0.297035
vt 0.286834 0.306223
vt 0.278829 0.303862
vt 0.537765 0.563521
vt 0.550065 0.567775
vt 0.548126 0.612900
vt 0.533567 0.604825
vt 0.388061 0.461048
vt 0.381748 0.461725
vt 0.400930 0.444284
vt 0.393409 0.442832
vt 0.435881 0.460526
vt 0.429673 0.461035
vt 0.375447 0.462454
vt 0.476774 0.445823
vt 0.471391 0.445835
vt 0.408325 0.444853
vt 0.457144 0.444694
vt 0.449925 0.443261
vt 0.418763 0.421331
vt 0.419213 0.441168
vt 0.413980 0.442703
vt 0.412808 0.422254
vt 0.495073 0.431581
vt 0.491093 0.449375
vt 0.486504 0.447703
vt 0.490220 0.429910
vt 0.417268 0.234537
vt 0.416950 0.254621
vt 0.408272 0.255839
vt 0.408357 0.235378
vt 0.346878 0.246300
vt 0.332447 0.251315
vt 0.323252 0.230608
vt 0.341052 0.225511
vt 0.417312 0.071937
vt 0.417853 0.089107
vt 0.405527 0.087464
vt 0.405338 0.070254
vt 0.418554 0.402015
vt 0.412009 0.402418
vt 0.500445 0.414153
vt 0.495289 0.412225
vt 0.417750 0.335141
vt 0.417321 0.350307
vt 0.409646 0.350101
vt 0.409902 0.334414
vt 0.522606 0.345167
vt 0.519291 0.361955
vt 0.511386 0.361796
vt 0.514323 0.346004
vt 0.298583 0.141818
vt 0.417560 0.272735
vt 0.417923 0.289592
vt 0.408703 0.290437
vt 0.408447 0.274438
vt 0.531154 0.291880
vt 0.529737 0.305941
vt 0.520000 0.303057
vt 0.521662 0.288103
vt 0.573737 0.122461
vt 0.569855 0.131952
vt 0.554589 0.129694
vt 0.558272 0.119899
vt 0.278501 0.332580
vt 0.283892 0.332503
vt 0.284230 0.340941
vt 0.278837 0.340825
vt 0.567335 0.549355
vt 0.555209 0.547083
vt 0.556598 0.540625
vt 0.567825 0.542003
vt 0.262747 0.348682
vt 0.262087 0.341073
vt 0.267749 0.341246
vt 0.268412 0.349243
vt 0.487033 0.484713
vt 0.486287 0.496516
vt 0.481159 0.494036
vt 0.482140 0.481264
vt 0.420239 0.477638
vt 0.420613 0.490363
vt 0.416472 0.490937
vt 0.416250 0.479293
vt 0.587829 0.552053
vt 0.586827 0.542297
vt 0.594796 0.542032
vt 0.593522 0.552290
vt 0.415148 0.037759
vt 0.404626 0.037666
vt 0.404468 0.027996
vt 0.414657 0.027926
vt 0.378993 0.036414
vt 0.365683 0.034353
vt 0.368148 0.025042
vt 0.381003 0.026632
vt 0.393174 0.037600
vt 0.393513 0.027746
vt 0.450062 0.038305
vt 0.439092 0.038644
vt 0.437447 0.028775
vt 0.448804 0.027555
vt 0.485926 0.033439
vt 0.474945 0.036139
vt 0.471425 0.023987
vt 0.482511 0.021766
vt 0.256844 0.347335
vt 0.256316 0.340905
vt 0.467570 0.425931
vt 0.465174 0.446076
vt 0.252972 0.313691
vt 0.250177 0.302773
vt 0.257483 0.300751
vt 0.259227 0.312625
vt 0.500491 0.245309
vt 0.507847 0.090827
vt 0.470249 0.406188
vt 0.478913 0.339555
vt 0.477635 0.353795
vt 0.529635 0.139925
vt 0.526683 0.160006
vt 0.514416 0.157685
vt 0.516349 0.135673
vt 0.484842 0.282582
vt 0.483454 0.300490
vt 0.546100 0.110049
vt 0.546988 0.106161
vt 0.562160 0.110182
vt 0.560738 0.113894
vt 0.512270 0.077668
vt 0.509268 0.083000
vt 0.551865 0.646591
vt 0.546260 0.651600
vt 0.541941 0.646308
vt 0.548007 0.642027
vt 0.255785 0.333132
vt 0.255243 0.324075
vt 0.459827 0.486879
vt 0.457967 0.495897
vt 0.476086 0.368914
vt 0.473425 0.386859
vt 0.464614 0.386053
vt 0.466705 0.368286
vt 0.514778 0.380064
vt 0.508181 0.397418
vt 0.501660 0.395140
vt 0.507158 0.378158
vt 0.417506 0.366338
vt 0.418068 0.383571
vt 0.410874 0.383851
vt 0.409977 0.366427
vt 0.374822 0.404023
vt 0.371443 0.385555
vt 0.379489 0.384515
vt 0.394978 0.365064
vt 0.396161 0.383213
vt 0.387685 0.383603
vt 0.386240 0.365411
vt 0.456446 0.385450
vt 0.458002 0.367923
vt 0.402566 0.365888
vt 0.403683 0.383634
vt 0.492091 0.374325
vt 0.488454 0.391013
vt 0.481303 0.388944
vt 0.484320 0.371826
vt 0.367986 0.405234
vt 0.363979 0.386823
vt 0.439286 0.403181
vt 0.432151 0.402632
vt 0.432695 0.383785
vt 0.440227 0.384114
vt 0.515960 0.054450
vt 0.519796 0.062868
vt 0.508710 0.064245
vt 0.504926 0.055446
vt 0.285337 0.067020
vt 0.292260 0.053493
vt 0.299664 0.057751
vt 0.292231 0.071541
vt 0.260795 0.104974
vt 0.276328 0.086473
vt 0.281343 0.092026
vt 0.264111 0.108381
vt 0.445191 0.422987
vt 0.446847 0.403832
vt 0.448298 0.384735
vt 0.462403 0.037520
vt 0.459887 0.026461
vt 0.273064 0.333434
vt 0.273300 0.341236
vt 0.441707 0.460738
vt 0.443339 0.442070
vt 0.449479 0.367303
vt 0.450447 0.352022
vt 0.453740 0.278530
vt 0.456531 0.258741
vt 0.468700 0.236607
vt 0.452258 0.296583
vt 0.469277 0.076530
vt 0.468096 0.063147
vt 0.582394 0.651255
vt 0.590213 0.643661
vt 0.274574 0.358116
vt 0.275483 0.368336
vt 0.272156 0.312773
vt 0.272591 0.323069
vt 0.451816 0.309192
vt 0.273831 0.349254
vt 0.279217 0.348618
vt 0.495267 0.392937
vt 0.490114 0.410420
vt 0.425235 0.402370
vt 0.425302 0.383800
vt 0.499751 0.376340
vt 0.425041 0.366441
vt 0.258135 0.362873
vt 0.257386 0.354188
vt 0.263579 0.357054
vt 0.264844 0.367004
vt 0.425800 0.038311
vt 0.425259 0.028312
vt 0.618102 0.548432
vt 0.618148 0.539253
vt 0.429678 0.477854
vt 0.430217 0.491308
vt 0.425684 0.490628
vt 0.425230 0.477430
vt 0.522123 0.086766
vt 0.535353 0.097026
vt 0.534866 0.099516
vt 0.520818 0.091010
vt 0.269531 0.358347
vt 0.271847 0.369273
vt 0.426423 0.272994
vt 0.469452 0.091148
vt 0.426541 0.290198
vt 0.434004 0.335586
vt 0.425065 0.350473
vt 0.425706 0.335254
vt 0.425614 0.421363
vt 0.430271 0.089544
vt 0.429392 0.072861
vt 0.355681 0.222916
vt 0.425374 0.440956
vt 0.485621 0.428528
vt 0.481923 0.446433
vt 0.418030 0.128589
vt 0.417931 0.149412
vt 0.405971 0.149199
vt 0.405943 0.127852
vt 0.505676 0.345581
vt 0.503243 0.360754
vt 0.539104 0.143585
vt 0.535895 0.162385
vt 0.512699 0.285404
vt 0.510975 0.301049
vt 0.430427 0.108566
vt 0.284472 0.347759
vt 0.560867 0.656276
vt 0.556057 0.662714
vt 0.550794 0.657032
vt 0.556212 0.651489
vt 0.477342 0.479689
vt 0.476130 0.492738
vt 0.309981 0.232923
vt 0.301929 0.211415
vt 0.315604 0.207870
vt 0.292634 0.189929
vt 0.308751 0.184872
vt 0.284404 0.168814
vt 0.302852 0.161271
vt 0.427889 0.212806
vt 0.428737 0.191647
vt 0.439942 0.191803
vt 0.429405 0.170759
vt 0.441026 0.170776
vt 0.371847 0.220688
vt 0.369836 0.197630
vt 0.383113 0.194600
vt 0.384901 0.217282
vt 0.365963 0.171893
vt 0.381751 0.170691
vt 0.493217 0.220520
vt 0.496547 0.198911
vt 0.508178 0.201644
vt 0.504400 0.223599
vt 0.499320 0.177269
vt 0.511634 0.179702
vt 0.324221 0.156566
vt 0.328863 0.179549
vt 0.334299 0.202938
vt 0.454151 0.150341
vt 0.452637 0.171900
vt 0.451091 0.193081
vt 0.351874 0.200923
vt 0.346958 0.175655
vt 0.524194 0.227590
vt 0.527551 0.206439
vt 0.538724 0.208545
vt 0.533347 0.230340
vt 0.531382 0.184005
vt 0.542782 0.186416
vt 0.547709 0.165606
vt 0.396567 0.214973
vt 0.395242 0.193049
vt 0.406723 0.192247
vt 0.407449 0.213703
vt 0.394300 0.170699
vt 0.406247 0.170726
vt 0.471486 0.215456
vt 0.473870 0.194549
vt 0.485016 0.196457
vt 0.482145 0.217663
vt 0.475928 0.173469
vt 0.487400 0.175095
vt 0.465936 0.150841
vt 0.464297 0.172066
vt 0.462513 0.193174
vt 0.417694 0.212812
vt 0.417777 0.191526
vt 0.417864 0.170461
vt 0.518132 0.203310
vt 0.513809 0.224823
vt 0.522363 0.181657
vt 0.565669 0.148463
vt 0.561560 0.168064
vt 0.551046 0.145637
vt 0.509401 0.316007
vt 0.507685 0.330789
vt 0.498632 0.329440
vt 0.500342 0.314646
vt 0.434356 0.321603
vt 0.426051 0.320731
vt 0.426301 0.306029
vt 0.451165 0.337264
vt 0.443007 0.336086
vt 0.442784 0.322327
vt 0.451511 0.323396
vt 0.481863 0.311346
vt 0.480191 0.325350
vt 0.469144 0.323800
vt 0.470533 0.310541
vt 0.527663 0.317986
vt 0.525271 0.330647
vt 0.516491 0.331159
vt 0.518361 0.317086
vt 0.418111 0.305129
vt 0.418139 0.320166
vt 0.410077 0.319193
vt 0.409393 0.304588
vt 0.364714 0.332897
vt 0.363815 0.319906
vt 0.373532 0.319626
vt 0.389904 0.303961
vt 0.392227 0.317839
vt 0.382846 0.318973
vt 0.381614 0.305994
vt 0.460156 0.323884
vt 0.461056 0.309909
vt 0.400378 0.303390
vt 0.402054 0.317621
vt 0.489623 0.327615
vt 0.491187 0.313125
vt 0.354492 0.333192
vt 0.353812 0.320320
vt 0.543037 0.124150
vt 0.418080 0.108028
vt 0.405651 0.107198
vt 0.352547 0.370949
vt 0.348278 0.352997
vt 0.277884 0.149349
vt 0.272887 0.132468
vt 0.341951 0.310261
vt 0.338513 0.298998
vt 0.344151 0.322468
vt 0.555893 0.189844
vt 0.550621 0.212564
vt 0.545008 0.234962
vt 0.548380 0.101354
vt 0.547598 0.103601
vt 0.536141 0.094639
vt 0.361418 0.406741
vt 0.357325 0.388786
vt 0.373414 0.482490
vt 0.374488 0.489189
vt 0.365142 0.489444
vt 0.368078 0.477851
vt 0.597832 0.551953
vt 0.598994 0.542039
vt 0.339880 0.268381
vt 0.332527 0.286567
vt 0.326442 0.271142
vt 0.544641 0.115769
vt 0.345929 0.336536
vt 0.366225 0.424359
vt 0.289449 0.100543
vt 0.270302 0.122047
vt 0.268632 0.116220
vt 0.369458 0.442280
vt 0.318370 0.253167
vt 0.562934 0.107843
vt 0.579046 0.551826
vt 0.578946 0.541838
vt 0.405125 0.055991
vt 0.392024 0.052342
vt 0.428148 0.058462
vt 0.416525 0.057460
vt 0.376408 0.052248
vt 0.354732 0.056495
vt 0.576179 0.117378
vt 0.415309 0.462506
vt 0.409438 0.464050
vt 0.370281 0.460599
vt 0.479292 0.463780
vt 0.474320 0.463554
vt 0.424902 0.460868
vt 0.440640 0.477473
vt 0.435385 0.476961
vt 0.463070 0.466793
vt 0.454382 0.464612
vt 0.419684 0.461080
vt 0.488240 0.467523
vt 0.483788 0.465154
vt 0.380529 0.480781
vt 0.402357 0.462671
vt 0.394909 0.461288
vt 0.468461 0.464629
vt 0.447461 0.462248
vt 0.381493 0.487082
vt 0.435533 0.490378
vt 0.440057 0.490738
vt 0.549670 0.098774
vt 0.563991 0.104180
vt 0.563461 0.106034
vt 0.579746 0.105372
vt 0.578830 0.109559
vt 0.523416 0.070183
vt 0.516210 0.074094
vt 0.298103 0.074815
vt 0.310580 0.061484
vt 0.353296 0.032352
vt 0.356599 0.022476
vt 0.317293 0.049373
vt 0.333121 0.051286
vt 0.314848 0.024911
vt 0.304871 0.022585
vt 0.308467 0.011212
vt 0.318670 0.013159
vt 0.528935 0.079691
vt 0.538773 0.091832
vt 0.524200 0.083573
vt 0.305256 0.046593
vt 0.347333 0.049415
vt 0.578088 0.112128
vt 0.496921 0.030432
vt 0.493418 0.019454
vt 0.296661 0.044260
vt 0.565480 0.630074
vt 0.556045 0.636103
vt 0.552699 0.629349
vt 0.562307 0.624652
vt 0.580216 0.570648
vt 0.581621 0.559710
vt 0.588686 0.560172
vt 0.588447 0.569946
vt 0.598439 0.570653
vt 0.597863 0.560525
vt 0.601532 0.560247
vt 0.603361 0.569922
vt 0.567359 0.649740
vt 0.564084 0.643352
vt 0.571660 0.638605
vt 0.568838 0.665448
vt 0.565187 0.661113
vt 0.571974 0.654538
vt 0.575464 0.658711
vt 0.617160 0.565241
vt 0.618092 0.556940
vt 0.627070 0.554624
vt 0.627177 0.563237
vt 0.568047 0.633923
vt 0.559466 0.639931
vt 0.594397 0.560574
vt 0.593664 0.570549
vt 0.528905 0.623817
vt 0.521314 0.618445
vt 0.528032 0.613978
vt 0.536967 0.619602
vt 0.565356 0.566032
vt 0.552048 0.561329
vt 0.554443 0.552873
vt 0.567224 0.556363
vt 0.608621 0.558938
vt 0.609110 0.567826
vt 0.513486 0.579911
vt 0.506037 0.576594
vt 0.506422 0.573040
vt 0.515744 0.575972
vt 0.633877 0.554902
vt 0.632816 0.564503
vt 0.544030 0.625074
vt 0.559445 0.617173
vt 0.513648 0.613749
vt 0.518338 0.606388
vt 0.539426 0.557265
vt 0.527739 0.553209
vt 0.527665 0.547995
vt 0.541255 0.550083
vt 0.515817 0.547937
vt 0.516759 0.543185
vt 0.513835 0.555487
vt 0.514795 0.552101
vt 0.526985 0.558902
vt 0.526305 0.565432
vt 0.527519 0.589992
vt 0.518088 0.584512
vt 0.521211 0.576448
vt 0.530529 0.581924
vt 0.523782 0.570209
vt 0.523034 0.598563
vt 0.570520 0.610739
vt 0.570156 0.603341
vt 0.265645 0.312442
vt 0.542343 0.544012
vt 0.529640 0.541898
vt 0.531006 0.535246
vt 0.543765 0.537602
vt 0.517395 0.563942
vt 0.508729 0.561401
vt 0.513135 0.559657
vt 0.506562 0.557138
vt 0.499916 0.554389
vt 0.503810 0.551986
vt 0.508762 0.553839
vt 0.510992 0.550489
vt 0.507477 0.548686
vt 0.512008 0.546507
vt 0.513084 0.542119
vt 0.508801 0.545316
vt 0.503665 0.545230
vt 0.504112 0.544020
vt 0.502726 0.546515
vt 0.501445 0.546424
vt 0.512743 0.538855
vt 0.517131 0.539812
vt 0.512382 0.534816
vt 0.517500 0.536062
vt 0.523415 0.626756
vt 0.508695 0.618007
vt 0.558921 0.667540
vt 0.516326 0.623115
vt 0.561749 0.671079
vt 0.279112 0.283204
vt 0.287276 0.288197
vt 0.508668 0.538499
vt 0.509354 0.541870
vt 0.504090 0.543185
vt 0.502902 0.541148
vt 0.571712 0.619576
vt 0.626228 0.572811
vt 0.632313 0.574726
vt 0.604890 0.580767
vt 0.610733 0.577847
vt 0.279536 0.276514
vt 0.287407 0.280168
vt 0.588103 0.578767
vt 0.593761 0.581161
vt 0.577673 0.627194
vt 0.574766 0.623761
vt 0.616974 0.573250
vt 0.580605 0.631776
vt 0.599259 0.581720
vt 0.502495 0.544712
vt 0.501103 0.537693
vt 0.507289 0.534609
vt 0.500667 0.543425
vt 0.499638 0.545826
vt 0.496221 0.553005
vt 0.234131 0.248525
vt 0.238868 0.246787
vt 0.240717 0.252443
vt 0.233487 0.255810
vt 0.507682 0.570318
vt 0.506251 0.579462
vt 0.504293 0.559716
vt 0.511573 0.584129
vt 0.502643 0.563358
vt 0.497998 0.561455
vt 0.499342 0.557950
vt 0.502206 0.566504
vt 0.497362 0.564177
vt 0.506050 0.581540
vt 0.491028 0.549035
vt 0.495321 0.544704
vt 0.502246 0.568546
vt 0.501480 0.571164
vt 0.501262 0.575179
vt 0.501488 0.577954
vt 0.496793 0.576611
vt 0.496688 0.573726
vt 0.501586 0.580154
vt 0.500939 0.585441
vt 0.497252 0.583896
vt 0.497319 0.579032
vt 0.500924 0.588916
vt 0.500602 0.590747
vt 0.499469 0.595881
vt 0.496557 0.594516
vt 0.496894 0.589332
vt 0.498823 0.598508
vt 0.496881 0.601435
vt 0.494932 0.556547
vt 0.493222 0.560171
vt 0.492141 0.563198
vt 0.496873 0.566600
vt 0.491289 0.565292
vt 0.496834 0.569110
vt 0.491442 0.567843
vt 0.491127 0.573012
vt 0.491224 0.575818
vt 0.492176 0.578611
vt 0.491903 0.583178
vt 0.496520 0.587457
vt 0.491584 0.586977
vt 0.282167 0.272859
vt 0.284998 0.274303
vt 0.493643 0.602634
vt 0.490767 0.599029
vt 0.493629 0.597635
vt 0.489001 0.554732
vt 0.486530 0.553426
vt 0.487622 0.557755
vt 0.485537 0.557365
vt 0.487218 0.560243
vt 0.485279 0.560874
vt 0.485889 0.564026
vt 0.485729 0.568327
vt 0.483690 0.567463
vt 0.486093 0.571031
vt 0.483741 0.571930
vt 0.486754 0.575690
vt 0.487434 0.578765
vt 0.485807 0.578452
vt 0.487626 0.581418
vt 0.486143 0.582030
vt 0.487724 0.587616
vt 0.496078 0.596038
vt 0.283559 0.267437
vt 0.280149 0.268313
vt 0.281633 0.262783
vt 0.284823 0.263917
vt 0.286620 0.269520
vt 0.288367 0.265604
vt 0.287535 0.275628
vt 0.287976 0.271186
vt 0.277914 0.262139
vt 0.279738 0.256972
vt 0.260003 0.250802
vt 0.256370 0.248480
vt 0.257063 0.243606
vt 0.259724 0.245840
vt 0.269353 0.255092
vt 0.266203 0.253775
vt 0.265934 0.247449
vt 0.270136 0.250121
vt 0.248543 0.254693
vt 0.247996 0.248784
vt 0.252941 0.244375
vt 0.253120 0.248978
vt 0.253320 0.256440
vt 0.256113 0.256999
vt 0.257086 0.263912
vt 0.249665 0.259946
vt 0.262871 0.255006
vt 0.263131 0.266171
vt 0.259448 0.257787
vt 0.265915 0.260855
vt 0.272313 0.259983
vt 0.271071 0.270987
vt 0.269645 0.262178
vt 0.275164 0.259175
vt 0.274266 0.265696
vt 0.277550 0.268560
vt 0.491690 0.588800
vt 0.503838 0.592423
vt 0.507195 0.593730
vt 0.270573 0.279705
vt 0.262866 0.278162
vt 0.257410 0.277187
vt 0.264607 0.301165
vt 0.271666 0.302228
vt 0.491892 0.592323
vt 0.489500 0.589970
vt 0.490208 0.592231
vt 0.487953 0.593957
vt 0.486592 0.590544
vt 0.245790 0.303029
vt 0.241090 0.290893
vt 0.248109 0.288679
vt 0.233866 0.260793
vt 0.241197 0.257534
vt 0.241532 0.263061
vt 0.233942 0.265752
vt 0.251463 0.324953
vt 0.249028 0.313923
vt 0.235604 0.279228
vt 0.245537 0.276598
vt 0.252469 0.276701
vt 0.251056 0.341137
vt 0.251146 0.333025
vt 0.252023 0.356995
vt 0.251310 0.349666
vt 0.251159 0.345399
vt 0.496803 0.540180
vt 0.243219 0.244776
vt 0.255865 0.286484
vt 0.271096 0.291142
vt 0.263611 0.289230
vt 0.341528 0.030374
vt 0.345541 0.019986
vt 0.327317 0.027660
vt 0.332220 0.016418
vt 0.276728 0.254137
vt 0.273774 0.253397
vt 0.261585 0.248468
vt 0.359024 0.279812
vt 0.375230 0.278069
vt 0.366364 0.278522
vt 0.350166 0.273615
vt 0.506297 0.026758
vt 0.503626 0.016067
vt 0.310220 0.035843
vt 0.301089 0.033476
vt 0.499630 0.040867
vt 0.509504 0.037656
vt 0.337006 0.040568
vt 0.322645 0.038407
vt 0.349884 0.041502
vt 0.488805 0.044462
vt 0.363403 0.042973
vt 0.404704 0.046831
vt 0.392398 0.046945
vt 0.439725 0.048546
vt 0.427077 0.047855
vt 0.465332 0.049788
vt 0.451914 0.049599
vt 0.478006 0.048873
vt 0.377316 0.045684
vt 0.415667 0.047062
vt 0.577420 0.114241
vt 0.578755 0.662602
vt 0.585190 0.655069
vt 0.564041 0.674004
vt 0.571813 0.669254
vt 0.592491 0.647585
vt 0.821119 0.897358
vt 0.829315 0.892098
vt 0.839230 0.898787
vt 0.829547 0.904823
vt 0.867119 0.900226
vt 0.856301 0.911226
vt 0.852370 0.907057
vt 0.863154 0.897940
vt 0.714276 0.918696
vt 0.721588 0.918560
vt 0.723641 0.926518
vt 0.714898 0.927617
vt 0.806954 0.870428
vt 0.813122 0.865944
vt 0.817598 0.872351
vt 0.809847 0.877081
vt 0.780903 0.875900
vt 0.791740 0.875083
vt 0.797370 0.884127
vt 0.789839 0.888661
vt 0.819091 0.858608
vt 0.825185 0.865840
vt 0.826353 0.843625
vt 0.831957 0.838599
vt 0.843607 0.851468
vt 0.837633 0.855719
vt 0.800034 0.873419
vt 0.803663 0.881000
vt 0.822793 0.851311
vt 0.831023 0.861496
vt 0.765567 0.896030
vt 0.770681 0.889058
vt 0.777661 0.898990
vt 0.772476 0.904359
vt 0.759674 0.901830
vt 0.763678 0.910793
vt 0.743098 0.912611
vt 0.752384 0.907737
vt 0.754659 0.915167
vt 0.744217 0.920086
vt 0.775641 0.882872
vt 0.783629 0.893929
vt 0.732641 0.916181
vt 0.733678 0.924242
vt 0.706262 0.927714
vt 0.706528 0.918317
vt 0.715559 0.944993
vt 0.726512 0.944378
vt 0.728111 0.952956
vt 0.716688 0.952296
vt 0.746514 0.980542
vt 0.748413 0.991315
vt 0.734364 0.990053
vt 0.732607 0.979652
vt 0.837034 0.935197
vt 0.842340 0.943687
vt 0.834033 0.958190
vt 0.828088 0.947196
vt 0.823642 0.972514
vt 0.818458 0.957994
vt 0.812283 0.980799
vt 0.807681 0.966126
vt 0.800947 0.984787
vt 0.797422 0.971823
vt 0.788234 0.988935
vt 0.785404 0.976432
vt 0.759906 0.979986
vt 0.761656 0.991506
vt 0.773011 0.978554
vt 0.774411 0.990986
vt 0.850338 0.871463
vt 0.856128 0.865300
vt 0.863088 0.872990
vt 0.855317 0.876892
vt 0.738720 0.943180
vt 0.750830 0.940490
vt 0.753431 0.950060
vt 0.740658 0.952381
vt 0.781942 0.926733
vt 0.791379 0.921597
vt 0.798008 0.932212
vt 0.787298 0.937483
vt 0.761486 0.936311
vt 0.771950 0.931670
vt 0.776163 0.942132
vt 0.764944 0.946403
vt 0.813366 0.903101
vt 0.820884 0.911515
vt 0.798834 0.915780
vt 0.805995 0.909148
vt 0.813076 0.918862
vt 0.806057 0.925681
vt 0.744844 0.970879
vt 0.731125 0.970188
vt 0.729718 0.961609
vt 0.742963 0.962299
vt 0.837965 0.887610
vt 0.842534 0.881634
vt 0.856466 0.887991
vt 0.850381 0.892423
vt 0.846139 0.876749
vt 0.856235 0.881842
vt 0.780264 0.952986
vt 0.783278 0.964267
vt 0.771033 0.967415
vt 0.768202 0.956720
vt 0.758105 0.969664
vt 0.755783 0.959873
vt 0.847205 0.903255
vt 0.841750 0.916956
vt 0.836587 0.911210
vt 0.791067 0.948099
vt 0.794396 0.958932
vt 0.801041 0.942355
vt 0.804100 0.953501
vt 0.810496 0.935680
vt 0.814176 0.946117
vt 0.819018 0.927902
vt 0.823386 0.937273
vt 0.827278 0.919694
vt 0.832245 0.927234
vt 0.719435 0.977894
vt 0.719931 0.988392
vt 0.703207 0.986222
vt 0.703999 0.976107
vt 0.870851 0.902575
vt 0.860344 0.916199
vt 0.850504 0.929483
vt 0.846037 0.922952
vt 0.717405 0.960059
vt 0.704023 0.959849
vt 0.704029 0.953122
vt 0.703641 0.968632
vt 0.718865 0.968963
vt 0.868501 0.878969
vt 0.859121 0.895882
vt 0.830850 0.874627
vt 0.837288 0.868729
vt 0.850408 0.858981
vt 0.843310 0.864772
vt 0.873638 0.884645
vt 0.876885 0.888232
vt 0.879662 0.891299
vt 0.882585 0.894529
vt 0.704979 0.945196
vt 0.714886 0.936733
vt 0.705812 0.936719
vt 0.798225 0.899391
vt 0.791450 0.905388
vt 0.784339 0.910732
vt 0.776799 0.915902
vt 0.767746 0.921288
vt 0.757762 0.926353
vt 0.747621 0.930811
vt 0.736111 0.934469
vt 0.725294 0.935972
vt 0.824120 0.881173
vt 0.818768 0.884959
vt 0.812166 0.889251
vt 0.805329 0.894030
vt 0.690666 0.762695
vt 0.683098 0.762691
vt 0.682499 0.755343
vt 0.691055 0.757068
vt 0.547721 0.938177
vt 0.540752 0.941871
vt 0.538624 0.935855
vt 0.545335 0.932719
vt 0.568458 0.920843
vt 0.572221 0.929234
vt 0.563431 0.932129
vt 0.559815 0.925153
vt 0.588520 0.967516
vt 0.595792 0.968155
vt 0.596537 0.977286
vt 0.589670 0.975863
vt 0.581604 0.966899
vt 0.582404 0.975031
vt 0.575414 0.973736
vt 0.573769 0.965879
vt 0.548601 0.921992
vt 0.552442 0.929032
vt 0.541922 0.926215
vt 0.532713 0.892262
vt 0.526743 0.889651
vt 0.529129 0.885461
vt 0.535025 0.888970
vt 0.691066 0.768111
vt 0.684420 0.769027
vt 0.543663 0.896916
vt 0.537627 0.894418
vt 0.539083 0.890382
vt 0.544442 0.892122
vt 0.578153 0.917489
vt 0.582381 0.926380
vt 0.541143 0.903017
vt 0.538751 0.906485
vt 0.535183 0.904576
vt 0.536213 0.899070
vt 0.530536 0.896546
vt 0.555635 0.935062
vt 0.551085 0.892579
vt 0.549688 0.898008
vt 0.678036 0.771968
vt 0.675152 0.765625
vt 0.547104 0.905757
vt 0.544900 0.913774
vt 0.565818 0.964828
vt 0.568072 0.972344
vt 0.560412 0.970286
vt 0.557910 0.964386
vt 0.527206 0.902280
vt 0.590391 0.912351
vt 0.594343 0.923889
vt 0.525027 0.893996
vt 0.671606 0.757925
vt 0.551494 0.971081
vt 0.549075 0.964849
vt 0.563536 0.885447
vt 0.566875 0.880868
vt 0.572219 0.883457
vt 0.570916 0.886034
vt 0.579685 0.885304
vt 0.578947 0.882395
vt 0.587021 0.883134
vt 0.585777 0.880334
vt 0.661865 0.737362
vt 0.652720 0.738913
vt 0.653019 0.734126
vt 0.659609 0.732418
vt 0.641910 0.737698
vt 0.645540 0.733668
vt 0.663305 0.763854
vt 0.668097 0.770387
vt 0.656662 0.756346
vt 0.668958 0.751923
vt 0.680381 0.748421
vt 0.551284 0.888061
vt 0.545376 0.887617
vt 0.540529 0.886695
vt 0.537375 0.885231
vt 0.530766 0.881986
vt 0.691461 0.752631
vt 0.659821 0.992679
vt 0.659132 0.993761
vt 0.658267 0.993674
vt 0.658983 0.992153
vt 0.654086 0.993485
vt 0.654055 0.992191
vt 0.656317 0.992927
vt 0.655154 0.994513
vt 0.657245 0.995087
vt 0.659686 0.990696
vt 0.660305 0.991781
vt 0.655366 0.989837
vt 0.657249 0.991162
vt 0.558811 0.828063
vt 0.557296 0.825438
vt 0.559013 0.825040
vt 0.560135 0.826473
vt 0.658221 0.987428
vt 0.657826 0.989236
vt 0.656775 0.989023
vt 0.654332 0.986192
vt 0.653188 0.995854
vt 0.650338 0.993402
vt 0.651793 0.998230
vt 0.648864 0.997128
vt 0.574418 0.826809
vt 0.570897 0.827713
vt 0.569072 0.823563
vt 0.572026 0.821912
vt 0.678365 0.955130
vt 0.679485 0.951357
vt 0.684186 0.953147
vt 0.683133 0.956280
vt 0.568619 0.816378
vt 0.565959 0.818154
vt 0.565538 0.812733
vt 0.562453 0.815271
vt 0.657687 0.981789
vt 0.660124 0.984109
vt 0.660513 0.989743
vt 0.662544 0.987490
vt 0.663346 0.991152
vt 0.661406 0.991347
vt 0.657020 0.996624
vt 0.656854 0.999267
vt 0.564801 0.828454
vt 0.565008 0.825498
vt 0.562530 0.821010
vt 0.559165 0.818796
vt 0.661051 0.993129
vt 0.659848 0.994755
vt 0.550851 0.839089
vt 0.553762 0.840231
vt 0.552912 0.841947
vt 0.550715 0.841567
vt 0.550344 0.848635
vt 0.548048 0.848022
vt 0.548410 0.846559
vt 0.550412 0.846932
vt 0.550536 0.854119
vt 0.550671 0.851162
vt 0.553671 0.851282
vt 0.553719 0.854657
vt 0.694441 0.702417
vt 0.693042 0.699399
vt 0.695957 0.698364
vt 0.695884 0.700878
vt 0.558467 0.847929
vt 0.556212 0.848808
vt 0.556279 0.845407
vt 0.557883 0.844526
vt 0.700011 0.704710
vt 0.700225 0.702736
vt 0.701547 0.701923
vt 0.702568 0.705032
vt 0.546790 0.845551
vt 0.547447 0.843211
vt 0.548612 0.844477
vt 0.552689 0.848838
vt 0.552548 0.846824
vt 0.553908 0.844059
vt 0.554325 0.846186
vt 0.552590 0.845110
vt 0.548750 0.841506
vt 0.547341 0.839602
vt 0.555763 0.841887
vt 0.554683 0.842313
vt 0.696945 0.704193
vt 0.698050 0.701990
vt 0.690774 0.707456
vt 0.687081 0.705312
vt 0.690111 0.702398
vt 0.692923 0.704504
vt 0.554547 0.848257
vt 0.541801 0.846547
vt 0.542897 0.843842
vt 0.545505 0.845439
vt 0.545402 0.847987
vt 0.546743 0.841816
vt 0.544956 0.841515
vt 0.556511 0.853205
vt 0.698701 0.711000
vt 0.699383 0.707229
vt 0.702288 0.708585
vt 0.701831 0.711832
vt 0.694833 0.709582
vt 0.695956 0.706365
vt 0.651306 0.987420
vt 0.652852 0.988261
vt 0.651246 0.991280
vt 0.649582 0.990577
vt 0.658890 0.996051
vt 0.658616 0.995004
vt 0.659759 0.960943
vt 0.660336 0.955550
vt 0.671653 0.957330
vt 0.670590 0.962696
vt 0.661134 0.951098
vt 0.662518 0.946014
vt 0.673727 0.949657
vt 0.672491 0.953692
vt 0.647641 0.933401
vt 0.654864 0.928552
vt 0.661187 0.933433
vt 0.658282 0.938745
vt 0.560049 0.766960
vt 0.571562 0.768175
vt 0.570910 0.773899
vt 0.559745 0.772641
vt 0.664144 0.941458
vt 0.674905 0.945972
vt 0.560145 0.761513
vt 0.571745 0.761658
vt 0.625080 0.826471
vt 0.626235 0.826854
vt 0.626851 0.828833
vt 0.624866 0.828218
vt 0.630145 0.829434
vt 0.628321 0.828775
vt 0.627325 0.826824
vt 0.629117 0.826439
vt 0.575654 0.698081
vt 0.572254 0.700256
vt 0.570690 0.697125
vt 0.574018 0.696510
vt 0.578687 0.694661
vt 0.576449 0.693043
vt 0.579940 0.690431
vt 0.575852 0.689493
vt 0.619277 0.828678
vt 0.616078 0.827629
vt 0.617929 0.825339
vt 0.620600 0.826746
vt 0.625679 0.825364
vt 0.624309 0.824943
vt 0.624704 0.822566
vt 0.626887 0.823540
vt 0.573096 0.693927
vt 0.574068 0.692819
vt 0.622866 0.825138
vt 0.621358 0.823404
vt 0.648632 0.992653
vt 0.557185 0.822640
vt 0.559670 0.823282
vt 0.561729 0.826242
vt 0.561447 0.828654
vt 0.661556 0.996200
vt 0.659703 0.998153
vt 0.662966 0.993727
vt 0.673875 0.724632
vt 0.677614 0.720695
vt 0.682494 0.723189
vt 0.679626 0.727665
vt 0.571424 0.693151
vt 0.572919 0.691330
vt 0.621130 0.828981
vt 0.621792 0.827468
vt 0.623426 0.827631
vt 0.622662 0.829372
vt 0.664606 0.730157
vt 0.670325 0.735402
vt 0.560271 0.881680
vt 0.563472 0.877469
vt 0.609867 0.973808
vt 0.618372 0.982060
vt 0.617789 0.987000
vt 0.608574 0.978913
vt 0.596011 0.881319
vt 0.593535 0.875560
vt 0.597576 0.872297
vt 0.600089 0.874861
vt 0.628992 0.912416
vt 0.638698 0.915463
vt 0.637751 0.920431
vt 0.629859 0.920130
vt 0.631035 0.937126
vt 0.630644 0.927663
vt 0.638405 0.925673
vt 0.640569 0.928722
vt 0.629325 0.947425
vt 0.635442 0.954590
vt 0.628385 0.956331
vt 0.624650 0.953533
vt 0.622947 0.959517
vt 0.626791 0.958177
vt 0.650869 0.919526
vt 0.650649 0.920983
vt 0.652145 0.924464
vt 0.651010 0.923048
vt 0.635545 0.744007
vt 0.648015 0.746264
vt 0.665432 0.743649
vt 0.676286 0.742899
vt 0.629543 0.726217
vt 0.623859 0.731737
vt 0.618555 0.729012
vt 0.624532 0.723295
vt 0.553106 0.951875
vt 0.550354 0.945109
vt 0.558053 0.942385
vt 0.561199 0.950055
vt 0.545058 0.953846
vt 0.543291 0.948729
vt 0.547049 0.959470
vt 0.555302 0.957344
vt 0.580085 0.957704
vt 0.588116 0.957892
vt 0.584804 0.937089
vt 0.586691 0.947943
vt 0.577634 0.948738
vt 0.574966 0.938949
vt 0.563501 0.958045
vt 0.569153 0.949560
vt 0.566276 0.940482
vt 0.596771 0.957872
vt 0.571765 0.957892
vt 0.595247 0.934800
vt 0.596488 0.947377
vt 0.559507 0.852417
vt 0.547057 0.853779
vt 0.550203 0.857169
vt 0.547036 0.857433
vt 0.544821 0.852392
vt 0.547347 0.850164
vt 0.553182 0.875353
vt 0.552503 0.867464
vt 0.556189 0.864973
vt 0.556566 0.870973
vt 0.540654 0.851005
vt 0.696556 0.715391
vt 0.700370 0.716715
vt 0.692994 0.713821
vt 0.688691 0.711788
vt 0.684673 0.709986
vt 0.623491 0.837657
vt 0.620003 0.836918
vt 0.622211 0.831805
vt 0.624455 0.832337
vt 0.617023 0.835788
vt 0.620991 0.830477
vt 0.625566 0.831920
vt 0.627174 0.838371
vt 0.623062 0.825919
vt 0.624122 0.826193
vt 0.624619 0.829968
vt 0.582819 0.691609
vt 0.581943 0.696956
vt 0.578925 0.700786
vt 0.575559 0.704439
vt 0.630865 0.834180
vt 0.628326 0.833906
vt 0.626492 0.830792
vt 0.694740 0.958384
vt 0.694415 0.959467
vt 0.693005 0.960107
vt 0.692961 0.958203
vt 0.692965 0.963866
vt 0.693090 0.961503
vt 0.695064 0.960378
vt 0.695738 0.962166
vt 0.538919 0.769815
vt 0.536864 0.772966
vt 0.534118 0.771077
vt 0.536545 0.769369
vt 0.539403 0.765668
vt 0.537002 0.766031
vt 0.538101 0.761746
vt 0.535248 0.763671
vt 0.691673 0.951271
vt 0.692657 0.948259
vt 0.696203 0.951427
vt 0.694982 0.953127
vt 0.696048 0.959179
vt 0.696486 0.957416
vt 0.698841 0.957381
vt 0.697745 0.960392
vt 0.534851 0.768341
vt 0.534962 0.766759
vt 0.696537 0.955417
vt 0.698345 0.954377
vt 0.533361 0.768605
vt 0.533700 0.765717
vt 0.691168 0.954158
vt 0.693996 0.954996
vt 0.693449 0.956647
vt 0.690785 0.955647
vt 0.688396 0.954657
vt 0.687483 0.957084
vt 0.685383 0.950518
vt 0.689634 0.953808
vt 0.687994 0.958698
vt 0.682560 0.959588
vt 0.695379 0.956611
vt 0.694989 0.957383
vt 0.690124 0.957510
vt 0.542859 0.760900
vt 0.543959 0.765666
vt 0.543522 0.770561
vt 0.542643 0.775174
vt 0.687176 0.964462
vt 0.687607 0.961403
vt 0.689929 0.959520
vt 0.687798 0.945831
vt 0.548463 0.760649
vt 0.548550 0.765918
vt 0.548092 0.771611
vt 0.547164 0.776356
vt 0.682618 0.964091
vt 0.695088 0.880283
vt 0.695560 0.881894
vt 0.694453 0.882468
vt 0.693706 0.880580
vt 0.690239 0.886186
vt 0.688894 0.884711
vt 0.691822 0.883439
vt 0.692517 0.885943
vt 0.695140 0.884483
vt 0.693064 0.878908
vt 0.694659 0.879215
vt 0.687919 0.881638
vt 0.691112 0.880980
vt 0.540917 0.719750
vt 0.542257 0.716825
vt 0.543586 0.718328
vt 0.542845 0.719713
vt 0.548908 0.842329
vt 0.546813 0.847092
vt 0.552755 0.842628
vt 0.550709 0.842399
vt 0.549248 0.843014
vt 0.626688 0.840098
vt 0.623026 0.839728
vt 0.616207 0.837857
vt 0.612135 0.836207
vt 0.612902 0.833860
vt 0.591127 0.697576
vt 0.587517 0.701970
vt 0.585534 0.699893
vt 0.588900 0.696113
vt 0.630654 0.846017
vt 0.629488 0.858383
vt 0.623490 0.858129
vt 0.625767 0.845069
vt 0.619179 0.857105
vt 0.621812 0.844374
vt 0.640490 0.880812
vt 0.651259 0.880208
vt 0.652112 0.886605
vt 0.637718 0.889111
vt 0.630996 0.838392
vt 0.630933 0.840535
vt 0.584030 0.705956
vt 0.582206 0.704047
vt 0.557323 0.722557
vt 0.562193 0.724633
vt 0.558643 0.731384
vt 0.554404 0.728758
vt 0.680327 0.888406
vt 0.683924 0.886753
vt 0.685751 0.890495
vt 0.681894 0.892087
vt 0.570377 0.815215
vt 0.574179 0.820880
vt 0.645252 0.988534
vt 0.643873 0.990853
vt 0.635953 0.987158
vt 0.637364 0.984579
vt 0.588892 0.794234
vt 0.594528 0.800252
vt 0.589852 0.802960
vt 0.584896 0.797076
vt 0.646993 0.996427
vt 0.620824 0.944945
vt 0.622248 0.936303
vt 0.619057 0.914349
vt 0.616504 0.905391
vt 0.624625 0.899765
vt 0.612863 0.881990
vt 0.606115 0.889624
vt 0.600309 0.884542
vt 0.604994 0.877317
vt 0.619702 0.976766
vt 0.613018 0.967934
vt 0.615628 0.961867
vt 0.621944 0.970405
vt 0.546021 0.866642
vt 0.547638 0.863481
vt 0.549418 0.863920
vt 0.549317 0.867496
vt 0.551534 0.863787
vt 0.549766 0.858966
vt 0.547791 0.858818
vt 0.553284 0.858036
vt 0.551924 0.859214
vt 0.561720 0.889206
vt 0.559031 0.893302
vt 0.555856 0.898238
vt 0.610228 0.915630
vt 0.608631 0.909194
vt 0.613481 0.943045
vt 0.613495 0.937583
vt 0.608205 0.964394
vt 0.610076 0.959082
vt 0.599688 0.893874
vt 0.595462 0.888296
vt 0.618740 0.929210
vt 0.607930 0.932144
vt 0.616839 0.951031
vt 0.607687 0.948230
vt 0.625343 0.966512
vt 0.616205 0.887115
vt 0.622798 0.884522
vt 0.626156 0.887523
vt 0.621580 0.892932
vt 0.631963 0.877985
vt 0.633866 0.879687
vt 0.630486 0.889456
vt 0.622670 0.879527
vt 0.632547 0.876453
vt 0.635576 0.880171
vt 0.615660 0.957562
vt 0.607681 0.954396
vt 0.603156 0.968892
vt 0.617533 0.921568
vt 0.606913 0.923206
vt 0.600989 0.906245
vt 0.612780 0.899101
vt 0.608610 0.892948
vt 0.597992 0.899259
vt 0.588741 0.887376
vt 0.586203 0.903332
vt 0.580683 0.893189
vt 0.602567 0.978697
vt 0.572823 0.907668
vt 0.563049 0.913044
vt 0.555248 0.917665
vt 0.585792 0.885671
vt 0.579977 0.887681
vt 0.566696 0.896570
vt 0.568373 0.891265
vt 0.555846 0.906849
vt 0.563438 0.905826
vt 0.562917 0.901150
vt 0.634366 0.735621
vt 0.638439 0.730730
vt 0.613502 0.811880
vt 0.610548 0.804550
vt 0.618230 0.804130
vt 0.620268 0.811926
vt 0.625242 0.805291
vt 0.627143 0.813543
vt 0.605130 0.757825
vt 0.593501 0.760810
vt 0.592538 0.759956
vt 0.597762 0.754219
vt 0.609067 0.746151
vt 0.603166 0.745066
vt 0.605932 0.738969
vt 0.604334 0.738726
vt 0.591315 0.763091
vt 0.592938 0.762781
vt 0.602111 0.769337
vt 0.595046 0.769626
vt 0.601556 0.780725
vt 0.594434 0.778246
vt 0.592744 0.788180
vt 0.590192 0.786794
vt 0.638732 0.960322
vt 0.635594 0.960246
vt 0.635253 0.961432
vt 0.634368 0.963626
vt 0.592414 0.790207
vt 0.593435 0.789288
vt 0.604518 0.793695
vt 0.599696 0.796709
vt 0.605419 0.804906
vt 0.608441 0.812043
vt 0.617385 0.738938
vt 0.607916 0.737362
vt 0.608194 0.735897
vt 0.613018 0.733592
vt 0.619818 0.748791
vt 0.615922 0.759459
vt 0.613735 0.771232
vt 0.612194 0.782910
vt 0.625325 0.741415
vt 0.613916 0.794443
vt 0.628867 0.761226
vt 0.627040 0.772725
vt 0.624788 0.785291
vt 0.687813 0.726698
vt 0.685030 0.731683
vt 0.691698 0.729541
vt 0.689653 0.735160
vt 0.696179 0.731630
vt 0.695158 0.739080
vt 0.537641 0.871045
vt 0.539419 0.864596
vt 0.542806 0.865936
vt 0.541357 0.873141
vt 0.544841 0.874560
vt 0.548306 0.875373
vt 0.559950 0.863704
vt 0.560552 0.868519
vt 0.669088 0.727066
vt 0.675872 0.732282
vt 0.682000 0.736914
vt 0.686811 0.740750
vt 0.694404 0.745789
vt 0.534994 0.876393
vt 0.539941 0.880640
vt 0.542582 0.881857
vt 0.546373 0.882944
vt 0.549995 0.883954
vt 0.556983 0.876926
vt 0.560831 0.873304
vt 0.674683 0.817589
vt 0.675336 0.810830
vt 0.683417 0.815208
vt 0.680945 0.821082
vt 0.677370 0.829830
vt 0.667751 0.825537
vt 0.668076 0.815775
vt 0.668169 0.808313
vt 0.634884 0.807189
vt 0.634888 0.815741
vt 0.643104 0.817681
vt 0.642919 0.809182
vt 0.650894 0.811004
vt 0.650969 0.820092
vt 0.659236 0.813180
vt 0.659347 0.822006
vt 0.624062 0.796054
vt 0.634699 0.798807
vt 0.642682 0.801300
vt 0.650604 0.803585
vt 0.658975 0.805717
vt 0.671421 0.775987
vt 0.631038 0.751247
vt 0.679724 0.778628
vt 0.674116 0.779646
vt 0.686371 0.776490
vt 0.522070 0.900089
vt 0.691314 0.776110
vt 0.670947 0.785643
vt 0.665508 0.783566
vt 0.677982 0.786157
vt 0.684430 0.785007
vt 0.660538 0.778646
vt 0.654667 0.772136
vt 0.642987 0.763232
vt 0.643014 0.753413
vt 0.521673 0.908438
vt 0.516329 0.905227
vt 0.528906 0.910994
vt 0.533558 0.913171
vt 0.539517 0.920349
vt 0.639123 0.775782
vt 0.635447 0.788498
vt 0.645030 0.792357
vt 0.649606 0.779960
vt 0.669297 0.799881
vt 0.660330 0.797936
vt 0.663644 0.789447
vt 0.670796 0.793699
vt 0.652670 0.795581
vt 0.656781 0.785469
vt 0.677704 0.795153
vt 0.687741 0.806169
vt 0.676982 0.801498
vt 0.536731 0.929978
vt 0.534363 0.923655
vt 0.531072 0.918917
vt 0.524910 0.915698
vt 0.518024 0.916420
vt 0.683094 0.793086
vt 0.513581 0.908555
vt 0.509006 0.915407
vt 0.692494 0.798238
vt 0.688526 0.789591
vt 0.688754 0.784636
vt 0.697329 0.724193
vt 0.693607 0.722966
vt 0.543571 0.859633
vt 0.546193 0.860443
vt 0.559910 0.859362
vt 0.556640 0.860080
vt 0.553207 0.860822
vt 0.680778 0.716871
vt 0.685179 0.719045
vt 0.547642 0.860626
vt 0.689769 0.721832
vt 0.549604 0.860773
vt 0.551891 0.860893
vt 0.543987 0.856858
vt 0.539758 0.858019
vt 0.539374 0.855384
vt 0.698005 0.721274
vt 0.694413 0.719668
vt 0.690779 0.718578
vt 0.687011 0.716744
vt 0.682595 0.714335
vt 0.560067 0.856555
vt 0.556764 0.857009
vt 0.578560 0.707843
vt 0.689655 0.877432
vt 0.690514 0.879282
vt 0.688687 0.879805
vt 0.681881 0.879296
vt 0.692860 0.888108
vt 0.693760 0.891417
vt 0.688785 0.894962
vt 0.552217 0.733327
vt 0.546827 0.729699
vt 0.549651 0.725646
vt 0.552109 0.720205
vt 0.560132 0.717398
vt 0.552175 0.714937
vt 0.681626 0.874381
vt 0.689228 0.873926
vt 0.692641 0.876814
vt 0.692745 0.874591
vt 0.695540 0.876382
vt 0.695167 0.878010
vt 0.696188 0.885866
vt 0.697672 0.887840
vt 0.543402 0.725216
vt 0.545756 0.723375
vt 0.548215 0.719072
vt 0.548314 0.714605
vt 0.696163 0.879671
vt 0.696691 0.881908
vt 0.697136 0.884083
vt 0.696031 0.883835
vt 0.682787 0.883045
vt 0.544987 0.715078
vt 0.545232 0.718728
vt 0.543808 0.720966
vt 0.540913 0.722354
vt 0.698594 0.881780
vt 0.698279 0.884366
vt 0.699396 0.698971
vt 0.552418 0.843456
vt 0.550692 0.845072
vt 0.550636 0.843259
vt 0.697500 0.878922
vt 0.651715 0.977990
vt 0.648661 0.982899
vt 0.641281 0.978170
vt 0.644435 0.973362
vt 0.676910 0.875586
vt 0.677968 0.880415
vt 0.568390 0.727723
vt 0.580559 0.734218
vt 0.576649 0.741412
vt 0.564697 0.734726
vt 0.553367 0.766200
vt 0.553019 0.772219
vt 0.678914 0.884253
vt 0.684941 0.897011
vt 0.565014 0.719262
vt 0.582051 0.823457
vt 0.579658 0.818054
vt 0.587712 0.813481
vt 0.590954 0.819038
vt 0.606511 0.709066
vt 0.600980 0.714556
vt 0.591671 0.706387
vt 0.595881 0.700775
vt 0.597107 0.719001
vt 0.588375 0.710191
vt 0.593822 0.722606
vt 0.584074 0.713688
vt 0.618227 0.718872
vt 0.612577 0.724652
vt 0.605965 0.718996
vt 0.611431 0.713163
vt 0.622647 0.875380
vt 0.615167 0.875405
vt 0.614208 0.855854
vt 0.610141 0.854669
vt 0.614329 0.842619
vt 0.617961 0.843507
vt 0.606567 0.853365
vt 0.610303 0.841409
vt 0.619393 0.838906
vt 0.580074 0.709587
vt 0.607837 0.728871
vt 0.601810 0.723710
vt 0.603941 0.731855
vt 0.598409 0.726939
vt 0.616094 0.871688
vt 0.609028 0.869707
vt 0.612276 0.861470
vt 0.617961 0.862966
vt 0.604504 0.868113
vt 0.601440 0.866496
vt 0.604628 0.858977
vt 0.608152 0.860235
vt 0.631216 0.873643
vt 0.659811 0.890371
vt 0.673216 0.886169
vt 0.674739 0.890679
vt 0.661888 0.896476
vt 0.676258 0.894635
vt 0.663719 0.900710
vt 0.679390 0.900302
vt 0.667252 0.906122
vt 0.574135 0.746627
vt 0.561918 0.739289
vt 0.597414 0.742794
vt 0.587169 0.737679
vt 0.589003 0.733054
vt 0.599700 0.737561
vt 0.657546 0.879045
vt 0.670487 0.876834
vt 0.671936 0.881911
vt 0.658519 0.885183
vt 0.653475 0.892358
vt 0.636905 0.896999
vt 0.571127 0.722371
vt 0.583042 0.729677
vt 0.555977 0.735928
vt 0.645149 0.910510
vt 0.657914 0.903708
vt 0.661450 0.908816
vt 0.653628 0.915255
vt 0.588655 0.756853
vt 0.579749 0.750400
vt 0.583046 0.745442
vt 0.593097 0.751183
vt 0.640748 0.906419
vt 0.655724 0.899131
vt 0.599560 0.743720
vt 0.595154 0.752452
vt 0.677013 0.963252
vt 0.677664 0.958473
vt 0.554065 0.761125
vt 0.642636 0.947435
vt 0.654706 0.949604
vt 0.654057 0.954686
vt 0.643349 0.952736
vt 0.552745 0.777216
vt 0.570171 0.779521
vt 0.559151 0.778043
vt 0.680605 0.948250
vt 0.666868 0.936448
vt 0.677414 0.940683
vt 0.585083 0.783925
vt 0.576433 0.781135
vt 0.577736 0.775022
vt 0.587049 0.776302
vt 0.644494 0.959936
vt 0.653358 0.959903
vt 0.644015 0.939516
vt 0.656294 0.943874
vt 0.628694 0.974146
vt 0.631456 0.970642
vt 0.636594 0.974686
vt 0.634636 0.977898
vt 0.682852 0.943389
vt 0.633811 0.991844
vt 0.642005 0.994589
vt 0.604696 0.813109
vt 0.601726 0.806441
vt 0.632306 0.981921
vt 0.626275 0.979249
vt 0.579665 0.801401
vt 0.583528 0.806986
vt 0.575768 0.811964
vt 0.571719 0.807339
vt 0.623552 0.988231
vt 0.625243 0.983515
vt 0.630564 0.985051
vt 0.628260 0.989774
vt 0.639621 0.980799
vt 0.647261 0.985250
vt 0.632818 0.897960
vt 0.637049 0.908374
vt 0.567186 0.811183
vt 0.652629 0.985227
vt 0.576522 0.825995
vt 0.656047 0.980791
vt 0.623030 0.977967
vt 0.622513 0.982868
vt 0.596726 0.798919
vt 0.635113 0.965202
vt 0.628827 0.968361
vt 0.608985 0.711089
vt 0.603521 0.716693
vt 0.599415 0.721371
vt 0.596112 0.724781
vt 0.629138 0.864266
vt 0.622902 0.864153
vt 0.623117 0.861094
vt 0.629209 0.861326
vt 0.618466 0.859841
vt 0.613423 0.858621
vt 0.609173 0.857444
vt 0.605652 0.856209
vt 0.622358 0.841745
vt 0.626198 0.842252
vt 0.630826 0.842924
vt 0.593232 0.699003
vt 0.589517 0.703762
vt 0.585865 0.707809
vt 0.581819 0.711440
vt 0.618875 0.841038
vt 0.615373 0.839953
vt 0.611270 0.838475
vt 0.658732 0.897671
vt 0.656762 0.891484
vt 0.660795 0.902129
vt 0.664434 0.907263
vt 0.580132 0.743519
vt 0.576783 0.748469
vt 0.583878 0.735973
vt 0.655362 0.885934
vt 0.654419 0.879679
vt 0.586029 0.731436
vt 0.561606 0.733083
vt 0.565319 0.726106
vt 0.677391 0.889477
vt 0.676063 0.885361
vt 0.679012 0.893264
vt 0.682118 0.898551
vt 0.558874 0.737693
vt 0.674989 0.881253
vt 0.673720 0.876272
vt 0.568132 0.720706
vt 0.675393 0.954298
vt 0.676544 0.950546
vt 0.677746 0.947103
vt 0.680063 0.942093
vt 0.556352 0.772570
vt 0.555916 0.777642
vt 0.556802 0.766420
vt 0.674675 0.957781
vt 0.673819 0.962866
vt 0.557158 0.761288
vt 0.575110 0.762240
vt 0.574771 0.768560
vt 0.578328 0.762623
vt 0.578470 0.768926
vt 0.656325 0.960601
vt 0.657226 0.955054
vt 0.658023 0.950283
vt 0.574236 0.774695
vt 0.573582 0.779991
vt 0.659434 0.945095
vt 0.661235 0.940163
vt 0.663976 0.934937
vt 0.630999 0.990820
vt 0.633526 0.985999
vt 0.594433 0.809799
vt 0.590882 0.811867
vt 0.586515 0.805067
vt 0.639498 0.970164
vt 0.641965 0.971779
vt 0.638872 0.976661
vt 0.582303 0.799268
vt 0.596957 0.816125
vt 0.593965 0.817597
vt 0.634976 0.983075
vt 0.637146 0.979380
vt 0.647696 0.989674
vt 0.646540 0.991807
vt 0.578914 0.825013
vt 0.576608 0.819380
vt 0.654217 0.979233
vt 0.650822 0.984478
vt 0.572820 0.813706
vt 0.644843 0.995600
vt 0.569463 0.809558
vt 0.649523 0.986638
vt 0.642352 0.912576
vt 0.590398 0.758383
vt 0.652143 0.917093
vt 0.634256 0.889161
vt 0.601971 0.738283
vt 0.638106 0.880464
vt 0.602732 0.871035
vt 0.607399 0.873007
vt 0.630378 0.870987
vt 0.622553 0.871991
vt 0.599914 0.869126
vt 0.605949 0.733788
vt 0.610056 0.730855
vt 0.615070 0.726727
vt 0.620865 0.721006
vt 0.643754 0.930916
vt 0.639320 0.937974
vt 0.637928 0.947157
vt 0.590227 0.776922
vt 0.590485 0.769955
vt 0.639718 0.952470
vt 0.641591 0.960208
vt 0.587881 0.785206
vt 0.587449 0.769818
vt 0.652946 0.926490
vt 0.636514 0.966879
vt 0.599288 0.807483
vt 0.621242 0.987592
vt 0.625495 0.972189
vt 0.602146 0.813951
vt 0.590778 0.792634
vt 0.589321 0.762706
vt 0.586572 0.762905
vt 0.891502 0.833647
vt 0.898093 0.842775
vt 0.891127 0.851810
vt 0.885454 0.841280
vt 0.889789 0.879705
vt 0.887909 0.875532
vt 0.898051 0.865707
vt 0.901810 0.870032
vt 0.923341 0.729450
vt 0.932156 0.730955
vt 0.930195 0.739545
vt 0.922480 0.736713
vt 0.866111 0.816878
vt 0.872444 0.820418
vt 0.866968 0.827661
vt 0.861038 0.822571
vt 0.874142 0.791499
vt 0.885953 0.801658
vt 0.880695 0.808702
vt 0.872253 0.802202
vt 0.859736 0.834564
vt 0.853145 0.827783
vt 0.837515 0.833522
vt 0.848429 0.845946
vt 0.876958 0.814654
vt 0.869774 0.810290
vt 0.845516 0.830742
vt 0.854834 0.839942
vt 0.895696 0.778237
vt 0.903297 0.785939
vt 0.897440 0.790566
vt 0.888251 0.782634
vt 0.902052 0.772949
vt 0.910573 0.777823
vt 0.914426 0.757526
vt 0.921752 0.759381
vt 0.915820 0.769283
vt 0.908653 0.766281
vt 0.881603 0.786955
vt 0.891812 0.796002
vt 0.919015 0.747474
vt 0.926933 0.749307
vt 0.923733 0.721703
vt 0.933110 0.722370
vt 0.949381 0.733337
vt 0.956535 0.735185
vt 0.956058 0.746618
vt 0.947681 0.744174
vt 0.981682 0.767668
vt 0.982176 0.753741
vt 0.992351 0.756522
vt 0.992212 0.770627
vt 0.927574 0.853239
vt 0.940403 0.845529
vt 0.950752 0.852536
vt 0.935496 0.859363
vt 0.952103 0.837019
vt 0.966037 0.843618
vt 0.961265 0.827102
vt 0.975408 0.833138
vt 0.967951 0.817459
vt 0.980502 0.822253
vt 0.973731 0.805958
vt 0.985891 0.810015
vt 0.979799 0.780939
vt 0.991088 0.783823
vt 0.977073 0.793837
vt 0.989305 0.796464
vt 0.862835 0.860152
vt 0.867743 0.865645
vt 0.945278 0.756204
vt 0.954241 0.759046
vt 0.950663 0.771525
vt 0.941398 0.767986
vt 0.924621 0.797579
vt 0.934786 0.803976
vt 0.928479 0.814110
vt 0.918574 0.806460
vt 0.936183 0.778175
vt 0.945882 0.782618
vt 0.940518 0.793357
vt 0.930526 0.788127
vt 0.897987 0.826502
vt 0.905613 0.834819
vt 0.912046 0.813301
vt 0.921181 0.821471
vt 0.913698 0.827778
vt 0.904735 0.819768
vt 0.972232 0.765047
vt 0.963881 0.762324
vt 0.964509 0.749075
vt 0.972906 0.751327
vt 0.880130 0.849442
vt 0.883687 0.862275
vt 0.878673 0.867890
vt 0.873730 0.853396
vt 0.872577 0.867049
vt 0.868511 0.856498
vt 0.950911 0.798516
vt 0.955824 0.786884
vt 0.966185 0.790763
vt 0.961837 0.802635
vt 0.960194 0.774840
vt 0.969706 0.778122
vt 0.894780 0.860190
vt 0.903751 0.850414
vt 0.908955 0.856121
vt 0.944976 0.808780
vt 0.955425 0.813169
vt 0.938270 0.818135
vt 0.949057 0.822285
vt 0.930689 0.826881
vt 0.940710 0.831579
vt 0.922103 0.834588
vt 0.930995 0.839865
vt 0.913117 0.841993
vt 0.920127 0.847684
vt 0.981735 0.740461
vt 0.981488 0.724923
vt 0.991632 0.725138
vt 0.992131 0.741995
vt 0.906356 0.874549
vt 0.891756 0.883651
vt 0.914496 0.860982
vt 0.920551 0.866076
vt 0.958614 0.722671
vt 0.965309 0.723332
vt 0.964189 0.736669
vt 0.972904 0.739006
vt 0.974086 0.723825
vt 0.886261 0.871315
vt 0.861410 0.846894
vt 0.867917 0.841073
vt 0.856874 0.852493
vt 0.950633 0.722829
vt 0.942116 0.722817
vt 0.941228 0.731847
vt 0.895798 0.811068
vt 0.902438 0.804922
vt 0.908461 0.798376
vt 0.914354 0.791387
vt 0.920612 0.782913
vt 0.926643 0.773481
vt 0.932085 0.763833
vt 0.936868 0.752743
vt 0.939438 0.742128
vt 0.875099 0.835026
vt 0.879398 0.830077
vt 0.884324 0.823933
vt 0.889759 0.817605
vt 0.377117 0.931437
vt 0.376558 0.925794
vt 0.385084 0.923866
vt 0.384668 0.931210
vt 0.479103 0.720883
vt 0.473127 0.719341
vt 0.474990 0.711666
vt 0.481029 0.712719
vt 0.464940 0.744191
vt 0.467936 0.735052
vt 0.475374 0.737616
vt 0.473727 0.746727
vt 0.513452 0.758102
vt 0.521709 0.758264
vt 0.523897 0.764768
vt 0.514925 0.765121
vt 0.512069 0.751417
vt 0.510236 0.743848
vt 0.518070 0.744664
vt 0.520078 0.751306
vt 0.463040 0.724549
vt 0.465906 0.717155
vt 0.470633 0.727136
vt 0.432219 0.713933
vt 0.429084 0.716429
vt 0.425200 0.711357
vt 0.428983 0.708478
vt 0.376895 0.936807
vt 0.383475 0.937554
vt 0.437826 0.723731
vt 0.433393 0.725107
vt 0.431068 0.720235
vt 0.434721 0.718299
vt 0.462987 0.754164
vt 0.472278 0.757114
vt 0.443515 0.720574
vt 0.439012 0.716330
vt 0.444128 0.714835
vt 0.446473 0.717730
vt 0.436102 0.711406
vt 0.477167 0.729397
vt 0.439646 0.729257
vt 0.434732 0.731362
vt 0.392602 0.934087
vt 0.389887 0.940482
vt 0.446794 0.725796
vt 0.454370 0.722689
vt 0.508440 0.736094
vt 0.507441 0.728112
vt 0.513441 0.730416
vt 0.516010 0.737685
vt 0.441226 0.707552
vt 0.471403 0.769173
vt 0.459598 0.766828
vt 0.432978 0.706308
vt 0.395973 0.926324
vt 0.508055 0.719597
vt 0.514132 0.721906
vt 0.429767 0.744290
vt 0.431326 0.751385
vt 0.428994 0.752999
vt 0.425755 0.748146
vt 0.431796 0.760013
vt 0.428868 0.759685
vt 0.430668 0.767437
vt 0.427779 0.766602
vt 0.405293 0.905675
vt 0.407449 0.900721
vt 0.414026 0.902300
vt 0.414411 0.907051
vt 0.421447 0.901707
vt 0.425129 0.905641
vt 0.404364 0.932061
vt 0.399740 0.938664
vt 0.398497 0.920294
vt 0.410821 0.924459
vt 0.387038 0.916885
vt 0.430451 0.732159
vt 0.429254 0.726584
vt 0.427758 0.722123
vt 0.425953 0.719335
vt 0.422039 0.713472
vt 0.376049 0.921211
vt 0.553308 0.814120
vt 0.552471 0.813632
vt 0.553465 0.812319
vt 0.553934 0.813030
vt 0.551399 0.808776
vt 0.552778 0.809236
vt 0.551930 0.810967
vt 0.550263 0.809339
vt 0.554227 0.810790
vt 0.551526 0.814905
vt 0.552750 0.814948
vt 0.550823 0.812578
vt 0.548816 0.811547
vt 0.509420 0.993775
vt 0.508074 0.992222
vt 0.509159 0.990777
vt 0.510872 0.991139
vt 0.548024 0.815120
vt 0.545183 0.812307
vt 0.548750 0.813140
vt 0.549413 0.813954
vt 0.549623 0.805562
vt 0.553047 0.806921
vt 0.552186 0.802589
vt 0.554475 0.804629
vt 0.493895 0.992834
vt 0.496175 0.987924
vt 0.499141 0.989506
vt 0.497410 0.993663
vt 0.512496 0.847071
vt 0.514216 0.851561
vt 0.511304 0.852980
vt 0.508970 0.848635
vt 0.499451 0.982363
vt 0.502127 0.984073
vt 0.502439 0.978682
vt 0.505552 0.981142
vt 0.546009 0.818281
vt 0.542887 0.817221
vt 0.551075 0.816056
vt 0.552874 0.816102
vt 0.553587 0.817874
vt 0.550044 0.818843
vt 0.555458 0.809895
vt 0.557677 0.808549
vt 0.503214 0.991349
vt 0.503479 0.994280
vt 0.505588 0.986843
vt 0.508887 0.984579
vt 0.554259 0.814982
vt 0.555122 0.813200
vt 0.383019 0.737498
vt 0.385424 0.737078
vt 0.386050 0.739180
vt 0.384472 0.740209
vt 0.392284 0.735896
vt 0.390629 0.736160
vt 0.390032 0.734248
vt 0.391420 0.733725
vt 0.397662 0.735448
vt 0.398556 0.738493
vt 0.395255 0.738838
vt 0.394789 0.735923
vt 0.372384 0.871422
vt 0.370928 0.869912
vt 0.370820 0.867413
vt 0.373733 0.868402
vt 0.392537 0.743912
vt 0.389145 0.743737
vt 0.389820 0.742068
vt 0.393134 0.741608
vt 0.366877 0.873780
vt 0.364339 0.874136
vt 0.365311 0.871030
vt 0.366638 0.871820
vt 0.388860 0.732783
vt 0.388022 0.734687
vt 0.386651 0.733696
vt 0.392754 0.738163
vt 0.390772 0.738258
vt 0.388228 0.739908
vt 0.389102 0.738499
vt 0.390354 0.740069
vt 0.383113 0.734011
vt 0.385136 0.735167
vt 0.386322 0.741973
vt 0.386613 0.740867
vt 0.369919 0.873223
vt 0.368790 0.871048
vt 0.376101 0.876382
vt 0.373923 0.873476
vt 0.376690 0.871343
vt 0.379743 0.874198
vt 0.392403 0.740045
vt 0.389255 0.727795
vt 0.391078 0.731145
vt 0.388602 0.731541
vt 0.386739 0.729178
vt 0.384705 0.731459
vt 0.385207 0.733170
vt 0.397463 0.741388
vt 0.368268 0.880016
vt 0.365167 0.880887
vt 0.364668 0.877664
vt 0.367537 0.876276
vt 0.372094 0.878552
vt 0.370933 0.875370
vt 0.544872 0.809122
vt 0.546827 0.806190
vt 0.548195 0.807315
vt 0.546305 0.810082
vt 0.554779 0.812017
vt 0.555812 0.811779
vt 0.515799 0.828250
vt 0.518870 0.838557
vt 0.513788 0.840269
vt 0.510629 0.829492
vt 0.506402 0.830829
vt 0.510357 0.841543
vt 0.506591 0.843254
vt 0.501634 0.832816
vt 0.487487 0.819945
vt 0.494031 0.829616
vt 0.489235 0.833113
vt 0.483689 0.827584
vt 0.506997 0.933120
vt 0.507410 0.938755
vt 0.496347 0.940222
vt 0.495588 0.934550
vt 0.503157 0.844864
vt 0.497410 0.834972
vt 0.495279 0.928082
vt 0.506796 0.927712
vt 0.380591 0.811874
vt 0.382260 0.811437
vt 0.383119 0.813286
vt 0.381114 0.812946
vt 0.384133 0.816409
vt 0.381087 0.815802
vt 0.381228 0.814010
vt 0.383254 0.814723
vt 0.490171 0.865025
vt 0.491765 0.863433
vt 0.495081 0.863980
vt 0.493588 0.867120
vt 0.487092 0.861687
vt 0.489284 0.860037
vt 0.485767 0.857511
vt 0.489809 0.856501
vt 0.381976 0.805945
vt 0.380271 0.807483
vt 0.378553 0.805071
vt 0.380538 0.802973
vt 0.379593 0.812601
vt 0.377978 0.814015
vt 0.376745 0.812020
vt 0.379004 0.811325
vt 0.492630 0.860851
vt 0.491644 0.859769
vt 0.377122 0.808658
vt 0.379004 0.809896
vt 0.548197 0.804422
vt 0.510928 0.988358
vt 0.508473 0.989044
vt 0.506486 0.992024
vt 0.506813 0.994413
vt 0.558006 0.811529
vt 0.557153 0.814024
vt 0.555649 0.816373
vt 0.393147 0.893218
vt 0.387473 0.896321
vt 0.384556 0.891911
vt 0.389372 0.889360
vt 0.494276 0.860048
vt 0.492756 0.858268
vt 0.382513 0.807706
vt 0.383093 0.809144
vt 0.381502 0.810115
vt 0.381129 0.808548
vt 0.396847 0.903872
vt 0.402445 0.898561
vt 0.425674 0.741618
vt 0.421994 0.745277
vt 0.522116 0.778146
vt 0.526924 0.776270
vt 0.529269 0.780222
vt 0.525244 0.782971
vt 0.430096 0.776422
vt 0.424354 0.781239
vt 0.421530 0.779135
vt 0.424168 0.774777
vt 0.464681 0.804473
vt 0.472304 0.804326
vt 0.473608 0.811972
vt 0.468893 0.813529
vt 0.489009 0.803309
vt 0.482036 0.813657
vt 0.478793 0.811939
vt 0.479743 0.804129
vt 0.498824 0.800347
vt 0.504189 0.795031
vt 0.508843 0.798918
vt 0.506564 0.805406
vt 0.509806 0.792631
vt 0.510442 0.797138
vt 0.475793 0.824449
vt 0.474404 0.824851
vt 0.479369 0.825461
vt 0.477847 0.824538
vt 0.431572 0.911788
vt 0.419224 0.914270
vt 0.401856 0.911991
vt 0.391035 0.911433
vt 0.437194 0.894003
vt 0.442114 0.891005
vt 0.448160 0.896568
vt 0.442944 0.899377
vt 0.493900 0.724514
vt 0.493086 0.732966
vt 0.484902 0.730777
vt 0.486601 0.722555
vt 0.494772 0.716229
vt 0.488244 0.714466
vt 0.503439 0.718243
vt 0.499871 0.725955
vt 0.503990 0.758819
vt 0.502875 0.750947
vt 0.483127 0.758104
vt 0.483703 0.748149
vt 0.493733 0.749569
vt 0.494046 0.758606
vt 0.501431 0.734376
vt 0.484096 0.739302
vt 0.493538 0.741031
vt 0.505000 0.767297
vt 0.502137 0.742690
vt 0.482208 0.768649
vt 0.494691 0.768294
vt 0.397042 0.744406
vt 0.396926 0.732090
vt 0.400491 0.731647
vt 0.400600 0.734769
vt 0.395313 0.730067
vt 0.393430 0.732792
vt 0.418658 0.735539
vt 0.414806 0.739353
vt 0.408914 0.739698
vt 0.410907 0.735812
vt 0.393476 0.726157
vt 0.370462 0.884353
vt 0.366687 0.885722
vt 0.373982 0.882742
vt 0.378232 0.880661
vt 0.382203 0.878813
vt 0.391255 0.808865
vt 0.386211 0.810498
vt 0.385399 0.808387
vt 0.390081 0.805572
vt 0.383949 0.807375
vt 0.388592 0.802823
vt 0.392432 0.812351
vt 0.385951 0.811633
vt 0.379789 0.809985
vt 0.380195 0.810979
vt 0.383929 0.810969
vt 0.482930 0.858736
vt 0.483903 0.864029
vt 0.486974 0.867774
vt 0.490387 0.871337
vt 0.388841 0.816488
vt 0.388242 0.814055
vt 0.384975 0.812681
vt 0.517727 0.862578
vt 0.517327 0.860872
vt 0.519183 0.860674
vt 0.518739 0.862126
vt 0.522832 0.860160
vt 0.521529 0.863071
vt 0.519706 0.862641
vt 0.520551 0.860580
vt 0.528037 0.935544
vt 0.530386 0.935054
vt 0.532829 0.936704
vt 0.530140 0.938633
vt 0.527476 0.931435
vt 0.529867 0.931748
vt 0.528692 0.927514
vt 0.531563 0.929370
vt 0.510425 0.860495
vt 0.512647 0.863477
vt 0.511148 0.864879
vt 0.507621 0.861832
vt 0.518665 0.863749
vt 0.520058 0.865246
vt 0.517269 0.866692
vt 0.517006 0.864397
vt 0.532049 0.934000
vt 0.531907 0.932431
vt 0.514287 0.866589
vt 0.515070 0.864700
vt 0.533533 0.934233
vt 0.533141 0.931372
vt 0.513168 0.859639
vt 0.514567 0.859079
vt 0.515876 0.861542
vt 0.514339 0.862283
vt 0.515547 0.855688
vt 0.513303 0.856882
vt 0.512634 0.858192
vt 0.508899 0.854476
vt 0.517359 0.850586
vt 0.517180 0.855981
vt 0.516084 0.863424
vt 0.516785 0.862947
vt 0.516294 0.858202
vt 0.523951 0.926767
vt 0.522951 0.931521
vt 0.523480 0.936374
vt 0.524443 0.940938
vt 0.522680 0.854458
vt 0.519761 0.855263
vt 0.518224 0.857758
vt 0.504647 0.857415
vt 0.518381 0.926627
vt 0.518396 0.931861
vt 0.518962 0.937505
vt 0.519976 0.942200
vt 0.521744 0.850074
vt 0.441954 0.872890
vt 0.442065 0.871508
vt 0.443997 0.871990
vt 0.443581 0.873141
vt 0.447067 0.867414
vt 0.447125 0.869660
vt 0.444601 0.869307
vt 0.445460 0.866298
vt 0.446044 0.872398
vt 0.440357 0.871099
vt 0.440861 0.872610
vt 0.442119 0.868935
vt 0.442346 0.865746
vt 0.525081 0.885866
vt 0.523166 0.885866
vt 0.522403 0.884505
vt 0.523694 0.882987
vt 0.385958 0.735225
vt 0.390367 0.732627
vt 0.386236 0.736977
vt 0.386697 0.738948
vt 0.386667 0.735478
vt 0.393207 0.808142
vt 0.394047 0.811653
vt 0.390496 0.801759
vt 0.386178 0.799069
vt 0.388360 0.798016
vt 0.474794 0.864821
vt 0.476977 0.863325
vt 0.480394 0.867015
vt 0.478464 0.869115
vt 0.400319 0.814733
vt 0.398758 0.810107
vt 0.411155 0.806184
vt 0.412187 0.811981
vt 0.397564 0.806354
vt 0.409595 0.802127
vt 0.435420 0.819748
vt 0.443131 0.815978
vt 0.442555 0.830297
vt 0.436225 0.830295
vt 0.392952 0.816064
vt 0.395027 0.815722
vt 0.483778 0.871076
vt 0.482003 0.873007
vt 0.508843 0.888972
vt 0.511862 0.895073
vt 0.507703 0.897763
vt 0.504047 0.891128
vt 0.447946 0.857493
vt 0.451726 0.858541
vt 0.450677 0.862496
vt 0.446804 0.861203
vt 0.494017 0.986942
vt 0.497682 0.981241
vt 0.543085 0.803362
vt 0.536065 0.798315
vt 0.537661 0.795918
vt 0.544471 0.801111
vt 0.478885 0.960766
vt 0.482909 0.963511
vt 0.478102 0.969452
vt 0.473406 0.966853
vt 0.550727 0.801283
vt 0.487097 0.794851
vt 0.495342 0.792375
vt 0.451798 0.801856
vt 0.456224 0.793217
vt 0.465283 0.794546
vt 0.432966 0.792727
vt 0.427387 0.785687
vt 0.433798 0.780178
vt 0.439509 0.785159
vt 0.521248 0.786533
vt 0.516741 0.791375
vt 0.511193 0.785213
vt 0.516782 0.781928
vt 0.409355 0.729598
vt 0.410564 0.732707
vt 0.407094 0.733220
vt 0.406461 0.731536
vt 0.407210 0.735298
vt 0.401931 0.732224
vt 0.402303 0.734134
vt 0.401805 0.737675
vt 0.402796 0.736211
vt 0.436518 0.738945
vt 0.433176 0.742026
vt 0.441148 0.735069
vt 0.458906 0.785049
vt 0.465391 0.785771
vt 0.487240 0.786150
vt 0.492570 0.785451
vt 0.507797 0.780143
vt 0.512748 0.777671
vt 0.436811 0.774965
vt 0.442800 0.778342
vt 0.479734 0.792329
vt 0.481223 0.781400
vt 0.500780 0.787731
vt 0.496909 0.779144
vt 0.514908 0.796101
vt 0.438390 0.795308
vt 0.444752 0.799781
vt 0.440084 0.804937
vt 0.436728 0.802061
vt 0.433466 0.813454
vt 0.431564 0.811826
vt 0.442528 0.808897
vt 0.431852 0.802588
vt 0.430151 0.812594
vt 0.434160 0.815055
vt 0.507001 0.785773
vt 0.502932 0.778377
vt 0.516518 0.772207
vt 0.472125 0.792130
vt 0.472358 0.781553
vt 0.455033 0.777979
vt 0.449612 0.790408
vt 0.443073 0.787152
vt 0.447825 0.775979
vt 0.435025 0.768545
vt 0.439604 0.759924
vt 0.450232 0.763941
vt 0.525988 0.770459
vt 0.452653 0.750304
vt 0.456529 0.740020
vt 0.459875 0.731714
vt 0.432972 0.765903
vt 0.434148 0.759977
vt 0.441002 0.745858
vt 0.436071 0.748208
vt 0.449559 0.741422
vt 0.449487 0.733955
vt 0.444941 0.741558
vt 0.428444 0.898655
vt 0.432583 0.903435
vt 0.454789 0.978772
vt 0.448072 0.978949
vt 0.449943 0.971167
vt 0.457580 0.971434
vt 0.441276 0.980689
vt 0.443002 0.972457
vt 0.462049 0.924925
vt 0.469297 0.921200
vt 0.474597 0.926796
vt 0.473657 0.927664
vt 0.457914 0.913407
vt 0.463753 0.912215
vt 0.460888 0.906214
vt 0.462469 0.905941
vt 0.475872 0.929886
vt 0.472294 0.936448
vt 0.465272 0.936299
vt 0.474254 0.929610
vt 0.473070 0.944997
vt 0.466045 0.947597
vt 0.477449 0.953404
vt 0.474941 0.954830
vt 0.513548 0.805444
vt 0.512550 0.807889
vt 0.515805 0.804344
vt 0.514659 0.804965
vt 0.475309 0.956836
vt 0.468204 0.963436
vt 0.463356 0.960536
vt 0.474277 0.955944
vt 0.462681 0.971687
vt 0.459819 0.978834
vt 0.449513 0.906404
vt 0.453746 0.901010
vt 0.458582 0.903207
vt 0.458886 0.904656
vt 0.451363 0.926757
vt 0.447286 0.916237
vt 0.455523 0.949976
vt 0.453765 0.938408
vt 0.441674 0.909017
vt 0.454038 0.961462
vt 0.440579 0.940150
vt 0.438539 0.928765
vt 0.443062 0.952586
vt 0.382156 0.900399
vt 0.379315 0.895477
vt 0.377601 0.903930
vt 0.375489 0.898359
vt 0.372156 0.907898
vt 0.371057 0.900497
vt 0.412728 0.720920
vt 0.415160 0.724342
vt 0.408304 0.726544
vt 0.406611 0.723385
vt 0.416915 0.727558
vt 0.418098 0.730815
vt 0.412893 0.743534
vt 0.408120 0.743519
vt 0.391278 0.900857
vt 0.397942 0.895563
vt 0.385252 0.905561
vt 0.380505 0.909322
vt 0.372884 0.914503
vt 0.421965 0.722411
vt 0.417641 0.717782
vt 0.423453 0.724644
vt 0.424946 0.728119
vt 0.426350 0.731464
vt 0.420644 0.739035
vt 0.417598 0.743227
vt 0.393752 0.985655
vt 0.387756 0.991080
vt 0.384939 0.982221
vt 0.393405 0.978780
vt 0.400571 0.983733
vt 0.401237 0.993469
vt 0.392703 0.998878
vt 0.400425 0.976252
vt 0.433627 0.983024
vt 0.433464 0.974530
vt 0.425505 0.985110
vt 0.417743 0.987659
vt 0.417636 0.978632
vt 0.425522 0.976666
vt 0.409464 0.989732
vt 0.409382 0.980959
vt 0.443993 0.963261
vt 0.433484 0.966203
vt 0.417783 0.971256
vt 0.425605 0.968834
vt 0.409510 0.973530
vt 0.396570 0.944305
vt 0.436189 0.918894
vt 0.393990 0.947997
vt 0.388427 0.947139
vt 0.381608 0.944973
vt 0.438759 0.702997
vt 0.376793 0.944699
vt 0.402604 0.951688
vt 0.397260 0.953863
vt 0.390316 0.954522
vt 0.383926 0.953520
vt 0.407430 0.946702
vt 0.413124 0.940114
vt 0.424551 0.931034
vt 0.424331 0.921277
vt 0.446525 0.701639
vt 0.443161 0.696718
vt 0.449559 0.708091
vt 0.452159 0.712064
vt 0.459822 0.716228
vt 0.432539 0.955980
vt 0.428637 0.943424
vt 0.423099 0.960000
vt 0.418310 0.947782
vt 0.399172 0.967926
vt 0.397573 0.961832
vt 0.404573 0.957480
vt 0.408023 0.965833
vt 0.415579 0.963349
vt 0.411300 0.953396
vt 0.390769 0.963402
vt 0.380565 0.973982
vt 0.391605 0.969663
vt 0.468590 0.711355
vt 0.462650 0.709933
vt 0.457897 0.706725
vt 0.455681 0.703393
vt 0.454231 0.698021
vt 0.385404 0.961464
vt 0.446284 0.693879
vt 0.453150 0.689257
vt 0.376352 0.967083
vt 0.379955 0.958126
vt 0.379646 0.953213
vt 0.369814 0.893116
vt 0.373499 0.891845
vt 0.403332 0.730476
vt 0.402240 0.728010
vt 0.403873 0.743990
vt 0.404191 0.740712
vt 0.404514 0.737275
vt 0.381826 0.887827
vt 0.386171 0.885603
vt 0.403677 0.731869
vt 0.377301 0.890664
vt 0.404430 0.735983
vt 0.404048 0.733766
vt 0.399577 0.728736
vt 0.397606 0.724401
vt 0.400224 0.724472
vt 0.369103 0.890222
vt 0.372652 0.888576
vt 0.376251 0.887442
vt 0.379973 0.885565
vt 0.384329 0.883107
vt 0.401150 0.744471
vt 0.401208 0.741193
vt 0.487472 0.874776
vt 0.438482 0.867976
vt 0.439291 0.860178
vt 0.440664 0.866729
vt 0.440392 0.868573
vt 0.449274 0.869714
vt 0.455410 0.864869
vt 0.452605 0.870162
vt 0.514122 0.899568
vt 0.516522 0.891891
vt 0.519406 0.895861
vt 0.513975 0.886535
vt 0.505953 0.883903
vt 0.513808 0.881305
vt 0.435020 0.868013
vt 0.434481 0.860565
vt 0.438266 0.870959
vt 0.439755 0.873260
vt 0.438221 0.873833
vt 0.436120 0.871347
vt 0.447523 0.873239
vt 0.449634 0.874426
vt 0.520346 0.889560
vt 0.522720 0.891342
vt 0.517821 0.885335
vt 0.517636 0.880900
vt 0.441498 0.874014
vt 0.443741 0.874238
vt 0.445529 0.873348
vt 0.445913 0.874390
vt 0.443052 0.860576
vt 0.520949 0.881306
vt 0.520777 0.884935
vt 0.522234 0.887130
vt 0.525136 0.888452
vt 0.446335 0.875464
vt 0.443862 0.876105
vt 0.367409 0.868065
vt 0.387466 0.738523
vt 0.388845 0.736650
vt 0.387067 0.736806
vt 0.440943 0.875409
vt 0.536873 0.813767
vt 0.529547 0.809553
vt 0.532284 0.804630
vt 0.539745 0.808884
vt 0.435044 0.855825
vt 0.439874 0.856231
vt 0.497953 0.894317
vt 0.501756 0.901200
vt 0.490016 0.908072
vt 0.485993 0.901003
vt 0.514081 0.938205
vt 0.513618 0.932234
vt 0.443727 0.856655
vt 0.456906 0.860868
vt 0.501141 0.885849
vt 0.486249 0.989654
vt 0.477322 0.985439
vt 0.480433 0.979858
vt 0.488520 0.984242
vt 0.459737 0.876528
vt 0.470134 0.868090
vt 0.474423 0.873582
vt 0.465335 0.881874
vt 0.477770 0.877297
vt 0.469267 0.886213
vt 0.482108 0.880686
vt 0.472599 0.889730
vt 0.448291 0.886492
vt 0.454930 0.880692
vt 0.460470 0.886379
vt 0.454012 0.892123
vt 0.427816 0.803108
vt 0.426862 0.795831
vt 0.407728 0.797459
vt 0.396218 0.802724
vt 0.394879 0.799310
vt 0.406043 0.793661
vt 0.393176 0.795555
vt 0.404308 0.790358
vt 0.391933 0.804718
vt 0.486003 0.876537
vt 0.464688 0.890981
vt 0.458801 0.896222
vt 0.468127 0.894122
vt 0.462728 0.899111
vt 0.423369 0.797219
vt 0.415133 0.800176
vt 0.412934 0.794846
vt 0.420517 0.790608
vt 0.418373 0.786419
vt 0.411194 0.790998
vt 0.409509 0.787738
vt 0.416400 0.783654
vt 0.427246 0.811666
vt 0.447210 0.837296
vt 0.453412 0.838527
vt 0.449435 0.851768
vt 0.444854 0.850870
vt 0.457765 0.839762
vt 0.453476 0.852735
vt 0.463481 0.842498
vt 0.459389 0.855048
vt 0.492614 0.913202
vt 0.504604 0.905677
vt 0.469421 0.909847
vt 0.467049 0.904695
vt 0.477585 0.900011
vt 0.479496 0.904569
vt 0.435907 0.836556
vt 0.441999 0.836710
vt 0.440550 0.850174
vt 0.435428 0.849421
vt 0.450697 0.814164
vt 0.448323 0.830880
vt 0.483439 0.896541
vt 0.495130 0.889055
vt 0.510439 0.902225
vt 0.464903 0.820442
vt 0.470605 0.828080
vt 0.465352 0.836511
vt 0.459931 0.833732
vt 0.478393 0.923639
vt 0.473871 0.918094
vt 0.483741 0.912198
vt 0.487112 0.917058
vt 0.460357 0.816688
vt 0.455199 0.832192
vt 0.467308 0.910808
vt 0.471853 0.919395
vt 0.520221 0.844732
vt 0.515657 0.845967
vt 0.512827 0.927209
vt 0.500507 0.813302
vt 0.505752 0.813329
vt 0.508997 0.823496
vt 0.504138 0.824767
vt 0.514450 0.943163
vt 0.497190 0.945791
vt 0.508105 0.944108
vt 0.506091 0.850117
vt 0.498333 0.847971
vt 0.492883 0.838253
vt 0.482467 0.950455
vt 0.480366 0.942923
vt 0.489589 0.941470
vt 0.491003 0.947516
vt 0.512897 0.813539
vt 0.513981 0.822159
vt 0.498767 0.827035
vt 0.492976 0.815643
vt 0.523063 0.795535
vt 0.529025 0.798986
vt 0.527128 0.802147
vt 0.521279 0.799528
vt 0.501649 0.852915
vt 0.540754 0.791927
vt 0.546863 0.797791
vt 0.463559 0.979820
vt 0.466378 0.973139
vt 0.526394 0.791113
vt 0.531457 0.795133
vt 0.488188 0.967704
vt 0.496195 0.973445
vt 0.492264 0.978118
vt 0.484461 0.973326
vt 0.532955 0.784666
vt 0.536434 0.788051
vt 0.533382 0.792198
vt 0.529629 0.788277
vt 0.533810 0.801993
vt 0.541149 0.806599
vt 0.461783 0.812836
vt 0.451103 0.810064
vt 0.500772 0.977174
vt 0.543571 0.811269
vt 0.491790 0.992067
vt 0.541275 0.816252
vt 0.523805 0.788878
vt 0.527826 0.786201
vt 0.471197 0.965573
vt 0.518224 0.805179
vt 0.518101 0.798284
vt 0.462853 0.884045
vt 0.457319 0.878585
vt 0.467021 0.888612
vt 0.470367 0.891934
vt 0.417859 0.810871
vt 0.415011 0.811325
vt 0.413988 0.805434
vt 0.416934 0.804824
vt 0.412161 0.801076
vt 0.410315 0.796333
vt 0.408615 0.792356
vt 0.406952 0.789095
vt 0.396076 0.810894
vt 0.395081 0.807228
vt 0.397335 0.815305
vt 0.476512 0.870933
vt 0.472731 0.866279
vt 0.480217 0.874883
vt 0.484305 0.878411
vt 0.393937 0.803936
vt 0.392424 0.800673
vt 0.390450 0.796879
vt 0.447898 0.834188
vt 0.454167 0.835305
vt 0.458767 0.836736
vt 0.464227 0.839612
vt 0.490020 0.915082
vt 0.486598 0.910232
vt 0.482731 0.902810
vt 0.442322 0.833543
vt 0.436120 0.833435
vt 0.480507 0.898347
vt 0.500971 0.892651
vt 0.504794 0.899508
vt 0.444436 0.853741
vt 0.448609 0.854501
vt 0.452499 0.855589
vt 0.458039 0.857925
vt 0.507596 0.904034
vt 0.440305 0.853227
vt 0.435299 0.852636
vt 0.498073 0.887343
vt 0.507810 0.845880
vt 0.511312 0.844287
vt 0.500038 0.850367
vt 0.504615 0.847483
vt 0.511310 0.943648
vt 0.510779 0.938618
vt 0.510212 0.932519
vt 0.514608 0.843149
vt 0.519443 0.841675
vt 0.509758 0.927430
vt 0.492409 0.934995
vt 0.491949 0.928725
vt 0.488742 0.935431
vt 0.488760 0.929168
vt 0.509755 0.826531
vt 0.515033 0.824955
vt 0.505217 0.827907
vt 0.493812 0.946324
vt 0.493059 0.941077
vt 0.495783 0.832308
vt 0.500351 0.829934
vt 0.491050 0.835634
vt 0.535552 0.794338
vt 0.538587 0.789952
vt 0.481457 0.971479
vt 0.477254 0.978317
vt 0.473687 0.976333
vt 0.529878 0.803225
vt 0.527049 0.808131
vt 0.524525 0.806726
vt 0.485527 0.965638
vt 0.474303 0.984067
vt 0.471304 0.982664
vt 0.533674 0.796926
vt 0.531453 0.800490
vt 0.546511 0.802991
vt 0.545186 0.804965
vt 0.491575 0.985500
vt 0.489396 0.991138
vt 0.542099 0.810041
vt 0.539091 0.815373
vt 0.495226 0.979791
vt 0.549031 0.799793
vt 0.498479 0.975606
vt 0.543382 0.807931
vt 0.466554 0.817456
vt 0.476692 0.925193
vt 0.472201 0.826400
vt 0.442730 0.812603
vt 0.464808 0.905456
vt 0.434773 0.817476
vt 0.423512 0.788592
vt 0.420981 0.784313
vt 0.424554 0.811199
vt 0.424508 0.803459
vt 0.418755 0.781825
vt 0.456636 0.898235
vt 0.460771 0.901069
vt 0.451577 0.894232
vt 0.445712 0.888661
vt 0.490882 0.811269
vt 0.484576 0.816478
vt 0.499643 0.808756
vt 0.477222 0.943601
vt 0.476830 0.936686
vt 0.512798 0.810683
vt 0.505038 0.809830
vt 0.479713 0.951782
vt 0.479843 0.936492
vt 0.481441 0.825982
vt 0.520317 0.805631
vt 0.468820 0.974128
vt 0.531351 0.782952
vt 0.519908 0.793647
vt 0.466108 0.980607
vt 0.476981 0.959215
vt 0.477845 0.929464
vt 0.480579 0.929609
vt 0.216456 0.818815
vt 0.214882 0.828027
vt 0.207987 0.834218
vt 0.207109 0.818660
vt 0.221043 0.828161
vt 0.223467 0.828106
vt 0.224744 0.830483
vt 0.222973 0.831388
vt 0.226517 0.836822
vt 0.233690 0.839328
vt 0.234761 0.844110
vt 0.226533 0.842440
vt 0.233202 0.837160
vt 0.232967 0.835008
vt 0.240231 0.834561
vt 0.241645 0.836193
vt 0.209316 0.805083
vt 0.218074 0.809976
vt 0.223910 0.807566
vt 0.218722 0.800429
vt 0.226656 0.797123
vt 0.229600 0.804649
vt 0.235590 0.795869
vt 0.237406 0.803495
vt 0.257035 0.829066
vt 0.265369 0.828676
vt 0.259941 0.837289
vt 0.252201 0.833499
vt 0.198977 0.819422
vt 0.197062 0.802644
vt 0.200096 0.835132
vt 0.196262 0.793975
vt 0.205855 0.794512
vt 0.200875 0.782690
vt 0.193119 0.783991
vt 0.192023 0.781733
vt 0.198164 0.779862
vt 0.194538 0.787866
vt 0.203103 0.787407
vt 0.214918 0.791865
vt 0.223613 0.788248
vt 0.234231 0.784725
vt 0.246534 0.811601
vt 0.252302 0.819138
vt 0.246707 0.818465
vt 0.243296 0.813701
vt 0.275672 0.828873
vt 0.267197 0.844390
vt 0.193608 0.761837
vt 0.190238 0.765734
vt 0.188129 0.762263
vt 0.191742 0.760075
vt 0.193874 0.766069
vt 0.194958 0.766243
vt 0.194549 0.766803
vt 0.193401 0.766866
vt 0.187774 0.770556
vt 0.189334 0.769809
vt 0.190390 0.771149
vt 0.190179 0.772121
vt 0.192075 0.771195
vt 0.192252 0.772916
vt 0.195076 0.770392
vt 0.195112 0.772498
vt 0.196964 0.768449
vt 0.198097 0.766624
vt 0.201631 0.767809
vt 0.198881 0.770743
vt 0.199626 0.763748
vt 0.202262 0.762966
vt 0.197043 0.760128
vt 0.196463 0.762055
vt 0.304914 0.834646
vt 0.330870 0.837137
vt 0.322706 0.861561
vt 0.293873 0.858802
vt 0.211684 0.784274
vt 0.218767 0.779300
vt 0.233213 0.769905
vt 0.209915 0.778308
vt 0.212295 0.769529
vt 0.222712 0.760880
vt 0.189344 0.783870
vt 0.189042 0.781798
vt 0.189443 0.787705
vt 0.189953 0.793472
vt 0.190550 0.802417
vt 0.191748 0.819384
vt 0.193113 0.835675
vt 0.202820 0.750677
vt 0.202356 0.745609
vt 0.210471 0.742799
vt 0.212664 0.749926
vt 0.190238 0.743959
vt 0.193310 0.744320
vt 0.193990 0.747910
vt 0.189966 0.747753
vt 0.201212 0.741869
vt 0.208719 0.739259
vt 0.216745 0.735957
vt 0.217730 0.739907
vt 0.222123 0.732997
vt 0.227164 0.735822
vt 0.222674 0.728868
vt 0.226429 0.724721
vt 0.211106 0.725739
vt 0.215173 0.720165
vt 0.202650 0.723658
vt 0.205019 0.718362
vt 0.193990 0.722562
vt 0.195532 0.716300
vt 0.185865 0.721780
vt 0.185804 0.714870
vt 0.235154 0.752413
vt 0.250126 0.759427
vt 0.197066 0.712975
vt 0.206944 0.714625
vt 0.223842 0.744494
vt 0.185754 0.708428
vt 0.185724 0.704430
vt 0.199598 0.705399
vt 0.198992 0.708625
vt 0.209634 0.710485
vt 0.212323 0.706703
vt 0.225263 0.710898
vt 0.221259 0.714143
vt 0.218318 0.716823
vt 0.229844 0.724107
vt 0.235669 0.722184
vt 0.240766 0.720469
vt 0.242493 0.737660
vt 0.237467 0.736908
vt 0.231384 0.735852
vt 0.228380 0.747477
vt 0.185783 0.712173
vt 0.215639 0.755496
vt 0.208848 0.763102
vt 0.189601 0.751342
vt 0.186086 0.751195
vt 0.186061 0.747719
vt 0.204315 0.760354
vt 0.202079 0.755175
vt 0.197349 0.754921
vt 0.196900 0.758490
vt 0.191527 0.758103
vt 0.192508 0.755160
vt 0.188364 0.755087
vt 0.188282 0.758450
vt 0.186142 0.758443
vt 0.186115 0.755066
vt 0.248264 0.842117
vt 0.255586 0.851113
vt 0.242275 0.854213
vt 0.229189 0.855007
vt 0.220223 0.853914
vt 0.219319 0.840521
vt 0.213715 0.852153
vt 0.207008 0.850459
vt 0.214063 0.837722
vt 0.200030 0.849829
vt 0.193349 0.849855
vt 0.206844 0.776229
vt 0.207769 0.771148
vt 0.205392 0.765661
vt 0.186176 0.762674
vt 0.202784 0.768979
vt 0.204429 0.771317
vt 0.203210 0.774110
vt 0.201127 0.772428
vt 0.196111 0.773832
vt 0.195346 0.778381
vt 0.190577 0.779337
vt 0.189693 0.772987
vt 0.191679 0.774530
vt 0.188509 0.779569
vt 0.186334 0.781895
vt 0.186315 0.779616
vt 0.187491 0.772073
vt 0.186351 0.783986
vt 0.186663 0.820773
vt 0.186514 0.803270
vt 0.186921 0.850340
vt 0.186800 0.836583
vt 0.186437 0.794248
vt 0.186386 0.788071
vt 0.186240 0.770628
vt 0.186251 0.771895
vt 0.187451 0.772961
vt 0.189160 0.773593
vt 0.188613 0.774588
vt 0.187408 0.774254
vt 0.190460 0.775188
vt 0.189605 0.775619
vt 0.194255 0.751795
vt 0.186032 0.743003
vt 0.258048 0.740664
vt 0.262382 0.718156
vt 0.232939 0.703493
vt 0.215929 0.698742
vt 0.200599 0.697842
vt 0.185676 0.698076
vt 0.240544 0.694710
vt 0.262843 0.701276
vt 0.218209 0.690254
vt 0.200920 0.689398
vt 0.185621 0.690665
vt 0.185489 0.672339
vt 0.203632 0.676305
vt 0.217992 0.678075
vt 0.241149 0.679704
vt 0.263202 0.684229
vt 0.277954 0.689398
vt 0.277474 0.706220
vt 0.318119 0.709428
vt 0.332242 0.718738
vt 0.314595 0.727089
vt 0.310125 0.716485
vt 0.315982 0.762588
vt 0.338057 0.761559
vt 0.337938 0.787135
vt 0.315828 0.787781
vt 0.310752 0.811313
vt 0.289787 0.812580
vt 0.290690 0.787042
vt 0.245418 0.795552
vt 0.251341 0.782798
vt 0.268619 0.787347
vt 0.256026 0.802746
vt 0.241921 0.808303
vt 0.240342 0.811545
vt 0.237791 0.806975
vt 0.237553 0.810121
vt 0.243043 0.804460
vt 0.249486 0.808605
vt 0.222690 0.813288
vt 0.226107 0.810383
vt 0.253247 0.828305
vt 0.248306 0.831709
vt 0.275281 0.812043
vt 0.264587 0.816920
vt 0.231295 0.807365
vt 0.219508 0.818634
vt 0.272436 0.872262
vt 0.300932 0.894090
vt 0.244123 0.838441
vt 0.227155 0.835048
vt 0.218564 0.831174
vt 0.221769 0.834649
vt 0.219313 0.824980
vt 0.277615 0.722086
vt 0.275455 0.741600
vt 0.272412 0.762720
vt 0.263083 0.860410
vt 0.279702 0.852999
vt 0.230785 0.866356
vt 0.221608 0.866641
vt 0.194508 0.863166
vt 0.187034 0.863184
vt 0.288806 0.831468
vt 0.214784 0.865333
vt 0.207985 0.864292
vt 0.216961 0.881942
vt 0.209889 0.882145
vt 0.201497 0.863120
vt 0.234110 0.881800
vt 0.225221 0.882320
vt 0.292815 0.763975
vt 0.248100 0.880866
vt 0.245021 0.865428
vt 0.292778 0.743369
vt 0.295446 0.725980
vt 0.315523 0.742011
vt 0.202493 0.881032
vt 0.195078 0.880639
vt 0.386898 0.638497
vt 0.399766 0.635207
vt 0.403884 0.645381
vt 0.390877 0.651133
vt 0.295240 0.712712
vt 0.335102 0.811433
vt 0.336754 0.736577
vt 0.187186 0.880304
vt 0.366315 0.587376
vt 0.362119 0.589145
vt 0.360648 0.577397
vt 0.363765 0.577901
vt 0.297356 0.696959
vt 0.196176 0.905171
vt 0.187412 0.905406
vt 0.250422 0.903313
vt 0.204271 0.904769
vt 0.239620 0.905600
vt 0.230727 0.906694
vt 0.222848 0.905512
vt 0.213507 0.904747
vt 0.222250 0.825001
vt 0.257386 0.819208
vt 0.196927 0.743348
vt 0.197899 0.746923
vt 0.198067 0.751357
vt 0.186258 0.772757
vt 0.186269 0.774051
vt 0.190787 0.776878
vt 0.189873 0.776493
vt 0.188684 0.776723
vt 0.189277 0.777362
vt 0.187926 0.777621
vt 0.187607 0.776798
vt 0.186295 0.777246
vt 0.186290 0.776650
vt 0.187497 0.775839
vt 0.186282 0.775705
vt 0.188419 0.776076
vt 0.189344 0.776159
vt 0.358965 0.784620
vt 0.359038 0.812749
vt 0.356220 0.729399
vt 0.358329 0.756533
vt 0.346106 0.705356
vt 0.363403 0.567876
vt 0.365125 0.568966
vt 0.378018 0.591445
vt 0.375005 0.597043
vt 0.365674 0.594639
vt 0.370711 0.591297
vt 0.382895 0.586802
vt 0.390564 0.590677
vt 0.384838 0.595790
vt 0.381270 0.589712
vt 0.383908 0.582366
vt 0.393071 0.582022
vt 0.383666 0.575649
vt 0.391910 0.572875
vt 0.387002 0.561021
vt 0.380806 0.565344
vt 0.378816 0.562635
vt 0.383076 0.556033
vt 0.372134 0.560255
vt 0.369295 0.559465
vt 0.377380 0.554845
vt 0.376419 0.560571
vt 0.378421 0.589617
vt 0.380334 0.588089
vt 0.381410 0.585879
vt 0.382227 0.582141
vt 0.381796 0.576021
vt 0.379456 0.566332
vt 0.378080 0.563718
vt 0.375860 0.562277
vt 0.372451 0.563201
vt 0.367160 0.571210
vt 0.365873 0.574294
vt 0.377740 0.588089
vt 0.379271 0.586840
vt 0.380154 0.585048
vt 0.380553 0.580641
vt 0.380359 0.576056
vt 0.378119 0.571016
vt 0.376010 0.567912
vt 0.374134 0.567807
vt 0.371827 0.569097
vt 0.369519 0.586672
vt 0.372712 0.589860
vt 0.367146 0.574980
vt 0.368868 0.574556
vt 0.368769 0.576129
vt 0.247447 0.828408
vt 0.358384 0.659120
vt 0.356582 0.642018
vt 0.375504 0.640217
vt 0.376794 0.655154
vt 0.362941 0.842556
vt 0.368311 0.855799
vt 0.406564 0.631310
vt 0.408285 0.620660
vt 0.417298 0.623064
vt 0.414094 0.635893
vt 0.368289 0.583494
vt 0.368790 0.572994
vt 0.366730 0.573907
vt 0.364529 0.577942
vt 0.366237 0.575322
vt 0.367867 0.576827
vt 0.365251 0.577959
vt 0.369129 0.582276
vt 0.370452 0.584985
vt 0.373081 0.588886
vt 0.376100 0.584777
vt 0.377295 0.584232
vt 0.378560 0.577213
vt 0.376956 0.574283
vt 0.370391 0.575706
vt 0.372980 0.578901
vt 0.371805 0.578515
vt 0.369641 0.576079
vt 0.378420 0.582920
vt 0.374207 0.572585
vt 0.372751 0.573604
vt 0.375455 0.572498
vt 0.372133 0.580698
vt 0.372521 0.582248
vt 0.378968 0.580017
vt 0.373335 0.584245
vt 0.366273 0.583700
vt 0.366407 0.580456
vt 0.371503 0.575111
vt 0.367370 0.579113
vt 0.368840 0.579743
vt 0.370967 0.579652
vt 0.368970 0.581033
vt 0.367473 0.581241
vt 0.371562 0.580180
vt 0.368626 0.534936
vt 0.379079 0.535591
vt 0.376952 0.547912
vt 0.370567 0.547113
vt 0.383331 0.547927
vt 0.387356 0.535487
vt 0.401190 0.573443
vt 0.402531 0.583398
vt 0.402197 0.592519
vt 0.400989 0.600770
vt 0.395244 0.546277
vt 0.396292 0.555066
vt 0.399102 0.563171
vt 0.399211 0.534392
vt 0.435495 0.614274
vt 0.437401 0.602243
vt 0.443942 0.604265
vt 0.441386 0.615965
vt 0.438200 0.591143
vt 0.438169 0.580280
vt 0.445429 0.581508
vt 0.445128 0.592686
vt 0.437859 0.558947
vt 0.440066 0.548670
vt 0.448158 0.551207
vt 0.446616 0.560464
vt 0.437628 0.569389
vt 0.445700 0.570723
vt 0.444909 0.537580
vt 0.450184 0.544315
vt 0.452525 0.594047
vt 0.450757 0.606113
vt 0.455744 0.551383
vt 0.454967 0.560997
vt 0.454225 0.571472
vt 0.453356 0.582564
vt 0.456422 0.543826
vt 0.447399 0.618092
vt 0.463425 0.560626
vt 0.463564 0.549398
vt 0.471824 0.549769
vt 0.472195 0.560386
vt 0.463160 0.571682
vt 0.472554 0.571569
vt 0.462616 0.583114
vt 0.472958 0.583309
vt 0.461135 0.535910
vt 0.470802 0.535068
vt 0.454781 0.620715
vt 0.459075 0.607852
vt 0.472321 0.610062
vt 0.469359 0.624754
vt 0.461415 0.595130
vt 0.473529 0.596138
vt 0.481110 0.559650
vt 0.482071 0.571171
vt 0.483146 0.583380
vt 0.479333 0.534285
vt 0.480218 0.548282
vt 0.482439 0.611976
vt 0.479253 0.627567
vt 0.483463 0.597118
vt 0.374338 0.622080
vt 0.386205 0.621670
vt 0.449317 0.659615
vt 0.459959 0.666902
vt 0.441347 0.686392
vt 0.433432 0.677153
vt 0.412946 0.693085
vt 0.417144 0.701639
vt 0.366654 0.708756
vt 0.389652 0.703894
vt 0.392481 0.712151
vt 0.370502 0.719430
vt 0.203447 0.943581
vt 0.208952 0.993662
vt 0.188243 0.995897
vt 0.187755 0.943119
vt 0.259612 0.938920
vt 0.247526 0.940739
vt 0.472980 0.645134
vt 0.461261 0.640382
vt 0.449646 0.635584
vt 0.441841 0.631990
vt 0.268752 0.931334
vt 0.428427 0.644322
vt 0.433166 0.647405
vt 0.419326 0.662499
vt 0.414620 0.658222
vt 0.439726 0.652373
vt 0.426671 0.668198
vt 0.386276 0.695477
vt 0.407608 0.684581
vt 0.383128 0.686685
vt 0.402557 0.677413
vt 0.381543 0.678762
vt 0.399283 0.672121
vt 0.237077 0.941223
vt 0.225631 0.942484
vt 0.213998 0.943591
vt 0.253782 0.980477
vt 0.239161 0.987119
vt 0.223499 0.991356
vt 0.364271 0.700904
vt 0.361639 0.692368
vt 0.358857 0.684042
vt 0.398447 0.621237
vt 0.411141 0.605200
vt 0.338376 0.905482
vt 0.431535 0.627695
vt 0.426004 0.625879
vt 0.428965 0.612495
vt 0.436451 0.629597
vt 0.396105 0.665417
vt 0.379218 0.671582
vt 0.393393 0.658319
vt 0.377744 0.663722
vt 0.420787 0.609460
vt 0.427983 0.547002
vt 0.428869 0.535922
vt 0.430765 0.578852
vt 0.429444 0.567989
vt 0.428059 0.557335
vt 0.430509 0.600167
vt 0.431106 0.589500
vt 0.268269 0.976401
vt 0.358631 0.676075
vt 0.411001 0.654796
vt 0.424017 0.642240
vt 0.422462 0.598009
vt 0.422794 0.587681
vt 0.421747 0.577061
vt 0.417301 0.556162
vt 0.415770 0.546141
vt 0.419643 0.566409
vt 0.419252 0.534918
vt 0.282702 0.970772
vt 0.358874 0.667977
vt 0.407737 0.650948
vt 0.419587 0.639891
vt 0.409026 0.534285
vt 0.405685 0.545933
vt 0.357118 0.622719
vt 0.296473 0.961258
vt 0.409233 0.564948
vt 0.411236 0.575023
vt 0.406709 0.555470
vt 0.412264 0.585170
vt 0.412502 0.595175
vt 0.324339 0.687724
vt 0.289475 0.665825
vt 0.306450 0.674667
vt 0.226218 0.653622
vt 0.247446 0.655124
vt 0.204441 0.653198
vt 0.271291 0.659472
vt 0.185353 0.652207
vt 0.289396 0.913022
vt 0.317749 0.936417
vt 0.376123 0.583113
vt 0.376170 0.580697
vt 0.376857 0.578425
vt 0.374070 0.579232
vt 0.374291 0.574498
vt 0.186017 0.739889
vt 0.185996 0.732309
vt 0.189207 0.732993
vt 0.189613 0.740172
vt 0.193622 0.740680
vt 0.193766 0.733367
vt 0.197068 0.733073
vt 0.197032 0.739867
vt 0.201001 0.738696
vt 0.202065 0.731969
vt 0.210060 0.731449
vt 0.208480 0.736927
vt 0.216789 0.734180
vt 0.216916 0.730086
vt 0.220083 0.729647
vt 0.221640 0.732355
vt 0.193537 0.724710
vt 0.202168 0.725249
vt 0.193093 0.733234
vt 0.201857 0.731747
vt 0.210575 0.726697
vt 0.221575 0.729147
vt 0.209082 0.730287
vt 0.185889 0.724571
vt 0.185997 0.732193
vt 0.220032 0.729481
vt 0.193525 0.767257
vt 0.195057 0.766009
vt 0.195225 0.765676
vt 0.194841 0.765387
vt 0.194520 0.765502
vt 0.193881 0.767389
vt 0.228223 0.833876
vt 0.245203 0.831362
vt 0.222305 0.818789
vt 0.225741 0.814183
vt 0.228748 0.811312
vt 0.232787 0.809795
vt 0.238834 0.824308
vt 0.240563 0.823736
vt 0.231390 0.822796
vt 0.233194 0.823981
vt 0.241184 0.823372
vt 0.240243 0.821314
vt 0.235862 0.818415
vt 0.233464 0.818152
vt 0.229701 0.821117
vt 0.230457 0.821943
vt 0.230309 0.819225
vt 0.229428 0.820053
vt 0.237444 0.819028
vt 0.235680 0.824512
vt 0.238966 0.819925
vt 0.231570 0.818603
vt 0.234548 0.821315
vt 0.116261 0.316097
vt 0.115271 0.314785
vt 0.124161 0.310899
vt 0.124690 0.312169
vt 0.117906 0.317644
vt 0.125381 0.313804
vt 0.127433 0.321021
vt 0.124725 0.321057
vt 0.127384 0.318365
vt 0.127956 0.319599
vt 0.131883 0.318129
vt 0.128577 0.320564
vt 0.128259 0.319735
vt 0.127718 0.318252
vt 0.121083 0.320156
vt 0.126615 0.316603
vt 0.133706 0.315032
vt 0.127032 0.316405
vt 0.128557 0.320610
vt 0.128186 0.319790
vt 0.119206 0.318638
vt 0.125890 0.314975
vt 0.133816 0.306678
vt 0.134300 0.310390
vt 0.125855 0.313509
vt 0.124679 0.310672
vt 0.137127 0.309799
vt 0.136512 0.315191
vt 0.117210 0.319874
vt 0.115814 0.318689
vt 0.136181 0.305645
vt 0.129240 0.321886
vt 0.127774 0.323174
vt 0.119229 0.321774
vt 0.129261 0.321811
vt 0.134463 0.319160
vt 0.123474 0.323205
vt 0.114010 0.317119
vt 0.112969 0.315791
vt 0.156835 0.819329
vt 0.166182 0.819013
vt 0.165572 0.834587
vt 0.158569 0.828516
vt 0.152409 0.828757
vt 0.150534 0.832018
vt 0.148748 0.831143
vt 0.149983 0.828744
vt 0.147084 0.837515
vt 0.147167 0.843136
vt 0.138965 0.844951
vt 0.139952 0.840148
vt 0.140402 0.837971
vt 0.131938 0.837151
vt 0.133325 0.835493
vt 0.140600 0.835814
vt 0.155065 0.810515
vt 0.163741 0.805472
vt 0.149185 0.808205
vt 0.143443 0.805383
vt 0.146260 0.797805
vt 0.154253 0.800977
vt 0.135613 0.804362
vt 0.137301 0.796702
vt 0.116414 0.830289
vt 0.121329 0.834641
vt 0.113651 0.838569
vt 0.108067 0.830045
vt 0.175956 0.802824
vt 0.174327 0.819635
vt 0.173480 0.835364
vt 0.167024 0.794841
vt 0.176609 0.794141
vt 0.171807 0.782933
vt 0.174470 0.780059
vt 0.180642 0.781828
vt 0.179584 0.784105
vt 0.169657 0.787689
vt 0.178230 0.788003
vt 0.149155 0.788874
vt 0.157914 0.792346
vt 0.138472 0.785529
vt 0.126619 0.812631
vt 0.129896 0.814675
vt 0.126565 0.819501
vt 0.120978 0.820272
vt 0.097758 0.830423
vt 0.106516 0.845803
vt 0.178730 0.761957
vt 0.180567 0.760165
vt 0.184216 0.762294
vt 0.182164 0.765799
vt 0.178533 0.766195
vt 0.179019 0.766984
vt 0.177870 0.766940
vt 0.177451 0.766386
vt 0.184706 0.770582
vt 0.182327 0.772186
vt 0.182100 0.771217
vt 0.183134 0.769859
vt 0.180267 0.773015
vt 0.180416 0.771290
vt 0.177401 0.772645
vt 0.177401 0.770537
vt 0.175481 0.768626
vt 0.173602 0.770952
vt 0.170803 0.768062
vt 0.174317 0.766819
vt 0.170091 0.763228
vt 0.172741 0.763967
vt 0.175266 0.760304
vt 0.175877 0.762222
vt 0.068586 0.836720
vt 0.080073 0.860704
vt 0.051258 0.863987
vt 0.042640 0.839679
vt 0.153852 0.779842
vt 0.161021 0.784699
vt 0.139239 0.770685
vt 0.162691 0.778701
vt 0.160164 0.769961
vt 0.149595 0.761484
vt 0.183624 0.781843
vt 0.183358 0.783920
vt 0.183322 0.787756
vt 0.182909 0.793532
vt 0.182464 0.802486
vt 0.181556 0.819472
vt 0.180472 0.835786
vt 0.169329 0.750943
vt 0.159464 0.750361
vt 0.161532 0.743197
vt 0.169706 0.745862
vt 0.181830 0.744012
vt 0.182155 0.747809
vt 0.178126 0.748026
vt 0.178752 0.744418
vt 0.170784 0.742096
vt 0.163222 0.739620
vt 0.154215 0.740446
vt 0.155135 0.736499
vt 0.144737 0.736481
vt 0.149743 0.733584
vt 0.145312 0.725349
vt 0.149143 0.729444
vt 0.156497 0.720614
vt 0.160647 0.726130
vt 0.166622 0.718650
vt 0.169063 0.723907
vt 0.176090 0.716443
vt 0.177728 0.722672
vt 0.122137 0.760476
vt 0.137003 0.753215
vt 0.174505 0.713140
vt 0.164643 0.714942
vt 0.148190 0.745114
vt 0.172512 0.708819
vt 0.171857 0.705602
vt 0.161890 0.710842
vt 0.150316 0.714683
vt 0.146259 0.711497
vt 0.159143 0.707099
vt 0.153300 0.717319
vt 0.141882 0.724789
vt 0.136018 0.722955
vt 0.134442 0.737727
vt 0.129423 0.738558
vt 0.130888 0.721317
vt 0.140514 0.736575
vt 0.143700 0.748168
vt 0.156582 0.755981
vt 0.163504 0.763474
vt 0.182573 0.751394
vt 0.170146 0.755432
vt 0.167994 0.760649
vt 0.174875 0.755099
vt 0.179723 0.755260
vt 0.180751 0.758189
vt 0.175382 0.758663
vt 0.183868 0.755122
vt 0.184003 0.758484
vt 0.131626 0.855191
vt 0.118253 0.852325
vt 0.125420 0.843195
vt 0.154349 0.841090
vt 0.153681 0.854501
vt 0.144731 0.855753
vt 0.160158 0.852625
vt 0.159557 0.838198
vt 0.166836 0.850812
vt 0.173803 0.850060
vt 0.180484 0.849968
vt 0.165728 0.776571
vt 0.164718 0.771505
vt 0.167004 0.765976
vt 0.169669 0.769252
vt 0.168062 0.771618
vt 0.169327 0.774392
vt 0.171384 0.772674
vt 0.176424 0.773996
vt 0.177264 0.778531
vt 0.182049 0.779408
vt 0.182828 0.773044
vt 0.180867 0.774620
vt 0.184120 0.779605
vt 0.185014 0.772093
vt 0.185069 0.772981
vt 0.185133 0.774273
vt 0.183933 0.774627
vt 0.183371 0.773641
vt 0.182959 0.775674
vt 0.182097 0.775257
vt 0.177921 0.751920
vt 0.113901 0.741817
vt 0.109203 0.719342
vt 0.138461 0.704201
vt 0.155416 0.699187
vt 0.170744 0.698059
vt 0.108477 0.702443
vt 0.130712 0.695523
vt 0.153008 0.690726
vt 0.170299 0.689617
vt 0.167398 0.676558
vt 0.153049 0.678533
vt 0.129882 0.680503
vt 0.107854 0.685370
vt 0.093895 0.707627
vt 0.093150 0.690777
vt 0.053211 0.711499
vt 0.061340 0.718441
vt 0.057035 0.729144
vt 0.039206 0.721067
vt 0.056242 0.764741
vt 0.056830 0.789978
vt 0.034668 0.789716
vt 0.034103 0.764088
vt 0.062326 0.813458
vt 0.081994 0.788805
vt 0.083343 0.814360
vt 0.127461 0.796551
vt 0.116968 0.803932
vt 0.104099 0.788733
vt 0.121316 0.783888
vt 0.131178 0.809251
vt 0.132814 0.812467
vt 0.135288 0.807851
vt 0.135580 0.810995
vt 0.129990 0.805425
vt 0.123613 0.809683
vt 0.150504 0.813907
vt 0.147036 0.811061
vt 0.120192 0.829462
vt 0.125196 0.832782
vt 0.108645 0.818266
vt 0.097856 0.813570
vt 0.141794 0.808130
vt 0.153779 0.819201
vt 0.101771 0.873788
vt 0.073650 0.896149
vt 0.129499 0.839444
vt 0.146414 0.835752
vt 0.151795 0.835259
vt 0.154941 0.831727
vt 0.154084 0.825545
vt 0.094007 0.723525
vt 0.096487 0.743037
vt 0.099883 0.764139
vt 0.110917 0.861761
vt 0.094153 0.854641
vt 0.152520 0.867255
vt 0.143336 0.867134
vt 0.179560 0.863299
vt 0.084658 0.833252
vt 0.166103 0.864664
vt 0.159322 0.865826
vt 0.164517 0.882551
vt 0.157441 0.882475
vt 0.172570 0.863376
vt 0.149186 0.883002
vt 0.140286 0.882641
vt 0.079473 0.765737
vt 0.129079 0.866459
vt 0.126275 0.881958
vt 0.079166 0.745094
vt 0.056353 0.744115
vt 0.076207 0.727717
vt 0.179301 0.880780
vt 0.171893 0.881306
vt 0.326321 0.600113
vt 0.320497 0.612012
vt 0.308496 0.604379
vt 0.314090 0.594935
vt 0.076197 0.714418
vt 0.037940 0.814010
vt 0.034983 0.739026
vt 0.354317 0.552645
vt 0.358255 0.543658
vt 0.361412 0.543626
vt 0.358202 0.555022
vt 0.073823 0.698663
vt 0.178645 0.905330
vt 0.124358 0.904455
vt 0.170543 0.905074
vt 0.135205 0.906547
vt 0.151978 0.906154
vt 0.144119 0.907479
vt 0.161306 0.905220
vt 0.151147 0.825616
vt 0.115892 0.820430
vt 0.175108 0.743502
vt 0.174193 0.747101
vt 0.174098 0.751545
vt 0.182705 0.776552
vt 0.181798 0.776953
vt 0.183898 0.776763
vt 0.184976 0.776820
vt 0.184671 0.777648
vt 0.183316 0.777412
vt 0.185071 0.775859
vt 0.184152 0.776111
vt 0.183228 0.776210
vt 0.013982 0.815757
vt 0.013551 0.787567
vt 0.013697 0.759401
vt 0.015347 0.732159
vt 0.025083 0.707880
vt 0.358247 0.534620
vt 0.360113 0.533799
vt 0.342137 0.554918
vt 0.349385 0.555864
vt 0.353865 0.559922
vt 0.344279 0.560903
vt 0.338009 0.549597
vt 0.339181 0.552718
vt 0.334744 0.558194
vt 0.329847 0.552282
vt 0.337672 0.545060
vt 0.328662 0.543350
vt 0.331178 0.534479
vt 0.338915 0.538455
vt 0.337804 0.523492
vt 0.342432 0.519148
vt 0.345656 0.526312
vt 0.343284 0.528694
vt 0.352619 0.524958
vt 0.348335 0.524630
vt 0.348241 0.518825
vt 0.355545 0.524602
vt 0.340349 0.551253
vt 0.342012 0.553050
vt 0.339616 0.548908
vt 0.339367 0.545089
vt 0.340709 0.539103
vt 0.344471 0.529872
vt 0.348633 0.526400
vt 0.346222 0.527493
vt 0.351865 0.527824
vt 0.355900 0.536534
vt 0.356710 0.539775
vt 0.342914 0.551641
vt 0.341587 0.550178
vt 0.340981 0.548273
vt 0.341246 0.543856
vt 0.342124 0.539352
vt 0.345092 0.534703
vt 0.347641 0.531950
vt 0.349512 0.532127
vt 0.351601 0.533746
vt 0.351254 0.551469
vt 0.347620 0.554144
vt 0.355349 0.540264
vt 0.353573 0.541158
vt 0.353710 0.539587
vt 0.125998 0.829463
vt 0.351430 0.624768
vt 0.333820 0.618093
vt 0.337329 0.603517
vt 0.355769 0.608128
vt 0.005482 0.859052
vt 0.010618 0.845690
vt 0.307950 0.590065
vt 0.299820 0.593471
vt 0.298570 0.580308
vt 0.307842 0.579278
vt 0.352946 0.548512
vt 0.354021 0.538054
vt 0.355921 0.539265
vt 0.357494 0.543584
vt 0.356777 0.543493
vt 0.354361 0.541982
vt 0.356196 0.540738
vt 0.352298 0.547181
vt 0.350585 0.549662
vt 0.347401 0.553126
vt 0.343930 0.547894
vt 0.345030 0.548611
vt 0.345754 0.538108
vt 0.343730 0.540765
vt 0.352032 0.540497
vt 0.352718 0.540978
vt 0.350214 0.543062
vt 0.348994 0.543269
vt 0.343015 0.546428
vt 0.350013 0.538066
vt 0.348725 0.536840
vt 0.347504 0.536568
vt 0.348948 0.546646
vt 0.349563 0.545172
vt 0.342907 0.543476
vt 0.347844 0.548500
vt 0.354908 0.549016
vt 0.355262 0.545789
vt 0.351021 0.539742
vt 0.354510 0.544317
vt 0.352962 0.544720
vt 0.350873 0.544312
vt 0.352641 0.545976
vt 0.354090 0.546405
vt 0.350205 0.544744
vt 0.359874 0.500449
vt 0.356135 0.512199
vt 0.349701 0.512034
vt 0.349441 0.499533
vt 0.343392 0.511095
vt 0.341273 0.498192
vt 0.319103 0.543295
vt 0.321918 0.533653
vt 0.318070 0.552364
vt 0.318030 0.560703
vt 0.329509 0.516215
vt 0.331859 0.507682
vt 0.325518 0.523809
vt 0.329715 0.495337
vt 0.281893 0.568895
vt 0.275814 0.569685
vt 0.275037 0.557735
vt 0.281808 0.556714
vt 0.282677 0.545619
vt 0.275596 0.546109
vt 0.276971 0.535011
vt 0.284333 0.534883
vt 0.287829 0.513836
vt 0.278943 0.514027
vt 0.278804 0.504643
vt 0.287184 0.503345
vt 0.286496 0.524195
vt 0.278315 0.524307
vt 0.277831 0.497526
vt 0.284053 0.491655
vt 0.268022 0.558544
vt 0.268079 0.546348
vt 0.270607 0.513305
vt 0.271276 0.503683
vt 0.269774 0.523773
vt 0.268975 0.534871
vt 0.271736 0.496109
vt 0.269552 0.570889
vt 0.262299 0.511673
vt 0.253664 0.510125
vt 0.255618 0.499682
vt 0.263841 0.500551
vt 0.260908 0.522645
vt 0.251636 0.521128
vt 0.259737 0.534029
vt 0.249481 0.532676
vt 0.258827 0.485299
vt 0.266387 0.487086
vt 0.261860 0.572379
vt 0.246842 0.574192
vt 0.246111 0.559223
vt 0.259538 0.559019
vt 0.259127 0.546090
vt 0.246998 0.545276
vt 0.242286 0.519311
vt 0.244959 0.508063
vt 0.239397 0.531222
vt 0.247541 0.496956
vt 0.250509 0.483249
vt 0.236638 0.575494
vt 0.235820 0.559602
vt 0.237030 0.544758
vt 0.341195 0.585759
vt 0.329522 0.583578
vt 0.261445 0.611659
vt 0.274529 0.631375
vt 0.265321 0.639327
vt 0.249834 0.617273
vt 0.292402 0.650191
vt 0.286972 0.658021
vt 0.335830 0.672609
vt 0.330429 0.682588
vt 0.309786 0.672104
vt 0.313817 0.664362
vt 0.172074 0.943869
vt 0.167495 0.994049
vt 0.127940 0.941838
vt 0.115817 0.940241
vt 0.252512 0.590856
vt 0.240214 0.593801
vt 0.264714 0.587849
vt 0.272969 0.585463
vt 0.106534 0.932822
vt 0.284388 0.599662
vt 0.295960 0.615470
vt 0.290668 0.618995
vt 0.279240 0.602001
vt 0.282554 0.623532
vt 0.272012 0.605933
vt 0.298952 0.642581
vt 0.318414 0.656545
vt 0.305017 0.636250
vt 0.322842 0.648323
vt 0.309046 0.631506
vt 0.325594 0.640726
vt 0.138399 0.942130
vt 0.161524 0.944073
vt 0.149870 0.943181
vt 0.137165 0.988069
vt 0.122418 0.981699
vt 0.152906 0.992014
vt 0.339361 0.665202
vt 0.343240 0.657156
vt 0.347236 0.649339
vt 0.317483 0.581319
vt 0.307329 0.563565
vt 0.036382 0.908244
vt 0.283801 0.582757
vt 0.288615 0.568113
vt 0.289541 0.581788
vt 0.278656 0.583903
vt 0.313191 0.625353
vt 0.328967 0.633974
vt 0.316934 0.618740
vt 0.331599 0.626423
vt 0.297155 0.566334
vt 0.299380 0.503502
vt 0.300161 0.492415
vt 0.291867 0.534578
vt 0.294797 0.524035
vt 0.297760 0.513708
vt 0.288932 0.555692
vt 0.289937 0.545056
vt 0.107852 0.977892
vt 0.348650 0.641495
vt 0.300052 0.612624
vt 0.289059 0.598262
vt 0.297211 0.554762
vt 0.298428 0.544500
vt 0.301051 0.534156
vt 0.308572 0.514157
vt 0.311584 0.504478
vt 0.304724 0.523939
vt 0.309821 0.492861
vt 0.093310 0.972531
vt 0.349621 0.633453
vt 0.303854 0.609307
vt 0.293791 0.596603
vt 0.321587 0.505780
vt 0.320026 0.493764
vt 0.358125 0.588966
vt 0.079357 0.963270
vt 0.311749 0.533713
vt 0.315236 0.524051
vt 0.319149 0.515057
vt 0.307483 0.553449
vt 0.309214 0.543592
vt 0.046620 0.689838
vt 0.064351 0.676457
vt 0.081235 0.667325
vt 0.123214 0.655967
vt 0.144466 0.654162
vt 0.166267 0.653446
vt 0.099372 0.660678
vt 0.085541 0.914882
vt 0.057606 0.938817
vt 0.345257 0.546963
vt 0.345572 0.544567
vt 0.345232 0.542218
vt 0.347867 0.543432
vt 0.348357 0.538718
vt 0.182415 0.740206
vt 0.182823 0.733022
vt 0.178381 0.740765
vt 0.174940 0.740011
vt 0.174721 0.733206
vt 0.178038 0.733318
vt 0.170935 0.738914
vt 0.163416 0.737282
vt 0.161730 0.731785
vt 0.169749 0.732213
vt 0.155065 0.734734
vt 0.150221 0.732938
vt 0.151762 0.730185
vt 0.154920 0.730778
vt 0.178214 0.724814
vt 0.169569 0.725492
vt 0.178737 0.733194
vt 0.169954 0.731989
vt 0.161193 0.727077
vt 0.150251 0.729706
vt 0.162709 0.730600
vt 0.151816 0.730017
vt 0.178902 0.767377
vt 0.177174 0.765823
vt 0.177349 0.766154
vt 0.177877 0.765638
vt 0.177555 0.765528
vt 0.178547 0.767515
vt 0.145325 0.834599
vt 0.128295 0.832380
vt 0.150984 0.819404
vt 0.147467 0.814856
vt 0.144410 0.812035
vt 0.140343 0.810587
vt 0.132804 0.824668
vt 0.134544 0.825212
vt 0.140181 0.824786
vt 0.141965 0.823570
vt 0.133082 0.822240
vt 0.132177 0.824315
vt 0.139810 0.818959
vt 0.137415 0.819264
vt 0.142884 0.822700
vt 0.143626 0.821860
vt 0.143881 0.820791
vt 0.142985 0.819978
vt 0.135844 0.819904
vt 0.137703 0.825361
vt 0.134336 0.820828
vt 0.141712 0.819378
vt 0.138781 0.822143
vt 0.115042 0.313140
vt 0.123641 0.309625
vt 0.115104 0.310848
vt 0.122979 0.307978
vt 0.119362 0.301445
vt 0.120719 0.302045
vt 0.121184 0.303326
vt 0.117456 0.303425
vt 0.124473 0.300157
vt 0.121494 0.303157
vt 0.120834 0.301727
vt 0.120475 0.300915
vt 0.121880 0.305120
vt 0.115556 0.306749
vt 0.127903 0.300958
vt 0.122308 0.304948
vt 0.120744 0.301742
vt 0.120429 0.300898
vt 0.122514 0.306787
vt 0.115313 0.309194
vt 0.123514 0.307831
vt 0.131559 0.303741
vt 0.133936 0.302058
vt 0.129740 0.298769
vt 0.113062 0.309813
vt 0.112921 0.311671
vt 0.120012 0.299506
vt 0.118095 0.299697
vt 0.113138 0.306998
vt 0.120080 0.299542
vt 0.125544 0.297530
vt 0.115086 0.302860
vt 0.112764 0.314098
vt 0.390229 0.994979
vt 0.679158 0.825456
s 1
usemtl MI_Superhero_Male
f 568/298/619 2020/299/620 599/300/621 768/301/622
f 748/302/623 883/303/624 887/304/625 791/305/626
f 691/306/627 688/307/628 610/308/629 671/309/630
f 700/310/631 629/311/632 596/312/633 698/313/634
f 642/314/635 777/315/636 782/316/637 677/317/638
f 763/318/639 756/319/640 596/312/633 701/320/641
f 779/321/642 654/322/643 655/323/644 778/324/645
f 802/325/646 813/326/647 614/327/648 669/328/649
f 805/329/650 793/330/651 587/331/652 697/332/653
f 674/333/654 633/334/655 613/335/656 666/336/657
f 719/337/658 606/338/659 619/339/660 722/340/661
f 761/341/662 757/342/663 594/343/664 651/344/665
f 656/345/666 615/346/667 585/347/668 652/348/669
f 742/349/670 627/350/671 589/351/672 736/352/673
f 809/353/674 795/354/675 592/355/676 739/356/677
f 744/357/678 684/358/679 590/359/680 737/360/681
f 762/361/682 756/319/640 910/362/683 913/363/684
f 751/364/685 747/365/686 611/366/687 620/367/688
f 679/368/689 680/369/690 617/370/691 590/359/680
f 572/371/692 796/372/693 600/373/694 626/374/695
f 577/375/696 630/376/697 597/377/698 574/378/699
f 571/379/700 686/380/701 598/381/702 1363/382/703
f 716/383/704 708/384/705 3718/385/706 3769/386/707
f 904/387/708 711/388/709 3716/389/710 3717/390/711
f 714/391/712 712/392/713 561/393/714 560/394/715
f 819/395/716 710/396/717 563/397/718 3692/398/719
f 717/399/720 713/400/721 3719/401/722 3691/402/723
f 764/403/724 758/404/725 601/405/726 702/406/727
f 869/407/728 867/408/729 915/409/730 659/410/731
f 804/411/732 797/412/733 602/413/734 693/414/735
f 696/415/736 631/416/737 603/417/738 694/418/739
f 726/419/740 687/420/741 606/338/659 719/337/658
f 807/421/742 798/422/743 608/423/744 721/424/745
f 724/425/746 632/426/747 605/427/748 718/428/749
f 890/429/750 882/430/751 586/431/752 812/432/753
f 888/433/754 773/434/755 583/435/756 880/436/757
f 909/437/758 885/438/759 588/439/760 893/440/761
f 878/441/762 884/442/763 595/443/764 661/444/765
f 710/396/717 714/391/712 560/394/715 563/397/718
f 1363/382/703 598/381/702 618/445/766 575/446/767
f 746/447/768 751/364/685 620/367/688 610/308/629
f 737/360/681 590/359/680 617/370/691 740/448/769
f 651/344/665 615/346/667 656/345/666
f 879/449/770 876/450/771 622/451/772 685/452/773
f 1216/453/774 1210/454/775 624/455/776 723/456/777
f 1222/457/778 1209/458/779 623/459/780 576/460/781
f 694/418/739 603/417/738 759/461/782 871/462/783
f 1218/463/784 1207/464/785 621/465/786 741/466/787
f 1214/467/788 1213/468/789 625/469/790 673/470/791
f 636/471/792 775/472/793 768/301/622 599/300/621
f 738/473/794 790/474/795 789/475/796 729/476/797
f 581/477/798 765/478/799 784/479/800 699/480/801
f 729/476/797 789/475/796 770/481/802 607/482/803
f 612/483/804 748/302/623 791/305/626 774/484/805
f 778/324/645 655/323/644 704/485/806 785/486/807
f 780/487/808 771/488/809 609/489/810 668/490/811
f 884/442/763 877/491/812 628/492/813 595/443/764
f 905/493/814 897/494/815 632/426/747 724/425/746
f 902/495/816 896/496/817 631/416/737 696/415/736
f 708/384/705 715/497/818 566/498/819 3718/385/706
f 2080/499/820 895/500/821 630/376/697 577/375/696
f 907/501/822 892/502/823 627/350/671 742/349/670
f 900/503/824 891/504/825 633/334/655 674/333/654
f 903/505/826 894/506/827 629/311/632 700/310/631
f 895/500/821 898/507/828 640/508/829 630/376/697
f 695/509/830 783/510/831 766/511/832 584/512/833
f 1209/458/779 1211/513/834 639/514/835 623/459/780
f 630/376/697 640/508/829 634/515/836 597/377/698
f 796/372/693 800/516/837 637/517/838 600/373/694
f 686/380/701 689/518/839 635/519/840 598/381/702
f 598/381/702 635/519/840 638/520/841 618/445/766
f 591/521/842 767/522/843 790/474/795 738/473/794
f 1218/463/784 741/466/787 732/523/844 1217/524/845
f 737/360/681 740/448/769 731/525/846 728/526/847
f 744/357/678 737/360/681 728/526/847 735/527/848
f 809/353/674 739/356/677 730/528/849 808/529/850
f 742/349/670 736/352/673 727/530/851 733/531/852
f 736/352/673 743/532/853 734/533/854 727/530/851
f 901/534/855 899/535/856 649/536/857 682/537/858
f 604/538/859 769/539/860 783/510/831 695/509/830
f 1215/540/861 1212/541/862 648/542/863 681/543/864
f 672/544/865 670/545/866 645/546/867 647/547/868
f 671/309/630 672/544/865 647/547/868 646/548/869
f 682/537/858 649/536/857 641/549/870 676/550/871
f 803/551/872 801/552/873 644/553/874 678/554/875
f 692/555/876 690/556/877 646/548/869 679/368/689
f 581/477/798 707/557/878 786/558/879 765/478/799
f 612/483/804 774/484/805 781/559/880 667/560/881
f 706/561/882 650/562/883 657/563/884 705/564/885
f 650/562/883 651/344/665 656/345/666 657/563/884
f 705/564/885 657/563/884 653/565/886 703/566/887
f 657/563/884 656/345/666 652/348/669 653/565/886
f 870/567/888 868/568/889 573/569/890 578/570/891
f 760/571/892 761/341/662 651/344/665 650/562/883
f 676/550/871 641/549/870 665/572/893 683/573/894
f 741/574/787 744/357/678 735/527/848 732/575/844
f 597/377/698 634/515/836 664/576/895 662/577/896
f 666/336/657 613/335/656 658/578/897 675/579/898
f 736/352/673 589/351/672 660/580/899 743/532/853
f 574/378/699 597/377/698 662/577/896 570/581/900
f 718/428/749 605/427/748 663/582/901 725/583/902
f 1223/584/903 878/441/762 661/444/765 1208/585/904
f 918/586/905 760/571/892 872/587/906 920/588/907
f 641/549/870 666/336/657 675/579/898 665/572/893
f 610/308/629 620/367/688 672/544/865 671/309/630
f 620/367/688 611/366/687 670/545/866 672/544/865
f 899/535/856 900/503/824 674/333/654 649/536/857
f 779/321/642 772/589/908 582/590/909 654/322/643
f 780/487/808 668/490/811 643/591/910 776/592/911
f 1212/541/862 1214/467/788 673/470/791 648/542/863
f 649/536/857 674/333/654 666/336/657 641/549/870
f 801/552/873 802/325/646 669/328/649 644/553/874
f 690/556/877 691/306/627 671/309/630 646/548/869
f 589/351/672 676/550/871 683/573/894 660/580/899
f 684/358/679 692/555/876 679/368/689 590/359/680
f 795/354/675 803/551/872 678/554/875 592/355/676
f 627/350/671 682/537/858 676/550/871 589/351/672
f 1207/464/785 1215/540/861 681/543/864 621/465/786
f 773/434/755 785/486/807 704/485/806 583/435/756
f 892/502/823 901/534/855 682/537/858 627/350/671
f 646/548/869 647/547/868 680/369/690 679/368/689
f 621/593/786 681/594/864 692/555/876 684/358/679
f 648/595/863 673/596/791 691/306/627 690/556/877
f 681/594/864 648/595/863 690/556/877 692/555/876
f 623/597/780 639/598/835 689/518/839 686/380/701
f 1220/599/912 869/407/728 659/410/731 1221/600/913
f 881/601/914 879/449/770 685/452/773 593/602/915
f 723/603/777 624/604/776 687/420/741 726/419/740
f 576/605/781 623/597/780 686/380/701 571/379/700
f 741/574/787 621/593/786 684/358/679 744/357/678
f 673/596/791 625/606/790 688/307/628 691/306/627
f 893/440/761 902/495/816 696/415/736 628/492/813
f 707/557/878 564/607/916 567/608/917 786/558/879
f 628/492/813 696/415/736 694/418/739 595/443/764
f 794/609/918 804/411/732 693/414/735 588/439/760
f 873/610/919 870/567/888 578/570/891 911/611/920
f 896/496/817 903/505/826 700/310/631 631/416/737
f 677/317/638 782/316/637 767/522/843 591/521/842
f 759/461/782 762/361/682 913/363/684 916/612/921
f 797/412/733 805/329/650 697/332/653 602/413/734
f 631/416/737 700/310/631 698/313/634 603/417/738
f 758/404/725 763/318/639 701/320/641 601/405/726
f 757/342/663 764/403/724 702/406/727 594/343/664
f 712/392/713 717/399/720 3691/402/723 561/393/714
f 720/613/922 788/614/923 775/472/793 636/471/792
f 867/408/729 871/462/783 579/615/924 915/409/730
f 616/616/925 705/564/885 703/566/887 586/431/752
f 593/602/915 706/561/882 705/564/885 616/616/925
f 594/343/664 702/406/727 717/399/720 712/392/713
f 601/405/726 701/320/641 716/383/704 713/400/721
f 596/312/633 629/311/632 715/497/818 708/384/705
f 607/482/803 770/481/802 788/614/923 720/613/922
f 582/590/909 772/589/908 787/617/926 709/618/927
f 585/347/668 615/346/667 714/391/712 710/396/717
f 702/406/727 601/405/726 713/400/721 717/399/720
f 811/619/928 585/347/668 710/396/717 819/395/716
f 615/346/667 594/343/664 712/392/713 714/391/712
f 894/506/827 587/331/652 711/388/709 904/387/708
f 701/320/641 596/312/633 708/384/705 716/383/704
f 639/598/835 723/603/777 726/419/740 689/518/839
f 634/515/836 718/428/749 725/583/902 664/576/895
f 898/507/828 905/493/814 724/425/746 640/508/829
f 667/560/881 781/559/880 777/315/636 642/314/635
f 1211/513/834 1216/453/774 723/456/777 639/514/835
f 640/508/829 724/425/746 718/428/749 634/515/836
f 800/516/837 807/421/742 721/424/745 637/517/838
f 689/518/839 726/419/740 719/337/658 635/519/840
f 635/519/840 719/337/658 722/340/661 638/520/841
f 624/604/776 732/575/844 735/527/848 687/420/741
f 605/427/748 727/530/851 734/533/854 663/582/901
f 632/426/747 733/531/852 727/530/851 605/427/748
f 798/422/743 808/529/850 730/528/849 608/423/744
f 687/420/741 735/527/848 728/526/847 606/338/659
f 606/338/659 728/526/847 731/525/846 619/339/660
f 1210/454/775 1217/524/845 732/523/844 624/455/776
f 645/546/867 814/620/929 862/621/930 835/622/931
f 699/480/801 784/479/800 769/539/860 604/538/859
f 897/494/815 906/623/932 733/531/852 632/426/747
f 610/308/629 688/307/628 755/624/933 746/447/768
f 1213/468/789 658/578/897 754/625/934 1219/626/935
f 613/335/656 633/334/655 753/627/936 749/628/937
f 776/592/911 643/591/910 834/629/938 853/630/939
f 609/489/810 771/488/809 792/631/940 745/632/941
f 688/307/628 625/606/790 752/633/942 755/624/933
f 881/601/914 886/634/943 751/364/685 746/447/768
f 658/578/897 613/335/656 749/628/937 754/625/934
f 891/504/825 614/327/648 750/635/944 908/636/945
f 799/637/946 611/366/687 747/365/686 820/638/947
f 886/634/943 882/430/751 747/365/686 751/364/685
f 914/639/948 580/640/949 764/403/724 757/342/663
f 912/641/950 919/642/951 763/318/639 758/404/725
f 603/417/738 698/313/634 762/361/682 759/461/782
f 918/586/905 917/643/952 761/341/662 760/571/892
f 580/640/949 912/641/950 758/404/725 764/403/724
f 698/313/634 596/312/633 756/319/640 762/361/682
f 917/643/952 914/639/948 757/342/663 761/341/662
f 919/642/951 910/362/683 756/319/640 763/318/639
f 813/326/647 774/484/805 791/305/626 810/644/953
f 789/475/796 790/474/795 809/353/674 808/529/850
f 575/446/767 618/445/766 828/645/954 2002/646/955
f 619/339/660 731/525/846 845/647/956 829/648/957
f 793/330/651 765/478/799 786/558/879 806/649/958
f 812/432/753 818/650/959 785/486/807 773/434/755
f 852/651/960 831/652/961 823/653/962 850/654/963
f 814/620/929 817/655/964 780/487/808 776/592/911
f 815/656/965 816/657/966 779/321/642 778/324/645
f 818/650/959 815/656/965 778/324/645 785/486/807
f 647/547/868 645/546/867 835/622/931 836/658/967
f 722/340/661 619/339/660 829/648/957 842/659/968
f 817/655/964 799/637/946 771/488/809 780/487/808
f 816/657/966 811/619/928 772/589/908 779/321/642
f 806/649/958 786/558/879 567/608/917 565/660/969
f 731/525/846 740/448/769 848/661/970 845/647/956
f 889/662/971 887/304/625 766/511/832 794/609/918
f 887/304/625 883/303/624 584/512/833 766/511/832
f 885/438/759 889/662/971 794/609/918 588/439/760
f 638/520/841 722/340/661 842/659/968 833/663/972
f 711/388/709 806/649/958 565/660/969 3716/389/710
f 652/348/669 585/347/668 811/619/928 816/657/966
f 670/545/866 611/366/687 799/637/946 817/655/964
f 740/448/769 617/370/691 827/664/973 848/661/970
f 680/369/690 647/547/868 836/658/967 839/665/974
f 703/566/887 653/565/886 815/656/965 818/650/959
f 653/565/886 652/348/669 816/657/966 815/656/965
f 645/546/867 670/545/866 817/655/964 814/620/929
f 618/445/766 638/520/841 833/663/972 828/645/954
f 586/431/752 703/566/887 818/650/959 812/432/753
f 587/331/652 793/330/651 806/649/958 711/388/709
f 814/620/929 776/592/911 853/630/939 862/621/930
f 614/327/648 813/326/647 810/644/953 750/635/944
f 771/488/809 799/637/946 820/638/947 792/631/940
f 617/370/691 680/369/690 839/665/974 827/664/973
f 770/481/802 789/475/796 808/529/850 798/422/743
f 775/472/793 788/614/923 807/421/742 800/516/837
f 772/589/908 811/619/928 819/395/716 787/617/926
f 769/539/860 784/479/800 805/329/650 797/412/733
f 766/511/832 783/510/831 804/411/732 794/609/918
f 767/522/843 782/316/637 803/551/872 795/354/675
f 777/315/636 781/559/880 802/325/646 801/552/873
f 782/316/637 777/315/636 801/552/873 803/551/872
f 768/301/622 775/472/793 800/516/837 796/372/693
f 888/433/754 890/429/750 812/432/753 773/434/755
f 788/614/923 770/481/802 798/422/743 807/421/742
f 783/510/831 769/539/860 797/412/733 804/411/732
f 787/617/926 819/395/716 3692/398/719 559/666/975
f 568/298/619 768/301/622 796/372/693 572/371/692
f 790/474/795 767/522/843 795/354/675 809/353/674
f 784/479/800 765/478/799 793/330/651 805/329/650
f 781/559/880 774/484/805 813/326/647 802/325/646
f 907/501/822 742/349/670 733/531/852 906/623/932
f 848/661/970 827/664/973 822/667/976 847/668/977
f 851/669/978 856/670/979 843/671/980 825/672/981
f 2002/646/955 828/645/954 824/673/982 569/674/983
f 857/675/984 846/676/985 843/671/980 856/670/979
f 842/659/968 829/648/957 826/677/986 841/678/987
f 839/665/974 838/679/988 822/667/976 827/664/973
f 2003/680/989 850/654/963 823/653/962 830/681/990
f 828/645/954 833/663/972 832/682/991 824/673/982
f 857/675/984 849/683/992 821/684/993 846/676/985
f 848/661/970 847/668/977 844/685/994 845/647/956
f 855/686/995 851/669/978 825/672/981 840/687/996
f 855/686/995 840/687/996 831/652/961 852/651/960
f 836/658/967 835/622/931 838/679/988 839/665/974
f 865/688/997 866/689/998 857/675/984 856/670/979
f 853/630/939 834/629/938 837/690/999 854/691/1000
f 833/663/972 842/659/968 841/678/987 832/682/991
f 829/648/957 845/647/956 844/685/994 826/677/986
f 849/683/992 854/691/1000 837/690/999 821/684/993
f 860/692/1001 865/688/997 856/670/979 851/669/978
f 861/693/1002 864/694/1003 855/686/995 852/651/960
f 858/695/1004 863/696/1005 854/691/1000 849/683/992
f 863/696/1005 862/621/930 853/630/939 854/691/1000
f 859/697/1006 861/693/1002 852/651/960 850/654/963
f 866/689/998 858/695/1004 849/683/992 857/675/984
f 2001/698/1007 859/697/1006 850/654/963 2003/680/989
f 864/694/1003 860/692/1001 851/669/978 855/686/995
f 841/678/987 826/677/986 860/692/1001 864/694/1003
f 569/674/983 824/673/982 859/697/1006 2001/698/1007
f 847/668/977 822/667/976 858/695/1004 866/689/998
f 824/673/982 832/682/991 861/693/1002 859/697/1006
f 838/679/988 835/622/931 862/621/930 863/696/1005
f 822/667/976 838/679/988 863/696/1005 858/695/1004
f 832/682/991 841/678/987 864/694/1003 861/693/1002
f 826/677/986 844/685/994 865/688/997 860/692/1001
f 847/668/977 866/689/998 865/688/997 844/685/994
f 873/610/919 911/611/920 920/588/907 872/587/906
f 593/602/915 873/610/919 872/587/906 706/561/882
f 595/443/764 694/418/739 871/462/783 867/408/729
f 593/602/915 685/452/773 870/567/888 873/610/919
f 1208/585/904 661/444/765 869/407/728 1220/599/912
f 685/452/773 622/451/772 868/568/889 870/567/888
f 661/444/765 595/443/764 867/408/729 869/407/728
f 872/587/906 760/571/892 650/562/883 706/561/882
f 871/462/783 759/461/782 916/612/921 579/615/924
f 716/383/704 3769/386/707 3719/401/722 713/400/721
f 792/631/940 820/638/947 890/429/750 888/433/754
f 750/635/944 810/644/953 889/662/971 885/438/759
f 810/644/953 791/305/626 887/304/625 889/662/971
f 616/616/925 586/431/752 882/430/751 886/634/943
f 593/602/915 616/616/925 886/634/943 881/601/914
f 746/447/768 755/624/933 879/449/770 881/601/914
f 1219/626/935 754/625/934 878/441/762 1223/584/903
f 749/628/937 753/627/936 877/491/812 884/442/763
f 745/632/941 792/631/940 888/433/754 880/436/757
f 755/624/933 752/633/942 876/450/771 879/449/770
f 754/625/934 749/628/937 884/442/763 878/441/762
f 908/636/945 750/635/944 885/438/759 909/437/758
f 820/638/947 747/365/686 882/430/751 890/429/750
f 709/618/927 787/617/926 559/666/975 562/699/1008
f 753/627/936 908/636/945 909/437/758 877/491/812
f 739/356/677 907/501/822 906/623/932 730/528/849
f 633/334/655 891/504/825 908/636/945 753/627/936
f 608/423/744 730/528/849 906/623/932 897/494/815
f 637/517/838 721/424/745 905/493/814 898/507/828
f 629/311/632 894/506/827 904/387/708 715/497/818
f 602/413/734 697/332/653 903/505/826 896/496/817
f 588/439/760 693/414/735 902/495/816 893/440/761
f 592/355/676 678/554/875 901/534/855 892/502/823
f 644/553/874 669/328/649 900/503/824 899/535/856
f 678/554/875 644/553/874 899/535/856 901/534/855
f 600/373/694 637/517/838 898/507/828 895/500/821
f 697/332/653 587/331/652 894/506/827 903/505/826
f 669/328/649 614/327/648 891/504/825 900/503/824
f 739/356/677 592/355/676 892/502/823 907/501/822
f 626/374/695 600/373/694 895/500/821 2080/499/820
f 693/414/735 602/413/734 896/496/817 902/495/816
f 721/424/745 608/423/744 897/494/815 905/493/814
f 877/491/812 909/437/758 893/440/761 628/492/813
f 715/497/818 904/387/708 3717/390/711 566/498/819
f 615/346/667 651/344/665 594/343/664
f 1057/700/1009 960/701/1010 929/702/1011 1055/703/1012
f 6844/704/1013 1142/705/1014 1007/706/1015 1233/707/1016
f 1141/708/1017 3833/709/1018 1019/710/1019 992/711/1020
f 6837/712/1021 1141/708/1017 992/711/1020 1050/713/1022
f 875/714/1023 6837/712/1021 1050/713/1022 1003/715/1024
f 1030/716/1025 1023/717/1026 922/718/1027 956/719/1028
f 1085/720/1029 1022/721/1030 923/722/1031 1075/723/1032
f 1096/724/1033 1024/725/1034 924/726/1035 1087/727/1036
f 1147/728/1037 1155/729/1038 1046/730/1039 970/731/1040
f 1175/732/1041 1163/733/1042 1110/734/1043 1098/735/1044
f 1176/736/1045 1161/737/1046 925/738/1047 1139/739/1048
f 1063/740/1049 1021/741/1050 921/742/1051 1053/743/1052
f 1090/744/1053 968/745/1054 932/746/1055 1088/747/1056
f 1079/748/1057 961/749/1058 930/750/1059 1077/751/1060
f 969/752/1061 967/753/1062 931/754/1063 958/755/1064
f 1150/756/1065 974/757/1066 1069/758/1067 1157/759/1068
f 1068/760/1069 962/761/1070 935/762/1071 1066/763/1072
f 1149/764/1073 973/765/1074 1080/766/1075 1158/767/1076
f 1074/768/1077 1025/769/1078 933/770/1079 1064/771/1080
f 6836/772/1081 875/714/1023 1003/715/1024 1062/773/1082
f 933/770/1079 1075/723/1032 1203/774/1083 1187/775/1084
f 1178/776/1085 1180/777/1086 1078/778/1087 940/779/1088
f 1197/780/1089 1204/781/1090 1044/782/1091 938/783/1092
f 923/722/1031 951/784/1093 1191/785/1094 1185/786/1095
f 921/742/1051 1064/771/1080 1201/787/1096 1183/788/1097
f 1204/781/1090 1206/789/1098 943/790/1099 1044/782/1091
f 1148/791/1100 972/792/1101 1058/793/1102 1156/794/1103
f 1144/795/1104 6836/772/1081 1062/773/1082 983/796/1105
f 1045/797/1106 963/798/1107 942/799/1108 1043/800/1109
f 1224/801/1110 956/719/1028 1194/802/1111 1239/803/1112
f 1035/804/1113 964/805/1114 946/806/1115 1033/807/1116
f 1151/808/1117 975/809/1118 1046/730/1039 1155/729/1038
f 1041/810/1119 1027/811/1120 944/812/1121 1031/813/1122
f 1143/814/1123 1144/795/1104 983/796/1105 1073/815/1124
f 1075/723/1032 923/722/1031 1185/786/1095 1203/774/1083
f 951/784/1093 950/816/1125 1192/817/1126 1191/785/1094
f 961/749/1058 965/818/1127 953/819/1128 930/750/1059
f 965/818/1127 966/820/1129 952/821/1130 953/819/1128
f 1150/756/1065 1158/767/1076 1080/766/1075 974/757/1066
f 1154/822/1131 1147/728/1037 970/731/1040 979/823/1132
f 1022/721/1030 1028/824/1133 951/784/1093
f 1028/824/1133 1029/825/1134 950/816/1125 951/784/1093
f 3897/826/1135 1143/814/1123 1073/815/1124 991/827/1136
f 3885/828/1137 3897/826/1135 991/827/1136 1084/829/1138
f 976/830/1139 1122/831/1140 1116/832/1141 1036/833/1142
f 1045/797/1106 967/753/1062 1118/834/1143 1115/835/1144
f 974/757/1066 1124/836/1145 1113/837/1146 1069/758/1067
f 1229/838/1147 1227/839/1148 1122/840/1140 976/841/1139
f 968/745/1054 1090/744/1053 1111/842/1149 1117/843/1150
f 975/809/1118 1123/844/1151 1115/835/1144 1046/730/1039
f 972/792/1101 1126/845/1152 1114/846/1153 1058/793/1102
f 1111/842/1149 1120/847/1154 978/848/1155 1091/849/1156
f 967/753/1062 969/752/1061 1119/850/1157 1118/834/1143
f 1090/744/1053 966/820/1129 1120/847/1154 1111/842/1149
f 1031/813/1122 944/812/1121 1189/851/1158 1196/852/1159
f 1228/853/1160 969/752/1061 958/755/1064 1225/854/1161
f 1106/855/1162 579/856/924 916/857/921 1102/858/1163
f 1234/859/1164 1030/716/1025 956/719/1028 1224/801/1110
f 874/860/1165 3885/828/1137 1084/829/1138 987/861/1166
f 1153/862/1167 1159/863/1168 1091/849/1156 978/848/1155
f 1170/864/1169 1054/865/1170 1086/866/1171 1173/867/1172
f 1171/868/1173 1164/869/1174 949/870/1175 1065/871/1176
f 1175/732/1041 1161/737/1046 927/872/1177 928/873/1178
f 1237/874/1179 1235/875/1180 1032/876/1181 1154/822/1131
f 1169/877/1182 1163/733/1042 941/878/1183 1042/879/1184
f 1168/880/1185 1174/881/1186 934/882/1187 1032/876/1181
f 1146/883/1188 1159/863/1168 941/878/1183 928/873/1178
f 1171/868/1173 1065/871/1176 957/884/1189 1166/885/1190
f 1226/886/1191 959/887/1192 1016/888/1193 1230/889/1194
f 1230/889/1194 1016/888/1193 1017/890/1195 1231/891/1196
f 1231/891/1196 1017/890/1195 1018/892/1197 1232/893/1198
f 1232/893/1198 1018/892/1197 1019/710/1019 1233/707/1016
f 955/894/1199 954/895/1200 1012/896/1201 1008/897/1202
f 1008/897/1202 1012/896/1201 1013/898/1203 1009/899/1204
f 1009/899/1204 1013/898/1203 1014/900/1205 1010/901/1206
f 1010/901/1206 1014/900/1205 1015/902/1207 1011/903/1208
f 937/904/1209 955/894/1199 1008/897/1202 984/905/1210
f 984/905/1210 1008/897/1202 1009/899/1204 985/906/1211
f 985/906/1211 1009/899/1204 1010/901/1206 986/907/1212
f 986/907/1212 1010/901/1206 1011/903/1208 987/861/1166
f 1034/908/1213 947/909/1214 1004/910/1215 1037/911/1216
f 1037/911/1216 1004/910/1215 1005/912/1217 1038/913/1218
f 1038/913/1218 1005/912/1217 1006/914/1219 1039/915/1220
f 1039/915/1220 1006/914/1219 1007/916/1015 1040/917/1221
f 1044/782/1091 943/790/1099 1000/918/1222 1047/919/1223
f 1047/919/1223 1000/918/1222 1001/920/1224 1048/921/1225
f 1048/921/1225 1001/920/1224 1002/922/1226 1049/923/1227
f 1049/923/1227 1002/922/1226 1003/715/1024 1050/713/1022
f 1067/924/1228 940/779/1088 988/925/1229 1070/926/1230
f 1070/926/1230 988/925/1229 989/927/1231 1071/928/1232
f 1071/928/1232 989/927/1231 990/929/1233 1072/930/1234
f 1072/930/1234 990/929/1233 991/827/1136 1073/815/1124
f 1089/931/1235 939/932/1236 999/933/1237 1092/934/1238
f 1092/934/1238 999/933/1237 998/935/1239 1093/936/1240
f 1093/936/1240 998/935/1239 997/937/1241 1094/938/1242
f 1094/938/1242 997/937/1241 996/939/1243 1095/940/1244
f 959/887/1192 938/783/1092 995/941/1245 1016/888/1193
f 1016/888/1193 995/941/1245 994/942/1246 1017/890/1195
f 1017/890/1195 994/942/1246 993/943/1247 1018/892/1197
f 1018/892/1197 993/943/1247 992/711/1020 1019/710/1019
f 1078/778/1087 937/904/1209 984/905/1210 1081/944/1248
f 1081/944/1248 984/905/1210 985/906/1211 1082/945/1249
f 1082/945/1249 985/906/1211 986/907/1212 1083/946/1250
f 1083/946/1250 986/907/1212 987/861/1166 1084/829/1138
f 1056/947/1251 936/948/1252 980/949/1253 1059/950/1254
f 1059/950/1254 980/949/1253 981/951/1255 1060/952/1256
f 1060/952/1256 981/951/1255 982/953/1257 1061/954/1258
f 1061/954/1258 982/953/1257 983/796/1105 1062/773/1082
f 1184/955/1259 1182/956/1260 955/894/1199 937/904/1209
f 1188/957/1261 1186/958/1262 1067/924/1228 936/948/1252
f 1202/959/1263 1197/780/1089 938/783/1092 959/887/1192
f 1186/958/1262 1178/776/1085 940/779/1088 1067/924/1228
f 1198/960/1264 1020/961/1265 1133/962/1266 1135/963/1267
f 1239/803/1112 1194/802/1111 1202/959/1263 1240/964/1268
f 1195/965/1269 1193/966/1270 939/932/1236 1089/931/1235
f 924/726/1035 1031/813/1122 1196/852/1159 1181/967/1271
f 1190/968/1272 1199/969/1273 947/909/1214 1034/908/1213
f 1180/777/1086 1184/955/1259 937/904/1209 1078/778/1087
f 1225/854/1161 958/755/1064 1030/716/1025 1234/859/1164
f 953/819/1128 952/821/1130 1029/825/1134 1028/824/1133
f 930/750/1059 953/819/1128 1028/824/1133 1022/721/1030
f 1033/807/1116 946/806/1115 1027/811/1120 1041/810/1119
f 1043/800/1109 942/799/1108 1026/970/1274 1052/971/1275
f 1066/763/1072 935/762/1071 1025/769/1078 1074/768/1077
f 1055/703/1012 929/702/1011 1021/741/1050 1063/740/1049
f 1088/747/1056 932/746/1055 1024/725/1034 1096/724/1033
f 1077/751/1060 930/750/1059 1022/721/1030 1085/720/1029
f 958/755/1064 931/754/1063 1023/717/1026 1030/716/1025
f 932/746/1055 1033/807/1116 1041/810/1119 1024/725/1034
f 1179/972/1276 1188/957/1261 936/948/1252 1056/947/1251
f 997/937/1241 1039/915/1220 1040/917/1221 996/939/1243
f 998/935/1239 1038/913/1218 1039/915/1220 997/937/1241
f 999/933/1237 1037/911/1216 1038/913/1218 998/935/1239
f 939/932/1236 1034/908/1213 1037/911/1216 999/933/1237
f 1152/973/1277 977/974/1278 973/765/1074 1149/764/1073
f 1057/700/1009 963/798/1107 1123/844/1151 1114/846/1153
f 6835/975/1279 874/860/1165 987/861/1166 1011/903/1208
f 1024/725/1034 1041/810/1119 924/726/1035
f 1174/881/1186 1166/885/1190 957/884/1189 934/882/1187
f 968/745/1054 1035/804/1113 1033/807/1116 932/746/1055
f 1087/727/1036 924/726/1035 1181/967/1271 1205/976/1280
f 931/754/1063 1043/800/1109 1052/971/1275 1023/717/1026
f 1020/961/1265 1051/977/1281 1134/978/1282 1133/962/1266
f 993/943/1247 1049/923/1227 1050/713/1022 992/711/1020
f 994/942/1246 1048/921/1225 1049/923/1227 993/943/1247
f 995/941/1245 1047/919/1223 1048/921/1225 994/942/1246
f 938/783/1092 1044/782/1091 1047/919/1223 995/941/1245
f 1079/748/1057 962/761/1070 1124/836/1145 1112/979/1283
f 967/753/1062 1045/797/1106 1043/800/1109 931/754/1063
f 3873/980/1284 6835/975/1279 1011/903/1208 1015/902/1207
f 1200/981/1285 1195/965/1269 1089/931/1235 954/895/1200
f 1172/982/1286 1167/983/1287 945/984/1288 1076/985/1289
f 956/719/1028 922/718/1027 1177/986/1290 1194/802/1111
f 942/799/1108 1055/703/1012 1063/740/1049 1026/970/1274
f 1023/717/1026 1052/971/1275 1137/987/1291 1136/988/1292
f 1002/922/1226 1061/954/1258 1062/773/1082 1003/715/1024
f 1001/920/1224 1060/952/1256 1061/954/1258 1002/922/1226
f 1000/918/1222 1059/950/1254 1060/952/1256 1001/920/1224
f 943/790/1099 1056/947/1251 1059/950/1254 1000/918/1222
f 1238/989/1293 1236/990/1294 1105/991/1295 1168/880/1185
f 973/765/1074 1125/992/1296 1112/979/1283 1080/766/1075
f 1053/743/1052 1198/960/1264 1135/963/1267 1130/993/1297
f 1172/982/1286 1076/985/1289 948/994/1298 1165/995/1299
f 1063/740/1049 1053/743/1052 1130/993/1297 1138/996/1300
f 3835/997/1301 3873/980/1284 1015/902/1207 1095/940/1244
f 963/798/1107 1057/700/1009 1055/703/1012 942/799/1108
f 929/702/1011 1066/763/1072 1074/768/1077 1021/741/1050
f 1193/966/1270 1190/968/1272 1034/908/1213 939/932/1236
f 982/953/1257 1072/930/1234 1073/815/1124 983/796/1105
f 981/951/1255 1071/928/1232 1072/930/1234 982/953/1257
f 980/949/1253 1070/926/1230 1071/928/1232 981/951/1255
f 936/948/1252 1067/924/1228 1070/926/1230 980/949/1253
f 1146/883/1188 1160/998/1302 1036/833/1142 971/999/1303
f 1035/804/1113 968/745/1054 1117/843/1150 1116/832/1141
f 1053/743/1052 921/742/1051 1183/788/1097 1198/960/1264
f 3834/1000/1304 3835/997/1301 1095/940/1244 996/939/1243
f 1021/741/1050 1074/768/1077 1064/771/1080 921/742/1051
f 977/974/1278 1121/1001/1305 1125/992/1296 973/765/1074
f 960/701/1010 1068/760/1069 1066/763/1072 929/702/1011
f 935/762/1071 1077/751/1060 1085/720/1029 1025/769/1078
f 1182/956/1260 1200/981/1285 954/895/1200 955/894/1199
f 990/929/1233 1083/946/1250 1084/829/1138 991/827/1136
f 989/927/1231 1082/945/1249 1083/946/1250 990/929/1233
f 988/925/1229 1081/944/1248 1082/945/1249 989/927/1231
f 940/779/1088 1078/778/1087 1081/944/1248 988/925/1229
f 1151/808/1117 1156/794/1103 1058/793/1102 975/809/1118
f 1064/771/1080 933/770/1079 1187/775/1084 1201/787/1096
f 962/761/1070 1079/748/1057 1077/751/1060 935/762/1071
f 1145/1002/1306 1160/998/1302 927/872/1177 926/1003/1307
f 1025/769/1078 1085/720/1029 1075/723/1032 933/770/1079
f 6834/1004/1308 3834/1000/1304 996/939/1243 1040/917/1221
f 952/821/1130 1088/747/1056 1096/724/1033 1029/825/1134
f 1206/789/1098 1179/972/1276 1056/947/1251 943/790/1099
f 1014/900/1205 1094/938/1242 1095/940/1244 1015/902/1207
f 1013/898/1203 1093/936/1240 1094/938/1242 1014/900/1205
f 1012/896/1201 1092/934/1238 1093/936/1240 1013/898/1203
f 954/895/1200 1089/931/1235 1092/934/1238 1012/896/1201
f 1153/862/1167 978/848/1155 977/974/1278 1152/973/1277
f 1068/760/1069 960/701/1010 1126/845/1152 1113/837/1146
f 950/816/1125 1087/727/1036 1205/976/1280 1192/817/1126
f 966/820/1129 1090/744/1053 1088/747/1056 952/821/1130
f 1162/1005/1309 1140/1006/1310 949/870/1175 1164/869/1174
f 1029/825/1134 1096/724/1033 1087/727/1036 950/816/1125
f 1142/1007/1014 6834/1004/1308 1040/917/1221 1007/916/1015
f 1100/1008/1311 914/1009/948 917/1010/952 1103/1011/1312
f 1236/990/1294 1221/1012/913 659/1013/731 1105/991/1295
f 1108/1014/1313 919/1015/951 912/1016/950 1101/1017/1314
f 925/738/1047 578/1018/891 573/1019/890 1139/739/1048
f 1105/991/1295 659/1013/731 915/1020/730 1097/1021/1315
f 1103/1011/1312 917/1010/952 918/1022/905 1104/1023/1316
f 1107/1024/1317 913/1025/684 910/1026/683 1099/1027/1318
f 1099/1027/1318 910/1026/683 919/1015/951 1108/1014/1313
f 1102/858/1163 916/857/921 913/1025/684 1107/1024/1317
f 1101/1017/1314 912/1016/950 580/1028/949 1109/1029/1319
f 1104/1023/1316 918/1022/905 920/1030/907 1110/734/1043
f 1110/734/1043 920/1030/907 911/1031/920 1098/735/1044
f 1097/1021/1315 915/1020/730 579/856/924 1106/855/1162
f 1109/1029/1319 580/1028/949 914/1009/948 1100/1008/1311
f 1112/979/1283 1124/836/1145 974/757/1066 1080/766/1075
f 1113/837/1146 1126/845/1152 972/792/1101 1069/758/1067
f 1114/846/1153 1123/844/1151 975/809/1118 1058/793/1102
f 1115/835/1144 1118/834/1143 970/731/1040 1046/730/1039
f 1116/832/1141 1117/843/1150 971/999/1303 1036/833/1142
f 1227/839/1148 1228/853/1160 964/1032/1114 1122/840/1140
f 1126/845/1152 960/701/1010 1057/700/1009 1114/846/1153
f 1117/843/1150 1111/842/1149 1091/849/1156 971/999/1303
f 1125/992/1296 961/749/1058 1079/748/1057 1112/979/1283
f 1118/834/1143 1119/850/1157 979/823/1132 970/731/1040
f 1124/836/1145 962/761/1070 1068/760/1069 1113/837/1146
f 1123/844/1151 963/798/1107 1045/797/1106 1115/835/1144
f 1122/831/1140 964/805/1114 1035/804/1113 1116/832/1141
f 1121/1001/1305 965/818/1127 961/749/1058 1125/992/1296
f 1120/847/1154 966/820/1129 965/818/1127 1121/1001/1305
f 978/848/1155 1120/847/1154 1121/1001/1305 977/974/1278
f 1137/987/1291 1132/1033/1320 1131/1034/1321 1129/1035/1322
f 1129/1035/1322 1131/1034/1321 1133/962/1266 1134/978/1282
f 1128/1036/1323 1129/1035/1322 1134/978/1282 1127/1037/1324
f 1136/988/1292 1137/987/1291 1129/1035/1322 1128/1036/1323
f 1131/1034/1321 1130/993/1297 1135/963/1267 1133/962/1266
f 1132/1033/1320 1138/996/1300 1130/993/1297 1131/1034/1321
f 922/718/1027 1023/717/1026 1136/988/1292 1128/1036/1323
f 1052/971/1275 1026/970/1274 1132/1033/1320 1137/987/1291
f 1026/970/1274 1063/740/1049 1138/996/1300 1132/1033/1320
f 1051/977/1281 1177/986/1290 1127/1037/1324 1134/978/1282
f 1173/867/1172 1086/866/1171 945/984/1288 1167/983/1287
f 1162/1005/1309 1165/995/1299 948/994/1298 1140/1006/1310
f 1169/877/1182 1042/879/1184 1054/865/1170 1170/864/1169
f 1098/735/1044 911/1031/920 578/1018/891 925/738/1047
f 1148/791/1100 1157/759/1068 1069/758/1067 972/792/1101
f 1140/1006/1310 948/994/1298 1157/759/1068 1148/791/1100
f 1042/879/1184 1153/862/1167 1152/973/1277 1054/865/1170
f 976/830/1139 1036/833/1142 1160/998/1302 1145/1002/1306
f 1065/871/1176 949/870/1175 1156/794/1103 1151/808/1117
f 928/873/1178 927/872/1177 1160/998/1302 1146/883/1188
f 1054/865/1170 1152/973/1277 1149/764/1073 1086/866/1171
f 971/999/1303 1091/849/1156 1159/863/1168 1146/883/1188
f 1229/838/1147 1237/874/1179 1154/822/1131 979/823/1132
f 1042/879/1184 941/878/1183 1159/863/1168 1153/862/1167
f 1032/876/1181 934/882/1187 1147/728/1037 1154/822/1131
f 1076/985/1289 945/984/1288 1158/767/1076 1150/756/1065
f 1065/871/1176 1151/808/1117 1155/729/1038 957/884/1189
f 1140/1006/1310 1148/791/1100 1156/794/1103 949/870/1175
f 1086/866/1171 1149/764/1073 1158/767/1076 945/984/1288
f 1076/985/1289 1150/756/1065 1157/759/1068 948/994/1298
f 934/882/1187 957/884/1189 1155/729/1038 1147/728/1037
f 1104/1023/1316 1169/877/1182 1170/864/1169 1103/1011/1312
f 1099/1027/1318 1108/1014/1313 1165/995/1299 1162/1005/1309
f 1100/1008/1311 1173/867/1172 1167/983/1287 1109/1029/1319
f 1099/1027/1318 1162/1005/1309 1164/869/1174 1107/1024/1317
f 1101/1017/1314 1172/982/1286 1165/995/1299 1108/1014/1313
f 1235/875/1180 1238/989/1293 1168/880/1185 1032/876/1181
f 1101/1017/1314 1109/1029/1319 1167/983/1287 1172/982/1286
f 1097/1021/1315 1106/855/1162 1166/885/1190 1174/881/1186
f 1102/858/1163 1171/868/1173 1166/885/1190 1106/855/1162
f 1105/991/1295 1097/1021/1315 1174/881/1186 1168/880/1185
f 1104/1023/1316 1110/734/1043 1163/733/1042 1169/877/1182
f 1098/735/1044 925/738/1047 1161/737/1046 1175/732/1041
f 1102/858/1163 1107/1024/1317 1164/869/1174 1171/868/1173
f 1103/1011/1312 1170/864/1169 1173/867/1172 1100/1008/1311
f 926/1003/1307 927/872/1177 1161/737/1046 1176/736/1045
f 928/873/1178 941/878/1183 1163/733/1042 1175/732/1041
f 951/784/1093 923/722/1031 1022/721/1030
f 924/726/1035 1041/810/1119 1031/813/1122
f 1177/986/1290 1051/977/1281 1204/781/1090 1197/780/1089
f 1240/964/1268 1202/959/1263 959/887/1192 1226/886/1191
f 1051/977/1281 1020/961/1265 1206/789/1098 1204/781/1090
f 1185/786/1095 1191/785/1094 1182/956/1260 1184/955/1259
f 1183/788/1097 1201/787/1096 1186/958/1262 1188/957/1261
f 1194/802/1111 1177/986/1290 1197/780/1089 1202/959/1263
f 1201/787/1096 1187/775/1084 1178/776/1085 1186/958/1262
f 1205/976/1280 1181/967/1271 1193/966/1270 1195/965/1269
f 1196/852/1159 1189/851/1158 1199/969/1273 1190/968/1272
f 1203/774/1083 1185/786/1095 1184/955/1259 1180/777/1086
f 1198/960/1264 1183/788/1097 1188/957/1261 1179/972/1276
f 1020/961/1265 1198/960/1264 1179/972/1276 1206/789/1098
f 1192/817/1126 1205/976/1280 1195/965/1269 1200/981/1285
f 1181/967/1271 1196/852/1159 1190/968/1272 1193/966/1270
f 1191/785/1094 1192/817/1126 1200/981/1285 1182/956/1260
f 1177/986/1290 922/718/1027 1128/1036/1323 1127/1037/1324
f 1187/775/1084 1203/774/1083 1180/777/1086 1178/776/1085
f 1199/1038/1273 1240/964/1268 1226/886/1191 947/1039/1214
f 926/1040/1307 1176/1041/1045 1238/989/1293 1235/875/1180
f 976/841/1139 1145/1042/1306 1237/874/1179 1229/838/1147
f 1119/850/1157 969/752/1061 1228/853/1160 1227/839/1148
f 1139/1043/1048 573/1044/890 1221/1012/913 1236/990/1294
f 1176/1041/1045 1139/1043/1048 1236/990/1294 1238/989/1293
f 946/1045/1115 1225/854/1161 1234/859/1164 1027/1046/1120
f 1189/1047/1158 1239/803/1112 1240/964/1268 1199/1038/1273
f 1006/1048/1219 1232/893/1198 1233/707/1016 1007/706/1015
f 1005/1049/1217 1231/891/1196 1232/893/1198 1006/1048/1219
f 1004/1050/1215 1230/889/1194 1231/891/1196 1005/1049/1217
f 947/1039/1214 1226/886/1191 1230/889/1194 1004/1050/1215
f 1145/1042/1306 926/1040/1307 1235/875/1180 1237/874/1179
f 1027/1046/1120 1234/859/1164 1224/801/1110 944/1051/1121
f 964/1032/1114 1228/853/1160 1225/854/1161 946/1045/1115
f 979/823/1132 1119/850/1157 1227/839/1148 1229/838/1147
f 944/1051/1121 1224/801/1110 1239/803/1112 1189/1047/1158
f 3833/709/1018 6844/704/1013 1233/707/1016 1019/710/1019
f 752/1052/942 1219/626/935 1223/584/903 876/1053/771
f 622/1054/772 1208/585/904 1220/599/912 868/1055/889
f 625/469/790 1213/468/789 1219/626/935 752/1052/942
f 663/582/901 734/533/854 1217/524/845 1210/454/775
f 664/576/895 725/583/902 1216/453/774 1211/513/834
f 868/1055/889 1220/599/912 1221/600/913 573/1056/890
f 660/580/899 683/573/894 1215/540/861 1207/464/785
f 665/572/893 675/579/898 1214/467/788 1212/541/862
f 876/1053/771 1223/584/903 1208/585/904 622/1054/772
f 683/573/894 665/572/893 1212/541/862 1215/540/861
f 743/532/853 1218/463/784 1217/524/845 734/533/854
f 662/577/896 664/576/895 1211/513/834 1209/458/779
f 675/579/898 658/578/897 1213/468/789 1214/467/788
f 743/532/853 660/580/899 1207/464/785 1218/463/784
f 570/581/900 662/577/896 1209/458/779 1222/457/778
f 725/583/902 663/582/901 1210/454/775 1216/453/774
f 1658/1057/1325 1666/1058/1326 1266/1059/1327 1365/1060/1328
f 1524/1061/1329 1320/1062/1330 1281/1063/1331 1517/1064/1332
f 1528/1065/1333 1408/1066/1334 1279/1067/1335 1521/1068/1336
f 1654/1069/1337 1653/1070/1338 1261/1071/1339 1308/1072/1340
f 1663/1073/1341 1651/1074/1342 1246/1075/1343 1571/1076/1344
f 1661/1077/1345 1665/1078/1346 1243/1079/1347 1430/1080/1348
f 1700/1081/1349 1560/1082/1350 1248/1083/1351 1692/1084/1352
f 1582/1085/1353 1573/1086/1354 1264/1087/1355 1368/1088/1356
f 1763/1089/1357 1751/1090/1358 1250/1091/1359 1572/1092/1360
f 1727/1093/1361 1855/1094/1362 1833/1095/1363 1705/1096/1364
f 1758/1097/1365 1766/1098/1366 1265/1099/1367 1367/1100/1368
f 1806/1101/1369 1832/1102/1370 1822/1103/1371 1794/1104/1372
f 1828/1105/1373 1826/1106/1374 1263/1107/1375 1818/1108/1376
f 1761/1109/1377 1765/1110/1378 1251/1111/1379 1432/1112/1380
f 1694/1113/1381 1693/1114/1382 1259/1115/1383 1366/1116/1384
f 1944/1117/1385 1609/1118/1386 1260/1119/1387 1611/1120/1388
f 1735/1121/1389 1317/1122/1390 1244/1123/1391 1732/1124/1392
f 1737/1125/1393 1401/1126/1394 1250/1127/1359 1728/1128/1395
f 1446/1129/1396 1404/1130/1397 1252/1131/1398 1420/1132/1399
f 1800/1133/1400 1405/1134/1401 1245/1135/1402 1788/1136/1403
f 1614/1137/1404 1403/1138/1405 1242/1139/1406 1608/1140/1407
f 1408/1066/1334 1406/1141/1408 1270/1142/1409 1279/1067/1335
f 1268/1143/1410 1281/1063/1331 1989/1144/1411 1990/1145/1412
f 1436/1146/1413 1288/1147/1414 1269/1148/1415 1433/1149/1416
f 1577/1150/1417 1284/1151/1418 1267/1152/1419 1574/1153/1420
f 1286/1154/1421 1321/1155/1422 1999/1156/1423 1991/1157/1424
f 1372/1158/1425 1289/1159/1426 1271/1160/1427 1369/1161/1428
f 1909/1162/1429 1375/1163/1430 1370/1164/1431 1904/1165/1432
f 1375/1163/1430 1304/1166/1433 1274/1167/1434 1370/1164/1431
f 1316/1168/1435 1307/1169/1436 1277/1170/1437 1310/1171/1438
f 1580/1172/1439 1305/1173/1440 1275/1174/1441 1575/1175/1442
f 1626/1176/1443 1491/1177/1444 1463/1178/1445 1630/1179/1446
f 1924/1180/1447 1535/1181/1448 1487/1182/1449 1921/1183/1450
f 1433/1149/1416 1269/1148/1415 1282/1184/1451 1435/1185/1452
f 1574/1153/1420 1267/1152/1419 1278/1186/1453 1576/1187/1454
f 1312/1188/1455 1278/1186/1453 1987/1189/1456 1997/1190/1457
f 1369/1161/1428 1271/1160/1427 1283/1191/1458 1371/1192/1459
f 1267/1152/1419 1284/1151/1418 1988/1193/1460 1986/1194/1461
f 1406/1141/1408 1409/1195/1462 1285/1196/1463 1270/1142/1409
f 1535/1181/1448 1537/1197/1464 1455/1198/1465 1487/1182/1449
f 1544/1199/1466 1277/1170/1437 1319/1200/1467 1533/1201/1468
f 1540/1202/1469 1541/1203/1470 1471/1204/1471 1460/1205/1472
f 1928/1206/1473 1624/1207/1474 1372/1158/1425 1906/1208/1475
f 1677/1209/1476 1679/1210/1477 1294/1211/1478 1437/1212/1479
f 1682/1213/1480 1667/1214/1481 1290/1215/1482 1578/1216/1483
f 1670/1217/1484 1669/1218/1485 1292/1219/1486 1314/1220/1487
f 1556/1221/1488 1410/1222/1489 1291/1223/1490 1549/1224/1491
f 1552/1225/1492 1322/1226/1493 1293/1227/1494 1545/1228/1495
f 1674/1229/1496 1680/1230/1497 1295/1231/1498 1373/1232/1499
f 1339/1233/1500 1323/1234/1501 1299/1235/1502 1335/1236/1503
f 1414/1237/1504 1411/1238/1505 1297/1239/1506 1333/1240/1507
f 1445/1241/1508 1399/1242/1509 1300/1243/1510 1438/1244/1511
f 1586/1245/1512 1390/1246/1513 1296/1247/1514 1579/1248/1515
f 1393/1249/1516 1392/1250/1517 1298/1251/1518 1315/1252/1519
f 1397/1253/1520 1400/1254/1521 1301/1255/1522 1374/1256/1523
f 1616/1257/1524 1605/1258/1525 1303/1259/1526 1439/1260/1527
f 1618/1261/1528 1607/1262/1529 1305/1173/1440 1580/1172/1439
f 1610/1263/1530 1609/1118/1386 1307/1169/1436 1316/1168/1435
f 1613/1264/1531 1606/1265/1532 1304/1166/1433 1375/1163/1430
f 1439/1260/1527 1303/1259/1526 1273/1266/1533 1434/1267/1534
f 1407/1268/1535 1412/1269/1536 1306/1270/1537 1276/1271/1538
f 2066/1272/1539 2049/1273/1540 1407/1268/1535 1538/1274/1541
f 1634/1275/1542 1627/1276/1543 1284/1151/1418 1577/1150/1417
f 2129/1277/1544 1622/1278/1545 1436/1146/1413 2088/1279/1546
f 2070/1280/1547 2063/1281/1548 1491/1177/1444 1626/1176/1443
f 1633/1282/1549 1621/1283/1550 1354/1284/1551 1565/1285/1552
f 1542/1286/1553 1543/1287/1554 1495/1288/1555 1464/1289/1556
f 1630/1179/1446 1631/1290/1557 1425/1291/1558 1285/1196/1463
f 1607/1262/1529 1610/1263/1530 1316/1168/1435 1305/1173/1440
f 1390/1246/1513 1393/1249/1516 1315/1252/1519 1296/1247/1514
f 1667/1214/1481 1670/1217/1484 1314/1220/1487 1290/1215/1482
f 1601/1292/1559 1540/1202/1469 1460/1205/1472 1595/1293/1560
f 1313/1294/1561 1286/1154/1421 1991/1157/1424 2000/1295/1562
f 1319/1200/1467 1324/1296/1563 1302/1297/1564 1272/1298/1565
f 1281/1063/1331 1320/1062/1330 1996/1299/1566 1989/1144/1411
f 1753/1300/1567 1256/1301/1568 1723/1302/1569 1768/1303/1570
f 1651/1074/1342 1654/1069/1337 1308/1072/1340 1246/1075/1343
f 1628/1304/1571 1632/1305/1572 1286/1154/1421 1313/1294/1561
f 1305/1173/1440 1316/1168/1435 1310/1171/1438 1275/1174/1441
f 1334/1306/1573 1298/1251/1518 1323/1234/1501 1339/1233/1500
f 1550/1307/1574 1292/1219/1486 1322/1226/1493 1552/1225/1492
f 1320/1062/1330 1280/1308/1575 1995/1309/1576 1996/1299/1566
f 1541/1203/1470 1544/1199/1466 1467/1310/1577 1471/1204/1471
f 1278/1186/1453 1267/1152/1419 1986/1194/1461 1987/1189/1456
f 1733/1311/1578 1261/1312/1339 1317/1122/1390 1735/1121/1389
f 1522/1313/1579 1280/1308/1575 1320/1062/1330 1524/1061/1329
f 1777/1314/1580 1329/1315/1581 1331/1316/1582 1779/1317/1583
f 1731/1318/1584 1734/1319/1585 1330/1320/1586 1325/1321/1587
f 1780/1322/1588 1413/1323/1589 1326/1324/1590 1773/1325/1591
f 1779/1317/1583 1331/1316/1582 1327/1326/1592 1776/1327/1593
f 1734/1319/1585 1733/1311/1578 1329/1315/1581 1330/1320/1586
f 1808/1328/1594 1731/1318/1584 1325/1321/1587 1796/1329/1595
f 1637/1330/1596 1334/1306/1573 1339/1233/1500 1639/1331/1597
f 1296/1247/1514 1315/1252/1519 1338/1332/1598 1332/1333/1599
f 1646/1334/1600 1414/1237/1504 1333/1240/1507 1636/1335/1601
f 1639/1331/1597 1339/1233/1500 1335/1236/1503 1640/1336/1602
f 1438/1244/1511 1300/1243/1510 1336/1337/1603 1440/1338/1604
f 1579/1248/1515 1296/1247/1514 1332/1333/1599 1581/1339/1605
f 1315/1252/1519 1298/1251/1518 1334/1306/1573 1338/1332/1598
f 1374/1256/1523 1301/1255/1522 1337/1340/1606 1377/1341/1607
f 2106/1342/1608 1358/1343/1609 1362/1344/1610 2108/1345/1611
f 1567/1346/1612 1357/1347/1613 1361/1348/1614 1569/1349/1615
f 2128/1350/1616 1629/1351/1617 1353/1352/1618 2104/1353/1619
f 1619/1354/1620 1475/1355/1621 1447/1356/1622 1620/1357/1623
f 2127/1358/1624 1612/1359/1625 1360/1360/1626 2107/1361/1627
f 2110/1362/1628 1395/1363/1629 1358/1343/1609 2106/1342/1608
f 1585/1364/1630 1396/1365/1631 1357/1347/1613 1567/1346/1612
f 2135/1366/1632 1672/1367/1633 1356/1368/1634 2105/1369/1635
f 1681/1370/1636 1673/1371/1637 1355/1372/1638 1566/1373/1639
f 1533/1201/1468 1319/1200/1467 1272/1298/1565 1531/1374/1640
f 2101/1375/1641 1348/1376/1642 1352/1377/1643 2103/1378/1644
f 1562/1379/1645 1347/1380/1646 1351/1381/1647 1564/1382/1648
f 1277/1170/1437 1307/1169/1436 1324/1296/1563 1319/1200/1467
f 1568/1383/1649 1359/1384/1650 1350/1385/1651 1563/1386/1652
f 2104/1353/1619 1353/1352/1618 1348/1376/1642 2101/1375/1641
f 1565/1285/1552 1354/1284/1551 1347/1380/1646 1562/1379/1645
f 1587/1387/1653 1415/1388/1654 1345/1389/1655 1572/1390/1360
f 1771/1391/1656 1729/1392/1657 1328/1393/1658 1767/1394/1659
f 2093/1395/1660 2100/1396/1661 1346/1397/1662 1378/1398/1663
f 1662/1399/1664 1656/1400/1665 1341/1401/1666 1559/1402/1667
f 2133/1403/1668 1657/1404/1669 1342/1405/1670 2098/1406/1671
f 1762/1407/1672 1756/1408/1673 1344/1409/1674 1561/1410/1675
f 2145/1411/1676 1222/1412/778 576/1413/781 2013/1414/1677
f 2004/1415/1678 1363/1416/703 575/1417/767 2012/1418/1679
f 2009/1419/1680 571/1420/700 1363/1416/703 2004/1415/1678
f 2014/1421/1681 577/1422/696 574/1423/699 2011/1424/1682
f 2008/1425/1683 572/1426/692 626/1427/695 2018/1428/1684
f 2144/1429/1685 2093/1395/1660 1378/1398/1663 1912/1430/1686
f 1908/1431/1687 1374/1256/1523 1377/1341/1607 1911/1432/1688
f 1936/1433/1689 1736/1434/1690 1376/1435/1691 1910/1436/1692
f 1622/1278/1545 1623/1437/1693 1288/1147/1414 1436/1146/1413
f 1927/1438/1694 1613/1264/1531 1375/1163/1430 1909/1162/1429
f 1916/1439/1695 1397/1253/1520 1374/1256/1523 1908/1431/1687
f 1931/1440/1696 1674/1229/1496 1373/1232/1499 1907/1441/1697
f 1536/1442/1698 1534/1443/1699 1452/1444/1700 1499/1445/1701
f 1903/1446/1702 1369/1161/1428 1371/1192/1459 1905/1447/1703
f 2136/1448/1704 1343/1449/1705 2019/1450/1706 2146/1451/1707
f 1906/1208/1475 1372/1158/1425 1369/1161/1428 1903/1446/1702
f 1933/1452/1708 1694/1113/1381 1366/1116/1384 1901/1453/1709
f 2141/1454/1710 1757/1455/1711 1345/1456/1655 2099/1457/1712
f 1926/1458/1713 1582/1085/1353 1368/1088/1356 1914/1459/1714
f 1930/1460/1715 1658/1057/1325 1365/1060/1328 1900/1461/1716
f 1925/1462/1717 1555/1463/1718 1389/1464/1719 1915/1465/1720
f 1603/1466/1721 1554/1467/1722 1388/1468/1723 1583/1469/1724
f 2126/1470/1725 1553/1471/1726 1387/1472/1727 2109/1473/1728
f 1392/1250/1517 1384/1474/1729 1386/1475/1730 1394/1476/1731
f 1548/1477/1732 1551/1478/1733 1385/1479/1734 1382/1480/1735
f 1555/1463/1718 1547/1481/1736 1381/1482/1737 1389/1464/1719
f 1551/1478/1733 1550/1307/1574 1384/1474/1729 1385/1479/1734
f 1602/1483/1738 1548/1477/1732 1382/1480/1735 1584/1484/1739
f 1557/1485/1740 1546/1486/1741 1380/1487/1742 1443/1488/1743
f 1394/1476/1731 1386/1475/1730 1379/1489/1744 1398/1490/1745
f 1417/1491/1746 1416/1492/1747 1383/1493/1748 1391/1494/1749
f 1411/1238/1505 1417/1491/1746 1391/1494/1749 1297/1239/1506
f 1323/1234/1501 1394/1476/1731 1398/1490/1745 1299/1235/1502
f 1298/1251/1518 1392/1250/1517 1394/1476/1731 1323/1234/1501
f 1915/1465/1720 1389/1464/1719 1397/1253/1520 1916/1439/1695
f 1583/1469/1724 1388/1468/1723 1396/1365/1631 1585/1364/1630
f 2109/1473/1728 1387/1472/1727 1395/1363/1629 2110/1362/1628
f 1382/1480/1735 1385/1479/1734 1393/1249/1516 1390/1246/1513
f 1389/1464/1719 1381/1482/1737 1400/1254/1521 1397/1253/1520
f 1385/1479/1734 1384/1474/1729 1392/1250/1517 1393/1249/1516
f 1584/1484/1739 1382/1480/1735 1390/1246/1513 1586/1245/1512
f 1443/1488/1743 1380/1487/1742 1399/1242/1509 1445/1241/1508
f 1257/1495/1750 1684/1496/1751 1685/1497/1752 1364/1498/1753
f 2027/1499/1754 1688/1500/1755 1687/1501/1756 1258/1502/1757
f 2025/1503/1758 1691/1504/1759 1683/1505/1760 2026/1506/1761
f 2053/1507/1762 2058/1508/1763 1417/1491/1746 1411/1238/1505
f 2058/1508/1763 2057/1509/1764 1416/1492/1747 1417/1491/1746
f 2081/1510/1765 2080/1511/820 577/1422/696 2014/1421/1681
f 2068/1512/1766 2056/1513/1767 1415/1388/1654 1587/1387/1653
f 2071/1514/1768 2055/1515/1769 1414/1237/1504 1646/1334/1600
f 1627/1276/1543 1628/1304/1571 1313/1294/1561 1284/1151/1418
f 1909/1162/1429 1904/1165/1432 1273/1266/1533 1303/1259/1526
f 2055/1515/1769 2053/1507/1762 1411/1238/1505 1414/1237/1504
f 2067/1516/1770 2052/1517/1771 1410/1222/1489 1556/1221/1488
f 2048/1518/1772 2051/1519/1773 1409/1195/1462 1406/1141/1408
f 1624/1207/1474 1625/1520/1774 1289/1159/1426 1372/1158/1425
f 2050/1521/1775 2048/1518/1772 1406/1141/1408 1408/1066/1334
f 2069/1522/1776 2047/1523/1777 1403/1138/1405 1614/1137/1404
f 2077/1524/1778 2045/1525/1779 1405/1134/1401 1800/1133/1400
f 2059/1526/1780 2044/1527/1781 1404/1130/1397 1446/1129/1396
f 2075/1528/1782 2046/1529/1783 1401/1126/1394 1737/1125/1393
f 2065/1530/1784 2050/1521/1775 1408/1066/1334 1528/1065/1333
f 2150/1531/1785 2059/1526/1780 1446/1129/1396 2096/1532/1786
f 2094/1533/1787 1443/1488/1743 1445/1241/1508 2095/1534/1788
f 1383/1493/1748 1442/1535/1789 1444/1536/1790 1391/1494/1749
f 2125/1537/1791 1557/1485/1740 1443/1488/1743 2094/1533/1787
f 1549/1224/1491 1558/1538/1792 1442/1535/1789 1383/1493/1748
f 1902/1539/1793 1367/1540/1368 1441/1541/1794 1917/1542/1795
f 2011/1424/1682 574/1423/699 570/1543/900 2010/1544/1796
f 1938/1545/1797 1758/1097/1365 1367/1100/1368 1902/1546/1793
f 1652/1547/1798 1660/1548/1799 1419/1549/1800 1245/1550/1402
f 1695/1551/1801 1247/1552/1802 1431/1553/1803 1699/1554/1804
f 1367/1540/1368 1265/1555/1367 1421/1556/1805 1441/1541/1794
f 1285/1196/1463 1425/1291/1558 1422/1557/1806 1270/1142/1409
f 2049/1273/1540 2054/1558/1807 1412/1269/1536 1407/1268/1535
f 1270/1142/1409 1422/1557/1806 1424/1559/1808 1279/1067/1335
f 1538/1274/1541 1407/1268/1535 1276/1271/1538 1542/1286/1553
f 1668/1560/1809 1676/1561/1810 1426/1562/1811 1291/1223/1490
f 1391/1494/1749 1444/1536/1790 1427/1563/1812 1297/1239/1506
f 1608/1140/1407 1615/1564/1813 1428/1565/1814 1306/1270/1537
f 1632/1305/1572 1468/1566/1815 1475/1355/1621 1619/1354/1620
f 1297/1239/1506 1427/1563/1812 1429/1567/1816 1333/1240/1507
f 2090/1568/1817 1438/1244/1511 1440/1338/1604 2092/1569/1818
f 2124/1570/1819 1539/1571/1820 1484/1572/1821 2118/1573/1822
f 2095/1534/1788 1445/1241/1508 1438/1244/1511 2090/1568/1817
f 2134/1574/1823 1677/1209/1476 1437/1212/1479 2089/1575/1824
f 2123/1576/1825 1536/1442/1698 1499/1445/1701 2114/1577/1826
f 2085/1578/1827 1433/1149/1416 1435/1185/1452 2087/1579/1828
f 1306/1270/1537 1428/1565/1814 1423/1580/1829 1276/1271/1538
f 2088/1279/1546 1436/1146/1413 1433/1149/1416 2085/1578/1827
f 2096/1532/1786 1446/1129/1396 1420/1132/1399 2099/1581/1712
f 1764/1582/1830 1760/1583/1831 1420/1584/1399 1252/1585/1398
f 2132/1586/1832 1661/1077/1345 1430/1080/1348 2083/1587/1833
f 1588/1588/1834 1447/1356/1622 1449/1589/1835 1589/1590/1836
f 1589/1590/1836 1449/1589/1835 1450/1591/1837 1590/1592/1838
f 1590/1592/1838 1450/1591/1837 1448/1593/1839 1591/1594/1840
f 1496/1595/1841 1463/1178/1445 1465/1596/1842 1498/1597/1843
f 1498/1597/1843 1465/1596/1842 1466/1598/1844 1497/1599/1845
f 1497/1599/1845 1466/1598/1844 1464/1289/1556 1495/1288/1555
f 1472/1600/1846 1459/1601/1847 1461/1602/1848 1474/1603/1849
f 1474/1603/1849 1461/1602/1848 1462/1604/1850 1473/1605/1851
f 1473/1605/1851 1462/1604/1850 1460/1205/1472 1471/1204/1471
f 1918/1606/1852 1451/1607/1853 1453/1608/1854 1919/1609/1855
f 1919/1609/1855 1453/1608/1854 1454/1610/1856 1920/1611/1857
f 1920/1611/1857 1454/1610/1856 1452/1444/1700 1921/1183/1450
f 1476/1612/1858 1448/1593/1839 1450/1591/1837 1478/1613/1859
f 1478/1613/1859 1450/1591/1837 1449/1589/1835 1477/1614/1860
f 1477/1614/1860 1449/1589/1835 1447/1356/1622 1475/1355/1621
f 1492/1615/1861 1464/1289/1556 1466/1598/1844 1494/1616/1862
f 1494/1616/1862 1466/1598/1844 1465/1596/1842 1493/1617/1863
f 1493/1617/1863 1465/1596/1842 1463/1178/1445 1491/1177/1444
f 1468/1566/1815 1472/1600/1846 1474/1603/1849 1470/1618/1864
f 1470/1618/1864 1474/1603/1849 1473/1605/1851 1469/1619/1865
f 1469/1619/1865 1473/1605/1851 1471/1204/1471 1467/1310/1577
f 1467/1310/1577 1476/1612/1858 1478/1613/1859 1469/1619/1865
f 1469/1619/1865 1478/1613/1859 1477/1614/1860 1470/1618/1864
f 1470/1618/1864 1477/1614/1860 1475/1355/1621 1468/1566/1815
f 2111/1620/1866 1480/1621/1867 1482/1622/1868 2112/1623/1869
f 2112/1623/1869 1482/1622/1868 1481/1624/1870 2113/1625/1871
f 2113/1625/1871 1481/1624/1870 1479/1626/1872 2114/1577/1826
f 1592/1627/1873 1483/1628/1874 1485/1629/1875 1593/1630/1876
f 1593/1630/1876 1485/1629/1875 1486/1631/1877 1594/1632/1878
f 1594/1632/1878 1486/1631/1877 1484/1572/1821 1595/1293/1560
f 1456/1633/1879 1488/1634/1880 1490/1635/1881 1458/1636/1882
f 1458/1636/1882 1490/1635/1881 1489/1637/1883 1457/1638/1884
f 1457/1638/1884 1489/1637/1883 1487/1182/1449 1455/1198/1465
f 2060/1639/1885 1492/1615/1861 1494/1616/1862 2061/1640/1886
f 2061/1640/1886 1494/1616/1862 1493/1617/1863 2062/1641/1887
f 2062/1641/1887 1493/1617/1863 1491/1177/1444 2063/1281/1548
f 2115/1642/1888 1496/1595/1841 1498/1597/1843 2116/1643/1889
f 2116/1643/1889 1498/1597/1843 1497/1599/1845 2117/1644/1890
f 2117/1644/1890 1497/1599/1845 1495/1288/1555 2118/1573/1822
f 1451/1607/1853 1500/1645/1891 1502/1646/1892 1453/1608/1854
f 1453/1608/1854 1502/1646/1892 1501/1647/1893 1454/1610/1856
f 1454/1610/1856 1501/1647/1893 1499/1445/1701 1452/1444/1700
f 1600/1648/1894 1532/1649/1895 1479/1626/1872 1591/1650/1840
f 2122/1651/1896 1530/1652/1897 1516/1653/1898 2119/1654/1899
f 1521/1068/1336 1529/1655/1900 1515/1656/1901 1507/1657/1902
f 2073/1658/1903 2064/1659/1904 1514/1660/1905 1675/1661/1906
f 1923/1662/1907 1527/1663/1908 1513/1664/1909 1922/1665/1910
f 1599/1666/1911 1526/1667/1912 1512/1668/1913 1596/1669/1914
f 2121/1670/1915 1525/1671/1916 1511/1672/1917 2120/1673/1918
f 1669/1218/1485 1508/1674/1919 1510/1675/1920 1671/1676/1921
f 1520/1677/1922 1523/1678/1923 1509/1679/1924 1506/1680/1925
f 1527/1663/1908 1519/1681/1926 1505/1682/1927 1513/1664/1909
f 1523/1678/1923 1522/1313/1579 1508/1674/1919 1509/1679/1924
f 1598/1683/1928 1520/1677/1922 1506/1680/1925 1597/1684/1929
f 1530/1652/1897 1518/1685/1930 1504/1686/1931 1516/1653/1898
f 1675/1661/1906 1514/1660/1905 1507/1657/1902 1668/1560/1809
f 1671/1676/1921 1510/1675/1920 1503/1687/1932 1678/1688/1933
f 1435/1185/1452 1282/1184/1451 1518/1685/1930 1530/1652/1897
f 1576/1187/1454 1278/1186/1453 1520/1677/1922 1598/1683/1928
f 1312/1188/1455 1280/1308/1575 1522/1313/1579 1523/1678/1923
f 1371/1192/1459 1283/1191/1458 1519/1681/1926 1527/1663/1908
f 1278/1186/1453 1312/1188/1455 1523/1678/1923 1520/1677/1922
f 2103/1378/1644 1352/1377/1643 1525/1671/1916 2121/1670/1915
f 1564/1382/1648 1351/1381/1647 1526/1667/1912 1599/1666/1911
f 1905/1447/1703 1371/1192/1459 1527/1663/1908 1923/1662/1907
f 1279/1067/1335 1424/1559/1808 1529/1655/1900 1521/1068/1336
f 2087/1579/1828 1435/1185/1452 1530/1652/1897 2122/1651/1896
f 2064/1659/1904 2065/1530/1784 1528/1065/1333 1514/1660/1905
f 1508/1674/1919 1522/1313/1579 1524/1061/1329 1510/1675/1920
f 1514/1660/1905 1528/1065/1333 1521/1068/1336 1507/1657/1902
f 1510/1675/1920 1524/1061/1329 1517/1064/1332 1503/1687/1932
f 1563/1386/1652 1350/1385/1651 1532/1649/1895 1600/1648/1894
f 2086/1689/1934 1434/1267/1534 1536/1442/1698 2123/1576/1825
f 2102/1690/1935 1349/1691/1936 1539/1571/1820 2124/1570/1819
f 1492/1615/1861 1538/1274/1541 1542/1286/1553 1464/1289/1556
f 1434/1267/1534 1273/1266/1533 1534/1443/1699 1536/1442/1698
f 1476/1612/1858 1533/1201/1468 1531/1374/1640 1448/1593/1839
f 1310/1171/1438 1277/1170/1437 1544/1199/1466 1541/1203/1470
f 1575/1175/1442 1275/1174/1441 1540/1202/1469 1601/1292/1559
f 1276/1271/1538 1423/1580/1829 1543/1287/1554 1542/1286/1553
f 2060/1639/1885 2066/1272/1539 1538/1274/1541 1492/1615/1861
f 1275/1174/1441 1310/1171/1438 1541/1203/1470 1540/1202/1469
f 1467/1310/1577 1544/1199/1466 1533/1201/1468 1476/1612/1858
f 1370/1164/1431 1274/1167/1434 1537/1197/1464 1535/1181/1448
f 1904/1165/1432 1370/1164/1431 1535/1181/1448 1924/1180/1447
f 1291/1223/1490 1426/1562/1811 1558/1538/1792 1549/1224/1491
f 2089/1575/1824 1437/1212/1479 1557/1485/1740 2125/1537/1791
f 2057/1509/1764 2067/1516/1770 1556/1221/1488 1416/1492/1747
f 1437/1212/1479 1294/1211/1478 1546/1486/1741 1557/1485/1740
f 1578/1216/1483 1290/1215/1482 1548/1477/1732 1602/1483/1738
f 1314/1220/1487 1292/1219/1486 1550/1307/1574 1551/1478/1733
f 1373/1232/1499 1295/1231/1498 1547/1481/1736 1555/1463/1718
f 1290/1215/1482 1314/1220/1487 1551/1478/1733 1548/1477/1732
f 2105/1369/1635 1356/1368/1634 1553/1471/1726 2126/1470/1725
f 1566/1373/1639 1355/1372/1638 1554/1467/1722 1603/1466/1721
f 1907/1441/1697 1373/1232/1499 1555/1463/1718 1925/1462/1717
f 1384/1474/1729 1550/1307/1574 1552/1225/1492 1386/1475/1730
f 1386/1475/1730 1552/1225/1492 1545/1228/1495 1379/1489/1744
f 1416/1492/1747 1556/1221/1488 1549/1224/1491 1383/1493/1748
f 1293/1227/1494 1566/1692/1639 1603/1693/1721 1545/1228/1495
f 1356/1368/1634 1578/1216/1483 1602/1483/1738 1553/1471/1726
f 1349/1691/1936 1575/1175/1442 1601/1292/1559 1539/1571/1820
f 1272/1298/1565 1563/1694/1652 1600/1695/1894 1531/1374/1640
f 1281/1063/1331 1564/1696/1648 1599/1697/1911 1517/1064/1332
f 1352/1377/1643 1576/1187/1454 1598/1683/1928 1525/1671/1916
f 1525/1671/1916 1598/1683/1928 1597/1684/1929 1511/1672/1917
f 1517/1064/1332 1599/1697/1911 1596/1698/1914 1503/1687/1932
f 1531/1374/1640 1600/1695/1894 1591/1594/1840 1448/1593/1839
f 1462/1604/1850 1594/1632/1878 1595/1293/1560 1460/1205/1472
f 1461/1602/1848 1593/1630/1876 1594/1632/1878 1462/1604/1850
f 1459/1601/1847 1592/1627/1873 1593/1630/1876 1461/1602/1848
f 1481/1624/1870 1590/1699/1838 1591/1650/1840 1479/1626/1872
f 1482/1622/1868 1589/1700/1836 1590/1699/1838 1481/1624/1870
f 1480/1621/1867 1588/1701/1834 1589/1700/1836 1482/1622/1868
f 2046/1529/1783 2068/1512/1766 1587/1387/1653 1401/1126/1394
f 2147/1702/1937 1690/1703/1938 1699/1554/1804 2137/1704/1939
f 1387/1472/1727 1584/1484/1739 1586/1245/1512 1395/1363/1629
f 1379/1489/1744 1583/1705/1724 1585/1706/1630 1398/1490/1745
f 1553/1471/1726 1602/1483/1738 1584/1484/1739 1387/1472/1727
f 1545/1228/1495 1603/1693/1721 1583/1705/1724 1379/1489/1744
f 1912/1430/1686 1378/1398/1663 1582/1085/1353 1926/1458/1713
f 2013/1414/1677 576/1413/781 571/1420/700 2009/1419/1680
f 1664/1707/1940 1662/1708/1664 1559/1709/1667 1244/1710/1391
f 2140/1711/1941 1761/1109/1377 1432/1112/1380 2084/1712/1942
f 1401/1126/1394 1587/1387/1653 1572/1390/1360 1250/1127/1359
f 1287/1713/1943 1565/1714/1552 1562/1715/1645 1268/1143/1410
f 2091/1716/1944 1439/1260/1527 1434/1267/1534 2086/1689/1934
f 1268/1143/1410 1562/1715/1645 1564/1696/1648 1281/1063/1331
f 1678/1688/1933 1681/1717/1636 1566/1692/1639 1293/1227/1494
f 1398/1490/1745 1585/1706/1630 1567/1718/1612 1299/1235/1502
f 1604/1719/1945 1617/1720/1946 1568/1721/1649 1302/1297/1564
f 1299/1235/1502 1567/1718/1612 1569/1722/1615 1335/1236/1503
f 1358/1343/1609 1579/1248/1515 1581/1339/1605 1362/1344/1610
f 1539/1571/1820 1601/1292/1559 1595/1293/1560 1484/1572/1821
f 1620/1357/1623 1633/1723/1549 1565/1714/1552 1287/1713/1943
f 1629/1351/1617 1634/1275/1542 1577/1150/1417 1353/1352/1618
f 1612/1359/1625 1618/1261/1528 1580/1172/1439 1360/1360/1626
f 1395/1363/1629 1586/1245/1512 1579/1248/1515 1358/1343/1609
f 1672/1367/1633 1682/1213/1480 1578/1216/1483 1356/1368/1634
f 1348/1376/1642 1574/1153/1420 1576/1187/1454 1352/1377/1643
f 1302/1297/1564 1568/1721/1649 1563/1694/1652 1272/1298/1565
f 1353/1352/1618 1577/1150/1417 1574/1153/1420 1348/1376/1642
f 1378/1398/1663 1346/1397/1662 1573/1086/1354 1582/1085/1353
f 2146/1451/1707 2019/1450/1706 1698/1724/1947 2137/1704/1939
f 1657/1404/1669 1663/1073/1341 1571/1076/1344 1342/1405/1670
f 1752/1725/1948 1762/1407/1672 1561/1410/1675 1249/1726/1949
f 1340/1727/1950 1570/1728/1951 1618/1261/1528 1612/1359/1625
f 1248/1083/1351 1560/1082/1350 1617/1720/1946 1604/1719/1945
f 1242/1139/1406 1418/1729/1952 1615/1564/1813 1608/1140/1407
f 2054/1558/1807 2069/1522/1776 1614/1137/1404 1412/1269/1536
f 1901/1453/1709 1366/1116/1384 1613/1264/1531 1927/1438/1694
f 2097/1730/1953 1340/1727/1950 1612/1359/1625 2127/1358/1624
f 1307/1169/1436 1609/1118/1386 1944/1117/1385 1324/1296/1563
f 1241/1731/1954 1311/1732/1955 1610/1263/1530 1607/1262/1529
f 1366/1116/1384 1259/1115/1383 1606/1265/1532 1613/1264/1531
f 1311/1732/1955 1260/1119/1387 1609/1118/1386 1610/1263/1530
f 1570/1728/1951 1241/1731/1954 1607/1262/1529 1618/1261/1528
f 1431/1553/1803 1247/1552/1802 1605/1258/1525 1616/1257/1524
f 1412/1269/1536 1614/1137/1404 1608/1140/1407 1306/1270/1537
f 1324/1296/1563 1944/1117/1385 1604/1719/1945 1302/1297/1564
f 2136/1448/1704 1616/1257/1524 1439/1260/1527 2091/1716/1944
f 1343/1449/1705 1359/1384/1650 1568/1383/1649 1617/1733/1946
f 1483/1628/1874 1592/1627/1873 1634/1275/1542 1629/1351/1617
f 1447/1356/1622 1588/1588/1834 1633/1723/1549 1620/1357/1623
f 1286/1154/1421 1632/1305/1572 1619/1354/1620 1321/1155/1422
f 1488/1634/1880 1456/1633/1879 1625/1520/1774 1624/1207/1474
f 1459/1601/1847 1472/1600/1846 1628/1304/1571 1627/1276/1543
f 1500/1645/1891 1451/1607/1853 1623/1437/1693 1622/1278/1545
f 1321/1155/1422 1619/1354/1620 1620/1357/1623 1287/1713/1943
f 2115/1642/1888 1483/1628/1874 1629/1351/1617 2128/1350/1616
f 1472/1600/1846 1468/1566/1815 1632/1305/1572 1628/1304/1571
f 1463/1178/1445 1496/1595/1841 1631/1290/1557 1630/1179/1446
f 1588/1701/1834 1480/1621/1867 1621/1283/1550 1633/1282/1549
f 2051/1519/1773 2070/1280/1547 1626/1176/1443 1409/1195/1462
f 2111/1620/1866 1500/1645/1891 1622/1278/1545 2129/1277/1544
f 1592/1627/1873 1459/1601/1847 1627/1276/1543 1634/1275/1542
f 1918/1606/1852 1488/1634/1880 1624/1207/1474 1928/1206/1473
f 1409/1195/1462 1626/1176/1443 1630/1179/1446 1285/1196/1463
f 1362/1344/1610 1581/1339/1605 1650/1734/1956 1644/1735/1957
f 1335/1236/1503 1569/1722/1615 1649/1736/1958 1640/1336/1602
f 2092/1569/1818 1440/1338/1604 1648/1737/1959 2130/1738/1960
f 1333/1240/1507 1429/1567/1816 1647/1739/1961 1636/1335/1601
f 2072/1740/1962 2071/1514/1768 1646/1334/1600 1659/1741/1963
f 1911/1432/1688 1377/1341/1607 1645/1742/1964 1929/1743/1965
f 2108/1345/1611 1362/1344/1610 1644/1735/1957 2131/1744/1966
f 1569/1349/1615 1361/1348/1614 1643/1745/1967 1649/1746/1958
f 1655/1747/1968 1639/1331/1597 1640/1336/1602 1664/1707/1940
f 1659/1741/1963 1646/1334/1600 1636/1335/1601 1652/1547/1798
f 1653/1070/1338 1637/1330/1596 1639/1331/1597 1655/1747/1968
f 1332/1333/1599 1338/1332/1598 1638/1748/1969 1635/1749/1970
f 1440/1338/1604 1336/1337/1603 1641/1750/1971 1648/1737/1959
f 1581/1339/1605 1332/1333/1599 1635/1749/1970 1650/1734/1956
f 1338/1332/1598 1334/1306/1573 1637/1330/1596 1638/1748/1969
f 1377/1341/1607 1337/1340/1606 1642/1751/1972 1645/1742/1964
f 1261/1071/1339 1653/1070/1338 1655/1747/1968 1317/1752/1390
f 1405/1753/1401 1659/1741/1963 1652/1547/1798 1245/1550/1402
f 1317/1752/1390 1655/1747/1968 1664/1707/1940 1244/1710/1391
f 2045/1754/1779 2072/1740/1962 1659/1741/1963 1405/1753/1401
f 1644/1735/1957 1650/1734/1956 1663/1073/1341 1657/1404/1669
f 1640/1336/1602 1649/1736/1958 1662/1708/1664 1664/1707/1940
f 2130/1738/1960 1648/1737/1959 1661/1077/1345 2132/1586/1832
f 1636/1335/1601 1647/1739/1961 1660/1548/1799 1652/1547/1798
f 1929/1743/1965 1645/1742/1964 1658/1057/1325 1930/1460/1715
f 2131/1744/1966 1644/1735/1957 1657/1404/1669 2133/1403/1668
f 1649/1746/1958 1643/1745/1967 1656/1400/1665 1662/1399/1664
f 1635/1749/1970 1638/1748/1969 1654/1069/1337 1651/1074/1342
f 1648/1737/1959 1641/1750/1971 1665/1078/1346 1661/1077/1345
f 1650/1734/1956 1635/1749/1970 1651/1074/1342 1663/1073/1341
f 1638/1748/1969 1637/1330/1596 1653/1070/1338 1654/1069/1337
f 1645/1742/1964 1642/1751/1972 1666/1058/1326 1658/1057/1325
f 1511/1672/1917 1597/1684/1929 1682/1213/1480 1672/1367/1633
f 1503/1687/1932 1596/1698/1914 1681/1717/1636 1678/1688/1933
f 1322/1226/1493 1671/1676/1921 1678/1688/1933 1293/1227/1494
f 1410/1222/1489 1675/1661/1906 1668/1560/1809 1291/1223/1490
f 1292/1219/1486 1669/1218/1485 1671/1676/1921 1322/1226/1493
f 2052/1517/1771 2073/1658/1903 1675/1661/1906 1410/1222/1489
f 2119/1654/1899 1516/1653/1898 1677/1209/1476 2134/1574/1823
f 1507/1657/1902 1515/1656/1901 1676/1561/1810 1668/1560/1809
f 1922/1665/1910 1513/1664/1909 1674/1229/1496 1931/1440/1696
f 1596/1669/1914 1512/1668/1913 1673/1371/1637 1681/1370/1636
f 2120/1673/1918 1511/1672/1917 1672/1367/1633 2135/1366/1632
f 1506/1680/1925 1509/1679/1924 1670/1217/1484 1667/1214/1481
f 1513/1664/1909 1505/1682/1927 1680/1230/1497 1674/1229/1496
f 1509/1679/1924 1508/1674/1919 1669/1218/1485 1670/1217/1484
f 1597/1684/1929 1506/1680/1925 1667/1214/1481 1682/1213/1480
f 1516/1653/1898 1504/1686/1931 1679/1210/1477 1677/1209/1476
f 2148/1755/1973 2147/1702/1937 1689/1756/1974 2024/1757/1975
f 2024/1757/1975 1689/1756/1974 1691/1758/1759 2025/1759/1758
f 1364/1498/1753 1685/1497/1752 1932/1760/1976 1899/1761/1977
f 1697/1762/1978 1696/1763/1979 1687/1501/1756 1688/1500/1755
f 2012/1418/1679 575/1417/767 2002/1764/955 2016/1765/1980
f 1692/1084/1352 1697/1762/1978 1688/1500/1755 1683/1505/1760
f 1696/1763/1979 1260/1119/1387 1946/1766/1981 1949/1767/1982
f 2015/1768/1983 2003/1769/989 830/1770/990 2017/1771/1984
f 2022/1772/1985 1686/1773/1986 1690/1703/1938 2023/1774/1987
f 1248/1083/1351 1611/1120/1388 1697/1762/1978 1692/1084/1352
f 1687/1501/1756 1696/1763/1979 1949/1767/1982 1948/1775/1988
f 1611/1120/1388 1260/1119/1387 1696/1763/1979 1697/1762/1978
f 1260/1119/1387 1311/1732/1955 1947/1776/1989 1946/1766/1981
f 1689/1756/1974 1698/1724/1947 1700/1777/1349 1691/1758/1759
f 1686/1773/1986 1695/1551/1801 1699/1554/1804 1690/1703/1938
f 1932/1760/1976 1685/1497/1752 1694/1113/1381 1933/1452/1708
f 2005/1778/1990 568/1779/619 572/1426/692 2008/1425/1683
f 1258/1502/1757 1687/1501/1756 1948/1775/1988 1945/1780/1991
f 1685/1497/1752 1684/1496/1751 1693/1114/1382 1694/1113/1381
f 1691/1504/1759 1700/1081/1349 1692/1084/1352 1683/1505/1760
f 1798/1781/1992 1804/1782/1993 1717/1783/1994 1711/1784/1995
f 1793/1785/1996 1803/1786/1997 1716/1787/1998 1704/1788/1999
f 2143/1789/2000 1802/1790/2001 1715/1791/2002 2138/1792/2003
f 1788/1136/1403 1801/1793/2004 1714/1794/2005 1702/1795/2006
f 2076/1796/2007 2074/1797/2008 1713/1798/2009 1759/1799/2010
f 1940/1800/2011 1799/1801/2012 1712/1802/2013 1934/1803/2014
f 2142/1804/2015 1798/1781/1992 1711/1784/1995 2139/1805/2016
f 1803/1786/1997 1797/1806/2017 1710/1807/2018 1716/1787/1998
f 1770/1808/2019 1738/1809/2020 1709/1810/2021 1755/1811/2022
f 1807/1812/2023 1739/1813/2024 1708/1814/2025 1791/1815/2026
f 1759/1799/2010 1713/1798/2009 1702/1795/2006 1764/1582/1830
f 1802/1790/2001 1789/1816/2027 1703/1817/2028 1715/1791/2002
f 1830/1818/2029 1829/1819/2030 1819/1820/2031 1820/1821/2032
f 1799/1801/2012 1790/1822/2033 1707/1823/2034 1712/1802/2013
f 1804/1782/1993 1792/1824/2035 1701/1825/2036 1717/1783/1994
f 1784/1826/2037 1782/1827/2038 1727/1093/1361 1768/1303/1570
f 1812/1828/2039 1781/1829/2040 1726/1830/2041 1805/1831/2042
f 1805/1831/2042 1726/1830/2041 1706/1832/2043 1795/1833/2044
f 1768/1303/1570 1727/1093/1361 1705/1096/1364 1753/1300/1567
f 1318/1834/2045 1722/1835/2046 1719/1836/2047 1253/1837/2048
f 1775/1838/2049 1778/1839/2050 1721/1840/2051 1718/1841/2052
f 1757/1455/1711 1763/1089/1357 1572/1092/1360 1345/1456/1655
f 1778/1839/2050 1777/1314/1580 1720/1842/2053 1721/1840/2051
f 1811/1843/2054 1775/1838/2049 1718/1841/2052 1806/1101/1369
f 1793/1785/1996 1704/1788/1999 1739/1813/2024 1807/1812/2023
f 1751/1090/1358 1701/1825/2036 1738/1809/2020 1770/1808/2019
f 1914/1459/1714 1368/1088/1356 1736/1434/1690 1936/1433/1689
f 1792/1824/2035 1246/1844/1343 1731/1318/1584 1808/1328/1594
f 1308/1845/1340 1261/1312/1339 1733/1311/1578 1734/1319/1585
f 1368/1088/1356 1264/1087/1355 1730/1846/2055 1736/1434/1690
f 1783/1847/2056 1774/1848/2057 1724/1849/2058 1769/1850/2059
f 1246/1844/1343 1308/1845/1340 1734/1319/1585 1731/1318/1584
f 1329/1315/1581 1733/1311/1578 1735/1121/1389 1331/1316/1582
f 1413/1323/1589 1737/1125/1393 1728/1128/1395 1326/1324/1590
f 1331/1316/1582 1735/1121/1389 1732/1124/1392 1327/1326/1592
f 1827/1851/2060 1826/1106/1374 1720/1842/2053 1722/1835/2046
f 1722/1835/2046 1740/1852/2061 1741/1853/2062 1827/1851/2060
f 1950/1854/2063 1952/1855/2064 1743/1856/2065 1742/1857/2066
f 1951/1858/2067 1744/1859/2068 1743/1856/2065 1952/1855/2064
f 1957/1860/2069 1795/1833/2044 1706/1832/2043 1953/1861/2070
f 1752/1725/1948 1249/1726/1949 1729/1392/1657 1771/1391/1656
f 1809/1862/2071 1810/1863/2072 1748/1864/2073 1744/1859/2068
f 1748/1864/2073 1749/1865/2074 1743/1856/2065 1744/1859/2068
f 1816/1866/2075 1742/1857/2066 1743/1856/2065 1749/1865/2074
f 1953/1861/2070 1706/1832/2043 1754/1867/2076 1955/1868/2077
f 1704/1788/1999 1752/1725/1948 1771/1391/1656 1739/1813/2024
f 1955/1868/2077 1754/1867/2076 1255/1869/2078 1954/1870/2079
f 1781/1829/2040 1783/1847/2056 1769/1850/2059 1726/1830/2041
f 1250/1091/1359 1751/1090/1358 1770/1808/2019 1728/1871/1395
f 1773/1872/1591 1784/1826/2037 1768/1303/1570 1723/1302/1569
f 1404/1873/1397 1759/1799/2010 1764/1582/1830 1252/1585/1398
f 1728/1871/1395 1770/1808/2019 1755/1811/2022 1326/1874/1590
f 1711/1784/1995 1717/1783/1994 1763/1089/1357 1757/1455/1711
f 1704/1788/1999 1716/1787/1998 1762/1407/1672 1752/1725/1948
f 2138/1792/2003 1715/1791/2002 1761/1109/1377 2140/1711/1941
f 1702/1795/2006 1714/1794/2005 1760/1583/1831 1764/1582/1830
f 1934/1803/2014 1712/1802/2013 1758/1097/1365 1938/1545/1797
f 2139/1805/2016 1711/1784/1995 1757/1455/1711 2141/1454/1710
f 1716/1787/1998 1710/1807/2018 1756/1408/1673 1762/1407/1672
f 1739/1813/2024 1771/1391/1656 1767/1394/1659 1708/1814/2025
f 1740/1852/2061 1722/1835/2046 1318/1834/2045
f 1715/1791/2002 1703/1817/2028 1765/1110/1378 1761/1109/1377
f 1712/1802/2013 1707/1823/2034 1766/1098/1366 1758/1097/1365
f 1717/1783/1994 1701/1825/2036 1751/1090/1358 1763/1089/1357
f 2044/1875/1781 2076/1796/2007 1759/1799/2010 1404/1873/1397
f 1708/1814/2025 1767/1394/1659 1783/1847/2056 1781/1829/2040
f 1796/1329/1595 1325/1321/1587 1775/1838/2049 1811/1843/2054
f 1330/1320/1586 1329/1315/1581 1777/1314/1580 1778/1839/2050
f 1326/1874/1590 1755/1811/2022 1784/1826/2037 1773/1872/1591
f 1325/1321/1587 1330/1320/1586 1778/1839/2050 1775/1838/2049
f 1791/1815/2026 1708/1814/2025 1781/1829/2040 1812/1828/2039
f 1755/1811/2022 1709/1810/2021 1782/1827/2038 1784/1826/2037
f 1722/1835/2046 1779/1317/1583 1776/1327/1593 1719/1836/2047
f 1725/1876/2080 1780/1322/1588 1773/1325/1591 1723/1877/1569
f 1720/1842/2053 1777/1314/1580 1779/1317/1583 1722/1835/2046
f 1772/1878/2081 1785/1879/2082 1747/1880/2083 1745/1881/2084
f 1767/1394/1659 1328/1393/1658 1774/1848/2057 1783/1847/2056
f 1327/1326/1592 1791/1815/2026 1812/1828/2039 1776/1327/1593
f 1709/1810/2021 1796/1329/1595 1811/1843/2054 1782/1827/2038
f 1745/1881/2084 1747/1880/2083 1810/1863/2072 1809/1862/2071
f 1951/1858/2067 1253/1837/2048 1795/1833/2044 1957/1860/2069
f 1701/1825/2036 1792/1824/2035 1808/1328/1594 1738/1809/2020
f 1244/1123/1391 1793/1785/1996 1807/1812/2023 1732/1124/1392
f 1782/1827/2038 1811/1843/2054 1806/1101/1369 1727/1093/1361
f 1776/1327/1593 1812/1828/2039 1805/1831/2042 1719/1836/2047
f 1571/1882/1344 1246/1844/1343 1792/1824/2035 1804/1782/1993
f 1365/1883/1328 1266/1884/1327 1790/1822/2033 1799/1801/2012
f 1430/1885/1348 1243/1886/1347 1789/1816/2027 1802/1790/2001
f 1402/1887/2085 1725/1876/2080 1723/1877/1569 1256/1888/1568
f 1732/1124/1392 1807/1812/2023 1791/1815/2026 1327/1326/1592
f 1559/1889/1667 1341/1890/1666 1797/1806/2017 1803/1786/1997
f 2098/1891/1671 1342/1892/1670 1798/1781/1992 2142/1804/2015
f 1900/1893/1716 1365/1883/1328 1799/1801/2012 1940/1800/2011
f 1245/1135/1402 1419/1894/1800 1801/1793/2004 1788/1136/1403
f 2083/1895/1833 1430/1885/1348 1802/1790/2001 2143/1789/2000
f 1244/1123/1391 1559/1889/1667 1803/1786/1997 1793/1785/1996
f 1342/1892/1670 1571/1882/1344 1804/1782/1993 1798/1781/1992
f 2074/1797/2008 2077/1524/1778 1800/1133/1400 1713/1798/2009
f 1738/1809/2020 1808/1328/1594 1796/1329/1595 1709/1810/2021
f 1713/1798/2009 1800/1133/1400 1788/1136/1403 1702/1795/2006
f 1726/1830/2041 1769/1850/2059 1754/1867/2076 1706/1832/2043
f 1749/1865/2074 1748/1864/2073 1815/1896/2086 1816/1866/2075
f 1772/1878/2081 1746/1897/2087 1786/1898/2088 1785/1879/2082
f 1243/1886/1347 1900/1893/1716 1940/1800/2011 1789/1816/2027
f 1747/1880/2083 1785/1879/2082 1814/1899/2089 1815/1896/2086
f 1816/1866/2075 1815/1896/2086 1814/1899/2089 1750/1900/2090
f 1747/1880/2083 1815/1896/2086 1748/1864/2073 1810/1863/2072
f 1750/1900/2090 1817/1901/2091 1742/1857/2066 1816/1866/2075
f 1786/1902/2088 1746/1903/2087 1937/1904/2092 1941/1905/2093
f 1719/1836/2047 1805/1831/2042 1795/1833/2044 1253/1837/2048
f 1818/1108/1376 1309/1906/2094 1721/1840/2051 1828/1105/1373
f 1819/1820/2031 1829/1819/2030 1721/1840/2051 1309/1906/2094
f 1820/1821/2032 1254/1907/2095 1718/1841/2052 1830/1818/2029
f 1950/1854/2063 1959/1908/2096 1741/1853/2062 1740/1852/2061
f 1832/1102/1370 1806/1101/1369 1718/1841/2052 1831/1909/2097
f 1959/1908/2096 1824/1910/2098 1823/1911/2099 1958/1912/2100
f 1960/1913/2101 1958/1912/2100 1823/1911/2099 1825/1914/2102
f 1821/1915/2103 1831/1909/2097 1718/1841/2052 1254/1907/2095
f 1721/1840/2051 1720/1842/2053 1826/1106/1374 1828/1105/1373
f 1718/1841/2052 1721/1840/2051 1829/1819/2030 1830/1818/2029
f 1741/1853/2062 1263/1107/1375 1826/1106/1374 1827/1851/2060
f 1787/1916/2104 1817/1901/2091 1750/1900/2090 1813/1917/2105
f 1822/1103/1371 1832/1102/1370 1831/1909/2097 1821/1915/2103
f 1960/1913/2101 1961/1918/2106 1309/1906/2094 1818/1108/1376
f 1961/1918/2106 1962/1919/2107 1819/1820/2031 1309/1906/2094
f 1962/1919/2107 1963/1920/2108 1820/1821/2032 1819/1820/2031
f 1963/1920/2108 1836/1921/2109 1837/1922/2110 1964/1923/2111
f 1964/1923/2111 1965/1924/2112 1821/1915/2103 1254/1907/2095
f 1965/1924/2112 1838/1925/2113 1839/1926/2114 1966/1927/2115
f 1966/1927/2115 1967/1928/2116 1794/1104/1372 1822/1103/1371
f 1724/1849/2058 1255/1869/2078 1754/1867/2076 1769/1850/2059
f 1983/1929/2117 1875/1930/2118 1867/1931/2119 1972/1932/2120
f 1968/1933/2121 1969/1934/2122 1753/1300/1567 1705/1096/1364
f 1817/1901/2091 1845/1935/2123 1824/1910/2098 1742/1857/2066
f 1845/1935/2123 1846/1936/2124 1823/1911/2099 1824/1910/2098
f 1823/1911/2099 1846/1936/2124 1847/1937/2125 1825/1914/2102
f 1847/1937/2125 1848/1938/2126 1834/1939/2127 1825/1914/2102
f 1848/1938/2126 1849/1940/2128 1835/1941/2129 1834/1939/2127
f 1849/1940/2128 1850/1942/2130 1836/1921/2109 1835/1941/2129
f 1836/1921/2109 1850/1942/2130 1851/1943/2131 1837/1922/2110
f 1851/1943/2131 1852/1944/2132 1838/1925/2113 1837/1922/2110
f 1838/1925/2113 1852/1944/2132 1853/1945/2133 1839/1926/2114
f 1853/1945/2133 1854/1946/2134 1840/1947/2135 1839/1926/2114
f 1402/1887/2085 1256/1888/1568 1894/1948/2136 1893/1949/2137
f 1970/1950/2138 1969/1934/2122 1843/1951/2139 1844/1952/2140
f 1845/1935/2123 1817/1901/2091 1873/1953/2141
f 1856/1954/2142 1858/1955/2143 1874/1956/2144 1873/1953/2141
f 1858/1955/2143 1859/1957/2145 1872/1958/2146 1874/1956/2144
f 1859/1957/2145 1860/1959/2147 1848/1938/2126 1872/1958/2146
f 1849/1940/2128 1848/1938/2126 1871/1960/2148
f 1861/1961/2149 1862/1962/2150 1868/1963/2151 1871/1960/2148
f 1862/1962/2150 1863/1964/2152 1851/1943/2131 1868/1963/2151
f 1863/1964/2152 1864/1965/2153 1870/1966/2154 1851/1943/2131
f 1864/1965/2153 1865/1967/2155 1869/1968/2156 1870/1966/2154
f 1865/1967/2155 1866/1969/2157 1854/1946/2134 1869/1968/2156
f 1871/1960/2148 1848/1938/2126 1860/1959/2147 1861/1961/2149
f 1851/1943/2131 1870/1966/2154 1852/1944/2132
f 1868/1963/2151 1851/1943/2131 1850/1942/2130
f 1869/1968/2156 1854/1946/2134 1853/1945/2133
f 1871/1960/2148 1868/1963/2151 1850/1942/2130 1849/1940/2128
f 1870/1966/2154 1869/1968/2156 1853/1945/2133 1852/1944/2132
f 1873/1953/2141 1817/1901/2091 1787/1916/2104 1856/1954/2142
f 1872/1958/2146 1848/1938/2126 1847/1937/2125
f 1874/1956/2144 1872/1958/2146 1847/1937/2125 1846/1936/2124
f 1873/1953/2141 1874/1956/2144 1846/1936/2124 1845/1935/2123
f 1972/1932/2120 1867/1931/2119 1842/1970/2158 1968/1933/2121
f 1971/1971/2159 1879/1972/2160 1866/1973/2157 1982/1974/2161
f 1984/1975/2162 1892/1976/2163 1879/1972/2160 1971/1971/2159
f 1970/1977/2138 1844/1978/2140 1892/1976/2163 1984/1975/2162
f 1982/1974/2161 1866/1973/2157 1865/1979/2155 1975/1980/2164
f 1973/1981/2165 1859/1982/2145 1858/1983/2143 1977/1984/2166
f 1974/1985/2167 1862/1986/2150 1861/1987/2149 1979/1988/2168
f 1956/1989/2169 1978/1990/2170 1856/1991/2142 1787/1992/2104
f 1881/1993/2171 1262/1994/2172 1878/1995/2173 1880/1996/2174
f 1973/1981/2165 1882/1997/2175 1857/1998/2176 1976/1999/2177
f 1979/1988/2168 1976/1999/2177 1857/1998/2176 1883/2000/2178
f 1974/1985/2167 1884/2001/2179 1877/2002/2180 1980/2003/2181
f 1981/2004/2182 1980/2003/2181 1877/2002/2180 1885/2005/2183
f 1886/2006/2184 1885/2005/2183 1877/2002/2180 1402/1887/2085
f 1875/1930/2118 1840/1947/2135 1854/1946/2134 1895/2007/2185
f 1978/1990/2170 1881/1993/2171 1880/1996/2174 1977/1984/2166
f 1857/1998/2176 1882/1997/2175 1880/1996/2174 1878/1995/2173
f 1877/2002/2180 1884/2001/2179 1883/2000/2178 1857/1998/2176
f 1975/1980/2164 1981/2004/2182 1885/2005/2183 1886/2006/2184
f 1833/1095/1363 1855/1094/1362 1876/2008/2186 1841/2009/2187
f 1967/1928/2116 1983/1929/2117 1841/2009/2187 1794/1104/1372
f 1841/2009/2187 1876/2008/2186 1806/1101/1369 1794/1104/1372
f 1877/2002/2180 1857/1998/2176 1889/2010/2188 1888/2011/2189
f 1857/1998/2176 1878/1995/2173 1887/2012/2190 1889/2010/2188
f 1402/1887/2085 1877/2002/2180 1888/2011/2189 1725/1876/2080
f 1736/1434/1690 1730/1846/2055 1890/2013/2191 1376/1435/1691
f 2078/2014/2192 1890/2013/2191 1730/1846/2055 2075/1528/1782
f 1855/1094/1362 1727/1093/1361 1806/1101/1369 1876/2008/2186
f 1875/1930/2118 1895/2007/2185 1896/2015/2193 1867/1931/2119
f 1842/1970/2158 1867/1931/2119 1896/2015/2193 1843/1951/2139
f 1895/2007/2185 1854/1946/2134 1898/2016/2194
f 1895/2007/2185 1898/2016/2194 1897/2017/2195 1896/2015/2193
f 1892/2018/2163 1844/1952/2140 1843/1951/2139 1897/2017/2195
f 1898/2016/2194 1854/1946/2134 1866/1969/2157 1879/2019/2160
f 1897/2017/2195 1898/2016/2194 1879/2019/2160 1892/2018/2163
f 1897/2017/2195 1843/1951/2139 1896/2015/2193
f 1328/2020/1658 1910/1436/1692 1939/2021/2196 1774/2022/2057
f 1703/1817/2028 1934/1803/2014 1938/1545/1797 1765/1110/1378
f 1954/2023/2079 1255/2024/2078 1913/2025/2197 1985/2026/2198
f 1249/2027/1949 1914/1459/1714 1936/1433/1689 1729/2028/1657
f 1774/2022/2057 1939/2021/2196 1935/2029/2199 1724/2030/2058
f 1878/1995/2173 1262/1994/2172 1891/2031/2200 1887/2012/2190
f 1789/1816/2027 1940/1800/2011 1934/1803/2014 1703/1817/2028
f 1686/1773/1986 1932/1760/1976 1933/1452/1708 1695/1551/1801
f 2026/1506/1761 1683/1505/1760 1688/1500/1755 2027/1499/1754
f 1504/1686/1931 1922/1665/1910 1931/1440/1696 1679/1210/1477
f 1641/1750/1971 1929/1743/1965 1930/1460/1715 1665/1078/1346
f 1336/1337/1603 1911/1432/1688 1929/1743/1965 1641/1750/1971
f 1451/1607/1853 1918/1606/1852 1928/1206/1473 1623/1437/1693
f 2107/1361/1627 1360/1360/1626 1349/1691/1936 2102/1690/1935
f 1247/1552/1802 1901/1453/1709 1927/1438/1694 1605/1258/1525
f 1344/2032/1674 1912/1430/1686 1926/1458/1713 1561/2033/1675
f 1294/1211/1478 1907/1441/1697 1925/1462/1717 1546/1486/1741
f 1273/1266/1533 1904/1165/1432 1924/1180/1447 1534/1443/1699
f 1282/1184/1451 1905/1447/1703 1923/1662/1907 1518/1685/1930
f 1518/1685/1930 1923/1662/1907 1922/1665/1910 1504/1686/1931
f 1489/1637/1883 1920/1611/1857 1921/1183/1450 1487/1182/1449
f 1490/1635/1881 1919/1609/1855 1920/1611/1857 1489/1637/1883
f 1488/1634/1880 1918/1606/1852 1919/1609/1855 1490/1635/1881
f 1765/1110/1378 1938/1545/1797 1902/1546/1793 1251/1111/1379
f 1251/2034/1379 1902/1539/1793 1917/1542/1795 1432/2035/1380
f 1380/1487/1742 1915/1465/1720 1916/1439/1695 1399/1242/1509
f 1546/1486/1741 1925/1462/1717 1915/1465/1720 1380/1487/1742
f 1665/1078/1346 1930/1460/1715 1900/1461/1716 1243/1079/1347
f 1561/2033/1675 1926/1458/1713 1914/1459/1714 1249/2027/1949
f 1695/1551/1801 1933/1452/1708 1901/1453/1709 1247/1552/1802
f 1288/1147/1414 1906/1208/1475 1903/1446/1702 1269/1148/1415
f 1269/1148/1415 1903/1446/1702 1905/1447/1703 1282/1184/1451
f 1679/1210/1477 1931/1440/1696 1907/1441/1697 1294/1211/1478
f 1399/1242/1509 1916/1439/1695 1908/1431/1687 1300/1243/1510
f 1605/1258/1525 1927/1438/1694 1909/1162/1429 1303/1259/1526
f 1729/2028/1657 1936/1433/1689 1910/1436/1692 1328/2020/1658
f 1300/1243/1510 1908/1431/1687 1911/1432/1688 1336/1337/1603
f 2084/2036/1942 2144/1429/1685 1912/1430/1686 1344/2032/1674
f 1623/1437/1693 1928/1206/1473 1906/1208/1475 1288/1147/1414
f 1534/1443/1699 1924/1180/1447 1921/1183/1450 1452/1444/1700
f 1814/1899/2089 1785/1879/2082 1786/1898/2088 1941/2037/2093
f 1814/1899/2089 1941/2037/2093 1813/1917/2105 1750/1900/2090
f 1813/2038/2105 1941/1905/2093 1937/1904/2092 1787/1992/2104
f 1724/2030/2058 1935/2029/2199 1913/2025/2197 1255/2024/2078
f 1887/2012/2190 1891/2031/2200 1942/2039/2201
f 1780/1322/1588 1725/1876/2080 1888/2011/2189 2079/2040/2202
f 1889/2010/2188 1887/2012/2190 1942/2039/2201 1943/2041/2203
f 1891/2031/2200 1935/2029/2199 1939/2021/2196 1942/2039/2201
f 1376/1435/1691 1942/2039/2201 1939/2021/2196 1910/1436/1692
f 1890/2013/2191 1943/2041/2203 1942/2039/2201 1376/1435/1691
f 2079/2040/2202 1943/2041/2203 1890/2013/2191 2078/2014/2192
f 1262/1994/2172 1913/2025/2197 1935/2029/2199 1891/2031/2200
f 1604/1719/1945 1944/1117/1385 1611/1120/1388 1248/1083/1351
f 2016/1765/1980 2002/1764/955 569/2042/983 2006/2043/2204
f 2007/2044/2205 2001/2045/1007 2003/1769/989 2015/1768/1983
f 2006/2043/2204 569/2042/983 2001/2045/1007 2007/2044/2205
f 1985/2026/2198 1956/1989/2169 1787/1992/2104 1937/1904/2092
f 1913/2025/2197 1262/1994/2172 1956/1989/2169 1985/2026/2198
f 1746/1903/2087 1954/2023/2079 1985/2026/2198 1937/1904/2092
f 1840/1947/2135 1875/1930/2118 1983/1929/2117 1967/1928/2116
f 1865/1979/2155 1864/2046/2153 1981/2004/2182 1975/1980/2164
f 1856/1991/2142 1978/1990/2170 1977/1984/2166 1858/1983/2143
f 1864/2046/2153 1863/2047/2152 1980/2003/2181 1981/2004/2182
f 1862/1986/2150 1974/1985/2167 1980/2003/2181 1863/2047/2152
f 1861/1987/2149 1860/2048/2147 1976/1999/2177 1979/1988/2168
f 1859/1982/2145 1973/1981/2165 1976/1999/2177 1860/2048/2147
f 1262/1994/2172 1881/1993/2171 1978/1990/2170 1956/1989/2169
f 1884/2001/2179 1974/1985/2167 1979/1988/2168 1883/2000/2178
f 1882/1997/2175 1973/1981/2165 1977/1984/2166 1880/1996/2174
f 1402/1887/2085 1982/1974/2161 1975/1980/2164 1886/2006/2184
f 1256/1888/1568 1970/1977/2138 1984/1975/2162 1894/1948/2136
f 1894/1948/2136 1984/1975/2162 1971/1971/2159 1893/1949/2137
f 1893/1949/2137 1971/1971/2159 1982/1974/2161 1402/1887/2085
f 1833/1095/1363 1972/1932/2120 1968/1933/2121 1705/1096/1364
f 1256/1301/1568 1753/1300/1567 1969/1934/2122 1970/1950/2138
f 1842/1970/2158 1843/1951/2139 1969/1934/2122 1968/1933/2121
f 1841/2009/2187 1983/1929/2117 1972/1932/2120 1833/1095/1363
f 1839/1926/2114 1840/1947/2135 1967/1928/2116 1966/1927/2115
f 1821/1915/2103 1965/1924/2112 1966/1927/2115 1822/1103/1371
f 1837/1922/2110 1838/1925/2113 1965/1924/2112 1964/1923/2111
f 1820/1821/2032 1963/1920/2108 1964/1923/2111 1254/1907/2095
f 1835/1941/2129 1836/1921/2109 1963/1920/2108 1962/1919/2107
f 1834/1939/2127 1835/1941/2129 1962/1919/2107 1961/1918/2106
f 1825/1914/2102 1834/1939/2127 1961/1918/2106 1960/1913/2101
f 1818/1108/1376 1263/1107/1375 1958/1912/2100 1960/1913/2101
f 1741/1853/2062 1959/1908/2096 1958/1912/2100 1263/1107/1375
f 1742/1857/2066 1824/1910/2098 1959/1908/2096 1950/1854/2063
f 1744/1859/2068 1951/1858/2067 1957/1860/2069 1809/1862/2071
f 1772/1878/2081 1955/1868/2077 1954/1870/2079 1746/1897/2087
f 1745/1881/2084 1953/1861/2070 1955/1868/2077 1772/1878/2081
f 1809/1862/2071 1957/1860/2069 1953/1861/2070 1745/1881/2084
f 1253/1837/2048 1951/1858/2067 1952/1855/2064 1318/1834/2045
f 1740/1852/2061 1318/1834/2045 1952/1855/2064 1950/1854/2063
f 1996/1299/1566 1993/2049/2206 1990/1145/1412 1989/1144/1411
f 2000/1295/1562 1991/1157/1424 1992/2050/2207 1994/2051/2208
f 1994/2051/2208 1992/2050/2207 1995/1309/1576 1997/1190/1457
f 1993/2049/2206 1999/1156/1423 1998/2052/2209 1990/1145/1412
f 1986/1194/1461 1994/2051/2208 1997/1190/1457 1987/1189/1456
f 1988/1193/1460 2000/1295/1562 1994/2051/2208 1986/1194/1461
f 1992/2050/2207 1991/1157/1424 1999/1156/1423 1993/2049/2206
f 1995/1309/1576 1992/2050/2207 1993/2049/2206 1996/1299/1566
f 1284/1151/1418 1313/1294/1561 2000/1295/1562 1988/1193/1460
f 1321/1155/1422 1287/1713/1943 1998/2052/2209 1999/1156/1423
f 1287/1713/1943 1268/1143/1410 1990/1145/1412 1998/2052/2209
f 1280/1308/1575 1312/1188/1455 1997/1190/1457 1995/1309/1576
f 2021/2053/2210 2020/2054/620 568/1779/619 2005/1778/1990
f 2015/1768/1983 2017/1771/1984 2041/2055/2211 2039/2056/2212
f 1257/1495/1750 2043/2057/2213 2029/2058/2214 1684/1496/1751
f 2030/2059/2215 2006/2043/2204 2007/2044/2205 2031/2060/2216
f 2031/2060/2216 2007/2044/2205 2015/1768/1983 2039/2056/2212
f 2040/2061/2217 2016/1765/1980 2006/2043/2204 2030/2059/2215
f 2029/2058/2214 2005/1778/1990 2008/1425/1683 2032/2062/2218
f 2036/2063/2219 2012/1418/1679 2016/1765/1980 2040/2061/2217
f 2037/2064/2220 2013/1414/1677 2009/1419/1680 2033/2065/2221
f 2035/2066/2222 2011/1424/1682 2010/1544/1796 2034/2067/2223
f 2082/2068/2224 2081/1510/1765 2014/1421/1681 2038/2069/2225
f 2032/2062/2218 2008/1425/1683 2018/1428/1684 2042/2070/2226
f 2038/2069/2225 2014/1421/1681 2011/1424/1682 2035/2066/2222
f 2033/2065/2221 2009/1419/1680 2004/1415/1678 2028/2071/2227
f 2028/2071/2227 2004/1415/1678 2012/1418/1679 2036/2063/2219
f 2149/2072/2228 2145/1411/1676 2013/1414/1677 2037/2064/2220
f 1360/1360/1626 1580/1172/1439 1575/1175/1442 1349/1691/1936
f 1698/1724/1947 2019/1450/1706 1560/2073/1350 1700/1777/1349
f 1560/2073/1350 2019/1450/1706 1343/1449/1705 1617/1733/1946
f 2005/1778/1990 2029/2058/2214 2043/2057/2213 2021/2053/2210
f 2097/1730/1953 2149/2072/2228 2037/2064/2220 1340/1727/1950
f 1241/1731/1954 2028/2071/2227 2036/2063/2219 1311/1732/1955
f 1570/1728/1951 2033/2065/2221 2028/2071/2227 1241/1731/1954
f 1403/1138/1405 2038/2069/2225 2035/2066/2222 1242/1139/1406
f 1693/1114/1382 2032/2062/2218 2042/2070/2226 1259/1115/1383
f 2047/1523/1777 2082/2068/2224 2038/2069/2225 1403/1138/1405
f 1242/1139/1406 2035/2066/2222 2034/2067/2223 1418/1729/1952
f 1340/1727/1950 2037/2064/2220 2033/2065/2221 1570/1728/1951
f 1311/1732/1955 2036/2063/2219 2040/2061/2217 1947/1776/1989
f 1948/1775/1988 2039/2056/2212 2041/2055/2211 1945/1780/1991
f 1684/1496/1751 2029/2058/2214 2032/2062/2218 1693/1114/1382
f 1947/1776/1989 2040/2061/2217 2030/2059/2215 1946/1766/1981
f 1949/1767/1982 2031/2060/2216 2039/2056/2212 1948/1775/1988
f 1946/1766/1981 2030/2059/2215 2031/2060/2216 1949/1767/1982
f 1899/1761/1977 1932/1760/1976 1686/1773/1986 2022/1772/1985
f 1259/1115/1383 2042/2070/2226 2082/2068/2224 2047/1523/1777
f 2042/2070/2226 2018/1428/1684 2081/1510/1765 2082/2068/2224
f 1780/1322/1588 2079/2040/2202 2078/2014/2192 1413/1323/1589
f 1413/1323/1589 2078/2014/2192 2075/1528/1782 1737/1125/1393
f 1707/2074/2034 1790/2075/2033 2077/1524/1778 2074/1797/2008
f 1265/2076/1367 1766/2077/1366 2076/1796/2007 2044/1875/1781
f 1766/2077/1366 1707/2074/2034 2074/1797/2008 2076/1796/2007
f 1295/1231/1498 1680/1230/1497 2073/1658/1903 2052/1517/1771
f 1266/1059/1327 1666/1058/1326 2072/1740/1962 2045/1754/1779
f 1666/1058/1326 1642/1751/1972 2071/1514/1768 2072/1740/1962
f 1289/1159/1426 1625/1520/1774 2070/1280/1547 2051/1519/1773
f 1304/1166/1433 1606/1265/1532 2069/1522/1776 2054/1558/1807
f 1264/1087/1355 1573/1086/1354 2068/1512/1766 2046/1529/1783
f 1381/1482/1737 1547/1481/1736 2067/1516/1770 2057/1509/1764
f 1455/1198/1465 1537/1197/1464 2066/1272/1539 2060/1639/1885
f 1505/1682/1927 1519/1681/1926 2065/1530/1784 2064/1659/1904
f 1680/1230/1497 1505/1682/1927 2064/1659/1904 2073/1658/1903
f 1458/1636/1882 2062/1641/1887 2063/1281/1548 1456/1633/1879
f 1457/1638/1884 2061/1640/1886 2062/1641/1887 1458/1636/1882
f 1455/1198/1465 2060/1639/1885 2061/1640/1886 1457/1638/1884
f 1274/1167/1434 1304/1166/1433 2054/1558/1807 2049/1273/1540
f 2100/1396/1661 1421/1556/1805 2059/1526/1780 2150/1531/1785
f 1519/1681/1926 1283/1191/1458 2050/1521/1775 2065/1530/1784
f 1730/1846/2055 1264/1087/1355 2046/1529/1783 2075/1528/1782
f 1421/1556/1805 1265/1555/1367 2044/1527/1781 2059/1526/1780
f 1790/2075/2033 1266/2078/1327 2045/1525/1779 2077/1524/1778
f 1606/1265/1532 1259/1115/1383 2047/1523/1777 2069/1522/1776
f 1283/1191/1458 1271/1160/1427 2048/1518/1772 2050/1521/1775
f 1271/1160/1427 1289/1159/1426 2051/1519/1773 2048/1518/1772
f 1547/1481/1736 1295/1231/1498 2052/1517/1771 2067/1516/1770
f 1337/1340/1606 1301/1255/1522 2053/1507/1762 2055/1515/1769
f 1642/1751/1972 1337/1340/1606 2055/1515/1769 2071/1514/1768
f 1573/1086/1354 1346/1397/1662 2056/1513/1767 2068/1512/1766
f 2018/1428/1684 626/1427/695 2080/1511/820 2081/1510/1765
f 1400/1254/1521 1381/1482/1737 2057/1509/1764 2058/1508/1763
f 1301/1255/1522 1400/1254/1521 2058/1508/1763 2053/1507/1762
f 1625/1520/1774 1456/1633/1879 2063/1281/1548 2070/1280/1547
f 1537/1197/1464 1274/1167/1434 2049/1273/1540 2066/1272/1539
f 1889/2010/2188 1943/2041/2203 2079/2040/2202 1888/2011/2189
f 1346/1397/1662 2100/1396/1661 2150/1531/1785 2056/1513/1767
f 1418/1729/1952 2034/2067/2223 2149/2072/2228 2097/1730/1953
f 2034/2067/2223 2010/1544/1796 2145/1411/1676 2149/2072/2228
f 1432/2035/1380 1917/1542/1795 2144/1429/1685 2084/2036/1942
f 1428/1565/1814 2107/1361/1627 2102/1690/1935 1423/1580/1829
f 1341/1890/1666 2083/1895/1833 2143/1789/2000 1797/1806/2017
f 1419/1894/1800 2098/1891/1671 2142/1804/2015 1801/1793/2004
f 1714/1794/2005 2139/1805/2016 2141/1454/1710 1760/1583/1831
f 1710/1807/2018 2138/1792/2003 2140/1711/1941 1756/1408/1673
f 1801/1793/2004 2142/1804/2015 2139/1805/2016 1714/1794/2005
f 1797/1806/2017 2143/1789/2000 2138/1792/2003 1710/1807/2018
f 2023/1774/1987 1690/1703/1938 2147/1702/1937 2148/1755/1973
f 1515/1656/1901 2120/1673/1918 2135/1366/1632 1676/1561/1810
f 1512/1668/1913 2119/1654/1899 2134/1574/1823 1673/1371/1637
f 1647/1739/1961 2131/1744/1966 2133/1403/1668 1660/1548/1799
f 1643/1745/1967 2130/1738/1960 2132/1586/1832 1656/1400/1665
f 1429/1567/1816 2108/1345/1611 2131/1744/1966 1647/1739/1961
f 1361/1348/1614 2092/1569/1818 2130/1738/1960 1643/1745/1967
f 1480/1621/1867 2111/1620/1866 2129/1277/1544 1621/1283/1550
f 1496/1595/1841 2115/1642/1888 2128/1350/1616 1631/1290/1557
f 1343/1449/1705 2136/1448/1704 2091/1716/1944 1359/1384/1650
f 1418/1729/1952 2097/1730/1953 2127/1358/1624 1615/1564/1813
f 1431/1553/1803 2146/1451/1707 2137/1704/1939 1699/1554/1804
f 1359/1384/1650 2091/1716/1944 2086/1689/1934 1350/1385/1651
f 1756/1408/1673 2140/1711/1941 2084/1712/1942 1344/1409/1674
f 1689/1756/1974 2147/1702/1937 2137/1704/1939 1698/1724/1947
f 1426/1562/1811 2105/1369/1635 2126/1470/1725 1558/1538/1792
f 1355/1372/1638 2089/1575/1824 2125/1537/1791 1554/1467/1722
f 1423/1580/1829 2102/1690/1935 2124/1570/1819 1543/1287/1554
f 1350/1385/1651 2086/1689/1934 2123/1576/1825 1532/1649/1895
f 1351/1381/1647 2087/1579/1828 2122/1651/1896 1526/1667/1912
f 1424/1559/1808 2103/1378/1644 2121/1670/1915 1529/1655/1900
f 1529/1655/1900 2121/1670/1915 2120/1673/1918 1515/1656/1901
f 1526/1667/1912 2122/1651/1896 2119/1654/1899 1512/1668/1913
f 1486/1631/1877 2117/1644/1890 2118/1573/1822 1484/1572/1821
f 1485/1629/1875 2116/1643/1889 2117/1644/1890 1486/1631/1877
f 1483/1628/1874 2115/1642/1888 2116/1643/1889 1485/1629/1875
f 1501/1647/1893 2113/1625/1871 2114/1577/1826 1499/1445/1701
f 1502/1646/1892 2112/1623/1869 2113/1625/1871 1501/1647/1893
f 1500/1645/1891 2111/1620/1866 2112/1623/1869 1502/1646/1892
f 1656/1400/1665 2132/1586/1832 2083/1587/1833 1341/1401/1666
f 1415/1388/1654 2096/1532/1786 2099/1581/1712 1345/1389/1655
f 1354/1284/1551 2088/1279/1546 2085/1578/1827 1347/1380/1646
f 1347/1380/1646 2085/1578/1827 2087/1579/1828 1351/1381/1647
f 1532/1649/1895 2123/1576/1825 2114/1577/1826 1479/1626/1872
f 1673/1371/1637 2134/1574/1823 2089/1575/1824 1355/1372/1638
f 1396/1365/1631 2095/1534/1788 2090/1568/1817 1357/1347/1613
f 1543/1287/1554 2124/1570/1819 2118/1573/1822 1495/1288/1555
f 1357/1347/1613 2090/1568/1817 2092/1569/1818 1361/1348/1614
f 1554/1467/1722 2125/1537/1791 2094/1533/1787 1388/1468/1723
f 1388/1468/1723 2094/1533/1787 2095/1534/1788 1396/1365/1631
f 2056/1513/1767 2150/1531/1785 2096/1532/1786 1415/1388/1654
f 1442/1535/1789 2109/1473/1728 2110/1362/1628 1444/1536/1790
f 1558/1538/1792 2126/1470/1725 2109/1473/1728 1442/1535/1789
f 1760/1583/1831 2141/1454/1710 2099/1457/1712 1420/1584/1399
f 1616/1257/1524 2136/1448/1704 2146/1451/1707 1431/1553/1803
f 1917/1542/1795 1441/1541/1794 2093/1395/1660 2144/1429/1685
f 2010/1544/1796 570/1543/900 1222/1412/778 2145/1411/1676
f 1660/1548/1799 2133/1403/1668 2098/1406/1671 1419/1549/1800
f 1441/1541/1794 1421/1556/1805 2100/1396/1661 2093/1395/1660
f 1425/1291/1558 2104/1353/1619 2101/1375/1641 1422/1557/1806
f 1422/1557/1806 2101/1375/1641 2103/1378/1644 1424/1559/1808
f 1676/1561/1810 2135/1366/1632 2105/1369/1635 1426/1562/1811
f 1444/1536/1790 2110/1362/1628 2106/1342/1608 1427/1563/1812
f 1615/1564/1813 2127/1358/1624 2107/1361/1627 1428/1565/1814
f 1631/1290/1557 2128/1350/1616 2104/1353/1619 1425/1291/1558
f 1427/1563/1812 2106/1342/1608 2108/1345/1611 1429/1567/1816
f 1621/1283/1550 2129/1277/1544 2088/1279/1546 1354/1284/1551
f 2160/2079/2229 2332/2080/2230 599/300/621 2020/299/620
f 748/302/623 2355/2081/2231 2441/2082/2232 883/303/624
f 2265/2083/2233 2246/2084/2234 2193/2085/2235 2262/2086/2236
f 2272/2087/2237 2271/2088/2238 2183/2089/2239 2211/2090/2240
f 642/314/635 677/317/638 2346/2091/2241 2341/2092/2242
f 2327/2093/2243 2273/2094/2244 2183/2089/2239 2320/2095/2245
f 2343/2096/2246 2342/2097/2247 655/323/644 654/322/643
f 2366/2098/2248 2244/2099/2249 2196/2100/2250 2377/2101/2251
f 2369/2102/2252 2270/2103/2253 2175/2104/2254 2357/2105/2255
f 2249/2106/2256 2243/2107/2257 2195/2108/2258 2215/2109/2259
f 2288/2110/2260 2290/2111/2261 2201/2112/2262 2191/2113/2263
f 2325/2114/2264 2230/2115/2265 2181/2116/2266 2321/2117/2267
f 2233/2118/2268 2231/2119/2269 2173/2120/2270 2197/2121/2271
f 2308/2122/2272 2303/2123/2273 2177/2124/2274 2209/2125/2275
f 2373/2126/2276 2305/2127/2277 2179/2128/2278 2359/2129/2279
f 2310/2130/2280 2304/2131/2281 2178/2132/2282 2258/2133/2283
f 2326/2134/2284 2467/2135/2285 2464/2136/2286 2320/2095/2245
f 2315/2137/2287 2202/2138/2288 2194/2139/2289 2312/2140/2290
f 2253/2141/2291 2178/2132/2282 2199/2142/2292 2254/2143/2293
f 2164/2144/2294 2208/2145/2295 2186/2146/2296 2360/2147/2297
f 2169/2148/2298 2166/2149/2299 2184/2150/2300 2212/2151/2301
f 2163/2152/2302 2918/2153/2303 2185/2154/2304 2260/2155/2305
f 2285/2156/2306 4738/2157/2307 2156/2158/2308 2278/2159/2309
f 2458/2160/2310 4694/2161/2311 2155/2162/2312 2280/2163/2313
f 2283/2164/2314 2151/2165/2315 4675/2166/2316 2281/2167/2317
f 2383/2168/2318 2153/2169/2319 2154/2170/2320 2279/2171/2321
f 2286/2172/2322 2152/2173/2323 2157/2174/2324 2282/2175/2325
f 2328/2176/2326 2274/2177/2327 2187/2178/2328 2322/2179/2329
f 2423/2180/2330 2236/2181/2331 2469/2182/2332 2421/2183/2333
f 2368/2184/2334 2267/2185/2335 2188/2186/2336 2361/2187/2337
f 2269/2188/2338 2268/2189/2339 2189/2190/2340 2213/2191/2341
f 2294/2192/2342 2288/2110/2260 2191/2113/2263 2261/2193/2343
f 2371/2194/2344 2289/2195/2345 2192/2196/2346 2362/2197/2347
f 2292/2198/2348 2287/2199/2349 2190/2200/2350 2214/2201/2351
f 2444/2202/2352 2376/2203/2353 2174/2204/2354 2437/2205/2355
f 2442/2206/2356 880/436/757 583/435/756 2337/2207/2357
f 2463/2208/2358 2447/2209/2359 2176/2210/2360 2439/2211/2361
f 2434/2212/2362 2238/2213/2363 2182/2214/2364 2438/2215/2365
f 2279/2171/2321 2154/2170/2320 2151/2165/2315 2283/2164/2314
f 2918/2153/2303 2167/2216/2366 2200/2217/2367 2185/2154/2304
f 2311/2218/2368 2193/2085/2235 2202/2138/2288 2315/2137/2287
f 2304/2131/2281 2306/2219/2369 2199/2142/2292 2178/2132/2282
f 2230/2115/2265 2233/2118/2268 2197/2121/2271
f 2435/2220/2370 2259/2221/2371 2204/2222/2372 2432/2223/2373
f 2772/2224/2374 2291/2225/2375 2206/2226/2376 2766/2227/2377
f 2778/2228/2378 2168/2229/2379 2205/2230/2380 2765/2231/2381
f 2268/2189/2339 2425/2232/2382 2323/2233/2383 2189/2190/2340
f 2774/2234/2384 2307/2235/2385 2203/2236/2386 2763/2237/2387
f 2770/2238/2388 2248/2239/2389 2207/2240/2390 2769/2241/2391
f 636/471/792 599/300/621 2332/2080/2230 2339/2242/2392
f 738/473/794 729/476/797 2353/2243/2393 2354/2244/2394
f 581/477/798 699/480/801 2348/2245/2395 2329/2246/2396
f 729/476/797 607/482/803 2334/2247/2397 2353/2243/2393
f 612/483/804 2338/2248/2398 2355/2081/2231 748/302/623
f 2342/2097/2247 2349/2249/2399 704/485/806 655/323/644
f 2344/2250/2400 668/490/811 609/489/810 2335/2251/2401
f 2438/2215/2365 2182/2214/2364 2210/2252/2402 2433/2253/2403
f 2459/2254/2404 2292/2198/2348 2214/2201/2351 2451/2255/2405
f 2456/2256/2406 2269/2188/2338 2213/2191/2341 2450/2257/2407
f 2278/2159/2309 2156/2158/2308 4737/2258/2408 2284/2259/2409
f 3621/2260/2410 2169/2148/2298 2212/2151/2301 2449/2261/2411
f 2461/2262/2412 2308/2122/2272 2209/2125/2275 2446/2263/2413
f 2454/2264/2414 2249/2106/2256 2215/2109/2259 2445/2265/2415
f 2457/2266/2416 2272/2087/2237 2211/2090/2240 2448/2267/2417
f 2449/2261/2411 2212/2151/2301 2221/2268/2418 2452/2269/2419
f 695/509/830 584/512/833 2330/2270/2420 2347/2271/2421
f 2765/2231/2381 2205/2230/2380 2220/2272/2422 2767/2273/2423
f 2212/2151/2301 2184/2150/2300 2216/2274/2424 2221/2268/2418
f 2360/2147/2297 2186/2146/2296 2218/2275/2425 2364/2276/2426
f 2260/2155/2305 2185/2154/2304 2217/2277/2427 2263/2278/2428
f 2185/2154/2304 2200/2217/2367 2219/2279/2429 2217/2277/2427
f 591/521/842 738/473/794 2354/2244/2394 2331/2280/2430
f 2774/2234/2384 2773/2281/2431 2299/2282/2432 2307/2235/2385
f 2304/2131/2281 2296/2283/2433 2298/2284/2434 2306/2219/2369
f 2310/2130/2280 2302/2285/2435 2296/2283/2433 2304/2131/2281
f 2373/2126/2276 2372/2286/2436 2297/2287/2437 2305/2127/2277
f 2308/2122/2272 2300/2288/2438 2295/2289/2439 2303/2123/2273
f 2303/2123/2273 2295/2289/2439 2301/2290/2440 2309/2291/2441
f 2455/2292/2442 2256/2293/2443 2228/2294/2444 2453/2295/2445
f 604/538/859 695/509/830 2347/2271/2421 2333/2296/2446
f 2771/2297/2447 2255/2298/2448 2227/2299/2449 2768/2300/2450
f 2247/2301/2451 2226/2302/2452 2224/2303/2453 2245/2304/2454
f 2246/2084/2234 2225/2305/2455 2226/2302/2452 2247/2301/2451
f 2256/2293/2443 2251/2306/2456 2222/2307/2457 2228/2294/2444
f 2367/2308/2458 2252/2309/2459 2223/2310/2460 2365/2311/2461
f 2266/2312/2462 2253/2141/2291 2225/2305/2455 2264/2313/2463
f 581/477/798 2329/2246/2396 2350/2314/2464 707/557/878
f 612/483/804 667/560/881 2345/2315/2465 2338/2248/2398
f 2277/2316/2466 2276/2317/2467 2234/2318/2468 2229/2319/2469
f 2229/2319/2469 2234/2318/2468 2233/2118/2268 2230/2115/2265
f 2276/2317/2467 2275/2320/2470 2232/2321/2471 2234/2318/2468
f 2234/2318/2468 2232/2321/2471 2231/2119/2269 2233/2118/2268
f 2424/2322/2472 2170/2323/2473 2165/2324/2474 2422/2325/2475
f 2324/2326/2476 2229/2319/2469 2230/2115/2265 2325/2114/2264
f 2251/2306/2456 2257/2327/2477 2242/2328/2478 2222/2307/2457
f 2307/2329/2385 2299/2330/2432 2302/2285/2435 2310/2130/2280
f 2184/2150/2300 2239/2331/2479 2241/2332/2480 2216/2274/2424
f 2243/2107/2257 2250/2333/2481 2235/2334/2482 2195/2108/2258
f 2303/2123/2273 2309/2291/2441 2237/2335/2483 2177/2124/2274
f 2166/2149/2299 2162/2336/2484 2239/2331/2479 2184/2150/2300
f 2287/2199/2349 2293/2337/2485 2240/2338/2486 2190/2200/2350
f 2779/2339/2487 2764/2340/2488 2238/2213/2363 2434/2212/2362
f 2472/2341/2489 2474/2342/2490 2426/2343/2491 2324/2326/2476
f 2222/2307/2457 2242/2328/2478 2250/2333/2481 2243/2107/2257
f 2193/2085/2235 2246/2084/2234 2247/2301/2451 2202/2138/2288
f 2202/2138/2288 2247/2301/2451 2245/2304/2454 2194/2139/2289
f 2453/2295/2445 2228/2294/2444 2249/2106/2256 2454/2264/2414
f 2343/2096/2246 654/322/643 582/590/909 2336/2344/2492
f 2344/2250/2400 2340/2345/2493 643/591/910 668/490/811
f 2768/2300/2450 2227/2299/2449 2248/2239/2389 2770/2238/2388
f 2228/2294/2444 2222/2307/2457 2243/2107/2257 2249/2106/2256
f 2365/2311/2461 2223/2310/2460 2244/2099/2249 2366/2098/2248
f 2264/2313/2463 2225/2305/2455 2246/2084/2234 2265/2083/2233
f 2177/2124/2274 2237/2335/2483 2257/2327/2477 2251/2306/2456
f 2258/2133/2283 2178/2132/2282 2253/2141/2291 2266/2312/2462
f 2359/2129/2279 2179/2128/2278 2252/2309/2459 2367/2308/2458
f 2209/2125/2275 2177/2124/2274 2251/2306/2456 2256/2293/2443
f 2763/2237/2387 2203/2236/2386 2255/2298/2448 2771/2297/2447
f 2337/2207/2357 583/435/756 704/485/806 2349/2249/2399
f 2446/2263/2413 2209/2125/2275 2256/2293/2443 2455/2292/2442
f 2225/2305/2455 2253/2141/2291 2254/2143/2293 2226/2302/2452
f 2203/2346/2386 2258/2133/2283 2266/2312/2462 2255/2347/2448
f 2227/2348/2449 2264/2313/2463 2265/2083/2233 2248/2349/2389
f 2255/2347/2448 2266/2312/2462 2264/2313/2463 2227/2348/2449
f 2205/2350/2380 2260/2155/2305 2263/2278/2428 2220/2351/2422
f 2776/2352/2494 2777/2353/2495 2236/2181/2331 2423/2180/2330
f 2436/2354/2496 2180/2355/2497 2259/2221/2371 2435/2220/2370
f 2291/2356/2375 2294/2192/2342 2261/2193/2343 2206/2357/2376
f 2168/2358/2379 2163/2152/2302 2260/2155/2305 2205/2350/2380
f 2307/2329/2385 2310/2130/2280 2258/2133/2283 2203/2346/2386
f 2248/2349/2389 2265/2083/2233 2262/2086/2236 2207/2359/2390
f 2447/2209/2359 2210/2252/2402 2269/2188/2338 2456/2256/2406
f 707/557/878 2350/2314/2464 2159/2360/2498 564/607/916
f 2210/2252/2402 2182/2214/2364 2268/2189/2339 2269/2188/2338
f 2358/2361/2499 2176/2210/2360 2267/2185/2335 2368/2184/2334
f 2427/2362/2500 2465/2363/2501 2170/2323/2473 2424/2322/2472
f 2450/2257/2407 2213/2191/2341 2272/2087/2237 2457/2266/2416
f 677/317/638 591/521/842 2331/2280/2430 2346/2091/2241
f 2323/2233/2383 2470/2364/2502 2467/2135/2285 2326/2134/2284
f 2361/2187/2337 2188/2186/2336 2270/2103/2253 2369/2102/2252
f 2213/2191/2341 2189/2190/2340 2271/2088/2238 2272/2087/2237
f 2322/2179/2329 2187/2178/2328 2273/2094/2244 2327/2093/2243
f 2321/2117/2267 2181/2116/2266 2274/2177/2327 2328/2176/2326
f 2281/2167/2317 4675/2166/2316 2152/2173/2323 2286/2172/2322
f 720/613/922 636/471/792 2339/2242/2392 2352/2365/2503
f 2421/2183/2333 2469/2182/2332 2171/2366/2504 2425/2232/2382
f 2198/2367/2505 2174/2204/2354 2275/2320/2470 2276/2317/2467
f 2180/2355/2497 2198/2367/2505 2276/2317/2467 2277/2316/2466
f 2181/2116/2266 2281/2167/2317 2286/2172/2322 2274/2177/2327
f 2187/2178/2328 2282/2175/2325 2285/2156/2306 2273/2094/2244
f 2183/2089/2239 2278/2159/2309 2284/2259/2409 2211/2090/2240
f 607/482/803 720/613/922 2352/2365/2503 2334/2247/2397
f 582/590/909 709/618/927 2351/2368/2506 2336/2344/2492
f 2173/2120/2270 2279/2171/2321 2283/2164/2314 2197/2121/2271
f 2274/2177/2327 2286/2172/2322 2282/2175/2325 2187/2178/2328
f 2375/2369/2507 2383/2168/2318 2279/2171/2321 2173/2120/2270
f 2197/2121/2271 2283/2164/2314 2281/2167/2317 2181/2116/2266
f 2448/2267/2417 2458/2160/2310 2280/2163/2313 2175/2104/2254
f 2273/2094/2244 2285/2156/2306 2278/2159/2309 2183/2089/2239
f 2220/2351/2422 2263/2278/2428 2294/2192/2342 2291/2356/2375
f 2216/2274/2424 2241/2332/2480 2293/2337/2485 2287/2199/2349
f 2452/2269/2419 2221/2268/2418 2292/2198/2348 2459/2254/2404
f 667/560/881 642/314/635 2341/2092/2242 2345/2315/2465
f 2767/2273/2423 2220/2272/2422 2291/2225/2375 2772/2224/2374
f 2221/2268/2418 2216/2274/2424 2287/2199/2349 2292/2198/2348
f 2364/2276/2426 2218/2275/2425 2289/2195/2345 2371/2194/2344
f 2263/2278/2428 2217/2277/2427 2288/2110/2260 2294/2192/2342
f 2217/2277/2427 2219/2279/2429 2290/2111/2261 2288/2110/2260
f 2206/2357/2376 2261/2193/2343 2302/2285/2435 2299/2330/2432
f 2190/2200/2350 2240/2338/2486 2301/2290/2440 2295/2289/2439
f 2214/2201/2351 2190/2200/2350 2295/2289/2439 2300/2288/2438
f 2362/2197/2347 2192/2196/2346 2297/2287/2437 2372/2286/2436
f 2261/2193/2343 2191/2113/2263 2296/2283/2433 2302/2285/2435
f 2191/2113/2263 2201/2112/2262 2298/2284/2434 2296/2283/2433
f 2766/2227/2377 2206/2226/2376 2299/2282/2432 2773/2281/2431
f 2224/2303/2453 2393/2370/2508 2416/2371/2509 2378/2372/2510
f 699/480/801 604/538/859 2333/2296/2446 2348/2245/2395
f 2451/2255/2405 2214/2201/2351 2300/2288/2438 2460/2373/2511
f 2193/2085/2235 2311/2218/2368 2319/2374/2512 2262/2086/2236
f 2769/2241/2391 2775/2375/2513 2318/2376/2514 2235/2334/2482
f 2195/2108/2258 2313/2377/2515 2317/2378/2516 2215/2109/2259
f 2340/2345/2493 2407/2379/2517 834/629/938 643/591/910
f 609/489/810 745/632/941 2356/2380/2518 2335/2251/2401
f 2262/2086/2236 2319/2374/2512 2316/2381/2519 2207/2359/2390
f 2436/2354/2496 2311/2218/2368 2315/2137/2287 2440/2382/2520
f 2235/2334/2482 2318/2376/2514 2313/2377/2515 2195/2108/2258
f 2445/2265/2415 2462/2383/2521 2314/2384/2522 2196/2100/2250
f 2363/2385/2523 2384/2386/2524 2312/2140/2290 2194/2139/2289
f 2440/2382/2520 2315/2137/2287 2312/2140/2290 2437/2205/2355
f 2468/2387/2525 2321/2117/2267 2328/2176/2326 2172/2388/2526
f 2466/2389/2527 2322/2179/2329 2327/2093/2243 2473/2390/2528
f 2189/2190/2340 2323/2233/2383 2326/2134/2284 2271/2088/2238
f 2472/2341/2489 2324/2326/2476 2325/2114/2264 2471/2391/2529
f 2172/2388/2526 2328/2176/2326 2322/2179/2329 2466/2389/2527
f 2271/2088/2238 2326/2134/2284 2320/2095/2245 2183/2089/2239
f 2471/2391/2529 2325/2114/2264 2321/2117/2267 2468/2387/2525
f 2473/2390/2528 2327/2093/2243 2320/2095/2245 2464/2136/2286
f 2377/2101/2251 2374/2392/2530 2355/2081/2231 2338/2248/2398
f 2353/2243/2393 2372/2286/2436 2373/2126/2276 2354/2244/2394
f 2167/2216/2366 3554/2393/2531 2389/2394/2532 2200/2217/2367
f 2201/2112/2262 2390/2395/2533 2400/2396/2534 2298/2284/2434
f 2357/2105/2255 2370/2397/2535 2350/2314/2464 2329/2246/2396
f 2376/2203/2353 2337/2207/2357 2349/2249/2399 2382/2398/2536
f 2406/2399/2537 2404/2400/2538 823/653/962 831/652/961
f 2378/2372/2510 2340/2345/2493 2344/2250/2400 2381/2401/2539
f 2379/2402/2540 2342/2097/2247 2343/2096/2246 2380/2403/2541
f 2382/2398/2536 2349/2249/2399 2342/2097/2247 2379/2402/2540
f 2226/2302/2452 2394/2404/2542 2393/2370/2508 2224/2303/2453
f 2290/2111/2261 2398/2405/2543 2390/2395/2533 2201/2112/2262
f 2381/2401/2539 2344/2250/2400 2335/2251/2401 2363/2385/2523
f 2380/2403/2541 2343/2096/2246 2336/2344/2492 2375/2369/2507
f 2370/2397/2535 2158/2406/2544 2159/2360/2498 2350/2314/2464
f 2298/2284/2434 2400/2396/2534 2402/2407/2545 2306/2219/2369
f 2443/2408/2546 2358/2361/2499 2330/2270/2420 2441/2082/2232
f 2441/2082/2232 2330/2270/2420 584/512/833 883/303/624
f 2439/2211/2361 2176/2210/2360 2358/2361/2499 2443/2408/2546
f 2219/2279/2429 2392/2409/2547 2398/2405/2543 2290/2111/2261
f 2280/2163/2313 2155/2162/2312 2158/2406/2544 2370/2397/2535
f 2231/2119/2269 2380/2403/2541 2375/2369/2507 2173/2120/2270
f 2245/2304/2454 2381/2401/2539 2363/2385/2523 2194/2139/2289
f 2306/2219/2369 2402/2407/2545 2388/2410/2548 2199/2142/2292
f 2254/2143/2293 2396/2411/2549 2394/2404/2542 2226/2302/2452
f 2275/2320/2470 2382/2398/2536 2379/2402/2540 2232/2321/2471
f 2232/2321/2471 2379/2402/2540 2380/2403/2541 2231/2119/2269
f 2224/2303/2453 2378/2372/2510 2381/2401/2539 2245/2304/2454
f 2200/2217/2367 2389/2394/2532 2392/2409/2547 2219/2279/2429
f 2174/2204/2354 2376/2203/2353 2382/2398/2536 2275/2320/2470
f 2175/2104/2254 2280/2163/2313 2370/2397/2535 2357/2105/2255
f 2378/2372/2510 2416/2371/2509 2407/2379/2517 2340/2345/2493
f 2196/2100/2250 2314/2384/2522 2374/2392/2530 2377/2101/2251
f 2335/2251/2401 2356/2380/2518 2384/2386/2524 2363/2385/2523
f 2199/2142/2292 2388/2410/2548 2396/2411/2549 2254/2143/2293
f 2334/2247/2397 2362/2197/2347 2372/2286/2436 2353/2243/2393
f 2339/2242/2392 2364/2276/2426 2371/2194/2344 2352/2365/2503
f 2336/2344/2492 2351/2368/2506 2383/2168/2318 2375/2369/2507
f 2333/2296/2446 2361/2187/2337 2369/2102/2252 2348/2245/2395
f 2330/2270/2420 2358/2361/2499 2368/2184/2334 2347/2271/2421
f 2331/2280/2430 2359/2129/2279 2367/2308/2458 2346/2091/2241
f 2341/2092/2242 2365/2311/2461 2366/2098/2248 2345/2315/2465
f 2346/2091/2241 2367/2308/2458 2365/2311/2461 2341/2092/2242
f 2332/2080/2230 2360/2147/2297 2364/2276/2426 2339/2242/2392
f 2442/2206/2356 2337/2207/2357 2376/2203/2353 2444/2202/2352
f 2352/2365/2503 2371/2194/2344 2362/2197/2347 2334/2247/2397
f 2347/2271/2421 2368/2184/2334 2361/2187/2337 2333/2296/2446
f 2351/2368/2506 4674/2412/2550 2153/2169/2319 2383/2168/2318
f 2160/2079/2229 2164/2144/2294 2360/2147/2297 2332/2080/2230
f 2354/2244/2394 2373/2126/2276 2359/2129/2279 2331/2280/2430
f 2348/2245/2395 2369/2102/2252 2357/2105/2255 2329/2246/2396
f 2345/2315/2465 2366/2098/2248 2377/2101/2251 2338/2248/2398
f 2461/2262/2412 2460/2373/2511 2300/2288/2438 2308/2122/2272
f 2402/2407/2545 2401/2413/2551 2385/2414/2552 2388/2410/2548
f 2405/2415/2553 825/672/981 843/671/980 2410/2416/2554
f 3554/2393/2531 2161/2417/2555 2386/2418/2556 2389/2394/2532
f 2411/2419/2557 2410/2416/2554 843/671/980 846/676/985
f 2398/2405/2543 2397/2420/2558 2387/2421/2559 2390/2395/2533
f 2396/2411/2549 2388/2410/2548 2385/2414/2552 2395/2422/2560
f 3555/2423/2561 830/681/990 823/653/962 2404/2400/2538
f 2389/2394/2532 2386/2418/2556 2391/2424/2562 2392/2409/2547
f 2411/2419/2557 846/676/985 821/684/993 2403/2425/2563
f 2402/2407/2545 2400/2396/2534 2399/2426/2564 2401/2413/2551
f 2409/2427/2565 840/687/996 825/672/981 2405/2415/2553
f 2409/2427/2565 2406/2399/2537 831/652/961 840/687/996
f 2394/2404/2542 2396/2411/2549 2395/2422/2560 2393/2370/2508
f 2419/2428/2566 2410/2416/2554 2411/2419/2557 2420/2429/2567
f 2407/2379/2517 2408/2430/2568 837/690/999 834/629/938
f 2392/2409/2547 2391/2424/2562 2397/2420/2558 2398/2405/2543
f 2390/2395/2533 2387/2421/2559 2399/2426/2564 2400/2396/2534
f 2403/2425/2563 821/684/993 837/690/999 2408/2430/2568
f 2414/2431/2569 2405/2415/2553 2410/2416/2554 2419/2428/2566
f 2415/2432/2570 2406/2399/2537 2409/2427/2565 2418/2433/2571
f 2412/2434/2572 2403/2425/2563 2408/2430/2568 2417/2435/2573
f 2417/2435/2573 2408/2430/2568 2407/2379/2517 2416/2371/2509
f 2413/2436/2574 2404/2400/2538 2406/2399/2537 2415/2432/2570
f 2420/2429/2567 2411/2419/2557 2403/2425/2563 2412/2434/2572
f 3553/2437/2575 3555/2423/2561 2404/2400/2538 2413/2436/2574
f 2418/2433/2571 2409/2427/2565 2405/2415/2553 2414/2431/2569
f 2397/2420/2558 2418/2433/2571 2414/2431/2569 2387/2421/2559
f 2161/2417/2555 3553/2437/2575 2413/2436/2574 2386/2418/2556
f 2401/2413/2551 2420/2429/2567 2412/2434/2572 2385/2414/2552
f 2386/2418/2556 2413/2436/2574 2415/2432/2570 2391/2424/2562
f 2395/2422/2560 2417/2435/2573 2416/2371/2509 2393/2370/2508
f 2385/2414/2552 2412/2434/2572 2417/2435/2573 2395/2422/2560
f 2391/2424/2562 2415/2432/2570 2418/2433/2571 2397/2420/2558
f 2387/2421/2559 2414/2431/2569 2419/2428/2566 2399/2426/2564
f 2401/2413/2551 2399/2426/2564 2419/2428/2566 2420/2429/2567
f 2427/2362/2500 2426/2343/2491 2474/2342/2490 2465/2363/2501
f 2180/2355/2497 2277/2316/2466 2426/2343/2491 2427/2362/2500
f 2182/2214/2364 2421/2183/2333 2425/2232/2382 2268/2189/2339
f 2180/2355/2497 2427/2362/2500 2424/2322/2472 2259/2221/2371
f 2764/2340/2488 2776/2352/2494 2423/2180/2330 2238/2213/2363
f 2259/2221/2371 2424/2322/2472 2422/2325/2475 2204/2222/2372
f 2238/2213/2363 2423/2180/2330 2421/2183/2333 2182/2214/2364
f 2426/2343/2491 2277/2316/2466 2229/2319/2469 2324/2326/2476
f 2425/2232/2382 2171/2366/2504 2470/2364/2502 2323/2233/2383
f 2285/2156/2306 2282/2175/2325 2157/2174/2324 4738/2157/2307
f 2356/2380/2518 2442/2206/2356 2444/2202/2352 2384/2386/2524
f 2314/2384/2522 2439/2211/2361 2443/2408/2546 2374/2392/2530
f 2374/2392/2530 2443/2408/2546 2441/2082/2232 2355/2081/2231
f 2198/2367/2505 2440/2382/2520 2437/2205/2355 2174/2204/2354
f 2180/2355/2497 2436/2354/2496 2440/2382/2520 2198/2367/2505
f 2311/2218/2368 2436/2354/2496 2435/2220/2370 2319/2374/2512
f 2775/2375/2513 2779/2339/2487 2434/2212/2362 2318/2376/2514
f 2313/2377/2515 2438/2215/2365 2433/2253/2403 2317/2378/2516
f 745/632/941 880/436/757 2442/2206/2356 2356/2380/2518
f 2319/2374/2512 2435/2220/2370 2432/2223/2373 2316/2381/2519
f 2318/2376/2514 2434/2212/2362 2438/2215/2365 2313/2377/2515
f 2462/2383/2521 2463/2208/2358 2439/2211/2361 2314/2384/2522
f 2384/2386/2524 2444/2202/2352 2437/2205/2355 2312/2140/2290
f 709/618/927 562/699/1008 4674/2412/2550 2351/2368/2506
f 2317/2378/2516 2433/2253/2403 2463/2208/2358 2462/2383/2521
f 2305/2127/2277 2297/2287/2437 2460/2373/2511 2461/2262/2412
f 2215/2109/2259 2317/2378/2516 2462/2383/2521 2445/2265/2415
f 2192/2196/2346 2451/2255/2405 2460/2373/2511 2297/2287/2437
f 2218/2275/2425 2452/2269/2419 2459/2254/2404 2289/2195/2345
f 2211/2090/2240 2284/2259/2409 2458/2160/2310 2448/2267/2417
f 2188/2186/2336 2450/2257/2407 2457/2266/2416 2270/2103/2253
f 2176/2210/2360 2447/2209/2359 2456/2256/2406 2267/2185/2335
f 2179/2128/2278 2446/2263/2413 2455/2292/2442 2252/2309/2459
f 2223/2310/2460 2453/2295/2445 2454/2264/2414 2244/2099/2249
f 2252/2309/2459 2455/2292/2442 2453/2295/2445 2223/2310/2460
f 2186/2146/2296 2449/2261/2411 2452/2269/2419 2218/2275/2425
f 2270/2103/2253 2457/2266/2416 2448/2267/2417 2175/2104/2254
f 2244/2099/2249 2454/2264/2414 2445/2265/2415 2196/2100/2250
f 2305/2127/2277 2461/2262/2412 2446/2263/2413 2179/2128/2278
f 2208/2145/2295 3621/2260/2410 2449/2261/2411 2186/2146/2296
f 2267/2185/2335 2456/2256/2406 2450/2257/2407 2188/2186/2336
f 2289/2195/2345 2459/2254/2404 2451/2255/2405 2192/2196/2346
f 2433/2253/2403 2210/2252/2402 2447/2209/2359 2463/2208/2358
f 2284/2259/2409 4737/2258/2408 4694/2161/2311 2458/2160/2310
f 2197/2121/2271 2181/2116/2266 2230/2115/2265
f 2611/2438/2576 2609/2439/2577 2483/2440/2578 2514/2441/2579
f 2797/2442/2580 2789/2443/2581 2561/2444/2582 6839/2445/2583
f 6838/2446/2584 2546/2447/2585 2573/2448/2586 2428/2449/2587
f 2700/2450/2588 2604/2451/2589 2546/2447/2585 6838/2446/2584
f 6843/2452/2590 2557/2453/2591 2604/2451/2589 2700/2450/2588
f 2584/2454/2592 2510/2455/2593 2476/2456/2594 2577/2457/2595
f 2639/2458/2596 2629/2459/2597 2477/2460/2598 2576/2461/2599
f 2650/2462/2600 2641/2463/2601 2478/2464/2602 2578/2465/2603
f 2703/2466/2604 2524/2467/2605 2600/2468/2606 2711/2469/2607
f 2731/2470/2608 2652/2471/2609 2664/2472/2610 2719/2473/2611
f 2732/2474/2612 2693/2475/2613 2479/2476/2614 2717/2477/2615
f 2617/2478/2616 2607/2479/2617 2475/2480/2618 2575/2481/2619
f 2644/2482/2620 2642/2483/2621 2486/2484/2622 2522/2485/2623
f 2633/2486/2624 2631/2487/2625 2484/2488/2626 2515/2489/2627
f 2523/2490/2628 2512/2491/2629 2485/2492/2630 2521/2493/2631
f 2706/2494/2632 2713/2495/2633 2623/2496/2634 2528/2497/2635
f 2622/2498/2636 2620/2499/2637 2489/2500/2638 2516/2501/2639
f 2705/2502/2640 2714/2503/2641 2634/2504/2642 2527/2505/2643
f 2628/2506/2644 2618/2507/2645 2487/2508/2646 2579/2509/2647
f 2699/2510/2648 2616/2511/2649 2557/2453/2591 6843/2452/2590
f 2487/2508/2646 2743/2512/2650 2759/2513/2651 2629/2459/2597
f 2734/2514/2652 2494/2515/2653 2632/2516/2654 2736/2517/2655
f 2753/2518/2656 2492/2519/2657 2598/2520/2658 2760/2521/2659
f 2477/2460/2598 2741/2522/2660 2747/2523/2661 2505/2524/2662
f 2475/2480/2618 2739/2525/2663 2757/2526/2664 2618/2507/2645
f 2760/2521/2659 2598/2520/2658 2497/2527/2665 2762/2528/2666
f 2704/2529/2667 2712/2530/2668 2612/2531/2669 2526/2532/2670
f 2698/2533/2671 2537/2534/2672 2616/2511/2649 2699/2510/2648
f 2599/2535/2673 2597/2536/2674 2496/2537/2675 2517/2538/2676
f 2780/2539/2677 2795/2540/2678 2750/2541/2679 2510/2455/2593
f 2589/2542/2680 2587/2543/2681 2500/2544/2682 2518/2545/2683
f 2707/2546/2684 2711/2469/2607 2600/2468/2606 2529/2547/2685
f 2595/2548/2686 2585/2549/2687 2498/2550/2688 2581/2551/2689
f 2697/2552/2690 2627/2553/2691 2537/2534/2672 2698/2533/2671
f 2629/2459/2597 2759/2513/2651 2741/2522/2660 2477/2460/2598
f 2505/2524/2662 2747/2523/2661 2748/2554/2692 2504/2555/2693
f 2515/2489/2627 2484/2488/2626 2507/2556/2694 2519/2557/2695
f 2519/2557/2695 2507/2556/2694 2506/2558/2696 2520/2559/2697
f 2706/2494/2632 2528/2497/2635 2634/2504/2642 2714/2503/2641
f 2710/2560/2698 2533/2561/2699 2524/2467/2605 2703/2466/2604
f 2576/2461/2599 2505/2524/2662 2582/2562/2700
f 2582/2562/2700 2505/2524/2662 2504/2555/2693 2583/2563/2701
f 6842/2564/2702 2545/2565/2703 2627/2553/2691 2697/2552/2690
f 2431/2566/2704 2638/2567/2705 2545/2565/2703 6842/2564/2702
f 2530/2568/2706 2590/2569/2707 2670/2570/2708 2676/2571/2709
f 2599/2535/2673 2669/2572/2710 2672/2573/2711 2521/2493/2631
f 2528/2497/2635 2623/2496/2634 2667/2574/2712 2678/2575/2713
f 2785/2576/2714 2530/2577/2706 2676/2578/2709 2783/2579/2715
f 2522/2485/2623 2671/2580/2716 2665/2581/2717 2644/2482/2620
f 2529/2547/2685 2600/2468/2606 2669/2572/2710 2677/2582/2718
f 2526/2532/2670 2612/2531/2669 2668/2583/2719 2680/2584/2720
f 2665/2581/2717 2645/2585/2721 2532/2586/2722 2674/2587/2723
f 2521/2493/2631 2672/2573/2711 2673/2588/2724 2523/2490/2628
f 2644/2482/2620 2665/2581/2717 2674/2587/2723 2520/2559/2697
f 2585/2549/2687 2752/2589/2725 2745/2590/2726 2498/2550/2688
f 2784/2591/2727 2781/2592/2728 2512/2491/2629 2523/2490/2628
f 2660/2593/1162 2656/2594/2729 2470/2595/2502 2171/2596/2504
f 2790/2597/2730 2780/2539/2677 2510/2455/2593 2584/2454/2592
f 6841/2598/2731 2541/2599/2732 2638/2567/2705 2431/2566/2704
f 2709/2600/2733 2532/2586/2722 2645/2585/2721 2715/2601/2734
f 2726/2602/2735 2729/2603/2736 2640/2604/2737 2608/2605/2738
f 2727/2606/2739 2619/2607/2740 2503/2608/2741 2720/2609/2742
f 2731/2470/2608 2482/2610/2743 2481/2611/2744 2717/2477/2615
f 2793/2612/2745 2710/2560/2698 2586/2613/2746 2791/2614/2747
f 2725/2615/2748 2596/2616/2749 2495/2617/2750 2719/2473/2611
f 2724/2618/2751 2586/2613/2746 2488/2619/2752 2730/2620/2753
f 2702/2621/2754 2482/2610/2743 2495/2617/2750 2715/2601/2734
f 2727/2606/2739 2722/2622/2755 2511/2623/2756 2619/2607/2740
f 2782/2624/2757 2786/2625/2758 2570/2626/2759 2513/2627/2760
f 2786/2625/2758 2787/2628/2761 2571/2629/2762 2570/2626/2759
f 2787/2628/2761 2788/2630/2763 2572/2631/2764 2571/2629/2762
f 2788/2630/2763 2789/2443/2581 2573/2448/2586 2572/2631/2764
f 2509/2632/2765 2562/2633/2766 2566/2634/2767 2508/2635/2768
f 2562/2633/2766 2563/2636/2769 2567/2637/2770 2566/2634/2767
f 2563/2636/2769 2564/2638/2771 2568/2639/2772 2567/2637/2770
f 2564/2638/2771 2565/2640/2773 2569/2641/2774 2568/2639/2772
f 2491/2642/2775 2538/2643/2776 2562/2633/2766 2509/2632/2765
f 2538/2643/2776 2539/2644/2777 2563/2636/2769 2562/2633/2766
f 2539/2644/2777 2540/2645/2778 2564/2638/2771 2563/2636/2769
f 2540/2645/2778 2541/2599/2732 2565/2640/2773 2564/2638/2771
f 2588/2646/2779 2591/2647/2780 2558/2648/2781 2501/2649/2782
f 2591/2647/2780 2592/2650/2783 2559/2651/2784 2558/2648/2781
f 2592/2650/2783 2593/2652/2785 2560/2653/2786 2559/2651/2784
f 2593/2652/2785 2594/2654/2787 2561/2655/2582 2560/2653/2786
f 2598/2520/2658 2601/2656/2788 2554/2657/2789 2497/2527/2665
f 2601/2656/2788 2602/2658/2790 2555/2659/2791 2554/2657/2789
f 2602/2658/2790 2603/2660/2792 2556/2661/2793 2555/2659/2791
f 2603/2660/2792 2604/2451/2589 2557/2453/2591 2556/2661/2793
f 2621/2662/2794 2624/2663/2795 2542/2664/2796 2494/2515/2653
f 2624/2663/2795 2625/2665/2797 2543/2666/2798 2542/2664/2796
f 2625/2665/2797 2626/2667/2799 2544/2668/2800 2543/2666/2798
f 2626/2667/2799 2627/2553/2691 2545/2565/2703 2544/2668/2800
f 2643/2669/2801 2646/2670/2802 2553/2671/2803 2493/2672/2804
f 2646/2670/2802 2647/2673/2805 2552/2674/2806 2553/2671/2803
f 2647/2673/2805 2648/2675/2807 2551/2676/2808 2552/2674/2806
f 2648/2675/2807 2649/2677/2809 2550/2678/2810 2551/2676/2808
f 2513/2627/2760 2570/2626/2759 2549/2679/2811 2492/2519/2657
f 2570/2626/2759 2571/2629/2762 2548/2680/2812 2549/2679/2811
f 2571/2629/2762 2572/2631/2764 2547/2681/2813 2548/2680/2812
f 2572/2631/2764 2573/2448/2586 2546/2447/2585 2547/2681/2813
f 2632/2516/2654 2635/2682/2814 2538/2643/2776 2491/2642/2775
f 2635/2682/2814 2636/2683/2815 2539/2644/2777 2538/2643/2776
f 2636/2683/2815 2637/2684/2816 2540/2645/2778 2539/2644/2777
f 2637/2684/2816 2638/2567/2705 2541/2599/2732 2540/2645/2778
f 2610/2685/2817 2613/2686/2818 2534/2687/2819 2490/2688/2820
f 2613/2686/2818 2614/2689/2821 2535/2690/2822 2534/2687/2819
f 2614/2689/2821 2615/2691/2823 2536/2692/2824 2535/2690/2822
f 2615/2691/2823 2616/2511/2649 2537/2534/2672 2536/2692/2824
f 2740/2693/2825 2491/2642/2775 2509/2632/2765 2738/2694/2826
f 2744/2695/2827 2490/2688/2820 2621/2662/2794 2742/2696/2828
f 2758/2697/2829 2513/2627/2760 2492/2519/2657 2753/2518/2656
f 2742/2696/2828 2621/2662/2794 2494/2515/2653 2734/2514/2652
f 2754/2698/2830 2689/2699/2831 2687/2700/2832 2574/2701/2833
f 2795/2540/2678 2796/2702/2834 2758/2697/2829 2750/2541/2679
f 2751/2703/2835 2643/2669/2801 2493/2672/2804 2749/2704/2836
f 2478/2464/2602 2737/2705/2837 2752/2589/2725 2585/2549/2687
f 2746/2706/2838 2588/2646/2779 2501/2649/2782 2755/2707/2839
f 2736/2517/2655 2632/2516/2654 2491/2642/2775 2740/2693/2825
f 2781/2592/2728 2790/2597/2730 2584/2454/2592 2512/2491/2629
f 2507/2556/2694 2582/2562/2700 2583/2563/2701 2506/2558/2696
f 2484/2488/2626 2576/2461/2599 2582/2562/2700 2507/2556/2694
f 2587/2543/2681 2595/2548/2686 2581/2551/2689 2500/2544/2682
f 2597/2536/2674 2606/2708/2840 2580/2709/2841 2496/2537/2675
f 2620/2499/2637 2628/2506/2644 2579/2509/2647 2489/2500/2638
f 2609/2439/2577 2617/2478/2616 2575/2481/2619 2483/2440/2578
f 2642/2483/2621 2650/2462/2600 2578/2465/2603 2486/2484/2622
f 2631/2487/2625 2639/2458/2596 2576/2461/2599 2484/2488/2626
f 2512/2491/2629 2584/2454/2592 2577/2457/2595 2485/2492/2630
f 2486/2484/2622 2578/2465/2603 2595/2548/2686 2587/2543/2681
f 2735/2710/2842 2610/2685/2817 2490/2688/2820 2744/2695/2827
f 2551/2676/2808 2550/2678/2810 2594/2654/2787 2593/2652/2785
f 2552/2674/2806 2551/2676/2808 2593/2652/2785 2592/2650/2783
f 2553/2671/2803 2552/2674/2806 2592/2650/2783 2591/2647/2780
f 2493/2672/2804 2553/2671/2803 2591/2647/2780 2588/2646/2779
f 2708/2711/2843 2705/2502/2640 2527/2505/2643 2531/2712/2844
f 2611/2438/2576 2668/2583/2719 2677/2582/2718 2517/2538/2676
f 2696/2713/2845 2565/2640/2773 2541/2599/2732 6841/2598/2731
f 2578/2465/2603 2478/2464/2602 2595/2548/2686
f 2730/2620/2753 2488/2619/2752 2511/2623/2756 2722/2622/2755
f 2522/2485/2623 2486/2484/2622 2587/2543/2681 2589/2542/2680
f 2641/2463/2601 2761/2714/2846 2737/2705/2837 2478/2464/2602
f 2485/2492/2630 2577/2457/2595 2606/2708/2840 2597/2536/2674
f 2574/2701/2833 2687/2700/2832 2688/2715/2847 2605/2716/2848
f 2547/2681/2813 2546/2447/2585 2604/2451/2589 2603/2660/2792
f 2548/2680/2812 2547/2681/2813 2603/2660/2792 2602/2658/2790
f 2549/2679/2811 2548/2680/2812 2602/2658/2790 2601/2656/2788
f 2492/2519/2657 2549/2679/2811 2601/2656/2788 2598/2520/2658
f 2633/2486/2624 2666/2717/2849 2678/2575/2713 2516/2501/2639
f 2521/2493/2631 2485/2492/2630 2597/2536/2674 2599/2535/2673
f 2430/2718/2850 2569/2641/2774 2565/2640/2773 2696/2713/2845
f 2756/2719/2851 2508/2635/2768 2643/2669/2801 2751/2703/2835
f 2728/2720/2852 2630/2721/2853 2499/2722/2854 2723/2723/2855
f 2510/2455/2593 2750/2541/2679 2733/2724/2856 2476/2456/2594
f 2496/2537/2675 2580/2709/2841 2617/2478/2616 2609/2439/2577
f 2577/2457/2595 2690/2725/2857 2691/2726/2858 2606/2708/2840
f 2556/2661/2793 2557/2453/2591 2616/2511/2649 2615/2691/2823
f 2555/2659/2791 2556/2661/2793 2615/2691/2823 2614/2689/2821
f 2554/2657/2789 2555/2659/2791 2614/2689/2821 2613/2686/2818
f 2497/2527/2665 2554/2657/2789 2613/2686/2818 2610/2685/2817
f 2794/2727/2859 2724/2618/2751 2659/2728/2860 2792/2729/2861
f 2527/2505/2643 2634/2504/2642 2666/2717/2849 2679/2730/2862
f 2607/2479/2617 2684/2731/2863 2689/2699/2831 2754/2698/2830
f 2728/2720/2852 2721/2732/2864 2502/2733/2865 2630/2721/2853
f 2617/2478/2616 2692/2734/2866 2684/2731/2863 2607/2479/2617
f 2429/2735/2867 2649/2677/2809 2569/2641/2774 2430/2718/2850
f 2517/2538/2676 2496/2537/2675 2609/2439/2577 2611/2438/2576
f 2483/2440/2578 2575/2481/2619 2628/2506/2644 2620/2499/2637
f 2749/2704/2836 2493/2672/2804 2588/2646/2779 2746/2706/2838
f 2536/2692/2824 2537/2534/2672 2627/2553/2691 2626/2667/2799
f 2535/2690/2822 2536/2692/2824 2626/2667/2799 2625/2665/2797
f 2534/2687/2819 2535/2690/2822 2625/2665/2797 2624/2663/2795
f 2490/2688/2820 2534/2687/2819 2624/2663/2795 2621/2662/2794
f 2702/2621/2754 2525/2736/2868 2590/2569/2707 2716/2737/2869
f 2589/2542/2680 2670/2570/2708 2671/2580/2716 2522/2485/2623
f 2607/2479/2617 2754/2698/2830 2739/2525/2663 2475/2480/2618
f 6840/2738/2870 2550/2678/2810 2649/2677/2809 2429/2735/2867
f 2575/2481/2619 2475/2480/2618 2618/2507/2645 2628/2506/2644
f 2531/2712/2844 2527/2505/2643 2679/2730/2862 2675/2739/2871
f 2514/2441/2579 2483/2440/2578 2620/2499/2637 2622/2498/2636
f 2489/2500/2638 2579/2509/2647 2639/2458/2596 2631/2487/2625
f 2738/2694/2826 2509/2632/2765 2508/2635/2768 2756/2719/2851
f 2544/2668/2800 2545/2565/2703 2638/2567/2705 2637/2684/2816
f 2543/2666/2798 2544/2668/2800 2637/2684/2816 2636/2683/2815
f 2542/2664/2796 2543/2666/2798 2636/2683/2815 2635/2682/2814
f 2494/2515/2653 2542/2664/2796 2635/2682/2814 2632/2516/2654
f 2707/2546/2684 2529/2547/2685 2612/2531/2669 2712/2530/2668
f 2618/2507/2645 2757/2526/2664 2743/2512/2650 2487/2508/2646
f 2516/2501/2639 2489/2500/2638 2631/2487/2625 2633/2486/2624
f 2701/2740/2872 2480/2741/2873 2481/2611/2744 2716/2737/2869
f 2579/2509/2647 2487/2508/2646 2629/2459/2597 2639/2458/2596
f 2695/2742/2874 2594/2654/2787 2550/2678/2810 6840/2738/2870
f 2506/2558/2696 2583/2563/2701 2650/2462/2600 2642/2483/2621
f 2762/2528/2666 2497/2527/2665 2610/2685/2817 2735/2710/2842
f 2568/2639/2772 2569/2641/2774 2649/2677/2809 2648/2675/2807
f 2567/2637/2770 2568/2639/2772 2648/2675/2807 2647/2673/2805
f 2566/2634/2767 2567/2637/2770 2647/2673/2805 2646/2670/2802
f 2508/2635/2768 2566/2634/2767 2646/2670/2802 2643/2669/2801
f 2709/2600/2733 2708/2711/2843 2531/2712/2844 2532/2586/2722
f 2622/2498/2636 2667/2574/2712 2680/2584/2720 2514/2441/2579
f 2504/2555/2693 2748/2554/2692 2761/2714/2846 2641/2463/2601
f 2520/2559/2697 2506/2558/2696 2642/2483/2621 2644/2482/2620
f 2718/2743/2875 2720/2609/2742 2503/2608/2741 2694/2744/2876
f 2583/2563/2701 2504/2555/2693 2641/2463/2601 2650/2462/2600
f 6839/2745/2583 2561/2655/2582 2594/2654/2787 2695/2742/2874
f 2654/2746/2877 2657/2747/2878 2471/2748/2529 2468/2749/2525
f 2792/2729/2861 2659/2728/2860 2236/2750/2331 2777/2751/2495
f 2662/2752/2879 2655/2753/2880 2466/2754/2527 2473/2755/2528
f 2479/2476/2614 2693/2475/2613 2165/2756/2474 2170/2757/2473
f 2659/2728/2860 2651/2758/2881 2469/2759/2332 2236/2750/2331
f 2657/2747/2878 2658/2760/2882 2472/2761/2489 2471/2748/2529
f 2661/2762/2883 2653/2763/2884 2464/2764/2286 2467/2765/2285
f 2653/2763/2884 2662/2752/2879 2473/2755/2528 2464/2764/2286
f 2656/2594/2729 2661/2762/2883 2467/2765/2285 2470/2595/2502
f 2655/2753/2880 2663/2766/2885 2172/2767/2526 2466/2754/2527
f 2658/2760/2882 2664/2472/2610 2474/2768/2490 2472/2761/2489
f 2664/2472/2610 2652/2471/2609 2465/2769/2501 2474/2768/2490
f 2651/2758/2881 2660/2593/1162 2171/2596/2504 2469/2759/2332
f 2663/2766/2885 2654/2746/2877 2468/2749/2525 2172/2767/2526
f 2666/2717/2849 2634/2504/2642 2528/2497/2635 2678/2575/2713
f 2667/2574/2712 2623/2496/2634 2526/2532/2670 2680/2584/2720
f 2668/2583/2719 2612/2531/2669 2529/2547/2685 2677/2582/2718
f 2669/2572/2710 2600/2468/2606 2524/2467/2605 2672/2573/2711
f 2670/2570/2708 2590/2569/2707 2525/2736/2868 2671/2580/2716
f 2783/2579/2715 2676/2578/2709 2518/2770/2683 2784/2591/2727
f 2680/2584/2720 2668/2583/2719 2611/2438/2576 2514/2441/2579
f 2671/2580/2716 2525/2736/2868 2645/2585/2721 2665/2581/2717
f 2679/2730/2862 2666/2717/2849 2633/2486/2624 2515/2489/2627
f 2672/2573/2711 2524/2467/2605 2533/2561/2699 2673/2588/2724
f 2678/2575/2713 2667/2574/2712 2622/2498/2636 2516/2501/2639
f 2677/2582/2718 2669/2572/2710 2599/2535/2673 2517/2538/2676
f 2676/2571/2709 2670/2570/2708 2589/2542/2680 2518/2545/2683
f 2675/2739/2871 2679/2730/2862 2515/2489/2627 2519/2557/2695
f 2674/2587/2723 2675/2739/2871 2519/2557/2695 2520/2559/2697
f 2532/2586/2722 2531/2712/2844 2675/2739/2871 2674/2587/2723
f 2691/2726/2858 2683/2771/2886 2685/2772/2887 2686/2773/2888
f 2683/2771/2886 2688/2715/2847 2687/2700/2832 2685/2772/2887
f 2682/2774/2889 2681/2775/2890 2688/2715/2847 2683/2771/2886
f 2690/2725/2857 2682/2774/2889 2683/2771/2886 2691/2726/2858
f 2685/2772/2887 2687/2700/2832 2689/2699/2831 2684/2731/2863
f 2686/2773/2888 2685/2772/2887 2684/2731/2863 2692/2734/2866
f 2476/2456/2594 2682/2774/2889 2690/2725/2857 2577/2457/2595
f 2606/2708/2840 2691/2726/2858 2686/2773/2888 2580/2709/2841
f 2580/2709/2841 2686/2773/2888 2692/2734/2866 2617/2478/2616
f 2605/2716/2848 2688/2715/2847 2681/2775/2890 2733/2724/2856
f 2729/2603/2736 2723/2723/2855 2499/2722/2854 2640/2604/2737
f 2718/2743/2875 2694/2744/2876 2502/2733/2865 2721/2732/2864
f 2725/2615/2748 2726/2602/2735 2608/2605/2738 2596/2616/2749
f 2652/2471/2609 2479/2476/2614 2170/2757/2473 2465/2769/2501
f 2704/2529/2667 2526/2532/2670 2623/2496/2634 2713/2495/2633
f 2694/2744/2876 2704/2529/2667 2713/2495/2633 2502/2733/2865
f 2596/2616/2749 2608/2605/2738 2708/2711/2843 2709/2600/2733
f 2530/2568/2706 2701/2740/2872 2716/2737/2869 2590/2569/2707
f 2619/2607/2740 2707/2546/2684 2712/2530/2668 2503/2608/2741
f 2482/2610/2743 2702/2621/2754 2716/2737/2869 2481/2611/2744
f 2608/2605/2738 2640/2604/2737 2705/2502/2640 2708/2711/2843
f 2525/2736/2868 2702/2621/2754 2715/2601/2734 2645/2585/2721
f 2785/2576/2714 2533/2561/2699 2710/2560/2698 2793/2612/2745
f 2596/2616/2749 2709/2600/2733 2715/2601/2734 2495/2617/2750
f 2586/2613/2746 2710/2560/2698 2703/2466/2604 2488/2619/2752
f 2630/2721/2853 2706/2494/2632 2714/2503/2641 2499/2722/2854
f 2619/2607/2740 2511/2623/2756 2711/2469/2607 2707/2546/2684
f 2694/2744/2876 2503/2608/2741 2712/2530/2668 2704/2529/2667
f 2640/2604/2737 2499/2722/2854 2714/2503/2641 2705/2502/2640
f 2630/2721/2853 2502/2733/2865 2713/2495/2633 2706/2494/2632
f 2488/2619/2752 2703/2466/2604 2711/2469/2607 2511/2623/2756
f 2658/2760/2882 2657/2747/2878 2726/2602/2735 2725/2615/2748
f 2653/2763/2884 2718/2743/2875 2721/2732/2864 2662/2752/2879
f 2654/2746/2877 2663/2766/2885 2723/2723/2855 2729/2603/2736
f 2653/2763/2884 2661/2762/2883 2720/2609/2742 2718/2743/2875
f 2655/2753/2880 2662/2752/2879 2721/2732/2864 2728/2720/2852
f 2791/2614/2747 2586/2613/2746 2724/2618/2751 2794/2727/2859
f 2655/2753/2880 2728/2720/2852 2723/2723/2855 2663/2766/2885
f 2651/2758/2881 2730/2620/2753 2722/2622/2755 2660/2593/1162
f 2656/2594/2729 2660/2593/1162 2722/2622/2755 2727/2606/2739
f 2659/2728/2860 2724/2618/2751 2730/2620/2753 2651/2758/2881
f 2658/2760/2882 2725/2615/2748 2719/2473/2611 2664/2472/2610
f 2652/2471/2609 2731/2470/2608 2717/2477/2615 2479/2476/2614
f 2656/2594/2729 2727/2606/2739 2720/2609/2742 2661/2762/2883
f 2657/2747/2878 2654/2746/2877 2729/2603/2736 2726/2602/2735
f 2480/2741/2873 2732/2474/2612 2717/2477/2615 2481/2611/2744
f 2482/2610/2743 2731/2470/2608 2719/2473/2611 2495/2617/2750
f 2505/2524/2662 2576/2461/2599 2477/2460/2598
f 2478/2464/2602 2585/2549/2687 2595/2548/2686
f 2733/2724/2856 2753/2518/2656 2760/2521/2659 2605/2716/2848
f 2796/2702/2834 2782/2624/2757 2513/2627/2760 2758/2697/2829
f 2605/2716/2848 2760/2521/2659 2762/2528/2666 2574/2701/2833
f 2741/2522/2660 2740/2693/2825 2738/2694/2826 2747/2523/2661
f 2739/2525/2663 2744/2695/2827 2742/2696/2828 2757/2526/2664
f 2750/2541/2679 2758/2697/2829 2753/2518/2656 2733/2724/2856
f 2757/2526/2664 2742/2696/2828 2734/2514/2652 2743/2512/2650
f 2761/2714/2846 2751/2703/2835 2749/2704/2836 2737/2705/2837
f 2752/2589/2725 2746/2706/2838 2755/2707/2839 2745/2590/2726
f 2759/2513/2651 2736/2517/2655 2740/2693/2825 2741/2522/2660
f 2754/2698/2830 2735/2710/2842 2744/2695/2827 2739/2525/2663
f 2574/2701/2833 2762/2528/2666 2735/2710/2842 2754/2698/2830
f 2748/2554/2692 2756/2719/2851 2751/2703/2835 2761/2714/2846
f 2737/2705/2837 2749/2704/2836 2746/2706/2838 2752/2589/2725
f 2747/2523/2661 2738/2694/2826 2756/2719/2851 2748/2554/2692
f 2733/2724/2856 2681/2775/2890 2682/2774/2889 2476/2456/2594
f 2743/2512/2650 2734/2514/2652 2736/2517/2655 2759/2513/2651
f 2755/2776/2839 2501/2777/2782 2782/2624/2757 2796/2702/2834
f 2480/2778/2873 2791/2614/2747 2794/2727/2859 2732/2779/2612
f 2530/2577/2706 2785/2576/2714 2793/2612/2745 2701/2780/2872
f 2673/2588/2724 2783/2579/2715 2784/2591/2727 2523/2490/2628
f 2693/2781/2613 2792/2729/2861 2777/2751/2495 2165/2782/2474
f 2732/2779/2612 2794/2727/2859 2792/2729/2861 2693/2781/2613
f 2500/2783/2682 2581/2784/2689 2790/2597/2730 2781/2592/2728
f 2745/2785/2726 2755/2776/2839 2796/2702/2834 2795/2540/2678
f 2560/2786/2786 2561/2444/2582 2789/2443/2581 2788/2630/2763
f 2559/2787/2784 2560/2786/2786 2788/2630/2763 2787/2628/2761
f 2558/2788/2781 2559/2787/2784 2787/2628/2761 2786/2625/2758
f 2501/2777/2782 2558/2788/2781 2786/2625/2758 2782/2624/2757
f 2701/2780/2872 2793/2612/2745 2791/2614/2747 2480/2778/2873
f 2581/2784/2689 2498/2789/2688 2780/2539/2677 2790/2597/2730
f 2518/2770/2683 2500/2783/2682 2781/2592/2728 2784/2591/2727
f 2533/2561/2699 2785/2576/2714 2783/2579/2715 2673/2588/2724
f 2498/2789/2688 2745/2785/2726 2795/2540/2678 2780/2539/2677
f 2428/2449/2587 2573/2448/2586 2789/2443/2581 2797/2442/2580
f 2316/2790/2519 2432/2791/2373 2779/2339/2487 2775/2375/2513
f 2204/2792/2372 2422/2793/2475 2776/2352/2494 2764/2340/2488
f 2207/2240/2390 2316/2790/2519 2775/2375/2513 2769/2241/2391
f 2240/2338/2486 2766/2227/2377 2773/2281/2431 2301/2290/2440
f 2241/2332/2480 2767/2273/2423 2772/2224/2374 2293/2337/2485
f 2422/2793/2475 2165/2794/2474 2777/2353/2495 2776/2352/2494
f 2237/2335/2483 2763/2237/2387 2771/2297/2447 2257/2327/2477
f 2242/2328/2478 2768/2300/2450 2770/2238/2388 2250/2333/2481
f 2432/2791/2373 2204/2792/2372 2764/2340/2488 2779/2339/2487
f 2257/2327/2477 2771/2297/2447 2768/2300/2450 2242/2328/2478
f 2309/2291/2441 2301/2290/2440 2773/2281/2431 2774/2234/2384
f 2239/2331/2479 2765/2231/2381 2767/2273/2423 2241/2332/2480
f 2250/2333/2481 2770/2238/2388 2769/2241/2391 2235/2334/2482
f 2309/2291/2441 2774/2234/2384 2763/2237/2387 2237/2335/2483
f 2162/2336/2484 2778/2228/2378 2765/2231/2381 2239/2331/2479
f 2293/2337/2485 2772/2224/2374 2766/2227/2377 2240/2338/2486
f 3212/2795/2891 2919/2796/2892 2821/2797/2893 3220/2798/2894
f 3078/2799/2895 3071/2800/2896 2836/2801/2897 2875/2802/2898
f 3082/2803/2899 3075/2804/2900 2834/2805/2901 2962/2806/2902
f 3208/2807/2903 2863/2808/2904 2816/2809/2905 3207/2810/2906
f 3217/2811/2907 3125/2812/2908 2803/2813/2909 3205/2814/2910
f 3215/2815/2911 2984/2816/2912 2800/2817/2913 3219/2818/2914
f 3254/2819/2915 3246/2820/2916 2805/2821/2917 3114/2822/2918
f 3136/2823/2919 2922/2824/2920 2819/2825/2921 3127/2826/2922
f 3317/2827/2923 3126/2828/2924 2807/2829/2925 3305/2830/2926
f 3281/2831/2927 3259/2832/2928 3387/2833/2929 3409/2834/2930
f 3312/2835/2931 2921/2836/2932 2820/2837/2933 3320/2838/2934
f 3360/2839/2935 3348/2840/2936 3376/2841/2937 3386/2842/2938
f 3382/2843/2939 3372/2844/2940 2818/2845/2941 3380/2846/2942
f 3315/2847/2943 2986/2848/2944 2808/2849/2945 3319/2850/2946
f 3248/2851/2947 2920/2852/2948 2814/2853/2949 3247/2854/2950
f 3497/2855/2951 3165/2856/2952 2815/2857/2953 3163/2858/2954
f 3289/2859/2955 3286/2860/2956 2801/2861/2957 2872/2862/2958
f 3291/2863/2959 3282/2864/2960 2807/2865/2925 2955/2866/2961
f 3000/2867/2962 2974/2868/2963 2809/2869/2964 2958/2870/2965
f 3354/2871/2966 3342/2872/2967 2802/2873/2968 2959/2874/2969
f 3168/2875/2970 3162/2876/2971 2799/2877/2972 2957/2878/2973
f 2962/2806/2902 2834/2805/2901 2825/2879/2974 2960/2880/2975
f 2823/2881/2976 3542/2882/2977 3541/2883/2978 2836/2801/2897
f 2990/2884/2979 2987/2885/2980 2824/2886/2981 2843/2887/2982
f 3131/2888/2983 3128/2889/2984 2822/2890/2985 2839/2891/2986
f 2841/2892/2987 3543/2893/2988 3551/2894/2989 2876/2895/2990
f 2926/2896/2991 2923/2897/2992 2826/2898/2993 2844/2899/2994
f 3462/2900/2995 3457/2901/2996 2924/2902/2997 2929/2903/2998
f 2929/2903/2998 2924/2902/2997 2829/2904/2999 2859/2905/3000
f 2871/2906/3001 2865/2907/3002 2832/2908/3003 2862/2909/3004
f 3134/2910/3005 3129/2911/3006 2830/2912/3007 2860/2913/3008
f 3180/2914/3009 3184/2915/3010 3017/2916/3011 3045/2917/3012
f 3477/2918/3013 3474/2919/3014 3041/2920/3015 3089/2921/3016
f 2987/2885/2980 2989/2922/3017 2837/2923/3018 2824/2886/2981
f 3128/2889/2984 3130/2924/3019 2833/2925/3020 2822/2890/2985
f 2867/2926/3021 3549/2927/3022 3539/2928/3023 2833/2925/3020
f 2923/2897/2992 2925/2929/3024 2838/2930/3025 2826/2898/2993
f 2822/2890/2985 3538/2931/3026 3540/2932/3027 2839/2891/2986
f 2960/2880/2975 2825/2879/2974 2840/2933/3028 2963/2934/3029
f 3089/2921/3016 3041/2920/3015 3009/2935/3030 3091/2936/3031
f 3098/2937/3032 3087/2938/3033 2874/2939/3034 2832/2908/3003
f 3094/2940/3035 3014/2941/3036 3025/2942/3037 3095/2943/3038
f 3481/2944/3039 3459/2945/3040 2926/2896/2991 3178/2946/3041
f 3231/2947/3042 2991/2948/3043 2849/2949/3044 3233/2950/3045
f 3236/2951/3046 3132/2952/3047 2845/2953/3048 3221/2954/3049
f 3224/2955/3050 2869/2956/3051 2847/2957/3052 3223/2958/3053
f 3110/2959/3054 3103/2960/3055 2846/2961/3056 2964/2962/3057
f 3106/2963/3058 3099/2964/3059 2848/2965/3060 2877/2966/3061
f 3228/2967/3062 2927/2968/3063 2850/2969/3064 3234/2970/3065
f 2894/2971/3066 2890/2972/3067 2854/2973/3068 2878/2974/3069
f 2968/2975/3070 2888/2976/3071 2852/2977/3072 2965/2978/3073
f 2999/2979/3074 2992/2980/3075 2855/2981/3076 2953/2982/3077
f 3140/2983/3078 3133/2984/3079 2851/2985/3080 2944/2986/3081
f 2947/2987/3082 2870/2988/3083 2853/2989/3084 2946/2990/3085
f 2951/2991/3086 2928/2992/3087 2856/2993/3088 2954/2994/3089
f 3170/2995/3090 2993/2996/3091 2858/2997/3092 3159/2998/3093
f 3172/2999/3094 3134/2910/3005 2860/2913/3008 3161/3000/3095
f 3164/3001/3096 2871/2906/3001 2862/2909/3004 3163/2858/2954
f 3167/3002/3097 2929/2903/2998 2859/2905/3000 3160/3003/3098
f 2993/2996/3091 2988/3004/3099 2828/3005/3100 2858/2997/3092
f 2961/3006/3101 2831/3007/3102 2861/3008/3103 2966/3009/3104
f 3607/3010/3105 3092/3011/3106 2961/3006/3101 3590/3012/3107
f 3188/3013/3108 3131/2888/2983 2839/2891/2986 3181/3014/3109
f 3670/3015/3110 3629/3016/3111 2990/2884/2979 3176/3017/3112
f 3611/3018/3113 3180/2914/3009 3045/2917/3012 3604/3019/3114
f 3187/3020/3115 3119/3021/3116 2909/3022/3117 3175/3023/3118
f 3096/3024/3119 3018/3025/3120 3049/3026/3121 3097/3027/3122
f 3184/2915/3010 2840/2933/3028 2979/3028/3123 3185/3029/3124
f 3161/3000/3095 2860/2913/3008 2871/2906/3001 3164/3001/3096
f 2944/2986/3081 2851/2985/3080 2870/2988/3083 2947/2987/3082
f 3221/2954/3049 2845/2953/3048 2869/2956/3051 3224/2955/3050
f 3155/3030/3125 3149/3031/3126 3014/2941/3036 3094/2940/3035
f 2868/3032/3127 3552/3033/3128 3543/2893/2988 2841/2892/2987
f 2874/2939/3034 2827/3034/3129 2857/3035/3130 2879/3036/3131
f 2836/2801/2897 3541/2883/2978 3548/3037/3132 2875/2802/2898
f 3307/3038/3133 3322/3039/3134 3277/3040/3135 2813/3041/3136
f 3205/2814/2910 2803/2813/2909 2863/2808/2904 3208/2807/2903
f 3182/3042/3137 2868/3032/3127 2841/2892/2987 3186/3043/3138
f 2860/2913/3008 2830/2912/3007 2865/2907/3002 2871/2906/3001
f 2889/3044/3139 2894/2971/3066 2878/2974/3069 2853/2989/3084
f 3104/3045/3140 3106/2963/3058 2877/2966/3061 2847/2957/3052
f 2875/2802/2898 3548/3037/3132 3547/3046/3141 2835/3047/3142
f 3095/2943/3038 3025/2942/3037 3021/3048/3143 3098/2937/3032
f 2833/2925/3020 3539/2928/3023 3538/2931/3026 2822/2890/2985
f 3287/3049/3144 3289/2859/2955 2872/2862/2958 2816/3050/2905
f 3076/3051/3145 3078/2799/2895 2875/2802/2898 2835/3047/3142
f 3331/3052/3146 3333/3053/3147 2886/3054/3148 2884/3055/3149
f 3285/3056/3150 2880/3057/3151 2885/3058/3152 3288/3059/3153
f 3334/3060/3154 3327/3061/3155 2881/3062/3156 2967/3063/3157
f 3333/3053/3147 3330/3064/3158 2882/3065/3159 2886/3054/3148
f 3288/3059/3153 2885/3058/3152 2884/3055/3149 3287/3049/3144
f 3362/3066/3160 3350/3067/3161 2880/3057/3151 3285/3056/3150
f 3191/3068/3162 3193/3069/3163 2894/2971/3066 2889/3044/3139
f 2851/2985/3080 2887/3070/3164 2893/3071/3165 2870/2988/3083
f 3200/3072/3166 3190/3073/3167 2888/2976/3071 2968/2975/3070
f 3193/3069/3163 3194/3074/3168 2890/2972/3067 2894/2971/3066
f 2992/2980/3075 2994/3075/3169 2891/3076/3170 2855/2981/3076
f 3133/2984/3079 3135/3077/3171 2887/3070/3164 2851/2985/3080
f 2870/2988/3083 2893/3071/3165 2889/3044/3139 2853/2989/3084
f 2928/2992/3087 2931/3078/3172 2892/3079/3173 2856/2993/3088
f 3647/3080/3174 3649/3081/3175 2917/3082/3176 2913/3083/3177
f 3121/3084/3178 3123/3085/3179 2916/3086/3180 2912/3087/3181
f 3669/3088/3182 3645/3089/3183 2908/3090/3184 3183/3091/3185
f 3173/3092/3186 3174/3093/3187 3001/3094/3188 3029/3095/3189
f 3668/3096/3190 3648/3097/3191 2915/3098/3192 3166/3099/3193
f 3651/3100/3194 3647/3080/3174 2913/3083/3177 2949/3101/3195
f 3139/3102/3196 3121/3084/3178 2912/3087/3181 2950/3103/3197
f 3676/3104/3198 3646/3105/3199 2911/3106/3200 3226/3107/3201
f 3235/3108/3202 3120/3109/3203 2910/3110/3204 3227/3111/3205
f 3087/2938/3033 3085/3112/3206 2827/3034/3129 2874/2939/3034
f 3642/3113/3207 3644/3114/3208 2907/3115/3209 2903/3116/3210
f 3116/3117/3211 3118/3118/3212 2906/3119/3213 2902/3120/3214
f 2832/2908/3003 2874/2939/3034 2879/3036/3131 2862/2909/3004
f 3122/3121/3215 3117/3122/3216 2905/3123/3217 2914/3124/3218
f 3645/3089/3183 3642/3113/3207 2903/3116/3210 2908/3090/3184
f 3119/3021/3116 3116/3117/3211 2902/3120/3214 2909/3022/3117
f 3141/3125/3219 3126/3126/2924 2900/3127/3220 2969/3128/3221
f 3325/3129/3222 3321/3130/3223 2883/3131/3224 3283/3132/3225
f 3634/3133/3226 2932/3134/3227 2901/3135/3228 3641/3136/3229
f 3216/3137/3230 3113/3138/3231 2896/3139/3232 3210/3140/3233
f 3674/3141/3234 3639/3142/3235 2897/3143/3236 3211/3144/3237
f 3316/3145/3238 3115/3146/3239 2899/3147/3240 3310/3148/3241
f 3686/3149/3242 3565/3150/3243 2168/3151/2379 2778/3152/2378
f 3556/3153/3244 3564/3154/3245 2167/3155/2366 2918/3156/2303
f 3561/3157/3246 3556/3153/3244 2918/3156/2303 2163/3158/2302
f 3566/3159/3247 3563/3160/3248 2166/3161/2299 2169/3162/2298
f 3560/3163/3249 3569/3164/3250 2208/3165/2295 2164/3166/2294
f 3685/3167/3251 3465/3168/3252 2932/3134/3227 3634/3133/3226
f 3461/3169/3253 3464/3170/3254 2931/3078/3172 2928/2992/3087
f 3489/3171/3255 3463/3172/3256 2930/3173/3257 3290/3174/3258
f 3176/3017/3112 2990/2884/2979 2843/2887/2982 3177/3175/3259
f 3480/3176/3260 3462/2900/2995 2929/2903/2998 3167/3002/3097
f 3469/3177/3261 3461/3169/3253 2928/2992/3087 2951/2991/3086
f 3484/3178/3262 3460/3179/3263 2927/2968/3063 3228/2967/3062
f 3090/3180/3264 3053/3181/3265 3006/3182/3266 3088/3183/3267
f 3456/3184/3268 3458/3185/3269 2925/2929/3024 2923/2897/2992
f 3677/3186/3270 3687/3187/3271 3570/3188/3272 2898/3189/3273
f 3459/2945/3040 3456/3184/3268 2923/2897/2992 2926/2896/2991
f 3486/3190/3274 3454/3191/3275 2920/2852/2948 3248/2851/2947
f 3682/3192/3276 3640/3193/3277 2900/3194/3220 3311/3195/3278
f 3479/3196/3279 3467/3197/3280 2922/2824/2920 3136/2823/2919
f 3483/3198/3281 3453/3199/3282 2919/2796/2892 3212/2795/2891
f 3478/3200/3283 3468/3201/3284 2943/3202/3285 3109/3203/3286
f 3157/3204/3287 3137/3205/3288 2942/3206/3289 3108/3207/3290
f 3667/3208/3291 3650/3209/3292 2941/3210/3293 3107/3211/3294
f 2946/2990/3085 2948/3212/3295 2940/3213/3296 2938/3214/3297
f 3102/3215/3298 2936/3216/3299 2939/3217/3300 3105/3218/3301
f 3109/3203/3286 2943/3202/3285 2935/3219/3302 3101/3220/3303
f 3105/3218/3301 2939/3217/3300 2938/3214/3297 3104/3045/3140
f 3156/3221/3304 3138/3222/3305 2936/3216/3299 3102/3215/3298
f 3111/3223/3306 2997/3224/3307 2934/3225/3308 3100/3226/3309
f 2948/3212/3295 2952/3227/3310 2933/3228/3311 2940/3213/3296
f 2971/3229/3312 2945/3230/3313 2937/3231/3314 2970/3232/3315
f 2965/2978/3073 2852/2977/3072 2945/3230/3313 2971/3229/3312
f 2878/2974/3069 2854/2973/3068 2952/3227/3310 2948/3212/3295
f 2853/2989/3084 2878/2974/3069 2948/3212/3295 2946/2990/3085
f 3468/3201/3284 3469/3177/3261 2951/2991/3086 2943/3202/3285
f 3137/3205/3288 3139/3102/3196 2950/3103/3197 2942/3206/3289
f 3650/3209/3292 3651/3100/3194 2949/3101/3195 2941/3210/3293
f 2936/3216/3299 2944/2986/3081 2947/2987/3082 2939/3217/3300
f 2943/3202/3285 2951/2991/3086 2954/2994/3089 2935/3219/3302
f 2939/3217/3300 2947/2987/3082 2946/2990/3085 2938/3214/3297
f 3138/3222/3305 3140/2983/3078 2944/2986/3081 2936/3216/3299
f 2997/3224/3307 2999/2979/3074 2953/2982/3077 2934/3225/3308
f 1257/3233/1750 1364/3234/1753 3239/3235/3316 3238/3236/3317
f 2027/3237/1754 1258/3238/1757 3241/3239/3318 3242/3240/3319
f 2025/3241/1758 2026/3242/1761 3237/3243/3320 3245/3244/3321
f 3594/3245/3322 2965/2978/3073 2971/3229/3312 3599/3246/3323
f 3599/3246/3323 2971/3229/3312 2970/3232/3315 3598/3247/3324
f 3622/3248/3325 3566/3159/3247 2169/3162/2298 3621/3249/2410
f 3609/3250/3326 3141/3125/3219 2969/3128/3221 3597/3251/3327
f 3612/3252/3328 3200/3072/3166 2968/2975/3070 3596/3253/3329
f 3181/3014/3109 2839/2891/2986 2868/3032/3127 3182/3042/3137
f 3462/2900/2995 2858/2997/3092 2828/3005/3100 3457/2901/2996
f 3596/3253/3329 2968/2975/3070 2965/2978/3073 3594/3245/3322
f 3608/3254/3330 3110/2959/3054 2964/2962/3057 3593/3255/3331
f 3589/3256/3332 2960/2880/2975 2963/2934/3029 3592/3257/3333
f 3178/2946/3041 2926/2896/2991 2844/2899/2994 3179/3258/3334
f 3591/3259/3335 2962/2806/2902 2960/2880/2975 3589/3256/3332
f 3610/3260/3336 3168/2875/2970 2957/2878/2973 3588/3261/3337
f 3618/3262/3338 3354/2871/2966 2959/2874/2969 3586/3263/3339
f 3600/3264/3340 3000/2867/2962 2958/2870/2965 3585/3265/3341
f 3616/3266/3342 3291/2863/2959 2955/2866/2961 3587/3267/3343
f 3606/3268/3344 3082/2803/2899 2962/2806/2902 3591/3259/3335
f 3690/3269/3345 3637/3270/3346 3000/2867/2962 3600/3264/3340
f 3635/3271/3347 3636/3272/3348 2999/2979/3074 2997/3224/3307
f 2937/3231/3314 2945/3230/3313 2998/3273/3349 2996/3274/3350
f 3666/3275/3351 3635/3271/3347 2997/3224/3307 3111/3223/3306
f 3103/2960/3055 2937/3231/3314 2996/3274/3350 3112/3276/3352
f 3455/3277/3353 3470/3278/3354 2995/3279/3355 2921/3280/2932
f 3563/3160/3248 3562/3281/3356 2162/3282/2484 2166/3161/2299
f 3491/3283/3357 3455/3284/3353 2921/2836/2932 3312/2835/2931
f 3206/3285/3358 2802/3286/2968 2973/3287/3359 3214/3288/3360
f 3249/3289/3361 3253/3290/3362 2985/3291/3363 2804/3292/3364
f 2921/3280/2932 2995/3279/3355 2975/3293/3365 2820/3294/2933
f 2840/2933/3028 2825/2879/2974 2976/3295/3366 2979/3028/3123
f 3590/3012/3107 2961/3006/3101 2966/3009/3104 3595/3296/3367
f 2825/2879/2974 2834/2805/2901 2978/3297/3368 2976/3295/3366
f 3092/3011/3106 3096/3024/3119 2831/3007/3102 2961/3006/3101
f 3222/3298/3369 2846/2961/3056 2980/3299/3370 3230/3300/3371
f 2945/3230/3313 2852/2977/3072 2981/3301/3372 2998/3273/3349
f 3162/2876/2971 2861/3008/3103 2982/3302/3373 3169/3303/3374
f 3186/3043/3138 3173/3092/3186 3029/3095/3189 3022/3304/3375
f 2852/2977/3072 2888/2976/3071 2983/3305/3376 2981/3301/3372
f 3631/3306/3377 3633/3307/3378 2994/3075/3169 2992/2980/3075
f 3665/3308/3379 3659/3309/3380 3038/3310/3381 3093/3311/3382
f 3636/3272/3348 3631/3306/3377 2992/2980/3075 2999/2979/3074
f 3675/3312/3383 3630/3313/3384 2991/2948/3043 3231/2947/3042
f 3664/3314/3385 3655/3315/3386 3053/3181/3265 3090/3180/3264
f 3626/3316/3387 3628/3317/3388 2989/2922/3017 2987/2885/2980
f 2861/3008/3103 2831/3007/3102 2977/3318/3389 2982/3302/3373
f 3629/3016/3111 3626/3316/3387 2987/2885/2980 2990/2884/2979
f 3637/3270/3346 3640/3319/3277 2974/2868/2963 3000/2867/2962
f 3318/3320/3390 2809/3321/2964 2974/3322/2963 3314/3323/3391
f 3673/3324/3392 3624/3325/3393 2984/2816/2912 3215/2815/2911
f 3142/3326/3394 3143/3327/3395 3003/3328/3396 3001/3094/3188
f 3143/3327/3395 3144/3329/3397 3004/3330/3398 3003/3328/3396
f 3144/3329/3397 3145/3331/3399 3002/3332/3400 3004/3330/3398
f 3050/3333/3401 3052/3334/3402 3019/3335/3403 3017/2916/3011
f 3052/3334/3402 3051/3336/3404 3020/3337/3405 3019/3335/3403
f 3051/3336/3404 3049/3026/3121 3018/3025/3120 3020/3337/3405
f 3026/3338/3406 3028/3339/3407 3015/3340/3408 3013/3341/3409
f 3028/3339/3407 3027/3342/3410 3016/3343/3411 3015/3340/3408
f 3027/3342/3410 3025/2942/3037 3014/2941/3036 3016/3343/3411
f 3471/3344/3412 3472/3345/3413 3007/3346/3414 3005/3347/3415
f 3472/3345/3413 3473/3348/3416 3008/3349/3417 3007/3346/3414
f 3473/3348/3416 3474/2919/3014 3006/3182/3266 3008/3349/3417
f 3030/3350/3418 3032/3351/3419 3004/3330/3398 3002/3332/3400
f 3032/3351/3419 3031/3352/3420 3003/3328/3396 3004/3330/3398
f 3031/3352/3420 3029/3095/3189 3001/3094/3188 3003/3328/3396
f 3046/3353/3421 3048/3354/3422 3020/3337/3405 3018/3025/3120
f 3048/3354/3422 3047/3355/3423 3019/3335/3403 3020/3337/3405
f 3047/3355/3423 3045/2917/3012 3017/2916/3011 3019/3335/3403
f 3022/3304/3375 3024/3356/3424 3028/3339/3407 3026/3338/3406
f 3024/3356/3424 3023/3357/3425 3027/3342/3410 3028/3339/3407
f 3023/3357/3425 3021/3048/3143 3025/2942/3037 3027/3342/3410
f 3021/3048/3143 3023/3357/3425 3032/3351/3419 3030/3350/3418
f 3023/3357/3425 3024/3356/3424 3031/3352/3420 3032/3351/3419
f 3024/3356/3424 3022/3304/3375 3029/3095/3189 3031/3352/3420
f 3652/3358/3426 3653/3359/3427 3036/3360/3428 3034/3361/3429
f 3653/3359/3427 3654/3362/3430 3035/3363/3431 3036/3360/3428
f 3654/3362/3430 3655/3315/3386 3033/3364/3432 3035/3363/3431
f 3146/3365/3433 3147/3366/3434 3039/3367/3435 3037/3368/3436
f 3147/3366/3434 3148/3369/3437 3040/3370/3438 3039/3367/3435
f 3148/3369/3437 3149/3031/3126 3038/3310/3381 3040/3370/3438
f 3010/3371/3439 3012/3372/3440 3044/3373/3441 3042/3374/3442
f 3012/3372/3440 3011/3375/3443 3043/3376/3444 3044/3373/3441
f 3011/3375/3443 3009/2935/3030 3041/2920/3015 3043/3376/3444
f 3601/3377/3445 3602/3378/3446 3048/3354/3422 3046/3353/3421
f 3602/3378/3446 3603/3379/3447 3047/3355/3423 3048/3354/3422
f 3603/3379/3447 3604/3019/3114 3045/2917/3012 3047/3355/3423
f 3656/3380/3448 3657/3381/3449 3052/3334/3402 3050/3333/3401
f 3657/3381/3449 3658/3382/3450 3051/3336/3404 3052/3334/3402
f 3658/3382/3450 3659/3309/3380 3049/3026/3121 3051/3336/3404
f 3005/3347/3415 3007/3346/3414 3056/3383/3451 3054/3384/3452
f 3007/3346/3414 3008/3349/3417 3055/3385/3453 3056/3383/3451
f 3008/3349/3417 3006/3182/3266 3053/3181/3265 3055/3385/3453
f 3154/3386/3454 3145/3387/3399 3033/3364/3432 3086/3388/3455
f 3663/3389/3456 3660/3390/3457 3070/3391/3458 3084/3392/3459
f 3075/2804/2900 3061/3393/3460 3069/3394/3461 3083/3395/3462
f 3614/3396/3463 3229/3397/3464 3068/3398/3465 3605/3399/3466
f 3476/3400/3467 3475/3401/3468 3067/3402/3469 3081/3403/3470
f 3153/3404/3471 3150/3405/3472 3066/3406/3473 3080/3407/3474
f 3662/3408/3475 3661/3409/3476 3065/3410/3477 3079/3411/3478
f 3223/2958/3053 3225/3412/3479 3064/3413/3480 3062/3414/3481
f 3074/3415/3482 3060/3416/3483 3063/3417/3484 3077/3418/3485
f 3081/3403/3470 3067/3402/3469 3059/3419/3486 3073/3420/3487
f 3077/3418/3485 3063/3417/3484 3062/3414/3481 3076/3051/3145
f 3152/3421/3488 3151/3422/3489 3060/3416/3483 3074/3415/3482
f 3084/3392/3459 3070/3391/3458 3058/3423/3490 3072/3424/3491
f 3229/3397/3464 3222/3298/3369 3061/3393/3460 3068/3398/3465
f 3225/3412/3479 3232/3425/3492 3057/3426/3493 3064/3413/3480
f 2989/2922/3017 3084/3392/3459 3072/3424/3491 2837/2923/3018
f 3130/2924/3019 3152/3421/3488 3074/3415/3482 2833/2925/3020
f 2867/2926/3021 3077/3418/3485 3076/3051/3145 2835/3047/3142
f 2925/2929/3024 3081/3403/3470 3073/3420/3487 2838/2930/3025
f 2833/2925/3020 3074/3415/3482 3077/3418/3485 2867/2926/3021
f 3644/3114/3208 3662/3408/3475 3079/3411/3478 2907/3115/3209
f 3118/3118/3212 3153/3404/3471 3080/3407/3474 2906/3119/3213
f 3458/3185/3269 3476/3400/3467 3081/3403/3470 2925/2929/3024
f 2834/2805/2901 3075/2804/2900 3083/3395/3462 2978/3297/3368
f 3628/3317/3388 3663/3389/3456 3084/3392/3459 2989/2922/3017
f 3605/3399/3466 3068/3398/3465 3082/2803/2899 3606/3268/3344
f 3062/3414/3481 3064/3413/3480 3078/2799/2895 3076/3051/3145
f 3068/3398/3465 3061/3393/3460 3075/2804/2900 3082/2803/2899
f 3064/3413/3480 3057/3426/3493 3071/2800/2896 3078/2799/2895
f 3117/3122/3216 3154/3386/3454 3086/3388/3455 2905/3123/3217
f 3627/3427/3494 3664/3314/3385 3090/3180/3264 2988/3004/3099
f 3643/3428/3495 3665/3308/3379 3093/3311/3382 2904/3429/3496
f 3046/3353/3421 3018/3025/3120 3096/3024/3119 3092/3011/3106
f 2988/3004/3099 3090/3180/3264 3088/3183/3267 2828/3005/3100
f 3030/3350/3418 3002/3332/3400 3085/3112/3206 3087/2938/3033
f 2865/2907/3002 3095/2943/3038 3098/2937/3032 2832/2908/3003
f 3129/2911/3006 3155/3030/3125 3094/2940/3035 2830/2912/3007
f 2831/3007/3102 3096/3024/3119 3097/3027/3122 2977/3318/3389
f 3601/3377/3445 3046/3353/3421 3092/3011/3106 3607/3010/3105
f 2830/2912/3007 3094/2940/3035 3095/2943/3038 2865/2907/3002
f 3021/3048/3143 3030/3350/3418 3087/2938/3033 3098/2937/3032
f 2924/2902/2997 3089/2921/3016 3091/2936/3031 2829/2904/2999
f 3457/2901/2996 3477/2918/3013 3089/2921/3016 2924/2902/2997
f 2846/2961/3056 3103/2960/3055 3112/3276/3352 2980/3299/3370
f 3630/3313/3384 3666/3275/3351 3111/3223/3306 2991/2948/3043
f 3598/3247/3324 2970/3232/3315 3110/2959/3054 3608/3254/3330
f 2991/2948/3043 3111/3223/3306 3100/3226/3309 2849/2949/3044
f 3132/2952/3047 3156/3221/3304 3102/3215/3298 2845/2953/3048
f 2869/2956/3051 3105/3218/3301 3104/3045/3140 2847/2957/3052
f 2927/2968/3063 3109/3203/3286 3101/3220/3303 2850/2969/3064
f 2845/2953/3048 3102/3215/3298 3105/3218/3301 2869/2956/3051
f 3646/3105/3199 3667/3208/3291 3107/3211/3294 2911/3106/3200
f 3120/3109/3203 3157/3204/3287 3108/3207/3290 2910/3110/3204
f 3460/3179/3263 3478/3200/3283 3109/3203/3286 2927/2968/3063
f 2938/3214/3297 2940/3213/3296 3106/2963/3058 3104/3045/3140
f 2940/3213/3296 2933/3228/3311 3099/2964/3059 3106/2963/3058
f 2970/3232/3315 2937/3231/3314 3103/2960/3055 3110/2959/3054
f 2848/2965/3060 3099/2964/3059 3157/3430/3287 3120/3431/3203
f 2911/3106/3200 3107/3211/3294 3156/3221/3304 3132/2952/3047
f 2904/3429/3496 3093/3311/3382 3155/3030/3125 3129/2911/3006
f 2827/3034/3129 3085/3112/3206 3154/3432/3454 3117/3433/3216
f 2836/2801/2897 3071/2800/2896 3153/3434/3471 3118/3435/3212
f 2907/3115/3209 3079/3411/3478 3152/3421/3488 3130/2924/3019
f 3079/3411/3478 3065/3410/3477 3151/3422/3489 3152/3421/3488
f 3071/2800/2896 3057/3426/3493 3150/3436/3472 3153/3434/3471
f 3085/3112/3206 3002/3332/3400 3145/3331/3399 3154/3432/3454
f 3016/3343/3411 3014/2941/3036 3149/3031/3126 3148/3369/3437
f 3015/3340/3408 3016/3343/3411 3148/3369/3437 3147/3366/3434
f 3013/3341/3409 3015/3340/3408 3147/3366/3434 3146/3365/3433
f 3035/3363/3431 3033/3364/3432 3145/3387/3399 3144/3437/3397
f 3036/3360/3428 3035/3363/3431 3144/3437/3397 3143/3438/3395
f 3034/3361/3429 3036/3360/3428 3143/3438/3395 3142/3439/3394
f 3587/3267/3343 2955/2866/2961 3141/3125/3219 3609/3250/3326
f 3688/3440/3497 3678/3441/3498 3253/3290/3362 3244/3442/3499
f 2941/3210/3293 2949/3101/3195 3140/2983/3078 3138/3222/3305
f 2933/3228/3311 2952/3227/3310 3139/3443/3196 3137/3444/3288
f 3107/3211/3294 2941/3210/3293 3138/3222/3305 3156/3221/3304
f 3099/2964/3059 2933/3228/3311 3137/3444/3288 3157/3430/3287
f 3465/3168/3252 3479/3196/3279 3136/2823/2919 2932/3134/3227
f 3565/3150/3243 3561/3157/3246 2163/3158/2302 2168/3151/2379
f 3218/3445/3500 2801/3446/2957 3113/3447/3231 3216/3448/3230
f 3681/3449/3501 3625/3450/3502 2986/2848/2944 3315/2847/2943
f 2955/2866/2961 2807/2865/2925 3126/3126/2924 3141/3125/3219
f 2842/3451/3503 2823/2881/2976 3116/3452/3211 3119/3453/3116
f 3632/3454/3504 3627/3427/3494 2988/3004/3099 2993/2996/3091
f 2823/2881/2976 2836/2801/2897 3118/3435/3212 3116/3452/3211
f 3232/3425/3492 2848/2965/3060 3120/3431/3203 3235/3455/3202
f 2952/3227/3310 2854/2973/3068 3121/3456/3178 3139/3443/3196
f 3158/3457/3505 2857/3035/3130 3122/3458/3215 3171/3459/3506
f 2854/2973/3068 2890/2972/3067 3123/3460/3179 3121/3456/3178
f 2913/3083/3177 2917/3082/3176 3135/3077/3171 3133/2984/3079
f 3093/3311/3382 3038/3310/3381 3149/3031/3126 3155/3030/3125
f 3174/3093/3187 2842/3451/3503 3119/3453/3116 3187/3461/3115
f 3183/3091/3185 2908/3090/3184 3131/2888/2983 3188/3013/3108
f 3166/3099/3193 2915/3098/3192 3134/2910/3005 3172/2999/3094
f 2949/3101/3195 2913/3083/3177 3133/2984/3079 3140/2983/3078
f 3226/3107/3201 2911/3106/3200 3132/2952/3047 3236/2951/3046
f 2903/3116/3210 2907/3115/3209 3130/2924/3019 3128/2889/2984
f 2857/3035/3130 2827/3034/3129 3117/3433/3216 3122/3458/3215
f 2908/3090/3184 2903/3116/3210 3128/2889/2984 3131/2888/2983
f 2932/3134/3227 3136/2823/2919 3127/2826/2922 2901/3135/3228
f 3687/3187/3271 3678/3441/3498 3252/3462/3507 3570/3188/3272
f 3211/3144/3237 2897/3143/3236 3125/2812/2908 3217/2811/2907
f 3306/3463/3508 2806/3464/3509 3115/3146/3239 3316/3145/3238
f 2895/3465/3510 3166/3099/3193 3172/2999/3094 3124/3466/3511
f 2805/2821/2917 3158/3457/3505 3171/3459/3506 3114/2822/2918
f 2799/2877/2972 3162/2876/2971 3169/3303/3374 2972/3467/3512
f 3595/3296/3367 2966/3009/3104 3168/2875/2970 3610/3260/3336
f 3454/3191/3275 3480/3176/3260 3167/3002/3097 2920/2852/2948
f 3638/3468/3513 3668/3096/3190 3166/3099/3193 2895/3465/3510
f 2862/2909/3004 2879/3036/3131 3497/2855/2951 3163/2858/2954
f 2798/3469/3514 3161/3000/3095 3164/3001/3096 2866/3470/3515
f 2920/2852/2948 3167/3002/3097 3160/3003/3098 2814/2853/2949
f 2866/3470/3515 3164/3001/3096 3163/2858/2954 2815/2857/2953
f 3124/3466/3511 3172/2999/3094 3161/3000/3095 2798/3469/3514
f 2985/3291/3363 3170/2995/3090 3159/2998/3093 2804/3292/3364
f 2966/3009/3104 2861/3008/3103 3162/2876/2971 3168/2875/2970
f 2879/3036/3131 2857/3035/3130 3158/3457/3505 3497/2855/2951
f 3677/3186/3270 3632/3454/3504 2993/2996/3091 3170/2995/3090
f 2898/3189/3273 3171/3471/3506 3122/3121/3215 2914/3124/3218
f 3037/3368/3436 3183/3091/3185 3188/3013/3108 3146/3365/3433
f 3001/3094/3188 3174/3093/3187 3187/3461/3115 3142/3326/3394
f 2841/2892/2987 2876/2895/2990 3173/3092/3186 3186/3043/3138
f 3042/3374/3442 3178/2946/3041 3179/3258/3334 3010/3371/3439
f 3013/3341/3409 3181/3014/3109 3182/3042/3137 3026/3338/3406
f 3054/3384/3452 3176/3017/3112 3177/3175/3259 3005/3347/3415
f 2876/2895/2990 2842/3451/3503 3174/3093/3187 3173/3092/3186
f 3656/3380/3448 3669/3088/3182 3183/3091/3185 3037/3368/3436
f 3026/3338/3406 3182/3042/3137 3186/3043/3138 3022/3304/3375
f 3017/2916/3011 3184/2915/3010 3185/3029/3124 3050/3333/3401
f 3142/3439/3394 3187/3020/3115 3175/3023/3118 3034/3361/3429
f 3592/3257/3333 2963/2934/3029 3180/2914/3009 3611/3018/3113
f 3652/3358/3426 3670/3015/3110 3176/3017/3112 3054/3384/3452
f 3146/3365/3433 3188/3013/3108 3181/3014/3109 3013/3341/3409
f 3471/3344/3412 3481/2944/3039 3178/2946/3041 3042/3374/3442
f 2963/2934/3029 2840/2933/3028 3184/2915/3010 3180/2914/3009
f 2917/3082/3176 3198/3472/3516 3204/3473/3517 3135/3077/3171
f 2890/2972/3067 3194/3074/3168 3203/3474/3518 3123/3460/3179
f 3633/3307/3378 3671/3475/3519 3202/3476/3520 2994/3075/3169
f 2888/2976/3071 3190/3073/3167 3201/3477/3521 2983/3305/3376
f 3613/3478/3522 3213/3479/3523 3200/3072/3166 3612/3252/3328
f 3464/3170/3254 3482/3480/3524 3199/3481/3525 2931/3078/3172
f 3649/3081/3175 3672/3482/3526 3198/3472/3516 2917/3082/3176
f 3123/3085/3179 3203/3483/3518 3197/3484/3527 2916/3086/3180
f 3209/3485/3528 3218/3445/3500 3194/3074/3168 3193/3069/3163
f 3213/3479/3523 3206/3285/3358 3190/3073/3167 3200/3072/3166
f 3207/2810/2906 3209/3485/3528 3193/3069/3163 3191/3068/3162
f 2887/3070/3164 3189/3486/3529 3192/3487/3530 2893/3071/3165
f 2994/3075/3169 3202/3476/3520 3195/3488/3531 2891/3076/3170
f 3135/3077/3171 3204/3473/3517 3189/3486/3529 2887/3070/3164
f 2893/3071/3165 3192/3487/3530 3191/3068/3162 2889/3044/3139
f 2931/3078/3172 3199/3481/3525 3196/3489/3532 2892/3079/3173
f 2816/2809/2905 2872/3490/2958 3209/3485/3528 3207/2810/2906
f 2959/3491/2969 2802/3286/2968 3206/3285/3358 3213/3479/3523
f 2872/3490/2958 2801/3446/2957 3218/3445/3500 3209/3485/3528
f 3586/3492/3339 2959/3491/2969 3213/3479/3523 3613/3478/3522
f 3198/3472/3516 3211/3144/3237 3217/2811/2907 3204/3473/3517
f 3194/3074/3168 3218/3445/3500 3216/3448/3230 3203/3474/3518
f 3671/3475/3519 3673/3324/3392 3215/2815/2911 3202/3476/3520
f 3190/3073/3167 3206/3285/3358 3214/3288/3360 3201/3477/3521
f 3482/3480/3524 3483/3198/3281 3212/2795/2891 3199/3481/3525
f 3672/3482/3526 3674/3141/3234 3211/3144/3237 3198/3472/3516
f 3203/3483/3518 3216/3137/3230 3210/3140/3233 3197/3484/3527
f 3189/3486/3529 3205/2814/2910 3208/2807/2903 3192/3487/3530
f 3202/3476/3520 3215/2815/2911 3219/2818/2914 3195/3488/3531
f 3204/3473/3517 3217/2811/2907 3205/2814/2910 3189/3486/3529
f 3192/3487/3530 3208/2807/2903 3207/2810/2906 3191/3068/3162
f 3199/3481/3525 3212/2795/2891 3220/2798/2894 3196/3489/3532
f 3065/3410/3477 3226/3107/3201 3236/2951/3046 3151/3422/3489
f 3057/3426/3493 3232/3425/3492 3235/3455/3202 3150/3436/3472
f 2877/2966/3061 2848/2965/3060 3232/3425/3492 3225/3412/3479
f 2964/2962/3057 2846/2961/3056 3222/3298/3369 3229/3397/3464
f 2847/2957/3052 2877/2966/3061 3225/3412/3479 3223/2958/3053
f 3593/3255/3331 2964/2962/3057 3229/3397/3464 3614/3396/3463
f 3660/3390/3457 3675/3312/3383 3231/2947/3042 3070/3391/3458
f 3061/3393/3460 3222/3298/3369 3230/3300/3371 3069/3394/3461
f 3475/3401/3468 3484/3178/3262 3228/2967/3062 3067/3402/3469
f 3150/3405/3472 3235/3108/3202 3227/3111/3205 3066/3406/3473
f 3661/3409/3476 3676/3104/3198 3226/3107/3201 3065/3410/3477
f 3060/3416/3483 3221/2954/3049 3224/2955/3050 3063/3417/3484
f 3067/3402/3469 3228/2967/3062 3234/2970/3065 3059/3419/3486
f 3063/3417/3484 3224/2955/3050 3223/2958/3053 3062/3414/3481
f 3151/3422/3489 3236/2951/3046 3221/2954/3049 3060/3416/3483
f 3070/3391/3458 3231/2947/3042 3233/2950/3045 3058/3423/3490
f 2148/3493/1973 2024/3494/1975 3243/3495/3533 3688/3440/3497
f 2024/3494/1975 2025/3496/1758 3245/3497/3321 3243/3495/3533
f 1364/3234/1753 1899/3498/1977 3485/3499/3534 3239/3235/3316
f 3251/3500/3535 3242/3240/3319 3241/3239/3318 3250/3501/3536
f 3564/3154/3245 3568/3502/3537 3554/3503/2531 2167/3155/2366
f 3246/2820/2916 3237/3243/3320 3242/3240/3319 3251/3500/3535
f 3250/3501/3536 3501/3504/3538 3498/3505/3539 2815/2857/2953
f 3567/3506/3540 2017/3507/1984 830/3508/990 3555/3509/2561
f 2022/3510/1985 2023/3511/1987 3244/3442/3499 3240/3512/3541
f 2805/2821/2917 3246/2820/2916 3251/3500/3535 3165/2856/2952
f 3241/3239/3318 3500/3513/3542 3501/3504/3538 3250/3501/3536
f 3165/2856/2952 3251/3500/3535 3250/3501/3536 2815/2857/2953
f 2815/2857/2953 3498/3505/3539 3499/3514/3543 2866/3470/3515
f 3243/3495/3533 3245/3497/3321 3254/3515/2915 3252/3462/3507
f 3240/3512/3541 3244/3442/3499 3253/3290/3362 3249/3289/3361
f 3485/3499/3534 3486/3190/3274 3248/2851/2947 3239/3235/3316
f 3557/3516/3544 3560/3163/3249 2164/3166/2294 2160/3517/2229
f 1258/3238/1757 1945/3518/1991 3500/3513/3542 3241/3239/3318
f 3239/3235/3316 3248/2851/2947 3247/2854/2950 3238/3236/3317
f 3245/3244/3321 3237/3243/3320 3246/2820/2916 3254/2819/2915
f 3352/3519/3545 3265/3520/3546 3271/3521/3547 3358/3522/3548
f 3347/3523/3549 3258/3524/3550 3270/3525/3551 3357/3526/3552
f 3684/3527/3553 3679/3528/3554 3269/3529/3555 3356/3530/3556
f 3342/2872/2967 3256/3531/3557 3268/3532/3558 3355/3533/3559
f 3617/3534/3560 3313/3535/3561 3267/3536/3562 3615/3537/3563
f 3493/3538/3564 3487/3539/3565 3266/3540/3566 3353/3541/3567
f 3683/3542/3568 3680/3543/3569 3265/3520/3546 3352/3519/3545
f 3357/3526/3552 3270/3525/3551 3264/3544/3570 3351/3545/3571
f 3324/3546/3572 3309/3547/3573 3263/3548/3574 3292/3549/3575
f 3361/3550/3576 3345/3551/3577 3262/3552/3578 3293/3553/3579
f 3313/3535/3561 3318/3320/3390 3256/3531/3557 3267/3536/3562
f 3356/3530/3556 3269/3529/3555 3257/3554/3580 3343/3555/3581
f 3384/3556/3582 3374/3557/3583 3373/3558/3584 3383/3559/3585
f 3353/3541/3567 3266/3540/3566 3261/3560/3586 3344/3561/3587
f 3358/3522/3548 3271/3521/3547 3255/3562/3588 3346/3563/3589
f 3338/3564/3590 3322/3039/3134 3281/2831/2927 3336/3565/3591
f 3366/3566/3592 3359/3567/3593 3280/3568/3594 3335/3569/3595
f 3359/3567/3593 3349/3570/3596 3260/3571/3597 3280/3568/3594
f 3322/3039/3134 3307/3038/3133 3259/2832/2928 3281/2831/2927
f 2873/3572/3598 2810/3573/3599 3273/3574/3600 3276/3575/3601
f 3329/3576/3602 3272/3577/3603 3275/3578/3604 3332/3579/3605
f 3311/3195/3278 2900/3194/3220 3126/2828/2924 3317/2827/2923
f 3332/3579/3605 3275/3578/3604 3274/3580/3606 3331/3052/3146
f 3365/3581/3607 3360/2839/2935 3272/3577/3603 3329/3576/3602
f 3347/3523/3549 3361/3550/3576 3293/3553/3579 3258/3524/3550
f 3305/2830/2926 3324/3546/3572 3292/3549/3575 3255/3562/3588
f 3467/3197/3280 3489/3171/3255 3290/3174/3258 2922/2824/2920
f 3346/3563/3589 3362/3066/3160 3285/3056/3150 2803/3582/2909
f 2863/3583/2904 3288/3059/3153 3287/3049/3144 2816/3050/2905
f 2922/2824/2920 3290/3174/3258 3284/3584/3608 2819/2825/2921
f 3337/3585/3609 3323/3586/3610 3278/3587/3611 3328/3588/3612
f 2803/3582/2909 3285/3056/3150 3288/3059/3153 2863/3583/2904
f 2884/3055/3149 2886/3054/3148 3289/2859/2955 3287/3049/3144
f 2967/3063/3157 2881/3062/3156 3282/2864/2960 3291/2863/2959
f 2886/3054/3148 2882/3065/3159 3286/2860/2956 3289/2859/2955
f 3381/3589/3613 3276/3575/3601 3274/3580/3606 3380/2846/2942
f 3276/3575/3601 3381/3589/3613 3295/3590/3614 3294/3591/3615
f 3502/3592/3616 3296/3593/3617 3297/3594/3618 3504/3595/3619
f 3503/3596/3620 3504/3595/3619 3297/3594/3618 3298/3597/3621
f 3509/3598/3622 3505/3599/3623 3260/3571/3597 3349/3570/3596
f 3306/3463/3508 3325/3129/3222 3283/3132/3225 2806/3464/3509
f 3363/3600/3624 3298/3597/3621 3302/3601/3625 3364/3602/3626
f 3302/3601/3625 3298/3597/3621 3297/3594/3618 3303/3603/3627
f 3370/3604/3628 3303/3603/3627 3297/3594/3618 3296/3593/3617
f 3505/3599/3623 3507/3605/3629 3308/3606/3630 3260/3571/3597
f 3258/3524/3550 3293/3553/3579 3325/3129/3222 3306/3463/3508
f 3507/3605/3629 3506/3607/3631 2812/3608/3632 3308/3606/3630
f 3335/3569/3595 3280/3568/3594 3323/3586/3610 3337/3585/3609
f 2807/2829/2925 3282/3609/2960 3324/3546/3572 3305/2830/2926
f 3327/3610/3155 3277/3040/3135 3322/3039/3134 3338/3564/3590
f 2958/3611/2965 2809/3321/2964 3318/3320/3390 3313/3535/3561
f 3282/3609/2960 2881/3612/3156 3309/3547/3573 3324/3546/3572
f 3265/3520/3546 3311/3195/3278 3317/2827/2923 3271/3521/3547
f 3258/3524/3550 3306/3463/3508 3316/3145/3238 3270/3525/3551
f 3679/3528/3554 3681/3449/3501 3315/2847/2943 3269/3529/3555
f 3256/3531/3557 3318/3320/3390 3314/3323/3391 3268/3532/3558
f 3487/3539/3565 3491/3283/3357 3312/2835/2931 3266/3540/3566
f 3680/3543/3569 3682/3192/3276 3311/3195/3278 3265/3520/3546
f 3270/3525/3551 3316/3145/3238 3310/3148/3241 3264/3544/3570
f 3293/3553/3579 3262/3552/3578 3321/3130/3223 3325/3129/3222
f 3294/3591/3615 2873/3572/3598 3276/3575/3601
f 3269/3529/3555 3315/2847/2943 3319/2850/2946 3257/3554/3580
f 3266/3540/3566 3312/2835/2931 3320/2838/2934 3261/3560/3586
f 3271/3521/3547 3317/2827/2923 3305/2830/2926 3255/3562/3588
f 3585/3613/3341 2958/3611/2965 3313/3535/3561 3617/3534/3560
f 3262/3552/3578 3335/3569/3595 3337/3585/3609 3321/3130/3223
f 3350/3067/3161 3365/3581/3607 3329/3576/3602 2880/3057/3151
f 2885/3058/3152 3332/3579/3605 3331/3052/3146 2884/3055/3149
f 2881/3612/3156 3327/3610/3155 3338/3564/3590 3309/3547/3573
f 2880/3057/3151 3329/3576/3602 3332/3579/3605 2885/3058/3152
f 3345/3551/3577 3366/3566/3592 3335/3569/3595 3262/3552/3578
f 3309/3547/3573 3338/3564/3590 3336/3565/3591 3263/3548/3574
f 3276/3575/3601 3273/3574/3600 3330/3064/3158 3333/3053/3147
f 3279/3614/3633 3277/3615/3135 3327/3061/3155 3334/3060/3154
f 3274/3580/3606 3276/3575/3601 3333/3053/3147 3331/3052/3146
f 3326/3616/3634 3299/3617/3635 3301/3618/3636 3339/3619/3637
f 3321/3130/3223 3337/3585/3609 3328/3588/3612 2883/3131/3224
f 2882/3065/3159 3330/3064/3158 3366/3566/3592 3345/3551/3577
f 3263/3548/3574 3336/3565/3591 3365/3581/3607 3350/3067/3161
f 3299/3617/3635 3363/3600/3624 3364/3602/3626 3301/3618/3636
f 3503/3596/3620 3509/3598/3622 3349/3570/3596 2810/3573/3599
f 3255/3562/3588 3292/3549/3575 3362/3066/3160 3346/3563/3589
f 2801/2861/2957 3286/2860/2956 3361/3550/3576 3347/3523/3549
f 3336/3565/3591 3281/2831/2927 3360/2839/2935 3365/3581/3607
f 3330/3064/3158 3273/3574/3600 3359/3567/3593 3366/3566/3592
f 3125/3620/2908 3358/3522/3548 3346/3563/3589 2803/3582/2909
f 2919/3621/2892 3353/3541/3567 3344/3561/3587 2821/3622/2893
f 2984/3623/2912 3356/3530/3556 3343/3555/3581 2800/3624/2913
f 2956/3625/3638 2813/3626/3136 3277/3615/3135 3279/3614/3633
f 3286/2860/2956 2882/3065/3159 3345/3551/3577 3361/3550/3576
f 3113/3627/3231 3357/3526/3552 3351/3545/3571 2896/3628/3232
f 3639/3629/3235 3683/3542/3568 3352/3519/3545 2897/3630/3236
f 3453/3631/3282 3493/3538/3564 3353/3541/3567 2919/3621/2892
f 2802/2873/2968 3342/2872/2967 3355/3533/3559 2973/3632/3359
f 3624/3633/3393 3684/3527/3553 3356/3530/3556 2984/3623/2912
f 2801/2861/2957 3347/3523/3549 3357/3526/3552 3113/3627/3231
f 2897/3630/3236 3352/3519/3545 3358/3522/3548 3125/3620/2908
f 3615/3537/3563 3267/3536/3562 3354/2871/2966 3618/3262/3338
f 3292/3549/3575 3263/3548/3574 3350/3067/3161 3362/3066/3160
f 3267/3536/3562 3256/3531/3557 3342/2872/2967 3354/2871/2966
f 3280/3568/3594 3260/3571/3597 3308/3606/3630 3323/3586/3610
f 3303/3603/3627 3370/3604/3628 3369/3634/3639 3302/3601/3625
f 3326/3616/3634 3339/3619/3637 3340/3635/3640 3300/3636/3641
f 2800/3624/2913 3343/3555/3581 3493/3538/3564 3453/3631/3282
f 3301/3618/3636 3369/3634/3639 3368/3637/3642 3339/3619/3637
f 3370/3604/3628 3304/3638/3643 3368/3637/3642 3369/3634/3639
f 3301/3618/3636 3364/3602/3626 3302/3601/3625 3369/3634/3639
f 3304/3638/3643 3370/3604/3628 3296/3593/3617 3371/3639/3644
f 3340/3640/3640 3494/3641/3645 3490/3642/3646 3300/3643/3641
f 3273/3574/3600 2810/3573/3599 3349/3570/3596 3359/3567/3593
f 3372/2844/2940 3382/2843/2939 3275/3578/3604 2864/3644/3647
f 3373/3558/3584 2864/3644/3647 3275/3578/3604 3383/3559/3585
f 3374/3557/3583 3384/3556/3582 3272/3577/3603 2811/3645/3648
f 3502/3592/3616 3294/3591/3615 3295/3590/3614 3511/3646/3649
f 3386/2842/2938 3385/3647/3650 3272/3577/3603 3360/2839/2935
f 3511/3646/3649 3510/3648/3651 3377/3649/3652 3378/3650/3653
f 3512/3651/3654 3379/3652/3655 3377/3649/3652 3510/3648/3651
f 3375/3653/3656 2811/3645/3648 3272/3577/3603 3385/3647/3650
f 3275/3578/3604 3382/2843/2939 3380/2846/2942 3274/3580/3606
f 3272/3577/3603 3384/3556/3582 3383/3559/3585 3275/3578/3604
f 3295/3590/3614 3381/3589/3613 3380/2846/2942 2818/2845/2941
f 3341/3654/3657 3367/3655/3658 3304/3638/3643 3371/3639/3644
f 3376/2841/2937 3375/3653/3656 3385/3647/3650 3386/2842/2938
f 3512/3651/3654 3372/2844/2940 2864/3644/3647 3513/3656/3659
f 3513/3656/3659 2864/3644/3647 3373/3558/3584 3514/3657/3660
f 3514/3657/3660 3373/3558/3584 3374/3557/3583 3515/3658/3661
f 3515/3658/3661 3516/3659/3662 3391/3660/3663 3390/3661/3664
f 3516/3659/3662 2811/3645/3648 3375/3653/3656 3517/3662/3665
f 3517/3662/3665 3518/3663/3666 3393/3664/3667 3392/3665/3668
f 3518/3663/3666 3376/2841/2937 3348/2840/2936 3519/3666/3669
f 3278/3587/3611 3323/3586/3610 3308/3606/3630 2812/3608/3632
f 3535/3667/3670 3524/3668/3671 3421/3669/3672 3429/3670/3673
f 3520/3671/3674 3259/2832/2928 3307/3038/3133 3521/3672/3675
f 3371/3639/3644 3296/3593/3617 3378/3650/3653 3399/3673/3676
f 3399/3673/3676 3378/3650/3653 3377/3649/3652 3400/3674/3677
f 3377/3649/3652 3379/3652/3655 3401/3675/3678 3400/3674/3677
f 3401/3675/3678 3379/3652/3655 3388/3676/3679 3402/3677/3680
f 3402/3677/3680 3388/3676/3679 3389/3678/3681 3403/3679/3682
f 3403/3679/3682 3389/3678/3681 3390/3661/3664 3404/3680/3683
f 3390/3661/3664 3391/3660/3663 3405/3681/3684 3404/3680/3683
f 3405/3681/3684 3391/3660/3663 3392/3665/3668 3406/3682/3685
f 3392/3665/3668 3393/3664/3667 3407/3683/3686 3406/3682/3685
f 3407/3683/3686 3393/3664/3667 3394/3684/3687 3408/3685/3688
f 2956/3625/3638 3447/3686/2137 3448/3687/3689 2813/3626/3136
f 3522/3688/3690 3398/3689/3691 3397/3690/3692 3521/3672/3675
f 3399/3673/3676 3427/3691/3693 3371/3639/3644
f 3410/3692/3694 3427/3691/3693 3428/3693/3695 3412/3694/3696
f 3412/3694/3696 3428/3693/3695 3426/3695/3697 3413/3696/3698
f 3413/3696/3698 3426/3695/3697 3402/3677/3680 3414/3697/3699
f 3403/3679/3682 3425/3698/3700 3402/3677/3680
f 3415/3699/3701 3425/3698/3700 3422/3700/3702 3416/3701/3703
f 3416/3701/3703 3422/3700/3702 3405/3681/3684 3417/3702/3704
f 3417/3702/3704 3405/3681/3684 3424/3703/3705 3418/3704/3706
f 3418/3704/3706 3424/3703/3705 3423/3705/3707 3419/3706/3708
f 3419/3706/3708 3423/3705/3707 3408/3685/3688 3420/3707/3709
f 3425/3698/3700 3415/3699/3701 3414/3697/3699 3402/3677/3680
f 3405/3681/3684 3406/3682/3685 3424/3703/3705
f 3422/3700/3702 3404/3680/3683 3405/3681/3684
f 3423/3705/3707 3407/3683/3686 3408/3685/3688
f 3425/3698/3700 3403/3679/3682 3404/3680/3683 3422/3700/3702
f 3424/3703/3705 3406/3682/3685 3407/3683/3686 3423/3705/3707
f 3427/3691/3693 3410/3692/3694 3341/3654/3657 3371/3639/3644
f 3426/3695/3697 3401/3675/3678 3402/3677/3680
f 3428/3693/3695 3400/3674/3677 3401/3675/3678 3426/3695/3697
f 3427/3691/3693 3399/3673/3676 3400/3674/3677 3428/3693/3695
f 3524/3668/3671 3520/3671/3674 3396/3708/3710 3421/3669/3672
f 3523/3709/3711 3534/3710/3712 3420/3711/3709 3433/3712/3713
f 3536/3713/3714 3523/3709/3711 3433/3712/3713 3446/3714/3715
f 3522/3715/3690 3536/3713/3714 3446/3714/3715 3398/3716/3691
f 3534/3710/3712 3527/3717/3716 3419/3718/3708 3420/3711/3709
f 3525/3719/3717 3529/3720/3718 3412/3721/3696 3413/3722/3698
f 3526/3723/3719 3531/3724/3720 3415/3725/3701 3416/3726/3703
f 3508/3727/3721 3341/3728/3657 3410/3729/3694 3530/3730/3722
f 3435/3731/3723 3434/3732/3724 3432/3733/3725 2817/3734/3726
f 3525/3719/3717 3528/3735/3727 3411/3736/3728 3436/3737/3729
f 3531/3724/3720 3437/3738/3730 3411/3736/3728 3528/3735/3727
f 3526/3723/3719 3532/3739/3731 3431/3740/3732 3438/3741/3733
f 3533/3742/3734 3439/3743/3735 3431/3740/3732 3532/3739/3731
f 3440/3744/3736 2956/3625/3638 3431/3740/3732 3439/3743/3735
f 3429/3670/3673 3449/3745/3737 3408/3685/3688 3394/3684/3687
f 3530/3730/3722 3529/3720/3718 3434/3732/3724 3435/3731/3723
f 3411/3736/3728 3432/3733/3725 3434/3732/3724 3436/3737/3729
f 3431/3740/3732 3411/3736/3728 3437/3738/3730 3438/3741/3733
f 3527/3717/3716 3440/3744/3736 3439/3743/3735 3533/3742/3734
f 3387/2833/2929 3395/3746/3738 3430/3747/3739 3409/2834/2930
f 3519/3666/3669 3348/2840/2936 3395/3746/3738 3535/3667/3670
f 3395/3746/3738 3348/2840/2936 3360/2839/2935 3430/3747/3739
f 3431/3740/3732 3442/3748/3740 3443/3749/3741 3411/3736/3728
f 3411/3736/3728 3443/3749/3741 3441/3750/3742 3432/3733/3725
f 2956/3625/3638 3279/3614/3633 3442/3748/3740 3431/3740/3732
f 3290/3174/3258 2930/3173/3257 3444/3751/3743 3284/3584/3608
f 3619/3752/3744 3616/3266/3342 3284/3584/3608 3444/3751/3743
f 3409/2834/2930 3430/3747/3739 3360/2839/2935 3281/2831/2927
f 3429/3670/3673 3421/3669/3672 3450/3753/3745 3449/3745/3737
f 3396/3708/3710 3397/3690/3692 3450/3753/3745 3421/3669/3672
f 3449/3745/3737 3452/3754/3746 3408/3685/3688
f 3449/3745/3737 3450/3753/3745 3451/3755/3747 3452/3754/3746
f 3446/3756/3715 3451/3755/3747 3397/3690/3692 3398/3689/3691
f 3452/3754/3746 3433/3757/3713 3420/3707/3709 3408/3685/3688
f 3451/3755/3747 3446/3756/3715 3433/3757/3713 3452/3754/3746
f 3451/3755/3747 3450/3753/3745 3397/3690/3692
f 2883/3758/3224 3328/3759/3612 3492/3760/3748 3463/3172/3256
f 3257/3554/3580 3319/2850/2946 3491/3283/3357 3487/3539/3565
f 3506/3761/3631 3537/3762/3749 3466/3763/3750 2812/3764/3632
f 2806/3765/3509 3283/3766/3225 3489/3171/3255 3467/3197/3280
f 3328/3759/3612 3278/3767/3611 3488/3768/3751 3492/3760/3748
f 3432/3733/3725 3441/3750/3742 3445/3769/3752 2817/3734/3726
f 3343/3555/3581 3257/3554/3580 3487/3539/3565 3493/3538/3564
f 3240/3512/3541 3249/3289/3361 3486/3190/3274 3485/3499/3534
f 2026/3242/1761 2027/3237/1754 3242/3240/3319 3237/3243/3320
f 3058/3423/3490 3233/2950/3045 3484/3178/3262 3475/3401/3468
f 3195/3488/3531 3219/2818/2914 3483/3198/3281 3482/3480/3524
f 2891/3076/3170 3195/3488/3531 3482/3480/3524 3464/3170/3254
f 3005/3347/3415 3177/3175/3259 3481/2944/3039 3471/3344/3412
f 3648/3097/3191 3643/3428/3495 2904/3429/3496 2915/3098/3192
f 2804/3292/3364 3159/2998/3093 3480/3176/3260 3454/3191/3275
f 2899/3770/3240 3115/3771/3239 3479/3196/3279 3465/3168/3252
f 2849/2949/3044 3100/3226/3309 3478/3200/3283 3460/3179/3263
f 2828/3005/3100 3088/3183/3267 3477/2918/3013 3457/2901/2996
f 2837/2923/3018 3072/3424/3491 3476/3400/3467 3458/3185/3269
f 3072/3424/3491 3058/3423/3490 3475/3401/3468 3476/3400/3467
f 3043/3376/3444 3041/2920/3015 3474/2919/3014 3473/3348/3416
f 3044/3373/3441 3043/3376/3444 3473/3348/3416 3472/3345/3413
f 3042/3374/3442 3044/3373/3441 3472/3345/3413 3471/3344/3412
f 3319/2850/2946 2808/2849/2945 3455/3284/3353 3491/3283/3357
f 2808/3772/2945 2986/3773/2944 3470/3278/3354 3455/3277/3353
f 2934/3225/3308 2953/2982/3077 3469/3177/3261 3468/3201/3284
f 3100/3226/3309 2934/3225/3308 3468/3201/3284 3478/3200/3283
f 3219/2818/2914 2800/2817/2913 3453/3199/3282 3483/3198/3281
f 3115/3771/3239 2806/3765/3509 3467/3197/3280 3479/3196/3279
f 3249/3289/3361 2804/3292/3364 3454/3191/3275 3486/3190/3274
f 2843/2887/2982 2824/2886/2981 3456/3184/3268 3459/2945/3040
f 2824/2886/2981 2837/2923/3018 3458/3185/3269 3456/3184/3268
f 3233/2950/3045 2849/2949/3044 3460/3179/3263 3484/3178/3262
f 2953/2982/3077 2855/2981/3076 3461/3169/3253 3469/3177/3261
f 3159/2998/3093 2858/2997/3092 3462/2900/2995 3480/3176/3260
f 3283/3766/3225 2883/3758/3224 3463/3172/3256 3489/3171/3255
f 2855/2981/3076 2891/3076/3170 3464/3170/3254 3461/3169/3253
f 3625/3774/3502 2899/3770/3240 3465/3168/3252 3685/3167/3251
f 3177/3175/3259 2843/2887/2982 3459/2945/3040 3481/2944/3039
f 3088/3183/3267 3006/3182/3266 3474/2919/3014 3477/2918/3013
f 3368/3637/3642 3494/3775/3645 3340/3635/3640 3339/3619/3637
f 3368/3637/3642 3304/3638/3643 3367/3655/3658 3494/3775/3645
f 3367/3776/3658 3341/3728/3657 3490/3642/3646 3494/3641/3645
f 3278/3767/3611 2812/3764/3632 3466/3763/3750 3488/3768/3751
f 3441/3750/3742 3495/3777/3753 3445/3769/3752
f 3334/3060/3154 3620/3778/3754 3442/3748/3740 3279/3614/3633
f 3443/3749/3741 3496/3779/3755 3495/3777/3753 3441/3750/3742
f 3445/3769/3752 3495/3777/3753 3492/3760/3748 3488/3768/3751
f 2930/3173/3257 3463/3172/3256 3492/3760/3748 3495/3777/3753
f 3444/3751/3743 2930/3173/3257 3495/3777/3753 3496/3779/3755
f 3620/3778/3754 3619/3752/3744 3444/3751/3743 3496/3779/3755
f 2817/3734/3726 3445/3769/3752 3488/3768/3751 3466/3763/3750
f 3158/3457/3505 2805/2821/2917 3165/2856/2952 3497/2855/2951
f 3568/3502/3537 3558/3780/3756 2161/3781/2555 3554/3503/2531
f 3559/3782/3757 3567/3506/3540 3555/3509/2561 3553/3783/2575
f 3558/3780/3756 3559/3782/3757 3553/3783/2575 2161/3781/2555
f 3537/3762/3749 3490/3642/3646 3341/3728/3657 3508/3727/3721
f 3466/3763/3750 3537/3762/3749 3508/3727/3721 2817/3734/3726
f 3300/3643/3641 3490/3642/3646 3537/3762/3749 3506/3761/3631
f 3394/3684/3687 3519/3666/3669 3535/3667/3670 3429/3670/3673
f 3419/3718/3708 3527/3717/3716 3533/3742/3734 3418/3784/3706
f 3410/3729/3694 3412/3721/3696 3529/3720/3718 3530/3730/3722
f 3418/3784/3706 3533/3742/3734 3532/3739/3731 3417/3785/3704
f 3416/3726/3703 3417/3785/3704 3532/3739/3731 3526/3723/3719
f 3415/3725/3701 3531/3724/3720 3528/3735/3727 3414/3786/3699
f 3413/3722/3698 3414/3786/3699 3528/3735/3727 3525/3719/3717
f 2817/3734/3726 3508/3727/3721 3530/3730/3722 3435/3731/3723
f 3438/3741/3733 3437/3738/3730 3531/3724/3720 3526/3723/3719
f 3436/3737/3729 3434/3732/3724 3529/3720/3718 3525/3719/3717
f 2956/3625/3638 3440/3744/3736 3527/3717/3716 3534/3710/3712
f 2813/3626/3136 3448/3687/3689 3536/3713/3714 3522/3715/3690
f 3448/3687/3689 3447/3686/2137 3523/3709/3711 3536/3713/3714
f 3447/3686/2137 2956/3625/3638 3534/3710/3712 3523/3709/3711
f 3387/2833/2929 3259/2832/2928 3520/3671/3674 3524/3668/3671
f 2813/3041/3136 3522/3688/3690 3521/3672/3675 3307/3038/3133
f 3396/3708/3710 3520/3671/3674 3521/3672/3675 3397/3690/3692
f 3395/3746/3738 3387/2833/2929 3524/3668/3671 3535/3667/3670
f 3393/3664/3667 3518/3663/3666 3519/3666/3669 3394/3684/3687
f 3375/3653/3656 3376/2841/2937 3518/3663/3666 3517/3662/3665
f 3391/3660/3663 3516/3659/3662 3517/3662/3665 3392/3665/3668
f 3374/3557/3583 2811/3645/3648 3516/3659/3662 3515/3658/3661
f 3389/3678/3681 3514/3657/3660 3515/3658/3661 3390/3661/3664
f 3388/3676/3679 3513/3656/3659 3514/3657/3660 3389/3678/3681
f 3379/3652/3655 3512/3651/3654 3513/3656/3659 3388/3676/3679
f 3372/2844/2940 3512/3651/3654 3510/3648/3651 2818/2845/2941
f 3295/3590/3614 2818/2845/2941 3510/3648/3651 3511/3646/3649
f 3296/3593/3617 3502/3592/3616 3511/3646/3649 3378/3650/3653
f 3298/3597/3621 3363/3600/3624 3509/3598/3622 3503/3596/3620
f 3326/3616/3634 3300/3636/3641 3506/3607/3631 3507/3605/3629
f 3299/3617/3635 3326/3616/3634 3507/3605/3629 3505/3599/3623
f 3363/3600/3624 3299/3617/3635 3505/3599/3623 3509/3598/3622
f 2810/3573/3599 2873/3572/3598 3504/3595/3619 3503/3596/3620
f 3294/3591/3615 3502/3592/3616 3504/3595/3619 2873/3572/3598
f 3548/3037/3132 3541/2883/2978 3542/2882/2977 3545/3787/3758
f 3552/3033/3128 3546/3788/3759 3544/3789/3760 3543/2893/2988
f 3546/3788/3759 3549/2927/3022 3547/3046/3141 3544/3789/3760
f 3545/3787/3758 3542/2882/2977 3550/3790/3761 3551/2894/2989
f 3538/2931/3026 3539/2928/3023 3549/2927/3022 3546/3788/3759
f 3540/2932/3027 3538/2931/3026 3546/3788/3759 3552/3033/3128
f 3544/3789/3760 3545/3787/3758 3551/2894/2989 3543/2893/2988
f 3547/3046/3141 3548/3037/3132 3545/3787/3758 3544/3789/3760
f 2839/2891/2986 3540/2932/3027 3552/3033/3128 2868/3032/3127
f 2876/2895/2990 3551/2894/2989 3550/3790/3761 2842/3451/3503
f 2842/3451/3503 3550/3790/3761 3542/2882/2977 2823/2881/2976
f 2835/3047/3142 3547/3046/3141 3549/2927/3022 2867/2926/3021
f 2021/3791/2210 3557/3516/3544 2160/3517/2229 2020/3792/620
f 3567/3506/3540 3582/3793/3762 2041/3794/2211 2017/3507/1984
f 1257/3233/1750 3238/3236/3317 3572/3795/3763 2043/3796/2213
f 3573/3797/3764 3574/3798/3765 3559/3782/3757 3558/3780/3756
f 3574/3798/3765 3582/3793/3762 3567/3506/3540 3559/3782/3757
f 3583/3799/3766 3573/3797/3764 3558/3780/3756 3568/3502/3537
f 3572/3795/3763 3575/3800/3767 3560/3163/3249 3557/3516/3544
f 3579/3801/3768 3583/3799/3766 3568/3502/3537 3564/3154/3245
f 3580/3802/3769 3576/3803/3770 3561/3157/3246 3565/3150/3243
f 3578/3804/3771 3577/3805/3772 3562/3281/3356 3563/3160/3248
f 3623/3806/3773 3581/3807/3774 3566/3159/3247 3622/3248/3325
f 3575/3800/3767 3584/3808/3775 3569/3164/3250 3560/3163/3249
f 3581/3807/3774 3578/3804/3771 3563/3160/3248 3566/3159/3247
f 3576/3803/3770 3571/3809/3776 3556/3153/3244 3561/3157/3246
f 3571/3809/3776 3579/3801/3768 3564/3154/3245 3556/3153/3244
f 3689/3810/3777 3580/3802/3769 3565/3150/3243 3686/3149/3242
f 2915/3098/3192 2904/3429/3496 3129/2911/3006 3134/2910/3005
f 3252/3462/3507 3254/3515/2915 3114/3811/2918 3570/3188/3272
f 3114/3811/2918 3171/3471/3506 2898/3189/3273 3570/3188/3272
f 3557/3516/3544 2021/3791/2210 2043/3796/2213 3572/3795/3763
f 3638/3468/3513 2895/3465/3510 3580/3802/3769 3689/3810/3777
f 2798/3469/3514 2866/3470/3515 3579/3801/3768 3571/3809/3776
f 3124/3466/3511 2798/3469/3514 3571/3809/3776 3576/3803/3770
f 2957/2878/2973 2799/2877/2972 3578/3804/3771 3581/3807/3774
f 3247/2854/2950 2814/2853/2949 3584/3808/3775 3575/3800/3767
f 3588/3261/3337 2957/2878/2973 3581/3807/3774 3623/3806/3773
f 2799/2877/2972 2972/3467/3512 3577/3805/3772 3578/3804/3771
f 2895/3465/3510 3124/3466/3511 3576/3803/3770 3580/3802/3769
f 2866/3470/3515 3499/3514/3543 3583/3799/3766 3579/3801/3768
f 3500/3513/3542 1945/3518/1991 2041/3794/2211 3582/3793/3762
f 3238/3236/3317 3247/2854/2950 3575/3800/3767 3572/3795/3763
f 3499/3514/3543 3498/3505/3539 3573/3797/3764 3583/3799/3766
f 3501/3504/3538 3500/3513/3542 3582/3793/3762 3574/3798/3765
f 3498/3505/3539 3501/3504/3538 3574/3798/3765 3573/3797/3764
f 1899/3498/1977 2022/3510/1985 3240/3512/3541 3485/3499/3534
f 2814/2853/2949 3588/3261/3337 3623/3806/3773 3584/3808/3775
f 3584/3808/3775 3623/3806/3773 3622/3248/3325 3569/3164/3250
f 3334/3060/3154 2967/3063/3157 3619/3752/3744 3620/3778/3754
f 2967/3063/3157 3291/2863/2959 3616/3266/3342 3619/3752/3744
f 3261/3812/3586 3615/3537/3563 3618/3262/3338 3344/3813/3587
f 2820/3814/2933 3585/3613/3341 3617/3534/3560 3320/3815/2934
f 3320/3815/2934 3617/3534/3560 3615/3537/3563 3261/3812/3586
f 2850/2969/3064 3593/3255/3331 3614/3396/3463 3234/2970/3065
f 2821/2797/2893 3586/3492/3339 3613/3478/3522 3220/2798/2894
f 3220/2798/2894 3613/3478/3522 3612/3252/3328 3196/3489/3532
f 2844/2899/2994 3592/3257/3333 3611/3018/3113 3179/3258/3334
f 2859/2905/3000 3595/3296/3367 3610/3260/3336 3160/3003/3098
f 2819/2825/2921 3587/3267/3343 3609/3250/3326 3127/2826/2922
f 2935/3219/3302 3598/3247/3324 3608/3254/3330 3101/3220/3303
f 3009/2935/3030 3601/3377/3445 3607/3010/3105 3091/2936/3031
f 3059/3419/3486 3605/3399/3466 3606/3268/3344 3073/3420/3487
f 3234/2970/3065 3614/3396/3463 3605/3399/3466 3059/3419/3486
f 3012/3372/3440 3010/3371/3439 3604/3019/3114 3603/3379/3447
f 3011/3375/3443 3012/3372/3440 3603/3379/3447 3602/3378/3446
f 3009/2935/3030 3011/3375/3443 3602/3378/3446 3601/3377/3445
f 2829/2904/2999 3590/3012/3107 3595/3296/3367 2859/2905/3000
f 3641/3136/3229 3690/3269/3345 3600/3264/3340 2975/3293/3365
f 3073/3420/3487 3606/3268/3344 3591/3259/3335 2838/2930/3025
f 3284/3584/3608 3616/3266/3342 3587/3267/3343 2819/2825/2921
f 2975/3293/3365 3600/3264/3340 3585/3265/3341 2820/3294/2933
f 3344/3813/3587 3618/3262/3338 3586/3263/3339 2821/3816/2893
f 3160/3003/3098 3610/3260/3336 3588/3261/3337 2814/2853/2949
f 2838/2930/3025 3591/3259/3335 3589/3256/3332 2826/2898/2993
f 2826/2898/2993 3589/3256/3332 3592/3257/3333 2844/2899/2994
f 3101/3220/3303 3608/3254/3330 3593/3255/3331 2850/2969/3064
f 2892/3079/3173 3596/3253/3329 3594/3245/3322 2856/2993/3088
f 3196/3489/3532 3612/3252/3328 3596/3253/3329 2892/3079/3173
f 3127/2826/2922 3609/3250/3326 3597/3251/3327 2901/3135/3228
f 3569/3164/3250 3622/3248/3325 3621/3249/2410 2208/3165/2295
f 2954/2994/3089 3599/3246/3323 3598/3247/3324 2935/3219/3302
f 2856/2993/3088 3594/3245/3322 3599/3246/3323 2954/2994/3089
f 3179/3258/3334 3611/3018/3113 3604/3019/3114 3010/3371/3439
f 3091/2936/3031 3607/3010/3105 3590/3012/3107 2829/2904/2999
f 3443/3749/3741 3442/3748/3740 3620/3778/3754 3496/3779/3755
f 2901/3135/3228 3597/3251/3327 3690/3269/3345 3641/3136/3229
f 2972/3467/3512 3638/3468/3513 3689/3810/3777 3577/3805/3772
f 3577/3805/3772 3689/3810/3777 3686/3149/3242 3562/3281/3356
f 2986/3773/2944 3625/3774/3502 3685/3167/3251 3470/3278/3354
f 2982/3302/3373 2977/3318/3389 3643/3428/3495 3648/3097/3191
f 2896/3628/3232 3351/3545/3571 3684/3527/3553 3624/3633/3393
f 2973/3632/3359 3355/3533/3559 3683/3542/3568 3639/3629/3235
f 3268/3532/3558 3314/3323/3391 3682/3192/3276 3680/3543/3569
f 3264/3544/3570 3310/3148/3241 3681/3449/3501 3679/3528/3554
f 3355/3533/3559 3268/3532/3558 3680/3543/3569 3683/3542/3568
f 3351/3545/3571 3264/3544/3570 3679/3528/3554 3684/3527/3553
f 2023/3511/1987 2148/3493/1973 3688/3440/3497 3244/3442/3499
f 3069/3394/3461 3230/3300/3371 3676/3104/3198 3661/3409/3476
f 3066/3406/3473 3227/3111/3205 3675/3312/3383 3660/3390/3457
f 3201/3477/3521 3214/3288/3360 3674/3141/3234 3672/3482/3526
f 3197/3484/3527 3210/3140/3233 3673/3324/3392 3671/3475/3519
f 2983/3305/3376 3201/3477/3521 3672/3482/3526 3649/3081/3175
f 2916/3086/3180 3197/3484/3527 3671/3475/3519 3633/3307/3378
f 3034/3361/3429 3175/3023/3118 3670/3015/3110 3652/3358/3426
f 3050/3333/3401 3185/3029/3124 3669/3088/3182 3656/3380/3448
f 2898/3189/3273 2914/3124/3218 3632/3454/3504 3677/3186/3270
f 2972/3467/3512 3169/3303/3374 3668/3096/3190 3638/3468/3513
f 2985/3291/3363 3253/3290/3362 3678/3441/3498 3687/3187/3271
f 2914/3124/3218 2905/3123/3217 3627/3427/3494 3632/3454/3504
f 3310/3148/3241 2899/3147/3240 3625/3450/3502 3681/3449/3501
f 3243/3495/3533 3252/3462/3507 3678/3441/3498 3688/3440/3497
f 2980/3299/3370 3112/3276/3352 3667/3208/3291 3646/3105/3199
f 2910/3110/3204 3108/3207/3290 3666/3275/3351 3630/3313/3384
f 2977/3318/3389 3097/3027/3122 3665/3308/3379 3643/3428/3495
f 2905/3123/3217 3086/3388/3455 3664/3314/3385 3627/3427/3494
f 2906/3119/3213 3080/3407/3474 3663/3389/3456 3628/3317/3388
f 2978/3297/3368 3083/3395/3462 3662/3408/3475 3644/3114/3208
f 3083/3395/3462 3069/3394/3461 3661/3409/3476 3662/3408/3475
f 3080/3407/3474 3066/3406/3473 3660/3390/3457 3663/3389/3456
f 3040/3370/3438 3038/3310/3381 3659/3309/3380 3658/3382/3450
f 3039/3367/3435 3040/3370/3438 3658/3382/3450 3657/3381/3449
f 3037/3368/3436 3039/3367/3435 3657/3381/3449 3656/3380/3448
f 3055/3385/3453 3053/3181/3265 3655/3315/3386 3654/3362/3430
f 3056/3383/3451 3055/3385/3453 3654/3362/3430 3653/3359/3427
f 3054/3384/3452 3056/3383/3451 3653/3359/3427 3652/3358/3426
f 3210/3140/3233 2896/3139/3232 3624/3325/3393 3673/3324/3392
f 2969/3128/3221 2900/3127/3220 3640/3319/3277 3637/3270/3346
f 2909/3022/3117 2902/3120/3214 3626/3316/3387 3629/3016/3111
f 2902/3120/3214 2906/3119/3213 3628/3317/3388 3626/3316/3387
f 3086/3388/3455 3033/3364/3432 3655/3315/3386 3664/3314/3385
f 3227/3111/3205 2910/3110/3204 3630/3313/3384 3675/3312/3383
f 2950/3103/3197 2912/3087/3181 3631/3306/3377 3636/3272/3348
f 3097/3027/3122 3049/3026/3121 3659/3309/3380 3665/3308/3379
f 2912/3087/3181 2916/3086/3180 3633/3307/3378 3631/3306/3377
f 3108/3207/3290 2942/3206/3289 3635/3271/3347 3666/3275/3351
f 2942/3206/3289 2950/3103/3197 3636/3272/3348 3635/3271/3347
f 3597/3251/3327 2969/3128/3221 3637/3270/3346 3690/3269/3345
f 2996/3274/3350 2998/3273/3349 3651/3100/3194 3650/3209/3292
f 3112/3276/3352 2996/3274/3350 3650/3209/3292 3667/3208/3291
f 3314/3323/3391 2974/3322/2963 3640/3193/3277 3682/3192/3276
f 3170/2995/3090 2985/3291/3363 3687/3187/3271 3677/3186/3270
f 3470/3278/3354 3685/3167/3251 3634/3133/3226 2995/3279/3355
f 3562/3281/3356 3686/3149/3242 2778/3152/2378 2162/3282/2484
f 3214/3288/3360 2973/3287/3359 3639/3142/3235 3674/3141/3234
f 2995/3279/3355 3634/3133/3226 3641/3136/3229 2975/3293/3365
f 2979/3028/3123 2976/3295/3366 3642/3113/3207 3645/3089/3183
f 2976/3295/3366 2978/3297/3368 3644/3114/3208 3642/3113/3207
f 3230/3300/3371 2980/3299/3370 3646/3105/3199 3676/3104/3198
f 2998/3273/3349 2981/3301/3372 3647/3080/3174 3651/3100/3194
f 3169/3303/3374 2982/3302/3373 3648/3097/3191 3668/3096/3190
f 3185/3029/3124 2979/3028/3123 3645/3089/3183 3669/3088/3182
f 2981/3301/3372 2983/3305/3376 3649/3081/3175 3647/3080/3174
f 3175/3023/3118 2909/3022/3117 3629/3016/3111 3670/3015/3110
f 3826/3817/3778 3822/3818/3779 3762/3819/3780 3763/3820/3781
f 3807/3821/3782 3770/3822/3783 3720/3823/3784 3801/3824/3785
f 6055/3825/3786 6068/3826/3787 3796/3827/3788 3790/3828/3789
f 6150/3829/3790 3704/3830/3791 3708/3831/3792 3709/3832/3793
f 3705/3833/3794 6151/3834/3795 3767/3835/3796 3711/3836/3797
f 3704/3830/3791 3703/3837/3798 3766/3838/3799 3708/3831/3792
f 3701/3839/3800 3695/3840/3801 3696/3841/3802 3707/3842/3803
f 6151/3834/3795 3706/3843/3804 3710/3844/3805 3767/3835/3796
f 3706/3843/3804 6150/3829/3790 3709/3832/3793 3710/3844/3805
f 3702/3845/3806 3701/3839/3800 3707/3842/3803 3733/3846/3807
f 3703/3837/3798 3702/3845/3806 3733/3846/3807 3766/3838/3799
f 3698/3847/3808 6024/3848/3809 3712/3849/3810 3734/3850/3811
f 3700/3851/3812 3698/3847/3808 3734/3850/3811 3713/3852/3813
f 6110/3853/3814 6135/3854/3815 3693/3855/3816 3715/3856/3817
f 3697/3857/3818 3705/3833/3794 3711/3836/3797 3714/3858/3819
f 3699/3859/3820 6110/3853/3814 3715/3856/3817 3768/3860/3821
f 6024/3848/3809 3697/3857/3818 3714/3858/3819 3712/3849/3810
f 6135/3854/3815 3700/3851/3812 3713/3852/3813 3693/3855/3816
f 6055/3825/3786 3790/3828/3789 3785/3861/3822 3694/3862/3823
f 3831/3863/3824 3819/3864/3825 3756/3865/3826 3805/3866/3827
f 3778/3867/3828 3716/3868/710 565/3869/969 3777/3870/3829
f 3812/3871/3830 560/3872/715 561/3873/714 3772/3874/3831
f 3772/3874/3831 561/3873/714 3691/3875/723 3773/3876/3832
f 3773/3876/3832 3691/3875/723 3719/3877/722 3774/3878/3833
f 3774/3878/3833 3719/3877/722 3769/3879/707 3781/3880/3834
f 3781/3880/3834 3769/3879/707 3718/3881/706 3775/3882/3835
f 3779/3883/3836 3717/3884/711 3716/3868/710 3778/3867/3828
f 3782/3885/3837 566/3886/819 3717/3884/711 3779/3883/3836
f 3775/3882/3835 3718/3881/706 566/3886/819 3782/3885/3837
f 3814/3887/3838 3815/3888/3839 3759/3889/3840 3760/3890/3841
f 3816/3891/3842 3817/3892/3843 3757/3893/3844 3758/3894/3845
f 3820/3895/3846 3821/3896/3847 3750/3897/3848 3752/3898/3849
f 3819/3864/3825 3816/3891/3842 3758/3894/3845 3756/3865/3826
f 3823/3899/3850 3824/3900/3851 3753/3901/3852 3754/3902/3853
f 3832/3903/3854 3826/3817/3778 3763/3820/3781 3811/3904/3855
f 3828/3905/3856 3825/3906/3857 3764/3907/3858 3751/3908/3859
f 3824/3900/3851 3820/3895/3846 3752/3898/3849 3753/3901/3852
f 3730/3909/3860 3729/3910/3861 3786/3911/3862 3784/3912/3863
f 3821/3896/3847 3828/3905/3856 3751/3908/3859 3750/3897/3848
f 3830/3913/3864 3829/3914/3865 3799/3915/3866 3804/3916/3867
f 3799/3915/3866 3829/3914/3865 3818/3917/3868 3797/3918/3869
f 3793/3919/3870 3727/3920/3871 3732/3921/3872 3783/3922/3873
f 3783/3922/3873 3732/3921/3872 3731/3923/3874 3794/3924/3875
f 3794/3924/3875 3731/3923/3874 3730/3909/3860 3784/3912/3863
f 3792/3925/3876 3720/3823/3784 3722/3926/3877 3791/3927/3878
f 3760/3890/3841 3797/3918/3869 3818/3917/3868 3814/3887/3838
f 3787/3928/3879 3726/3929/3880 3727/3920/3871 3793/3919/3870
f 3788/3930/3881 3725/3931/3882 3726/3929/3880 3787/3928/3879
f 3789/3932/3883 3724/3933/3884 3725/3931/3882 3788/3930/3881
f 3795/3934/3885 3723/3935/3886 3724/3933/3884 3789/3932/3883
f 3813/3936/3887 3809/3937/3888 3723/3935/3886 3795/3934/3885
f 3806/3938/3889 567/3939/917 564/3940/916 3776/3941/3890
f 3807/3821/3782 559/3942/975 3692/3943/719 3770/3822/3783
f 3692/3943/719 563/3944/718 3771/3945/3891 3770/3822/3783
f 3720/3823/3784 3770/3822/3783 3771/3945/3891 3722/3926/3877
f 3727/3920/3871 3775/3882/3835 3782/3885/3837 3732/3921/3872
f 3732/3921/3872 3782/3885/3837 3779/3883/3836 3731/3923/3874
f 3731/3923/3874 3779/3883/3836 3778/3867/3828 3730/3909/3860
f 3758/3894/3845 3784/3912/3863 3786/3911/3862 3756/3865/3826
f 3805/3866/3827 3761/3946/3892 4672/3947/3893 3755/3948/3894
f 3726/3929/3880 3781/3880/3834 3775/3882/3835 3727/3920/3871
f 3725/3931/3882 3774/3878/3833 3781/3880/3834 3726/3929/3880
f 3724/3933/3884 3773/3876/3832 3774/3878/3833 3725/3931/3882
f 3723/3935/3886 3772/3874/3831 3773/3876/3832 3724/3933/3884
f 3809/3937/3888 3812/3871/3830 3772/3874/3831 3723/3935/3886
f 3778/3867/3828 3777/3870/3829 3729/3910/3861 3730/3909/3860
f 3806/3938/3889 3776/3941/3890 3728/3949/3895 3800/3950/3896
f 3811/3904/3855 3813/3936/3887 3795/3934/3885 3764/3907/3858
f 3764/3907/3858 3795/3934/3885 3789/3932/3883 3751/3908/3859
f 3751/3908/3859 3789/3932/3883 3788/3930/3881 3750/3897/3848
f 3750/3897/3848 3788/3930/3881 3787/3928/3879 3752/3898/3849
f 3752/3898/3849 3787/3928/3879 3793/3919/3870 3753/3901/3852
f 3792/3925/3876 3791/3927/3878 3763/3820/3781 3762/3819/3780
f 3757/3893/3844 3794/3924/3875 3784/3912/3863 3758/3894/3845
f 3754/3902/3853 3783/3922/3873 3794/3924/3875 3757/3893/3844
f 3753/3901/3852 3793/3919/3870 3783/3922/3873 3754/3902/3853
f 3817/3892/3843 3823/3899/3850 3754/3902/3853 3757/3893/3844
f 6068/3826/3787 3699/3859/3820 3768/3860/3821 3796/3827/3788
f 3760/3890/3841 3759/3889/3840 4673/3951/3897 3797/3918/3869
f 3804/3916/3867 3808/3952/3898 3792/3925/3876 3762/3819/3780
f 3808/3952/3898 3801/3824/3785 3720/3823/3784 3792/3925/3876
f 3829/3914/3865 3798/3953/3899 3746/3954/3900 3818/3917/3868
f 3707/3842/3803 3696/3841/3802 3744/3955/3901 3745/3956/3902
f 3765/3957/3903 3721/3958/3904 3801/3824/3785 3808/3952/3898
f 3799/3915/3866 3765/3957/3903 3808/3952/3898 3804/3916/3867
f 3777/3870/3829 3806/3938/3889 3800/3950/3896 3729/3910/3861
f 3756/3865/3826 3786/3911/3862 3761/3946/3892 3805/3866/3827
f 3780/3959/3905 562/3960/1008 559/3942/975 3807/3821/3782
f 3777/3870/3829 565/3869/969 567/3939/917 3806/3938/3889
f 3822/3818/3779 3830/3913/3864 3804/3916/3867 3762/3819/3780
f 3729/3910/3861 3800/3950/3896 3761/3946/3892 3786/3911/3862
f 3827/3961/3906 3831/3863/3824 3805/3866/3827 3755/3948/3894
f 3780/3959/3905 3807/3821/3782 3801/3824/3785 3721/3958/3904
f 3707/3842/3803 3745/3956/3902 3746/3954/3900 3733/3846/3807
f 3766/3838/3799 3733/3846/3807 3746/3954/3900 3798/3953/3899
f 3790/3828/3789 3803/3962/3907 3740/3963/3908 3785/3861/3822
f 3763/3820/3781 3791/3927/3878 3813/3936/3887 3811/3904/3855
f 3749/3964/3909 3736/3965/3910 3714/3858/3819 3711/3836/3797
f 3736/3965/3910 3735/3966/3911 3712/3849/3810 3714/3858/3819
f 3735/3966/3911 3737/3967/3912 3734/3850/3811 3712/3849/3810
f 3737/3967/3912 3738/3968/3913 3713/3852/3813 3734/3850/3811
f 3738/3968/3913 3739/3969/3914 3693/3855/3816 3713/3852/3813
f 3739/3969/3914 3742/3970/3915 3715/3856/3817 3693/3855/3816
f 3742/3970/3915 3743/3971/3916 3768/3860/3821 3715/3856/3817
f 3743/3971/3916 3741/3972/3917 3796/3827/3788 3768/3860/3821
f 3741/3972/3917 3803/3962/3907 3790/3828/3789 3796/3827/3788
f 3722/3926/3877 3771/3945/3891 3812/3871/3830 3809/3937/3888
f 3791/3927/3878 3722/3926/3877 3809/3937/3888 3813/3936/3887
f 3825/3906/3857 3832/3903/3854 3811/3904/3855 3764/3907/3858
f 3771/3945/3891 563/3944/718 560/3872/715 3812/3871/3830
f 3708/3831/3792 3766/3838/3799 3798/3953/3899 3802/3973/3918
f 3709/3832/3793 3708/3831/3792 3802/3973/3918 3747/3974/3919
f 3710/3844/3805 3709/3832/3793 3747/3974/3919 3748/3975/3920
f 3748/3975/3920 3810/3976/3921 3767/3835/3796 3710/3844/3805
f 3767/3835/3796 3810/3976/3921 3749/3964/3909 3711/3836/3797
f 3749/3964/3909 3810/3976/3921 3832/3903/3854 3825/3906/3857
f 3740/3963/3908 3803/3962/3907 3831/3863/3824 3827/3961/3906
f 3747/3974/3919 3802/3973/3918 3830/3913/3864 3822/3818/3779
f 3797/3918/3869 4673/3951/3897 3765/3957/3903 3799/3915/3866
f 3742/3970/3915 3739/3969/3914 3823/3899/3850 3817/3892/3843
f 3746/3954/3900 3745/3956/3902 3814/3887/3838 3818/3917/3868
f 3802/3973/3918 3798/3953/3899 3829/3914/3865 3830/3913/3864
f 3735/3966/3911 3736/3965/3910 3828/3905/3856 3821/3896/3847
f 3738/3968/3913 3737/3967/3912 3820/3895/3846 3824/3900/3851
f 3736/3965/3910 3749/3964/3909 3825/3906/3857 3828/3905/3856
f 3810/3976/3921 3748/3975/3920 3826/3817/3778 3832/3903/3854
f 3739/3969/3914 3738/3968/3913 3824/3900/3851 3823/3899/3850
f 3741/3972/3917 3743/3971/3916 3816/3891/3842 3819/3864/3825
f 3737/3967/3912 3735/3966/3911 3821/3896/3847 3820/3895/3846
f 3743/3971/3916 3742/3970/3915 3817/3892/3843 3816/3891/3842
f 3745/3956/3902 3744/3955/3901 3815/3888/3839 3814/3887/3838
f 3803/3962/3907 3741/3972/3917 3819/3864/3825 3831/3863/3824
f 3748/3975/3920 3747/3974/3919 3822/3818/3779 3826/3817/3778
f 3876/3977/3922 3901/3978/3923 3902/3979/3924 3879/3980/3925
f 3859/3981/3926 1144/3982/1104 1143/3983/1123 3858/3984/3927
f 3851/3985/3928 3852/3986/3929 3854/3987/3930 3855/3988/3931
f 3942/3989/3932 3941/3990/3933 3943/3991/3934 3947/3992/3935
f 3944/3993/3936 3946/3994/3937 3948/3995/3938 3945/3996/3939
f 3894/3997/3940 3856/3998/3941 3858/3984/3927 3896/3999/3942
f 3878/4000/3943 3876/4001/3922 3879/4002/3925 3880/4003/3944
f 3874/4004/3945 3900/4005/3946 3901/3978/3923 3876/3977/3922
f 3888/4006/3947 3882/4007/3948 3881/4008/3949 3889/4009/3950
f 3850/4010/3951 3853/4011/3952 3852/3986/3929 3851/3985/3928
f 3887/4012/3953 3886/4013/3954 3884/4014/3955 3883/4015/3956
f 3883/4015/3956 3877/4016/3957 3878/4000/3943 3882/4007/3948
f 3857/4017/3958 3859/3981/3926 3858/3984/3927 3856/3998/3941
f 3888/4006/3947 3889/4009/3950 3892/4018/3959 3890/4019/3960
f 3901/3978/3923 3900/4005/3946 3906/4020/3961 3905/4021/3962
f 3887/4012/3953 3883/4015/3956 3882/4007/3948 3888/4006/3947
f 3893/4022/3963 3895/4023/3964 3886/4013/3954 3887/4012/3953
f 3949/4024/3965 3952/4025/3966 3951/4026/3967 3950/4027/3968
f 3855/3988/3931 3854/3987/3930 3857/4017/3958 3856/3998/3941
f 3877/4016/3957 3883/4015/3956 3884/4014/3955 3875/4028/3969
f 3853/4011/3952 3850/4010/3951 3849/4029/3970 3864/4030/3971
f 3877/4016/3957 3874/4031/3945 3876/4001/3922 3878/4000/3943
f 3902/3979/3924 3901/3978/3923 3905/4021/3962 3904/4032/3972
f 3882/4007/3948 3878/4000/3943 3880/4003/3944 3881/4008/3949
f 3945/3996/3939 3948/3995/3938 3952/4025/3966 3949/4024/3965
f 3944/3993/3936 3942/3989/3932 3947/3992/3935 3946/3994/3937
f 3950/4027/3968 3951/4026/3967 3833/4033/1018 1141/4034/1017
f 3839/4035/3973 3837/4036/3974 3838/4037/3975 3841/4038/3976
f 3845/4039/3977 3841/4038/3976 3838/4037/3975 3840/4040/3978
f 3844/4041/3979 3845/4039/3977 3840/4040/3978 3842/4042/3980
f 3907/4043/3981 3909/4044/3982 3838/4045/3975 3837/4046/3974
f 3909/4044/3982 3910/4047/3983 3840/4048/3978 3838/4045/3975
f 3887/4012/3953 3888/4006/3947 3890/4019/3960 3893/4022/3963
f 4017/4049/3984 3904/4032/3972 3905/4021/3962 4015/4050/3985
f 4017/4049/3984 4018/4051/3986 4019/4052/3987 3904/4032/3972
f 4020/4053/3988 3902/3979/3924 3904/4032/3972 4019/4052/3987
f 3891/4054/3989 3892/4018/3959 3889/4009/3950 4021/4055/3990
f 3889/4009/3950 3881/4008/3949 4022/4056/3991 4021/4055/3990
f 3881/4008/3949 3880/4003/3944 4023/4057/3992 4022/4056/3991
f 3880/4003/3944 3879/4002/3925 4024/4058/3993 4023/4057/3992
f 3879/3980/3925 3902/3979/3924 4020/4053/3988 4024/4059/3993
f 4372/4060/3994 4371/4061/3995 4391/4062/3996 4392/4063/3997
f 3922/4064/3998 3927/4065/3999 4393/4066/4000 4387/4067/4001
f 4374/4068/4002 4387/4067/4001 4393/4066/4000 4391/4062/3996
f 4375/4069/4003 3920/4070/4004 4372/4060/3994 4392/4063/3997
f 3927/4065/3999 3928/4071/4005 4394/4072/4006 4393/4066/4000
f 3929/4073/4007 3930/4074/4008 4390/4075/4009 4389/4076/4010
f 4381/4077/4011 4388/4078/4012 3921/4079/4013 4045/4080/4014
f 3921/4079/4013 4388/4078/4012 4394/4072/4006 3928/4071/4005
f 4387/4067/4001 4386/4081/4015 4043/4082/4016 3922/4064/3998
f 4043/4082/4016 4386/4081/4015 4385/4083/4017 3960/4084/4018
f 3960/4085/4018 4385/4086/4017 4384/4087/4019 3968/4088/4020
f 4548/4089/4021 4564/4090/4022 4049/4091/4023 4051/4092/4024
f 3969/4093/4025 3968/4088/4020 4384/4087/4019 4383/4094/4026
f 4046/4095/4027 3969/4093/4025 4383/4094/4026 4382/4096/4028
f 4045/4080/4014 4046/4097/4027 4382/4098/4028 4381/4077/4011
f 4380/4099/4029 4376/4100/4030 3934/4101/4031 3933/4102/4032
f 4374/4068/4002 4373/4103/4033 4386/4081/4015 4387/4067/4001
f 4385/4083/4017 4386/4081/4015 4373/4103/4033 4379/4104/4034
f 4384/4087/4019 4385/4086/4017 4379/4105/4034 4378/4106/4035
f 4383/4094/4026 4384/4087/4019 4378/4106/4035 4377/4107/4036
f 4382/4096/4028 4383/4094/4026 4377/4107/4036 4376/4108/4030
f 4380/4099/4029 4375/4069/4003 4388/4078/4012 4381/4077/4011
f 4393/4066/4000 4394/4072/4006 4392/4063/3997 4391/4062/3996
f 3932/4109/4037 4372/4060/3994 3920/4070/4004 3933/4102/4032
f 3931/4110/4038 4371/4061/3995 4372/4060/3994 3932/4109/4037
f 3981/4111/4039 3980/4112/4040 3979/4113/4041 3978/4114/4042
f 4142/4115/4043 4141/4116/4044 4347/4117/4045 4348/4118/4046
f 4405/4119/4047 3974/4120/4048 3975/4121/4049 4406/4122/4050
f 4008/4123/4051 4007/4124/4052 3980/4125/4040 4334/4126/4053
f 3970/4127/4054 3976/4128/4055 4338/4129/4056 4339/4130/4057
f 4010/4131/4058 4336/4132/4059 3982/4133/4060 4011/4134/4061
f 4345/4135/4062 4143/4136/4063 4353/4137/4064 4347/4117/4045
f 4138/4138/4065 4142/4115/4043 4348/4118/4046 4346/4139/4066
f 4139/4140/4067 4337/4141/4068 4346/4139/4066 4352/4142/4069
f 3981/4111/4039 3978/4114/4042 3977/4143/4070 3982/4144/4060
f 4007/4145/4052 4006/4146/4071 3979/4113/4041 3980/4112/4040
f 4009/4147/4072 4008/4123/4051 4334/4126/4053 4335/4148/4073
f 3993/4149/4074 3970/4150/4054 4339/4151/4057 4340/4152/4075
f 4337/4141/4068 4140/4153/4076 4138/4138/4065 4346/4139/4066
f 3971/4154/4077 4343/4155/4078 4344/4156/4079 3972/4157/4080
f 3982/4144/4060 3977/4143/4070 4012/4158/4081 4011/4159/4061
f 4406/4122/4050 3975/4121/4049 3976/4128/4055 4407/4160/4082
f 3995/4161/4083 4342/4162/4084 4343/4163/4078 3971/4164/4077
f 3994/4165/4085 3993/4149/4074 4340/4152/4075 4341/4166/4086
f 3994/4165/4085 4341/4166/4086 4342/4162/4084 3995/4161/4083
f 4009/4147/4072 4335/4148/4073 4336/4132/4059 4010/4131/4058
f 3933/4102/4032 3920/4070/4004 4375/4069/4003 4380/4099/4029
f 4630/4167/4087 4044/4168/4088 4639/4169/4089 4633/4170/4090
f 3931/4110/4038 3959/4171/4091 3923/4172/4092 4371/4061/3995
f 4569/4173/4093 4567/4174/4094 4552/4175/4095 4554/4176/4096
f 4588/4177/4097 4578/4178/4098 4563/4179/4099 4549/4180/4100
f 4659/4181/4101 4661/4182/4102 4585/4183/4103 4575/4184/4104
f 4558/4185/4105 4573/4186/4106 4581/4187/4107 4543/4188/4108
f 4578/4178/4098 4576/4189/4109 4561/4190/4110 4563/4179/4099
f 4573/4186/4106 4558/4185/4105 4545/4191/4111 4584/4192/4112
f 4080/4193/4113 4076/4194/4114 4083/4195/4115 4367/4196/4116
f 4088/4197/4117 4082/4198/4118 4033/4199/4119 4034/4200/4120
f 4087/4201/4121 4088/4202/4117 4034/4203/4120 4035/4204/4122
f 4086/4205/4123 4087/4201/4121 4035/4204/4122 4036/4206/4124
f 4085/4207/4125 4086/4205/4123 4036/4206/4124 4037/4208/4126
f 4294/4209/4127 4295/4210/4128 4085/4211/4125 4089/4212/4129
f 4040/4213/4130 4039/4214/4131 4041/4215/4132 4042/4216/4133
f 4302/4217/4134 4303/4218/4135 4036/4206/4124 4035/4204/4122
f 4039/4214/4131 4038/4219/4136 4037/4220/4126 4041/4215/4132
f 4040/4213/4130 4042/4216/4133 4034/4200/4120 4033/4199/4119
f 4044/4168/4088 4045/4080/4014 3921/4079/4013 3928/4071/4005
f 3959/4171/4091 4373/4103/4033 4374/4068/4002 3923/4172/4092
f 4633/4170/4090 4639/4169/4089 4043/4082/4016 4635/4221/4137
f 4388/4078/4012 4375/4069/4003 4392/4063/3997 4394/4072/4006
f 3934/4222/4031 3935/4223/4138 4390/4075/4009 3930/4074/4008
f 3936/4224/4139 3937/4225/4140 3929/4073/4007 4389/4076/4010
f 3931/4110/4038 3929/4226/4007 3937/4227/4140 3959/4171/4091
f 3932/4109/4037 3933/4102/4032 3934/4101/4031 3930/4228/4008
f 4389/4076/4010 4390/4075/4009 3935/4223/4138 3936/4224/4139
f 3931/4110/4038 3932/4109/4037 3930/4228/4008 3929/4226/4007
f 4395/4229/4141 3999/4230/4142 4000/4231/4143 4396/4232/4144
f 4035/4204/4122 4034/4203/4120 4042/4233/4133 4302/4217/4134
f 4037/4208/4126 4036/4206/4124 4303/4218/4135 4041/4234/4132
f 4301/4235/4145 4084/4236/4146 4368/4237/4147 4370/4238/4148
f 4381/4077/4011 4382/4098/4028 4376/4100/4030 4380/4099/4029
f 4376/4108/4030 4377/4107/4036 3935/4223/4138 3934/4222/4031
f 4377/4107/4036 4378/4106/4035 3936/4224/4139 3935/4223/4138
f 4378/4106/4035 4379/4105/4034 3937/4225/4140 3936/4224/4139
f 3907/4043/3981 3837/4046/3974 3836/4239/4149 3908/4240/4150
f 4053/4241/4151 3836/4242/4149 3837/4036/3974 3839/4035/3973
f 3940/4243/4152 3939/4244/4153 3956/4245/4154 3957/4246/4155
f 3847/4247/4156 3843/4248/4157 3846/4249/4158 3848/4250/4159
f 3926/4251/4160 3925/4252/4161 4178/4253/4162 4177/4254/4163
f 4026/4255/4164 4054/4256/4165 4055/4257/4166 4027/4258/4167
f 4025/4259/4168 4032/4260/4169 4057/4261/4170 4056/4262/4171
f 4180/4263/4172 4056/4262/4171 4057/4261/4170 4181/4264/4173
f 3925/4252/4161 3924/4265/4174 4179/4266/4175 4178/4253/4162
f 4028/4267/4176 4027/4258/4167 4055/4257/4166 4058/4268/4177
f 4059/4269/4178 3910/4047/3983 3909/4044/3982 4060/4270/4179
f 4060/4270/4179 3909/4044/3982 3907/4043/3981 4061/4271/4180
f 4018/4051/3986 4060/4270/4179 4061/4271/4180 4019/4052/3987
f 4061/4271/4180 3907/4043/3981 3908/4240/4150 3903/4272/4181
f 4019/4052/3987 4061/4271/4180 3903/4272/4181 4020/4053/3988
f 3843/4273/4157 3911/4274/4182 3912/4275/4183 3846/4276/4158
f 3899/4277/4184 4062/4278/4185 4070/4279/4186 3898/4280/4187
f 875/4281/1023 6836/4282/1081 4062/4278/4185 3899/4277/4184
f 6837/4283/1021 4068/4284/4188 3950/4027/3968 1141/4034/1017
f 3942/3989/3932 3944/3993/3936 4065/4285/4189 4069/4286/4190
f 4066/4287/4191 3862/4288/4192 3861/4289/4193 4064/4290/4194
f 4068/4284/4188 4072/4291/4195 3949/4024/3965 3950/4027/3968
f 4064/4290/4194 3861/4289/4193 3860/4292/4196 4063/4293/4197
f 4069/4286/4190 4067/4294/4198 3941/3990/3933 3942/3989/3932
f 3949/4024/3965 4072/4291/4195 4073/4295/4199 3945/3996/3939
f 4071/4296/4200 3863/4297/4201 3862/4288/4192 4066/4287/4191
f 3860/4292/4196 3898/4280/4187 4070/4279/4186 4063/4293/4197
f 3945/3996/3939 4073/4295/4199 4065/4285/4189 3944/3993/3936
f 4071/4296/4200 4066/4287/4191 3853/4011/3952 3864/4030/3971
f 3852/3986/3929 3853/4011/3952 4066/4287/4191 4064/4290/4194
f 4062/4278/4185 6836/4282/1081 1144/3982/1104 3859/3981/3926
f 3854/3987/3930 4063/4293/4197 4070/4279/4186 3857/4017/3958
f 3852/3986/3929 4064/4290/4194 4063/4293/4197 3854/3987/3930
f 4070/4279/4186 4062/4278/4185 3859/3981/3926 3857/4017/3958
f 3862/4288/4192 4069/4286/4190 4065/4285/4189 3861/4289/4193
f 4065/4285/4189 4073/4295/4199 3860/4292/4196 3861/4289/4193
f 4073/4295/4199 4072/4291/4195 3898/4280/4187 3860/4292/4196
f 4067/4294/4198 4069/4286/4190 3862/4288/4192 3863/4297/4201
f 3899/4277/4184 3898/4280/4187 4072/4291/4195 4068/4284/4188
f 875/4281/1023 3899/4277/4184 4068/4284/4188 6837/4283/1021
f 4407/4160/4082 3976/4128/4055 3970/4127/4054 4408/4298/4202
f 4409/4299/4203 4405/4119/4047 3991/4300/4204 3990/4301/4205
f 4410/4302/4206 3972/4157/4080 3973/4303/4207 4409/4299/4203
f 4397/4304/4208 3997/4305/4209 3998/4306/4210 4398/4307/4211
f 4411/4308/4212 3971/4154/4077 3972/4157/4080 4410/4302/4206
f 4412/4309/4213 3995/4161/4083 3971/4164/4077 4411/4310/4212
f 4413/4311/4214 3994/4165/4085 3995/4161/4083 4412/4309/4213
f 4414/4312/4215 3993/4149/4074 3994/4165/4085 4413/4311/4214
f 4408/4313/4202 3970/4150/4054 3993/4149/4074 4414/4312/4215
f 3872/4314/4216 3868/4315/4217 4074/4316/4218 4075/4317/4219
f 4033/4199/4119 4082/4198/4118 4083/4195/4115 4076/4194/4114
f 3868/4315/4217 3867/4318/4220 4078/4319/4221 4074/4316/4218
f 4040/4213/4130 4033/4199/4119 4076/4194/4114 4080/4193/4113
f 3872/4314/4216 4075/4317/4219 4077/4320/4222 3871/4321/4223
f 4038/4219/4136 4079/4322/4224 4084/4236/4146 4089/4212/4129
f 4040/4213/4130 4080/4193/4113 4081/4323/4225 4039/4214/4131
f 4039/4214/4131 4081/4323/4225 4079/4322/4224 4038/4219/4136
f 4369/4324/4226 4370/4238/4148 4368/4237/4147 4367/4196/4116
f 4089/4212/4129 4084/4236/4146 4301/4235/4145 4294/4209/4127
f 4295/4325/4128 4296/4326/4227 4086/4205/4123 4085/4207/4125
f 4296/4326/4227 4297/4327/4228 4087/4201/4121 4086/4205/4123
f 4297/4327/4228 4298/4328/4229 4088/4202/4117 4087/4201/4121
f 4298/4329/4229 4299/4330/4230 4082/4198/4118 4088/4197/4117
f 4083/4195/4115 4082/4198/4118 4299/4330/4230 4300/4331/4231
f 4089/4212/4129 4085/4211/4125 4037/4220/4126 4038/4219/4136
f 4379/4104/4034 4373/4103/4033 3959/4171/4091 3937/4227/4140
f 4371/4061/3995 3923/4172/4092 4374/4068/4002 4391/4062/3996
f 4108/4332/4232 4104/4333/4233 4111/4334/4234 4128/4335/4235
f 4116/4336/4236 4110/4337/4237 4092/4338/4238 4093/4339/4239
f 4115/4340/4240 4116/4341/4236 4093/4342/4239 4094/4343/4241
f 4114/4344/4242 4115/4340/4240 4094/4343/4241 4095/4345/4243
f 4113/4346/4244 4114/4344/4242 4095/4345/4243 4096/4347/4245
f 4118/4348/4246 4119/4349/4247 4113/4350/4244 4117/4351/4248
f 4099/4352/4249 4098/4353/4250 4100/4354/4251 4101/4355/4252
f 4126/4356/4253 4127/4357/4254 4095/4345/4243 4094/4343/4241
f 4098/4353/4250 4097/4358/4255 4096/4359/4245 4100/4354/4251
f 4099/4352/4249 4101/4355/4252 4093/4339/4239 4092/4338/4238
f 4094/4343/4241 4093/4342/4239 4101/4360/4252 4126/4356/4253
f 4096/4347/4245 4095/4345/4243 4127/4357/4254 4100/4361/4251
f 4125/4362/4256 4112/4363/4257 4129/4364/4258 4131/4365/4259
f 4051/4092/4024 4049/4091/4023 4102/4366/4260 4103/4367/4261
f 4092/4338/4238 4110/4337/4237 4111/4334/4234 4104/4333/4233
f 4049/4091/4023 4048/4368/4262 4106/4369/4263 4102/4366/4260
f 4099/4352/4249 4092/4338/4238 4104/4333/4233 4108/4332/4232
f 4051/4092/4024 4103/4367/4261 4105/4370/4264 4050/4371/4265
f 4097/4358/4255 4107/4372/4266 4112/4363/4257 4117/4351/4248
f 4099/4352/4249 4108/4332/4232 4109/4373/4267 4098/4353/4250
f 4098/4353/4250 4109/4373/4267 4107/4372/4266 4097/4358/4255
f 4130/4374/4268 4131/4365/4259 4129/4364/4258 4128/4335/4235
f 4117/4351/4248 4112/4363/4257 4125/4362/4256 4118/4348/4246
f 4119/4375/4247 4120/4376/4269 4114/4344/4242 4113/4346/4244
f 4120/4376/4269 4121/4377/4270 4115/4340/4240 4114/4344/4242
f 4121/4377/4270 4122/4378/4271 4116/4341/4236 4115/4340/4240
f 4122/4379/4271 4123/4380/4272 4110/4337/4237 4116/4336/4236
f 4111/4334/4234 4110/4337/4237 4123/4380/4272 4124/4381/4273
f 4117/4351/4248 4113/4350/4244 4096/4359/4245 4097/4358/4255
f 4048/4368/4262 4047/4382/4274 4119/4349/4247 4118/4348/4246
f 4047/4383/4274 4052/4384/4275 4120/4376/4269 4119/4375/4247
f 4052/4384/4275 4090/4385/4276 4121/4377/4270 4120/4376/4269
f 4091/4386/4277 4122/4378/4271 4121/4377/4270 4090/4385/4276
f 4050/4371/4265 4123/4380/4272 4122/4379/4271 4091/4387/4277
f 4124/4381/4273 4123/4380/4272 4050/4371/4265 4105/4370/4264
f 4106/4369/4263 4125/4362/4256 4131/4365/4259 4102/4366/4260
f 4118/4348/4246 4125/4362/4256 4106/4369/4263 4048/4368/4262
f 4101/4360/4252 4100/4361/4251 4127/4357/4254 4126/4356/4253
f 4103/4367/4261 4102/4366/4260 4131/4365/4259 4130/4374/4268
f 4112/4363/4257 4107/4372/4266 4109/4373/4267 4129/4364/4258
f 4111/4334/4234 4124/4381/4273 4130/4374/4268 4128/4335/4235
f 4105/4370/4264 4103/4367/4261 4130/4374/4268 4124/4381/4273
f 4109/4373/4267 4108/4332/4232 4128/4335/4235 4129/4364/4258
f 4320/4388/4278 4321/4389/4279 4135/4390/4280 4134/4391/4281
f 4324/4392/4282 4326/4393/4283 4133/4394/4284 4305/4395/4285
f 4318/4396/4286 4305/4395/4285 4133/4394/4284 4135/4390/4280
f 4317/4397/4287 4322/4398/4288 4320/4388/4278 4134/4391/4281
f 4326/4393/4283 4327/4399/4289 4132/4400/4290 4133/4394/4284
f 4328/4401/4291 4329/4402/4292 4136/4403/4293 4137/4404/4294
f 4337/4141/4068 4338/4129/4056 3976/4128/4055 4140/4153/4076
f 3976/4128/4055 3975/4121/4049 4138/4138/4065 4140/4153/4076
f 3974/4120/4048 3973/4303/4207 4141/4116/4044 4142/4115/4043
f 4012/4158/4081 3977/4143/4070 4144/4405/4295 4143/4136/4063
f 3972/4157/4080 4344/4156/4079 4345/4135/4062 4145/4406/4296
f 3973/4303/4207 3972/4157/4080 4145/4406/4296 4141/4116/4044
f 3978/4114/4042 3979/4113/4041 4147/4407/4297 4146/4408/4298
f 3975/4121/4049 3974/4120/4048 4142/4115/4043 4138/4138/4065
f 3979/4113/4041 4006/4146/4071 4139/4140/4067 4147/4407/4297
f 3977/4143/4070 3978/4114/4042 4146/4408/4298 4144/4405/4295
f 4143/4136/4063 4144/4405/4295 4351/4409/4299 4353/4137/4064
f 3871/4321/4223 4485/4410/4300 4474/4411/4301 3872/4314/4216
f 4471/4412/4302 4488/4413/4303 3866/4414/4304 3867/4318/4220
f 4488/4415/4303 4477/4416/4305 3963/4417/4306 3866/4418/4304
f 4480/4419/4307 4468/4420/4308 4453/4421/4309 4486/4422/4310
f 4486/4422/4310 4453/4421/4309 4456/4423/4311 4473/4424/4312
f 4654/4425/4313 4512/4426/4314 4494/4427/4315 4651/4428/4316
f 3965/4429/4317 4479/4430/4318 4485/4410/4300 3871/4321/4223
f 4477/4416/4305 4492/4431/4319 3964/4432/4320 3963/4417/4306
f 4361/4433/4321 4530/4434/4322 4540/4435/4323 4360/4436/4324
f 4524/4437/4325 4362/4438/4326 4363/4439/4327 4521/4440/4328
f 3969/4093/4025 4626/4441/4329 4617/4442/4330 3968/4088/4020
f 3927/4065/3999 3922/4064/3998 4043/4082/4016 4639/4169/4089
f 4632/4443/4331 4636/4444/4332 4606/4445/4333 4603/4446/4334
f 4669/4447/4335 4665/4448/4336 4612/4449/4337 4599/4450/4338
f 4624/4451/4339 4635/4221/4137 4043/4082/4016 3960/4084/4018
f 4025/4259/4168 4148/4452/4340 4149/4453/4341 4026/4255/4164
f 3926/4251/4160 4151/4454/4342 4150/4455/4343 3919/4456/4344
f 3869/4457/4345 4153/4458/4346 4152/4459/4347 3865/4460/4348
f 3938/4461/4349 4155/4462/4350 4154/4463/4351 3916/4464/4352
f 4005/4465/4353 4157/4466/4354 4156/4467/4355 3996/4468/4356
f 3996/4468/4356 4156/4467/4355 4158/4469/4357 3997/4305/4209
f 3991/4300/4204 4159/4470/4358 4160/4471/4359 3990/4301/4205
f 3992/4472/4360 4161/4473/4361 4159/4470/4358 3991/4300/4204
f 3891/4054/3989 4162/4474/4362 4163/4475/4363 3892/4018/3959
f 3892/4018/3959 4163/4475/4363 4164/4476/4364 3890/4019/3960
f 4162/4474/4362 3891/4054/3989 4053/4241/4151 3839/4035/3973
f 4151/4454/4342 4166/4477/4365 4165/4478/4366 4150/4455/4343
f 4148/4452/4340 4167/4479/4367 4168/4480/4368 4149/4453/4341
f 4155/4462/4350 4170/4481/4369 4169/4482/4370 4154/4463/4351
f 4153/4458/4346 4172/4483/4371 4171/4484/4372 4152/4459/4347
f 4173/4485/4373 4054/4256/4165 4026/4255/4164 4149/4453/4341
f 4174/4486/4374 4173/4485/4373 4149/4453/4341 4168/4480/4368
f 4025/4259/4168 4056/4262/4171 4175/4487/4375 4148/4452/4340
f 4176/4488/4376 4167/4479/4367 4148/4452/4340 4175/4487/4375
f 4167/4479/4367 4176/4488/4376 4174/4486/4374 4168/4480/4368
f 4178/4253/4162 4055/4257/4166 4054/4256/4165 4177/4254/4163
f 4179/4266/4175 4058/4268/4177 4055/4257/4166 4178/4253/4162
f 3916/4464/4352 4180/4263/4172 4181/4264/4173 3913/4489/4377
f 4183/4490/4378 4185/4491/4379 4184/4492/4380 4182/4493/4381
f 4185/4491/4379 4186/4494/4382 4187/4495/4383 4184/4492/4380
f 3919/4456/4344 4182/4493/4381 4184/4492/4380 3917/4496/4384
f 3869/4457/4345 3870/4497/4385 4185/4491/4379 4183/4490/4378
f 3870/4497/4385 3961/4498/4386 4186/4494/4382 4185/4491/4379
f 3917/4496/4384 4184/4492/4380 4187/4495/4383 3918/4499/4387
f 4188/4500/4388 4180/4263/4172 3916/4464/4352 4154/4463/4351
f 4189/4501/4389 4188/4500/4388 4154/4463/4351 4169/4482/4370
f 4190/4502/4390 4189/4501/4389 4169/4482/4370 4170/4481/4369
f 4155/4462/4350 3940/4243/4152 4190/4502/4390 4170/4481/4369
f 3938/4461/4349 3939/4244/4153 3940/4243/4152 4155/4462/4350
f 3926/4251/4160 4177/4254/4163 4191/4503/4391 4151/4454/4342
f 4192/4504/4392 4166/4477/4365 4151/4454/4342 4191/4503/4391
f 4193/4505/4393 4165/4478/4366 4166/4477/4365 4192/4504/4392
f 4165/4478/4366 4193/4505/4393 4194/4506/4394 4150/4455/4343
f 4182/4493/4381 3919/4456/4344 4150/4455/4343 4194/4506/4394
f 4195/4507/4395 4153/4458/4346 3869/4457/4345 4183/4490/4378
f 4196/4508/4396 4172/4483/4371 4153/4458/4346 4195/4507/4395
f 4197/4509/4397 4171/4484/4372 4172/4483/4371 4196/4508/4396
f 3847/4247/4156 4152/4459/4347 4171/4484/4372 4197/4509/4397
f 3848/4250/4159 3865/4460/4348 4152/4459/4347 3847/4247/4156
f 4190/4502/4390 3941/3990/3933 4067/4294/4198 4189/4501/4389
f 4176/4488/4376 3863/4297/4201 4071/4296/4200 4174/4486/4374
f 3849/4029/3970 4193/4505/4393 4192/4504/4392 3864/4030/3971
f 4196/4508/4396 4199/4510/4398 4198/4511/4399 4197/4509/4397
f 4174/4486/4374 4071/4296/4200 3864/4030/3971 4192/4504/4392
f 4189/4501/4389 4067/4294/4198 3863/4297/4201 4176/4488/4376
f 4196/4508/4396 4193/4505/4393 3849/4029/3970 4199/4510/4398
f 4189/4501/4389 4176/4488/4376 4175/4487/4375 4188/4500/4388
f 4174/4486/4374 4192/4504/4392 4191/4503/4391 4173/4485/4373
f 4195/4507/4395 4194/4506/4394 4193/4505/4393 4196/4508/4396
f 4183/4490/4378 4182/4493/4381 4194/4506/4394 4195/4507/4395
f 4177/4254/4163 4054/4256/4165 4173/4485/4373 4191/4503/4391
f 4188/4500/4388 4175/4487/4375 4056/4262/4171 4180/4263/4172
f 3940/4243/4152 3957/4246/4155 4200/4512/4400 4190/4502/4390
f 4200/4512/4400 3943/3991/3934 3941/3990/3933 4190/4502/4390
f 3850/4010/3951 4201/4513/4401 4199/4510/4398 3849/4029/3970
f 3851/3985/3928 4202/4514/4402 4201/4513/4401 3850/4010/3951
f 3855/3988/3931 4203/4515/4403 4202/4514/4402 3851/3985/3928
f 3856/3998/3941 3894/3997/3940 4203/4515/4403 3855/3988/3931
f 3843/4248/4157 3847/4247/4156 3844/4041/3979 3842/4042/3980
f 4197/4509/4397 4204/4516/4404 3844/4041/3979 3847/4247/4156
f 4198/4511/4399 4205/4517/4405 4204/4516/4404 4197/4509/4397
f 4205/4517/4405 3845/4039/3977 3844/4041/3979 4204/4516/4404
f 4201/4513/4401 4206/4518/4406 4198/4511/4399 4199/4510/4398
f 4205/4517/4405 4207/4519/4407 3841/4038/3976 3845/4039/3977
f 4206/4518/4406 4207/4519/4407 4205/4517/4405 4198/4511/4399
f 3839/4035/3973 3841/4038/3976 4207/4519/4407 4162/4474/4362
f 4206/4518/4406 4163/4475/4363 4162/4474/4362 4207/4519/4407
f 4202/4514/4402 4209/4520/4408 4208/4521/4409 4201/4513/4401
f 4203/4515/4403 3893/4022/3963 4209/4520/4408 4202/4514/4402
f 3894/3997/3940 3895/4023/3964 3893/4022/3963 4203/4515/4403
f 4209/4520/4408 3893/4022/3963 3890/4019/3960 4164/4476/4364
f 4201/4513/4401 4208/4521/4409 4210/4522/4410 4206/4518/4406
f 4208/4521/4409 4209/4520/4408 4164/4476/4364 4210/4522/4410
f 4164/4476/4364 4163/4475/4363 4206/4518/4406 4210/4522/4410
f 3840/4048/3978 3910/4047/3983 4211/4523/4411 3842/4524/3980
f 3842/4524/3980 4211/4523/4411 3911/4274/4182 3843/4273/4157
f 3957/4525/4155 3954/4526/4412 4212/4527/4413 4200/4528/4400
f 4200/4528/4400 4212/4527/4413 3958/4529/4414 3943/4530/3934
f 4213/4531/4415 4179/4532/4175 3924/4533/4174 3966/4534/4416
f 4214/4535/4417 4213/4531/4415 3966/4534/4416 3967/4536/4418
f 4187/4537/4383 4214/4535/4417 3967/4536/4418 3918/4538/4387
f 4028/4539/4176 4058/4540/4177 4215/4541/4419 4029/4542/4420
f 4029/4542/4420 4215/4541/4419 4216/4543/4421 4030/4544/4422
f 4030/4544/4422 4216/4543/4421 4217/4545/4423 4031/4546/4424
f 4032/4260/4169 4031/4547/4424 4217/4548/4423 4057/4261/4170
f 3913/4489/4377 4181/4264/4173 4218/4549/4425 3914/4550/4426
f 3914/4551/4426 4218/4552/4425 4219/4553/4427 3915/4554/4428
f 3915/4554/4428 4219/4553/4427 3954/4526/4412 3955/4555/4429
f 3955/4555/4429 3954/4526/4412 3957/4525/4155 3956/4556/4154
f 4058/4540/4177 4179/4532/4175 4213/4531/4415 4215/4541/4419
f 4220/4557/4430 4186/4558/4382 3961/4559/4386 3962/4560/4431
f 3911/4274/4182 4220/4557/4430 3962/4560/4431 3912/4275/4183
f 4187/4537/4383 4186/4558/4382 4220/4557/4430 4214/4535/4417
f 4214/4535/4417 4222/4561/4432 4221/4562/4433 4213/4531/4415
f 4215/4541/4419 4223/4563/4434 4224/4564/4435 4216/4543/4421
f 4213/4531/4415 4221/4562/4433 4223/4563/4434 4215/4541/4419
f 3911/4274/4182 4211/4523/4411 4225/4565/4436 4220/4557/4430
f 4220/4557/4430 4225/4565/4436 4222/4561/4432 4214/4535/4417
f 4217/4548/4423 4218/4549/4425 4181/4264/4173 4057/4261/4170
f 4218/4552/4425 4217/4545/4423 4216/4543/4421 4219/4553/4427
f 4216/4543/4421 4224/4564/4435 4226/4566/4437 4219/4553/4427
f 3954/4526/4412 4219/4553/4427 4226/4566/4437 4212/4527/4413
f 3910/4047/3983 4059/4269/4178 4225/4565/4436 4211/4523/4411
f 4221/4562/4433 4016/4567/4438 4013/4568/4439 4223/4563/4434
f 4014/4569/4440 4224/4564/4435 4223/4563/4434 4013/4568/4439
f 4396/4232/4144 4000/4231/4143 4001/4570/4441 4399/4571/4442
f 4399/4571/4442 4001/4570/4441 4002/4572/4443 4400/4573/4444
f 4400/4573/4444 4002/4572/4443 4003/4574/4445 4401/4575/4446
f 4401/4576/4446 4003/4577/4445 4004/4578/4447 4402/4579/4448
f 4402/4579/4448 4004/4578/4447 4005/4465/4353 4403/4580/4449
f 4403/4580/4449 4005/4465/4353 3996/4468/4356 4404/4581/4450
f 4404/4581/4450 3996/4468/4356 3997/4305/4209 4397/4304/4208
f 4398/4307/4211 3998/4306/4210 3999/4582/4142 4395/4583/4141
f 3908/4240/4150 3836/4239/4149 4228/4584/4451 4229/4585/4452
f 3903/4272/4181 3908/4240/4150 4229/4585/4452 4230/4586/4453
f 4020/4053/3988 3903/4272/4181 4230/4586/4453 4231/4587/4454
f 4024/4059/3993 4020/4053/3988 4231/4587/4454 4232/4588/4455
f 4023/4057/3992 4024/4058/3993 4232/4589/4455 4233/4590/4456
f 4022/4056/3991 4023/4057/3992 4233/4590/4456 4234/4591/4457
f 4021/4055/3990 4022/4056/3991 4234/4591/4457 4235/4592/4458
f 3891/4054/3989 4021/4055/3990 4235/4592/4458 4236/4593/4459
f 3891/4054/3989 4236/4593/4459 4237/4594/4460 4053/4241/4151
f 4053/4241/4151 4237/4594/4460 4228/4595/4451 3836/4242/4149
f 4239/4596/4461 4238/4597/4462 6834/4598/1308 1142/4599/1014
f 4239/4596/4461 3833/4600/1018 3951/4601/3967 4240/4602/4463
f 4240/4602/4463 4241/4603/4464 4238/4597/4462 4239/4596/4461
f 3943/4530/3934 3958/4529/4414 4242/4604/4465 3947/4605/3935
f 3946/4606/3937 4243/4607/4466 4244/4608/4467 3948/4609/3938
f 3948/4609/3938 4244/4608/4467 4245/4610/4468 3952/4611/3966
f 3952/4611/3966 4245/4610/4468 4240/4602/4463 3951/4601/3967
f 3947/4605/3935 4242/4604/4465 4243/4607/4466 3946/4606/3937
f 4212/4527/4413 4226/4566/4437 3953/4612/4469 3958/4529/4414
f 3958/4529/4414 3953/4612/4469 4246/4613/4470 4242/4604/4465
f 4243/4607/4466 4247/4614/4471 4248/4615/4472 4244/4608/4467
f 4244/4608/4467 4248/4615/4472 4249/4616/4473 4245/4610/4468
f 4245/4610/4468 4249/4616/4473 4241/4603/4464 4240/4602/4463
f 4242/4604/4465 4246/4613/4470 4247/4614/4471 4243/4607/4466
f 4250/4617/4474 4015/4050/3985 3905/4021/3962 3906/4020/3961
f 4222/4561/4432 4225/4565/4436 4059/4269/4178 4227/4618/4475
f 4222/4561/4432 4227/4618/4475 4016/4567/4438 4221/4562/4433
f 3906/4020/3961 4252/4619/4476 4251/4620/4477 4250/4617/4474
f 3900/4005/3946 4253/4621/4478 4252/4619/4476 3906/4020/3961
f 3877/4016/3957 3875/4028/3969 4254/4622/4479 3874/4031/3945
f 3874/4004/3945 4254/4623/4479 4253/4621/4478 3900/4005/3946
f 4251/4620/4477 4256/4624/4480 4255/4625/4481 4250/4617/4474
f 4252/4619/4476 4257/4626/4482 4256/4624/4480 4251/4620/4477
f 4258/4627/4483 4257/4626/4482 4252/4619/4476 4253/4621/4478
f 4259/4628/4484 4015/4050/3985 4250/4617/4474 4255/4625/4481
f 4260/4629/4485 4017/4049/3984 4015/4050/3985 4259/4628/4484
f 4260/4629/4485 4261/4630/4486 4018/4051/3986 4017/4049/3984
f 4059/4269/4178 4060/4270/4179 4262/4631/4487 4227/4618/4475
f 4261/4630/4486 4262/4631/4487 4060/4270/4179 4018/4051/3986
f 4263/4632/4488 4281/4633/4489 4254/4622/4479 3875/4028/3969
f 3884/4014/3955 4264/4634/4490 4263/4632/4488 3875/4028/3969
f 3886/4013/3954 4265/4635/4491 4264/4634/4490 3884/4014/3955
f 3895/4023/3964 4266/4636/4492 4265/4635/4491 3886/4013/3954
f 3894/3997/3940 3896/3999/3942 4266/4636/4492 3895/4023/3964
f 3953/4612/4469 4226/4566/4437 4224/4564/4435 4014/4569/4440
f 4261/4630/4486 4016/4567/4438 4227/4618/4475 4262/4631/4487
f 4013/4568/4439 4267/4637/4493 4268/4638/4494 4014/4569/4440
f 4016/4567/4438 4261/4630/4486 4267/4637/4493 4013/4568/4439
f 4014/4569/4440 4268/4638/4494 4246/4613/4470 3953/4612/4469
f 4269/4639/4495 4247/4614/4471 4246/4613/4470 4268/4638/4494
f 4270/4640/4496 4269/4639/4495 4268/4638/4494 4267/4637/4493
f 4270/4640/4496 4267/4637/4493 4261/4630/4486 4260/4629/4485
f 4271/4641/4497 4273/4642/4498 4274/4643/4499 4272/4644/4500
f 4273/4642/4498 4271/4641/4497 4241/4603/4464 4249/4616/4473
f 4275/4645/4501 4273/4642/4498 4249/4616/4473 4248/4615/4472
f 4269/4639/4495 4275/4645/4501 4248/4615/4472 4247/4614/4471
f 4276/4646/4502 4274/4643/4499 4273/4642/4498 4275/4645/4501
f 4270/4640/4496 4276/4646/4502 4275/4645/4501 4269/4639/4495
f 4276/4646/4502 4270/4640/4496 4260/4629/4485 4259/4628/4484
f 4274/4643/4499 4276/4646/4502 4259/4628/4484 4255/4625/4481
f 4274/4643/4499 4255/4625/4481 4256/4624/4480 4272/4644/4500
f 4257/4626/4482 4277/4647/4503 4272/4644/4500 4256/4624/4480
f 3834/4648/1304 6834/4598/1308 4238/4597/4462 4278/4649/4504
f 4241/4603/4464 4271/4641/4497 4278/4649/4504 4238/4597/4462
f 4271/4641/4497 4272/4644/4500 4277/4647/4503 4278/4649/4504
f 1143/3983/1123 3897/4650/1135 3896/3999/3942 3858/3984/3927
f 3897/4650/1135 3885/4651/1137 4266/4636/4492 3896/3999/3942
f 3885/4651/1137 874/4652/1165 4265/4635/4491 4266/4636/4492
f 4264/4634/4490 4265/4635/4491 874/4652/1165 6835/4653/1279
f 6835/4653/1279 3873/4654/1284 4263/4632/4488 4264/4634/4490
f 4278/4649/4504 4277/4647/4503 4279/4655/4505 3834/4648/1304
f 4257/4626/4482 4258/4627/4483 4279/4655/4505 4277/4647/4503
f 4263/4632/4488 4280/4656/4506 4281/4633/4489
f 4280/4656/4506 4263/4632/4488 3873/4654/1284 3835/4657/1301
f 3835/4658/1301 3834/4648/1304 4279/4655/4505 4280/4659/4506
f 4258/4627/4483 4253/4621/4478 4254/4623/4479 4281/4660/4489
f 4280/4659/4506 4279/4655/4505 4258/4627/4483 4281/4660/4489
f 4282/4661/4507 4003/4574/4445 4002/4572/4443 4289/4662/4508
f 4005/4465/4353 4004/4578/4447 4283/4663/4509 4286/4664/4510
f 4285/4665/4511 3999/4582/4142 3998/4306/4210 4284/4666/4512
f 4284/4666/4512 3998/4306/4210 3997/4305/4209 4293/4667/4513
f 3999/4230/4142 4285/4668/4511 4287/4669/4514 4000/4231/4143
f 4157/4466/4354 4005/4465/4353 4286/4664/4510 4291/4670/4515
f 4288/4671/4516 4001/4570/4441 4000/4231/4143 4287/4669/4514
f 4289/4662/4508 4002/4572/4443 4001/4570/4441 4288/4671/4516
f 4158/4469/4357 4156/4467/4355 4290/4672/4517 4292/4673/4518
f 4156/4467/4355 4157/4466/4354 4291/4670/4515 4290/4672/4517
f 3997/4305/4209 4158/4469/4357 4292/4673/4518 4293/4667/4513
f 4286/4664/4510 4283/4663/4509 3989/4674/4519 3990/4301/4205
f 4283/4663/4509 4282/4675/4507 3988/4676/4520 3989/4674/4519
f 3988/4677/4520 4282/4661/4507 4289/4662/4508 3987/4678/4521
f 3986/4679/4522 3987/4678/4521 4289/4662/4508 4288/4671/4516
f 3985/4680/4523 3986/4679/4522 4288/4671/4516 4287/4669/4514
f 4290/4672/4517 4291/4670/4515 4160/4471/4359 4159/4470/4358
f 3984/4681/4524 3985/4680/4523 4287/4669/4514 4285/4668/4511
f 3984/4682/4524 4285/4665/4511 4284/4666/4512 3983/4683/4525
f 4284/4666/4512 4293/4667/4513 3992/4472/4360 3983/4683/4525
f 4290/4672/4517 4159/4470/4358 4161/4473/4361 4292/4673/4518
f 3990/4301/4205 4160/4471/4359 4291/4670/4515 4286/4664/4510
f 4293/4667/4513 4292/4673/4518 4161/4473/4361 3992/4472/4360
f 3867/4318/4220 3866/4414/4304 4295/4210/4128 4294/4209/4127
f 3866/4418/4304 3963/4417/4306 4296/4326/4227 4295/4325/4128
f 3963/4417/4306 3964/4432/4320 4297/4327/4228 4296/4326/4227
f 3965/4684/4317 4298/4328/4229 4297/4327/4228 3964/4432/4320
f 3871/4321/4223 4299/4330/4230 4298/4329/4229 3965/4429/4317
f 4300/4331/4231 4299/4330/4230 3871/4321/4223 4077/4320/4222
f 4078/4319/4221 4301/4235/4145 4370/4238/4148 4074/4316/4218
f 4294/4209/4127 4301/4235/4145 4078/4319/4221 3867/4318/4220
f 4042/4233/4133 4041/4234/4132 4303/4218/4135 4302/4217/4134
f 4311/4685/4526 4304/4686/4527 4323/4687/4528 4365/4688/4529
f 4323/4687/4528 4304/4686/4527 4132/4400/4290 4327/4399/4289
f 4305/4395/4285 4306/4689/4530 4363/4439/4327 4324/4392/4282
f 4363/4439/4327 4306/4689/4530 4307/4690/4531 4359/4691/4532
f 4359/4692/4532 4307/4693/4531 4308/4694/4533 4360/4436/4324
f 4361/4433/4321 4360/4436/4324 4308/4694/4533 4309/4695/4534
f 4366/4696/4535 4361/4433/4321 4309/4695/4534 4310/4697/4536
f 4365/4688/4529 4366/4698/4535 4310/4699/4536 4311/4685/4526
f 4312/4700/4537 4316/4701/4538 4333/4702/4539 4332/4703/4540
f 4318/4396/4286 4319/4704/4541 4306/4689/4530 4305/4395/4285
f 4307/4690/4531 4306/4689/4530 4319/4704/4541 4313/4705/4542
f 4308/4694/4533 4307/4693/4531 4313/4706/4542 4314/4707/4543
f 4309/4695/4534 4308/4694/4533 4314/4707/4543 4315/4708/4544
f 4310/4697/4536 4309/4695/4534 4315/4708/4544 4316/4709/4538
f 4312/4700/4537 4317/4397/4287 4304/4686/4527 4311/4685/4526
f 4133/4394/4284 4132/4400/4290 4134/4391/4281 4135/4390/4280
f 4331/4710/4545 4320/4388/4278 4322/4398/4288 4332/4703/4540
f 4330/4711/4546 4321/4389/4279 4320/4388/4278 4331/4710/4545
f 4332/4703/4540 4322/4398/4288 4317/4397/4287 4312/4700/4537
f 4362/4438/4326 4326/4393/4283 4324/4392/4282 4363/4439/4327
f 4330/4711/4546 4358/4712/4547 4325/4713/4548 4321/4389/4279
f 4364/4714/4549 4365/4688/4529 4323/4687/4528 4327/4399/4289
f 4358/4712/4547 4319/4704/4541 4318/4396/4286 4325/4713/4548
f 4362/4438/4326 4364/4714/4549 4327/4399/4289 4326/4393/4283
f 4304/4686/4527 4317/4397/4287 4134/4391/4281 4132/4400/4290
f 4333/4715/4539 4355/4716/4550 4136/4403/4293 4329/4402/4292
f 4356/4717/4551 4357/4718/4552 4328/4401/4291 4137/4404/4294
f 4330/4711/4546 4328/4719/4291 4357/4720/4552 4358/4712/4547
f 4335/4148/4073 4334/4126/4053 3980/4125/4040 3981/4721/4039
f 4336/4132/4059 4335/4148/4073 3981/4721/4039 3982/4133/4060
f 4006/4146/4071 4338/4129/4056 4337/4141/4068 4139/4140/4067
f 4339/4130/4057 4338/4129/4056 4006/4146/4071 4007/4145/4052
f 4340/4152/4075 4339/4151/4057 4007/4124/4052 4008/4123/4051
f 4341/4166/4086 4340/4152/4075 4008/4123/4051 4009/4147/4072
f 4342/4162/4084 4341/4166/4086 4009/4147/4072 4010/4131/4058
f 4343/4163/4078 4342/4162/4084 4010/4131/4058 4011/4134/4061
f 4344/4156/4079 4343/4155/4078 4011/4159/4061 4012/4158/4081
f 4345/4135/4062 4344/4156/4079 4012/4158/4081 4143/4136/4063
f 4147/4407/4297 4139/4140/4067 4352/4142/4069 4349/4722/4553
f 4348/4118/4046 4347/4117/4045 4353/4137/4064 4354/4723/4554
f 4346/4139/4066 4348/4118/4046 4354/4723/4554 4352/4142/4069
f 4350/4724/4555 4349/4722/4553 4352/4142/4069 4354/4723/4554
f 4351/4409/4299 4350/4724/4555 4354/4723/4554 4353/4137/4064
f 4145/4406/4296 4345/4135/4062 4347/4117/4045 4141/4116/4044
f 4331/4710/4545 4332/4703/4540 4333/4702/4539 4329/4725/4292
f 4137/4404/4294 4136/4403/4293 4355/4716/4550 4356/4717/4551
f 4330/4711/4546 4331/4710/4545 4329/4725/4292 4328/4719/4291
f 4311/4685/4526 4310/4699/4536 4316/4701/4538 4312/4700/4537
f 4316/4709/4538 4315/4708/4544 4355/4716/4550 4333/4715/4539
f 4315/4708/4544 4314/4707/4543 4356/4717/4551 4355/4716/4550
f 4314/4707/4543 4313/4706/4542 4357/4718/4552 4356/4717/4551
f 4313/4705/4542 4319/4704/4541 4358/4712/4547 4357/4720/4552
f 4321/4389/4279 4325/4713/4548 4318/4396/4286 4135/4390/4280
f 4075/4317/4219 4074/4316/4218 4370/4238/4148 4369/4324/4226
f 4084/4236/4146 4079/4322/4224 4081/4323/4225 4368/4237/4147
f 4083/4195/4115 4300/4331/4231 4369/4324/4226 4367/4196/4116
f 4077/4320/4222 4075/4317/4219 4369/4324/4226 4300/4331/4231
f 4146/4408/4298 4350/4724/4555 4351/4409/4299 4144/4405/4295
f 4147/4407/4297 4349/4722/4553 4350/4724/4555 4146/4408/4298
f 4004/4578/4447 4003/4577/4445 4282/4675/4507 4283/4663/4509
f 4081/4323/4225 4080/4193/4113 4367/4196/4116 4368/4237/4147
f 4620/4726/4556 4615/4727/4557 4590/4728/4558 4600/4729/4559
f 4528/4730/4560 4366/4698/4535 4365/4688/4529 4519/4731/4561
f 4531/4732/4562 4515/4733/4563 4509/4734/4564 4539/4735/4565
f 4052/4384/4275 4557/4736/4566 4542/4737/4567 4090/4385/4276
f 4534/4738/4568 4364/4714/4549 4362/4438/4326 4524/4437/4325
f 4521/4440/4328 4363/4439/4327 4359/4691/4532 4536/4739/4569
f 4530/4434/4322 4361/4433/4321 4366/4696/4535 4528/4740/4560
f 4623/4741/4570 4618/4742/4571 4597/4743/4572 4608/4744/4573
f 3928/4071/4005 3927/4065/3999 4639/4169/4089 4044/4168/4088
f 4588/4177/4097 4549/4180/4100 4552/4175/4095 4567/4174/4094
f 4237/4594/4460 4398/4307/4211 4395/4583/4141 4228/4595/4451
f 4235/4592/4458 4404/4581/4450 4397/4304/4208 4236/4593/4459
f 4234/4591/4457 4403/4580/4449 4404/4581/4450 4235/4592/4458
f 4233/4590/4456 4402/4579/4448 4403/4580/4449 4234/4591/4457
f 4232/4589/4455 4401/4576/4446 4402/4579/4448 4233/4590/4456
f 4231/4587/4454 4400/4573/4444 4401/4575/4446 4232/4588/4455
f 4230/4586/4453 4399/4571/4442 4400/4573/4444 4231/4587/4454
f 4229/4585/4452 4396/4232/4144 4399/4571/4442 4230/4586/4453
f 4236/4593/4459 4397/4304/4208 4398/4307/4211 4237/4594/4460
f 4228/4584/4451 4395/4229/4141 4396/4232/4144 4229/4585/4452
f 3984/4681/4524 4408/4313/4202 4414/4312/4215 3985/4680/4523
f 3985/4680/4523 4414/4312/4215 4413/4311/4214 3986/4679/4522
f 3986/4679/4522 4413/4311/4214 4412/4309/4213 3987/4678/4521
f 3987/4678/4521 4412/4309/4213 4411/4310/4212 3988/4677/4520
f 3988/4676/4520 4411/4308/4212 4410/4302/4206 3989/4674/4519
f 3989/4674/4519 4410/4302/4206 4409/4299/4203 3990/4301/4205
f 3973/4303/4207 3974/4120/4048 4405/4119/4047 4409/4299/4203
f 3983/4683/4525 4407/4160/4082 4408/4298/4202 3984/4682/4524
f 3992/4472/4360 4406/4122/4050 4407/4160/4082 3983/4683/4525
f 3991/4300/4204 4405/4119/4047 4406/4122/4050 3992/4472/4360
f 4458/4745/4574 4462/4746/4575 4476/4747/4576 4489/4748/4577
f 4462/4746/4575 4465/4749/4578 4491/4750/4579 4476/4747/4576
f 4465/4749/4578 4468/4751/4308 4480/4752/4307 4491/4750/4579
f 4644/4753/4580 4646/4754/4581 4461/4755/4582 4459/4756/4583
f 4432/4757/4584 3870/4497/4385 3869/4457/4345 4435/4758/4585
f 4447/4759/4586 4450/4760/4587 4470/4761/4588 4482/4762/4589
f 4456/4423/4311 4447/4759/4586 4482/4762/4589 4473/4424/4312
f 4450/4760/4587 4458/4763/4574 4489/4764/4577 4470/4761/4588
f 4474/4411/4301 4483/4765/4590 3868/4315/4217 3872/4314/4216
f 4492/4431/4319 4479/4766/4318 3965/4684/4317 3964/4432/4320
f 4646/4754/4581 4647/4767/4591 4464/4768/4592 4461/4755/4582
f 4647/4767/4591 4640/4769/4593 4467/4770/4594 4464/4768/4592
f 4483/4765/4590 4471/4412/4302 3867/4318/4220 3868/4315/4217
f 4641/4771/4595 4642/4772/4596 4446/4773/4597 4455/4774/4598
f 4643/4775/4599 4644/4776/4580 4459/4777/4583 4449/4778/4600
f 4433/4779/4601 3961/4498/4386 3870/4497/4385 4432/4757/4584
f 4498/4780/4602 4533/4781/4603 4525/4782/4604 4506/4783/4605
f 4506/4783/4605 4525/4782/4604 4522/4784/4606 4500/4785/4607
f 4500/4785/4607 4522/4784/4606 4537/4786/4608 4503/4787/4609
f 4503/4788/4609 4537/4789/4608 4539/4735/4565 4509/4734/4564
f 4648/4790/4610 4516/4791/4611 4512/4792/4314 4654/4793/4313
f 4513/4794/4612 4527/4795/4613 4518/4796/4614 4495/4797/4615
f 4651/4428/4316 4494/4427/4315 4497/4798/4616 4650/4799/4617
f 4515/4733/4563 4531/4732/4562 4527/4800/4613 4513/4801/4612
f 4536/4802/4569 4359/4692/4532 4360/4436/4324 4540/4435/4323
f 4655/4803/4618 4501/4804/4619 4504/4805/4620 4649/4806/4621
f 4649/4807/4621 4504/4808/4620 4510/4809/4622 4652/4810/4623
f 4653/4811/4624 4507/4812/4625 4501/4804/4619 4655/4803/4618
f 4438/4813/4626 3967/4536/4418 3966/4534/4416 4439/4814/4627
f 4650/4799/4617 4497/4798/4616 4507/4812/4625 4653/4811/4624
f 4495/4797/4615 4518/4796/4614 4533/4781/4603 4498/4780/4602
f 4519/4731/4561 4365/4688/4529 4364/4714/4549 4534/4738/4568
f 4555/4815/4628 4551/4816/4629 4050/4371/4265 4091/4387/4277
f 4557/4736/4566 4052/4384/4275 4047/4383/4274 4546/4817/4630
f 4662/4818/4631 4587/4819/4632 4566/4820/4633 4660/4821/4634
f 4555/4822/4628 4091/4386/4277 4090/4385/4276 4542/4737/4567
f 4569/4823/4093 4554/4824/4096 4543/4188/4108 4581/4187/4107
f 4548/4089/4021 4051/4092/4024 4050/4371/4265 4551/4816/4629
f 4564/4090/4022 4560/4825/4635 4048/4368/4262 4049/4091/4023
f 4576/4189/4109 4584/4826/4112 4545/4827/4111 4561/4190/4110
f 4658/4828/4636 4570/4829/4637 4582/4830/4638 4656/4831/4639
f 4658/4832/4636 4660/4821/4634 4566/4820/4633 4570/4833/4637
f 4662/4818/4631 4657/4834/4640 4579/4835/4641 4587/4819/4632
f 4657/4834/4640 4659/4181/4101 4575/4184/4104 4579/4835/4641
f 4667/4836/4642 4668/4837/4643 4591/4838/4644 4593/4839/4645
f 4560/4825/4635 4546/4840/4630 4047/4382/4274 4048/4368/4262
f 4608/4841/4573 4606/4445/4333 4636/4444/4332 4623/4842/4570
f 4416/4843/4646 4417/4844/4647 3955/4555/4429 3956/4556/4154
f 4667/4836/4642 4593/4839/4645 4602/4845/4648 4666/4846/4649
f 4600/4847/4559 4611/4848/4650 4627/4849/4651 4620/4850/4556
f 4627/4849/4651 4611/4848/4650 4597/4743/4572 4618/4742/4571
f 4671/4851/4652 4664/4852/4653 4605/4853/4654 4609/4854/4655
f 4594/4855/4656 4629/4856/4657 4632/4443/4331 4603/4446/4334
f 4594/4855/4656 4590/4728/4558 4615/4727/4557 4629/4856/4657
f 3919/4456/4344 4443/4857/4658 4442/4858/4659 3926/4251/4160
f 4621/4859/4660 4626/4441/4329 3969/4093/4025 4046/4095/4027
f 4630/4167/4087 4614/4860/4661 4045/4080/4014 4044/4168/4088
f 3960/4085/4018 3968/4088/4020 4617/4442/4330 4624/4861/4339
f 4046/4097/4027 4045/4080/4014 4614/4860/4661 4621/4862/4660
f 4419/4863/4662 4415/4864/4663 3939/4244/4153 3938/4461/4349
f 4418/4865/4664 3915/4554/4428 3955/4555/4429 4417/4844/4647
f 4420/4866/4665 4421/4867/4666 3913/4489/4377 3914/4550/4426
f 4462/4746/4575 4458/4745/4574 4460/4868/4667 4463/4869/4668
f 4463/4869/4668 4460/4868/4667 4459/4756/4583 4461/4755/4582
f 4465/4749/4578 4462/4746/4575 4463/4869/4668 4466/4870/4669
f 4466/4870/4669 4463/4869/4668 4461/4755/4582 4464/4768/4592
f 4468/4751/4308 4465/4749/4578 4466/4870/4669 4469/4871/4670
f 4469/4871/4670 4466/4870/4669 4464/4768/4592 4467/4770/4594
f 4467/4872/4594 4452/4873/4671 4454/4874/4672 4469/4875/4670
f 4469/4875/4670 4454/4874/4672 4453/4421/4309 4468/4420/4308
f 4452/4873/4671 4455/4774/4598 4457/4876/4673 4454/4874/4672
f 4454/4874/4672 4457/4876/4673 4456/4423/4311 4453/4421/4309
f 4447/4759/4586 4456/4423/4311 4457/4876/4673 4448/4877/4674
f 4448/4877/4674 4457/4876/4673 4455/4774/4598 4446/4773/4597
f 4450/4760/4587 4447/4759/4586 4448/4877/4674 4451/4878/4675
f 4451/4878/4675 4448/4877/4674 4446/4773/4597 4449/4778/4600
f 4458/4763/4574 4450/4760/4587 4451/4878/4675 4460/4879/4667
f 4460/4879/4667 4451/4878/4675 4449/4778/4600 4459/4777/4583
f 4486/4422/4310 4473/4424/4312 4475/4880/4676 4487/4881/4677
f 4487/4881/4677 4475/4880/4676 4474/4411/4301 4485/4410/4300
f 4480/4419/4307 4486/4422/4310 4487/4881/4677 4481/4882/4678
f 4481/4882/4678 4487/4881/4677 4485/4410/4300 4479/4430/4318
f 4477/4416/4305 4488/4415/4303 4490/4883/4679 4478/4884/4680
f 4478/4884/4680 4490/4883/4679 4489/4748/4577 4476/4747/4576
f 4492/4431/4319 4477/4416/4305 4478/4884/4680 4493/4885/4681
f 4493/4885/4681 4478/4884/4680 4476/4747/4576 4491/4750/4579
f 4479/4766/4318 4492/4431/4319 4493/4885/4681 4481/4886/4678
f 4481/4886/4678 4493/4885/4681 4491/4750/4579 4480/4752/4307
f 4483/4765/4590 4474/4411/4301 4475/4880/4676 4484/4887/4682
f 4484/4887/4682 4475/4880/4676 4473/4424/4312 4482/4762/4589
f 4471/4412/4302 4483/4765/4590 4484/4887/4682 4472/4888/4683
f 4472/4888/4683 4484/4887/4682 4482/4762/4589 4470/4761/4588
f 4488/4413/4303 4471/4412/4302 4472/4888/4683 4490/4889/4679
f 4490/4889/4679 4472/4888/4683 4470/4761/4588 4489/4764/4577
f 4498/4780/4602 4506/4783/4605 4508/4890/4684 4499/4891/4685
f 4499/4891/4685 4508/4890/4684 4507/4812/4625 4497/4798/4616
f 4506/4783/4605 4500/4785/4607 4502/4892/4686 4508/4890/4684
f 4508/4890/4684 4502/4892/4686 4501/4804/4619 4507/4812/4625
f 4500/4785/4607 4503/4787/4609 4505/4893/4687 4502/4892/4686
f 4502/4892/4686 4505/4893/4687 4504/4805/4620 4501/4804/4619
f 4503/4788/4609 4509/4734/4564 4511/4894/4688 4505/4895/4687
f 4505/4895/4687 4511/4894/4688 4510/4809/4622 4504/4808/4620
f 4516/4791/4611 4510/4809/4622 4511/4894/4688 4517/4896/4689
f 4517/4896/4689 4511/4894/4688 4509/4734/4564 4515/4733/4563
f 4495/4797/4615 4498/4780/4602 4499/4891/4685 4496/4897/4690
f 4496/4897/4690 4499/4891/4685 4497/4798/4616 4494/4427/4315
f 4513/4794/4612 4495/4797/4615 4496/4897/4690 4514/4898/4691
f 4514/4898/4691 4496/4897/4690 4494/4427/4315 4512/4426/4314
f 4515/4733/4563 4513/4801/4612 4514/4899/4691 4517/4896/4689
f 4517/4896/4689 4514/4899/4691 4512/4792/4314 4516/4791/4611
f 4531/4732/4562 4539/4735/4565 4541/4900/4692 4532/4901/4693
f 4532/4901/4693 4541/4900/4692 4540/4435/4323 4530/4434/4322
f 4534/4738/4568 4524/4437/4325 4526/4902/4694 4535/4903/4695
f 4535/4903/4695 4526/4902/4694 4525/4782/4604 4533/4781/4603
f 4524/4437/4325 4521/4440/4328 4523/4904/4696 4526/4902/4694
f 4526/4902/4694 4523/4904/4696 4522/4784/4606 4525/4782/4604
f 4521/4440/4328 4536/4739/4569 4538/4905/4697 4523/4904/4696
f 4523/4904/4696 4538/4905/4697 4537/4786/4608 4522/4784/4606
f 4536/4802/4569 4540/4435/4323 4541/4900/4692 4538/4906/4697
f 4538/4906/4697 4541/4900/4692 4539/4735/4565 4537/4789/4608
f 4519/4731/4561 4534/4738/4568 4535/4903/4695 4520/4907/4698
f 4520/4907/4698 4535/4903/4695 4533/4781/4603 4518/4796/4614
f 4528/4730/4560 4519/4731/4561 4520/4907/4698 4529/4908/4699
f 4529/4908/4699 4520/4907/4698 4518/4796/4614 4527/4795/4613
f 4530/4434/4322 4528/4740/4560 4529/4909/4699 4532/4901/4693
f 4532/4901/4693 4529/4909/4699 4527/4800/4613 4531/4732/4562
f 4564/4090/4022 4548/4089/4021 4550/4910/4700 4565/4911/4701
f 4565/4911/4701 4550/4910/4700 4549/4180/4100 4563/4179/4099
f 4546/4840/4630 4560/4825/4635 4562/4912/4702 4547/4913/4703
f 4547/4913/4703 4562/4912/4702 4561/4190/4110 4545/4827/4111
f 4560/4825/4635 4564/4090/4022 4565/4911/4701 4562/4912/4702
f 4562/4912/4702 4565/4911/4701 4563/4179/4099 4561/4190/4110
f 4555/4822/4628 4542/4737/4567 4544/4914/4704 4556/4915/4705
f 4556/4915/4705 4544/4914/4704 4543/4188/4108 4554/4824/4096
f 4558/4185/4105 4543/4188/4108 4544/4914/4704 4559/4916/4706
f 4559/4916/4706 4544/4914/4704 4542/4737/4567 4557/4736/4566
f 4548/4089/4021 4551/4816/4629 4553/4917/4707 4550/4910/4700
f 4550/4910/4700 4553/4917/4707 4552/4175/4095 4549/4180/4100
f 4551/4816/4629 4555/4815/4628 4556/4918/4705 4553/4917/4707
f 4553/4917/4707 4556/4918/4705 4554/4176/4096 4552/4175/4095
f 4557/4736/4566 4546/4817/4630 4547/4919/4703 4559/4916/4706
f 4559/4916/4706 4547/4919/4703 4545/4191/4111 4558/4185/4105
f 4573/4186/4106 4584/4192/4112 4586/4920/4708 4574/4921/4709
f 4574/4921/4709 4586/4920/4708 4585/4922/4103 4572/4923/4710
f 4567/4174/4094 4569/4173/4093 4571/4924/4711 4568/4925/4712
f 4568/4925/4712 4571/4924/4711 4570/4833/4637 4566/4820/4633
f 4588/4177/4097 4567/4174/4094 4568/4925/4712 4589/4926/4713
f 4589/4926/4713 4568/4925/4712 4566/4820/4633 4587/4819/4632
f 4569/4823/4093 4581/4187/4107 4583/4927/4714 4571/4928/4711
f 4571/4928/4711 4583/4927/4714 4582/4830/4638 4570/4829/4637
f 4576/4189/4109 4578/4178/4098 4580/4929/4715 4577/4930/4716
f 4577/4930/4716 4580/4929/4715 4579/4835/4641 4575/4184/4104
f 4584/4826/4112 4576/4189/4109 4577/4930/4716 4586/4931/4708
f 4586/4931/4708 4577/4930/4716 4575/4184/4104 4585/4183/4103
f 4578/4178/4098 4588/4177/4097 4589/4926/4713 4580/4929/4715
f 4580/4929/4715 4589/4926/4713 4587/4819/4632 4579/4835/4641
f 4572/4923/4710 4582/4830/4638 4583/4927/4714 4574/4921/4709
f 4574/4921/4709 4583/4927/4714 4581/4187/4107 4573/4186/4106
f 4606/4445/4333 4608/4841/4573 4610/4932/4717 4607/4933/4718
f 4607/4933/4718 4610/4932/4717 4609/4854/4655 4605/4853/4654
f 4612/4449/4337 4596/4934/4719 4598/4935/4720 4613/4936/4721
f 4613/4936/4721 4598/4935/4720 4597/4743/4572 4611/4848/4650
f 4591/4838/4644 4599/4937/4338 4601/4938/4722 4592/4939/4723
f 4592/4939/4723 4601/4938/4722 4600/4729/4559 4590/4728/4558
f 4611/4848/4650 4600/4847/4559 4601/4940/4722 4613/4936/4721
f 4613/4936/4721 4601/4940/4722 4599/4450/4338 4612/4449/4337
f 4596/4934/4719 4609/4941/4655 4610/4942/4717 4598/4935/4720
f 4598/4935/4720 4610/4942/4717 4608/4744/4573 4597/4743/4572
f 4605/4853/4654 4602/4845/4648 4604/4943/4724 4607/4933/4718
f 4607/4933/4718 4604/4943/4724 4603/4446/4334 4606/4445/4333
f 4594/4855/4656 4603/4446/4334 4604/4943/4724 4595/4944/4725
f 4595/4944/4725 4604/4943/4724 4602/4845/4648 4593/4839/4645
f 4590/4728/4558 4594/4855/4656 4595/4944/4725 4592/4939/4723
f 4592/4939/4723 4595/4944/4725 4593/4839/4645 4591/4838/4644
f 4636/4444/4332 4632/4443/4331 4634/4945/4726 4637/4946/4727
f 4637/4946/4727 4634/4945/4726 4633/4170/4090 4635/4221/4137
f 4618/4742/4571 4623/4741/4570 4625/4947/4728 4619/4948/4729
f 4619/4948/4729 4625/4947/4728 4624/4861/4339 4617/4442/4330
f 4615/4727/4557 4620/4726/4556 4622/4949/4730 4616/4950/4731
f 4616/4950/4731 4622/4949/4730 4621/4862/4660 4614/4860/4661
f 4627/4849/4651 4618/4742/4571 4619/4948/4729 4628/4951/4732
f 4628/4951/4732 4619/4948/4729 4617/4442/4330 4626/4441/4329
f 4635/4221/4137 4624/4451/4339 4625/4952/4728 4637/4946/4727
f 4637/4946/4727 4625/4952/4728 4623/4842/4570 4636/4444/4332
f 4626/4441/4329 4621/4859/4660 4622/4953/4730 4628/4951/4732
f 4628/4951/4732 4622/4953/4730 4620/4850/4556 4627/4849/4651
f 4630/4167/4087 4633/4170/4090 4634/4945/4726 4631/4954/4733
f 4631/4954/4733 4634/4945/4726 4632/4443/4331 4629/4856/4657
f 4614/4860/4661 4630/4167/4087 4631/4954/4733 4616/4950/4731
f 4616/4950/4731 4631/4954/4733 4629/4856/4657 4615/4727/4557
f 4642/4772/4596 4643/4775/4599 4449/4778/4600 4446/4773/4597
f 4648/4790/4610 4438/4813/4626 4439/4814/4627 4652/4810/4623
f 3926/4251/4160 4442/4858/4659 4441/4955/4734 3925/4252/4161
f 3924/4533/4174 4440/4956/4735 4439/4814/4627 3966/4534/4416
f 3925/4252/4161 4441/4955/4734 4440/4957/4735 3924/4265/4174
f 3917/4496/4384 4444/4958/4736 4443/4857/4658 3919/4456/4344
f 3967/4536/4418 4438/4813/4626 4445/4959/4737 3918/4538/4387
f 3918/4499/4387 4445/4960/4737 4444/4958/4736 3917/4496/4384
f 3865/4460/4348 3848/4250/4159 4436/4961/4738 4437/4962/4739
f 4640/4963/4593 4433/4779/4601 4432/4757/4584 4645/4964/4740
f 3848/4250/4159 3846/4249/4158 4434/4965/4741 4436/4961/4738
f 3869/4457/4345 3865/4460/4348 4437/4962/4739 4435/4758/4585
f 3962/4560/4431 3961/4559/4386 4433/4966/4601 4430/4967/4742
f 3912/4275/4183 3962/4560/4431 4430/4967/4742 4431/4968/4743
f 4645/4964/4740 4432/4757/4584 4435/4758/4585 4641/4771/4595
f 3846/4276/4158 3912/4275/4183 4431/4968/4743 4434/4969/4741
f 4026/4255/4164 4027/4258/4167 4424/4970/4744 4423/4971/4745
f 4025/4259/4168 4026/4255/4164 4423/4971/4745 4429/4972/4746
f 4426/4973/4747 4638/4974/4748 4029/4542/4420 4030/4544/4422
f 4031/4547/4424 4032/4260/4169 4428/4975/4749 4427/4976/4750
f 4031/4546/4424 4427/4977/4750 4426/4973/4747 4030/4544/4422
f 4663/4978/4751 4638/4974/4748 4426/4973/4747 4656/4831/4639
f 4025/4259/4168 4429/4972/4746 4428/4975/4749 4032/4260/4169
f 4027/4258/4167 4028/4267/4176 4425/4979/4752 4424/4970/4744
f 4669/4980/4335 4668/4837/4643 4421/4867/4666 4420/4866/4665
f 4665/4448/4336 4418/4865/4664 4417/4844/4647 4670/4981/4753
f 4666/4846/4649 4664/4852/4653 4415/4864/4663 4419/4863/4662
f 3956/4245/4154 3939/4244/4153 4415/4864/4663 4416/4982/4646
f 3916/4464/4352 4422/4983/4754 4419/4863/4662 3938/4461/4349
f 4671/4984/4652 4670/4981/4753 4417/4844/4647 4416/4843/4646
f 3916/4464/4352 3913/4489/4377 4421/4867/4666 4422/4983/4754
f 3914/4551/4426 3915/4554/4428 4418/4865/4664 4420/4985/4665
f 4029/4542/4420 4638/4974/4748 4425/4986/4752 4028/4539/4176
f 4661/4987/4102 4663/4978/4751 4572/4923/4710 4585/4922/4103
f 4452/4873/4671 4645/4964/4740 4641/4771/4595 4455/4774/4598
f 4467/4872/4594 4640/4963/4593 4645/4964/4740 4452/4873/4671
f 4437/4962/4739 4436/4961/4738 4643/4775/4599 4642/4772/4596
f 4436/4961/4738 4434/4965/4741 4644/4776/4580 4643/4775/4599
f 4435/4758/4585 4437/4962/4739 4642/4772/4596 4641/4771/4595
f 4430/4967/4742 4433/4966/4601 4640/4769/4593 4647/4767/4591
f 4431/4968/4743 4430/4967/4742 4647/4767/4591 4646/4754/4581
f 4434/4969/4741 4431/4968/4743 4646/4754/4581 4644/4753/4580
f 4516/4791/4611 4648/4790/4610 4652/4810/4623 4510/4809/4622
f 4443/4857/4658 4650/4799/4617 4653/4811/4624 4442/4858/4659
f 4442/4858/4659 4653/4811/4624 4655/4803/4618 4441/4955/4734
f 4440/4956/4735 4649/4807/4621 4652/4810/4623 4439/4814/4627
f 4441/4955/4734 4655/4803/4618 4649/4806/4621 4440/4957/4735
f 4444/4958/4736 4651/4428/4316 4650/4799/4617 4443/4857/4658
f 4438/4813/4626 4648/4790/4610 4654/4793/4313 4445/4959/4737
f 4445/4960/4737 4654/4425/4313 4651/4428/4316 4444/4958/4736
f 4425/4986/4752 4638/4974/4748 4663/4978/4751 4661/4987/4102
f 4572/4923/4710 4663/4978/4751 4656/4831/4639 4582/4830/4638
f 4423/4971/4745 4424/4970/4744 4659/4181/4101 4657/4834/4640
f 4429/4972/4746 4423/4971/4745 4657/4834/4640 4662/4818/4631
f 4427/4976/4750 4428/4975/4749 4660/4821/4634 4658/4832/4636
f 4427/4977/4750 4658/4828/4636 4656/4831/4639 4426/4973/4747
f 4429/4972/4746 4662/4818/4631 4660/4821/4634 4428/4975/4749
f 4424/4970/4744 4425/4979/4752 4661/4182/4102 4659/4181/4101
f 4609/4941/4655 4596/4934/4719 4670/4981/4753 4671/4984/4652
f 4602/4845/4648 4605/4853/4654 4664/4852/4653 4666/4846/4649
f 4612/4449/4337 4665/4448/4336 4670/4981/4753 4596/4934/4719
f 4599/4937/4338 4591/4838/4644 4668/4837/4643 4669/4980/4335
f 4416/4982/4646 4415/4864/4663 4664/4852/4653 4671/4851/4652
f 4422/4983/4754 4667/4836/4642 4666/4846/4649 4419/4863/4662
f 4422/4983/4754 4421/4867/4666 4668/4837/4643 4667/4836/4642
f 4420/4985/4665 4418/4865/4664 4665/4448/4336 4669/4447/4335
f 4672/3947/3893 3761/3946/3892 3800/3950/3896 3728/3949/3895
f 4791/4988/4755 4732/4989/4756 4731/4990/4757 4787/4991/4758
f 4773/4992/4759 4767/4993/4760 4695/4994/4761 4739/4995/4762
f 6632/4996/4763 4756/4997/4764 4762/4998/4765 4679/4999/4766
f 4681/5000/4767 4687/5001/4768 4686/5002/4769 6730/5003/4770
f 4682/5004/4771 4689/5005/4772 4735/5006/4773 4684/5007/4774
f 6730/5003/4770 4686/5002/4769 4734/5008/4775 4680/5009/4776
f 6728/5010/4777 4685/5011/4778 3696/3841/3802 3695/3840/3801
f 4684/5007/4774 4735/5006/4773 4688/5012/4779 4683/5013/4780
f 4683/5013/4780 4688/5012/4779 4687/5001/4768 4681/5000/4767
f 6729/5014/4781 4706/5015/4782 4685/5011/4778 6728/5010/4777
f 4680/5009/4776 4734/5008/4775 4706/5015/4782 6729/5014/4781
f 4678/5016/4783 4707/5017/4784 4690/5018/4785 4677/5019/4786
f 6712/5020/4787 4691/5021/4788 4707/5017/4784 4678/5016/4783
f 6687/5022/4789 4693/5023/4790 4676/5024/4791 6713/5025/4792
f 6599/5026/4793 4692/5027/4794 4689/5005/4772 4682/5004/4771
f 6675/5028/4795 4736/5029/4796 4693/5023/4790 6687/5022/4789
f 4677/5019/4786 4690/5018/4785 4692/5027/4794 6599/5026/4793
f 6713/5025/4792 4676/5024/4791 4691/5021/4788 6712/5020/4787
f 6632/4996/4763 3694/5030/3823 3785/5031/3822 4756/4997/4764
f 4795/5032/4797 4771/5033/4798 4726/5034/4799 4784/5035/4800
f 4746/5036/4801 4745/5037/4802 2158/5038/2544 2155/5039/2312
f 4778/5040/4803 4741/5041/4804 4675/5042/2316 2151/5043/2315
f 4741/5041/4804 4742/5044/4805 2152/5045/2323 4675/5042/2316
f 4742/5044/4805 4743/5046/4806 2157/5047/2324 2152/5045/2323
f 4743/5046/4806 4748/5048/4807 4738/5049/2307 2157/5047/2324
f 4748/5048/4807 4744/5050/4808 2156/5051/2308 4738/5049/2307
f 4747/5052/4809 4746/5036/4801 2155/5039/2312 4694/5053/2311
f 4749/5054/4810 4747/5052/4809 4694/5053/2311 4737/5055/2408
f 4744/5050/4808 4749/5054/4810 4737/5055/2408 2156/5051/2308
f 4780/5056/4811 4729/5057/4812 3759/3889/3840 3815/3888/3839
f 4781/5058/4813 4728/5059/4814 4727/5060/4815 4782/5061/4816
f 4785/5062/4817 4723/5063/4818 4721/5064/4819 4786/5065/4820
f 4784/5035/4800 4726/5034/4799 4728/5059/4814 4781/5058/4813
f 4788/5066/4821 4725/5067/4822 4724/5068/4823 4789/5069/4824
f 4796/5070/4825 4777/5071/4826 4732/4989/4756 4791/4988/4755
f 4792/5072/4827 4722/5073/4828 4733/5074/4829 4790/5075/4830
f 4789/5069/4824 4724/5068/4823 4723/5063/4818 4785/5062/4817
f 4703/5076/4831 4751/5077/4832 4752/5078/4833 4702/5079/4834
f 4786/5065/4820 4721/5064/4819 4722/5073/4828 4792/5072/4827
f 4794/5080/4835 4770/5081/4836 4765/5082/4837 4793/5083/4838
f 4765/5082/4837 4763/5084/4839 4783/5085/4840 4793/5083/4838
f 4759/5086/4841 4750/5087/4842 4705/5088/4843 4701/5089/4844
f 4750/5087/4842 4760/5090/4845 4704/5091/4846 4705/5088/4843
f 4760/5090/4845 4751/5077/4832 4703/5076/4831 4704/5091/4846
f 4758/5092/4847 4757/5093/4848 4696/5094/4849 4695/4994/4761
f 4729/5057/4812 4780/5056/4811 4783/5085/4840 4763/5084/4839
f 4753/5095/4850 4759/5086/4841 4701/5089/4844 4700/5096/4851
f 4754/5097/4852 4753/5095/4850 4700/5096/4851 4699/5098/4853
f 4755/5099/4854 4754/5097/4852 4699/5098/4853 4698/5100/4855
f 4761/5101/4856 4755/5099/4854 4698/5100/4855 4697/5102/4857
f 4779/5103/4858 4761/5101/4856 4697/5102/4857 4775/5104/4859
f 4772/5105/4860 3776/5106/3890 564/5107/916 2159/5108/2498
f 4773/4992/4759 4739/4995/4762 2153/5109/2319 4674/5110/2550
f 2153/5109/2319 4739/4995/4762 4740/5111/4861 2154/5112/2320
f 4695/4994/4761 4696/5094/4849 4740/5111/4861 4739/4995/4762
f 4701/5089/4844 4705/5088/4843 4749/5054/4810 4744/5050/4808
f 4705/5088/4843 4704/5091/4846 4747/5052/4809 4749/5054/4810
f 4704/5091/4846 4703/5076/4831 4746/5036/4801 4747/5052/4809
f 4728/5059/4814 4726/5034/4799 4752/5078/4833 4751/5077/4832
f 4771/5033/4798 3755/5113/3894 4672/5114/3893 4730/5115/4862
f 4700/5096/4851 4701/5089/4844 4744/5050/4808 4748/5048/4807
f 4699/5098/4853 4700/5096/4851 4748/5048/4807 4743/5046/4806
f 4698/5100/4855 4699/5098/4853 4743/5046/4806 4742/5044/4805
f 4697/5102/4857 4698/5100/4855 4742/5044/4805 4741/5041/4804
f 4775/5104/4859 4697/5102/4857 4741/5041/4804 4778/5040/4803
f 4746/5036/4801 4703/5076/4831 4702/5079/4834 4745/5037/4802
f 4772/5105/4860 4766/5116/4863 3728/5117/3895 3776/5106/3890
f 4777/5071/4826 4733/5074/4829 4761/5101/4856 4779/5103/4858
f 4733/5074/4829 4722/5073/4828 4755/5099/4854 4761/5101/4856
f 4722/5073/4828 4721/5064/4819 4754/5097/4852 4755/5099/4854
f 4721/5064/4819 4723/5063/4818 4753/5095/4850 4754/5097/4852
f 4723/5063/4818 4724/5068/4823 4759/5086/4841 4753/5095/4850
f 4758/5092/4847 4731/4990/4757 4732/4989/4756 4757/5093/4848
f 4727/5060/4815 4728/5059/4814 4751/5077/4832 4760/5090/4845
f 4725/5067/4822 4727/5060/4815 4760/5090/4845 4750/5087/4842
f 4724/5068/4823 4725/5067/4822 4750/5087/4842 4759/5086/4841
f 4782/5061/4816 4727/5060/4815 4725/5067/4822 4788/5066/4821
f 4679/4999/4766 4762/4998/4765 4736/5029/4796 6675/5028/4795
f 4729/5057/4812 4763/5084/4839 4673/3951/3897 3759/3889/3840
f 4770/5081/4836 4731/4990/4757 4758/5092/4847 4774/5118/4864
f 4774/5118/4864 4758/5092/4847 4695/4994/4761 4767/4993/4760
f 4793/5083/4838 4783/5085/4840 4717/5119/4865 4764/5120/4866
f 4685/5011/4778 4716/5121/4867 3744/3955/3901 3696/3841/3802
f 3765/3957/3903 4774/5118/4864 4767/4993/4760 3721/3958/3904
f 4765/5082/4837 4770/5081/4836 4774/5118/4864 3765/3957/3903
f 4745/5037/4802 4702/5079/4834 4766/5116/4863 4772/5105/4860
f 4726/5034/4799 4771/5033/4798 4730/5115/4862 4752/5078/4833
f 3780/3959/3905 4773/4992/4759 4674/5110/2550 562/3960/1008
f 4745/5037/4802 4772/5105/4860 2159/5108/2498 2158/5038/2544
f 4787/4991/4758 4731/4990/4757 4770/5081/4836 4794/5080/4835
f 4702/5079/4834 4752/5078/4833 4730/5115/4862 4766/5116/4863
f 3827/5122/3906 3755/5113/3894 4771/5033/4798 4795/5032/4797
f 3780/3959/3905 3721/3958/3904 4767/4993/4760 4773/4992/4759
f 4685/5011/4778 4706/5015/4782 4717/5119/4865 4716/5121/4867
f 4734/5008/4775 4764/5120/4866 4717/5119/4865 4706/5015/4782
f 4756/4997/4764 3785/5031/3822 3740/5123/3908 4769/5124/4868
f 4732/4989/4756 4777/5071/4826 4779/5103/4858 4757/5093/4848
f 4720/5125/4869 4689/5005/4772 4692/5027/4794 4709/5126/4870
f 4709/5126/4870 4692/5027/4794 4690/5018/4785 4708/5127/4871
f 4708/5127/4871 4690/5018/4785 4707/5017/4784 4710/5128/4872
f 4710/5128/4872 4707/5017/4784 4691/5021/4788 4711/5129/4873
f 4711/5129/4873 4691/5021/4788 4676/5024/4791 4712/5130/4874
f 4712/5130/4874 4676/5024/4791 4693/5023/4790 4714/5131/4875
f 4714/5131/4875 4693/5023/4790 4736/5029/4796 4715/5132/4876
f 4715/5132/4876 4736/5029/4796 4762/4998/4765 4713/5133/4877
f 4713/5133/4877 4762/4998/4765 4756/4997/4764 4769/5124/4868
f 4696/5094/4849 4775/5104/4859 4778/5040/4803 4740/5111/4861
f 4757/5093/4848 4779/5103/4858 4775/5104/4859 4696/5094/4849
f 4790/5075/4830 4733/5074/4829 4777/5071/4826 4796/5070/4825
f 4740/5111/4861 4778/5040/4803 2151/5043/2315 2154/5112/2320
f 4686/5002/4769 4768/5134/4878 4764/5120/4866 4734/5008/4775
f 4687/5001/4768 4718/5135/4879 4768/5134/4878 4686/5002/4769
f 4688/5012/4779 4719/5136/4880 4718/5135/4879 4687/5001/4768
f 4719/5136/4880 4688/5012/4779 4735/5006/4773 4776/5137/4881
f 4735/5006/4773 4689/5005/4772 4720/5125/4869 4776/5137/4881
f 4720/5125/4869 4790/5075/4830 4796/5070/4825 4776/5137/4881
f 3740/5123/3908 3827/5122/3906 4795/5032/4797 4769/5124/4868
f 4718/5135/4879 4787/4991/4758 4794/5080/4835 4768/5134/4878
f 4763/5084/4839 4765/5082/4837 3765/3957/3903 4673/3951/3897
f 4714/5131/4875 4782/5061/4816 4788/5066/4821 4712/5130/4874
f 4717/5119/4865 4783/5085/4840 4780/5056/4811 4716/5121/4867
f 4768/5134/4878 4794/5080/4835 4793/5083/4838 4764/5120/4866
f 4708/5127/4871 4786/5065/4820 4792/5072/4827 4709/5126/4870
f 4711/5129/4873 4789/5069/4824 4785/5062/4817 4710/5128/4872
f 4709/5126/4870 4792/5072/4827 4790/5075/4830 4720/5125/4869
f 4776/5137/4881 4796/5070/4825 4791/4988/4755 4719/5136/4880
f 4712/5130/4874 4788/5066/4821 4789/5069/4824 4711/5129/4873
f 4713/5133/4877 4784/5035/4800 4781/5058/4813 4715/5132/4876
f 4710/5128/4872 4785/5062/4817 4786/5065/4820 4708/5127/4871
f 4715/5132/4876 4781/5058/4813 4782/5061/4816 4714/5131/4875
f 4716/5121/4867 4780/5056/4811 3815/3888/3839 3744/3955/3901
f 4769/5124/4868 4795/5032/4797 4784/5035/4800 4713/5133/4877
f 4719/5136/4880 4791/4988/4755 4787/4991/4758 4718/5135/4879
f 4836/5138/4882 4839/5139/4883 4860/5140/4884 4859/5141/4885
f 4820/5142/4886 4819/5143/4887 2697/5144/2690 2698/5145/2671
f 4812/5146/4888 4816/5147/4889 4815/5148/4890 4813/5149/4891
f 4900/5150/4892 4905/5151/4893 4901/5152/4894 4899/5153/4895
f 4902/5154/4896 4903/5155/4897 4906/5156/4898 4904/5157/4899
f 4853/5158/4900 4855/5159/4901 4819/5143/4887 4817/5160/4902
f 4838/5161/4903 4840/5162/4904 4839/5163/4883 4836/5164/4882
f 4834/5165/4905 4836/5138/4882 4859/5141/4885 4858/5166/4906
f 4847/5167/4907 4848/5168/4908 4841/5169/4909 4842/5170/4910
f 4811/5171/4911 4812/5146/4888 4813/5149/4891 4814/5172/4912
f 4846/5173/4913 4843/5174/4914 4844/5175/4915 4845/5176/4916
f 4843/5174/4914 4842/5170/4910 4838/5161/4903 4837/5177/4917
f 4818/5178/4918 4817/5160/4902 4819/5143/4887 4820/5142/4886
f 4847/5167/4907 4849/5179/4919 4851/5180/4920 4848/5168/4908
f 4859/5141/4885 4863/5181/4921 4864/5182/4922 4858/5166/4906
f 4846/5173/4913 4847/5167/4907 4842/5170/4910 4843/5174/4914
f 4852/5183/4923 4846/5173/4913 4845/5176/4916 4854/5184/4924
f 4907/5185/4925 4908/5186/4926 4909/5187/4927 4910/5188/4928
f 4816/5147/4889 4817/5160/4902 4818/5178/4918 4815/5148/4890
f 4837/5177/4917 4835/5189/4929 4844/5175/4915 4843/5174/4914
f 4814/5172/4912 4825/5190/4930 4810/5191/4931 4811/5171/4911
f 4837/5177/4917 4838/5161/4903 4836/5164/4882 4834/5192/4905
f 4860/5140/4884 4862/5193/4932 4863/5181/4921 4859/5141/4885
f 4842/5170/4910 4841/5169/4909 4840/5162/4904 4838/5161/4903
f 4903/5155/4897 4907/5185/4925 4910/5188/4928 4906/5156/4898
f 4902/5154/4896 4904/5157/4899 4905/5151/4893 4900/5150/4892
f 4908/5186/4926 6838/5194/2584 2428/5195/2587 4909/5187/4927
f 4800/5196/4933 4802/5197/4934 4799/5198/4935 4798/5199/4936
f 4806/5200/4937 4801/5201/4938 4799/5198/4935 4802/5197/4934
f 4805/5202/4939 4803/5203/4940 4801/5201/4938 4806/5200/4937
f 4865/5204/4941 4798/5205/4936 4799/5206/4935 4867/5207/4942
f 4867/5207/4942 4799/5206/4935 4801/5208/4938 4868/5209/4943
f 4846/5173/4913 4852/5183/4923 4849/5179/4919 4847/5167/4907
f 4975/5210/4944 4973/5211/4945 4863/5181/4921 4862/5193/4932
f 4975/5210/4944 4862/5193/4932 4977/5212/4946 4976/5213/4947
f 4978/5214/4948 4977/5212/4946 4862/5193/4932 4860/5140/4884
f 4850/5215/4949 4979/5216/4950 4848/5168/4908 4851/5180/4920
f 4848/5168/4908 4979/5216/4950 4980/5217/4951 4841/5169/4909
f 4841/5169/4909 4980/5217/4951 4981/5218/4952 4840/5162/4904
f 4840/5162/4904 4981/5218/4952 4982/5219/4953 4839/5163/4883
f 4839/5139/4883 4982/5220/4953 4978/5214/4948 4860/5140/4884
f 5330/5221/4954 5350/5222/4955 5349/5223/4956 5329/5224/4957
f 4880/5225/4958 5345/5226/4959 5351/5227/4960 4885/5228/4961
f 5332/5229/4962 5349/5223/4956 5351/5227/4960 5345/5226/4959
f 5333/5230/4963 5350/5222/4955 5330/5221/4954 4878/5231/4964
f 4885/5228/4961 5351/5227/4960 5352/5232/4965 4886/5233/4966
f 4887/5234/4967 5347/5235/4968 5348/5236/4969 4888/5237/4970
f 5339/5238/4971 5003/5239/4972 4879/5240/4973 5346/5241/4974
f 4879/5240/4973 4886/5233/4966 5352/5232/4965 5346/5241/4974
f 5345/5226/4959 4880/5225/4958 5001/5242/4975 5344/5243/4976
f 5001/5242/4975 4918/5244/4977 5343/5245/4978 5344/5243/4976
f 4918/5246/4977 4926/5247/4979 5342/5248/4980 5343/5249/4978
f 5506/5250/4981 5009/5251/4982 5007/5252/4983 5522/5253/4984
f 4927/5254/4985 5341/5255/4986 5342/5248/4980 4926/5247/4979
f 5004/5256/4987 5340/5257/4988 5341/5255/4986 4927/5254/4985
f 5003/5239/4972 5339/5238/4971 5340/5258/4988 5004/5259/4987
f 5338/5260/4989 4891/5261/4990 4892/5262/4991 5334/5263/4992
f 5332/5229/4962 5345/5226/4959 5344/5243/4976 5331/5264/4993
f 5343/5245/4978 5337/5265/4994 5331/5264/4993 5344/5243/4976
f 5342/5248/4980 5336/5266/4995 5337/5267/4994 5343/5249/4978
f 5341/5255/4986 5335/5268/4996 5336/5266/4995 5342/5248/4980
f 5340/5257/4988 5334/5269/4992 5335/5268/4996 5341/5255/4986
f 5338/5260/4989 5339/5238/4971 5346/5241/4974 5333/5230/4963
f 5351/5227/4960 5349/5223/4956 5350/5222/4955 5352/5232/4965
f 4890/5270/4997 4891/5261/4990 4878/5231/4964 5330/5221/4954
f 4889/5271/4998 4890/5270/4997 5330/5221/4954 5329/5224/4957
f 4939/5272/4999 4936/5273/5000 4937/5274/5001 4938/5275/5002
f 5100/5276/5003 5306/5277/5004 5305/5278/5005 5099/5279/5006
f 5363/5280/5007 5364/5281/5008 4933/5282/5009 4932/5283/5010
f 4966/5284/5011 5292/5285/5012 4938/5286/5002 4965/5287/5013
f 4928/5288/5014 5297/5289/5015 5296/5290/5016 4934/5291/5017
f 4968/5292/5018 4969/5293/5019 4940/5294/5020 5294/5295/5021
f 5303/5296/5022 5305/5278/5005 5311/5297/5023 5101/5298/5024
f 5096/5299/5025 5304/5300/5026 5306/5277/5004 5100/5276/5003
f 5097/5301/5027 5310/5302/5028 5304/5300/5026 5295/5303/5029
f 4939/5272/4999 4940/5304/5020 4935/5305/5030 4936/5273/5000
f 4965/5306/5013 4938/5275/5002 4937/5274/5001 4964/5307/5031
f 4967/5308/5032 5293/5309/5033 5292/5285/5012 4966/5284/5011
f 4951/5310/5034 5298/5311/5035 5297/5312/5015 4928/5313/5014
f 5295/5303/5029 5304/5300/5026 5096/5299/5025 5098/5314/5036
f 4929/5315/5037 4930/5316/5038 5302/5317/5039 5301/5318/5040
f 4940/5304/5020 4969/5319/5019 4970/5320/5041 4935/5305/5030
f 5364/5281/5008 5365/5321/5042 4934/5291/5017 4933/5282/5009
f 4953/5322/5043 4929/5323/5037 5301/5324/5040 5300/5325/5044
f 4952/5326/5045 5299/5327/5046 5298/5311/5035 4951/5310/5034
f 4952/5326/5045 4953/5322/5043 5300/5325/5044 5299/5327/5046
f 4967/5308/5032 4968/5292/5018 5294/5295/5021 5293/5309/5033
f 4891/5261/4990 5338/5260/4989 5333/5230/4963 4878/5231/4964
f 5588/5328/5047 5591/5329/5048 5597/5330/5049 5002/5331/5050
f 4889/5271/4998 5329/5224/4957 4881/5332/5051 4917/5333/5052
f 5527/5334/5053 5512/5335/5054 5510/5336/5055 5525/5337/5056
f 5546/5338/5057 5507/5339/5058 5521/5340/5059 5536/5341/5060
f 5617/5342/5061 5533/5343/5062 5543/5344/5063 5619/5345/5064
f 5516/5346/5065 5501/5347/5066 5539/5348/5067 5531/5349/5068
f 5536/5341/5060 5521/5340/5059 5519/5350/5069 5534/5351/5070
f 5531/5349/5068 5542/5352/5071 5503/5353/5072 5516/5346/5065
f 5038/5354/5073 5325/5355/5074 5041/5356/5075 5034/5357/5076
f 5046/5358/5077 4992/5359/5078 4991/5360/5079 5040/5361/5080
f 5045/5362/5081 4993/5363/5082 4992/5364/5078 5046/5365/5077
f 5044/5366/5083 4994/5367/5084 4993/5363/5082 5045/5362/5081
f 5043/5368/5085 4995/5369/5086 4994/5367/5084 5044/5366/5083
f 5252/5370/5087 5047/5371/5088 5043/5372/5085 5253/5373/5089
f 4998/5374/5090 5000/5375/5091 4999/5376/5092 4997/5377/5093
f 5260/5378/5094 4993/5363/5082 4994/5367/5084 5261/5379/5095
f 4997/5377/5093 4999/5376/5092 4995/5380/5086 4996/5381/5096
f 4998/5374/5090 4991/5360/5079 4992/5359/5078 5000/5375/5091
f 5002/5331/5050 4886/5233/4966 4879/5240/4973 5003/5239/4972
f 4917/5333/5052 4881/5332/5051 5332/5229/4962 5331/5264/4993
f 5591/5329/5048 5593/5382/5097 5001/5242/4975 5597/5330/5049
f 5346/5241/4974 5352/5232/4965 5350/5222/4955 5333/5230/4963
f 4892/5383/4991 4888/5237/4970 5348/5236/4969 4893/5384/5098
f 4894/5385/5099 5347/5235/4968 4887/5234/4967 4895/5386/5100
f 4889/5271/4998 4917/5333/5052 4895/5387/5100 4887/5388/4967
f 4890/5270/4997 4888/5389/4970 4892/5262/4991 4891/5261/4990
f 5347/5235/4968 4894/5385/5099 4893/5384/5098 5348/5236/4969
f 4889/5271/4998 4887/5388/4967 4888/5389/4970 4890/5270/4997
f 5353/5390/5101 5354/5391/5102 4958/5392/5103 4957/5393/5104
f 4993/5363/5082 5260/5378/5094 5000/5394/5091 4992/5364/5078
f 4995/5369/5086 4999/5395/5092 5261/5379/5095 4994/5367/5084
f 5259/5396/5105 5328/5397/5106 5326/5398/5107 5042/5399/5108
f 5339/5238/4971 5338/5260/4989 5334/5263/4992 5340/5258/4988
f 5334/5269/4992 4892/5383/4991 4893/5384/5098 5335/5268/4996
f 5335/5268/4996 4893/5384/5098 4894/5385/5099 5336/5266/4995
f 5336/5266/4995 4894/5385/5099 4895/5386/5100 5337/5267/4994
f 4865/5204/4941 4866/5400/5109 4797/5401/5110 4798/5205/4936
f 5011/5402/5111 4800/5196/4933 4798/5199/4936 4797/5403/5110
f 4898/5404/5112 4915/5405/5113 4914/5406/5114 4897/5407/5115
f 4808/5408/5116 4809/5409/5117 4807/5410/5118 4804/5411/5119
f 4884/5412/5120 5135/5413/5121 5136/5414/5122 4883/5415/5123
f 4984/5416/5124 4985/5417/5125 5013/5418/5126 5012/5419/5127
f 4983/5420/5128 5014/5421/5129 5015/5422/5130 4990/5423/5131
f 5138/5424/5132 5139/5425/5133 5015/5422/5130 5014/5421/5129
f 4883/5415/5123 5136/5414/5122 5137/5426/5134 4882/5427/5135
f 4986/5428/5136 5016/5429/5137 5013/5418/5126 4985/5417/5125
f 5017/5430/5138 5018/5431/5139 4867/5207/4942 4868/5209/4943
f 5018/5431/5139 5019/5432/5140 4865/5204/4941 4867/5207/4942
f 4976/5213/4947 4977/5212/4946 5019/5432/5140 5018/5431/5139
f 5019/5432/5140 4861/5433/5141 4866/5400/5109 4865/5204/4941
f 4977/5212/4946 4978/5214/4948 4861/5433/5141 5019/5432/5140
f 4804/5434/5119 4807/5435/5118 4870/5436/5142 4869/5437/5143
f 4857/5438/5144 4856/5439/5145 5028/5440/5146 5020/5441/5147
f 6843/5442/2590 4857/5438/5144 5020/5441/5147 2699/5443/2648
f 2700/5444/2588 6838/5194/2584 4908/5186/4926 5026/5445/5148
f 4900/5150/4892 5027/5446/5149 5023/5447/5150 4902/5154/4896
f 5024/5448/5151 5022/5449/5152 4822/5450/5153 4823/5451/5154
f 5026/5445/5148 4908/5186/4926 4907/5185/4925 5030/5452/5155
f 5022/5449/5152 5021/5453/5156 4821/5454/5157 4822/5450/5153
f 5027/5446/5149 4900/5150/4892 4899/5153/4895 5025/5455/5158
f 4907/5185/4925 4903/5155/4897 5031/5456/5159 5030/5452/5155
f 5029/5457/5160 5024/5448/5151 4823/5451/5154 4824/5458/5161
f 4821/5454/5157 5021/5453/5156 5028/5440/5146 4856/5439/5145
f 4903/5155/4897 4902/5154/4896 5023/5447/5150 5031/5456/5159
f 5029/5457/5160 4825/5190/4930 4814/5172/4912 5024/5448/5151
f 4813/5149/4891 5022/5449/5152 5024/5448/5151 4814/5172/4912
f 5020/5441/5147 4820/5142/4886 2698/5145/2671 2699/5443/2648
f 4815/5148/4890 4818/5178/4918 5028/5440/5146 5021/5453/5156
f 4813/5149/4891 4815/5148/4890 5021/5453/5156 5022/5449/5152
f 5028/5440/5146 4818/5178/4918 4820/5142/4886 5020/5441/5147
f 4823/5451/5154 4822/5450/5153 5023/5447/5150 5027/5446/5149
f 5023/5447/5150 4822/5450/5153 4821/5454/5157 5031/5456/5159
f 5031/5456/5159 4821/5454/5157 4856/5439/5145 5030/5452/5155
f 5025/5455/5158 4824/5458/5161 4823/5451/5154 5027/5446/5149
f 4857/5438/5144 5026/5445/5148 5030/5452/5155 4856/5439/5145
f 6843/5442/2590 2700/5444/2588 5026/5445/5148 4857/5438/5144
f 5365/5321/5042 5366/5459/5162 4928/5288/5014 4934/5291/5017
f 5367/5460/5163 4948/5461/5164 4949/5462/5165 5363/5280/5007
f 5368/5463/5166 5367/5460/5163 4931/5464/5167 4930/5316/5038
f 5355/5465/5168 5356/5466/5169 4956/5467/5170 4955/5468/5171
f 5369/5469/5172 5368/5463/5166 4930/5316/5038 4929/5315/5037
f 5370/5470/5173 5369/5471/5172 4929/5323/5037 4953/5322/5043
f 5371/5472/5174 5370/5470/5173 4953/5322/5043 4952/5326/5045
f 5372/5473/5175 5371/5472/5174 4952/5326/5045 4951/5310/5034
f 5366/5474/5162 5372/5473/5175 4951/5310/5034 4928/5313/5014
f 4833/5475/5176 5033/5476/5177 5032/5477/5178 4829/5478/5179
f 4991/5360/5079 5034/5357/5076 5041/5356/5075 5040/5361/5080
f 4829/5478/5179 5032/5477/5178 5036/5479/5180 4828/5480/5181
f 4998/5374/5090 5038/5354/5073 5034/5357/5076 4991/5360/5079
f 4833/5475/5176 4832/5481/5182 5035/5482/5183 5033/5476/5177
f 4996/5381/5096 5047/5371/5088 5042/5399/5108 5037/5483/5184
f 4998/5374/5090 4997/5377/5093 5039/5484/5185 5038/5354/5073
f 4997/5377/5093 4996/5381/5096 5037/5483/5184 5039/5484/5185
f 5327/5485/5186 5325/5355/5074 5326/5398/5107 5328/5397/5106
f 5047/5371/5088 5252/5370/5087 5259/5396/5105 5042/5399/5108
f 5253/5486/5089 5043/5368/5085 5044/5366/5083 5254/5487/5187
f 5254/5487/5187 5044/5366/5083 5045/5362/5081 5255/5488/5188
f 5255/5488/5188 5045/5362/5081 5046/5365/5077 5256/5489/5189
f 5256/5490/5189 5046/5358/5077 5040/5361/5080 5257/5491/5190
f 5041/5356/5075 5258/5492/5191 5257/5491/5190 5040/5361/5080
f 5047/5371/5088 4996/5381/5096 4995/5380/5086 5043/5372/5085
f 5337/5265/4994 4895/5387/5100 4917/5333/5052 5331/5264/4993
f 5329/5224/4957 5349/5223/4956 5332/5229/4962 4881/5332/5051
f 5066/5493/5192 5086/5494/5193 5069/5495/5194 5062/5496/5195
f 5074/5497/5196 5051/5498/5197 5050/5499/5198 5068/5500/5199
f 5073/5501/5200 5052/5502/5201 5051/5503/5197 5074/5504/5196
f 5072/5505/5202 5053/5506/5203 5052/5502/5201 5073/5501/5200
f 5071/5507/5204 5054/5508/5205 5053/5506/5203 5072/5505/5202
f 5076/5509/5206 5075/5510/5207 5071/5511/5204 5077/5512/5208
f 5057/5513/5209 5059/5514/5210 5058/5515/5211 5056/5516/5212
f 5084/5517/5213 5052/5502/5201 5053/5506/5203 5085/5518/5214
f 5056/5516/5212 5058/5515/5211 5054/5519/5205 5055/5520/5215
f 5057/5513/5209 5050/5499/5198 5051/5498/5197 5059/5514/5210
f 5052/5502/5201 5084/5517/5213 5059/5521/5210 5051/5503/5197
f 5054/5508/5205 5058/5522/5211 5085/5518/5214 5053/5506/5203
f 5083/5523/5216 5089/5524/5217 5087/5525/5218 5070/5526/5219
f 5009/5251/4982 5061/5527/5220 5060/5528/5221 5007/5252/4983
f 5050/5499/5198 5062/5496/5195 5069/5495/5194 5068/5500/5199
f 5007/5252/4983 5060/5528/5221 5064/5529/5222 5006/5530/5223
f 5057/5513/5209 5066/5493/5192 5062/5496/5195 5050/5499/5198
f 5009/5251/4982 5008/5531/5224 5063/5532/5225 5061/5527/5220
f 5055/5520/5215 5075/5510/5207 5070/5526/5219 5065/5533/5226
f 5057/5513/5209 5056/5516/5212 5067/5534/5227 5066/5493/5192
f 5056/5516/5212 5055/5520/5215 5065/5533/5226 5067/5534/5227
f 5088/5535/5228 5086/5494/5193 5087/5525/5218 5089/5524/5217
f 5075/5510/5207 5076/5509/5206 5083/5523/5216 5070/5526/5219
f 5077/5536/5208 5071/5507/5204 5072/5505/5202 5078/5537/5229
f 5078/5537/5229 5072/5505/5202 5073/5501/5200 5079/5538/5230
f 5079/5538/5230 5073/5501/5200 5074/5504/5196 5080/5539/5231
f 5080/5540/5231 5074/5497/5196 5068/5500/5199 5081/5541/5232
f 5069/5495/5194 5082/5542/5233 5081/5541/5232 5068/5500/5199
f 5075/5510/5207 5055/5520/5215 5054/5519/5205 5071/5511/5204
f 5006/5530/5223 5076/5509/5206 5077/5512/5208 5005/5543/5234
f 5005/5544/5234 5077/5536/5208 5078/5537/5229 5010/5545/5235
f 5010/5545/5235 5078/5537/5229 5079/5538/5230 5048/5546/5236
f 5049/5547/5237 5048/5546/5236 5079/5538/5230 5080/5539/5231
f 5008/5531/5224 5049/5548/5237 5080/5540/5231 5081/5541/5232
f 5082/5542/5233 5063/5532/5225 5008/5531/5224 5081/5541/5232
f 5064/5529/5222 5060/5528/5221 5089/5524/5217 5083/5523/5216
f 5076/5509/5206 5006/5530/5223 5064/5529/5222 5083/5523/5216
f 5059/5521/5210 5084/5517/5213 5085/5518/5214 5058/5522/5211
f 5061/5527/5220 5088/5535/5228 5089/5524/5217 5060/5528/5221
f 5070/5526/5219 5087/5525/5218 5067/5534/5227 5065/5533/5226
f 5069/5495/5194 5086/5494/5193 5088/5535/5228 5082/5542/5233
f 5063/5532/5225 5082/5542/5233 5088/5535/5228 5061/5527/5220
f 5067/5534/5227 5087/5525/5218 5086/5494/5193 5066/5493/5192
f 5278/5549/5238 5092/5550/5239 5093/5551/5240 5279/5552/5241
f 5282/5553/5242 5263/5554/5243 5091/5555/5244 5284/5556/5245
f 5276/5557/5246 5093/5551/5240 5091/5555/5244 5263/5554/5243
f 5275/5558/5247 5092/5550/5239 5278/5549/5238 5280/5559/5248
f 5284/5556/5245 5091/5555/5244 5090/5560/5249 5285/5561/5250
f 5286/5562/5251 5095/5563/5252 5094/5564/5253 5287/5565/5254
f 5295/5303/5029 5098/5314/5036 4934/5291/5017 5296/5290/5016
f 4934/5291/5017 5098/5314/5036 5096/5299/5025 4933/5282/5009
f 4932/5283/5010 5100/5276/5003 5099/5279/5006 4931/5464/5167
f 4970/5320/5041 5101/5298/5024 5102/5566/5255 4935/5305/5030
f 4930/5316/5038 5103/5567/5256 5303/5296/5022 5302/5317/5039
f 4931/5464/5167 5099/5279/5006 5103/5567/5256 4930/5316/5038
f 4936/5273/5000 5104/5568/5257 5105/5569/5258 4937/5274/5001
f 4933/5282/5009 5096/5299/5025 5100/5276/5003 4932/5283/5010
f 4937/5274/5001 5105/5569/5258 5097/5301/5027 4964/5307/5031
f 4935/5305/5030 5102/5566/5255 5104/5568/5257 4936/5273/5000
f 5101/5298/5024 5311/5297/5023 5309/5570/5259 5102/5566/5255
f 4832/5481/5182 4833/5475/5176 5432/5571/5260 5443/5572/5261
f 5429/5573/5262 4828/5480/5181 4827/5574/5263 5446/5575/5264
f 5446/5576/5264 4827/5577/5263 4921/5578/5265 5435/5579/5266
f 5438/5580/5267 5444/5581/5268 5411/5582/5269 5426/5583/5270
f 5444/5581/5268 5431/5584/5271 5414/5585/5272 5411/5582/5269
f 5612/5586/5273 5609/5587/5274 5452/5588/5275 5470/5589/5276
f 4923/5590/5277 4832/5481/5182 5443/5572/5261 5437/5591/5278
f 5435/5579/5266 4921/5578/5265 4922/5592/5279 5450/5593/5280
f 5319/5594/5281 5318/5595/5282 5498/5596/5283 5488/5597/5284
f 5482/5598/5285 5479/5599/5286 5321/5600/5287 5320/5601/5288
f 4927/5254/4985 4926/5247/4979 5575/5602/5289 5584/5603/5290
f 4885/5228/4961 5597/5330/5049 5001/5242/4975 4880/5225/4958
f 5590/5604/5291 5561/5605/5292 5564/5606/5293 5594/5607/5294
f 5627/5608/5295 5557/5609/5296 5570/5610/5297 5623/5611/5298
f 5582/5612/5299 4918/5244/4977 5001/5242/4975 5593/5382/5097
f 4983/5420/5128 4984/5416/5124 5107/5613/5300 5106/5614/5301
f 4884/5412/5120 4877/5615/5302 5108/5616/5303 5109/5617/5304
f 4830/5618/5305 4826/5619/5306 5110/5620/5307 5111/5621/5308
f 4896/5622/5309 4874/5623/5310 5112/5624/5311 5113/5625/5312
f 4963/5626/5313 4954/5627/5314 5114/5628/5315 5115/5629/5316
f 4954/5627/5314 4955/5468/5171 5116/5630/5317 5114/5628/5315
f 4949/5462/5165 4948/5461/5164 5118/5631/5318 5117/5632/5319
f 4950/5633/5320 4949/5462/5165 5117/5632/5319 5119/5634/5321
f 4850/5215/4949 4851/5180/4920 5121/5635/5322 5120/5636/5323
f 4851/5180/4920 4849/5179/4919 5122/5637/5324 5121/5635/5322
f 5120/5636/5323 4800/5196/4933 5011/5402/5111 4850/5215/4949
f 5109/5617/5304 5108/5616/5303 5123/5638/5325 5124/5639/5326
f 5106/5614/5301 5107/5613/5300 5126/5640/5327 5125/5641/5328
f 5113/5625/5312 5112/5624/5311 5127/5642/5329 5128/5643/5330
f 5111/5621/5308 5110/5620/5307 5129/5644/5331 5130/5645/5332
f 5131/5646/5333 5107/5613/5300 4984/5416/5124 5012/5419/5127
f 5132/5647/5334 5126/5640/5327 5107/5613/5300 5131/5646/5333
f 4983/5420/5128 5106/5614/5301 5133/5648/5335 5014/5421/5129
f 5134/5649/5336 5133/5648/5335 5106/5614/5301 5125/5641/5328
f 5125/5641/5328 5126/5640/5327 5132/5647/5334 5134/5649/5336
f 5136/5414/5122 5135/5413/5121 5012/5419/5127 5013/5418/5126
f 5137/5426/5134 5136/5414/5122 5013/5418/5126 5016/5429/5137
f 4874/5623/5310 4871/5650/5337 5139/5425/5133 5138/5424/5132
f 5141/5651/5338 5140/5652/5339 5142/5653/5340 5143/5654/5341
f 5143/5654/5341 5142/5653/5340 5145/5655/5342 5144/5656/5343
f 4877/5615/5302 4875/5657/5344 5142/5653/5340 5140/5652/5339
f 4830/5618/5305 5141/5651/5338 5143/5654/5341 4831/5658/5345
f 4831/5658/5345 5143/5654/5341 5144/5656/5343 4919/5659/5346
f 4875/5657/5344 4876/5660/5347 5145/5655/5342 5142/5653/5340
f 5146/5661/5348 5112/5624/5311 4874/5623/5310 5138/5424/5132
f 5147/5662/5349 5127/5642/5329 5112/5624/5311 5146/5661/5348
f 5148/5663/5350 5128/5643/5330 5127/5642/5329 5147/5662/5349
f 5113/5625/5312 5128/5643/5330 5148/5663/5350 4898/5404/5112
f 4896/5622/5309 5113/5625/5312 4898/5404/5112 4897/5407/5115
f 4884/5412/5120 5109/5617/5304 5149/5664/5351 5135/5413/5121
f 5150/5665/5352 5149/5664/5351 5109/5617/5304 5124/5639/5326
f 5151/5666/5353 5150/5665/5352 5124/5639/5326 5123/5638/5325
f 5123/5638/5325 5108/5616/5303 5152/5667/5354 5151/5666/5353
f 5140/5652/5339 5152/5667/5354 5108/5616/5303 4877/5615/5302
f 5153/5668/5355 5141/5651/5338 4830/5618/5305 5111/5621/5308
f 5154/5669/5356 5153/5668/5355 5111/5621/5308 5130/5645/5332
f 5155/5670/5357 5154/5669/5356 5130/5645/5332 5129/5644/5331
f 4808/5408/5116 5155/5670/5357 5129/5644/5331 5110/5620/5307
f 4809/5409/5117 4808/5408/5116 5110/5620/5307 4826/5619/5306
f 5148/5663/5350 5147/5662/5349 5025/5455/5158 4899/5153/4895
f 5134/5649/5336 5132/5647/5334 5029/5457/5160 4824/5458/5161
f 4810/5191/4931 4825/5190/4930 5150/5665/5352 5151/5666/5353
f 5154/5669/5356 5155/5670/5357 5156/5671/5358 5157/5672/5359
f 5132/5647/5334 5150/5665/5352 4825/5190/4930 5029/5457/5160
f 5147/5662/5349 5134/5649/5336 4824/5458/5161 5025/5455/5158
f 5154/5669/5356 5157/5672/5359 4810/5191/4931 5151/5666/5353
f 5147/5662/5349 5146/5661/5348 5133/5648/5335 5134/5649/5336
f 5132/5647/5334 5131/5646/5333 5149/5664/5351 5150/5665/5352
f 5153/5668/5355 5154/5669/5356 5151/5666/5353 5152/5667/5354
f 5141/5651/5338 5153/5668/5355 5152/5667/5354 5140/5652/5339
f 5135/5413/5121 5149/5664/5351 5131/5646/5333 5012/5419/5127
f 5146/5661/5348 5138/5424/5132 5014/5421/5129 5133/5648/5335
f 4898/5404/5112 5148/5663/5350 5158/5673/5360 4915/5405/5113
f 5158/5673/5360 5148/5663/5350 4899/5153/4895 4901/5152/4894
f 4811/5171/4911 4810/5191/4931 5157/5672/5359 5159/5674/5361
f 4812/5146/4888 4811/5171/4911 5159/5674/5361 5160/5675/5362
f 4816/5147/4889 4812/5146/4888 5160/5675/5362 5161/5676/5363
f 4817/5160/4902 4816/5147/4889 5161/5676/5363 4853/5158/4900
f 4804/5411/5119 4803/5203/4940 4805/5202/4939 4808/5408/5116
f 5155/5670/5357 4808/5408/5116 4805/5202/4939 5162/5677/5364
f 5156/5671/5358 5155/5670/5357 5162/5677/5364 5163/5678/5365
f 5163/5678/5365 5162/5677/5364 4805/5202/4939 4806/5200/4937
f 5159/5674/5361 5157/5672/5359 5156/5671/5358 5164/5679/5366
f 5163/5678/5365 4806/5200/4937 4802/5197/4934 5165/5680/5367
f 5164/5679/5366 5156/5671/5358 5163/5678/5365 5165/5680/5367
f 4800/5196/4933 5120/5636/5323 5165/5680/5367 4802/5197/4934
f 5164/5679/5366 5165/5680/5367 5120/5636/5323 5121/5635/5322
f 5160/5675/5362 5159/5674/5361 5166/5681/5368 5167/5682/5369
f 5161/5676/5363 5160/5675/5362 5167/5682/5369 4852/5183/4923
f 4853/5158/4900 5161/5676/5363 4852/5183/4923 4854/5184/4924
f 5167/5682/5369 5122/5637/5324 4849/5179/4919 4852/5183/4923
f 5159/5674/5361 5164/5679/5366 5168/5683/5370 5166/5681/5368
f 5166/5681/5368 5168/5683/5370 5122/5637/5324 5167/5682/5369
f 5122/5637/5324 5168/5683/5370 5164/5679/5366 5121/5635/5322
f 4801/5208/4938 4803/5684/4940 5169/5685/5371 4868/5209/4943
f 4803/5684/4940 4804/5434/5119 4869/5437/5143 5169/5685/5371
f 4915/5686/5113 5158/5687/5360 5170/5688/5372 4912/5689/5373
f 5158/5687/5360 4901/5690/4894 4916/5691/5374 5170/5688/5372
f 5171/5692/5375 4924/5693/5376 4882/5694/5135 5137/5695/5134
f 5172/5696/5377 4925/5697/5378 4924/5693/5376 5171/5692/5375
f 5145/5698/5342 4876/5699/5347 4925/5697/5378 5172/5696/5377
f 4986/5700/5136 4987/5701/5379 5173/5702/5380 5016/5703/5137
f 4987/5701/5379 4988/5704/5381 5174/5705/5382 5173/5702/5380
f 4988/5704/5381 4989/5706/5383 5175/5707/5384 5174/5705/5382
f 4990/5423/5131 5015/5422/5130 5175/5708/5384 4989/5709/5383
f 4871/5650/5337 4872/5710/5385 5176/5711/5386 5139/5425/5133
f 4872/5712/5385 4873/5713/5387 5177/5714/5388 5176/5715/5386
f 4873/5713/5387 4913/5716/5389 4912/5689/5373 5177/5714/5388
f 4913/5716/5389 4914/5717/5114 4915/5686/5113 4912/5689/5373
f 5016/5703/5137 5173/5702/5380 5171/5692/5375 5137/5695/5134
f 5178/5718/5390 4920/5719/5391 4919/5720/5346 5144/5721/5343
f 4869/5437/5143 4870/5436/5142 4920/5719/5391 5178/5718/5390
f 5145/5698/5342 5172/5696/5377 5178/5718/5390 5144/5721/5343
f 5172/5696/5377 5171/5692/5375 5179/5722/5392 5180/5723/5393
f 5173/5702/5380 5174/5705/5382 5182/5724/5394 5181/5725/5395
f 5171/5692/5375 5173/5702/5380 5181/5725/5395 5179/5722/5392
f 4869/5437/5143 5178/5718/5390 5183/5726/5396 5169/5685/5371
f 5178/5718/5390 5172/5696/5377 5180/5723/5393 5183/5726/5396
f 5175/5708/5384 5015/5422/5130 5139/5425/5133 5176/5711/5386
f 5176/5715/5386 5177/5714/5388 5174/5705/5382 5175/5707/5384
f 5174/5705/5382 5177/5714/5388 5184/5727/5397 5182/5724/5394
f 4912/5689/5373 5170/5688/5372 5184/5727/5397 5177/5714/5388
f 4868/5209/4943 5169/5685/5371 5183/5726/5396 5017/5430/5138
f 5179/5722/5392 5181/5725/5395 4971/5728/5398 4974/5729/5399
f 4972/5730/5400 4971/5728/5398 5181/5725/5395 5182/5724/5394
f 5354/5391/5102 5357/5731/5401 4959/5732/5402 4958/5392/5103
f 5357/5731/5401 5358/5733/5403 4960/5734/5404 4959/5732/5402
f 5358/5733/5403 5359/5735/5405 4961/5736/5406 4960/5734/5404
f 5359/5737/5405 5360/5738/5407 4962/5739/5408 4961/5740/5406
f 5360/5738/5407 5361/5741/5409 4963/5626/5313 4962/5739/5408
f 5361/5741/5409 5362/5742/5410 4954/5627/5314 4963/5626/5313
f 5362/5742/5410 5355/5465/5168 4955/5468/5171 4954/5627/5314
f 5356/5466/5169 5353/5743/5101 4957/5744/5104 4956/5467/5170
f 4866/5400/5109 5187/5745/5411 5186/5746/5412 4797/5401/5110
f 4861/5433/5141 5188/5747/5413 5187/5745/5411 4866/5400/5109
f 4978/5214/4948 5189/5748/5414 5188/5747/5413 4861/5433/5141
f 4982/5220/4953 5190/5749/5415 5189/5748/5414 4978/5214/4948
f 4981/5218/4952 5191/5750/5416 5190/5751/5415 4982/5219/4953
f 4980/5217/4951 5192/5752/5417 5191/5750/5416 4981/5218/4952
f 4979/5216/4950 5193/5753/5418 5192/5752/5417 4980/5217/4951
f 4850/5215/4949 5194/5754/5419 5193/5753/5418 4979/5216/4950
f 4850/5215/4949 5011/5402/5111 5195/5755/5420 5194/5754/5419
f 5011/5402/5111 4797/5403/5110 5186/5756/5412 5195/5755/5420
f 5197/5757/5421 6839/5758/2583 2695/5759/2874 5196/5760/5422
f 5197/5757/5421 5198/5761/5423 4909/5762/4927 2428/5763/2587
f 5198/5761/5423 5197/5757/5421 5196/5760/5422 5199/5764/5424
f 4901/5690/4894 4905/5765/4893 5200/5766/5425 4916/5691/5374
f 4904/5767/4899 4906/5768/4898 5202/5769/5426 5201/5770/5427
f 4906/5768/4898 4910/5771/4928 5203/5772/5428 5202/5769/5426
f 4910/5771/4928 4909/5762/4927 5198/5761/5423 5203/5772/5428
f 4905/5765/4893 4904/5767/4899 5201/5770/5427 5200/5766/5425
f 5170/5688/5372 4916/5691/5374 4911/5773/5429 5184/5727/5397
f 4916/5691/5374 5200/5766/5425 5204/5774/5430 4911/5773/5429
f 5201/5770/5427 5202/5769/5426 5206/5775/5431 5205/5776/5432
f 5202/5769/5426 5203/5772/5428 5207/5777/5433 5206/5775/5431
f 5203/5772/5428 5198/5761/5423 5199/5764/5424 5207/5777/5433
f 5200/5766/5425 5201/5770/5427 5205/5776/5432 5204/5774/5430
f 5208/5778/5434 4864/5182/4922 4863/5181/4921 4973/5211/4945
f 5180/5723/5393 5185/5779/5435 5017/5430/5138 5183/5726/5396
f 5180/5723/5393 5179/5722/5392 4974/5729/5399 5185/5779/5435
f 4864/5182/4922 5208/5778/5434 5209/5780/5436 5210/5781/5437
f 4858/5166/4906 4864/5182/4922 5210/5781/5437 5211/5782/5438
f 4837/5177/4917 4834/5192/4905 5212/5783/5439 4835/5189/4929
f 4834/5165/4905 4858/5166/4906 5211/5782/5438 5212/5784/5439
f 5209/5780/5436 5208/5778/5434 5213/5785/5440 5214/5786/5441
f 5210/5781/5437 5209/5780/5436 5214/5786/5441 5215/5787/5442
f 5216/5788/5443 5211/5782/5438 5210/5781/5437 5215/5787/5442
f 5217/5789/5444 5213/5785/5440 5208/5778/5434 4973/5211/4945
f 5218/5790/5445 5217/5789/5444 4973/5211/4945 4975/5210/4944
f 5218/5790/5445 4975/5210/4944 4976/5213/4947 5219/5791/5446
f 5017/5430/5138 5185/5779/5435 5220/5792/5447 5018/5431/5139
f 5219/5791/5446 4976/5213/4947 5018/5431/5139 5220/5792/5447
f 5221/5793/5448 4835/5189/4929 5212/5783/5439 5239/5794/5449
f 4844/5175/4915 4835/5189/4929 5221/5793/5448 5222/5795/5450
f 4845/5176/4916 4844/5175/4915 5222/5795/5450 5223/5796/5451
f 4854/5184/4924 4845/5176/4916 5223/5796/5451 5224/5797/5452
f 4853/5158/4900 4854/5184/4924 5224/5797/5452 4855/5159/4901
f 4911/5773/5429 4972/5730/5400 5182/5724/5394 5184/5727/5397
f 5219/5791/5446 5220/5792/5447 5185/5779/5435 4974/5729/5399
f 4971/5728/5398 4972/5730/5400 5226/5798/5453 5225/5799/5454
f 4974/5729/5399 4971/5728/5398 5225/5799/5454 5219/5791/5446
f 4972/5730/5400 4911/5773/5429 5204/5774/5430 5226/5798/5453
f 5227/5800/5455 5226/5798/5453 5204/5774/5430 5205/5776/5432
f 5228/5801/5456 5225/5799/5454 5226/5798/5453 5227/5800/5455
f 5228/5801/5456 5218/5790/5445 5219/5791/5446 5225/5799/5454
f 5229/5802/5457 5230/5803/5458 5232/5804/5459 5231/5805/5460
f 5231/5805/5460 5207/5777/5433 5199/5764/5424 5229/5802/5457
f 5233/5806/5461 5206/5775/5431 5207/5777/5433 5231/5805/5460
f 5227/5800/5455 5205/5776/5432 5206/5775/5431 5233/5806/5461
f 5234/5807/5462 5233/5806/5461 5231/5805/5460 5232/5804/5459
f 5228/5801/5456 5227/5800/5455 5233/5806/5461 5234/5807/5462
f 5234/5807/5462 5217/5789/5444 5218/5790/5445 5228/5801/5456
f 5232/5804/5459 5213/5785/5440 5217/5789/5444 5234/5807/5462
f 5232/5804/5459 5230/5803/5458 5214/5786/5441 5213/5785/5440
f 5215/5787/5442 5214/5786/5441 5230/5803/5458 5235/5808/5463
f 6840/5809/2870 5236/5810/5464 5196/5760/5422 2695/5759/2874
f 5199/5764/5424 5196/5760/5422 5236/5810/5464 5229/5802/5457
f 5229/5802/5457 5236/5810/5464 5235/5808/5463 5230/5803/5458
f 2697/5144/2690 4819/5143/4887 4855/5159/4901 6842/5811/2702
f 6842/5811/2702 4855/5159/4901 5224/5797/5452 2431/5812/2704
f 2431/5812/2704 5224/5797/5452 5223/5796/5451 6841/5813/2731
f 5222/5795/5450 2696/5814/2845 6841/5813/2731 5223/5796/5451
f 2696/5814/2845 5222/5795/5450 5221/5793/5448 2430/5815/2850
f 5236/5810/5464 6840/5809/2870 5237/5816/5465 5235/5808/5463
f 5215/5787/5442 5235/5808/5463 5237/5816/5465 5216/5788/5443
f 5221/5793/5448 5239/5794/5449 5238/5817/5466
f 5238/5817/5466 2429/5818/2867 2430/5815/2850 5221/5793/5448
f 2429/5819/2867 5238/5820/5466 5237/5816/5465 6840/5809/2870
f 5216/5788/5443 5239/5821/5449 5212/5784/5439 5211/5782/5438
f 5238/5820/5466 5239/5821/5449 5216/5788/5443 5237/5816/5465
f 5240/5822/5467 5247/5823/5468 4960/5734/5404 4961/5736/5406
f 4963/5626/5313 5244/5824/5469 5241/5825/5470 4962/5739/5408
f 5243/5826/5471 5242/5827/5472 4956/5467/5170 4957/5744/5104
f 5242/5827/5472 5251/5828/5473 4955/5468/5171 4956/5467/5170
f 4957/5393/5104 4958/5392/5103 5245/5829/5474 5243/5830/5471
f 5115/5629/5316 5249/5831/5475 5244/5824/5469 4963/5626/5313
f 5246/5832/5476 5245/5829/5474 4958/5392/5103 4959/5732/5402
f 5247/5823/5468 5246/5832/5476 4959/5732/5402 4960/5734/5404
f 5116/5630/5317 5250/5833/5477 5248/5834/5478 5114/5628/5315
f 5114/5628/5315 5248/5834/5478 5249/5831/5475 5115/5629/5316
f 4955/5468/5171 5251/5828/5473 5250/5833/5477 5116/5630/5317
f 5244/5824/5469 4948/5461/5164 4947/5835/5479 5241/5825/5470
f 5241/5825/5470 4947/5835/5479 4946/5836/5480 5240/5837/5467
f 4946/5838/5480 4945/5839/5481 5247/5823/5468 5240/5822/5467
f 4944/5840/5482 5246/5832/5476 5247/5823/5468 4945/5839/5481
f 4943/5841/5483 5245/5829/5474 5246/5832/5476 4944/5840/5482
f 5248/5834/5478 5117/5632/5319 5118/5631/5318 5249/5831/5475
f 4942/5842/5484 5243/5830/5471 5245/5829/5474 4943/5841/5483
f 4942/5843/5484 4941/5844/5485 5242/5827/5472 5243/5826/5471
f 5242/5827/5472 4941/5844/5485 4950/5633/5320 5251/5828/5473
f 5248/5834/5478 5250/5833/5477 5119/5634/5321 5117/5632/5319
f 4948/5461/5164 5244/5824/5469 5249/5831/5475 5118/5631/5318
f 5251/5828/5473 4950/5633/5320 5119/5634/5321 5250/5833/5477
f 4828/5480/5181 5252/5370/5087 5253/5373/5089 4827/5574/5263
f 4827/5577/5263 5253/5486/5089 5254/5487/5187 4921/5578/5265
f 4921/5578/5265 5254/5487/5187 5255/5488/5188 4922/5592/5279
f 4923/5845/5277 4922/5592/5279 5255/5488/5188 5256/5489/5189
f 4832/5481/5182 4923/5590/5277 5256/5490/5189 5257/5491/5190
f 5258/5492/5191 5035/5482/5183 4832/5481/5182 5257/5491/5190
f 5036/5479/5180 5032/5477/5178 5328/5397/5106 5259/5396/5105
f 5252/5370/5087 4828/5480/5181 5036/5479/5180 5259/5396/5105
f 5000/5394/5091 5260/5378/5094 5261/5379/5095 4999/5395/5092
f 5269/5846/5486 5323/5847/5487 5281/5848/5488 5262/5849/5489
f 5281/5848/5488 5285/5561/5250 5090/5560/5249 5262/5849/5489
f 5263/5554/5243 5282/5553/5242 5321/5600/5287 5264/5850/5490
f 5321/5600/5287 5317/5851/5491 5265/5852/5492 5264/5850/5490
f 5317/5853/5491 5318/5595/5282 5266/5854/5493 5265/5855/5492
f 5319/5594/5281 5267/5856/5494 5266/5854/5493 5318/5595/5282
f 5324/5857/5495 5268/5858/5496 5267/5856/5494 5319/5594/5281
f 5323/5847/5487 5269/5846/5486 5268/5859/5496 5324/5860/5495
f 5270/5861/5497 5290/5862/5498 5291/5863/5499 5274/5864/5500
f 5276/5557/5246 5263/5554/5243 5264/5850/5490 5277/5865/5501
f 5265/5852/5492 5271/5866/5502 5277/5865/5501 5264/5850/5490
f 5266/5854/5493 5272/5867/5503 5271/5868/5502 5265/5855/5492
f 5267/5856/5494 5273/5869/5504 5272/5867/5503 5266/5854/5493
f 5268/5858/5496 5274/5870/5500 5273/5869/5504 5267/5856/5494
f 5270/5861/5497 5269/5846/5486 5262/5849/5489 5275/5558/5247
f 5091/5555/5244 5093/5551/5240 5092/5550/5239 5090/5560/5249
f 5289/5871/5505 5290/5862/5498 5280/5559/5248 5278/5549/5238
f 5288/5872/5506 5289/5871/5505 5278/5549/5238 5279/5552/5241
f 5290/5862/5498 5270/5861/5497 5275/5558/5247 5280/5559/5248
f 5320/5601/5288 5321/5600/5287 5282/5553/5242 5284/5556/5245
f 5288/5872/5506 5279/5552/5241 5283/5873/5507 5316/5874/5508
f 5322/5875/5509 5285/5561/5250 5281/5848/5488 5323/5847/5487
f 5316/5874/5508 5283/5873/5507 5276/5557/5246 5277/5865/5501
f 5320/5601/5288 5284/5556/5245 5285/5561/5250 5322/5875/5509
f 5262/5849/5489 5090/5560/5249 5092/5550/5239 5275/5558/5247
f 5291/5876/5499 5287/5565/5254 5094/5564/5253 5313/5877/5510
f 5314/5878/5511 5095/5563/5252 5286/5562/5251 5315/5879/5512
f 5288/5872/5506 5316/5874/5508 5315/5880/5512 5286/5881/5251
f 5293/5309/5033 4939/5882/4999 4938/5286/5002 5292/5285/5012
f 5294/5295/5021 4940/5294/5020 4939/5882/4999 5293/5309/5033
f 4964/5307/5031 5097/5301/5027 5295/5303/5029 5296/5290/5016
f 5297/5289/5015 4965/5306/5013 4964/5307/5031 5296/5290/5016
f 5298/5311/5035 4966/5284/5011 4965/5287/5013 5297/5312/5015
f 5299/5327/5046 4967/5308/5032 4966/5284/5011 5298/5311/5035
f 5300/5325/5044 4968/5292/5018 4967/5308/5032 5299/5327/5046
f 5301/5324/5040 4969/5293/5019 4968/5292/5018 5300/5325/5044
f 5302/5317/5039 4970/5320/5041 4969/5319/5019 5301/5318/5040
f 5303/5296/5022 5101/5298/5024 4970/5320/5041 5302/5317/5039
f 5105/5569/5258 5307/5883/5513 5310/5302/5028 5097/5301/5027
f 5306/5277/5004 5312/5884/5514 5311/5297/5023 5305/5278/5005
f 5304/5300/5026 5310/5302/5028 5312/5884/5514 5306/5277/5004
f 5308/5885/5515 5312/5884/5514 5310/5302/5028 5307/5883/5513
f 5309/5570/5259 5311/5297/5023 5312/5884/5514 5308/5885/5515
f 5103/5567/5256 5099/5279/5006 5305/5278/5005 5303/5296/5022
f 5289/5871/5505 5287/5886/5254 5291/5863/5499 5290/5862/5498
f 5095/5563/5252 5314/5878/5511 5313/5877/5510 5094/5564/5253
f 5288/5872/5506 5286/5881/5251 5287/5886/5254 5289/5871/5505
f 5269/5846/5486 5270/5861/5497 5274/5864/5500 5268/5859/5496
f 5274/5870/5500 5291/5876/5499 5313/5877/5510 5273/5869/5504
f 5273/5869/5504 5313/5877/5510 5314/5878/5511 5272/5867/5503
f 5272/5867/5503 5314/5878/5511 5315/5879/5512 5271/5868/5502
f 5271/5866/5502 5315/5880/5512 5316/5874/5508 5277/5865/5501
f 5279/5552/5241 5093/5551/5240 5276/5557/5246 5283/5873/5507
f 5033/5476/5177 5327/5485/5186 5328/5397/5106 5032/5477/5178
f 5042/5399/5108 5326/5398/5107 5039/5484/5185 5037/5483/5184
f 5041/5356/5075 5325/5355/5074 5327/5485/5186 5258/5492/5191
f 5035/5482/5183 5258/5492/5191 5327/5485/5186 5033/5476/5177
f 5104/5568/5257 5102/5566/5255 5309/5570/5259 5308/5885/5515
f 5105/5569/5258 5104/5568/5257 5308/5885/5515 5307/5883/5513
f 4962/5739/5408 5241/5825/5470 5240/5837/5467 4961/5740/5406
f 5039/5484/5185 5326/5398/5107 5325/5355/5074 5038/5354/5073
f 5578/5887/5516 5558/5888/5517 5548/5889/5518 5573/5890/5519
f 5486/5891/5520 5477/5892/5521 5323/5847/5487 5324/5860/5495
f 5489/5893/5522 5497/5894/5523 5467/5895/5524 5473/5896/5525
f 5010/5545/5235 5048/5546/5236 5500/5897/5526 5515/5898/5527
f 5492/5899/5528 5482/5598/5285 5320/5601/5288 5322/5875/5509
f 5479/5599/5286 5494/5900/5529 5317/5851/5491 5321/5600/5287
f 5488/5597/5284 5486/5901/5520 5324/5857/5495 5319/5594/5281
f 5581/5902/5530 5566/5903/5531 5555/5904/5532 5576/5905/5533
f 4886/5233/4966 5002/5331/5050 5597/5330/5049 4885/5228/4961
f 5546/5338/5057 5525/5337/5056 5510/5336/5055 5507/5339/5058
f 5195/5755/5420 5186/5756/5412 5353/5743/5101 5356/5466/5169
f 5193/5753/5418 5194/5754/5419 5355/5465/5168 5362/5742/5410
f 5192/5752/5417 5193/5753/5418 5362/5742/5410 5361/5741/5409
f 5191/5750/5416 5192/5752/5417 5361/5741/5409 5360/5738/5407
f 5190/5751/5415 5191/5750/5416 5360/5738/5407 5359/5737/5405
f 5189/5748/5414 5190/5749/5415 5359/5735/5405 5358/5733/5403
f 5188/5747/5413 5189/5748/5414 5358/5733/5403 5357/5731/5401
f 5187/5745/5411 5188/5747/5413 5357/5731/5401 5354/5391/5102
f 5194/5754/5419 5195/5755/5420 5356/5466/5169 5355/5465/5168
f 5186/5746/5412 5187/5745/5411 5354/5391/5102 5353/5390/5101
f 4942/5842/5484 4943/5841/5483 5372/5473/5175 5366/5474/5162
f 4943/5841/5483 4944/5840/5482 5371/5472/5174 5372/5473/5175
f 4944/5840/5482 4945/5839/5481 5370/5470/5173 5371/5472/5174
f 4945/5839/5481 4946/5838/5480 5369/5471/5172 5370/5470/5173
f 4946/5836/5480 4947/5835/5479 5368/5463/5166 5369/5469/5172
f 4947/5835/5479 4948/5461/5164 5367/5460/5163 5368/5463/5166
f 4931/5464/5167 5367/5460/5163 5363/5280/5007 4932/5283/5010
f 4941/5844/5485 4942/5843/5484 5366/5459/5162 5365/5321/5042
f 4950/5633/5320 4941/5844/5485 5365/5321/5042 5364/5281/5008
f 4949/5462/5165 4950/5633/5320 5364/5281/5008 5363/5280/5007
f 5416/5906/5534 5447/5907/5535 5434/5908/5536 5420/5909/5537
f 5420/5909/5537 5434/5908/5536 5449/5910/5538 5423/5911/5539
f 5423/5911/5539 5449/5910/5538 5438/5912/5267 5426/5913/5270
f 5602/5914/5540 5417/5915/5541 5419/5916/5542 5604/5917/5543
f 5390/5918/5544 5393/5919/5545 4830/5618/5305 4831/5658/5345
f 5405/5920/5546 5440/5921/5547 5428/5922/5548 5408/5923/5549
f 5414/5585/5272 5431/5584/5271 5440/5921/5547 5405/5920/5546
f 5408/5923/5549 5428/5922/5548 5447/5924/5535 5416/5925/5534
f 5432/5571/5260 4833/5475/5176 4829/5478/5179 5441/5926/5550
f 5450/5593/5280 4922/5592/5279 4923/5845/5277 5437/5927/5278
f 5604/5917/5543 5419/5916/5542 5422/5928/5551 5605/5929/5552
f 5605/5929/5552 5422/5928/5551 5425/5930/5553 5598/5931/5554
f 5441/5926/5550 4829/5478/5179 4828/5480/5181 5429/5573/5262
f 5599/5932/5555 5413/5933/5556 5404/5934/5557 5600/5935/5558
f 5601/5936/5559 5407/5937/5560 5417/5938/5541 5602/5939/5540
f 5391/5940/5561 5390/5918/5544 4831/5658/5345 4919/5659/5346
f 5456/5941/5562 5464/5942/5563 5483/5943/5564 5491/5944/5565
f 5464/5942/5563 5458/5945/5566 5480/5946/5567 5483/5943/5564
f 5458/5945/5566 5461/5947/5568 5495/5948/5569 5480/5946/5567
f 5461/5949/5568 5467/5895/5524 5497/5894/5523 5495/5950/5569
f 5606/5951/5570 5612/5952/5273 5470/5953/5276 5474/5954/5571
f 5471/5955/5572 5453/5956/5573 5476/5957/5574 5485/5958/5575
f 5609/5587/5274 5608/5959/5576 5455/5960/5577 5452/5588/5275
f 5473/5896/5525 5471/5961/5572 5485/5962/5575 5489/5893/5522
f 5494/5963/5529 5498/5596/5283 5318/5595/5282 5317/5853/5491
f 5613/5964/5578 5607/5965/5579 5462/5966/5580 5459/5967/5581
f 5607/5968/5579 5610/5969/5582 5468/5970/5583 5462/5971/5580
f 5611/5972/5584 5613/5964/5578 5459/5967/5581 5465/5973/5585
f 5396/5974/5586 5397/5975/5587 4924/5693/5376 4925/5697/5378
f 5608/5959/5576 5611/5972/5584 5465/5973/5585 5455/5960/5577
f 5453/5956/5573 5456/5941/5562 5491/5944/5565 5476/5957/5574
f 5477/5892/5521 5492/5899/5528 5322/5875/5509 5323/5847/5487
f 5513/5976/5588 5049/5548/5237 5008/5531/5224 5509/5977/5589
f 5515/5898/5527 5504/5978/5590 5005/5544/5234 5010/5545/5235
f 5620/5979/5591 5618/5980/5592 5524/5981/5593 5545/5982/5594
f 5513/5983/5588 5500/5897/5526 5048/5546/5236 5049/5547/5237
f 5527/5984/5053 5539/5348/5067 5501/5347/5066 5512/5985/5054
f 5506/5250/4981 5509/5977/5589 5008/5531/5224 5009/5251/4982
f 5522/5253/4984 5007/5252/4983 5006/5530/5223 5518/5986/5595
f 5534/5351/5070 5519/5350/5069 5503/5987/5072 5542/5988/5071
f 5616/5989/5596 5614/5990/5597 5540/5991/5598 5528/5992/5599
f 5616/5993/5596 5528/5994/5599 5524/5981/5593 5618/5980/5592
f 5620/5979/5591 5545/5982/5594 5537/5995/5600 5615/5996/5601
f 5615/5996/5601 5537/5995/5600 5533/5343/5062 5617/5342/5061
f 5625/5997/5602 5551/5998/5603 5549/5999/5604 5626/6000/5605
f 5518/5986/5595 5006/5530/5223 5005/5543/5234 5504/6001/5590
f 5566/6002/5531 5581/6003/5530 5594/5607/5294 5564/5606/5293
f 5374/6004/5606 4914/5717/5114 4913/5716/5389 5375/6005/5607
f 5625/5997/5602 5624/6006/5608 5560/6007/5609 5551/5998/5603
f 5558/6008/5517 5578/6009/5516 5585/6010/5610 5569/6011/5611
f 5585/6010/5610 5576/5905/5533 5555/5904/5532 5569/6011/5611
f 5629/6012/5612 5567/6013/5613 5563/6014/5614 5622/6015/5615
f 5552/6016/5616 5561/5605/5292 5590/5604/5291 5587/6017/5617
f 5552/6016/5616 5587/6017/5617 5573/5890/5519 5548/5889/5518
f 4877/5615/5302 4884/5412/5120 5400/6018/5618 5401/6019/5619
f 5579/6020/5620 5004/5256/4987 4927/5254/4985 5584/5603/5290
f 5588/5328/5047 5002/5331/5050 5003/5239/4972 5572/6021/5621
f 4918/5246/4977 5582/6022/5299 5575/5602/5289 4926/5247/4979
f 5004/5259/4987 5579/6023/5620 5572/6021/5621 5003/5239/4972
f 5377/6024/5622 4896/5622/5309 4897/5407/5115 5373/6025/5623
f 5376/6026/5624 5375/6005/5607 4913/5716/5389 4873/5713/5387
f 5378/6027/5625 4872/5710/5385 4871/5650/5337 5379/6028/5626
f 5420/5909/5537 5421/6029/5627 5418/6030/5628 5416/5906/5534
f 5421/6029/5627 5419/5916/5542 5417/5915/5541 5418/6030/5628
f 5423/5911/5539 5424/6031/5629 5421/6029/5627 5420/5909/5537
f 5424/6031/5629 5422/5928/5551 5419/5916/5542 5421/6029/5627
f 5426/5913/5270 5427/6032/5630 5424/6031/5629 5423/5911/5539
f 5427/6032/5630 5425/5930/5553 5422/5928/5551 5424/6031/5629
f 5425/6033/5553 5427/6034/5630 5412/6035/5631 5410/6036/5632
f 5427/6034/5630 5426/5583/5270 5411/5582/5269 5412/6035/5631
f 5410/6036/5632 5412/6035/5631 5415/6037/5633 5413/5933/5556
f 5412/6035/5631 5411/5582/5269 5414/5585/5272 5415/6037/5633
f 5405/5920/5546 5406/6038/5634 5415/6037/5633 5414/5585/5272
f 5406/6038/5634 5404/5934/5557 5413/5933/5556 5415/6037/5633
f 5408/5923/5549 5409/6039/5635 5406/6038/5634 5405/5920/5546
f 5409/6039/5635 5407/5937/5560 5404/5934/5557 5406/6038/5634
f 5416/5925/5534 5418/6040/5628 5409/6039/5635 5408/5923/5549
f 5418/6040/5628 5417/5938/5541 5407/5937/5560 5409/6039/5635
f 5444/5581/5268 5445/6041/5636 5433/6042/5637 5431/5584/5271
f 5445/6041/5636 5443/5572/5261 5432/5571/5260 5433/6042/5637
f 5438/5580/5267 5439/6043/5638 5445/6041/5636 5444/5581/5268
f 5439/6043/5638 5437/5591/5278 5443/5572/5261 5445/6041/5636
f 5435/5579/5266 5436/6044/5639 5448/6045/5640 5446/5576/5264
f 5436/6044/5639 5434/5908/5536 5447/5907/5535 5448/6045/5640
f 5450/5593/5280 5451/6046/5641 5436/6044/5639 5435/5579/5266
f 5451/6046/5641 5449/5910/5538 5434/5908/5536 5436/6044/5639
f 5437/5927/5278 5439/6047/5638 5451/6046/5641 5450/5593/5280
f 5439/6047/5638 5438/5912/5267 5449/5910/5538 5451/6046/5641
f 5441/5926/5550 5442/6048/5642 5433/6042/5637 5432/5571/5260
f 5442/6048/5642 5440/5921/5547 5431/5584/5271 5433/6042/5637
f 5429/5573/5262 5430/6049/5643 5442/6048/5642 5441/5926/5550
f 5430/6049/5643 5428/5922/5548 5440/5921/5547 5442/6048/5642
f 5446/5575/5264 5448/6050/5640 5430/6049/5643 5429/5573/5262
f 5448/6050/5640 5447/5924/5535 5428/5922/5548 5430/6049/5643
f 5456/5941/5562 5457/6051/5644 5466/6052/5645 5464/5942/5563
f 5457/6051/5644 5455/5960/5577 5465/5973/5585 5466/6052/5645
f 5464/5942/5563 5466/6052/5645 5460/6053/5646 5458/5945/5566
f 5466/6052/5645 5465/5973/5585 5459/5967/5581 5460/6053/5646
f 5458/5945/5566 5460/6053/5646 5463/6054/5647 5461/5947/5568
f 5460/6053/5646 5459/5967/5581 5462/5966/5580 5463/6054/5647
f 5461/5949/5568 5463/6055/5647 5469/6056/5648 5467/5895/5524
f 5463/6055/5647 5462/5971/5580 5468/5970/5583 5469/6056/5648
f 5474/5954/5571 5475/6057/5649 5469/6056/5648 5468/5970/5583
f 5475/6057/5649 5473/5896/5525 5467/5895/5524 5469/6056/5648
f 5453/5956/5573 5454/6058/5650 5457/6051/5644 5456/5941/5562
f 5454/6058/5650 5452/5588/5275 5455/5960/5577 5457/6051/5644
f 5471/5955/5572 5472/6059/5651 5454/6058/5650 5453/5956/5573
f 5472/6059/5651 5470/5589/5276 5452/5588/5275 5454/6058/5650
f 5473/5896/5525 5475/6057/5649 5472/6060/5651 5471/5961/5572
f 5475/6057/5649 5474/5954/5571 5470/5953/5276 5472/6060/5651
f 5489/5893/5522 5490/6061/5652 5499/6062/5653 5497/5894/5523
f 5490/6061/5652 5488/5597/5284 5498/5596/5283 5499/6062/5653
f 5492/5899/5528 5493/6063/5654 5484/6064/5655 5482/5598/5285
f 5493/6063/5654 5491/5944/5565 5483/5943/5564 5484/6064/5655
f 5482/5598/5285 5484/6064/5655 5481/6065/5656 5479/5599/5286
f 5484/6064/5655 5483/5943/5564 5480/5946/5567 5481/6065/5656
f 5479/5599/5286 5481/6065/5656 5496/6066/5657 5494/5900/5529
f 5481/6065/5656 5480/5946/5567 5495/5948/5569 5496/6066/5657
f 5494/5963/5529 5496/6067/5657 5499/6062/5653 5498/5596/5283
f 5496/6067/5657 5495/5950/5569 5497/5894/5523 5499/6062/5653
f 5477/5892/5521 5478/6068/5658 5493/6063/5654 5492/5899/5528
f 5478/6068/5658 5476/5957/5574 5491/5944/5565 5493/6063/5654
f 5486/5891/5520 5487/6069/5659 5478/6068/5658 5477/5892/5521
f 5487/6069/5659 5485/5958/5575 5476/5957/5574 5478/6068/5658
f 5488/5597/5284 5490/6061/5652 5487/6070/5659 5486/5901/5520
f 5490/6061/5652 5489/5893/5522 5485/5962/5575 5487/6070/5659
f 5522/5253/4984 5523/6071/5660 5508/6072/5661 5506/5250/4981
f 5523/6071/5660 5521/5340/5059 5507/5339/5058 5508/6072/5661
f 5504/6001/5590 5505/6073/5662 5520/6074/5663 5518/5986/5595
f 5505/6073/5662 5503/5987/5072 5519/5350/5069 5520/6074/5663
f 5518/5986/5595 5520/6074/5663 5523/6071/5660 5522/5253/4984
f 5520/6074/5663 5519/5350/5069 5521/5340/5059 5523/6071/5660
f 5513/5983/5588 5514/6075/5664 5502/6076/5665 5500/5897/5526
f 5514/6075/5664 5512/5985/5054 5501/5347/5066 5502/6076/5665
f 5516/5346/5065 5517/6077/5666 5502/6076/5665 5501/5347/5066
f 5517/6077/5666 5515/5898/5527 5500/5897/5526 5502/6076/5665
f 5506/5250/4981 5508/6072/5661 5511/6078/5667 5509/5977/5589
f 5508/6072/5661 5507/5339/5058 5510/5336/5055 5511/6078/5667
f 5509/5977/5589 5511/6078/5667 5514/6079/5664 5513/5976/5588
f 5511/6078/5667 5510/5336/5055 5512/5335/5054 5514/6079/5664
f 5515/5898/5527 5517/6077/5666 5505/6080/5662 5504/5978/5590
f 5517/6077/5666 5516/5346/5065 5503/5353/5072 5505/6080/5662
f 5531/5349/5068 5532/6081/5668 5544/6082/5669 5542/5352/5071
f 5532/6081/5668 5530/6083/5670 5543/6084/5063 5544/6082/5669
f 5525/5337/5056 5526/6085/5671 5529/6086/5672 5527/5334/5053
f 5526/6085/5671 5524/5981/5593 5528/5994/5599 5529/6086/5672
f 5546/5338/5057 5547/6087/5673 5526/6085/5671 5525/5337/5056
f 5547/6087/5673 5545/5982/5594 5524/5981/5593 5526/6085/5671
f 5527/5984/5053 5529/6088/5672 5541/6089/5674 5539/5348/5067
f 5529/6088/5672 5528/5992/5599 5540/5991/5598 5541/6089/5674
f 5534/5351/5070 5535/6090/5675 5538/6091/5676 5536/5341/5060
f 5535/6090/5675 5533/5343/5062 5537/5995/5600 5538/6091/5676
f 5542/5988/5071 5544/6092/5669 5535/6090/5675 5534/5351/5070
f 5544/6092/5669 5543/5344/5063 5533/5343/5062 5535/6090/5675
f 5536/5341/5060 5538/6091/5676 5547/6087/5673 5546/5338/5057
f 5538/6091/5676 5537/5995/5600 5545/5982/5594 5547/6087/5673
f 5530/6083/5670 5532/6081/5668 5541/6089/5674 5540/5991/5598
f 5532/6081/5668 5531/5349/5068 5539/5348/5067 5541/6089/5674
f 5564/5606/5293 5565/6093/5677 5568/6094/5678 5566/6002/5531
f 5565/6093/5677 5563/6014/5614 5567/6013/5613 5568/6094/5678
f 5570/5610/5297 5571/6095/5679 5556/6096/5680 5554/6097/5681
f 5571/6095/5679 5569/6011/5611 5555/5904/5532 5556/6096/5680
f 5549/5999/5604 5550/6098/5682 5559/6099/5683 5557/6100/5296
f 5550/6098/5682 5548/5889/5518 5558/5888/5517 5559/6099/5683
f 5569/6011/5611 5571/6095/5679 5559/6101/5683 5558/6008/5517
f 5571/6095/5679 5570/5610/5297 5557/5609/5296 5559/6101/5683
f 5554/6097/5681 5556/6096/5680 5568/6102/5678 5567/6103/5613
f 5556/6096/5680 5555/5904/5532 5566/5903/5531 5568/6102/5678
f 5563/6014/5614 5565/6093/5677 5562/6104/5684 5560/6007/5609
f 5565/6093/5677 5564/5606/5293 5561/5605/5292 5562/6104/5684
f 5552/6016/5616 5553/6105/5685 5562/6104/5684 5561/5605/5292
f 5553/6105/5685 5551/5998/5603 5560/6007/5609 5562/6104/5684
f 5548/5889/5518 5550/6098/5682 5553/6105/5685 5552/6016/5616
f 5550/6098/5682 5549/5999/5604 5551/5998/5603 5553/6105/5685
f 5594/5607/5294 5595/6106/5686 5592/6107/5687 5590/5604/5291
f 5595/6106/5686 5593/5382/5097 5591/5329/5048 5592/6107/5687
f 5576/5905/5533 5577/6108/5688 5583/6109/5689 5581/5902/5530
f 5577/6108/5688 5575/5602/5289 5582/6022/5299 5583/6109/5689
f 5573/5890/5519 5574/6110/5690 5580/6111/5691 5578/5887/5516
f 5574/6110/5690 5572/6021/5621 5579/6023/5620 5580/6111/5691
f 5585/6010/5610 5586/6112/5692 5577/6108/5688 5576/5905/5533
f 5586/6112/5692 5584/5603/5290 5575/5602/5289 5577/6108/5688
f 5593/5382/5097 5595/6106/5686 5583/6113/5689 5582/5612/5299
f 5595/6106/5686 5594/5607/5294 5581/6003/5530 5583/6113/5689
f 5584/5603/5290 5586/6112/5692 5580/6114/5691 5579/6020/5620
f 5586/6112/5692 5585/6010/5610 5578/6009/5516 5580/6114/5691
f 5588/5328/5047 5589/6115/5693 5592/6107/5687 5591/5329/5048
f 5589/6115/5693 5587/6017/5617 5590/5604/5291 5592/6107/5687
f 5572/6021/5621 5574/6110/5690 5589/6115/5693 5588/5328/5047
f 5574/6110/5690 5573/5890/5519 5587/6017/5617 5589/6115/5693
f 5600/5935/5558 5404/5934/5557 5407/5937/5560 5601/5936/5559
f 5606/5951/5570 5610/5969/5582 5397/5975/5587 5396/5974/5586
f 4884/5412/5120 4883/5415/5123 5399/6116/5694 5400/6018/5618
f 4882/5694/5135 4924/5693/5376 5397/5975/5587 5398/6117/5695
f 4883/5415/5123 4882/5427/5135 5398/6118/5695 5399/6116/5694
f 4875/5657/5344 4877/5615/5302 5401/6019/5619 5402/6119/5696
f 4925/5697/5378 4876/5699/5347 5403/6120/5697 5396/5974/5586
f 4876/5660/5347 4875/5657/5344 5402/6119/5696 5403/6121/5697
f 4826/5619/5306 5395/6122/5698 5394/6123/5699 4809/5409/5117
f 5598/6124/5554 5603/6125/5700 5390/5918/5544 5391/5940/5561
f 4809/5409/5117 5394/6123/5699 5392/6126/5701 4807/5410/5118
f 4830/5618/5305 5393/5919/5545 5395/6122/5698 4826/5619/5306
f 4920/5719/5391 5388/6127/5702 5391/6128/5561 4919/5720/5346
f 4870/5436/5142 5389/6129/5703 5388/6127/5702 4920/5719/5391
f 5603/6125/5700 5599/5932/5555 5393/5919/5545 5390/5918/5544
f 4807/5435/5118 5392/6130/5701 5389/6129/5703 4870/5436/5142
f 4984/5416/5124 5381/6131/5704 5382/6132/5705 4985/5417/5125
f 4983/5420/5128 5387/6133/5706 5381/6131/5704 4984/5416/5124
f 5384/6134/5707 4988/5704/5381 4987/5701/5379 5596/6135/5708
f 4989/5709/5383 5385/6136/5709 5386/6137/5710 4990/5423/5131
f 4989/5706/5383 4988/5704/5381 5384/6134/5707 5385/6138/5709
f 5621/6139/5711 5614/5990/5597 5384/6134/5707 5596/6135/5708
f 4983/5420/5128 4990/5423/5131 5386/6137/5710 5387/6133/5706
f 4985/5417/5125 5382/6132/5705 5383/6140/5712 4986/5428/5136
f 5627/6141/5295 5378/6027/5625 5379/6028/5626 5626/6000/5605
f 5623/5611/5298 5628/6142/5713 5375/6005/5607 5376/6026/5624
f 5624/6006/5608 5377/6024/5622 5373/6025/5623 5622/6015/5615
f 4914/5406/5114 5374/6143/5606 5373/6025/5623 4897/5407/5115
f 4874/5623/5310 4896/5622/5309 5377/6024/5622 5380/6144/5714
f 5629/6145/5612 5374/6004/5606 5375/6005/5607 5628/6142/5713
f 4874/5623/5310 5380/6144/5714 5379/6028/5626 4871/5650/5337
f 4872/5712/5385 5378/6146/5625 5376/6026/5624 4873/5713/5387
f 4987/5701/5379 4986/5700/5136 5383/6147/5712 5596/6135/5708
f 5619/6148/5064 5543/6084/5063 5530/6083/5670 5621/6139/5711
f 5410/6036/5632 5413/5933/5556 5599/5932/5555 5603/6125/5700
f 5425/6033/5553 5410/6036/5632 5603/6125/5700 5598/6124/5554
f 5395/6122/5698 5600/5935/5558 5601/5936/5559 5394/6123/5699
f 5394/6123/5699 5601/5936/5559 5602/5939/5540 5392/6126/5701
f 5393/5919/5545 5599/5932/5555 5600/5935/5558 5395/6122/5698
f 5388/6127/5702 5605/5929/5552 5598/5931/5554 5391/6128/5561
f 5389/6129/5703 5604/5917/5543 5605/5929/5552 5388/6127/5702
f 5392/6130/5701 5602/5914/5540 5604/5917/5543 5389/6129/5703
f 5474/5954/5571 5468/5970/5583 5610/5969/5582 5606/5951/5570
f 5401/6019/5619 5400/6018/5618 5611/5972/5584 5608/5959/5576
f 5400/6018/5618 5399/6116/5694 5613/5964/5578 5611/5972/5584
f 5398/6117/5695 5397/5975/5587 5610/5969/5582 5607/5968/5579
f 5399/6116/5694 5398/6118/5695 5607/5965/5579 5613/5964/5578
f 5402/6119/5696 5401/6019/5619 5608/5959/5576 5609/5587/5274
f 5396/5974/5586 5403/6120/5697 5612/5952/5273 5606/5951/5570
f 5403/6121/5697 5402/6119/5696 5609/5587/5274 5612/5586/5273
f 5383/6147/5712 5619/6148/5064 5621/6139/5711 5596/6135/5708
f 5530/6083/5670 5540/5991/5598 5614/5990/5597 5621/6139/5711
f 5381/6131/5704 5615/5996/5601 5617/5342/5061 5382/6132/5705
f 5387/6133/5706 5620/5979/5591 5615/5996/5601 5381/6131/5704
f 5385/6136/5709 5616/5993/5596 5618/5980/5592 5386/6137/5710
f 5385/6138/5709 5384/6134/5707 5614/5990/5597 5616/5989/5596
f 5387/6133/5706 5386/6137/5710 5618/5980/5592 5620/5979/5591
f 5382/6132/5705 5617/5342/5061 5619/5345/5064 5383/6140/5712
f 5567/6103/5613 5629/6145/5612 5628/6142/5713 5554/6097/5681
f 5560/6007/5609 5624/6006/5608 5622/6015/5615 5563/6014/5614
f 5570/5610/5297 5554/6097/5681 5628/6142/5713 5623/5611/5298
f 5557/6100/5296 5627/6141/5295 5626/6000/5605 5549/5999/5604
f 5374/6143/5606 5629/6012/5612 5622/6015/5615 5373/6025/5623
f 5380/6144/5714 5377/6024/5622 5624/6006/5608 5625/5997/5602
f 5380/6144/5714 5625/5997/5602 5626/6000/5605 5379/6028/5626
f 5378/6146/5625 5627/5608/5295 5623/5611/5298 5376/6026/5624
f 4672/5114/3893 3728/5117/3895 4766/5116/4863 4730/5115/4862
f 5844/6149/5715 5843/6150/5716 5683/6151/5717 5684/6152/5718
f 6204/6153/5719 5900/6154/5720 5687/6155/5721 6198/6156/5722
f 5895/6157/5723 5846/6158/5724 5688/6159/5725 5892/6160/5726
f 6191/6161/5727 5689/6162/5728 5690/6163/5729 6199/6164/5730
f 5844/6149/5715 5684/6152/5718 5695/6165/5731 5849/6166/5732
f 5853/6167/5733 5782/6168/5734 5697/6169/5735 5850/6170/5736
f 5850/6170/5736 5697/6169/5735 5699/6171/5737 5851/6172/5738
f 5983/6173/5739 5982/6174/5740 5693/6175/5741 5848/6176/5742
f 5695/6165/5731 5684/6152/5718 5703/6177/5743 5702/6178/5744
f 5684/6152/5718 5683/6151/5717 5704/6179/5745 5703/6177/5743
f 5695/6165/5731 5702/6178/5744 5706/6180/5746 5705/6181/5747
f 5707/6182/5748 5814/6183/5749 5708/6184/5750 5791/6185/5751
f 5705/6181/5747 5706/6180/5746 5710/6186/5752 5709/6187/5753
f 5782/6168/5734 5783/6188/5754 5711/6189/5755 5697/6169/5735
f 5711/6189/5755 5712/6190/5756 5699/6171/5737 5697/6169/5735
f 6195/6191/5757 6202/6192/5758 5701/6193/5759 5838/6194/5760
f 5987/6195/5761 5714/6196/5762 5693/6175/5741 5982/6174/5740
f 5716/6197/5763 5717/6198/5764 5718/6199/5765 5719/6200/5766
f 6181/6201/5767 6188/6202/5768 6185/6203/5769 6182/6204/5770
f 5720/6205/5771 5721/6206/5772 5722/6207/5773 5808/6208/5774
f 5722/6207/5773 5724/6209/5775 5723/6210/5776 5808/6208/5774
f 5723/6210/5776 5724/6209/5775 5725/6211/5777 5726/6212/5778
f 5803/6213/5779 5727/6214/5780 5728/6215/5781 5804/6216/5782
f 5728/6215/5781 5727/6214/5780 5729/6217/5783 5730/6218/5784
f 5776/6219/5785 5730/6218/5784 5729/6217/5783 5916/6220/5786
f 5984/6221/5787 5988/6222/5788 5732/6223/5789 5876/6224/5790
f 5783/6188/5754 5784/6225/5791 5734/6226/5792 5711/6189/5755
f 5734/6226/5792 5735/6227/5793 5712/6190/5756 5711/6189/5755
f 5785/6228/5794 5736/6229/5795 5734/6226/5792 5784/6225/5791
f 5736/6229/5795 5737/6230/5796 5735/6227/5793 5734/6226/5792
f 5708/6184/5750 5814/6183/5749 5813/6231/5797 5738/6232/5798
f 5739/6233/5799 5710/6186/5752 5706/6180/5746 5740/6234/5800
f 5706/6180/5746 5702/6178/5744 5741/6235/5801 5740/6234/5800
f 5741/6235/5801 5702/6178/5744 5703/6177/5743 5742/6236/5802
f 5703/6177/5743 5704/6179/5745 5743/6237/5803 5742/6236/5802
f 5908/6238/5804 5907/6239/5805 5749/6240/5806 5767/6241/5807
f 5815/6242/5808 5746/6243/5809 5747/6244/5810 5816/6245/5811
f 5906/6246/5812 5748/6247/5813 5749/6240/5806 5907/6239/5805
f 5748/6247/5813 5751/6248/5814 5750/6249/5815 5749/6240/5806
f 5750/6249/5815 5751/6248/5814 5752/6250/5816 5753/6251/5817
f 5752/6250/5816 5754/6252/5818 5755/6253/5819 5753/6251/5817
f 5754/6252/5818 5756/6254/5820 5757/6255/5821 5755/6253/5819
f 5756/6254/5820 5758/6256/5822 5759/6257/5823 5757/6255/5821
f 5758/6256/5822 5760/6258/5824 5761/6259/5825 5759/6257/5823
f 5761/6259/5825 5760/6258/5824 5634/6260/5826 5635/6261/5827
f 5735/6227/5793 5737/6230/5796 5744/6262/5828 5745/6263/5829
f 5770/6264/5830 5771/6265/5831 5759/6257/5823 5761/6259/5825
f 5769/6266/5832 5767/6241/5807 5749/6240/5806 5750/6249/5815
f 5659/6267/5833 5636/6268/5834 5762/6269/5835 5913/6270/5836
f 5911/6271/5837 5763/6272/5838 5764/6273/5839 5914/6274/5840
f 5772/6275/5841 5773/6276/5842 5755/6253/5819 5757/6255/5821
f 5912/6277/5843 5765/6278/5844 5766/6279/5845 5915/6280/5846
f 5774/6281/5847 5769/6266/5832 5750/6249/5815 5753/6251/5817
f 5915/6280/5846 5910/6282/5848 5769/6266/5832 5774/6281/5847
f 5755/6253/5819 5773/6276/5842 5774/6281/5847 5753/6251/5817
f 5914/6274/5840 5912/6277/5843 5773/6276/5842 5772/6275/5841
f 5759/6257/5823 5771/6265/5831 5772/6275/5841 5757/6255/5821
f 5635/6261/5827 5637/6283/5849 5770/6264/5830 5761/6259/5825
f 5910/6282/5848 5909/6284/5850 5767/6241/5807 5769/6266/5832
f 5913/6270/5836 5911/6271/5837 5771/6265/5831 5770/6264/5830
f 5737/6230/5796 5736/6229/5795 5775/6285/5851 5909/6284/5850
f 5817/6286/5852 5638/6287/5853 5633/6288/5854 5816/6245/5811
f 5909/6284/5850 5775/6285/5851 5777/6289/5855 5778/6290/5856
f 5918/6291/5857 5919/6292/5858 5779/6293/5859 5780/6294/5860
f 5796/6295/5861 5798/6296/5862 5639/6297/5863 5640/6298/5864
f 5707/6182/5748 5785/6228/5794 5784/6225/5791 5709/6187/5753
f 5705/6181/5747 5709/6187/5753 5784/6225/5791 5783/6188/5754
f 5695/6165/5731 5705/6181/5747 5783/6188/5754 5782/6168/5734
f 5849/6166/5732 5695/6165/5731 5782/6168/5734 5853/6167/5733
f 5688/6159/5725 5691/6299/5865 5715/6300/5866 5786/6301/5867
f 5892/6160/5726 5894/6302/5868 5787/6303/5869 5686/6304/5870
f 5901/6305/5871 5788/6306/5872 5683/6151/5717 5899/6307/5873
f 5683/6151/5717 5788/6306/5872 5789/6308/5874 5704/6179/5745
f 5789/6308/5874 5790/6309/5875 5743/6237/5803 5704/6179/5745
f 5785/6228/5794 5707/6182/5748 5791/6185/5751 5793/6310/5876
f 5814/6183/5749 5707/6182/5748 5709/6187/5753 5710/6186/5752
f 5793/6310/5876 5794/6311/5877 5736/6229/5795 5785/6228/5794
f 5794/6311/5877 5795/6312/5878 5775/6285/5851 5736/6229/5795
f 5795/6312/5878 5730/6218/5784 5777/6289/5855 5775/6285/5851
f 5776/6219/5785 5719/6200/5766 5779/6293/5859 5919/6292/5858
f 5717/6198/5764 5721/6206/5772 5720/6205/5771 5718/6199/5765
f 5780/6294/5860 5779/6293/5859 5798/6296/5862 5796/6295/5861
f 5779/6293/5859 5719/6200/5766 5718/6199/5765 5798/6296/5862
f 5798/6296/5862 5718/6199/5765 5641/6313/5879 5639/6297/5863
f 5728/6215/5781 5730/6218/5784 5795/6312/5878 5799/6314/5880
f 5794/6311/5877 5800/6315/5881 5799/6314/5880 5795/6312/5878
f 5800/6315/5881 5794/6311/5877 5793/6310/5876 5801/6316/5882
f 5805/6317/5883 5802/6318/5884 5726/6212/5778 5804/6216/5782
f 5799/6314/5880 5805/6317/5883 5804/6216/5782 5728/6215/5781
f 5725/6211/5777 5803/6213/5779 5804/6216/5782 5726/6212/5778
f 5799/6314/5880 5800/6315/5881 5801/6316/5882 5805/6317/5883
f 5801/6316/5882 5793/6310/5876 5791/6185/5751 5806/6319/5885
f 5805/6317/5883 5801/6316/5882 5806/6319/5885 5802/6318/5884
f 5806/6319/5885 5791/6185/5751 5708/6184/5750 5807/6320/5886
f 5812/6321/5887 5808/6208/5774 5723/6210/5776 5922/6322/5888
f 5792/6323/5889 5738/6232/5798 5643/6324/5890 5652/6325/5891
f 5808/6208/5774 5812/6321/5887 5797/6326/5892 5720/6205/5771
f 5643/6324/5890 5738/6232/5798 5813/6231/5797 5651/6327/5893
f 5741/6235/5801 5742/6236/5802 5647/6328/5894 5646/6329/5895
f 5743/6237/5803 5790/6309/5875 5649/6330/5896 5648/6331/5897
f 5742/6236/5802 5743/6237/5803 5648/6331/5897 5647/6328/5894
f 5739/6233/5799 5740/6234/5800 5645/6332/5898 5644/6333/5899
f 5740/6234/5800 5741/6235/5801 5646/6329/5895 5645/6332/5898
f 5642/6334/5900 5720/6205/5771 5797/6326/5892 5650/6335/5901
f 5807/6320/5886 5708/6184/5750 5738/6232/5798 5792/6323/5889
f 5651/6327/5893 5813/6231/5797 5739/6233/5799 5644/6333/5899
f 5813/6231/5797 5814/6183/5749 5710/6186/5752 5739/6233/5799
f 5927/6336/5902 5929/6337/5903 5811/6338/5904 5809/6339/5905
f 5929/6337/5903 5928/6340/5906 5810/6341/5907 5811/6338/5904
f 5768/6342/5908 5817/6286/5852 5816/6245/5811 5747/6244/5810
f 5632/6343/5909 5815/6242/5808 5816/6245/5811 5633/6288/5854
f 5745/6263/5829 5744/6262/5828 5766/6279/5845 5818/6344/5910
f 5818/6344/5910 5766/6279/5845 5765/6278/5844 5819/6345/5911
f 5819/6345/5911 5765/6278/5844 5764/6273/5839 5820/6346/5912
f 5820/6346/5912 5764/6273/5839 5763/6272/5838 5821/6347/5913
f 5763/6272/5838 5762/6269/5835 5822/6348/5914 5821/6347/5913
f 5822/6348/5914 5762/6269/5835 5636/6268/5834 5653/6349/5915
f 5819/6345/5911 5820/6346/5912 5824/6350/5916 5823/6351/5917
f 5824/6350/5916 5820/6346/5912 5821/6347/5913 5825/6352/5918
f 5821/6347/5913 5822/6348/5914 5826/6353/5919 5825/6352/5918
f 5826/6353/5919 5822/6348/5914 5653/6349/5915 5654/6354/5920
f 5654/6354/5920 5655/6355/5921 5827/6356/5922 5826/6353/5919
f 5827/6356/5922 5828/6357/5923 5825/6352/5918 5826/6353/5919
f 5825/6352/5918 5828/6357/5923 5829/6358/5924 5824/6350/5916
f 5829/6358/5924 5830/6359/5925 5823/6351/5917 5824/6350/5916
f 5823/6351/5917 5830/6359/5925 5831/6360/5926 5832/6361/5927
f 5885/6362/5928 5833/6363/5929 5834/6364/5930 5866/6365/5931
f 5880/6366/5932 5881/6367/5933 5836/6368/5934 5835/6369/5935
f 5731/6370/5936 5871/6371/5937 5884/6372/5938 5835/6369/5935
f 5840/6373/5939 5842/6374/5940 5839/6375/5941 5837/6376/5942
f 6196/6377/5943 6195/6191/5757 5838/6194/5760 5841/6378/5944
f 6193/6379/5945 6196/6377/5943 5841/6378/5944 5698/6380/5946
f 5699/6171/5737 5712/6190/5756 5842/6374/5940 5840/6373/5939
f 5712/6190/5756 5735/6227/5793 5745/6263/5829 5842/6374/5940
f 5699/6171/5737 5840/6373/5939 5855/6381/5947 5851/6172/5738
f 5840/6373/5939 5837/6376/5942 5854/6382/5948 5855/6381/5947
f 6200/6383/5949 5849/6166/5732 5853/6167/5733 6194/6384/5950
f 6205/6385/5951 5983/6173/5739 5848/6176/5742 6192/6386/5952
f 5837/6376/5942 5839/6375/5941 5713/6387/5953 5700/6388/5954
f 6201/6389/5955 5850/6170/5736 5851/6172/5738 6193/6379/5945
f 6194/6384/5950 5853/6167/5733 5850/6170/5736 6201/6389/5955
f 6197/6390/5956 5844/6149/5715 5849/6166/5732 6200/6383/5949
f 5875/6391/5957 5876/6224/5790 5732/6223/5789 5889/6392/5958
f 5688/6159/5725 5846/6158/5724 5847/6393/5959 5691/6299/5865
f 6203/6394/5960 6191/6161/5727 5846/6158/5724 5895/6157/5723
f 5899/6307/5873 5902/6395/5961 5845/6396/5962 5686/6304/5870
f 6197/6390/5956 6190/6397/5963 5843/6150/5716 5844/6149/5715
f 5715/6300/5866 5691/6299/5865 5693/6175/5741 5714/6196/5762
f 5819/6345/5911 5823/6351/5917 5832/6361/5927 5856/6398/5964
f 5818/6344/5910 5819/6345/5911 5856/6398/5964 5857/6399/5965
f 5745/6263/5829 5818/6344/5910 5857/6399/5965 5858/6400/5966
f 5839/6375/5941 5884/6372/5938 5871/6371/5937 5713/6387/5953
f 5869/6401/5967 5867/6402/5968 5876/6224/5790 5875/6391/5957
f 5787/6303/5869 5894/6302/5868 5897/6403/5969 5861/6404/5970
f 5790/6309/5875 5863/6405/5971 5656/6406/5972 5649/6330/5896
f 5985/6407/5973 5867/6402/5968 5714/6196/5762 5987/6195/5761
f 5788/6306/5872 5901/6305/5871 5904/6408/5974 5859/6409/5975
f 5904/6408/5974 5903/6410/5976 5868/6411/5977 5859/6409/5975
f 5789/6308/5874 5862/6412/5978 5863/6405/5971 5790/6309/5875
f 5788/6306/5872 5859/6409/5975 5862/6412/5978 5789/6308/5874
f 5897/6403/5969 5896/6413/5979 5873/6414/5980 5861/6404/5970
f 5842/6374/5940 5745/6263/5829 5858/6400/5966 5839/6375/5941
f 5882/6415/5981 5884/6372/5938 5839/6375/5941 5858/6400/5966
f 5985/6407/5973 5984/6221/5787 5876/6224/5790 5867/6402/5968
f 5869/6401/5967 5875/6391/5957 5874/6416/5982 5860/6417/5983
f 5882/6415/5981 5858/6400/5966 5857/6399/5965 5872/6418/5984
f 5872/6418/5984 5870/6419/5985 5834/6364/5930 5865/6420/5986
f 5862/6412/5978 5877/6421/5987 5878/6422/5988 5863/6405/5971
f 6089/6423/5989 5981/6424/5990 6136/6425/5991 6121/6426/5992
f 5870/6419/5985 5856/6398/5964 5832/6361/5927 5879/6427/5993
f 5859/6409/5975 5868/6411/5977 5877/6421/5987 5862/6412/5978
f 5714/6196/5762 5867/6402/5968 5869/6401/5967 5715/6300/5866
f 5836/6368/5934 5733/6428/5994 5731/6370/5936 5835/6369/5935
f 5787/6303/5869 5861/6404/5970 5904/6408/5974 5901/6305/5871
f 5880/6366/5932 5835/6369/5935 5884/6372/5938 5882/6415/5981
f 5834/6364/5930 5870/6419/5985 5879/6427/5993 5866/6365/5931
f 6199/6164/5730 6192/6386/5952 5848/6176/5742 5847/6393/5959
f 5880/6366/5932 5882/6415/5981 5872/6418/5984 5865/6420/5986
f 5865/6420/5986 5883/6429/5995 5881/6367/5933 5880/6366/5932
f 5857/6399/5965 5856/6398/5964 5870/6419/5985 5872/6418/5984
f 5863/6405/5971 5878/6422/5988 5657/6430/5996 5656/6406/5972
f 5834/6364/5930 5833/6363/5929 5883/6429/5995 5865/6420/5986
f 5979/6431/5997 5989/6432/5998 5936/6433/5999 5953/6434/6000
f 5831/6360/5926 5864/6435/6001 5879/6427/5993 5832/6361/5927
f 5864/6435/6001 5885/6362/5928 5866/6365/5931 5879/6427/5993
f 5657/6430/5996 5878/6422/5988 5891/6436/6002 5658/6437/6003
f 5874/6416/5982 5875/6391/5957 5889/6392/5958 5888/6438/6004
f 5878/6422/5988 5877/6421/5987 5890/6439/6005 5891/6436/6002
f 5896/6413/5979 5874/6416/5982 5888/6438/6004 5898/6440/6006
f 5903/6410/5976 5873/6414/5980 5887/6441/6007 5905/6442/6008
f 5877/6421/5987 5868/6411/5977 5886/6443/6009 5890/6439/6005
f 5873/6414/5980 5896/6413/5979 5898/6440/6006 5887/6441/6007
f 5860/6417/5983 5874/6416/5982 5896/6413/5979 5897/6403/5969
f 6198/6156/5722 6203/6394/5960 5895/6157/5723 5845/6396/5962
f 5688/6159/5725 5786/6301/5867 5894/6302/5868 5892/6160/5726
f 5845/6396/5962 5895/6157/5723 5892/6160/5726 5686/6304/5870
f 5868/6411/5977 5903/6410/5976 5905/6442/6008 5886/6443/6009
f 5861/6404/5970 5873/6414/5980 5903/6410/5976 5904/6408/5974
f 5683/6151/5717 5843/6150/5716 5902/6395/5961 5899/6307/5873
f 5787/6303/5869 5901/6305/5871 5899/6307/5873 5686/6304/5870
f 6190/6397/5963 5682/6444/6010 5900/6154/5720 6204/6153/5719
f 5837/6376/5942 5700/6388/5954 5852/6445/6011 5854/6382/5948
f 5640/6298/5864 5638/6287/5853 5817/6286/5852 5796/6295/5861
f 5796/6295/5861 5817/6286/5852 5768/6342/5908 5780/6294/5860
f 5920/6446/6012 5906/6246/5812 5907/6239/5805 5917/6447/6013
f 5921/6448/6014 5917/6447/6013 5907/6239/5805 5908/6238/5804
f 5921/6448/6014 5908/6238/5804 5778/6290/5856 5918/6291/5857
f 5762/6269/5835 5763/6272/5838 5911/6271/5837 5913/6270/5836
f 5909/6284/5850 5910/6282/5848 5744/6262/5828 5737/6230/5796
f 5764/6273/5839 5765/6278/5844 5912/6277/5843 5914/6274/5840
f 5766/6279/5845 5744/6262/5828 5910/6282/5848 5915/6280/5846
f 5773/6276/5842 5912/6277/5843 5915/6280/5846 5774/6281/5847
f 5771/6265/5831 5911/6271/5837 5914/6274/5840 5772/6275/5841
f 5637/6283/5849 5659/6267/5833 5913/6270/5836 5770/6264/5830
f 5767/6241/5807 5909/6284/5850 5778/6290/5856 5908/6238/5804
f 5768/6342/5908 5921/6448/6014 5918/6291/5857 5780/6294/5860
f 5768/6342/5908 5747/6244/5810 5917/6447/6013 5921/6448/6014
f 5746/6243/5809 5920/6446/6012 5917/6447/6013 5747/6244/5810
f 5730/6218/5784 5776/6219/5785 5919/6292/5858 5777/6289/5855
f 5778/6290/5856 5777/6289/5855 5919/6292/5858 5918/6291/5857
f 5719/6200/5766 5776/6219/5785 5916/6220/5786 5716/6197/5763
f 5663/6449/6015 5927/6336/5902 5809/6339/5905 5660/6450/6016
f 5928/6340/5906 5922/6322/5888 5924/6451/6017 5930/6452/6018
f 5934/6453/6019 5933/6454/6020 5926/6455/6021 5931/6456/6022
f 5931/6456/6022 5926/6455/6021 5662/6457/6023 5664/6458/6024
f 5809/6339/5905 5925/6459/6025 5661/6460/6026 5660/6450/6016
f 5723/6210/5776 5726/6212/5778 5802/6318/5884 5922/6322/5888
f 5922/6322/5888 5802/6318/5884 5806/6319/5885 5924/6451/6017
f 5925/6459/6025 5931/6456/6022 5664/6458/6024 5661/6460/6026
f 5932/6461/6027 5934/6453/6019 5931/6456/6022 5925/6459/6025
f 5810/6341/5907 5928/6340/5906 5930/6452/6018 5923/6462/6028
f 5650/6335/5901 5797/6326/5892 5927/6336/5902 5663/6449/6015
f 5812/6321/5887 5922/6322/5888 5928/6340/5906 5929/6337/5903
f 5797/6326/5892 5812/6321/5887 5929/6337/5903 5927/6336/5902
f 5926/6455/6021 5792/6323/5889 5652/6325/5891 5662/6457/6023
f 5933/6454/6020 5807/6320/5886 5792/6323/5889 5926/6455/6021
f 5924/6451/6017 5806/6319/5885 5807/6320/5886 5933/6454/6020
f 5923/6462/6028 5930/6452/6018 5934/6453/6019 5932/6461/6027
f 5930/6452/6018 5924/6451/6017 5933/6454/6020 5934/6453/6019
f 5932/6461/6027 5811/6338/5904 5810/6341/5907 5923/6462/6028
f 5811/6338/5904 5932/6461/6027 5925/6459/6025 5809/6339/5905
f 5733/6428/5994 5836/6368/5934 5937/6463/6029 5936/6464/5999
f 5881/6367/5933 5883/6429/5995 5939/6465/6030 5938/6466/6031
f 5731/6370/5936 5984/6221/5787 5985/6407/5973 5871/6371/5937
f 5836/6368/5934 5881/6367/5933 5938/6466/6031 5937/6463/6029
f 5883/6429/5995 5833/6363/5929 3705/6467/3794 5939/6465/6030
f 5953/6434/6000 5936/6433/5999 5937/6468/6029 5954/6469/6032
f 5847/6393/5959 5848/6176/5742 5693/6175/5741 5691/6299/5865
f 5951/6470/6033 5945/6471/6034 5935/6472/6035 5952/6473/6036
f 5950/6474/6037 5940/6475/6038 5958/6476/6039 5959/6477/6040
f 5949/6478/6041 5941/6479/6042 5940/6475/6038 5950/6474/6037
f 5941/6479/6042 5949/6478/6041 5948/6480/6043 5942/6481/6044
f 5943/6482/6045 5991/6483/6046 5946/6484/6047 5944/6485/6048
f 5955/6486/6049 5938/6487/6031 5956/6488/6050 5957/6489/6051
f 5957/6489/6051 5956/6488/6050 5944/6485/6048 5946/6484/6047
f 5959/6477/6040 5958/6476/6039 5945/6471/6034 5951/6470/6033
f 5951/6470/6033 5961/6490/6052 5960/6491/6053 5959/6477/6040
f 5954/6469/6032 5937/6468/6029 5938/6487/6031 5955/6486/6049
f 5960/6491/6053 5962/6492/6054 5950/6474/6037 5959/6477/6040
f 5962/6492/6054 5963/6493/6055 5949/6478/6041 5950/6474/6037
f 5963/6493/6055 5964/6494/6056 5948/6480/6043 5949/6478/6041
f 5965/6495/6057 5991/6483/6046 5948/6480/6043 5964/6494/6056
f 5957/6489/6051 5946/6484/6047 5966/6496/6058 5967/6497/6059
f 5967/6497/6059 5968/6498/6060 5955/6486/6049 5957/6489/6051
f 5968/6498/6060 5969/6499/6061 5954/6469/6032 5955/6486/6049
f 5969/6499/6061 5970/6500/6062 5953/6434/6000 5954/6469/6032
f 5971/6501/6063 5972/6502/6064 5960/6491/6053 5961/6490/6052
f 5972/6502/6064 5973/6503/6065 5962/6492/6054 5960/6491/6053
f 5973/6503/6065 5974/6504/6066 5963/6493/6055 5962/6492/6054
f 5974/6504/6066 5975/6505/6067 5964/6494/6056 5963/6493/6055
f 5975/6505/6067 5976/6506/6068 5965/6495/6057 5964/6494/6056
f 5976/6506/6068 5977/6507/6069 5966/6496/6058 5965/6495/6057
f 5977/6507/6069 5947/6508/6070 5967/6497/6059 5966/6496/6058
f 5967/6497/6059 5947/6508/6070 5993/6509/6071 5968/6498/6060
f 5978/6510/6072 5992/6511/6073 5952/6473/6036 5979/6431/5997
f 6227/6512/6074 6232/6513/6075 6017/6514/6076
f 6202/6192/5758 6205/6385/5951 5986/6515/6077 5701/6193/5759
f 5715/6300/5866 5869/6401/5967 5860/6417/5983 5786/6301/5867
f 5733/6428/5994 5988/6222/5788 5984/6221/5787 5731/6370/5936
f 5713/6387/5953 5987/6195/5761 5982/6174/5740 5700/6388/5954
f 5700/6388/5954 5982/6174/5740 5983/6173/5739 5852/6445/6011
f 5713/6387/5953 5871/6371/5937 5985/6407/5973 5987/6195/5761
f 5786/6301/5867 5860/6417/5983 5897/6403/5969 5894/6302/5868
f 6122/6516/6078 6152/6517/6079 6056/6518/6080 6120/6519/6081
f 5732/6223/5789 5988/6222/5788 5989/6520/5998 5935/6521/6035
f 5952/6473/6036 5935/6472/6035 5989/6432/5998 5979/6431/5997
f 6142/6522/6082 5980/6523/6083 6137/6524/6084 6149/6525/6085
f 5946/6484/6047 5991/6483/6046 5965/6495/6057 5966/6496/6058
f 5948/6480/6043 5991/6483/6046 5943/6482/6045 5942/6481/6044
f 5978/6510/6072 5979/6431/5997 5990/6526/6086
f 5961/6490/6052 5951/6470/6033 5952/6473/6036 5992/6511/6073
f 5968/6498/6060 5993/6509/6071 5995/6527/6087 5969/6499/6061
f 5995/6527/6087 5994/6528/6088 5970/6500/6062 5969/6499/6061
f 6225/6529/6089 6226/6530/6090 6013/6531/6091 6014/6532/6092
f 5996/6533/6093 5997/6534/6094 5978/6510/6072 5990/6526/6086
f 5971/6501/6063 5961/6490/6052 5992/6511/6073 5998/6535/6095
f 5998/6535/6095 5992/6511/6073 5978/6510/6072 5997/6534/6094
f 5972/6502/6064 5971/6501/6063 6000/6536/6096 6001/6537/6097
f 5976/6506/6068 5975/6505/6067 6004/6538/6098 6005/6539/6099
f 6228/6540/6100 6223/6541/6101 6021/6542/6102 6019/6543/6103
f 5973/6503/6065 5972/6502/6064 6001/6537/6097 6002/6544/6104
f 5993/6509/6071 5947/6508/6070 5999/6545/6105 6007/6546/6106
f 5977/6507/6069 5976/6506/6068 6005/6539/6099 6006/6547/6107
f 5997/6534/6094 5996/6533/6093 6009/6548/6108 6010/6549/6109
f 5947/6508/6070 5977/6507/6069 6006/6547/6107 5999/6545/6105
f 5974/6504/6066 5973/6503/6065 6002/6544/6104 6003/6550/6110
f 5971/6501/6063 5998/6535/6095 6011/6551/6111 6000/6536/6096
f 6224/6552/6112 6225/6529/6089 6014/6532/6092 6015/6553/6113
f 5975/6505/6067 5974/6504/6066 6003/6550/6110 6004/6538/6098
f 5995/6527/6087 5993/6509/6071 6007/6546/6106 6008/6554/6114
f 5998/6535/6095 5997/6534/6094 6010/6549/6109 6011/6551/6111
f 6226/6530/6090 6227/6512/6074 6017/6514/6076 6013/6531/6091
f 6016/6555/6115 6015/6553/6113 6014/6532/6092 6013/6531/6091
f 6017/6514/6076 6018/6556/6116 6016/6555/6115 6013/6531/6091
f 6017/6514/6076 6019/6543/6103 6018/6556/6116
f 6021/6542/6102 6020/6557/6117 6018/6556/6116 6019/6543/6103
f 6232/6513/6075 6228/6540/6100 6019/6543/6103 6017/6514/6076
f 6230/6558/6118 6229/6559/6119 6016/6555/6115 6018/6556/6116
f 6223/6541/6101 6231/6560/6120 6020/6557/6117 6021/6542/6102
f 6229/6559/6119 6224/6552/6112 6015/6553/6113 6016/6555/6115
f 6231/6560/6120 6230/6558/6118 6018/6556/6116 6020/6557/6117
f 3705/6561/3794 3697/6562/3818 6022/6563/6121 5939/6564/6030
f 6022/6563/6121 5956/6488/6050 5938/6487/6031 5939/6564/6030
f 5944/6485/6048 5956/6488/6050 6022/6563/6121 6023/6565/6122
f 3697/6562/3818 6024/6566/3809 6023/6565/6122 6022/6563/6121
f 5941/6479/6042 5942/6481/6044 6027/6567/6123 6026/6568/6124
f 5940/6475/6038 5941/6479/6042 6026/6568/6124 6025/6569/6125
f 5958/6476/6039 5940/6475/6038 6025/6569/6125 6030/6570/6126
f 5944/6485/6048 6023/6565/6122 6031/6571/6127 6029/6572/6128
f 5943/6482/6045 5944/6485/6048 6029/6572/6128 6028/6573/6129
f 5942/6481/6044 5943/6482/6045 6028/6573/6129 6027/6567/6123
f 6023/6565/6122 6024/6566/3809 3698/6574/3808 6031/6571/6127
f 6092/6575/6130 6093/6576/6131 6032/6577/6132 6037/6578/6133
f 6094/6579/6134 6095/6580/6135 6034/6581/6136 6033/6582/6137
f 6093/6576/6131 6094/6579/6134 6033/6582/6137 6032/6577/6132
f 6096/6583/6138 6097/6584/6139 6038/6585/6140 6036/6586/6141
f 6098/6587/6142 6096/6583/6138 6036/6586/6141 6035/6588/6143
f 6095/6580/6135 6098/6587/6142 6035/6588/6143 6034/6581/6136
f 6097/6584/6139 3699/6589/3820 6039/6590/6144 6038/6585/6140
f 6032/6577/6132 6033/6582/6137 6041/6591/6145 6040/6592/6146
f 6036/6586/6141 6038/6585/6140 6046/6593/6147 6044/6594/6148
f 6035/6588/6143 6036/6586/6141 6044/6594/6148 6043/6595/6149
f 6034/6581/6136 6035/6588/6143 6043/6595/6149 6042/6596/6150
f 6038/6585/6140 6039/6590/6144 6047/6597/6151 6046/6593/6147
f 6037/6578/6133 6032/6577/6132 6040/6592/6146 6045/6598/6152
f 6033/6582/6137 6034/6581/6136 6042/6596/6150 6041/6591/6145
f 6064/6599/6153 6065/6600/6154 6054/6601/6155 6052/6602/6156
f 6066/6603/6157 6064/6599/6153 6052/6602/6156 6051/6604/6158
f 6067/6605/6159 6066/6603/6157 6051/6604/6158 6050/6606/6160
f 6065/6600/6154 6068/6607/3787 6055/6608/3786 6054/6601/6155
f 6069/6609/6161 6070/6610/6162 6048/6611/6163 6053/6612/6164
f 6071/6613/6165 6067/6605/6159 6050/6606/6160 6049/6614/6166
f 6070/6610/6162 6071/6613/6165 6049/6614/6166 6048/6611/6163
f 6051/6604/6158 6052/6602/6156 5669/6615/6167 5668/6616/6168
f 6050/6606/6160 6051/6604/6158 5668/6616/6168 5667/6617/6169
f 6054/6601/6155 6055/6608/3786 3694/6618/3823 5671/6619/6170
f 6053/6612/6164 6048/6611/6163 5665/6620/6171 5670/6621/6172
f 6049/6614/6166 6050/6606/6160 5667/6617/6169 5666/6622/6173
f 6048/6611/6163 6049/6614/6166 5666/6622/6173 5665/6620/6171
f 6052/6602/6156 6054/6601/6155 5671/6619/6170 5669/6615/6167
f 6139/6623/6174 5945/6471/6034 5958/6476/6039 6140/6624/6175
f 6143/6625/6176 5678/6626/6177 5674/6627/6178 6062/6628/6179
f 6085/6629/6180 6062/6628/6179 5674/6627/6178 5677/6630/6181
f 6083/6631/6182 6058/6632/6183 5672/6633/6184 5676/6634/6185
f 6080/6635/6186 6083/6636/6182 5676/6637/6185 5675/6638/6187
f 5898/6440/6006 6111/6639/6188 6099/6640/6189 5887/6441/6007
f 6040/6592/6146 6041/6591/6145 6071/6613/6165 6070/6610/6162
f 6041/6591/6145 6042/6596/6150 6067/6605/6159 6071/6613/6165
f 6045/6598/6152 6040/6592/6146 6070/6610/6162 6069/6609/6161
f 6046/6593/6147 6047/6597/6151 6068/6607/3787 6065/6600/6154
f 6042/6596/6150 6043/6595/6149 6066/6603/6157 6067/6605/6159
f 6043/6595/6149 6044/6594/6148 6064/6599/6153 6066/6603/6157
f 6044/6594/6148 6046/6593/6147 6065/6600/6154 6064/6599/6153
f 5670/6621/6172 5673/6641/6190 6073/6642/6191 6053/6612/6164
f 6053/6612/6164 6073/6642/6191 6074/6643/6192 6069/6609/6161
f 6069/6609/6161 6074/6643/6192 6072/6644/6193 6045/6598/6152
f 5888/6438/6004 6123/6645/6194 6111/6639/6188 5898/6440/6006
f 6144/6646/6195 6145/6647/6196 6075/6648/6197 6061/6649/6198
f 6145/6647/6196 6146/6650/6199 6077/6651/6200 6075/6648/6197
f 6146/6650/6199 6143/6625/6176 6062/6628/6179 6077/6651/6200
f 6085/6629/6180 6058/6632/6183 6057/6652/6201 6086/6653/6202
f 6086/6653/6202 6057/6652/6201 6076/6654/6203 6087/6655/6204
f 6087/6655/6204 6076/6654/6203 6059/6656/6205 6088/6657/6206
f 5891/6436/6002 6080/6635/6186 5675/6638/6187 5658/6437/6003
f 5887/6441/6007 6099/6640/6189 6081/6658/6207 5905/6442/6008
f 5886/6443/6009 6078/6659/6208 6079/6660/6209 5890/6439/6005
f 6078/6659/6208 6081/6658/6207 6084/6661/6210 6063/6662/6211
f 6079/6660/6209 6078/6659/6208 6063/6662/6211 6082/6663/6212
f 6080/6635/6186 6079/6660/6209 6082/6663/6212 6083/6636/6182
f 6083/6631/6182 6082/6664/6212 6057/6652/6201 6058/6632/6183
f 6063/6665/6211 6076/6654/6203 6057/6652/6201 6082/6664/6212
f 6063/6665/6211 6084/6666/6210 6059/6656/6205 6076/6654/6203
f 6140/6624/6175 5958/6476/6039 6030/6570/6126 6141/6667/6213
f 6118/6668/6214 5980/6523/6083 6141/6667/6213 6030/6570/6126
f 5890/6439/6005 6079/6660/6209 6080/6635/6186 5891/6436/6002
f 5935/6521/6035 6138/6669/6215 5889/6392/5958 5732/6223/5789
f 6102/6670/6216 6116/6671/6217 6103/6672/6218 6092/6575/6130
f 6045/6598/6152 6072/6644/6193 6060/6673/6219 6037/6578/6133
f 5905/6442/6008 6081/6658/6207 6078/6659/6208 5886/6443/6009
f 6075/6648/6197 6087/6655/6204 6088/6657/6206 6061/6649/6198
f 6077/6651/6200 6086/6653/6202 6087/6655/6204 6075/6648/6197
f 6062/6628/6179 6085/6629/6180 6086/6653/6202 6077/6651/6200
f 6058/6632/6183 6085/6629/6180 5677/6630/6181 5672/6633/6184
f 6091/6674/6220 6088/6657/6206 6059/6656/6205 6090/6675/6221
f 6113/6676/6222 6091/6674/6220 6090/6675/6221 6114/6677/6223
f 6116/6671/6217 6137/6524/6084 6119/6678/6224 6103/6672/6218
f 6109/6679/6225 6110/6680/3814 3699/6589/3820 6097/6584/6139
f 6108/6681/6226 6106/6682/6227 6098/6587/6142 6095/6580/6135
f 6106/6682/6227 6105/6683/6228 6096/6583/6138 6098/6587/6142
f 6105/6683/6228 6109/6679/6225 6097/6584/6139 6096/6583/6138
f 6107/6684/6229 6104/6685/6230 6094/6579/6134 6093/6576/6131
f 6104/6685/6230 6108/6681/6226 6095/6580/6135 6094/6579/6134
f 6103/6672/6218 6107/6684/6229 6093/6576/6131 6092/6575/6130
f 6099/6640/6189 6100/6686/6231 6084/6661/6210 6081/6658/6207
f 6084/6666/6210 6100/6687/6231 6090/6675/6221 6059/6656/6205
f 6088/6657/6206 6091/6674/6220 6101/6688/6232 6061/6649/6198
f 6147/6689/6233 6102/6670/6216 6060/6673/6219 6144/6646/6195
f 6119/6678/6224 6130/6690/6234 6107/6684/6229 6103/6672/6218
f 6117/6691/6235 6132/6692/6236 6108/6681/6226 6104/6685/6230
f 6130/6690/6234 6117/6691/6235 6104/6685/6230 6107/6684/6229
f 6125/6693/6237 6134/6694/6238 6109/6679/6225 6105/6683/6228
f 6127/6695/6239 6125/6693/6237 6105/6683/6228 6106/6682/6227
f 6132/6692/6236 6127/6695/6239 6106/6682/6227 6108/6681/6226
f 6134/6694/6238 6135/6696/3815 6110/6680/3814 6109/6679/6225
f 5980/6523/6083 6118/6668/6214 6119/6678/6224 6137/6524/6084
f 6111/6639/6188 6112/6697/6240 6100/6686/6231 6099/6640/6189
f 6121/6426/5992 6113/6676/6222 6114/6677/6223 6120/6519/6081
f 6100/6687/6231 6112/6698/6240 6114/6677/6223 6090/6675/6221
f 6091/6674/6220 6113/6676/6222 6115/6699/6241 6101/6688/6232
f 6148/6700/6242 6116/6671/6217 6102/6670/6216 6147/6689/6233
f 6031/6571/6127 3698/6574/3808 3700/6701/3812 6133/6702/6243
f 5945/6471/6034 6139/6623/6174 6138/6703/6215 5935/6472/6035
f 6060/6673/6219 6102/6670/6216 6092/6575/6130 6037/6578/6133
f 6112/6698/6240 6122/6516/6078 6120/6519/6081 6114/6677/6223
f 6089/6423/5989 6121/6426/5992 6120/6519/6081 6056/6518/6080
f 6123/6645/6194 6122/6704/6078 6112/6697/6240 6111/6639/6188
f 6133/6702/6243 3700/6701/3812 6135/6696/3815 6134/6694/6238
f 6027/6567/6123 6028/6573/6129 6128/6705/6244 6131/6706/6245
f 6131/6706/6245 6128/6705/6244 6127/6695/6239 6132/6692/6236
f 6028/6573/6129 6029/6572/6128 6126/6707/6246 6128/6705/6244
f 6128/6705/6244 6126/6707/6246 6125/6693/6237 6127/6695/6239
f 6029/6572/6128 6031/6571/6127 6133/6702/6243 6126/6707/6246
f 6126/6707/6246 6133/6702/6243 6134/6694/6238 6125/6693/6237
f 6025/6569/6125 6026/6568/6124 6124/6708/6247 6129/6709/6248
f 6129/6709/6248 6124/6708/6247 6117/6691/6235 6130/6690/6234
f 6026/6568/6124 6027/6567/6123 6131/6706/6245 6124/6708/6247
f 6124/6708/6247 6131/6706/6245 6132/6692/6236 6117/6691/6235
f 6030/6570/6126 6025/6569/6125 6129/6709/6248 6118/6668/6214
f 6118/6668/6214 6129/6709/6248 6130/6690/6234 6119/6678/6224
f 6113/6676/6222 6121/6426/5992 6136/6425/5991 6115/6699/6241
f 6149/6525/6085 6137/6524/6084 6116/6671/6217 6148/6700/6242
f 5988/6222/5788 5733/6428/5994 5936/6464/5999 5989/6520/5998
f 6152/6517/6079 6138/6703/6215 6139/6623/6174 6056/6518/6080
f 6089/6423/5989 6056/6518/6080 6139/6623/6174 6140/6624/6175
f 6089/6423/5989 6140/6624/6175 6141/6667/6213 5981/6424/5990
f 6136/6425/5991 6149/6525/6085 6148/6700/6242 6115/6699/6241
f 6115/6699/6241 6148/6700/6242 6147/6689/6233 6101/6688/6232
f 6101/6688/6232 6147/6689/6233 6144/6646/6195 6061/6649/6198
f 6074/6643/6192 6073/6642/6191 6143/6625/6176 6146/6650/6199
f 6072/6644/6193 6074/6643/6192 6146/6650/6199 6145/6647/6196
f 6060/6673/6219 6072/6644/6193 6145/6647/6196 6144/6646/6195
f 6073/6642/6191 5673/6641/6190 5678/6626/6177 6143/6625/6176
f 5981/6424/5990 6142/6522/6082 6149/6525/6085 6136/6425/5991
f 6142/6522/6082 5981/6424/5990 6141/6667/6213 5980/6523/6083
f 5833/6363/5929 5885/6362/5928 6151/6710/3795 3705/6467/3794
f 5864/6435/6001 5831/6360/5926 6150/6711/3790 3706/6712/3804
f 5829/6358/5924 5828/6357/5923 3702/6713/3806 3703/6714/3798
f 5828/6357/5923 5827/6356/5922 3701/6715/3800 3702/6713/3806
f 5885/6362/5928 5864/6435/6001 3706/6712/3804 6151/6710/3795
f 5831/6360/5926 5830/6359/5925 3704/6716/3791 6150/6711/3790
f 5830/6359/5925 5829/6358/5924 3703/6714/3798 3704/6716/3791
f 5827/6356/5922 5655/6355/5921 3695/6717/3801 3701/6715/3800
f 3699/6589/3820 6068/6607/3787 6047/6597/6151 6039/6590/6144
f 6123/6645/6194 5888/6438/6004 5889/6392/5958 6153/6718/6249
f 6153/6718/6249 6152/6719/6079 6122/6704/6078 6123/6645/6194
f 6153/6718/6249 5889/6392/5958 6138/6669/6215 6152/6719/6079
f 6001/6537/6097 6000/6536/6096 6154/6720/6250 6002/6544/6104
f 6000/6536/6096 6011/6551/6111 6010/6549/6109 6154/6720/6250
f 6002/6544/6104 6154/6720/6250 6155/6721/6251 6003/6550/6110
f 6154/6720/6250 6010/6549/6109 6009/6548/6108 6155/6721/6251
f 6003/6550/6110 6155/6721/6251 6156/6722/6252 6004/6538/6098
f 6155/6721/6251 6009/6548/6108 6012/6723/6253 6156/6722/6252
f 6004/6538/6098 6156/6722/6252 6157/6724/6254 6005/6539/6099
f 6156/6722/6252 6012/6723/6253 6008/6554/6114 6157/6724/6254
f 6005/6539/6099 6157/6724/6254 5999/6545/6105 6006/6547/6107
f 6157/6724/6254 6008/6554/6114 6007/6546/6106 5999/6545/6105
f 5680/6725/6255 5679/6726/6256 6158/6727/6257 6171/6728/6258
f 6171/6728/6258 6170/6729/6259 5746/6243/5809 5815/6242/5808
f 6170/6729/6259 6159/6730/6260 6160/6731/6261 6169/6732/6262
f 6169/6732/6262 6177/6733/6263 5906/6246/5812 5920/6446/6012
f 6177/6733/6263 6161/6734/6264 6162/6735/6265 6178/6736/6266
f 6178/6736/6266 6168/6737/6267 5751/6248/5814 5748/6247/5813
f 6168/6737/6267 6163/6738/6268 6176/6739/6269 6179/6740/6270
f 5751/6248/5814 6168/6737/6267 6179/6740/6270 5752/6250/5816
f 6172/6741/6271 5760/6258/5824 5758/6256/5822 6174/6742/6272
f 6164/6743/6273 6172/6741/6271 6174/6742/6272 6165/6744/6274
f 6173/6745/6275 5756/6254/5820 5754/6252/5818 6175/6746/6276
f 6174/6742/6272 6173/6745/6275 6166/6747/6277 6165/6744/6274
f 6160/6731/6261 6161/6734/6264 6177/6733/6263 6169/6732/6262
f 5681/6748/6278 6172/6741/6271 6164/6743/6273 6845/6749/6279
f 6162/6735/6265 6163/6738/6268 6168/6737/6267 6178/6736/6266
f 5634/6260/5826 5760/6258/5824 6172/6741/6271 5681/6748/6278
f 5758/6256/5822 5756/6254/5820 6173/6745/6275 6174/6742/6272
f 5746/6243/5809 6170/6729/6259 6169/6732/6262 5920/6446/6012
f 5906/6246/5812 6177/6733/6263 6178/6736/6266 5748/6247/5813
f 6166/6747/6277 6173/6745/6275 6175/6746/6276 6167/6750/6280
f 6158/6727/6257 6159/6730/6260 6170/6729/6259 6171/6728/6258
f 5632/6343/5909 5680/6725/6255 6171/6728/6258 5815/6242/5808
f 5722/6207/5773 5721/6206/5772 6182/6204/5770 6183/6751/6281
f 5718/6199/5765 5720/6205/5771 5642/6334/5900 5641/6313/5879
f 5803/6213/5779 5725/6211/5777 6185/6203/5769 6188/6202/5768
f 5729/6217/5783 5727/6214/5780 6186/6752/6282 6187/6753/6283
f 5716/6197/5763 5916/6220/5786 6189/6754/6284 6180/6755/6285
f 5916/6220/5786 5729/6217/5783 6187/6753/6283 6189/6754/6284
f 5724/6209/5775 5722/6207/5773 6183/6751/6281 6184/6756/6286
f 5717/6198/5764 5716/6197/5763 6180/6755/6285 6181/6201/5767
f 5725/6211/5777 5724/6209/5775 6184/6756/6286 6185/6203/5769
f 5727/6214/5780 5803/6213/5779 6188/6202/5768 6186/6752/6282
f 6182/6204/5770 6185/6203/5769 6184/6756/6286 6183/6751/6281
f 6180/6755/6285 6186/6752/6282 6188/6202/5768 6181/6201/5767
f 6189/6754/6284 6187/6753/6283 6186/6752/6282 6180/6755/6285
f 5721/6206/5772 5717/6198/5764 6181/6201/5767 6182/6204/5770
f 5852/6445/6011 5983/6173/5739 6205/6385/5951 6202/6192/5758
f 5843/6150/5716 6190/6397/5963 6204/6153/5719 5902/6395/5961
f 5687/6155/5721 5893/6757/6287 6203/6394/5960 6198/6156/5722
f 5690/6163/5729 5692/6758/6288 6192/6386/5952 6199/6164/5730
f 5685/6759/6289 5682/6444/6010 6190/6397/5963 6197/6390/5956
f 5893/6757/6287 5689/6162/5728 6191/6161/5727 6203/6394/5960
f 5685/6759/6289 6197/6390/5956 6200/6383/5949 5694/6760/6290
f 5781/6761/6291 6194/6384/5950 6201/6389/5955 5696/6762/6292
f 5696/6762/6292 6201/6389/5955 6193/6379/5945 5698/6380/5946
f 5986/6515/6077 6205/6385/5951 6192/6386/5952 5692/6758/6288
f 5694/6760/6290 6200/6383/5949 6194/6384/5950 5781/6761/6291
f 5851/6172/5738 5855/6381/5947 6196/6377/5943 6193/6379/5945
f 5855/6381/5947 5854/6382/5948 6195/6191/5757 6196/6377/5943
f 5854/6382/5948 5852/6445/6011 6202/6192/5758 6195/6191/5757
f 5846/6158/5724 6191/6161/5727 6199/6164/5730 5847/6393/5959
f 5902/6395/5961 6204/6153/5719 6198/6156/5722 5845/6396/5962
f 5752/6250/5816 6179/6740/6270 6175/6746/6276 5754/6252/5818
f 6175/6746/6276 6179/6740/6270 6176/6739/6269 6167/6750/6280
f 5692/6758/6288 5690/6163/5729 6210/6763/6293 6211/6764/6294
f 5893/6757/6287 5687/6155/5721 6208/6765/6295 6219/6766/6296
f 5701/6193/5759 5986/6515/6077 6221/6767/6297 6215/6768/6298
f 5696/6762/6292 5698/6380/5946 6214/6769/6299 6213/6770/6300
f 5900/6154/5720 5682/6444/6010 6206/6771/6301 6220/6772/6302
f 5685/6759/6289 5694/6760/6290 6212/6773/6303 6207/6774/6304
f 5698/6380/5946 5841/6378/5944 6218/6775/6305 6214/6769/6299
f 5690/6163/5729 5689/6162/5728 6209/6776/6306 6210/6763/6293
f 5838/6194/5760 5701/6193/5759 6215/6768/6298 6217/6777/6307
f 5689/6162/5728 5893/6757/6287 6219/6766/6296 6209/6776/6306
f 5986/6515/6077 5692/6758/6288 6211/6764/6294 6221/6767/6297
f 5694/6760/6290 5781/6761/6291 6216/6778/6308 6212/6773/6303
f 5687/6155/5721 5900/6154/5720 6220/6772/6302 6208/6765/6295
f 5841/6378/5944 5838/6194/5760 6217/6777/6307 6218/6775/6305
f 5682/6444/6010 5685/6759/6289 6207/6774/6304 6206/6771/6301
f 5781/6761/6291 5696/6762/6292 6213/6770/6300 6216/6778/6308
f 6208/6765/6295 6220/6772/6302 6222/6779/6309
f 6217/6777/6307 6215/6768/6298 6222/6779/6309
f 6219/6766/6296 6208/6765/6295 6222/6779/6309
f 6209/6776/6306 6219/6766/6296 6222/6779/6309
f 6207/6774/6304 6212/6773/6303 6222/6779/6309
f 6220/6772/6302 6206/6771/6301 6222/6779/6309
f 6216/6778/6308 6213/6770/6300 6222/6779/6309
f 6215/6768/6298 6221/6767/6297 6222/6779/6309
f 6213/6770/6300 6214/6769/6299 6222/6779/6309
f 6211/6764/6294 6210/6763/6293 6222/6779/6309
f 6212/6773/6303 6216/6778/6308 6222/6779/6309
f 6206/6771/6301 6207/6774/6304 6222/6779/6309
f 6221/6767/6297 6211/6764/6294 6222/6779/6309
f 6218/6775/6305 6217/6777/6307 6222/6779/6309
f 6210/6763/6293 6209/6776/6306 6222/6779/6309
f 6214/6769/6299 6218/6775/6305 6222/6779/6309
f 6009/6548/6108 5996/6533/6093 6230/6558/6118 6231/6560/6120
f 5990/6526/6086 5979/6431/5997 6224/6552/6112 6229/6559/6119
f 6012/6723/6253 6009/6548/6108 6231/6560/6120 6223/6541/6101
f 5996/6533/6093 5990/6526/6086 6229/6559/6119 6230/6558/6118
f 5995/6527/6087 6008/6554/6114 6228/6540/6100 6232/6513/6075
f 5970/6500/6062 5994/6528/6088 6226/6530/6090
f 5979/6431/5997 5953/6434/6000 6225/6529/6089 6224/6552/6112
f 6008/6554/6114 6012/6723/6253 6223/6541/6101 6228/6540/6100
f 5953/6434/6000 5970/6500/6062 6226/6530/6090 6225/6529/6089
f 5994/6528/6088 5995/6527/6087 6232/6513/6075 6227/6512/6074
f 6226/6530/6090 5994/6528/6088 6227/6512/6074
f 6247/6780/6310 6248/6781/6311 6233/6782/6312 6235/6783/6313
f 6249/6784/6314 6247/6780/6310 6235/6783/6313 6236/6785/6315
f 6250/6786/6316 6251/6787/6317 6239/6788/6318 6240/6789/6319
f 6252/6790/6320 6253/6791/6321 6244/6792/6322 6243/6793/6323
f 6251/6787/6317 6254/6794/6324 6238/6795/6325 6239/6788/6318
f 6255/6796/6326 6252/6790/6320 6243/6793/6323 6242/6797/6327
f 6253/6791/6321 6256/6798/6328 6245/6799/6329 6244/6792/6322
f 6254/6794/6324 6257/6800/6330 6237/6801/6331 6238/6795/6325
f 6256/6798/6328 6250/6786/6316 6240/6789/6319 6245/6799/6329
f 6246/6802/6332 6258/6803/6333 6241/6804/6334 6234/6805/6335
f 6257/6800/6330 6249/6784/6314 6236/6785/6315 6237/6801/6331
f 6258/6803/6333 6255/6796/6326 6242/6797/6327 6241/6804/6334
f 6235/6783/6313 6233/6782/6312 6234/6805/6335
f 6236/6785/6315 6235/6783/6313 6234/6805/6335 6241/6804/6334
f 6237/6801/6331 6236/6785/6315 6241/6804/6334
f 6237/6801/6331 6241/6804/6334 6242/6797/6327 6238/6795/6325
f 6239/6788/6318 6238/6795/6325 6242/6797/6327 6243/6793/6323
f 6239/6788/6318 6243/6793/6323 6244/6792/6322 6240/6789/6319
f 6245/6799/6329 6240/6789/6319 6244/6792/6322
f 6164/6806/6273 6165/6807/6274 6255/6796/6326 6258/6803/6333
f 6160/6808/6261 6159/6809/6260 6249/6784/6314 6257/6800/6330
f 6845/6810/6279 6164/6806/6273 6258/6803/6333 6246/6802/6332
f 6176/6811/6269 6163/6812/6268 6250/6786/6316 6256/6798/6328
f 6161/6813/6264 6160/6808/6261 6257/6800/6330 6254/6794/6324
f 6167/6814/6280 6176/6811/6269 6256/6798/6328 6253/6791/6321
f 6165/6807/6274 6166/6815/6277 6252/6790/6320 6255/6796/6326
f 6162/6816/6265 6161/6813/6264 6254/6794/6324 6251/6787/6317
f 6166/6815/6277 6167/6814/6280 6253/6791/6321 6252/6790/6320
f 6163/6812/6268 6162/6816/6265 6251/6787/6317 6250/6786/6316
f 6159/6809/6260 6158/6817/6257 6247/6780/6310 6249/6784/6314
f 6158/6817/6257 5679/6818/6256 6248/6781/6311 6247/6780/6310
f 6421/6819/6336 6261/6820/6337 6260/6821/6338 6420/6822/6339
f 6783/6823/6340 6777/6824/6341 6264/6825/6342 6477/6826/6343
f 6472/6827/6344 6469/6828/6345 6265/6829/6346 6423/6830/6347
f 6770/6831/6348 6778/6832/6349 6267/6833/6350 6266/6834/6351
f 6421/6819/6336 6426/6835/6352 6272/6836/6353 6261/6820/6337
f 6430/6837/6354 6427/6838/6355 6274/6839/6356 6359/6840/6357
f 6427/6838/6355 6428/6841/6358 6276/6842/6359 6274/6839/6356
f 6560/6843/6360 6425/6844/6361 6270/6845/6362 6559/6846/6363
f 6272/6836/6353 6279/6847/6364 6280/6848/6365 6261/6820/6337
f 6261/6820/6337 6280/6848/6365 6281/6849/6366 6260/6821/6338
f 6272/6836/6353 6282/6850/6367 6283/6851/6368 6279/6847/6364
f 6284/6852/6369 6368/6853/6370 6285/6854/6371 6391/6855/6372
f 6282/6850/6367 6286/6856/6373 6287/6857/6374 6283/6851/6368
f 6359/6840/6357 6274/6839/6356 6288/6858/6375 6360/6859/6376
f 6288/6858/6375 6274/6839/6356 6276/6842/6359 6289/6860/6377
f 6774/6861/6378 6415/6862/6379 6278/6863/6380 6781/6864/6381
f 6564/6865/6382 6559/6846/6363 6270/6845/6362 6291/6866/6383
f 6293/6867/6384 6296/6868/6385 6295/6869/6386 6294/6870/6387
f 6760/6871/6388 6761/6872/6389 6764/6873/6390 6767/6874/6391
f 6297/6875/6392 6385/6876/6393 6299/6877/6394 6298/6878/6395
f 6299/6877/6394 6385/6876/6393 6300/6879/6396 6301/6880/6397
f 6300/6879/6396 6303/6881/6398 6302/6882/6399 6301/6880/6397
f 6380/6883/6400 6381/6884/6401 6305/6885/6402 6304/6886/6403
f 6305/6885/6402 6307/6887/6404 6306/6888/6405 6304/6886/6403
f 6353/6889/6406 6493/6890/6407 6306/6888/6405 6307/6887/6404
f 6561/6891/6408 6453/6892/6409 6309/6893/6410 6565/6894/6411
f 6360/6859/6376 6288/6858/6375 6311/6895/6412 6361/6896/6413
f 6311/6895/6412 6288/6858/6375 6289/6860/6377 6312/6897/6414
f 6362/6898/6415 6361/6896/6413 6311/6895/6412 6313/6899/6416
f 6313/6899/6416 6311/6895/6412 6312/6897/6414 6314/6900/6417
f 6285/6854/6371 6315/6901/6418 6390/6902/6419 6391/6855/6372
f 6316/6903/6420 6317/6904/6421 6283/6851/6368 6287/6857/6374
f 6283/6851/6368 6317/6904/6421 6318/6905/6422 6279/6847/6364
f 6318/6905/6422 6319/6906/6423 6280/6848/6365 6279/6847/6364
f 6280/6848/6365 6319/6906/6423 6320/6907/6424 6281/6849/6366
f 6485/6908/6425 6344/6909/6426 6326/6910/6427 6484/6911/6428
f 6392/6912/6429 6393/6913/6430 6324/6914/6431 6323/6915/6432
f 6483/6916/6433 6484/6911/6428 6326/6910/6427 6325/6917/6434
f 6325/6917/6434 6326/6910/6427 6327/6918/6435 6328/6919/6436
f 6327/6918/6435 6330/6920/6437 6329/6921/6438 6328/6919/6436
f 6329/6921/6438 6330/6920/6437 6332/6922/6439 6331/6923/6440
f 6331/6923/6440 6332/6922/6439 6334/6924/6441 6333/6925/6442
f 6333/6925/6442 6334/6924/6441 6336/6926/6443 6335/6927/6444
f 6335/6927/6444 6336/6926/6443 6338/6928/6445 6337/6929/6446
f 6338/6928/6445 5635/6261/5827 5634/6260/5826 6337/6929/6446
f 6312/6897/6414 6322/6930/6447 6321/6931/6448 6314/6900/6417
f 6347/6932/6449 6338/6928/6445 6336/6926/6443 6348/6933/6450
f 6346/6934/6451 6327/6918/6435 6326/6910/6427 6344/6909/6426
f 5659/6267/5833 6490/6935/6452 6339/6936/6453 5636/6268/5834
f 6488/6937/6454 6491/6938/6455 6341/6939/6456 6340/6940/6457
f 6349/6941/6458 6334/6924/6441 6332/6922/6439 6350/6942/6459
f 6489/6943/6460 6492/6944/6461 6343/6945/6462 6342/6946/6463
f 6351/6947/6464 6330/6920/6437 6327/6918/6435 6346/6934/6451
f 6492/6944/6461 6351/6947/6464 6346/6934/6451 6487/6948/6465
f 6332/6922/6439 6330/6920/6437 6351/6947/6464 6350/6942/6459
f 6491/6938/6455 6349/6941/6458 6350/6942/6459 6489/6943/6460
f 6336/6926/6443 6334/6924/6441 6349/6941/6458 6348/6933/6450
f 5635/6261/5827 6338/6928/6445 6347/6932/6449 5637/6283/5849
f 6487/6948/6465 6346/6934/6451 6344/6909/6426 6486/6949/6466
f 6490/6935/6452 6347/6932/6449 6348/6933/6450 6488/6937/6454
f 6314/6900/6417 6486/6949/6466 6352/6950/6467 6313/6899/6416
f 6394/6951/6468 6393/6913/6430 5633/6288/5854 5638/6287/5853
f 6486/6949/6466 6355/6952/6469 6354/6953/6470 6352/6950/6467
f 6495/6954/6471 6357/6955/6472 6356/6956/6473 6496/6957/6474
f 6373/6958/6475 5640/6298/5864 5639/6297/5863 6375/6959/6476
f 6284/6852/6369 6286/6856/6373 6361/6896/6413 6362/6898/6415
f 6282/6850/6367 6360/6859/6376 6361/6896/6413 6286/6856/6373
f 6272/6836/6353 6359/6840/6357 6360/6859/6376 6282/6850/6367
f 6426/6835/6352 6430/6837/6354 6359/6840/6357 6272/6836/6353
f 6265/6829/6346 6363/6960/6477 6292/6961/6478 6268/6962/6479
f 6469/6828/6345 6263/6963/6480 6364/6964/6481 6471/6965/6482
f 6478/6966/6483 6476/6967/6484 6260/6821/6338 6365/6968/6485
f 6260/6821/6338 6281/6849/6366 6366/6969/6486 6365/6968/6485
f 6366/6969/6486 6281/6849/6366 6320/6907/6424 6367/6970/6487
f 6362/6898/6415 6370/6971/6488 6368/6853/6370 6284/6852/6369
f 6391/6855/6372 6287/6857/6374 6286/6856/6373 6284/6852/6369
f 6370/6971/6488 6362/6898/6415 6313/6899/6416 6371/6972/6489
f 6371/6972/6489 6313/6899/6416 6352/6950/6467 6372/6973/6490
f 6372/6973/6490 6352/6950/6467 6354/6953/6470 6307/6887/6404
f 6353/6889/6406 6496/6957/6474 6356/6956/6473 6296/6868/6385
f 6294/6870/6387 6295/6869/6386 6297/6875/6392 6298/6878/6395
f 6357/6955/6472 6373/6958/6475 6375/6959/6476 6356/6956/6473
f 6356/6956/6473 6375/6959/6476 6295/6869/6386 6296/6868/6385
f 6375/6959/6476 5639/6297/5863 5641/6313/5879 6295/6869/6386
f 6305/6885/6402 6376/6974/6491 6372/6973/6490 6307/6887/6404
f 6371/6972/6489 6372/6973/6490 6376/6974/6491 6377/6975/6492
f 6377/6975/6492 6378/6976/6493 6370/6971/6488 6371/6972/6489
f 6382/6977/6494 6381/6884/6401 6303/6881/6398 6379/6978/6495
f 6376/6974/6491 6305/6885/6402 6381/6884/6401 6382/6977/6494
f 6302/6882/6399 6303/6881/6398 6381/6884/6401 6380/6883/6400
f 6376/6974/6491 6382/6977/6494 6378/6976/6493 6377/6975/6492
f 6378/6976/6493 6383/6979/6496 6368/6853/6370 6370/6971/6488
f 6382/6977/6494 6379/6978/6495 6383/6979/6496 6378/6976/6493
f 6383/6979/6496 6384/6980/6497 6285/6854/6371 6368/6853/6370
f 6389/6981/6498 6499/6982/6499 6300/6879/6396 6385/6876/6393
f 6369/6983/6500 5652/6325/5891 5643/6324/5890 6315/6901/6418
f 6385/6876/6393 6297/6875/6392 6374/6984/6501 6389/6981/6498
f 5643/6324/5890 5651/6327/5893 6390/6902/6419 6315/6901/6418
f 6318/6905/6422 5646/6329/5895 5647/6328/5894 6319/6906/6423
f 6320/6907/6424 5648/6331/5897 5649/6330/5896 6367/6970/6487
f 6319/6906/6423 5647/6328/5894 5648/6331/5897 6320/6907/6424
f 6316/6903/6420 5644/6333/5899 5645/6332/5898 6317/6904/6421
f 6317/6904/6421 5645/6332/5898 5646/6329/5895 6318/6905/6422
f 5642/6334/5900 5650/6335/5901 6374/6984/6501 6297/6875/6392
f 6384/6980/6497 6369/6983/6500 6315/6901/6418 6285/6854/6371
f 5651/6327/5893 5644/6333/5899 6316/6903/6420 6390/6902/6419
f 6390/6902/6419 6316/6903/6420 6287/6857/6374 6391/6855/6372
f 6504/6985/6502 6386/6986/6503 6388/6987/6504 6506/6988/6505
f 6506/6988/6505 6388/6987/6504 6387/6989/6506 6505/6990/6507
f 6345/6991/6508 6324/6914/6431 6393/6913/6430 6394/6951/6468
f 5632/6343/5909 5633/6288/5854 6393/6913/6430 6392/6912/6429
f 6322/6930/6447 6395/6992/6509 6343/6945/6462 6321/6931/6448
f 6395/6992/6509 6396/6993/6510 6342/6946/6463 6343/6945/6462
f 6396/6993/6510 6397/6994/6511 6341/6939/6456 6342/6946/6463
f 6397/6994/6511 6398/6995/6512 6340/6940/6457 6341/6939/6456
f 6340/6940/6457 6398/6995/6512 6399/6996/6513 6339/6936/6453
f 6399/6996/6513 5653/6349/5915 5636/6268/5834 6339/6936/6453
f 6396/6993/6510 6400/6997/6514 6401/6998/6515 6397/6994/6511
f 6401/6998/6515 6402/6999/6516 6398/6995/6512 6397/6994/6511
f 6398/6995/6512 6402/6999/6516 6403/7000/6517 6399/6996/6513
f 6403/7000/6517 5654/6354/5920 5653/6349/5915 6399/6996/6513
f 5654/6354/5920 6403/7000/6517 6404/7001/6518 5655/6355/5921
f 6404/7001/6518 6403/7000/6517 6402/6999/6516 6405/7002/6519
f 6402/6999/6516 6401/6998/6515 6406/7003/6520 6405/7002/6519
f 6406/7003/6520 6401/6998/6515 6400/6997/6514 6407/7004/6521
f 6400/6997/6514 6409/7005/6522 6408/7006/6523 6407/7004/6521
f 6462/7007/6524 6443/7008/6525 6411/7009/6526 6410/7010/6527
f 6457/7011/6528 6412/7012/6529 6413/7013/6530 6458/7014/6531
f 6308/7015/6532 6412/7012/6529 6461/7016/6533 6448/7017/6534
f 6417/7018/6535 6414/7019/6536 6416/7020/6537 6419/7021/6538
f 6775/7022/6539 6418/7023/6540 6415/6862/6379 6774/6861/6378
f 6772/7024/6541 6275/7025/6542 6418/7023/6540 6775/7022/6539
f 6276/6842/6359 6417/7018/6535 6419/7021/6538 6289/6860/6377
f 6289/6860/6377 6419/7021/6538 6322/6930/6447 6312/6897/6414
f 6276/6842/6359 6428/6841/6358 6432/7026/6543 6417/7018/6535
f 6417/7018/6535 6432/7026/6543 6431/7027/6544 6414/7019/6536
f 6779/7028/6545 6773/7029/6546 6430/6837/6354 6426/6835/6352
f 6784/7030/6547 6771/7031/6548 6425/6844/6361 6560/6843/6360
f 6414/7019/6536 6277/7032/6549 6290/7033/6550 6416/7020/6537
f 6780/7034/6551 6772/7024/6541 6428/6841/6358 6427/6838/6355
f 6773/7029/6546 6780/7034/6551 6427/6838/6355 6430/6837/6354
f 6776/7035/6552 6779/7028/6545 6426/6835/6352 6421/6819/6336
f 6452/7036/6553 6466/7037/6554 6309/6893/6410 6453/6892/6409
f 6265/6829/6346 6268/6962/6479 6424/7038/6555 6423/6830/6347
f 6782/7039/6556 6472/6827/6344 6423/6830/6347 6770/6831/6348
f 6476/6967/6484 6263/6963/6480 6422/7040/6557 6479/7041/6558
f 6776/7035/6552 6421/6819/6336 6420/6822/6339 6769/7042/6559
f 6292/6961/6478 6291/6866/6383 6270/6845/6362 6268/6962/6479
f 6396/6993/6510 6433/7043/6560 6409/7005/6522 6400/6997/6514
f 6395/6992/6509 6434/7044/6561 6433/7043/6560 6396/6993/6510
f 6322/6930/6447 6435/7045/6562 6434/7044/6561 6395/6992/6509
f 6416/7020/6537 6290/7033/6550 6448/7017/6534 6461/7016/6533
f 6446/7046/6563 6452/7036/6553 6453/6892/6409 6444/7047/6564
f 6364/6964/6481 6438/7048/6565 6474/7049/6566 6471/6965/6482
f 6367/6970/6487 5649/6330/5896 5656/6406/5972 6440/7050/6567
f 6562/7051/6568 6564/6865/6382 6291/6866/6383 6444/7047/6564
f 6365/6968/6485 6436/7052/6569 6481/7053/6570 6478/6966/6483
f 6481/7053/6570 6436/7052/6569 6445/7054/6571 6480/7055/6572
f 6366/6969/6486 6367/6970/6487 6440/7050/6567 6439/7056/6573
f 6365/6968/6485 6366/6969/6486 6439/7056/6573 6436/7052/6569
f 6474/7049/6566 6438/7048/6565 6450/7057/6574 6473/7058/6575
f 6419/7021/6538 6416/7020/6537 6435/7045/6562 6322/6930/6447
f 6459/7059/6576 6435/7045/6562 6416/7020/6537 6461/7016/6533
f 6562/7051/6568 6444/7047/6564 6453/6892/6409 6561/6891/6408
f 6446/7046/6563 6437/7060/6577 6451/7061/6578 6452/7036/6553
f 6459/7059/6576 6449/7062/6579 6434/7044/6561 6435/7045/6562
f 6449/7062/6579 6442/7063/6580 6411/7009/6526 6447/7064/6581
f 6439/7056/6573 6440/7050/6567 6455/7065/6582 6454/7066/6583
f 6665/7067/6584 6698/7068/6585 6714/7069/6586 6558/7070/6587
f 6447/7064/6581 6456/7071/6588 6409/7005/6522 6433/7043/6560
f 6436/7052/6569 6439/7056/6573 6454/7066/6583 6445/7054/6571
f 6291/6866/6383 6292/6961/6478 6446/7046/6563 6444/7047/6564
f 6413/7013/6530 6412/7012/6529 6308/7015/6532 6310/7072/6589
f 6364/6964/6481 6478/6966/6483 6481/7053/6570 6438/7048/6565
f 6457/7011/6528 6459/7059/6576 6461/7016/6533 6412/7012/6529
f 6411/7009/6526 6443/7008/6525 6456/7071/6588 6447/7064/6581
f 6778/6832/6349 6424/7038/6555 6425/6844/6361 6771/7031/6548
f 6457/7011/6528 6442/7063/6580 6449/7062/6579 6459/7059/6576
f 6442/7063/6580 6457/7011/6528 6458/7014/6531 6460/7073/6590
f 6434/7044/6561 6449/7062/6579 6447/7064/6581 6433/7043/6560
f 6440/7050/6567 5656/6406/5972 5657/6430/5996 6455/7065/6582
f 6411/7009/6526 6442/7063/6580 6460/7073/6590 6410/7010/6527
f 6556/7074/6591 6530/7075/6592 6513/7076/6593 6566/7077/6594
f 6408/7006/6523 6409/7005/6522 6456/7071/6588 6441/7078/6595
f 6441/7078/6595 6456/7071/6588 6443/7008/6525 6462/7007/6524
f 5657/6430/5996 5658/6437/6003 6468/7079/6596 6455/7065/6582
f 6451/7061/6578 6465/7080/6597 6466/7037/6554 6452/7036/6553
f 6455/7065/6582 6468/7079/6596 6467/7081/6598 6454/7066/6583
f 6473/7058/6575 6475/7082/6599 6465/7080/6597 6451/7061/6578
f 6480/7055/6572 6482/7083/6600 6464/7084/6601 6450/7057/6574
f 6454/7066/6583 6467/7081/6598 6463/7085/6602 6445/7054/6571
f 6450/7057/6574 6464/7084/6601 6475/7082/6599 6473/7058/6575
f 6437/7060/6577 6474/7049/6566 6473/7058/6575 6451/7061/6578
f 6777/6824/6341 6422/7040/6557 6472/6827/6344 6782/7039/6556
f 6265/6829/6346 6469/6828/6345 6471/6965/6482 6363/6960/6477
f 6422/7040/6557 6263/6963/6480 6469/6828/6345 6472/6827/6344
f 6445/7054/6571 6463/7085/6602 6482/7083/6600 6480/7055/6572
f 6438/7048/6565 6481/7053/6570 6480/7055/6572 6450/7057/6574
f 6260/6821/6338 6476/6967/6484 6479/7041/6558 6420/6822/6339
f 6364/6964/6481 6263/6963/6480 6476/6967/6484 6478/6966/6483
f 6769/7042/6559 6783/6823/6340 6477/6826/6343 6259/7086/6603
f 6414/7019/6536 6431/7027/6544 6429/7087/6604 6277/7032/6549
f 5640/6298/5864 6373/6958/6475 6394/6951/6468 5638/6287/5853
f 6373/6958/6475 6357/6955/6472 6345/6991/6508 6394/6951/6468
f 6497/7088/6605 6494/7089/6606 6484/6911/6428 6483/6916/6433
f 6498/7090/6607 6485/6908/6425 6484/6911/6428 6494/7089/6606
f 6498/7090/6607 6495/6954/6471 6355/6952/6469 6485/6908/6425
f 6339/6936/6453 6490/6935/6452 6488/6937/6454 6340/6940/6457
f 6486/6949/6466 6314/6900/6417 6321/6931/6448 6487/6948/6465
f 6341/6939/6456 6491/6938/6455 6489/6943/6460 6342/6946/6463
f 6343/6945/6462 6492/6944/6461 6487/6948/6465 6321/6931/6448
f 6350/6942/6459 6351/6947/6464 6492/6944/6461 6489/6943/6460
f 6348/6933/6450 6349/6941/6458 6491/6938/6455 6488/6937/6454
f 5637/6283/5849 6347/6932/6449 6490/6935/6452 5659/6267/5833
f 6344/6909/6426 6485/6908/6425 6355/6952/6469 6486/6949/6466
f 6345/6991/6508 6357/6955/6472 6495/6954/6471 6498/7090/6607
f 6345/6991/6508 6498/7090/6607 6494/7089/6606 6324/6914/6431
f 6323/6915/6432 6324/6914/6431 6494/7089/6606 6497/7088/6605
f 6307/6887/6404 6354/6953/6470 6496/6957/6474 6353/6889/6406
f 6355/6952/6469 6495/6954/6471 6496/6957/6474 6354/6953/6470
f 6296/6868/6385 6293/6867/6384 6493/6890/6407 6353/6889/6406
f 5663/6449/6015 5660/6450/6016 6386/6986/6503 6504/6985/6502
f 6505/6990/6507 6507/7091/6608 6501/7092/6609 6499/6982/6499
f 6511/7093/6610 6508/7094/6611 6503/7095/6612 6510/7096/6613
f 6508/7094/6611 5664/6458/6024 5662/6457/6023 6503/7095/6612
f 6386/6986/6503 5660/6450/6016 5661/6460/6026 6502/7097/6614
f 6300/6879/6396 6499/6982/6499 6379/6978/6495 6303/6881/6398
f 6499/6982/6499 6501/7092/6609 6383/6979/6496 6379/6978/6495
f 6502/7097/6614 5661/6460/6026 5664/6458/6024 6508/7094/6611
f 6509/7098/6615 6502/7097/6614 6508/7094/6611 6511/7093/6610
f 6387/6989/6506 6500/7099/6616 6507/7091/6608 6505/6990/6507
f 5650/6335/5901 5663/6449/6015 6504/6985/6502 6374/6984/6501
f 6389/6981/6498 6506/6988/6505 6505/6990/6507 6499/6982/6499
f 6374/6984/6501 6504/6985/6502 6506/6988/6505 6389/6981/6498
f 6503/7095/6612 5662/6457/6023 5652/6325/5891 6369/6983/6500
f 6510/7096/6613 6503/7095/6612 6369/6983/6500 6384/6980/6497
f 6501/7092/6609 6510/7096/6613 6384/6980/6497 6383/6979/6496
f 6500/7099/6616 6509/7098/6615 6511/7093/6610 6507/7091/6608
f 6507/7091/6608 6511/7093/6610 6510/7096/6613 6501/7092/6609
f 6509/7098/6615 6500/7099/6616 6387/6989/6506 6388/6987/6504
f 6388/6987/6504 6386/6986/6503 6502/7097/6614 6509/7098/6615
f 6310/7072/6589 6513/7100/6593 6514/7101/6617 6413/7013/6530
f 6458/7014/6531 6515/7102/6618 6516/7103/6619 6460/7073/6590
f 6308/7015/6532 6448/7017/6534 6562/7051/6568 6561/6891/6408
f 6413/7013/6530 6514/7101/6617 6515/7102/6618 6458/7014/6531
f 6460/7073/6590 6516/7103/6619 4682/7104/4771 6410/7010/6527
f 6530/7075/6592 6531/7105/6620 6514/7106/6617 6513/7076/6593
f 6424/7038/6555 6268/6962/6479 6270/6845/6362 6425/6844/6361
f 6528/7107/6621 6529/7108/6622 6512/7109/6623 6522/7110/6624
f 6527/7111/6625 6536/7112/6626 6535/7113/6627 6517/7114/6628
f 6526/7115/6629 6527/7111/6625 6517/7114/6628 6518/7116/6630
f 6518/7116/6630 6519/7117/6631 6525/7118/6632 6526/7115/6629
f 6520/7119/6633 6521/7120/6634 6523/7121/6635 6568/7122/6636
f 6532/7123/6637 6534/7124/6638 6533/7125/6639 6515/7126/6618
f 6534/7124/6638 6523/7121/6635 6521/7120/6634 6533/7125/6639
f 6536/7112/6626 6528/7107/6621 6522/7110/6624 6535/7113/6627
f 6528/7107/6621 6536/7112/6626 6537/7127/6640 6538/7128/6641
f 6531/7105/6620 6532/7123/6637 6515/7126/6618 6514/7106/6617
f 6537/7127/6640 6536/7112/6626 6527/7111/6625 6539/7129/6642
f 6539/7129/6642 6527/7111/6625 6526/7115/6629 6540/7130/6643
f 6540/7130/6643 6526/7115/6629 6525/7118/6632 6541/7131/6644
f 6542/7132/6645 6541/7131/6644 6525/7118/6632 6568/7122/6636
f 6534/7124/6638 6544/7133/6646 6543/7134/6647 6523/7121/6635
f 6544/7133/6646 6534/7124/6638 6532/7123/6637 6545/7135/6648
f 6545/7135/6648 6532/7123/6637 6531/7105/6620 6546/7136/6649
f 6546/7136/6649 6531/7105/6620 6530/7075/6592 6547/7137/6650
f 6548/7138/6651 6538/7128/6641 6537/7127/6640 6549/7139/6652
f 6549/7139/6652 6537/7127/6640 6539/7129/6642 6550/7140/6653
f 6550/7140/6653 6539/7129/6642 6540/7130/6643 6551/7141/6654
f 6551/7141/6654 6540/7130/6643 6541/7131/6644 6552/7142/6655
f 6552/7142/6655 6541/7131/6644 6542/7132/6645 6553/7143/6656
f 6553/7143/6656 6542/7132/6645 6543/7134/6647 6554/7144/6657
f 6554/7144/6657 6543/7134/6647 6544/7133/6646 6524/7145/6658
f 6544/7133/6646 6545/7135/6648 6570/7146/6659 6524/7145/6658
f 6555/7147/6660 6556/7074/6591 6529/7108/6622 6569/7148/6661
f 6806/7149/6662 6594/7150/6663 6811/7151/6664
f 6781/6864/6381 6278/6863/6380 6563/7152/6665 6784/7030/6547
f 6292/6961/6478 6363/6960/6477 6437/7060/6577 6446/7046/6563
f 6310/7072/6589 6308/7015/6532 6561/6891/6408 6565/6894/6411
f 6290/7033/6550 6277/7032/6549 6559/6846/6363 6564/6865/6382
f 6277/7032/6549 6429/7087/6604 6560/6843/6360 6559/6846/6363
f 6290/7033/6550 6564/6865/6382 6562/7051/6568 6448/7017/6534
f 6363/6960/6477 6471/6965/6482 6474/7049/6566 6437/7060/6577
f 6699/7153/6666 6697/7154/6667 6633/7155/6668 6731/7156/6669
f 6309/6893/6410 6512/7157/6623 6566/7158/6594 6565/6894/6411
f 6529/7108/6622 6556/7074/6591 6566/7077/6594 6512/7109/6623
f 6720/7159/6670 6727/7160/6671 6715/7161/6672 6557/7162/6673
f 6523/7121/6635 6543/7134/6647 6542/7132/6645 6568/7122/6636
f 6525/7118/6632 6519/7117/6631 6520/7119/6633 6568/7122/6636
f 6555/7147/6660 6567/7163/6674 6556/7074/6591
f 6538/7128/6641 6569/7148/6661 6529/7108/6622 6528/7107/6621
f 6545/7135/6648 6546/7136/6649 6572/7164/6675 6570/7146/6659
f 6572/7164/6675 6546/7136/6649 6547/7137/6650 6571/7165/6676
f 6804/7166/6677 6591/7167/6678 6590/7168/6679 6805/7169/6680
f 6573/7170/6681 6567/7163/6674 6555/7147/6660 6574/7171/6682
f 6548/7138/6651 6575/7172/6683 6569/7148/6661 6538/7128/6641
f 6575/7172/6683 6574/7171/6682 6555/7147/6660 6569/7148/6661
f 6549/7139/6652 6578/7173/6684 6577/7174/6685 6548/7138/6651
f 6553/7143/6656 6582/7175/6686 6581/7176/6687 6552/7142/6655
f 6807/7177/6688 6596/7178/6689 6598/7179/6690 6802/7180/6691
f 6550/7140/6653 6579/7181/6692 6578/7173/6684 6549/7139/6652
f 6570/7146/6659 6584/7182/6693 6576/7183/6694 6524/7145/6658
f 6554/7144/6657 6583/7184/6695 6582/7175/6686 6553/7143/6656
f 6574/7171/6682 6587/7185/6696 6586/7186/6697 6573/7170/6681
f 6524/7145/6658 6576/7183/6694 6583/7184/6695 6554/7144/6657
f 6551/7141/6654 6580/7187/6698 6579/7181/6692 6550/7140/6653
f 6548/7138/6651 6577/7174/6685 6588/7188/6699 6575/7172/6683
f 6803/7189/6700 6592/7190/6701 6591/7167/6678 6804/7166/6677
f 6552/7142/6655 6581/7176/6687 6580/7187/6698 6551/7141/6654
f 6572/7164/6675 6585/7191/6702 6584/7182/6693 6570/7146/6659
f 6575/7172/6683 6588/7188/6699 6587/7185/6696 6574/7171/6682
f 6805/7169/6680 6590/7168/6679 6594/7150/6663 6806/7149/6662
f 6593/7192/6703 6590/7168/6679 6591/7167/6678 6592/7190/6701
f 6594/7150/6663 6590/7168/6679 6593/7192/6703 6595/7193/6704
f 6594/7150/6663 6595/7193/6704 6596/7178/6689
f 6598/7179/6690 6596/7178/6689 6595/7193/6704 6597/7194/6705
f 6811/7151/6664 6594/7150/6663 6596/7178/6689 6807/7177/6688
f 6809/7195/6706 6595/7193/6704 6593/7192/6703 6808/7196/6707
f 6802/7180/6691 6598/7179/6690 6597/7194/6705 6810/7197/6708
f 6808/7196/6707 6593/7192/6703 6592/7190/6701 6803/7189/6700
f 6810/7197/6708 6597/7194/6705 6595/7193/6704 6809/7195/6706
f 4682/7198/4771 6516/7199/6619 6600/7200/6709 6599/7201/4793
f 6600/7200/6709 6516/7199/6619 6515/7126/6618 6533/7125/6639
f 6521/7120/6634 6601/7202/6710 6600/7200/6709 6533/7125/6639
f 6599/7201/4793 6600/7200/6709 6601/7202/6710 4677/7203/4786
f 6518/7116/6630 6603/7204/6711 6604/7205/6712 6519/7117/6631
f 6517/7114/6628 6602/7206/6713 6603/7204/6711 6518/7116/6630
f 6535/7113/6627 6607/7207/6714 6602/7206/6713 6517/7114/6628
f 6521/7120/6634 6606/7208/6715 6608/7209/6716 6601/7202/6710
f 6520/7119/6633 6605/7210/6717 6606/7208/6715 6521/7120/6634
f 6519/7117/6631 6604/7205/6712 6605/7210/6717 6520/7119/6633
f 6601/7202/6710 6608/7209/6716 4678/7211/4783 4677/7203/4786
f 6668/7212/6718 6614/7213/6719 6609/7214/6720 6669/7215/6721
f 6670/7216/6722 6610/7217/6723 6611/7218/6724 6671/7219/6725
f 6669/7215/6721 6609/7214/6720 6610/7217/6723 6670/7216/6722
f 6672/7220/6726 6613/7221/6727 6615/7222/6728 6673/7223/6729
f 6674/7224/6730 6612/7225/6731 6613/7221/6727 6672/7220/6726
f 6671/7219/6725 6611/7218/6724 6612/7225/6731 6674/7224/6730
f 6673/7223/6729 6615/7222/6728 6616/7226/6732 6675/7227/4795
f 6609/7214/6720 6617/7228/6733 6618/7229/6734 6610/7217/6723
f 6613/7221/6727 6621/7230/6735 6623/7231/6736 6615/7222/6728
f 6612/7225/6731 6620/7232/6737 6621/7230/6735 6613/7221/6727
f 6611/7218/6724 6619/7233/6738 6620/7232/6737 6612/7225/6731
f 6615/7222/6728 6623/7231/6736 6624/7234/6739 6616/7226/6732
f 6614/7213/6719 6622/7235/6740 6617/7228/6733 6609/7214/6720
f 6610/7217/6723 6618/7229/6734 6619/7233/6738 6611/7218/6724
f 6641/7236/6741 6629/7237/6742 6631/7238/6743 6642/7239/6744
f 6643/7240/6745 6628/7241/6746 6629/7237/6742 6641/7236/6741
f 6644/7242/6747 6627/7243/6748 6628/7241/6746 6643/7240/6745
f 6642/7239/6744 6631/7238/6743 6632/7244/4763 4679/7245/4766
f 6645/7246/6749 6630/7247/6750 6625/7248/6751 6646/7249/6752
f 6647/7250/6753 6626/7251/6754 6627/7243/6748 6644/7242/6747
f 6646/7249/6752 6625/7248/6751 6626/7251/6754 6647/7250/6753
f 6628/7241/6746 5668/7252/6168 5669/7253/6167 6629/7237/6742
f 6627/7243/6748 5667/7254/6169 5668/7252/6168 6628/7241/6746
f 6631/7238/6743 5671/7255/6170 3694/7256/3823 6632/7244/4763
f 6630/7247/6750 5670/7257/6172 5665/7258/6171 6625/7248/6751
f 6626/7251/6754 5666/7259/6173 5667/7254/6169 6627/7243/6748
f 6625/7248/6751 5665/7258/6171 5666/7259/6173 6626/7251/6754
f 6629/7237/6742 5669/7253/6167 5671/7255/6170 6631/7238/6743
f 6717/7260/6755 6718/7261/6756 6535/7113/6627 6522/7110/6624
f 6721/7262/6757 6639/7263/6758 5674/7264/6178 5678/7265/6177
f 6661/7266/6759 5677/7267/6181 5674/7264/6178 6639/7263/6758
f 6659/7268/6760 5676/7269/6185 5672/7270/6184 6635/7271/6761
f 6656/7272/6762 5675/6638/6187 5676/6637/6185 6659/7273/6760
f 6475/7082/6599 6464/7084/6601 6676/7274/6763 6688/7275/6764
f 6617/7228/6733 6646/7249/6752 6647/7250/6753 6618/7229/6734
f 6618/7229/6734 6647/7250/6753 6644/7242/6747 6619/7233/6738
f 6622/7235/6740 6645/7246/6749 6646/7249/6752 6617/7228/6733
f 6623/7231/6736 6642/7239/6744 4679/7245/4766 6624/7234/6739
f 6619/7233/6738 6644/7242/6747 6643/7240/6745 6620/7232/6737
f 6620/7232/6737 6643/7240/6745 6641/7236/6741 6621/7230/6735
f 6621/7230/6735 6641/7236/6741 6642/7239/6744 6623/7231/6736
f 5670/7257/6172 6630/7247/6750 6649/7276/6765 5673/7277/6190
f 6630/7247/6750 6645/7246/6749 6650/7278/6766 6649/7276/6765
f 6645/7246/6749 6622/7235/6740 6648/7279/6767 6650/7278/6766
f 6465/7080/6597 6475/7082/6599 6688/7275/6764 6700/7280/6768
f 6722/7281/6769 6638/7282/6770 6651/7283/6771 6723/7284/6772
f 6723/7284/6772 6651/7283/6771 6653/7285/6773 6724/7286/6774
f 6724/7286/6774 6653/7285/6773 6639/7263/6758 6721/7262/6757
f 6661/7266/6759 6662/7287/6775 6634/7288/6776 6635/7271/6761
f 6662/7287/6775 6663/7289/6777 6652/7290/6778 6634/7288/6776
f 6663/7289/6777 6664/7291/6779 6636/7292/6780 6652/7290/6778
f 6468/7079/6596 5658/6437/6003 5675/6638/6187 6656/7272/6762
f 6464/7084/6601 6482/7083/6600 6657/7293/6781 6676/7274/6763
f 6463/7085/6602 6467/7081/6598 6655/7294/6782 6654/7295/6783
f 6654/7295/6783 6640/7296/6784 6660/7297/6785 6657/7293/6781
f 6655/7294/6782 6658/7298/6786 6640/7296/6784 6654/7295/6783
f 6656/7272/6762 6659/7273/6760 6658/7298/6786 6655/7294/6782
f 6659/7268/6760 6635/7271/6761 6634/7288/6776 6658/7299/6786
f 6640/7300/6784 6658/7299/6786 6634/7288/6776 6652/7290/6778
f 6640/7300/6784 6652/7290/6778 6636/7292/6780 6660/7301/6785
f 6718/7261/6756 6719/7302/6787 6607/7207/6714 6535/7113/6627
f 6695/7303/6788 6607/7207/6714 6719/7302/6787 6557/7162/6673
f 6467/7081/6598 6468/7079/6596 6656/7272/6762 6655/7294/6782
f 6512/7157/6623 6309/6893/6410 6466/7037/6554 6716/7304/6789
f 6679/7305/6790 6668/7212/6718 6680/7306/6791 6693/7307/6792
f 6622/7235/6740 6614/7213/6719 6637/7308/6793 6648/7279/6767
f 6482/7083/6600 6463/7085/6602 6654/7295/6783 6657/7293/6781
f 6651/7283/6771 6638/7282/6770 6664/7291/6779 6663/7289/6777
f 6653/7285/6773 6651/7283/6771 6663/7289/6777 6662/7287/6775
f 6639/7263/6758 6653/7285/6773 6662/7287/6775 6661/7266/6759
f 6635/7271/6761 5672/7270/6184 5677/7267/6181 6661/7266/6759
f 6667/7309/6794 6666/7310/6795 6636/7292/6780 6664/7291/6779
f 6690/7311/6796 6691/7312/6797 6666/7310/6795 6667/7309/6794
f 6693/7307/6792 6680/7306/6791 6696/7313/6798 6715/7161/6672
f 6686/7314/6799 6673/7223/6729 6675/7227/4795 6687/7315/4789
f 6685/7316/6800 6671/7219/6725 6674/7224/6730 6683/7317/6801
f 6683/7317/6801 6674/7224/6730 6672/7220/6726 6682/7318/6802
f 6682/7318/6802 6672/7220/6726 6673/7223/6729 6686/7314/6799
f 6684/7319/6803 6669/7215/6721 6670/7216/6722 6681/7320/6804
f 6681/7320/6804 6670/7216/6722 6671/7219/6725 6685/7316/6800
f 6680/7306/6791 6668/7212/6718 6669/7215/6721 6684/7319/6803
f 6676/7274/6763 6657/7293/6781 6660/7297/6785 6677/7321/6805
f 6660/7301/6785 6636/7292/6780 6666/7310/6795 6677/7322/6805
f 6664/7291/6779 6638/7282/6770 6678/7323/6806 6667/7309/6794
f 6725/7324/6807 6722/7281/6769 6637/7308/6793 6679/7305/6790
f 6696/7313/6798 6680/7306/6791 6684/7319/6803 6707/7325/6808
f 6694/7326/6809 6681/7320/6804 6685/7316/6800 6709/7327/6810
f 6707/7325/6808 6684/7319/6803 6681/7320/6804 6694/7326/6809
f 6702/7328/6811 6682/7318/6802 6686/7314/6799 6711/7329/6812
f 6704/7330/6813 6683/7317/6801 6682/7318/6802 6702/7328/6811
f 6709/7327/6810 6685/7316/6800 6683/7317/6801 6704/7330/6813
f 6711/7329/6812 6686/7314/6799 6687/7315/4789 6713/7331/4792
f 6557/7162/6673 6715/7161/6672 6696/7313/6798 6695/7303/6788
f 6688/7275/6764 6676/7274/6763 6677/7321/6805 6689/7332/6814
f 6698/7068/6585 6697/7154/6667 6691/7312/6797 6690/7311/6796
f 6677/7322/6805 6666/7310/6795 6691/7312/6797 6689/7333/6814
f 6667/7309/6794 6678/7323/6806 6692/7334/6815 6690/7311/6796
f 6726/7335/6816 6725/7324/6807 6679/7305/6790 6693/7307/6792
f 6608/7209/6716 6710/7336/6817 6712/7337/4787 4678/7211/4783
f 6522/7110/6624 6512/7109/6623 6716/7338/6789 6717/7260/6755
f 6637/7308/6793 6614/7213/6719 6668/7212/6718 6679/7305/6790
f 6689/7333/6814 6691/7312/6797 6697/7154/6667 6699/7153/6666
f 6665/7067/6584 6633/7155/6668 6697/7154/6667 6698/7068/6585
f 6700/7280/6768 6688/7275/6764 6689/7332/6814 6699/7339/6666
f 6710/7336/6817 6711/7329/6812 6713/7331/4792 6712/7337/4787
f 6604/7205/6712 6708/7340/6818 6705/7341/6819 6605/7210/6717
f 6708/7340/6818 6709/7327/6810 6704/7330/6813 6705/7341/6819
f 6605/7210/6717 6705/7341/6819 6703/7342/6820 6606/7208/6715
f 6705/7341/6819 6704/7330/6813 6702/7328/6811 6703/7342/6820
f 6606/7208/6715 6703/7342/6820 6710/7336/6817 6608/7209/6716
f 6703/7342/6820 6702/7328/6811 6711/7329/6812 6710/7336/6817
f 6602/7206/6713 6706/7343/6821 6701/7344/6822 6603/7204/6711
f 6706/7343/6821 6707/7325/6808 6694/7326/6809 6701/7344/6822
f 6603/7204/6711 6701/7344/6822 6708/7340/6818 6604/7205/6712
f 6701/7344/6822 6694/7326/6809 6709/7327/6810 6708/7340/6818
f 6607/7207/6714 6695/7303/6788 6706/7343/6821 6602/7206/6713
f 6695/7303/6788 6696/7313/6798 6707/7325/6808 6706/7343/6821
f 6690/7311/6796 6692/7334/6815 6714/7069/6586 6698/7068/6585
f 6727/7160/6671 6726/7335/6816 6693/7307/6792 6715/7161/6672
f 6565/6894/6411 6566/7158/6594 6513/7100/6593 6310/7072/6589
f 6731/7156/6669 6633/7155/6668 6717/7260/6755 6716/7338/6789
f 6665/7067/6584 6718/7261/6756 6717/7260/6755 6633/7155/6668
f 6665/7067/6584 6558/7070/6587 6719/7302/6787 6718/7261/6756
f 6714/7069/6586 6692/7334/6815 6726/7335/6816 6727/7160/6671
f 6692/7334/6815 6678/7323/6806 6725/7324/6807 6726/7335/6816
f 6678/7323/6806 6638/7282/6770 6722/7281/6769 6725/7324/6807
f 6650/7278/6766 6724/7286/6774 6721/7262/6757 6649/7276/6765
f 6648/7279/6767 6723/7284/6772 6724/7286/6774 6650/7278/6766
f 6637/7308/6793 6722/7281/6769 6723/7284/6772 6648/7279/6767
f 6649/7276/6765 6721/7262/6757 5678/7265/6177 5673/7277/6190
f 6558/7070/6587 6714/7069/6586 6727/7160/6671 6720/7159/6670
f 6720/7159/6670 6557/7162/6673 6719/7302/6787 6558/7070/6587
f 6410/7010/6527 4682/7104/4771 4684/7345/4774 6462/7007/6524
f 6441/7078/6595 4683/7346/4780 4681/7347/4767 6408/7006/6523
f 6406/7003/6520 4680/7348/4776 6729/7349/4781 6405/7002/6519
f 6405/7002/6519 6729/7349/4781 6728/7350/4777 6404/7001/6518
f 6462/7007/6524 4684/7345/4774 4683/7346/4780 6441/7078/6595
f 6408/7006/6523 4681/7347/4767 6730/7351/4770 6407/7004/6521
f 6407/7004/6521 6730/7351/4770 4680/7348/4776 6406/7003/6520
f 6404/7001/6518 6728/7350/4777 3695/6717/3801 5655/6355/5921
f 6675/7227/4795 6616/7226/6732 6624/7234/6739 4679/7245/4766
f 6700/7280/6768 6732/7352/6823 6466/7037/6554 6465/7080/6597
f 6732/7352/6823 6700/7280/6768 6699/7339/6666 6731/7353/6669
f 6732/7352/6823 6731/7353/6669 6716/7304/6789 6466/7037/6554
f 6578/7173/6684 6579/7181/6692 6733/7354/6824 6577/7174/6685
f 6577/7174/6685 6733/7354/6824 6587/7185/6696 6588/7188/6699
f 6579/7181/6692 6580/7187/6698 6734/7355/6825 6733/7354/6824
f 6733/7354/6824 6734/7355/6825 6586/7186/6697 6587/7185/6696
f 6580/7187/6698 6581/7176/6687 6735/7356/6826 6734/7355/6825
f 6734/7355/6825 6735/7356/6826 6589/7357/6827 6586/7186/6697
f 6581/7176/6687 6582/7175/6686 6736/7358/6828 6735/7356/6826
f 6735/7356/6826 6736/7358/6828 6585/7191/6702 6589/7357/6827
f 6582/7175/6686 6583/7184/6695 6576/7183/6694 6736/7358/6828
f 6736/7358/6828 6576/7183/6694 6584/7182/6693 6585/7191/6702
f 5680/6725/6255 6750/7359/6829 6737/7360/6830 5679/6726/6256
f 6750/7359/6829 6392/6912/6429 6323/6915/6432 6749/7361/6831
f 6749/7361/6831 6748/7362/6832 6739/7363/6833 6738/7364/6834
f 6748/7362/6832 6497/7088/6605 6483/6916/6433 6756/7365/6835
f 6756/7365/6835 6757/7366/6836 6741/7367/6837 6740/7368/6838
f 6757/7366/6836 6325/6917/6434 6328/6919/6436 6747/7369/6839
f 6747/7369/6839 6758/7370/6840 6755/7371/6841 6742/7372/6842
f 6328/6919/6436 6329/6921/6438 6758/7370/6840 6747/7369/6839
f 6751/7373/6843 6753/7374/6844 6335/6927/6444 6337/6929/6446
f 6743/7375/6845 6744/7376/6846 6753/7374/6844 6751/7373/6843
f 6752/7377/6847 6754/7378/6848 6331/6923/6440 6333/6925/6442
f 6753/7374/6844 6744/7376/6846 6745/7379/6849 6752/7377/6847
f 6739/7363/6833 6748/7362/6832 6756/7365/6835 6740/7368/6838
f 5681/6748/6278 6845/6749/6279 6743/7375/6845 6751/7373/6843
f 6741/7367/6837 6757/7366/6836 6747/7369/6839 6742/7372/6842
f 5634/6260/5826 5681/6748/6278 6751/7373/6843 6337/6929/6446
f 6335/6927/6444 6753/7374/6844 6752/7377/6847 6333/6925/6442
f 6323/6915/6432 6497/7088/6605 6748/7362/6832 6749/7361/6831
f 6483/6916/6433 6325/6917/6434 6757/7366/6836 6756/7365/6835
f 6745/7379/6849 6746/7380/6850 6754/7378/6848 6752/7377/6847
f 6737/7360/6830 6750/7359/6829 6749/7361/6831 6738/7364/6834
f 5632/6343/5909 6392/6912/6429 6750/7359/6829 5680/6725/6255
f 6299/6877/6394 6762/7381/6851 6761/6872/6389 6298/6878/6395
f 6295/6869/6386 5641/6313/5879 5642/6334/5900 6297/6875/6392
f 6380/6883/6400 6767/6874/6391 6764/6873/6390 6302/6882/6399
f 6306/6888/6405 6766/7382/6852 6765/7383/6853 6304/6886/6403
f 6293/6867/6384 6759/7384/6854 6768/7385/6855 6493/6890/6407
f 6493/6890/6407 6768/7385/6855 6766/7382/6852 6306/6888/6405
f 6301/6880/6397 6763/7386/6856 6762/7381/6851 6299/6877/6394
f 6294/6870/6387 6760/6871/6388 6759/7384/6854 6293/6867/6384
f 6302/6882/6399 6764/6873/6390 6763/7386/6856 6301/6880/6397
f 6304/6886/6403 6765/7383/6853 6767/6874/6391 6380/6883/6400
f 6761/6872/6389 6762/7381/6851 6763/7386/6856 6764/6873/6390
f 6759/7384/6854 6760/6871/6388 6767/6874/6391 6765/7383/6853
f 6768/7385/6855 6759/7384/6854 6765/7383/6853 6766/7382/6852
f 6298/6878/6395 6761/6872/6389 6760/6871/6388 6294/6870/6387
f 6429/7087/6604 6781/6864/6381 6784/7030/6547 6560/6843/6360
f 6420/6822/6339 6479/7041/6558 6783/6823/6340 6769/7042/6559
f 6264/6825/6342 6777/6824/6341 6782/7039/6556 6470/7387/6857
f 6267/6833/6350 6778/6832/6349 6771/7031/6548 6269/7388/6858
f 6262/7389/6859 6776/7035/6552 6769/7042/6559 6259/7086/6603
f 6470/7387/6857 6782/7039/6556 6770/6831/6348 6266/6834/6351
f 6262/7389/6859 6271/7390/6860 6779/7028/6545 6776/7035/6552
f 6358/7391/6861 6273/7392/6862 6780/7034/6551 6773/7029/6546
f 6273/7392/6862 6275/7025/6542 6772/7024/6541 6780/7034/6551
f 6563/7152/6665 6269/7388/6858 6771/7031/6548 6784/7030/6547
f 6271/7390/6860 6358/7391/6861 6773/7029/6546 6779/7028/6545
f 6428/6841/6358 6772/7024/6541 6775/7022/6539 6432/7026/6543
f 6432/7026/6543 6775/7022/6539 6774/6861/6378 6431/7027/6544
f 6431/7027/6544 6774/6861/6378 6781/6864/6381 6429/7087/6604
f 6423/6830/6347 6424/7038/6555 6778/6832/6349 6770/6831/6348
f 6479/7041/6558 6422/7040/6557 6777/6824/6341 6783/6823/6340
f 6329/6921/6438 6331/6923/6440 6754/7378/6848 6758/7370/6840
f 6754/7378/6848 6746/7380/6850 6755/7371/6841 6758/7370/6840
f 6269/7388/6858 6790/7393/6863 6789/7394/6864 6267/6833/6350
f 6470/7387/6857 6798/7395/6865 6787/7396/6866 6264/6825/6342
f 6278/6863/6380 6794/7397/6867 6800/7398/6868 6563/7152/6665
f 6273/7392/6862 6792/7399/6869 6793/7400/6870 6275/7025/6542
f 6477/6826/6343 6799/7401/6871 6785/7402/6872 6259/7086/6603
f 6262/7389/6859 6786/7403/6873 6791/7404/6874 6271/7390/6860
f 6275/7025/6542 6793/7400/6870 6797/7405/6875 6418/7023/6540
f 6267/6833/6350 6789/7394/6864 6788/7406/6876 6266/6834/6351
f 6415/6862/6379 6796/7407/6877 6794/7397/6867 6278/6863/6380
f 6266/6834/6351 6788/7406/6876 6798/7395/6865 6470/7387/6857
f 6563/7152/6665 6800/7398/6868 6790/7393/6863 6269/7388/6858
f 6271/7390/6860 6791/7404/6874 6795/7408/6878 6358/7391/6861
f 6264/6825/6342 6787/7396/6866 6799/7401/6871 6477/6826/6343
f 6418/7023/6540 6797/7405/6875 6796/7407/6877 6415/6862/6379
f 6259/7086/6603 6785/7402/6872 6786/7403/6873 6262/7389/6859
f 6358/7391/6861 6795/7408/6878 6792/7399/6869 6273/7392/6862
f 6787/7396/6866 6801/7409/6879 6799/7401/6871
f 6796/7407/6877 6801/7409/6879 6794/7397/6867
f 6798/7395/6865 6801/7409/6879 6787/7396/6866
f 6788/7406/6876 6801/7409/6879 6798/7395/6865
f 6786/7403/6873 6801/7409/6879 6791/7404/6874
f 6799/7401/6871 6801/7409/6879 6785/7402/6872
f 6795/7408/6878 6801/7409/6879 6792/7399/6869
f 6794/7397/6867 6801/7409/6879 6800/7398/6868
f 6792/7399/6869 6801/7409/6879 6793/7400/6870
f 6790/7393/6863 6801/7409/6879 6789/7394/6864
f 6791/7404/6874 6801/7409/6879 6795/7408/6878
f 6785/7402/6872 6801/7409/6879 6786/7403/6873
f 6800/7398/6868 6801/7409/6879 6790/7393/6863
f 6797/7405/6875 6801/7409/6879 6796/7407/6877
f 6789/7394/6864 6801/7409/6879 6788/7406/6876
f 6793/7400/6870 6801/7409/6879 6797/7405/6875
f 6586/7186/6697 6810/7197/6708 6809/7195/6706 6573/7170/6681
f 6567/7163/6674 6808/7196/6707 6803/7189/6700 6556/7074/6591
f 6589/7357/6827 6802/7180/6691 6810/7197/6708 6586/7186/6697
f 6573/7170/6681 6809/7195/6706 6808/7196/6707 6567/7163/6674
f 6572/7164/6675 6811/7151/6664 6807/7177/6688 6585/7191/6702
f 6547/7137/6650 6805/7169/6680 6571/7165/6676
f 6556/7074/6591 6803/7189/6700 6804/7166/6677 6530/7075/6592
f 6585/7191/6702 6807/7177/6688 6802/7180/6691 6589/7357/6827
f 6530/7075/6592 6804/7166/6677 6805/7169/6680 6547/7137/6650
f 6571/7165/6676 6806/7149/6662 6811/7151/6664 6572/7164/6675
f 6805/7169/6680 6806/7149/6662 6571/7165/6676
f 6823/7410/6880 6812/7411/6881 6233/6782/6312 6248/6781/6311
f 6824/7412/6882 6813/7413/6883 6812/7411/6881 6823/7410/6880
f 6825/7414/6884 6817/7415/6885 6816/7416/6886 6826/7417/6887
f 6827/7418/6888 6820/7419/6889 6821/7420/6890 6828/7421/6891
f 6826/7417/6887 6816/7416/6886 6815/7422/6892 6829/7423/6893
f 6830/7424/6894 6819/7425/6895 6820/7419/6889 6827/7418/6888
f 6828/7421/6891 6821/7420/6890 6822/7426/6896 6831/7427/6897
f 6829/7423/6893 6815/7422/6892 6814/7428/6898 6832/7429/6899
f 6831/7427/6897 6822/7426/6896 6817/7415/6885 6825/7414/6884
f 6246/6802/6332 6234/6805/6335 6818/7430/6900 6833/7431/6901
f 6832/7429/6899 6814/7428/6898 6813/7413/6883 6824/7412/6882
f 6833/7431/6901 6818/7430/6900 6819/7425/6895 6830/7424/6894
f 6812/7411/6881 6234/6805/6335 6233/6782/6312
f 6813/7413/6883 6818/7430/6900 6234/6805/6335 6812/7411/6881
f 6814/7428/6898 6818/7430/6900 6813/7413/6883
f 6814/7428/6898 6815/7422/6892 6819/7425/6895 6818/7430/6900
f 6816/7416/6886 6820/7419/6889 6819/7425/6895 6815/7422/6892
f 6816/7416/6886 6817/7415/6885 6821/7420/6890 6820/7419/6889
f 6822/7426/6896 6821/7420/6890 6817/7415/6885
f 6743/7432/6845 6833/7431/6901 6830/7424/6894 6744/7433/6846
f 6739/7434/6833 6832/7429/6899 6824/7412/6882 6738/7435/6834
f 6845/6810/6279 6246/6802/6332 6833/7431/6901 6743/7432/6845
f 6755/7436/6841 6831/7427/6897 6825/7414/6884 6742/7437/6842
f 6740/7438/6838 6829/7423/6893 6832/7429/6899 6739/7434/6833
f 6746/7439/6850 6828/7421/6891 6831/7427/6897 6755/7436/6841
f 6744/7433/6846 6830/7424/6894 6827/7418/6888 6745/7440/6849
f 6741/7441/6837 6826/7417/6887 6829/7423/6893 6740/7438/6838
f 6745/7440/6849 6827/7418/6888 6828/7421/6891 6746/7439/6850
f 6742/7437/6842 6825/7414/6884 6826/7417/6887 6741/7441/6837
f 6738/7435/6834 6824/7412/6882 6823/7410/6880 6737/7442/6830
f 6737/7442/6830 6823/7410/6880 6248/6781/6311 5679/6818/6256
f 2797/7443/2580 6839/5758/2583 5197/5757/5421 2428/5763/2587
f 4239/4596/4461 1142/4599/1014 6844/7444/1013 3833/4600/1018
o Eyes
v -0.034603 1.700569 -0.080429
v -0.035606 1.702990 -0.079826
v -0.037431 1.707397 -0.077415
v -0.039075 1.711365 -0.071694
v -0.039414 1.712184 -0.068889
v -0.039414 1.712184 -0.063025
v -0.038515 1.710013 -0.057682
v -0.036943 1.706217 -0.053601
v -0.034888 1.701257 -0.051493
v -0.035304 1.700100 -0.080429
v -0.037157 1.701953 -0.079826
v -0.038484 1.703280 -0.079054
v -0.040530 1.705326 -0.077415
v -0.042565 1.707361 -0.074216
v -0.043567 1.708363 -0.071694
v -0.044194 1.708990 -0.068889
v -0.044363 1.709159 -0.065957
v -0.044194 1.708990 -0.063025
v -0.042533 1.707329 -0.057682
v -0.039627 1.704423 -0.053601
v -0.035831 1.700627 -0.051493
v -0.035773 1.699399 -0.080429
v -0.038194 1.700402 -0.079826
v -0.039928 1.701120 -0.079054
v -0.042601 1.702227 -0.077415
v -0.045260 1.703329 -0.074216
v -0.046569 1.703871 -0.071694
v -0.047388 1.704210 -0.068889
v -0.047609 1.704302 -0.065957
v -0.047388 1.704210 -0.063025
v -0.045217 1.703311 -0.057682
v -0.041421 1.701739 -0.053601
v -0.036461 1.699684 -0.051493
v -0.035936 1.698572 -0.080429
v -0.038558 1.698572 -0.079826
v -0.040434 1.698572 -0.079054
v -0.043328 1.698572 -0.077415
v -0.046206 1.698572 -0.074216
v -0.047623 1.698572 -0.071694
v -0.048509 1.698572 -0.068889
v -0.048749 1.698572 -0.065957
v -0.048509 1.698572 -0.063025
v -0.046160 1.698572 -0.057682
v -0.042051 1.698572 -0.053601
v -0.036682 1.698572 -0.051493
v -0.035773 1.697745 -0.080429
v -0.038194 1.696742 -0.079826
v -0.039928 1.696024 -0.079054
v -0.042601 1.694917 -0.077415
v -0.045260 1.693815 -0.074216
v -0.046569 1.693273 -0.071694
v -0.047388 1.692934 -0.068889
v -0.047609 1.692842 -0.065957
v -0.047388 1.692934 -0.063025
v -0.045217 1.693833 -0.057682
v -0.041421 1.695405 -0.053601
v -0.036461 1.697460 -0.051493
v -0.035304 1.697044 -0.080429
v -0.037157 1.695191 -0.079826
v -0.038484 1.693864 -0.079054
v -0.040530 1.691818 -0.077415
v -0.042565 1.689783 -0.074216
v -0.043567 1.688781 -0.071694
v -0.044194 1.688154 -0.068889
v -0.044363 1.687985 -0.065957
v -0.044194 1.688154 -0.063025
v -0.042533 1.689815 -0.057682
v -0.039627 1.692721 -0.053601
v -0.035831 1.696517 -0.051493
v -0.034603 1.696575 -0.080429
v -0.035606 1.694154 -0.079826
v -0.036324 1.692420 -0.079054
v -0.037431 1.689747 -0.077415
v -0.038533 1.687088 -0.074216
v -0.039075 1.685779 -0.071694
v -0.039414 1.684960 -0.068889
v -0.039506 1.684739 -0.065957
v -0.039414 1.684960 -0.063025
v -0.038515 1.687131 -0.057682
v -0.036943 1.690927 -0.053601
v -0.034888 1.695888 -0.051493
v -0.033776 1.696412 -0.080429
v -0.033776 1.693790 -0.079826
v -0.033776 1.691914 -0.079054
v -0.033776 1.689020 -0.077415
v -0.033776 1.686142 -0.074216
v -0.033776 1.684726 -0.071694
v -0.033776 1.683839 -0.068889
v -0.033776 1.683599 -0.065957
v -0.033776 1.683839 -0.063025
v -0.033776 1.686188 -0.057682
v -0.033776 1.690297 -0.053601
v -0.033776 1.695666 -0.051493
v -0.032949 1.696575 -0.080429
v -0.031946 1.694154 -0.079826
v -0.031228 1.692420 -0.079054
v -0.030121 1.689747 -0.077415
v -0.029019 1.687088 -0.074216
v -0.028477 1.685779 -0.071694
v -0.028138 1.684960 -0.068889
v -0.028046 1.684739 -0.065957
v -0.028138 1.684960 -0.063025
v -0.029037 1.687131 -0.057682
v -0.030609 1.690927 -0.053601
v -0.032664 1.695888 -0.051493
v -0.032249 1.697044 -0.080429
v -0.030395 1.695191 -0.079826
v -0.029068 1.693864 -0.079054
v -0.027022 1.691818 -0.077415
v -0.024987 1.689783 -0.074216
v -0.023985 1.688781 -0.071694
v -0.023358 1.688154 -0.068889
v -0.023189 1.687985 -0.065957
v -0.023358 1.688154 -0.063025
v -0.025019 1.689815 -0.057682
v -0.027925 1.692721 -0.053601
v -0.031721 1.696517 -0.051493
v -0.033776 1.698572 -0.051234
v -0.031779 1.697745 -0.080429
v -0.029358 1.696742 -0.079826
v -0.027624 1.696024 -0.079054
v -0.024951 1.694917 -0.077415
v -0.022292 1.693815 -0.074216
v -0.020983 1.693273 -0.071694
v -0.020164 1.692934 -0.068889
v -0.019943 1.692842 -0.065957
v -0.020164 1.692934 -0.063025
v -0.022335 1.693833 -0.057682
v -0.026131 1.695405 -0.053601
v -0.031092 1.697460 -0.051493
v -0.031616 1.698572 -0.080429
v -0.028994 1.698572 -0.079826
v -0.027118 1.698572 -0.079054
v -0.024224 1.698572 -0.077415
v -0.021346 1.698572 -0.074216
v -0.019929 1.698572 -0.071694
v -0.019043 1.698572 -0.068889
v -0.018803 1.698572 -0.065957
v -0.019043 1.698572 -0.063025
v -0.021392 1.698572 -0.057682
v -0.025501 1.698572 -0.053601
v -0.030870 1.698572 -0.051493
v -0.033776 1.698572 -0.080638
v -0.031779 1.699399 -0.080429
v -0.029358 1.700402 -0.079826
v -0.027624 1.701120 -0.079054
v -0.024951 1.702227 -0.077415
v -0.022292 1.703329 -0.074216
v -0.020983 1.703871 -0.071694
v -0.020164 1.704210 -0.068889
v -0.019943 1.704302 -0.065957
v -0.020164 1.704210 -0.063025
v -0.022335 1.703311 -0.057682
v -0.026131 1.701739 -0.053601
v -0.031092 1.699684 -0.051493
v -0.032249 1.700100 -0.080429
v -0.030395 1.701953 -0.079826
v -0.029068 1.703280 -0.079054
v -0.027022 1.705326 -0.077415
v -0.024987 1.707361 -0.074216
v -0.023985 1.708363 -0.071694
v -0.023358 1.708990 -0.068889
v -0.023189 1.709159 -0.065957
v -0.023358 1.708990 -0.063025
v -0.025019 1.707329 -0.057682
v -0.027925 1.704423 -0.053601
v -0.031721 1.700627 -0.051493
v -0.032949 1.700569 -0.080429
v -0.031946 1.702990 -0.079826
v -0.031228 1.704723 -0.079054
v -0.030121 1.707397 -0.077415
v -0.029019 1.710056 -0.074216
v -0.028477 1.711365 -0.071694
v -0.028138 1.712184 -0.068889
v -0.028046 1.712405 -0.065957
v -0.028138 1.712184 -0.063025
v -0.029037 1.710013 -0.057682
v -0.030609 1.706217 -0.053601
v -0.032664 1.701257 -0.051493
v -0.033776 1.700732 -0.080429
v -0.033776 1.703354 -0.079826
v -0.033776 1.705230 -0.079054
v -0.033776 1.708124 -0.077415
v -0.033776 1.711002 -0.074216
v -0.033776 1.712419 -0.071694
v -0.033776 1.713305 -0.068889
v -0.033776 1.713545 -0.065957
v -0.033776 1.713305 -0.063025
v -0.033776 1.710956 -0.057682
v -0.033776 1.706847 -0.053601
v -0.033776 1.701478 -0.051493
v -0.036324 1.704723 -0.079054
v -0.038533 1.710056 -0.074216
v -0.039506 1.712405 -0.065957
v 0.034603 1.700569 -0.080429
v 0.035606 1.702990 -0.079826
v 0.037431 1.707397 -0.077415
v 0.039075 1.711365 -0.071694
v 0.039414 1.712184 -0.068889
v 0.039414 1.712184 -0.063025
v 0.038515 1.710013 -0.057682
v 0.036943 1.706217 -0.053601
v 0.034888 1.701257 -0.051493
v 0.035304 1.700100 -0.080429
v 0.037157 1.701953 -0.079826
v 0.038484 1.703280 -0.079054
v 0.040530 1.705326 -0.077415
v 0.042565 1.707361 -0.074216
v 0.043567 1.708363 -0.071694
v 0.044194 1.708990 -0.068889
v 0.044363 1.709159 -0.065957
v 0.044194 1.708990 -0.063025
v 0.042533 1.707329 -0.057682
v 0.039627 1.704423 -0.053601
v 0.035831 1.700627 -0.051493
v 0.035773 1.699399 -0.080429
v 0.038194 1.700402 -0.079826
v 0.039928 1.701120 -0.079054
v 0.042601 1.702227 -0.077415
v 0.045260 1.703329 -0.074216
v 0.046569 1.703871 -0.071694
v 0.047388 1.704210 -0.068889
v 0.047609 1.704302 -0.065957
v 0.047388 1.704210 -0.063025
v 0.045217 1.703311 -0.057682
v 0.041421 1.701739 -0.053601
v 0.036461 1.699684 -0.051493
v 0.035936 1.698572 -0.080429
v 0.038558 1.698572 -0.079826
v 0.040434 1.698572 -0.079054
v 0.043328 1.698572 -0.077415
v 0.046206 1.698572 -0.074216
v 0.047623 1.698572 -0.071694
v 0.048509 1.698572 -0.068889
v 0.048749 1.698572 -0.065957
v 0.048509 1.698572 -0.063025
v 0.046160 1.698572 -0.057682
v 0.042051 1.698572 -0.053601
v 0.036682 1.698572 -0.051493
v 0.035773 1.697745 -0.080429
v 0.038194 1.696742 -0.079826
v 0.039928 1.696024 -0.079054
v 0.042601 1.694917 -0.077415
v 0.045260 1.693815 -0.074216
v 0.046569 1.693273 -0.071694
v 0.047388 1.692934 -0.068889
v 0.047609 1.692842 -0.065957
v 0.047388 1.692934 -0.063025
v 0.045217 1.693833 -0.057682
v 0.041421 1.695405 -0.053601
v 0.036461 1.697460 -0.051493
v 0.035304 1.697044 -0.080429
v 0.037157 1.695191 -0.079826
v 0.038484 1.693864 -0.079054
v 0.040530 1.691818 -0.077415
v 0.042565 1.689783 -0.074216
v 0.043567 1.688781 -0.071694
v 0.044194 1.688154 -0.068889
v 0.044363 1.687985 -0.065957
v 0.044194 1.688154 -0.063025
v 0.042533 1.689815 -0.057682
v 0.039627 1.692721 -0.053601
v 0.035831 1.696517 -0.051493
v 0.034603 1.696575 -0.080429
v 0.035606 1.694154 -0.079826
v 0.036324 1.692420 -0.079054
v 0.037431 1.689747 -0.077415
v 0.038533 1.687088 -0.074216
v 0.039075 1.685779 -0.071694
v 0.039414 1.684960 -0.068889
v 0.039506 1.684739 -0.065957
v 0.039414 1.684960 -0.063025
v 0.038515 1.687131 -0.057682
v 0.036943 1.690927 -0.053601
v 0.034888 1.695888 -0.051493
v 0.033776 1.696412 -0.080429
v 0.033776 1.693790 -0.079826
v 0.033776 1.691914 -0.079054
v 0.033776 1.689020 -0.077415
v 0.033776 1.686142 -0.074216
v 0.033776 1.684726 -0.071694
v 0.033776 1.683839 -0.068889
v 0.033776 1.683599 -0.065957
v 0.033776 1.683839 -0.063025
v 0.033776 1.686188 -0.057682
v 0.033776 1.690297 -0.053601
v 0.033776 1.695666 -0.051493
v 0.032949 1.696575 -0.080429
v 0.031946 1.694154 -0.079826
v 0.031228 1.692420 -0.079054
v 0.030121 1.689747 -0.077415
v 0.029019 1.687088 -0.074216
v 0.028477 1.685779 -0.071694
v 0.028138 1.684960 -0.068889
v 0.028046 1.684739 -0.065957
v 0.028138 1.684960 -0.063025
v 0.029037 1.687131 -0.057682
v 0.030609 1.690927 -0.053601
v 0.032664 1.695888 -0.051493
v 0.032249 1.697044 -0.080429
v 0.030395 1.695191 -0.079826
v 0.029068 1.693864 -0.079054
v 0.027022 1.691818 -0.077415
v 0.024987 1.689783 -0.074216
v 0.023985 1.688781 -0.071694
v 0.023358 1.688154 -0.068889
v 0.023189 1.687985 -0.065957
v 0.023358 1.688154 -0.063025
v 0.025019 1.689815 -0.057682
v 0.027925 1.692721 -0.053601
v 0.031721 1.696517 -0.051493
v 0.033776 1.698572 -0.051234
v 0.031779 1.697745 -0.080429
v 0.029358 1.696742 -0.079826
v 0.027624 1.696024 -0.079054
v 0.024951 1.694917 -0.077415
v 0.022292 1.693815 -0.074216
v 0.020983 1.693273 -0.071694
v 0.020164 1.692934 -0.068889
v 0.019943 1.692842 -0.065957
v 0.020164 1.692934 -0.063025
v 0.022335 1.693833 -0.057682
v 0.026131 1.695405 -0.053601
v 0.031092 1.697460 -0.051493
v 0.031616 1.698572 -0.080429
v 0.028994 1.698572 -0.079826
v 0.027118 1.698572 -0.079054
v 0.024224 1.698572 -0.077415
v 0.021346 1.698572 -0.074216
v 0.019929 1.698572 -0.071694
v 0.019043 1.698572 -0.068889
v 0.018803 1.698572 -0.065957
v 0.019043 1.698572 -0.063025
v 0.021392 1.698572 -0.057682
v 0.025501 1.698572 -0.053601
v 0.030870 1.698572 -0.051493
v 0.033776 1.698572 -0.080638
v 0.031779 1.699399 -0.080429
v 0.029358 1.700402 -0.079826
v 0.027625 1.701120 -0.079054
v 0.024951 1.702227 -0.077415
v 0.022292 1.703329 -0.074216
v 0.020983 1.703871 -0.071694
v 0.020164 1.704210 -0.068889
v 0.019943 1.704302 -0.065957
v 0.020164 1.704210 -0.063025
v 0.022335 1.703311 -0.057682
v 0.026131 1.701739 -0.053601
v 0.031092 1.699684 -0.051493
v 0.032249 1.700100 -0.080429
v 0.030395 1.701953 -0.079826
v 0.029068 1.703280 -0.079054
v 0.027022 1.705326 -0.077415
v 0.024987 1.707361 -0.074216
v 0.023985 1.708363 -0.071694
v 0.023358 1.708990 -0.068889
v 0.023189 1.709159 -0.065957
v 0.023358 1.708990 -0.063025
v 0.025019 1.707329 -0.057682
v 0.027925 1.704423 -0.053601
v 0.031721 1.700627 -0.051493
v 0.032949 1.700569 -0.080429
v 0.031946 1.702990 -0.079826
v 0.031228 1.704723 -0.079054
v 0.030121 1.707397 -0.077415
v 0.029019 1.710056 -0.074216
v 0.028477 1.711365 -0.071694
v 0.028138 1.712184 -0.068889
v 0.028046 1.712405 -0.065957
v 0.028138 1.712184 -0.063025
v 0.029037 1.710013 -0.057682
v 0.030609 1.706217 -0.053601
v 0.032664 1.701257 -0.051493
v 0.033776 1.700732 -0.080429
v 0.033776 1.703354 -0.079826
v 0.033776 1.705230 -0.079054
v 0.033776 1.708124 -0.077415
v 0.033776 1.711002 -0.074216
v 0.033776 1.712419 -0.071694
v 0.033776 1.713305 -0.068889
v 0.033776 1.713545 -0.065957
v 0.033776 1.713305 -0.063025
v 0.033776 1.710956 -0.057682
v 0.033776 1.706847 -0.053601
v 0.033776 1.701478 -0.051493
v 0.036324 1.704723 -0.079054
v 0.038533 1.710056 -0.074216
v 0.039506 1.712405 -0.065957
vn -0.3918 0.3918 0.8325
vn -0.5839 0.5839 0.5640
vn -0.7629 0.3160 0.5641
vn -0.5119 0.2120 0.8325
vn -0.3519 0.8495 -0.3932
vn -0.3127 0.7549 -0.5764
vn -0.5778 0.5778 -0.5764
vn -0.6502 0.6502 -0.3932
vn -0.1339 0.1340 0.9819
vn -0.1777 0.0736 0.9813
vn -0.3757 0.9070 -0.1901
vn -0.6942 0.6942 -0.1900
vn -0.3827 0.9239 -0.0000
vn -0.7071 0.7071 -0.0000
vn -0.0000 -0.0000 -1.0000
vn -0.1652 -0.0000 -0.9863
vn -0.1557 0.0645 -0.9857
vn -0.1168 0.1168 -0.9863
vn -0.1894 -0.0000 0.9819
vn -0.0000 -0.0000 1.0000
vn -0.3757 0.9070 0.1900
vn -0.6942 0.6942 0.1900
vn -0.9071 0.3757 0.1901
vn -0.1698 0.4100 -0.8961
vn -0.1196 0.2888 -0.9499
vn -0.2211 0.2211 -0.9499
vn -0.3138 0.3138 -0.8961
vn -0.2442 0.5896 -0.7699
vn -0.4512 0.4512 -0.7699
vn -0.8257 -0.0000 0.5641
vn -0.5541 -0.0000 0.8325
vn -0.5896 0.2442 -0.7699
vn -0.7549 0.3127 -0.5764
vn -0.8495 0.3519 -0.3931
vn -0.9070 0.3757 -0.1901
vn -0.9239 0.3827 -0.0000
vn -0.1168 -0.1168 -0.9863
vn -0.1557 -0.0645 -0.9857
vn -0.1777 -0.0736 0.9813
vn -0.1340 -0.1340 0.9819
vn -0.0645 0.1557 -0.9857
vn -0.9818 -0.0000 0.1901
vn -0.2888 0.1196 -0.9499
vn -0.4100 0.1698 -0.8961
vn -1.0000 -0.0000 -0.0000
vn -0.9070 -0.3757 0.1900
vn -0.7629 -0.3160 0.5641
vn -0.3126 -0.0000 -0.9499
vn -0.4438 -0.0000 -0.8961
vn -0.5119 -0.2120 0.8325
vn -0.6382 -0.0000 -0.7699
vn -0.8171 -0.0000 -0.5764
vn -0.9195 -0.0000 -0.3931
vn -0.9818 -0.0000 -0.1901
vn -0.5896 -0.2442 -0.7699
vn -0.7549 -0.3127 -0.5764
vn -0.5839 -0.5839 0.5641
vn -0.3918 -0.3918 0.8325
vn -0.8495 -0.3519 -0.3932
vn -0.9070 -0.3757 -0.1901
vn -0.9239 -0.3827 -0.0000
vn -0.0000 -0.1652 -0.9863
vn -0.0645 -0.1557 -0.9857
vn -0.0736 -0.1777 0.9813
vn -0.0000 -0.1894 0.9819
vn -0.6942 -0.6943 0.1900
vn -0.2888 -0.1196 -0.9499
vn -0.4100 -0.1698 -0.8961
vn -0.7071 -0.7071 -0.0000
vn -0.3757 -0.9070 0.1900
vn -0.3160 -0.7629 0.5641
vn -0.2211 -0.2211 -0.9499
vn -0.3138 -0.3138 -0.8961
vn -0.2120 -0.5119 0.8325
vn -0.4512 -0.4513 -0.7699
vn -0.5778 -0.5778 -0.5764
vn -0.6502 -0.6502 -0.3932
vn -0.6942 -0.6942 -0.1900
vn -0.0000 -0.8257 0.5641
vn -0.0000 -0.5541 0.8325
vn -0.3127 -0.7549 -0.5764
vn -0.3519 -0.8495 -0.3932
vn -0.3757 -0.9070 -0.1900
vn -0.3827 -0.9239 -0.0000
vn 0.1168 -0.1168 -0.9863
vn 0.0645 -0.1557 -0.9857
vn 0.0736 -0.1777 0.9813
vn 0.1340 -0.1340 0.9819
vn -0.0000 -0.9818 0.1900
vn -0.1197 -0.2888 -0.9499
vn -0.1698 -0.4100 -0.8961
vn -0.2442 -0.5896 -0.7699
vn 0.3757 -0.9070 0.1900
vn 0.3160 -0.7629 0.5641
vn -0.0000 -0.3126 -0.9499
vn -0.0000 -0.4438 -0.8961
vn 0.2120 -0.5119 0.8325
vn -0.0000 -0.6382 -0.7699
vn -0.0000 -0.8171 -0.5764
vn -0.0000 -0.9195 -0.3931
vn -0.0000 -0.9818 -0.1901
vn -0.0000 -1.0000 -0.0000
vn 0.3127 -0.7549 -0.5764
vn 0.3519 -0.8495 -0.3932
vn 0.3918 -0.3918 0.8325
vn 0.3757 -0.9070 -0.1900
vn 0.3827 -0.9239 -0.0000
vn 0.1652 -0.0000 -0.9863
vn 0.1557 -0.0645 -0.9857
vn 0.1777 -0.0736 0.9813
vn 0.1894 -0.0000 0.9819
vn 0.6942 -0.6942 0.1900
vn 0.5839 -0.5839 0.5641
vn 0.1197 -0.2888 -0.9499
vn 0.1698 -0.4100 -0.8961
vn 0.2442 -0.5896 -0.7699
vn 0.9070 -0.3757 0.1900
vn 0.7629 -0.3160 0.5641
vn 0.2211 -0.2211 -0.9499
vn 0.3138 -0.3138 -0.8961
vn 0.5119 -0.2120 0.8325
vn 0.4512 -0.4513 -0.7699
vn 0.5778 -0.5778 -0.5764
vn 0.6502 -0.6502 -0.3932
vn 0.6942 -0.6942 -0.1900
vn 0.7071 -0.7071 -0.0000
vn 0.5541 -0.0000 0.8325
vn 0.8495 -0.3519 -0.3932
vn 0.9070 -0.3757 -0.1901
vn 0.9239 -0.3827 -0.0000
vn -0.0000 0.1652 -0.9863
vn 0.0645 0.1557 -0.9857
vn 0.1168 0.1168 -0.9863
vn 0.1777 0.0736 0.9813
vn 0.1339 0.1340 0.9819
vn 0.9818 -0.0000 0.1901
vn 0.8257 -0.0000 0.5641
vn 0.2888 -0.1196 -0.9499
vn 0.4100 -0.1698 -0.8961
vn 0.5896 -0.2442 -0.7699
vn 0.7549 -0.3127 -0.5764
vn 0.9070 0.3757 0.1901
vn 0.7629 0.3160 0.5641
vn 0.5119 0.2120 0.8325
vn 0.6382 -0.0000 -0.7699
vn 0.8171 -0.0000 -0.5764
vn 0.9195 -0.0000 -0.3931
vn 0.9818 -0.0000 -0.1901
vn 1.0000 -0.0000 -0.0000
vn 0.3126 -0.0000 -0.9499
vn 0.4438 -0.0000 -0.8961
vn 0.3918 0.3918 0.8325
vn 0.9070 0.3757 -0.1901
vn 0.9239 0.3827 -0.0000
vn 0.0736 0.1777 0.9813
vn -0.0000 0.1894 0.9819
vn 0.6942 0.6942 0.1900
vn 0.5839 0.5839 0.5641
vn 0.2888 0.1196 -0.9499
vn 0.4100 0.1698 -0.8961
vn 0.5896 0.2442 -0.7699
vn 0.7549 0.3127 -0.5764
vn 0.8495 0.3519 -0.3931
vn 0.3160 0.7629 0.5641
vn 0.2120 0.5119 0.8325
vn 0.4512 0.4512 -0.7699
vn 0.5778 0.5778 -0.5764
vn 0.6502 0.6502 -0.3932
vn 0.6942 0.6942 -0.1900
vn 0.7071 0.7071 -0.0000
vn 0.1557 0.0645 -0.9857
vn 0.3757 0.9071 0.1900
vn 0.2211 0.2211 -0.9499
vn 0.3138 0.3138 -0.8961
vn 0.3757 0.9070 -0.1901
vn 0.3827 0.9239 -0.0000
vn -0.0000 0.9818 0.1900
vn -0.0000 0.8257 0.5641
vn 0.1196 0.2888 -0.9499
vn 0.1698 0.4100 -0.8961
vn -0.0000 0.5541 0.8325
vn 0.2442 0.5896 -0.7699
vn 0.3127 0.7549 -0.5764
vn 0.3519 0.8495 -0.3932
vn -0.3160 0.7629 0.5641
vn -0.2120 0.5119 0.8325
vn -0.0000 0.6382 -0.7699
vn -0.0000 0.8171 -0.5764
vn -0.0000 0.9195 -0.3932
vn -0.0736 0.1777 0.9813
vn -0.0000 0.9818 -0.1901
vn -0.0000 1.0000 -0.0000
vn -0.0000 0.3126 -0.9499
vn -0.0000 0.4438 -0.8961
vn 0.3757 0.9070 0.1900
vn 0.9071 0.3757 0.1901
vn 0.4512 -0.4512 -0.7699
vn 0.1196 -0.2888 -0.9499
vn -0.6942 -0.6942 0.1900
vn -0.1196 -0.2888 -0.9499
vn -0.9070 0.3757 0.1901
vn -0.5839 0.5839 0.5641
vt 1.061843 0.532280
vt 1.112500 0.541829
vt 1.094930 0.585143
vt 1.052448 0.557185
vt 0.705800 0.632188
vt 0.663332 0.606092
vt 0.691278 0.534364
vt 0.739860 0.542243
vt 1.017170 0.524105
vt 1.013956 0.532459
vt 0.754765 0.663694
vt 0.798287 0.552428
vt 0.813792 0.699599
vt 0.863103 0.563395
vt 0.495865 0.498957
vt 0.518578 0.483129
vt 0.522942 0.493015
vt 0.523114 0.503816
vt 1.007675 0.538891
vt 0.994549 0.520026
vt 1.174352 0.481771
vt 1.214581 0.473969
vt 1.214581 0.559108
vt 1.175973 0.552338
vt 1.150138 0.618626
vt 0.571051 0.546876
vt 0.548330 0.532518
vt 0.557146 0.509895
vt 0.583407 0.514403
vt 0.609610 0.571535
vt 0.628239 0.522229
vt 1.062456 0.617643
vt 1.033966 0.576841
vt 0.627047 0.469872
vt 0.690261 0.457192
vt 0.738489 0.446329
vt 0.794696 0.433656
vt 0.860929 0.419943
vt 0.500734 0.471678
vt 0.510822 0.475592
vt 0.999462 0.542533
vt 0.990461 0.542739
vt 1.185540 0.640072
vt 0.519220 0.513889
vt 1.100072 0.671221
vt 0.556700 0.485633
vt 0.582843 0.479730
vt 1.125218 0.706805
vt 1.034036 0.701199
vt 1.020729 0.637219
vt 0.546964 0.463409
vt 0.568725 0.448127
vt 1.009070 0.587377
vt 0.605781 0.422349
vt 0.660065 0.385258
vt 0.700862 0.357193
vt 0.747921 0.325069
vt 0.804849 0.287093
vt 0.568616 0.385146
vt 0.603518 0.331959
vt 0.973352 0.639021
vt 0.982321 0.587518
vt 0.630903 0.289935
vt 0.663412 0.240544
vt 0.702065 0.183356
vt 0.479991 0.476223
vt 0.489898 0.471833
vt 0.982098 0.539371
vt 0.975716 0.533093
vt 1.042594 0.740570
vt 0.962162 0.702170
vt 0.529541 0.446506
vt 0.543986 0.423915
vt 0.955488 0.743452
vt 0.894345 0.675667
vt 0.929821 0.620612
vt 0.506892 0.437540
vt 0.511568 0.411060
vt 0.957105 0.578153
vt 0.519222 0.366032
vt 0.531824 0.302158
vt 0.540680 0.252294
vt 0.551690 0.195415
vt 0.565688 0.126932
vt 0.895071 0.588659
vt 0.938113 0.558997
vt 0.452992 0.302866
vt 0.442701 0.254541
vt 0.430235 0.195570
vt 0.416623 0.125925
vt 0.468578 0.494134
vt 0.472454 0.484017
vt 0.972104 0.524910
vt 0.971912 0.515920
vt 0.870779 0.712582
vt 0.841513 0.625543
vt 0.482490 0.437940
vt 0.476599 0.411640
vt 0.466863 0.367481
vt 0.813547 0.558329
vt 0.877581 0.544817
vt 0.460087 0.447731
vt 0.444761 0.425834
vt 0.926961 0.534428
vt 0.418202 0.388056
vt 0.380776 0.334911
vt 0.351880 0.292894
vt 0.318331 0.245196
vt 0.275567 0.184333
vt 0.807752 0.648781
vt 0.327388 0.392445
vt 0.284476 0.365445
vt 0.927152 0.507508
vt 0.233411 0.333716
vt 0.172577 0.297373
vt 0.473184 0.514833
vt 0.468780 0.504955
vt 0.975176 0.507553
vt 0.981405 0.501031
vt 0.770687 0.567153
vt 0.812980 0.485606
vt 0.875855 0.497625
vt 0.443210 0.465404
vt 0.420648 0.450868
vt 0.382388 0.426958
vt 0.839432 0.418970
vt 0.894313 0.454050
vt 0.434398 0.488158
vt 0.407807 0.483395
vt 0.936697 0.482568
vt 0.362839 0.475465
vt 0.298274 0.465144
vt 0.249025 0.456900
vt 0.192198 0.447782
vt 0.123536 0.437753
vt 0.772126 0.477115
vt 0.955184 0.463100
vt 0.252885 0.554150
vt 0.196621 0.566772
vt 0.130299 0.583153
vt 0.511707 0.521647
vt 0.501841 0.526025
vt 0.491042 0.526209
vt 0.989684 0.497503
vt 0.998683 0.497406
vt 0.805873 0.397035
vt 0.890655 0.368013
vt 0.927278 0.422056
vt 0.435072 0.512501
vt 0.408800 0.518450
vt 0.363833 0.528382
vt 0.301832 0.542702
vt 0.956866 0.339162
vt 0.969096 0.403214
vt 0.979937 0.453002
vt 0.385964 0.576566
vt 0.332690 0.613452
vt 0.292908 0.641804
vt 0.245506 0.674718
vt 0.190725 0.714358
vt 0.866493 0.332413
vt 0.444868 0.534720
vt 0.423151 0.550076
vt 1.006752 0.451993
vt 0.330518 0.757265
vt 0.295096 0.812356
vt 1.006989 0.500754
vt 1.013347 0.506994
vt 0.948951 0.300005
vt 1.028329 0.338925
vt 1.015383 0.402030
vt 0.462463 0.551403
vt 0.448126 0.573943
vt 0.424305 0.612448
vt 0.389192 0.666274
vt 0.362351 0.707383
vt 1.058759 0.418807
vt 1.031699 0.462211
vt 0.472882 0.630706
vt 0.461250 0.694476
vt 0.451564 0.743113
vt 0.441597 0.800315
vt 0.428325 0.867283
vt 1.035362 0.298514
vt 0.480959 0.522332
vt 1.094874 0.365361
vt 0.485020 0.560275
vt 0.480351 0.586495
vt 0.561292 0.798904
vt 0.574926 0.867283
vt 1.117136 0.330018
vt 1.146161 0.416094
vt 1.092965 0.451383
vt 0.509271 0.559684
vt 0.515103 0.585940
vt 1.050681 0.481105
vt 0.525017 0.630534
vt 0.538695 0.693047
vt 0.548546 0.742049
vt 1.112666 0.494613
vt 1.061977 0.505476
vt 0.572591 0.608665
vt 0.609508 0.661659
vt 0.638790 0.703608
vt 1.016954 0.515139
vt 0.671474 0.750328
vt 0.713232 0.809922
vt 1.182077 0.391637
vt 0.531469 0.549969
vt 0.546803 0.571723
s 1
usemtl MI_Eyes
f 6865/7445/6902 6864/7446/6903 6876/7447/6904 6877/7448/6905
f 6849/7449/6906 7038/7450/6907 6859/7451/6908 6860/7452/6909
f 6866/7453/6910 6865/7445/6902 6877/7448/6905 6878/7454/6911
f 6850/7455/6912 6849/7449/6906 6860/7452/6909 6861/7456/6913
f 7039/7457/6914 6850/7455/6912 6861/7456/6913 6862/7458/6915
f 6988/7459/6916 6879/7460/6917 6867/7461/6918 6855/7462/6919
f 6878/7454/6911 6890/7463/6920 6963/7464/6921 6866/7453/6910
f 6851/7465/6922 7039/7466/6914 6862/7467/6915 6863/7468/6923
f 6864/7446/6903 6863/7468/6923 6875/7469/6924 6876/7447/6904
f 7037/7470/6925 6847/7471/6926 6856/7472/6927 6857/7473/6928
f 7038/7450/6907 6848/7474/6929 6858/7475/6930 6859/7451/6908
f 6877/7448/6905 6876/7447/6904 6888/7476/6931 6889/7477/6932
f 6859/7451/6908 6858/7475/6930 6870/7478/6933 6871/7479/6934
f 6860/7452/6909 6859/7451/6908 6871/7479/6934 6872/7480/6935
f 6878/7454/6911 6877/7448/6905 6889/7477/6932 6890/7463/6920
f 6861/7456/6913 6860/7452/6909 6872/7480/6935 6873/7481/6936
f 6862/7458/6915 6861/7456/6913 6873/7481/6936 6874/7482/6937
f 6988/7459/6916 6903/7483/6938 6891/7484/6939 6879/7460/6917
f 6902/7485/6940 6914/7486/6941 6963/7464/6921 6890/7463/6920
f 6863/7468/6923 6862/7467/6915 6874/7487/6937 6875/7469/6924
f 6847/7471/6926 6846/7488/6942 6855/7462/6919 6856/7472/6927
f 6876/7447/6904 6875/7469/6924 6887/7489/6943 6888/7476/6931
f 6857/7473/6928 6856/7472/6927 6868/7490/6944 6869/7491/6945
f 6875/7469/6924 6874/7487/6937 6886/7492/6946 6887/7489/6943
f 6856/7472/6927 6855/7462/6919 6867/7461/6918 6868/7490/6944
f 6888/7476/6931 6887/7489/6943 6899/7493/6947 6900/7494/6948
f 6869/7491/6945 6868/7490/6944 6880/7495/6949 6881/7496/6950
f 6848/7474/6929 7037/7470/6925 6857/7473/6928 6858/7475/6930
f 6888/7476/6931 6900/7494/6948 6901/7497/6951 6889/7477/6932
f 6871/7479/6934 6870/7478/6933 6882/7498/6952 6883/7499/6953
f 6872/7480/6935 6871/7479/6934 6883/7499/6953 6884/7500/6954
f 6890/7463/6920 6889/7477/6932 6901/7497/6951 6902/7485/6940
f 6873/7481/6936 6872/7480/6935 6884/7500/6954 6885/7501/6955
f 6874/7482/6937 6873/7481/6936 6885/7501/6955 6886/7502/6946
f 6883/7499/6953 6882/7498/6952 6894/7503/6956 6895/7504/6957
f 6901/7497/6951 6900/7494/6948 6912/7505/6958 6913/7506/6959
f 6884/7500/6954 6883/7499/6953 6895/7504/6957 6896/7507/6960
f 6902/7485/6940 6901/7497/6951 6913/7506/6959 6914/7486/6941
f 6885/7501/6955 6884/7500/6954 6896/7507/6960 6897/7508/6961
f 6886/7502/6946 6885/7501/6955 6897/7508/6961 6898/7509/6962
f 6988/7459/6916 6927/7510/6963 6915/7511/6964 6903/7483/6938
f 6926/7512/6965 6938/7513/6966 6963/7464/6921 6914/7486/6941
f 6887/7489/6943 6886/7492/6946 6898/7514/6962 6899/7493/6947
f 6868/7490/6944 6867/7461/6918 6879/7460/6917 6880/7495/6949
f 6900/7494/6948 6899/7493/6947 6911/7515/6967 6912/7505/6958
f 6881/7496/6950 6880/7495/6949 6892/7516/6968 6893/7517/6969
f 6858/7475/6930 6857/7473/6928 6869/7491/6945 6870/7478/6933
f 6899/7493/6947 6898/7514/6962 6910/7518/6970 6911/7515/6967
f 6880/7495/6949 6879/7460/6917 6891/7484/6939 6892/7516/6968
f 6912/7505/6958 6911/7515/6967 6923/7519/6971 6924/7520/6972
f 6893/7517/6969 6892/7516/6968 6904/7521/6973 6905/7522/6974
f 6870/7478/6933 6869/7491/6945 6881/7496/6950 6882/7498/6952
f 6912/7505/6958 6924/7520/6972 6925/7523/6975 6913/7506/6959
f 6895/7504/6957 6894/7503/6956 6906/7524/6976 6907/7525/6977
f 6896/7507/6960 6895/7504/6957 6907/7525/6977 6908/7526/6978
f 6914/7486/6941 6913/7506/6959 6925/7523/6975 6926/7512/6965
f 6897/7508/6961 6896/7507/6960 6908/7526/6978 6909/7527/6979
f 6898/7509/6962 6897/7508/6961 6909/7527/6979 6910/7528/6970
f 6925/7523/6975 6924/7520/6972 6936/7529/6980 6937/7530/6981
f 6908/7526/6978 6907/7525/6977 6919/7531/6982 6920/7532/6983
f 6926/7512/6965 6925/7523/6975 6937/7530/6981 6938/7513/6966
f 6909/7527/6979 6908/7526/6978 6920/7532/6983 6921/7533/6984
f 6910/7528/6970 6909/7527/6979 6921/7533/6984 6922/7534/6985
f 6988/7459/6916 6951/7535/6986 6939/7536/6987 6927/7510/6963
f 6950/7537/6988 6962/7538/6989 6963/7464/6921 6938/7513/6966
f 6911/7515/6967 6910/7518/6970 6922/7539/6985 6923/7519/6971
f 6892/7516/6968 6891/7484/6939 6903/7483/6938 6904/7521/6973
f 6924/7520/6972 6923/7519/6971 6935/7540/6990 6936/7529/6980
f 6905/7522/6974 6904/7521/6973 6916/7541/6991 6917/7542/6992
f 6882/7498/6952 6881/7496/6950 6893/7517/6969 6894/7503/6956
f 6907/7525/6977 6906/7524/6976 6918/7543/6993 6919/7531/6982
f 6904/7521/6973 6903/7483/6938 6915/7511/6964 6916/7541/6991
f 6936/7529/6980 6935/7540/6990 6947/7544/6994 6948/7545/6995
f 6917/7542/6992 6916/7541/6991 6928/7546/6996 6929/7547/6997
f 6894/7503/6956 6893/7517/6969 6905/7522/6974 6906/7524/6976
f 6937/7530/6981 6936/7529/6980 6948/7545/6995 6949/7548/6998
f 6919/7531/6982 6918/7543/6993 6930/7549/6999 6931/7550/7000
f 6920/7532/6983 6919/7531/6982 6931/7550/7000 6932/7551/7001
f 6938/7513/6966 6937/7530/6981 6949/7548/6998 6950/7537/6988
f 6921/7533/6984 6920/7532/6983 6932/7551/7001 6933/7552/7002
f 6922/7534/6985 6921/7533/6984 6933/7552/7002 6934/7553/7003
f 6923/7519/6971 6922/7539/6985 6934/7554/7003 6935/7540/6990
f 6932/7551/7001 6931/7550/7000 6943/7555/7004 6944/7556/7005
f 6950/7537/6988 6949/7548/6998 6961/7557/7006 6962/7538/6989
f 6933/7552/7002 6932/7551/7001 6944/7556/7005 6945/7558/7007
f 6934/7553/7003 6933/7552/7002 6945/7558/7007 6946/7559/7008
f 6988/7459/6916 6976/7560/7009 6964/7561/7010 6951/7535/6986
f 6975/7562/7011 6987/7563/7012 6963/7464/6921 6962/7538/6989
f 6935/7540/6990 6934/7554/7003 6946/7564/7008 6947/7544/6994
f 6916/7541/6991 6915/7511/6964 6927/7510/6963 6928/7546/6996
f 6948/7545/6995 6947/7544/6994 6959/7565/7013 6960/7566/7014
f 6929/7547/6997 6928/7546/6996 6940/7567/7015 6941/7568/7016
f 6906/7524/6976 6905/7522/6974 6917/7542/6992 6918/7543/6993
f 6949/7548/6998 6948/7545/6995 6960/7566/7014 6961/7557/7006
f 6931/7550/7000 6930/7549/6999 6942/7569/7017 6943/7555/7004
f 6960/7566/7014 6959/7565/7013 6972/7570/7018 6973/7571/7019
f 6941/7568/7016 6940/7567/7015 6952/7572/7020 6953/7573/7021
f 6918/7543/6993 6917/7542/6992 6929/7547/6997 6930/7549/6999
f 6961/7557/7006 6960/7566/7014 6973/7571/7019 6974/7574/7022
f 6943/7555/7004 6942/7569/7017 6954/7575/7023 6955/7576/7024
f 6944/7556/7005 6943/7555/7004 6955/7576/7024 6956/7577/7025
f 6962/7538/6989 6961/7557/7006 6974/7574/7022 6975/7562/7011
f 6945/7558/7007 6944/7556/7005 6956/7577/7025 6957/7578/7026
f 6946/7559/7008 6945/7558/7007 6957/7578/7026 6958/7579/7027
f 6947/7544/6994 6946/7564/7008 6958/7580/7027 6959/7565/7013
f 6928/7546/6996 6927/7510/6963 6939/7536/6987 6940/7567/7015
f 6975/7562/7011 6974/7574/7022 6986/7581/7028 6987/7563/7012
f 6957/7578/7026 6956/7577/7025 6969/7582/7029 6970/7583/7030
f 6958/7579/7027 6957/7578/7026 6970/7583/7030 6971/7584/7031
f 6988/7459/6916 7025/7585/7032 7013/7586/7033 7001/7587/7034
f 7000/7588/7035 7012/7589/7036 6963/7464/6921 6987/7563/7012
f 6959/7565/7013 6958/7580/7027 6971/7590/7031 6972/7570/7018
f 6940/7567/7015 6939/7536/6987 6951/7535/6986 6952/7572/7020
f 6972/7570/7018 6984/7591/7037 6985/7592/7038 6973/7571/7019
f 6953/7573/7021 6952/7572/7020 6965/7593/7039 6966/7594/7040
f 6930/7549/6999 6929/7547/6997 6941/7568/7016 6942/7569/7017
f 6974/7574/7022 6973/7571/7019 6985/7592/7038 6986/7581/7028
f 6955/7576/7024 6954/7575/7023 6967/7595/7041 6968/7596/7042
f 6956/7577/7025 6955/7576/7024 6968/7596/7042 6969/7582/7029
f 6985/7592/7038 6984/7591/7037 6997/7597/7043 6998/7598/7044
f 6942/7569/7017 6941/7568/7016 6953/7573/7021 6954/7575/7023
f 6986/7581/7028 6985/7592/7038 6998/7598/7044 6999/7599/7045
f 6968/7596/7042 6967/7595/7041 6979/7600/7046 6980/7601/7047
f 6969/7582/7029 6968/7596/7042 6980/7601/7047 6981/7602/7048
f 6986/7581/7028 6999/7599/7045 7000/7588/7035 6987/7563/7012
f 6970/7583/7030 6969/7582/7029 6981/7602/7048 6982/7603/7049
f 6971/7584/7031 6970/7583/7030 6982/7603/7049 6983/7604/7050
f 6972/7570/7018 6971/7590/7031 6983/7605/7050 6984/7591/7037
f 6952/7572/7020 6951/7535/6986 6964/7561/7010 6965/7593/7039
f 6966/7594/7040 6965/7593/7039 6977/7606/7051 6978/7607/7052
f 7000/7588/7035 6999/7599/7045 7011/7608/7053 7012/7589/7036
f 6983/7604/7050 6982/7603/7049 6995/7609/7054 6996/7610/7055
f 7025/7585/7032 6988/7459/6916 6855/7462/6919 6846/7488/6942
f 7024/7611/7056 7036/7612/7057 6963/7464/6921 7012/7589/7036
f 6984/7591/7037 6983/7605/7050 6996/7613/7055 6997/7597/7043
f 6965/7593/7039 6964/7561/7010 6976/7560/7009 6977/7606/7051
f 6998/7598/7044 6997/7597/7043 7009/7614/7058 7010/7615/7059
f 6978/7607/7052 6977/7606/7051 6990/7616/7060 6991/7617/7061
f 6954/7575/7023 6953/7573/7021 6966/7594/7040 6967/7595/7041
f 6999/7599/7045 6998/7598/7044 7010/7615/7059 7011/7608/7053
f 6980/7601/7047 6979/7600/7046 6992/7618/7062 6993/7619/7063
f 6981/7602/7048 6980/7601/7047 6993/7619/7063 6994/7620/7064
f 6982/7603/7049 6981/7602/7048 6994/7620/7064 6995/7609/7054
f 6967/7595/7041 6966/7594/7040 6978/7607/7052 6979/7600/7046
f 7011/7608/7053 7010/7615/7059 7022/7621/7065 7023/7622/7066
f 6993/7619/7063 6992/7618/7062 7004/7623/7067 7005/7624/7068
f 6994/7620/7064 6993/7619/7063 7005/7624/7068 7006/7625/7069
f 7012/7589/7036 7011/7608/7053 7023/7622/7066 7024/7611/7056
f 6995/7609/7054 6994/7620/7064 7006/7625/7069 7007/7626/7070
f 6996/7610/7055 6995/7609/7054 7007/7626/7070 7008/7627/7071
f 6997/7597/7043 6996/7613/7055 7008/7628/7071 7009/7614/7058
f 6977/7606/7051 6976/7560/7009 6989/7629/7072 6990/7616/7060
f 7010/7615/7059 7009/7614/7058 7021/7630/7073 7022/7621/7065
f 6991/7617/7061 6990/7616/7060 7002/7631/7074 7003/7632/7075
f 7008/7627/7071 7007/7626/7070 7019/7633/7076 7020/7634/7077
f 7009/7614/7058 7008/7628/7071 7020/7635/7077 7021/7630/7073
f 6990/7616/7060 6989/7629/7072 7001/7587/7034 7002/7631/7074
f 7022/7621/7065 7021/7630/7073 7033/7636/7078 7034/7637/7079
f 7003/7632/7075 7002/7631/7074 7014/7638/7080 7015/7639/7081
f 6979/7600/7046 6978/7607/7052 6991/7617/7061 6992/7618/7062
f 7023/7622/7066 7022/7621/7065 7034/7637/7079 7035/7640/7082
f 7005/7624/7068 7004/7623/7067 7016/7641/7083 7017/7642/7084
f 7006/7625/7069 7005/7624/7068 7017/7642/7084 7018/7643/7085
f 7024/7611/7056 7023/7622/7066 7035/7640/7082 7036/7612/7057
f 7007/7626/7070 7006/7625/7069 7018/7643/7085 7019/7633/7076
f 7035/7640/7082 7034/7637/7079 6852/7644/7086 6853/7645/7087
f 7017/7642/7084 7016/7641/7083 7028/7646/7088 7029/7647/7089
f 7018/7643/7085 7017/7642/7084 7029/7647/7089 7030/7648/7090
f 7036/7612/7057 7035/7640/7082 6853/7645/7087 6854/7649/7091
f 7019/7633/7076 7018/7643/7085 7030/7648/7090 7031/7650/7092
f 7020/7634/7077 7019/7633/7076 7031/7650/7092 7032/7651/7093
f 7021/7630/7073 7020/7635/7077 7032/7652/7093 7033/7636/7078
f 7002/7631/7074 7001/7587/7034 7013/7586/7033 7014/7638/7080
f 7034/7637/7079 7033/7636/7078 6851/7465/6922 6852/7644/7086
f 7015/7639/7081 7014/7638/7080 7026/7653/7094 7027/7654/7095
f 6992/7618/7062 6991/7617/7061 7003/7632/7075 7004/7623/7067
f 7033/7636/7078 7032/7652/7093 7039/7466/6914 6851/7465/6922
f 7014/7638/7080 7013/7586/7033 7025/7585/7032 7026/7653/7094
f 7027/7654/7095 7026/7653/7094 6847/7471/6926 7037/7470/6925
f 7004/7623/7067 7003/7632/7075 7015/7639/7081 7016/7641/7083
f 7029/7647/7089 7028/7646/7088 6848/7474/6929 7038/7450/6907
f 7030/7648/7090 7029/7647/7089 7038/7450/6907 6849/7449/6906
f 7031/7650/7092 7030/7648/7090 6849/7449/6906 6850/7455/6912
f 7032/7651/7093 7031/7650/7092 6850/7455/6912 7039/7457/6914
f 6988/7459/6916 7001/7587/7034 6989/7629/7072 6976/7560/7009
f 6963/7464/6921 7036/7612/7057 6854/7649/7091 6866/7453/6910
f 7026/7653/7094 7025/7585/7032 6846/7488/6942 6847/7471/6926
f 7016/7641/7083 7015/7639/7081 7027/7654/7095 7028/7646/7088
f 7028/7646/7088 7027/7654/7095 7037/7470/6925 6848/7474/6929
f 6853/7645/7087 6852/7644/7086 6864/7446/6903 6865/7445/6902
f 6854/7649/7091 6853/7645/7087 6865/7445/6902 6866/7453/6910
f 6852/7644/7086 6851/7465/6922 6863/7468/6923 6864/7446/6903
f 7059/7445/7053 7071/7448/7045 7070/7447/7044 7058/7446/7059
f 7043/7449/7085 7054/7452/7069 7053/7451/7068 7232/7450/7084
f 7060/7453/7036 7072/7454/7035 7071/7448/7045 7059/7445/7053
f 7044/7455/7076 7055/7456/7070 7054/7452/7069 7043/7449/7085
f 7233/7457/7077 7056/7458/7071 7055/7456/7070 7044/7455/7076
f 7182/7459/6916 7049/7462/7034 7061/7461/7072 7073/7460/7009
f 7072/7454/7035 7060/7453/7036 7157/7464/6921 7084/7463/7012
f 7045/7465/7096 7057/7468/7058 7056/7467/7071 7233/7466/7077
f 7058/7446/7059 7070/7447/7044 7069/7469/7097 7057/7468/7058
f 7231/7470/7081 7051/7473/7075 7050/7472/7074 7041/7471/7080
f 7232/7450/7084 7053/7451/7068 7052/7475/7067 7042/7474/7083
f 7071/7448/7045 7083/7477/7028 7082/7476/7038 7070/7447/7044
f 7053/7451/7068 7065/7479/7063 7064/7478/7062 7052/7475/7067
f 7054/7452/7069 7066/7480/7064 7065/7479/7063 7053/7451/7068
f 7072/7454/7035 7084/7463/7012 7083/7477/7028 7071/7448/7045
f 7055/7456/7070 7067/7481/7054 7066/7480/7064 7054/7452/7069
f 7056/7458/7071 7068/7482/7055 7067/7481/7054 7055/7456/7070
f 7182/7459/6916 7073/7460/7009 7085/7484/7010 7097/7483/6986
f 7096/7485/7011 7084/7463/7012 7157/7464/6921 7108/7486/6989
f 7057/7468/7058 7069/7469/7097 7068/7487/7055 7056/7467/7071
f 7041/7471/7080 7050/7472/7074 7049/7462/7034 7040/7488/7033
f 7070/7447/7044 7082/7476/7038 7081/7489/7037 7069/7469/7097
f 7051/7473/7075 7063/7491/7061 7062/7490/7060 7050/7472/7074
f 7069/7469/7097 7081/7489/7037 7080/7492/7050 7068/7487/7055
f 7050/7472/7074 7062/7490/7060 7061/7461/7072 7049/7462/7034
f 7082/7476/7038 7094/7494/7019 7093/7493/7018 7081/7489/7037
f 7063/7491/7061 7075/7496/7052 7074/7495/7051 7062/7490/7060
f 7042/7474/7083 7052/7475/7067 7051/7473/7075 7231/7470/7081
f 7082/7476/7038 7083/7477/7028 7095/7497/7022 7094/7494/7019
f 7065/7479/7063 7077/7499/7047 7076/7498/7046 7064/7478/7062
f 7066/7480/7064 7078/7500/7048 7077/7499/7047 7065/7479/7063
f 7084/7463/7012 7096/7485/7011 7095/7497/7022 7083/7477/7028
f 7067/7481/7054 7079/7501/7049 7078/7500/7048 7066/7480/7064
f 7068/7482/7055 7080/7502/7050 7079/7501/7049 7067/7481/7054
f 7077/7499/7047 7089/7504/7042 7088/7503/7041 7076/7498/7046
f 7095/7497/7022 7107/7506/7006 7106/7505/7014 7094/7494/7019
f 7078/7500/7048 7090/7507/7029 7089/7504/7042 7077/7499/7047
f 7096/7485/7011 7108/7486/6989 7107/7506/7006 7095/7497/7022
f 7079/7501/7049 7091/7508/7030 7090/7507/7029 7078/7500/7048
f 7080/7502/7050 7092/7509/7031 7091/7508/7030 7079/7501/7049
f 7182/7459/6916 7097/7483/6986 7109/7511/6987 7121/7510/6963
f 7120/7512/6988 7108/7486/6989 7157/7464/6921 7132/7513/6966
f 7081/7489/7037 7093/7493/7018 7092/7514/7031 7080/7492/7050
f 7062/7490/7060 7074/7495/7051 7073/7460/7009 7061/7461/7072
f 7094/7494/7019 7106/7505/7014 7105/7515/7013 7093/7493/7018
f 7075/7496/7052 7087/7517/7040 7086/7516/7039 7074/7495/7051
f 7052/7475/7067 7064/7478/7062 7063/7491/7061 7051/7473/7075
f 7093/7493/7018 7105/7515/7013 7104/7518/7027 7092/7514/7031
f 7074/7495/7051 7086/7516/7039 7085/7484/7010 7073/7460/7009
f 7106/7505/7014 7118/7520/6995 7117/7519/6994 7105/7515/7013
f 7087/7517/7040 7099/7522/7021 7098/7521/7020 7086/7516/7039
f 7064/7478/7062 7076/7498/7046 7075/7496/7052 7063/7491/7061
f 7106/7505/7014 7107/7506/7006 7119/7523/6998 7118/7520/6995
f 7089/7504/7042 7101/7525/7024 7100/7524/7098 7088/7503/7041
f 7090/7507/7029 7102/7526/7025 7101/7525/7024 7089/7504/7042
f 7108/7486/6989 7120/7512/6988 7119/7523/6998 7107/7506/7006
f 7091/7508/7030 7103/7527/7026 7102/7526/7025 7090/7507/7029
f 7092/7509/7031 7104/7528/7027 7103/7527/7026 7091/7508/7030
f 7119/7523/6998 7131/7530/6981 7130/7529/6980 7118/7520/6995
f 7102/7526/7025 7114/7532/7005 7113/7531/7004 7101/7525/7024
f 7120/7512/6988 7132/7513/6966 7131/7530/6981 7119/7523/6998
f 7103/7527/7026 7115/7533/7007 7114/7532/7005 7102/7526/7025
f 7104/7528/7027 7116/7534/7008 7115/7533/7007 7103/7527/7026
f 7182/7459/6916 7121/7510/6963 7133/7536/6964 7145/7535/6938
f 7144/7537/6965 7132/7513/6966 7157/7464/6921 7156/7538/6941
f 7105/7515/7013 7117/7519/6994 7116/7539/7008 7104/7518/7027
f 7086/7516/7039 7098/7521/7020 7097/7483/6986 7085/7484/7010
f 7118/7520/6995 7130/7529/6980 7129/7540/6990 7117/7519/6994
f 7099/7522/7021 7111/7542/7016 7110/7541/7099 7098/7521/7020
f 7076/7498/7046 7088/7503/7041 7087/7517/7040 7075/7496/7052
f 7101/7525/7024 7113/7531/7004 7112/7543/7017 7100/7524/7098
f 7098/7521/7020 7110/7541/7099 7109/7511/6987 7097/7483/6986
f 7130/7529/6980 7142/7545/6972 7141/7544/6971 7129/7540/6990
f 7111/7542/7016 7123/7547/6997 7122/7546/6996 7110/7541/7099
f 7088/7503/7041 7100/7524/7098 7099/7522/7021 7087/7517/7040
f 7131/7530/6981 7143/7548/6975 7142/7545/6972 7130/7529/6980
f 7113/7531/7004 7125/7550/7000 7124/7549/6999 7112/7543/7017
f 7114/7532/7005 7126/7551/7001 7125/7550/7000 7113/7531/7004
f 7132/7513/6966 7144/7537/6965 7143/7548/6975 7131/7530/6981
f 7115/7533/7007 7127/7552/7002 7126/7551/7001 7114/7532/7005
f 7116/7534/7008 7128/7553/7003 7127/7552/7002 7115/7533/7007
f 7117/7519/6994 7129/7540/6990 7128/7554/7003 7116/7539/7008
f 7126/7551/7001 7138/7556/6983 7137/7555/6982 7125/7550/7000
f 7144/7537/6965 7156/7538/6941 7155/7557/6959 7143/7548/6975
f 7127/7552/7002 7139/7558/6984 7138/7556/6983 7126/7551/7001
f 7128/7553/7003 7140/7559/6985 7139/7558/6984 7127/7552/7002
f 7182/7459/6916 7145/7535/6938 7158/7561/6939 7170/7560/6917
f 7169/7562/6940 7156/7538/6941 7157/7464/6921 7181/7563/6920
f 7129/7540/6990 7141/7544/6971 7140/7564/6985 7128/7554/7003
f 7110/7541/7099 7122/7546/6996 7121/7510/6963 7109/7511/6987
f 7142/7545/6972 7154/7566/6958 7153/7565/7100 7141/7544/6971
f 7123/7547/6997 7135/7568/6992 7134/7567/7101 7122/7546/6996
f 7100/7524/7098 7112/7543/7017 7111/7542/7016 7099/7522/7021
f 7143/7548/6975 7155/7557/6959 7154/7566/6958 7142/7545/6972
f 7125/7550/7000 7137/7555/6982 7136/7569/6993 7124/7549/6999
f 7154/7566/6958 7167/7571/6948 7166/7570/6947 7153/7565/7100
f 7135/7568/6992 7147/7573/6974 7146/7572/6973 7134/7567/7101
f 7112/7543/7017 7124/7549/6999 7123/7547/6997 7111/7542/7016
f 7155/7557/6959 7168/7574/6951 7167/7571/6948 7154/7566/6958
f 7137/7555/6982 7149/7576/6977 7148/7575/6976 7136/7569/6993
f 7138/7556/6983 7150/7577/6978 7149/7576/6977 7137/7555/6982
f 7156/7538/6941 7169/7562/6940 7168/7574/6951 7155/7557/6959
f 7139/7558/6984 7151/7578/6979 7150/7577/6978 7138/7556/6983
f 7140/7559/6985 7152/7579/6970 7151/7578/6979 7139/7558/6984
f 7141/7544/6971 7153/7565/7100 7152/7580/6970 7140/7564/6985
f 7122/7546/6996 7134/7567/7101 7133/7536/6964 7121/7510/6963
f 7169/7562/6940 7181/7563/6920 7180/7581/6932 7168/7574/6951
f 7151/7578/6979 7164/7583/6961 7163/7582/6960 7150/7577/6978
f 7152/7579/6970 7165/7584/6962 7164/7583/6961 7151/7578/6979
f 7182/7459/6916 7195/7587/6919 7207/7586/6942 7219/7585/7032
f 7194/7588/6911 7181/7563/6920 7157/7464/6921 7206/7589/6910
f 7153/7565/7100 7166/7570/6947 7165/7590/6962 7152/7580/6970
f 7134/7567/7101 7146/7572/6973 7145/7535/6938 7133/7536/6964
f 7166/7570/6947 7167/7571/6948 7179/7592/6931 7178/7591/6943
f 7147/7573/6974 7160/7594/6969 7159/7593/6968 7146/7572/6973
f 7124/7549/6999 7136/7569/6993 7135/7568/6992 7123/7547/6997
f 7168/7574/6951 7180/7581/6932 7179/7592/6931 7167/7571/6948
f 7149/7576/6977 7162/7596/6957 7161/7595/6956 7148/7575/6976
f 7150/7577/6978 7163/7582/6960 7162/7596/6957 7149/7576/6977
f 7179/7592/6931 7192/7598/6904 7191/7597/7102 7178/7591/6943
f 7136/7569/6993 7148/7575/6976 7147/7573/6974 7135/7568/6992
f 7180/7581/6932 7193/7599/6905 7192/7598/6904 7179/7592/6931
f 7162/7596/6957 7174/7601/6953 7173/7600/6952 7161/7595/6956
f 7163/7582/6960 7175/7602/6954 7174/7601/6953 7162/7596/6957
f 7180/7581/6932 7181/7563/6920 7194/7588/6911 7193/7599/6905
f 7164/7583/6961 7176/7603/6955 7175/7602/6954 7163/7582/6960
f 7165/7584/6962 7177/7604/6946 7176/7603/6955 7164/7583/6961
f 7166/7570/6947 7178/7591/6943 7177/7605/6946 7165/7590/6962
f 7146/7572/6973 7159/7593/6968 7158/7561/6939 7145/7535/6938
f 7160/7594/6969 7172/7607/6950 7171/7606/6949 7159/7593/6968
f 7194/7588/6911 7206/7589/6910 7205/7608/6902 7193/7599/6905
f 7177/7604/6946 7190/7610/6937 7189/7609/6936 7176/7603/6955
f 7219/7585/7032 7040/7488/7033 7049/7462/7034 7182/7459/6916
f 7218/7611/7091 7206/7589/6910 7157/7464/6921 7230/7612/7057
f 7178/7591/6943 7191/7597/7102 7190/7613/6937 7177/7605/6946
f 7159/7593/6968 7171/7606/6949 7170/7560/6917 7158/7561/6939
f 7192/7598/6904 7204/7615/7103 7203/7614/6923 7191/7597/7102
f 7172/7607/6950 7185/7617/6945 7184/7616/6944 7171/7606/6949
f 7148/7575/6976 7161/7595/6956 7160/7594/6969 7147/7573/6974
f 7193/7599/6905 7205/7608/6902 7204/7615/7103 7192/7598/6904
f 7174/7601/6953 7187/7619/6934 7186/7618/6933 7173/7600/6952
f 7175/7602/6954 7188/7620/6935 7187/7619/6934 7174/7601/6953
f 7176/7603/6955 7189/7609/6936 7188/7620/6935 7175/7602/6954
f 7161/7595/6956 7173/7600/6952 7172/7607/6950 7160/7594/6969
f 7205/7608/6902 7217/7622/7087 7216/7621/7086 7204/7615/7103
f 7187/7619/6934 7199/7624/6908 7198/7623/6930 7186/7618/6933
f 7188/7620/6935 7200/7625/6909 7199/7624/6908 7187/7619/6934
f 7206/7589/6910 7218/7611/7091 7217/7622/7087 7205/7608/6902
f 7189/7609/6936 7201/7626/6913 7200/7625/6909 7188/7620/6935
f 7190/7610/6937 7202/7627/6915 7201/7626/6913 7189/7609/6936
f 7191/7597/7102 7203/7614/6923 7202/7628/6915 7190/7613/6937
f 7171/7606/6949 7184/7616/6944 7183/7629/6918 7170/7560/6917
f 7204/7615/7103 7216/7621/7086 7215/7630/6922 7203/7614/6923
f 7185/7617/6945 7197/7632/6928 7196/7631/6927 7184/7616/6944
f 7202/7627/6915 7214/7634/6914 7213/7633/6912 7201/7626/6913
f 7203/7614/6923 7215/7630/6922 7214/7635/6914 7202/7628/6915
f 7184/7616/6944 7196/7631/6927 7195/7587/6919 7183/7629/6918
f 7216/7621/7086 7228/7637/7079 7227/7636/7078 7215/7630/6922
f 7197/7632/6928 7209/7639/6925 7208/7638/6926 7196/7631/6927
f 7173/7600/6952 7186/7618/6933 7185/7617/6945 7172/7607/6950
f 7217/7622/7087 7229/7640/7082 7228/7637/7079 7216/7621/7086
f 7199/7624/6908 7211/7642/6907 7210/7641/6929 7198/7623/6930
f 7200/7625/6909 7212/7643/6906 7211/7642/6907 7199/7624/6908
f 7218/7611/7091 7230/7612/7057 7229/7640/7082 7217/7622/7087
f 7201/7626/6913 7213/7633/6912 7212/7643/6906 7200/7625/6909
f 7229/7640/7082 7047/7645/7066 7046/7644/7065 7228/7637/7079
f 7211/7642/6907 7223/7647/7089 7222/7646/7088 7210/7641/6929
f 7212/7643/6906 7224/7648/7090 7223/7647/7089 7211/7642/6907
f 7230/7612/7057 7048/7649/7056 7047/7645/7066 7229/7640/7082
f 7213/7633/6912 7225/7650/7092 7224/7648/7090 7212/7643/6906
f 7214/7634/6914 7226/7651/7093 7225/7650/7092 7213/7633/6912
f 7215/7630/6922 7227/7636/7078 7226/7652/7093 7214/7635/6914
f 7196/7631/6927 7208/7638/6926 7207/7586/6942 7195/7587/6919
f 7228/7637/7079 7046/7644/7065 7045/7465/7096 7227/7636/7078
f 7209/7639/6925 7221/7654/7095 7220/7653/7094 7208/7638/6926
f 7186/7618/6933 7198/7623/6930 7197/7632/6928 7185/7617/6945
f 7227/7636/7078 7045/7465/7096 7233/7466/7077 7226/7652/7093
f 7208/7638/6926 7220/7653/7094 7219/7585/7032 7207/7586/6942
f 7221/7654/7095 7231/7470/7081 7041/7471/7080 7220/7653/7094
f 7198/7623/6930 7210/7641/6929 7209/7639/6925 7197/7632/6928
f 7223/7647/7089 7232/7450/7084 7042/7474/7083 7222/7646/7088
f 7224/7648/7090 7043/7449/7085 7232/7450/7084 7223/7647/7089
f 7225/7650/7092 7044/7455/7076 7043/7449/7085 7224/7648/7090
f 7226/7651/7093 7233/7457/7077 7044/7455/7076 7225/7650/7092
f 7182/7459/6916 7170/7560/6917 7183/7629/6918 7195/7587/6919
f 7157/7464/6921 7060/7453/7036 7048/7649/7056 7230/7612/7057
f 7220/7653/7094 7041/7471/7080 7040/7488/7033 7219/7585/7032
f 7210/7641/6929 7222/7646/7088 7221/7654/7095 7209/7639/6925
f 7222/7646/7088 7042/7474/7083 7231/7470/7081 7221/7654/7095
f 7047/7645/7066 7059/7445/7053 7058/7446/7059 7046/7644/7065
f 7048/7649/7056 7060/7453/7036 7059/7445/7053 7047/7645/7066
f 7046/7644/7065 7058/7446/7059 7057/7468/7058 7045/7465/7096
